time_s,qpos_0,qpos_1,qpos_2,qpos_3,qpos_4,qpos_5,qpos_6,qpos_7,qpos_8,qpos_9,qpos_10,qpos_11,qpos_12,qpos_13,qpos_14,qpos_15,qpos_16,qpos_17,qpos_18,qvel_0,qvel_1,qvel_2,qvel_3,qvel_4,qvel_5,qvel_6,qvel_7,qvel_8,qvel_9,qvel_10,qvel_11,qvel_12,qvel_13,qvel_14,qvel_15,qvel_16,qvel_17
0.002,20.33673095707077,24.048252105712923,0.8409607858899374,1.0,-4.499812709043982e-12,8.883076764565347e-10,1.739675919603984e-13,-0.09999999950349846,7.281619972743236e-11,-5.8119263756262195e-11,0.3000000068492162,-0.1999999999764139,-4.8836410727132125e-12,-0.09999999950353931,-6.659194379365907e-11,4.202955582144341e-11,0.3000000068489467,-0.19999999997610982,5.560122434101873e-12,1.9761061196771144e-08,1.6745897352734438e-11,-0.019607621275427665,-4.499812709043982e-09,8.883076764565346e-07,1.7396759196039837e-10,9.933088299511894e-07,3.640809986371618e-08,-2.90596318781311e-08,-2.535856382454682e-06,1.5019091686951925e-06,-2.441820536356606e-09,9.9328840469326e-07,-3.3295971896829534e-08,2.1014777910721704e-08,-2.53599114398817e-06,1.5020612138307854e-06,2.7800612170509366e-09
0.052000000000000005,20.335433395380615,24.050025052150602,0.8273784789610067,0.9999764459475391,0.005468268364588273,0.004058827311442803,0.0008552847928648046,-0.1303292785049414,-0.0078940975210959,0.02560462767775652,0.3539405264485431,-0.20724072081683464,0.011255700004349946,-0.10901786296976963,-0.0380029282943023,-0.014525758800536933,0.2847965469184448,-0.15539634542592967,0.03757008389619902,-0.028961862802816665,0.031151822436638936,-0.4688462603885268,0.14347099846185996,0.18354782430078803,0.16225780334736611,-0.939291079960141,-0.19378843050457675,0.22894900506542806,1.8006838646586785,0.866177632769472,-0.3801268884240737,0.19900775271503487,-0.3031370775932923,0.374752192817829,-0.4224347014238222,-3.284680741701528,0.5843292822586004
0.10200000000000001,20.33300207993529,24.05170706591846,0.8175422253156924,0.9999360852828337,-0.0020587167202480126,0.011114309402185938,0.00024323079471443016,-0.16569222790239696,0.009432739379967236,0.03162651246821437,0.3978740741721924,-0.2580063711817893,0.0017563700487661406,-0.1777566701125204,-0.023654913899763312,-0.010728374009572718,0.3935750197758898,-0.24169880556416415,0.03896887378758797,-0.030083663267888763,0.06443874041475296,-0.019410154842793285,-0.05063285341190835,0.1402048834954577,-0.02463642478256915,-0.6687439574070958,-0.022013301682480623,0.035796515738153054,1.0073510534078798,-0.5307784906092531,0.14866958256894772,-1.0201472692326536,-0.014453994902543732,0.19938501774036507,1.63730633683028,-0.3524003105445125,0.17030045498593643
0.152,20.330974227778135,24.05375920677265,0.8168297934689699,0.9998656145337121,-0.0006090208781506165,0.016204127856380007,-0.002410022220837714,-0.19410319692258624,0.00468576124874543,0.037889638906660465,0.4279166478943692,-0.26583569098832016,0.019861368963931782,-0.25201456165488234,-0.02711077336216599,0.005813129635341434,0.5276128603237593,-0.3352445653681646,0.07677116390174178,-0.04218617080807525,-0.0029890392074330644,-0.0006970874135600286,0.030694089112285005,0.1949512142846616,-0.1733528488994426,-0.3530995563812692,0.03506626901850372,0.17232514945865635,0.18245985924144195,0.05387486732238825,0.3792823069529442,-1.8715751541549095,0.16735410849023696,0.5945031658113636,3.8743430381575115,-2.750999529493174,-0.19807792435870764
0.202,20.329654383940817,24.051476402296352,0.8174725071245785,0.9998099014119115,-0.0012738054380626496,0.018610491601712752,-0.005673452278037715,-0.20095834797756135,0.012152268441147356,0.04249743659474939,0.42817279733550906,-0.2611118718828824,0.030916598677566385,-0.3232838736476458,-0.02278314910786164,0.0126246990977327,0.6699222476278012,-0.43770932183663497,0.059776010652842666,-0.013685487572153864,-0.07784625742388734,0.01587356656154824,-0.030456838746321716,0.03270791853638527,-0.033157943203111793,-0.0245656366130806,0.16918419912399596,-0.011354134546667923,-0.06970338278188142,0.09537762264103702,0.10462859362553477,-0.918941783413658,0.03554485578409327,-0.03356740560546967,1.6229440066881526,-1.339697050351697,-0.21784643466089318
0.252,20.32907890990505,24.04641623401748,0.81817964914018,0.9997706340555653,2.8943045003736337e-05,0.020229944761909344,-0.0070304891268308245,-0.20107919899911322,0.018380396004320444,0.04617346228384717,0.4198202740123585,-0.256386191299333,0.04277919054309944,-0.3624226442829915,-0.024377486486433793,0.00824960130069876,0.7281752801522196,-0.46406413812932057,0.05511449368760701,-0.0076962605390450975,-0.12370006309236328,0.013658682367263225,0.12663555542428925,0.0899581289951755,-0.05349334732084762,0.009713418825632652,0.06959709502320856,0.10963654273163596,-0.23511029431306263,0.11363780889937428,0.3894448296474531,-0.5892564950571317,-0.10288930963711038,-0.2119412331665152,0.6246420187744999,-0.08858794699980052,-0.0318240408950009
0.302,20.32897434523693,24.039012127733052,0.8186017718637678,0.9996907613107177,0.005404560730720999,0.022736401782695016,-0.0084987356283376,-0.1998353200055277,0.01840706726531008,0.05311489890439618,0.4060499506791742,-0.24939153510249643,0.06600149208669098,-0.37887760982834967,-0.032401216644341445,-0.00906374348278588,0.7273688059167908,-0.45031292316405674,0.0557937404864676,0.0025878557251542847,-0.17016563662510156,-0.0017072281313498393,0.3064478970038975,0.10662410170475463,-0.059693881556557325,0.0293708836058668,-0.06875529587730583,0.17198175030383867,-0.2755492674634764,0.1419351491019057,0.48028844722071146,-0.10279515655552174,-0.18232169770912787,-0.3999874243731391,-0.5255148791164876,0.5412508039572085,0.05913645047722464
0.352,20.329623536436237,24.02962015799179,0.8171775415897883,0.9995258065242024,0.01639655526236189,0.0242646411407423,-0.009515369566187567,-0.19827371725429566,0.00863257231342728,0.06266825500260806,0.3987431993291303,-0.24627015491006465,0.08380223896769294,-0.3580862289060239,-0.04749703219999422,-0.036902255593365275,0.6377345856562344,-0.3689167449661631,0.0781883849134792,0.025508778193026816,-0.1994587604609676,-0.06898327402945378,0.5915007792726309,-0.002815677900082309,0.018273844554408017,0.0016393639364090887,-0.3483097036927672,0.19271209521809987,0.1162700014071838,-0.09447324044446495,0.07745902954909352,1.0366054436512535,-0.3915703383902457,-0.5042864621729629,-3.2847918853740907,2.6626688629654343,0.8577322840822655
0.402,20.33072450354113,24.01942839472455,0.8129742915888255,0.9991988573476974,0.03122243114060706,0.02309403821204469,-0.009667919516876351,-0.20561402115135108,-0.009063322772568135,0.06597874096462955,0.42329052943577883,-0.25672978475613883,0.07988228080833475,-0.3276365239515916,-0.05796908848073414,-0.036075449211354534,0.5420594752590846,-0.25830370059183144,0.026885565175566544,0.017924651168309266,-0.20941190770099893,0.0037690745001794437,0.2672963245748992,-0.07338103445621139,-0.0919631376991252,-0.11247266370396058,-0.04898023848187824,-0.3395852046899759,0.41707602026067153,0.11424546457644594,0.1520439775736607,-0.09364592491285616,0.16518692697411444,0.1220103465920349,0.3673942248367983,-0.21041642510760467,-1.724275881931776
0.452,20.330920065350362,24.0113692781653,0.8153960018617289,0.9990020999058938,0.03711656080793283,0.02287227569427588,-0.009696612912295989,-0.24293406721324312,-0.02485643305828079,0.03532296843923483,0.5039542616817395,-0.2968810760473323,0.07354962989107665,-0.32844138845235793,-0.05616788768236774,-0.03343774430309862,0.5459427885124604,-0.26587551765414097,-0.021611403334909286,-0.0067466528248966385,-0.12232937639142819,0.06178804299152771,0.20018757002946572,0.032053055969680604,0.05121032053068924,-1.2376960290058856,-0.5615513055395205,-0.8629192175989542,2.648057235594993,-2.1805781001421716,-0.6918582637776204,0.08087786371525442,-0.022476564727125024,0.008067723672573109,-0.24122645333498832,0.08456949812240658,-0.6337254188374802
0.502,20.33081841698695,24.006596201422592,0.8179990695530635,0.9988725905376061,0.040909679394030916,0.022337252235115564,-0.008999620389474888,-0.2974834195509937,-0.04831723777935997,0.007562490833713698,0.6152374012002481,-0.3921019390373962,0.036573075241642376,-0.319636836189016,-0.05704422099898627,-0.03376985017111664,0.5302083221938834,-0.25883328306025255,-0.04371597654390289,0.0037469050844632567,-0.0749149516617814,0.03983615029025676,0.10276150233197665,-0.06461911584325448,0.012741151506707418,-0.8425141706135651,-0.31221132557170445,-0.24601693610606562,1.584276462482984,-1.3918850015184234,-0.6368894391613434,0.23134695764135307,-0.0008636699608828082,-0.020590038332915485,-0.3090584299863882,0.13602125173795546,-0.29986970104576804
0.552,20.331188668605964,24.003783336942202,0.8194423987993013,0.9988758339622958,0.04200501887534157,0.02021045059362803,-0.008613036759084293,-0.3271899075756445,-0.05696054673986088,0.004189608420546388,0.666535993840097,-0.42844964564939475,0.011534459008944698,-0.3069857454794062,-0.056045348493461336,-0.03682298586930667,0.5156952340513455,-0.2529240032926779,-0.05419342678628869,0.010724972592616466,-0.039005492827828524,0.021823125667500557,-0.0060488737091125505,-0.09647807918362036,0.022841647096921838,-0.34683397988781284,-0.08463027665533028,0.02929731476381886,0.4983867736130654,-0.18552819594346748,-0.3746588402179717,0.27332639549764315,0.041689020129274806,-0.0869194992503853,-0.2891387349716687,0.11247329048769432,-0.14998026205463688
0.602,20.33178180789404,24.00274165753063,0.8203402637388595,0.9989909799632166,0.040436097192086275,0.017818833383252262,-0.008027027648159803,-0.3346089333117304,-0.05868096479399831,0.007708646338688669,0.6757459287885464,-0.4284425178901718,-0.005544306374389486,-0.2925766282283749,-0.05231675145827188,-0.04231432828441069,0.4998096274881937,-0.24651327022932049,-0.060521834344247384,0.011250192391578704,-0.004251744526314185,0.015133358447845604,-0.11642633027465366,-0.08565501606310366,0.030848226999753425,-0.013308683495182107,-0.0047963294794639896,0.08716346497335148,0.019462696866976874,0.105307340351095,-0.31534968064788177,0.29426507247403916,0.10780530502600982,-0.13092634950037477,-0.3533725790385712,0.1507892578616659,-0.10516095566149869
0.652,20.332297426813756,24.00334448009365,0.8211469995633016,0.999206512245982,0.03583284314644576,0.015910229546636463,-0.007015542248091074,-0.3292875422882132,-0.05769830704300258,0.011874497922862817,0.6705531496758045,-0.41771654044552115,-0.026556338415098094,-0.2756932777296057,-0.04441749342109659,-0.05043620783557267,0.4765099701394489,-0.23592344579317928,-0.06526682224155145,0.009907078724897683,0.026827448950099968,0.0173716255142623,-0.2467778174619347,-0.07065067963413807,0.04391405725541787,0.23681524071132987,0.04670357442492315,0.08842113401261205,-0.29604690622350865,0.29987025759722347,-0.44676114296722014,0.38455834483935136,0.20737134606289417,-0.18483786697205007,-0.5778417142442362,0.2708501734831181,-0.07071993780892691
0.7020000000000001,20.33272148862816,24.0054936040097,0.8219323310835797,0.9994848445774641,0.028066538926866277,0.014414535662483548,-0.005876735000302365,-0.31104865844063695,-0.0542086646009327,0.016643366322928947,0.6416011560307407,-0.3974947440288108,-0.043386873252735,-0.2550700043844332,-0.03139219061630854,-0.060309418631072594,0.44315171207727844,-0.21992722929956912,-0.06678917522020925,0.005658748015996005,0.05803856960593772,0.01113027876771338,-0.37070235135785823,-0.04431643281875078,0.04284941633875584,0.43864698162867766,0.08214414395835691,0.0872615992298475,-0.7797576939643397,0.44829699994223104,-0.2222153372911681,0.41089050343585753,0.30957792244016785,-0.20749642902072002,-0.7135661805714155,0.3498995785704834,-0.000933811276129059
0.752,20.33310148664177,24.009198427372294,0.8222320420226532,0.9997542105731787,0.01708502080892545,0.013201457701142649,-0.005034085788300837,-0.27858576309054,-0.04863192147995046,0.022516653984025865,0.5698912410497295,-0.35682832429593797,-0.046788160314836,-0.23234324525450542,-0.012627391203391434,-0.07050905178104833,0.4035447152808641,-0.2006398865213604,-0.06418591716651205,0.00898569698782541,0.08889510494295949,-0.0038121002965594165,-0.5070204502507376,-0.05450106652238333,0.01189729410599937,0.834428124873778,0.13476980440018665,0.12255211133170926,-2.0691566412699984,1.1757849557225686,0.024696499286205875,0.4608147365783403,0.4401565742175662,-0.1967049566514137,-0.798760601377411,0.38724210868414155,0.10675914329443029
0.802,20.333473956488472,24.014110839650566,0.820294502848841,0.9999127107652983,0.0011352364224962897,0.011940964612126542,-0.0055403476776550555,-0.23031256518830673,-0.03822690779236808,0.019627785002285788,0.43598761677890596,-0.2684859527305114,-0.04722519627088573,-0.21663515608759407,0.016547833374215587,-0.08015689867806507,0.377942732434554,-0.1883436664988444,-0.055635073499290345,0.002195337137241683,0.09864940603016932,-0.08752391464437173,-0.8149100025153476,-0.04629810905547306,-0.07632439236750274,0.8919115372635872,0.32280665889792753,-0.4980593120009571,-2.7112877680008145,2.667714491247737,0.34082075628288644,0.08429576622495069,0.7895056250938479,-0.20951860566724256,-0.0832190554842829,0.03886332045791577,0.21438645192664418
0.852,20.3331349171891,24.019148302107727,0.8186383170185635,0.9998443427931953,-0.01162218487923768,0.012112265574804689,-0.005432129022834501,-0.2301925282970589,-0.028846783996160596,0.0028431218507122655,0.42052735295693866,-0.20845931556515654,0.03626124278572298,-0.22859342417181738,0.04423503732403097,-0.06790140924933755,0.41112167418752077,-0.24572485533326904,-0.03153900476815942,-0.02064308341037222,0.08833666820573778,0.022632174188480833,-0.2662826105180322,0.08547933059784399,-0.013344800011268643,-0.3481442132249488,0.12201103825823359,-0.1028668844356965,0.5006838611045891,-0.4600624107261037,0.6565750018631377,-1.009932161577876,0.6259479178099016,1.3871129741245356,2.585195447280667,-3.0774221629563545,0.3601008706206779
0.902,20.33274719655699,24.02213223861418,0.8205461431511618,0.9997457136582901,-0.017501792994489243,0.012796619969631159,-0.006200143644026476,-0.23377467100443494,-0.020886646945318298,-0.0011505352053046815,0.4254767780435082,-0.21771286688041636,0.056068646685497214,-0.2866301262459102,0.06798802913132337,-0.009562981445353735,0.5714281097955248,-0.3645229994116196,-0.021962382355765094,0.0022328533178803114,0.03392731604568474,0.04161420260136433,-0.2373517259707524,0.005987468379604514,-0.018046588986089854,0.03611054002948725,0.2065208528842847,-0.09836448419744118,-0.0634145647535761,-0.02663161451960941,0.22270138302476025,-1.0323600307119831,0.27353462804764783,0.651794055967282,2.635671757841781,-1.534404144251438,0.17956181585312408
0.9520000000000001,20.33299462369227,24.022797440278765,0.8220797770768039,0.9996325880170523,-0.02267972447674848,0.013334405343856926,-0.0065201768468335095,-0.2338957575560977,-0.010456799600760378,-0.00554870272647952,0.42457731324423187,-0.2179321598815778,0.0629324175239825,-0.3328725638744623,0.07638229527118479,0.014778365100882138,0.6677969143459992,-0.4047233045042217,-0.008267787690363267,0.006559830037157843,-0.002929075551715575,0.01977683461701456,-0.1643027606731253,0.03521258274619674,-0.006570155111728561,-0.04315145736269718,0.18612183669335655,-0.07659032218600169,0.028595548850491845,-0.0016283754553428394,0.07965239173796794,-0.8009980033995534,0.03883938923480512,0.28051060714209486,1.2399956013187339,-0.3005773392081725,0.31194845158500334
1.002,20.33334615718057,24.021886354599154,0.8225446152370992,0.9995575363407486,-0.025125398933312754,0.014473182136811185,-0.006631204392079363,-0.23731883755655317,-0.0035283837857255146,-0.007908122715145802,0.42742135447149365,-0.2186036782214453,0.0654119926189135,-0.3666611446914673,0.07398261722881383,0.020886880115094517,0.7050448726311337,-0.411355189898884,0.00734875827083372,0.00705585467764537,-0.031460657087426354,0.0006763510409933603,-0.027781784572767122,0.0525345040487811,-0.007159786502850778,-0.07897680955788286,0.08509198506959616,-0.011446781580165702,0.06091680606328002,-0.017502217730813174,0.02822768012958519,-0.5650914336773695,-0.10686819164832839,0.008215601262059597,0.4126181669553055,-0.0650333568550307,0.28723292569710884
1.052,20.333628217135505,24.019632251451622,0.8222758684288923,0.999562738811974,-0.023751722907925054,0.016175550012617324,-0.006966951944732445,-0.24123035254929429,-0.002498310730047352,-0.006173185429774631,0.4281913416573489,-0.21821361877170942,0.06660748668228378,-0.3895842105057814,0.06528375162016462,0.012620681754088299,0.7189247320297858,-0.4169883981354574,0.02128690326535109,0.005391044035479603,-0.057818571793852094,-0.008864443420337244,0.12939401551073726,0.07924462449261413,-0.02001791132619397,-0.0564572819716734,-0.03403692364836313,0.08094342947830571,-0.053641989352764055,0.04110026451482607,0.010936764951487979,-0.32245150859788185,-0.22693109101145104,-0.32410549768522157,0.12404058346964149,-0.11596881483732953,0.21757136125193044
1.102,20.333927263535617,24.016014758381814,0.8217416027880065,0.9996287856759684,-0.018560253936504414,0.01830382641567672,-0.007923241782620214,-0.24202735763293856,-0.007008428356820765,0.00010512661021616474,0.4206224125210405,-0.2138687452717504,0.06647947959446483,-0.39572080668761683,0.05410858082384423,-0.006309940085820656,0.713851089439272,-0.41684524134193107,0.027878238883824145,0.00542445558009409,-0.08607489603241814,-0.013739609282839708,0.27875793964595347,0.10104560614607502,-0.046321407992864855,0.003342211093068509,-0.14008506031797846,0.16596634999358936,-0.220975057969141,0.12062709596521856,-0.01827503200195485,0.053785957926356424,-0.19286671733416139,-0.3709374388935594,-0.30824009909489825,0.09821564602708799,0.0706884966812533
1.1520000000000001,20.334401904880252,24.011033147829902,0.8207589953766748,0.9997062427133636,-0.009588856505940622,0.020301511723891393,-0.009128566840578315,-0.23940668363554174,-0.017509816253659122,0.009674692472009909,0.40717100290823344,-0.20703515658264848,0.06411679508003859,-0.373679037361241,0.04290387535907763,-0.030125122969738374,0.6603744633344276,-0.3785334797945392,0.03184520931337789,0.015328812700890336,-0.11086621721147577,-0.030239126283475193,0.4431354352134472,0.0510196249411469,-0.02402354993593342,0.09215567338669567,-0.2928056315981331,0.20736993714038565,-0.2573412051459594,0.11694023072110872,-0.09426867526927633,0.8848325931059426,-0.25418130765224545,-0.5357068262615315,-2.0113853613965547,1.4995064743531146,0.17973254315562373
1.202,20.335595883009088,24.005373895913944,0.8173403389416446,0.9997473475462285,0.005791739369254968,0.01979130580192201,-0.008944330271972023,-0.23673715279342308,-0.04237041242932921,0.021411551319885785,0.407185792791856,-0.20926061211577274,0.05498753783195686,-0.302795180843139,0.02632574199183,-0.043604647214076225,0.505154744996786,-0.27456490016080776,0.05375541933040902,0.03078225483357503,-0.10586137106525559,-0.12359693685363773,0.8474579954661684,-0.08468069550994321,0.0775057920105782,-0.04829281846102461,-0.7860604771656972,0.2872055455894558,0.38786261785187987,-0.27391320757203375,-0.23525079304242905,1.792691909940828,-0.5256880188489376,0.15357163779089367,-3.6629557709960414,2.1853597692656397,0.5673662530192279
1.252,20.336239805867546,23.999534433094436,0.8151651099156207,0.9996328281030409,0.01731564014190702,0.017820177040824604,-0.010808278097123142,-0.24636024765786102,-0.059074781381350285,0.02631082417321123,0.44215620756126023,-0.22665277531528624,0.05468724148331931,-0.2845710207043074,0.02144584161779832,-0.029537265572774304,0.4694260229235717,-0.2190567007260732,-0.03884512209951029,-0.003080791170914696,-0.10623612905979686,0.02510014029077639,0.2079829822248702,-0.028214042247034613,-0.049636929372206824,-0.7735146410297745,-0.1442448384604491,-0.16717508974388998,2.1407700606165756,-1.2501389249653139,0.09993011336352525,-0.18078179622625584,0.007255470717149701,0.09928492853240117,0.4583341307408146,-0.4136170236244368,-1.0146638021096857
1.302,20.336166840642733,23.995695731912704,0.8169256865624476,0.9995436826868305,0.022355285821396745,0.017073541621574845,-0.011007350870595812,-0.2958773974797014,-0.06690477324325943,0.018993215753288935,0.573160297717683,-0.31625164592913546,0.04073194374596754,-0.28644826298455156,0.017838989169203533,-0.025662470923856446,0.47750356853979026,-0.2280703784128507,-0.06910339513936055,0.005264732598210491,-0.055216022100590435,0.03285407299765364,0.1912741815172121,-0.050344495376603134,-0.00431528911298344,-0.8685442267924286,-0.114746569697557,-0.15626133297778702,2.155607107456656,-1.682307714386852,-0.4304073198722067,0.06377699109178751,-0.10771170870158217,0.07752519319946725,0.015101541595999239,-0.05439508821885447,-0.35571702851278353
1.352,20.336723004424325,23.993768394050914,0.8180665172698175,0.9994752914030061,0.02621084804918635,0.015473082834842604,-0.011077771752667704,-0.3283914170728846,-0.06784144957690962,0.01427070119996869,0.6516373171536888,-0.3758924856789953,0.017613638796070363,-0.28198050760551024,0.012360310232121752,-0.023242040983517728,0.47780978153609704,-0.22992760673574342,-0.07937034136037457,0.015513045015124016,-0.023122240467862147,0.015791686681425738,0.12182845909627288,-0.063010821295174,0.006344652991107845,-0.43187272529492826,0.048219848374649085,-0.022175116833635454,1.0083276491569872,-0.6422726116254671,-0.38118622368901206,0.09827564052868501,-0.10932282508506373,0.025294540562002258,0.0009116241535983618,-0.02607095818607571,-0.08981544298797517
1.4020000000000001,20.337640204509587,23.993408573669686,0.8186819326776913,0.9994480100018743,0.028039739689563126,0.014073376004893732,-0.010926499405591037,-0.33953290671874786,-0.06448414022227855,0.01400930652409649,0.6808562402768955,-0.39161930318741617,0.002043736971082755,-0.27647869611589065,0.008149184393541337,-0.02293231671819914,0.47602496789992205,-0.2303614404673027,-0.08162479528251337,0.019661927027133097,0.007219956237833931,0.010510071288059022,0.02429066321032354,-0.04305062322818471,0.008936644868370404,-0.0617473792936033,0.06935542983364555,-0.0015448007254418622,0.3009444919441361,-0.12816680865168037,-0.26127714469026836,0.12120782836391332,-0.051879207807241215,-0.009759644660052247,-0.0855915102717654,0.016369124392652597,-0.025544364464317893
1.452,20.338571094020313,23.9944722033508,0.8193022204855542,0.9994900403960688,0.026983000265087494,0.013415245933468484,-0.010564469807046735,-0.3366927265140442,-0.06104059916131491,0.013822848892097842,0.6875385064679914,-0.3949797404188875,-0.016526911515912686,-0.26859964009764475,0.008089413276326823,-0.02488995885975888,0.46565749830621406,-0.22598121086751155,-0.08310414024396674,0.01772799945982088,0.033932768242545736,0.015025002299378427,-0.10580498042375246,-0.016673081536886725,0.01848280999869145,0.17545196636999902,0.07029980970212132,-0.005261403135025633,-0.04329815003492839,-0.026704275066881594,-0.4443445903531559,0.20563237696014844,0.049252317821009826,-0.06462963966990894,-0.3360215593426006,0.1589493543530512,-0.021304867153215036
1.502,20.339379182490198,23.99682744120861,0.8201269155531126,0.999607850704867,0.022561323045571697,0.013165430530730446,-0.010089744821840241,-0.32063833051304225,-0.057106130498507636,0.013562443063029084,0.670258086217967,-0.392653087074043,-0.036145549130875976,-0.2556221525146701,0.013619539986739754,-0.02919361781025164,0.4421824383942154,-0.2145011654433677,-0.08310729404787841,0.013290014635932339,0.058955861319379674,0.015139590748279318,-0.24492817051220694,-0.0025082806841202326,0.017208814548247204,0.42772470652745076,0.09159967226516141,-0.0032468277240289022,-0.6072254708228975,0.1240291441371709,-0.30661582893282113,0.2896016084339945,0.16950426735359406,-0.10735791576041806,-0.5648392968927984,0.2819967915255875,0.02283541030526144
1.552,20.340066204655074,24.001375943677278,0.8204629754012177,0.9995279954775127,0.016493528630556472,0.013518319594855499,-0.022113453039958302,-0.2774297870245406,-0.061537568120961,0.007981474769540906,0.5944924179690557,-0.37916237281930454,-0.05671688113881386,-0.24825024748404645,0.032063160128596696,-0.007287368423287961,0.4192402269009492,-0.19833054844824485,-0.07962826940829376,0.009737255038312104,0.10381717673982947,-0.004031732062258178,-0.32961103368236166,0.011564386498436063,-0.6324381097159822,0.9920922608033469,-0.12659939565117367,-0.27119848854657574,-2.0006004070368464,0.7348543686020488,-0.40666138467710444,0.1217151217185928,0.5002543366231426,0.5058177177034898,-0.4910995879616268,0.37305907797384097,0.15215677949858414
1.602,20.340399430875305,24.006700212952843,0.818723544475073,0.999135280327698,0.004001923531580043,0.01399661789689378,-0.03894574302781171,-0.2184443796880111,-0.0582210772449541,-0.0022481343396377656,0.4513836366886722,-0.30013983915683734,-0.0715045492774384,-0.2455634277136501,0.06614513336494164,0.015546474916768771,0.40282239702455286,-0.18370598008383113,-0.06951783394380952,0.00038773184994455624,0.10048018964781653,-0.08132996113460153,-0.6889848444886666,-0.018212473545528955,-0.6788439831340812,1.161306339543357,0.29504695190907737,-0.3228066651820456,-3.138232037390652,2.749689381850043,0.18514879529923117,-0.0988332952521682,0.9009203288148594,0.3375191689486039,0.01304448312739128,0.11439171277010927,0.2244250083192458
1.6520000000000001,20.340405978266542,24.01164278964369,0.8179020176246569,0.99843315234637,-0.006443870502751169,0.014307493073345307,-0.05371231209500028,-0.20089407744061885,-0.04290036144504613,0.009403893938800837,0.40930910628284567,-0.22982314038998067,0.03272165217501123,-0.2636586378246013,0.08582743058606697,0.019519466515474405,0.4416267694384206,-0.25046660653887726,-0.03649552786490922,-0.008224704889868699,0.08816774405966628,0.04839810559210444,-0.20543550747321657,0.05151337721806177,-0.6464398102672334,0.01880434171393535,0.30842205764578945,0.531399160333934,0.023929806711236522,-0.3502083970387813,1.045879111533652,-1.0978175990681567,-0.13187505349471096,-0.5183644726143521,2.6838716389369126,-3.285932689632757,0.9483339628967581
1.702,20.340292732104395,24.014447136548476,0.8204419358155851,0.9973465895805919,-0.012441713510397722,0.01447726161923561,-0.07025235165386359,-0.19485234567246226,-0.021896344341072627,0.035953420055097024,0.40737762876081557,-0.2402043563516307,0.061282216647565745,-0.3261699608202555,0.08004862779916354,0.007090772331729796,0.6040204852401576,-0.3685166777016781,0.0016339320689670984,0.0033945480813568365,0.03097191923006471,0.042377161603205635,-0.25205089461109637,-0.03112034514305248,-0.6528481638519263,0.14764707366149407,0.4917446721713947,0.5085921498594911,-0.004169305598962536,-0.14890212055480737,0.27316912554188083,-1.054151680654766,-0.12392928171144078,-0.006909490753761106,2.547559742199678,-1.484513036503645,0.5931831828524972
1.752,20.340621848188057,24.01520086588068,0.8219017562854789,0.9959567564101433,-0.01785806126434937,0.01427980848558285,-0.08687529037925698,-0.1878447404270903,0.0019410244668971554,0.06312753703970096,0.4075790921353009,-0.24773375637965694,0.0679482238767456,-0.3693481334231757,0.0685809594208969,0.008450739151560891,0.6896504898576978,-0.410035367912643,0.028516828447066763,0.011180443078841492,0.0008474634444913026,0.018700461371943918,-0.1541507544572046,0.001931103509683128,-0.668926319078071,0.14116321457511727,0.43793975091155124,0.5555816724957339,-0.0015119969899113153,-0.15542323126114851,0.03529669100011839,-0.6754467543342061,-0.31856255541381634,0.003886454950988099,0.9755134080355482,-0.39986519661766634,0.48161108594789726
1.802,20.341446730639948,24.014488384136378,0.8224294012345933,0.9943300080138041,-0.019955558783681347,0.014880316473825986,-0.10338368835816412,-0.18086567696300168,0.020246177050900458,0.09180242161560051,0.4061254566246619,-0.25488603680925603,0.06826772474672836,-0.39787524760835496,0.05092024571701846,0.006269250645958361,0.7183769679562402,-0.42174926151773195,0.047026918599253856,0.021565107245395513,-0.02870231632260137,0.004367435488392883,-0.004399603078876039,0.05886692062383147,-0.6580277296915196,0.13820477518538726,0.2954527959409685,0.5887454064375971,-0.06353695343467958,-0.12459005227656002,-0.00799101042463687,-0.5027007691928534,-0.3621412445427157,-0.10468116517522669,0.345324157826903,-0.14285790238229396,0.2638381910407116
1.852,20.342855778769763,24.012323938629777,0.822479275948619,0.9924534085272058,-0.017797430532446538,0.0166112779542711,-0.12018131640941841,-0.17221570340419057,0.030839510422232843,0.1241421734239477,0.39751558513741403,-0.2584115997709265,0.06741195801186732,-0.42118636379176094,0.030283797878799777,-0.00915072751514344,0.7352068260811453,-0.42588561439111255,0.05297199577383412,0.03580425111784561,-0.05789769110527863,-0.0008489053751772964,0.16631397173522347,0.11473424054908632,-0.6842821027475402,0.22362764447109046,0.13793331091390512,0.6940236943013111,-0.28469007622307924,-0.017891533153446618,-0.03393917237898137,-0.381946022602344,-0.44313348776940853,-0.4811538938243342,0.26937634968614826,-0.010071457826252243,0.013172520264073891
1.9020000000000001,20.345164955657914,24.00850464694011,0.8222920050012356,0.9902567625241303,-0.011829964196816705,0.018499327048355763,-0.13751134906286536,-0.1576064646181813,0.03434320634900148,0.16052419469638807,0.3786564453539005,-0.2577952837194789,0.06433753783767487,-0.43069561357707803,0.009303675423656553,-0.03788145953720548,0.7369200211444129,-0.413412133278244,0.04846090293607642,0.0553632015812384,-0.09386297825862883,-0.009013835105703144,0.30213561204260886,0.11757972270371882,-0.7046667703283118,0.34142580435995645,0.009780317926776876,0.7557652313273796,-0.4245539082694489,0.018111375593202837,-0.08596316728641563,-0.010449452582778724,-0.371214267909589,-0.5940938122465788,-0.179405283941974,0.4597088485065653,-0.14262029290626435
1.952,20.34872537043564,24.002848447753955,0.821439312936936,0.9876367004127292,-0.002619157602577678,0.018778343576652413,-0.15560932434731742,-0.13475764742669735,0.03114487114467929,0.20045330566684386,0.354897079431266,-0.25749580550662987,0.05861439305476636,-0.411173163211378,-0.010199345219849672,-0.07659152067932426,0.6887699981920699,-0.35103668562427615,0.040282614575321535,0.08646166816917458,-0.13194272720948264,-0.029753273713646333,0.4469529678190899,0.017116106741775973,-0.733770229985825,0.544770670939971,-0.13706488810798767,0.8191046499266599,-0.44807456080282343,-0.045428044372216245,-0.1579903465650942,0.8159482512715248,-0.3507026316549868,-0.8409486938418987,-1.8499580515827494,1.9276519686773372,-0.07995523965448899
2.0020000000000002,20.353702715784372,23.99537357578269,0.8180322275035388,0.9847523936421521,0.010969729436003694,0.015089431424221462,-0.1729586578100329,-0.11035643311093166,0.017807103418232675,0.23941700886383022,0.3502953344693675,-0.27076091304751376,0.04751588368119147,-0.35092020951971636,-0.019530697537765946,-0.09861637242292383,0.5549386112889968,-0.24373287320811432,0.03925863254815315,0.10914461859722445,-0.15996108951556376,-0.12041489904295022,0.7410262625562767,-0.12310199947981845,-0.597663291730677,0.33875745560969606,-0.4518591391697949,0.6952307172810751,0.4078256806060604,-0.550629826309611,-0.2627918013334453,1.4502867054139994,-0.09535013461677677,0.1144330051428852,-3.120258632026284,1.993585647396793,-0.002526535966349253
2.052,20.357789216171927,23.987554853164486,0.8136860998583569,0.9822507760737721,0.02525937095518928,0.010019003606509673,-0.18559363310241767,-0.12907740120988462,-0.008062631256963661,0.2028065025609693,0.42655546232077035,-0.30328190014118933,0.04801785789620585,-0.31937797245342153,-0.012500600134763899,-0.054414136459728896,0.48835535747072495,-0.2076233421382548,-0.04636117808538578,0.05072144373024198,-0.1327202726128579,0.021712830880420697,0.3455151468394746,-0.04939333131462321,-0.5855648536384543,-1.2953834897511267,-0.9529296836189566,-3.573228543413714,2.9420428351492016,-1.0213781656299021,0.23152954474231935,-0.27670214316724506,0.15157141065054497,0.7151801574602463,0.7343354473330342,-0.3504206395547609,-0.8341659550801546
2.102,20.360589699517067,23.982408467944058,0.8160055379977705,0.9795104361825118,0.0321190740140116,0.007698576792297663,-0.19866656087374657,-0.2094750578867933,-0.05594353030364498,0.05785395671797203,0.6065723134030858,-0.3907184314680781,0.0333715281968327,-0.32140245202320544,-0.007321687065974315,-0.02353269528078071,0.5024707212858697,-0.2150069148004988,-0.06895670590751164,0.06660941789439635,-0.08868170118490433,0.049266516948699726,0.2508584726276956,-0.06821952580015546,-0.526919129196702,-1.4294288187267745,-0.5256693129696037,-1.421545177854847,2.791366297794432,-2.230521872098994,-0.5606751361329876,0.1373837012953931,0.11109823132682999,0.5815655605913909,-0.019070956928832112,-0.03289398615946756,-0.29448426435116204
2.152,20.364725746122247,23.97827117345322,0.8178974982381187,0.9765919094905384,0.03600852326020439,0.004539358738202535,-0.21201656254286072,-0.2644133784688994,-0.06516361578828771,0.02138859794627853,0.6991115329682284,-0.46414253878073053,0.010696402589686906,-0.30928838635387074,0.0002658955549556404,0.003780579395137091,0.49790405573565744,-0.21698545717127682,-0.07859616651608922,0.09811685116751513,-0.07403963085797241,0.029212206694314128,0.1469202081129465,-0.1313248704793698,-0.569108444558245,-0.7749239413562229,0.018487882809859562,-0.25395916662314544,0.9335955421144558,-0.5396483394152031,-0.22383277424886022,0.2881913152034642,0.1716704627685054,0.5493747477391911,-0.10363849093902577,-0.04957100777044019,-0.10818026927818668
2.202,20.37039792892781,23.975092133450975,0.8191103444739086,0.9733327183747861,0.0375293275285911,0.001118734101752238,-0.22630447929816244,-0.2896177413317528,-0.06248650031404343,0.015959596360036684,0.7145872499685854,-0.46890346064411415,0.004168041136277042,-0.29296085283920204,0.010148362289187536,0.030822757434587195,0.49149470282889424,-0.21935735975607767,-0.08202836850054922,0.12617082336712737,-0.053758067896761574,0.021041042542646222,0.039755781834935604,-0.14335817020872196,-0.5829169029151013,-0.3175818372590372,0.04121833583656955,-0.06041393472698097,-0.0356430525585786,0.121291503289812,-0.09903997298329736,0.3618407652726339,0.22739934196656436,0.5216635546494574,-0.1680781857799881,-0.03810228195676998,-0.047083917720181744
2.2520000000000002,20.377340854318483,23.97289809370311,0.8202128024324251,0.9698687264336755,0.03594285099398191,-0.0015858016562542174,-0.24095694673832033,-0.29768301204429526,-0.06196528251268921,0.013679582132279643,0.7029629860333333,-0.45574354421533947,-0.007402832118754504,-0.2717698964229676,0.024183052965050193,0.05669264627562102,0.47751391564396667,-0.2186949148881937,-0.08451568896077115,0.15002822597027873,-0.03583770021552424,0.023091670924124147,-0.10334444144005925,-0.14033977307297363,-0.6058591957998047,-0.029946422969808102,-0.007672498286087819,-0.03620427979749842,-0.37519487204464025,0.3125882801985542,-0.33150670392840015,0.487803377037182,0.3322492986668438,0.5042370167394918,-0.39558120260854246,0.0665621561145414,-0.043810800875937084
2.302,20.385404381578013,23.971493318270138,0.8213029959403144,0.9662465174600671,0.030707708531402225,-0.0031586252731750897,-0.2557630294226022,-0.29214873288797055,-0.06286535226477387,0.012349476733626746,0.673435043393075,-0.4382969783143576,-0.023477321301717213,-0.24462355723658893,0.04339702645921468,0.08076641593928183,0.45232361203985744,-0.21295710364792222,-0.08551425704049133,0.17020185234627858,-0.021065027484864732,0.017458602828067205,-0.2608086534580622,-0.11851094748204481,-0.5996120395864825,0.21300428432375457,-0.018710121058092014,-0.01666765106377502,-0.771076345132696,0.3556316154445106,-0.2737802172406042,0.5676258655846369,0.43315885957329286,0.4513952595150886,-0.5715304225744445,0.14369042784623148,-0.0010412731568897658
2.352,20.394614899760242,23.97063660184037,0.8218513781637912,0.9624816374265016,0.02160350819399331,-0.0034044805811819646,-0.27046403746613756,-0.26534210361495675,-0.06289365873322575,0.012469070842037425,0.592246471886075,-0.40341963556691807,-0.033916972116201,-0.21354884319343947,0.06819710103241373,0.10275747673423809,0.42017469991383866,-0.20444812419711328,-0.08270558083787657,0.19705543617708277,-0.014226171703082265,-0.0005831391336677686,-0.42978336714989185,-0.12304831984074392,-0.6053052611436259,0.8801036567086173,0.022959336416761383,0.020641289747866727,-2.581317456959851,1.0696938573110157,-0.12577842334939063,0.6365681129148664,0.5577564627878381,0.4179346728305648,-0.637612516667258,0.15720398192341398,0.11789580154687969
2.402,20.40473335149383,23.969752956968904,0.8198475727862188,0.9587094422776185,0.006841095950035314,-0.0018358194542286077,-0.2842991988396581,-0.20543434752456916,-0.05443790588552467,0.011584474526951119,0.4202432545825809,-0.31692614181259066,-0.03350497097977668,-0.18901328899295214,0.10386593541337141,0.11825526025803974,0.40369530628726535,-0.20470934985544836,-0.073962275465391,0.19881620024055777,-0.021855422305609485,-0.07863579231054184,-0.7103682084125111,-0.0874996302342564,-0.49446106907047627,0.9816705440888512,0.2518618904194423,-0.46480215941834224,-2.49411739653664,3.8906430860539665,1.3028101135789225,0.2955708218185802,0.8333503331130475,0.1593156596986765,0.0287217762436744,-0.1857565683293957,0.21873203585605272
2.452,20.414866774832515,23.968978973877636,0.818532855803919,0.9548998338159795,-0.0026669320941616866,0.0006045531482867308,-0.2969155256414059,-0.18248680359111993,-0.038978007517178184,0.020452538666088736,0.3854504998993771,-0.1955838537604869,0.027588112961402615,-0.20891525188537208,0.0882073554762209,0.05248251831149364,0.4711348756156412,-0.30535233791636623,-0.03793230562852076,0.19251146994284007,-0.01990750419369701,0.03175550653749018,-0.18109206390076538,0.06539286975898075,-0.5704613162642638,0.16176749709707877,0.21848792523619054,0.4175376835029092,0.3014165327432824,-0.7645540052827103,0.931723241547405,-1.2560087751196878,-1.0145928613374167,-2.153795570878711,3.3291454426880285,-3.2790250406277965,1.2272466216997573
2.5020000000000002,20.424108994876818,23.96582675094518,0.8204198721000303,0.9503992376576202,-0.00806437360304402,0.0026873612575625547,-0.31091644058762236,-0.16680097914279765,-0.02103954141461227,0.040911418834238024,0.39397411651560593,-0.2304754927935014,0.05449060053662181,-0.2765072544466738,0.0628900308450621,0.018734927200618395,0.6417589087370303,-0.3975644287741876,0.008629406968708026,0.17960100327625977,-0.0976237207833207,0.03512652703580854,-0.2746189438335086,0.0007950314886062014,-0.5829317202838619,0.3853003900579263,0.46295965607195344,0.3880082873569102,0.0972690990219254,-0.5610222876306086,0.25879605742081996,-1.1851824145301058,-0.2642243338715812,-0.026941541726824007,2.379340713554298,-0.932320137966958,0.7041114623477076
2.552,20.432848185416457,23.95985817024107,0.8216936912004245,0.9451860625989266,-0.013478401827503757,0.005078374149392476,-0.3262144231466681,-0.1462092335298211,0.0027953910466716435,0.0649557600347881,0.3951341801763195,-0.25425394136076823,0.059535043370015646,-0.3346517719308486,0.05168417140965594,0.022045082880224248,0.723222453734941,-0.41520577921492346,0.03491853321192117,0.17178663194910102,-0.13807405603986947,0.015583247311664395,-0.18382820453861615,0.058730739682021325,-0.6687711993659903,0.4222366954422679,0.4476844489648325,0.530809341522016,-0.02699610690480912,-0.4314147117743538,0.003769629142871208,-1.0931246287553618,-0.24031693374196803,0.0017580007882058361,0.9177437449745234,-0.07246580071107614,0.4122613804945715
2.602,20.44139295767851,23.952012108492593,0.8219717907384859,0.9394331384545346,-0.015111630973179581,0.007813731447672764,-0.34230974655077895,-0.12384844438487698,0.021055542203876964,0.09410702949506268,0.3896800076028693,-0.2741045911143259,0.05760936047660835,-0.38612527143751896,0.03849065516003879,0.015346440803968369,0.7483436533039503,-0.41638692977823677,0.04893047981643082,0.17051583945815774,-0.17489129944492962,-0.0031188559738183717,-0.014453887147363988,0.12381522174397767,-0.6872998806348457,0.4707095226918459,0.27931614692560053,0.6216925096595147,-0.18669518215836808,-0.3657522816124033,-0.06584540359059349,-0.9646182657167481,-0.27088742647594194,-0.2536679159738017,0.2491274377711267,-0.013394754794978463,0.17521953162404866
2.652,20.450026938661708,23.942291224688187,0.8215002888003761,0.9331585775787703,-0.011926842380323016,0.010480779818279518,-0.3591141500642967,-0.09685633116934192,0.02984190382581472,0.12926487112420057,0.3723804399986475,-0.28888284940110354,0.05412184538561844,-0.4305540820908735,0.021819501621738114,-0.008861625987296845,0.7582128307815528,-0.41589160388118535,0.05054338190602386,0.17580600478698186,-0.21468285867191034,-0.01465211418306843,0.16754816859202676,0.1747832187744283,-0.7324260388116326,0.6209643945906544,0.08258552557695355,0.7622243134438692,-0.49729719829743585,-0.23306230291290717,-0.07688422609549152,-0.7584216000242006,-0.3781195282482303,-0.670226462170036,0.10248857347646857,0.09889103620766153,-0.0873382273527448
2.702,20.458978600374838,23.93025433768759,0.8203622718586473,0.926348388146147,-0.005126870108212737,0.01221636223704471,-0.37643477453022667,-0.06166371584992457,0.029989736234397914,0.16896365834513682,0.3425105958875179,-0.2990738791720533,0.049963392495758784,-0.45678626279727125,0.0036712157581639494,-0.046459332571276,0.7531310618350024,-0.3954851874982125,0.04056485362341682,0.18080827194951413,-0.26571071937897356,-0.03297608628906073,0.28456883175683134,0.16887929985837916,-0.7437995487562622,0.7533474598597356,-0.06067528655047463,0.8079539151964052,-0.6249115025024966,-0.20706005214797027,-0.07098883854571253,-0.293941636924749,-0.3108862966483299,-0.7490333144837874,-0.30417212916711067,0.623520098877828,-0.24061439290881415
2.7520000000000002,20.468217244836946,23.915488029966273,0.8179614072929703,0.9190048556155238,0.0036674807452682042,0.011805480650743378,-0.3940523513020555,-0.019274852724192437,0.02362980571200804,0.21081288308317472,0.3109454372090797,-0.31030815635168774,0.046665691926865406,-0.45106656163846454,-0.010528374104332603,-0.09090130845598716,0.7051534631004905,-0.33102986662349687,0.02621055664395531,0.18517596758020682,-0.32293016489133775,-0.069824856154613,0.38674884097584106,0.07834654636735136,-0.75852698554511,0.8804265151379967,-0.17592176178399974,0.8273275701735419,-0.5179288691713315,-0.2948913781025877,-0.1594133293127849,0.5114463268460822,-0.16508417703762462,-0.9006745694430288,-1.670144557329559,1.7644909492477987,-0.27355862125037306
2.802,20.47724262796925,23.898281020748808,0.8121630221739966,0.9121124943259911,0.015530982567542496,0.007206884577023669,-0.4095822836617811,0.012768242371331727,0.007686511178096444,0.23854368984136531,0.3178379387804318,-0.33854438005789333,0.03568088154242701,-0.406651738683286,-0.005581900723972486,-0.11307962334632868,0.5846185436795056,-0.23209646440866274,0.009504921921478072,0.18079368234699716,-0.35514137728302164,-0.1671543054987247,0.7426172403277942,-0.04698982123643765,-0.5666970214254926,0.29221330666909795,-0.6084932157664437,-0.04018469360478227,0.9838456846430446,-0.8045155190382511,-0.2384918069516693,1.1724728680220968,0.2595303365165976,0.16235643166626593,-2.879386492733987,1.9170989512849859,-0.3910793632742246
2.852,20.484697020709312,23.882027265734955,0.8069839426140188,0.9069268025031634,0.03162363927262552,-3.66748905791864e-05,-0.42009965364838886,-0.045704959909878454,-0.027134842549801086,0.15318136718008724,0.49043748772744955,-0.36360077188461226,0.02288063005991889,-0.3849060007582602,0.006097149005084998,-0.06089159460464637,0.5467294834443315,-0.18835927003275396,-0.07713246198573594,0.11998951954793884,-0.28316409513925805,0.012627402886250824,0.4636026801929073,0.058609130665412235,-0.5161133019703786,-2.327842227289047,-0.9043317034814817,-3.1874157273272714,5.35471370212625,-0.5198964074235874,-0.05922972482617656,-0.24728751063382096,0.022058246607788885,0.7189932267868154,1.1558164894065042,-1.117289339702546,-0.8139210139007476
2.902,20.491232196776448,23.86840695859717,0.8090001603968029,0.9014145737066792,0.03971601900903979,-0.003832640361487197,-0.4311145033644084,-0.1486608883699909,-0.062407348104995666,0.04860842387275644,0.6999140731802642,-0.4571245567183995,0.007596597782944815,-0.3787024302641154,0.008393921369014283,-0.030158487365923286,0.5766709399883105,-0.2292224062606509,-0.09844739790146213,0.14196207388517426,-0.2769786694030751,0.050182786835784934,0.2729923924309804,-0.10741709494032012,-0.5295354870115959,-1.5294163193038008,-0.25564962011033016,-0.9902398831042167,2.480972410509614,-2.0343850193609287,-0.4121283578558555,0.45562232373060496,0.13888492588668064,0.5889704157048269,0.15688839193463128,-0.5650372659051527,-0.26432959935146294
2.952,20.49893782687037,23.854613224735154,0.8114409017249202,0.8951886288259795,0.04315925662724336,-0.008610264351939506,-0.4435092566518061,-0.21058354794828466,-0.06534287587990215,0.02108853899752621,0.7668649669073954,-0.5156283447988645,0.00018742421605224245,-0.3492715945439874,0.016826027068975572,-0.001716366039240625,0.5748720980762859,-0.25155533029240473,-0.10580653155771978,0.16617922507019284,-0.2726320884048525,0.04591950148814454,0.171278241000023,-0.14348871599619478,-0.5755823317520841,-1.0105475020757748,0.0421091399392562,-0.23416860851006813,0.4524356814097741,-0.44372131008496324,-0.010073100513648008,0.6518911059802703,0.1895394455937232,0.571437846529754,-0.13908801240185142,-0.35495366551954044,-0.07573604116553558
3.0020000000000002,20.50783384556365,23.841194390299574,0.8134910090585765,0.8883884022752767,0.04415737854285498,-0.01248100683895659,-0.4567936044772208,-0.25380332267596284,-0.06396029853734189,0.013753009309384435,0.7677277086522853,-0.5170699127016278,-0.0016304538621599828,-0.3149140430352853,0.027815651311951427,0.02615912600707883,0.5650221034090692,-0.2670191007555755,-0.10902262951419912,0.1880484286390039,-0.26477600712410465,0.0365387047325811,0.05063877588840483,-0.14963215652597062,-0.5968328376272242,-0.7594107948083636,0.0023512506399498982,-0.10247365874188168,-0.199258371063911,0.2222630766905658,-0.08286104898711823,0.7214738010106191,0.251612744788411,0.5375568684809926,-0.2501187693227991,-0.28192737276887075,-0.056278499016191086
3.052,20.517741529457787,23.828122355408837,0.8152839303874256,0.8813694369609268,0.042261839113016404,-0.014909361182763236,-0.4702973139356488,-0.28709356079640597,-0.0655722651156785,0.009756710721642876,0.7522887951931354,-0.49263417848587365,-0.014988199526888686,-0.27602339066642795,0.04234235587672962,0.05242421857309226,0.5470012057120218,-0.2782873443755792,-0.11176596848713903,0.20748216770822742,-0.25944761044429987,0.03567678470991264,-0.0801752505613676,-0.14932317235819312,-0.6028036364017271,-0.5709281045111422,-0.05741539560879903,-0.052617804390227466,-0.38659443163983187,0.6162726519314946,-0.3643681710979103,0.8379220444289751,0.322575551898193,0.5096461733370115,-0.4708385811408994,-0.17351101144757383,-0.04723100717762009
3.102,20.528610212900652,23.815176182711024,0.8169698429762932,0.8743654481169495,0.03757121379749285,-0.015730423346223765,-0.48355560260881875,-0.30896043831499675,-0.06900367312989254,0.009045167909391603,0.7256852657900358,-0.46009247749937887,-0.031005365992415962,-0.2314025069768483,0.05984818956900226,0.07684035207030333,0.5181034975833831,-0.28466496327814134,-0.1131708166808916,0.22584107039905432,-0.2584595499490466,0.02929212857055421,-0.20719931222302226,-0.13072707975235956,-0.5817459728534131,-0.31902950073470776,-0.07683798903287761,0.002026473857516819,-0.6658351023148322,0.6269744069510069,-0.24963107344500418,0.9207451696851766,0.37473441989118084,0.4633602204056321,-0.6518182416690368,-0.0969608825886821,-0.01122073957602533
3.152,20.540413596380347,23.80205684323044,0.8181415344676988,0.867491940764843,0.030359136021076337,-0.014500953616885116,-0.49631217788031556,-0.3095978223813187,-0.07092106425238055,0.012447125768556057,0.6580628144494368,-0.41574602722005294,-0.038094960057242694,-0.18314940176208613,0.08026128076045672,0.0994522683014085,0.48104286332587515,-0.28771147395867036,-0.11202532916432861,0.24580480158360504,-0.2660367126150323,0.013191096498794418,-0.33201072510524976,-0.10677742146885406,-0.5695091817408772,0.3174398077002628,-0.0029775605550371774,0.1359281973772802,-2.1414647305554597,1.1060192260813555,-0.032333387839790645,0.9731773537337169,0.43611372110859703,0.4404521058420681,-0.7624181106919474,-0.06013596234332133,0.07051490852443103
3.202,20.552993993195663,23.788589950238325,0.8171616767987184,0.8609400880175996,0.020282418084377675,-0.01056927612585272,-0.5081919703842981,-0.2735897782441519,-0.06710617618673925,0.022152103789056868,0.5009822605928305,-0.34651233013193417,-0.038125498590633446,-0.14048583061738185,0.10601761412000024,0.11838727574439449,0.4539779104098409,-0.29685369789771476,-0.105981078964868,0.249469395135122,-0.27133471493934985,-0.06818859560737717,-0.5661694959316461,-0.050742531988770545,-0.4828924046337018,1.0061682114486847,0.1968369819268761,0.16324976156670654,-3.7804855704332048,1.4513377424136034,0.005040088659056113,0.6495079155787864,0.6589763651531929,0.25621580338495437,-0.1736339382404317,-0.37793176551859486,0.1411176653580199
3.2520000000000002,20.564593818631035,23.77507827292949,0.8134909780364796,0.8543397094311048,0.007856034036764964,-0.0035834193021812063,-0.5196432456257783,-0.23628272332922645,-0.04265185095344343,0.027793634873794614,0.419582371009621,-0.1781744166961556,0.013215754845751906,-0.14270027001697488,0.12433885637391513,0.06813717479841949,0.5063903428342041,-0.33504497032788333,-0.0589953091275971,0.21630272098438644,-0.2397448125873367,-0.024972786578179515,-0.32780927793269776,0.1343959248899765,-0.6074425599554504,0.020381790268051855,0.42047419830676436,0.34659426730939275,0.7014816721785982,0.05069182675014805,0.9704596586202231,-1.3431831484662387,-0.5829868459823853,-3.0723223048043,3.5083625651414234,-1.9094234124874383,1.5464454309241784
3.302,20.574630741425427,23.761857138274685,0.8145474891006386,0.8461780473577611,0.003676346806628178,0.0004994097315852649,-0.5328873682438767,-0.22020471554751228,-0.024615092188197494,0.046510335799945186,0.4471828227809409,-0.23255028369890526,0.04584503773871997,-0.22067484970195644,0.10094696732962258,-0.003774135977129882,0.7059600867617392,-0.3979845449684473,-0.018330436824288213,0.18441575171157648,-0.29496684936938217,0.03705586471033891,-0.22980601558422106,-0.05622101015239171,-0.6885579316901661,0.6453044849049704,0.44263363195980243,0.44398217570060894,0.24021116341411464,-1.052363359202672,0.42527502074174534,-1.5046897281268001,-0.1434410877281192,0.06194614791577605,3.3450733568690927,-0.6657015055997053,0.2970263409763681
3.352,20.58287537659246,23.746043121528913,0.8162102507493325,0.837290742741987,-0.002470239808052284,0.002596159467455913,-0.5467461659581003,-0.1832010538453123,-0.00031629674036486976,0.06725807500364578,0.4506696431001322,-0.2749363704477363,0.05804475464891224,-0.2923852913832467,0.0913892583407805,0.006295205611981101,0.811410139796541,-0.41754756737122606,0.0011032138352018183,0.15235409376752512,-0.33093068751051374,0.027132707853356426,-0.21823280335263356,-0.044699445268713035,-0.6773837762166288,0.8210139865711007,0.4830963297706939,0.4756687959202043,-0.11480464527543949,-0.6677841396323089,0.03368356194319101,-1.4262880197865526,-0.31399049504506643,0.20753252128209532,1.1632406023647555,-0.1675139715351478,0.4788575801273612
3.402,20.589944854426616,23.72886676259253,0.8171134204464052,0.8277577275765009,-0.005354189321297074,0.004548557487338076,-0.5610416987344914,-0.14054958860962807,0.02010708785633169,0.09486105982870202,0.43691784647100873,-0.301795949339042,0.054454589427442995,-0.363222429044467,0.06754852430483974,0.007257020145888902,0.8351149865372511,-0.42458511325504344,0.024056777338099564,0.13135549687204906,-0.35497674218686187,0.008728653788175335,-0.054814781134906884,0.05877411718046466,-0.6995701829219818,0.86752217437922,0.3202917355566669,0.6229272223439315,-0.40533720266733847,-0.4449475865418851,-0.12249205739423603,-1.4079970884744104,-0.5822230079227887,-0.132312827129547,0.04864215195219055,-0.1295614424398699,0.3843463007376488
3.452,20.596119814770855,23.710328566972386,0.8171640527322016,0.8173097333095936,-0.002710225749993373,0.005964450936438348,-0.5761613314331427,-0.09344292510371402,0.029926365329760687,0.13186900604688878,0.40521982880224716,-0.31818398214006455,0.047459581625397255,-0.4303182279792493,0.031697629080317376,-0.013616399292568363,0.8287046893984954,-0.42657017695078525,0.03421449095437315,0.11582919534038778,-0.3894123015074657,-0.006017535935265434,0.1489622491259277,0.1452431475752699,-0.751229787611737,1.0217347525933391,0.07601249607435956,0.816039622584537,-0.8231474997129048,-0.24839422430566904,-0.07853942013313378,-1.2060544056839486,-0.7978937933027165,-0.6545847305678578,-0.2897778547836567,0.1182058991482981,0.038081323809164035
3.5020000000000002,20.60127314911221,23.689516356377425,0.8162882723116746,0.8064345619736313,0.0037809209434772387,0.005973848640057165,-0.5912810795413994,-0.03898744292389165,0.02857842781378552,0.17339600450893605,0.35903557958616134,-0.32937396920730055,0.049123520059146865,-0.47723830885644497,-0.004596076649223476,-0.05085948987236823,0.8039048587754843,-0.4010729194087921,0.03107394971926876,0.08893938947786695,-0.44175468976877996,-0.03220005876573348,0.2633911216227035,0.15791045540266824,-0.7262359103792387,1.1139443112248193,-0.10900437437437185,0.8175970332259727,-0.9296167208912651,-0.24687360530733704,0.1740987558519235,-0.6723911218353528,-0.5971046723846918,-0.7519989862003792,-0.6657435850800267,0.7779652176009675,-0.11818911761177221
3.552,20.604894076043497,23.665919971263264,0.8134475820063392,0.7957455308795901,0.011695875882529362,0.003844487935403287,-0.6055059673405505,0.019088071154529335,0.019580482569827844,0.21291376504102033,0.3155318329337173,-0.3438750969049438,0.05870829725178226,-0.4863545639373471,-0.02601105552228357,-0.09493956651815695,0.7350395053495208,-0.3238442784706009,0.020536364159805996,0.052867483430479506,-0.49653877332030977,-0.09160090440530824,0.35115609354448385,0.07658419112632794,-0.6593498741407209,1.0951966541846863,-0.22312985810025648,0.6901069891608137,-0.5875123313139295,-0.4218713515230514,0.07254670037694091,0.3141954942830664,-0.1488203464840977,-0.8536058671423097,-2.178491189664131,2.1046824346895434,-0.2804997501322161
3.602,20.607012813968133,23.64040855054509,0.8064711303545194,0.7873921604845581,0.023237073284218923,-0.004635215221879486,-0.615996865911257,0.043096695074258,-0.004164848852976424,0.20429963536656437,0.35315992566835835,-0.36729170572353415,0.028603731100186297,-0.4424844114195554,-0.018976056167984093,-0.11000492426503776,0.5810965644635373,-0.20792397382566644,0.00352041602885853,0.04874533551932243,-0.5204664542051537,-0.1881345487456743,0.9281558177139337,-0.09344858948879572,-0.3976808080009026,-0.26034692434315204,-0.8927384792416482,-1.15364252513682,2.3778066187479414,-0.42006037389270295,-1.1416407838570104,1.4048909643511527,0.23193787290909915,0.4356860704210068,-3.664887692046019,2.1148303771284813,-0.3289569254466298
3.652,20.60849941333934,23.617500339059514,0.8025387794589987,0.7811283989197573,0.03635575897799585,-0.014473709376861328,-0.6231429971740551,-0.04192015604916239,-0.04250097452412795,0.10344900473173199,0.5837707141317869,-0.3808397459205423,0.02156532472177183,-0.4337288210030336,-0.013752457814646613,-0.06287112931850024,0.5999028856401711,-0.18835775269220578,-0.08554936084297508,0.027789262729955504,-0.4099047448500319,0.013092735514690639,0.4087019813181865,0.06757555608367732,-0.36171649474444945,-2.329753389119588,-0.8771659251697761,-2.432558489420475,5.2361175342099155,-1.9735127109577908,0.08424344489470251,-0.12520411952731908,-0.06399771331362036,0.5678245553127896,1.324742143967396,-1.4935480236797252,-0.46686067562610134
3.702,20.61026828993719,23.596968499958017,0.8047456506965927,0.7753546018391151,0.04158775154200275,-0.019290873896309048,-0.629859954682708,-0.13224771612798317,-0.06676517524432601,0.03550660528867511,0.7434705721467068,-0.49990144683666665,0.008735658183089611,-0.4156987156441492,-0.012504391383034328,-0.03935904915704764,0.6295278752353112,-0.24172760120381134,-0.09891784426521566,0.042124415947930295,-0.417363670979417,0.06084586501142409,0.19021009790856225,-0.13397579386715006,-0.37215986769306103,-1.3357339875947298,-0.14651437042464732,-0.690879986565148,1.5769808992264673,-1.8076115279443883,-0.29631821082089405,0.7348419484375809,0.11593195058909815,0.41595947304191805,0.08380553165902449,-0.7710135391174855,-0.17583021206740904
3.7520000000000002,20.612953189537784,23.57609070310216,0.8078352269605426,0.7690806359713094,0.04163558238598282,-0.024223624959018693,-0.6373340330212953,-0.1892699041600304,-0.06722335339388755,0.018923989673163177,0.7809421520448827,-0.5416636634554158,0.005123383891186435,-0.3717796482278229,-0.005345703137176036,-0.019993026381238045,0.623182411244084,-0.27259311096046585,-0.10428391752755732,0.06502282112553849,-0.41496340225423084,0.0580370196532635,0.08158545080727919,-0.1767018088190533,-0.3806109910411482,-1.0406709160428178,0.02719491553363116,-0.1480827209194057,0.23755401788917888,-0.14007874440380824,-0.004421007909812606,0.9380569889228269,0.15362590691961525,0.35794072733385196,-0.23995097070650417,-0.509513045729574,-0.06595807827167725
3.802,20.6167722852696,23.55549567756584,0.8103757905677648,0.7630506934364077,0.03956921559429154,-0.027476079353222983,-0.6445409075356242,-0.23854131809617465,-0.06679477796574701,0.013878985137939507,0.7828656901049114,-0.5339848603358157,-0.0005962994599327773,-0.32375366105412806,0.00319427107630518,-0.003986450423857977,0.6080357954666799,-0.29570443245874306,-0.1063476998213916,0.08641497793082853,-0.4095348985405403,0.04443301430367961,-0.03276422997311912,-0.16290414116461133,-0.35481025216926376,-0.9391389523005257,-0.0035370765871532792,-0.06820609562728014,-0.053904970665258345,0.31197250227629064,-0.20642670589359063,0.9795679121873623,0.18942792866881195,0.2866832372728822,-0.36058619164400213,-0.43057378582981465,-0.019245438156712605
3.852,20.621575812080682,23.535115623474468,0.8124970524424943,0.7576890721843901,0.03562786426581042,-0.028390750750565227,-0.6510237249532734,-0.28345342292499554,-0.06714701674983262,0.01063166801327816,0.7774707667839672,-0.5054661214451527,-0.020323833700135192,-0.27270201951517903,0.013910401668747779,0.008351189752963185,0.5837310658679401,-0.3137528919529303,-0.10697093926288515,0.10511640380669333,-0.407113812969696,0.041343476096876,-0.15025253597473776,-0.13173867973039552,-0.30825972537714685,-0.8345804418179253,-0.003557813528177096,-0.04837119697001854,-0.19411886915905188,0.7375664545133429,-0.45857660692218194,1.06658595472957,0.23549313191953042,0.21321373326896204,-0.6102948096037081,-0.2954917465804199,-0.004052182655936005
3.902,20.62733380051756,23.51470662492245,0.814427791499018,0.7530703067218059,0.030191876436708315,-0.026964214351948772,-0.6566936080666073,-0.31907704118269015,-0.06677948975172125,0.010017416350612766,0.7573380544606513,-0.4637875788347019,-0.03873452558023136,-0.2174894204273616,0.026576958801006106,0.017643846161780136,0.5472428414301631,-0.3254606274993756,-0.10643400029605675,0.12430393756660209,-0.4087504103313595,0.03327384068763766,-0.24798451535292587,-0.0855281288586809,-0.26749395752841876,-0.5996145459621087,0.011855709340625428,0.0036511466800863003,-0.5957659453449762,0.8432713738228123,-0.26399799022827486,1.1160956602774812,0.26909189661507565,0.1609289473621543,-0.8123176972487184,-0.19116572678388377,0.028795965468260947
3.952,20.63401615190801,23.494061115538575,0.8157392622885192,0.749124395906943,0.023667121310631978,-0.023052877415595786,-0.6616049211340462,-0.3341667906344248,-0.06351602183069677,0.016220239082469924,0.6917315182987899,-0.4026464400945805,-0.0443628473041095,-0.16017734015182256,0.0411971503360312,0.02455046679188339,0.501526051295972,-0.33242659544382536,-0.1028839071517676,0.1430823768567088,-0.4159786060096921,0.014023651586363687,-0.3432059378705761,-0.04050541512311086,-0.23555872789932053,0.015751246847582633,0.10147300541774731,0.25301343822989664,-2.092844804511654,1.5256712575979148,-0.009244976332338575,1.1344212769502409,0.3110212382291156,0.12250275878129835,-0.9351846582861658,-0.12782824665881137,0.11788228996712144
4.002,20.64163719269013,23.47334472923748,0.8145900254464087,0.7455243068390826,0.01590453310619437,-0.016396767061513058,-0.6660868560245813,-0.3142050679124838,-0.05926114061766193,0.03138954956174434,0.5416086111970823,-0.31038991872474486,-0.042188004930288764,-0.11204120275626125,0.059339916352621785,0.029064171046252547,0.4695563133161527,-0.3456434233032256,-0.09309496955578812,0.1566103439668996,-0.40857485083047235,-0.07604570279822792,-0.5160679409299905,0.008737692784963075,-0.22652775426838825,0.6890737596304771,0.06650708036240113,0.2103175232628971,-3.566141080969082,1.9387727145128755,0.011191177105588382,0.700118955094731,0.47388634636300386,0.02865601404907206,-0.15544409098957734,-0.48733380374219704,0.2699386971739503
4.0520000000000005,20.648385716339124,23.453748519458316,0.809683387731665,0.7401432496025239,0.0035393916145020007,-0.004915131033364803,-0.6724219540301615,-0.28689201241372,-0.043400010927365555,0.014990755437392618,0.4613670898404699,-0.15841176299252283,0.005575559067551843,-0.1233090247817916,0.08757657080627575,0.0012482442519170574,0.5508306388813212,-0.3650329880311537,-0.07448231413392334,0.12651908372346476,-0.34700794735252327,-0.044570909933298195,-0.48111782194021085,0.14598397651260445,-0.2955817914831504,-0.33312226195867145,0.3627217899443625,-0.12266448771462714,1.4830347132889403,-0.6210879563587055,0.9855237490863158,-1.4970192273125675,0.053682933887042164,-1.1100532284806328,3.9485426093793636,-0.5912821409304282,1.0575552438000335
4.102,20.65374387559642,23.43583841328189,0.8101167960248342,0.7352558232546125,-0.0009014018924132718,0.0013242686551250824,-0.677787804668497,-0.2817735400606106,-0.02997092338409099,0.016684158669206195,0.5121359029399206,-0.23022094114445812,0.040646400492009946,-0.20378381984284002,0.08379343235191966,-0.014972100279473748,0.7484069435864187,-0.4072440481111435,-0.03113093395191251,0.07897442540215467,-0.3803503799922687,0.03369011990652809,-0.29090091917477995,-0.04925189833737407,-0.343942483645812,0.5197098374777751,0.35145074795155223,0.09407142398541929,0.524094306355747,-1.2611335667720214,0.5003869062981233,-1.4347591771482522,0.030988107978184985,0.2776585343461995,3.0190211002220946,-0.9527863269450476,0.48673283332753753
4.152,20.656262697918066,23.416027461641807,0.8121049247883024,0.7299316358956702,-0.007743628393500786,0.005168406775584596,-0.6834567511623365,-0.24714623732733357,-0.010504197082701325,0.01873263706454544,0.5239718249449669,-0.28055199024310484,0.05954895815559073,-0.2697822235756529,0.0839732651092614,-0.0012920319778224833,0.8377701767895998,-0.43421735767844893,-0.0071263116046128535,0.028359167469491315,-0.4086344658012701,0.040808096896694124,-0.28297776001460995,-0.07461390243956931,-0.3036134683013447,0.814989431966687,0.3998189065135813,0.044451291689235985,0.00526729111670504,-0.7987237267136708,0.187856000964269,-1.2944952304688586,-0.011701753597692469,0.33161857257929905,0.8857143023562848,-0.09562725059159219,0.4815709156076628
4.202,20.656776486738185,23.395117132118255,0.8138479220014243,0.7247986221836394,-0.012319739397682045,0.007877308830550213,-0.6888055816465629,-0.20361184803617138,0.007097966444578893,0.02342569001652635,0.5151534436908859,-0.31240036423192286,0.06069541382174303,-0.3371672913487876,0.07980485511849805,0.012133198558438332,0.8551377300559266,-0.4350444626151121,0.016540065424012707,-0.0040659262702489474,-0.42618889484999933,0.027531189987050838,-0.11958052552318446,-0.006535830295592251,-0.29861260176490434,0.9056873930506357,0.28450976732615374,0.16277343663512114,-0.3232844673364498,-0.5235003352625408,-0.07196549696779178,-1.4007003648910175,-0.16886583705977426,0.17064118162297467,0.03309631507940337,0.007928109117331748,0.430158848874331
4.252,20.6560027260731,23.373472814179106,0.8148456515180844,0.7189952462190458,-0.011478251842102874,0.008658783730110609,-0.6948662541190054,-0.15632397648921334,0.01688049624588127,0.03887557947964637,0.48886535795080444,-0.33101267963199754,0.05332248074938757,-0.4060005106318096,0.06346241647139135,0.009238689828338913,0.8464491966151381,-0.4336803974444271,0.03533611181753285,-0.025802662859975227,-0.4405495404994956,0.012692802571774069,0.10815846628656849,0.10034182713190326,-0.3562745667082111,0.9835604329656396,0.10167026359013821,0.4201219387009321,-0.6989016768686384,-0.2697819646265403,-0.13711133978972667,-1.2626572376748793,-0.4940015120354805,-0.3368796466160556,-0.4202946652783187,0.10901658047647232,0.2224427221391825
4.3020000000000005,20.65398645211399,23.35087130914502,0.8149772534132489,0.712705180152501,-0.005543572708962017,0.007643117567479244,-0.7014001552175915,-0.10602092051544788,0.01691546589491601,0.06287872373690755,0.44851879233296593,-0.342884760511861,0.05340951825565354,-0.4560961308247837,0.034704171371677056,-0.018638177474726184,0.8115688989276953,-0.4141095694309295,0.04004115136983674,-0.05588551131581725,-0.463011721126512,-0.00996802173135283,0.26999750676679474,0.17568256236547294,-0.36314739817907965,1.0022438906136109,-0.08476478164422295,0.5113855041232973,-0.8462008161099457,-0.24326808564509494,0.14917199527310324,-0.7445165976425164,-0.5665789570749856,-0.6531517036775548,-0.8821269430978331,0.606271839198238,0.016126466451010568
4.352,20.650383428462803,23.3269244889151,0.8134424060768947,0.7063892310690214,0.003552049486103666,0.004527464331441076,-0.707800211387997,-0.05495021727838643,0.007615892637467175,0.08899996431429082,0.407281781192341,-0.35664421468964647,0.06795086361450985,-0.46796804757800126,0.006258720061318579,-0.06258031251086056,0.73009139453043,-0.34018498211537923,0.04022881424029031,-0.08862586623660686,-0.4920082959543276,-0.06199966471924769,0.414308341233593,0.14883214890287402,-0.3267993670969901,0.9675181961317744,-0.2727236010481181,0.49076878495798415,-0.6273408871919227,-0.3781877438347577,0.3117624477858104,0.3047910325140828,-0.46377167647555506,-0.9493952704358596,-2.5111600056008903,2.179494230527335,0.0012351183392686825
4.402,20.645532126615773,23.30193376740261,0.8075900745276381,0.7028028328225002,0.015796838445650115,-0.0048659987950029834,-0.7111926322224655,-0.02959414321950917,-0.016111076074313165,0.10720646824383596,0.4299681837626795,-0.3763189750071291,0.0511261204579482,-0.42278296019962147,-0.005306748444879527,-0.08013802290813479,0.5600006970791744,-0.2184418781877999,0.037194529055138266,-0.09312962199456463,-0.504967796635315,-0.16897001205853093,0.8864848232873666,-0.009468716852216008,-0.06977757579263673,-0.048715469432311156,-0.8229615711797392,-0.03951546194045259,1.7291186436977255,-0.30654317652036256,-0.9114929451639945,1.1167462979016811,-0.025455274433384502,0.8188538836828465,-2.916258526758224,3.71331502692174,-1.0393402917772057
4.452,20.640796795580954,23.278940470920638,0.8041227527666811,0.7003200252906303,0.02675451690995137,-0.015152029727727296,-0.7131665121112866,-0.08170151544734452,-0.04841406621407394,0.06995845444302322,0.5973539858460972,-0.38043100686781317,0.036032675212147855,-0.4119570883901538,-0.004419544584970249,-0.0390327372322649,0.5814143318120932,-0.18039928972600563,-0.05672334434287041,-0.0826221735948789,-0.42149478938694196,0.0194008672058316,0.3449972678274487,0.0636936860500178,-0.1278553612820959,-1.6260255982948033,-0.6964198560097179,-1.4245969507832668,4.0679134194951,-1.6591927063081453,0.06851041797338536,0.007437706490579449,-0.10538373136291483,0.33995340283814873,1.2446776934375492,-1.625034420351244,-0.6929127217497554
4.502,20.637399506954306,23.257865120617556,0.8064823096112207,0.6985325004914694,0.030773819362324723,-0.01974153070224506,-0.7146436802802653,-0.15115968395596666,-0.070078812781771,0.030755575503307913,0.7333974897132473,-0.49010170375076256,0.031002149101157575,-0.3895790618212789,-0.007858773381725543,-0.026988460481592064,0.608652798398234,-0.23913358428351478,-0.07773761680658252,-0.056519827266334394,-0.4285531857309372,0.06115823662871915,0.16483601153069888,-0.10554313633370264,-0.0991769610883025,-1.0931760291506585,-0.18640378389054973,-0.35957119929821524,1.516959755603256,-1.7659769763535682,-0.18155691263699614,0.7890599532176371,-0.013346616203609135,0.19479362968954128,0.06448105337284551,-0.8480649031973713,-0.2696695602066012
4.5520000000000005,20.63529226511507,23.23626287603279,0.8094671848023091,0.6966251040370276,0.03031813392034748,-0.023982318953190064,-0.716393134779093,-0.200032445729925,-0.07305253378681507,0.02269956033659832,0.7757639581011108,-0.5342537442580985,0.022414145322326207,-0.34352736610976886,-0.007604938477685835,-0.019174683438729714,0.6018054599608842,-0.27345239312682457,-0.08578992645310081,-0.028277905762151615,-0.4334839584112726,0.05439677809486679,0.06268098696259697,-0.1400753771785786,-0.09121025014112143,-0.9251066652701773,-0.0003700335627822512,-0.07580163438273352,0.41007956487236535,-0.20763629933470845,-0.1982232525391871,0.978933067208852,0.015279153165385308,0.12036930875800475,-0.24985488832606717,-0.5790436596013646,-0.08151308511290817
4.602,20.634624960247383,23.21453951523705,0.8117787522382849,0.6950243290013352,0.028287210392454645,-0.026335528452330125,-0.7179466942368314,-0.24546483633433527,-0.07202982720992063,0.01921711094739609,0.7862572874324462,-0.5300333678997637,0.007953796892306108,-0.29380479836860995,-0.0059034153458950005,-0.014734790161087833,0.5860070804464763,-0.2998285986068168,-0.08727236058302215,0.0003317203634680397,-0.4355271228534097,0.03907078653780888,-0.034456955021013896,-0.11200356644066861,-0.08085843458589659,-0.8964355046704414,0.03842546539793736,-0.06540047707550378,0.09236196903106744,0.2672905032008961,-0.33300582487063257,1.0034027451656378,0.05428581819837919,0.0663242048131442,-0.37346123511726964,-0.4908461001452242,0.0021585391373975934
4.652,20.635303515434845,23.192740175793684,0.813556086133574,0.693954439882452,0.02514277603744196,-0.026154849123784234,-0.7191043040115083,-0.2908881132374151,-0.06865655339630662,0.01540108138182779,0.7885805364143063,-0.5019682802002388,-0.01577061788393065,-0.2421034631334822,-0.0017745141441494762,-0.013578227898655273,0.5611310319299699,-0.3204594715907343,-0.08625237282220878,0.02610227432768552,-0.4370724465965647,0.03282225488514459,-0.1431127022231188,-0.06649776384713656,-0.046785229116892604,-0.8932921514444806,0.09832431268587795,-0.05960804471545637,-0.035643554506260555,0.7630038141341569,-0.509073974740348,1.0650808049291949,0.11000245709787762,-0.006853606320328328,-0.6163564990006688,-0.33933048014107997,0.036295091206329004
4.702,20.637332878800468,23.17078762130705,0.8149799091744508,0.693287893596749,0.02115700275779121,-0.02346404988915552,-0.7199678577473366,-0.3308414651031532,-0.06268689830239947,0.014458621226080019,0.7734514636161838,-0.45741306715371743,-0.036504109784627876,-0.18781475284402385,0.004933601370416993,-0.014822620617425357,0.5249543134003296,-0.33431812380895015,-0.08378031695809374,0.05416437357628929,-0.44010500569507355,0.02157817122171811,-0.22870759837423482,-0.012845296822283359,-0.03663197436885671,-0.7013671774241047,0.12507286184729702,0.003594101528543556,-0.5654463627140323,0.9160082024135162,-0.30951805243435915,1.0821104000167436,0.15629750327652459,-0.038668464732903016,-0.7900514830501343,-0.23799914518349746,0.059914255552141645
4.752,20.64071683123039,23.14859696578581,0.8155663671168106,0.6928110837431731,0.016459964606085974,-0.018354363157542984,-0.7206975712189247,-0.3511893184455567,-0.05390620041374247,0.02283087236542742,0.7055538510605438,-0.3892388823477168,-0.04545524059597818,-0.13302120888221033,0.014373114072313852,-0.017536832566748498,0.4818733151465425,-0.3441099567102233,-0.07929540342364133,0.08121628253780143,-0.4464847753412004,-0.0038483171257333703,-0.3196557072938281,0.02100817885791201,-0.0393751797183795,-0.08909478949326285,0.19848943300907967,0.33807398466634414,-2.1860730616703847,1.7283502111930422,-0.04205694324779562,1.0672081959803565,0.2173951403168183,-0.056280967187791374,-0.8403269136923057,-0.20181414816921914,0.13034416234249546
4.8020000000000005,20.64546084257729,23.12639200472166,0.813338873321817,0.6916500193459488,0.010127950450148498,-0.010571008991973566,-0.7220844335168279,-0.33685893710544085,-0.047287034929958435,0.03930168026228145,0.5524366324334202,-0.2830662675278443,-0.04908290184312742,-0.09117457176688393,0.028581534959020997,-0.022572136804670934,0.46172739982666633,-0.3615606929598614,-0.06919200027264091,0.10119667227067604,-0.4388259637020541,-0.09654230061780945,-0.5463471573110409,0.026036477843798565,-0.1283635437124503,0.5856973888078204,0.08983970716105555,0.11783346562113253,-3.5692767237390943,2.2761496580047424,-0.16515078854551538,0.4929127913745028,0.4259846629792094,-0.2239924518367268,0.289203396816639,-0.518344890074905,0.26465758655388105
4.852,20.649560480459694,23.105606672507278,0.8086533547507859,0.6883547889309345,-0.001333104629863585,0.0024615669876848593,-0.7253687669564074,-0.3181510716663183,-0.03396519955919404,0.014770269866139317,0.4951301691464944,-0.16661933702092552,0.01153029915255574,-0.11627848909880582,0.05876466032926645,-0.03683697708109967,0.572342561587442,-0.37078344630448773,-0.05622548960615128,0.07631914017009961,-0.36713517149546937,-0.0202596059426268,-0.4760961383294885,0.1637450424109453,-0.10940494594630477,-0.340458865108435,0.29631536726103835,-0.22610870412506312,1.543041137983997,-1.3877671098852002,1.0689563875055446,-1.6833581255168921,0.37258399753917,0.05531127105769187,4.41523916679365,-0.06366045208535039,0.681067311976229
4.902,20.652333709040967,23.086761871101984,0.8094030771596797,0.6861078975337784,-0.006026158298632941,0.009094738941760928,-0.7274179844364033,-0.3108035178717097,-0.023061462268249424,0.009139739352873879,0.541908650687319,-0.23543292527773532,0.04419313622210075,-0.19694865822620827,0.06911346055656512,-0.01670123330931247,0.7687866686635064,-0.41403652702458354,-0.027836461667984275,0.02611400161226469,-0.39171010130889616,0.03400164554663652,-0.31327807169596333,-0.054549643112619395,-0.14991475517490496,0.5143283198953417,0.2871538346731737,-0.08293621332124686,0.48337821923417135,-1.1075926768975137,0.4194743875451734,-1.3497008131831314,0.19015210583355138,0.4617762232308125,2.6295903411277166,-1.119655666950952,0.39346541290674125
4.952,20.652338140794534,23.066602584748154,0.8114186511073622,0.6836074621268183,-0.01283470340520009,0.012943322049612238,-0.7296222163060487,-0.27577978658973484,-0.008186356957614731,0.003807040393923939,0.552485391280503,-0.28104593571960323,0.061355059470741206,-0.25804136103171615,0.07423251304304188,-0.0017785539582682126,0.8418457377766015,-0.44194418709515615,-0.009102224801293027,-0.021580819964995494,-0.4106372715979271,0.0420453926758987,-0.265563478508541,-0.09467552228783012,-0.1305474540258472,0.8102864677322756,0.29504170746058117,-0.09984827291659391,0.007973610233730045,-0.7538958588743953,0.22983813331021574,-1.210377620028194,0.08057387929105349,0.2746334685662342,0.6410834488862819,-0.09042362178082114,0.3966320380518308
5.002,20.650346239300493,23.04575405333545,0.813257123431662,0.6812365575104091,-0.017407800018057046,0.015039969534548617,-0.7317017975420705,-0.23227841215489828,0.0042146134482825,0.0011946923987805722,0.5447048629725212,-0.3125374472413766,0.06524662836004788,-0.32259522643409816,0.07628482343701252,0.010461620833479648,0.8533020537506248,-0.440128801168638,0.011572323762795989,-0.0551335279614849,-0.42270784739200273,0.029771275304735667,-0.10096353995225488,-0.04855659801667684,-0.12419419036310003,0.9076216561189336,0.18771700251160547,0.002658278727916381,-0.2831455474579466,-0.5426165068428773,-0.015343187673197119,-1.3654863100009915,-0.0029013515447679685,0.2008262005222367,0.003283968060776594,0.07850031130944392,0.38850662795315194
5.0520000000000005,20.64700282082277,23.024399983508232,0.8144006074268527,0.678234739001628,-0.01711275923549041,0.014762713978917893,-0.7344976885999837,-0.18522766520613512,0.01015336054932207,0.008497349130706447,0.5212990034560473,-0.3324821295057666,0.05983011494889451,-0.39158455420724864,0.0705587671113816,0.013549727685268461,0.8459532945699989,-0.4349510875968517,0.030633681905531427,-0.07675136648534836,-0.4323719168575599,0.016406588215583936,0.12040930743009097,0.05190656174110178,-0.19328633106019383,0.9734455130305634,0.04102921848800708,0.2608989414922916,-0.6310212970122756,-0.2963048523406847,-0.11842630849368861,-1.2947870586595003,-0.2662024567333174,-0.16715011107883584,-0.360499267896433,0.1413293530665625,0.2784563597147557
5.102,20.642517881990447,23.002424526932142,0.8147864671141735,0.6744373351642841,-0.011788230600472833,0.012537863868595891,-0.7381315062544223,-0.13607201815898481,0.007664719682693476,0.024771292376572763,0.48422336091874557,-0.34577086142768243,0.06005684570370067,-0.4441574441921582,0.05079269626148502,-0.008104832158725537,0.8133764549463702,-0.41758280542691434,0.03792827640679057,-0.10342200355744653,-0.44596730016112246,-0.0032757537634623872,0.28078723706937253,0.14666146758044676,-0.2177096312122893,0.9710732091861192,-0.12024467128422867,0.36879185859763575,-0.8043082737543862,-0.23564151092975302,0.06350024218945512,-0.8024088027973326,-0.4391798953538839,-0.5760690727575555,-0.8571017181548307,0.5093417224555029,0.06143291319424364
5.152,20.636609659985552,22.979592615742593,0.8137318291940799,0.670454902481617,-0.0029648886555705594,0.008693166013698274,-0.7418934303781668,-0.08713065717069228,-0.0021618588228918927,0.044485512145442815,0.4432011172123691,-0.35709856744981966,0.06482920652629429,-0.45994535959458016,0.02683807284107554,-0.04854291223232231,0.7353853144142456,-0.35235680605261205,0.03874925281918428,-0.13204468579685272,-0.4655786797284133,-0.0482036721343752,0.4156719705975239,0.15825807574404976,-0.19665524826811734,0.9331068247144265,-0.2703787157678802,0.39314632382365566,-0.6905303947323346,-0.29209181725621414,0.08421639112289445,0.2030389035068095,-0.44103294628485623,-0.9228231154266866,-2.3781949405355545,2.0021353021988975,0.00781487357256594
5.202,20.629691264253886,22.955994802278383,0.8087693639086311,0.6687343713596072,0.008858868430871478,-0.0004382189349478847,-0.743448497864217,-0.0586293959904331,-0.024921520369649158,0.06718871824656307,0.4520214851028314,-0.3767010130715491,0.05895294213989608,-0.4185013932386679,0.012351577456746034,-0.07340457817156607,0.5673404968368555,-0.23873813648591605,0.04207160934838597,-0.13386681391996766,-0.4803007066401927,-0.1552331823806489,0.8533774466874446,0.01734208076706678,0.0178700263121197,0.14031622246178774,-0.8059949821632345,0.3127864838095917,1.2482218460908978,-0.4708638317743445,-0.17762236685613925,1.3330020880950806,-0.207450795604627,0.18466268084650192,-3.908082810254519,2.117668529746439,0.10973440662861175
5.252,20.623015277975316,22.933572561318943,0.8046626525682391,0.6684798657878223,0.019909530042242087,-0.012825758662470469,-0.7433530652149933,-0.09259327645920529,-0.05673970737160545,0.06234682497973148,0.589137030119718,-0.3812154745479227,0.04428796172437933,-0.3973147252685193,0.011266188288189483,-0.03122746290627166,0.5565533750461147,-0.161214328423939,-0.03693102496724243,-0.12074075523188219,-0.41021501827258644,0.020623262051767798,0.37683003712785895,0.05582257743097487,-0.06432244603863635,-1.3016088837713196,-0.6232352648462421,-0.8378495784189981,3.609936632330872,-0.9375698807923015,-0.08987774054884688,0.002253600274483167,-0.13555190529013628,0.31951846552144264,1.2903048717553938,-1.653457666719303,-1.079434922471452
5.3020000000000005,20.617785747846444,22.91315761529148,0.8071780567464619,0.6683722665745828,0.024183860668085387,-0.01787444883156143,-0.7432187822143025,-0.154481870977631,-0.07791707993904208,0.0364270090068821,0.7242402141184081,-0.47852440300237675,0.037327873514565915,-0.3762867388469881,0.005123356955255299,-0.022050908775909737,0.5868790374942885,-0.2249344676836429,-0.06976093989100139,-0.09336679939485648,-0.4157449443701209,0.06376269415101052,0.18122937836900013,-0.09035660991405607,0.0019112728521891685,-1.005600321089222,-0.16791903411824466,-0.20358951318145563,1.6411508423208951,-1.8239271278689175,-0.1797574222778729,0.765185972897808,-0.07408035653063114,0.13239944881066723,0.10135099804847272,-0.9100270030619608,-0.4014431920278698
5.352,20.6138302745639,22.89207344052553,0.8102572784580437,0.6682491640028232,0.024065307018235862,-0.02221657530064428,-0.7432162132176325,-0.19966072477061428,-0.08018342960612444,0.030469958533024963,0.7728852301268112,-0.5273546114720437,0.02858834709035049,-0.3310567259781169,0.0024088732418538704,-0.01726235372107383,0.5810439823028442,-0.2611288975503915,-0.08177571699788458,-0.06523175242516056,-0.4253584862734856,0.05529510060247886,0.08011786502298418,-0.12324975407237587,0.0015717069958241427,-0.862690465612387,0.026265751832509,-0.0859413879070087,0.5211148547516948,-0.30484743322356783,-0.19623002866611355,0.9620770045838041,-0.04109182762771104,0.06360434041524139,-0.2328148828495068,-0.6039021018860391,-0.12180429546787701
5.402,20.611318986551165,22.870640147241655,0.8125477236459769,0.6682261463853315,0.022545337567062906,-0.024576556398025962,-0.7432102783981209,-0.24260926693866808,-0.07660858008132064,0.026094660438332425,0.7874062450345858,-0.5269614654258495,0.015039033303597717,-0.28248268583405756,0.0014571756571933616,-0.015556241033039403,0.56650438652275,-0.288677781702052,-0.08418834273300568,-0.03587968659145955,-0.4320170346442727,0.0376413648301,-0.012650749738381716,-0.09227054763881411,0.0025317221853941425,-0.8576095326960446,0.09824817486243759,-0.0936653928370966,0.14604907915667098,0.21046932154505799,-0.3071028638107054,0.9754436399351911,-0.0003192991047787835,0.014056086708046462,-0.3378127895248981,-0.5180977272260125,-0.0007705543930846864
5.452,20.61025714814252,22.848904503880537,0.8142186199176237,0.6684955893640389,0.020148921574859504,-0.02448824637770866,-0.7430396986363127,-0.28686902372616896,-0.07028840694377135,0.02058056234875021,0.7920320863942194,-0.5014704273585119,-0.0074338368532972906,-0.23235462894817935,0.0028686461100763615,-0.01659312469131497,0.5438325975035082,-0.31080827955398727,-0.08279337362397682,-0.007643119671107908,-0.4376323731072018,0.03026693578960381,-0.1157701474988364,-0.047514353046304254,0.026498121805837726,-0.8882050559168339,0.15302129435956682,-0.10185225441499007,0.007633615453852253,0.7132790756951033,-0.4968645826293371,1.033539174316918,0.05442377606214678,-0.052401986839586016,-0.5691534257026357,-0.3704946496462039,0.05138562774003939
5.502,20.610648530208746,22.82684812938573,0.8155045353975472,0.6691203493285017,0.017012144313967963,-0.021899982214774755,-0.742636476238097,-0.32763510468207624,-0.06165443423837032,0.01822946565304548,0.7794639206557259,-0.45925586504298466,-0.028648484746753602,-0.1795797545388247,0.006880228899353196,-0.020193337837356665,0.5099969529599759,-0.32616943641277313,-0.07962609561739598,0.02245370854671222,-0.443549492197478,0.01883434490972011,-0.20079675184777657,0.0035040898776370873,0.03275197583069916,-0.7300278156492199,0.17678749074263528,-0.004077083011114394,-0.516833040053661,0.8763082083492361,-0.33344546369001604,1.0547287064447541,0.10391297063987444,-0.08563727894026088,-0.7436389867925383,-0.26818069508731907,0.07070586661559784
5.5520000000000005,20.61248211319465,22.804449318614616,0.8159521347153513,0.6698700333113972,0.013169633492231487,-0.016882978604224313,-0.742169565704845,-0.35004158182774503,-0.05096313197246714,0.025462386453135394,0.7135973441533314,-0.39214845932849857,-0.039976545819204345,-0.12608550709514824,0.013929181433788105,-0.025443588747256284,0.46911995160174247,-0.3373881988067194,-0.07500616421597858,0.050704372369173856,-0.4515566852178333,-0.006363710818600932,-0.29674096227903274,0.03517877689232924,0.026467840428171928,-0.13624024330401435,0.23489225817526152,0.32260642854953,-2.1579974508820294,1.7252807170554962,-0.09219613328927684,1.046008388006285,0.17554089404048276,-0.10859060754753036,-0.8030550208484448,-0.22759728760726225,0.12587895694123202
5.602,20.615753923148954,22.781940623563493,0.81366097224255,0.6699257874417394,0.0076648215100975055,-0.009113687015611514,-0.7423325606093039,-0.33887751250302295,-0.042956845901451685,0.04200769533277338,0.5625339912249984,-0.28593080852045955,-0.04505407660846405,-0.08456727520621468,0.026158668133829267,-0.03294238553942064,0.44952404338266294,-0.3559788786738789,-0.06557571233157318,0.07365447054439059,-0.44570495603777566,-0.09642546040844857,-0.5187988291824519,0.03885463985893676,-0.050739219656269055,0.5098267143687966,0.09347006456099193,0.1368752151157865,-3.5316177716078583,2.2845651475494084,-0.18859649514320093,0.5115210684807333,0.3806199190096298,-0.2552491324937063,0.25597419218852563,-0.5492487723571902,0.24617099139795068
5.652,20.618649539638078,22.760806757751546,0.8086369571347952,0.6675850613967934,-0.003245903653441222,0.004206464058216992,-0.7445145771369689,-0.3216018633930134,-0.031171736427539367,0.015690858821694163,0.497847346218427,-0.16094921662406353,0.0058858874497982145,-0.10918489698823929,0.05582762105328752,-0.04541757300233585,0.5604284668696932,-0.36906323292856574,-0.05342553840905208,0.05594527156249544,-0.37312520953670963,-0.02839919735131141,-0.4860052704136219,0.16415753158468407,-0.05344788661006076,-0.40079975338405344,0.2610186995131903,-0.2916957037546911,1.6416690257286495,-1.421571479519414,1.2118125358436076,-1.6986543772151104,0.39061864280630154,0.10191133162918914,4.443695759645106,-0.06562403807776365,0.5883488652564263
5.702,20.62043640001699,22.74182970849682,0.8091540672145772,0.6665441975764581,-0.007445864398110268,0.010929928781210534,-0.7453481927511183,-0.3167592714396619,-0.02302603164046943,0.007320124851096605,0.5480697833440743,-0.23405721207781155,0.044524689575406,-0.19211447140125798,0.0684205962369971,-0.019338258054398948,0.7626597423624701,-0.4117968571278065,-0.027740764095110795,0.006672142941119568,-0.3928802085592316,0.030806565762309942,-0.2942380053528629,-0.051652516132032034,-0.08579879670238308,0.48885342250793523,0.22821963813663557,-0.12417186518494536,0.5150457581396022,-1.1583733865890644,0.4936606551551776,-1.386366952595315,0.22489272769790306,0.5541464293947063,2.7636810873031625,-1.1793982001257461,0.3626132267157811
5.752,20.619431276969546,22.721698305686598,0.8110855495469107,0.6651761097574976,-0.013858160420704908,0.01480113027803086,-0.7464111607821315,-0.28283702106228004,-0.01048376446344388,-0.0003542427812481719,0.5594675772640425,-0.28029181653107466,0.0628545026426486,-0.2543368975968136,0.0744548283929766,-0.003246575720874367,0.8405111673806216,-0.44339795109561386,-0.010835817034402112,-0.04221292027908231,-0.4092466021958439,0.042077491236125385,-0.2576680463603979,-0.09467424716521838,-0.06651816422836736,0.7966244693036365,0.25470664097267354,-0.15181889808330457,0.016265552377596252,-0.7540196642501609,0.24970729399542063,-1.215834062707545,0.09295515716714758,0.27200262071092146,0.7034134132476175,-0.11290358946085066,0.3690885362947008
5.8020000000000005,20.616392200642675,22.70095563359919,0.8129828419257605,0.6639107382880914,-0.018383264711582886,0.0168916951309598,-0.7473949811176867,-0.23972029038773598,0.00031355979982389037,-0.005677085602988938,0.5520391844394938,-0.3116920956833576,0.06770772497789838,-0.3187155063557811,0.07745759545400115,0.00935531653408389,0.8537261574605125,-0.4421754442141905,0.009063213566507288,-0.07583715143414513,-0.42006299318439827,0.03152782569665772,-0.09901459573999277,-0.05752151728854511,-0.06920795585507133,0.9073663004561595,0.16289545511637074,-0.046531276010132745,-0.27796948695500345,-0.5418988573585192,-0.00018676692329452774,-1.3589968696034374,0.013792103519954711,0.2136496723879642,0.019843087456632245,0.08164487181605931,0.3815285896956982
5.852,20.611995762085645,22.679773065434226,0.8142078515744076,0.6620217756856367,-0.018362152483073896,0.016507415207809656,-0.7490777697391511,-0.19299518272226043,0.00521330913298672,-0.0016784197106299499,0.5296779565583799,-0.3321522752194567,0.06345219659443234,-0.3875766979125354,0.07300082011380477,0.013658613654649864,0.846901519621085,-0.4362164570614943,0.028648519813544503,-0.09782168624796929,-0.42797269961080625,0.018193535866317893,0.1137222168850433,0.03935881917128061,-0.1322141787244189,0.9597430503775787,0.022945592827971074,0.1904411124315458,-0.5943917734082922,-0.3267156574664322,-0.05372361897024585,-1.3025400632073463,-0.22732314386620864,-0.11659728421177985,-0.3480068125115033,0.15440223479996898,0.3053098106051209
5.902,20.60648537580573,22.65808921338121,0.8146721064242307,0.6592411683544981,-0.013384014389236506,0.014134510328941518,-0.7516795631937753,-0.14465644482722426,0.0023671233992476406,0.011417054848749289,0.4942139692301625,-0.34599973896732694,0.06369094135288347,-0.4409683078217783,0.055134948957549806,-0.005142135624747491,0.8148641811180588,-0.4192561234448265,0.03707104161666665,-0.12301186384070631,-0.43861947516350636,-0.0017833446745108852,0.27534463469841397,0.1385037474773344,-0.16256865926473169,0.9498557824892351,-0.12372123141358816,0.3110040937871304,-0.7717171692653358,-0.2434683827271507,0.044956702809563105,-0.8249236304810403,-0.4127499881215812,-0.5311917530413959,-0.8482577116723805,0.48718251901795023,0.0771286055386223
5.952,20.599631628093334,22.63572217470426,0.81375187934118,0.6562076532629177,-0.004745213531021205,0.010192976054312845,-0.7544965884527736,-0.09732590843871276,-0.007625308751336412,0.02819823810228514,0.45485664931820985,-0.35752876848086923,0.06835328344882155,-0.45824872147777224,0.03203138982600668,-0.04396409884135036,0.7377775437111099,-0.356682908429472,0.03818074604580387,-0.15049405687641007,-0.4546088488514209,-0.04377951639017769,0.40926797631343365,0.16304823438112706,-0.14543931057618886,0.8943285705191201,-0.2734278167911044,0.3338951672854875,-0.6645506542085926,-0.28857854723571197,0.09784008057163197,0.16521390171370376,-0.43164592300133775,-0.90325661738897,-2.338002903215752,1.9319658397845103,0.009219561304073816
6.002,20.591790337220022,22.612731062341368,0.8091114666831197,0.6552616371017963,0.006882245230953439,0.0013222037482209588,-0.7553694946319328,-0.06988168946727956,-0.029947210490009795,0.049426320072912935,0.46212020965588907,-0.37672544204870395,0.06493418805329683,-0.4188336766741511,0.017312997686801956,-0.07049534991617998,0.572283916778422,-0.2445958701058686,0.04148209550267949,-0.15269443711880107,-0.4673552656376085,-0.14644318607289725,0.8276704659234018,0.03498640021206921,0.0550719077218296,0.13192199428611825,-0.7700373658643189,0.3716220682794627,1.178316387852782,-0.4251506207834588,-0.19002731053044053,1.2999245379501196,-0.22841418456985907,0.08293819541017741,-3.87583847169896,2.1304262572526294,0.11283803196700103
6.0520000000000005,20.58427122537271,22.590737159816648,0.8048310205406068,0.6556170663228148,0.01796184150263111,-0.011389890127924135,-0.7547939487032025,-0.10140643988851443,-0.0609745706948958,0.053376555460464534,0.5933782218463092,-0.3800276376923985,0.047165590038117204,-0.3942762648134344,0.01577298906934071,-0.02905562122361072,0.547867580683239,-0.1571065628070174,-0.0324313915513408,-0.1373412616946123,-0.40303884424029085,0.01852058386925779,0.38010757448933874,0.055053050315261434,-0.04930713824671921,-1.218754729553926,-0.5506213323900855,-0.5552947638137204,3.4626467479522423,-0.7285903626486726,-0.2056109795968487,-0.004354857864127568,-0.1369622856603429,0.30757528543086465,1.2818377191615653,-1.524327801099744,-1.1393339264625597
6.102,20.578246464898637,22.570662469085644,0.8072965234228204,0.6561064916426983,0.02213950733359491,-0.016595696690065758,-0.7541609222776711,-0.16052815640363274,-0.0794787195798833,0.03633618847447118,0.7258579561318915,-0.47477202067330615,0.03952290525040544,-0.3738913806425843,0.008883351001351432,-0.02130068818535863,0.5795301406659792,-0.21971021708433527,-0.0672206747915232,-0.1087694570896756,-0.4092819783242732,0.06309577578718198,0.1850290216288986,-0.09139663330532505,0.03761807173859544,-0.963331418905145,-0.12845806744768046,-0.08936763363495658,1.631530475847098,-1.8573217835375575,-0.15836347495262637,0.7534603146090219,-0.09412876380584986,0.10427210687375606,0.1295785490768412,-0.9167165822672102,-0.42468664924737065
6.152,20.573537699643264,22.54984809154041,0.8103775642189027,0.6567227789087782,0.02197070133985428,-0.021072607736048327,-0.753517368843061,-0.20358036249320272,-0.08087524318527961,0.032543337713506426,0.774446777167944,-0.5252913776295077,0.03127866170946483,-0.32879701850624327,0.005065139975678026,-0.017993753254637052,0.5744796803857762,-0.256321157489489,-0.07999899218149552,-0.07999528304053054,-0.4207794299009834,0.055778077499729156,0.0852578947304076,-0.12435559010561535,0.04177537785374737,-0.8225873350853884,0.033715256074770876,-0.08221793601213438,0.5254231494198022,-0.3377218968651833,-0.1951236870830105,0.9630070523164457,-0.0640676518486336,0.03325591261652276,-0.22436165458388327,-0.6127958206433735,-0.13022134088133758
6.202,20.57030287616218,22.528600837006188,0.8126963419502541,0.6573664688346587,0.02049579720926207,-0.023540822139742693,-0.7529243505436611,-0.24461909227634193,-0.07673761177728498,0.027903949818680676,0.7890992722898482,-0.5259382180456941,0.017832413338653402,-0.2802146452584751,0.0031048806355297785,-0.017538481346443334,0.5602661722367623,-0.28424882860640055,-0.08262295696669854,-0.050237298314930276,-0.42911315629539865,0.03811403748929301,-0.007207695477754876,-0.09141326042509701,0.031460829135901834,-0.8216702191645735,0.11593102868446134,-0.10433064752631048,0.14919747183088014,0.19435618218148445,-0.3044230759571004,0.9749277787994073,-0.015201533083006464,-0.004919278565962215,-0.33308411504897756,-0.5236137489283285,-0.0023745595227060057
6.252,20.568537064568577,22.506972850050108,0.8143776015904458,0.6582908338774814,0.018226248469395225,-0.023529430164501465,-0.7521750779012534,-0.2874548719866366,-0.06948971300459209,0.021778387338387693,0.7938820638398236,-0.5012140083002777,-0.004518782421517938,-0.2301390281904957,0.003550118841508572,-0.019882565243280925,0.5379305304067847,-0.3067644794529819,-0.08112591744449377,-0.021379850767710394,-0.4362483837812249,0.030300629478771556,-0.10755743000540363,-0.04521106927419767,0.06376429225628041,-0.8643277936316892,0.1744730323347966,-0.10516405462014701,0.008509563185181247,0.6940656864422832,-0.49671663912540936,1.0322567803140463,0.03303054804520797,-0.08039991808394858,-0.5607437145871021,-0.3795226551854838,0.0571025279994135
6.3020000000000005,20.56827373906956,22.48495171688584,0.8156542734687949,0.6596085299735017,0.015319833532643507,-0.021041480956768423,-0.7511585358403875,-0.3274021236358557,-0.059963295872055615,0.019400676146682297,0.7815601281280039,-0.45994458135137156,-0.02593294194871473,-0.17752576537253675,0.006468320410176665,-0.024842033674775624,0.5046458420154041,-0.3226021328483753,-0.07756970081081846,0.009906597153867347,-0.44338352356633265,0.01844706633648129,-0.1905568930384999,0.007399210910590108,0.06853253784173438,-0.7208714803984982,0.19029604425529972,-0.004414083174983597,-0.5080342917790894,0.8606627286952004,-0.34042888608157756,1.0494037735553134,0.08261232925846557,-0.11173235990047835,-0.7301071952886719,-0.2782023044655346,0.0786421394603311
6.352,20.569499319560343,22.462546331295446,0.8160748063543893,0.6609971081859833,0.011773158483963694,-0.016089874883367813,-0.7501235442480911,-0.34974515983440607,-0.048803850071421344,0.02653755214087725,0.7161399896892882,-0.39325419192992617,-0.03816158379605557,-0.1244073070506061,0.01257339862775843,-0.03138946049395163,0.46452730069859627,-0.3343086371260056,-0.07271960684343044,0.038848706010290626,-0.451999997779794,-0.0069248499192834136,-0.2881620655794037,0.040525292687962684,0.05890024841800465,-0.14175749075164598,0.24199875647079405,0.32165482288890707,-2.148779082399283,1.7239041284935661,-0.11669727496886408,1.0379141746740799,0.15961134683300096,-0.13375869809237623,-0.7887886977996021,-0.23655885485372194,0.12701938199020293
6.402,20.572206351892955,22.439990009081814,0.8137658824512207,0.6615896450872993,0.006572499349884744,-0.00833803379597535,-0.7497909181618406,-0.3393013194483423,-0.04069296332393432,0.04303606944314206,0.5660783325641254,-0.2870936988826931,-0.04399466214967663,-0.08292732726846054,0.024158592290534284,-0.0396243107652835,0.44495109793598137,-0.35338945824198387,-0.06349902126410427,0.06320364310102541,-0.44700797898543343,-0.09701183688619172,-0.5079202398409324,0.04358923807126328,-0.020245469703497672,0.48525829742358245,0.08483894010294718,0.1363662606167586,-3.5055751485834725,2.2858128417007673,-0.2046987423816925,0.5260020979911216,0.367102650545684,-0.2507739327281264,0.22810067668048473,-0.5694778450351816,0.2382906864358151
6.452,20.574613180823484,22.418837744902063,0.8087820186094001,0.6597979724158426,-0.0038665274591283107,0.00498207253706221,-0.7514165718924393,-0.3220962070856409,-0.0295495859919988,0.01793656292926129,0.500754922428129,-0.16909491538429977,0.015530585387529907,-0.10720298803919984,0.0533205830243397,-0.05029255041274462,0.554981320149361,-0.36761989247543947,-0.051159571253409,0.04548981706608048,-0.37122680491221755,-0.027481621242737543,-0.4831510451460573,0.1762074237525372,-0.02453625741378286,-0.3902590438323356,0.25997445547280923,-0.3068599598438567,1.5613722361945421,-1.3117656554139807,1.1269108123094846,-1.7372884339180206,0.4319409792108745,0.21919942634816308,4.502286230547194,-0.07922300782028105,0.6014923829479476
6.502,20.575899091989896,22.3999841755054,0.8092374374002773,0.6592640262009022,-0.00780397603038952,0.011726771418070476,-0.7517795717812505,-0.31754801959095985,-0.021783694195281925,0.008458511824675954,0.5492501215462119,-0.23604187482147365,0.047340560714328496,-0.19200498978110683,0.068433748676487,-0.018830475319986727,0.7612127538205798,-0.4105411537389437,-0.02795113845026346,-0.002879106222031692,-0.3903039560232404,0.029438757394706333,-0.28453247331786113,-0.05253743501904013,-0.05827628721662056,0.4841393469628055,0.2121982208541198,-0.1434713650058213,0.5002851557451556,-1.0886508696177348,0.4107732880473983,-1.4058351031406005,0.25624306429876814,0.6046673751379812,2.8064302620453647,-1.2164065224857725,0.3391831632449095
6.5520000000000005,20.57442674532104,22.37998376747127,0.8111120812282626,0.6583670500444716,-0.014091079233780007,0.015416567409475545,-0.7524072024848485,-0.283693231079232,-0.010062614299560572,-8.828201988560539e-06,0.5602736395262584,-0.28041396699456883,0.06360014942256406,-0.2545037332085237,0.07492449404290925,-0.002556391310265827,0.8398213233774522,-0.4434182267797323,-0.011893089329368377,-0.051436143126316024,-0.4063805208354828,0.041169899732951105,-0.2492281154575708,-0.09927092503237825,-0.04246905658104533,0.7947729316661096,0.23808938083515319,-0.1678436599626373,0.014883372627470247,-0.738492371787576,0.24111581870983112,-1.21416039035094,0.08834976808562485,0.24881102807920316,0.702964365722998,-0.12427479838401226,0.3556384850570139
6.602,20.570924060613574,22.359394919031686,0.812982136522534,0.6575248846996309,-0.018551623331532742,0.017356428062895366,-0.7530043941952791,-0.24070557253667668,-5.820102627303162e-06,-0.006177075565679898,0.5529037835322382,-0.3115193782801325,0.06855365435263738,-0.3186989882850298,0.07771931504643842,0.009150936090089072,0.8529715698912727,-0.4424765560040994,0.007610595439620297,-0.08523740644980056,-0.4168694907861469,0.03129785579124063,-0.09356017989488544,-0.06129057093543179,-0.04718016917380846,0.9046927736469796,0.1503496436591487,-0.0649738985196617,-0.27631021318140425,-0.5392023555927113,0.003130326097598816,-1.3547737953576129,0.012668347079673452,0.2053309623222027,0.01984350737987324,0.0823769825082044,0.37807902147308087
6.652,20.566052311687343,22.338372449764563,0.8142056921500711,0.6560378052216349,-0.018529700986618432,0.016847625716954875,-0.7543124059758181,-0.1941290253616574,0.0044074670554351105,-0.003179942579639934,0.530668320750641,-0.33184804903831866,0.06433415296160129,-0.3874463393659533,0.07341144577387608,0.013599372343849074,0.846401609349581,-0.43626048944655754,0.027414232547105292,-0.10744992336766267,-0.42473132086984633,0.018225234472549985,0.1159939398606561,0.03589109692459869,-0.11120427793245413,0.9562798250821469,0.018366353328960396,0.1713064775482219,-0.5916857749798202,-0.3190770824556111,-0.07061567579476863,-1.302197003142373,-0.22040565208686766,-0.10490633313554037,-0.33928025959011376,0.1590071608570677,0.3164891880123842
6.702,20.560069810261382,22.316859946227975,0.8146737884891635,0.6536196229593593,-0.013580858629595696,0.014353142524798131,-0.7565652226087386,-0.1460859148597481,0.0013274506786906653,0.008966009011555632,0.4955607196368117,-0.34560573633192254,0.06443328391460802,-0.44078757904318316,0.05577466280096491,-0.00451989985561297,0.8146251061505468,-0.419224544032828,0.03634963463506966,-0.132278089209394,-0.43493843332235493,-0.0017199038694492058,0.2774990418856536,0.1361571700450307,-0.14311797751736557,0.9418699976163206,-0.12717325676445249,0.2931941373087713,-0.7617509332071635,-0.24337401344349402,0.044362273652450726,-0.8219688379094516,-0.4121603241577168,-0.5205887580742403,-0.8482027671584642,0.48668710835213874,0.0851435831475754
6.752,20.552759365324768,22.294697460174188,0.8137557138241208,0.650934856896841,-0.004956550593928908,0.010290963355033607,-0.7590476538110925,-0.09933024168375805,-0.008786775793490933,0.02488029705611454,0.45691301230613723,-0.3571816888106919,0.06911653178089593,-0.4577379538749026,0.0326140883502022,-0.04281885791175586,0.7371106136039028,-0.3567831878275533,0.037745151563540184,-0.1594944489082474,-0.4501170094988443,-0.043788406250076115,0.41141520407828025,0.16260326826349705,-0.126061975805038,0.879452778222382,-0.27507007129832717,0.3177649653112707,-0.6462072235107763,-0.29078358394176906,0.09794361168532008,0.17510944537043277,-0.4337047912428042,-0.8916644137415085,-2.35367483489044,1.9277785365576274,0.01850350234653136
6.8020000000000005,20.544482516345134,22.271943059925658,0.809097993203698,0.6503526964149114,0.006662361003597177,0.0012943504126404787,-0.7596020720539934,-0.07263058356867132,-0.0311616644761159,0.04581054336232279,0.46500662522334024,-0.3765651351535827,0.0656820858402268,-0.4177408920375204,0.017600342880090346,-0.06876333015290016,0.5707530881812513,-0.24499415369030977,0.04223550612097281,-0.1612041839569768,-0.46255060117918545,-0.14748227460848315,0.8301449735658945,0.035446250871349845,0.07464458408722774,0.12024903443826278,-0.7704732914049361,0.37619377599740295,1.1880231846013989,-0.43244195757484666,-0.19118903820479127,1.3114644396775426,-0.23891352369050073,0.09359918718352067,-3.888897010543465,2.1216666963956152,0.1411133313580874
6.852,20.536559414387387,22.250196274132307,0.8048111638227161,0.6509453717872304,0.017609679660074064,-0.011422766849176359,-0.7588343314113843,-0.10371643317286457,-0.061687074934135964,0.05092207285634501,0.5948515099728557,-0.3803944190728447,0.04782594328012939,-0.3937645307263516,0.015863108607285868,-0.027882569616028918,0.5473788744399937,-0.157071024111857,-0.03053776729656081,-0.14486086888503585,-0.398778936726777,0.01890424101209165,0.3751773621058991,0.054049487014094295,-0.037646257857259294,-1.1931561801873585,-0.526724030676678,-0.5001634354304764,3.407304389605638,-0.7580817294316908,-0.20149008432776375,-0.009097647603365133,-0.13519493853773612,0.29019469900899275,1.2893944467779426,-1.5156974973560735,-1.1558781172308759
6.902,20.530182455131023,22.23030480851355,0.8073067269835281,0.651710428252197,0.0216813785465538,-0.01662700837713047,-0.7579755788441243,-0.1616604217511048,-0.0792414226326288,0.036138709281165415,0.7251772220521754,-0.4751833642524926,0.040605218081405985,-0.37326344754291385,0.008893822377416514,-0.020951471410678834,0.5788666166128402,-0.2193417862084934,-0.06612519663204132,-0.11541127741252634,-0.4059733340596824,0.06383888645770555,0.1836584485661076,-0.09227489710380087,0.05308936176095648,-0.945080302127452,-0.12137871276143995,-0.06605949174752754,1.6100158103469167,-1.84178447938686,-0.14866364181695274,0.7582064712943494,-0.09834886864566743,0.08877721466339325,0.12165326588752984,-0.9114106236462048,-0.4343073140271732
6.952,20.525153353995748,22.20963673388782,0.8104225216423968,0.6526328057768118,0.02145204478852243,-0.02110749812328478,-0.7570764189441191,-0.20394807459455924,-0.08059695003145254,0.032957543434487875,0.7734986824917146,-0.5253178666630371,0.03254410097981701,-0.32791751481453046,0.004831952056582311,-0.018400209155407035,0.5734108589407523,-0.2557227675648901,-0.0792180563264309,-0.08619616473715697,-0.4181699901416241,0.05637048883843246,0.08489971748150896,-0.12463267903248189,0.05740787144649131,-0.8097484966324193,0.030429459590863368,-0.07794937129241873,0.5305288089241468,-0.3365543883709786,-0.19717599015626416,0.9672535130295269,-0.06902489505654877,0.018964770055773572,-0.23164178499499427,-0.6092341727012002,-0.1340358375146968
7.002,20.521616008768287,22.188503357069504,0.8127646738557757,0.6535548930363805,0.01996343399480732,-0.0235712801580284,-0.7562485423741664,-0.24442797154019988,-0.07663599882806509,0.02840002214192548,0.7885830258503421,-0.52598828824313,0.018941603220872648,-0.27919101287929315,0.0026481020169419928,-0.018599474232829243,0.5589051144494638,-0.28351621143006706,-0.0819637699401096,-0.05620167641904343,-0.42712605097155615,0.03846384163031348,-0.006935074692593052,-0.09047895718364601,0.04558076132430564,-0.8124378827000521,0.11313261036987554,-0.10475248210271676,0.15926894129870384,0.19332645788683966,-0.30744498994280794,0.9766630494831559,-0.019257658121027862,-0.017469554660825896,-0.33776532432460044,-0.5215592263510369,-0.003454730289588733
7.0520000000000005,20.519550350781493,22.166958333241762,0.8144564853391053,0.6547583699513019,0.017707642134426983,-0.02352850151970864,-0.7552644080088711,-0.2868577307898074,-0.06934342296661941,0.02238532966212744,0.7936916610140475,-0.5013978781971651,-0.003501950766656717,-0.22903504197454216,0.0029362338633087143,-0.021632964035223023,0.5363364608973246,-0.30595110852881385,-0.08051681706112959,-0.027273491949487444,-0.43491124028634526,0.030413595487342612,-0.10720153558164293,-0.04354951981680119,0.07886431327330322,-0.8572207382417937,0.1762621375151886,-0.10143382250283177,0.011285961497375773,0.6904989495276754,-0.49721079764187753,1.0333984141022705,0.029473264483610092,-0.09450759368398137,-0.5642838415763008,-0.37889960984147336,0.05720413741715927
7.102,20.519003060852796,22.144989297185624,0.8157342442349844,0.6563567398178257,0.01485851800193324,-0.021019594407865272,-0.75401142643161,-0.32660753803853326,-0.05977039483833782,0.02014248564763776,0.7816039198035049,-0.460280123114481,-0.024916897032630985,-0.1764096445186603,0.00567529236756875,-0.0272555328931313,0.5029410689979876,-0.3217831549999813,-0.07690980086809578,0.0044612556454005645,-0.44260144663593487,0.018423253147416767,-0.188953440820638,0.009577727604421453,0.08253260892069965,-0.7197580206596742,0.1898434815200962,-0.0038613941590125533,-0.5021533036099693,0.8586991138931266,-0.34034394483267993,1.0490394585027698,0.07906513175523011,-0.12402858485903223,-0.7314784940479949,-0.2782750507297759,0.08004297203163911
7.152,20.519963709127538,22.122612916260387,0.816155354226744,0.6579967558890757,0.01139815730023599,-0.01605591382581843,-0.7527632821019038,-0.34906895526678355,-0.048626463761897026,0.027307976469345404,0.7166008063141708,-0.3936409482557211,-0.03722839446756995,-0.12330330796768064,0.01163217500832445,-0.034382059508764114,0.4627320474279618,-0.3334672803654301,-0.07203347240857699,0.0336769563889248,-0.4516311981684759,-0.006807320649861935,-0.2862249403180703,0.042640993002567684,0.07109114891172721,-0.1470072975409727,0.24185265171978843,0.3219442731311449,-2.137994057959962,1.7229441628558049,-0.11999506721421624,1.0384124500646186,0.1574389574890833,-0.14408070173515422,-0.7921610859469262,-0.23519722979300905,0.126651115271673
7.202,20.522425087285182,22.100065700313028,0.8138641300346112,0.658804208591874,0.006309354422618701,-0.008296566793791284,-0.7522422307793152,-0.3391734358503845,-0.04057492304051867,0.043846921532328983,0.5674666263148108,-0.28771526609493064,-0.0431168252434907,-0.08163886788401117,0.02311968112624448,-0.042880537112008246,0.4426339398964601,-0.35246563483437354,-0.06291774846559041,0.05873484218212537,-0.4469675607060804,-0.09651968300382238,-0.5030956018327818,0.04629833733865146,-0.00919905204204195,0.4694984365361374,0.08050633619721928,0.14055601124813166,-3.4844994954182735,2.279291614888211,-0.2035348069657506,0.5356413631165339,0.3639762831706676,-0.24525728290821983,0.20520578414308102,-0.5711917599341753,0.23422336696935755
7.252,20.524608892666144,22.078840846399462,0.8086669718590644,0.6569572844004782,-0.004293495080638524,0.0051873231969666,-0.7538977278458875,-0.32121145441874416,-0.029894570462081115,0.016933461024245724,0.4998650427860681,-0.16138128955737124,0.015348010431725966,-0.10508696052114999,0.052901497757871285,-0.053069004291584856,0.5516451084284885,-0.3681456137442126,-0.0510055080445806,0.04215969992035594,-0.37251049959671245,-0.033229165903901466,-0.49414283827391825,0.1755898264387399,-0.023464144290936444,-0.4194672072226596,0.2566166339559517,-0.33221578360956106,1.64435234341308,-1.4631380831737695,1.1779543155739145,-1.7247805971553147,0.42195181413275495,0.1801132212276898,4.466549744462251,-0.09291591011338926,0.5670377912035174
7.3020000000000005,20.525780634901746,22.05996714706724,0.8090599193925043,0.6565907534475148,-0.008014528135272788,0.011924967625396396,-0.7541101676632708,-0.3178622200474263,-0.022954896481291426,0.006945040560275217,0.5510581429212041,-0.23558836562069446,0.04793931128696954,-0.19017610514897285,0.06766494573102974,-0.020255937084954635,0.7586610123388279,-0.41014886432421155,-0.027959184868543797,-0.00524331181565294,-0.3906434144487645,0.029456982047613548,-0.27590758391975384,-0.04965843329266123,-0.05330448505894184,0.4778417764198223,0.19811922388943362,-0.14382413497588054,0.5166536505017885,-1.1610777992126893,0.41943508990553063,-1.4221505481642893,0.2618849580033736,0.6596607078167015,2.8775346614933452,-1.2115027409863297,0.3340789292362064
7.352,20.524150235268955,22.039973062572425,0.8109692564689385,0.6558531397902285,-0.014154684378874679,0.01566714027420301,-0.7545931649922767,-0.28423054776901796,-0.011578758628567297,-0.001874150797620459,0.5621166534311707,-0.28137698366606895,0.06409056893709977,-0.2533832398800843,0.07445433740612493,-0.002821177684558992,0.8399161873033614,-0.44409722895607295,-0.011816409540572346,-0.05503699753885235,-0.4062590852676399,0.04232109131331661,-0.24995181098160119,-0.09668706424869203,-0.03251328574053591,0.7950817870202701,0.23557269363199887,-0.17788868397138205,0.008025768140190365,-0.745134920558412,0.23414267097890623,-1.222549573601308,0.09773395087442824,0.26404300359757693,0.7399230124131855,-0.13816182505490754,0.3608858655361062
7.402,20.520462010322895,22.019399500063347,0.8128931363838778,0.655206335577887,-0.01863180977448544,0.01769743135475395,-0.7550127908893781,-0.24119398155503666,-0.0015187005357190947,-0.008629684120486671,0.5544067886352428,-0.3123244690051717,0.06885014153918113,-0.31780936246551933,0.07773335732655688,0.009392612641724607,0.8539560015705144,-0.44356493510849293,0.007855337182166758,-0.08880673348176421,-0.41632739458034784,0.03210357084351429,-0.09710991752618087,-0.0615005805175725,-0.03654402269565056,0.9052020263988746,0.15141212539016297,-0.07685448883563092,-0.28050555594588805,-0.5337533357771056,0.0018178367721297752,-1.357495854708769,0.018114058442847775,0.20854454129744351,0.024631867522839447,0.07909051852877287,0.37913011600148594
7.452,20.515423228848647,21.998425455939124,0.8141341994167416,0.6539078747546346,-0.018684735148194822,0.017253190936183847,-0.7561466123767518,-0.19477756841351856,0.00293239592681756,-0.006255663925101851,0.5323680284813277,-0.33275113790330796,0.06517813697256959,-0.3866599778615005,0.07365177384311014,0.01400928165464989,0.8471757694661743,-0.43734514503983285,0.02758188992115525,-0.11052516148912535,-0.4233797323517259,0.01836333853446238,0.11276812675566472,0.034798224696066124,-0.10113994508478764,0.9499185887564158,0.015835323344914047,0.15697617515465304,-0.5804683917243842,-0.33287321977566825,-0.032849445007154754,-1.3042687836753315,-0.21828846682459008,-0.1022799185027904,-0.34866845878427133,0.16279578903877875,0.3141359667310742
7.502,20.509294081211863,21.977000267599504,0.8145940546030507,0.6516678558250891,-0.013810272867703274,0.01478912057817595,-0.7582345045961532,-0.14707921082395528,-7.028113569379325e-05,0.005307688403222965,0.4977426892945708,-0.3466489255830036,0.06544352266697065,-0.44024745750128025,0.056154707371888636,-0.003949629082938102,0.8151345494387616,-0.4201834564012303,0.036501088685791876,-0.1349949022880314,-0.4328631589679428,-0.002019092294741649,0.2751495987225344,0.1352277483196887,-0.13405994788773024,0.9340323252960475,-0.12530537590562238,0.2825656406989217,-0.7514193990086293,-0.24520089772278866,0.04036316033411245,-0.829952458418996,-0.4081168510317821,-0.5153053841157526,-0.8486424125378624,0.4872139375860906,0.08652533768359968
7.5520000000000005,20.50185610137652,21.954962105927,0.8136661923525799,0.6491499928388906,-0.005220739523444015,0.010751190640065434,-0.7605665273833165,-0.10083857958223692,-0.010087625495759181,0.02072151344676082,0.45965909603553545,-0.35834438080879094,0.06997000619177546,-0.45781246223213673,0.03320528482591431,-0.04208829109190093,0.7379797071650415,-0.3580967889240743,0.03797281828649841,-0.16190982695614226,-0.4472715511025691,-0.04372517432322496,0.4095400976986894,0.16420882921080898,-0.11699762394785804,0.8670288504505583,-0.27252394002981584,0.31059138829524174,-0.6346296386059188,-0.2917288980640432,0.09482463657096485,0.15909617433888548,-0.4292459617617298,-0.8900930108263582,-2.338108744326053,1.916731003751228,0.01714376928235627
7.602,20.493464145811842,21.93235801732546,0.8090688552589306,0.6487021593525161,0.006397334174381443,0.0018027700975309854,-0.7610133590068043,-0.07494817027911745,-0.03243316931124107,0.04141152593136413,0.4685037558410604,-0.3774237737739209,0.06735333040748286,-0.41855447179715616,0.01830244538474451,-0.06835702956826385,0.5723147632203157,-0.24642290477391635,0.042188696425156595,-0.16361388629456258,-0.45957195424271435,-0.14515120059013542,0.827051801027298,0.03803096765585503,0.08129277692830572,0.10127176972740712,-0.7641664878939176,0.38733867574644765,1.2071014405713165,-0.4051193838295238,-0.21133963192437522,1.302233264967312,-0.23829575728598376,0.07533820702874425,-3.8838712347535598,2.1289274720925473,0.13430048219470142
7.652,20.485435116921842,21.91070124559872,0.8048019436113516,0.6494512122426315,0.01730557572895023,-0.010976646106887832,-0.7601270638554513,-0.10624455068350064,-0.0627899374907569,0.04795254188763535,0.5985023599732605,-0.38028740426182156,0.04872913926567677,-0.39383282776869194,0.016470624055897866,-0.027785507614807275,0.5475222808482568,-0.15794515985193935,-0.0306694017309272,-0.1467944463937843,-0.39769343258798456,0.01765529059732396,0.3781124719084652,0.050447444054799416,-0.03289958308110805,-1.1820053582653263,-0.5095370186636935,-0.4324638565648472,3.388731293839666,-0.7456107138400005,-0.22672208995338336,0.002709426012672664,-0.14037711745323161,0.28819157360461706,1.2714811590116337,-1.4875845663490732,-1.1423372187377296
7.702,20.478956399958662,21.890871484370425,0.8072354510537576,0.6503293319767909,0.02134604244839192,-0.01625282810164102,-0.7591784717845401,-0.16370075221870956,-0.07940443530866047,0.035519253019344194,0.7278126045861643,-0.4751400212430745,0.04109874787198491,-0.37321048555644465,0.009276341772171749,-0.021090846001917067,0.5789449791563887,-0.21964815156129736,-0.06574427501252603,-0.11740277970260368,-0.4047252773509407,0.06289625553160771,0.1843995602248626,-0.09403745268655782,0.060143905261784605,-0.9361039031608914,-0.10628395230168972,-0.03907635357884476,1.5919426920068527,-1.8495872070131292,-0.15027711033143917,0.7577130162806867,-0.10262649057989352,0.08279018405839951,0.12635636105636436,-0.9095336784483659,-0.4290562259634252
7.752,20.473840136921556,21.870262071116002,0.8103308179153882,0.6513985934613843,0.021104831272758102,-0.020771452881840815,-0.758157638805186,-0.20559630190155034,-0.08035595231782965,0.03299222570266576,0.7753209183387242,-0.5255399398934086,0.033004912493486395,-0.3278684732680955,0.004981314310576485,-0.018832006636295084,0.5736098626807227,-0.25600745804400205,-0.0787185829827399,-0.08772623440861992,-0.4171442296064451,0.05639624664984976,0.08611266867107842,-0.12535861791083835,0.06420886568838402,-0.8023125319702823,0.03414040429850218,-0.07338966785827898,0.5181349420342857,-0.3411214828108107,-0.19816492407569009,0.9682259019832797,-0.07314715088333602,0.014603057514897532,-0.23172799014730197,-0.609230928537085,-0.13262847294528843
7.8020000000000005,20.470231590621637,21.849172705283568,0.8126864289956798,0.6524630447268295,0.019615105500669444,-0.023263556412389783,-0.7572093698872449,-0.24578270949184888,-0.07628357374554913,0.02839346944279034,0.7900823189157413,-0.526304944956351,0.01935042512049098,-0.27903317459801813,0.0025832334954318105,-0.01930708363608572,0.5589784154161715,-0.28377088532775807,-0.08142339601881193,-0.057528736877010836,-0.42638789937621807,0.03885528414250036,-0.005931039678363573,-0.09080850545476761,0.05339998370908882,-0.8075686462515629,0.11526269200624903,-0.10725506998420635,0.15625933734378933,0.19264030881495867,-0.3082634303140233,0.9794445348380492,-0.02367707560067424,-0.023507304787669537,-0.34157098387132573,-0.5204486408864,-0.0030425408236992124
7.852,20.468101112995456,21.827655790134614,0.8143957883726073,0.6538070938379957,0.017360168192541277,-0.02323476203283005,-0.7561051874182053,-0.28797362459176307,-0.06881257603632215,0.022284112092695995,0.7950760869639474,-0.5017054736322788,-0.0031558593012820007,-0.22872332087946112,0.00270036343958881,-0.022641265692263438,0.5361877547689164,-0.30613222255307054,-0.07994897698036127,-0.02843325057730493,-0.43449735459119004,0.03069352047074436,-0.1061870865269852,-0.043561081035387264,0.08665935224196865,-0.8531883573793346,0.1795655012589461,-0.10234677314263728,0.009966304034455767,0.6908967252053455,-0.49896351299359454,1.0359968985979724,0.025316529550422195,-0.10097905083681638,-0.567784176277212,-0.3779110511242768,0.05857108782552006
7.902,20.4675040459136,21.80569987417129,0.8156838140416909,0.6555510155080346,0.014539354132163463,-0.020749162297600612,-0.7547257419167256,-0.3275383986613663,-0.05909601467382816,0.02007199243402785,0.7828753163673845,-0.4605632098353828,-0.024681294160364187,-0.17600405725601148,0.00521453367211619,-0.02857408048213239,0.5026737682720952,-0.32193251316318205,-0.07624725685885861,0.0036205566815762035,-0.4424548409442641,0.018542719994809564,-0.18720541178746372,0.010099672726123136,0.08998700153122012,-0.71665197994242,0.19162706503226729,-0.003358178370650759,-0.5048290354195925,0.8592549605149775,-0.34271613739328294,1.0501110912985874,0.07453174196307424,-0.12992590126559053,-0.7327314644501183,-0.2780037001015375,0.08215945566205506
7.952,20.4684288274494,21.7833273852335,0.8161058843049259,0.6573170121695749,0.011124651959677776,-0.015800785443207798,-0.7533663934704125,-0.349878566431193,-0.04785911025886343,0.027409237543130224,0.7176771897789396,-0.3938060072426564,-0.037211908940528234,-0.12289639061703281,0.01097538530872144,-0.0359700359224621,0.462462368766409,-0.33361740541971113,-0.07129554310606885,0.033077819236402455,-0.4516072380605272,-0.006888570067398892,-0.28477831414298505,0.04371821434169804,0.07707201601715702,-0.1455354901840787,0.24260086002471545,0.3258267149504748,-2.141673600962324,1.7266407900833516,-0.12600405242620458,1.0375940498124994,0.15416598294258863,-0.14895640387481723,-0.7911656070150107,-0.2355237280098844,0.12739488208590066
8.002,20.4708657882331,21.76077741906154,0.8138049848126313,0.6582156538715066,0.006072310882323622,-0.008040657286755891,-0.7527619994855274,-0.33997039032564585,-0.039884425484258024,0.04397440794666874,0.5684954278470932,-0.28766116367813654,-0.04344805778996556,-0.08128984750861648,0.022359830288811132,-0.04456726530007984,0.4424673810991109,-0.3526520412682434,-0.06219882723539737,0.058332676507764136,-0.44709863330376703,-0.0968436047037412,-0.5027897619184248,0.046861473299345854,-0.005768410596842032,0.4690080093384065,0.07750093480816123,0.13779278557385224,-3.4840416906240037,2.284841948790727,-0.2124084448219535,0.5343964588208445,0.363644097976823,-0.24097126378289785,0.20809086714776412,-0.5726308410133902,0.23389903919768712
8.052,20.473056325525725,21.739610596610373,0.8088086828792312,0.6566161192455392,-0.004219573873933423,0.0053057014128272285,-0.7541944819976921,-0.3227261456016528,-0.029308151224952558,0.018437985538914757,0.5023938955473014,-0.16921109144476146,0.01561992620638418,-0.10512624142204373,0.05149919717170013,-0.05397023168641284,0.5516243786038746,-0.3674307616653065,-0.04988461494666385,0.04127324996728895,-0.3710315931401543,-0.028303191752857136,-0.4859718838512185,0.17945090380233447,-0.014601972012720902,-0.38238786983675055,0.2566014108700271,-0.3202780548120762,1.5352222533039803,-1.3165825704494514,1.149603075601535,-1.7441963137424827,0.4484623920698212,0.2647469897476521,4.507711685464434,-0.08083166659701371,0.5983024763299708
8.102,20.474145498896416,21.72080626361258,0.8092154090276198,0.6563300934205883,-0.00804025304770762,0.012113114159009205,-0.7543337691412333,-0.3183313892949327,-0.02192631925763295,0.008326332795259527,0.5504310671608253,-0.23627778156544854,0.047843005163541674,-0.19075910302578206,0.06788967956038942,-0.01946579211058817,0.7598249920148137,-0.4100428563800822,-0.02775451966110025,-0.00656345543567448,-0.38907460339033983,0.028554776431064053,-0.2810228720724301,-0.05066387967143577,-0.04486587105875681,0.47946807487661364,0.2023831782658224,-0.1532240734594108,0.4980629346101429,-1.088749632344403,0.414832012390538,-1.4196145352097604,0.2753902001693876,0.6451563047121684,2.8476205259806258,-1.2318436580237784,0.3272303871523978
8.152000000000001,20.47248861499206,21.70087573140644,0.8110654340849002,0.6556796475303287,-0.01425054042296869,0.015794440447108083,-0.7547394633667436,-0.28468419678337675,-0.010592674169140219,-0.0006314109325376103,0.5613866016533713,-0.28045853849198554,0.06398438728145718,-0.2536527317129763,0.07484045505106708,-0.0025614478312585946,0.8396922255038413,-0.44376483997053984,-0.012204355265213102,-0.05511310734292531,-0.40490178953901973,0.04103063267715133,-0.24743130090518098,-0.09975288824758588,-0.029189887114797815,0.7917843247851114,0.23106297181140079,-0.1789272112390799,0.014350526344612962,-0.7344542432147835,0.23992525338115533,-1.217184308386708,0.0921765891367378,0.247734572660252,0.7163296743278699,-0.13281241947258327,0.34878523506220965
8.202,20.468803216101684,21.680367435482456,0.8129398460375249,0.6550800786262053,-0.01870988737129194,0.01771411024062114,-0.7551200176131079,-0.24182398291807033,-0.0008244698516297686,-0.007380910694049842,0.5540587466871338,-0.3114344204348953,0.06902861210747124,-0.31789131372253315,0.07780604694789296,0.009060675997520768,0.8531494110245428,-0.4430153766251152,0.007101128867432855,-0.08883130095290868,-0.4151358183361615,0.031492874920709846,-0.09311829542692364,-0.06341510359940958,-0.0343472449283969,0.9025076067930962,0.1455328773293117,-0.07707581009912616,-0.2746333557734759,-0.53716054988357,0.004730405227008287,-1.3547520326850813,0.014969670462339147,0.20373515318955382,0.021768373923021833,0.08248339264045447,0.3758993967707241
8.252,20.463755685241615,21.659439366248346,0.8141721986576771,0.6538280444648508,-0.018733463087284248,0.017174278611941433,-0.7562162321625905,-0.1954159625460792,0.00338433577605605,-0.005034680486068546,0.5320625216381836,-0.33182646296814244,0.06517550728189603,-0.3866783263664825,0.07369411149174705,0.013670260428617815,0.8465900995092747,-0.4366693433359375,0.026935161476023914,-0.11088663521344211,-0.4227106805269124,0.018456164979193987,0.11556857669776938,0.03320875562112945,-0.09891977206810765,0.9518200717361239,0.013950396813188916,0.15709267581394598,-0.583902153812941,-0.3252896679040941,-0.05273842691648001,-1.3039596776773656,-0.215129162091647,-0.0971072237937015,-0.33942650328099727,0.16237195854906994,0.3202348143935439
8.302,20.45760725398623,21.638037477085092,0.8146494049543841,0.6516304658116839,-0.013845264893772672,0.014639275780204665,-0.7582689076249264,-0.147610930999242,0.00022156522268069545,0.006469141454666304,0.4972954690077762,-0.3456153370529342,0.0652743723292738,-0.4401708706610369,0.056311012498695766,-0.004026692624787574,0.8148477002367849,-0.41963059950231757,0.03608433094980801,-0.1354223298164912,-0.43252324247834534,-0.0015585665194345463,0.27705782538341456,0.13392616312973096,-0.13168873125334016,0.93624038400075,-0.1278526021494255,0.2812380002093112,-0.7544783130158351,-0.2434705881939559,0.03890514041041701,-0.8258277736664479,-0.4079677954457504,-0.5126335352949708,-0.8472121964780415,0.48417732700687033,0.08887442051120822
8.352,20.45014785431705,21.6160101452003,0.8137474413961683,0.6491592080726385,-0.005255958474503522,0.010546590043882934,-0.7605612841273641,-0.10124839565221416,-0.009907677912112374,0.02180214689323637,0.45906707244529704,-0.35719502432903294,0.06978749282673244,-0.4573480459655855,0.033301288557360906,-0.04199446263397688,0.7374364209974249,-0.3576326358123969,0.03762254685054084,-0.16233881036066336,-0.4471718571815307,-0.04321951296663605,0.4109383767645789,0.1625377002404961,-0.11477159240872153,0.8703230993172167,-0.2748937629618518,0.3068947566358797,-0.6384616055885541,-0.2899264072521165,0.09574060625977025,0.16987204463471553,-0.43160359775712387,-0.8860351952993788,-2.3487078288882945,1.914662625287203,0.02169482655809984
8.402000000000001,20.441733460346033,21.59341241922301,0.809142645082046,0.6487510986613048,0.006345546161798891,0.0015715468281055352,-0.7609725857547206,-0.07497246427472543,-0.03233478084288202,0.04215741364885757,0.46725670090451865,-0.37656438786416896,0.06726358719596938,-0.41759496198067814,0.018237942226732216,-0.06806607830783934,0.5713654232719769,-0.24635758778677042,0.042316487717939485,-0.16401249145621005,-0.45924193943538766,-0.14610052998656367,0.8267041237225516,0.03797001708733154,0.08419897149739805,0.11231562024009888,-0.7643123039048451,0.3829841815662257,1.184897812735946,-0.41992756696058975,-0.20920894417819727,1.3087845399326834,-0.24382238146662133,0.07856832648059003,-3.8860264428065077,2.115782654369508,0.1454925373837544
8.452,20.43368381937792,21.57179294144648,0.8048702064344472,0.6495366355008431,0.017246714820134804,-0.01116149699350883,-0.7600527159052989,-0.10581897185299044,-0.06260558263400574,0.04843648664446863,0.5962373753585593,-0.38000686724263183,0.04872042036135659,-0.39308106209266724,0.016260099966618435,-0.027760176560834526,0.5469008146127787,-0.15784123998836128,-0.030298354512923772,-0.14722938242807004,-0.3968862984145995,0.018121159801337015,0.37627673528703626,0.05114310792064991,-0.029597295409639988,-1.1787992570526273,-0.5086621166531539,-0.44009810280210443,3.3843528103040277,-0.7416795637812611,-0.2187640889484175,0.001459139123297126,-0.13985394979613847,0.2832583895527649,1.2705255291944149,-1.483684178643272,-1.1487582298851813
8.502,20.42719143292787,21.551999457687646,0.8073207295054073,0.6504800200559078,0.021282541913629716,-0.016409345942667287,-0.7590477786565837,-0.16327701871480266,-0.07931824703500395,0.03574475739135021,0.72603353942725,-0.4747158908194815,0.04128037421676852,-0.37246165958165467,0.009055436760662198,-0.021267486424459775,0.5781818027257446,-0.21937869000156546,-0.06563393046990247,-0.11760522068891245,-0.40407743667484625,0.06305148479475864,0.18385819595617714,-0.09337903491498942,0.06344957998964164,-0.936919849045313,-0.10919004045661032,-0.041479088317934475,1.606222681742052,-1.8489398213719523,-0.1485272891194126,0.7574762765240501,-0.10326887831899263,0.0792310376209114,0.1241335932195677,-0.9073139307790536,-0.43204200907691687
8.552,20.42206365339811,21.531418014293436,0.8104154083877374,0.6516145246570111,0.021043298105392075,-0.020910998823965285,-0.7579699340930675,-0.20517272137380216,-0.08038235586370536,0.03317468642720039,0.7742213697473325,-0.5251883861705668,0.033187620352822744,-0.32714454750403943,0.004729967458191527,-0.0191945811246373,0.5727927802834073,-0.2556719593795954,-0.07870816233768356,-0.08793304846276831,-0.4166663477946652,0.05627053041501572,0.08596834893380521,-0.12476655086916458,0.06685296320765059,-0.8009063261124351,0.03214876136552691,-0.07254400314906234,0.5280886998789904,-0.3429247645419139,-0.19858984448720904,0.967092146272601,-0.07348962248686411,0.012046092791675326,-0.23152848150969071,-0.6086692739655637,-0.1334711666238709
8.602,20.418443425460016,21.51035051395867,0.812762241730195,0.6527343669436468,0.0195643897870017,-0.023389964583742616,-0.7569729126063302,-0.24526969463327938,-0.07639801166933585,0.028616334995309974,0.7893225406699811,-0.5260155852223735,0.01953518821833244,-0.2783809197403132,0.0023102816665539817,-0.019824205100496914,0.5581998901754771,-0.2834313413717292,-0.0814371123077254,-0.05779308581137317,-0.42597642329348834,0.038655978689600946,-0.006125062819003428,-0.08988706394633653,0.05674750755882186,-0.805666684900096,0.11396754228464012,-0.1060471856879785,0.16020370486191754,0.19120924313234602,-0.3079032565950297,0.9778481242571023,-0.024120793562236738,-0.027104200273807028,-0.340542924400425,-0.5206563931690508,-0.003282213067214469
8.652000000000001,20.416298899301758,21.488852180290174,0.8144618599843563,0.6541423846605625,0.017322044562905984,-0.02334423799920415,-0.755812631486793,-0.2873611620988256,-0.0689664717873538,0.02260976334495403,0.7944147143290278,-0.5015093963914105,-0.002925232413059393,-0.2281432197006704,0.0024197423464249403,-0.02333509016547527,0.5354529624024585,-0.30580904441507745,-0.07997479679637337,-0.02871309655479387,-0.4341542557755523,0.030506515935208256,-0.10631782091729501,-0.0425649530554469,0.09001378508422929,-0.8514450577586695,0.178730895893216,-0.10043741478889097,0.010844757116254745,0.6890666969053192,-0.4976721274256853,1.034626429815925,0.025355348591624274,-0.10437225010894517,-0.5669901510279002,-0.37835960520493767,0.058427006983260095
8.702,20.415688792972173,21.466912659511337,0.8157412603789875,0.655945872943093,0.014515544052478874,-0.020845346690984222,-0.7543803962664437,-0.3268883671333897,-0.059308297595657915,0.020445785199270983,0.7823158869092424,-0.46044562986228305,-0.024388235901126175,-0.175486344472639,0.0049446166318334915,-0.029423197929943797,0.5019745972980896,-0.32163300224243907,-0.07627806207489946,0.003385019197684273,-0.4421364390205467,0.01839683805465763,-0.18706731838635146,0.010948356923735423,0.09290945781632236,-0.7167974706391009,0.1902021152688731,-0.003258124294200625,-0.5018660946215353,0.8580556535924391,-0.3416060253404507,1.04904462027107,0.07483747345612948,-0.13267986302769436,-0.7321771786249909,-0.27839432106670964,0.08206416570967508
8.752,20.41660329492334,21.444556530975373,0.8161590353940904,0.6577608222819818,0.01111800831384469,-0.015890502693133007,-0.7529771460583797,-0.34930935674513464,-0.04814004660524112,0.02773959929626258,0.7173637767406814,-0.39378135704056755,-0.03686949508834758,-0.12242217448338934,0.01072611231681534,-0.03693834448993817,0.4617600076953483,-0.33331707989151216,-0.0713377122968462,0.032891276961912824,-0.4513024705840422,-0.006885271759771187,-0.2843889626505328,0.044398569839996786,0.07928633802601294,-0.1479470393321181,0.2415979092249456,0.32436098944084324,-2.1353503016867728,1.724033684286299,-0.125204346467617,1.0374090616980856,0.1547566395359015,-0.15073023294713475,-0.7922376564470934,-0.23497182755950982,0.12707286469772702
8.802,20.419033440952106,21.422022868752194,0.8138657750188611,0.65869662458261,0.006087709737237652,-0.00813400719773768,-0.7523400391316002,-0.3396284874827199,-0.04019021619524457,0.044273679654296655,0.5686236495669535,-0.2878508439307668,-0.04302970878162024,-0.08077130193290806,0.022132816866745196,-0.0455456935341098,0.4415773739400572,-0.3523017821744165,-0.062271184415795426,0.058304757957095846,-0.4467704060169588,-0.09654433228347097,-0.5011759561421492,0.047863462434556976,-0.0038451757618849737,0.46281547901412207,0.07670068561845927,0.13924220643130575,-3.474709190137262,2.279673596225387,-0.20985062092406484,0.5373064455245528,0.363411576925299,-0.23818240470173957,0.19987506338047484,-0.5721305425627125,0.232556669431495
8.852,20.421202385582273,21.400800321568347,0.8086628652665246,0.6569183730021076,-0.00448063030847242,0.00534628790861175,-0.753929434609036,-0.321654809860548,-0.029789782445432365,0.017072174508968224,0.500735170569706,-0.1612524264060137,0.015093660409586242,-0.10411239712002188,0.05193544489735859,-0.05500065126938045,0.5503677983592549,-0.3681602747261972,-0.05035714156535227,0.04171483436190119,-0.37227722150672066,-0.03347338894503755,-0.49537221417583066,0.17686605864403993,-0.020043483045627114,-0.41564377639521943,0.254936678428648,-0.337696184305218,1.6335765230200514,-1.4706614133399774,1.1926680847219302,-1.7282361452524675,0.42958791988472156,0.20485514536090005,4.469623172445861,-0.09173391279291701,0.5667217165428641
8.902000000000001,20.42235717327848,21.38195352998325,0.8090405939464724,0.6566516033490086,-0.008165091879728434,0.012105559154125863,-0.7540526894928079,-0.3183543640416632,-0.023017522642681507,0.006825345957692881,0.5517216041973245,-0.23564962944376425,0.048083409033460846,-0.18957429710031493,0.0673244709153868,-0.020600331217754248,0.7581849022609883,-0.40999005337239985,-0.027806162386683528,-0.0054244040584722234,-0.3900567864577708,0.029158113017631198,-0.27445076935071644,-0.04863259785527147,-0.04825821932620192,0.47581653007118546,0.19418968043389515,-0.14730198489143043,0.5154203757614019,-1.162181096130113,0.4236349066003539,-1.4288617263748475,0.2713695215533663,0.6805424429255683,2.894384785025181,-1.2162632212664573,0.328284324915215
8.952,20.420719323745576,21.36198746695797,0.8109438516371604,0.6560031347176372,-0.014278789263768686,0.015833574203536597,-0.7544569579145879,-0.28479376997201217,-0.011784008510552729,-0.0021587677352351738,0.5627184255278291,-0.2813557208205093,0.06420552333186771,-0.2529697461900875,0.07434382049616517,-0.0028417210118634544,0.8399336647945982,-0.4442489397680629,-0.011903872552578859,-0.05515690668646644,-0.40573438854651184,0.04234856681897827,-0.2491614474590226,-0.09698831035156921,-0.027783603653110667,0.7942764619297956,0.23298531064731404,-0.18174657325963636,0.007122178839936554,-0.7430079286157546,0.2334825922485907,-1.2240142128812586,0.09985978196890193,0.2635214133837413,0.7448487008345391,-0.14161206777666474,0.3578574217184828
9.002,20.417026843340526,21.34144010621594,0.8128740770926884,0.6554400038230236,-0.018761631463075266,0.017842826635550507,-0.7548033095522114,-0.24178226033985645,-0.0018292395326545987,-0.009110946292440176,0.5549943962864753,-0.3122354115507509,0.06901453274660539,-0.31741188023122974,0.07772229630591156,0.00931559744025204,0.8540618648044236,-0.4437837026990728,0.0076811986026729916,-0.08884925013700783,-0.41578878290076593,0.03226950596683857,-0.09682781825505483,-0.06261338077239839,-0.03209183708410514,0.9048318572251147,0.14962826479732438,-0.081001046803441,-0.28039417097853003,-0.5326942677650488,0.002685015513403071,-1.357419523375356,0.019898778090695582,0.20774367418665765,0.02497066159033344,0.07944667971020068,0.37805821290959274
9.052,20.41198847824822,21.32049406056992,0.8141228772098028,0.6542247796689298,-0.018835922409111167,0.01737912883061306,-0.7558658026232081,-0.19540126091572876,0.0025519656406431555,-0.006956958790774897,0.5330110725724596,-0.33265912722814306,0.06544474968983185,-0.38626824521854103,0.07376343387187462,0.01398810685798741,0.8472512481061382,-0.4375031442617499,0.027405869020501197,-0.11049581629027694,-0.42279910982681257,0.01851538717282023,0.11251470169079243,0.033419169814625165,-0.09662221743002389,0.9488440823524802,0.014921820956930272,0.15208197877446636,-0.578492559434326,-0.3335317321000769,-0.031476424900111,-1.3047524598286218,-0.21476753918446947,-0.09887606454888065,-0.34919129492036566,0.1643220472389623,0.31542606094710485
9.102,20.405864799576236,21.29909947120189,0.814590938860721,0.6520723778548723,-0.0139873585946381,0.014901467771463388,-0.7578812005166069,-0.14777138089657846,-0.00048655279253085324,0.004355496289611436,0.49849251632480535,-0.3465825501451183,0.06572765122014362,-0.43991099237424125,0.05642836348772916,-0.003779356183484881,0.8152205196920075,-0.42035266465790266,0.03640265141991407,-0.13479736557842692,-0.4322139667319261,-0.0018426897510029354,0.2749713117308914,0.13408330744907548,-0.129501836803973,0.9322924290429573,-0.12584834921302043,0.27760556861271374,-0.7492633760681049,-0.24536172340818466,0.03927874331564161,-0.8314283220657179,-0.4055580558468843,-0.5119821820522287,-0.8481423255938381,0.48561412200377574,0.08783845052419487
9.152000000000001,20.39844141668615,21.277097059731055,0.8136766731138987,0.649646939465179,-0.005409376131675143,0.0108629356285932,-0.7601391907558249,-0.10166208538049831,-0.010522691655571171,0.019518979779189406,0.4605219555254328,-0.3582574459593862,0.07021612000403674,-0.4575661590649018,0.03357800304330388,-0.04176671825836089,0.7381308071323099,-0.3585021985817659,0.03790400114489941,-0.16154498261428826,-0.4465082176151492,-0.04331793271210342,0.40921753818944573,0.16409514534690306,-0.11218198526404781,0.8640037942267244,-0.27270806652274515,0.3054343157345199,-0.6331258007097461,-0.2906284913850742,0.09461798173360757,0.15694108104447363,-0.4278510069257165,-0.8875868193973526,-2.3351477923934314,1.9096561849150895,0.017485466315704978
9.202,20.390069125253106,21.2545340377919,0.8091049345562908,0.6492871500193724,0.006206837820815037,0.001954601260487143,-0.7605155169474849,-0.07583178669928113,-0.03281410874767007,0.04007788059310739,0.4691641458251765,-0.37728706918376687,0.06766699185245675,-0.4184289723195518,0.018687934386710778,-0.06809693419183831,0.5726862621678609,-0.2470917796438944,0.04215990405080596,-0.16319884943664023,-0.458651900038861,-0.14456577525689782,0.8247758122008019,0.039317777265880954,0.08560821156974299,0.10214040080280566,-0.7612413949907177,0.3906556326381078,1.1971594821351916,-0.4048374053177838,-0.2076864193699956,1.2998907581034287,-0.23942681865699508,0.0688414558932613,-3.8803398246017142,2.127296657899879,0.13568365794469184
9.252,20.382064997055934,21.232907319571616,0.8048317075768061,0.6501416628607617,0.01713073985917766,-0.01082100720555279,-0.759542797851167,-0.1069790407675065,-0.06313812323857736,0.04707274455067954,0.59869353848989,-0.3801087268283958,0.04912959662133643,-0.3933267445262757,0.016894147275691912,-0.02757044041029342,0.5472427513966994,-0.15875217127023622,-0.031683663651063704,-0.14624804294020144,-0.3971778259742308,0.0170776820659376,0.3793472334774689,0.049520911349390066,-0.028973606664603864,-1.1786838016658319,-0.5050293037002732,-0.41183579567639766,3.3842004442628353,-0.7259625675235699,-0.2333294852680268,0.005467998871250938,-0.14393909183827008,0.2868005151422252,1.2646140879502223,-1.4644790663644809,-1.1178047159959406
9.302,20.3756095984527,21.21310780619106,0.8072353154649486,0.6511156087247757,0.021166294824599773,-0.016111688852343615,-0.7585122711734389,-0.1643946605960163,-0.07948145292058974,0.035348218402906965,0.7281639551016522,-0.4747325598632761,0.041403221441179465,-0.37273326831757364,0.009519327069202173,-0.02108962823074639,0.578678081166594,-0.21984761222927332,-0.06580935293997477,-0.11691985040942272,-0.40412391613314197,0.06240941465313098,0.1843837800476936,-0.09458588002507293,0.06618386016157193,-0.9352507900250414,-0.10127972234963459,-0.029567026586615256,1.5954786295477401,-1.8557131854209639,-0.15024851312463236,0.7565212458942507,-0.10604492322928372,0.07734379930059636,0.1288849267950537,-0.9053369690390393,-0.41915144310536523
9.352,20.37052166104294,21.19252587255418,0.8103180188952783,0.6523110140884482,0.020923530245644018,-0.020636808489522575,-0.7573814553554419,-0.2062268135630785,-0.08025969910834578,0.033141440512859194,0.7757965571651636,-0.5254273408277749,0.03332625056064981,-0.3274087990239357,0.005060066782352052,-0.01912633631842299,0.573385637255466,-0.25611356023931015,-0.07855699200031803,-0.08702332449265994,-0.4166959792794557,0.05634535046376093,0.08650692249722236,-0.1254700337070821,0.0699407536250457,-0.7996784497142578,0.03565228350254037,-0.06949474104575813,0.5187547751792208,-0.34596076806396653,-0.1978906464056541,0.9684604222184539,-0.07587378809035454,0.010286878719660693,-0.23196398838382287,-0.608594135179706,-0.13053342910827911
9.402000000000001,20.366950824327226,21.171455507565295,0.812676923872945,0.6534956377869956,0.01944045819763724,-0.02313926137458433,-0.7563267115218615,-0.24629069488739594,-0.07616847754723667,0.028556698087192082,0.7906265627287112,-0.526302633375808,0.01968772283039558,-0.2785268738397711,0.002513651520282689,-0.019872793898140916,0.5586824747970963,-0.2838494185727886,-0.0812130077975447,-0.05674156651189386,-0.4260634658201201,0.038979173305428216,-0.005586271351035721,-0.09055554834640471,0.060548266019052895,-0.8051895611237837,0.11575373248964749,-0.10780869140884125,0.1572443059856205,0.19127132462294866,-0.3078905931848107,0.9807934375671653,-0.02684349408482733,-0.029857690623695234,-0.34371233647326643,-0.5198869137718258,-0.0027229889677237505
9.452,20.36486140939041,21.149950238573332,0.8143925568063282,0.6549740844554885,0.017193454001246278,-0.023118808424582506,-0.7551018835417049,-0.28833313988342907,-0.06862798922029152,0.022487627431052305,0.7956015018206886,-0.5017470697055361,-0.0028053171951485157,-0.22813187062281545,0.0024877929953505858,-0.023525488857852474,0.5357642374083809,-0.306183827196851,-0.07971300645532217,-0.027542460264441234,-0.43432644645361834,0.030788831080994446,-0.1055703579978688,-0.0430823652919761,0.09392167851321222,-0.8503118711889287,0.18098936865679224,-0.10102384997718311,0.009368840711796847,0.6905365851634201,-0.49882116629800144,1.0375662947028372,0.022437482666740154,-0.10733749464397513,-0.5701107243847953,-0.37760376235293897,0.05941448386522572
9.502,20.36431382512603,21.12800113162485,0.8156828677381325,0.6568456222794768,0.014393241547636524,-0.020646372073051717,-0.7536049299269871,-0.32777663509862875,-0.05886981138641165,0.020330340603175116,0.7833637471096678,-0.4606069423345287,-0.024344559812666516,-0.17535803757501844,0.004862761229223379,-0.02975347860823736,0.5021643284966935,-0.3219786304566257,-0.07595984460452863,0.004695257752288888,-0.4423237719427823,0.018533535161030974,-0.1860413797738234,0.01100819129105468,0.09646024575667472,-0.7149766998341099,0.19169147094074632,-0.0030332764030812105,-0.5052402520859177,0.8594223765556749,-0.3432903414668372,1.0506252987406377,0.07193788022427405,-0.13532530325760864,-0.7337817854446743,-0.27806626656881706,0.08320964788897975
9.552,20.365297913929034,21.105637060242188,0.8161024176630478,0.658713907781586,0.01101190043305841,-0.015709390971181073,-0.75214888205679,-0.35009414026269536,-0.047641285720188005,0.027718810331661306,0.718177591247014,-0.39383120900145874,-0.036972917571260464,-0.12226687747112408,0.010515474706083393,-0.037378715576006395,0.4619327326512858,-0.3336657375187504,-0.07097808855525128,0.034364829328923936,-0.45140399930709896,-0.006959525856748375,-0.2834632190518296,0.04510349926485402,0.08175949454397802,-0.1462153728488396,0.24178643172065856,0.3264651469921225,-2.1400965815966795,1.726810420838434,-0.1290826584527771,1.0367767267524801,0.15247815594734654,-0.1526223309046898,-0.7912060204837363,-0.2354878326572449,0.12751202603987738
9.602,20.367803749704702,21.083099444646937,0.8138006607552993,0.6596789610036765,0.0059895739067736,-0.007959618294554719,-0.7514814953743898,-0.3403081059905802,-0.039752263264087435,0.044253412270178066,0.5692250754226451,-0.2877235062411725,-0.04337315503125097,-0.08070564265995729,0.021849357703065633,-0.046015872801879465,0.441928677338912,-0.352679660800912,-0.06191117120638295,0.05978307897441483,-0.4468540284739849,-0.09674772004213421,-0.5016095779525205,0.04810238498023033,-0.003011294641713868,0.46545575633958214,0.07510725705969865,0.13658775771417886,-3.4784081916080205,2.2842558420921564,-0.21600726290932792,0.533926872102836,0.36339687411768135,-0.23676243006809275,0.20717732677897724,-0.5717410400751654,0.23314978521008947
9.652000000000001,20.370045518608936,21.061928303355323,0.8087573324588511,0.6580861807884422,-0.00437810533874227,0.005427783381704155,-0.7529103200358499,-0.3226095681146252,-0.029273852218274284,0.01855291913653193,0.5021964615585712,-0.16893832899399774,0.019563746372634014,-0.10456319993028826,0.05124521650159171,-0.055034461998695716,0.5512008043938312,-0.36766285184636266,-0.049686193478960125,0.04189611657780587,-0.37040538642835424,-0.029566124566178725,-0.4894524079739863,0.18250057386783727,-0.012559389718073622,-0.3922862691082281,0.2597186224566616,-0.32699380948886675,1.5479793151096157,-1.32992752302708,1.135886268231937,-1.752902748783862,0.4517378341614241,0.2726331068896195,4.515575236690905,-0.08319792509390768,0.5928272319554424
9.702,20.371192672714734,21.043152318803024,0.8091577837160088,0.6578545874972379,-0.008131462804737881,0.012211182291298469,-0.7530020637744242,-0.31872878837122537,-0.02196803042205423,0.008286245514721636,0.5509576349774464,-0.23641726649377254,0.048999334638272087,-0.19055144121120152,0.06772816172672058,-0.019416246592372576,0.7597270543747545,-0.4099788486587905,-0.027886465017690064,-0.0052282627089430414,-0.38884679251452675,0.028781686678979998,-0.2769290857701637,-0.05118615103639348,-0.0445807104768913,0.4776940067867793,0.20011200946458355,-0.15182460981675142,0.50229136232417,-1.0912333696395198,0.37901362672341504,-1.4256820769303045,0.2777015455586675,0.6662423027477935,2.8611918656773447,-1.2261741914266449,0.3225442964963646
9.752,20.369595291304808,21.023226574227838,0.811026409227612,0.6572250524045945,-0.014325776340080143,0.01582678967136419,-0.7533920064300724,-0.28504325109883805,-0.01068626146037503,-0.0006661213037836501,0.5618776687218429,-0.2805952363716409,0.0642192820394981,-0.25357837235864505,0.07461449812301796,-0.0023960245756152634,0.8398422142317868,-0.4438147024665408,-0.012290873999185664,-0.053997962627920996,-0.4049238279565482,0.041448491239561056,-0.24634446408825522,-0.10082118788635977,-0.02836401513494954,0.7940114425868621,0.2309500437815768,-0.17911361581809687,0.011725810863714868,-0.7337529457669473,0.23287301550616749,-1.2179084441689063,0.09078091874769048,0.24409809034169433,0.7179147848857022,-0.1353657141350875,0.3512582679615965
9.802,20.365964723116427,21.002714872704082,0.8129197381987833,0.6566400382264449,-0.018799757902673138,0.01771454059687125,-0.7537616495631858,-0.2420803193708481,-0.0008982456926247892,-0.007447292098181342,0.5544115915560809,-0.31148843274889537,0.069140025033898,-0.31781014572815997,0.0775775655974644,0.009059996098319721,0.8532632765216865,-0.44314279418605035,0.007098056975652322,-0.08770460983797443,-0.4152361296122902,0.031814504469783164,-0.09296433607639801,-0.06421976971404238,-0.03363993926645958,0.9042021428919536,0.14601992944826597,-0.07797759657717046,-0.2770946269515511,-0.5355440032861244,0.004345811214220615,-1.3543556681865034,0.015505936911786627,0.2012255567717087,0.020488487493075257,0.08202859147495749,0.376743264848667
9.852,20.360974669539598,20.981780398132123,0.8141657600906835,0.6554065448290055,-0.018834467964339352,0.01716375032869389,-0.754846295272394,-0.1956135265380791,0.0033390427422392748,-0.005161746696302695,0.5323253202510572,-0.3318258484924769,0.06527348779291975,-0.3865700171413703,0.0735460690865125,0.013646976678481458,0.8466053599128821,-0.43677501399403035,0.026951567718012177,-0.10969878253110589,-0.4228676169042036,0.018688274511777327,0.11558002223950115,0.03260433260072014,-0.09785798179190143,0.9526218664204218,0.014421211403925993,0.15563352008531933,-0.5852325028827635,-0.3244394334346151,-0.05294558921010334,-1.303470388171442,-0.2130267284264876,-0.09620337985242308,-0.3411687908082001,0.16327529997354348,0.32052355305642943
9.902000000000001,20.354888762199355,20.960368794411373,0.8146524192772079,0.6532385805470649,-0.013948062466249944,0.014628429615665947,-0.7568823009459739,-0.14778849685256495,0.00019093039167357055,0.006263759515428829,0.4975137419784274,-0.345574913377063,0.06534971503502644,-0.4400472853458117,0.056255569524335525,-0.003991882834088632,0.8148120114877332,-0.4197130857630994,0.03611151085080591,-0.13411525424062262,-0.43275561852125144,-0.001408374368654269,0.27730035984595613,0.13351586925654338,-0.13012282796449698,0.936225878027866,-0.12770917017158015,0.2795672632296521,-0.7549404419141978,-0.24275097325916295,0.03809470947337676,-0.825561977913126,-0.4065519171575533,-0.5116125299900951,-0.8478555986962582,0.4842411222560986,0.08897747893062086
9.952,20.347498206566467,20.938327681772943,0.8137565805857175,0.6508104472091562,-0.0053493754299381475,0.010543568224092848,-0.75914819314481,-0.10145553670091217,-0.009940895455495842,0.021497504795945435,0.45929565147743806,-0.3571252724865808,0.06984004807269517,-0.4571882468723608,0.03330016820130496,-0.041894749871484484,0.7373413379694158,-0.3577398398713379,0.03766018860934666,-0.16090282611364576,-0.44749099491684563,-0.043124013426962114,0.4113284866332782,0.16237014822882434,-0.11237162322190805,0.8692429463914895,-0.2751540099041605,0.30439971816627237,-0.6377088328797907,-0.2895381084381964,0.095634789613886,0.1711605239839006,-0.43084481632806404,-0.8844269027978653,-2.3506379487804447,1.9137110075104695,0.022600825835525425
10.002,20.339158635316235,20.915713835606383,0.8091517583339031,0.6504585324098894,0.006278590784951741,0.0015869737356799664,-0.759514159464648,-0.07523463054533251,-0.03238415606022429,0.04173955182246103,0.4674968561036957,-0.37651210740822816,0.06732202371142466,-0.417351596381261,0.018233005220593654,-0.06789552920442206,0.5711614112631138,-0.2465482006247004,0.04248815495813295,-0.1624412458279439,-0.4595090485617106,-0.14623884152792221,0.8270255546428229,0.03816029704758486,0.08758701475596316,0.11136041516021974,-0.7645484125581301,0.38187417047155653,1.18427435512019,-0.42128714093919134,-0.20908799693762037,1.3104794438917837,-0.24502871273672489,0.0794838294761453,-3.887708154516396,2.1135322412990103,0.14930909988978433
10.052,20.33118370026886,20.894083770231358,0.8048769835103292,0.6513044590323575,0.017209837355699673,-0.011113561753510963,-0.7585399210904523,-0.10604815302846657,-0.06260597262400515,0.048104324774895714,0.5962865603944604,-0.38006058156847333,0.04878921634741955,-0.392904769353567,0.0161876438242456,-0.027721091769764044,0.5467932507609778,-0.15792452854848257,-0.02999073312467529,-0.1458654226299514,-0.3970928417749564,0.018111846039887247,0.3759502501308495,0.05125793846431828,-0.02546742121289523,-1.1769705509178765,-0.5056738178526216,-0.4334306099294356,3.3790676983085643,-0.7468536247686898,-0.21638487577124493,0.0008790840556661319,-0.1413478853049377,0.27888844014835945,1.2710758543204996,-1.4807234008965238,-1.1508397982272653
10.102,20.324762581788235,20.874281399246435,0.8073285625267241,0.6523410620527447,0.02125464618412391,-0.016350692192875337,-0.7574510107197029,-0.16342915546021375,-0.07918975858482429,0.035720448176429456,0.7259043924020692,-0.4748294989556705,0.04149811775149039,-0.37227411142111083,0.008876466089871499,-0.021472903938009713,0.5780640251708485,-0.2193921700243604,-0.06541443762825051,-0.11608342634463709,-0.40423994811899866,0.06309112751839718,0.18371658623521328,-0.09342418812014118,0.06911583258006163,-0.9357590343981876,-0.10797533931034232,-0.03792443487012705,1.6054101172817896,-1.8478170279363988,-0.14593752369831475,0.7582342028335163,-0.10571813921923022,0.07389235151444322,0.12353082054848775,-0.9068958188383364,-0.4330165246535294
10.152000000000001,20.319715397479406,20.853692817359565,0.8104263219840488,0.653587517552007,0.021019937070640555,-0.02085473706458339,-0.7562715114875866,-0.20526064749210843,-0.08022743643434646,0.03330272026565886,0.7741339762617047,-0.5252758598230389,0.03346956415755619,-0.32689750066876244,0.0044272574771090974,-0.01968232848865382,0.5726224055353047,-0.25567479633504175,-0.07851778373629945,-0.08619893288825584,-0.4167949012981339,0.05634464855231234,0.08610483497043868,-0.12485422954227045,0.07212405212038742,-0.7991814698956955,0.03169762265503091,-0.06979343458024596,0.5296199241128263,-0.3427579885556316,-0.19837874366451727,0.9682161549828433,-0.07555491288033694,0.007655100739397917,-0.23255866132098096,-0.6085749297998319,-0.133347395836132
10.202,20.316184302352806,20.832621490685987,0.8127768353665531,0.6548168406139715,0.019545912924949352,-0.02333948935832246,-0.7551742386845307,-0.2453006606655543,-0.07629419650527472,0.02879267410818749,0.7893735731389896,-0.5260994860521281,0.01980399195182942,-0.2780708140351355,0.0018951295200965509,-0.020589679705205508,0.5579626311044166,-0.28343163952353395,-0.08123795207439428,-0.05597902460002528,-0.4259989916419663,0.03872184080993582,-0.006217436509739934,-0.08960398231101545,0.06347657416949577,-0.8048249256220925,0.11329415504480841,-0.10486205354778882,0.16240950670188464,0.19116732019666507,-0.30832637279653446,0.9791621457031763,-0.02647953978862616,-0.03366898323556127,-0.3420930183060952,-0.5206601630810966,-0.003155388693062673
10.252,20.314131981794535,20.81112315482572,0.8144787611677671,0.656352216858592,0.017303217444099347,-0.0232930970308007,-0.7538964104713645,-0.2873334233563767,-0.06886107993582186,0.022891321479496546,0.794506146031739,-0.5015927754994078,-0.0026755796224576184,-0.22775776479198864,0.0019091983857316421,-0.02443980618658685,0.5351215353761357,-0.3058098221077425,-0.0797655356582974,-0.026801279915386528,-0.43412060984788303,0.03052116547007317,-0.10638470664420364,-0.04201512234192576,0.09701185426694417,-0.8503535634793471,0.17870373325654856,-0.09825866165958741,0.010950674533093925,0.6895682209687706,-0.4978498690397427,1.0359635493381372,0.023586783657632327,-0.11119729797972776,-0.5687167350659303,-0.3785472542211734,0.05881587764481501
10.302,20.313622282708543,20.789188014403422,0.8157573210776653,0.6582768909262166,0.014501345588967204,-0.020797388059752783,-0.7523487984296348,-0.32683110500530654,-0.05922536206462582,0.020800685976303177,0.782424727084811,-0.460485351092395,-0.024143232846680945,-0.17505015622871098,0.004356983162852986,-0.03084632024596045,0.5015744858453158,-0.32164799892179907,-0.07604477895148476,0.005477780743776403,-0.441986104436273,0.01835483418073264,-0.18664472446509206,0.011735760267931826,0.09909254505131193,-0.7168406018173977,0.18922935468285695,-0.0029038869750021897,-0.501083639151746,0.8590830482996111,-0.34166162438265446,1.0497295699336264,0.07353332607340901,-0.13846125925602454,-0.7332224691499855,-0.2786866013350865,0.08257528835827231
10.352,20.31464740684054,20.7668433469941,0.816173297974669,0.6601852873612399,0.011114310090502972,-0.01585073408363109,-0.7508532564302958,-0.3493154271261539,-0.048098878640050434,0.028129520889720712,0.7175870668730769,-0.39378445357393976,-0.03665782267355409,-0.12197174439516223,0.010093695977435597,-0.038599243992075635,0.46130930722597185,-0.3333313641785546,-0.07109274068461417,0.03521322391140134,-0.4510147778134158,-0.006888537853296604,-0.28363056324265434,0.045310061963561486,0.08341152423536692,-0.15016466349045499,0.24048200315205215,0.324400396276527,-2.1311159300303077,1.724033261992002,-0.126638955123227,1.0377239181453788,0.15430190534934865,-0.15422944903424834,-0.7935378325049773,-0.2345292463916769,0.12702654571883062
10.402000000000001,20.317199126888113,20.744329080545743,0.8138849426939616,0.6611734627225772,0.0060919346210940705,-0.008111875430957493,-0.7501644739662109,-0.33985927825039053,-0.04023880883961174,0.04461082009885919,0.5692421839984502,-0.28792499657185744,-0.04291092508733407,-0.0802962490326614,0.02149867074207568,-0.047209260072902805,0.4410071429889096,-0.35226370517575645,-0.06205707919123548,0.06084294904889729,-0.4463485731670538,-0.09630616994005345,-0.4998385389147877,0.048855091602342283,-0.0020217732409378185,0.4568736475887799,0.07415096336056315,0.13826242067172118,-3.465779433404541,2.2781228880684394,-0.2120497771215618,0.5387404517578073,0.36369318627958386,-0.23237869671399575,0.19534831611162773,-0.5708030473014953,0.2315640494621787
10.452,20.31948644215727,20.723111964910547,0.8086712492899739,0.6593887866146779,-0.0045267036024495035,0.005350572557813402,-0.7517694516370172,-0.32161181501761427,-0.0299130807209873,0.01732056170709553,0.5007515848711686,-0.16138390889921836,0.015949933820454176,-0.1035677545788267,0.051434649020624064,-0.05613872946859119,0.5496625555206216,-0.3681962078251217,-0.05016530889083157,0.04361739252198268,-0.3718821898434238,-0.034181454912816475,-0.49803159152939636,0.17826071100108168,-0.020606474564829058,-0.41162028078999235,0.2573183295534899,-0.3406781640267152,1.6231121007820142,-1.4730072942689918,1.2032976190281455,-1.732794784200472,0.43521427113303623,0.21908774055305968,4.472358853885533,-0.0904551142960227,0.5659950199516087
10.502,20.32074910804476,20.704292606912443,0.809028048230012,0.6591396957133167,-0.008203773900066,0.012121763784956293,-0.7518780635658255,-0.3184781591999167,-0.023128193512767847,0.006996121017084861,0.5518164709990154,-0.2357090708453791,0.04843389277365498,-0.1893898052955146,0.06718438497676685,-0.020616480803095666,0.7580334254141186,-0.40972648609768825,-0.02778680268810163,-0.003075222068072465,-0.38975150866232183,0.028930548087259835,-0.27324533826175135,-0.048480208239818245,-0.04832105753004896,0.47402835801309207,0.1938162965193632,-0.1466897435068211,0.5174964533221593,-1.161051095072116,0.4153037612353238,-1.434904674987624,0.27649362747357875,0.6965660377916727,2.9073100206825533,-1.2170219168895715,0.3261425332680144
10.552,20.319230259149123,20.684331826410865,0.8109269935791149,0.6584886343883655,-0.014324907549347104,0.01581241915259095,-0.7522881647384813,-0.2849430449558948,-0.011872334750357955,-0.0019493541963334117,0.5628494614099036,-0.28134740196483277,0.06424947748207177,-0.2529663274749106,0.07427703749963721,-0.00265966290180476,0.8401081870254224,-0.4441508549833485,-0.011907204253376692,-0.052726652171078824,-0.4058049658210206,0.04236170609026945,-0.24880344083153977,-0.0977368880887148,-0.02835286147884706,0.7947830763406655,0.23363051543773808,-0.1808964116035364,0.007156650233061392,-0.7423386734493448,0.2307371478939335,-1.2256887981883526,0.09909281647211798,0.26119139904651617,0.7470302174391343,-0.1442754932281667,0.3580465763474341
10.602,20.315661107333312,20.663776346789135,0.8128605501040949,0.657912963341539,-0.018826638634840295,0.017793208618717672,-0.7526483189856457,-0.24190438561184743,-0.0018756272823074716,-0.00885894549289036,0.5551208927864235,-0.3122132565653859,0.0690286922785203,-0.3174448119957121,0.07762628502223923,0.00935589086426214,0.8542281776339976,-0.4437797141488995,0.007685942363206236,-0.08634012470698872,-0.4160157978791799,0.03236735816818351,-0.0968913069881977,-0.06323617105803753,-0.03297949884564933,0.9053689735994639,0.1505472721758309,-0.08019850874139178,-0.2807289409042396,-0.5324201118322484,0.0027736162930074343,-1.3576201459597395,0.019700673972284498,0.20531950752018566,0.023867463963472668,0.07806477929588522,0.3781386581221302
10.652000000000001,20.310750095707885,20.642816203903728,0.8141166461930489,0.6566900553716328,-0.01891048980173825,0.017322877476428234,-0.7537244075040931,-0.19550527990144903,0.002521404216979095,-0.006700118528334624,0.5331209796805961,-0.33266900467400057,0.06563519427008378,-0.38628572981865766,0.07367351497932288,0.01394738847586608,0.8473244378865855,-0.43754130621145676,0.02740765347932339,-0.1079179958158561,-0.4231329036483787,0.01871656686546907,0.1124029700002391,0.033021948832068146,-0.09683678203981817,0.9492415579632485,0.014799144533574594,0.15146954772810042,-0.5792825752752103,-0.3340863752059882,-0.02701717023806899,-1.3040597979309405,-0.21460102691267152,-0.10018932655291868,-0.35137127948975166,0.163983537491019,0.3153866347133929
10.702,20.304756818520943,20.62140106493075,0.8145940742190814,0.654548381615403,-0.014064507936947314,0.014859163626048664,-0.7557432176324714,-0.14785118702955996,-0.0004983169299011608,0.004574393247078956,0.49853154113471726,-0.3465282006678455,0.06585739393344257,-0.43989731975448787,0.05637826373328224,-0.0038313794258481772,0.8152356332607742,-0.42040785450964463,0.03639220278096517,-0.13215765198007903,-0.43270569201923514,-0.0016684690340134664,0.2746794453300628,0.13374071024402995,-0.12882481276809366,0.9325979904610789,-0.12546507056722664,0.27634712295321234,-0.7505782976355126,-0.24400105720728105,0.036196095987124574,-0.8307575940772203,-0.40448600987077615,-0.5116779810671453,-0.8488874063243601,0.48517719573758483,0.08759612886891661
10.752,20.297468255832342,20.599368854353045,0.8136889160037938,0.6521544816858836,-0.005484495200213651,0.010849083701554983,-0.7579886210968158,-0.10173903141418603,-0.010526505160598667,0.01964423724224833,0.4605140043423536,-0.3581458871801037,0.07024679852049426,-0.4574983643983334,0.033588730425386994,-0.04176336317214446,0.7381111900783555,-0.35859777330648424,0.037877542513971844,-0.15880550043260233,-0.44720281186129957,-0.0431263077764051,0.4088645230635151,0.16377329083491293,-0.11030757843914475,0.8638900658415659,-0.272795821109072,0.3024778414409968,-0.63393719060291,-0.289676863259755,0.09375207076060775,0.1585088635736299,-0.4267150184364646,-0.8861011407466775,-2.336031936706331,1.9082415014898,0.01726276697883185
10.802,20.289234446067443,20.5767697600508,0.8091233436710996,0.651844485146197,0.006149794854095395,0.001988293299141044,-0.7583251241370674,-0.07589139543492798,-0.032821151102795036,0.03999613236633189,0.46903750941729166,-0.3771833862023689,0.06769995649135462,-0.41827312147403645,0.018726288759166963,-0.06805599244226736,0.5726452654097647,-0.2472915850006515,0.042179604858709724,-0.16036152870006484,-0.4593059933802842,-0.1445224149641026,0.8240554369828798,0.03949588256518639,0.0888170971388346,0.10285546005633245,-0.7610461499057696,0.3872379471664264,1.1931980283021102,-0.40625978556651193,-0.20688161764621807,1.3015595885804112,-0.23993611875977813,0.06833454168273587,-3.880126641955508,2.1250231724839383,0.1374648172093759
10.852,20.281366097105217,20.55511225932909,0.8048509039662288,0.6527729187030337,0.01711682064455798,-0.010740609260233798,-0.7572840750812498,-0.10702567419734266,-0.06313285680366489,0.046933208609933164,0.598413333830648,-0.3800939923053903,0.04920196013861388,-0.39311038673287513,0.016840371342671794,-0.02769617009866354,0.5470855161867975,-0.15887307704086226,-0.03158264041080212,-0.14375807053458312,-0.3977092224794684,0.01702818978204294,0.3792972395790668,0.049709326423979266,-0.02363071199638337,-1.1797220760628706,-0.5034581081795567,-0.4093240274281584,3.384834319549446,-0.7267214598887961,-0.23168358410915324,0.006333402242531936,-0.14675290598279475,0.2820387981742012,1.2624019465899876,-1.4603562736382554,-1.1172875702551712
10.902000000000001,20.275035676904395,20.535291359699748,0.8072507679112164,0.6538644030667968,0.02116985095096788,-0.016017627942694738,-0.7561458955835871,-0.16451573376823186,-0.07937299683851004,0.03537551286359979,0.7280258553829382,-0.47477178822495064,0.041609014162556135,-0.3724957680434934,0.009298094178087196,-0.021503545725396703,0.5784967381894263,-0.21989154109879192,-0.06568115772681497,-0.11435096461290761,-0.40450199191761915,0.062314857424255556,0.18424579510395503,-0.09467626447672388,0.07341395571217178,-0.9364343117348173,-0.09961737463736446,-0.027431517871407466,1.5991792650229373,-1.8570700281747925,-0.148038988001536,0.7570152209061068,-0.10960192184432212,0.07076661387149652,0.12924750278470434,-0.9054699688113588,-0.41868915356571945
10.952,20.27008021966058,20.514693277000227,0.8103309587911891,0.6552044677621567,0.020934885813037714,-0.02054601094117922,-0.754881909582492,-0.20637016777259465,-0.08007239109801466,0.033315802757313856,0.7758221018761314,-0.5255148911575485,0.03359399875669675,-0.327118791409369,0.0046607000755371115,-0.01990345108448406,0.5731924961773734,-0.25617856331737004,-0.07840845302218104,-0.0842550405356926,-0.41698014022602503,0.05633722110647568,0.08657019358078431,-0.12562816577174296,0.07732114707409517,-0.7990794246888258,0.03634088593632713,-0.06628059690977738,0.5210875174573866,-0.34630611864976024,-0.19718079760377769,0.9696939325491328,-0.07905660623004486,0.003961219103543915,-0.2324286544266875,-0.6091205074422361,-0.1295759728690704
11.002,20.26665158871284,20.493612727066388,0.8126907274249632,0.6565353261498834,0.019457735804411926,-0.023058578785268843,-0.7536916239278741,-0.24641501393593385,-0.07600435140960822,0.02879563916045007,0.7907978388274006,-0.5263953281699983,0.01996777266190082,-0.27816378470144915,0.0019482906698530728,-0.0210187093744897,0.5584419999665975,-0.28393754941837096,-0.08102164410984773,-0.053853022741206395,-0.42618125653298194,0.03900835217386647,-0.005651039714183951,-0.09031851660324487,0.06947364442618821,-0.8048737721925407,0.11531095553684381,-0.10622533941948717,0.15916682291982628,0.19113613129904866,-0.3079035200561011,0.9824288909864972,-0.0302655779211758,-0.03843600839862773,-0.3450949124596418,-0.5203172695563894,-0.0022189959096476745
11.052,20.264709450690965,20.47210402829117,0.8144080685625046,0.6581852660656504,0.017211127855465105,-0.023044964510154427,-0.7523063619448916,-0.28841310287211386,-0.0684684322295467,0.022865555490878268,0.795789403119309,-0.501829815553082,-0.0025339508605306906,-0.22767022142739868,0.001764711469035912,-0.025122841194942312,0.5354288041335132,-0.30629253752545404,-0.07948160728194302,-0.024514824050872613,-0.434329611728836,0.030806126557886705,-0.1054856452861562,-0.04249897682897282,0.10335681499277218,-0.8493750299796216,0.1807814892772074,-0.09797801997841721,0.009102353716987518,0.6916605992052295,-0.4988979476475264,1.0394354818497662,0.019606410527032814,-0.11638469503337341,-0.5721156158773029,-0.3780638085911039,0.06031053289766115
11.102,20.264318419561402,20.450159541726226,0.815697693627996,0.6602179726768669,0.014415695694398918,-0.02058111756263486,-0.750653604448795,-0.32783070664815656,-0.058750188256569774,0.020806765445299785,0.7835461538751664,-0.4606073465347598,-0.024077431404126288,-0.17482193653795755,0.0040223603978677604,-0.03177397700691121,0.5017396733894505,-0.3221100457376064,-0.07568666584729103,0.007915475277958776,-0.4421274055250012,0.018488630067861597,-0.18544256168001227,0.011985696786614965,0.10467011921331089,-0.7151072958174491,0.1902098024825415,-0.002552828151603568,-0.5047905223529632,0.8611606394452135,-0.343408701237499,1.0516649590904281,0.07003828588810654,-0.14298678897847028,-0.7352291094035212,-0.27846944943611557,0.08400404039079101
11.152000000000001,20.265471239904382,20.427811152605063,0.8161153156746971,0.6622065905268955,0.011045321446397506,-0.015657852266062408,-0.7490762738194987,-0.3502274579457081,-0.04758552187776443,0.02824612115768806,0.7184933996963264,-0.3937744026779821,-0.03675169164256901,-0.12170506210682472,0.009612068813562686,-0.03970712882355438,0.4614367407796114,-0.33379500157325254,-0.07068298610077885,0.03788331966442318,-0.45100415680116024,-0.006957113650916183,-0.28244772989797207,0.046188833212819184,0.08690905523068472,-0.14887955317260984,0.2400851971329763,0.3265578052299988,-2.134631124737712,1.72675097319122,-0.13099062061147346,1.0373389859016013,0.15187494784149033,-0.15694216833150523,-0.7929863338476092,-0.23484412096711194,0.127602615479513
11.202,20.26816000041115,20.405301219860995,0.8138202518716854,0.6632310292169421,0.006028219588219955,-0.007933896677232197,-0.7483483919512001,-0.34072655268957974,-0.039831934041397114,0.04469335501547651,0.5700666482164924,-0.28775889537847194,-0.0432969823506714,-0.08011854368211672,0.020949675867080065,-0.0483147528770425,0.44129280732150833,-0.35273019441419806,-0.06164780856280858,0.06356234214929556,-0.44624684246883395,-0.0964132868787285,-0.5000438202087804,0.049288994721673446,-0.0011818993537516722,0.45792527196150146,0.07144486629858723,0.13449399178100754,-3.466563671739885,2.2825030191384235,-0.2197130167672691,0.5353184652308013,0.3641005716398226,-0.22812587651986388,0.20228614537325681,-0.56939973227498,0.232148875855796
11.252,20.27058334076745,20.384144063146127,0.8087828807103907,0.6616275562848294,-0.004388477842278999,0.005412894887689718,-0.7498002524644338,-0.322863577407112,-0.029450267323385786,0.018906159964306363,0.5025407150871738,-0.16879026887897494,0.01932939173551462,-0.10394435098608762,0.0504617405246068,-0.056567737985854176,0.5504440456966256,-0.3676807712688725,-0.049410460876517626,0.04486668164739408,-0.3700228429969761,-0.02996425087864139,-0.4922469586207829,0.18345229075028185,-0.01463275660569134,-0.383606364569517,0.2630122518093901,-0.3282249885866442,1.5298790693896591,-1.3298361305054032,1.1491114702051934,-1.7578501833283116,0.45992021497147323,0.29530822922372785,4.519760870216809,-0.07928109136428749,0.5940561070968413
11.302,20.271887104546114,20.36539451715923,0.809157476329243,0.6613848629291558,-0.008173695789686379,0.012223736976493428,-0.749902549695392,-0.31892954994547507,-0.022050059569917117,0.008600312793772645,0.5510500147690128,-0.23633491649342306,0.049032888323874306,-0.19033826989905991,0.06751219521034406,-0.019548571080892398,0.7596832248173154,-0.40965168515410244,-0.027780218973375684,-0.001828541314995278,-0.3885337826243065,0.02834700302756206,-0.2769851503053557,-0.05078414234574069,-0.04569330848354229,0.476911738298338,0.2011501394724622,-0.15088784345505046,0.502613566445913,-1.0930097888446317,0.38078914350324394,-1.4324011564953034,0.2855174567741076,0.6845132636921429,2.8743774083099316,-1.2283542228020494,0.3213861313592464
11.352,20.270466012569873,20.3454724691637,0.8110128610813093,0.6607298044295061,-0.014389541314876556,0.015807468329091082,-0.7503193923818836,-0.28526447767569313,-0.010685230176898191,-0.0002647669538824947,0.5620048374617752,-0.2805065759237821,0.06412255763222402,-0.25357412115002104,0.07456305971093237,-0.002211288502733922,0.840124229715981,-0.44364369219655414,-0.012240239548951492,-0.05035720165061899,-0.4050562005344316,0.0413319850225672,-0.2462839337366039,-0.10154290955806182,-0.030307717685872333,0.7943041035651162,0.23246052577978984,-0.17704588789026407,0.012327935862541798,-0.733463206445539,0.2306728792264528,-1.220004305734707,0.09085698623921444,0.24304643045441943,0.719428884527691,-0.13769658752476174,0.3505569349671724
11.402000000000001,20.267021080245083,20.32494853376787,0.8129057960665063,0.6601062398753883,-0.01888812142753287,0.017660134556393085,-0.7507270546569949,-0.24227977610820514,-0.0008242356509455782,-0.006928299453835914,0.5545627572168291,-0.31141101638303326,0.06903072382481938,-0.3178557355148727,0.07751703147787506,0.009124764888533917,0.853502879699975,-0.44307438459461146,0.007129040768066969,-0.08392114990624383,-0.4155587309391371,0.03188171797194262,-0.09298115103239443,-0.06500648516083488,-0.03604076872914861,0.9048187954361769,0.14739351754733174,-0.07548819992541428,-0.2771190555442882,-0.5356122630731077,0.004676650190980254,-1.3546185392212027,0.015318879837898959,0.19828005618507086,0.018688674681418594,0.08005309522954038,0.37650774511343615
11.452,20.26222297623383,20.303994409237742,0.8141602461861779,0.6588404020045158,-0.018934566128132307,0.01709651490904738,-0.7518500622265278,-0.19577796509669518,0.003431269444180539,-0.004564087848858016,0.5324573253442983,-0.33181510925114727,0.06545248102693983,-0.38658050055049253,0.07348424872557503,0.013584961006776626,0.846700446196039,-0.4367823088414256,0.026949118883795035,-0.10581344603177159,-0.4233393896259958,0.019012117050395856,0.11568779736143264,0.03190733529399177,-0.09956429022569305,0.953686958101294,0.013373686034749427,0.1560461047900207,-0.5861585111417654,-0.3279274282593998,-0.03926891411889828,-1.3019899917337754,-0.21287622850502275,-0.09806196154379085,-0.3446358710791571,0.16237486623018957,0.3195546625270777
11.502,20.25633087447778,20.28255396775726,0.8146630819414401,0.6566679781278625,-0.01405327055391679,0.0145775777485159,-0.7539079296009491,-0.1478750816315681,0.00029735121885281885,0.0068561222130808525,0.49748952377816713,-0.3454750479172362,0.06548169323252505,-0.4399859616130373,0.056245854097604,-0.004114378732164395,0.814802216175239,-0.41975582464672156,0.036066620726754164,-0.13022504149482692,-0.4334453804975635,-0.0010939491124495537,0.2768316287789374,0.13295047943003638,-0.13005404207884314,0.9376686117842964,-0.12728098965456697,0.27855243377294914,-0.75836313890126,-0.2402777253401955,0.033075287330246915,-0.8243370617589243,-0.4044438879264333,-0.5110652163105184,-0.8487970780058038,0.48368529035426877,0.08821639445404927
11.552,20.249137748219734,20.26047061136328,0.8137839971447072,0.6542731243353027,-0.005456482975657274,0.010532940385796335,-0.756165301196032,-0.10148920342410205,-0.009831883682923134,0.02197599339705911,0.459128995542339,-0.3569149717355361,0.06981343984767976,-0.4570445173872754,0.03339609852198008,-0.04194584680334063,0.7373008408348227,-0.357853194846888,0.03757239136720765,-0.15691094029372496,-0.44849307859143267,-0.04274936816840882,0.4106309809405746,0.16175377255783105,-0.11018691366013958,0.8703231028962031,-0.2754997627814498,0.3001625351624172,-0.6407992069557156,-0.2874848315892005,0.09441582438464316,0.17332932018213992,-0.42896293123778656,-0.8825168915895975,-2.3511041693018147,1.911296802859737,0.021596472377142965
11.602,20.240998455827917,20.2378045538946,0.8091929815059781,0.6539844362620375,0.006187746124777891,0.001648252239810835,-0.7564809000823972,-0.07515331548702373,-0.032287292278888165,0.041864784979307144,0.4669998810745216,-0.3763006549484538,0.06731818135359849,-0.41709974892815876,0.018377393357097142,-0.06793295836605494,0.5711566445392714,-0.24683454145391426,0.042425076341269234,-0.15835712315549194,-0.46043747915661465,-0.14606300795748345,0.825508592329473,0.038514204672270826,0.09190563958119564,0.11420865803509836,-0.7642415616501456,0.37564566399364513,1.1748694609367945,-0.42351804114562736,-0.2070178974729536,1.3121911999898312,-0.24574320886753365,0.07730290429904238,-3.885949731600125,2.109962399233279,0.1510392960848689
11.652000000000001,20.23321997319055,20.21612948194191,0.804919303939153,0.6549385655132787,0.017183916950059337,-0.010990594846149376,-0.7554067746761279,-0.1059497800271121,-0.06253607189202838,0.04805318388336862,0.5955798653410621,-0.3799710285413095,0.04887292414573303,-0.392487506802269,0.0161713508926392,-0.028010769984353923,0.5464742093254639,-0.15812656182800125,-0.030010898224018607,-0.1422761828346489,-0.39784451936708287,0.017971312017346475,0.3762631033480812,0.05158322435356136,-0.01716314537889954,-1.18098060007185,-0.5049819125659064,-0.43386206048643816,3.3857657863769233,-0.7437576952559745,-0.2141114651916319,0.003182907293189952,-0.14640586062365427,0.27200537555582616,1.2659741953003072,-1.4740211558319054,-1.1483140607693267
11.702,20.226976968544328,20.196298796603774,0.8073599386414949,0.6561626376489007,0.021258605357029066,-0.016211236791350087,-0.7541457819636778,-0.1635786024949385,-0.07900647892405463,0.03578930434179024,0.7256899561873879,-0.4747943748569767,0.04178338936799866,-0.3718303564175897,0.008566254050468954,-0.022207999048800154,0.5777183340836238,-0.2194877525240217,-0.0653079085394107,-0.11246540587794335,-0.40473640563444613,0.06281913761190776,0.18365829639900097,-0.09349311649930084,0.08074293681240333,-0.9395682706508197,-0.10497206030365545,-0.03466795653635725,1.6144445867541852,-1.8516580109692768,-0.14278796000885974,0.7585345508760216,-0.11182980286481467,0.0634848774602268,0.12515939990398328,-0.9077237714896821,-0.43125944935995947
11.752,20.222116700144895,20.1756888952468,0.8104486753946939,0.6576382662554412,0.02103888269855257,-0.020723232354207775,-0.7527548231742712,-0.20552034452877024,-0.07991609117985427,0.03358702305508494,0.7742589959656,-0.5253694786515993,0.0338475261278327,-0.32639779753814213,0.0038117681374392246,-0.020983717009940662,0.5723105001399518,-0.2558337325174406,-0.07834041584944648,-0.08235150289847638,-0.41716283523169995,0.05625949617627942,0.08607100516511544,-0.12500348166444478,0.08523702517273678,-0.8000384960016995,0.0329093171425521,-0.06627461008324004,0.5350205623701537,-0.34350827616062257,-0.19701648121021473,0.9702044862670884,-0.08161045597247071,-0.004314311458532026,-0.23290544201608582,-0.6099300601232234,-0.13140464902131782
11.802,20.218784028293978,20.154603810545517,0.8127981222245539,0.6591185780851995,0.01957242171599952,-0.023223046671258317,-0.7514255188868827,-0.24557802279124807,-0.07599564338881469,0.029193601291071264,0.7897203300623985,-0.5262103605253565,0.02022171438900894,-0.2774501278434639,0.0009836394577984236,-0.022525577481894425,0.5575909217580057,-0.2836479621062436,-0.0809698014875413,-0.05194914705525716,-0.42617504224038893,0.03874121464850795,-0.006277384860513941,-0.08929665128743995,0.07861023347054764,-0.8046097941297651,0.1130234416331707,-0.10136550182783886,0.16443657186712543,0.19062288931937663,-0.30800392862135056,0.9821017054198893,-0.032466728825460166,-0.048101737354581245,-0.34420205820266603,-0.5216919090148648,-0.00212071837814996
11.852,20.21693752515099,20.1331000193911,0.814501518784325,0.6609449349422969,0.01733013155946103,-0.023187437213339622,-0.7498758579056486,-0.2875602880552775,-0.06857349930412804,0.023531175161487304,0.7948623667890992,-0.5016803935788234,-0.002254297267466539,-0.22696523541709754,0.0007204134242320968,-0.02713767188472722,0.5345994963925892,-0.30607331531519677,-0.07941982484443542,-0.022562359616624512,-0.43414037969371155,0.0305274015536967,-0.10620579774021113,-0.041060736743710156,0.1130746697145826,-0.8492552531318569,0.17806501639453956,-0.09324043995805492,0.01048671150896745,0.6918096165325747,-0.49776072462093923,1.039255253750207,0.018575759631157967,-0.1265710435634144,-0.5719937927341363,-0.379513464407832,0.060466320059031596
11.902000000000001,20.216647302987006,20.111170767594285,0.8157781155162611,0.6631464838502399,0.01453981347719998,-0.020702807647791668,-0.7480619817479102,-0.3270356565390578,-0.05901749949422819,0.021609686452580344,0.7827695935405025,-0.4604184050945063,-0.023722218583317,-0.17412656942333624,0.002959210171145785,-0.034269296041473454,0.5009009399608091,-0.32195676419427277,-0.07562581514521703,0.010003991733223788,-0.4417159703042839,0.018269012822721663,-0.185623095604867,0.013561311700952625,0.11323785298489457,-0.7174422747616778,0.18645636837131802,-0.0020136697009224425,-0.5004974063889865,0.8622093756301051,-0.34177723175203867,1.0514875232472103,0.07012113784101637,-0.15166437111105988,-0.7357887246777496,-0.2794455826069919,0.08393629093852684
11.952,20.21791064814278,20.08884753908207,0.816190244053488,0.6652643029223353,0.011178055955087916,-0.01577426079330869,-0.7463575758433416,-0.3496616460237279,-0.048004762418305175,0.029046219956330402,0.7181597836270428,-0.3936190305985065,-0.0363015799144717,-0.12099682228828124,0.008581364287214772,-0.04255604836688624,0.46050508951758135,-0.33364012564914086,-0.07063385407968129,0.04020638980249542,-0.4504450441542005,-0.006907199839510375,-0.2819290461670648,0.04739184377050819,0.09246244517427836,-0.1552271475485965,0.2375149163593108,0.32506410498218014,-2.1213373661253736,1.7239340238655319,-0.12939940226069835,1.0385686864407433,0.15314845082317388,-0.16186647522312944,-0.7966571245331545,-0.23349402857514842,0.12728287863933416
12.002,20.220723727198397,20.06637235523081,0.8139125306019722,0.666355836113455,0.0061745053920286355,-0.008071248554408637,-0.7455646384502653,-0.3406883497062969,-0.04038337317306087,0.045393013539302356,0.5707069115182011,-0.28791978108881633,-0.04278398975053197,-0.07928719568941682,0.01999029669350006,-0.05112181460301589,0.4399818486830695,-0.35243405104906106,-0.06164289139101855,0.06626808046578336,-0.44550329781288545,-0.09571585053010528,-0.4973706758616629,0.05085965154904968,0.0010572961002467743,0.44439284108603616,0.06779320116708505,0.1344734191340703,-3.4455325856840213,2.275086908105337,-0.2182808885920389,0.540521836803675,0.3650575844582534,-0.2177940591339092,0.1883358816174941,-0.5661356389315291,0.23015961510065508
12.052,20.223302361888205,20.045235188472432,0.8086589572246067,0.6646061327329849,-0.004542805314686669,0.005354122956380757,-0.7471608826892279,-0.32408869724198297,-0.03009145973021228,0.018333754336895013,0.49913695113594647,-0.16221573056194608,0.009691805963030709,-0.10278101318978562,0.05024696712164482,-0.05843242068513689,0.5487972889855792,-0.36835771667128514,-0.04970433169079352,0.049205660164387516,-0.3707206779017027,-0.03398256605061132,-0.501195709872496,0.1707236065996205,-0.022571317734615605,-0.4451698178991037,0.25974355287976064,-0.335309250215701,1.6686588515951692,-1.3229551082013349,1.2696373956029836,-1.7235439173190767,0.4428680149035369,0.24310391861198521,4.448599534759358,-0.05302061766726422,0.5670993950024495
12.102,20.224829645475342,20.026488992859726,0.8089793090712731,0.6643289659371878,-0.008469041743634397,0.012150402749272335,-0.7472935621707183,-0.3217163135546499,-0.02307376001131609,0.008083679918529263,0.5513647682458088,-0.23285965104318637,0.04707739510565988,-0.18864084654768,0.06681765748784918,-0.022018952322015804,0.7570496783567492,-0.4089166354331665,-0.027524463001383805,0.002927852847974068,-0.38841592311583323,0.02789547046029107,-0.2767555532356009,-0.05156402178285954,-0.04906777637980208,0.46234917368920786,0.19495775977510887,-0.14567743779045367,0.5388161455509548,-1.1375279654964106,0.47366321040455733,-1.433366985620571,0.27860545224953537,0.6916218943249013,2.9008712675451545,-1.2222074450261693,0.3253082178568105
12.152000000000001,20.223639940651704,20.006590793124268,0.8108296085085539,0.6635876079647272,-0.014671014135585699,0.0157808024367858,-0.7477882147870054,-0.2887511313296013,-0.01176469621283651,-0.0005759854240240647,0.5634827601292098,-0.2781591354901256,0.06439280240594862,-0.2521666217852793,0.07385306486530556,-0.0042211717834865214,0.8394364676497358,-0.44369147905735445,-0.012258800352122713,-0.0457483059665137,-0.4048117868123551,0.04191134594003719,-0.2478233904624363,-0.09971594720670558,-0.034823869040143375,0.7868689064234087,0.23253053227741,-0.17451138337002864,0.023541424853535553,-0.7417015697134358,0.2476213895263101,-1.2208635366342058,0.09340158230374787,0.2538166372859758,0.7551027728568646,-0.15109016978427206,0.3445323538237518
12.202,20.220419466115935,19.986065630766074,0.8127841545012935,0.6629066696461059,-0.019221884845990824,0.01766003564612455,-0.7482468774559995,-0.24589738796281926,-0.0018652873482524561,-0.007237680331798854,0.556326687838408,-0.3092626790266279,0.06976551952797723,-0.31619965768282055,0.07713372800834367,0.007721051706624689,0.8538586635861186,-0.44329810807045433,0.006959765618684996,-0.07944995836519969,-0.4158616604920973,0.033600232629084174,-0.0959441964470012,-0.06723942132863099,-0.03755657711885685,0.9070148887913185,0.1481416552842712,-0.07768862464983714,-0.2763520314790639,-0.5372541293956247,0.007545978048537421,-1.345708208336949,0.020992412039183218,0.20579789375128177,0.02695757070625407,0.08324735100880569,0.3751158916494734
12.252,20.215841094772316,19.965086565847823,0.814137669029273,0.661635394262291,-0.019394549120639277,0.01710049408158262,-0.749379763288251,-0.19914599815278727,0.002437415372692908,-0.005084143419645641,0.5341550879037801,-0.3297971397887018,0.06640716781189454,-0.38461228365088507,0.07364819211475362,0.012886021054800743,0.8473104464387892,-0.4366558872188846,0.026875450726431167,-0.10145880918737407,-0.42395833903985275,0.021163559525533386,0.1117515524897391,0.02734402200155801,-0.09916141482217226,0.9605129572200809,0.01510514344655622,0.1508828634436465,-0.5897425679349374,-0.32863883651000114,-0.03910219287060911,-1.299855062965889,-0.1975298098128822,-0.07861956200707555,-0.3395889762250536,0.16569595021842576,0.3258823776086565
12.302,20.21017592674384,19.943616021901374,0.8147470238382641,0.6594856495013262,-0.014650036801087412,0.014601186827675253,-0.75143253846687,-0.1508964009584867,-0.0005889010360636155,0.006063083333541029,0.4989150087228875,-0.34341503134941287,0.06611001052515018,-0.438133254302524,0.05712061108633401,-0.0039764252219928915,0.8156022128400646,-0.41998590274678754,0.036173207554806255,-0.12545278145774724,-0.43397070410015887,0.0009124788784927889,0.272851455285736,0.12935150582668287,-0.1287073889112225,0.943828119370431,-0.1249461785360337,0.2728788604134605,-0.7651808433894991,-0.23858970170783517,0.016943311109446968,-0.8296156997688057,-0.394195907705837,-0.5012924048675905,-0.8472029726325757,0.46997865392968785,0.08825720635923678
12.352,20.203234823852174,19.921509536122535,0.8139870147078403,0.6571438651071709,-0.006143261471417493,0.010626736196619179,-0.7536652263228736,-0.10426489542914393,-0.010636900441282758,0.02087792840520972,0.46009137380222626,-0.3546167217652294,0.06993663714036273,-0.45556350221962666,0.03460142798359918,-0.04147351035885861,0.7383781902612634,-0.3592757786466281,0.0374320785354005,-0.1517398710531502,-0.4489025878205879,-0.03977747097024432,0.4058745460349027,0.16159060964004396,-0.1076634269586581,0.8758340463509335,-0.27458872973884113,0.2890878622866155,-0.6574049845951101,-0.27929745427602426,0.09194000490418348,0.16248878331634348,-0.42545732501668,-0.8802445974403591,-2.3370940553033113,1.8812934608454597,0.010714295285705687
12.402000000000001,20.19533342499661,19.898862288468212,0.8095564698908975,0.656908040551371,0.005458946274166075,0.0021049491907730636,-0.7539480057360961,-0.07747613663455116,-0.032783347343123825,0.03958869683029394,0.46585714818134466,-0.3738666569195448,0.06762462741316168,-0.4166242064257042,0.01980552889636737,-0.06826154400971708,0.5731406575223537,-0.24788140938807332,0.04149104029621425,-0.15405247786341852,-0.45879969767982204,-0.1423816921313967,0.8067774869098611,0.05238201529369723,0.09511375365509123,0.12236327378626496,-0.7468566243976273,0.36769526572394495,1.1137927844903475,-0.4282494536564109,-0.19437214200826627,1.282326599493267,-0.2403006249242765,0.03692422380460821,-3.873334405129321,2.1614195940330534,0.13320846237797876
12.452,20.18778421073576,19.877268853583242,0.8048638550167262,0.6582856120736404,0.017069700385236232,-0.010615313708220596,-0.7524998294886631,-0.10943208449996493,-0.06440891477396432,0.045667873033676684,0.5946661275425761,-0.37899249812045716,0.04864085742355316,-0.39217699300917697,0.017182027940377834,-0.027559166768496117,0.5406769364241014,-0.15102617293556553,-0.026546175189411696,-0.1397439452973233,-0.39326268750427856,0.010904802621046521,0.3873816896631237,0.06914268078419547,-0.003662419278399831,-1.2228796061678278,-0.48364879463590327,-0.35531112035474605,3.399131109177994,-0.5922778627519113,-0.31230617583591375,-0.10949854021175492,-0.1536914727594919,0.2720676712495652,1.4299333306498476,-1.514321986513635,-1.245752973217833
12.502,20.181649884486212,19.857801871078678,0.807131718550709,0.6597224149267867,0.02158164440001652,-0.015518957314907132,-0.7510391000687099,-0.16958951602617878,-0.07922715071711815,0.03597947315388783,0.7263862103829916,-0.4708316665385923,0.038782518087974824,-0.37572377799509094,0.009480658448944123,-0.022340027050590038,0.5769160911740998,-0.21495030330803988,-0.06507024441721375,-0.10976031225860651,-0.3948295895265881,0.06062561122714817,0.18537056810117722,-0.07058141843389695,0.09086390986529956,-0.9928159812754652,-0.07851543468115708,-0.015575832004402206,1.6491301102136804,-1.8585112801815868,-0.1726337414543458,0.689113774295591,-0.1151679427265641,0.052229275845634984,0.18080362772888847,-0.9274430602787589,-0.4656585671237332
12.552,20.176942832967732,19.837888866363304,0.8101086783615719,0.6613912111895809,0.021943378559850898,-0.01958281405039353,-0.7494642535120838,-0.21454530368990715,-0.07890753821525229,0.0335957677886392,0.7767280967000636,-0.5214791100456226,0.028979638205443997,-0.3341690127765231,0.004502299421561667,-0.02179260230206764,0.5737130351330846,-0.251312985901037,-0.07873873864622687,-0.07897503654598448,-0.39939860879539957,0.0536445140561219,0.08782412002052407,-0.0916932429778036,0.09494658619881044,-0.8566323754380433,0.059166060265022226,-0.07727996612205203,0.5467179308657744,-0.33224369917890667,-0.2402714905483585,0.8805921236891618,-0.08819544541845432,-0.02025717188634114,-0.18794476792605044,-0.5964693919006129,-0.13286104909870233
12.602,20.173797977375887,19.817926217057305,0.8122971333546533,0.6630698263530068,0.02119074932470793,-0.021560167698216226,-0.7479468675595042,-0.25667009035665284,-0.0739398243254539,0.02806319594000187,0.7909227595495437,-0.5213851503386945,0.012811445885572552,-0.2904910472110729,0.0012780049382530266,-0.024200344440367904,0.5618687135480478,-0.27825636579503393,-0.0813316572450174,-0.04790603605150134,-0.39891794957531185,0.03502769373546093,-0.004104618756378535,-0.052591291249206695,0.08939337260143172,-0.831616341449066,0.12987724927814404,-0.12989327755892152,0.11431109644630755,0.21748290914635765,-0.36147960387346384,0.8616831477707256,-0.040347459033973354,-0.06787825272222674,-0.27362080698047664,-0.5037279026120977,-0.0026516394058258715
12.652000000000001,20.172181042437376,19.79812625505558,0.8137964640102118,0.6650943922869562,0.019735141841703108,-0.02090276073945007,-0.7462057679476896,-0.2993292364488603,-0.06626238735051822,0.020510608352849454,0.7927437997116418,-0.49475809341356447,-0.01363236589828275,-0.2473286191143084,0.0006663247408197027,-0.02988871250831973,0.5435243061777345,-0.2997403240615886,-0.08053637509582959,-0.017439327523555863,-0.39350545461539715,0.026534948314309317,-0.10518290202831045,0.00119260921381899,0.12148815669817445,-0.8471939512920126,0.17294667873847233,-0.13663708014933373,-0.06453129508889349,0.7393437143555512,-0.5930251933275597,0.871771049649073,0.012746160949914266,-0.1496714988091292,-0.4600016349018122,-0.3605697776418179,0.02862768018863806
12.702,20.172178942832993,19.778571998803386,0.8149487635739666,0.6674188926391713,0.017680612802014495,-0.017812447903001894,-0.744259453671198,-0.3373195256286837,-0.0570588655788999,0.017212713274073112,0.7761678877189595,-0.45247561547795623,-0.0395955230246419,-0.2035008034007755,0.00268153840724568,-0.03804481836897099,0.5160888148698615,-0.3148260854890606,-0.0786118700253021,0.01619783300902357,-0.38803656148070836,0.017735014758560572,-0.18616152116988444,0.050418862199897455,0.11557911889740587,-0.6696480047261535,0.18542862922765307,-0.006147902703167242,-0.582854389844349,0.8598066918390008,-0.4184936901304418,0.8625617459172661,0.06881231461663206,-0.16948079203923494,-0.6063092379326046,-0.2605858052823216,0.04871475849759191
12.752,20.1737825242391,19.759215095581975,0.8154794784969321,0.6694812244962316,0.014911137708547406,-0.012288058585809244,-0.7425776401397052,-0.35750796307816474,-0.04601144642053695,0.024253575485084757,0.7093402329473051,-0.3866777882760766,-0.05487059096563653,-0.16012505768235696,0.008417732794842541,-0.04687532827720488,0.4821393245640582,-0.3253739209242214,-0.07473322524845102,0.04747445764177332,-0.38633934813196547,-0.0012682066750248366,-0.2863821951582556,0.08092056450737577,0.08420555451339842,-0.11988284245601918,0.2405646424419762,0.3005965127211579,-2.1121957172470776,1.7008703620310133,-0.16555387612312278,0.8409700460830472,0.15858165529710355,-0.17071548427634378,-0.6752765470151793,-0.20122645599675298,0.11330969825568306
12.802,20.176990000210633,19.74008851069223,0.8136894135550352,0.6704199150932411,0.01036132434487096,-0.004117075121369183,-0.7418981264948948,-0.347898587318478,-0.03800423609796529,0.03843085103444528,0.565134256504621,-0.2772446230959949,-0.06471621942009247,-0.1264308266619596,0.02011064565466641,-0.05517522797046497,0.4639952704951998,-0.34171161358393354,-0.06605993894404004,0.07557048991086096,-0.3766139222418002,-0.0845571009961486,-0.4857028799016838,0.07422784688792128,-0.00932684688852415,0.4245687290601914,0.07144713769591444,0.08973197062271737,-3.31716512130469,2.4701366720323867,-0.3143607380404529,0.4430835615028821,0.361411713646941,-0.1843294084379631,0.11341061679540468,-0.5264988778376162,0.23048326918675752
12.852,20.180093917054236,19.722515908145596,0.8094078780532952,0.6693092655801738,0.0012371969440129781,0.008519994319336088,-0.7429340388278415,-0.33201591676772174,-0.028412019751742068,0.017733393819850504,0.4973016115121233,-0.16724104606061843,0.007982903387966412,-0.1469803615664597,0.04764455735208081,-0.05993687477283255,0.5521652801969638,-0.35501594938222114,-0.05167113332757516,0.05161472735732925,-0.29526346565114325,-0.01788814226891878,-0.46379895973581076,0.20488850086320048,0.011645429089306665,-0.36922367784994836,0.2435621984842322,-0.2936680722086529,1.22013754555523,-1.2171601054770844,1.4102415758337452,-1.5970187780077918,0.594985653839112,0.6488306957420373,3.8507752972656877,-0.0012082264384630642,0.6730609099159521
12.902000000000001,20.181561912900413,19.70784730580746,0.8100460824612604,0.6690588267451775,-0.002446927507843902,0.01563442792309391,-0.7430409568547726,-0.33167633785905054,-0.01921972161263219,0.008455673776659362,0.5376011682182285,-0.22265647185632692,0.042256137703794175,-0.22778311865583734,0.07189283033608486,-0.012848366472767037,0.7456067054793533,-0.3947049905368766,-0.031222760846522885,0.0012114794478490349,-0.30412797605916697,0.03505932997106402,-0.283301023379106,-0.05139425279643075,-0.03787304072323782,0.396156891107255,0.2300109125336884,-0.15758541343373464,0.37345182275310135,-0.8555591341204418,0.3978742467968456,-1.269043396304937,0.33079994547806973,0.6559235709183248,2.684937381355761,-1.377759128385905,0.3749604551256762
12.952,20.18038309336611,19.692425397169348,0.8121965042385998,0.6685396079952575,-0.008562303864901559,0.019130705189511196,-0.7433811240629025,-0.3037340426965111,-0.006679051868567392,2.4662695023295103e-05,0.544094544525336,-0.2558977558730105,0.056227450041489685,-0.28177711447792136,0.0793004119384957,0.0043413223336350665,0.8201873928733656,-0.43474173096039687,-0.012479517735951982,-0.04403388767675641,-0.308766674184736,0.0453574325439851,-0.23824714339851752,-0.09017689342807723,-0.018684343229505723,0.6332175784986185,0.2527919834582734,-0.16577720820066652,-0.026172418269459295,-0.5295138626433541,0.18334147000379597,-1.003329513552845,0.04926613932800824,0.21272041722159055,0.6203736883059519,-0.2600179514199452,0.38057212911896027
13.002,20.17733447240982,19.677180335902282,0.8141721297459474,0.668199250556167,-0.012536204157854195,0.02118116366335894,-0.7435751229347008,-0.27185512351443236,0.004102965966851737,-0.005993154047152523,0.5381580206811097,-0.2779596681771242,0.060577994137426205,-0.3336086321629203,0.07928944015250222,0.014346820294587137,0.8293974355758769,-0.4383380329203839,0.00654993676447075,-0.07473746436723705,-0.3002041083862868,0.03175291918705024,-0.08813200457477081,-0.03162557952449672,-0.021612184234678474,0.6246622609260132,0.16659280111927638,-0.06308614777561336,-0.1855625482495089,-0.3747307193617854,0.019424043995338695,-1.0752578165172795,-0.04985253458035205,0.17172743044586009,-0.057030661846541576,-0.0016855944949303156,0.34701628289774966
13.052,20.173057123821362,19.662524275936253,0.8153573425157626,0.6675694514641811,-0.011918318364801879,0.021116203733387507,-0.7441525966487376,-0.24196823235275625,0.008576082392436096,-0.00439095651606287,0.5244107237689889,-0.29231191549393043,0.06095916863296598,-0.3854848954749066,0.07054922435594306,0.015212719644914713,0.8167179228316225,-0.43774727998743895,0.022595644223994765,-0.09529511759824155,-0.28768752415346494,0.017150863630156263,0.11600937967449033,0.06031701206990542,-0.04334040088116784,0.5808754548679614,0.014980771048891242,0.11575815665769006,-0.36187264684634185,-0.21806226494217543,0.013248500793350167,-0.937593751455458,-0.30517732189909796,-0.17330894536017852,-0.45829671196938915,0.05450753625139489,0.22729132187227608
13.102,20.167640216371566,19.648311260730097,0.8158924901152402,0.6666149461547047,-0.006639602482967981,0.018902713563035654,-0.7451329523393687,-0.2134929913817368,0.0056443376480929,0.004482553059569018,0.5024381488356339,-0.30085692715537954,0.0629660955007117,-0.42194353527202133,0.05141530569380416,-0.0021408775124303783,0.783093564176251,-0.42586834332540213,0.02995379667378057,-0.12170166097686402,-0.28156573618928576,0.0030206765416981203,0.28581009757302767,0.13430824568607083,-0.058324457822094104,0.5501558882974529,-0.12276345387449716,0.2212885553730635,-0.48655667956011256,-0.1446607571469031,0.057601301644562515,-0.5227882584444767,-0.3934539588995135,-0.4268525674712017,-0.818326702228622,0.38198721929849644,0.09612457188002327
13.152000000000001,20.160836731407976,19.63413834157655,0.81540512141877,0.6656760580686667,0.002145768650619929,0.014407059178028519,-0.7460986650818388,-0.18624927864399993,-0.004396667436711404,0.016754472230796957,0.4780102781113754,-0.30818215597625354,0.0661449982177684,-0.4265518204444865,0.030344878923158434,-0.03216199893063461,0.7078568048070574,-0.36940919346716966,0.035549091641509836,-0.14892700789679253,-0.2866952148847626,-0.03013773835069514,0.4488316703488806,0.13284716799058682,-0.023257089497600362,0.513971643208955,-0.2885402087348707,0.24120043767538568,-0.389590189937737,-0.2064232383456129,0.04245288144288583,0.3938685607732796,-0.4104791243493382,-0.6896563509178278,-2.3623618801275903,1.8760935366497407,0.17895224483962113
13.202,20.15309820173589,19.61957798008444,0.8109630663143728,0.6666792352404329,0.013524057084986222,0.004418029213673971,-0.7452089493538445,-0.16832497697760312,-0.02823126375627833,0.027587034242531106,0.4819395919830363,-0.329545819348471,0.055629501162913854,-0.377189629982656,0.013442063896173818,-0.04797792141953456,0.539146119492264,-0.25146532847932246,0.05045999604126235,-0.15141419681259455,-0.2905967870549482,-0.1632486720538724,0.7903567624310298,0.012295187668298504,0.17456416715118125,0.12632490808402558,-0.7304017331462427,0.18682208872459055,0.6866054394893594,-0.7262645028405359,-0.39600106934389634,1.2407053187186485,-0.3132829795166336,0.3466558916417274,-3.4314762327585755,3.2332899578295207,-0.2674981419827828
13.252,20.14624413916451,19.60691091600777,0.8078298025001903,0.6598956807674543,0.023602248436825398,-0.005076831672812932,-0.750969273774467,-0.18271161800456875,-0.044955477196694134,0.049212320044443536,0.5538889436936864,-0.34261410106008255,0.0362489455862267,-0.3743752881917783,0.019621245248272162,-0.003934980176063753,0.5397830098769307,-0.18120369825695748,-0.0323307422605224,-0.11418893414138007,-0.2199700239395734,0.03156701976528567,0.317533852133662,0.07859209741075662,-0.5742953279024628,-0.9970159280560243,-0.4158320206908839,-0.531639560701716,2.8046969564099435,-0.35584041034463304,-0.46252367498593266,-0.1818199797426491,0.21662153489949515,0.6915427851881983,0.8150016250213207,-1.065912097238845,-1.0187403135006603
13.302,20.14190246619991,19.596434130071692,0.810109737880821,0.648604598064782,0.028812609504608122,-0.008681110373023899,-0.760530438066385,-0.2403205417192824,-0.06829040150029099,0.016062533445749354,0.6881673494335258,-0.4190243907875473,0.007302988853926946,-0.3707182716109844,0.030201996924593487,0.028839512793713013,0.5547218605266178,-0.21228571412412758,-0.06568296848992194,-0.06767725551586298,-0.20576862885290145,0.04683365458627254,0.21693257847299555,0.004303506993543596,-0.6132181565355226,-1.0349309597576746,-0.3030653090093805,-0.40471975947546746,1.9082192487401002,-1.7836080348738155,-0.5347979238425968,0.24133669372936115,0.204749636335484,0.6463478100382638,0.019657648731624497,-0.33600787775832935,-0.4148568326009948
13.352,20.13925552469624,19.586311308572352,0.8121060548978797,0.6365531255562705,0.031094498395060014,-0.01176594707506843,-0.770515939486997,-0.2833689053693712,-0.07351746043628758,0.0051554349839332434,0.7469709252483977,-0.4782648197809522,-0.015326153316217677,-0.3551021106218004,0.04096330503235979,0.059853560986465645,0.5507455303374773,-0.22347580452023974,-0.07708241719963058,-0.03839134211708789,-0.20022001724020097,0.03523019569910531,0.12268077581779031,-0.04704541518590027,-0.6330632029655633,-0.6759903885429497,0.03175159720993421,-0.06399476576345255,0.5083594097167995,-0.43555911080876525,-0.2817727914380977,0.3573663132918621,0.21871896232906154,0.6083676584324351,-0.14431092120492553,-0.1530926557801746,-0.0867171413937822
13.402000000000001,20.13811619368614,19.576369121113146,0.813788111433351,0.6242348953813482,0.03112527191610046,-0.013640940416054546,-0.780497237394824,-0.30878383284860944,-0.06969372148717345,0.003781630428632591,0.7530503288680145,-0.48150870219447267,-0.025242165419189885,-0.33485751688943866,0.05254038131039385,0.08909029640701353,0.540110059964243,-0.2285399252443887,-0.07925589113909304,-0.008309802332758253,-0.19748192128892011,0.03326280087687195,0.015982386706006543,-0.07879445440040717,-0.6257872951994172,-0.38511176670643393,0.08419046751383476,-0.026659314352988028,-0.0732723894216147,0.12609298963458723,-0.1570648427062541,0.44865344950876346,0.2461676306719521,0.5587065099131772,-0.2830104100667888,-0.05502833162564605,-0.026453806083762774
13.452,20.138436424059613,19.566495557517147,0.8156163126216596,0.6118899754730133,0.028781585283413288,-0.013684030632314536,-0.7903005919078282,-0.32124999194037296,-0.0663529894214202,0.0016679277317777357,0.7427652215576435,-0.4683270326189211,-0.03737114377354205,-0.308759685526012,0.06624569266974872,0.11645528526947933,0.5194911488861353,-0.22764056859336296,-0.08052688590384222,0.019087279590470553,-0.19833587344455797,0.03941932954694194,-0.10826741912703243,-0.10836000582495633,-0.6290466961243413,-0.11218263316823826,0.054008195345167376,-0.052077039521493854,-0.3355498205493062,0.3173424932394159,-0.2922592617905175,0.5955169753438084,0.3000491376237343,0.5332223701159329,-0.5377617027043807,0.08399281016756643,-0.0143609112099884
13.502,20.14000840345927,19.556529751960625,0.81757423301652,0.5996075535929615,0.02407015420127007,-0.011421759760516195,-0.7998505815181762,-0.31908974671736057,-0.06352430778320502,-0.00012762893776640746,0.7145459428795825,-0.4504746185144649,-0.05007784079880838,-0.2762567930514883,0.08265135629826968,0.14194077668769942,0.48694684763555357,-0.2205720123016654,-0.08026490456726568,0.042289798635716774,-0.1995198301546395,0.03544137806161032,-0.2454869032200348,-0.10518136432109741,-0.6093720801265764,0.16776456402431103,0.06559363619306441,-0.01936209932381011,-0.7720113560220181,0.3626139305994186,-0.198163004194151,0.6734590153718948,0.3569925995056987,0.4800814815087651,-0.723261057605276,0.1793876222483688,0.027626208953186814
13.552,20.142539238143044,19.54622601474887,0.8190098595073216,0.5875041158181717,0.017074650260792208,-0.006222714028281753,-0.8090170876102081,-0.29260360923915346,-0.05826213450504681,0.0008923719935857885,0.6293090511959545,-0.4138041424743363,-0.056410429608964835,-0.23999855993598887,0.10294374702457156,0.16513802978511868,0.4469297914914256,-0.21014774646453727,-0.0760533721371398,0.05692723017722006,-0.2126319920241296,0.015467149490951996,-0.4079656435861976,-0.11916892666219168,-0.6043889490241433,0.9220515384509685,0.16059951909231063,0.08946238081461642,-2.784652761340159,1.1748222422778039,-0.0547141197064884,0.7316832982156778,0.4625122755672376,0.43529422696198616,-0.7885288447106553,0.19302957595251224,0.13828112719803506
13.602,20.14528941583722,19.535541334196427,0.8176407146397466,0.5764602256838799,0.006807183271480827,0.0035949458082000876,-0.8170889467035,-0.2307766144564448,-0.04335685241622465,0.006133091566166694,0.45088826477758104,-0.30052380186803807,-0.047062295982593566,-0.21187531337355056,0.13337498167965883,0.1799977321386494,0.42463930849668563,-0.2095286671887551,-0.06662767270080482,0.05149414630984756,-0.2108955317905963,-0.06051835511442771,-0.6319373987437946,-0.10030729810656377,-0.4505234956228032,0.9670565255758317,0.3218280089455096,-0.20937489724976874,-2.2808454435892145,4.790549482843066,1.4201548412737786,0.3877784257829513,0.6689587422013544,0.1373038523734216,-0.09702726496776676,-0.17241857903853933,0.23660623124201385
13.652000000000001,20.148169478547818,19.525236979753693,0.8176820709165032,0.5663776898476677,0.002119931025860164,0.010262285301711676,-0.8240791854158496,-0.20594490942705776,-0.029322426348209096,0.023946912513541196,0.41805644761699545,-0.2196603410964346,0.027542330757018382,-0.2313410285824685,0.10586174575402028,0.08721876810000875,0.48460961523555296,-0.2972143968179018,-0.0380596207336564,0.04836372404390457,-0.19295709306499575,0.04370965352237355,-0.15826813242475807,0.0741478067470332,-0.5967268029800576,0.2682106616381151,0.1881027598446618,0.4767579700720642,0.06699504855973971,-0.7376264753121979,1.0328313794500978,-1.3066521339151507,-1.2391258664441178,-3.11823466397728,3.334703225784724,-3.0854602934184734,0.897004989005417
13.702,20.14847032728,19.515601193379418,0.8196718379506708,0.5539013116983782,-0.0006985618886353753,0.015112044311029197,-0.8324448780711219,-0.18806453006024418,-0.012651559453730005,0.046241148509992266,0.4202017473694005,-0.2500262012008181,0.05694678135730583,-0.2983956663790848,0.07524834158352546,0.027261443656197513,0.6559839834121861,-0.38948340357994327,0.0004830255673551856,-0.025362220221098672,-0.19458232865934844,0.0324911691112832,-0.25197516785519875,-0.0031489043943836036,-0.6102624623600198,0.406678073909718,0.42747476804382717,0.44320177867583266,0.030521168193907107,-0.49313831724972373,0.2823301733716144,-1.1363646288781468,-0.30848490023363145,-0.21902766517620217,2.3978948729155447,-0.9892401705658289,0.6330302530302844
13.752,20.146132609455364,19.50589738964804,0.8207548424096294,0.5402742163628014,-0.00361087923513699,0.019920270807543345,-0.8412454549628571,-0.16737861783635713,0.009345564348196996,0.07160279685556667,0.4204607833149505,-0.272196394894294,0.06278200517639645,-0.34975128258647775,0.06221666801278947,0.024964294545400112,0.7309859838178793,-0.41372810109301106,0.028318345130752053,-0.0645890418691399,-0.19491641473292648,0.011991664304419489,-0.17024968405090807,0.04173033017625812,-0.6634249607427591,0.42226618531196103,0.40859081965127936,0.5434249106064677,-0.0325704800810863,-0.41241410375073984,0.01344962854235953,-0.9163873435556186,-0.27343543318214647,-0.05045567845913088,0.7468344165459562,-0.19022061584649919,0.46306752512114735
13.802,20.14200379584918,19.496060832097946,0.8209382212231662,0.5261251186333648,-0.0035648616291929017,0.022781362347518427,-0.8500945011198365,-0.14555584383270423,0.025802112515456905,0.10063019024785999,0.41517912114342537,-0.2911232239343263,0.06216091147555296,-0.39286216707010396,0.04820150353445563,0.017770665725067376,0.7492437071312363,-0.41867910757953614,0.0442204650194431,-0.09974826828942943,-0.1987443579595473,-0.0031863881071321452,-0.014574036255286527,0.10984541146007651,-0.664756957505186,0.4496104872723199,0.24924272360099464,0.6076238435965001,-0.17743298067848556,-0.3450872360247777,-0.03246754075334484,-0.8211394621722188,-0.2689848421867593,-0.2344849454426292,0.15295129969986926,-0.06507824233709963,0.20100624031489742
13.852,20.136111296604135,19.48587670178559,0.8205833445445145,0.5113674731658625,0.00010248443049356995,0.022941919421691298,-0.8590558568673817,-0.11988799128144033,0.03347940961502054,0.1345820826876229,0.39831417726091944,-0.304663411522685,0.06012168756439634,-0.43186315424607497,0.032875243690739075,-0.0041379453822793875,0.755919931025805,-0.4201321865289668,0.04670525415776253,-0.13620771610979693,-0.20990002977501168,-0.010000197019768928,0.15636246295836934,0.1632990210420188,-0.7016031939864901,0.5907476112138406,0.06617442124023229,0.732380461948507,-0.4940201052642966,-0.2020399109888187,-0.05272173469720877,-0.6901428297535889,-0.3341964161697977,-0.6119262834953698,0.0804440748336916,0.025979103936080106,-0.06538688298029868
13.902000000000001,20.128120538997123,19.474978496082333,0.8198256500337073,0.4959447917112815,0.006028687550751189,0.020320141133140106,-0.8680953348366748,-0.08588866401917031,0.032949005040270686,0.1727103515461078,0.3672705463703946,-0.31254820275883555,0.05650019883586391,-0.45712616611340356,0.017133221149807296,-0.03942122463460243,0.7524863420132128,-0.40465743600696136,0.03744267894604077,-0.18257051905208724,-0.22481822650683478,-0.022720027488241375,0.27036147858737286,0.16122043042028372,-0.7128864224856086,0.742003742957177,-0.07394603990898192,0.7757508296468082,-0.6862213290049142,-0.14289328547930408,-0.08412881281552761,-0.3171132642899018,-0.26771243799492894,-0.7245443460495711,-0.22803687935840428,0.5267421360947203,-0.23901725790683245
13.952,20.117675957915907,19.463189238525455,0.8181064684220526,0.4799159136430597,0.012275309174606536,0.014837237510178873,-0.8771031233554478,-0.04312673917850173,0.025642585537554326,0.21298000476955323,0.3300351311792812,-0.31928961886320206,0.05225586012285157,-0.454597692114547,0.004030422007806855,-0.08402823182808639,0.71067901533087,-0.3424341292346401,0.021194594739733508,-0.23442030162692074,-0.2437849283756252,-0.051947259171760164,0.3735378169059694,0.07241360632064725,-0.7316085799241296,0.9128003250458226,-0.20470996748876544,0.802113947171058,-0.685662552547914,-0.18633441997239245,-0.11388200049311265,0.4274793173685122,-0.1740687771410048,-0.9466816831569298,-1.5336356409944167,1.8218550194644958,-0.3428184840954
14.002,20.10480313730547,19.45092171678861,0.8133805633185639,0.46525300235470524,0.018048438816643156,0.0045663572751744085,-0.884981946729678,-0.006553601590100872,0.009637720955360852,0.24315249879871595,0.32341374511937176,-0.3403175097505904,0.04157411809611059,-0.4143535219733245,0.008305768327630433,-0.1121633940749708,0.5964138362621787,-0.23617274569956795,0.0006108402470462925,-0.2706863568540728,-0.2479046751079421,-0.143714257198548,0.6749583274172546,-0.05620895612623872,-0.5509560462426476,0.44009480278102064,-0.5525430734156823,0.174725905548511,0.6226552737103233,-0.655427795611031,-0.27724625160952193,1.0914970825538628,0.26960317792858374,-0.03154313851224551,-2.762345317266011,2.11633454309558,-0.46872607293179663
14.052,20.092208810565168,19.439732417939894,0.8073566152720144,0.45668435802875007,0.02594970073703711,-0.013003824795388768,-0.8891551668320988,-0.05031556317959922,-0.028169371242049004,0.18160667394848237,0.4740298269334554,-0.37088566997742345,0.033219829867001414,-0.3793575619553854,0.01910086595163662,-0.06239832680692123,0.5233765684508831,-0.17625410004999698,-0.08287656639220636,-0.2158311949554217,-0.18120092418108466,-0.001244666916909369,0.5431720100519976,0.034605477506872255,-0.47415335662844005,-2.114896694319161,-0.9438148058392574,-2.920129495354603,4.98433613088916,-0.42028653013965245,-0.21261258768910007,-0.32887489656469243,-0.07873454974940426,0.8012677136971594,1.3199905614571377,-1.1719783431222905,-0.7794562415286342
14.102,20.08215497859159,19.43066662062287,0.809149597032937,0.44597694180683123,0.030143720386356224,-0.02166836383380847,-0.8942742339498889,-0.15367914344879297,-0.07055972225409554,0.061168202804343874,0.6930744857801578,-0.44673781586052397,0.01065905680132126,-0.3790261190663414,0.01828655534870988,-0.029899393449265274,0.5621669281356386,-0.22038153023590537,-0.09910012362917028,-0.20280112780292067,-0.18959861571710707,0.04745946923192075,0.2873617628826812,-0.10296634250478925,-0.5128183656689985,-1.5705385011825084,-0.3092332484247273,-1.1777163043230285,2.712436725921034,-2.0632149982776595,-0.6006529937602295,0.35177300039252674,0.09535433556264918,0.6071008182356592,0.2723715971939664,-0.5817772052601047,-0.21147535487139046
14.152000000000001,20.072222721293006,19.420744383171183,0.8114672676512609,0.43387991358017364,0.030315791244044467,-0.027647303080635295,-0.9000359992940706,-0.21804726086141668,-0.07256026523719748,0.027377996085764515,0.7681640377477257,-0.5098709052824201,-0.004325365886629073,-0.3544964631976149,0.024816489330960034,-0.0010582904529700973,0.5637882187885339,-0.24226737757826478,-0.10517442288710273,-0.19270457471913727,-0.2085205689083205,0.043835124397150746,0.18446435246150658,-0.1292979633278982,-0.5654701372932988,-1.0396285591467995,0.12303577411698327,-0.28906232877948984,0.5430871973016459,-0.5181607163491067,-0.05047804350905,0.562167389872223,0.15793405542528471,0.5847564644596931,-0.09017872114953955,-0.3349475044161511,-0.048197086427140254
14.202,20.062984435362637,19.409820262652033,0.8134290499328569,0.42045432058518195,0.029087629324761888,-0.03157023305971571,-0.9062976301999657,-0.26184476520367517,-0.06677832873331624,0.0172474543679693,0.7706950243070576,-0.5129686647051414,-0.005925275432453405,-0.32462666113176614,0.03418752210040084,0.027703916883088323,0.5563633059974682,-0.2562659885850845,-0.1070788136651445,-0.17754151178914362,-0.22724586203745598,0.035156834161180164,0.07288507935067887,-0.14203525368354686,-0.5967831356760119,-0.7564737321443019,0.07615858653176437,-0.17752917846599253,-0.19990123111361585,0.19951264841546917,-0.05341248832171871,0.6315437934644339,0.21659922857983396,0.5583045212777707,-0.19796933555980897,-0.24877264087026496,-0.03176874743029769
14.252,20.054461660460206,19.398033684750217,0.8151830548529158,0.40656535328068943,0.02630894336827102,-0.03277376353274382,-0.9126545531768815,-0.2942350496073756,-0.06541698157506681,0.00939993702101451,0.7546416566749401,-0.49026419497359486,-0.017811950393171665,-0.29010904596262416,0.047025695607737464,0.05494824907223204,0.5410191968676479,-0.2658238424122662,-0.10874439124245935,-0.16516988185759002,-0.24357078117153738,0.03555104638136186,-0.059819882190584546,-0.1518448259220133,-0.60773015302302,-0.5389850524938219,0.0013372398247934833,-0.10906539501440272,-0.4035000642052844,0.571066401122978,-0.34842191229261626,0.7543557006551422,0.29251833408462685,0.5268368477154916,-0.41925170571024745,-0.13753588701889038,-0.029563986390719388
14.302,20.046391627448205,19.38542969079508,0.8169096594716995,0.39275840143062835,0.02200486976062838,-0.03093319005783706,-0.918857857105941,-0.3136228571167729,-0.06562335642248737,0.007350722260383289,0.7267892715274554,-0.4600069941932756,-0.03376661890890722,-0.2492948251063633,0.06337337002306738,0.0799994732387736,0.5143389107587978,-0.2702452728498862,-0.10945083397165575,-0.15808368118924546,-0.2593433421313185,0.03103197614726036,-0.19675337296073173,-0.14363895602668214,-0.5881450522735977,-0.25470194721830974,-0.012583857924897907,-0.004579800634937865,-0.6971208161875366,0.5856559021032018,-0.257224065436019,0.8513514571227608,0.35738870231071596,0.4712752660601037,-0.614149387741872,-0.055131630868598486,-0.001065378761176051
14.352,20.038473645378307,19.371933897481714,0.8182181273399592,0.37937043024603206,0.01668520698099346,-0.025811836831106508,-0.924734248096364,-0.3103732193428684,-0.06561497549279954,0.009203617087778306,0.6565745753180593,-0.41736622807802204,-0.04172248854983094,-0.20426030841343915,0.08311965673790404,0.10285227688593951,0.4789689358288831,-0.2711935512165898,-0.10728439713201106,-0.15898485634282994,-0.280030739600784,0.016994484116586453,-0.33151912316846904,-0.12795469673962145,-0.5765556340541869,0.4049401497993843,0.02717356113948451,0.10960435537025691,-2.205549644502226,1.0863913915542518,-0.04941480514959525,0.9162497368232372,0.43016786141724883,0.44297505002217263,-0.7363405743485437,-0.014212399899173611,0.09592916085622517
14.402000000000001,20.030417800045637,19.357623448938234,0.8174628023232263,0.3667033609561869,0.010423670972188569,-0.01647559888735535,-0.9301336177067274,-0.26981651588363625,-0.06019819460197471,0.017816303501707105,0.4957252826989779,-0.34783123584907516,-0.04272501073565053,-0.16399823708002043,0.10928559454456335,0.12168849948773515,0.4525989187440491,-0.27778070563076696,-0.10015334178293876,-0.16438877241841668,-0.28434982988039814,-0.06393996084800421,-0.5894930264050059,-0.07814915006207722,-0.49320732299097575,1.0923181331902436,0.2323550900311914,0.1339748516358683,-3.8501611741545068,1.4721886941021611,-0.01914989163626024,0.6064540451408735,0.6823064671778692,0.24792937470636273,-0.16588714257088022,-0.32619461514923986,0.1543270503518135
14.452,20.022172416269207,19.344017752618228,0.8122045718051351,0.35405028052456156,0.0036530155635853307,-0.002114607660023548,-0.9352168640332661,-0.225165336025206,-0.03305964830616781,0.014028424701072321,0.3847113527566639,-0.15838947215029642,-0.09716490174786081,-0.1692719989170621,0.13236531847158176,0.07840003311009044,0.5094083087730978,-0.328315277480479,-0.05776583619518048,-0.1451422914452118,-0.2623287806304863,-0.11896868491864693,-0.48163935182747913,0.05540486348623726,-0.6569636544823152,0.2921950308505562,0.5610896682450631,0.12573907346677826,-0.23815139429518845,3.7999975144633305,-0.6699478323384896,-1.2340961933922667,-0.47723969514256837,-3.122760224021316,3.309602365628261,-2.5546340640974954,1.5671451463267867
14.502,20.014205480542206,19.330467874426965,0.8092366019855497,0.33963428457989814,0.0016243213275737374,0.0038334003633736426,-0.940548360989365,-0.2249131436529057,-0.020482238496799615,0.026312855284992765,0.43604115824320666,-0.1539552170577064,-0.052386841812459416,-0.23139049378019982,0.09744879014096881,-0.009863643281785586,0.6688931236410949,-0.40898565079918187,0.005075438065390035,-0.1965485485295199,-0.2704457851580562,-0.006400257474206939,-0.18763718616995084,-0.0773774073482901,-0.5941222973510313,0.13191308930730067,0.20509281126678655,0.3435992454499024,1.2068506760152278,-1.044551916639612,1.930569371559218,-1.0052675790820207,-0.39496027624698293,-0.19030425999942696,2.35936241758826,-0.5880699318657502,0.9131776809643445
14.552,20.002664863363872,19.317233100118397,0.8096245290976493,0.3237382604232512,-0.0014696939403263643,0.007621616846287292,-0.9461148395911034,-0.2037865879418248,-0.0067222410653333805,0.04832230978547483,0.4683437864870264,-0.1872576327339342,0.03562295175908597,-0.28628545799141975,0.07800268201099482,-0.008564682103392214,0.7597019396081612,-0.4157300952873985,0.025608210425063727,-0.26387813565728063,-0.2593506152259919,0.013489471976120526,-0.17588081522403484,-0.041868325543497294,-0.7037347925975366,0.6669182904474893,0.35306382260220626,0.46463551121037316,0.20604684769726506,-0.7033730582988835,0.6788193397412586,-1.161338117167722,-0.35906295533866334,0.1392213042131264,1.3084901845262624,0.017109055648512526,0.23815634219472004
14.602,19.987952153475735,19.304334120800743,0.8102828095308429,0.30711685440888603,-0.0025361693964142894,0.010368793278348285,-0.9516119449170101,-0.16329083941979314,0.009146176583208966,0.07325031658924049,0.4631248545907533,-0.22007367388149993,0.043944596813202855,-0.3468028292128141,0.06039798930126472,-0.001232015618292308,0.8019754417014349,-0.41228217821918167,0.03889589495509824,-0.32106687618448815,-0.256642345788683,0.011307389866525807,-0.05511755069946693,0.050052619073773015,-0.706613546472613,0.8995447800281435,0.260957027019871,0.551987066391971,-0.3396112928359192,-0.547621402451914,0.010466979622331628,-1.2525194314721766,-0.3231950485700127,0.1333056642035809,0.49774312004079124,0.08645571571643716,0.2507669450681749
14.652000000000001,19.970621302041557,19.291468481130593,0.8107475151138603,0.28940676874565735,0.00030067932748823855,0.010346259816825973,-0.957150242492756,-0.11399946219880606,0.01752430345265895,0.10693700642794504,0.432712834698082,-0.23956827244927248,0.043724007371745185,-0.40846101469411944,0.039860898173777415,-0.008343881028972409,0.8124413908280983,-0.40842786128345593,0.04885802865052776,-0.37078755605740876,-0.2578674413301581,0.00506852840511429,0.1132804542163249,0.17065545663773976,-0.7622414818362269,1.0580747219310984,0.07550706972522842,0.763074777071316,-0.8267321867655413,-0.2728306130217528,-0.005908278721438577,-1.1453027398613584,-0.5184722398970748,-0.4821429512031802,-0.07654070114821357,0.1595803642632732,0.046427710682934165
14.702,19.950624526420537,19.278675501722,0.8103835187333842,0.2710239776671355,0.0062320297700228745,0.007802745717107342,-0.9625207958759661,-0.058096595572274444,0.016962510263076633,0.1467074774320468,0.38426003910326184,-0.2505279784188816,0.04396935845476315,-0.45461087428025065,0.01282848255787749,-0.04482802572817069,0.7928963416083019,-0.3857921560499361,0.04292774331729488,-0.42730798684505883,-0.25241977579954195,-0.023489665577908225,0.21067819201368618,0.22860738143815257,-0.7599665616551305,1.1538491772390345,-0.08458509256703148,0.8033166251112701,-1.0386744553825904,-0.20826154064714492,0.016374331568588665,-0.7028535692399681,-0.4973962378456539,-0.8392558017698528,-0.6126385563196365,0.6675126697813636,-0.21016515359457222
14.752,19.927644538378456,19.266211394154425,0.8080256005367009,0.25247463229965733,0.01273695965519823,0.0032191662674730883,-0.9675143238590505,0.003928942939477544,0.008838028048207035,0.18728252429472406,0.32994678154178614,-0.26122811246204397,0.04446815784654575,-0.469928388165587,-0.009128872694843915,-0.0972467737073598,0.7334983273035944,-0.31441130332686895,0.025547992710556303,-0.4878353980920908,-0.2414906826936107,-0.07884320628193349,0.28436642890753616,0.1792024912857711,-0.7464539162779188,1.2268663690465895,-0.21663562918668183,0.7693228737157456,-0.9354112128836911,-0.31308719046110567,-0.019009922824852955,0.07753049392391168,-0.2587567863429045,-1.101593141115078,-1.7935402124699122,2.0087458291638267,-0.4336191768652379
14.802,19.9022969283005,19.254652526599813,0.8018635440800755,0.23662075435695107,0.018714558383098524,-0.006251257006714299,-0.9714017220995176,0.04054497753128728,-0.01042025701329101,0.20161171035306177,0.33830661961283276,-0.28515582689313745,0.03325800924062065,-0.4441757978673355,-0.0051999130247795036,-0.1319482860717207,0.6059876891597181,-0.1933537857796193,-0.004063199650468233,-0.5202744859877673,-0.23273015486115675,-0.1595256647718126,0.7156114120912372,0.06421686650484291,-0.5345139036986826,0.0906183315082239,-0.6846481508743725,-0.23079320850373425,1.6102481186190385,-0.49479046853445596,-0.34991474200850053,0.9414527823019953,0.289528538386248,-0.12534281176122541,-3.096289329576874,2.4890629119070002,-0.6559822918256175
14.852,19.877229390461853,19.24405982757156,0.7972804389439082,0.22886667321823895,0.024736348513598627,-0.02104658389774929,-0.9729158238298238,-0.023799157833102574,-0.04381382308039363,0.13808135645104094,0.538575469663782,-0.2970419732602449,0.015490626909865182,-0.4171972041599867,0.014080948254895668,-0.07041844580793416,0.5783084977297778,-0.09934312632674912,-0.11644590612717862,-0.45787031942621537,-0.19930051965721998,0.010784217790621144,0.39844600979829997,0.17093963737562073,-0.36052450685201093,-2.2217926315936376,-0.9999443901688803,-2.70679649773541,5.305215363039728,-1.4270913634217688,-0.4611773267790263,0.04453870491980815,0.0403300082447135,0.7668990090607704,1.128293699005532,-1.9538955466189916,-1.1301859133121488
14.902000000000001,19.85495634639467,19.233639822989772,0.7989952232440108,0.21968000934114365,0.028344309207994377,-0.027900806813785567,-0.9747609135631862,-0.12069234079055874,-0.08306315316716566,0.040308573682953715,0.7324608410892,-0.4380395470050368,-0.01806917300256,-0.39891240985052057,0.01714461611599736,-0.0371378808844411,0.6131634920812782,-0.18265741909814703,-0.16537621709975533,-0.44379274875100827,-0.2158830801246155,0.03926361682574367,0.2402074035250258,-0.04124633931099697,-0.4562406582014499,-1.4813633751138977,-0.30374410228293425,-1.0220375654784637,2.186642051249226,-2.7420676020930976,-0.8457492057871413,0.6700003473821261,0.15513512933891188,0.67167598540892,0.2979204363943948,-1.3595082431985874,-1.1022497413711494
14.952,19.833359782446433,19.22253626510432,0.8004609707631954,0.20711647876489805,0.028158241913200748,-0.032403991301757674,-0.9773739606640357,-0.18728438468071038,-0.08199056037649931,0.011362161269208897,0.7931364965135657,-0.5085335788401217,-0.05134363783695228,-0.36213063653611316,0.02538775664722923,-0.004889927483202643,0.6207058209925705,-0.23716260971008254,-0.20291671639266792,-0.4188163782550482,-0.22954810516843294,0.0223369248478434,0.13852291041760903,-0.06758672754485671,-0.5523054440402697,-1.238116416118025,0.23266953746835461,-0.2411347375155803,0.515532008511287,-0.41575337237067805,-0.3420695274476467,0.7321810345519083,0.14430269481675911,0.6202199861762181,0.08541618107143896,-0.7919405089313906,-0.15544514302077683
15.002,19.813065632242083,19.21053771112218,0.8015154055169195,0.19319870408662437,0.027368187114482752,-0.03428585211144577,-0.9801784140748598,-0.24636817620321544,-0.07011814229405498,0.0024952487880856447,0.8010509271573822,-0.5128855132700104,-0.06257378769278746,-0.3244529432276281,0.03203937139436862,0.024045919213386356,0.6200210516187665,-0.2666158203059979,-0.19446089598738434,-0.3955790959548363,-0.2502323990151294,0.022135152064078543,0.019256580210964963,-0.07327987701500985,-0.5627058096742222,-1.136051497819801,0.19425235648107794,-0.16744582864450985,-0.029926896507233687,0.05004147399281267,-0.17299883993026377,0.7984225884109453,0.130417569469602,0.5364615951308201,-0.1298903730352851,-0.4426579440144395,0.36711921329214897
15.052,19.79357304790395,19.197483416170424,0.802878979506218,0.1799410806930222,0.025457359640616396,-0.03294185251564945,-0.9827959934147025,-0.299487491210987,-0.062275570917230856,-0.0051928709871801445,0.7934098777689244,-0.49950454203679645,-0.0759635007565325,-0.27901270852181187,0.03947256386636126,0.048366965696934994,0.6032174320853825,-0.2833511521875299,-0.17529796354616883,-0.38813295215331056,-0.2711146936738797,0.03094610959155908,-0.1282709039009155,-0.10356035328915066,-0.5085368629596667,-0.9459100676614005,0.15556975747361082,-0.10924649261316287,-0.3227405401204197,0.48642971818972036,-0.3141209467118105,1.0277249304306437,0.16725202332109804,0.43178930394645176,-0.5309451844547599,-0.26551931512248256,0.34503433433466635
15.102,19.774066942446673,19.183388007931292,0.8042540839469082,0.16834321253371098,0.022138314196258387,-0.02820570353415738,-0.9850760864656696,-0.336592561677021,-0.05264179247688214,-0.006913966941806992,0.7606456175719607,-0.46482587848758344,-0.08878811537175821,-0.2232637324636737,0.04852086708810377,0.06697967182454773,0.5697653520331092,-0.29368715043559573,-0.15578454869377414,-0.39165597754580067,-0.2910124578792273,0.018028267520043564,-0.26891655231589495,-0.10988794139460106,-0.4360362353394799,-0.5640048862219728,0.22218243667264018,0.003326218711694549,-0.9409459369253079,0.7843846870829388,-0.18489490377748186,1.1480461793924284,0.1954126605419126,0.31348031357577444,-0.7350795768926531,-0.1684641146941731,0.46875401717457477
15.152000000000001,19.754222108106166,19.168400893142934,0.8041656693827081,0.15832889270600434,0.01856526474463702,-0.019976980846357555,-0.9870097329386954,-0.3438071333562966,-0.038107175877892537,0.0012683432262008667,0.660933959776577,-0.3947407158438182,-0.09425139311672989,-0.1680839470191983,0.059099291492713354,0.07985964565102954,0.536339140367294,-0.29739210353384193,-0.11054442735450112,-0.400962316602495,-0.3066928498827573,-0.03145722522829691,-0.4068596744454274,-0.08293253474199024,-0.39366491715049007,0.3316864008747633,0.3371983660545359,0.3599174633461509,-3.249504693666303,2.073386170577389,-0.06058333807917346,0.9680394134456689,0.22867378194600937,0.20531076845408838,-0.4323630883551209,-0.010734532200493686,1.4811737238304448
15.202,19.73419778982056,19.153321714124683,0.7989869556549716,0.14825448958543,0.014801284442033545,-0.005909405208769866,-0.9888208165419592,-0.3054957672939089,-0.01840492508593788,0.015500220854264862,0.4617154299300154,-0.24494565575833824,-0.09338625429473858,-0.14248032545766953,0.07953741569002432,0.06745600683374571,0.5612161640527591,-0.32193730116577784,-0.08347250201411101,-0.40151672018030177,-0.2850061663350338,-0.17295112266492413,-0.8000539441184256,-0.09048793681872751,-0.4545287412232739,0.7511395142235554,0.5668536780859393,-0.11927562938392738,-2.1604957030873466,5.279625346146604,1.0543386550733043,-0.032005064393719314,0.6438782827339069,-0.6968601435140944,1.6017842138869938,-0.5719587962560317,0.35875333071925597
15.252,19.71582462122081,19.13988579202654,0.7946750502569729,0.13770889051310167,0.014653522967598332,0.005943493686359764,-0.9903465103796187,-0.3043022836784412,-0.0015808168065932612,0.02216303984280859,0.5048246023669295,-0.22083856324225856,-0.003934733928367936,-0.1895308134989206,0.08298397903415856,0.01862065158716126,0.7059318914621977,-0.3454102722533595,-0.053868189146571176,-0.35767722063134916,-0.24862133976045686,-0.017414216195437607,-0.21570487168994312,0.07441898090569521,-0.5127137770740888,0.052822031602922134,0.22423582262023736,0.3612674601003431,1.36413859699793,-1.82417358058878,1.054297732720891,-1.4084160092303808,-0.26068872550152916,-0.6898872737399518,3.5539525093306947,-1.6031671276868669,0.7079886866929644
15.302,19.6966093730405,19.129197360076446,0.7948186741682284,0.12439547564596706,0.012211049086656161,0.011961477794877863,-0.9920854695881698,-0.2779443503141172,0.015023458939309956,0.03967073718633907,0.5426764138175817,-0.29141697819726103,0.029532703353676706,-0.24925786522729101,0.08004843363201888,0.010185181599428736,0.8283775901942153,-0.4164694712248971,-0.02167693908580731,-0.40338572647195603,-0.1847109720513037,0.011873898708743618,-0.2630947528435866,-0.1389933912296898,-0.5212033499508074,0.8146869790727989,0.3884893566890211,0.30861901215658827,0.3575293622875306,-1.1019722532335408,0.386527968098056,-1.0170028099313253,0.005524382850636778,0.007233408128423168,1.286063480998481,-0.9655420192859033,0.5480362128034032
15.352,19.676190842866436,19.12120792009581,0.7953058308838498,0.11110775017645781,0.008531203366449164,0.017290108494869574,-0.9936213255401082,-0.23288596331833727,0.03443552927591587,0.0579047930258171,0.5483072108426051,-0.3367423493490312,0.039597614727496115,-0.3048126236251281,0.0816295160321879,0.017653100351746772,0.8602808313186676,-0.4389271715681875,0.0033724776890140867,-0.4117609460363887,-0.13938333701409802,0.0061954012035281515,-0.16770778078057536,-0.07705416180293803,-0.5410234920043203,0.9443773792637322,0.3533929415246605,0.41498922475664596,-0.07405601878889514,-0.7560869629725286,0.08393295449074822,-1.1995953166795679,-0.02263600314424257,0.1230528260966954,0.16252353230502556,-0.18652631516876697,0.41264993248479587
15.402000000000001,19.655391884746162,19.115159519062665,0.7953789594985559,0.09786611778853255,0.007464805039348861,0.019323846161392107,-0.9949839640136199,-0.18454449153569005,0.04763555307951788,0.08138755292971711,0.5356853142858328,-0.36833628939359847,0.04192783082561502,-0.36905476906036544,0.0751652074862346,0.017617282638794307,0.8579796876927626,-0.4438692239741398,0.018264150679639917,-0.4221385169464988,-0.10448283936326863,-0.0023788433066555693,0.0014093203018728678,0.02108154121400832,-0.5189528175398672,0.9925973358223065,0.17114015904884008,0.5052149902754102,-0.4156608856671568,-0.5271299529275527,0.03103759119021908,-1.3216462537382456,-0.21585400963938806,-0.11045982159331735,-0.1765154820282292,-0.049299004008425074,0.204084011546518
15.452,19.633681693644533,19.11066320952803,0.7953169253265452,0.08457875855597417,0.009177531448106145,0.017037509951358436,-0.996228854115512,-0.13017496187925115,0.05051319128968177,0.11095218322787635,0.5005597158353898,-0.387111791569029,0.043421399714068276,-0.43414795282823104,0.057149410504732046,0.0011892785682217706,0.8462727550520537,-0.4430014819506999,0.024132783971565038,-0.44913399626351197,-0.07592466826080231,-0.0005435927250129672,0.18512462328302984,0.10499996504475356,-0.5379132513020781,1.1902459642027483,-0.04363810364497549,0.6514036484808539,-0.9707590046673376,-0.2414839355453472,0.02071858490371973,-1.2264526617801477,-0.468043833759044,-0.523450537327568,-0.30231361559435393,0.1403715045980716,0.035337883576813514
15.502,19.610164362668502,19.107734188109244,0.7949766026472646,0.0713676073082395,0.012678365008938002,0.011244648241705847,-0.9973061122713108,-0.06595707561488338,0.043752194354182594,0.14454436985277347,0.4412967363393531,-0.3941874700920168,0.045269936866511894,-0.4860109835644845,0.03222319232100215,-0.03186271547068569,0.8233898220708494,-0.4190157457545707,0.023443445250988956,-0.4900576266919466,-0.041497076069557264,-0.01913034947550687,0.2973748824256637,0.14872507441542415,-0.5051556136938274,1.332324524539358,-0.211386439390808,0.6706613600297354,-1.2974062437421563,-0.09782133991386759,0.08863797331514585,-0.8398619363390104,-0.4783855500543613,-0.7318673241151445,-0.6057198844829125,0.7376050842154015,-0.05236613948730444
15.552,19.58443560859713,19.106485887442076,0.7927775259812813,0.059122684675200696,0.016202494022366818,0.0026809956609884595,-0.9981156243674963,0.0027888239689514297,0.02858290313067394,0.1773479000884195,0.37782347338284633,-0.398578624210235,0.050014140299175454,-0.5042234498877737,0.010149828121661637,-0.07905358921660612,0.7522371857050676,-0.3312345213932041,0.012348908178623514,-0.5336485379974883,-0.008231918673716187,-0.07492003869736119,0.43107082381978284,0.08541171670566808,-0.4240262581689803,1.2114236749131184,-0.3688165176363438,0.6030226669379262,-0.8163934655380023,-0.07045049334418803,-0.1628646031536948,0.18492679303892734,-0.29224748090251046,-0.9882699464686722,-2.4691209989829064,2.6694221181448907,-0.3584312447584043
15.602,19.557008146675297,19.106281278114572,0.786926025904167,0.052001484772102695,0.01718029440095044,-0.014715463631274666,-0.9983907742942686,0.022680791693700485,-0.004577814794741944,0.17421310360338182,0.4274563897899594,-0.4002445525206966,0.02429133332209981,-0.4592122661313016,0.009051117191895145,-0.09370566456786528,0.570722166412177,-0.18185448890068145,-0.0046849827801127,-0.5640875303891332,-0.012319514051420712,-0.16842668195616062,1.0462919940136524,-0.12382833034595798,-0.07904535368532511,-0.42524406907938805,-1.059981960452293,-0.6132908439370982,2.922793601064948,-0.09656254850763613,-0.25013025497902747,1.409785215428784,0.15822115872818732,0.9707473298727156,-3.666841449063622,3.5286898856021285,-0.9374541498551489
15.652000000000001,19.53246952205619,19.106184859014977,0.7843983710889549,0.04667222313902533,0.018785981735008908,-0.03132739358541018,-0.9982421474214841,-0.06071937362343106,-0.05272465343069212,0.08931933176742689,0.648431936819576,-0.40586455629679913,0.020083286306804768,-0.4539452032954792,0.004720002408380805,-0.05169108818428003,0.6066227345941314,-0.18784824845066406,-0.08666950167510713,-0.4447428024714423,-0.0032109692117431184,0.026034058427999853,0.40430885549234796,0.07436473513651844,-0.19896924759487905,-2.179660790056399,-1.0500639749989815,-2.25848107142065,4.513070741294638,-2.2157962220032403,-0.03599414327201882,-0.051086159908650494,-0.17735974161176696,0.4657338776672508,1.3503737258906874,-1.508153915805093,-0.3960173870209577
15.702,19.510123039075854,19.10590244766517,0.7869822564885588,0.0410264097039154,0.01816768647273723,-0.03816403850355894,-0.9982636300297303,-0.14445500289751065,-0.07567270559281457,0.03219379027845502,0.7755641039213345,-0.5162665229985371,0.00648531745397078,-0.4308646548978128,0.00199676934962876,-0.03230867571609973,0.6363720166041942,-0.24281526060407035,-0.09879790127615974,-0.451050465430295,-0.010733830695874167,0.06489966650584571,0.1867832183690617,-0.1446855427470201,-0.24952658326922939,-1.2853349129311862,-0.07331637983713232,-0.5366085390509105,1.1079744838342012,-1.5228816188431231,-0.2764085044329654,0.819725958101671,0.03018300189706932,0.3426986925961828,0.10573002745537437,-0.8354723824797297,-0.14953226527094654
15.752,19.487717671946807,19.104781927855925,0.7901573565618256,0.034159043214433756,0.014228542882476243,-0.04147167143041074,-0.9984542096675664,-0.20284602612843652,-0.07181257340957639,0.021108150442145313,0.8004710529426657,-0.5476501895448586,0.0032479233850483224,-0.38382664342377365,0.004862860188030635,-0.016407931900478793,0.6316773524636107,-0.2773253350062072,-0.1019774159720297,-0.4439877331987481,-0.033903292526435765,0.05874390503138526,0.07942094554964246,-0.18100571233035523,-0.2646142171725986,-1.117079536229869,0.1156159155892521,-0.10818458230493125,0.16509283295541363,-0.053707588207110496,-0.008100715863653638,0.9976868173457817,0.07054920568570586,0.2830640230216547,-0.2119907518981528,-0.5870707102666919,-0.017086605377292934
15.802,19.4657031263637,19.10245090936621,0.7927553949256504,0.027574985289304417,0.010127010825928158,-0.04212838788653848,-0.9986802605299193,-0.2567100299971571,-0.0677150642352997,0.014914483657508972,0.8026833786277283,-0.5357144134299974,-0.0036560385269164223,-0.3326827380200994,0.009221374230470961,-0.0040479863351926115,0.6172161254904953,-0.3039317158539608,-0.1020403668206264,-0.4372437074342548,-0.058403412613923546,0.04600219009352552,-0.024053532968598464,-0.1666845166200858,-0.24827694033251133,-1.039179454392123,0.05112532332395947,-0.13334455917623017,-0.007246151447773897,0.3853855646436661,-0.2287428966507647,1.0387947803072752,0.10159775263188651,0.21952141277324613,-0.3544348130323058,-0.49151484130364353,0.012971366483196582
15.852,19.44397252343968,19.098989977661272,0.7949635660527871,0.021849188792850652,0.006619512553741477,-0.040076867110939475,-0.9989357535523583,-0.30667494241370824,-0.06526860930104511,0.007905646608571779,0.8004043874792584,-0.5040997397766629,-0.02481303211751162,-0.2787999674585256,0.015398837752833218,0.004692881387821829,0.5927851865081748,-0.3244604360757904,-0.10113470601873162,-0.4334558007370576,-0.07916629595105512,0.04313104478392887,-0.1365673059501701,-0.1306616957577986,-0.20434997868907118,-0.9294869768173372,0.06448741921064688,-0.10776406317576692,-0.14119324150690535,0.799330786406006,-0.4912810970724608,1.1185852855886975,0.14410795037551924,0.13899699789607312,-0.6198384469489172,-0.334785847008091,0.024581957827488888
15.902000000000001,19.422276902494207,19.0944730149153,0.7969698766141246,0.017039529821458923,0.004017031324590635,-0.03547526447003368,-0.9992172053630697,-0.3460194023721583,-0.06079478231669882,0.005948687747619567,0.7809139610184124,-0.45954265795026195,-0.044877137766708215,-0.2213408050700307,0.023543875691838884,0.010354294463010932,0.5557247886710618,-0.33787117008351825,-0.09904871949362526,-0.43387353378418525,-0.10073766112045107,0.03421846413540996,-0.2291320038592066,-0.07910728783780263,-0.17473719944337973,-0.6533579656938019,0.09974677537875569,0.0010463359760105838,-0.6192884093000945,0.8930689817945137,-0.2953330586268347,1.152856520880082,0.18035417063800865,0.09083755248886413,-0.8213986314159012,-0.22297342738933265,0.05735885786882736
15.952,19.4004315197833,19.088908298270166,0.7982452783049722,0.012925485702548912,0.002669756258305794,-0.028502459716441855,-0.9995065852764489,-0.3626657116107856,-0.053541002957204084,0.013341104650982412,0.711977247092838,-0.39476143230197036,-0.05230309762147482,-0.1629788096150894,0.033897109229825084,0.013894483396214307,0.5103969539872182,-0.3465613047001816,-0.09423659974606599,-0.4387965462908039,-0.12211397179579396,0.010887773930041438,-0.32138886136545053,-0.030581087826809673,-0.15984551621759985,0.003895389308445102,0.16655896808965143,0.3068296074556327,-2.1876977006830125,1.623423144961593,-0.02673929813643556,1.1359378731062444,0.22964856023199598,0.06122109365832058,-0.8995922980327911,-0.17046384756684407,0.14422544891914274
16.002,19.37864857805059,19.082249515642534,0.7967600985255581,0.008434162477061209,0.0024539826966240835,-0.018635812426449832,-0.9997877521591478,-0.34207997119027006,-0.0478664567862853,0.030403418559864757,0.5568081129970924,-0.2949284589432342,-0.05409777712837346,-0.11747582049678588,0.04815205919097887,0.013576511808448174,0.4854924408917134,-0.36200487603033643,-0.08287696210552084,-0.4294783392965494,-0.13819972450829315,-0.0837501468681047,-0.5238210758104306,-0.0002506326936087882,-0.2297537268312627,0.7390381117159288,0.07474971930313848,0.1923449341417058,-3.6522254957382123,2.1327592247663167,-0.09232555332010116,0.5768781721092562,0.39701485062800557,-0.20123971150518652,0.13553138803235618,-0.4898459815795578,0.3013961427658786
16.052,19.35818573690349,19.07642263477505,0.7922355389237548,0.0011374303827849182,0.0024250080189188333,-0.0018053362218043013,-0.9999947831610716,-0.31641520838383386,-0.03422860836970551,0.010670713322523888,0.49055283688149204,-0.16340014049465326,-0.00033533545103829826,-0.13584381421328484,0.07529351915048427,-0.010373722069490806,0.5832878236560902,-0.37242974485314645,-0.06654809019800698,-0.3629425332962207,-0.10859102741999413,-0.025533761414788837,-0.4655524584725113,0.13714427070436017,-0.23168440952282207,-0.29129193728829833,0.3186334728090642,-0.12033282261032935,1.5287038699964342,-1.2748229533762387,1.0933315837842312,-1.5408554095586098,0.16402003492901263,-0.5534522378475876,4.1029152972603855,-0.18920190035492893,0.8804844331163613
16.102,19.33950418270477,19.07215172999154,0.7930212006178312,-0.0050669199275783375,0.0032605847399786773,0.006218225702602279,-0.9999625135867402,-0.3072987995691515,-0.02113152685670472,0.010812037825931136,0.5379400813999289,-0.23668689046668454,0.03650090755657495,-0.21251943781584515,0.07545947529586783,-0.014067213286261104,0.7724370802116655,-0.4124637052340017,-0.02923303322080049,-0.3904467283553456,-0.05390057704928746,0.036702188145998675,-0.32040979964221994,-0.06571421599170271,-0.28450697886443554,0.5547881970146439,0.345417629190096,0.029027975898077034,0.48362110875395853,-1.1907979785824476,0.4798463461776855,-1.317090517793388,0.07345896335293507,0.26809425445635937,2.644122550315034,-0.9981905663919309,0.5059774231419379
16.152,19.319334442312798,19.070851081944877,0.79514579536487,-0.011641607883920779,0.0008593994367916564,0.014003368640953914,-0.9998338062224091,-0.27051315176344204,-0.003091219358637796,0.010974004642145317,0.5481247575091426,-0.28507739511956504,0.055478539526561926,-0.2723554148421497,0.07753871117997249,-0.0014239890739110614,0.845714960142672,-0.4375505193377592,-0.0049057917333139404,-0.4123141801211496,-0.003393604306099563,0.043366035646120064,-0.27537442858608946,-0.09618019856429834,-0.25919443467343517,0.8484841561995011,0.3576670538911043,0.013498217230169411,-0.015841359569185143,-0.7794250616615033,0.21802859716868758,-1.1873715746603166,0.03628246346901017,0.2959566653556905,0.6412881714534655,-0.07865907568720054,0.4679571282164181
16.202,19.29836793691645,19.071635147241157,0.7970148455544613,-0.01798841998006403,-0.0008668769804293661,0.01888095586534335,-0.9996595294281608,-0.22532535189393701,0.01221601977039333,0.014320919527275959,0.5386225001454694,-0.3167229546470358,0.058251192712621115,-0.33572613778119964,0.07722862163229985,0.011732344503879142,0.8567334970195614,-0.43683698620962796,0.01728904568459159,-0.42539597090496795,0.03136450757184702,0.03011200706850664,-0.10438296049194469,-0.03437892173633522,-0.2557844430531963,0.9378731780826776,0.2395467930886313,0.13365569164106098,-0.32846879498917275,-0.5313630307155716,-0.03461478775025963,-1.3421004675035055,-0.06282588518484887,0.19401763384181672,-0.006790325001212636,0.03979566291276766,0.39336258039767863
16.252,19.27683801137572,19.073817555453736,0.7981884455403387,-0.025324139357178584,-0.0004853448435875701,0.018437347378495117,-0.9995091378410929,-0.17635980537164578,0.02003586273629645,0.02834477628203261,0.5120340518306211,-0.33565152823520134,0.05247838092613744,-0.40254237159962164,0.06706571702267133,0.011502863395677432,0.8478823588224235,-0.43420343371370423,0.034753770086568166,-0.43669005355744456,0.05460030170001369,0.016998456551604892,0.1230474768004305,0.07064215070672109,-0.3168794116246223,1.0181106972054805,0.06896132806120886,0.3924547000752326,-0.7110789578672093,-0.26674106850498963,-0.13550640895803026,-1.2390606179653931,-0.36635089423242895,-0.2695488500800972,-0.3992689969595623,0.11082721846940233,0.2153939426279659
16.302,19.254556823483608,19.077283550794277,0.7985847962071945,-0.03349068092630648,0.002133407189972092,0.013057706646532975,-0.9993514492719693,-0.12458517975049568,0.01850374077558178,0.05094441997490953,0.4707638573921759,-0.34733342672982576,0.0525512345636446,-0.45215994056903663,0.043442365747126996,-0.01405352160798551,0.8140288147023641,-0.41651290047014194,0.039352933010841855,-0.4540543076469903,0.0852733659794384,-0.0037364797574886504,0.2806438434823056,0.1567782275465439,-0.32809982740844473,1.0325610118276398,-0.10444012034400026,0.48858951818970336,-0.8875411951466666,-0.21270642397001008,0.07125852305709818,-0.7444691004333331,-0.4894269677281705,-0.6305862234892975,-0.8672034389119507,0.5421596223474402,0.016524281764227627
16.352,19.231174831596558,19.08235191354233,0.7974516187674315,-0.04170126846077273,0.005694659947234432,0.0040430172069328045,-0.9991057146612222,-0.07179362288843062,0.008512159702758076,0.07641623213538917,0.4259270530682765,-0.35866605127407125,0.062307548648855085,-0.4649304893880743,0.01732735723596869,-0.0570178841063566,0.7348869967931104,-0.34714451982186306,0.039473468200264754,-0.479114512525827,0.1171485971752039,-0.0509852054090753,0.42323376399703433,0.14486875514759176,-0.3029034879261181,1.016608782148924,-0.2925913721400261,0.4831603744648318,-0.7473118061920916,-0.31570825753562826,0.27138869820659983,0.27179254908178113,-0.46632952954525386,-0.9624556672869743,-2.4375121949409135,2.1027634409165983,-0.001107750740929567
16.402,19.206868408549,19.08866577020859,0.7921686615739933,-0.04621921238418577,0.00721695535996012,-0.01104824034450593,-0.9988441501791996,-0.04097285803514968,-0.015012648150930069,0.09893236932357725,0.435915594996779,-0.37642881080557,0.04916736476703655,-0.42092690408967404,0.003909986032664194,-0.08019991773302435,0.564780993208055,-0.23143992638887176,0.039727023623172875,-0.49466240409711304,0.12252762584574747,-0.1654160834349852,0.8812408650190973,-0.006045086085087004,-0.03962770077211038,0.12715727109773012,-0.8319076993968253,0.12256336778220442,1.366579908829998,-0.32094151372038904,-0.809180562738355,1.3640098512193894,-0.16380245618612044,0.2993514761886844,-3.9115822876770943,2.110085305785716,0.008515125545040568
16.452,19.18410695823594,19.09481591084405,0.7883243962130708,-0.04817488089640001,0.006413496451961714,-0.027097211342824164,-0.9984506943516641,-0.08156800448757581,-0.04848680400982152,0.075326912508558,0.5862300806859061,-0.3816099802770023,0.03740302766697483,-0.40463163564939814,0.0037007023613031807,-0.03797379736932374,0.5709406389194653,-0.1730785994706353,-0.048519300629748685,-0.4152076400036186,0.10924883788242148,0.02111771967232093,0.3730226723642219,0.057912670761807755,-0.11568216662519168,-1.4977806557613016,-0.7525295083046553,-1.369645694996416,3.9370027578763658,-1.2247502775314678,0.00159409639150744,0.0003679521982111536,-0.12799026377521647,0.3620737311590883,1.2849874198820361,-1.6790466109763431,-0.9181988356321782
16.502,19.16341780277589,19.099552971328556,0.7907782675255136,-0.04982096607343553,0.005896702143786913,-0.03365814893416428,-0.9981734464779469,-0.14991530521055454,-0.07385448015112106,0.03404752474944548,0.7276591803912325,-0.48354537764232697,0.03125363165247642,-0.383307560412323,-0.0012773603673770758,-0.02581978729628555,0.6000907895915648,-0.23479857701610785,-0.07597561473035949,-0.4212919019406719,0.085121594183863,0.06217379810977322,0.1781116698685495,-0.09621551627774956,-0.07198486058950901,-1.0956813346330183,-0.21474874514802916,-0.36981259337909034,1.658236834009954,-1.802839318208421,-0.18969809205944918,0.7708450440515716,-0.04087066862503751,0.19200575101566833,0.0871917301854506,-0.8795236040495031,-0.3382571023848831
16.552,19.142099239337558,19.10314935065011,0.7937779871590072,-0.051874684049989066,0.002671931763779955,-0.036510062673824215,-0.9979824112973728,-0.19891151402649448,-0.07698394685326963,0.025294784799925307,0.775251996370209,-0.5305888795780157,0.02266689510489559,-0.33805648376529396,-0.0021280491486272237,-0.01797305043458286,0.5940195259923102,-0.270053863363616,-0.08587027002493636,-0.4293341953111319,0.05885618515302814,0.05403528507632849,0.07326783110165443,-0.13062223318322905,-0.07535861196602117,-0.928841092260154,0.015999021373542147,-0.08835225913413042,0.4827187555238605,-0.2605808321936806,-0.18645431961729841,0.9628652664925179,-0.003582021975453528,0.12258118350168311,-0.23563394648931518,-0.590630034614351,-0.09501835137539937
16.602,19.120499017944365,19.105360290376368,0.7960492402908558,-0.05367574254812743,-0.0002362949199121901,-0.03693916362960424,-0.9978749205270991,-0.24459872563391305,-0.07461180892092653,0.02158572450534809,0.7877818139092964,-0.528331836405856,0.009202397135427877,-0.2892023569070493,-0.0015175954204453858,-0.013520782906943021,0.5791548787949413,-0.29700396084688413,-0.08747046424288707,-0.4347386462745618,0.030640450661675686,0.03803949824529992,-0.0209350299756942,-0.10363257197863052,-0.0647777363436242,-0.9010381910011862,0.06834611541162322,-0.06848459520401667,0.10927104846056447,0.23936530035999573,-0.3108357034112814,0.986617727175433,0.031037385478796753,0.06668864551018847,-0.3518562187107425,-0.5034580067849946,0.005585404737563351
16.652,19.098661231145503,19.10622054519628,0.7977657270082619,-0.05488192962324184,-0.002095502124161826,-0.03486359998084003,-0.9978818126752554,-0.2903366682926001,-0.06998640462630165,0.017282534946914126,0.7905413034561467,-0.5013544998721405,-0.01355612330036388,-0.23829421599676878,0.001453507913366113,-0.012312391277800204,0.5554386184159843,-0.31829388796859137,-0.08609533379202726,-0.43918877467971973,0.004496245467130987,0.03143744459615046,-0.12946303175449403,-0.060038271283033615,-0.03420438413113213,-0.9018629635341744,0.11778558349167964,-0.07530352700636371,-0.030457223927268275,0.7444815449384268,-0.4996256838313977,1.0497525776919048,0.08737587323546045,-0.005058704727394716,-0.5918461898652873,-0.3529345898623176,0.044277578196911485
16.702,19.076540181983383,19.10572634480907,0.7991110449234953,-0.055699810907605354,-0.002715624389998299,-0.030436914974277644,-0.9979798347942104,-0.3308722407597864,-0.0631460273121726,0.01565701128353102,0.7757955158660296,-0.4576128234862638,-0.03447407207966179,-0.18476252326410256,0.007119440571596778,-0.013464635842592585,0.5205275490708203,-0.332844390609285,-0.08336072742443476,-0.44458436675221324,-0.02344316190299052,0.019889655284406258,-0.21662406747802912,-0.007761938213695783,-0.028587948032303034,-0.7138921624983596,0.14310502636967012,-0.0012094990703073684,-0.5573275168565403,0.902228315058972,-0.3214454211173742,1.0673033778085494,0.137008466086527,-0.036237207025860134,-0.7637724325856274,-0.25240144243281487,0.06278937949413042
16.752,19.054084814855273,19.10389065995178,0.7996017175191966,-0.05637302039757351,-0.002066531008760777,-0.023796067555341142,-0.9981240199442888,-0.3518243608029733,-0.053841201589880525,0.02311556990550033,0.708008430121477,-0.3899411405489005,-0.04443783523622736,-0.13078121188439887,0.01566272945626446,-0.016131920655346056,0.47889685072170074,-0.34341375089813825,-0.07884881556798055,-0.45257735965894746,-0.050003454553711205,-0.005926927735621189,-0.3099981990587694,0.025932138560560827,-0.03374124060457795,-0.09870883438138621,0.20900236548193557,0.3215825768233961,-2.1942103656949987,1.7237861230882505,-0.05835040481584132,1.0493470207544375,0.20126795369430314,-0.05637822767393535,-0.808691486181583,-0.21848054746706058,0.12907745008840166
16.802,19.031530624128273,19.100706911032894,0.7972839625889776,-0.05807379693491036,-0.0005869692136655602,-0.014048299501350416,-0.9982132712290626,-0.33767443208765185,-0.046545912271393,0.03918079539274237,0.5538168121082774,-0.2835814233086791,-0.048858465421985284,-0.09003580725613071,0.02920630338383023,-0.021328477663786535,0.46080377852038223,-0.3615493653093119,-0.0688408052873537,-0.44637166756732893,-0.07006292164626618,-0.0973678320500948,-0.5430762322391862,0.028203066705347113,-0.12511908301799288,0.5892477631528835,0.10667206305879251,0.11421480262161611,-3.5990304878771786,2.2870926284458952,-0.1846900347414957,0.46371771116142885,0.4170890846941132,-0.23294418628462896,0.3478857789330411,-0.5204992372313201,0.26515916229152453
16.852,19.010430914850613,19.098065318371344,0.7926190899886425,-0.06263584284238144,0.0011944861780142889,0.0031138840734500415,-0.9980308753341116,-0.31897793048100603,-0.03288178323676795,0.015147556195152121,0.49608438557337325,-0.16659359538380955,0.010854725157558583,-0.1168199851411448,0.05899431821152944,-0.03581021207911668,0.5747158458847531,-0.3701224432011122,-0.05560143110969271,-0.3735119713536749,-0.0506703262675395,-0.01897325947644353,-0.47144986811150424,0.164351876935129,-0.10918313666147639,-0.33992754151792176,0.2914964284834031,-0.21925920244092978,1.5483554562635935,-1.4121643649841389,1.077059717221925,-1.7044938086607286,0.374111579558217,0.06177263243462281,4.457199882712521,-0.033994917790056034,0.6888197038613282
16.902,18.99132284441791,19.096620883811582,0.7934334461228173,-0.06579264476831627,0.0028117453876983557,0.011017464583473646,-0.9977685289967897,-0.3111831255766396,-0.022021087472739887,0.0099040494531495,0.5426506814034855,-0.2360984936653327,0.04392216786454393,-0.19775099259902784,0.06956792686337065,-0.01592070706317628,0.7706604741227544,-0.41353450948994175,-0.02747724603606391,-0.39497527085994244,0.00140438609944516,0.03501900784918525,-0.311468180754871,-0.057171819068713735,-0.1562570876259702,0.5270558593739602,0.2865334232469053,-0.07531492637498141,0.4736480245680711,-1.1127397429378942,0.4245788559359963,-1.3487218151077358,0.19295535016709875,0.45013974342731905,2.6007834469116835,-1.1190636577150854,0.39034392668139534
16.952,18.971101777967203,19.098020048212245,0.7954763398760922,-0.06930021719225868,0.000924508222940096,0.018578750745815716,-0.9974224056047555,-0.27552822509002833,-0.007142361595479652,0.005063166049393111,0.5526999287845464,-0.2816494197828095,0.0608229204885662,-0.258890205443342,0.07485936436063435,-0.0013511258423192958,0.8425643971415436,-0.44126170148233,-0.008901570362142076,-0.4100723124218299,0.050015507783137285,0.04219600155327312,-0.2633609049141269,-0.0965899504860635,-0.1393054292994622,0.8207111325438166,0.2952191805666671,-0.08797230051879815,-8.503229412974711e-05,-0.7530043067544728,0.22684522781833774,-1.2137884127381982,0.08456782796502647,0.2705881683427375,0.6245652120968712,-0.08968751849797511,0.3947420073336432
17.002,18.950360386395275,19.10144775916855,0.7973102782155349,-0.07268013110973935,-0.000685519567779668,0.02329866251713114,-0.9970828957161525,-0.2315947314391245,0.005254839258096085,0.003140326051095303,0.5445706568644056,-0.3131093462601014,0.06464490502255409,-0.3236654658457715,0.07707657191789513,0.010720968317806721,0.8534896228491772,-0.43955567995494754,0.011716031144642352,-0.4192085823753166,0.08412394440066794,0.029517915341693565,-0.09858891905590544,-0.04847547320380584,-0.13414116767741294,0.9145929223414055,0.18696340437611136,0.016576585790277303,-0.2897566089466958,-0.5416032879589557,-0.016936526782338458,-1.3697472839227995,-0.0009686071097315093,0.19610822598928565,-0.003062420672975335,0.07442842058792058,0.3878535530674825
17.052,18.929231452449667,19.106248803559826,0.7984467394497857,-0.07703842675318652,-0.0006785792804368743,0.02283938490167558,-0.9967662628875774,-0.18420164519218535,0.011080117037356105,0.011138368796656644,0.5207839545983138,-0.3331252051653837,0.05967267829176039,-0.39271268438804885,0.07137572305528005,0.013471269179895898,0.8457589875473522,-0.434572279511417,0.030594527690604983,-0.4270857052491411,0.10614973866601586,0.016641544179893192,0.12256244026288919,0.05310054626386343,-0.20368530295705672,0.9789941791421302,0.030941397950488166,0.2688479614754827,-0.6345558255924838,-0.3158862545409313,-0.055559476444523366,-1.2928368847139389,-0.2692756170690136,-0.17928044399654794,-0.3689392057730607,0.14083011047855473,0.2714651986115077
17.102,18.90756590525609,19.112245910585177,0.7988465484809283,-0.08251266970032459,0.0013318500818638272,0.01742461575400406,-0.9964367858926678,-0.13454946268415263,0.008431717170319623,0.027816330184396446,0.4829707800216994,-0.34636941080613337,0.06014320428582478,-0.44517444756813246,0.05164138269909251,-0.008737618432775719,0.8130871016914848,-0.41709961028642806,0.03758129824860166,-0.4387973862165451,0.13429561404198215,-0.0029663208838007745,0.2791496157372399,0.14760413144510462,-0.22565801524213244,0.9823178782704302,-0.12173007050732879,0.3752507335624098,-0.8220241631303464,-0.23085655924608253,0.05619251743232789,-0.8014872241126447,-0.43399611732200194,-0.5808739407976828,-0.8523682476664504,0.5129257331543279,0.05586227544672594
17.152,18.885141182695538,19.119740590206213,0.7978156936008046,-0.08816198833442945,0.004527149324375075,0.00841029454110993,-0.996060357447101,-0.08497742574125222,-0.00149747076915558,0.04770381007419089,0.4409421579105101,-0.3573648947189223,0.06463360220520642,-0.4610238730320717,0.027946182307426275,-0.049420658377021455,0.7357021335012458,-0.35175397096524,0.038255603978970376,-0.456480958896346,0.16463832477129797,-0.04762600985310296,0.410916586665631,0.15851687758773608,-0.2031192850864001,0.9486057163501738,-0.2685716055455483,0.39626460088042104,-0.7169620797369144,-0.27772215654626353,0.05297324699671154,0.19960827344517787,-0.43527419159397374,-0.9306552957406354,-2.359050081913803,2.0021630853485393,0.004524437999362307
17.202,18.862027457418947,19.128322696370308,0.7929126796791387,-0.09065919029347524,0.005913867174244742,-0.006313507562795964,-0.9958444040173299,-0.05586484455644736,-0.02435383116808644,0.06949916955767667,0.44857832823602983,-0.37675857582283195,0.059323730978735535,-0.4199147000779516,0.013826286671743966,-0.0750223034925338,0.568915347558604,-0.23794382496279645,0.040333744511204916,-0.47084417875444645,0.16793355915994665,-0.15255162041190262,0.8477356853918411,0.020024579795426087,0.011031152521521766,0.14430893489666383,-0.8042619606404264,0.30050482732895756,1.237620015972643,-0.4522050129672207,-0.17847364163467208,1.3277860009504496,-0.20420678009436805,0.15287724611177494,-3.886868774006767,2.125403023188785,0.08279113935811204
17.252,18.840010937330323,19.136541840068215,0.7886954310608959,-0.0906100910603738,0.00433931676065495,-0.023157312748753527,-0.995607714209938,-0.09079716393070332,-0.057072685771157865,0.06417818396824898,0.587906662336982,-0.38046070340980026,0.044027002685440304,-0.3963098880215106,0.012396576037397246,-0.03287260395623276,0.5538973783856358,-0.16064542663992257,-0.04814977369823863,-0.40139695224819355,0.14876957005509409,0.01856565442380283,0.3848613611514223,0.06150992226017023,-0.06685099392667959,-1.34590479544719,-0.6380054018010576,-0.8635882561397397,3.689271878690372,-0.8467433437087445,-0.11712750502874729,-0.02110208830288455,-0.15361940609317717,0.33744487471074425,1.326263205832821,-1.6598975028071803,-0.8714340981309762
17.302,18.819973015072822,19.143223326003852,0.791159254367042,-0.09061141338967967,0.003582340651131508,-0.02976801893164823,-0.9954348816712568,-0.15423899558929488,-0.07849268037191406,0.03700127241915428,0.7258450787022398,-0.4771152904529375,0.03651309796044559,-0.3762322150191755,0.005711295941685562,-0.023326711974785114,0.5860801299830141,-0.22480712247311616,-0.07289190450507817,-0.40927309142431506,0.12366658281225006,0.06330915634612123,0.18092409159184814,-0.09159636647649448,0.0022761787605762506,-1.0220779661023578,-0.15921543329483734,-0.20529035277716445,1.6660186816856302,-1.8578490878153087,-0.1875470777579693,0.7586232723383179,-0.07968459149921889,0.13457738765827235,0.12219508251548701,-0.9171635963645657,-0.3155012997270462
17.352,18.79916847818963,19.14872058695244,0.7942255456742516,-0.09066863527852943,0.000312893770196615,-0.032651289521324005,-0.9953456655689077,-0.20008166322750562,-0.08048012545778038,0.030876767961919467,0.7747374330421138,-0.5269627490627011,0.027829099689608207,-0.3311783067424284,0.0027543331452024467,-0.018477459581329545,0.5808549708479709,-0.2613448024565215,-0.08266194457472618,-0.42076841717078234,0.09647419335956749,0.0551521189332086,0.08142024691274868,-0.12361543514499031,0.0026535053405991366,-0.8717417961605678,0.03018869090576745,-0.08977094478499616,0.5127129465227639,-0.31317465363942804,-0.18999993090293776,0.9616307745398326,-0.04509849950898801,0.06444713331928768,-0.22611813462916885,-0.6091034990183912,-0.10284010540458119
17.402,18.777915912914352,19.15281424457811,0.7965041492884092,-0.09065863911638096,-0.0024669974117816056,-0.03317376965439396,-0.9953262912654586,-0.24341331399939153,-0.07673489268174365,0.026278007712758105,0.7887307897118797,-0.526708495186093,0.014507178670152129,-0.28259401657320976,0.0016441599208620026,-0.016738932592290843,0.5665719208310711,-0.2890892765766282,-0.08467868153389645,-0.4293218583034895,0.0679886081564031,0.03728559263506391,-0.011855780440378666,-0.0929436544538105,0.0027913735768779957,-0.8641946456172913,0.10242757386861932,-0.09805915048192833,0.13614598222671073,0.210381306775022,-0.3042353020216328,0.9759864882273793,-0.0019349972398080366,0.01476239159714398,-0.3334999885610114,-0.5216322198505612,0.0016712704329661316
17.452,18.756268126634097,19.155493990377597,0.7981553228932571,-0.09033711044549275,-0.004052559813634174,-0.03138813544762756,-0.9954082419733303,-0.2879597942419607,-0.07029363254818921,0.020544319148727366,0.7929494641772399,-0.5010863071597006,-0.00791707354866164,-0.23246092479163472,0.002936304163497048,-0.017758641189516505,0.5441508495403964,-0.311424373450889,-0.08317489954542362,-0.4367432971372677,0.04027869614007641,0.029875681588175742,-0.11417978644515683,-0.04815197385352677,0.026788975683632418,-0.8932915614145926,0.15489150559037979,-0.10471695066428877,0.0026121180019431705,0.717381036159469,-0.49709722322237854,1.033257663217802,0.052036975390173504,-0.051827063253943886,-0.5640159807939673,-0.37454538226145406,0.05252417192621458
17.502,18.734203343663918,19.156739921185423,0.7994262409180115,-0.08964194497221696,-0.004302857042185465,-0.027379227685906192,-0.9955883612287736,-0.3288656489045955,-0.06164015502603371,0.01811549469359117,0.7800780288464421,-0.45871935937997127,-0.029183820517214847,-0.17973297806652974,0.0068204954954793565,-0.021253166984038296,0.51057568541513,-0.326974063955388,-0.07997856184366268,-0.4447261959309399,0.010320102980207975,0.01860933987611711,-0.19844057688982045,0.0032331724100355245,0.030244108420710677,-0.7312112107651968,0.17612584186169272,-0.00441418084093774,-0.5221712339911637,0.8778036857920097,-0.33502737471589994,1.0531153578098438,0.10137586389154538,-0.08197399385186316,-0.7383971062342961,-0.27152144158934727,0.07123807733959586
17.552,18.711697373337206,19.156560416752182,0.7998623115239566,-0.08890927284433496,-0.003241877353375056,-0.021207309693268766,-0.9958086570466688,-0.35125983760354296,-0.05103186854108213,0.025278239555643657,0.7140004678058416,-0.391650389724257,-0.04067184221605246,-0.12637606083735192,0.013781539351645751,-0.026204345752945085,0.4700063664982412,-0.3383458459846216,-0.07532885267837611,-0.4546444146261693,-0.017311862522710147,-0.006648654376098428,-0.294601001488809,0.03516104913086228,0.019178896285488873,-0.1348262479021493,0.23234556683933508,0.31960055227162226,-2.1615846636041,1.722780407667919,-0.09663841862406787,1.0416843155490942,0.17451422808415568,-0.10049848326427804,-0.7950650885936814,-0.2306777019656741,0.12642666497075816
17.602,18.68898412661233,19.15496092533747,0.79755440304305,-0.08923017609816941,-0.0012894774945058705,-0.011916564238603003,-0.995938907974795,-0.3398897914118047,-0.04313706367413257,0.04151363681490048,0.5625622335433182,-0.28538297102634785,-0.046134880805001985,-0.08528738033474484,0.02604229036213964,-0.03316002681671515,0.45121011475490796,-0.35701858464417946,-0.06584288664384452,-0.4503734836610501,-0.04022930551885797,-0.09655387941578326,-0.5204042772418261,0.03783499383265386,-0.06384560759301212,0.5180527067931138,0.09526106105432167,0.12797237869393346,-3.5426601288015305,2.2901612073625577,-0.20376524969823984,0.49554774227712567,0.38520620382866344,-0.24081915817425634,0.2868973461176162,-0.5445548005766816,0.24942693869826807
17.652,18.667682018723074,19.153661185247962,0.7925397116764165,-0.09276989266772215,0.001049099708888543,0.0051773987539735465,-0.995673561437865,-0.3225192688512608,-0.03108298527788825,0.015228353197954703,0.4980165584805317,-0.16015984151946044,0.004815015299850732,-0.1108259608126721,0.05594666817702369,-0.04500768140142585,0.563846305075916,-0.369371350993748,-0.05345226163381322,-0.37668087174142534,-0.027641987021001582,-0.02768588482786833,-0.4845611297959332,0.16244768004278393,-0.06752421573298703,-0.4027013438117396,0.2655067455109411,-0.27790216223219205,1.65672235421525,-1.4413068156985596,1.222535037962765,-1.7037079905411572,0.3974543580948358,0.11881278986841365,4.459540770098415,-0.04667518246661764,0.6032156796596048
17.702,18.648584388807677,19.153318814769385,0.7931118135021412,-0.09454360844165557,0.003043124820385717,0.012834031522586426,-0.9954333393698616,-0.3173088338629325,-0.022511101746253707,0.0077092469299728655,0.5483604590411191,-0.23391304849476371,0.04387710005395569,-0.19334864597791268,0.06852758558824218,-0.019145525420791117,0.7647823925663676,-0.4119380810612307,-0.027392483894742473,-0.3929823511322455,0.023100613394538103,0.03187374264389291,-0.29457779545883406,-0.05445685613456806,-0.10601771324528901,0.4986964368068742,0.23784674403888664,-0.10638108189893813,0.5108727463000152,-1.1642158049020337,0.49756681414420184,-1.3771209372396709,0.22066472906284207,0.5414193981468256,2.728798159958274,-1.1600951409217866,0.36564428063466686
17.752,18.628562997841062,19.15584722170875,0.7950847213294998,-0.09679870487157509,0.0014635032425120756,0.020171866533272634,-0.9950984698480895,-0.28287042879977864,-0.00947263569450592,0.0010477840059752983,0.5594273318622429,-0.28022576900561347,0.06211172768617329,-0.25531011453749936,0.0745161856822962,-0.003271963307787765,0.841461550628849,-0.4426875044541322,-0.010302153761294536,-0.40508094517919985,0.07311049984647709,0.04262945467272365,-0.25688796060835634,-0.09634030203500174,-0.08966798908059193,0.8059464443001504,0.2641567290818958,-0.1295631509954411,0.009548760576567115,-0.7542579374354849,0.24659541294973666,-1.213752869099755,0.09357251018181358,0.27104785191715436,0.6883096938826604,-0.10836927372873029,0.37280231624256144
17.802,18.608112286697516,19.160449065742785,0.7970031843615982,-0.09897177671107142,-0.00010765738301444551,0.024881183929358976,-0.9947791224743388,-0.23931745371607038,0.0017319082573150253,-0.003074127605874707,0.5516113123506997,-0.31160594058419794,0.06687045213000589,-0.3196319850476832,0.07752873932418228,0.00922587068950141,0.8541591802035304,-0.4413903775815757,0.009695457652250463,-0.4128390304852463,0.10744859867700073,0.03188180780926942,-0.09712206659497198,-0.05733757874502955,-0.09314623518365917,0.9154217674821695,0.16956845164841144,-0.02168874328882701,-0.2869519630519435,-0.5407455634376571,-0.0012648533147421783,-1.358023841556558,0.01328469286787073,0.2093222708699227,0.01321641362160273,0.07912781092016657,0.38218464187050893
17.852,18.58734128126173,19.166440824691794,0.7982563553929553,-0.10207704517809167,-0.0003752866973451254,0.02454875407432512,-0.9944734761073335,-0.19212312868901066,0.00684553490082087,0.0021507958405663084,0.5286111210911447,-0.33199631863951473,0.06282174573458538,-0.38832242455257604,0.07299079919522111,0.0131591471463637,0.8469684066219376,-0.4356660814979622,0.029125468392256264,-0.4189884800690589,0.13013969757724872,0.01903578667206254,0.11613642566038952,0.04046567939242986,-0.1546952524322798,0.9709135655895845,0.023724900338056965,0.21279563877370078,-0.6108494592618403,-0.32694809090188004,-0.03942472439452002,-1.2968431696780152,-0.23047314688620815,-0.1271383139291052,-0.355180893125307,0.1501147078038582,0.29831941986403826
17.902,18.566151324905853,19.173605448164007,0.7987673557951124,-0.1063795941291172,0.0012657486099515096,0.01924811850428383,-0.9941384660938463,-0.143114151172218,0.00406569424580384,0.01623230246985407,0.4920601734282655,-0.34553765163929656,0.062990069786984,-0.4414138873494439,0.05503320957691061,-0.006236182302698271,0.814765458130606,-0.4188066959066948,0.03716594394610301,-0.42782794433054155,0.15678058156908922,-0.0008283609489188274,0.2752762193963504,0.13946387002665542,-0.18088715569180727,0.9644511743919153,-0.12256530668012919,0.32773972447711697,-0.7957240256885025,-0.2356785481103159,0.037351301226458224,-0.8193258635692259,-0.4118807970562206,-0.5400764769762522,-0.8482411967764552,0.48696483705234395,0.06977964978622818
17.952,18.544364904950648,19.18219618514257,0.7978963170415765,-0.11092328310021926,0.004204895645561825,0.010244588336201683,-0.9937672728203018,-0.09490787083937022,-0.005908278449506812,0.033745540855556776,0.45138669784160634,-0.3566321621558348,0.06739295121128878,-0.45840103719595215,0.03199122220438711,-0.045377415478619634,0.7378581878711085,-0.35611688741117253,0.03803616002626699,-0.4422151799462219,0.18607827037196786,-0.04274419869697464,0.40769832102965015,0.16162406500581084,-0.16099732774301936,0.9150846253384715,-0.2739181972163152,0.34383866750479464,-0.6945123271979294,-0.2791585116383806,0.09593286944023972,0.17131761569344606,-0.43105558508694575,-0.9097167183131526,-2.3323734013735664,1.9338313565817817,0.006453465634224524
18.002,18.52223118925614,19.191944117403853,0.7944037184611995,-0.11252170546643749,0.006221424392240281,-0.0026248453524292184,-0.9936263230532549,-0.0672759153546301,-0.023739392944382317,0.055294165923810784,0.45506212316671163,-0.3699782603046056,0.0636444621146428,-0.4314652977795238,0.020793388749566637,-0.05971408861992039,0.6354424838558816,-0.21039305601163819,-0.007038716853527485,-0.43141568955122395,0.19977536922338773,-0.02770682514790004,0.46559934352336024,0.1420446775703792,-0.0022591222716328383,0.054355670519864646,-0.2858245361684488,0.4001035787531922,0.9544426048996039,0.17979501477330728,-0.25647509923014683,0.4900388319261519,-0.038958256598247996,0.26919148412018357,-0.22321542689324372,1.0933601473672574,-3.154439351459643
18.052,18.501563608055605,19.200667499873994,0.7973273152390459,-0.11197120584309438,0.0073558819561555635,-0.012021089434444457,-0.9936115103356541,-0.11304591858243691,-0.040262867088204,0.04371890272664418,0.5947952812251414,-0.3355918706228377,0.04922821511879397,-0.38883265444999443,0.019639101284785902,-0.04867572371739364,0.6111485560056793,-0.23468662039773636,-0.18175499539432058,-0.40089298247854516,0.1358293991699082,0.07384808621842892,0.34406472158697093,0.04412099520488971,0.10609822183850291,-1.701497146294427,-0.6265963125913712,-0.9165561692867333,4.467565373990695,-1.158088640912787,-0.07856922855244103,1.0514777230033925,-0.11106125736981422,0.22082659389974066,-0.7676509648953501,-0.4992435384083287,-3.284604956100667
18.102,18.48168243995211,19.205400458093163,0.7999331732631675,-0.10984917628394415,0.0066889768604470965,-0.020149827432041693,-0.9937214904150752,-0.1981589910687416,-0.06636899936994999,0.01625147801167139,0.7817934869575165,-0.44901172113646926,0.039019071263622675,-0.3448838357789643,0.008202201134664789,-0.0366929670200363,0.591238157916978,-0.2616098860103125,-0.27846439854253113,-0.40166362240529263,0.0678420990375183,0.04540926074155628,0.24621354828561628,-0.04866137582194861,0.038818560682708836,-1.4026451460130172,-0.17359020642618003,-0.12550743589084562,2.4079921396054025,-2.1600196079960483,-0.34695711056300377,0.7334986985342945,-0.26390821889588356,0.23914509810075182,0.015108375692737338,-0.7146188686845762,-0.09560731524908814
18.152,18.460970072144093,19.207132219425883,0.8023703532279729,-0.10859772951669484,0.004259780645793875,-0.02482134782639355,-0.9937667171447984,-0.25389796373946555,-0.07073078770870496,0.015217245190809347,0.8419216775898432,-0.511074076666287,0.019492480621528953,-0.303443554511382,-0.007116618747095178,-0.028527379070041367,0.5857245609921058,-0.29443219599039033,-0.27343380684124624,-0.42623190704447683,0.004282167646067324,0.050904916537828485,0.14269877078807935,-0.08461539362116058,0.06615469515319408,-0.8959762953275981,-0.02435889313865009,0.06346057918886935,0.31547872173581476,-0.5925468850268333,-0.38150296582237814,0.9302097010375335,-0.31612010225996817,0.10828534750116037,-0.2890262074593681,-0.5447731178544786,0.07099529446777904
18.202,18.439093700387932,19.20559192204402,0.8046968376872503,-0.10688549005703038,0.002173327984760624,-0.02664084777962333,-0.9939119849817298,-0.2930635101650576,-0.0720944300664302,0.01680852644639782,0.8369309912837627,-0.518515325969729,-0.0004831174797001695,-0.2542806329491349,-0.022715686601503554,-0.025242555742779324,0.5643706551693259,-0.3161538062962616,-0.2725987214914569,-0.44747501667940576,-0.06384990442554138,0.03955917642403382,0.02185276914517445,-0.060441950189839895,0.06928419206881838,-0.711680732998543,-0.021488110354793692,0.0031273238846081224,-0.3088647765268203,0.11042231587446331,-0.390935453849715,1.0127046716127528,-0.3029309390828116,0.03342204986365759,-0.5225960420861361,-0.35564351296370544,-0.010543114831757967
18.252,18.416148615435766,19.200591985418104,0.8063393937477955,-0.10496728072617299,0.0009858319780706262,-0.02530233661065401,-0.9941532527102167,-0.32452616064543416,-0.07129943075912148,0.016588006513411243,0.81221506209192,-0.490655667145126,-0.027826105493126366,-0.20075925585663976,-0.03732859894661668,-0.026396210198055124,0.5312130324983555,-0.329470361115034,-0.27374645822760724,-0.46869002999478154,-0.13095504676714434,0.025517119489967974,-0.12645803939367817,-0.039382256913307614,0.08769352928295697,-0.5322102944292406,0.08279316658841039,0.001460739590283015,-0.7167667310981324,0.871230820599832,-0.6148449478436134,1.109821541786465,-0.25165997040807725,-0.06083030808024691,-0.7591781153774609,-0.2495836543815955,0.03672197608199608
18.302,18.39233066352672,19.19264289964373,0.8067706919197756,-0.10306132087345152,0.0011052073709755506,-0.019596780635725335,-0.9944813265442453,-0.34229459945724394,-0.05987075181393682,0.021693188511902654,0.7527908002899926,-0.43351222646839915,-0.055504911820560617,-0.1455493373695188,-0.045826594698871896,-0.030839139498122677,0.4912657840692437,-0.3417736073424046,-0.26903742260176594,-0.48025051924648526,-0.1830987590750197,-0.015698336054567344,-0.3287314935507017,0.013082217152676962,0.06570465454917893,-0.21041003906398503,0.3513566750668739,0.1713930260173157,-1.60180569906549,1.2655555760491675,-0.46612572261357355,1.0484638141332767,-0.0832884262306762,-0.11531097532189079,-0.7610377935423348,-0.2710276948900369,0.1280945257891774
18.352,18.368141772548082,19.182434288888317,0.8037316709228516,-0.1028073724960677,0.0027681623602562946,-0.008552982246483012,-0.9946606596886666,-0.3271879209843239,-0.035992207264689186,0.03807190676114824,0.5929828971808617,-0.3118636150551646,-0.07987152102353826,-0.10344384732826266,-0.04474645385185937,-0.037276243767435435,0.4727684999744939,-0.3614862082268761,-0.2558900243860754,-0.4824605991526742,-0.21986116884486123,-0.11769549138399801,-0.6023142196408099,0.01713493441782697,-0.09644911838368582,0.8640362605786929,0.5739628285639515,0.3132007709624217,-4.858247605598783,3.705056931470665,-0.5828869874678662,0.3784622952459316,0.15763818917661215,-0.18972788249334052,0.5476217318905675,-0.5549144604096539,0.48913694005064523
18.402,18.345413373305174,19.171422997138386,0.7962962230106893,-0.10592480129577807,0.006258821791210083,0.011919609011716932,-0.9942830012331718,-0.3064416270774131,-0.007207915844018514,0.03368816033037378,0.47899265307944944,-0.17169803342423048,-0.03724741950554257,-0.1308191701775044,-0.024420341810023675,-0.043592494347812795,0.5838571447563798,-0.3766486405360316,-0.2164214863110311,-0.4216207409111977,-0.23282763218561317,-0.03696168365975409,-0.6369377301855272,0.15384841454541318,0.024933345149651787,-0.30928616804885156,0.10510117915479758,-0.1640290556316317,1.3150458228607667,-1.157118775953454,2.4712817469426995,-1.1457292915643758,0.16258981276906687,0.06472095021310083,2.9980060649534166,0.7482483029675195,1.1626563834954646
18.452,18.325567989554614,19.161593819603056,0.796532124510341,-0.10903093937392296,0.01138142920323985,0.02453097091674673,-0.9936704427497143,-0.3142239893711309,0.00041453532231590286,0.031013348913462524,0.5387838235791158,-0.24347357423409655,0.025497414504978732,-0.21147399803127961,0.00510043576100968,0.009443752803535762,0.7577025590013547,-0.4030595000295518,-0.07493175311793611,-0.40049499221510204,-0.15755819360063245,0.026635957927789024,-0.4779202009121272,0.034927798993732474,-0.18064494869900743,0.27629299246446437,0.1990369494261641,-0.01638204627549729,0.6589061707616372,-1.1303918187079451,0.7789022157335009,-1.4399935296718942,0.7270382516501671,0.8794157589601621,2.650786904402575,-1.1834704374285177,2.0188182923941005
18.502,18.305212865534436,19.15542137934884,0.7981657236910495,-0.11304372167116633,0.011479592980487195,0.035634619919817596,-0.9928844392973959,-0.28704862503189577,0.01075837846397756,0.029733404673335018,0.5544482429452172,-0.2880525751063573,0.0509214864798217,-0.27158167201407846,0.035987870530671866,0.025952360041072882,0.8276055272073493,-0.4344183425455184,-0.016619172183753746,-0.4107969686919962,-0.09616365293285926,0.03191610371086086,-0.384277902244994,-0.0807260658622886,-0.15636344744485656,0.7005557103844648,0.1838415792551706,-0.01565266042228615,0.10285951356681888,-0.7433748999640467,0.33054791145728485,-1.0982289759721746,0.5715047051315842,0.08679612011635532,0.5598609674439655,-0.1946677266878442,0.6281599758107439
18.552,18.28464393265235,19.15174430799876,0.7992928263705442,-0.11699350026202911,0.010031839894157478,0.042977251148085344,-0.9921516209574682,-0.24826185627520897,0.016491382886349066,0.03237370814320497,0.5528449177892668,-0.31973032057350304,0.06694310324741665,-0.33030143261090883,0.06491475986477556,0.03121705976122084,0.8393618932144882,-0.4327283470847756,0.0020881785347189935,-0.4130096090890105,-0.05500837037660011,0.012880679011932409,-0.18123034538880886,-0.08359260984520814,-0.178027265250061,0.837943150978367,0.03913030765992098,0.134882172123638,-0.14885644115562977,-0.5511948519221712,0.33066459002782594,-1.243260455356344,0.5439652099184737,0.08936488365568515,0.026661664912811585,0.15997773737102644,0.2335851318329662
18.602,18.26376199675215,19.14988118746966,0.7995107126342027,-0.12153222487116501,0.008198398632124607,0.04496211372524689,-0.9915347260217832,-0.2033331812486489,0.013868034996250132,0.042860137820377675,0.539297868672224,-0.34563123924516537,0.07937275189949047,-0.3933665805067238,0.08730087461218186,0.030734130345750968,0.8343731512165959,-0.4244055828880468,0.01077911797974388,-0.4226991797054079,-0.020711371417630138,-0.0026268402754538933,0.021997230805232113,-0.05708524592149452,-0.18897342780175766,0.9491143811922857,-0.13422682324706395,0.2611282926269274,-0.3946744509432081,-0.4649202765439991,0.23154580522910234,-1.2449906215846176,0.35975352500207397,-0.11675656449767477,-0.1990910105123453,0.13938122569761932,0.1320355977880054
18.652,18.242272728557335,19.149689159251274,0.7993447631431467,-0.12667277433697455,0.007257309810387069,0.042413127664517776,-0.9910108305653397,-0.15240157145247785,0.0034895097612886797,0.05900151977863227,0.5086176897268484,-0.3636558766488237,0.09000685429974713,-0.45223740545865226,0.09912940667007855,0.01496973048860552,0.820127272686977,-0.4173382735237347,0.01649031624413598,-0.437449702815424,0.012493445373335412,-0.0026928571730533988,0.17125539944444812,0.024850655455161755,-0.2172516725316116,1.0827020468363222,-0.2674111788819479,0.35761794841317984,-0.819996253592293,-0.26367064093811904,0.1654210092484057,-1.0705814815852093,0.12994477798754606,-0.5091383476123175,-0.37486740918174044,0.1668966626784057,0.07279192919629478
18.702,18.219969301704484,19.151325553255933,0.7991671501697221,-0.13208675684729151,0.008217986743382685,0.037029317159852485,-0.9905121821714893,-0.09617077057126079,-0.01171302097878561,0.07668701800423507,0.45836686424503015,-0.372294934926735,0.09496152248726296,-0.4962604654118681,0.10298287607160189,-0.018117158029318015,0.7952271720593154,-0.4010410382433823,0.016774810190587856,-0.4530215950611439,0.052375713741533665,-0.007522413461306366,0.23152663787468022,0.12471101053985507,-0.20428027645925634,1.1334480714241022,-0.3248304520566828,0.3343445949646602,-1.1256472434978908,-0.11113446671852684,0.039184336297331354,-0.6911044109037489,0.06502002491571243,-0.7537159986088209,-0.5898172159717594,0.452345467779964,-0.03850896187942763
18.752,18.196817420974245,19.154952551053015,0.7984064126245699,-0.13702934158749797,0.010865316963945071,0.030276687082139143,-0.9900445579117644,-0.03795905787231537,-0.028950297308382632,0.09298775973562277,0.39725900070999787,-0.3741863208519229,0.0926956641472753,-0.5106983171440418,0.10256554359395838,-0.07017987038476649,0.7392251929509782,-0.34505519001098284,-0.000308677758670637,-0.4697707349878072,0.09107951422932699,-0.02956205306175513,0.27810917113809425,0.16249791240965494,-0.15867665276565102,1.1080910238410981,-0.3588203262174814,0.32295433489272674,-1.1264009204436818,-0.018994559496176282,-0.1641213161508078,0.15172984051118327,-0.027513497985692182,-1.2583245406488401,-1.781503714740146,1.7169783970202765,-0.6102824256581107
18.802,18.172950800235387,19.160022253439795,0.7960082823721568,-0.13896374572696044,0.012653013820397224,0.01911998859848049,-0.9900320220330194,-0.003515984114500391,-0.054184407720860125,0.11051232757664477,0.3864958216031884,-0.3710516475392542,0.08222267121881385,-0.4728945691073178,0.10535521015276086,-0.12201322577237031,0.6048113869010082,-0.23171559076797918,-0.04176965679859671,-0.4912404901648896,0.10199664670646659,-0.06414940743392678,0.6874001470282703,0.06758877980634198,-0.005184871196440755,0.23342364786617276,-0.7884568423731337,0.29611664685588013,0.8596813534625493,0.23938184403572993,-0.19363379486565843,1.3049541757311824,0.12360387438214819,-0.5634813178550614,-3.2931475424574033,2.492781352197013,-0.9015077141168448
18.852,18.147205300580872,19.164461992120245,0.7895922854725528,-0.1340808060521202,0.006791929583438175,-0.0069197512541811146,-0.9909229658169848,-0.028526480713892206,-0.12004596938914856,0.09773301073492535,0.5245961139073338,-0.3615085238303475,0.06762810360967685,-0.3752157231458511,0.11284085782570046,-0.06210665373686351,0.41537002784386684,-0.10291731571262083,-0.10269908747932308,-0.5036914495396023,0.0777086978124626,-0.2071037498484576,1.2140139661761418,-0.1599715001392457,0.3396837064445126,-1.3805816624219283,-1.4847812423273907,-0.49651419061438584,4.721724802463818,-0.20178314336842604,-1.0796508895730688,1.3781063717257873,0.24425303718719493,3.095986957752707,-1.9753703031036267,5.89406356618839,-1.3248015027003914
18.902,18.126432957565548,19.16977013888973,0.7864398888021399,-0.13604055649165817,0.005894675077143647,-0.019890391180760546,-0.9904860383336316,-0.11241693233415545,-0.13357778324479305,0.0864403354676261,0.7241109591624058,-0.43593549536412757,0.01173012274061757,-0.39205572847859366,0.11007779075372745,-0.014482314015048308,0.5052274247433147,-0.1183603732927013,-0.13367787318401447,-0.3918407567518975,0.12377414447940376,0.020572131080867702,0.21364397683052594,0.0208359343734408,-0.11727113094020632,-1.439357458454689,0.319582281215161,-0.35255392606435376,2.3675717534628395,-2.1787420770039354,-0.8014529286240556,-0.1117806595577371,-0.041909117175470224,0.27230643426216905,1.606034183725637,-1.8614330196584092,-0.29383574544051894
18.952,18.10675875703713,19.17562341241955,0.7884794788672259,-0.1402026670271418,0.0048146417084120674,-0.02451725913564982,-0.9898075244148089,-0.17246461218460074,-0.11173907755538491,0.07058661834233756,0.7815580348851695,-0.4991188533298518,-0.005073606124332345,-0.3757202933890909,0.10898329711963187,0.0019375084553743776,0.5443434158592726,-0.18198838507071796,-0.14244526564768473,-0.391088523449302,0.10872959586741629,0.04729716247546611,0.17427259976828122,-0.0377704586076424,-0.19638068644330123,-1.1105497796371897,0.4822055359069183,-0.3532551060870246,0.49517572307493773,-0.44080040640534596,-0.04177129011336554,0.541121280166797,-0.02249746095173461,0.3483941040354095,0.3439594098235966,-0.8933538213232135,-0.06572894263372042
19.002,18.087492096163036,19.18053268977188,0.7906221501358802,-0.1458293962816486,0.003403609322007094,-0.02800892117357027,-0.9889073277908337,-0.22699330750491387,-0.08908699630417194,0.04930034281848613,0.7939732434473862,-0.5038579117447899,-0.006204075790983163,-0.3459509357239297,0.10830640284991337,0.01934609908394361,0.5538717425992792,-0.21751795901164894,-0.14327416981281196,-0.379626324187206,0.08852326748107166,0.038190450475123795,0.11885310086919217,-0.044469437636577215,-0.2486294976174743,-1.065653774786135,0.4186334417038241,-0.4468725041360754,0.0912118673268952,0.0652941020809258,-0.03947958262071215,0.6253915294305337,0.00047644164687333124,0.34305227082165457,0.09137032901811128,-0.5982243617800129,0.0013382793808101295
19.052,18.068915900610882,19.184462088403468,0.7924638642023115,-0.15217089920403307,0.0022718944409707725,-0.02955887494989501,-0.9879094740120588,-0.2793039480406899,-0.07244060503415337,0.024780393282324856,0.7967262271262727,-0.4908149410892057,-0.018764667254636908,-0.31293150857917923,0.10975951526469725,0.03550770459302891,0.5522839336910335,-0.24302480598397333,-0.14307882321510768,-0.36456311956985177,0.06933283981996614,0.03738462883970921,0.0247840271886733,-0.04134662801967744,-0.2629133964361942,-0.9998910698847068,0.2570365895751624,-0.4705999906498627,0.00516887621247614,0.3913308936557514,-0.3707624126307885,0.7003787350817787,0.05631183859862887,0.3110508077250689,-0.15871194726420595,-0.43133756492262965,0.00785782767326134
19.102,18.050984665243956,19.187456171307296,0.7944701398527021,-0.15879573314413448,0.001587180189964072,-0.028849189200279207,-0.9868886058095653,-0.3232392170375283,-0.06288649939251129,0.006767971274504602,0.7897237039846853,-0.46728581088071985,-0.03644896943822322,-0.27521227723379904,0.11377780811300953,0.050497579018528624,0.5366174744898012,-0.260232364676255,-0.14224607825732474,-0.35326221611193265,0.051485991663834975,0.0417808108340247,-0.06513862741690819,-0.032099295441239246,-0.2668499808202995,-0.7480494783947979,0.13770106456981032,-0.24692396870400404,-0.3039488071339737,0.49227206255867945,-0.3007693700724923,0.7934014613039762,0.1005911896065226,0.2858996178351247,-0.444955470999691,-0.26874995651092637,0.02590643826914823
19.152,18.033509192056115,19.189729574437795,0.7966285005972463,-0.16525788204875885,0.0017513405180503432,-0.025744153936718188,-0.9859127769560705,-0.3463667713005037,-0.05644853627722676,0.0009559282081586098,0.7434468684074703,-0.4271358374649376,-0.04685924175112268,-0.23299859583150812,0.12045577332337465,0.06377075742993046,0.506225405011331,-0.268974900707744,-0.1393213005432377,-0.3470529602584846,0.04031719010003028,0.04062290815796391,-0.17494020700678295,-0.010531799339325049,-0.2567362383778109,-0.13738403800340807,0.12397152077332463,-0.0008885678820413738,-1.6711741548300807,1.0866544157960283,-0.05764497419981056,0.8733866810827144,0.16585915666362236,0.24597509513077173,-0.7161971881949396,-0.11211348337733129,0.10290532961460763
19.202,18.016417848191036,19.1914476754981,0.7976708573498262,-0.1711398021595176,0.0032760916678617807,-0.019697771417013007,-0.9850443813054252,-0.334756253097866,-0.04999449915103332,0.00895671756125897,0.6141356130929517,-0.35601474486679585,-0.04680971320821151,-0.19337007081349283,0.13158267782108077,0.07349707774560413,0.47435225727927277,-0.2757873695005931,-0.13094715138315408,-0.333448399819982,0.029111699473065272,-0.010070308505382451,-0.3384925776523967,0.04574668617561258,-0.20357155275655822,0.5011807775596179,0.12210790450978014,0.28462000607568944,-3.2323881329406525,1.587851884936762,0.02811122443594716,0.6399372104809,0.30368552935658216,0.10506785864376648,-0.432813242584692,-0.22037772499580335,0.2169603333658772
19.252,18.000411969134504,19.193316446455366,0.7946619550991075,-0.17804684882835825,0.005956623210744511,-0.007077309834814709,-0.9839785312432985,-0.29426380358556103,-0.034503958192420366,0.015299102594788712,0.46216233725593797,-0.17850649094178142,-0.012438343654314349,-0.1853925411514634,0.15257201988914193,0.04875182285533127,0.4983969352827588,-0.2951082904731405,-0.09886752131055443,-0.2849467991921414,0.03844223871111327,-0.05870182071053661,-0.5138958446004728,0.07585693707941173,-0.29810269700442754,0.08995345803016083,0.4287434170317375,-0.093925558935407,0.07840505590477592,2.192505447572841,1.416385291046005,-0.7088651341854655,0.1266861338862622,-1.809265509505779,1.7966501036327727,-0.3709587192369117,1.1142679207698327
19.302,17.987276783399867,19.19536514420627,0.7953485132670685,-0.18632028242531987,0.009342444074899158,-0.000996170949226486,-0.9824441351746654,-0.29114239006490755,-0.01982954101846752,0.02182328288977181,0.493254345951762,-0.21552850139186813,0.03020084350495728,-0.25771752670071385,0.143773096388915,-0.011921231288310354,0.6803409799467645,-0.35180226757233685,-0.04509637712403857,-0.2675210743826476,0.07025413872379593,0.04789269279975178,-0.21905736650427715,-0.06670482477637195,-0.3793986112192019,0.48480366465144253,0.3276159819284179,0.16787133244087815,0.2693888351774669,-0.9658348011322236,0.5215151741365658,-1.3667946063464713,-0.1919129388454597,-0.3419411889627048,3.668559166770916,-1.5425793793996057,0.6662637506096263
19.352,17.974224940746705,19.2001580934618,0.7977662985519389,-0.19598671956665714,0.00847001048288885,0.005269594593242569,-0.9805558097572743,-0.26148398173009,0.0003421851260113465,0.03126102479966129,0.49708267726945526,-0.2523936039994887,0.04748620582853639,-0.3193046467044403,0.13409502878647797,-0.0033324534751066363,0.8048612747172093,-0.4099747832771189,-0.012949394279234173,-0.25832469230024924,0.11618729690530172,0.04658697597930542,-0.22684789759381319,-0.09019267545051046,-0.3823267596010155,0.6764229104771134,0.4203283868886403,0.19232267871743394,-0.07319899020332517,-0.5819694971257079,0.22204252664969473,-1.028018217817303,-0.3304139346343719,0.3087671916276817,1.2461416311375864,-0.6047408515016712,0.6306150513839844
19.402,17.961682168708517,19.20668701269227,0.7997158882289033,-0.20492014933810365,0.008236231577634154,0.009581598100600488,-0.9786971389875868,-0.22882722584708182,0.018823069792259173,0.042287510294840264,0.4887998139611741,-0.2752716161750911,0.05428671662790155,-0.3666716159073898,0.10738593007152733,0.006674344242806734,0.8246054579583706,-0.4275312895613367,0.015521471446575945,-0.2425711972333163,0.1428761990983191,0.03069439917897257,-0.09074392216770548,0.015773542439146748,-0.3605891412724918,0.6066443370929127,0.30585626139709954,0.2657338761941285,-0.22158447536733483,-0.36856282837528875,0.1152086173007662,-0.9232871395391552,-0.6706054109033556,0.10923388663058116,-0.08933111012026183,-0.21718896613321406,0.47632760832512844
19.452,17.949966684111246,19.2144648572388,0.8009370269119587,-0.2139724843946002,0.010022924886860539,0.008825714216251617,-0.9767483932248306,-0.19973806550709847,0.02950115774448949,0.060295525585010314,0.47208150200772725,-0.28840165640694804,0.06095978254672701,-0.40996718274125427,0.06723478925768353,0.001708742738709476,0.8068316836848846,-0.43348064088438815,0.03393970814351441,-0.2280491471012497,0.16944311934887749,0.01896364372003267,0.11342710563372221,0.13047086946338757,-0.3742720792022119,0.5773538207801399,0.1262844501020971,0.43090532065377046,-0.443194560783384,-0.18856381479861328,0.15469866673144542,-0.770984974550268,-0.8930305431858724,-0.3164461460117605,-0.5388820067877581,-0.015488255309056634,0.21638873078626514
19.502,17.93858704652264,19.224073112096743,0.801509945379723,-0.22312360194148306,0.012136417346707527,0.0032625702118373617,-0.9747091470106652,-0.16817283944126202,0.031368041549261816,0.08361226217532838,0.44575076397556795,-0.2980663617200154,0.07251920404116027,-0.43609855555780835,0.02457990431010439,-0.020785828029213308,0.7723242103541075,-0.41941350468113303,0.038946407947318656,-0.23719747159319016,0.2200722875047227,0.0023156355480000194,0.2753364844134626,0.06941242417026552,-0.3635720583700648,0.7716912874468308,-0.04061835424201027,0.4784794257321741,-0.5811407372635704,-0.26934978944901905,0.33067904438672097,-0.14405752619156761,-0.7517556123234886,-0.5133063019716937,-0.7727889123442937,0.4843588958773179,0.007736610805371849
19.552,17.926086058965605,19.236210996609028,0.8005448867590707,-0.23143590218046112,0.01114653657633329,-0.006801464994204752,-0.9727625187979857,-0.12748849565561207,0.020921650810734296,0.10712777717174424,0.4172941418982456,-0.31364001106743017,0.09294350502202756,-0.41815408787620256,-0.012680613914394573,-0.05316564442499856,0.6925290533159828,-0.36181717236064465,0.041800003951245064,-0.2623390233585281,0.2672933561780602,-0.04873151884453014,0.5073753530363126,0.016471757427628277,-0.30534752587068653,0.829218545477064,-0.32443761601435334,0.4430984930243335,-0.45292877942387144,-0.3666442652821435,0.2657651392506844,0.926591959617141,-0.6212158884948461,-0.6432836748575934,-2.6788430577588764,1.7284874967856363,0.2041459382975518
19.602,17.913400521948322,19.250657445696543,0.7990668720416775,-0.23799787489002844,0.009472049131367209,-0.015977308107406083,-0.971088058550163,-0.09237025538758058,0.011575182356756116,0.11813767006985072,0.4046470385662757,-0.3264406984941303,0.10498524688472922,-0.38921467441188984,-0.018337220307045633,-0.05346887847709444,0.6510264589596677,-0.27819571210366884,-0.011177004813158125,-0.24148989963845827,0.30178921590321656,0.04912056523907077,0.11946935997301249,0.020403717943351996,-0.2530454569966423,0.5553022773680348,0.06494592565783522,-0.1578337976982752,-0.09578965557296433,0.20863783011184522,0.24424783967540636,0.5249204114282343,0.29292359913996274,0.14224712406399082,-0.018932509759002028,-0.7145577382617903,-0.9226162328567816
19.652,17.90119680021807,19.263844535910536,0.8045114582536884,-0.24055754199334223,0.008153770899785305,-0.019566948446598592,-0.9704033798059053,-0.1153151083682002,-0.0045171876124205715,0.06252152219289088,0.5010909402533877,-0.31448905518097,0.09904598293802173,-0.34554631956738197,-0.011412421172045882,-0.04744131761619104,0.6198360004310461,-0.3009535100169273,-0.04233000883368613,-0.2455945423173434,0.21377967415864166,0.12067061613008837,0.20481883843224422,0.009397549732386497,-0.04292338631663144,-1.491084288708865,-0.9527096519738097,-1.9366103930662402,4.220051459342588,-1.6768227287493347,-0.6879731298842565,0.9075285263537728,-0.009107855172101421,0.1670371969832121,-0.830377355654602,-0.20763041245609493,-0.45266770410907553
19.702,17.88843005081893,19.273104619825443,0.8092636284659359,-0.24170123932149662,0.006801498419855017,-0.024685994433980354,-0.9700128103321646,-0.1990493626841377,-0.05046605324660213,-0.002098905377965122,0.7000026523862545,-0.43698319327628443,0.051641421647310407,-0.30445961737295874,-0.015594258744650513,-0.03886637697437384,0.5873668468368224,-0.31157417488707856,-0.05999892130044866,-0.268881475658751,0.1741805254560387,0.06733768512027401,0.19357492023199926,-0.0585992099789404,-0.05456158669669556,-1.4901104205049198,-0.5879732135865764,-0.5261286643579761,2.859454182880195,-2.2196091837704577,-0.9247904688210318,0.7999120435268631,-0.10778411548244048,0.15382453085981618,-0.4545797019251269,-0.30065309198508255,-0.249281553886703
19.752,17.874352447580133,19.281494451059547,0.8115150571727502,-0.24259583974686386,0.00409603253094733,-0.027676499792950175,-0.9697239258749009,-0.2644600688576524,-0.06337225893871783,-0.010471975574413456,0.7907050816319303,-0.5026678054356267,0.009851038465558147,-0.2648396208248067,-0.020941085523561154,-0.03456927204886838,0.5694359465465726,-0.3296695353755217,-0.06486411826296822,-0.29444866979914536,0.16092581623624888,0.029695297258760574,0.0973303706061254,-0.08488229420052273,-0.02461204924672776,-1.1329224590157794,-0.03725015972269135,0.010680221940974911,0.9266289695528664,-0.43907490340512223,-0.6649917620621061,0.7929393731262865,-0.09696829497187248,0.04187319481829306,-0.312308548933389,-0.3809092192557038,0.009141976904006905
19.802,17.85885864539487,19.289004398596113,0.8125553603145025,-0.24309561449974196,0.001774016618602314,-0.028349459723257083,-0.9695863464433832,-0.3150661835429576,-0.060770276399730074,-0.009386547503501624,0.8114536595327588,-0.5006232165532013,-0.015441372483171454,-0.22425515950999356,-0.024752851874516386,-0.03398583071625008,0.5531405710503564,-0.34847340063843085,-0.06345907603170622,-0.32463801580640445,0.13890029464525647,0.014859790294420182,0.005385409274125431,-0.08136452676403655,-0.016059142754111733,-0.9307714277264335,0.1026448562849489,0.02972459309686458,0.11940731437434095,0.32461766120873115,-0.38486523067881656,0.8380887619032455,-0.057936030746622055,-0.009627901735408888,-0.3646469887370832,-0.35766260524306304,0.052787812541782914
19.852,17.84186883751876,19.295308171330056,0.8132285831054965,-0.2431448677053363,0.00040939168115167727,-0.026634206932335276,-0.9696241667409543,-0.35914722001472854,-0.053640252908727266,-0.005519663188415787,0.8097361214895472,-0.4677567457990634,-0.036485031879158525,-0.1794468891013432,-0.02630379011019604,-0.03694417798677741,0.5286151810657471,-0.3629437385325111,-0.060486237538030695,-0.3544371653000335,0.11423225712725396,0.011736692427199238,-0.10601541413028422,-0.05944697949575296,0.008294172405549216,-0.7948766605870813,0.17826590274474283,0.15538146494719432,-0.2452645434787964,0.860492384439695,-0.4434689192303964,0.9490751766516611,-0.00404639190615079,-0.0990047070173273,-0.6040367145881104,-0.23242700184040507,0.05765126421904815
19.902,17.823387390331423,19.300338540032758,0.8134311605451949,-0.24310421174024743,0.0004314083779746597,-0.022491662004691198,-0.9697392852005273,-0.3906410202150752,-0.04408028335166803,0.007185440477030247,0.7783823167546159,-0.41852994584932324,-0.05652590181646773,-0.13124204931252043,-0.02471277987346211,-0.04290038234631085,0.4952258493867052,-0.3731138613871552,-0.05760055557635316,-0.3817430032655785,0.08760066991026759,-0.008467814126980711,-0.21784931799773452,-0.01195327576095457,-0.0021417074165649298,-0.4870243678175032,0.18155965560215717,0.3125346350364634,-0.9413532619177993,1.003377877231727,-0.33471953961253503,0.9419613740467451,0.0739104013024481,-0.1338600223997831,-0.6769220208309021,-0.2036624450201756,0.06059065802202808
19.952,17.803646082912827,19.304075434820106,0.8119276942408029,-0.24368320381270184,0.002287697472179092,-0.01552306442692671,-0.9697279500409637,-0.3979624664738749,-0.03545198277030249,0.029338878131993498,0.6888892122750686,-0.3437362373008662,-0.06948780818259982,-0.08688818845027627,-0.017977947469457082,-0.04932960871221319,0.4655393224508277,-0.3850707653980811,-0.052296407720543114,-0.40550406296811686,0.06201359553672646,-0.058723467516727516,-0.35962339486792266,0.013267613957836835,-0.06009665546907783,0.20494538854047012,0.12305577715352281,0.49337254817119813,-2.637275831123655,1.9172832462986484,-0.16341363028524078,0.7676224646084641,0.18872868510421026,-0.14489808345295183,-0.36662429369044486,-0.32955404976402514,0.1750782281695504
20.002,17.783235419221903,19.307012138624234,0.806349195380431,-0.24726507828344976,0.005536334635326196,-0.001638097119753904,-0.9689306717707468,-0.3660195543302569,-0.030798286899841078,0.031759323250612564,0.5139211006766874,-0.2207663121690468,-0.08846358990000863,-0.07046072544312539,0.0029149666307494333,-0.056175943247876364,0.4943448606787746,-0.407352185694675,-0.03713637764158673,-0.4047234883072679,0.07210739270259175,-0.1750444867040718,-0.9031757133719213,-0.08021381539263427,-0.2525720215709,1.0196862671704914,0.26267739926145334,-0.6122857353657645,-3.9130334780743983,2.604717107993349,-0.5355817631824625,-0.16967463543785197,0.8291294257885297,-0.1082520500202227,1.736143992446039,-0.49470012538300034,0.33178047876668415
20.052,17.765903776769907,19.310005525918395,0.7991473298896823,-0.2511931466155379,0.011531219358425328,0.018149210495563232,-0.9676981142029162,-0.35823390345982453,-0.015172978534096656,-0.00826765661252992,0.4931354674616947,-0.2586649810926183,0.02058739951578048,-0.13397234482442602,0.045500616933429015,-0.0398594812649615,0.6659343012000333,-0.41138317862593804,-0.023767815951541385,-0.2986878766022325,0.03408547844203188,-0.058319819678909826,-0.4015606848865989,0.13746983506959817,0.02153272268459155,-0.7361876084650226,0.0915791175931253,-0.2946152489015753,2.0183889662918375,-1.0626643557495852,1.3576894557052088,-1.8774102851646912,0.5877188358054036,1.1065855311951964,4.003457286515851,-0.3805286684773006,0.2712382972344014
20.102,17.750910249506298,19.31284986729786,0.79802100021237,-0.25131902146146634,0.012481038605914057,0.024845272198028834,-0.9675048762545717,-0.36560332758264974,-0.011598009404266472,-0.01578857343406129,0.5592691087790491,-0.30534951398502636,0.053220513304146864,-0.2102487109507139,0.060639791346840534,-0.002932948363882594,0.7989980553453305,-0.43501842869908613,-0.019859954251322337,-0.2972016998163071,0.08073644614525502,-0.000697294660033486,-0.21911197235733443,-0.13723479635866112,-0.02031695041377674,0.28169786468914193,0.0838429842005265,-0.11352060217245645,0.7597671980479573,-0.811033104082267,0.3995688838499306,-1.2510803376459187,0.05950777232470702,0.20672197499668118,1.4191550420822985,-0.3692899495728636,0.004715097111847109
20.152,17.7365861932581,19.31788291245954,0.798415169782899,-0.2524643618065623,0.009522492080265187,0.029999737252698118,-0.9670941442935921,-0.3419918876553147,-0.0069318049870551795,-0.019070034178880955,0.582189866275904,-0.34160530714591925,0.06864724273748359,-0.27424405460811085,0.06320398996212774,0.003419841686917643,0.8439105041889932,-0.4403550537787025,-0.014356253905936348,-0.27698604358526274,0.11739369630457511,0.014027928901153201,-0.11441361608021478,-0.1722828397505996,-0.07418065779111795,0.5941273301310516,0.0828355054508792,-0.0229751041758686,0.23659258959281368,-0.6470465207298619,0.23285006165418878,-1.3240562695036313,0.05967941622035568,0.09800127780445066,0.5108622104241748,-0.004139019356301607,0.25748876746636945
20.202,17.723093345308417,19.32458147425633,0.7993304412143952,-0.25431011240482015,0.0056868275530469106,0.032001925493603464,-0.9665763826442954,-0.3078375690399524,-0.004734062241522393,-0.01767065445273236,0.5844201131340336,-0.3693942539251097,0.07693166615195944,-0.3420090505634711,0.06631683681675207,0.007874499417577953,0.8582558851529325,-0.4391383932047927,0.001960529779050052,-0.2643512653427826,0.14915088147187616,0.021219027364568703,0.030964326496676894,-0.15383482968036677,-0.08666800103651157,0.7499522614005952,0.007940444188093951,0.07655494594467555,-0.11751845298917013,-0.47127180695307647,0.09756378615063188,-1.3609767318082848,0.055842048692936075,0.06389929473215356,0.13023281579034499,0.03789063106050564,0.33283308485949176
20.252,17.710119443683922,19.332693307108066,0.8006517270453697,-0.2572120484890436,0.002198576082463121,0.029809250381185374,-0.9658926115086456,-0.2674091358365006,-0.006213593074491124,-0.008701096279790823,0.5673669273856718,-0.38597382667450386,0.07807731646592306,-0.40852589630028985,0.06659599213355381,0.007846901008047514,0.8597365183026126,-0.43761926132121604,0.02123068832541997,-0.2565231802214124,0.17447172785707962,0.03185000435112773,0.19974498376063138,-0.06553651147837014,-0.15292021343353987,0.8644540690302868,-0.071395216111026,0.26434562732246086,-0.5518241861351345,-0.20557697533949804,-0.02521244336461466,-1.2266388691913266,-0.05803735578450203,-0.0990230165976816,-0.12138308171407848,0.01984855044515153,0.36446726794036743
20.302,17.6974095098414,19.34212677663998,0.8024057699264493,-0.2613585593160491,-3.0585337596717243e-05,0.02344566998378576,-0.9649569954644552,-0.22239661235427532,-0.01245769035399314,0.0069263021616613706,0.530651273125239,-0.391768149140392,0.07751937684942888,-0.45707280783721227,0.05944306881186904,-0.006260079912254531,0.840223477930002,-0.43208799092284284,0.03363469007222868,-0.2510496917753797,0.20218059127076213,0.03388697826793179,0.3203550468248235,0.03290928083009333,-0.1868269069341154,0.9055155886488363,-0.16325033864429006,0.3470936120608051,-0.8545407912604379,-0.04929795410278106,-0.027256904951706195,-0.7061529795953935,-0.18655748256994278,-0.4093768979873786,-0.6021454123519753,0.19324593268577717,0.14386498154524294
20.352,17.684888636232778,19.352963708995336,0.8037562937153733,-0.26617534593033326,-0.0011283745199840594,0.014129456376125147,-0.9638204036293927,-0.1764669173753534,-0.022788882596535387,0.025724663212456877,0.4841141812045794,-0.3920875488924576,0.07585216988915193,-0.468215243956431,0.046085385575469574,-0.037828563997469644,0.7787604590378358,-0.3976296987361224,0.03489484376316231,-0.24989502608076444,0.23012747888659885,0.013389587841362625,0.4141038826991498,0.07192114469070084,-0.19744339991570573,0.8987144559466133,-0.25505461258737405,0.3838707935215372,-0.9055947335560779,-0.015948969567620243,-0.029106672834020884,0.2831991512909363,-0.3111600539236509,-0.7855173657623822,-1.938390264863668,1.140803896254882,-0.02100866290775876
20.402,17.67240233836157,19.364998042363517,0.8023772917325743,-0.269942115191413,-0.003278342350318318,0.0017711080254840062,-0.9628693421715026,-0.13811899750271625,-0.04134104061840903,0.043471267422971374,0.455431518438662,-0.40151928397193964,0.07393812242348305,-0.42448824040048916,0.032438657189190874,-0.07011025304645481,0.6391271899672099,-0.3292767300651277,0.0332123437993217,-0.2507924376558707,0.24496663564744178,-0.08365325205909177,0.6256016531990338,0.012364319642980914,-0.0983113630029604,0.5894823433469746,-0.5460652602114506,0.3222257454930643,-0.11010425280994987,-0.4431793677043037,-0.054465116175463194,1.3544957910011428,-0.2463288697659093,-0.32032367274643303,-3.3582727166852613,1.3229692324742552,-0.03354914466641045
20.452,17.660825904188027,19.376993769415428,0.8002042519041735,-0.2702418395797072,-0.007736174745509702,-0.009902349872596007,-0.9627104669670336,-0.12919107149649361,-0.05932229063930806,0.06237597953270407,0.49348888357660353,-0.4103195519137277,0.06671452037211263,-0.3874719114763834,0.032350711010205084,-0.047154740591522526,0.5799546692584101,-0.17676905984540564,-0.04387743306139667,-0.2163481324551246,0.2220337766725379,0.04404800084209412,0.33068182642910676,-0.09077806755092967,-0.03576750458246406,-0.38563968431687534,-0.12449210722321792,0.43657505969265764,1.9208046589422885,0.386946972342173,-0.06062139048621637,0.4025872123164172,-0.0657259997433442,0.3070884461747348,0.3460973419589852,-0.4521718206792006,-1.121645239220921
20.502,17.65002621161287,19.386845116508614,0.8042211728759034,-0.2703745003338843,-0.01180208258715011,-0.014636867440361134,-0.9625716090386949,-0.17927297665336228,-0.07232091607441013,0.049599203622610305,0.6614378031877615,-0.4522584734149429,0.056915433643579455,-0.35663886091003366,0.029625003930916598,-0.036621638912150714,0.5796192375027582,-0.21299007848999696,-0.08017859841172988,-0.22463881228382226,0.18415464376288546,0.08971308301949851,0.15671305004339534,-0.13677869552240526,0.00992072671956672,-1.1257482442214215,-0.23941987315709742,-0.48020822873967756,3.4237719061944714,-1.5187609030783356,-0.36402651499665967,0.7921002245799694,-0.03799533036688589,0.14919902997752976,-0.28475413331258065,-0.5668988520487903,-0.5159464216866053
20.552,17.638065321560546,19.395570593913504,0.8084892676180263,-0.2697949121866537,-0.015661082592149333,-0.0170153819237302,-0.9626400742895699,-0.22563714929681014,-0.07789512203595571,0.032153823829372666,0.778087151710024,-0.5127223611079038,0.03827651966155278,-0.3150311890545044,0.026016437408532652,-0.031573631734646265,0.5602762798562755,-0.2349313934239982,-0.0976735315448093,-0.25596612781310113,0.16811833275501992,0.08106631496699533,0.11304115263205,-0.1216770168528452,0.027748448002450434,-0.6666767539361027,0.011945297610791675,-0.20407329045818953,1.2536765304426558,-0.6261431283494698,-0.2668278522556057,0.8787946990901939,-0.09612411804103746,0.07386909091905101,-0.4634703800008287,-0.32873691335516264,-0.15084449816178966
20.602,17.62440843435085,19.403584570490395,0.812138741911213,-0.269151642248298,-0.018716573081223657,-0.018392118466672606,-0.962740262659378,-0.24972549661283794,-0.07356038542020378,0.026640040245876715,0.8042367684504467,-0.5221729358534276,0.027848360557331326,-0.2711798245232366,0.020916238272384598,-0.02861583403489502,0.5360879753618183,-0.24903539235006847,-0.09863643974968012,-0.2880787998952832,0.1525778224173661,0.06455398014065594,0.055401095007684385,-0.07764785395314434,0.024844152421466054,-0.36902330314858767,0.1306824927556238,-0.05636251789652212,0.07300122882905045,0.031218677715966047,-0.17188085695804894,0.8592385087577336,-0.09302077783327584,0.05086180618134091,-0.4861422524415214,-0.26709391196046994,0.05858436849185707
20.652,17.609184294115444,19.410889910016046,0.8151190476617638,-0.26838356480609094,-0.020218822616130235,-0.01791970603014051,-0.9629331988719602,-0.264849211617339,-0.06618912264281103,0.02265687915174222,0.7965427720300116,-0.5082699891687767,0.013980409485218148,-0.22635852706843568,0.018198720137242615,-0.027296608121046645,0.5074608620837628,-0.2599643026494036,-0.09311418764499887,-0.3193867624730801,0.13941265362107144,0.05513514816656292,-0.05278200139642101,-0.044599713159116365,0.03442705736353589,-0.2577954591335456,0.15352466933008307,-0.09432000907294788,-0.33426515221470876,0.41612986290060533,-0.3513748164218997,0.9247823043896056,-0.01606262262789844,0.01174963741552351,-0.6513070366957207,-0.17851005874433304,0.1408176427749481
20.702,17.5924499038835,19.417438600538254,0.8175363046450226,-0.2676982510139328,-0.02002683167673384,-0.015188275917732977,-0.9631749003642697,-0.2763524674057714,-0.058145293621735365,0.019331754830532417,0.770315572533026,-0.48343855858294843,-0.002811928076116411,-0.17935358820871034,0.01943129096827908,-0.02729186677401379,0.4714526681545222,-0.267222520894058,-0.08472664422782154,-0.34755801490356136,0.1226288877141031,0.03950218551540212,-0.15917323909946302,0.004771609063864911,0.027791314097454237,-0.2210218175333113,0.16892527225882276,-0.03113067328449319,-0.6871956368587071,0.5281682951204547,-0.28874950310479774,0.935555522881515,0.06591893421600398,-0.010548297474379558,-0.7592107481172803,-0.12751347903553756,0.18474686548705274
20.752,17.574359564992385,19.423272151277764,0.8189765826043208,-0.2668977310528691,-0.018034457590519738,-0.009753019020795837,-0.9635067400481576,-0.27791076145323557,-0.04792756022379666,0.021694832259811943,0.696656200827838,-0.43255284395009047,-0.01470045310189336,-0.131167398106478,0.025713019932174414,-0.029582081300272966,0.4299995837774974,-0.2722435817815216,-0.0757278045521095,-0.37419733540825645,0.11071566499926867,0.013369644510685567,-0.29714322257421605,0.03261963757910548,0.04332316131825291,0.19391913991025922,0.24407950218587374,0.16585899845977908,-2.343161739077223,1.4924435290825855,-0.16082854101908492,0.9560711979556191,0.18404931940244873,-0.07361574845080442,-0.8247743559863127,-0.11263576072887412,0.1809471111041113
20.802,17.555255470282194,19.42846362607152,0.8176859482479498,-0.265899471364594,-0.014222835601359122,-0.0003634839024251118,-0.9638957671630987,-0.25513642040508727,-0.03577042084799947,0.030268876614614786,0.5339412831590334,-0.3367287286217927,-0.022331755608248762,-0.09083024916884111,0.040074135835700526,-0.035014712026149204,0.40321320348546513,-0.28540329062753445,-0.06430599576547204,-0.38278145477577213,0.0994437979529789,-0.0795950712606955,-0.5482308287763513,0.06237478457850905,0.05091106412267139,0.6209012075591218,0.25467003037881486,0.04300154405592499,-3.789401721519625,2.033982789856016,-0.19711891875285062,0.5710115593223876,0.44895589686527665,-0.15479738190906772,-0.0772278812359902,-0.5080299621300438,0.2452002534201587
20.852,17.5371714769921,19.43310323502839,0.8126912720164632,-0.2668282895247001,-0.008279260571628862,0.011801165321315815,-0.9636362644954617,-0.24394619786257604,-0.026112637665306273,0.010972753383949808,0.47674454154827617,-0.20144488897314614,0.017262430273790284,-0.10468688209245802,0.06191504709901269,-0.0417191568871021,0.4821176657052346,-0.3252745164150856,-0.049694671090805616,-0.3239747383408584,0.07347131423432172,-0.0370198808938515,-0.274951504568277,0.24763646273699932,-0.04312303665556944,-0.45764100147707104,0.06125029531223661,-0.14971932458406417,1.3876856469408947,-1.0300982416656033,0.9222741176703918,-1.655047995632865,0.17922424708143767,0.14795611192037464,4.475924138536943,-1.2046511689573265,0.6567672450898889
20.902,17.520873739819088,19.43849136055568,0.813019752543129,-0.26857233986415485,-0.003930150430960385,0.015043740729337446,-0.9631340187338158,-0.23940276855785825,-0.02425687563526135,0.0074731662189618745,0.5111024048150912,-0.2570344976639093,0.049299356099930046,-0.19109707481126348,0.07109261308541256,-0.015215742844271782,0.7072632386453045,-0.4016467632676988,-0.027526546681868044,-0.3292743564973853,0.14809708937916205,0.0303344475878648,-0.19221825496923736,0.02869205675487135,-0.08685285738399316,0.4881626783886044,0.1351619800525522,-0.06767876451030257,0.1992866013037456,-0.8607100678695883,0.41286334905580496,-1.4738123064730984,0.24898068687524252,0.5721356166274326,3.2455270574086885,-1.485058185028899,0.28999811505743556
20.952,17.504388087560564,19.447526873498454,0.8147660899731994,-0.27064219997527234,-0.002674591323667721,0.02004533125938193,-0.9624675739205433,-0.20682215471448429,-0.01454610744594563,0.0029352325806943583,0.5102305311497992,-0.29180808173602896,0.06379710495683433,-0.2596408855185082,0.0812849209756928,0.005364039776717258,0.8098431652730969,-0.4398064060304671,-0.012543561130134096,-0.329867726213032,0.20625502200633145,0.034818027859675964,-0.1963447033245813,-0.00865973966217129,-0.08436901691807294,0.7435653296433702,0.21870348379109586,-0.09220464828804908,-0.165459506939018,-0.5816254550823488,0.19246646752873425,-1.3415002526113764,0.14612432914611903,0.29605917794087555,1.1010796420988946,-0.16778090113832222,0.3456843673841768
21.002,17.487835004937164,19.45890104972468,0.816149940797072,-0.27278134647588875,-0.0015695178770606898,0.023287654922409497,-0.9617928876617087,-0.16722852070872157,-0.004785707324456809,0.00044653858753237444,0.4962096447956623,-0.31662257822677076,0.06674237893076759,-0.32893779898660946,0.08435739945964356,0.015693237248967262,0.8363847822797179,-0.4407788723402782,0.007345410431204037,-0.3323843553761588,0.24518058510178795,0.018757794754409612,-0.06994024422918652,0.03194262019593238,-0.09535810701053123,0.8199604862688501,0.15696491372158514,0.0025609469336359326,-0.3674105167635683,-0.43867442467279666,-0.03674410661824178,-1.4257806168943314,-0.015118521508944823,0.12893548083472076,0.16715823247352174,0.04091033566710666,0.4012491134278635
21.052,17.471152808889933,19.471791219535675,0.8166059426006951,-0.27628015411004947,0.000149060395180408,0.02189962224031329,-0.960827591595733,-0.12547894867777998,-0.00031551804296852103,0.0071775754373710745,0.4712729354521225,-0.33416899038052256,0.06409288002395185,-0.3997603156831365,0.07562138461863689,0.012683458034635756,0.8343352445146192,-0.4364237449691538,0.028084173468238906,-0.33592057059461866,0.2697480888103347,0.00040813025938879705,0.12446993619966076,0.1295874171956835,-0.17453392814342605,0.85180657714036,0.015093872115335655,0.23010621809388213,-0.6144171192127962,-0.29342284209110303,-0.015634190358784907,-1.3070322574719533,-0.35792081853636304,-0.32268936421173144,-0.30110364904167874,0.17725351945109724,0.3053657528669903
21.102,17.454245813359616,19.486100946037045,0.8160598542451327,-0.28083681414850087,0.002762672932510983,0.015964557882823947,-0.9596187703191272,-0.08271635488637875,-0.002910010331479614,0.021350492585419784,0.4369334257058268,-0.34705757512470603,0.06487279140270484,-0.45166671474520004,0.05222177265986077,-0.014619488318278213,0.8032356192036737,-0.4143902113205709,0.03656250282728071,-0.339065127107387,0.30254100031240605,-0.024165875357232924,0.25875742825856185,0.2068119134775035,-0.19298406912696967,0.8362190300688406,-0.110080153463327,0.3131362420706356,-0.7052260536007273,-0.25180792088031817,0.0562611429019827,-0.7715217092171455,-0.4881247509235198,-0.6436565203395712,-0.8469963413634528,0.6312245644524451,0.08322025053057003
21.152,17.43719411592591,19.502135612169834,0.8138029634386819,-0.2852200807642137,0.00557252305916264,0.006761010648516148,-0.9584220058255237,-0.04296631949798849,-0.011566156314860706,0.03844711843080757,0.4066678887756773,-0.36125538791989664,0.06946308294946237,-0.46539256542013546,0.027355782956243614,-0.057432430055529865,0.7243582683922634,-0.34145270509958314,0.037748268011244604,-0.3414185906692523,0.3360578179820467,-0.07093203636967779,0.39429938134539744,0.20667497284301503,-0.13555381507753705,0.6397076571263899,-0.22698235439248673,0.46015906910959736,-0.24515737801092516,-0.3449054065726364,0.050676227232162134,0.26000651043687917,-0.43501462190760565,-0.930430274030445,-2.432022705989639,2.158638863387568,0.0016450975439585036
21.202,17.419794775608835,19.51934918935464,0.8083656227562717,-0.28603317530861194,0.004342424604896731,-0.008866836280953317,-0.9581688500393806,-0.03481685661091181,-0.03544990456919231,0.05945622640050345,0.4514919762942998,-0.3781620510645254,0.06155778661354206,-0.41914227355097466,0.014828233077678523,-0.07653683170382129,0.5531444419293853,-0.22150592105604683,0.03932464333838873,-0.3632123541094322,0.34604351713665826,-0.15533579267764736,0.9098452338804769,0.01091124629562626,0.06732968171727509,-0.31920209760207485,-0.8671744299343772,0.18994484181823562,2.151622974110687,-0.2850712186044425,-0.31300843649344556,1.4789179996341226,-0.15822198827828673,0.37102077975943276,-3.916781254206449,2.133993078853336,0.0717339355894546
21.252,17.403288431822844,19.535871134859487,0.8045124756641457,-0.2855594843814035,-0.00011095553121613854,-0.024445491902858683,-0.9580491566168843,-0.08706676235501344,-0.0651687967326193,0.05349242192128953,0.6199425088955921,-0.3779225073044834,0.04542920318525145,-0.4010333197516366,0.013705452996443502,-0.03717258355914487,0.5577377567961743,-0.16482335233098222,-0.05216620428381083,-0.3038861464447052,0.3039743143984432,0.012593607897536113,0.3622523046056135,0.05676546772639376,-0.026436471994793355,-1.4492603550292433,-0.5028932871460574,-0.6669011054605243,3.71489792524947,-1.6798510714569992,-0.1001684877547439,-0.021401469987800938,-0.15269489562974561,0.2531473850324247,1.344684107053734,-1.6241570252208528,-0.8674009443061323
21.302,17.387710360933397,19.550491787077906,0.8067051240605724,-0.28489592270891856,-0.0024277971023008316,-0.030504113830511555,-0.9580698920561471,-0.14839510405446604,-0.07815767587674592,0.03715313361405382,0.7390669939583415,-0.4903259280223926,0.037774557079382966,-0.3797644240778418,0.007427424857382021,-0.030007546145828737,0.5894426902556126,-0.22629082661368832,-0.07770902412800823,-0.32382447881698606,0.28594334074702177,0.06042349149798971,0.17973317238922154,-0.1007153233923119,0.024647312981851056,-0.9684590888003585,-0.06783850282637141,-0.1448456652554319,1.273927460371451,-1.7855053760347666,-0.17637176957295206,0.7803258885772799,-0.07263978246666847,0.10038637308526877,0.11197687569054203,-0.8939355505663729,-0.31691529251455
21.352,17.370934793251347,19.564223642686866,0.8096923071998738,-0.28449799722906444,-0.0064555888326545555,-0.032676556242634186,-0.9580978330095503,-0.19277931938569465,-0.0782638823531061,0.03203618448999653,0.774916372330485,-0.5337691353492744,0.03062230570132371,-0.3338965343302364,0.004796370440267672,-0.026430490964272947,0.584202949211931,-0.2622501159430599,-0.08753878411488014,-0.34445942286105163,0.2631408163340662,0.05429494324987028,0.08393581312545292,-0.131746916374753,0.023742944337242028,-0.8755646889906842,0.033128949384546455,-0.09471564330069494,0.39293168812237955,-0.19173279206059035,-0.16658993218379173,0.9742392221432405,-0.03956856849221037,0.037572216251127326,-0.22244280262132998,-0.6066952761803707,-0.10265083507063937
21.402,17.353243640930284,19.57676822104907,0.8119780562304526,-0.2840271757891557,-0.009544579724368755,-0.03267030238155082,-0.9582119367621227,-0.23696807961221933,-0.07526992152362319,0.02736800567407167,0.7870434676851592,-0.5298280673845559,0.017649104747527965,-0.2845802914653516,0.004001224885906298,-0.025879042731236836,0.5699495406517426,-0.2900877737812956,-0.08975254580498278,-0.3630085471654829,0.23932276170790828,0.03845036683533707,-0.004849761401327292,-0.10190577627458786,0.02102601684728783,-0.8873459361469639,0.07306126231900659,-0.09186606197155729,0.14352425372364508,0.24793186334599926,-0.3075142769805652,0.9920532203089621,0.0028836991170930865,-0.005521032201187775,-0.3371268609408998,-0.5237365009542043,-0.0052917093036976455
21.452,17.334670401654332,19.588156138427248,0.8137358849074711,-0.2831549981934827,-0.010993415938386682,-0.030738425197586017,-0.9585184093278677,-0.2827361489053265,-0.07055374494437928,0.022300412922219886,0.7922385312038508,-0.5033463117516572,-0.004921067042493347,-0.23345807530267584,0.005491431646743245,-0.028167727252798085,0.5468165835147863,-0.312444724035347,-0.0889858203277076,-0.3799092658088485,0.21728253832638758,0.032925318360539226,-0.10428311108814664,-0.05372337123383508,0.053165684014977295,-0.9125928254695341,0.11648507182475853,-0.08333949065378421,0.015791516387721853,0.7263129729811698,-0.4928491868343559,1.0562071758960252,0.055603574839905884,-0.07705764708717279,-0.5872889677785152,-0.37397058237284914,0.03619336170650746
21.502,17.315174238138724,19.59841969336367,0.8151998804440467,-0.2818659507651927,-0.010654547012968162,-0.027034341488056942,-0.9590136655999686,-0.32470118317159796,-0.06409708849999078,0.020708176398015102,0.7808591543284406,-0.4607181805676098,-0.025455647616943324,-0.1794720006269047,0.00953166589519196,-0.032790512990557165,0.511629901325011,-0.32780172947746056,-0.0863775000689916,-0.39876683601883367,0.19348897895880565,0.023298707904420214,-0.18178767524115283,0.0014184036929685093,0.05621842528441783,-0.7541579250704491,0.12543250395065278,-1.4385090874654378e-05,-0.47927045459887946,0.88065561492218,-0.31433381521331466,1.0810453736666261,0.10321747797000892,-0.10071056612972601,-0.7808264142904079,-0.2620462869389827,0.06368596130788516
21.552,17.294714619821047,19.607579801781945,0.8159462693560584,-0.280617954361099,-0.008565648290521059,-0.02165610493057054,-0.9595369750451466,-0.3489567152566728,-0.05573688805968485,0.028003163540579905,0.7192215664384789,-0.3945327482919517,-0.035100629120574746,-0.12433678619614039,0.016586509434320888,-0.038460279477557334,0.46786659488180227,-0.33808170727746606,-0.08201531368086963,-0.4188440418453967,0.172775046195511,0.0015118303583110553,-0.27250538149985293,0.03660435798967192,0.0411662074532344,-0.1866255323703962,0.19430051957837216,0.3171778629514583,-2.02843178699023,1.6781869814275447,-0.04985812248403683,1.0884653202838626,0.1770081201162051,-0.11030278082200809,-0.8865186695777659,-0.19238723114986295,0.12123808599403445
21.602,17.273478804658946,19.61551052250556,0.8142206409842161,-0.2804503486651902,-0.004927830316812609,-0.01373401706718302,-0.9597576231513554,-0.34158838830876176,-0.04947087349077987,0.045506182667534624,0.5770986138416884,-0.2933042495457868,-0.037695495048021,-0.07939131385510162,0.028521494904246006,-0.044961161169603504,0.4407304975663698,-0.3539254633405338,-0.07262527509077078,-0.4253800339704672,0.14762120052390593,-0.08158385914786846,-0.465607021097057,0.052377777121601625,-0.03506794407448241,0.4119794155542081,0.047783816952235394,0.20688788321364804,-3.345116369239973,2.157065721538179,-0.10382938480593765,0.6176427312259686,0.35153318390368377,-0.2096686225210882,0.012812072568912342,-0.4896761909291713,0.24541174734467963
21.652,17.253329859860198,19.62321507533838,0.808811389988171,-0.28450528336367076,0.00042856623310325265,0.003121870913052099,-0.9586692933390228,-0.3187191644748249,-0.03877620003411116,0.019598716379666908,0.4830846027706264,-0.14660544892690422,0.007204947644592955,-0.09706247936953309,0.06113831718219268,-0.05421909518416677,0.5397225858908031,-0.3685957242457726,-0.06131610111806285,-0.35766149781129275,0.13452490236216422,-0.05275733998403254,-0.5698033913151901,0.1359468283767902,-0.07685867609965057,-0.4094331243957624,0.31481130221963316,-0.4090824020385724,1.6388413593005509,-0.9252529067463788,1.3731268433261166,-1.5823497493386696,0.45796397478250855,-0.0916252098722484,4.129338538473158,0.12199969057695578,0.42376296430248184
21.702,17.23587207572074,19.630476210896102,0.8088339606218452,-0.285093349715081,0.004413578979902181,0.010344550029598762,-0.9584337705619035,-0.3191695940145356,-0.030991943581068524,0.00851530790781694,0.5410535289035611,-0.2222455286428486,0.04699382734644297,-0.18402958808433012,0.07728688952298181,-0.026357057256541444,0.7482800029238772,-0.406166423456447,-0.031550263900158054,-0.35047050022961845,0.1731015864015934,0.02442042345400608,-0.26834781282076886,-0.05162504279786892,-0.07488936512521209,0.4272748361304445,0.19707174273726535,-0.12388064369040307,0.640977193183333,-1.2720358360150956,0.5051694794131161,-1.5015135408714935,0.23272728361586145,0.6512809434152499,3.1235247812180065,-1.1914011194032117,0.3941668735107242
21.752,17.218595051828512,19.640573488733345,0.8105700586272124,-0.28653568898838394,0.004424799571631937,0.017657177325681568,-0.9578966249933195,-0.2880482871783288,-0.018659728964531868,0.0004911681068062979,0.5573865257094954,-0.27220691229872956,0.06582818330940611,-0.2510521028491013,0.08231687727573578,-0.008533268212549924,0.8405572793575219,-0.4433523533105055,-0.014403800057621286,-0.34257878831010496,0.22529825510392726,0.041524670012505135,-0.2602494841210373,-0.0999352975425312,-0.05846998683406647,0.772494288550793,0.2591248699784555,-0.1651426638086819,0.07629211928394643,-0.8013949977417572,0.265734009175554,-1.2629239260666583,0.036877559706321644,0.27618809603415817,0.8933825422324612,-0.19383466718706868,0.3724870091997621
21.802,17.201645831266795,19.652831832526285,0.8125566376068323,-0.28777836540695895,0.0037668668616531718,0.0230224855839084,-0.9574128619750647,-0.2456778649753776,-0.006988497350557822,-0.006112102002576783,0.5522052636195058,-0.30512585225056466,0.0712332868498918,-0.3162996356758795,0.08288527971664139,0.005465884630036693,0.8583049336623892,-0.44396986819344014,0.006307351647929719,-0.33665024270189986,0.2614273348794011,0.03504392185084472,-0.12314272610219847,-0.06701742540643481,-0.05679303040255187,0.8995187071536602,0.19042144685763887,-0.08052291874870174,-0.24434418943745354,-0.5625887651454974,0.0017005356187849347,-1.3592388879963193,-0.028186759809038165,0.2587025332104076,0.043257829131607195,0.07388086041120391,0.4035349871363592
21.852,17.18492249805445,19.666501702280037,0.8139947408929561,-0.28984888890961574,0.0033974280144474065,0.023456601445513724,-0.9567789017998751,-0.19914416694912493,-0.000664861643444975,-0.0039626001019071825,0.5310218437299877,-0.3261922558067352,0.06624133483530176,-0.3852119264229403,0.07585215092875897,0.01194942059291224,0.8515142801042624,-0.43752041122348745,0.02766491343412851,-0.333641505620995,0.28386728394387933,0.02246031178633139,0.08883764810286135,0.02986753953417942,-0.1165617125484717,0.9587318302816283,0.06232271435413754,0.1589017498974228,-0.5850679764914865,-0.3046225201415365,-0.1585826144407226,-1.3091813283353435,-0.2767215026500289,-0.06551034884221128,-0.35434805752737963,0.16394918090591104,0.34795867899557115
21.902,17.168272417398846,19.681318743264626,0.8146663836798352,-0.2931724254684268,0.003985409006644552,0.018510056401919175,-0.9558720747422261,-0.151259540136609,-0.0021122131261088915,0.0075740065996334465,0.4966041327946856,-0.34028151904636617,0.06521896377936962,-0.4391825187558224,0.05549281911785836,-0.0043616572885074615,0.8189032039104905,-0.4209283625217097,0.037600977301273604,-0.3312972089172343,0.30922039135795515,0.002135214642149715,0.25706248466262355,0.1342477853229999,-0.15011744349014067,0.93564938426167,-0.09720228443823417,0.2839473242655456,-0.7481351030751094,-0.25276376092327424,0.023865557227302766,-0.8377572980170227,-0.46387100507821616,-0.4990728846158285,-0.8652927436857886,0.46740623007079746,0.09503409582057426
21.952,17.151661538622914,19.697571745697765,0.8139494062401254,-0.29685279909960505,0.005288545364371083,0.009463655675104422,-0.9548617104983961,-0.10503126046386463,-0.010875017169572496,0.023113036476995082,0.45862501431866753,-0.3522064282976611,0.06924006501979714,-0.4570095333787487,0.03028138781949698,-0.04194708664540884,0.7410477089924459,-0.3603220346885521,0.03896311256798022,-0.3322299693950551,0.3399796873405926,-0.0393205781581055,0.39467850289473977,0.16622341030207277,-0.13354047041553993,0.8693484297882075,-0.2506956957956746,0.3056781262272825,-0.6409388142915653,-0.2956669506688278,0.09357451620746288,0.15504608059384645,-0.46184014577444293,-0.8821587126995973,-2.340975976950018,1.8759915178727171,0.009833793254122382
22.002,17.13499937983427,19.71498744871534,0.8094799307100643,-0.2978590510340459,0.004194607802755162,-0.004603479439092332,-0.9545895447570821,-0.07750462047083405,-0.03160472860963668,0.04321749742982534,0.46394973787608407,-0.3727377880003237,0.06624074214244254,-0.4181873127676332,0.01465605606768966,-0.06885858550169503,0.5765126092562365,-0.2509401642481817,0.04217755104935333,-0.34056180991220575,0.34820484304030036,-0.14461245261375688,0.793931184608145,0.04722020810410687,0.0644743256307101,0.16092594841642668,-0.7201556699125761,0.38408979394564124,1.0728294950479416,-0.47602417805042885,-0.18131295373925094,1.2857985155083769,-0.23881054135822005,0.03593178356144675,-3.8499291629446666,2.093431630777608,0.10499044017954717
22.052,17.118980956356502,19.731698658775418,0.8049221107855442,-0.29639042780784075,-0.0008073245427167944,-0.020653709283028423,-0.9548431739420989,-0.10643693010736217,-0.06202878105994421,0.048963463251057736,0.5898927012477233,-0.3784968192831588,0.048638618826353786,-0.3914734603816684,0.013265661697623424,-0.02772939137803741,0.5473078782521655,-0.1553344943989876,-0.0327383972028941,-0.29451329397017706,0.3060185522768404,0.012021589623421713,0.3855787997155591,0.045711242261421856,-0.028573845891034552,-1.152249300457585,-0.49835651800512837,-0.3950301188723104,3.370256272050567,-0.580767971566089,-0.20027168336220236,-0.018200522465705943,-0.142211268403168,0.3066800005636891,1.3374703823656624,-1.581973641749548,-1.0623345802212405
22.102,17.103985220756854,19.746171350786444,0.8072288918443119,-0.2951803739095226,-0.0030377847947141126,-0.026758686120383377,-0.9550619306826578,-0.16400135507913516,-0.07881666690949181,0.035965318453300275,0.723080257540945,-0.471252414358072,0.041269931124728085,-0.3717277288533811,0.006579037798276164,-0.020918583447529962,0.5806145678362532,-0.220745510550487,-0.06490731026687031,-0.31243354952453156,0.2815971496120235,0.06173589610284552,0.17583044557104874,-0.09159715583277475,0.057940110425539496,-0.9457063245965704,-0.11415061174358297,-0.0507904818401575,1.689170420712171,-1.902912201163777,-0.16223670746436497,0.7495540317718423,-0.09030978605274576,0.07872659313155385,0.13748287122635505,-0.9418695161018326,-0.40425302014006015
22.152,17.08771579905984,19.759714609483957,0.8102897414986523,-0.2937054284285707,-0.006789906031356524,-0.028810506486668667,-0.9554375820552886,-0.2067129304023797,-0.08023051069927892,0.032462106653663676,0.7749245920144642,-0.5242194384983637,0.032340905769112714,-0.3267541606336842,0.002787437558552047,-0.01907451003646354,0.5752447502752301,-0.2577335996191969,-0.07738519645326633,-0.3363726064538914,0.259743235081034,0.05608001523809944,0.07954851409630123,-0.11980250006308794,0.0645436568146101,-0.811909738854094,0.02979770557466839,-0.08544264269084331,0.5738659274676022,-0.37969253130090397,-0.21085757665368565,0.9636295635932178,-0.06351092239550697,0.008699162872754858,-0.23902306363024595,-0.6089316015789781,-0.13377441317682012
22.202,17.0703473270467,19.772093807987073,0.8126322296928641,-0.29229871244271877,-0.009526756159969193,-0.028809382002729745,-0.9558455540148829,-0.24719990321482796,-0.07613148672373708,0.02755739255111482,0.7912373622110653,-0.5258752079953883,0.01834412021608004,-0.2781428202917715,0.0007254798132151929,-0.019863558722606416,0.5602247598195743,-0.2852482367481882,-0.08024138442427023,-0.3578897680216947,0.23622673823717424,0.03860112864572913,-0.00899811019796048,-0.08528733202095337,0.05592292605208397,-0.8111540139443902,0.12032706511749536,-0.10699387972143258,0.16907589158202468,0.18025474194332597,-0.3103678444162084,0.9744211546054425,-0.019409217851029156,-0.029916552147416994,-0.34805686445238293,-0.5145180968287482,-0.004343222683618955
22.252,17.051944049450164,19.78331210516999,0.8143378226809551,-0.2905487498286722,-0.01058573197478881,-0.026868669525873284,-0.9564242995916945,-0.2894267496290604,-0.068278433771412,0.021758561222040892,0.7963747949501906,-0.5015892135283034,-0.004063510351086192,-0.22799859826818,0.0009660739504975066,-0.023552065096221167,0.5371021906728473,-0.30731974782025384,-0.07877394391927175,-0.3780426943082764,0.2132254113925224,0.030725806997627607,-0.10775860381679386,-0.03952646082975533,0.09076701723201487,-0.8525576599229997,0.18782027811809562,-0.09369745785245658,0.007636612101614941,0.6904836052794819,-0.49429915182515244,1.0332116137849106,0.02739232266857207,-0.10755127958340979,-0.5743770703846198,-0.3718327652592883,0.0585227457525954
22.302,17.032470771641893,19.793317718117603,0.8156276116641421,-0.2883677557928316,-0.00989992693049667,-0.02315581446807912,-0.9571885065764724,-0.32885940647990125,-0.05832245275778553,0.01980811815596719,0.7837762093037987,-0.46031428533901875,-0.025401961204575645,-0.1754276141269497,0.0035663545981605834,-0.02976258565368532,0.503331247692215,-0.3228433072568434,-0.07508564093360397,-0.3993071290770522,0.1872184053850851,0.01850346828268298,-0.1878613467555446,0.01317730662560451,0.09251097393666302,-0.7129923617080642,0.19264318070270084,-0.0020147481784409107,-0.5153783785861757,0.8629927271350261,-0.3404244942550951,1.046271827845056,0.07601392956348176,-0.1342588033108588,-0.7355190414555216,-0.2735269624809067,0.08181536078286682
22.352,17.011952745218675,19.80209471552874,0.816040760525331,-0.28626764224876106,-0.007463161337209462,-0.01763663575751983,-0.9579582910040229,-0.3509772510980946,-0.04707782953691058,0.0274138585710797,0.7179561664929168,-0.39332237609114074,-0.03800213176762085,-0.12261830020304675,0.009411840356785661,-0.03725178487478201,0.46316433713749255,-0.33437364554999705,-0.07015681088662398,-0.42049885825722233,0.16378491906492926,-0.007238027154430312,-0.28526935869725084,0.046556318602143876,0.07542832390705059,-0.14131605406194897,0.23982379955013516,0.3301257569565859,-2.152881616817184,1.7312349809911698,-0.13047114161258425,1.0292516804355623,0.15600707221375318,-0.14886496189460055,-0.7860417377058738,-0.2338866318346456,0.12606521340985308
22.402,16.99061163406521,19.809551989103035,0.813709345623956,-0.28538048146645273,-0.003544204419665804,-0.00919892540177694,-0.9583636048934985,-0.3407713090695316,-0.03938490261751528,0.043826064193358445,0.5682277974503068,-0.2867923921121985,-0.044705984593014315,-0.08157429650266237,0.020962283896734255,-0.045618480116945005,0.44382063631089025,-0.35338924528301807,-0.06112106253360423,-0.4274698057309917,0.1388255778320344,-0.09769970554084534,-0.5068050965006504,0.047015633853113525,-0.011311137610019941,0.47672911892795883,0.07218074315154971,0.12591498428194683,-3.4938660261918706,2.2962502290163567,-0.22707606080267334,0.5199594120366618,0.37015190609802123,-0.2317875546726131,0.23090257928896213,-0.5716246254555515,0.234662088944297
22.452,16.97063934029085,19.816628000322094,0.8086955084784023,-0.28760290636171265,0.0022713452701573584,0.006678405303706218,-0.9577237640079519,-0.32390588774141804,-0.028916471585384202,0.017886409746025844,0.5028426963298117,-0.16790758928334418,0.014907029951561492,-0.10621544662167304,0.05030588439687353,-0.05424957695670314,0.5546275156161717,-0.3673223581694827,-0.049306080594848985,-0.35157787671728336,0.12139713515263614,-0.027915280155795745,-0.48295858266243596,0.1771574260860585,-0.018745351467773307,-0.3933872088224225,0.25401888273329376,-0.31518549963957576,1.561777345790918,-1.3416212024432914,1.1593044266658679,-1.7376182113882652,0.454342153437903,0.3070119321434494,4.559317121725191,-0.02402020373020196,0.5600540073256999
22.502,16.953239785720545,19.823700666619082,0.8091549752094973,-0.28807211999883375,0.005929170646839972,0.013544817984844304,-0.9574945621362951,-0.3195392878984809,-0.021389746891430576,0.008186750657844896,0.5512302343186095,-0.23559301409911057,0.04752363717897358,-0.19044283403901135,0.06673208251875969,-0.01928598082772357,0.7614065137272881,-0.410353106144817,-0.027427456497268785,-0.3472545386467565,0.1724827937642262,0.029646059994229233,-0.2813645096474815,-0.05072494908171354,-0.05510457816654892,0.48006501673202856,0.2072216373276777,-0.144501024741159,0.496195701559858,-1.0911599831372922,0.419075315171029,-1.392121137275665,0.2706014868644308,0.6312090501279406,2.803174721264118,-1.224781869190945,0.3266062148175619
22.552,16.936038202988737,19.83372657316767,0.8110528804219703,-0.2890272811510285,0.005735077794374063,0.020761107818829554,-0.9570785318014772,-0.2858601598362876,-0.009816506009230157,-0.00031496686634915097,0.5619804135219142,-0.27967642850873997,0.06368578038234,-0.2523318840364249,0.07378154767498926,-0.002755990028055837,0.8398661201514535,-0.44359469881256347,-0.0118626193490086,-0.339922990746401,0.22298202959762392,0.04183476336856505,-0.24692181674631616,-0.09938665837721829,-0.04088398027050529,0.7920522019988804,0.23536574994338438,-0.1691833764877855,0.009977131821762865,-0.7306436565266686,0.2390012312945353,-1.2031575112355892,0.09879793804247555,0.24336912317962417,0.7007062245309381,-0.12833212742673908,0.34851618554020924
22.602,16.919216086031085,19.845825567999132,0.8129637542835576,-0.28994521315131716,0.004958938053330398,0.02553131249931742,-0.9566897795973799,-0.24296160587484605,0.00010192511321555612,-0.006553674449906183,0.5544421842415865,-0.31048017698361446,0.06876156049845118,-0.3160774447068798,0.07717729897350675,0.008677548402208479,0.8529349875142733,-0.44272395290466127,0.007344727988044896,-0.3343099961847311,0.2576816861155373,0.03216311139660549,-0.09082727433586696,-0.064512127010266,-0.045255038938341485,0.9042216218374026,0.14650309879523943,-0.06694689882061508,-0.2793242616306537,-0.5338872892286071,0.005811315663322402,-1.3477956183029216,0.020382992236116858,0.19465511048793652,0.018759510559216024,0.0831031692026582,0.3730794557182943
22.652,16.90261258339907,19.859337976403793,0.8142350375168302,-0.29178296920745583,0.004425359615758749,0.025226300900260755,-0.9561415945432153,-0.1964043788178381,0.004331473351082095,-0.0037437334134012555,0.532172556610082,-0.3307589250136886,0.06505817065671937,-0.38466811947887036,0.07352750998157163,0.013148494199207394,0.846319683907232,-0.43637153705220566,0.027023749240696754,-0.3315056943782144,0.2811449732541757,0.019378262781018528,0.1178509513071152,0.03087188559399592,-0.10859507970810668,0.9566952833874053,0.01392931700267255,0.16610587230255905,-0.591711246823862,-0.32145579399987295,-0.05254124592629582,-1.3029613539222111,-0.20444232926929573,-0.09626055061517529,-0.33839237907760816,0.15981966694351737,0.3192832988863139
22.702,16.88605650187048,19.87406179919197,0.8147623882511003,-0.2948993563880228,0.0047978304282722435,0.019703653621887043,-0.9553130986535571,-0.14827789055684168,0.0011410689629063652,0.008157758598479297,0.4968800638174756,-0.34427664318788787,0.06488395190083444,-0.43823864405824076,0.05660778620115531,-0.004486869416231133,0.8146938049974957,-0.41964340523245147,0.03613014463089856,-0.3298035453249342,0.3077667335850283,-0.0005571937052007325,0.2790766236522174,0.1312783368403295,-0.1392829744787528,0.9435095201733078,-0.1287830729069605,0.2876370812028492,-0.7668211147912642,-0.2372259069789925,0.026124992353999676,-0.8288790302142451,-0.4012254128381003,-0.5125653234539287,-0.8450548178104824,0.47610726926498936,0.08734269194985907
22.752,16.869494499314925,19.890252692262116,0.8139225151629331,-0.29831484180976137,0.005819060445001355,0.010226946727199407,-0.9543949933084281,-0.10147500563829404,-0.009080597506637771,0.023774632996190113,0.45792958500690156,-0.355489131301706,0.06907264213408609,-0.45555207624995303,0.03376613353158297,-0.04237268897506533,0.7374434377915953,-0.35819959857735856,0.03749088158662165,-0.3316981016469406,0.33876415576405866,-0.04165016586222561,0.412579104292622,0.15956845175167347,-0.12116541897844631,0.8824131075275167,-0.2781392473905449,0.3066051137431982,-0.6592644383657279,-0.2816890219315573,0.0970521461497694,0.1675920385079749,-0.43199501725757034,-0.8850455864187609,-2.3436381335130982,1.8990738357335395,0.017625149409204746
22.802,16.852835775403083,19.90758237027116,0.8093614865203329,-0.2990072373779071,0.004385420874062584,-0.004291277064549386,-0.9542311171935999,-0.07398391160361699,-0.03143288605123133,0.04385783994867831,0.4636990568092642,-0.3751348287681623,0.06694270102522942,-0.4160821782084966,0.01863668445193672,-0.06876860096719994,0.5720157765126953,-0.24798763245766994,0.0421141251581288,-0.3410796453751048,0.34589273803067044,-0.14597106908618537,0.8204176570200128,0.040173491707421606,0.07982838242209807,0.14430740399243877,-0.7576538328780772,0.38096447129206806,1.1127018062023182,-0.439815337369805,-0.19785336443658513,1.2969298935624605,-0.24757121210999034,0.06395472522036344,-3.868956285709493,2.095826396541147,0.14403542447152232
22.852,16.836916214667774,19.924156061145712,0.8050638612036672,-0.29770040682607457,-0.0005716362704259716,-0.02034993792409885,-0.9544422565216033,-0.10416813274628697,-0.06194089960745229,0.049542879637711194,0.5911194699370392,-0.3791019288627798,0.048734722823079654,-0.39093239531052604,0.016316906701775855,-0.02892668972023777,0.5459560390153436,-0.15937896100943952,-0.03213394164713075,-0.2921407340547215,0.3035910107115353,0.017251128140650395,0.38111353879455795,0.05156028761722859,-0.0228538275310765,-1.1918938533478014,-0.5177627441507114,-0.45684306807347774,3.4201000321483157,-0.6763714361182306,-0.21422672446281177,0.00889409394468821,-0.1499640581578593,0.28190649060544304,1.2460930150644904,-1.4416474545828288,-1.122863940663052
22.902,16.821999416925593,19.93853515560468,0.8074542341494818,-0.2961599943168204,-0.002852761329662533,-0.02662748707663523,-0.9547628482775403,-0.16276518351479277,-0.07908673713217731,0.03601482367393125,0.7241577608003954,-0.47317797480618684,0.04138535441246106,-0.3705014649931639,0.008715882534271984,-0.022702273657914114,0.5770626462717053,-0.21986008861598585,-0.06622436283981685,-0.31091967482691796,0.2804337317797052,0.06165693244284313,0.184943616487424,-0.09215698096908734,0.07269749992473394,-0.9558976256073665,-0.11034302153524209,-0.043396862370656375,1.6607834433609572,-1.8726435516278757,-0.1497229409658252,0.7499538345210792,-0.10944498289546117,0.07093462961209301,0.13095114809947844,-0.900837481582805,-0.41836896876332186
22.952,16.805783939972503,19.952057884165864,0.810493855953852,-0.2943605717947557,-0.0067687120618435586,-0.028839434257054587,-0.9552352199021044,-0.20531544741374363,-0.08011429332602793,0.033500421978914334,0.7741668383627459,-0.5246252425422288,0.03325682484127754,-0.325466554434831,0.0041082262871560875,-0.021200494880588335,0.5719251540118616,-0.2560381351778872,-0.07897259817630016,-0.3354316913599269,0.2596557699807066,0.055531622574603055,0.08665908095580319,-0.12384418047629368,0.07817390652890951,-0.8062082817075079,0.03323849818733808,-0.06690331483506724,0.5454049623279689,-0.35510720632896153,-0.19609620395738891,0.9634947299540091,-0.07816246333722848,0.0017514167748840497,-0.2282855826677688,-0.6084394746317573,-0.12905542058631525
23.002,16.788457368409574,19.96445063305161,0.8128184059413992,-0.29261414458335583,-0.009645473800123957,-0.02892964245569668,-0.955744214218589,-0.2455056263469271,-0.07618236499523726,0.029117367883534542,0.7896807290342918,-0.525727653370893,0.019813607900823864,-0.2767933136552351,0.0014448675097168205,-0.022443125328875522,0.5573787247577081,-0.28378575918354987,-0.08156460412623144,-0.3571239665220102,0.23685780497246967,0.0384134576077514,-0.0055093044688687125,-0.08871970098255721,0.07154799057312801,-0.8051377635530375,0.11228633530356823,-0.10192062845553758,0.16140145021428237,0.18746323917267974,-0.3032734860310151,0.9774695750751546,-0.029192392998958226,-0.041672063050183894,-0.3415370946028973,-0.5202101377666998,-0.0022785203049416566
23.052,16.770090816628898,19.97571674535626,0.8145126150505066,-0.2905099791619922,-0.01078974095978165,-0.027029534489169307,-0.9564292643800786,-0.28744593610707697,-0.0688340307797425,0.023447613641263958,0.794621729228859,-0.5012855267534868,-0.002394980693476986,-0.22650240762404875,0.0013366421109466614,-0.026708780459447964,0.5344899134021892,-0.3061335182236021,-0.08004997991101462,-0.3773719732386448,0.21444289653989124,0.030454180427558018,-0.10524517167195395,-0.04106465363913876,0.10578206707135634,-0.847760100352178,0.17612704677413002,-0.09306787939777128,0.007678180087490633,0.6903459004374818,-0.49293960161746275,1.0360669249736443,0.021567855846603666,-0.11946751915316596,-0.570538872167105,-0.37793724771520704,0.059425375300885895
23.102,16.750648803368783,19.985795115713575,0.8157909439747423,-0.2879857487578845,-0.010149822312183513,-0.023374644136252173,-0.9572955738072197,-0.32678837520608306,-0.05941239905095389,0.021533849185035717,0.7823649939828363,-0.460118741725573,-0.02367994259125417,-0.17379637155031394,0.003709386492064698,-0.03347432700708678,0.5008388442227464,-0.32193908625971285,-0.07631094801065766,-0.39873028179987724,0.18884929655793364,0.018383290894764502,-0.18452768128364447,0.013355473255231317,0.10586473592308022,-0.7143838628787784,0.18292438472121936,-0.0020343738319982645,-0.5025634915815013,0.8600347557726006,-0.33909054809272104,1.048987715873389,0.07234584403261828,-0.14414120406173137,-0.7350495233742438,-0.2779208411791005,0.08295838561191332
23.152,16.73015829844116,19.99466034466754,0.8162123619517936,-0.28559493632969324,-0.007730053911148152,-0.01795113009985915,-0.9581511026646609,-0.3492563626706408,-0.04862503083413319,0.028867479118378732,0.7177481791278248,-0.39350842307467065,-0.03613558749798825,-0.12079249184918557,0.009413538350513534,-0.04138734206782898,0.46047211808358673,-0.33354348685570245,-0.07134722976938694,-0.42003020818320635,0.16571406930508212,-0.006663083306803379,-0.2808773552143619,0.04746555372291589,0.08569287750221725,-0.15199221727334203,0.2330067866257455,0.32183870978677076,-2.1205776002844305,1.718448425326943,-0.12686763142689544,1.0359153232434977,0.15430191105594598,-0.15452591641281793,-0.7962515462604768,-0.23192642770559577,0.12732231010902226
23.202,16.70884047082952,20.00220806480298,0.8139509773401948,-0.2844954559750848,-0.0038063719746756716,-0.009675842604126156,-0.9586210018207499,-0.3400378934093936,-0.041122777156339246,0.045151000089909105,0.5701995016923569,-0.2881745324662659,-0.04245439998210862,-0.07918497932478977,0.020837727214276666,-0.049725118700095376,0.43990924079251886,-0.35226084814888226,-0.06233200685393191,-0.42720774986536647,0.14021450627772153,-0.09534469674257233,-0.49608622588785234,0.051206914974345034,-0.003654368609643877,0.450344429458445,0.06736532917926465,0.13543000588438758,-3.449494195553414,2.266158871544352,-0.21408617168662306,0.5391775715763449,0.3640215861956689,-0.21905415639284276,0.18588622122154608,-0.5648837230164013,0.23032405057810232
23.252,16.688828508410833,20.009361705822045,0.8087209865418425,-0.2868900727962554,0.0019865348078254236,0.006458184516696933,-0.9579396805974599,-0.32321851877956936,-0.030747946643104384,0.018318221115521435,0.4982466469218598,-0.16256257675176855,0.010024690886873558,-0.10279657647342019,0.05103949860026065,-0.057223615641766444,0.5491547329464523,-0.3677006007643844,-0.05079763689020303,-0.35308031104294574,0.12216930472329868,-0.03405950838917736,-0.5005640656742706,0.16895055982031923,-0.024562955038647364,-0.43812932648751757,0.26088805875052434,-0.3324629226893981,1.6558507253082624,-1.3017811462109998,1.262628383030202,-1.7169505954076956,0.4520566061053636,0.2568615060589984,4.501358064275136,-0.018937631285344633,0.5347960133826825
23.302,16.671398866909126,20.016389037995715,0.8090393213671607,-0.28723335332896427,0.005716153965969399,0.013389793106709968,-0.9577499881283185,-0.3207441469006843,-0.0235792327210538,0.008226453265706068,0.5501862400777199,-0.23256418570714632,0.047192288753799765,-0.18784116441704726,0.06744259254720976,-0.021554607284660795,0.7575695199669391,-0.40850436829918346,-0.027848741234719147,-0.348157109647887,0.17109075379177688,0.027943042018203815,-0.27859342102055046,-0.050145622222306334,-0.05388870626609978,0.4608955871641057,0.19892691732849163,-0.14272463351656045,0.5374408402723514,-1.131458071502945,0.4713176257819839,-1.4185526914783082,0.27216076927380983,0.6745618096194108,2.889397192398065,-1.2316164507698666,0.3363357487385924
23.352,16.654173928558773,20.026349438210968,0.8108874583823333,-0.28817261150196444,0.0055964226402424305,0.02061343772235475,-0.9573402280375747,-0.28791845830696805,-0.012071225966207744,-0.00029462737276602865,0.5623721056821047,-0.2777364623460268,0.06446340126366903,-0.25093471530887995,0.07434483192267402,-0.0040544115240013015,0.8396164758696225,-0.4434006312419279,-0.012237282248174445,-0.34063128860526504,0.2218410135877151,0.04178297551757694,-0.24977868949628312,-0.09855630458600707,-0.04024551405967412,0.7836676695815961,0.23638720230577434,-0.1715400535012468,0.026085468147188075,-0.740687470658016,0.24641876834626714,-1.2167580854379538,0.09135257814643964,0.25148209820001677,0.7509599742091543,-0.15174997826537112,0.34771529934309764
23.402,16.637314035236155,20.03839947443043,0.8128313862062699,-0.2890555486927585,0.004839965684368694,0.02551060806547863,-0.9569601211013083,-0.24524357646708397,-0.0019877600771849523,-0.006782101813014427,0.5553961774913313,-0.3088637547302055,0.06978984631854716,-0.31496328380521976,0.07751056909061332,0.0077999772098638264,0.8539477075531698,-0.4430737352138124,0.007054853067162714,-0.335111176556966,0.25680233200081704,0.033342247093911176,-0.09765041593607343,-0.06650173466010244,-0.04341084555490543,0.9033365548591552,0.1517112231498641,-0.07367792765082601,-0.27224051927154497,-0.5383500889294518,0.007071691203669786,-1.348507403164018,0.019083257525060283,0.20503213654558683,0.026327070411750787,0.08121482702263337,0.37574941616647234
23.452,16.62066845718601,20.051862793429706,0.8141731054657214,-0.29082599683934696,0.004292828220682493,0.025392463635400455,-0.956429314679758,-0.19865433292228876,0.0024636130444225792,-0.004410600943614486,0.5333930459781381,-0.3294297226503947,0.0663760396392758,-0.38360517208747213,0.0738597515829997,0.012829226690286515,0.8473942565805654,-0.4365787079035305,0.026982113045807388,-0.33235542496594467,0.28003760370366193,0.02097960635276491,0.11100861329499227,0.027724411532046647,-0.1051078723336521,0.9581215426957628,0.017171578463607097,0.1558145610194893,-0.5876218881014375,-0.32901603523780226,-0.03953773485912901,-1.3055722988918441,-0.20241116071152115,-0.08291269809077709,-0.33961509761350306,0.16235515268193526,0.32604007472205804
23.502,16.604075779204432,20.06651998597859,0.8147781947632093,-0.29384230430928215,0.00466483154630233,0.02005472890358551,-0.9556321192767949,-0.15048910250614478,-0.00047581881114674095,0.0069762906801130115,0.4981857493985672,-0.3430393054368273,0.06600526262224903,-0.43745328538442135,0.05712855954966389,-0.004210252914760954,0.8156720463460883,-0.4200560378981212,0.03632333336793469,-0.3303134451992402,0.3060942333803041,0.000902545083114527,0.27208614643977935,0.13049846008416716,-0.13398209911813222,0.9413708148385656,-0.12354982317386959,0.27647954919788004,-0.7654663825315586,-0.23713587787049012,0.012452928476881306,-0.8377832950457191,-0.3971589062899053,-0.5040424029308458,-0.8486239550371856,0.46723816456122214,0.09011046821670393
23.552,16.58754078724378,20.08259753800981,0.8140204220240806,-0.2970332592371744,0.005878371541213912,0.010740010341383168,-0.9547886362084705,-0.10445420687308078,-0.010422776826864922,0.0217838244584018,0.45966098322540105,-0.35407134395123935,0.0695841608466398,-0.45564259122718204,0.03470602397314991,-0.04167825441166302,0.7379384656593329,-0.35870578362444805,0.03767607524999819,-0.3300648737023402,0.33601101808316375,-0.03966005773037251,0.4025362939825929,0.16934041897747018,-0.10783418138278342,0.8553880404461308,-0.27094193453011595,0.2872276365409923,-0.6441891503779137,-0.2755981148482966,0.08504408522733099,0.14086125864252566,-0.4189491812089965,-0.8786846905897893,-2.354628274482468,1.922786326590313,0.01022002187019165
23.602,16.571018281697427,20.099770663033667,0.809614960376695,-0.29735958808681334,0.004876141375859198,-0.003598495055116055,-0.9547463272783306,-0.07882955291810786,-0.03229596166110491,0.04079844304987564,0.4664810906215717,-0.3730636974216731,0.06682169647349266,-0.417938726657528,0.02033265838063882,-0.06837388921556799,0.5719635760535068,-0.24383749401968813,0.04124062525419785,-0.3374699756717495,0.3426481361813406,-0.14141897128916944,0.8063840562815742,0.05577231834504748,0.09560076660470025,0.10066321836861991,-0.7447816596256447,0.3642746285038465,1.138611526187828,-0.42129061561498293,-0.2007983347898564,1.2559726475061421,-0.22926092893094122,0.04447536840804534,-3.8798496845929034,2.243862251164559,0.12038981796544566
23.652,16.55527750407507,20.116153468509697,0.804878504650786,-0.2954047604728738,0.00020695425942770525,-0.02024900587162981,-0.9551575589509351,-0.11158084737846125,-0.06400624577463696,0.04665922110835229,0.5959433901520731,-0.37841540298170245,0.04761703715569891,-0.393835765852792,0.017984878315448594,-0.027107295451865965,0.5388834661382866,-0.14651904887601036,-0.027414291206132275,-0.28404502003268745,0.2994817441861227,0.009748061250362476,0.38870770662093357,0.07853203076779212,-0.007551098027055711,-1.241105853735519,-0.48736106037968024,-0.3772684467011746,3.3991171233851616,-0.59856844076729,-0.3347090734054037,-0.1298819561224911,-0.15106066278265393,0.27591604449418566,1.4383376481150394,-1.5557412510986215,-1.2457413113412275
23.702,16.540916396115342,20.13025605674895,0.8071100537436542,-0.2935257476285537,-0.0014092388609234783,-0.02675826469462212,-0.9555755568218892,-0.17223654816814238,-0.07865854463642287,0.03630636071209478,0.7268339228814248,-0.46963382100707524,0.03708213261887243,-0.3785683433376623,0.010404467661869046,-0.021673822642101874,0.5756252216228545,-0.21132919872599146,-0.06570615314333099,-0.2970418478077892,0.2724255430058498,0.06006911578601536,0.18744052170549375,-0.06314245801072625,0.08549334078514643,-0.9983545159333388,-0.07263036149985169,-0.02259421689892117,1.6299385657363674,-1.841450891000831,-0.1803339598490724,0.6633903237023724,-0.11401972690786313,0.05632043223850507,0.19137449368002482,-0.9289550995225763,-0.46203213768879986
23.752,16.525610314874914,20.143224820600754,0.8100574227726255,-0.2914308777287226,-0.004529959971282973,-0.029305283627357875,-0.9561321683326237,-0.2171753865424893,-0.07815396995913065,0.033651273025081765,0.7759021376304914,-0.5198734527597648,0.02705465425661284,-0.3384592113886077,0.005434839571394193,-0.020936438634033626,0.5731199077197341,-0.24753274455828755,-0.07920084314037933,-0.313084437383244,0.245852685627068,0.053066320072444426,0.08994026560267189,-0.08614885640284592,0.08950265615523867,-0.8488286981720546,0.06202314130847589,-0.07928233772397493,0.5156521648264035,-0.3290699896969294,-0.24212617627643548,0.8503822607086172,-0.08792910579332425,-0.016512533281728282,-0.17196245561491744,-0.5899586721614555,-0.13055862831208054
23.802,16.509648671779523,20.154770957258034,0.8122225799102498,-0.28938677061053514,-0.006528081518296223,-0.029765830779001145,-0.9567270647709994,-0.25851975530900173,-0.07323520425295706,0.027936344597976653,0.7885558402902186,-0.5197058294299692,0.010849846941303816,-0.2963006115555093,0.0022479275391591095,-0.0231841723729729,0.5621346960224263,-0.2740537538336134,-0.08182185355186448,-0.32472547365131965,0.21691391164294546,0.03471621304327663,-0.003456227392696073,-0.050361816856347795,0.08416548155647745,-0.8099870886920421,0.12610215270608313,-0.13415168877543462,0.08691259084268188,0.21762271825695811,-0.3615492793794931,0.8308473579009906,-0.03884861528733156,-0.06536259736942501,-0.25536180940766345,-0.49428583413672167,-0.005230405092541057
23.852,16.493243342912614,20.164831828734187,0.8137202211178306,-0.28696493398503653,-0.006711376215153444,-0.02818763697228052,-0.9575027630321395,-0.299776769865302,-0.0658893100431617,0.020108026936478042,0.7893164273130858,-0.49336805901384523,-0.0156512378404004,-0.2546981156880494,0.0017474343882852264,-0.028764805564213358,0.544760443140469,-0.29507760918415943,-0.0814076506780232,-0.3317062588185122,0.18643622585778177,0.02689530015731374,-0.1058769305632006,0.00029955389751960305,0.11594677540403331,-0.8116335444407993,0.16522571960696772,-0.1415209308626888,-0.08498532380257064,0.7253786081063726,-0.5947285172975049,0.8411909997546113,0.015933965501567633,-0.14708543808844604,-0.4408977071183122,-0.35128236662814766,0.017535570656717025
23.902,16.47641765658766,20.17330592096457,0.8149185863219488,-0.2842163499149679,-0.0051980750948608465,-0.02476561004076355,-0.958426163570064,-0.33580412758267847,-0.057035107758971595,0.016611910634705976,0.7721003435751113,-0.4520475534162642,-0.041523680797855324,-0.2123208066480345,0.003957590476514139,-0.03679884090150831,0.5181605264428495,-0.3096057235455383,-0.07984848105715954,-0.34040318630392885,0.15326828350358068,0.019270008644546165,-0.1885144231879436,0.046793529083629,0.11086297385208223,-0.629424235077735,0.1800431057617574,-0.00776875763450507,-0.5856484188474644,0.8396138032485718,-0.4137551067830337,0.8354726051725021,0.07288078428353038,-0.16760408500638627,-0.5926930344550071,-0.24694744869277682,0.04512436762803165
23.952,16.459106449401002,20.18022441890997,0.8155697345775899,-0.28177465966190746,-0.002041503600433494,-0.01941782485618412,-0.9592819301505273,-0.35411322628774194,-0.046405323464174884,0.022963469683389467,0.7057796539629404,-0.38767142087450585,-0.05628824073732962,-0.17012895711413736,0.009864443161613907,-0.04557624799640455,0.48462978530861966,-0.31935423723876705,-0.07597530039049787,-0.35189793795391267,0.12398945469035372,0.0020377871075364946,-0.28919842051596356,0.07603995025318841,0.08313847364191213,-0.08875803261999955,0.2335411190056567,0.27990689113732914,-2.0886491843643924,1.6658766105358498,-0.15591667106575757,0.8204345241871454,0.16165916688014284,-0.17058009845239164,-0.6746686855724895,-0.18191250363502903,0.11652460626178018
24.002,16.441315760593206,20.18558533639695,0.8139956228745695,-0.2806459579363796,0.0024143711572696845,-0.011219660603836586,-0.9597427448654263,-0.3432372450713545,-0.03835971406673915,0.03656881412564873,0.5629841749497688,-0.28037466498770897,-0.06574671700172745,-0.13666744337081133,0.02172657559059514,-0.05333946273871981,0.4649169373084188,-0.3346862365433584,-0.06722391249931892,-0.3555108626870744,0.09372141890478267,-0.08016443331181848,-0.47880494582683136,0.07143682197339436,-0.0010233303197876532,0.4390324916116757,0.07427509956334265,0.09431654939784433,-3.28765628399151,2.4223505101672353,-0.30481121664239175,0.45908521788494827,0.3651103904409302,-0.13893826293668085,0.03679304577886468,-0.5182291990103861,0.22845697438441412
24.052,16.424933489383157,20.190250796349687,0.8098064109885683,-0.28204142452839254,0.00824003475904376,0.002821983847902149,-0.9593626911050523,-0.3268056147595231,-0.029065070233810816,0.01739336839460319,0.4936274827786987,-0.16961648089157463,0.00922462995994969,-0.15461925079011535,0.048147010695768815,-0.05806606858814026,0.5461137732897887,-0.34968660172586474,-0.05352406648796442,-0.2740625121117108,0.07714692922957445,-0.0178749195090313,-0.45318904606602245,0.20060215955853603,0.010938779195653779,-0.3645803933218018,0.23295333107253416,-0.2789024857730023,1.1683949619408405,-1.1609030348493656,1.4356068892186722,-1.521556053066522,0.5210657061087443,0.6016905465433734,3.7302470320695624,-0.07030137722755796,0.6186830519189193
24.102,16.41189039694187,20.19509872007444,0.8104592370490656,-0.2823198792075481,0.012468308160822348,0.009626172091762884,-0.9591909944879086,-0.32747447158411774,-0.019699092105661134,0.008466886455665675,0.5326729972777453,-0.22297201523898347,0.04239581206697157,-0.23305372413501188,0.07044028102861258,-0.011349762571194045,0.7380529117340631,-0.3894756621781391,-0.03213845246571558,-0.2573712806099972,0.12782673919507428,0.03603284834744961,-0.2861204044569448,-0.04655527142911541,-0.041212910929566304,0.3752367591268613,0.23832336204429444,-0.15537745801588845,0.34912576722458516,-0.8154703444012384,0.3758357358099515,-1.2301695579496899,0.3110783151913036,0.6536545785697129,2.7120147393858063,-1.4405231606432127,0.40840563047654244
24.152,16.39940511096441,20.202715052159288,0.8126422759463794,-0.28298498632429786,0.012423092516492602,0.01670994139095048,-0.9588982960387801,-0.30086668521508747,-0.0066599797446987566,0.00014239237148821234,0.5383467314728326,-0.2544164536398443,0.05554127649745818,-0.28519078607619697,0.07771545880057366,0.006320414873115908,0.8139270592013655,-0.4323207126397519,-0.01148284845788669,-0.24073089537031545,0.17104593518460257,0.045528043193361664,-0.24215014386938188,-0.08396016088919508,-0.022192671717790005,0.6028097193549435,0.26274486162097344,-0.16434696937163412,-0.03411376036794443,-0.4977324711502495,0.1719036550437886,-0.9616305354340586,0.0504885513624322,0.2141349979419002,0.6337805635579479,-0.29534737014025636,0.3992605404669382
24.202,16.38792652498383,20.211934740570218,0.8146023499870726,-0.28339516332827824,0.012251243581491024,0.021189470380566136,-0.9586908233512187,-0.27068062686533123,0.004484696672028899,-0.005826472287546995,0.532367172341577,-0.27507347037733715,0.05973011279334317,-0.3348904455077541,0.077656985000691,0.015790828468452558,0.8235299789140078,-0.4366416428800182,0.007605925664962447,-0.2190615366883343,0.19450860069782228,0.03106375143766668,-0.08945366108625043,-0.02590375633980035,-0.02446795729831832,0.5881453194789993,0.1717613295454249,-0.062025313876161024,-0.18007783755711715,-0.35029019808282347,0.020326890986571373,-1.0335289806929366,-0.05104674843461154,0.15403089071127174,-0.049684241990302816,-0.005265306592260741,0.339463025798411
24.252,16.37753757558044,20.22198909727803,0.8157388088045949,-0.28426274055803014,0.012607538678990143,0.020617666302728398,-0.9584417854701069,-0.2426420554258371,0.009126814159988648,-0.004249305638859766,0.5192170481888974,-0.2884184393502976,0.06017035849887215,-0.38472085314817595,0.06896980418075394,0.01562573376840356,0.8113380758137385,-0.4363300246705101,0.023066233838832845,-0.19840943451092366,0.20744417365307768,0.015997525438316253,0.11636407145728647,0.0623057817511351,-0.044460197583386686,0.5434206192793977,0.016754963249974116,0.11406561280206931,-0.34503725070678265,-0.20048635206435353,0.014196651489297333,-0.8990701533195934,-0.3001038539897799,-0.1906658299028911,-0.4456283560494712,0.03439373293463563,0.21708237614444434
24.302,16.36807052924937,20.232874149419583,0.8162199963577355,-0.28561648505218473,0.013468754054081983,0.014928244519280322,-0.958133061555773,-0.21599694894164675,0.006247256706360588,0.004594771917974323,0.4983061759237284,-0.29628001739745946,0.0625850293894184,-0.4193868556944711,0.05027278188010459,-0.002204478909539337,0.7783682324827567,-0.42545538044430686,0.030105440390658756,-0.18079114760651183,0.228572589967654,0.0021090549927654974,0.28867730559811616,0.1316578165288059,-0.05827423773750227,0.5151926118848308,-0.12216929603213755,0.22232637285439602,-0.4629461738108388,-0.1335918754677011,0.07099114956176986,-0.48932411962645084,-0.383160826396322,-0.42934822072892764,-0.8058314063582737,0.3649228656462705,0.09245667573152504
24.352,16.35927239177165,20.24499394276571,0.8156895242070873,-0.2869001656066789,0.014082147509881479,0.005019493054779364,-0.9578438248408992,-0.19035707062230978,-0.003847900381173149,0.01689250162623956,0.475085911593218,-0.3030761899951451,0.066069834223064,-0.42234444021556894,0.029628725755101032,-0.03200864926587514,0.703327089757454,-0.36964860480383943,0.03588060216433735,-0.17313813674782016,0.2554287792222397,-0.030726739108712042,0.45587131860049374,0.12506913644905623,-0.020084912796070362,0.48409286616375063,-0.2939506968086268,0.24015753555937633,-0.3639791750427376,-0.19767104548869072,0.05518793507504089,0.42872830052013,-0.4068447563790904,-0.6795500432019952,-2.3726812050053816,1.868168244560515,0.19459807316149413
24.402,16.350109736513428,20.258498818655507,0.8114290704183662,-0.2814591681984194,0.00994796657200909,-0.009632556296335882,-0.9594732869951798,-0.16997509739030825,-0.03263783567118425,0.01666890784448095,0.4777264440347708,-0.32579522276665773,0.06649328155857899,-0.36089232293469353,0.009185734146948621,-0.0501303220918999,0.5399536312007657,-0.28429696883344674,0.04986811258233145,-0.18409888242587802,0.2654123168844858,-0.1365710521366321,0.7656554289128901,-0.03370296567262959,0.37989480959845684,0.2586877665807495,-0.8167809497726519,-0.08503851757214036,0.42401423306230396,-0.6635391311008335,-0.025454989613325978,1.0418298754959288,-0.2989175976811567,0.5122645808639987,-2.140919088707282,3.715439279147837,-1.2614688244595433
24.452,16.341060080745383,20.271410158684574,0.8088864508234259,-0.271719425576666,0.004488296469601888,-0.020378473988091367,-0.9621502620469451,-0.16895478283053092,-0.051699358205579894,0.029644744510984818,0.5301194014792513,-0.3545326251716965,0.07518415490122389,-0.341088674593506,-0.0033738070565929278,-0.042511498510318685,0.5452963812576936,-0.21895030807226684,-0.02303739594849341,-0.1796632048599808,0.23756271129264211,0.028132326015563158,0.23858334898968614,-0.054422013580595965,0.4730068227155127,-0.543785815327035,-0.15388574150065382,0.341530878870413,2.317050350922532,-1.5781856420770282,0.19940022042788907,0.3000122464277614,-0.2781340653391169,-0.2663333634059772,0.6860527667497497,-1.2236846766340783,-0.9567537299068561
24.502,16.33102405154184,20.28233736489886,0.81143174004988,-0.2594976557960017,0.0011854892750633734,-0.02396686068869471,-0.965445571143339,-0.20559539548164688,-0.06193160658965943,0.03531836990281388,0.6535770058116047,-0.4493827338684624,0.07112084497782521,-0.3103920333062425,-0.016801382310507255,-0.05886460740576318,0.5514939686114582,-0.2619713814242122,-0.05366548499547726,-0.2238447731432594,0.2077971385418495,0.05886076947251294,0.116968155256038,-0.12132980453125759,0.5059953059378746,-0.6794259407468044,-0.18433985374221934,-0.03055088007434017,2.037345855476781,-1.5836164793769263,-0.24453210061386116,0.8488821365952408,-0.24212221069508794,-0.3555768406726923,-0.2308992855155792,-0.5836785278694576,-0.3742737641470148
24.552,16.31882457803353,20.292208394611343,0.8140894767257023,-0.2469746480786257,-0.0024658242181445538,-0.02506618477698535,-0.968694549018467,-0.2375534431311055,-0.06712272059627035,0.032978798311977094,0.7293044800137077,-0.4993533977030913,0.05053936885768976,-0.2641513244593761,-0.0283130136446144,-0.079230492086518,0.533431257787443,-0.28509758493527476,-0.06471429615645881,-0.2620167730666803,0.18812562955919998,0.04619900223944741,0.04133657622649711,-0.10519489737895117,0.5321547219380014,-0.5921161532824591,-0.01920883266975982,-0.025852404604402766,1.014200272789695,-0.4257128436652395,-0.48429094119752436,0.9630670861683428,-0.21573419658543413,-0.4489419263163646,-0.43504364420464653,-0.39594980635504146,-0.08918771730764026
24.602,16.304795282165617,20.301029893510048,0.8159618162069195,-0.2340868569706055,-0.004748588546007415,-0.024759270899704817,-0.9718887656542595,-0.26645803679631364,-0.06522334114524511,0.032528273771156274,0.7615283914161952,-0.5028894529288365,0.02621737002549846,-0.21598369302640857,-0.037907785544813014,-0.1026931141748453,0.5100935927599807,-0.30391063941261165,-0.06474062822546414,-0.2973913040287969,0.16472466925764503,0.029484523873074188,-0.018622577387690572,-0.049523696666253676,0.5278479761165991,-0.5852114619407518,0.07331226953729987,0.0020462220205614786,0.3889856260676046,0.1257172705115894,-0.4485729013347642,0.9543273286769998,-0.16723343475906907,-0.4753592250235809,-0.48940129156738543,-0.3653603733814455,0.0668448453136855
24.652,16.289088671310115,20.30868333952341,0.8172182011576753,-0.22069682905540514,-0.005195272465159679,-0.022933486057623423,-0.9750589592461312,-0.29860863080970335,-0.05889836705892203,0.03422778166464004,0.7748812896612701,-0.4808441187514525,6.317058887448626e-05,-0.1662411755028141,-0.04412682209172916,-0.12905601826177038,0.4797722696507263,-0.3189575344467263,-0.05904671749623846,-0.3294696754821935,0.14103138939051293,0.021057725567437253,-0.1072563517590782,0.006942894537552982,0.5597129564637632,-0.6767294210208388,0.16525305158910036,0.0836389590646196,0.09969694012708465,0.686388362943262,-0.5290888276459045,1.0242593863953673,-0.08276339511316523,-0.5585227474828772,-0.7080772122596387,-0.24048459385546664,0.14183617759020342
24.702,16.271840540270002,20.31493061256987,0.8178760542403809,-0.20754862160288376,-0.003830058031481539,-0.01961017387606421,-0.9780206242236258,-0.33176961635505703,-0.05007112670828187,0.04147748966694982,0.7657892920168752,-0.4394418907987744,-0.02350384450464279,-0.11529063987844054,-0.04597505307859625,-0.15664992312694098,0.4416845182885158,-0.32910054219634666,-0.051552256807114755,-0.3580909336432052,0.10868077727782072,0.002788117227819325,-0.1716222739071762,0.0657493290051337,0.5074561991442652,-0.63702681413635,0.1694499603738899,0.18587478249238765,-0.452247122653658,0.861761348087337,-0.3978238642680223,0.986776523369169,0.00413418657214944,-0.5300398163742922,-0.7657343059744992,-0.19327443153307447,0.1525085935840126
24.752,16.25324246004431,20.319623016142742,0.8173148189933057,-0.1959921985871169,-0.0009996710396365457,-0.014327926799884391,-0.9805002647956904,-0.35448091572578566,-0.0397571718188586,0.05690402824091296,0.7083562631851882,-0.37486504115774083,-0.04007158227987001,-0.06614107916817291,-0.0418617623533995,-0.1823308489309703,0.40247951815587124,-0.33777547840387273,-0.044269567553903814,-0.3837170630254917,0.07919947479491035,-0.029815355818739377,-0.2916860736636408,0.08299770947541359,0.4217844445197037,-0.2631830239607026,0.2145616991433954,0.40606375017098956,-1.824913238041207,1.6273538048032765,-0.20563991970606169,0.941082722487924,0.16283870266763698,-0.4701581185894377,-0.7201584001681833,-0.19418992284297848,0.1379444894862924
24.802,16.233665126431386,20.32274361769012,0.8139501240497243,-0.1877780324589538,0.002797492429715683,-0.004750605163530047,-0.9821960172554818,-0.3588205450943745,-0.034037255626333224,0.06973230053300367,0.5878545424029831,-0.2743894195245595,-0.056539790173266886,-0.02865650195863753,-0.02694261438975911,-0.19760987772204028,0.385398831264658,-0.3543922873227766,-0.03592452192914049,-0.3957270998570295,0.05190435369249153,-0.11233103210341963,-0.5773589691299434,0.05699494527017949,0.2482996212728366,0.03819761847604877,0.022006002499910766,-0.06809413052185724,-2.7349066022968573,2.243297425444738,-0.5466657955138796,0.5120413672145897,0.5159241546192505,-0.020976711891343446,0.17260351165878474,-0.4977727539181611,0.20949308426009036
24.852,16.21491639017326,20.325537758380698,0.8080990431157615,-0.18429516330687212,0.007475352414361571,0.014089076401858646,-0.9827415274700247,-0.3547483910096297,-0.029603553584017835,0.029230493731452218,0.5197319419746709,-0.16391546995104347,0.01175510998003896,-0.049759443379781,0.012439223942986442,-0.16440886476637895,0.4843677986659244,-0.37383375027971116,-0.03332843784594873,-0.319720558004499,0.04271147860038179,-0.033202561907385936,-0.6164120427019956,0.1948005177537254,0.22557416481414314,-0.41172991958139865,0.18962905304735042,-0.6590995400173203,1.2741543559223878,-1.2102690658376378,2.249951691914734,-1.7930209748759267,0.7912056847356311,1.924089391104341,4.225579626202632,-0.12358962148313722,-0.07665138115565254
24.902,16.199888846001542,20.327946926672045,0.8085380292178451,-0.1763188791453593,0.01252501405674726,0.02209478077810026,-0.9840053849152303,-0.36044725499307867,-0.029839114419204445,0.002377056862080905,0.5614499351797454,-0.2172589431417911,0.060867551487667794,-0.15682748676598174,0.05003717306361894,-0.04342671524968055,0.7167095378704765,-0.4106063996015259,-0.027038367228086266,-0.30277462094477836,0.06810034993747993,0.023002157610282906,-0.2648854621727876,0.0002639435838413147,0.29976899130084506,0.23101860916506828,-0.004094297587472691,-0.4258143884874452,0.49933548887589263,-0.8655327663963457,0.5264636699256655,-1.881311275371349,0.5412556258453801,1.7657042048899103,3.6296393569524996,-1.3507307913820363,0.22699902612620393
24.952,16.18470229007863,20.332666419713977,0.8102770367862675,-0.1683801052850743,0.012460204799272463,0.029055887554790754,-0.9852150216267265,-0.33925072658250527,-0.027257567991648513,-0.020830058899465008,0.574487870219725,-0.2512496530303897,0.0787169297106312,-0.23525144311080393,0.060621641967416304,-0.006637832393176104,0.8217368513033416,-0.4573735820815423,-0.016030115518457386,-0.3040738162256507,0.11600484826855428,0.044430649351633295,-0.2628248714177441,-0.09801709574749168,0.32882030919899147,0.5708281690638496,0.07565288975917552,-0.4853719116134206,0.06210581450294473,-0.5327967096111301,0.21575564045181825,-1.3868525196766992,0.06520206964758023,0.26074186100531577,0.9985293151522429,-0.32419664535893133,0.26444629185311
25.002,16.169577895738048,20.339334288387946,0.812518925105238,-0.16010880402185929,0.01085603530045136,0.0343373568066828,-0.9864422250186657,-0.3070365673434963,-0.02444262449835616,-0.043646602219843164,0.57155432277648,-0.2739371316601273,0.08396959826927972,-0.30275521345763806,0.06456323434243078,0.0047686869226065175,0.8419223382677309,-0.45951910132389745,8.08684983513618e-05,-0.30142326905160277,0.14645579816804086,0.040958904904163554,-0.1216497502726689,-0.1146647427815822,0.32375359209585736,0.696044824578155,0.017223739300719805,-0.40587327454575284,-0.14853895376818405,-0.4029170151290107,0.033504397459526894,-1.338363830238736,0.08015060576376458,0.22332445670834994,0.05021085319635248,0.10086112125468297,0.321536586870367
25.052,16.15467335625473,20.347089868276456,0.814170437565495,-0.15275827306609713,0.009063001475952761,0.03499050671783612,-0.9876023675820854,-0.2718624294829999,-0.026407963228726915,-0.05879547648587183,0.5595286407985136,-0.29074084114272997,0.08465523460778948,-0.3682986606910627,0.06612098351037356,0.012998466518183139,0.8335590981256994,-0.44889841153698634,0.01718086935032249,-0.29563738354994135,0.16226559407474633,0.025676256349583912,0.08091884840526459,-0.054192622168756296,0.27002103521027626,0.7048349871540908,-0.09527966170283518,-0.2112164973605878,-0.3256999668283474,-0.2761899989082549,0.003400995095801713,-1.2150032783627756,-0.04319946906938695,0.039353701070985014,-0.40057768976646135,0.25598197826063424,0.29321063295068056
25.102,16.140007096345226,20.355549636868343,0.8150083090931912,-0.14670977657133444,0.008342150399372554,0.03053358571946891,-0.9886730248814396,-0.2374782727648539,-0.03450177618395157,-0.0652476989958136,0.5395272583658193,-0.30231417858269405,0.08479414877174594,-0.41785362597468767,0.060005429754086605,0.006359180518617107,0.8007267451552454,-0.4321369116611923,0.026458900683301947,-0.2905204700146254,0.17582521966824616,0.007000244327069554,0.26549719241719755,0.0349412137657793,0.22489654364937275,0.6537357158968307,-0.22232707443970137,-0.06305769580093189,-0.4427039240958931,-0.2057689518114645,0.005541997665996345,-0.7591159530817704,-0.16923649712475564,-0.2730604090947513,-0.8314884110786188,0.38945946313606905,0.09936915660348837
25.152,16.12558078362762,20.364755396179955,0.8148244577782887,-0.14119833735695583,0.009156346219374695,0.02175990919241259,-0.9896998015577656,-0.20708162771558325,-0.048930406211280156,-0.06675544352134041,0.516731722925294,-0.31127612125470633,0.0861879550005054,-0.43387257104740534,0.04919461801050607,-0.018631401109072465,0.7294359003039975,-0.387312294530301,0.027629901890449168,-0.28679598093223707,0.1921828011485841,-0.018610997110362938,0.4087696414489895,0.10507200975405487,0.24063724864101374,0.5448228869499895,-0.3557978408220813,-0.018532818673626092,-0.3998269921148074,-0.19069437917511217,0.035042761222149735,0.14362426718029925,-0.2142072062446423,-0.639495722771891,-2.097744994749639,1.3806741809162588,0.00231466438639989
25.202,16.111338801769737,20.374588632848106,0.8119003698010899,-0.1341514575507011,0.010001272404191344,0.008489461938626016,-0.9908740031019653,-0.18808891662244345,-0.07350058163250615,-0.06586585355080003,0.5135238386257116,-0.32758713435191067,0.08508998182775547,-0.3983161955108353,0.04177984267369867,-0.04258005730442632,0.582046280371918,-0.299561944918817,0.030137644803570975,-0.28307940611873667,0.1944001933055358,-0.11230866611774944,0.6746757557907663,0.07718088066686886,0.36161373889862863,0.1684697716632061,-0.6854368494088215,0.1208435704193203,0.40717924619315043,-0.5115367909829179,-0.07659924371328235,1.1696418845924614,-0.13876994604536946,-0.16118812735764562,-3.4803597484591084,1.8110076659575145,0.1206936390692091
25.252,16.097755667611978,20.383726218508155,0.80652168578176,-0.12493986227780571,0.007738980808422297,-0.008031769731767854,-0.9921016226501331,-0.20070794884120086,-0.10119457116237232,-0.03425551812372563,0.5813434274382158,-0.3456727376192331,0.07195592479051809,-0.3637119551032575,0.03508289065820467,-0.0152881656537524,0.5092993010452431,-0.15047309608817042,-0.016949807600837224,-0.24957013416940035,0.17197831146857667,-0.022666147111093583,0.400467858578422,-0.025808272163313183,0.23092141646632755,-0.6102496241306272,0.0699344625984438,1.431620285339484,2.0176513499314592,-0.04192320044424705,-0.5259317278335277,-0.11753655015322984,-0.23435445530838356,0.12133322633557789,1.2606724087630299,-0.7585244969475324,-1.1204667256204344
25.302,16.08539051872984,20.391481657252452,0.807856159121982,-0.11699912009605684,0.005596699064301,-0.013534299237324892,-0.9930240206563423,-0.24066356375969322,-0.08671430306180421,0.025796914841313242,0.6973078571780836,-0.42198342672579214,0.05780026398704436,-0.3518470380422107,0.024425789228152778,-0.022096487557733066,0.5456149927765516,-0.20761481407696486,-0.054801994609401466,-0.25673355248881696,0.1377452707926672,0.049656538914167096,0.15193480329960327,-0.11845935454912596,0.3554724467261564,-0.6973977312715406,0.3193051882475031,0.7550785699246519,1.9627485611210158,-1.9517132184688006,-0.20469555404342976,0.5874590971979834,-0.20203479193508547,-0.20278468892224458,0.18261002204675633,-0.8496976395778626,-0.4902224590393413
25.352,16.07229914570469,20.397358537851936,0.8104916335994335,-0.10715518019607077,0.0026257179310944334,-0.016181666890270004,-0.9941071504717929,-0.27287952100254653,-0.07527881170200351,0.03767848390456603,0.7674888934166785,-0.48522284239672336,0.04293585953523215,-0.3172023699630989,0.013008778014453283,-0.03555101281720917,0.5415771319379217,-0.2381128370872326,-0.06948218217563716,-0.267136801835917,0.09987735249268234,0.05091627287602049,0.08794649819615444,-0.08312000294134102,0.4163555321769848,-0.5551030919467151,0.2145564543701333,-0.021105529779111138,0.8363497866352697,-0.6040520745321805,-0.3437592136069319,0.7366353391374776,-0.23941132876795646,-0.3089557353527106,-0.21521172446475365,-0.4664911077337536,-0.14661826994747587
25.402,16.058749965670394,20.401417537217778,0.8126613954270263,-0.09658362705472154,0.0009527458717436026,-0.017476307549268374,-0.9951709772369284,-0.2973490328837218,-0.06331436151087882,0.03215870093502714,0.7887281981627926,-0.49512019427458775,0.02297741115644299,-0.2812804432064153,0.0012930219066988303,-0.05238620225716397,0.5290610820242414,-0.2584777975380993,-0.07224073800002606,-0.27383589621986093,0.06387334913812008,0.03595847202108639,0.025624555516917957,-0.026689362412938622,0.4308328932894487,-0.4463247731618345,0.26343856976637564,-0.14888779806128577,0.15652655563091028,0.008334714388501705,-0.41266278201725054,0.693100210572344,-0.2201821929754212,-0.35529816014079496,-0.2671002066697336,-0.3761559333722821,0.0018076140182215457
25.452,16.044987864991217,20.403717858681585,0.8142610605500887,-0.08530661161113029,0.0007907027928511913,-0.016893788095791958,-0.9962112008647044,-0.3192708302830987,-0.049102865612817154,0.02487223265656112,0.789757708037309,-0.4809912262955199,-0.006154683199533529,-0.24630637004421166,-0.00832255510912354,-0.07255173819214616,0.5118431656229788,-0.27423409795428244,-0.07043092971480898,-0.27596849462606843,0.028705552273481254,0.029224681445242973,-0.06830160708980416,0.02334436828138884,0.46633274201207014,-0.4255303629246138,0.29360198792614983,-0.1137544434911261,-0.11789651557808283,0.4810076774835379,-0.6483051908849603,0.7059527932937363,-0.16215778425230123,-0.43769653686174376,-0.4216783368162176,-0.2548202089965022,0.06408125055689398
25.502,16.031213175815427,20.404124033850746,0.8155563525038106,-0.07377200458423515,0.0021206793568281242,-0.014222135236385066,-0.9971714621508215,-0.33786799203014156,-0.03535139793196372,0.022536577383732975,0.7699067978122142,-0.4497587578248503,-0.03538713125504382,-0.21144031309468467,-0.014534962790191064,-0.09499978445063667,0.4873910337470059,-0.284326910855444,-0.06608044880908699,-0.2737669994682299,-0.011089692430783966,0.020594047799401688,-0.15512917140881186,0.08116983993936101,0.45320993171439944,-0.32534721510155057,0.24518372698622756,0.000504658487870922,-0.650248565752209,0.6852852640905772,-0.488381471336217,0.6712614466342584,-0.0831264877360059,-0.45324824171938694,-0.5255926330307424,-0.16747827835794782,0.10261870247306593
25.552,16.01750538729261,20.402623538387296,0.8162392740626011,-0.06287897056039969,0.004687182719554922,-0.009054874393614593,-0.9979690749863618,-0.34362840155147123,-0.022205645103208944,0.03113469157763787,0.7002302925596887,-0.39094462540430225,-0.05633985958072412,-0.17774093367395571,-0.015498256200370576,-0.1179658267689705,0.45851972154746645,-0.2907010319201317,-0.05978978386603718,-0.2743625021313848,-0.04823794647730207,0.002544650903715316,-0.27189051645625334,0.1008065555910862,0.4094704424713352,0.09382386457404818,0.2575115010820241,0.3229687803937658,-2.0966778763539486,1.5766054328374626,-0.31254168686181655,0.6509739073594318,0.04283685001262217,-0.44990206721764164,-0.5644672966164901,-0.12337947932568061,0.15145478254592895
25.602,16.003883898680623,20.399255996429616,0.8148119503901017,-0.05401147450710632,0.007539587791592947,-0.0001574580520686549,-0.9985118379090273,-0.328767778640265,-0.014072615034526127,0.04357502526555709,0.5641877749746902,-0.288955866229604,-0.0756520503833544,-0.15131658100339143,-0.008179210701828098,-0.1382109007381348,0.4423764890962317,-0.3026063013115662,-0.05040783913088197,-0.26848184493227933,-0.08107260166618095,-0.07321306017101879,-0.49355458108064626,0.07913231796005328,0.272220222041098,0.43090524835013205,0.08149009918592194,0.02773779695108181,-3.067836246220853,2.314565156654413,-0.5241160473147357,0.35690541372172335,0.29892307392245243,-0.3449321719133691,0.040062174611042264,-0.4274044687134025,0.23511903576107718
25.652,15.9916178968731,20.39548137060583,0.8112735842762028,-0.04820344016436953,0.01013327120532962,0.012823467276645902,-0.9987038118771776,-0.3209863227278136,-0.013312075919170729,0.017412122969271217,0.5117174476567297,-0.20356305715321393,0.0008519609967056626,-0.16027997684146825,0.014869147159670467,-0.12677323281674271,0.4946764792457385,-0.3245125463240516,-0.03965163391626432,-0.19357601939425553,-0.060434164452231924,-0.008932288989156111,-0.3930301948631337,0.20060232387517304,0.2919552161156943,-0.42069708415554397,0.037290266997856834,-0.48579933255992896,0.8971803225017341,-0.8058888579348956,1.516621117918553,-1.2632796518728617,0.7330761959829742,1.7534032428209925,2.9296653445055676,-0.6458562172650394,0.14160174318195792
25.702,15.981759476266229,20.393433643856817,0.8118483130788181,-0.04649648934805398,0.011584656803366275,0.018054634235357397,-0.9986880906407581,-0.3194608715331947,-0.010692227353785985,0.009099811607955982,0.5355370479302246,-0.23919891980537436,0.04100843144404495,-0.24059052761641347,0.05134204031481349,-0.022081327473315236,0.7067036488528096,-0.36401382354347284,-0.041656284793727745,-0.22326015096352742,-0.018751492285314177,0.032986543648213885,-0.14684630754580213,-0.1251957411854601,-0.0807343126167795,0.5109080587001575,0.10672121307730911,-0.0179150982852737,0.051789041034899286,-0.5723196049188811,0.4846727595443848,-1.1774580663674152,0.26403612768234147,0.8025965078103724,3.1342185739812383,-1.6953466782344717,0.1297893051892285
25.752,15.969688197089193,20.394086197028987,0.8139144732855698,-0.04961892504721778,0.00744510329258107,0.022633516001445062,-0.9984839791741951,-0.28614372224004814,-0.0006231990985649867,0.007952215655301676,0.5317667771529733,-0.26442166837196496,0.05870843601043067,-0.28685911266778846,0.060141244532193744,-0.004841066743950203,0.7973084871428119,-0.42439540070745574,-0.02130489018184779,-0.2551492554465984,0.03701710221809159,0.04443324980717436,-0.16349447471140283,-0.1784065590134161,-0.14517719519963565,0.7466289874389501,0.22092308376126737,-0.032114357532586214,-0.17088196307487924,-0.4540014126114132,0.30707598265846675,-0.7982662934828598,0.07264875826599831,0.025445228695077017,0.8035502172736171,-0.5832158584071259,0.4386093984900069
25.802,15.956333287201394,20.397034805707992,0.8159983465031497,-0.053006833410753795,0.003676714538899936,0.025511072434185444,-0.9982614600219838,-0.24701063252119854,0.008679146477996717,0.0068729088369762,0.518346093956881,-0.2841132815682096,0.06876029904201689,-0.32883194803871685,0.06464234369766224,-0.0025214543178314008,0.8134751630423289,-0.4336550461109607,-0.001044890283975875,-0.2786163340206832,0.07719297695774618,0.037239726725978584,-0.03596148778314899,-0.12644226203175957,-0.12744874864980882,0.8141872496156273,0.13081812147266955,-0.003680036281353327,-0.36437184868188166,-0.3376395179706348,0.09473993852283684,-0.9033302684419837,0.07615118563820675,0.03832918820471717,0.05499725217428538,-0.0023768353655681785,0.36168534846158573
25.852,15.941716980790714,20.401683284347477,0.8176452358292211,-0.0565610099714245,0.0013299363100420368,0.023942573593298766,-0.9981111343884277,-0.2034894535237484,0.011668217862946405,0.011172354137129739,0.4918297152878068,-0.296250400572774,0.06926118371219436,-0.3772724095614531,0.0662102198865492,-0.0010038364024922166,0.8112934068427718,-0.4269304510643378,0.019025156871194774,-0.3063085712568454,0.1067698625546069,0.02870001153107639,0.1638486024372089,-0.04899566433099449,-0.164906813275651,0.9249728392561947,-0.005117874300217184,0.1784671673310431,-0.6859502534644866,-0.15711498652438347,-0.05942805564020463,-0.9624630509180208,-0.03886377421736678,-0.034244395880078916,-0.1905743319384733,0.21155180325575965,0.37653807733870165
25.902,15.925592292715066,20.40774803858215,0.8186548452497773,-0.061164193104914555,0.0006994838224535396,0.017600802446393296,-0.9979722761467128,-0.15551953439639746,0.007976847730699265,0.02418958568278122,0.4515999710759306,-0.301150226988806,0.06374617298929315,-0.4175477833127627,0.05799257244063308,-0.012482924571537104,0.788008507135708,-0.4097453078282261,0.03249943794814913,-0.33631698047759195,0.13469268436100817,0.008056783416928026,0.33161430916215257,0.03672814453153407,-0.20205112643161827,0.9577803219132924,-0.13654429386914824,0.32415256770789486,-0.8547841010009156,-0.0788529832731346,-0.12975446850556804,-0.6200785794006235,-0.26514569971706886,-0.3913200295988288,-0.698868093432528,0.4424425713806121,0.17340854000827577
25.952,15.907925044395695,20.415117211680982,0.818106311262964,-0.06652671959111811,0.0013404092610452528,0.007310313982748602,-0.9977569634900735,-0.10794973536672633,-0.0025456582382327054,0.043610471534177714,0.4103748119090374,-0.30594128629553957,0.059609260145360284,-0.4243668454084442,0.036914426380788505,-0.04655527666773883,0.7123702997702985,-0.35463201464331534,0.036022104114570484,-0.36857061538893343,0.15927291300144672,-0.036470235011659094,0.4801690894356327,0.055330859621274646,-0.20730525190628238,0.8950947848054809,-0.2924082118068194,0.41132035665401734,-0.6556345823240394,-0.18908812690918292,-0.002159352194902772,0.4082449929410089,-0.5030416688983984,-0.8450747495737047,-2.4583356163996712,1.665316324874757,0.07209709468173821
26.002,15.88890063538463,20.4234623231443,0.8132659537975232,-0.07009459712831138,0.0008014051898484636,-0.008028291166087952,-0.9975077201426039,-0.07376369934332543,-0.02609063706246359,0.060783514135027354,0.40537398360872734,-0.3302984834124852,0.05689185726123414,-0.37344921781978047,0.015267112402783958,-0.07054012085098031,0.541777918753703,-0.26984074850299516,0.048525923650273,-0.38692467069540254,0.1661982051888114,-0.17518604528388954,0.7999761449208017,-0.01860397195894681,-0.035735879737185054,0.41468225564301037,-0.7192867425629196,0.24354542441946367,0.5590639147681657,-0.8370623634001954,-0.2721873989042609,1.4470374988934565,-0.4139735767789521,0.08394244421364325,-3.8761769461824134,1.380225600814694,0.3451694502134648
26.052,15.87103115244378,20.43185474943188,0.8086516552343037,-0.07140418395500539,-0.0009466650306783559,-0.022322368141187494,-0.9971972012694422,-0.08524818711832807,-0.0497761909031921,0.06353524196753749,0.4942262097288361,-0.3554005115223593,0.047968628770257364,-0.3518922746181175,0.012169019205604979,-0.04142103012579744,0.5255106545656891,-0.17096524984924952,-0.037538411999565965,-0.32667905459913543,0.15380219753642202,0.015129060548465835,0.3216807299700913,0.015606068636694014,-0.06569758362153616,-0.993581298366557,-0.44015885321315507,-0.49658221987988127,3.255652523280309,-0.6331423636527228,0.21001137367425088,0.08788883085863029,-0.049048427109714764,0.2553430154598145,0.9313803500202941,-1.173521878591605,-1.189922405545759
26.102,15.854731068132521,20.438472468956782,0.8107726845264608,-0.07118686304526624,-0.0016825893913554417,-0.02804993889563922,-0.9970670992218457,-0.144887257621192,-0.07229551997546914,0.04012396105800092,0.653110773939655,-0.44741053864046026,0.046194800113610324,-0.3325857426929551,0.009140856720143399,-0.034638968225511914,0.5465689830844,-0.219936586016301,-0.07422916466888554,-0.3368900337349659,0.11964153977233914,0.051273882305053434,0.16188144421493675,-0.07620096017256606,0.01857304901101489,-1.0518842812483173,-0.30396897955893537,-0.2615207489379338,2.3677531709426187,-1.9138797379283061,-0.18900097986293377,0.6503873176852487,-0.03164282369578293,0.08901123697839415,0.05225423344276169,-0.7296089256865778,-0.46462348752799665
26.152,15.837309365390308,20.443846681688147,0.8130937658343902,-0.07057155980370296,-0.0044220638567937535,-0.030732691652547068,-0.9970233708203181,-0.19104086105636692,-0.0807244363038428,0.03220074142000101,0.7338709747151858,-0.505102587245822,0.033447272429845396,-0.2944953811984686,0.0080699822509184,-0.032200879652529706,0.5417982074523985,-0.25004323309672744,-0.08909841036537336,-0.3582433362087697,0.09620183741821778,0.04041694797364638,0.07519499787945289,-0.10696838529178149,0.029684744523575196,-0.8147301505521926,-0.04903110128824258,-0.06419397739007389,0.9638439897482953,-0.48332122088528495,-0.27535785866678836,0.8180055010143936,-0.010856209456075482,0.020756776137382263,-0.17911033289995734,-0.5237776046289236,-0.15792167047150504
26.202,15.818940571312552,20.447976818432952,0.8147784049175623,-0.06988265199033565,-0.006844087434148842,-0.031500794192010045,-0.9970342388219501,-0.228894453645476,-0.08008035859882943,0.029710820484349025,0.7606277220424706,-0.5098098114468369,0.01933367462700665,-0.25281519690803556,0.008146243466389638,-0.03206144629936504,0.5304952777391844,-0.2745621194939661,-0.09260182763636063,-0.3756104977680756,0.06954643984272331,0.0284167255430606,0.004060434879803244,-0.07838599171137617,0.02973322783760418,-0.7259742495215743,0.05279780893348721,-0.04478715891546109,0.2638444212930314,0.1086298241069132,-0.27188903192463804,0.8461665750599701,0.014691850757071067,-0.008908741382038515,-0.27257114098344704,-0.4658231556993478,-0.014151063332116787
26.252,15.799774344519362,20.45079666818224,0.8161338827748322,-0.06881870254209076,-0.008226409325210219,-0.030291717000661352,-0.9971352587543929,-0.26620420438814313,-0.07564475705436129,0.02748782890942671,0.7682121293252154,-0.4901749661696022,0.0013769003422027053,-0.20829682053503756,0.010188708011320472,-0.034079006162099294,0.5105163311211858,-0.29437760610073727,-0.09202393847600572,-0.39079221965547983,0.04402520978431744,0.026507570866012096,-0.0878656916770475,-0.03864693609383913,0.05567766647265867,-0.7475500810422353,0.11423231195530993,-0.031080301241060145,0.0254699968395367,0.5804683492495687,-0.38505179161586023,0.9367416716789416,0.06621466594196808,-0.06486603315856398,-0.5263557545241921,-0.3292383866095733,0.03769681625154541
26.302,15.779850105321172,20.452270141148766,0.8173297862882098,-0.06742877104006237,-0.008441471165514391,-0.027034046265495527,-0.997322045651806,-0.3013855088542824,-0.06988060004818594,0.02703572986667526,0.7584627208511415,-0.45506219222595806,-0.015039167343396736,-0.15979214243618153,0.014781263061946288,-0.03792426624439857,0.47847302275025055,-0.30792405734560047,-0.08911928826955172,-0.4044993539493739,0.01565432550297252,0.018885055849646087,-0.16587835106476667,0.009710398212913852,0.05584217912367186,-0.6487605595297005,0.10517819105731689,0.001607822368153424,-0.4235935323803513,0.7448979876145562,-0.2575270514700961,0.9791048747333098,0.11578067596299453,-0.08344235673638216,-0.7156407255510352,-0.2331010845900586,0.07000997367667845
26.352,15.759267117518284,20.45240043136194,0.817898050038363,-0.06602396634245106,-0.00740232924392953,-0.021711774592635198,-0.9975543294649234,-0.322160557036567,-0.06304845308711989,0.03206934326113825,0.7007238476077016,-0.39550592389344535,-0.023334783829383834,-0.1095326446182482,0.02242215974989603,-0.0429850372725116,0.43805626070851184,-0.3170118489600411,-0.08465055933275949,-0.4177889641732349,-0.009829828190887197,-0.0007778925306939244,-0.2594241848940853,0.04343542706765916,0.049564349554031,-0.14265323078315054,0.16808346756759154,0.2382362230153533,-1.9500356001464576,1.5537127059227371,-0.0476461734010484,0.9991831146117245,0.18968429938911693,-0.10484247058833615,-0.8258728907128201,-0.1721440242323562,0.11339565566239003
26.402,15.738316506174773,20.451211421478867,0.8161688011227445,-0.06530069342478655,-0.005441501108446884,-0.013572326053753827,-0.9977584885479142,-0.3137834237209972,-0.056439846970693514,0.046511493051041373,0.5622525630851452,-0.3020879119390654,-0.024751487211202454,-0.06710265636262737,0.035222216468175166,-0.04795168350964113,0.4106302130141389,-0.332435525986151,-0.07652533179977045,-0.41574728156021734,-0.034234210759839435,-0.0816176431094882,-0.43359992512590817,0.06548183198562292,0.008389575037502315,0.3975647250040859,0.07390925589251197,0.19645201353942865,-3.27909573715377,1.9623802230009748,-0.04488180369075216,0.6227274422296986,0.3654689873499312,-0.10091494872411479,-0.10501229050648048,-0.5307840842868471,0.20724658877518662
26.452,15.718447011684523,20.45014971665219,0.8105833502292155,-0.06885342028969385,-0.0034630410084080902,0.0029057583945283957,-0.9976165447853883,-0.2917689775378836,-0.045105589998842,0.02222164960126962,0.4649894365039745,-0.1518792931858307,0.014033341368008878,-0.08426297137775714,0.06678586839347192,-0.055247739133956045,0.5017622390400795,-0.35429134301567317,-0.06528588996494301,-0.3495644249625899,-0.021895691613253387,-0.058565552661623665,-0.5363624321179066,0.15545027947405268,-0.0750645324067634,-0.42513526141458935,0.3001490145404053,-0.4075328417665365,1.4823957509876782,-0.4965156918566211,1.2228447329282954,-1.6426856927267195,0.42095409728108557,-0.12119292058101468,4.024211896174689,0.002310371121132637,0.40688551551387475
26.502,15.701006214550686,20.44970147404109,0.8105173723482506,-0.06932760833375222,-0.0006106119719365847,0.009984209763898518,-0.997543796247128,-0.2939904351379485,-0.03816578492851154,0.011301672073381112,0.5186594209835189,-0.2201964374739559,0.05147071116424392,-0.17803373086741456,0.08188316821091449,-0.027604305164319443,0.7210525075068785,-0.3985136249197557,-0.03332522337570773,-0.3656494556443353,0.016438521265913046,0.024120659905846484,-0.24212079039155826,-0.03696739947867264,-0.06748526716734825,0.4006078411841025,0.18454949322123285,-0.12173056807212225,0.5763628159545682,-1.194928533359902,0.48717257686852283,-1.6273389900735242,0.2347277020978633,0.6897971038147732,3.405083698354231,-1.3052148864101696,0.4243536249115084
26.552,15.682225675898959,20.45195497092616,0.8122058529592072,-0.07088333184721843,-0.001797487654907565,0.016730616672217237,-0.9973426736935179,-0.26479314071525367,-0.02554132844021858,0.0035755548860592883,0.5332343752003113,-0.26728795052258075,0.06956974034816199,-0.25082942721441503,0.08706063454383538,-0.008308967550453834,0.8258241902545738,-0.44078643181919513,-0.016780158320104675,-0.3857065068054997,0.06762423757443994,0.04012296673927216,-0.25492346197531796,-0.08571412768146441,-0.05963362664001888,0.7329793056006053,0.27395009010071303,-0.16370487876140097,0.05925200334780846,-0.7591951423707795,0.25632914515493055,-1.3467526777458028,0.025985517553482204,0.28459238893981176,1.0690990519547465,-0.23968639544288556,0.35017929052533736
26.602,15.662544918887804,20.45630875525949,0.8141058939661852,-0.07225137053129291,-0.00324131125698187,0.021827051848472598,-0.9971423234249406,-0.2244951246042851,-0.012898585114630283,-0.0032142282123869374,0.527802343739751,-0.29867293113592847,0.07476699006859401,-0.3188386931783934,0.08657790196171501,0.005660743706071551,0.8484902792926675,-0.44167831024101956,0.0036792841260870675,-0.40091139648855406,0.10240604518021904,0.033160437722748314,-0.12726313230740438,-0.051643549881301716,-0.05811375343149715,0.8595356414071778,0.21017876200085744,-0.08771393694613445,-0.24639252760951363,-0.5387195166471888,-0.0037024298915222026,-1.3925788846558809,-0.06462140305838451,0.24313493889348078,0.08425450584433669,0.09080111981389037,0.4127649174831719
26.652,15.642217759126188,20.461987816685824,0.8154181428472626,-0.07452428502419088,-0.0032961048777244177,0.022229553356287284,-0.9969659540785972,-0.17981669106161927,-0.005740053579511123,-0.0014155490395822885,0.5065965084865683,-0.31881966472755335,0.06912304539603888,-0.388917249215285,0.07709881077537013,0.01079117775854955,0.8432908965068655,-0.4340496589228183,0.026776154326177883,-0.4123472833211032,0.12319488466239335,0.019131575254959506,0.08417272256076361,0.0458740732757158,-0.12149321407219767,0.9213668352753296,0.07772982523411487,0.15038376551549845,-0.5790875422719568,-0.29083957228653995,-0.17790207576067688,-1.3240083487389578,-0.3268249166457229,-0.09313042270282876,-0.32193423162416024,0.18660383297121777,0.3901476011008869
26.702,15.621274325743862,20.468715525266084,0.8158580124281628,-0.07808326266781451,-0.0012375887891248486,0.017662352703651837,-0.9967896035583984,-0.13402324840148352,-0.006304489431685507,0.009700929490324299,0.47324536550567864,-0.3325060291063454,0.06672872056266056,-0.44277012450917314,0.05444160420573101,-0.0068542656640335,0.8115881184545601,-0.41611780301140994,0.037925854721001094,-0.4241738615992806,0.14675741805614062,-0.0036465777812840112,0.24856430610098013,0.14935493686806345,-0.1538662458068547,0.887547649007575,-0.07948305069826445,0.27411336370099254,-0.7067915839247999,-0.25946633913962913,0.005591933827619348,-0.8163960006757639,-0.5049669834042327,-0.5238059414889836,-0.8644973380258227,0.49755770838032864,0.10413397784458597
26.752,15.599652905225506,20.476754869421917,0.814773998827121,-0.08185194606372401,0.0023377011039771604,0.009361766735697264,-0.9965977881787194,-0.09090253783369953,-0.014117741027352573,0.024471486036878428,0.4392125228910784,-0.3455564191989976,0.07016127860583327,-0.45828588026144546,0.027896267739386377,-0.045165357185738615,0.7325974992003397,-0.3538654665547216,0.03930150288377496,-0.43900907707327,0.17443032674041886,-0.04803955157236211,0.3823057350897128,0.1759131055837358,-0.1260914155269934,0.7902964250693832,-0.22960404937637027,0.28888630799025966,-0.519601864193991,-0.3354051529340995,0.08093486958013613,0.22155356313694508,-0.4691621540894573,-0.8770002958626643,-2.381504209850706,1.8894572573541009,0.009871587366008674
26.802,15.577463543658956,20.485801448367816,0.8099214149966301,-0.08261174800866876,0.004482424764827757,-0.004557128735022051,-0.9965613074652615,-0.06838952659219025,-0.03449879169113454,0.0431652478823535,0.45320189204451733,-0.3682496423665047,0.06689777992238483,-0.415805470399807,0.012342424165434619,-0.07037351930962328,0.5672247893446554,-0.2460182672535215,0.04315569193721994,-0.4512447655833768,0.17730254241936044,-0.150521876155722,0.80159002233118,0.046732415872423536,0.07803069689258807,0.05354889491898742,-0.7238778298836723,0.3432540632158777,1.2757348115563714,-0.5039623764301231,-0.22251699583253223,1.3611943032428147,-0.2378905066909267,0.08702634672130709,-3.818979136377992,2.026429730671163,0.12583744853719103
26.852,15.556249178033914,20.494505635166615,0.8052742318658545,-0.08107524702535436,0.003292018146269741,-0.021100071073583027,-0.9964791788778079,-0.10195038550795595,-0.0635543178628756,0.04835591363643246,0.5865000163696117,-0.37640677368337294,0.04815292725411673,-0.3910245392411853,0.011494769217715127,-0.029303681366269634,0.5419630083100851,-0.14973856065677202,-0.028227510360669426,-0.38955146924752704,0.16022436074229146,0.011368577949600335,0.37516337445788484,0.049010817279567936,-0.011172400608056313,-1.1983896426817817,-0.45574202553505266,-0.36660004473508384,3.409463667538769,-0.775782162692714,-0.18412255516173853,-0.0472579636792638,-0.1308305038925019,0.26825484420945983,1.373148395931327,-1.5885254118393053,-1.1671451871893104
26.902,15.536804016734157,20.501633722050563,0.8075738459134695,-0.07925501865181299,0.0023789928300510118,-0.02744086682941322,-0.9964737734829078,-0.15980396299843533,-0.07833402754670006,0.0378692601200999,0.7176120083184402,-0.47315763771078084,0.04214736758258653,-0.37160340044513596,0.004994250788752329,-0.024209559151222092,0.5759033336897065,-0.2156370187031671,-0.06447683294469722,-0.3977353452363394,0.12980772590501372,0.06190653359963835,0.17295087206634246,-0.09667826195551199,0.08427772708016786,-0.9374187371744952,-0.09566726803296952,-0.03106373968453175,1.6475463636039698,-1.8920822670513986,-0.1334880950416541,0.7536375311469903,-0.08921002794735233,0.045660722234422746,0.13889604949795478,-0.9482337872049752,-0.4474632643254538
26.952,15.516532833002893,20.507342185341134,0.8106377556811268,-0.07714153026377549,-0.0010101506771057415,-0.030207169282336584,-0.9965619352695144,-0.20179411878535364,-0.07956542997917135,0.03505135218090251,0.7684512319171515,-0.5247906609852316,0.03452344504746546,-0.3263629476306407,0.0012923351064773447,-0.023812069384436592,0.5706663284217369,-0.25277392692956535,-0.07827538949751901,-0.41082148014688596,0.09920680715150698,0.055916628710152225,0.07802366661883586,-0.12611583586778083,0.09039552034763636,-0.7980058379549688,0.01935741906526857,-0.08462900968112623,0.5775891820596076,-0.352240147200361,-0.1906818327522196,0.9682585353031274,-0.06282034434283866,-0.022054192892979767,-0.2341915084583466,-0.6109288559237583,-0.1487971881067286
27.002,15.495747558892567,20.51151839406457,0.8129724252973406,-0.07498459359654577,-0.003831734799857221,-0.030753454679351897,-0.9967029916463924,-0.24153375025023102,-0.0761681987725659,0.030376499052595454,0.785310405179918,-0.52591225883823,0.021147747007828697,-0.2775686306839273,-0.000719537360341476,-0.02623595471627284,0.5559416089031662,-0.28045025071836766,-0.08165305253899786,-0.4204645828660725,0.06884792338707431,0.03857908397181384,-0.010768876242397387,-0.08912261353900905,0.08737671044510668,-0.794740718426404,0.10610490305779918,-0.09468044125778362,0.1791365025120434,0.18381843303251716,-0.3039186963527146,0.9775911289856853,-0.018481480394908493,-0.06576030356315678,-0.3427899022102145,-0.5182944235878963,-0.01105944378172426
27.052,15.47458197595641,20.514194985582986,0.8146584292235997,-0.07237302616139077,-0.005185887845120932,-0.02910040214644773,-0.9969395258722642,-0.2836524913809718,-0.06918556558781562,0.025131997515620355,0.7910846040139662,-0.5011503816494868,-0.0016305364170783455,-0.22808794236187405,-0.0004097094901123914,-0.03164078292549401,0.5334613713633075,-0.3026595011570992,-0.08070227117706477,-0.42597667226897445,0.038963108681338336,0.02978133233533569,-0.10574554271935643,-0.02555404098067181,0.1193436425924542,-0.8635647956083273,0.16489842725534024,-0.09520136401859125,0.016197213657157067,0.7071398204993673,-0.5205166738799796,1.0013265975406727,0.029882258858683584,-0.13846520645170168,-0.5502188968775539,-0.37486334207691263,0.04740742634232653
27.102,15.453170848090297,20.515293076017375,0.8158741222726044,-0.0694619477985023,-0.00485213975907866,-0.0254595639662276,-0.99724786545294,-0.3244853806684635,-0.060373778059660134,0.02267028495032145,0.7793661444045599,-0.4589763834743073,-0.025001032723912575,-0.17808722886500164,0.002380097961169749,-0.039169112615618916,0.5016674550736937,-0.31844459129179936,-0.07761912019480006,-0.42903981830118737,0.005744414901011136,0.016956062177977828,-0.18118024508411434,0.03934533739744273,0.11157511259240382,-0.7553052176346334,0.1747587361562412,-0.007648155816800582,-0.4944897629622938,0.8789095584178278,-0.38623825214335783,0.9775779437534711,0.07999633257657125,-0.15520734190015026,-0.6838242711391415,-0.2797227808690768,0.06735743703933247
27.152,15.43161826393577,20.514800428303804,0.8162515008994242,-0.06689699550020607,-0.0029475303891543397,-0.019807155743446235,-0.997558910861411,-0.34959943385167774,-0.050151678144593724,0.028777142788355616,0.7154102461813725,-0.39153276822168953,-0.04049120939809059,-0.1294271468350631,0.008469054222379292,-0.04740354184400178,0.464402268139856,-0.33017940230374393,-0.07355395828021302,-0.43276047793193706,-0.024907072218730862,-0.0064663703942814755,-0.2755978233119146,0.07974148906607909,0.08143159794689711,-0.214357816214932,0.2289254495403893,0.29533007525180077,-2.100287536883319,1.7405937618862553,-0.18611210202473533,0.9401761832475694,0.16299080968872928,-0.15703254668013567,-0.7307817823211608,-0.23242211314366246,0.10838555216474141
27.202,15.41010226354593,20.512740923129783,0.814141910185678,-0.06589049385137703,-0.0001740678089089192,-0.011070530018533057,-0.9977654312941131,-0.34408482921611766,-0.04232860323315489,0.04411094323688783,0.5698052497051044,-0.28249383688622415,-0.04964015211297515,-0.09233947344298246,0.020323204295463387,-0.05551934337165956,0.44623107638313203,-0.34809975913356156,-0.0653378089314357,-0.42544589647323916,-0.051650913583646665,-0.08858465836681564,-0.48848969918759966,0.08009077758238395,-0.011906952128109972,0.3644589101503076,0.077883407189901,0.12306616766809397,-3.385824787309989,2.4027964146975056,-0.27051945084872114,0.45902423164286493,0.36985812904339577,-0.20731945118442513,0.2113825406376626,-0.5226453851897572,0.22117683002534447
27.252,15.389950052630017,20.510888289835783,0.809145237664742,-0.0684377402106479,0.002439889379295911,0.005766142607951458,-0.9976357422697424,-0.3272313978371439,-0.030892126003942155,0.01998988923735897,0.4933081458870286,-0.1567021595502227,0.01510775136102822,-0.11673399312102642,0.05136330112501093,-0.061331441260059114,0.5504997854917999,-0.3619090864352707,-0.05296431360339281,-0.347586987396087,-0.032536318274456834,-0.034902124204112116,-0.5162834695459437,0.1956001945015391,-0.021123071683829438,-0.4170728925231191,0.297593975009328,-0.3309725190109389,1.4915009686965006,-1.3262098378225922,1.3997279025833425,-1.7155330838957932,0.5488870768119987,0.40866682828138234,4.251294192835367,0.03722395585803251,0.6304928295181217
27.302,15.372670628687086,20.510118232121165,0.8093942989997411,-0.06868595456903259,0.005107752106280483,0.013460098984817677,-0.9975344486526165,-0.32757132303324366,-0.022154261263104234,0.00958503303820187,0.5434317826364565,-0.22335866380136604,0.04714785712838905,-0.20287758880715764,0.07220015275153678,-0.017662963713847964,0.7533860666498226,-0.4009593750863478,-0.029768884985768136,-0.3561713987929695,0.01120098779508583,0.028943528266020608,-0.27411187522535424,-0.04455597866979048,-0.04317884235835669,0.41225217036273515,0.212210705883422,-0.1533689791646184,0.5113315643176806,-1.0513768332564166,0.376966562037621,-1.4061172223411724,0.30300755872398516,0.7401789589400629,2.83169010285169,-1.2921581923430794,0.3743955559977175
27.352,15.354645588092641,20.51198252198326,0.8113295154109919,-0.06928986731944763,0.0035845662096155115,0.020325544381713558,-0.997383044480669,-0.297941389065612,-0.010020516591504653,0.0007394737417028036,0.5547090785620749,-0.2642166162027254,0.060707988491506416,-0.26420958894969515,0.0786907261502189,0.001020935190579031,0.8323477151188043,-0.4388191479653067,-0.011967348595956233,-0.3618996854865202,0.05831623675138245,0.04330033248197097,-0.24393967737834635,-0.08626078489650667,-0.019498935002896213,0.6963796779220569,0.24884688268385158,-0.17541994114103654,0.02526627806604271,-0.652573230935917,0.18319741268899734,-1.159146901987862,0.050199242744663974,0.24450892127427323,0.6861856863462261,-0.2216372040470589,0.37783229213930997
27.402,15.33666322002558,20.51576836611234,0.8132887331607225,-0.06973192540295611,0.002321793070581091,0.024807427676850007,-0.9972545609765793,-0.2616969252511823,0.0008409766165461746,-0.005702364988734592,0.5495456331796396,-0.29137406226012186,0.06453288609036835,-0.3241143644764448,0.07943720008316248,0.012697852013782384,0.84336590477697,-0.4416091690585053,0.007848011226293234,-0.35663018266829044,0.08969267758927915,0.03254870030895148,-0.09744606587283274,-0.03366596524535111,-0.02593635840964514,0.7320127026493217,0.17196639166054828,-0.06847577552792937,-0.1987671860518628,-0.4634589856463992,0.006717261394569336,-1.2414756022445332,-0.022293896759711745,0.21407174968855325,-0.04083210077611049,0.005130783904501739,0.37044635285552197
27.452,15.31911412141249,20.520765037740826,0.8145373158166315,-0.07084169055744576,0.00272559099352301,0.02451371794980928,-0.9971825829129675,-0.22583070656571405,0.005657746046309163,-0.003923614899130681,0.5338093994251447,-0.30943983642916234,0.06425482740596235,-0.38461192727932647,0.0720300981876226,0.01555790518862864,0.8308742372248135,-0.43966189301266895,0.02510954902466465,-0.3468475077916826,0.10888981501934264,0.018443253338309443,0.10940461768558318,0.06450334593812965,-0.057901681387393295,0.7090413246582568,0.020625739461558427,0.12415863453540521,-0.4240006847925009,-0.28137285627340963,-0.0033541404188723797,-1.1089472325155363,-0.29057448599574304,-0.15285389600223545,-0.4744634762343216,0.11156095789468502,0.24061159445182137
27.502,15.30188163510406,20.526821894402204,0.8151038923219617,-0.07261706833750765,0.0050486891944762835,0.01934712996259519,-0.9971594459692463,-0.190860732424786,0.0029380277078937984,0.005455239252979648,0.5080717165548592,-0.32086513929800836,0.06543841908565266,-0.4291931135209956,0.05294449193297785,-0.0021838536600972923,0.7957440850789519,-0.4244557598603301,0.03260591385573447,-0.3430009484014857,0.13390219421419222,0.0029512688570204094,0.27628664571125805,0.14977535158631272,-0.07702232920318779,0.6786133566265161,-0.11909709906109794,0.2316559731358625,-0.569053246290895,-0.19818638256478105,0.04871696470299157,-0.6760976302333592,-0.4000091087511055,-0.4563841836368073,-0.8517937739161431,0.44652549503899885,0.09346309848563097
27.552,15.284592089705178,20.53421925396424,0.8145613876461628,-0.07451301008821683,0.008445563185285361,0.010232169775975946,-0.9971317799026127,-0.1572361958935778,-0.006822450656883637,0.01808250174802857,0.4791657857436334,-0.3305890807924593,0.06846355310899263,-0.44104068925731,0.03157613996982391,-0.03494504397816727,0.7200712478909704,-0.36451254351655177,0.03683139766155805,-0.3491899944781642,0.16085390562911056,-0.032874447271918524,0.4265495878485234,0.15893740289483324,-0.050824381469148486,0.63529645490774,-0.27268910904914373,0.25019754477948547,-0.4771649398549217,-0.2499220257512606,0.027813102656705547,0.24876720615017053,-0.4037475904456859,-0.7618940442833823,-2.322464970129175,1.934814216236184,0.11247724165767188
27.602,15.266969990429995,20.542558805362194,0.8100995127677771,-0.07375164987461864,0.010042868920513124,-0.0043590209051594655,-0.9972165431145662,-0.13665053826137333,-0.02950166814968333,0.0311208094032392,0.48447933382091224,-0.3531111423242915,0.061896572835131065,-0.3984616996113075,0.016420992623049274,-0.055183861815684285,0.5531231789997468,-0.24604444638014786,0.04777137079899973,-0.35580912374237733,0.16276552211375075,-0.15875987012135234,0.8013380283578472,0.028863768315752863,0.1665184727716209,0.10298974201016256,-0.7435823035070238,0.27379155991656734,0.9093673136894903,-0.6767891184555941,-0.2198668581929021,1.3279364127787556,-0.30507109272709293,0.16584079655867442,-3.903471874324256,2.313689345727304,0.28005162571862835
27.652,15.250768582582124,20.55040141436226,0.8063076680732477,-0.07180018125506234,0.00916067249416744,-0.018821302947624005,-0.9971993655265475,-0.1621935662473825,-0.05386065439193904,0.03720980266935785,0.5867030871288761,-0.3648707642845981,0.0446114523467355,-0.3827659281167996,0.011477153251914049,-0.027792224278209134,0.5457260269164017,-0.1739454267313192,-0.03434345787152992,-0.29068773059309905,0.13826322068138805,0.021477579205947058,0.32255177455455364,0.053125143324051015,0.033640731196471395,-1.107624054240515,-0.39652738492799855,-0.3459512172348398,3.0253478012745783,-0.7472188078431239,-0.10115133416020552,-0.033241612297034345,-0.13894277850485467,0.1658311497256438,1.0346026203868037,-1.3805018839433496,-0.9159612864868445
27.702,15.236493423478619,20.55617765676124,0.8085941708904654,-0.06915952491311217,0.008897403827841693,-0.024862729971050334,-0.9972560558739685,-0.21940638857804476,-0.06765242877470198,0.027318761326296917,0.7132158193538434,-0.449506446143572,0.03771651390624693,-0.3678555634676251,0.003614119201608922,-0.02519156672599898,0.5681712741047571,-0.22269407444841666,-0.06270732380731459,-0.2883794651531758,0.0985883555692376,0.05500886671178569,0.18201832810147314,-0.055227357470971045,0.1172567951662801,-0.9621741721434325,-0.11879749946994342,-0.07346691550763841,1.6998000238847166,-1.6648433816697816,-0.20593644562938918,0.5588255032823634,-0.14194507355317815,0.008701323228632403,0.052945899221461604,-0.6586276976461317,-0.35645347787408677
27.752,15.222070037144666,20.560264923286805,0.8111430495771985,-0.06607854303701965,0.006915958809371391,-0.0280220168832072,-0.9973968930338857,-0.2606622819230987,-0.06829531668988016,0.02430440867646116,0.7643839791447352,-0.4995520127493579,0.021640582732745814,-0.3358475707662776,-0.0029425710940303835,-0.02710729054743991,0.5630408200559973,-0.24829709312662063,-0.07289401452748917,-0.28765085250060496,0.06592121572874807,0.044990422563020056,0.0861167550479566,-0.06454697192988808,0.13491635565532073,-0.7088234624497072,0.051899644017118995,-0.07067669540164155,0.4692200130035683,-0.3610713246887585,-0.3797175023196487,0.6683994696731396,-0.12297730789117635,-0.07856478112700539,-0.1842516937024069,-0.4169130259803633,-0.08614813409914518
27.802,15.207808163128913,20.56270898253003,0.8129873065550992,-0.0626021033063376,0.005498835413454625,-0.028849923917155424,-0.997606345890348,-0.29181680241536606,-0.06371554327073502,0.019692014977722702,0.7721511183847543,-0.49961631637805703,0.0011901389950480347,-0.3028932366487737,-0.007913912201188337,-0.03272434210165134,0.5521598552036902,-0.2668558868744326,-0.07453182488700222,-0.2821012020562553,0.03283540056809485,0.0297775149370147,-0.010658936439143861,-0.03423610013925882,0.1449731310564221,-0.570094178485917,0.11706733638010597,-0.10526270444981334,-6.341512584848857e-05,0.22179233870396364,-0.40473201932302116,0.6423918073419466,-0.07376904836236886,-0.13786083899891208,-0.24138412611906437,-0.33987130763007894,-0.0064510265259475515
27.852,15.193960898110191,20.56350791521872,0.8143413416870003,-0.058575244884716056,0.005174915451612863,-0.027135130783559728,-0.9979007193173692,-0.3185093890914599,-0.05697437023101544,0.014076203685842151,0.7672046817125979,-0.47527699340135693,-0.026233367428594133,-0.2705183053234122,-0.009876895519830262,-0.04180486530246443,0.5357835602784417,-0.28040316999065173,-0.07470988589421484,-0.2725284768604517,6.788392883998206e-05,0.025718269745122525,-0.1198270254477049,0.003650870542596711,0.17152742330990872,-0.47664453614898117,0.1494334965589117,-0.08931990804359805,-0.2309776670368633,0.6352202670068163,-0.6033601301991621,0.6600473639067382,-0.006423292764446661,-0.2134533048776954,-0.4145724056831684,-0.2083929351955924,0.0022480230342552593
27.902,15.180318267791131,20.561766147630177,0.8152666302797699,-0.06499089153328165,0.0057695445292858276,-0.025026107816925294,-0.9975553068883796,-0.3238005824717053,-0.05831040985089432,0.007247293480671327,0.7256600175663781,-0.4506378102322834,-0.06419294134426624,-0.24586091314651148,-0.0029369962252174314,-0.027554252119212967,0.5215599415145629,-0.28934867572431494,-0.07582742216294697,-0.2690437405704731,-0.05496583249409608,0.008393890998339374,-0.15167142248163618,0.019809692214319812,-0.44190293352454524,-0.03385950497448844,-0.3878789089645935,-0.9669184360270784,-0.7505465762447201,0.5876334979562569,-0.8108269032326558,0.4453073659463637,0.24661372139555918,0.38495717305458355,-0.2952806815721374,-0.1330286660262356,-0.0038563023348990224
27.952,15.167148569563139,20.558290387278365,0.8152503941009319,-0.078997262868189,0.007285660868452803,-0.01945072272992001,-0.9966584274415822,-0.3158291025415991,-0.06272703730537199,-0.009178942163235,0.6563263964983619,-0.40702015134387354,-0.09853745740758739,-0.22605489438137497,0.014136786644978487,-0.004021314018010082,0.5068612513436568,-0.2939921183599353,-0.07264252848174851,-0.2631252515532133,-0.07879464426038324,-0.010515493303173315,-0.31177548841602626,0.00628052969540242,-0.5895927276998382,0.43330895084120813,0.07084592550028783,-0.06621554462463977,-2.2004148217487423,1.2270103075626408,-0.3710831219308458,0.4294752766423378,0.4177012677888637,0.4481089988120121,-0.31116374598815494,-0.09035529070199853,0.1267594519664806
28.002,15.154029005672534,20.554233497064367,0.8127576886873015,-0.09414719168377784,0.007620706775817879,-0.007895355061079058,-0.9954978124007879,-0.27668874836803037,-0.049870985699354636,-0.006649982534646646,0.5040687976541419,-0.29198166270302134,-0.10373166308484284,-0.20815662257142636,0.04251452066171862,0.01615593817949056,0.5040283538579345,-0.3065509020225221,-0.06119937357236037,-0.2576331312294954,-0.07740523503095942,-0.09611687623426578,-0.593722700529894,-0.07313632145353113,-0.6294624037043499,0.7156087153063272,0.39406291120644144,-0.09354251525892647,-1.9395181182915122,4.780618889883628,0.8146566856815126,0.22719405555174962,0.722741339606179,0.3521007094693119,0.30456230129394773,-0.4562395859337095,0.3130591567405619
28.052,15.142339517926624,20.55098280725373,0.8113211433324543,-0.1089289228073907,0.009059063570114066,0.0017525655101288105,-0.9940067161027564,-0.26070044814572074,-0.03273260078561308,0.008452578109892325,0.4975985713705253,-0.24863873069838502,0.0090463681715027,-0.23361642958432516,0.05956178300443559,0.009175589685025434,0.586055544966463,-0.32474820255139847,-0.03240848835883094,-0.2123608119738579,-0.047280421649282305,0.022513981338235792,-0.19616316541232756,0.07908676602460765,-0.657305084684752,0.16859644058139162,0.308274361267397,0.4973751658777016,0.397163042456016,-0.9219422067073816,1.1814595594598294,-1.4206641391961612,0.02428049728853674,-0.36807652895942555,3.776787327981087,-1.3343058852105845,0.6577857055400615
28.102,15.13103501627188,20.550689487457227,0.8134318699567052,-0.12566446107016183,0.008886698644865253,0.007331019427380333,-0.9920059102471596,-0.23563634107988796,-0.012326171933533366,0.032412154409033014,0.49928479689570987,-0.2814939001917439,0.04233334946613444,-0.2971777255915772,0.0637959587376163,0.005815096596200399,0.748743744442956,-0.3968665377427781,-0.0051756284234526105,-0.2369790725597117,0.02751058644998571,0.04932697996696642,-0.23680812587632533,-0.0895815609675125,-0.6614033727353988,0.695012964727348,0.4715335571947145,0.44007307217896396,-0.17863555014656118,-0.4829966858169508,0.3363056771403581,-1.0196077207681626,0.08835213561698156,0.09499486240171133,2.0836077112900413,-1.1068372855349258,0.4617321838682182
28.152,15.11898277856682,20.55321189587979,0.8155832083943267,-0.14237135912787569,0.007602271980050337,0.012723387409619714,-0.9897023375609691,-0.19849611445816218,0.010997381297949787,0.0567302355644885,0.4852174682234545,-0.30156413139211785,0.05130366233524306,-0.3456217879847858,0.0649811865556349,0.013867110219161798,0.8083933511328414,-0.4238894313674108,0.01884819943944849,-0.24387605657061198,0.0685998502215737,0.03520574756975632,-0.15209462339665178,-0.03921833341439581,-0.6845756966753753,0.7576263993107893,0.43051115280099567,0.5322673129136498,-0.35990135396325523,-0.3425511298376531,0.06829153689037422,-0.9568631738162994,-0.08519971221652309,0.09557908976215866,0.5214340279721228,-0.18982347797995025,0.4306027178048194
28.202,15.106662430002082,20.55747927087405,0.8168251790151039,-0.1594380761723996,0.007910444007911964,0.014548136092270555,-0.9870690332891013,-0.1611913009358264,0.028446985562628133,0.08628155568221925,0.46390239335753847,-0.3163281570364919,0.0518633727873213,-0.39484468647734966,0.05498404175252768,0.0118200252992924,0.817505863475099,-0.4288283732380184,0.0347921103269489,-0.24903748249594473,0.1007254167984834,0.015129538784770264,0.008894628618473805,0.060550933477066804,-0.6929854042362216,0.7306791959231044,0.2637400139161851,0.638804151328326,-0.4819700780862861,-0.25738827206108716,-0.02322826316568409,-1.0008927063083854,-0.2935734452155679,-0.18219150059914013,0.0016628029841010607,-0.07067509462937514,0.21803485017216415
28.252,15.093839493315508,20.563311513846788,0.817292084381749,-0.17723045503322213,0.009776404047019644,0.011540893340558868,-0.9840531466915426,-0.1218095766595959,0.03610171354719775,0.12290999603180204,0.43121939220078026,-0.3250202999617446,0.0496670859961871,-0.4420753214390257,0.03275042385218667,-0.010777577254082927,0.8132313396127002,-0.43013263943417845,0.03873685269497206,-0.2655513261511485,0.1336836443547846,0.004089813750182341,0.1947050370192806,0.13239012059816277,-0.7368208658208159,0.8580639698780639,0.05343075583950404,0.799182507818396,-0.8119050728157619,-0.10643771773921464,-0.0572082276030498,-0.8268077618783441,-0.5440173994515096,-0.6557147719027128,-0.19573545194066438,0.05774699152617658,-0.0036175975401130543
28.302,15.079967022421362,20.571181955113577,0.817047744132104,-0.19561972427559965,0.01184373505198854,0.004742952950600174,-0.980596835509714,-0.07541827077833572,0.03456499264065785,0.16471752161921913,0.3858070410470965,-0.32876325187287053,0.04781549705416223,-0.4720581271014731,0.0057478637271036566,-0.047847198870942666,0.7939832623470702,-0.41103443481347307,0.03326068814514147,-0.2878403327728701,0.1809204866179307,-0.017076119250605388,0.3084115681992836,0.14200906710777905,-0.7481033977231796,0.9665966253235211,-0.09689661232186529,0.8554902995941328,-0.9325548416198319,-0.08035490823126636,-0.014544446601902059,-0.37849237074761394,-0.48620799742160487,-0.7485487589999055,-0.5496140666652299,0.6226429605000499,-0.1598419725251238
28.352,15.064809940355351,20.581596322629395,0.8152611057076813,-0.21442757107820146,0.012389710934178151,-0.004426396854773715,-0.9766512780083562,-0.02264286603980884,0.025752423635465312,0.20855224418022889,0.33934468987097754,-0.33459350521664566,0.049016064266450554,-0.46918839460677825,-0.016126501713593217,-0.09299609193706486,0.7317092784824036,-0.3419247468743176,0.022080574596822028,-0.31405171534807896,0.23527023188508642,-0.062220121958389336,0.4108754019262596,0.05072680274302213,-0.7593986851601121,1.0636914729982598,-0.23902996378252261,0.8464522313330055,-0.7638122858383146,-0.22440170949152635,0.021644131114495316,0.49879408084663995,-0.27943698928045635,-0.9170054069390478,-2.0305223674842043,1.9411573128095576,-0.24104690034777657
28.402,15.048978185681094,20.594406683974743,0.809398226134796,-0.23069392781406864,0.009243695694709517,-0.017713237501146884,-0.9728212101803956,0.012472378541469526,0.005277270103512771,0.22542353827259692,0.34411140386144384,-0.35648776252047104,0.030887419186793746,-0.42289622776391683,-0.014310451199569679,-0.11300592297597696,0.5899745074851763,-0.2350943484359024,0.005254393375636358,-0.32216955400733605,0.26195828324232234,-0.17616762552296525,0.8185847429849898,-0.08244455937320369,-0.5618405434851127,0.190321867466192,-0.7653023274533343,-0.5516770663312455,1.2269036653585936,-0.612764522020391,-0.6446521123319799,1.255668768028897,0.2048684862620226,0.3013931734325866,-3.3177715727145736,2.002782710143045,-0.40995908008728205
28.452,15.035272238700822,20.60656923142157,0.8046479632486948,-0.24234139210877956,0.0047757057244636044,-0.034358569985156476,-0.969570694160146,-0.05318387119406455,-0.03204883330411114,0.13487166776315018,0.5319187340408168,-0.37841765656452087,0.024751361722088396,-0.4097677037117841,-0.005010227840111262,-0.0596110468048084,0.5742630372737764,-0.18960478400444158,-0.07074539291409311,-0.23465514769208443,0.21344509705347534,0.013488558949718385,0.4474370274198321,0.04200900403285054,-0.5078337969636483,-2.2894864492065214,-0.9640690719053683,-2.951069922457457,5.200501987001377,-1.137371331442285,-0.015570008435164543,-0.255361562803113,0.019102841825956052,0.7026909273806474,1.2546522275026506,-1.2201906410877195,-0.8250924590433477
28.502,15.023175616203824,20.616737912316914,0.8067769018511757,-0.2543796079915611,0.002181011311401975,-0.04224551196808232,-0.9661788524627691,-0.14937226230295617,-0.06512024642004556,0.04431188869491389,0.7179862305729221,-0.4784056754985163,0.008084147499770607,-0.40053725256009326,-0.0011247322484484743,-0.029034268553049473,0.6032910331362514,-0.23288714306079375,-0.09461166118572137,-0.2543527439278359,0.2039285360468004,0.05636511190727389,0.24029342973247983,-0.1347240335020298,-0.5338510947964585,-1.4250024880781051,-0.23448980297481248,-0.8769036348918045,2.0917633801784508,-1.8177237944817843,-0.3747801209195475,0.5468590345499418,0.17364184542451222,0.576308153762871,0.08704270348700673,-0.5837198070891952,-0.2880514362517462
28.552,15.009880844009935,20.626629165219462,0.8096394575060724,-0.2679510130975692,-0.002397510301390964,-0.04551793274686455,-0.9623536898265584,-0.20744880659986037,-0.06761696633249009,0.021428612364595347,0.7714688608270346,-0.5277494779889292,0.002856859506342871,-0.36602354766955325,0.00902850378417894,-0.0010064311678743693,0.5974890683986068,-0.25522432823461966,-0.10280322632248973,-0.2755830021416945,0.18997994840066304,0.05500947154852393,0.13319519649494055,-0.17550299122383503,-0.5763135257212049,-0.9771879552621168,0.03134683648294108,-0.19814681229898706,0.3251788048969717,-0.30540700134775367,0.00033741213853657245,0.7560597167357443,0.22129681160171527,0.55385551421594,-0.2259361978319705,-0.3466904491478875,-0.09638329326432188
28.602,14.99562595660789,20.63571522600728,0.8121183023126219,-0.2821785302927509,-0.006456791595224459,-0.046108174671347806,-0.9582315080984312,-0.2502308083168497,-0.0666568504829159,0.014848863114786615,0.7706557054418987,-0.5251571080006219,0.0010583242836421929,-0.32657719459291695,0.02132973984977945,0.02570802755611627,0.5834246998849183,-0.27043452023426845,-0.10655800884436915,-0.29363445058108584,0.17463170599233413,0.04454668204475614,0.01353982101902946,-0.1760852560010955,-0.5879062280866084,-0.7629712885019517,0.00132164331224042,-0.09665468567597714,-0.186739712939462,0.27106675075277475,-0.09124471830715042,0.8171289088208263,0.27080294491542556,0.5134678065293523,-0.32854986535918146,-0.27995632037752627,-0.05630400368918849
28.652,14.98049836879387,20.644114773107287,0.8142812397493862,-0.2965459891318482,-0.009475124428755966,-0.04379964725185709,-0.9539666080358817,-0.2840225972837665,-0.0676908487834212,0.010309890802520554,0.7566646539216689,-0.4991315161069559,-0.013899824859357363,-0.2833453032703255,0.036471785710715424,0.050902207197252906,0.5618342546419045,-0.28172230515928315,-0.10894530175010515,-0.31124191739923435,0.162877127797583,0.04253078595157256,-0.10993958612206753,-0.16512898600785855,-0.593646647734274,-0.5848346437259417,-0.03252491908422402,-0.07802593313754735,-0.35464160663548416,0.6346381911149365,-0.4095222147432077,0.9163479693681321,0.33055350862692173,0.4924362908258198,-0.5366114942111154,-0.17448025965138433,-0.034148512078090915
28.702,14.964443733053784,20.652053626483287,0.8162749695271109,-0.3107630036035393,-0.011235928737119826,-0.038693181059318724,-0.9496330592582755,-0.30677087789177737,-0.06906439560166783,0.00843848601947189,0.7312227927011471,-0.46603008594615725,-0.0321009130442926,-0.2352946269473655,0.0541564637884459,0.07473919023341064,0.530033777507596,-0.28821249198969096,-0.10963491577110294,-0.32950999192990865,0.15524066965190217,0.03464878428940488,-0.22949855753308965,-0.13678494153343077,-0.5780384311212012,-0.34013287043714663,-0.01973026463376259,-0.0063290338021958015,-0.653894348110355,0.6349011955624541,-0.2877191752667323,0.9804276365714382,0.37435696377711847,0.4561020885830551,-0.7019576004809513,-0.10153356434555588,6.115774811882768e-05
28.752,14.94738093526136,20.65980569711054,0.8176564169334377,-0.3244411172450438,-0.01133329605820428,-0.030914018757242537,-0.945332661704609,-0.3083043412913495,-0.06873176564438874,0.010184213657448865,0.6626667040605896,-0.42046387818677505,-0.04115421892677734,-0.18443580041621516,0.07426573391616777,0.09687369835416686,0.49100293708641113,-0.2916851036189226,-0.10748350025056957,-0.3521734559416986,0.1549536055010644,0.0159828875631438,-0.35167283813525574,-0.10865946150434816,-0.5598499108159307,0.3058181208714077,0.04477517264089195,0.11659098195234302,-2.190788198824814,1.1530219066363048,-0.06603288662703766,1.0181751874172347,0.42764380393472123,0.4281109629489439,-0.790293039014932,-0.07345663268706257,0.09451444490690271
28.802,14.929448879601438,20.667623840118782,0.8166434750419962,-0.33707859164975096,-0.009226237374777957,-0.01974667893973575,-0.9412241859759952,-0.27207326294274403,-0.0622019206628672,0.019935616175761964,0.5010187451675313,-0.3480496763038711,-0.04264010570942597,-0.14018790016649485,0.09984517723456592,0.11495733188096272,0.46386074418757334,-0.3022954366062275,-0.10030646610170392,-0.35669716740947416,0.15964599674171395,-0.0736944556301698,-0.5971669497614027,-0.051249216412023665,-0.46812903904888725,1.0251891963571265,0.2505253365786608,0.1539024833846824,-3.895252937275636,1.5126875571884881,-0.02975880326562703,0.6637173086949996,0.6662613012708817,0.2340329425173733,-0.13876111363450344,-0.42997493202098575,0.16004373283928117
28.852,14.912545546318233,20.675747746022132,0.8128948161263247,-0.3496892767907027,-0.004499132230433888,-0.006584102035501465,-0.9368317976601536,-0.23771041538213875,-0.03822724067903043,0.02595601723288134,0.431584036371332,-0.1823853546088233,0.011258996865066645,-0.14602750073114937,0.11515107674120757,0.05929755117575757,0.5230737648450771,-0.3401492747504075,-0.057652258552582575,-0.3103253371585665,0.1407595843477347,-0.02504817688807166,-0.3094427082123944,0.15074197721216126,-0.607571436012702,-0.02294079280465799,0.37756228356692106,0.3488145906690255,0.8532965137472482,-0.3223942174790013,0.9146992783617113,-1.4284925528057884,-0.6159202069851067,-2.9762993775952182,3.6572632323160716,-1.8278330780888299,1.3647149824385056
28.902,14.89726089514537,20.684462023167185,0.813828043670685,-0.3642520339664552,-0.0012972004307418906,-0.0017857626841645457,-0.9312977955917108,-0.2207827808096959,-0.021069185398476194,0.045071945417800276,0.4608775079072002,-0.2404167188829719,0.04340053323206929,-0.22350868779166153,0.09376900905670282,-0.00549577205604372,0.718948424683055,-0.4017877734972888,-0.01867144610220409,-0.30096577275221553,0.21007858937412457,0.034692537325565695,-0.23359288727797142,-0.0443914935171109,-0.6718410082117545,0.657699056858245,0.42191482713271844,0.43062274764928143,0.2442753470948105,-1.06768193846718,0.4409771272174742,-1.457473360959609,-0.11631129699767563,0.06101447967117084,3.119253322534381,-0.6881017415046151,0.3505806779352037
28.952,14.882726825616192,20.696404731289807,0.8154477189375172,-0.37897374515454607,-8.041586858507514e-05,0.00449441597841117,-0.925396506499695,-0.18269651934491155,0.0018821161831676964,0.06475216449869356,0.46337233137024486,-0.2834138067815135,0.05627638508107693,-0.29357850558313736,0.08718902631028146,0.005477541306057039,0.8171689566134299,-0.4210871798565261,0.001975980784513195,-0.28394617205173767,0.2589984306866976,0.027380678792351325,-0.22075635679206834,-0.026921995081557286,-0.6348893032120503,0.8398068906455546,0.4509176884606377,0.4299360573237464,-0.14228896738201435,-0.6759575800497921,0.043879093726753124,-1.4064934156360942,-0.22461800979432756,0.2394845432711814,1.0796228513673916,-0.15329825640395917,0.4682798767301132
29.002,14.868819701307231,20.710241373708122,0.8164043292974934,-0.39345201931735757,0.0017197699913009852,0.007627635150574881,-0.9193119003190819,-0.13906122442352917,0.020767617475403496,0.08919382998468245,0.44793656985853,-0.31023421924100775,0.052678535642869145,-0.36405583131117736,0.06905211216125538,0.009297963667867901,0.8397638243608226,-0.42685865353197233,0.023777083325662748,-0.2728314589522283,0.29250174398934886,0.01027801420052004,-0.06377097608134775,0.07450593769665559,-0.6236956993375818,0.8857143612499934,0.292134310601651,0.544441457646815,-0.44063577288196976,-0.43699777108193083,-0.13117081185815285,-1.4057009454393805,-0.46275117767707147,-0.07226681712568327,0.05695776217827722,-0.1064541670860782,0.3615002551229621
29.052,14.855283801670915,20.7257724609803,0.8165487987829617,-0.40812919175495427,0.004111416760319433,0.005428822987116147,-0.9128987824346388,-0.09147113648224527,0.029482075809910472,0.12132460281722694,0.4147001805390298,-0.32592571136388165,0.04497501793245044,-0.4304908723787035,0.038646067762646424,-0.008908335260954057,0.8323699678030503,-0.4283316989200347,0.03333951905179259,-0.2699943099477302,0.3307855818525743,-0.004036090149257464,0.13124321441513487,0.1619898476231304,-0.6430831591506421,1.0270597359407523,0.06070868583005416,0.7061871241340223,-0.8559682091616458,-0.2305879279814405,-0.10556334912582697,-1.1827436447549988,-0.7037975644584239,-0.6083196723630969,-0.3392172057667445,0.12219852130988038,0.037100771889606136
29.102,14.84188099545845,20.74372795606067,0.8157730759191802,-0.42257411993216887,0.005963704338299582,-0.0008136250038681437,-0.9063083831723459,-0.037005326522024054,0.027505647817190677,0.15755967621448752,0.3668412971372803,-0.33626052757121916,0.04641557668035417,-0.476411862465411,0.005512273876791091,-0.04478679503274825,0.8047229724524,-0.4027347448023179,0.030956080177480996,-0.26455873275960246,0.3865293510891386,-0.030469670862215654,0.250709226616633,0.18036531451961482,-0.6193607666623193,1.111147183058177,-0.12010395459383849,0.7197607356256045,-0.9659552805541528,-0.22977604335561438,0.18323087467828347,-0.6596430311462484,-0.5636981026241838,-0.7442977256752598,-0.7213829058778845,0.7822402890094133,-0.09695757782580006
29.152,14.828853403215199,20.764650354441454,0.812959248692097,-0.4361746325183953,0.006070735969576253,-0.009100167694080799,-0.8997955451435454,0.01989312998109224,0.01791459798031409,0.19197366659333104,0.3229416241085396,-0.3503696951949441,0.05741218932545442,-0.48478712273684876,-0.015772042484892095,-0.08949685693673602,0.7316851245097048,-0.32261529127785105,0.021843663092022465,-0.2523320226555198,0.4460432944389619,-0.09134846622164346,0.35326472368826106,0.10536082633844374,-0.5519437700869885,1.0339006194254357,-0.247032482077187,0.551766279637799,-0.5339934564510516,-0.4030167897741303,0.08059859603750566,0.3378550718718536,-0.177896577331851,-0.8764278415719515,-2.3021394847670993,2.2290065365973883,-0.2503664495143307
29.202,14.816318060118975,20.78765899208787,0.8061112186907052,-0.4456858394692417,0.00027379415346461553,-0.022948017971460788,-0.8948952150975781,0.03797022323549859,-0.00768241290918641,0.18219310330032096,0.36991203652782395,-0.37032734898763964,0.02515830639991453,-0.43846115800737656,-0.011767286472849336,-0.10329662818754991,0.5705947983081017,-0.19940731301533887,0.00710914751734084,-0.26099174149532883,0.46481005300712736,-0.1830607892511933,0.9495319589941094,-0.06710165794049376,-0.29016540101913446,-0.4027495936623372,-0.9279653249433771,-1.0558953691645412,2.6112730976661975,-0.31927108181540764,-1.1421433331398025,1.3182961799961104,0.24304927103834523,0.8463238605421097,-3.30713806163451,3.0722070094236087,-0.9374777560494736
29.252,14.805364877547666,20.808542965923063,0.8025264099428282,-0.4520154522370002,-0.006074444084748536,-0.037631578109700206,-0.8911952627774764,-0.04674698407831178,-0.04545704227799634,0.09468597505922768,0.5978054560715035,-0.3836824829271811,0.022944751524824922,-0.431431303920157,-0.007891786678171,-0.05607648511166065,0.597413286740282,-0.18436912861780178,-0.0836896753132591,-0.1993315866400021,0.3771455130741223,0.017007123530904222,0.38217975877716354,0.07897556038598666,-0.28339978760107043,-2.217174343576688,-0.8330253919853158,-2.2194350399437797,4.913434172276932,-2.1506665803929095,0.07850838352054183,-0.10782727108758318,-0.0794484976743999,0.49940192276533146,1.3758141471598009,-1.6829403282237627,-0.4826402297319244
29.302,14.794990671253771,20.827296404406507,0.8048666390444261,-0.4581578941549583,-0.009451053013934152,-0.0433787982665495,-0.8877613989588486,-0.13266040673434384,-0.06764910376222663,0.03352093569960999,0.7454150194238058,-0.5025294858139182,0.011485605102439608,-0.4115700656734994,-0.007789667568325795,-0.035579080871089436,0.6275683533262602,-0.24313805911741282,-0.097845863276349,-0.2169743940654645,0.37687982248921087,0.06216396479385908,0.18228676061506174,-0.12336987862583287,-0.30050232436599483,-1.2969046719029296,-0.13677296511489884,-0.6256636990980273,1.44871424124923,-1.7240401626296264,-0.26424397164453517,0.7652923887988166,0.07887406005796566,0.36255915069474365,0.08609931583125521,-0.8325309160682064,-0.18236478737362988
29.352,14.783612256524346,20.84584186550887,0.8079228349419619,-0.4652224460197693,-0.014047294094755474,-0.04448379340684425,-0.88396376700187,-0.18946184502361382,-0.06808929499269468,0.018565593296800183,0.7809436182386684,-0.5411206599096152,0.0074116174495574075,-0.36674326988506883,-0.00267742098916868,-0.0186766730024827,0.621887373082831,-0.276453223446583,-0.10297754380553745,-0.23662878464653755,0.36285981435293074,0.05598705346391028,0.08060635330930364,-0.16318416341829006,-0.3124260430785016,-1.0629778378586976,0.026413542747895452,-0.13998225460506195,0.2680532866002743,-0.11953355458498263,-0.03501524031248412,0.9495233201937457,0.11134325433683298,0.3085301204771243,-0.22225393018604472,-0.550832986309674,-0.05322114288114092
29.402,14.771321523554375,20.86356412083172,0.81034373495513,-0.4720587978082162,-0.017445535925131216,-0.04329955883293468,-0.8803302180960398,-0.240494086889331,-0.06752950323513511,0.013579266182372691,0.7851575312692922,-0.5323614154247869,-0.0009481470707297987,-0.3182458384298746,0.003759268075966217,-0.005022662713388388,0.607473914056797,-0.3013916394310552,-0.10426333841124041,-0.2540669019315406,0.3471385916304386,0.041945210721348006,-0.02902214605747512,-0.14721540456868049,-0.2919711185002273,-0.9872947474566275,0.0004400516106603089,-0.07047416709090917,0.0027507625235758913,0.32473287471059387,-0.2535018379177937,0.9864656737315958,0.14802948337890495,0.24179841824423196,-0.34942287553174783,-0.4631379271615329,-0.007214460398269086
29.452,14.758222844108458,20.880581444986632,0.8123436193768007,-0.47810830836212637,-0.018911209825818457,-0.039873094940043555,-0.8771915115400589,-0.2884763609944953,-0.06748970573458112,0.010254982792446878,0.7832239256416555,-0.5033206141387537,-0.02219365293548864,-0.2668782509448507,0.012483534774827294,0.004921233919139049,0.5834201641701251,-0.3207694627689881,-0.10440311748427046,-0.2700265412118666,0.33524549263556397,0.039055594308119265,-0.14635113108539616,-0.11437986646391093,-0.24592007591061346,-0.9010129243341113,0.00619961288321767,-0.050079022412247744,-0.13177627992949645,0.7576120661780256,-0.47500208541930455,1.0729534154569593,0.19704221959295737,0.16341530826642361,-0.6112611793577456,-0.3163694164099966,0.0030848057550179023
29.502,14.74423525449786,20.897135528523272,0.8141624034831116,-0.48329097874946025,-0.018396449207264066,-0.03453286700513268,-0.8745849767817653,-0.327086614181974,-0.06642205906733237,0.00976761716380361,0.7646796472256975,-0.46014140267635834,-0.04101249722810122,-0.2113449358708324,0.023330737186323842,0.01176229830447645,0.54663375681863,-0.3332962735284804,-0.103473003409474,-0.2884726842496622,0.3268452031294731,0.03087038371832503,-0.2421994840806447,-0.06833755613529245,-0.21201600236629645,-0.6507517046574974,0.03090730906924166,0.01211531280340641,-0.5912503275907384,0.8754507576326989,-0.2673838978622141,1.121242500332034,0.23513473413917255,0.1143181323924351,-0.8198449456874346,-0.20556678772052062,0.03630240931240812
29.552,14.729290120913028,20.91339887494183,0.8153187429902702,-0.4877942081026447,-0.015713430639350334,-0.02768384674926503,-0.8723780735829053,-0.34433163876390155,-0.06216652164950711,0.016982199554789697,0.698226826484829,-0.3966893829481429,-0.04667394568971103,-0.1541432834320824,0.03630904816180307,0.01649496459134611,0.5009824884239096,-0.34104434515637577,-0.0996515251821383,-0.30898400663781683,0.3225574650455881,0.009893492362092787,-0.3328034282313198,-0.023507743981557302,-0.19175637710610607,-0.020282532225872018,0.11714091645544739,0.2825491703362589,-2.1230808568406907,1.58320304480251,-0.009553049617974995,1.1221580164105454,0.2793040304787394,0.08431392337654929,-0.9180801239933805,-0.14750223918898736,0.12424375742445604
29.602,14.713444316182814,20.929166011247595,0.8139100268356173,-0.49235440756934395,-0.010698509940090754,-0.019009840765616987,-0.8701214312877069,-0.32559956791915523,-0.05775511743916135,0.03320270232318686,0.5465189509234177,-0.30048160844192096,-0.04491189613789627,-0.10815301338809001,0.05276003206467119,0.01779467201561051,0.4729430458005577,-0.35513893794760465,-0.08908061007302212,-0.3185741388282163,0.307601451466769,-0.08054547030633843,-0.5170773418477592,0.012030575674035333,-0.23629024711036964,0.685166600069065,0.06381177762891665,0.20362120485164314,-3.5872591545951646,2.035595829703052,0.00015554174609586102,0.6247086166809342,0.425997290420323,-0.15017587132508758,-0.005899832466096662,-0.4795172177853787,0.3022751636009187
29.652,14.69893745095883,20.944278539183628,0.8090321560854533,-0.49944289877949055,-0.0019068238022355395,-0.004023943836909256,-0.8663353639080673,-0.2995130206075414,-0.042455781431207734,0.01332887738791016,0.47025256093200424,-0.15536587262252965,0.004359645054097051,-0.12466369859964051,0.08274486076869826,-0.007263475693515992,0.5661207281323212,-0.3689887699110063,-0.07200585772276272,-0.26204675348228407,0.26568374018287105,-0.038613998931244495,-0.4965105275028864,0.13957946311163427,-0.2604673567809106,-0.35839890997767293,0.36488820523176735,-0.15186352161429462,1.5976429244087853,-0.9552595985963016,1.0247479357232256,-1.5434440424473292,0.19580463958760225,-0.7901719486709305,4.122850253955761,-0.32822691286388944,1.0405971115773642
29.702,14.68640417405478,20.958459105166227,0.8095924490160145,-0.505115700855067,0.0030841485578895172,0.0021428361577055773,-0.8630434664781192,-0.2937697501769802,-0.029065612470288747,0.013586567328487774,0.5222513174035989,-0.23045839186423261,0.04025001911745348,-0.20392519120479344,0.08281779878107376,-0.01619068004714435,0.7607557874646951,-0.40938310211102574,-0.031106187104910914,-0.23422747543599584,0.31396901749136724,0.03460834934542166,-0.3042415721248167,-0.0588123798164172,-0.3111627494495669,0.5248101282087991,0.34745531593530843,0.05681772435956066,0.5363800378093896,-1.261951690887048,0.49504919010473236,-1.390647739365432,0.06298068687519305,0.28652317445203557,2.85596787350891,-0.9770257926156062,0.4837443642224547
29.752,14.67561156855728,20.975412964682533,0.8116237787193566,-0.5112281771386168,0.0051403477833522815,0.009902504178691233,-0.8593726014571238,-0.25854770017174245,-0.010212616696183268,0.014428241576041318,0.5344334817746825,-0.2809128322109805,0.05946330061671932,-0.26799810756577747,0.08385052757378514,-0.002581592633219356,0.8436875093934434,-0.43588934117703143,-0.007557718651780591,-0.20101219142467436,0.3585061784276973,0.04178899856438047,-0.28320798969484,-0.08740337517045964,-0.27914805066290016,0.8247534881700419,0.3838611050647599,0.022286159599104897,0.013840128753125264,-0.8034706123444559,0.20376412572268288,-1.2648199829370663,0.0038993166039786482,0.32565062683978224,0.7876467985586523,-0.08793029505057331,0.4764222335124876
29.802,14.66620082194679,20.994117310365482,0.81342306178818,-0.5170409751599101,0.006489246439651419,0.015147710027577008,-0.8558020019649734,-0.2145381940003262,0.006689041530763552,0.018052663644940372,0.5261786009387714,-0.31314322421912355,0.06115378022884581,-0.3345070278486509,0.08109207226894087,0.011419467801032776,0.858295686005173,-0.4361865547648113,0.015910513651489027,-0.17821229815624792,0.3867956027571157,0.02878904372579425,-0.11959072844504674,-0.022920897497381857,-0.27473569952294724,0.9149879970933981,0.27198065506556335,0.14066441590843284,-0.3096710784881277,-0.5336861385019153,-0.062340779603684726,-1.3929126711807023,-0.1342898485615205,0.19158237233584932,0.010671721664333614,0.01621174909164755,0.4267585026756924
29.852,14.657679232166767,21.013969078472265,0.8145091481592875,-0.5237080380875649,0.007070666511483886,0.014716182754418997,-0.8517413518684506,-0.16681683289624433,0.015988936041067867,0.03241440080982632,0.500529084046489,-0.3321834162482295,0.054057287568705384,-0.40330016590636064,0.0667084909463009,0.01020723472876089,0.8490235607827152,-0.434417511443358,0.034950565334999975,-0.1641108565776214,0.4076262635972583,0.014882957311088631,0.10831323029811502,0.08436721435778761,-0.33488198509209754,0.9920642505998294,0.09524674567029709,0.3979740809413537,-0.6914101855822953,-0.2729015711633575,-0.15311750575320848,-1.2693737768181717,-0.45352085015421284,-0.29651049487144027,-0.4214243096689769,0.10885522617674087,0.23428576029460274
29.902,14.649888737903067,21.035122359830094,0.8147813678309404,-0.5310365982886667,0.007077813044392009,0.008863912968114174,-0.8472729589025039,-0.11624652371162805,0.01570616348473232,0.05536962760147554,0.4603346281832024,-0.34423620253315546,0.05342986173893172,-0.45404724526635515,0.039487192181876796,-0.016173740271229472,0.8143038588220678,-0.4159825466615812,0.0400797372951279,-0.14610893289070373,0.4387827176007652,-0.006408926199549429,0.2684594032139437,0.16698154612091676,-0.3450150704557461,1.0088124151760745,-0.08353416523950194,0.494274047201977,-0.8587958594393081,-0.2297723226524962,0.08388229297892406,-0.7611143967625853,-0.5426684588080776,-0.6354877163760438,-0.8771567838077243,0.5679509819454125,0.023284140714294545
29.952,14.642966905300282,21.05807321882657,0.8134878404267419,-0.5383229476639252,0.005954181159550607,-0.0005984520884301895,-0.8427173865539033,-0.0648291950428759,0.0065922672534193824,0.08087723301792685,0.4176260729359082,-0.35681099214322015,0.06452945381545336,-0.4672841491573392,0.011692571910518666,-0.05941142577748464,0.7344991021839796,-0.3450672964552264,0.040287394379017086,-0.12966245613163294,0.4771963916698215,-0.05515362270234976,0.41188259536035776,0.15059951858571047,-0.3155380911656883,0.9831785018047091,-0.27327376161776273,0.4783820507830074,-0.6868472994175965,-0.34679853509967046,0.2816136410943622,0.26994929223522224,-0.4729369613442562,-0.9570512055449797,-2.4547214830207693,2.1240767353099415,-0.0008417993836300931
30.002,14.636718563013446,21.08247488900077,0.8080043125931294,-0.5422578799617326,-0.00021048547297377568,-0.014329174607188112,-0.8400898892799211,-0.03659063768938375,-0.016242355034617316,0.10188250550694641,0.43284413020631696,-0.3756908069139754,0.0497332980814284,-0.42321111004947676,-0.0010156438568694024,-0.08082449544301457,0.5648039873118684,-0.2274638529289417,0.03924216069886024,-0.1314642395048525,0.4925618893861808,-0.16585949875521164,0.8726796388385089,-0.003364916907963722,-0.05529168469524904,0.05575996168200799,-0.8101117682139117,0.07087478551364133,1.5011044691636015,-0.32119749825424543,-0.854430617784478,1.2372555844323478,-0.08826658648469306,0.5551762002085521,-3.394531342535587,2.9645127714417083,-0.5742996597471854
30.052,14.631118378403825,21.10530489049855,0.80430933925073,-0.544104635473079,-0.008443339177438095,-0.027516088802237118,-0.8385235360663826,-0.08180933808024964,-0.048516460005606235,0.07406518323213254,0.5899142940913165,-0.3806744606035418,0.03668900575718748,-0.4078870597474316,-0.0006285602329429128,-0.03950555008262399,0.5750929371030005,-0.17651525713320676,-0.05473350039623694,-0.10548022585994668,0.4152508987023039,0.01923392435165327,0.36188398881203054,0.06058829565479154,-0.12124166108482118,-1.557682579535124,-0.7315413407108288,-1.4131977842387937,4.006166712200633,-1.3744312792285673,0.014229812403832419,0.014305187414808608,-0.12137638902490208,0.35384543523912965,1.2365021125795286,-1.6114042925250187,-0.7436782744864324
30.102,14.625234041821345,21.125672709260524,0.8066482727779101,-0.5456071043699439,-0.012120654207078866,-0.03272710940702552,-0.8373141069589702,-0.15118433567024023,-0.07237755837440465,0.032919455927420696,0.7305585665423339,-0.4857868365149595,0.031087443524550253,-0.38629097778566807,-0.005030818911682881,-0.02745353560386169,0.6032913129958293,-0.23591255345357987,-0.07681042066164878,-0.13012961586906094,0.4090218736726175,0.06039951227622982,0.1717546640297288,-0.10025826880503944,-0.08264280416710738,-1.1015512754264576,-0.1970844168348222,-0.36631502412842665,1.6202233363616692,-1.8058488006327877,-0.18480521040176032,0.7714603918527009,-0.028322524937941646,0.19054921862070165,0.08514953907569524,-0.8599095777795636,-0.2835341104892503
30.152,14.618016562132976,21.146007440791983,0.8096003736491835,-0.5474375643853164,-0.016350027814482394,-0.033384004701973585,-0.8360205128586241,-0.2001904126404181,-0.07521667553784502,0.024330549944478887,0.7763119109152686,-0.5323666034149591,0.022571786883015366,-0.3409505443023573,-0.005324731319259889,-0.019815365550392233,0.5971908025635474,-0.2706651351094448,-0.08538606857191726,-0.1575252638282953,0.40258786904341576,0.05389237665551546,0.06913868967300375,-0.13573991660647466,-0.07856747452148803,-0.9232258622895247,0.010731541219702906,-0.084824741150518,0.44701411647546313,-0.2483646735538702,-0.18894062064152609,0.9666329622369418,0.0040772705417310194,0.11690822911495542,-0.23662364620277565,-0.5865519217609994,-0.086445153161567
30.202,14.609439921779177,21.165888012838106,0.8118918896924733,-0.5490441508760274,-0.01911492866892353,-0.03210829748975316,-0.8349576019913305,-0.2453828840251901,-0.07324103025895697,0.02072288979514802,0.787560069543321,-0.5295197525549439,0.008818814439978421,-0.29177795936934864,-0.004173423101836797,-0.01553671126442805,0.582017958845107,-0.2973554591770183,-0.08695207737955299,-0.184612961055463,0.3931150712839919,0.03872339303825878,-0.026722725909933156,-0.10851277891667804,-0.0701950103033254,-0.8897655981794373,0.058275722262680206,-0.06954267341720942,0.09391427335642016,0.2502238588582568,-0.31779275187445477,0.9932168801561023,0.04315829672928948,0.06415201568898077,-0.3606217176217312,-0.4969536386942651,0.002656812273722594
30.252,14.599580139994693,21.185292688056794,0.813648766616144,-0.5502125339999396,-0.01968323842047145,-0.029212244674061555,-0.8342813568070131,-0.29051442026807334,-0.06905058970774079,0.016446649848799087,0.7898246630624148,-0.5020792421646334,-0.014295630994846669,-0.24058886029659046,-0.0006032263706484597,-0.014412700571930849,0.5578551033942133,-0.3183119892198022,-0.08579629188584426,-0.2093429850744152,0.38384753039581354,0.032333352163465647,-0.13444320324160589,-0.06356855265825816,-0.03958860070322868,-0.8894776771386768,0.1112001259684097,-0.07249045059660421,-0.03604825603620396,0.7510009184411959,-0.5041125695431083,1.0544613907719464,0.09899370692938828,-0.006222032272774111,-0.6006736553370031,-0.34619649176739575,0.04039340052219634
30.302,14.588402237533629,21.204265015263278,0.8150449102650443,-0.5510804866262127,-0.01798826152622787,-0.02494922867814031,-0.8338850374574701,-0.33044001772596676,-0.06251137102876873,0.014992102056373134,0.7748327291868657,-0.4581119083331734,-0.035198141045061214,-0.18686753292385405,0.0055880691346274595,-0.015579247544113101,0.5225222096947726,-0.33251766593126375,-0.08315319869459975,-0.236507394505652,0.37455855617276873,0.02101209916279141,-0.22046289330398616,-0.010091864026230206,-0.03318554231252606,-0.7030331176612467,0.13669427407878518,0.0002454027707330295,-0.5609190490996042,0.9055885884760828,-0.31803050140053557,1.0702359282849137,0.14670536452349223,-0.036081487346854846,-0.7720722756878692,-0.2452366223979474,0.06230755866495285
30.352,14.575880265603889,21.222864749184392,0.8156024142403262,-0.5518408478868451,-0.014077041809817347,-0.019439332125094754,-0.8336039994289507,-0.3509235717309355,-0.053456920969675054,0.02270869578291387,0.7070164319948015,-0.3903352227742969,-0.04490687961318134,-0.1327053672219702,0.014597841387773671,-0.01816811507680125,0.4804001471531141,-0.3426860827501133,-0.07863958406681369,-0.26388586417359927,0.36853281932254184,-0.004395030589341764,-0.3131558247698269,0.023477424757918555,-0.03845979805427062,-0.09155745167417914,0.20293012017568346,0.32486400477734767,-2.1888917503675227,1.7232541994532298,-0.05437964501605751,1.0544363962456869,0.21012578069702045,-0.05337731299201437,-0.8209720379265906,-0.20951125682118527,0.1294105331708341
30.402,14.56211504157399,21.24089105865218,0.8133520704259439,-0.5534520886226646,-0.007908239632490845,-0.011703417192795084,-0.8327612355117983,-0.3366150930278155,-0.04657723337461396,0.03876350173959141,0.5534599360769579,-0.28428081930662374,-0.04924023524389598,-0.09138388594185151,0.028496996231600635,-0.023002754702291076,0.46106071112109265,-0.36055266952107634,-0.06866844519835096,-0.2789106082815795,0.35300804370797484,-0.09711271151979932,-0.540395366253452,0.027317195786752305,-0.129644349921972,0.5872409587739477,0.09405620426001496,0.11418232952306989,-3.5842379079797606,2.276751782132923,-0.18358212685846398,0.4860461455187685,0.4199404718718406,-0.21690187859778598,0.2994840519623283,-0.5300356647892042,0.26112435917550986
30.452,14.549521460407709,21.257890018530908,0.8086528841581228,-0.5574422963491716,0.0022364500185244503,0.0021622569555640085,-0.8302098585159869,-0.31799983028754597,-0.033236674718024065,0.014806778865554478,0.4958817484118001,-0.16726780398012409,0.010805759627307537,-0.11700835006326252,0.0580318881744079,-0.0370645466837198,0.5726070567670256,-0.36998576573395636,-0.05586541313628391,-0.2267732695960869,0.2984024902271873,-0.020200827951648997,-0.4674062989504331,0.16411340070324104,-0.11793936719507425,-0.3390971940469189,0.2901635398660322,-0.21106733053888643,1.5400312885734422,-1.3886014018977917,1.0812790528720218,-1.689306356768684,0.3279252951077966,0.03727986178542201,4.448721825826826,-0.02107234519374042,0.6605307946586345
30.502,14.538965634415057,21.273725631869667,0.8094245530265856,-0.5601280490746318,0.0076550153040030825,0.008135680740075714,-0.8283307190243748,-0.3105179643496393,-0.022242787885659844,0.009708418511279241,0.5424375890026983,-0.23610022130888952,0.043828291587018585,-0.1974960944143673,0.0677699624183752,-0.016208091586715167,0.7690699463579742,-0.4134253352499432,-0.027325601379403926,-0.19044709720732358,0.3428213256866083,0.03464579800891685,-0.31283055768860857,-0.05402534614167224,-0.15978750014645238,0.5183375478066606,0.2918526595065471,-0.07371768161917067,0.47589549162135064,-1.105517970218834,0.42124487751035433,-1.3439169357962013,0.1893317765477481,0.4744348647536949,2.6201378805528535,-1.122904827767904,0.40180613691396144
30.552,14.530388786886189,21.29194155282898,0.8114682217268536,-0.563038989455566,0.009936248359077278,0.015606095745323671,-0.8262232247383204,-0.27529897512551904,-0.007079031823945712,0.004860163306023514,0.5525823530443235,-0.28141684347990864,0.06063661737793161,-0.258313675324253,0.0730400144684219,-0.0010999395547454478,0.8415466405843796,-0.44137029865782285,-0.008307986766763554,-0.15487079091922276,0.38029975519665327,0.042516925664643976,-0.2650688223605297,-0.0936295489967249,-0.14178835708503545,0.8136565438565183,0.30082911383972577,-0.08881577049139079,0.00015862974438128445,-0.7490939647824485,0.2259278627994728,-1.2058848512987204,0.08656665991206827,0.2722627660132676,0.6311689685989423,-0.09044385476596274,0.3971541336374712
30.602,14.523344311892286,21.311630930157722,0.8133268656619027,-0.5658329127893238,0.010983900788841032,0.020482545858943848,-0.8241922919094463,-0.2316140858682939,0.005551606248848847,0.002871905083846073,0.5443798095164613,-0.31270848063876483,0.06447475131780046,-0.3226921987494407,0.07543891689978888,0.010795063857938273,0.8526976205078953,-0.4395934967745853,0.01222299028404292,-0.12937305396833892,0.40546467309682666,0.03009511509706421,-0.09854309119626607,-0.047174696739525464,-0.1360228131119045,0.9115373933595976,0.1904507184046941,0.015077257924517383,-0.29259063121591866,-0.5384976680871136,-0.01566594493122528,-1.362557835667191,0.003539973155505522,0.18994169567994038,0.0004687195161050244,0.0771423760439917,0.38419018615464534
30.652,14.517320873035981,21.33235602046569,0.8144897817140407,-0.569476214816097,0.01075838169246986,0.020064498297623946,-0.8216924691696725,-0.18429351338664643,0.011588606422409248,0.010845443482476527,0.5204117996674933,-0.33247732149366305,0.05920807661679834,-0.39151381845209043,0.07017151843595411,0.013451460300176892,0.8452170645701607,-0.43450646321409275,0.030927623321249247,-0.1137370186189785,0.42358849151977485,0.0169342995807678,0.12378417005197331,0.052924453216874286,-0.205616830883285,0.979620818181669,0.03846156827557072,0.27186790552499546,-0.6418248726744643,-0.2997770339306426,-0.09292469284258693,-1.2908655388266947,-0.2590184610533403,-0.1790301996480887,-0.3629981196892912,0.14022048188312575,0.26982913083720295
30.702,14.512077954311241,21.35414694715432,0.8148992045095383,-0.5740885699727953,0.009708015024834364,0.01432351172521295,-0.8186103500950404,-0.13468088945507972,0.009052550527584281,0.02762177523233853,0.4825137535551865,-0.34549584237882636,0.05939222834686495,-0.44391208581271635,0.05078109596513768,-0.008772905264417118,0.8126357507922586,-0.4171122328421674,0.037853188242790006,-0.09504565072997857,0.44771490657445234,-0.0028901719714377353,0.2831069457901501,0.1466712325410324,-0.22853150334232625,0.9809450732397624,-0.12132277246027703,0.3778397700518349,-0.8209371381221212,-0.22952535007156172,0.0599306677313658,-0.7996905614281833,-0.43138584343264397,-0.5841870781742113,-0.854970407092888,0.5111465096020195,0.05515808679072869
30.752,14.507769461869051,21.377347191098988,0.8138662527437395,-0.5788376195798488,0.007810248114592742,0.004849777522051251,-0.8153910042682035,-0.08510966645810912,-0.0008373772989381515,0.04780041885080244,0.440575948480454,-0.35653244758788655,0.06430616456310354,-0.45954206660324537,0.027083553193136205,-0.049528623523638855,0.7347958332177316,-0.3516880178832047,0.03854832064380552,-0.07732073829344006,0.4783321941361818,-0.04788043790428851,0.41738608127219906,0.15612142328798856,-0.20725729571454954,0.9497753519225031,-0.27325323315408556,0.3938532759329977,-0.7145989047093285,-0.28646580066281657,0.08726274776277053,0.20626406591060567,-0.4379852451327017,-0.9285683416335618,-2.374987725089008,2.005399405519282,0.006161516623086892
30.802,14.504070025090433,21.401692733875063,0.8088993967394851,-0.580899422129389,0.001415289987165781,-0.008659156665454868,-0.8139280541484225,-0.055774147658421515,-0.023516602284341815,0.07086642157937312,0.44817886933714823,-0.3760727997151647,0.05827714591148419,-0.41806122015988983,0.012774926450258595,-0.0745055648792207,0.5670478529667434,-0.2381823608411397,0.041513727567670335,-0.08145263465295273,0.4925672785407366,-0.1555548570339225,0.8545647268551712,0.016555850933887083,0.010751405008581065,0.1586345280241495,-0.8055342841408831,0.3104396655808449,1.2186310144132708,-0.4769532659186651,-0.17694406664686704,1.3293714661781217,-0.20317493739183376,0.18857125399603794,-3.8989277868848657,2.116761845790567,0.10059008535333058
30.852,14.500665469776962,21.42486331892507,0.804730029762906,-0.5808765568256196,-0.008335197302355022,-0.022251109155375256,-0.8136447863519432,-0.0900711305409351,-0.05565663770019333,0.06473131687215315,0.5859750287222597,-0.3809077033904159,0.043562511512852,-0.39617857540441115,0.011751226398480046,-0.032269691958851106,0.5547146104115487,-0.1604778267147419,-0.04174040803708311,-0.06274688198441095,0.42236504223675003,0.02045257422078534,0.378552356496076,0.0607069040643359,-0.0680353877820612,-1.3324668170073701,-0.637373880948326,-0.8971724719313969,3.653600725360018,-0.9024056741201116,-0.09060542823528389,-0.012516470090548269,-0.13707691124892082,0.3253082244324967,1.3048572101772562,-1.6585923824691993,-1.001657979896457
30.902,14.496844262054257,21.44557367096283,0.8072485537336158,-0.5808080281414789,-0.012329494424002763,-0.027581519453131618,-0.8134797341042443,-0.1531450874429954,-0.07750870770595168,0.03688004280256388,0.7229628672580133,-0.4778089846256441,0.03677501876986554,-0.3756657824302977,0.005518027476056939,-0.022933021772249644,0.5857595666360419,-0.2244401673439735,-0.07153851931618724,-0.08949542901638509,0.41655907355908744,0.0638808064027222,0.18317863197381576,-0.0898230331989608,0.00014708534713417983,-1.0219212057930127,-0.17226841468593182,-0.21191191041935137,1.6646785589733633,-1.8326283904131269,-0.17617637809594677,0.7602223680382338,-0.07426731371496478,0.13443365586021186,0.1084320317489695,-0.9119781503792929,-0.36930149100675086
30.952,14.491610834134724,21.466384049279323,0.8103281532692738,-0.580846331789465,-0.016627766483800613,-0.028437567269089917,-0.8133463966824335,-0.19887073846971134,-0.07992417191458093,0.030788461721444966,0.77233079285781,-0.5269168958901325,0.028328281722052238,-0.33052769809211935,0.002831177131715776,-0.0181296595508552,0.5801262327052656,-0.26071677843100866,-0.0827492859759214,-0.11863440802013005,0.4138352255695409,0.05519320385136945,0.08239823738698805,-0.12394296404739062,0.000981338896496861,-0.8691171481178404,0.02260553258909511,-0.08490815272242097,0.5257825326050629,-0.3060666114217312,-0.18899654212377545,0.9612397257642346,-0.040333282716044284,0.06367244158401933,-0.22974850458518795,-0.6048205297277832,-0.11585514471682236
31.002,14.484939669307899,21.486913682609654,0.8126091294156838,-0.5808517960007086,-0.01931318341702305,-0.02750617836753945,-0.8133151923950911,-0.24199374851073704,-0.0766160683934815,0.026512261345036283,0.7868213338709197,-0.5265209394798627,0.015093334364685195,-0.28199791293710447,0.0019252042035946713,-0.01643347649153768,0.5657624104989208,-0.28831715135182456,-0.08510596852466992,-0.14763278213719508,0.4076467553215282,0.03741644218050454,-0.009952382604853354,-0.09300716874568808,0.002463226183311068,-0.8590454954871534,0.09166701152883434,-0.09096361638237328,0.14272118968671246,0.21091949044565686,-0.3023086824966368,0.9745078041848261,0.000807992485329573,0.01362657549502079,-0.3340061305504113,-0.5196234575047969,-0.0017115271139348243
31.052,14.476850424365358,21.50711286414339,0.8142704535378249,-0.5806404009759983,-0.019795541604768877,-0.025194483709027243,-0.8135294089814095,-0.2862422196221201,-0.07065497959196303,0.02117924527368991,0.7912227535725941,-0.5009768716676087,-0.007134813634214115,-0.23191977806016373,0.003443472829324158,-0.017454349967657268,0.5432569911237806,-0.31053930149942494,-0.08385668948221218,-0.1751001944635221,0.40095654493894406,0.03012147568334258,-0.11305396684160054,-0.04787783504005109,0.025153862713111135,-0.887122138509081,0.14493273916372854,-0.09861042596735416,0.0044017254658432784,0.7143970967935287,-0.4920247418233455,1.0324710753709048,0.05742557769196649,-0.05121000260241628,-0.5662911714130849,-0.3725951586147333,0.04743315658205636
31.102,14.467323318976067,21.526991138613013,0.8155558009799718,-0.58016964284417,-0.017994895706936662,-0.021637043651249493,-0.8140093412194959,-0.3269425394205994,-0.06251953589390118,0.018898941100907615,0.778624150653985,-0.45877950106798837,-0.028128617485674582,-0.1792166080476322,0.007616260583179775,-0.02089549090067977,0.5095362092825024,-0.3259875211970049,-0.08089304102009702,-0.2047856572898093,0.39354438277029347,0.01897886201705967,-0.1970912194310655,0.003654477788560186,0.028413910082675683,-0.7292551358908261,0.16569192840126393,-0.004130549446991636,-0.5129917282172028,0.8745383125116187,-0.32961196744752774,1.0531668510344656,0.10715280536831061,-0.08060148461574348,-0.7423866442909756,-0.26906972672049134,0.06690840306273217
31.152,14.456348886947852,21.546564671478684,0.8160237507879559,-0.5796758597804657,-0.013977708653347309,-0.01689643548157087,-0.8145520435899697,-0.3494284361424557,-0.052456784443199726,0.02583436429331044,0.7134151120618489,-0.392093933299611,-0.03921117598672435,-0.1258020599786696,0.014818525527419343,-0.02577996042059918,0.4686283543610001,-0.33716783396862443,-0.0764429640106148,-0.2336411144662102,0.38872022943415935,-0.0056244177817181724,-0.29199140036047,0.03604653301906583,0.018632230365468835,-0.1399063535416734,0.2228963800016661,0.3130257139629581,-2.1377084968843927,1.7098658962466378,-0.08618801500541065,1.0446947063318046,0.17853827855911641,-0.09879253801806363,-0.8063037701140641,-0.2247499238295216,0.12332240678207693
31.202,14.444030374086555,21.565623699249347,0.8138039661770322,-0.579995920711179,-0.0076385576445893106,-0.009986250326534303,-0.8145223503378641,-0.33849319022384655,-0.044829949879822334,0.04223670760999004,0.5634128770708912,-0.28702668636917994,-0.043897856550497286,-0.08422145777493761,0.027118968255194376,-0.03272614563894278,0.4485062183684637,-0.3554397868550092,-0.06708905436550269,-0.2520389514788512,0.3735171321700383,-0.09411055607823644,-0.5105444045334014,0.04107497437778708,-0.059938162303682034,0.5055726544129688,0.08945414832147291,0.14616362270363686,-3.5149062465854217,2.258245612236084,-0.17445331464467054,0.514930557584953,0.3790394398566993,-0.2435846126825795,0.23782525922760867,-0.5386786087464394,0.24461849248602216
31.252,14.432626383793174,21.58362946712618,0.8087872753551146,-0.5829821061449117,0.003017855990760161,0.003554353500610431,-0.8124716136772133,-0.3194514306382969,-0.03278782611130962,0.01668311912272699,0.4954960881728716,-0.1619324435459945,0.012059361196564707,-0.10870012259478831,0.05680106323855592,-0.04532646568399334,0.5590201654660596,-0.36834252243192805,-0.055362610810600905,-0.2057270345716227,0.3152327704113839,-0.030739384920789335,-0.49114751053512207,0.16662004895796653,-0.07352380005923136,-0.38299320856612673,0.2800296378451074,-0.28232417754377254,1.600510726536406,-1.3746532222023071,1.1675407878665227,-1.713544771854009,0.340850731293294,0.04696459336958488,4.476825673380655,-0.038933570417018504,0.5492113303447542
31.302,14.42313472317339,21.600084667995965,0.8092383942155548,-0.5843186333212941,0.008775315860728328,0.009111816810083126,-0.811425722650878,-0.3148726402799473,-0.023783834483061952,0.008657692032412482,0.5458414322074975,-0.23409145481794433,0.04607745478352482,-0.19241441075589005,0.068199338559415,-0.01836474980022941,0.762752290205451,-0.4103906674192733,-0.028200370566370116,-0.168892625091084,0.35367321685118364,0.030330516058265457,-0.29649303829580836,-0.052075237718564156,-0.10323028675064175,0.48621394288227915,0.24600663554758145,-0.11285420314060612,0.523534000639113,-1.1545199040063796,0.4315465689038518,-1.4015233708702117,0.21751165097912262,0.5962189276606857,2.79695084299425,-1.181014573289341,0.38927293646560457
31.352,14.415722518566996,21.618784135325793,0.8111593638600424,-0.5859783716101491,0.01122032264091759,0.016305191188787337,-0.810084929563097,-0.2810261326159114,-0.010303978875157311,0.0015026865629298258,0.557588686310089,-0.2802960718379054,0.062499299676687374,-0.2550538120289519,0.07371349255090656,-0.0016967936081694465,0.8408276623841688,-0.44229563451688014,-0.010006689814075306,-0.13076333353566902,0.3894091595961316,0.04200916374794897,-0.26188369864038363,-0.09566736480067126,-0.08389701382248163,0.7973229592789949,0.27327006019902383,-0.13914100452734796,0.020768407464623315,-0.7567692105784025,0.23097593890908358,-1.2205171240748693,0.08113363259501305,0.26689759378537603,0.6947164748192465,-0.11527062597116575,0.38474628979209274
31.402,14.409919811562874,21.638895171019268,0.8130526719623141,-0.5875906849671582,0.01233445925985168,0.021241919916147427,-0.8087854034865295,-0.23787161679153437,0.0013507142717890947,-0.003077570133422401,0.5502489318020494,-0.3118179300760898,0.06689423998011053,-0.3196137098823881,0.07622840720581474,0.010313550157688105,0.8534858772741452,-0.44136715914963315,0.010253811224400998,-0.10435843423919104,0.41318322841593286,0.031452497649797295,-0.10121856875801738,-0.056016140176460574,-0.08933595697863626,0.9081667942777231,0.1786247719440505,-0.029645619628870495,-0.2791149255111822,-0.543038214507855,-0.004657083371276679,-1.3622189122966264,0.009309446950869032,0.2024572797988234,0.010874541728631667,0.07486697579093204,0.38348362200192626
31.452,14.405178680474629,21.659970689018987,0.8142801817277935,-0.59004827213889,0.012000836563878197,0.02111356849711448,-0.8070026231016818,-0.1910165669904158,0.006836684965916089,0.0018172312312430276,0.5275803550607995,-0.33226538531972827,0.0626889408374323,-0.3884548288295179,0.07152958482551709,0.013851934786595792,0.8461564536059893,-0.435782262228314,0.02959238062588319,-0.08764821083934439,0.42966626037503747,0.018382940419734616,0.11588084491095081,0.04181881859516333,-0.15131379680982512,0.9646112344703953,0.028987366542423842,0.20719027665968903,-0.6050631884108413,-0.32683308541009304,-0.04189751705459739,-1.298617921852606,-0.23406812141107244,-0.1356235929375638,-0.3577931343659379,0.15048641713483077,0.29362787333151
31.502,14.401252576649322,21.68198917273899,0.8147516631165223,-0.5935329826616028,0.010746093058491583,0.01567072924684219,-0.804585326874454,-0.14232242127715058,0.004273067879939221,0.015708775178386442,0.49139299884780147,-0.34580838491154164,0.06280331153179439,-0.4415487149952636,0.053433293236634344,-0.005951417868595866,0.8137979726381431,-0.4186987799789502,0.03749335063767781,-0.06871917265116215,0.4505821158193625,-0.001724498700483086,0.2778586753704783,0.13982180686814025,-0.17856549621161938,0.9585421751433415,-0.11962298828477515,0.32449372511102115,-0.7874766343093035,-0.235979832986856,0.03792699395286989,-0.8177937047813015,-0.4130598024820765,-0.5456005073257599,-0.8517214693654166,0.49372108158189815,0.06924054276432487
31.552,14.39828090200566,21.70523579001512,0.8138165370185644,-0.5972141978598743,0.008673396227345746,0.006343368235008719,-0.8020098102591421,-0.09443801059997514,-0.005579449091663892,0.033143463782200226,0.4513660634745666,-0.3571552371295911,0.0674779378906802,-0.4582735691776907,0.030391594262520093,-0.0452299853888598,0.7363492989254011,-0.3553687062841097,0.03845573376597385,-0.050051209369577056,0.4776831104701803,-0.04489208740627588,0.4120705956402067,0.1599642595163695,-0.1580004591955387,0.9118138329565146,-0.2672827660087863,0.34428964576197857,-0.684006116048863,-0.2811324568755855,0.05996230573296179,0.18072320563366737,-0.42800542340859926,-0.9076149129484642,-2.3534475432404744,1.9519615431974924,0.009070521531789852
31.602,14.395951523146898,21.729491454810866,0.8090502983273627,-0.5984099310278821,0.0023086492554730527,-0.006958798498192926,-0.8011565388295104,-0.06651633197431725,-0.027939737776211254,0.054239700837725516,0.4586301594214167,-0.37672147858530974,0.0628233247890857,-0.4180022907913257,0.015829402814175997,-0.0711591652269678,0.5697936870192457,-0.24306675101430647,0.04214974773422985,-0.053763960803497324,0.4902878625490914,-0.15012870926036917,0.838268941408037,0.029095803414394533,0.0511882061533008,0.1343491986464574,-0.7816190157986748,0.34904170272868434,1.1967022687749378,-0.4499060763680786,-0.17955385465420604,1.3166032626303712,-0.22749198848546917,0.11516646521275495,-3.8940170992018466,2.116337025807486,0.12567574012632063
31.652,14.393786545060232,21.752630119668115,0.8047290615019334,-0.5978759353798625,-0.007745093903902706,-0.02051402610497326,-0.8012886834013309,-0.09866645646690249,-0.0590893386291649,0.05595900121430106,0.5910933282254788,-0.38129478336159356,0.04579072355267788,-0.3951689105005615,0.014261940850821957,-0.02959843020256941,0.5483027661283629,-0.1557770705941243,-0.03003949441107175,-0.03936066331891308,0.4232060823219995,0.01996491525654668,0.3764041244910692,0.05985082594593519,-0.047556319154756124,-1.2392436498793027,-0.5632461789408353,-0.6295597039838763,3.4798493294033404,-0.8038927339639366,-0.15780101154907605,-0.030702569833136836,-0.13053028452597368,0.29724668937368914,1.322504231355337,-1.5686528214579452,-1.1918653243871151
31.702,14.39106107219576,21.77339622109397,0.8072926173813485,-0.597069628945509,-0.011907658401263234,-0.025713732294002853,-0.8016887611996212,-0.15824688081415578,-0.07831993055377062,0.03688559683128894,0.7233041256687266,-0.4766428267358153,0.039384349325441326,-0.3749690017673396,0.007543062361659665,-0.02220222626872009,0.5802132961871972,-0.21927919273193136,-0.0669312519127453,-0.06848952673246751,0.4177933312542118,0.06505926372885687,0.1849591460606855,-0.09144521650793191,0.04269230695274461,-0.9701301907364575,-0.14450290426027082,-0.11443921340293058,1.6277056410654287,-1.8314570681925866,-0.14412786501921288,0.7595464778680636,-0.09210967358121515,0.09703712111554169,0.11847187148485328,-0.9187983048337525,-0.44716135590541845
31.752,14.386838429382806,21.79431398055376,0.8104449689937698,-0.596196033574807,-0.016350468826587018,-0.026456491725759024,-0.8022362530853262,-0.20149787772692968,-0.08019150864481343,0.03283412413540209,0.7720583285880792,-0.5261258411512736,0.03164450817452172,-0.3294559264980341,0.003842686004480374,-0.019327073460694354,0.574615031573182,-0.25580799178943464,-0.08030572648959525,-0.09902717739132035,0.41659703369320755,0.0566696735036947,0.08443241122777724,-0.1267755408184887,0.048727985375962055,-0.8259211144927476,0.025547458266632062,-0.0782283593661189,0.5334692630738722,-0.32122313519434154,-0.18837120253757414,0.9708078751875099,-0.06215534396655863,0.023076871437631475,-0.23300722016545658,-0.6097424358994246,-0.13598136677866698
31.802,14.381111786549566,21.815014452425206,0.8127898567366519,-0.5953470000101693,-0.019118065050193693,-0.025494530881831998,-0.802836520135167,-0.2426351265492924,-0.07655211216099382,0.02857744897006588,0.7871121502990254,-0.5263404141321986,0.018383483927538406,-0.2805823335415892,0.001999425412740234,-0.01935843116705079,0.5601338953853252,-0.2836277314245489,-0.08312469708506588,-0.12922292843213748,0.4117636853883478,0.03840599964687974,-0.007875040696506172,-0.09314112549718562,0.03859287902335423,-0.8232001598237866,0.10426839903462316,-0.09639952367815058,0.15678461354577558,0.20036285007300114,-0.3029160939978204,0.9791900895317516,-0.012201766933328197,-0.014931077991517357,-0.3364890498632179,-0.5223243123178409,-0.0048059438051854305
31.852,14.373913397834217,21.835450609919473,0.8144833474157652,-0.5942467318766834,-0.01960835305355553,-0.023241005769866936,-0.8037077763685101,-0.28548379583863204,-0.0698709691845925,0.02295752143330667,0.792043514256554,-0.5014195081486185,-0.0038708850469313617,-0.2303195954237063,0.002608155273368674,-0.022286415726053433,0.5376323010829521,-0.3061259597613398,-0.0818418999609047,-0.15794391583227457,0.4063516345599827,0.030531883476959332,-0.10828439346944727,-0.04584491116923614,0.07226512067705933,-0.8631706392948026,0.1633486787296489,-0.09540234606683098,0.008501121044130693,0.697322241848369,-0.49347119905819753,1.035743505762753,0.0376960731733576,-0.0915636226721462,-0.5643963990841089,-0.3797652717023699,0.05211794882876161
31.902,14.365202238267646,21.85562347509328,0.8157749609807938,-0.5928338348312111,-0.01780525418464588,-0.019862402105199982,-0.8048829120967542,-0.32541729936161923,-0.060966104469114095,0.020836260587056173,0.7798808725456253,-0.46002387835266156,-0.025040626858697877,-0.1775671828016495,0.005807194753608799,-0.027690653050012254,0.5041519712889975,-0.32197082974890356,-0.07852118360926162,-0.1892804007811967,0.39979795059955253,0.018880510044606513,-0.18962746174292122,0.0076442955691397915,0.07354040817145607,-0.722261060903653,0.1766253428806118,-0.003801027802004724,-0.5000607474422593,0.8624226292210879,-0.3347453179223501,1.0516423427248263,0.08851837314995946,-0.11780753240482207,-0.7347197100574201,-0.27749548233337634,0.07449306358249795
31.952,14.354970949900892,21.875520804971167,0.8162361751162646,-0.5914812940766334,-0.013750033174722323,-0.015389061671846845,-0.8060545838378356,-0.34805564243900683,-0.05052984687345692,0.027648726234716484,0.7155120378888455,-0.39359222721748977,-0.0368761268494677,-0.12430344499476745,0.012204935526654612,-0.03435847039992353,0.46363432256712167,-0.33351064300261885,-0.07386189037954871,-0.21938799182733626,0.39552281985390036,-0.005594889525460098,-0.28482458507831593,0.04085241222927984,0.05810762674201507,-0.15077560326978284,0.2284266616332566,0.3099533674169691,-2.1168651838947876,1.7097950537888043,-0.1084551494727089,1.0427482019698417,0.1655503630399823,-0.13157544643831431,-0.8017184589177435,-0.2298106098626304,0.12381070995245295
32.002,14.34331278934419,21.894928754580103,0.8140386116357394,-0.5911002106566243,-0.007349211328699666,-0.008803104983791476,-0.8065166057789426,-0.3384015613970165,-0.0429347085495055,0.04389401795977686,0.5675445263860202,-0.28880121063625436,-0.042193107562546114,-0.08232680263975485,0.023965901300628034,-0.04209161703997671,0.4426569811225462,-0.3520723935616919,-0.06479028240725204,-0.24022413832455716,0.38032625052781643,-0.09392857751138356,-0.4957804849459736,0.04680758692446592,-0.024631652581455235,0.46482962900367863,0.07423758135426255,0.1466141877262191,-3.465231001422913,2.2513164171615316,-0.18660145107625514,0.5451883957478004,0.3644502876298752,-0.23113246850848362,0.17685230365166052,-0.560053231680491,0.2326744574203458
32.052,14.332441617611682,21.91319912441897,0.8088520275325342,-0.5935426057982216,0.003460949919500879,0.004445098182793808,-0.8047828514761344,-0.32083171835492996,-0.03179799088196,0.018352330647672294,0.49510689133187313,-0.16387049246136215,0.010946362081032866,-0.10560154965880551,0.05359529076267474,-0.052078916947341,0.550867788001134,-0.3675814028967129,-0.053259408787397176,-0.1958980847206959,0.3190052274918254,-0.03410844271085713,-0.49571714107657694,0.16589798042175047,-0.052682799487815644,-0.4264117016361434,0.27222448245243797,-0.302639461753655,1.6419025317214422,-1.2436225662847544,1.2320765212355176,-1.710681059092994,0.3526621749977187,0.10030737918899019,4.441015111302009,-0.04760252474772886,0.5265444865700512
32.102000000000004,14.323472358842645,21.929750805992594,0.8091588806026601,-0.5943209968816819,0.009317220426527073,0.00982671307892477,-0.8041139084602087,-0.3181424058298371,-0.02361729051027463,0.009263313866978757,0.5472301013427239,-0.2327015067102071,0.04670275628882409,-0.19072076658671966,0.06688842238457571,-0.02028729089152006,0.7577945525818386,-0.40819799255584205,-0.028042080719420454,-0.1585702245844236,0.354957429004549,0.02805249524808675,-0.28703010265316076,-0.052531137921172075,-0.07767048814542316,0.46427754340690636,0.22352202623670603,-0.12795482733479888,0.5456375690309918,-1.1280276535188847,0.4493504738659754,-1.4238661890567703,0.2441399339712959,0.6599836734171676,2.8777014488693764,-1.2146474655601065,0.3706426825554963
32.152,14.316595158347134,21.948486132529247,0.8110048285823276,-0.59551492993612,0.011733282445627163,0.01683079394513871,-0.8030822016963182,-0.28519118444216734,-0.011027461956973215,0.0014516893913400386,0.5598264125016993,-0.2781602099307036,0.06349729325139594,-0.25392890340217317,0.07293551103112215,-0.0028777027947905877,0.8389696227445155,-0.44233392944796335,-0.010972608432599474,-0.11993257258637792,0.3899670437823733,0.04157948690817355,-0.2552710045508443,-0.09767524373442883,-0.06294397456630746,0.7862187974281678,0.2564618754673944,-0.15436803885426673,0.03130480552920422,-0.7490618767349219,0.2414779461681498,-1.2181802469882315,0.081105334222632,0.2544884902223466,0.7354236216062311,-0.14194205295835657,0.36438123274647793
32.202,14.311349099400033,21.96862690209207,0.812931614796472,-0.5966819091488762,0.012776551883803128,0.021718583352658867,-0.8020821417744984,-0.2423570563110568,-9.080287598318645e-05,-0.004082459628561058,0.5528425216367067,-0.30957928903796383,0.06850825517001116,-0.31795010213047775,0.075669458563274,0.008780905395307737,0.85280637953372,-0.44188087174149754,0.00868600027188644,-0.09305167904082982,0.4139042284177781,0.032962146596419814,-0.0986794744890197,-0.061607687790073404,-0.06688548076915535,0.9069367946884545,0.1660198078523484,-0.05277307926855919,-0.27693262922009265,-0.5420288838981082,0.0033030523261695878,-1.3470383149205556,0.014746465263504219,0.19898308774839568,0.02269021405394586,0.07936070438888479,0.3775855375077407
32.252,14.307188462387922,21.989749198167164,0.8142567879858008,-0.5986412045729596,0.012309706318794923,0.021697672619259367,-0.8006287468737856,-0.1954359341557795,0.004984412602733267,-0.0005419727471979105,0.5302343897315727,-0.3299485326569039,0.06431319806985972,-0.3862860556180523,0.07182533493500302,0.01310707542641712,0.8461629797242838,-0.4356896874688643,0.02832891151314202,-0.07578324981813041,0.4306585827701324,0.020470201336759565,0.11353039460058431,0.033910531562797094,-0.1277403117029786,0.967001235301898,0.02830407556796203,0.18119708206094345,-0.6056748578118081,-0.3159683769015689,-0.07187728777543458,-1.2952925227547933,-0.20781894281608557,-0.10518406235561545,-0.3411068643559434,0.15696010064892316,0.3120924175337768
32.302,14.303846842780212,22.011791849406,0.814833459117772,-0.6016482429249747,0.010893670135523104,0.016404465635565964,-0.7985183862901845,-0.14677926061129093,0.0023226150257143322,0.012049822465527636,0.494250036134652,-0.3434106544340984,0.06400213461122559,-0.4394036389285585,0.05486408810013623,-0.0050798127205034125,0.8142860395178823,-0.4189396482882624,0.03693744524522711,-0.057183048937540636,0.45042363297493004,0.00024127489706569439,0.2762484178576926,0.134130111389379,-0.15602431529076172,0.9545253744178991,-0.12070362658164789,0.30001467460091724,-0.7811367935360024,-0.2357135611281315,0.026370227426814736,-0.8192346899238543,-0.40024478967878785,-0.5244539803195191,-0.8507479167032191,0.47907553479092985,0.0773269708493935
32.352000000000004,14.301450903999909,22.034993026464534,0.8140132406299417,-0.6048465784469688,0.008688137060981108,0.0071696429910894964,-0.7962623493766264,-0.09934791402796285,-0.007604861327967582,0.028210628437539194,0.4546340578946745,-0.35461896823522454,0.06836270292822784,-0.4561193554342938,0.03214192131164619,-0.04347278847661729,0.7365950306265124,-0.35692470679836047,0.037989577694009624,-0.03860080448854017,0.47611518500517,-0.04178668491690404,0.4112420927012196,0.15917566854238735,-0.13471764222008553,0.896755579904325,-0.2743858065619803,0.3135735890586534,-0.6710492986021694,-0.28543050347477794,0.10546406943808417,0.1817051427554277,-0.4282067549507059,-0.8927096769623122,-2.356949281560689,1.9162688738228264,0.010673009808882741
32.402,14.299727922419752,22.05913194700636,0.8093953795759811,-0.6055934000772843,0.0024217629513385514,-0.0060113139743881465,-0.7957478450811815,-0.07173675542728984,-0.029809396638651182,0.04802404353173126,0.4607162791366602,-0.37434917020918734,0.0648581733468221,-0.4161118876735477,0.017381037956984653,-0.069651505253317,0.5700076884277965,-0.24475016026699423,0.04230885325924113,-0.04076341662220988,0.4869332281008708,-0.14760501400438936,0.8232800339942847,0.042661256160223336,0.07567631079658371,0.13179534335526616,-0.763593203119227,0.35139694515637687,1.144103483904801,-0.45434267439362147,-0.19236623545738896,1.3011837941444204,-0.2358736970373689,0.08534814096181119,-3.8950541876452105,2.1537765636952235,0.13988682335579156
32.452,14.298163147255893,22.082083807469566,0.8050496176797965,-0.6045126612590063,-0.007385924469904041,-0.019618197982775906,-0.7963196699851055,-0.10432674518558444,-0.06036747554018841,0.05149158725002977,0.5913538973128154,-0.3788965688107835,0.04611077242834115,-0.3924181116465381,0.015619450029481176,-0.02921434969800781,0.5449368195828077,-0.15575839502814035,-0.0322501679790839,-0.02789618062790822,0.4179116137246307,0.017375093502710978,0.3763964153174467,0.07875248154923506,-0.02243077648035389,-1.2732026427546983,-0.5331340148369896,-0.5508331066090187,3.5014790395634683,-0.7039512357041178,-0.24911310528187963,-0.042775402864586934,-0.14299833743534932,0.27702815772635836,1.2844686084076578,-1.507611514926944,-1.1356021574099249
32.502,14.296035748258438,22.102461496237048,0.8074127612292872,-0.6031759106702167,-0.011154006030945058,-0.025160328238131344,-0.7971332177368885,-0.1664713759895585,-0.07786004896417772,0.035303180656840565,0.7261539749322713,-0.47227068449765,0.037331511471463116,-0.3745765267911972,0.008080659284190635,-0.023073058307878945,0.577482173386272,-0.217559935324,-0.06687293854749551,-0.05604299613796266,0.40760246771173647,0.0600118293353479,0.18877934158454038,-0.06481212802773495,0.06987487380519847,-1.0248191955899546,-0.1119134280154597,-0.07938110659018272,1.6759797801070893,-1.8380310541565552,-0.17362789958577596,0.6907923624019973,-0.1111118283924844,0.07083923324312677,0.16006416592729691,-0.9035188846250265,-0.4254374931216614
32.552,14.292481275789909,22.1226985711313,0.8102991043558934,-0.6017323485613574,-0.015011563641697553,-0.02644975055321123,-0.7981185653444834,-0.2125519606323503,-0.0783031812338497,0.031948785635449936,0.7762369134682996,-0.5218651720790207,0.02723956722585209,-0.3334062208740824,0.0034320641729026244,-0.021614297048864504,0.5744174377437351,-0.253527523618518,-0.07955145998347124,-0.08502948648123292,0.39981540242985114,0.05126899202812882,0.0897252605138446,-0.0891563220999562,0.07198903609300544,-0.8741847090500556,0.051094998899912696,-0.07439598628974384,0.5263421800482471,-0.3123703086147305,-0.24688709737338713,0.8688636953365969,-0.07938888990355172,-0.0008735488725960389,-0.17369393119902785,-0.5979730664145824,-0.12331696253602653
32.602000000000004,14.28751385401657,22.14235899016442,0.8123731715891119,-0.6003789555146948,-0.017066482556749994,-0.026145266679714275,-0.79910591912366,-0.25557946099991224,-0.0738024099263287,0.026741171952384894,0.7896906508954552,-0.5211397922061687,0.01078813084034207,-0.29026254374386673,0.0007366442812288523,-0.0230608756636872,0.5632961654325928,-0.2806706971807725,-0.08192098030199588,-0.11265263023503216,0.38682904380964606,0.032981086200635244,-0.004971552746061707,-0.052311550654484035,0.06517795076084074,-0.8511253085636661,0.11789339449128851,-0.12453116624598048,0.10746375639871161,0.22647488817874237,-0.36536765352007194,0.852704950988966,-0.028149311512338102,-0.04838326287501627,-0.26125281254560584,-0.5071720930713498,-0.002550277435276618
32.652,14.28123873897198,22.161249427167228,0.8137935549809246,-0.5987383461948815,-0.016692825744189458,-0.024564216495418005,-0.8003938665634919,-0.29925271154079436,-0.06681634652223128,0.01946137099399964,0.7914462749923207,-0.4940759750256775,-0.01565069015398221,-0.24743189473154628,0.0007078829947798031,-0.027820901853688147,0.5453881441177745,-0.3022356546143659,-0.08132906760823898,-0.13788050170723223,0.36960639137789936,0.02543416975833792,-0.10709969791468649,-0.0004937017495024111,0.09838493715570633,-0.8654467295624413,0.160539111571162,-0.12827791642798236,-0.06403090855124012,0.746419227171402,-0.5887942719385704,0.8684297011533638,0.024825719448955084,-0.13125347820695923,-0.4558850938327682,-0.3605284226010377,0.02102086042620523
32.702,14.27360727027817,22.179283464960584,0.8149105001557534,-0.5968361815413399,-0.01408192704916839,-0.021845303599317724,-0.8019420517994975,-0.33790304693761003,-0.058168121466774886,0.016480605291793182,0.7748503050724387,-0.4514665816684072,-0.04119577156571748,-0.20358005559248582,0.0033425425402177004,-0.03505861516021498,0.5179123704314355,-0.31722993870791755,-0.0797232058829895,-0.16618488046982083,0.35165248134289584,0.017309883447262114,-0.1894185805195513,0.04639571650056791,0.09269424524514355,-0.6783202889864364,0.1747239942226716,-0.00425474194263045,-0.5833852186406625,0.8655058648024267,-0.40792003139405175,0.8661959695325359,0.08092166544812444,-0.15144100272985064,-0.6110685330141544,-0.25723197870530967,0.043897207931722054
32.752,14.264592315161213,22.196521034446192,0.8154252134501554,-0.5952379869214451,-0.009250303826723334,-0.017918920064381408,-0.8032963855940995,-0.35835556030972004,-0.04749968777528078,0.023727260802706207,0.7081277309655644,-0.38557506573692746,-0.05562848387048926,-0.15999300680004444,0.00961815975926954,-0.04296654675636215,0.48370248320402404,-0.32760903966353433,-0.07597620380168553,-0.19405384321464092,0.3380948326212883,-0.0015727098946129807,-0.2887032192243574,0.07662544662017486,0.06182359482722245,-0.12158309593816338,0.2336923611618405,0.30242471455803294,-2.1104445546326045,1.6994234979179998,-0.14715116136029374,0.8445529674493361,0.16774565809565722,-0.1521328335827976,-0.6789142086399247,-0.19831585044416422,0.11230011967730313
32.802,14.254208959598364,22.212928659342776,0.8136205504859785,-0.5948340303610463,-0.002174371078829797,-0.011733030596959414,-0.8037599669228718,-0.34852620013043156,-0.039686317593623656,0.03788998771563311,0.5636130983348966,-0.27607294137141386,-0.06476836559928832,-0.1264019602625633,0.02169857902074726,-0.05066595674877187,0.4659018826355601,-0.34370932286696315,-0.06719241648685932,-0.21541402240643073,0.31844992057569665,-0.0842770073747817,-0.49154503295547525,0.06982429917941198,-0.03223057134691067,0.43592586014678625,0.07531080847754973,0.08809245094300656,-3.3274758658027346,2.4738375208294423,-0.3054165984902783,0.43060266521025886,0.36957133289319066,-0.18941745435258722,0.1406842105472741,-0.5108141310991405,0.23470906156669263
32.852000000000004,14.24456217790353,22.227971514361524,0.8093400628286903,-0.596495114872384,0.00845311837571954,-5.575665605119976e-05,-0.8025721896591622,-0.33189404961791363,-0.029476377128714964,0.017489811084942006,0.4952647068642604,-0.16598607828999637,0.011496448665871763,-0.14765182049955594,0.04916716932176923,-0.05702201936629802,0.5556770812930384,-0.35632063606148323,-0.0532851958512251,-0.16333765210123677,0.2525448363182249,-0.01770594945811612,-0.4641103812561145,0.2019008629898088,-0.010788108972554033,-0.36887078838829707,0.2541091005361716,-0.2728378291210228,1.2338058424813299,-1.2096810266787288,1.3891247778902112,-1.6034220974736682,0.49875908008138936,0.5299393103469996,3.8721542406625686,-0.021513793284818103,0.6456533227334742
32.902,14.237488462565391,22.24097395612165,0.8100342122041444,-0.5970268840427924,0.014708343603650574,0.005102688027205784,-0.8020701508805123,-0.3315468214932957,-0.019499211532830015,0.00882431009108114,0.5364212351927249,-0.22192603125778723,0.043043529530379564,-0.2280156280124947,0.07024547363708834,-0.011562183295026143,0.7476198504291895,-0.39575614375864815,-0.0312543994496289,-0.11876754027848603,0.2810131513039392,0.03636682522203194,-0.29235503490072623,-0.05295117170841812,-0.05741515534889071,0.3965892508580918,0.2513628791188304,-0.14702530654364743,0.3865447314662822,-0.8667270764107107,0.3588712872078978,-1.2661650843814893,0.29531014732994953,0.6561511240377316,2.653708756099465,-1.3458539463806425,0.409633470908983
32.952,14.232642903778952,22.255715879056453,0.8122427637897931,-0.5977821723131856,0.017062165974080078,0.012002685772877178,-0.8013871052687578,-0.3035345647910024,-0.005945389436374352,0.0007581888148349002,0.5433398391543859,-0.2555879726747729,0.055859639519245774,-0.28174472289363106,0.07660270942355028,0.005383512757412557,0.8201458619284767,-0.4344358903662355,-0.010911576338567913,-0.07779631552920017,0.3031297562284579,0.04631727779024399,-0.24650035031617346,-0.09034727889979222,-0.03508891505478374,0.6359373618046203,0.2712167708868972,-0.1569208126445803,-0.021978869554356434,-0.5360842872398808,0.17099881861320437,-1.0005695825734946,0.042125113165743286,0.21108469302162658,0.5858432333434423,-0.24013058470540427,0.39945889242025934
33.002,14.229620528697533,22.271022432431625,0.8142514892445536,-0.5983683173426844,0.01837325531112393,0.01640821760201128,-0.8008424006537626,-0.2714683364746536,0.0055973965686129685,-0.004688931366703996,0.5374463723080923,-0.27787468089696804,0.059835563370423284,-0.33360441952932246,0.07664016591321345,0.015140931098453724,0.8283543992159006,-0.43769368053471175,0.00841853937823814,-0.045807094239609596,0.30721131119569534,0.032247203020207345,-0.09051716375782731,-0.03131128925182143,-0.03849082650122797,0.6304521291155315,0.17861795859150267,-0.04948261367914295,-0.1882523589532788,-0.37762530339742484,0.015858199574249852,-1.0762948590171497,-0.043842618998898256,0.16221678960735814,-0.06903145166556814,-0.0003971644925642542,0.3457588686908759
33.052,14.227972108933113,22.28627361065806,0.8154604837219498,-0.5993964557664372,0.01842921658408265,0.01579222028378666,-0.8000842821660971,-0.24116357008353118,0.010527921498415763,-0.002324695013130903,0.5233424917021737,-0.292289174035808,0.06011797180913649,-0.3855035092728053,0.06838514437795337,0.015376437326580165,0.8152407120618105,-0.4369898033054228,0.023971715200601255,-0.021850797636107124,0.3039626617785215,0.017613804060523233,0.11854943767008405,0.06044415138895368,-0.06047627382545543,0.5921705295888793,0.020898068437041516,0.13239308276982759,-0.3737138109714722,-0.217390069192398,0.01142936326748002,-0.9374055300628337,-0.29466402859353424,-0.18930640413704375,-0.46416367599193714,0.06036404188393968,0.21450244867819215
33.102000000000004,14.227554155039554,22.301578755863435,0.8160161306332773,-0.6008956204604994,0.017222248442937273,0.010116837704574383,-0.7990779042526577,-0.2120485242403309,0.007807066683033545,0.007447131537970142,0.5007216335712366,-0.30080723799657527,0.062276641665888824,-0.42191992984668686,0.049860873333177055,-0.002704174057263298,0.7814322191816787,-0.4247349215362469,0.030799803498209627,0.005060376666221021,0.30905523710668653,0.0033647095824118197,0.29070163881367983,0.13363402622052298,-0.075695902499001,0.5642057628940226,-0.11958642240374495,0.24210239569224545,-0.49867666577858827,-0.1461326487747137,0.07046498920057263,-0.5209881430150163,-0.38154058336179064,-0.4394572904717373,-0.8198529762698604,0.3899575447748069,0.08839808399495964
33.152,14.228425350937965,22.317414649711747,0.8155299047928178,-0.6023867749262022,0.014392811442604162,0.000540651609473326,-0.7980743875533303,-0.18394921545711068,-0.002159031830482821,0.020800346237879224,0.4756043400731746,-0.3081829663904099,0.0658607296293272,-0.4263283999252386,0.02919869648373159,-0.03329560827129106,0.7060193370605455,-0.3675327946428621,0.03624973646446044,0.0278597608264528,0.3250084283401044,-0.030351368734192224,0.45613715637679453,0.12967403417948983,-0.04149928334363135,0.5320059330028098,-0.29069005793285213,0.2615839417042736,-0.4008565946079034,-0.21014414551604388,0.061764780164593386,0.40120116785535853,-0.4074430948619121,-0.7010594360899756,-2.3719372963755694,1.894855633442673,0.18269711145416076
33.202,14.23000757122373,22.333992513654337,0.8110634296184968,-0.6016694631370116,0.006634668393965707,-0.012642457988371618,-0.7986175596364844,-0.16516708096494193,-0.026034561208982676,0.0325520101559188,0.47906125106601505,-0.3296809326756029,0.05570648283662062,-0.37722266993478315,0.01256640244836129,-0.048861264400728716,0.5386175483931049,-0.2460652663948349,0.04958173069748343,0.03058774356935138,0.32816355779179507,-0.1597595894609953,0.7795144524637766,0.016563408625923145,0.15102354136562054,0.1365399337649804,-0.6903284016452729,0.22967644438466328,0.6618127436788881,-0.6708057544493925,-0.5456997513171943,1.1017578494444642,-0.2655487669293333,0.43970401830672323,-3.0261931491539524,3.856120448683669,-0.6232034182789381
33.252,14.231764644989038,22.349380120317228,0.8082207378845007,-0.5985032311131091,-0.0018616996547155895,-0.021975149791004563,-0.8008167763060572,-0.17997238540637553,-0.04756302185367136,0.03302632210098383,0.5559051127716426,-0.34963785790909585,0.0539813599723902,-0.3615715770787838,0.005509992748657792,-0.03196294640256093,0.5400155584129851,-0.19352642767327716,-0.0347667045033823,0.024555813603658223,0.29107507830825696,0.04091922507572126,0.2740281905240798,-0.08203842907441679,0.3058459422553933,-0.7252467749455876,-0.29647597394552305,-0.12002703058704753,2.35983402253903,-1.2371086172298795,0.5549786364013304,0.2776882722056419,-0.2455407985207015,-0.1144851660541265,0.7273973640998326,-1.329213611260989,-0.773773370382202
33.302,14.231681435910252,22.36386228284273,0.8114082172852337,-0.5903503316538472,-0.007615199232818538,-0.0243341352754046,-0.8067442869442799,-0.22125269033517056,-0.059695895965919135,0.03562535058176792,0.668460111007135,-0.4424708450609714,0.0626042508742793,-0.330307841123087,-0.008444355905193891,-0.04318180759077827,0.5469260348799808,-0.23819915608126568,-0.058014827746451954,-0.024878241276978273,0.2960736326053127,0.07093702252952747,0.15580637699104127,-0.168028208938821,0.41936873771308814,-0.7010503423869812,-0.1652589122467653,0.11600716129789967,1.7460000711285617,-1.6552553399998138,-0.04560993423600919,0.8710860091171898,-0.260006460239263,-0.26084281448214836,-0.22912386235998422,-0.5878883990739916,-0.27693401356363295
33.352000000000004,14.229429816644474,22.37894499869377,0.8146331177301607,-0.5815361536760086,-0.012699754111481627,-0.02379671340941486,-0.8130732652375995,-0.25124863913813367,-0.06505942027310925,0.037173659146366764,0.7309002773265604,-0.4928752299434979,0.049426831306300975,-0.28247294364698217,-0.02011555804075423,-0.059559535922563044,0.527997282091115,-0.2605450597352666,-0.06706821656714548,-0.06315400320831355,0.30479419398987684,0.055089950415381055,0.05620565334642124,-0.1440441093684931,0.44622010241773896,-0.5176169883267989,-0.04522932212098046,0.005612866777127902,0.7815467093441382,-0.3850445597623813,-0.37192907986017987,0.9702567021670272,-0.21035284012193306,-0.3718290025637507,-0.43734727405779755,-0.3702142325415421,-0.09944861668708461
33.402,14.22530797420425,22.39423855823676,0.8167869774410131,-0.5725053779080042,-0.015354602403766907,-0.022435534585226447,-0.8194501053995362,-0.27476162662590287,-0.06470608324623797,0.03682653613606728,0.7532415954228925,-0.4946096903650906,0.02857256829787252,-0.23579972302979582,-0.029118803031017215,-0.07923908505137489,0.5064136242964237,-0.2785341228355608,-0.06860545433674639,-0.10015070475967593,0.3060069426907079,0.03271614647718147,-0.019488391225371444,-0.06891387996330389,0.44223364970112133,-0.4502101101873636,0.0490661989760166,-0.01024529680434945,0.22888934162959243,0.1788415516794996,-0.419195696550246,0.8960702167971566,-0.14974986544563032,-0.4061502120525099,-0.42592658325016275,-0.35885520740214333,0.0188405896611832
33.452,14.219426884375954,22.409467424424452,0.8180983736453686,-0.5630868468378204,-0.015185362718433734,-0.020416987003689924,-0.8260059045303743,-0.2988550485671576,-0.05983406523389044,0.03656459350561501,0.7587643073253058,-0.47153179748830315,0.0018155387437286757,-0.19116336971545939,-0.03452889024088207,-0.10164288230308927,0.4814895161152885,-0.2940375054288426,-0.06553725078211776,-0.13404928664803936,0.3026527869254068,0.02092334084203651,-0.11593212810188305,0.006064369009077355,0.4713021862240562,-0.5038301915118092,0.13068852682131227,0.000246800828314551,-0.011931784214615179,0.6552269459013702,-0.5627132232947734,0.895454353097856,-0.06613623307380344,-0.47949172716137467,-0.5728943550785327,-0.2604067491721064,0.09211610498687439
33.502,14.211778105425026,22.424362695907035,0.8188062052974456,-0.5535946346885946,-0.01236086390981221,-0.017588201800687958,-0.8325087655062992,-0.3231412200880983,-0.052576860160159125,0.038481330398431574,0.7453845633675024,-0.4330160739243685,-0.022873815374548866,-0.14725638524598234,-0.03559336940604052,-0.12572028035377608,0.4502638856727576,-0.305047601728307,-0.060204590878853825,-0.17057671658593007,0.2917354152140037,0.00575055940162922,-0.1911305711242235,0.07588104352321957,0.4403227354514741,-0.4632970380129635,0.15216339428565484,0.08991309532988535,-0.5131557966164314,0.7921955966776562,-0.4066270168069538,0.8395156565252276,0.017956278336515523,-0.4708690745151026,-0.6362027561428683,-0.20317115593032364,0.11532932802830939
33.552,14.202340118621231,22.43871232004817,0.8185642566527587,-0.5449735004689938,-0.007265842171602224,-0.013620965869122306,-0.8383111359232329,-0.33709689328224923,-0.042874890375259586,0.04991055434669697,0.684662272909754,-0.3723799848814704,-0.03986139851823312,-0.10575886394075269,-0.031530466810215915,-0.14888123542398263,0.4172528597140314,-0.31400515384535804,-0.05396504898039628,-0.20573641224637715,0.28146897305493696,-0.019805117174386405,-0.29804592854567563,0.1011770806473548,0.37600786829671967,-0.08656754988658427,0.20810837951512046,0.3404693387131242,-1.90316220180725,1.5545782827307106,-0.2304051604818699,0.788755452683333,0.1446865161196153,-0.43483644474667804,-0.6113661076811553,-0.1948568644131861,0.13892872509462031
33.602000000000004,14.19124120952445,22.452316731951488,0.8158445091092688,-0.5386351002890561,5.2592769495772874e-05,-0.006703689889431515,-0.8425124844846309,-0.33233979968243743,-0.03647923749298774,0.06176806091644144,0.5593240948470227,-0.2753630303020507,-0.05629856013958263,-0.07429297429124092,-0.01905944603332468,-0.16641150155166298,0.40209517646407067,-0.3308566488291082,-0.045804660934776455,-0.23251892966076543,0.26297120137954516,-0.10072349046167506,-0.5260530503501704,0.08669067625961387,0.20845889803476872,0.21026904934753415,0.04952320393998669,-0.01337482987032754,-2.8315313413866003,2.1609776418873015,-0.5072191835957919,0.4252260754814239,0.40368025897960463,-0.24309548770621298,0.12104968598216523,-0.5474164199762678,0.19958725212721862
33.652,14.18052932991802,22.464796913431464,0.8101955536167291,-0.5358990723381136,0.01081527847019851,0.006831362000047841,-0.8441851375806052,-0.3270511136896298,-0.031802191525294225,0.025658423965286607,0.49648880013840585,-0.16696343729308905,0.00811260502413504,-0.09147474726596637,0.013986867137646759,-0.1487258350847314,0.48162509231428796,-0.35539211900465995,-0.039733333628817036,-0.18225984745471902,0.20480813931748215,-0.03772964866863552,-0.5336163014876069,0.21131575415575296,0.21262815108808464,-0.5307968241564618,0.15751129634777225,-0.561108953878677,1.3679482629948074,-1.2535658432110197,2.008333427654305,-1.5762156253239379,0.706159162329562,1.6020197519681176,3.481674231964907,-0.17931895272645917,0.039499745298327685
33.702,14.17242865216952,22.47500774399296,0.8103666464368918,-0.5302908578125313,0.0178777623184491,0.011869261130387334,-0.8475441654422219,-0.3359387198407005,-0.030468936800548713,0.0030927253018013523,0.5400567589810676,-0.2206186065151774,0.05453834191860216,-0.1895767701958271,0.049376469251587014,-0.03883581855844415,0.6975854460348309,-0.3997073545606821,-0.03005120586735899,-0.14680669043981925,0.2255285652712471,0.024618418288535497,-0.2583187456910677,-0.004705726815986995,0.22988287495453064,0.21831849451272092,0.050313155670973955,-0.36803599550735033,0.427079541437478,-0.7996206078626288,0.5105332531030595,-1.7248869879711157,0.5509785709651494,1.6254047593952612,3.5186464911781448,-1.4009614380289912,0.25591490991733834
33.752,14.165989591339098,22.487362095591845,0.8122080264785418,-0.525084196681482,0.020324171606690967,0.018116238807257958,-0.8506146697155783,-0.31572167296792886,-0.025103331721030974,-0.01670925042832313,0.5491669532600127,-0.25066390797377575,0.07133256978343402,-0.26143061067137213,0.06306854318562975,-0.0013099925387499406,0.8026366582216278,-0.4474930295831052,-0.016214182082800777,-0.11386449730837127,0.2638394083315798,0.044529623674538873,-0.2510815926706944,-0.0803736978641264,0.24760300906263025,0.52652493248101,0.13042371945227538,-0.4108871798259053,0.0036440175300179213,-0.45408056349426246,0.20691873174520314,-1.2587609559351691,0.11968367882108066,0.29887285678701975,1.0219285080982603,-0.34948045249671456,0.2916228001438791
33.802,14.160962866558119,22.501131207618965,0.8143406353032375,-0.5195734642638706,0.021216090598470315,0.023030381049732453,-0.853851798780831,-0.28699441222335265,-0.019851717239643383,-0.03585373189080534,0.5443526793226565,-0.26961015508039704,0.07649387342787195,-0.32218089669838346,0.06761189888100998,0.010190088707147316,0.8239919619410742,-0.4506767736293748,-5.1852938755012437e-05,-0.08999586127049361,0.2837926079253188,0.03701352631016675,-0.11159543388491931,-0.07374305196558978,0.24987302343753812,0.6013733403761878,0.062400934513156384,-0.3361936996062588,-0.16577197276863792,-0.33320379543661466,0.02927425069817052,-1.1980781035948243,0.062090395560158496,0.1958453982144921,0.07081177881050159,0.06959171675784372,0.3156857456781409
33.852000000000004,14.156949568093774,22.515469371857073,0.8157070467786318,-0.5147419966380045,0.02065618321861259,0.02357535171567808,-0.8567719660349773,-0.2578180485052674,-0.0197412782997311,-0.04764555450993589,0.5329256478706995,-0.2832808274176717,0.07695833182457587,-0.3802917012115869,0.06743157497856668,0.015987845029325445,0.8169482371638144,-0.4432150100496618,0.016947517754887138,-0.07219128182725376,0.2894532549684714,0.018699909010908546,0.0853581981255352,-0.003945508528652956,0.20161135959837845,0.5682119480841439,-0.05552155228657614,-0.1459944118777814,-0.286964915548751,-0.22504649910490335,-0.0006549752772567435,-1.0541171592128402,-0.08496464359988772,-0.015382147708686603,-0.37686422581332524,0.18278274131770733,0.2817750019751367
33.902,14.153743965510635,22.53008550822272,0.8161604543740797,-0.510867736280965,0.01916623339877756,0.01912978781808716,-0.8592327174534846,-0.23063159765009905,-0.02613387442891978,-0.05123432084241138,0.5160939302753924,-0.29292999428639943,0.07711494183309787,-0.42134174754737214,0.05842448790673664,0.005598399808170567,0.7851492518608042,-0.4287478086434541,0.025455349372041906,-0.055570419116286886,0.29491329920796927,-0.0008167607469975839,0.26572548108330124,0.07518415807451569,0.17271177606199156,0.5043397356422243,-0.19183324592601558,-0.012983971664848434,-0.3603027722728161,-0.17521406864796737,0.009333385036615599,-0.5905143486687915,-0.22460812993305376,-0.33516632864671814,-0.8099095996880062,0.36930180323160067,0.08899147570978821
33.952,14.151420191421492,22.54509127046789,0.815569458334021,-0.5070662619102609,0.017131569480154048,0.010327179976124144,-0.8616749182338087,-0.20750493562293373,-0.03940009428245643,-0.05091814747963247,0.49835516931548685,-0.3009390323457006,0.0785070200044327,-0.42912765106245676,0.04555070460865084,-0.02028934191879254,0.7133732279524415,-0.3822891988170041,0.02735961279855663,-0.03858717408156032,0.3056967589436481,-0.02768037479292724,0.4151892019919513,0.11831404851837599,0.2069182038583286,0.41009032349799573,-0.34177967313535035,0.007771074575013584,-0.2821762025398968,-0.18723337661954403,0.017625020532580686,0.31560591074912087,-0.24724914741269197,-0.612167694080511,-2.173946217433092,1.480045810614473,0.04810885853372326
34.002,14.149647934418388,22.560523030480756,0.8119491370229928,-0.5014780040949153,0.012260031660674624,-0.0027008312283278886,-0.8650793076610569,-0.19432414781028096,-0.0646228704646658,-0.0491536063008594,0.5022437582593356,-0.31893789970419467,0.07492330231924302,-0.3843185095922556,0.03550173803137735,-0.03917669121870633,0.5588249437105333,-0.28767760937305675,0.037095942910389985,-0.038289885876339066,0.30631452771378537,-0.13378141170344068,0.7260945963367792,0.04501390705496923,0.3566563730628523,0.06740575811892405,-0.7372904266644206,0.11392867142837088,0.5773736527567761,-0.5944099011251729,-0.1615957542150084,1.3519433407574564,-0.24981205755594926,-0.018572051811379414,-3.6150237378442034,1.9276470944027895,0.3138090573111857
34.052,14.148073724398504,22.574884505070212,0.8077134014526729,-0.4954893046757745,0.0049292976376271195,-0.01505049176681971,-0.8684696504048326,-0.20757813877477407,-0.08478106637368897,-0.017582709072803515,0.5686403156366088,-0.3384333774265094,0.06422218112965947,-0.3599052550715275,0.029428840032210475,-0.0161061252821432,0.5187812663681404,-0.17336097689493704,-0.021298287351815423,-0.02738325816097753,0.2623855856339444,0.010861674640811118,0.3018860850922221,-0.0010484363644386852,0.2024023751099378,-0.6813504712754013,0.037578464255826255,1.004463303256691,2.2394924635584776,-0.4425046846654522,-0.1995082692525214,-0.020612141162869135,-0.17343093115712951,-0.007897032247105105,0.9365758082745658,-1.0246839868387712,-1.1090567605556445
34.102000000000004,14.145856571139667,22.58725341498316,0.8096502533148412,-0.4886538274407545,0.001304176808267848,-0.01929586432964784,-0.8722633809063217,-0.250118457385811,-0.07833582253374562,0.02355695170074206,0.6887715717754513,-0.41948506473428765,0.05560085399821454,-0.34553436365592893,0.018642923021845084,-0.023989540275679223,0.5405847054960118,-0.21760101544474003,-0.05790217166221625,-0.06328381131970608,0.24056318860012568,0.050055809398652416,0.1657793607704786,-0.09148564257931777,0.34991874252405397,-0.7442490499568988,0.13113953122553423,0.43328061722957867,1.9340748781723518,-1.7519326423427228,-0.22391644950856618,0.5420333807134674,-0.2256169855892844,-0.2062540495559308,0.05005824678379117,-0.6168911979450283,-0.45496890496725473
34.152,14.141872651901952,22.598859762478394,0.8120504187828457,-0.48043832454371194,-0.002336318706216689,-0.0209514350340887,-0.8767751110145336,-0.28111721341092855,-0.07127576292226301,0.03114387981271971,0.7525523561596675,-0.4766558976520926,0.037775116109007766,-0.31456291432933864,0.0069589703420437745,-0.0370552672708396,0.5348364005754348,-0.2409686264869458,-0.07107824126579033,-0.0939319707133541,0.22378183611900884,0.043178923521665885,0.09017859522768665,-0.07488668559283072,0.3960449183385241,-0.5066904688685309,0.17279243744263864,0.004586852792179456,0.6963627030104307,-0.5158484736725347,-0.4110581466762867,0.6420826655843779,-0.23594016308643379,-0.30505705872679045,-0.19488241066297177,-0.37622519921072795,-0.12429036541691191
34.202,14.136457507721799,22.609523431516706,0.8138380083988911,-0.471491232748244,-0.004294540919607244,-0.02142164623908637,-0.8816000722732728,-0.3023682527963443,-0.0611460841460214,0.028237637960009415,0.7684935428973739,-0.4834615385542205,0.015944542831907407,-0.283295613850555,-0.00415161042909623,-0.05392783367856542,0.5239240646636725,-0.2579756323048682,-0.07339021367720609,-0.12117248279233783,0.2026960737039672,0.029217415235026373,0.01267397249795423,-0.027752325625263342,0.4158743867450307,-0.3737427015230296,0.21970140502320057,-0.09686245587650574,0.0890357471472796,0.04804202526134028,-0.4268853671380879,0.6040190192797553,-0.20156631903634462,-0.36110094707338336,-0.23537706248496054,-0.3161369958293051,-0.0022698224577799415
34.252,14.129603737643844,22.620020213277225,0.8158374134499933,-0.4570825903187491,-0.005550368282513863,-0.018323363629019873,-0.8892181697338122,-0.31559651934834393,-0.04397356936621319,0.030479927195441053,0.7695296468790462,-0.4742582865804961,-0.002133994107577222,-0.23787972997399484,-0.014363963971808297,-0.08636507769493212,0.49544984623343274,-0.27012021488957794,-0.07060966119499,-0.15562163490087158,0.20995166070233157,0.04472525794515736,-0.1429265350690676,-0.10219840329410672,0.7435561759617108,-0.16833619435938624,0.4218660449509322,0.268958382380361,-0.10654216227470285,0.31196411869073165,-0.2549286360945765,1.051781903405911,-0.17357277892363318,-0.7440093365851549,-0.7643847140232738,-0.17866290923954675,0.06979510814144188
34.302,14.120723817689353,22.63017244691213,0.8178705002013534,-0.4401599241582128,-0.005461937692250691,-0.013543970979624108,-0.8978006288991933,-0.32091005108301174,-0.027172242040567788,0.04275886854190819,0.7546722554591494,-0.4503411677057516,-0.012422101425140317,-0.18477450184996563,-0.021035472377207844,-0.12414309950913555,0.45356318426414055,-0.2765332398458458,-0.06557342866609389,-0.19645736672656755,0.19485053718890155,0.032794101165211954,-0.2057583946835469,-0.026534067395718276,0.7694184664948085,-0.08781809985012536,0.23066764547818913,0.15216199250597645,-0.4553976598923094,0.5799387087376728,-0.1851829016917171,1.0348324781594243,-0.09226378330458966,-0.7672835733076908,-0.868653801988569,-0.09686229798514842,0.13532372307491358
34.352000000000004,14.109963117100286,22.639477337776363,0.8188903924655133,-0.4229882892770968,-0.0027009937282431317,-0.007982033674288017,-0.9060959656160815,-0.3193926337529392,-0.016311819792430383,0.056044656630987885,0.7007796618136016,-0.40038734231915885,-0.020218161912479615,-0.1350389261802914,-0.02269762615214481,-0.1627828012840604,0.41001762709916695,-0.280069221624386,-0.05623614247477146,-0.2327063968336433,0.17789275520790365,0.00510626847255424,-0.2934866167205213,0.036275030415077174,0.7557473539797691,0.16432686371512167,0.1904370401401388,0.3579055556987366,-1.7101733469710558,1.3212493920578212,-0.10995759876408653,0.9502947476235812,0.023326153920889804,-0.7765999269450262,-0.8238901058340203,-0.08177785418741887,0.23072747119587758
34.402,14.097511268636689,22.64778337272235,0.8175884795759725,-0.4067039370285513,0.0022055644368389553,-5.470908513954478e-05,-0.9135573545749105,-0.3056974398589901,-0.011044826729373765,0.07144661520988696,0.5872356405846255,-0.3213304817731115,-0.030706756273080876,-0.09444121074982609,-0.016968609343765845,-0.19982534456431117,0.38140873212511617,-0.2904282487626884,-0.043479536341207124,-0.26045608963022787,0.1550316808066789,-0.06536296249314022,-0.48052034787266773,0.056868180381904256,0.656800623860911,0.3165683156217394,0.014831325433194048,0.11860714088421231,-2.581847645529844,1.671766206785889,-0.35314098455076204,0.634149092615641,0.24158419788233593,-0.6895394622506406,-0.22978087909695927,-0.38479739868470414,0.26336007777754494
34.452,14.084617269933078,22.655343567871302,0.8123071281714288,-0.39531800013391977,0.008957450826896661,0.014020419567803487,-0.9183936360188619,-0.2911826143426636,-0.014406767434442531,0.03538939539537821,0.5024622325571306,-0.20387707892201243,0.008435716204612037,-0.08437762625235251,0.00736021179443493,-0.20711472835601813,0.413551796344357,-0.3198877672521367,-0.03845061441853262,-0.2327865137029419,0.13277031277863702,-0.06194608223987212,-0.5352071934687013,0.09720313628411731,0.5626715572315047,-0.41230896662597816,-0.021675723563484683,-0.8923757602749934,1.1836798110549656,-0.87516862204275,2.050258305057094,-0.5471450705811168,0.59362538353475,1.1799266430680944,1.6849932626389925,-0.4323277984460426,-0.46541857553557847
34.502,14.074230636597765,22.661583828942955,0.8119506912831843,-0.3808559679655934,0.015436825711295251,0.018949969911695657,-0.9243112758791251,-0.30386877331822265,-0.024358338211250906,-0.003117910533767615,0.540873800120016,-0.24958095375428693,0.0552877703893657,-0.16613084367109066,0.04112117695695135,-0.0754584870985613,0.6199350884702235,-0.38334599388517604,-0.03990892722903352,-0.1999800808829759,0.1459017123715372,0.016427446346043165,-0.17162604127389902,0.053239277110600065,0.6161271514645915,0.11386787697464515,-0.24673800311824085,-0.6806941459111593,0.291470167156465,-0.6268160514030345,0.54672503318225,-1.8180217967324384,0.5738146303356839,2.3011223151109443,4.528715597756947,-1.7181995939694565,0.10802802324103522
34.552,14.064618418311877,22.67038801781805,0.8131037664729195,-0.367692166384045,0.01763451551194135,0.023040869209710296,-0.9294948160094971,-0.2902823308646253,-0.031262004772295134,-0.035387478561095226,0.5480427237634966,-0.2742751260268737,0.07478300435839706,-0.24676069868543016,0.060519064688887354,-0.009020966377044075,0.7762472826011622,-0.45546264426735195,-0.022413728547187775,-0.19074053668657764,0.20501691107674028,0.03143878088808575,-0.1929843645990841,-0.04956152322641311,0.5676430239032567,0.43676616297244825,-0.09084987348744201,-0.6728447809630281,-0.006446050784342516,-0.39544366007347553,0.28365659045256236,-1.3486719491066246,0.18261517979295153,0.579969742247369,1.7162415877669635,-0.6799335970579787,0.36755936783433707
34.602000000000004,14.055118835728507,22.681810958965684,0.8147701966720481,-0.3542591169819691,0.017747296543481735,0.02684688394979915,-0.934593364155096,-0.26362454382443595,-0.03602839342288898,-0.0689295394943423,0.5422662623590935,-0.29146292641140403,0.0850579349285631,-0.31031708930930363,0.06432520072692689,0.00671507833100392,0.8187832116001824,-0.4650233052135098,-0.005929534641225413,-0.1897255233726889,0.24763790362632124,0.030594547267924228,-0.08836899857335738,-0.07636306285367193,0.5705709706288657,0.5965165524519057,-0.11277320823233254,-0.645449587473027,-0.18891218273966645,-0.3130356259589819,0.12276574190499726,-1.2558387876983736,0.018046284316387745,0.20922227489387507,0.3210571557176371,0.04322111910317232,0.29085772972483986
34.652,14.045645259608458,22.69493234816218,0.815795913071721,-0.34124163382432965,0.016749367600250593,0.027023353414454422,-0.9394377810159291,-0.2333553582397895,-0.04365587290464472,-0.09746465446707282,0.530756443349713,-0.3050049101567206,0.0871579746728238,-0.3738404609872293,0.06225546167902664,0.014833557045953261,0.8222389556654841,-0.4530133363464488,0.011324020597386783,-0.19013242664712604,0.2745787025843654,0.009471808662066837,0.09191196662519939,-0.03434108646973305,0.5343596914068975,0.5983005257327538,-0.1912631564939363,-0.48567563946262954,-0.25296259954765293,-0.2387181256178574,-0.013885759899216078,-1.2245590414704224,-0.12923537406545593,0.051091859346225905,-0.16773356799786035,0.3364599451341676,0.3380732510996693
34.702,14.036068352002511,22.709203461691242,0.8155445779761225,-0.32948331775233114,0.015513072904160315,0.022412207454755178,-0.9437678638568878,-0.2051454088640835,-0.055605888947875326,-0.11663995558926699,0.5185784356981429,-0.3168131809761075,0.08542444001826856,-0.42474386536489345,0.05165545049807825,0.010442092284837142,0.7975437640020366,-0.43253637652595905,0.023810735474452185,-0.1919608677612557,0.29395717344717265,-0.01983535440277727,0.27512060263781946,0.03988114095593685,0.46745015831789094,0.5105363861292632,-0.29418532385413415,-0.2891556043429598,-0.20400650867794906,-0.26803038217829617,0.020839404159222176,-0.7867772697257581,-0.2652213460194078,-0.20214520598185437,-0.7490224215536105,0.4446143446266051,0.16474297880260047
34.752,14.026543495727923,22.72429472611787,0.8136554989235477,-0.31863737432569467,0.014808386508134614,0.01313300273421763,-0.947670016203444,-0.1845879743153272,-0.07394726531050128,-0.1285241681650517,0.5137347797512469,-0.3314003154371789,0.08993517393324217,-0.44021607567553017,0.03532039017536612,-0.011998443851152191,0.7240815701802363,-0.3874251050682966,0.027640153422241482,-0.18831462747791866,0.3085485288662765,-0.0603222224142558,0.43011726950807483,0.11384840034867778,0.47326801083028014,0.2997459069001754,-0.44118934912515284,-0.20570247816341586,0.06351058421388095,-0.34892111615595806,0.07598862015043466,0.20222392409146206,-0.3176519521290327,-0.5789194677539475,-2.2717612586665274,1.3263481439983433,0.06046628681671947
34.802,14.017233742286198,22.739725731624464,0.8083179466348376,-0.30569081474960613,0.012977017441658816,-0.001444834789151495,-0.9520412991296505,-0.18582422330576231,-0.10178101786380471,-0.11995341672149429,0.5488245047495298,-0.35364886714927063,0.08683006206828603,-0.4004460428337931,0.022268246419269982,-0.028339450797977197,0.5674580091310648,-0.30727078245363143,0.039912171161821566,-0.18607486954085806,0.3022452111559834,-0.16101629409157645,0.74807995918105,0.06308666386555681,0.6447905089759883,-0.3836534025337886,-0.7403921643261917,0.540142358901925,1.479445077591675,-0.5218626592386533,-0.1875598122959532,1.0826205905678645,-0.22328652015292927,0.2525010439066831,-3.035878884407523,2.4179346865401667,-0.21625137827870516
34.852000000000004,14.008129002559402,22.754424164128856,0.8041826273115593,-0.2931781085210417,0.008245343196061293,-0.013730544434441959,-0.9559236806090408,-0.2148055800954367,-0.10776809457675733,-0.04509111570570016,0.64780356252825,-0.37288354521988304,0.07098078940477802,-0.3842087827038756,0.013728043314880594,-0.01158878111537606,0.5646634565135473,-0.19401163238704836,-0.009067639257613065,-0.1866883891787813,0.2820372883341164,0.009680572551783433,0.2685918273484037,-0.07616863915944042,0.4559557551879062,-0.5460841288729211,0.531233876102116,2.2536688041122446,1.9231967702610013,-1.532910413113836,0.017419358064090392,0.19004106960919112,-0.27045160719947875,-0.24287155977131297,1.0472958736415097,-1.349229694819745,-0.993891568653046
34.902,13.997843242791763,22.767715937014966,0.8063260460990441,-0.2797553262909047,0.0037982730369172236,-0.016809534853111877,-0.9599166474605118,-0.2425661783354859,-0.08492861808347296,0.03080977500552715,0.7369501052058719,-0.4729989457285728,0.07382803712362417,-0.35393462913387463,-0.00017718696051896197,-0.03132608602934534,0.5844052579426225,-0.25012717806366325,-0.044431614541376716,-0.22779133975601398,0.25340658299534635,0.06139676092230233,0.09293584972267069,-0.18186851519802086,0.6100181621360781,-0.4844168266875491,0.290800019633348,0.678428149331332,1.5367849945797802,-1.6270317852744167,-0.03733840008973194,0.9360333459593249,-0.2640198162962311,-0.46450754639258807,-0.11559853572745218,-0.7845607788854353,-0.4521552429046094
34.952,13.985470435863734,22.779633662403327,0.8096146523039764,-0.2644162136493675,-0.0008246678799395646,-0.01699881402492797,-0.9642584851604702,-0.2659284769425579,-0.07388255137061267,0.04219435417682634,0.7919656405339377,-0.5214200971524133,0.061208564930514874,-0.30126511014592744,-0.013215339843196252,-0.05743234081371325,0.5658383359821499,-0.27945834924036606,-0.0596317700531884,-0.2644108758777347,0.22493628327173407,0.06386423728787428,0.022041002190682064,-0.1397599674198913,0.6632817918149221,-0.46385148443700397,0.21369567270789647,-0.02405687061797059,0.7245631958116127,-0.41099931617262536,-0.3980715645708302,1.1057789314281685,-0.25618775642081193,-0.5726478687443829,-0.5206724461250024,-0.44744811042808924,-0.15820617253066574
35.002,13.971347774781947,22.790121921136095,0.8123759026267193,-0.2484802094155766,-0.003610765450982633,-0.016298301185429874,-0.9684931147303617,-0.289813166857439,-0.06132253937211953,0.03814004411949976,0.8145097532130353,-0.5257134452633468,0.0372870143148675,-0.24641322795003953,-0.025245859353003157,-0.08671400904564902,0.5373378672976657,-0.2990965585595076,-0.06102348689274361,-0.29906381541664817,0.19525468975241086,0.04637526864959261,-0.017077628268849492,-0.06874670093388625,0.649764945840771,-0.5014086435597463,0.28283643475112474,-0.08836728952973452,0.2633158833486207,0.08064735517616048,-0.48648047315690024,1.0738030221971042,-0.22028576964036387,-0.581198475350076,-0.5902293539416185,-0.3703738242665059,0.058317355396689564
35.052,13.955499930271763,22.79917756899904,0.8144351356841795,-0.23230902849244092,-0.0044720767544324655,-0.014665339907891595,-0.9725211790062911,-0.3175381838967946,-0.0454390477750336,0.03553281424789202,0.8222280939718524,-0.5067803258554726,0.007386377318089863,-0.19121705556557528,-0.03448073072276419,-0.11783437995321057,0.5026402268639576,-0.314618361319181,-0.05530862369875854,-0.3337034759874204,0.16676234322453098,0.03662558471142058,-0.08604728374908248,-0.008811943861260723,0.6743921523783442,-0.5945344188415516,0.32505823397179867,-0.007190759404657604,0.02165670066744875,0.6116812855478354,-0.6028154109001536,1.1252253272698962,-0.14642915284306568,-0.6449513572627928,-0.7845918468898356,-0.2644898700727271,0.12039776568394774
35.102000000000004,13.93792462911412,22.806593996278487,0.8158744172045033,-0.21641840332697734,-0.003526718433539397,-0.011982188604072127,-0.976220807048666,-0.34686797923755686,-0.030822930432637296,0.038707407447556526,0.8097971058668818,-0.46776023490810686,-0.018374353184393517,-0.135018738581713,-0.03979947619418262,-0.14956672263051793,0.46021497474482503,-0.3252283464095999,-0.04748589313799848,-0.36624386757582883,0.13001096865342227,0.01819587212466863,-0.13764032201761048,0.05583473686999993,0.6184241676399832,-0.5723936263995321,0.25649349024973905,0.14137377310973623,-0.5134419732169497,0.839147232886482,-0.41998871722525516,1.090103804967778,-0.06546867664259666,-0.6087456031474432,-0.8628953313847709,-0.18682940065682804,0.17931416351844198
35.152,13.918830210072962,22.812233809399057,0.8160696628459124,-0.20223739755558406,-0.0009542116416539352,-0.00767500379249424,-0.979305988354443,-0.36649282284660406,-0.018156859989157576,0.05417890301801554,0.7481051290635348,-0.4022622942061851,-0.03663814542894769,-0.08081099692368517,-0.0393910650438333,-0.17923403818927683,0.41587841543310494,-0.3330931431028599,-0.03814325316442386,-0.3954362241629995,0.09567739096960935,-0.01513171282136509,-0.24333878371005827,0.07948318609068232,0.5284756860809691,-0.20282081706784233,0.21365502844922413,0.43414649696216223,-1.916144121371828,1.6694712404537104,-0.2591518422736168,1.0408282645440932,0.08270494600046423,-0.5497088670231461,-0.8252807900836009,-0.17499684544050675,0.18352831464581754
35.202,13.898573689185389,22.816051866695034,0.8133866208237488,-0.191516724640075,0.002597232095603668,0.0004831252342105943,-0.9814857946799777,-0.3677764689376431,-0.014836026283440865,0.06955545694408867,0.6238235803518973,-0.30219435684890406,-0.05366679746007761,-0.03764597701252115,-0.028816764542279515,-0.19945350300282183,0.3919658372146358,-0.3487738338584098,-0.02839059225731839,-0.410768816734277,0.06316646789747561,-0.10014773762681753,-0.5074030330405578,0.057589279723342754,0.33810673474071573,0.10790886120800353,-0.050899607618984315,0.04156601990047522,-2.8273071099886318,2.172724630299583,-0.500139210482804,0.6412034292964648,0.4113304381005298,-0.17271915693788012,-0.0035827093820414713,-0.4853688195899794,0.23068281160803553
35.252,13.87878922351182,22.81934063721065,0.8075888030789474,-0.18634908396549654,0.006613068501442979,0.017814075714232092,-0.982299824359479,-0.35700638225675846,-0.01680658572789321,0.030353213326856785,0.5436599638850379,-0.17955267915827464,0.007803027652880231,-0.04856273770026001,0.006868267229860612,-0.1686138787655574,0.4759466552016722,-0.37024557179465845,-0.026113249815940712,-0.3435557481119315,0.0567262259766862,-0.04164583787666014,-0.6110427148557117,0.16273840681583684,0.2698926789537974,-0.26202395069212614,0.13362377468958142,-0.7303192332665361,1.1112739253585144,-1.2126873296860121,2.395958689380613,-1.5791755281781144,0.7300712582106419,1.7100120103093952,3.81318669054253,0.0034776980176419725,-0.2850513246786761
35.302,13.862747957032163,22.82239707456296,0.8078844417753139,-0.17730598483242713,0.011504576017401813,0.025589847697712786,-0.9837557583913147,-0.3592781305140257,-0.018995806324945453,0.001079403984719497,0.5824525219117089,-0.23596355325526308,0.05841329507332625,-0.15471265762892406,0.043325586125444335,-0.04968751933386088,0.7123047484392437,-0.4086788548183798,-0.0254612937091505,-0.3243364228564625,0.08075481572024737,0.020310355303605632,-0.23626748673995493,-0.007741770787551165,0.3513424787077505,0.28455043512329875,-0.061463070742490376,-0.46367029582834096,0.47294858344748275,-0.9117728863620712,0.532260122598267,-1.9122263217043378,0.5567356287883144,1.8187242407209219,3.833656950022256,-1.3967830669739536,0.13475074889909885
35.352000000000004,13.846276651556895,22.827787255448285,0.809457558997424,-0.1688324244715157,0.010913998691490708,0.03172573513104408,-0.9850735885252561,-0.33433520362635494,-0.018699350247274142,-0.022221479326744658,0.594213846649093,-0.2726011871026675,0.0765327201707071,-0.2349017606875901,0.056320003533617345,-0.008254833552479239,0.826529061798776,-0.45781122759057136,-0.015821711238016883,-0.334714917968585,0.13086127456672325,0.041858791551428826,-0.22402214089937397,-0.1239292767190738,0.3398097761004602,0.6724643422403858,0.03385840713629925,-0.4776933502180705,0.02495555578451028,-0.5887137854252009,0.2277530436497064,-1.3973111972752388,0.09752134033024383,0.29212959976823477,1.0921826171164828,-0.34020502105243233,0.25148183610636377
35.402,13.829346996831774,22.835299006080824,0.8116571968112432,-0.16057328896230258,0.008498230762107184,0.03618090494816319,-0.9863239534062198,-0.2957363900144642,-0.017687858039578577,-0.044407356427145335,0.5881393352340119,-0.2979909053035749,0.08298968112803853,-0.3030171235876126,0.060918705123543464,0.0024068908555322293,0.849134750384037,-0.459672007249226,-0.0002484031146734679,-0.3426924460778126,0.1658884482112017,0.04173203861784138,-0.08617951315886349,-0.1412767294794612,0.31264873711508306,0.8448811874502906,-0.007911179647461913,-0.3901277544762538,-0.2332576011263632,-0.45395841504878304,0.05501439028909926,-1.3621293205196925,0.08946618394554458,0.19140190781498384,0.07556933537338116,0.12395198318101489,0.3161321586794435
35.452,13.812026469107732,22.844175868080516,0.8134310335250113,-0.15364414760054013,0.005880129519914644,0.03606609077432156,-0.9874503213231495,-0.25155407292113297,-0.02067492383342114,-0.05871715308670264,0.5700961469695363,-0.31694894794417383,0.08402337714448918,-0.37131725014009076,0.06277641682672905,0.009885107596846906,0.8433991393105661,-0.4462800932502761,0.01794488534332096,-0.3504368255532179,0.18758233217119683,0.029053964727047524,0.11696538664106312,-0.07993225032372,0.24305172934254496,0.9079072092761636,-0.10758573844892902,-0.18855087224125391,-0.47243168105961947,-0.3134612300763794,0.0006060176552213686,-1.303362511614398,-0.03482543602452607,0.05043822700058807,-0.32279028531785425,0.32685586918285303,0.3468461074268707
35.502,13.794296834636828,22.854039588486682,0.8143984717480643,-0.1485757701725644,0.004546495329997057,0.030914995835926364,-0.9884072201933314,-0.20655896131719062,-0.02865940260738473,-0.0633568373601943,0.5421234729761472,-0.3300392622964072,0.08362924639884974,-0.4263376890541304,0.05694838844070241,0.004440143942742541,0.8140105837915973,-0.42673395984553486,0.030514571708930405,-0.35736705899151433,0.20581847959125865,0.007685638417874839,0.29373677414274113,0.02472471892066099,0.1721893589064385,0.866758407367098,-0.20914269312849929,-0.015148239567161464,-0.6034007689325738,-0.23566436859431683,-0.010475842295761475,-0.8731443528838556,-0.17999570264401907,-0.2599564658658696,-0.7896055888326771,0.4291280416321155,0.1607393199313813
35.552,13.776284639697039,22.864788472025975,0.8140452776411049,-0.14453466466592685,0.005142936714408648,0.02156250154568452,-0.9892514035567262,-0.16618739719631745,-0.0421475240258684,-0.061836486751392784,0.5125939584045861,-0.3409934601771492,0.08494770012326701,-0.4465525567675999,0.04371175835224933,-0.02240373814053029,0.7418515479895976,-0.3790606391068523,0.03312491811810198,-0.3623107407992688,0.22345209829567036,-0.02702384076129903,0.4304375476438116,0.1085141346483133,0.17097464385851216,0.7228935317257331,-0.3353231450239641,0.04932622264251472,-0.4894190517047413,-0.25182222909606516,0.06854792673077126,0.09636423459056567,-0.2870986105671206,-0.7161481033570325,-2.1758426204995076,1.445810564516725,0.008739916662602397
35.602000000000004,13.75817707364342,22.876160836551424,0.8104310059757307,-0.13912605481700696,0.006007219520109501,0.007609956641083712,-0.9902272177357145,-0.14259117512188388,-0.06493229549864808,-0.05190838409541494,0.5131374296176948,-0.3601137702674603,0.08527467827771208,-0.41161747597339854,0.033071164287529375,-0.04922626885655401,0.5887381892240919,-0.2913850539213021,0.03789827601287887,-0.36250187527553196,0.2240380643444302,-0.1268156630195766,0.7240167640745545,0.08129731975975209,0.3120638596114038,0.1479551098610759,-0.6377877376612363,0.48643698952505937,0.7081570508929619,-0.4998762096021821,-0.04814549861907912,1.1957544866502792,-0.19462924371028376,-0.16410819899576085,-3.6215558904456686,1.748311184533979,0.1841565412544887
35.652,13.74057406976233,22.88680842881043,0.80480744771685,-0.13147941302062105,0.0031931473648014025,-0.010042037687488105,-0.9912628941107111,-0.16151568415368708,-0.09363581538902455,-0.016356741314888117,0.6083173629370285,-0.3694617206611947,0.07203656155410405,-0.37743836041198087,0.027746809201567697,-0.015165635745071805,0.5240119534641475,-0.1473535766160355,-0.009221749305121674,-0.33080982760984134,0.20208921240285257,-0.022301071244569027,0.43664498418635095,-0.0424083177317769,0.16308460177170492,-0.6912119312505276,-0.017961231495232502,1.2212498091925181,2.4349048132478175,0.11043799192689747,-0.5149262278094336,-0.08940505678925946,-0.20984848301530526,0.22010159924062797,1.487087766850555,-0.8861856083962988,-1.24232991844451
35.702,13.724026734584388,22.896054290278244,0.8063937205444489,-0.12545945473189157,0.0004943471049160166,-0.015997650133143432,-0.9919696346307854,-0.20017666308869436,-0.08656370473742056,0.029997464702568692,0.7197200321730053,-0.4530757514135178,0.059113534396511416,-0.3604810777579448,0.018680054413421757,-0.01754810422218166,0.5655851485617331,-0.21136008406256668,-0.050709100802656275,-0.342943351327344,0.16853113298954042,0.05813410986275683,0.1601514819065173,-0.1396113186926041,0.27262928281645976,-0.6490971319675941,0.18594323474744787,0.5992802875124077,1.663702625783641,-2.0513468571119953,-0.17263518168484615,0.7433080932906815,-0.15407058190698994,-0.11871771640615121,0.20207328375152558,-0.989822599418455,-0.5345524217241755
35.752,13.706330337974117,22.90351140320384,0.8096283811068614,-0.11809514118159342,-0.0034742366892008946,-0.018395560857410675,-0.9928258007573476,-0.23127512795468413,-0.080904175753373,0.03883145814423377,0.7793818463200529,-0.5153047956520781,0.04841164373174558,-0.3148396949532297,0.010867669918798456,-0.025857653732757002,0.5589380695380284,-0.24842384918366806,-0.06882459028774099,-0.3638915417280391,0.1317973259306446,0.06416912536328513,0.07985901635241491,-0.1300967136618328,0.3043375668185553,-0.5936404494986156,0.11076710743945235,-0.028134141509495166,0.7728470665204138,-0.568432649542656,-0.24938626156635518,0.9934654226643536,-0.15513360951976018,-0.19471002706024104,-0.32033619460928764,-0.5698021342843448,-0.20566382506813657
35.802,13.687645011198391,22.909206598127977,0.8124245525528883,-0.11068823231369697,-0.006277394946366897,-0.01921338357957425,-0.9936496140146079,-0.26083238720196783,-0.07302899306901192,0.034185337320629554,0.8028853903242574,-0.5234880515548871,0.033151573407823834,-0.2650519394587366,0.0036034913820435525,-0.03653074530419602,0.5395442376403842,-0.27302146267214894,-0.07263370925028768,-0.38291625267078755,0.09756056467128997,0.04743354750275048,0.015120642276285592,-0.07462702782002427,0.2920592592474075,-0.594183144683776,0.20237001208566402,-0.12180837688276475,0.2556990323917017,0.04627913317841534,-0.3239856868575588,0.9863305124787124,-0.12882508005200788,-0.22213137038966757,-0.42550227984906663,-0.4582490267640982,0.005502702873987163
35.852000000000004,13.6680075134411,22.91326363256696,0.8145168115831195,-0.10308980304844323,-0.007527760245988278,-0.018264693846280895,-0.994475855057232,-0.2923362774044841,-0.06067871245947185,0.028043023211303995,0.8098722402152608,-0.5065628786731008,0.010294300794922107,-0.21447386584262967,-0.0014975230590519425,-0.04947191026435716,0.5132759572480808,-0.2929325240762547,-0.06940438848001398,-0.4018597130132296,0.06539334962381846,0.037217254849674766,-0.0723195757437286,-0.022541652919338837,0.31572372928094794,-0.6552321722215452,0.27906115528977304,-0.09383028438715568,0.016502445550598155,0.5414900262841189,-0.49926120412949665,1.0340174071959194,-0.07047654710634338,-0.2835650972001315,-0.617768024747935,-0.35313760655156035,0.0705326670684654
35.902,13.647446935756566,22.91557735869427,0.8160448987425786,-0.09537608391687327,-0.007251561201363745,-0.015484194221308725,-0.9952944575381399,-0.32418742422744373,-0.04702952469259795,0.026264969395476293,0.798391499536228,-0.4719260029558227,-0.011639543565879708,-0.16225740477715808,-0.003584944142058545,-0.0640994579921259,0.4782446796651993,-0.3077522136685804,-0.0640826275181222,-0.4181010037045673,0.028005409455193486,0.021712873999528717,-0.14528698867421558,0.037597253573436636,0.3032161082770762,-0.6153067687423482,0.2459162828238604,0.00017389701785530123,-0.4751946420450389,0.7604586059618125,-0.3589787598352165,1.0283164613315043,-0.01324703360191485,-0.29664067788533416,-0.7446495762722565,-0.26042158692749623,0.1314468030947325
35.952,13.62615937365473,22.916083549624634,0.8165710810647641,-0.08798584086385042,-0.005410102731901607,-0.010710184971723588,-0.996049453859487,-0.3443956065125314,-0.034177191946667115,0.034305296334085876,0.7350205364064569,-0.40797181039998837,-0.027428417911716935,-0.11078993705921883,-0.002017531629798047,-0.07989516066990708,0.43832806210210673,-0.31864329953576687,-0.05665391349507518,-0.4324013493632674,-0.006672695763927338,-0.005212484368579841,-0.24445307302937994,0.07429008448184618,0.27723946480421446,-0.15133120367885255,0.2579894771675577,0.3399170292500092,-2.0915051983378197,1.7082496214057825,-0.23682638854045446,1.002586311262446,0.0820513133851242,-0.3124634168052525,-0.7773513594421408,-0.221964396270095,0.15879781496395956
36.002,13.604434381899681,22.914824482527354,0.8143838482778558,-0.08230976613967785,-0.002747595784663134,-0.0026922390318984573,-0.9965993703411767,-0.3379873564682011,-0.026744769985345116,0.05086272166517071,0.5919346057750071,-0.30350631054265403,-0.039462546300514906,-0.06905956568190523,0.006583545007268805,-0.09358761896995815,0.415585778398528,-0.3375625841380754,-0.0481118270873679,-0.43276441659861287,-0.039134749033099554,-0.09560705352330487,-0.44866474247355587,0.07564135020858374,0.1672100305742913,0.33896226345155134,0.024322586138890448,0.14489884528124947,-3.3284345534288846,2.240900698429995,-0.3093288090877125,0.6051946335885849,0.3077432443710178,-0.22702446642578217,0.018930377424807368,-0.6187207798250564,0.19764900600141572
36.052,13.58382882262336,22.913358188709875,0.8088494497701186,-0.08116190236476817,-3.0086270112591822e-05,0.013082367164304158,-0.9966150693064632,-0.3225858771874299,-0.02259833157767602,0.02070709849458434,0.5149700993174126,-0.17216951618605944,0.015162030177952476,-0.08649211163004718,0.034636921191893266,-0.0920368527058741,0.5109446949277106,-0.36214851848945256,-0.03811096522821851,-0.35745968773979936,-0.026935838608999684,-0.04007793758851745,-0.49053537750252363,0.19953225776463546,0.10822984076980702,-0.43809551892947807,0.1715331440510194,-0.46674356314775306,1.510434820161256,-1.3426751485679556,1.4372713731596747,-1.699265963837954,0.5199184572020602,0.6431133349837737,4.249789940511965,-0.1777166849819013,0.3095952494865711
36.102000000000004,13.566074869129215,22.91287759371384,0.8089787363287477,-0.07768781449535832,0.0031814557241613126,0.01963509945450286,-0.9967792858440734,-0.32319248368124,-0.021091184758926313,0.004225042823307706,0.5629352649975026,-0.24125132769441154,0.05181403168449275,-0.1803281768544408,0.05984090882713034,-0.028926322416751388,0.7335598386905329,-0.40209628768450734,-0.02676619033262348,-0.36852751947613044,0.016358838787902112,0.023929470384668854,-0.21857400413019729,-0.0275203628652751,0.09340792028265586,0.416527383106054,0.06990459469500367,-0.23807524176151007,0.4679315342629441,-1.0778141725666033,0.45897241087019025,-1.6045550301523,0.42718648739306925,1.0700548921821944,3.351458766201488,-1.3775908569836428,0.21158901496859098
36.152,13.5471130052841,22.915080500145276,0.8107382832752689,-0.07509854850876853,0.001789749547336757,0.02545285339881995,-0.9968496160716976,-0.29190791191766774,-0.014917184327442233,-0.009211542005513924,0.5718669876480924,-0.2828991782548398,0.0681280261900785,-0.2491070677745012,0.07115172546710093,-0.004237100924528393,0.8311719241393333,-0.4470251005073427,-0.015022899830364141,-0.38784160824244646,0.06658309202931993,0.042065489008379614,-0.21391068156891777,-0.10014552144726481,0.10235236480363326,0.7683724612136985,0.14549650119863206,-0.2797973444784802,-0.03205597858964246,-0.6684920431085944,0.23142525352301674,-1.263896668386451,0.13287387486197916,0.24972786703416971,0.9285916314930241,-0.28128512365689473,0.29191949308168424
36.202,13.527383852295145,22.91935196868423,0.8127561496164655,-0.07252908692251833,-0.00017258456752996333,0.029447488098348695,-0.9969314656532061,-0.24988744694116824,-0.00870819819333445,-0.02161840226668905,0.562891455485262,-0.31113250559367434,0.07424515745883077,-0.3136897571579955,0.07610507496823912,0.0067918621237197455,0.8501134025153319,-0.4487985500662054,0.0023994434108898194,-0.40075159239173447,0.10053338569500019,0.035210616221588664,-0.08069706558415551,-0.08015655991134872,0.09460335692034122,0.8898922472262532,0.08770455856314192,-0.19999092871303742,-0.29412068428352134,-0.4930386838253756,0.025154813802965525,-1.338649726452175,0.055215690860806965,0.197510618504095,0.06299700652718859,0.08610821259452459,0.35162229068122786
36.252,13.507138261803842,22.924941230052426,0.8141239440838643,-0.07112083219072203,-0.001016567992058386,0.028954780643364736,-0.9970468466907211,-0.20451845968358962,-0.0068472495170720325,-0.025580881171828534,0.5414957308979629,-0.3308116219121159,0.07271762838528281,-0.38206992700531633,0.0744415253425241,0.013068935281267742,0.8449148092622727,-0.4404012902938514,0.022572301925691544,-0.40937167771681937,0.12144412332879721,0.020128787722189127,0.11496839012701215,0.010532025778608688,0.021828882050150357,0.9183002453770046,-0.018921907906753285,0.02336661659161385,-0.5413126274796016,-0.32716168923447153,-0.01827218808701873,-1.3066138314937061,-0.14610356480824319,-0.019336653887861578,-0.314525632852437,0.20856573301431225,0.3638596525716291
36.302,13.486426599942346,22.93154328556313,0.8146204581668944,-0.07104047256359715,0.00019865363072411445,0.023794618141619667,-0.9971895646977903,-0.15920239953002605,-0.011098767285442596,-0.02070297802760383,0.5100666452703378,-0.344604477789591,0.07245778287031307,-0.4361550247174635,0.060283552075544374,-0.0001541816952289743,0.8144874983464386,-0.4226113355388032,0.033921865748808414,-0.41784311191131734,0.14260652482444158,-0.0020987224130183304,0.27625087418833516,0.11571777947316368,-0.006437258571303064,0.869779587902795,-0.1435202378404288,0.1533678967455331,-0.66739657956679,-0.24943321891428663,0.010692637446297339,-0.8413384986155896,-0.360898459170506,-0.4364230921755457,-0.8291875188105636,0.47247414209456434,0.12169964303205945
36.352000000000004,13.465228373861295,22.93924821932958,0.8137133390515182,-0.07134725008938368,0.003263199270665515,0.014850616974010928,-0.9973356409006418,-0.11742615552505299,-0.021785838761326465,-0.01135670749238452,0.4772998813286405,-0.35666553792370587,0.07623637298587764,-0.45418277819831837,0.03910457665080999,-0.03459045276917336,0.7376703178943115,-0.36385208905183025,0.03638416579586748,-0.4289152532141869,0.16516372709317229,-0.04194615402296633,0.41164106716182003,0.16319877892684043,0.0014548753201868072,0.7614491974889528,-0.2803166800110759,0.2053322555652205,-0.5210551094585623,-0.2968809723104775,0.08979180937411564,0.15104078179010647,-0.40592703361852234,-0.8261231982907289,-2.331199797641381,1.8088450799729086,0.042403202575238934
36.402,13.44361761358374,22.94772089535874,0.8092995052304485,-0.06929394224638362,0.00553980563817955,0.0004299622778304198,-0.9975808113901781,-0.09646280153755271,-0.043682219929494455,0.007671224218537659,0.4895694789912872,-0.3754846243247454,0.07415027009798929,-0.4153369095886702,0.024208212958277735,-0.059964580032915916,0.5732254266104085,-0.25704515949806395,0.043459848222256334,-0.4385744167185552,0.16439469378661462,-0.14049105214519594,0.8072803258913115,0.05209761984579119,0.1842070193926039,0.030237952136330626,-0.7321866232057999,0.45061014345327743,1.206862970507153,-0.3992391199668519,-0.17338413707881786,1.3028542080811558,-0.2631823417131313,0.025925852992862708,-3.855009336049644,2.0689618795594806,0.21643759443135685
36.452,13.422744946003183,22.955731844940647,0.8048382183696903,-0.06564827109725507,0.004229067113442378,-0.01638013927631085,-0.9976994089055982,-0.12577260317325617,-0.07201882649699114,0.026212088146676835,0.6122977707557699,-0.3791761766932253,0.05661722100773775,-0.3882711270634123,0.02118348489613755,-0.021625052890287974,0.5432097489676135,-0.1569785714662183,-0.025219701374831788,-0.3867971072353123,0.1477764320852021,0.009784003610731774,0.3843133734919618,0.0245274338830561,0.050316290797794774,-1.0261955811126025,-0.3303631758405993,0.12245425754249735,3.0843391168134646,-0.6695453683886505,-0.3143014855397216,0.017743269467378996,-0.16917150982941023,0.22097248803625294,1.285406903652729,-1.4438081639919642,-1.1380604712726956
36.502,13.403469502994723,22.96224139164028,0.8070581956380486,-0.06215949950921079,0.003009254787232651,-0.02280825211048027,-0.9978010446186423,-0.17670980093503147,-0.08048138370193776,0.03242980179900643,0.731720679822169,-0.47243342424310697,0.048026678868799924,-0.36719293775865697,0.012774543415938925,-0.01925701077724053,0.5751643560872535,-0.2191935148780513,-0.06073013556231045,-0.3941157395491249,0.11565165799394317,0.06130832170507988,0.17889858928434338,-0.10584591286834293,0.15138260786681357,-0.8293562402470832,-0.013839154673903196,0.13409973770632364,1.5110836973098758,-1.8546650788224035,-0.14338822028511583,0.7702880467012166,-0.13050355465922445,-0.0028066711444721315,0.12158925510831643,-0.9166717379849655,-0.4431754664274281
36.552,13.38339118405068,22.967132040418342,0.810175634977948,-0.058352522660410425,-0.00041906136253865045,-0.02589007546626391,-0.9979601752971358,-0.21470080605116929,-0.07941905993745885,0.033427072591496305,0.7790459438112025,-0.5241107981825425,0.03957022545173787,-0.3214254173926034,0.006753824442345712,-0.021094094242879734,0.5688731642911047,-0.25525918692897126,-0.07434939914360296,-0.40703383375447727,0.08168235191088993,0.058295853171018715,0.08871280332059736,-0.12337760658939112,0.15769965599538893,-0.7355327081713421,0.06624720377786748,-0.029267561970322296,0.5503621601793155,-0.38302632031679845,-0.2161758847067805,0.978830001422767,-0.1091825073737742,-0.06704230886982838,-0.26331436247041295,-0.5947594317578229,-0.14559755926921517
36.602000000000004,13.362763395786578,22.970366112511815,0.812660722525563,-0.054498071358630475,-0.0031735638023463026,-0.02680942408541183,-0.9981488583829523,-0.25167066890508605,-0.07409040149205698,0.030070586207428186,0.7952033527705723,-0.5262049967773746,0.02519635010417852,-0.27200161710332466,0.0023615266016130546,-0.025732456086414224,0.5524814878621025,-0.2822088447052511,-0.07745122820879301,-0.4179270567592631,0.04873585397136623,0.04165778285709624,0.0037081732739414897,-0.08351280433437566,0.15255088403557523,-0.7450566775190566,0.13718032252870865,-0.09015961345625662,0.17441126384237143,0.1630446022233358,-0.3169123646667163,0.9900555561202272,-0.06613566171554845,-0.10738500953894312,-0.37609071482253054,-0.5048282213676802,-0.00541972339990812
36.652,13.341613747292335,22.972002678031224,0.8144940485705633,-0.050319652929487174,-0.00465362445140766,-0.025496285477724687,-0.9983968227790789,-0.2907905244701024,-0.06547729928219077,0.024850139218736737,0.8006662407507097,-0.5030784415388206,0.002470569381345593,-0.22110404678267798,0.0005187808172965031,-0.03316919239648254,0.528006505752818,-0.3039019697662644,-0.0758741251256701,-0.4278818837430955,0.017514770635870862,0.0325151992527914,-0.09500827316715177,-0.03356712187359728,0.18029548444408006,-0.7981552871535833,0.20084106353919357,-0.08781461531407975,0.014075317763497044,0.6661876916665035,-0.5010550168728528,1.0450631098885668,-0.008978477211751596,-0.17981833762918173,-0.5977630520234799,-0.366708633572027,0.0650657054383876
36.702,13.319969880614162,22.971973923507345,0.8158310468318684,-0.0458021664228735,-0.004758507730862194,-0.02211842550998532,-0.9986942942703274,-0.3283634874837461,-0.055268040334350954,0.02311505753709173,0.7889154244571609,-0.46291724692024433,-0.019329598233770208,-0.16819944994334726,0.0012741533342611557,-0.04295822984265248,0.49353103468640835,-0.31938687381799785,-0.07156627891269776,-0.43626920569001343,-0.017570137514414583,0.018849821425673242,-0.1695405261524642,0.023107342337704652,0.1796437194266471,-0.693091307313621,0.19082145253570895,0.0004478027395282521,-0.49065868114111805,0.8459231620288498,-0.35108433598779715,1.0483437942468203,0.03951253347193818,-0.20427469138242357,-0.742795133001299,-0.27503612613311285,0.09646468252426926
36.752,13.297921441558522,22.970278269097538,0.8162542935334647,-0.04147880065118299,-0.0035020818011740674,-0.016639393941361026,-0.9989946822125039,-0.35048352196957533,-0.04406354818199054,0.0313498314326458,0.7248330400347951,-0.3964997882715678,-0.03296437696688256,-0.11540466166240711,0.005514247699939304,-0.05387631269580909,0.45299137673251094,-0.3309069207407028,-0.0661755196994759,-0.44488859015222226,-0.04973058314079738,-0.006821273429816522,-0.2675123675634611,0.059004553196087196,0.1554303622091014,-0.15798379650783223,0.23823867945501764,0.34511911719144656,-2.104777612524866,1.724367114802249,-0.1589332325166781,1.031999685730777,0.12985485758576737,-0.21382226480023425,-0.8002482605979337,-0.2301788383746957,0.1290981194260848
36.802,13.275725703247138,22.966941486457063,0.8139958764259688,-0.0386659474547188,-0.0014981656264634428,-0.007970740370772897,-0.999219278889837,-0.34259050471800684,-0.036829901142891544,0.04851310156505025,0.5796348371275016,-0.2912452360648375,-0.04053369453811997,-0.07347056270528247,0.016024977596029343,-0.06411439954610851,0.43125107103483135,-0.3495917300202848,-0.057578118662100976,-0.4400242086972898,-0.07808913482593827,-0.09539786061307334,-0.4789960961421312,0.06202096751233502,0.05556587646711808,0.40547692835629195,0.04540889021609139,0.15188602348840952,-3.384913358388575,2.2609817577297506,-0.22856699548321768,0.5666701246811852,0.3484386681349591,-0.20921186189361063,0.12130198998642663,-0.5773332978316128,0.21554561784743606
36.852000000000004,13.254751593757609,22.963778660200365,0.8086353535345298,-0.03982936643669431,0.00024328353597478228,0.00894452932886256,-0.9991664314704823,-0.3249049298192028,-0.028788905374417532,0.02011408344538777,0.5041010922227624,-0.1636917701316174,0.018436303096785064,-0.09493366209975812,0.046019152532563494,-0.06927612690497645,0.536052942978409,-0.3676209548362937,-0.04607610588006672,-0.3656296206553038,-0.05781667661637692,-0.0379010270359294,-0.5107480153840449,0.18353034600027981,0.02548935397147696,-0.4327097875612615,0.24215059431011576,-0.3977066276169235,1.596904553419231,-1.3429313104977412,1.3143951872783228,-1.7349465229962875,0.46891948752564144,0.3176349045449084,4.410184599590258,-0.04753201532277776,0.5208440800587908
36.902,13.23635896203719,22.961733521265604,0.8088441674655995,-0.03850664094070628,0.002541448320831795,0.0162897706821925,-0.9991223263519933,-0.3240078198750585,-0.02366760042036505,0.006833718258826545,0.5556851746100815,-0.23458376816644153,0.051277758810928734,-0.18433459386891823,0.06559970081496044,-0.024232440422679816,0.7499476129649328,-0.40731120089537254,-0.027667598170887656,-0.38275174318752236,-0.015126070950638991,0.025843592156560492,-0.25600397902655764,-0.04518831763510407,0.010705320396538704,0.4405463532494839,0.149487827208465,-0.1885456264270726,0.5339488959206677,-1.1309949374490162,0.4118324386250214,-1.506542592629827,0.3336502319110423,0.8433514643688902,3.078582925584001,-1.2686567338737986,0.27779805840026184
36.952,13.216654579076685,22.962294995092986,0.810651995404573,-0.03792514543897817,0.0006491172563556461,0.022847510740323262,-0.9990191455839033,-0.29179165845569716,-0.01420556242377006,-0.004111477769351687,0.5674230646689516,-0.27916126171820205,0.06687099525993889,-0.24999691752128395,0.07358944979916913,-0.004476427291761727,0.8376356457261257,-0.44580929966859395,-0.013876505632036452,-0.4027029018152578,0.03277387094462115,0.042094975264785804,-0.23900763493280333,-0.10272491618935205,0.021360086892339706,0.7797498096732289,0.20147722459671155,-0.22408386244696551,0.015657951666251224,-0.727043650856579,0.23508113469486536,-1.2382297198055474,0.09256241752832041,0.2384318789306705,0.8098502360633903,-0.20026373543681103,0.3290433398351865
37.002,13.19617361479543,22.96484918177788,0.8126403904015828,-0.037345983253941964,-0.0014473058302347838,0.02725471955612522,-0.998929608682488,-0.24925137066209296,-0.005568158646332659,-0.013477703793636477,0.5601452072065692,-0.3096591471339585,0.07237461217752571,-0.314299658600877,0.07692469130152894,0.006853827846778515,0.8533214007007726,-0.44623562084439716,0.005021748795108287,-0.4159420667020185,0.0657172128482153,0.03440922488872739,-0.09526972158864704,-0.07484658773008272,0.016868927059585592,0.9005760854273959,0.12831787223482427,-0.13491655572606417,-0.272529739492399,-0.5284438019475817,0.012333494184893861,-1.3451871654851582,0.02551525006890363,0.20437159302250596,0.03537802548850111,0.08635027709896718,0.373319729325227
37.052,13.175163791762419,22.968717498826628,0.8140037666705696,-0.037587200505563675,-0.00212127944126309,0.02701403955513938,-0.9989258952487917,-0.20319752964175958,-0.00208490243843443,-0.014424523484658712,0.5388977210269662,-0.33017118342193624,0.06945077112940312,-0.38286605004791646,0.07398948238017822,0.013027374416924555,0.8471504909930571,-0.4386674173545359,0.02530558904775976,-0.4248392546192871,0.08698119046968368,0.020820014997566152,0.10786206767198482,0.019437281522050435,-0.037661055513827105,0.938283640553698,0.004546982394503233,0.08533355780181487,-0.5575730208380054,-0.3323535968220748,-0.03811934337260854,-1.3093462627172594,-0.17248288440625847,-0.028911143781285516,-0.3254016728375776,0.19140542857786863,0.3405911873249293
37.102000000000004,13.153641013884302,22.973600508810566,0.8145815605179958,-0.0390988901551874,-0.0005565610684709162,0.02199870472322053,-0.9989930049899794,-0.1563183796195117,-0.005467028608386846,-0.006247978201588938,0.5056840455359415,-0.3440849631027961,0.06910068901619483,-0.43704535498818703,0.05842184821563183,-0.0014979938393150122,0.816096673925136,-0.42141719362229524,0.035350662056129765,-0.4351231066797533,0.10862442995159452,0.00013874955346672045,0.27263797457138983,0.12282869029391334,-0.07431908595113536,0.9124342670335849,-0.12969643718231588,0.22038612350648554,-0.7195191478664452,-0.24662833662103864,0.014698364368379705,-0.8431488571178869,-0.38360609954710606,-0.46597897964161855,-0.8402236651008849,0.4702276480442078,0.10090841914735031
37.152,13.13149260769483,22.979631476995795,0.8137903193029508,-0.0410633199924349,0.0028346711633017475,0.013233728657334416,-0.9990648811846093,-0.11169445219478394,-0.015659709829552112,0.006216914721259088,0.469468808396613,-0.3557696006379751,0.07290748990206007,-0.4551709592556189,0.036191218068304026,-0.03772899000998658,0.7389960353676464,-0.3616684736146486,0.03717546359619938,-0.4495843303748691,0.13235036244128942,-0.039990024783038224,0.4081456068046954,0.16222913579503076,-0.060579339090996914,0.8299610077764263,-0.27494229688016075,0.25316422355108853,-0.6023568652014222,-0.288223939983198,0.09026263256113344,0.14823867821541467,-0.42195863347536433,-0.8603170630791551,-2.3310691506143857,1.8470404052031264,0.0276011484332579
37.202,13.108796193839003,22.98650144386738,0.8093926910859771,-0.040575045960910654,0.005421508357548841,-0.0009974969873093736,-0.9991612872265215,-0.08667274609291147,-0.037454801906816576,0.02570399898071033,0.47707500592662083,-0.37500915060131307,0.07081577341773139,-0.4166590822975907,0.02120686246175024,-0.06424493876356904,0.5745138455642577,-0.25306137215399255,0.0426057385907618,-0.4598192859791991,0.13252349738435673,-0.1414054785338537,0.8057002683040636,0.05075109262321998,0.12462383209601938,0.10202943229601899,-0.735160349552584,0.41915840746362304,1.1265778179035877,-0.42100339303243606,-0.18039790185755783,1.2878221569639956,-0.2560839511544787,0.013981281284216225,-3.8628928129707094,2.0928967628773822,0.16895350597211498
37.252,13.08692592534632,22.99300150521091,0.804921195699338,-0.0379467615910388,0.004648422974825945,-0.017968618999914445,-0.9991073837079953,-0.11536656902673223,-0.06746180086508337,0.03777422873053,0.6008267201657624,-0.37886959090328004,0.053010527380760626,-0.38924912857495947,0.01878301010428173,-0.024250155641637707,0.5442594464522938,-0.15618702028555467,-0.03057104072033682,-0.4031588879801449,0.11910993731497488,0.01158257041440301,0.38884934789781994,0.03590524405620013,0.010224213643279235,-1.0877804741738877,-0.42312373403600745,-0.13772034477574396,3.2316070174975606,-0.5931365347094636,-0.28138289526495774,0.00552510152558789,-0.16201276583581986,0.270371268361871,1.3032535830507856,-1.5056754667841226,-1.0781717620813844
37.302,13.066924487833314,22.998114143429174,0.8071982650280741,-0.03559310820667656,0.0038713682171194657,-0.024490817282240857,-0.9990587285165784,-0.16973468884667253,-0.08037709567982261,0.033773364180101816,0.7275897033719321,-0.47134941754647003,0.044377698807215364,-0.36878347879183776,0.010973814875712503,-0.019477315490882923,0.5768404386511178,-0.21968913846439395,-0.06348213145624852,-0.40731269050451524,0.08861689915666988,0.06149701501602551,0.17798416544388668,-0.09756684044225654,0.10744598895588194,-0.8906810054194522,-0.06860145884627367,0.016809591408836467,1.6041944513981026,-1.8816875019070796,-0.1577511503702189,0.7601844788681043,-0.1152840406294929,0.03757853906488098,0.13158695390971478,-0.928291540717793,-0.4133632055210477
37.352000000000004,13.046254684443525,23.001690502086657,0.8102749476849103,-0.032991179371161486,0.0006923727498867212,-0.027614545737439055,-0.9990738408983537,-0.21017690584011464,-0.08011738232813101,0.033065138295692964,0.7770516334975962,-0.5237980220546776,0.035725451823478346,-0.32355520841715757,0.005901264722374558,-0.019189100192067224,0.5712885089906841,-0.2563195967052251,-0.07622458520233379,-0.41761941555549453,0.05561199536264775,0.05684157201718616,0.08731870477138795,-0.12012351593405679,0.10710467201961918,-0.7765157279011413,0.051669664110237476,-0.0525218383771724,0.5601973217307346,-0.38251160020646563,-0.21031695310389345,0.9672756719339314,-0.09011720091206941,-0.021516387429222808,-0.2435473657151128,-0.6058867387353108,-0.1354650774942443
37.402,13.02517733802388,23.003637401750073,0.8126705237793422,-0.030452601556196834,-0.001958786061670413,-0.02854011920494584,-0.9991267506234579,-0.24916434556054706,-0.07540645120347415,0.028770693292647156,0.7933324386773236,-0.5257108697449624,0.021682270162241106,-0.27474085577799673,0.0025102696407268096,-0.02149576055958497,0.5559556535156298,-0.2837615088879331,-0.07903759312352686,-0.4254464059819479,0.02335542557354316,0.039774646356421944,-0.00041316519443203607,-0.08318652774604471,0.09964311323184363,-0.7845388772896468,0.12892447870778295,-0.10228149277279959,0.17252746948001774,0.17053809295360436,-0.31138269696979143,0.9788835874035169,-0.045904102826749546,-0.061655209661731346,-0.3555225686906646,-0.5137973655158368,-0.0031303924177837105
37.452,13.003730826626258,23.004025517598695,0.8144197221553859,-0.027568159949528277,-0.0034603826272210708,-0.027121932658970387,-0.9992459272260822,-0.2901736575455603,-0.06706631307031657,0.023076443531505245,0.7986997733085467,-0.5020454952314365,-0.0008443065362048481,-0.22432699228378078,0.001653235236975477,-0.026727040465116744,0.5323948283700657,-0.30580201919187,-0.07744883404692747,-0.4324091050450188,-0.007161847421729576,0.031146418648246226,-0.10099635372111546,-0.03597648870051008,0.1312833026864612,-0.8327017627103388,0.195079724982311,-0.09645998971422272,0.012135779864082038,0.6787663382767773,-0.4982623348288491,1.0371816213707061,0.007340329169397673,-0.1388738997365857,-0.5810891261919795,-0.3727283591196651,0.06309651372120016
37.502,12.981929826333804,23.00278954171244,0.8157096855230813,-0.024232528706535025,-0.0037059906574695503,-0.023568504788292394,-0.9994216206225368,-0.3290011094899164,-0.05688838397440635,0.021142141808156698,0.7865773633511208,-0.46133000367758753,-0.022494114930116684,-0.17165694216009061,0.0032082432088102793,-0.03452816462206593,0.49851713244081725,-0.3214872798483716,-0.07343968214193779,-0.43822554629430455,-0.041210459652918155,0.018200652534441066,-0.1784703777948754,0.018112534775747414,0.1330865813968433,-0.7080652529008957,0.19447412008322454,-0.0009921106069044512,-0.5031797560907219,0.8545765654221775,-0.34769661912764843,1.0463833008695573,0.05561961793517605,-0.16566708963984195,-0.734658972797515,-0.2778638086773188,0.08847899201987507
37.552,12.959833631473733,22.999930082966497,0.8161018028179715,-0.021015342963243422,-0.0026959986660815955,-0.01783088598430786,-0.9996164996919291,-0.35126785809773176,-0.04551735426807946,0.029084301653667387,0.7214759342005506,-0.39455411642625254,-0.03570329102885281,-0.1188937685223519,0.008149572545877492,-0.04359271549528981,0.4583835568806468,-0.33319741845958745,-0.06831778308964741,-0.4448453770529218,-0.07271228658334304,-0.007620056297434289,-0.2766354580144334,0.05261305149122352,0.11349498357117281,-0.15029289459730344,0.24196955336346768,0.3392904482233286,-2.135260887322475,1.7307650213890233,-0.14530541808705397,1.029830220429687,0.14074176435239183,-0.17962741314979933,-0.7883132409950261,-0.23612011825515325,0.1274271045200101
37.602000000000004,12.937689239206085,22.99548479008484,0.8137766520885241,-0.01913583499591748,-0.0010179706213766504,-0.008862445040456936,-0.9997770954681491,-0.3421525474597296,-0.03789269769514802,0.045986838930217905,0.573524153049394,-0.2883300752404007,-0.04279245467982847,-0.07758111443333073,0.019086658196295188,-0.05301626027267918,0.4383587923956643,-0.35219377083344927,-0.05947419455618559,-0.4383557579203242,-0.09883943069611893,-0.09684191180089072,-0.49601665559276986,0.054095258547416605,0.020736438867977904,0.44588399467853645,0.0643114181670757,0.1409387679387749,-3.4517525014760664,2.287684148823799,-0.22677686901838198,0.5341635560867594,0.359283790290453,-0.22796834012783024,0.19795206262275966,-0.5717554153668016,0.22778759254391143
37.652,12.91684124625476,22.99136172780273,0.8087282915112648,-0.020728604256270742,0.0004341932822127599,0.007930845162466477,-0.9997535887091326,-0.32443597455716755,-0.02845662221251145,0.019287017016685875,0.5055143609617945,-0.16887825450907176,0.019293996853167263,-0.10115918029086647,0.04829526040577488,-0.060637827888515884,0.5469240183579355,-0.3676836721004414,-0.047411360843067483,-0.36391634481785373,-0.07456443420235982,-0.02980923080403037,-0.4920948928089256,0.18734025772121407,0.006559933638531969,-0.3816570329171211,0.24979064034796136,-0.3504262877926357,1.5109177849833049,-1.350682787074171,1.174286714522863,-1.7638663974518298,0.4567873551611044,0.32209116802707705,4.515669047195171,-0.08802608766298829,0.571202851681738
37.702,12.898355168104057,22.988552294493363,0.8090927886292303,-0.02029257686865217,0.0023715314242345243,0.015447650594599854,-0.9996719248102555,-0.3208096254345109,-0.021898609381519836,0.0077415731884850555,0.5535397855546861,-0.23680232308605714,0.049712886145775126,-0.18841197756407718,0.06641493464012126,-0.020348720722661112,0.7578776282540864,-0.4095993614366246,-0.027530424780763233,-0.38543272945211654,-0.029730994342323555,0.027875176594777222,-0.272731752788885,-0.048046938098040747,-0.01685509348156846,0.46888124310254375,0.182810963253785,-0.1738306595338893,0.4982386914653695,-1.092281659686052,0.38934739152639436,-1.448499997409232,0.3058684957973477,0.7321202563827984,2.9163960652268446,-1.2479626735603562,0.30269001866521095
37.752,12.878469761970768,22.988347787401892,0.8109416775160163,-0.0203595857246456,0.0002563933801486253,0.022208206695316778,-0.9995460054879579,-0.287477694829243,-0.01131530976331489,-0.0022928433580445503,0.5643144901684188,-0.2806826093669833,0.06487921643103657,-0.2520274786367181,0.07395423165145563,-0.0023930176413035726,0.8394582232704009,-0.44469969321186853,-0.012743379739678757,-0.4063616955079433,0.01710349421256359,0.041536064102607934,-0.24389680057225493,-0.10227224128537676,-0.0025796543521074055,0.7894922435745516,0.21786426085221783,-0.20259175250282238,0.009771753226491283,-0.7263182777180082,0.23153000704420465,-1.2206174591118368,0.09446648704674354,0.23655459574831084,0.7289450552471288,-0.15059340524228837,0.3411508345799297
37.802,12.857796175168946,22.990096849697434,0.8128527063580041,-0.020424747700393254,-0.0018522928877060922,0.02657597818512151,-0.9994363992150462,-0.24469109959972812,-0.002094408780561533,-0.010265991869975634,0.5568908076078839,-0.31133869343483034,0.06998893759274344,-0.3162120943072181,0.07715697117096766,0.008718013463147309,0.8530453729333282,-0.4442825990131293,0.006369874281456228,-0.41991136205140295,0.04940277824286177,0.03223257567716402,-0.09190002306169288,-0.06890506252646154,-0.007679789765031533,0.9008427064348388,0.13535108331869442,-0.10404063062254829,-0.2737118812113794,-0.5321425856650682,0.007743975077442975,-1.3517258471107647,0.020178083383476483,0.19619859519794355,0.020865779620760024,0.084246836556969,0.3735942902848856
37.852000000000004,12.836574847885968,22.993138514806635,0.8141092369289459,-0.021480499448854908,-0.0023663246946965017,0.02617327410261052,-0.9994238081883062,-0.198480511026882,0.0017144740241235963,-0.009165175525125064,0.5352737358724391,-0.33181710529514163,0.06673058034243091,-0.3849830225686662,0.07360595540534781,0.01369556325791409,0.8464071406728426,-0.4375391295146941,0.02625571648417623,-0.42943909231419963,0.07031077483839407,0.01881741653514527,0.11520942966047464,0.026893417032241553,-0.07240649578247947,0.9445285462425709,0.007000112743932886,0.1278844740239222,-0.5698979825932274,-0.3314659428173187,-0.03749631335514117,-1.3060416419824856,-0.19621190503578392,-0.07527696144017106,-0.33806351469037754,0.17284553156419752,0.3261935099665966
37.902,12.814789276079939,22.99720941295416,0.8145987278074214,-0.023828352013953225,-0.0005689837232511914,0.02101536201875422,-0.9994949927123411,-0.1511397458227955,-0.0016627464639800864,0.0009774977828335384,0.5012619172909399,-0.3456741340375353,0.06674440312970661,-0.4387449149644218,0.05707581850199987,-0.0028905845490773776,0.8148756269774015,-0.42039360835956585,0.0357146150347039,-0.44116550930814097,0.09292504410479009,-0.001363782910166208,0.2780377299319525,0.12875325738503818,-0.10609193212182545,0.9248660106701705,-0.13101628435317336,0.2559789916387542,-0.7378609089652766,-0.2445705070560336,0.03069954258651009,-0.8325514156585552,-0.39427683621977566,-0.4932251004370866,-0.8436445873369894,0.47991156574091876,0.09379149075094481
37.952,12.792283542476564,23.002476303814873,0.8137192037702679,-0.02656159699674217,0.003003420727941658,0.012186733139016297,-0.9995683791338701,-0.1055609445072543,-0.011941388396927044,0.015082813637762876,0.4639664068348204,-0.35729954713904083,0.07103142676931208,-0.4562740328863279,0.03453290186928911,-0.04009613819250793,0.7376049803950245,-0.359209869226172,0.037503094039779,-0.45769245501665795,0.1173594508923449,-0.0423964217568655,0.41266485925276963,0.1615687419115851,-0.08979738443427399,0.8524312453528934,-0.2775782770271569,0.28300400420319144,-0.6211695370838872,-0.28985819733326956,0.09422992003368441,0.1624435866332641,-0.4254606336101125,-0.8732253544466725,-2.3434521877218075,1.8904093500473786,0.029746665056334266
38.002,12.769146300527467,23.008598568263594,0.8091703532069768,-0.026590473392608338,0.005661248418390176,-0.002245513140024904,-0.999627858086118,-0.07998075745677477,-0.0342829351127283,0.03513546810543025,0.4722956232124781,-0.3765757033165555,0.06865469662839464,-0.41687518183996813,0.019468308274149523,-0.0660948276495492,0.5718472900700226,-0.24885785728394114,0.042914772593136426,-0.46921506805391255,0.11725411685366557,-0.1449784080107835,0.823219818465848,0.041370006771973014,0.10590855212709134,0.10399509754468406,-0.75725205844158,0.4004055516565631,1.1713142911714534,-0.41841501917318347,-0.20041807450522267,1.3038200334880006,-0.25143420002508565,0.06268834383224615,-3.8840675638047837,2.1082880942521354,0.16445157864801788
38.052,12.746985426126944,23.014426889368494,0.8049057761122187,-0.024916940191212662,0.0052316658024984695,-0.018974064468816155,-0.9994957531885622,-0.11003524823766443,-0.06409131714762442,0.043836226523518214,0.5989966997500409,-0.3799255561682954,0.05028408447377971,-0.39191816428714676,0.017048223627862492,-0.02678993000008726,0.5462913460002226,-0.15907262312485393,-0.028920101626563766,-0.40743303979799944,0.10641096979618778,0.01720967836168959,0.3770655919339402,0.046942321423171986,-0.012849868660829815,-1.146366833371428,-0.4769813045842901,-0.33464844072660843,3.3235195091931513,-0.716636934208391,-0.23434880547052495,0.012945666238710369,-0.14726491397895916,0.2670994541303747,1.2490870624826718,-1.4374212492482616,-1.14626098618215
38.102000000000004,12.726758037651816,23.01887691608009,0.8073133857403639,-0.023045671385636814,0.004653043552759794,-0.02556939407333965,-0.9993965440718731,-0.16631508274594806,-0.07939900649612086,0.034781661378351536,0.7271626022210337,-0.47419358173070936,0.04278993066374306,-0.37107320970983626,0.009422965986662668,-0.021269804460089876,0.5771743930933461,-0.21948678167190955,-0.06428933035418241,-0.4114899433120165,0.07555280732554336,0.062441269148120225,0.18337170086948765,-0.09515969649055413,0.08626669310631588,-0.9190606922362798,-0.0949884135176282,-0.011558921956344215,1.5956682238926156,-1.8516739363023185,-0.14539419345565333,0.7594008224026959,-0.1129173120438555,0.05810018897804476,0.12230393822230046,-0.899031097417934,-0.43408190146944786
38.152,12.705878042193175,23.021841310181497,0.810399940882797,-0.020916335568187092,0.0014387304622097558,-0.02876811295393352,-0.9993662154776521,-0.2073934536012646,-0.07994297664822277,0.03337201342110624,0.7752252749578611,-0.5250516528227257,0.03463648480113973,-0.32566578244678324,0.0046109758843129916,-0.020187892533408597,0.5716219515371761,-0.2555300771083405,-0.07750715744098892,-0.4213211864480602,0.043747541673789206,0.056493007277568834,0.08701636725032513,-0.12481743758776816,0.08827721396076577,-0.7847325114368888,0.03696222565888219,-0.06059514142288024,0.5302828553465372,-0.35280763155424066,-0.20304670450604964,0.9693536518162011,-0.08292801998026271,-0.005619772378884011,-0.2361640359917635,-0.6059947109103104,-0.1347310585787938
38.202,12.68464858432836,23.023214253966422,0.8127687259409375,-0.018871042660785223,-0.0013163660296107887,-0.029662237889138326,-0.9993809596809309,-0.2467603932173327,-0.07585403579415316,0.028968866335080376,0.7905725107179259,-0.5261490253121232,0.020804097046120722,-0.27676355466955843,0.0017032283994562476,-0.021731839481212493,0.5567203847774823,-0.2831654424129022,-0.08024705613055319,-0.427872186455871,0.012192457962082402,0.03918929067178593,-0.004480221454618228,-0.08853944917442437,0.07991088028550956,-0.7921122015346374,0.11678919602023932,-0.10432122564927725,0.16379524106181204,0.18661608056907733,-0.3102479052676226,0.9809603806632957,-0.03447054716097255,-0.04705865480832434,-0.34762594179956696,-0.518239027707328,-0.003031607598703357
38.252,12.663118667336247,23.023055482942596,0.8144920339449069,-0.016457257026696908,-0.0029342872124538486,-0.02817375279540824,-0.9994632501013401,-0.28817332965241144,-0.06816283970097721,0.023158161848827682,0.7957086059187979,-0.5018551323039039,-0.001737084335226588,-0.22633128178387638,0.001337460624035003,-0.026266605438628382,0.5335901637760933,-0.30543492354205054,-0.0787194962777896,-0.4334993668239404,-0.01784358198328732,0.03083200717646417,-0.10417563218469801,-0.040492873217289525,0.11360495587739665,-0.8392822856690273,0.18455537474384023,-0.09572703972264297,0.010605325832124809,0.6857385886584304,-0.4988180493820865,1.037997014210478,0.0163635038279154,-0.12493814785127996,-0.573735334752655,-0.37684657593748533,0.060874356268274935
38.302,12.641293339545069,23.021306586058834,0.8157765420211068,-0.013587155157971105,-0.003309590963633118,-0.02451014323457392,-0.9996017650549576,-0.3272484190543382,-0.05829915215681182,0.02116609140355862,0.7836163320441569,-0.46089208076442817,-0.02329329294974293,-0.17358137065404672,0.0034412753645904617,-0.03334064371512538,0.49988974548926757,-0.3212224905445269,-0.07485979394797515,-0.4382274958128331,-0.051125187280636815,0.01828941552712604,-0.18356523843718042,0.014204504976852295,0.11454374630926456,-0.7114685914676976,0.19165256317423734,-0.002249065599665969,-0.5009258365739655,0.8574867934991143,-0.34405269103956465,1.0489756086694746,0.06692896646612008,-0.15120147929588693,-0.7340798197183044,-0.27841445103294693,0.08562274187338652
38.352000000000004,12.619215238453311,23.017963368889863,0.8161828507161101,-0.010802875270609734,-0.0024569931962749245,-0.01864130668416648,-0.9997648537308303,-0.3496276774287996,-0.047082625839518714,0.0286752109844716,0.7187860935928686,-0.39414524170257215,-0.03610964949766906,-0.120605592128469,0.008890450959136301,-0.0417086705106411,0.4596619969295964,-0.3329133141525781,-0.06981448602467773,-0.4441520999931129,-0.0821669348092615,-0.007160652564168349,-0.2809932076571641,0.04824808608964601,0.09712797927279104,-0.15106443576054474,0.24101430303703214,0.3289082957045921,-2.1292359052294834,1.7268381863041073,-0.13526933026934246,1.0352730084288702,0.14966297214362867,-0.16592437218430164,-0.7922017335605317,-0.23488417476056908,0.12737098160732815
38.402,12.597124528569168,23.013059663703253,0.8138809657732712,-0.009291823261281288,-0.0009607856398937942,-0.009580355626241764,-0.9999104738412891,-0.34044123119431313,-0.03932906332715932,0.045252427676066645,0.5708913484688187,-0.2881943329757877,-0.04275791452082599,-0.07897436020628074,0.020145885087784747,-0.05064333582198616,0.439305564771612,-0.3518841249544906,-0.060874191022949886,-0.43694143832602833,-0.10772352149686967,-0.09662783417447866,-0.49743021059465237,0.05113295585264497,0.008572344729461839,0.4480959883065429,0.06911008709524813,0.1386152755587787,-3.453398755225138,2.2800997352552574,-0.2192940305654939,0.541282573975361,0.36221097170425975,-0.22700355256709923,0.18823767088894758,-0.5740378044210521,0.22870954153778425
38.452,12.576341904209647,23.008526407131086,0.8088236953095407,-0.011218140631844621,0.0002858534740217414,0.007258622979925324,-0.9999106880121806,-0.32271251881655993,-0.029264583932162972,0.019208474494049402,0.5032382187109218,-0.16917410419841253,0.01952007369993759,-0.10235532507375657,0.04947240393383758,-0.058654427259949835,0.5475210196146072,-0.36752662293582866,-0.048798062615429655,-0.36297209532253566,-0.08192477600855762,-0.030347369070160925,-0.49218726062689366,0.18545118634905394,-0.006114886611228809,-0.3816490386674113,0.25806982516984306,-0.33721580154323516,1.5175124527412072,-1.3294052052697989,1.1578991169771995,-1.7580474806190005,0.44822372627710605,0.29675901958386125,4.508008934212962,-0.09703042545261681,0.580960932705551
38.502,12.55787260655952,23.005347456342875,0.8091692629791897,-0.011148423723741703,0.0021140334470817618,0.014831604874985352,-0.9998256182994585,-0.31901587888050714,-0.02221678619675974,0.008308328752508951,0.551545565985199,-0.23663095280771307,0.049427326435767645,-0.18930512009021594,0.06683259547427166,-0.019964279325813503,0.7579761911201652,-0.40940183889541476,-0.027736128945973836,-0.38567664746537234,-0.03715248956761704,0.027768124167692348,-0.275678536446086,-0.04858687020195486,-0.03157886713487496,0.4707033047350136,0.1935723657845816,-0.16273394475475828,0.5024646043870497,-1.09084466894038,0.38282014455701,-1.4440598828034117,0.29493805509586785,0.7136103637972258,2.9067567254126003,-1.2418863731577925,0.31694156977627813
38.552,12.537951806972597,23.004768597326954,0.811007898911344,-0.01155946660105386,-5.984609720771603e-05,0.021638206398824734,-0.9996990362975186,-0.28563169418076145,-0.011161302819593327,-0.0011899284525890015,0.5625311770952265,-0.2806557535444007,0.06449239751043924,-0.2528750525743093,0.07411939908065038,-0.002139262485808326,0.8394141312910137,-0.44411470621719046,-0.012405190165038991,-0.4074335888429132,0.00957807389725038,0.04123371369202382,-0.2460025625168529,-0.10102744041831391,-0.015818456645903617,0.789952068117959,0.22668317589966872,-0.19095421233889115,0.013024429024999609,-0.730658761781971,0.23071771296723845,-1.222416276541776,0.09250907968612873,0.24208923710252328,0.729993950795108,-0.14510330202084598,0.3470473792173941
38.602000000000004,12.51720826920153,23.006138245421706,0.8129012529609971,-0.01194683428591336,-0.002160112859756051,0.02602600581381607,-0.99958754198137,-0.2428257800704491,-0.0015495430138628432,-0.008562125035457334,0.5551646545926403,-0.3114673982473167,0.06946886172701408,-0.31718445987517724,0.07716353142984529,0.009113268436089783,0.8530716789419333,-0.4436494832842958,0.006848264735322297,-0.42156485757687256,0.041761712802371495,0.031899866826965,-0.09312205774441883,-0.06591613366284946,-0.02140421127527105,0.9013929062813361,0.1428106741598941,-0.09059339885471125,-0.2745088351781777,-0.5343251701027922,0.005700398614553615,-1.3544505281554842,0.017446966625723467,0.19778909333137265,0.02174353146662237,0.08202722655704799,0.37487161959295334
38.652,12.495891798967934,23.008799240356456,0.8141475467701569,-0.013324430815534753,-0.002596686769624668,0.025638883566426417,-0.9995790936242764,-0.19652572076072897,0.0025511392206129585,-0.006838688944974559,0.5333348749634973,-0.3319129989829048,0.0659938905450655,-0.3859761478456429,0.07332193318698461,0.013770828383544903,0.8464176153121158,-0.43716818132427054,0.026690379050715765,-0.4315606198219657,0.06254931712832441,0.018682946430124553,0.11537005580132284,0.030352514516425087,-0.08644733424696145,0.9481067710908879,0.011175250877982611,0.14225714480576176,-0.5774384804209426,-0.3297089594993472,-0.03898366705802487,-1.3044397157291485,-0.20649624376645348,-0.08933083647283742,-0.3408020307769917,0.16736643927691167,0.3222245916762765
38.702,12.473984410862274,23.012486537705428,0.8146297615201075,-0.016011621549375382,-0.0006833808541107717,0.020497613328601696,-0.9996614470978663,-0.1489603578488261,-0.000657787528020463,0.003979075865500358,0.4989041450780923,-0.34568921945953723,0.06602998035781903,-0.439556980993038,0.05634387281757164,-0.003513824789285796,0.8146872068391358,-0.4200190392809251,0.035954879567623374,-0.44394233830859414,0.08537235673895748,-0.001536758418720929,0.2776014223151172,0.13162001239452348,-0.11905752993197559,0.9301689972801914,-0.12838423364094795,0.2682720774402203,-0.7464690094780712,-0.2430865730846618,0.03354698813510438,-0.8280742388707139,-0.4007883545233778,-0.5042965190612221,-0.8468754481581352,0.4840231883218913,0.09091437225940721
38.752,12.451317522625226,23.017379699936974,0.8137297485127533,-0.01905260595191705,0.0029928168258806244,0.011711688000384397,-0.9997454064000848,-0.10302951499710301,-0.01083093064811342,0.01864304379484785,0.46119307924227176,-0.3572942196105132,0.07039111037077607,-0.4568148176384099,0.033598098420029414,-0.04112709188835601,0.7372121133559575,-0.35826346912837237,0.03765520192482465,-0.46130405053509455,0.1099385517160594,-0.04314535224846664,0.4121349709884087,0.1619060048205901,-0.10131964443869157,0.8600818013299757,-0.2761341582828901,0.2927342177655223,-0.6270845205232285,-0.29131240227434846,0.09483042728581999,0.16899530752775654,-0.42754369299171496,-0.8788267041005404,-2.3506875364269058,1.9066746252575084,0.027924105081042636
38.802,12.42798697033456,23.023131653122718,0.8091301244624299,-0.019287464978009566,0.005725905204922474,-0.002733577050828597,-0.9997938463807493,-0.07727536964206666,-0.03326079886030967,0.03875337780123296,0.46983143020584794,-0.37668199926437806,0.06788313251934844,-0.4170399091373379,0.018540253534553807,-0.06697441641321882,0.5709855542903942,-0.2473438914412866,0.04290610268477279,-0.47322286113056794,0.1097394846429246,-0.14617102035446405,0.8273040303897821,0.03867006720084262,0.09834019846432178,0.10370402786819341,-0.7629857904607624,0.3891001833667267,1.1888788749157513,-0.42029684369286163,-0.20810710221346865,1.310421270087955,-0.24777405118169485,0.0790936606548892,-3.8897304195522775,2.111263268937369,0.15973106683659122
38.852000000000004,12.40566578246302,23.028618985870093,0.8048573668316934,-0.017810621283176155,0.005427937587018323,-0.019464995865661968,-0.9996371507697221,-0.1078560087808349,-0.06322546217149679,0.04612104781001216,0.5978664938896118,-0.38025637528616624,0.049344143916009484,-0.39268543201025613,0.01637722186087812,-0.027149572384484587,0.5467166315645537,-0.15828251892508893,-0.02912167518768988,-0.4099953769542879,0.10019043426966356,0.01800816684091917,0.3749465362002035,0.04944834592953638,-0.018183746873272625,-1.162012615920894,-0.49056081092855347,-0.38950225689131207,3.34859204137877,-0.7521320547381598,-0.21951237056406037,0.0022722901580225618,-0.1427702875823475,0.2702869697380645,1.2692494890751875,-1.4681808768933782,-1.15427068565485
38.902,12.385313930296583,23.03275879223881,0.8073094510324708,-0.016087825063492156,0.004927915851850539,-0.026047698118402515,-0.9995190918400786,-0.1645880404766618,-0.07915578235946445,0.03535410344566051,0.7263167880855359,-0.4749845061308189,0.04216603071004632,-0.37194298958254113,0.008931503972194868,-0.021373079982598155,0.5778509259223706,-0.2194047150376919,-0.06475868155046623,-0.41381325774078687,0.06934942759691315,0.06324557698326601,0.18314500822975177,-0.09453793323806153,0.0793119777331015,-0.9256410654007017,-0.10185820484159697,-0.023720916605085043,1.5934792612022122,-1.843539914067341,-0.14225134480321736,0.7610000874475941,-0.10935512481282719,0.06410366750225616,0.12009955750255655,-0.9032863530766376,-0.4359565430330444
38.952,12.364332431658143,23.035417847855403,0.8104207119303111,-0.014120681649552637,0.0017348171830267587,-0.029254467575322504,-0.9994707463882961,-0.20598156949684268,-0.08002366756078311,0.0334531719015724,0.7743027075172233,-0.5253806327597729,0.03420041078653649,-0.3264290256367437,0.0042870327984556,-0.02003868416844855,0.5722110533284233,-0.25554821119720206,-0.07797347132727259,-0.42300303667746536,0.03774740533833966,0.05668886198727869,0.08625146019218172,-0.12525752012511426,0.08202971418911655,-0.791499961768983,0.03220267306390922,-0.06513570940381314,0.5299793190345949,-0.34409658758613726,-0.1997069657054248,0.9709280074613976,-0.0794798257936362,-0.0009156398398575253,-0.23682654251542273,-0.6065137294458512,-0.13456437993873763
39.002,12.34303764427804,23.036496982059838,0.8127889309392429,-0.012226578016186656,-0.0010253620714170285,-0.030139193399745134,-0.9994704039859553,-0.245688116513405,-0.07610558403328731,0.0290184163919412,0.7896730544134032,-0.5262542408115115,0.020449198626406623,-0.2774788208160938,0.0015604082428141769,-0.021376742199823547,0.5573358293469632,-0.2832148688575901,-0.08072515756949283,-0.428831284660999,0.006406785132237719,0.03905617558473684,-0.005877621434064981,-0.08925293871059298,0.07391878331433074,-0.7988009280031088,0.11367686711364491,-0.10354193872409123,0.16479495555120255,0.1900202297095849,-0.3098729874270179,0.9814467426810375,-0.03055505417721504,-0.04305134553532219,-0.3463271514447167,-0.5191141146614047,-0.003363012595585466
39.052,12.321478403129511,23.03605638836117,0.8145042236011483,-0.009958191859798649,-0.0026658385634699628,-0.028622591292074784,-0.9995371303695342,-0.2874227852602621,-0.0685731855103573,0.023233966813136307,0.7948563767020778,-0.5018181475206595,-0.002089537880840954,-0.22704239962619788,0.00139697325260065,-0.02572168677789157,0.5342823138763879,-0.30553205261342425,-0.07925306588586156,-0.43376617973196363,-0.023385623762239315,0.030694063882304286,-0.10586607781117272,-0.04123901224025876,0.10788074545558779,-0.8449372550020818,0.18136551085358266,-0.09570059936877393,0.011136370308118981,0.6882807141782955,-0.49850346308439974,1.0380879710084179,0.0205158323603546,-0.12112347097055527,-0.5723992146833582,-0.37775192230608673,0.059168597878949576
39.102000000000004,12.299655815370299,23.03403543034921,0.8157855484303548,-0.007229866262325635,-0.0030828730311949783,-0.02491761222715984,-0.9996586104909004,-0.3267318611607942,-0.0588406003943356,0.021220732676666264,0.7828114163343604,-0.4607483100756851,-0.023584857042625494,-0.17427177661681323,0.0037108901232292936,-0.03260102193698216,0.5006110601897658,-0.32135225688227176,-0.07549552486171988,-0.4379065960534746,-0.05647134978488337,0.018317091960716948,-0.1852794235533121,0.013189026788455812,0.10889510673793534,-0.7149767650037336,0.18981039241916323,-0.0025455811697031538,-0.49974457266096506,0.8589921514504258,-0.34223493983245123,1.049909138820148,0.07100066106409834,-0.1471611147826345,-0.7343939070940878,-0.2787116537321113,0.08351428854612289
39.152,12.277605053291975,23.030427482509463,0.8161988561162279,-0.004583321364027796,-0.002294627832022754,-0.019008845298327554,-0.9998061770407347,-0.34924514342910873,-0.047720821624613594,0.028605938362110953,0.718128650979728,-0.3940237140267622,-0.03620345062498096,-0.12121396573296857,0.009337571268621817,-0.04075323097232439,0.46030854291925527,-0.33303227777280375,-0.07052148898177203,-0.44339588156735715,-0.08741519432637654,-0.00691067521874121,-0.28199981547092684,0.04697611635437029,0.09162095005147687,-0.1528659137128651,0.23960342234663198,0.3256513396501701,-2.1253832529338292,1.724370169416993,-0.12999982275202146,1.0374204795051365,0.15263541720179377,-0.16127060943833005,-0.7946836875507002,-0.23410408575836222,0.12680021592075222
39.202,12.255564553619786,23.025265664694842,0.8139156993649409,-0.0032037025014725784,-0.00087639238933404,-0.009931635958788597,-0.9999451639134238,-0.3401061318275882,-0.039973620716081716,0.0451279775208703,0.5703655431587481,-0.2882669554053899,-0.04257907993530486,-0.07947574077718758,0.02068405064451196,-0.049520385327670675,0.4397786597974738,-0.35192791932781997,-0.061554752359830975,-0.4357645945106996,-0.11278376717974208,-0.09609594662266396,-0.49703376914778963,0.05054005451142222,0.0040336044562442434,0.44788323417519105,0.06992080633498016,0.14027833113250782,-3.4519560185889238,2.27511412142583,-0.21342030032623507,0.5430907991272681,0.36253228464581266,-0.22740258562155058,0.18443480119669042,-0.5713550642553329,0.22921708287992276
39.252,12.234837944791305,23.020471486775467,0.808650564928462,-0.0054189346787259654,0.00013738107757434398,0.007173076711994492,-0.9999595808050799,-0.3237567805993108,-0.02977671945360559,0.01810525577067587,0.49923943912368407,-0.16275727922911706,0.009854898514968128,-0.10272155752854142,0.05059157479091823,-0.05770820042056193,0.548109351706771,-0.3683116880134118,-0.04976115713980521,-0.36306940646805996,-0.08854202920580075,-0.03367189182036804,-0.49721048639876037,0.1708705246590394,-0.016637411092750232,-0.4526330418364652,0.2529533528902353,-0.33720570756219453,1.6793558812610032,-1.3187142164141457,1.2600538558165473,-1.71781214755384,0.41663834096850527,0.20786266470736783,4.435061839856351,-0.07141669309083411,0.5534354553930715
39.302,12.216371194653036,23.01696940004528,0.808984328107222,-0.005534123183600947,0.0017743356786498392,0.014815558072462804,-0.9998733542066659,-0.3215633883840577,-0.023018024695234833,0.007582116292114648,0.5515898688413614,-0.23317307384176575,0.04716140907185101,-0.18843930948337276,0.06647420129256433,-0.022018949644708852,0.7561939994584055,-0.4091901355131917,-0.02760355194952176,-0.3857148118268388,-0.04370589606577836,0.028070904708809477,-0.27683788677483095,-0.050575130856193196,-0.04033978871122336,0.45942023286361133,0.19097987847606127,-0.15346744781848903,0.5386276920603562,-1.13374276817611,0.47368834542560206,-1.4326626716124213,0.2741378794001548,0.6900769767930156,2.9043059080681477,-1.226006402817797,0.3266467512027423
39.352000000000004,12.196462446858336,23.016073712494624,0.8108412673230948,-0.006170145396835294,-0.00037684102563792797,0.021670257190895638,-0.9997460613825404,-0.28875588785941214,-0.011916959213659581,-0.0015676933589969392,0.5637099827321408,-0.27838843478575237,0.06461021173831324,-0.2518817333013006,0.0734322897146578,-0.004267969647024001,0.8386813061438535,-0.4441516285146801,-0.012304461418691235,-0.4074352263836049,0.0033250393570800106,0.04201337137211242,-0.2482628253799746,-0.0983979116508964,-0.024092011646486118,0.7836560714932288,0.2285852029578914,-0.18529515284390796,0.02364482913010373,-0.7404930353874744,0.24993638606663518,-1.219009699240674,0.0947082549153711,0.2552783996298309,0.757809278733112,-0.15154446678039019,0.3437333537430708
39.402,12.175700132796315,23.017135479796313,0.8127980498170411,-0.006718060010305712,-0.0024765995281016756,0.0261133717849729,-0.9996333457515788,-0.24603424005882882,-0.002210670379313254,-0.008781582095666355,0.5565668564765758,-0.30943111006165597,0.0700353658970637,-0.31582296075348315,0.07679318021951977,0.007749799706458758,0.8532483723072284,-0.4436745974620475,0.006852012965008901,-0.4223137890152429,0.03560640586322611,0.03356749718913732,-0.09589131233141909,-0.06668228138674057,-0.026611369316751374,0.9045247746825527,0.14448861271985183,-0.0889664001371061,-0.27526121275673676,-0.5365109524987801,0.007777924674876684,-1.344439901447576,0.023476117285679814,0.2089182443775135,0.030340304412040255,0.08704451823158413,0.3736763891390925
39.452,12.154330108064656,23.019493083131223,0.8141386366034176,-0.008196865374085571,-0.0029715928202886234,0.025802472019615916,-0.9996290379294841,-0.19940633602132266,0.001990058764744088,-0.0070590529941333986,0.5345415699641581,-0.3299299391254987,0.06646309052523704,-0.38425155355880936,0.07342848467618254,0.013093160708649115,0.846910776277318,-0.43684005802791237,0.026783096631326893,-0.4328302121339327,0.056544352666979214,0.020631157798233032,0.11180881162866223,0.027200009358750894,-0.09001634586505364,0.9567439523040938,0.015015437107249627,0.14260244633875685,-0.5842144858633137,-0.3261408030000768,-0.052768454714442393,-1.3017299829639135,-0.1928515238987129,-0.07202786485959858,-0.33381144237630395,0.16990823235695865,0.3279124282981974
39.502,12.132357017117688,23.022870660721935,0.8147172364862895,-0.010978641124773312,-0.001108991671402637,0.02075126548017743,-0.9997237741283822,-0.1514074558580943,-0.0010928461714868457,0.003768549694971959,0.4997515086267668,-0.3436924533856452,0.06620309409925117,-0.43791403657507083,0.05704826283846371,-0.003479812556917653,0.8154232185508503,-0.4200437989843629,0.03618519323064989,-0.4452367014155383,0.07898392686231963,0.0002604235216242684,0.2744672906546509,0.12922725256952813,-0.12277689941068938,0.9384197284526153,-0.1261096369714648,0.2687543817537306,-0.7549541005454139,-0.24256272895037426,0.02241358548759644,-0.8325926161442044,-0.3933700120018972,-0.4979009510484579,-0.8448781635705074,0.4711933212234185,0.09014199837520916
39.552,12.109623874309467,23.027432698550875,0.8139215822791847,-0.014117260439498711,0.002573153123492935,0.012057711016865452,-0.9998243312931127,-0.10505285379779859,-0.01118421525361558,0.018488649313380272,0.4614381525140696,-0.35511331512898636,0.07022477467861622,-0.45551293248264774,0.03449263402219417,-0.04094138337912418,0.7382324396142096,-0.3593089189043748,0.03754556066923558,-0.46275200981969,0.1031950518286072,-0.04056698787249068,0.4086247081361771,0.1614441136695017,-0.10634769988844793,0.8715766058574838,-0.2752065448502862,0.2902887454061335,-0.648095439260995,-0.28447747368536574,0.09392245643603139,0.15902260407587712,-0.4268089607601782,-0.8804825099804299,-2.3354380581490384,1.8795275262654665,0.015102899546632957
39.602000000000004,12.08622673136996,23.03286620943706,0.8094516897010554,-0.01455469751906906,0.005434128695308195,-0.0021378692656770578,-0.9998770227085195,-0.07804791105346709,-0.03333687340652661,0.03800495464402335,0.46732908139597956,-0.3745663282016577,0.06811158980542571,-0.4165408467999661,0.019496820531631234,-0.067742397545987,0.5734767628876429,-0.2495750411472294,0.04199853955055232,-0.4739451979988902,0.1037771441504379,-0.14338804174052103,0.8116888497819751,0.045483479645486755,0.08902561997591518,0.13754471011352482,-0.7469155997425481,0.39525082413386603,1.1058219811160621,-0.4322203284580475,-0.1877183415506464,1.2895432853766646,-0.2468815228781537,0.03679951646623167,-3.8601958578661715,2.099670472654941,0.14217830827383723
39.652,12.06373140393707,23.038027776733504,0.8049515913426922,-0.012571550178015346,0.005133262507083481,-0.019247226572217627,-0.9997225365127226,-0.10734738170543363,-0.06441290514464466,0.045762431338513196,0.5935588367808318,-0.3788609631781547,0.05019816149477145,-0.389761010206278,0.017556801713568434,-0.026134643842864395,0.5447276314615592,-0.15435678137428635,-0.032740439415175765,-0.41333711561677766,0.09457134570749523,0.012968078459179059,0.3908029248978304,0.044055412232192184,-0.01068894090249859,-1.1419037577445386,-0.48003620216226806,-0.3125125117768771,3.340556564062812,-0.6091790865920509,-0.24761097564255852,-0.015092475829425599,-0.15572537950061383,0.2958640584210268,1.342401539136426,-1.5897200961577356,-1.0882375309732384
39.702,12.043265560253204,23.041945111431,0.8072952259615438,-0.010871973954110008,0.004683686896924345,-0.025844506948770964,-0.9995958807037808,-0.16402932642319387,-0.07973195688663284,0.03607620903718607,0.7243271787844304,-0.47168918298406837,0.04195085362584646,-0.3697637953449614,0.010166942212191943,-0.01995339306103997,0.5780846178403228,-0.22001384121072526,-0.06569758767336296,-0.41583202344437936,0.06500346165872757,0.06231406683142796,0.18068487062144933,-0.09276466131756085,0.07749242460082914,-0.9279822697048731,-0.09371591155587013,-0.0228036705715704,1.6467785689318128,-1.883034324424285,-0.16031508817939083,0.7550656160195665,-0.10560269728088394,0.06706070259902688,0.13719456235044902,-0.9460882981270419,-0.41013880301040584
39.752,12.022222416714378,23.044378205153198,0.8103756149934834,-0.008894923181410256,0.0016643786363286204,-0.029044904748981998,-0.9995371447292362,-0.20614241804575623,-0.08052047664746033,0.03343118939253398,0.774938618161504,-0.5237711655693388,0.03349974166940976,-0.3246625554633579,0.005555433151356057,-0.01857130157764002,0.5727997391492914,-0.25719765000034933,-0.07817594497951394,-0.4240022312404442,0.03315533477901525,0.056288422783003764,0.08677813747208935,-0.1185061239267784,0.08205637561888449,-0.8065047424685362,0.03479722464992746,-0.07958579244801717,0.5680513567543471,-0.3705046764489211,-0.2022157513331636,0.9640044309294752,-0.0801546511448222,0.0005127857966631749,-0.23581850550814548,-0.6127161288158607,-0.13015881094635562
39.802,12.000888830940676,23.045224935448246,0.8127226854887464,-0.006989203629909472,-0.0009276524089303537,-0.029993682008619457,-0.9995252220595497,-0.24658269349033357,-0.07634631095352822,0.02857019615242593,0.7914415146306538,-0.5253749736335066,0.019767120762657953,-0.2760537450939334,0.002706486144340879,-0.019830093631498968,0.5579447419457141,-0.2849229074474315,-0.08085944718342886,-0.4294215483767733,0.0017556529057268324,0.038605242111997715,-0.0030793053709514077,-0.0832775464666517,0.07418348332173114,-0.8126117751360342,0.12064055530691305,-0.10686934056709875,0.17569007414460325,0.17639244848455854,-0.3074995929192204,0.9748786518445876,-0.03398927896185294,-0.041190325921637,-0.3454102862540762,-0.5191289313061994,-0.002534126313956407
39.852000000000004,11.979306595153938,23.044551498947673,0.8144198724616772,-0.004703207452753155,-0.002458180351199471,-0.02855824018220972,-0.9995780430295144,-0.28892833762956716,-0.06848196190853875,0.022817081400919,0.7968626561904608,-0.501352592826197,-0.002576506627156956,-0.22585562517129867,0.0023506619722554393,-0.024104978925319556,0.5349018122707107,-0.3072275695246974,-0.07931020995542137,-0.4340604032725616,-0.028124392973545805,0.0304209586511188,-0.1028327307909519,-0.03731591180096825,0.10855419967538395,-0.8556786252314498,0.18613488344720064,-0.09273864213390391,0.011202319499861694,0.6862964596174643,-0.4942273176355888,1.0344484406714662,0.016167293149113422,-0.12005355562271368,-0.5726713657898597,-0.3772261464761338,0.06010382661605878
39.902,11.957479103486119,23.04228923345798,0.8156895931522874,-0.001958372221241481,-0.0028204643686816347,-0.024932212088606038,-0.9996832471134832,-0.3286119139009628,-0.058670437707094014,0.02093665744067578,0.7846157232506457,-0.4602265265534522,-0.02395224261972089,-0.17321351838415042,0.0044414212703159164,-0.030934967339267438,0.5012136935118122,-0.32303874958335516,-0.07559569795071244,-0.43779090272148824,-0.06135009509959069,0.018066790673383244,-0.1823615342717195,0.015485876463656519,0.10907778546773175,-0.7194209964603061,0.18835341531895897,-0.0015576241504811218,-0.50617417402169,0.8609609350500506,-0.3415099800014458,1.0478483561563905,0.06673098756295766,-0.14608000862938963,-0.7343113052983887,-0.27910686185452743,0.08149942348963629
39.952,11.935448896565722,23.038434959544215,0.8160843473200772,0.0006649610015592013,-0.002003097326300815,-0.01908918835130375,-0.9998155571484459,-0.35122281541672395,-0.0476241158892912,0.028567399207034883,0.7195743836760111,-0.3934565514141453,-0.03658042532352718,-0.12031801736069395,0.009875508025175561,-0.03898845903198224,0.460987977618932,-0.334764587673822,-0.0707132991116692,-0.44268811767082256,-0.09238519546212713,-0.007436925120024235,-0.27935526107524644,0.049448821010420745,0.089683457121279,-0.1528021033832656,0.2367756060210375,0.33100612490404213,-2.132490432006706,1.7239961516313338,-0.1290714612217841,1.0325889417316327,0.14890664932665743,-0.15912155147255477,-0.7906354588237976,-0.23582363456121613,0.12562405520267347
40.002,11.913457093793223,23.033031672695685,0.8137805681318502,0.0019778502953217655,-0.0005778462050735225,-0.010034857496237904,-0.9999475265417705,-0.3418924103422216,-0.04000969192146128,0.04528304256406831,0.5712998686939598,-0.2875564062107917,-0.042897072346974076,-0.07908328950633949,0.021104115841441555,-0.04776523107196182,0.44118916717710205,-0.3535864006753401,-0.061734851161297684,-0.43478240202293567,-0.11718482905768916,-0.09563055574332549,-0.49998508169397154,0.051403328252616315,0.0009659320824757704,0.4569735717809696,0.07119573191409619,0.1409350984930124,-3.4642674198529817,2.2817620677242507,-0.21276218003904993,0.5237274179388567,0.36394544208063523,-0.23437812684325146,0.21941720166621567,-0.5567846814610806,0.23299091468813135
40.052,11.89275947591407,23.02803155705061,0.8085663384427711,-0.0003006389990975514,0.0003433302236003266,0.007156976436156028,-0.9999742843837744,-0.3250666376246189,-0.02973608853669599,0.01809792450536592,0.49957443729364603,-0.16190879825005758,0.00970533631266731,-0.10332699719514722,0.05112541357780015,-0.05638935951439866,0.5514210915697008,-0.36871594747079195,-0.04990043805304174,-0.36275660753506617,-0.09225081745422047,-0.03263664859386005,-0.4988921752548816,0.16983806016885614,-0.018873209560836646,-0.4483716409398223,0.2555085966894388,-0.3365454799709836,1.677684424964188,-1.3300067731076057,1.260873852085388,-1.7257682368433134,0.4142952489440478,0.19543715286884925,4.454522167491476,-0.047523642111030606,0.5534289803863583
40.102000000000004,11.874290453261269,23.02433832682069,0.8089482427307289,-0.0005257593954300339,0.0018836979727433624,0.014869856875294239,-0.9998875249824419,-0.32261227059873704,-0.022738513989617237,0.0076943604574552195,0.5519155672137263,-0.23275118130644623,0.04699470335980606,-0.18884464082219335,0.0667433827697608,-0.021531589893959233,0.7583475876646232,-0.40966926083993005,-0.027528822637953337,-0.38598273450600695,-0.04774828171886512,0.028788561473261098,-0.2794774558543322,-0.053116254472547544,-0.04536129033640324,0.4642808182309616,0.1961185992490507,-0.1508226730176125,0.5393192767333113,-1.1392673610151096,0.47271025525188826,-1.4265714336313964,0.2679606808110476,0.676232681635592,2.8715703601801494,-1.2140290371829427,0.3276801005811365
40.152,11.854363385219239,23.023232992632526,0.8108289950687604,-0.0012763133244774408,-0.00036208151850035104,0.021763522720089995,-0.9997622662413719,-0.2895932275333887,-0.011425242650532276,-0.0013030159501813045,0.5640622760138363,-0.2781344965404663,0.06436716563819349,-0.2520728287736132,0.07349831519964406,-0.004143628756166816,0.8394785245306401,-0.44397564006950224,-0.012162788490158616,-0.40782184059810445,-0.0009641925919829635,0.04227308205768157,-0.24943876844592708,-0.10029927825416887,-0.029097767311097263,0.7869651136462019,0.23213035481102332,-0.18116879805029013,0.024372393357871665,-0.7427527433297172,0.24824562351702334,-1.2174151283082817,0.09265570525699267,0.25268500351647377,0.7387761139998954,-0.1441240705591935,0.34538552990808524
40.202,11.83358082978378,23.024074085685005,0.8127917179739934,-0.0019497900040459123,-0.0025251470616466072,0.026203268896515853,-0.9996515446146186,-0.24673637801431578,-0.0015955707591796655,-0.00825883675730565,0.5569526698260616,-0.30926888568673405,0.06974809396705364,-0.3160037027507096,0.07679804523328145,0.007810615631444197,0.8534513768983668,-0.44335081538071114,0.007043106975168681,-0.4227468066846049,0.031075146316593198,0.033610682256568325,-0.09538972342384662,-0.06798648939984987,-0.031972147083957465,0.9070671607026908,0.14597135664074523,-0.08291691547842349,-0.2750141804703197,-0.5380528729113678,0.007676083756775541,-1.344768901892513,0.02222222772127031,0.20707897198695369,0.024051629127335668,0.08702024095546464,0.3740800724243044
40.252,11.812185936577688,23.026205928213795,0.8141392906397822,-0.003530925488444548,-0.003046647838950666,0.025874145061355776,-0.9996543298158033,-0.1999761724921703,0.002631372507927193,-0.00629255684214501,0.5348706070717226,-0.3298085661809627,0.06620695802024643,-0.3843901042312697,0.07342750543649151,0.013071670908067415,0.8468537239166629,-0.4365535274004761,0.026905997866112943,-0.4334161409797964,0.0519662386512468,0.02087920451245709,0.11285020355159543,0.02632257230057373,-0.09439358428107078,0.9603184908894679,0.014974858712094734,0.14803067862474623,-0.5873008131824011,-0.32638348607096396,-0.05174218895469792,-1.2999429275337795,-0.1932641310955148,-0.07500360795390489,-0.33834314475743343,0.16818252221478874,0.32564188843869746
40.302,11.790176152906238,23.029354710409045,0.8147340664034233,-0.006406753501862329,-0.0011855351087096575,0.020806665475114516,-0.9997622870902252,-0.1517629818772656,-0.00048007741468161785,0.004756077533740721,0.4998511180619562,-0.34354734137951914,0.06597165076390586,-0.43793357586707615,0.057077659086868286,-0.0036144978325443455,0.8152401905887834,-0.41984464596191706,0.036217603958813044,-0.44611646741566147,0.07442176351356687,0.0006268985368336445,0.2752958405734095,0.12840210844028016,-0.1258396067605963,0.9430337646377824,-0.12697702690758553,0.2721520467312115,-0.7605592703804028,-0.2413627128022726,0.021904885289848,-0.8300223252559829,-0.391987833671715,-0.4994571348785744,-0.8455830610307402,0.4695025498132257,0.08876008177105044
40.352000000000004,11.76738914644179,23.033687184602897,0.8139592363422963,-0.00960394078038012,0.0025115742877431938,0.01211388169601725,-0.9998773475713607,-0.10514929725244743,-0.010626494838274075,0.019596460651926224,0.4612053146919025,-0.3548694376270788,0.06997088933325858,-0.4553883179172026,0.03461404177139313,-0.04106923973005969,0.7380744515220253,-0.3592173688809687,0.03751450741785194,-0.464028869124244,0.09857658130272766,-0.04010880553525716,0.4090717477335632,0.16042653792342576,-0.10804094123928842,0.8776085501548972,-0.2767582877297524,0.29037204088641794,-0.6563996310579916,-0.2820253442187919,0.09435660521470891,0.16229318905315626,-0.42540968316729866,-0.8801439042866165,-2.3345634552068115,1.8768943517975696,0.013109904930436367
40.402,11.743924809496583,23.03889235554571,0.8095022171317869,-0.010065190594418748,0.005419554875161704,-0.002056868580601537,-0.9999325425521941,-0.07773182542294015,-0.03284598224381074,0.038869491399282356,0.46641193672178716,-0.3743421346343587,0.06793314031626782,-0.41628598748730916,0.01966139727202047,-0.06794513244353878,0.5734308771324738,-0.24966292763606954,0.0419030726111082,-0.4751469182047586,0.09921506188778068,-0.14332060580923942,0.8106550933712635,0.04568740949764607,0.0891316226639411,0.1464053740646616,-0.7474882829440725,0.3894720542510154,1.0887316686368937,-0.435784668898548,-0.18493544893999955,1.2907006934138263,-0.24712625993609974,0.033222189900873486,-3.85665255155404,2.0957793701907446,0.1415672029465068
40.452,11.721374177566231,23.04383495211024,0.805004623191979,-0.00801001494019663,0.0052115851354921664,-0.0191794921997441,-0.9997703866988628,-0.10689394878335993,-0.0640694850412403,0.04616852101875129,0.5923278539452638,-0.37869324444369196,0.05012515779041822,-0.3893171961767205,0.017569751969787956,-0.02650925573038642,0.5443691015379224,-0.15450948799836825,-0.03296066866904947,-0.4142578675144938,0.09055269354301766,0.01294732844386004,0.39180035825029685,0.04473153208284861,-0.005913883050466612,-1.1468769193855612,-0.484448730797005,-0.3240062033349944,3.351845549520057,-0.5959995405657683,-0.24425060168342416,-0.012353384412046826,-0.16001463322331133,0.2930210114031508,1.3369866073271022,-1.5863327936052998,-1.085842895978376
40.502,11.700873423101829,23.047555762157064,0.8073383700585577,-0.006168873160383743,0.004805595253345684,-0.025797462937586092,-0.9996366050541449,-0.16392662163213167,-0.07954720404790425,0.03612677760825879,0.7239342645696175,-0.47141386436832095,0.04201409116944618,-0.3693157414138137,0.009956121977303979,-0.020536440075862358,0.5777292626771718,-0.2201469226804468,-0.06575322434170112,-0.4164083691872346,0.06109170481374074,0.06197230515858161,0.18114412887437792,-0.09233085978034439,0.08405227317847598,-0.9341306348073892,-0.09417145101512114,-0.023949606867154527,1.6608142265180572,-1.888260967079925,-0.15898709017271126,0.7541715380714781,-0.11002646739828625,0.061698291638241184,0.14015353401511438,-0.9478891537923372,-0.40780152954240206
40.552,11.679807154711003,23.049792361033326,0.810403130469505,-0.0040121497237644976,0.001805568529997695,-0.02902049770898013,-0.9995691338219687,-0.20626824245555636,-0.0803095540056788,0.0335426396898133,0.7750258420039904,-0.5236968792264721,0.03358706083580037,-0.3242312686415608,0.005131511124090335,-0.01946546288509879,0.5725668756082273,-0.2574404903513537,-0.07813586676615092,-0.4243640268686975,0.029214353858193244,0.0560368001759175,0.0868989113720096,-0.11825651425450853,0.09020305368029091,-0.8098872754878311,0.03533260561566657,-0.0779412215668752,0.5745206614246103,-0.37220503831616675,-0.20149635280732606,0.9645349204665246,-0.08454746599031993,-0.007057554402695346,-0.23430817820810398,-0.6148839130181837,-0.1281159496683518
40.602000000000004,11.65846164553162,23.050439886422616,0.8127405538451068,-0.0018883730583545279,-0.0007810751351351597,-0.029985221308202192,-0.9995482531983753,-0.24683538551942097,-0.07613512794032011,0.028781925927009757,0.7917179304613947,-0.5253403909532283,0.019889002020026064,-0.2755679630787541,0.0020706344495401087,-0.021129080830725462,0.5577448337707859,-0.285261645572343,-0.08072370716559692,-0.4295425736811539,-0.002219002501975981,0.03845577578447607,-0.00310642717050047,-0.08291875232803399,0.08400269170012904,-0.8143796692305478,0.12074190268818186,-0.10373984436449726,0.17687323697555654,0.1755218711183398,-0.30700920341926125,0.9766273252047925,-0.03814404858134561,-0.0505530360092863,-0.3457207443162442,-0.5208328130233449,-0.001441994160835582
40.652,11.636879300968717,23.04956663568488,0.8144304874611501,0.0006499821800980834,-0.0023135523760178145,-0.028550061288694493,-0.9995894752341985,-0.28924359442524605,-0.06826402046526484,0.02320578276139669,0.7971502166642362,-0.5012930624466744,-0.0024344478026678412,-0.2252606598676083,0.001547165574021259,-0.025893059666795292,0.5346362222241711,-0.30763163465346255,-0.07910694638632271,-0.4339225510976979,-0.03218802337169145,0.0302531215571397,-0.10308917616255858,-0.0365014736822353,0.11878176972026208,-0.8569707734001697,0.1854073256136759,-0.09002786035022178,0.011091316266826252,0.6888319879128638,-0.49389193237712276,1.0365029826020893,0.013192635469552455,-0.13017124510364608,-0.5742504928431487,-0.37845602406654216,0.061350593408406644
40.702,11.615067308293762,23.04709476631687,0.8156910765523822,0.0036459476219270616,-0.002676149442514236,-0.024930348058559083,-0.9996789599845435,-0.3290021052541169,-0.05853373655713355,0.02143341111575194,0.7848989466583084,-0.46001800583496805,-0.023806394361112662,-0.17253589396569347,0.003497202630324296,-0.033207261755899886,0.5008824367746721,-0.32350801867046447,-0.07534501297640686,-0.43731194503692966,-0.0656564969355612,0.017871847522635455,-0.18177060370231818,0.016746790346338206,0.11837420537954335,-0.7211842358312585,0.18583999375850654,-0.0008155059973813941,-0.5060208729248281,0.8637243687735502,-0.34163140940148345,1.0490370441599792,0.06425755905018636,-0.15487099309377308,-0.7353828257766459,-0.28032078857527437,0.08229844558369954
40.752,11.593069725620868,23.043018019540696,0.8160764909822303,0.006457732141671856,-0.0018607824269200755,-0.01910406390250317,-0.99979491393323,-0.35174819891643855,-0.04757155331615645,0.029189537199867006,0.7199846887900577,-0.39315379675524226,-0.03647246104465111,-0.1196040301011656,0.008849446436448683,-0.04160366300381901,0.4605987204818713,-0.3352660648482344,-0.07043912212882623,-0.4418703182018504,-0.09698084037496302,-0.007594129435271213,-0.27828097388305706,0.050845622252990524,0.09511160960576051,-0.15656122072277373,0.2345834561328298,0.3324802731863733,-2.126722728595055,1.7244673093598013,-0.13060073691383625,1.0330225270487636,0.14804997532726713,-0.16371526714454926,-0.7918988577246059,-0.23578008512287535,0.12584625962505497
40.802,11.571129475665268,23.03737919804737,0.8137727353680494,0.007843539856404597,-0.00045356663284814485,-0.0100674190483017,-0.9999184567921203,-0.3427280559441796,-0.04013514382088892,0.045808445538215566,0.5722360187335709,-0.2872971967410095,-0.042960719644381105,-0.07840391799671698,0.020090247382846368,-0.050309977503418375,0.44079134872317866,-0.3540048108321708,-0.06147907933592491,-0.43368436251061565,-0.12193780740529996,-0.09528479345815004,-0.4993149951299797,0.052506936186435066,0.0019626435260574593,0.44957815173649207,0.06705369537312637,0.13657926197369263,-3.4522897579348872,2.2817963440717905,-0.21817702461317173,0.522139433791446,0.3657706733265359,-0.22420362220092668,0.22109138592419847,-0.5520213837712337,0.23289073064031615
40.852000000000004,11.550464989628075,23.03215022756264,0.8085678980044739,0.005495565042733205,0.00037678215742836503,0.00715611532227437,-0.9999592225753806,-0.325642566881974,-0.029944687352520004,0.018454695681010456,0.4999529589943705,-0.16138576803149338,0.009601699734927416,-0.1028226328488955,0.05030191239323348,-0.05802595547722006,0.5513506497755083,-0.36887591111305684,-0.04962221362776651,-0.36208144068959097,-0.09606496258078263,-0.03292604610490418,-0.5023803243073924,0.17051066327002298,-0.022988377642620503,-0.43871160238152396,0.259939286743262,-0.3368977226126648,1.6609240995091368,-1.3372823700367245,1.2762410782659035,-1.7329620698391,0.42257263496894126,0.22091629454020745,4.464562556441449,-0.03859459591503715,0.5551978159842224
40.902,11.53203664631702,23.02825809431517,0.808935311894731,0.005191584431028319,0.0018916258448313363,0.014924569542068566,-0.9998733551939171,-0.32308035502642396,-0.022769529059168823,0.00810235284926116,0.5520999973905946,-0.23254955176357017,0.04705041213255266,-0.18874756100059323,0.06649946013162748,-0.02160808855201039,0.7587976003462233,-0.4094167285640707,-0.027362639407934944,-0.3853360115423924,-0.05206795596416554,0.028579188425014914,-0.2800160756572182,-0.05297744943299505,-0.04942824468689993,0.46467482107569835,0.1990265730645388,-0.14760685201700158,0.5398739206852036,-1.1435723556647106,0.47245247930451206,-1.4334460354576612,0.27568468152080683,0.6961580447840868,2.8786417735342797,-1.2114957865508182,0.32739692537907117
40.952,11.512160041441723,23.026941092418138,0.8108242439513399,0.0043713239955769385,-0.0003409807956461204,0.02184398724611685,-0.9997517769325609,-0.2902001612898948,-0.011222516815636126,-0.0007894067189102569,0.564158863668616,-0.2776551586155342,0.06382436024332168,-0.25240092010357945,0.07371707315550362,-0.0035146342791836866,0.8396485840557968,-0.4437541816580518,-0.011572339810091266,-0.4062029035963204,-0.005102440906304599,0.04272102627159124,-0.2516106864747055,-0.09613226424241775,-0.03112935453685938,0.7804750269272671,0.23794331488797868,-0.17980961447242277,0.021138353682364566,-0.7296233046066966,0.22800242224331413,-1.229399044403251,0.1050072326487828,0.2666749485602072,0.7271517232102177,-0.14787483804782378,0.36068451937436935
41.002,11.491535517780612,23.027573180160967,0.812809155895354,0.003659287637023496,-0.0023386734280511708,0.026329549252979766,-0.9996438841190998,-0.24812150467891853,-0.0010508855453724225,-0.00756358582959423,0.5570619231885869,-0.3079568778241336,0.06830847750934792,-0.31711497383113113,0.07774222274811728,0.00919834074135123,0.8529401286901027,-0.4437029026296156,0.008429842889625536,-0.4176309394831518,0.026648900511015147,0.033804682617099374,-0.09720272110804101,-0.05632320961521825,-0.03339311678564961,0.8806963001155167,0.15305475195608056,-0.07595904801957738,-0.2697482225137807,-0.518466147662968,-0.006201724789368635,-1.362461224219552,0.03491140523361686,0.21920371690256027,0.009914222186424869,0.06798511494531886,0.3875323493412672
41.052,11.470569645384394,23.029468783299116,0.8141399379080099,0.0021080654143598924,-0.002419130269977068,0.026055960796258125,-0.9996553359913244,-0.203795696461607,0.003309078022417438,-0.0053847362624168974,0.536257566722231,-0.32812955322546516,0.06614636167729449,-0.3858256429663671,0.07443070588715502,0.014117060630032123,0.8443569110164437,-0.4383176763522639,0.02796493822622543,-0.4214476646630955,0.047117924713771346,0.020194927911102015,0.10964432710718605,0.04860907154773114,-0.08699591812102848,0.8930902019411198,0.014804340127049469,0.14560332725222674,-0.5475419960909184,-0.32286061948020495,-0.01310769243382893,-1.2937257159569353,-0.20826726387529976,-0.11151194391760856,-0.4040170270375977,0.15149245519620813,0.2914139389577111
41.102000000000004,11.449318470623249,23.032387521311858,0.8147019806130479,-0.00043396376891813136,5.5423162573234376e-05,0.021102079987357306,-0.9997772305988608,-0.1595404258955259,0.0002821745353151009,0.005285619577366816,0.5036977712937684,-0.34125639901005134,0.06650289621769838,-0.43900513879465236,0.057724065127784406,-0.003670549019054254,0.8100489982879187,-0.42120322432513657,0.03588779397032825,-0.4284188684985948,0.0700837968928816,0.0007211179064049709,0.27193187079603365,0.1499926378173314,-0.10777085283462436,0.8587786901025124,-0.1274543462602325,0.25750637930206377,-0.706528048251127,-0.22885218028047097,0.03744474361002992,-0.82867531983425,-0.3858063271470229,-0.4975341080182301,-0.8763724021969039,0.49088843674963134,0.07485025691165326
41.152,11.427542597982477,23.036528746668115,0.8139540605415113,-0.0031012514941128003,0.0043147784268156315,0.012535951865675672,-0.9999073031222041,-0.11738288985241674,-0.009776776674109939,0.01912992905135039,0.4680465768398785,-0.3522958267071317,0.07029645951851889,-0.45744057989448694,0.03623512594795113,-0.040215939661259366,0.7328276573234737,-0.3578611394089068,0.03729175107138999,-0.4417741114890393,0.09499746158258192,-0.03907080290794326,0.40584898103955486,0.17806166676162427,-0.08161845991270696,0.7826686901677867,-0.27216861008578513,0.27549083940199237,-0.5859370747199488,-0.278939646809075,0.068045240520115,0.12763025537086234,-0.4025034988538203,-0.8569186246097649,-2.3291240345850017,1.9920881929640852,0.016639396963864923
41.202,11.405235532951297,23.041541213947852,0.8095927703551624,-0.0029062263156317204,0.0075940913361172944,-0.0016546927498228095,-0.999965572216006,-0.09489203058695415,-0.03191179446724544,0.03783585420629535,0.47768670351135395,-0.37114722833935354,0.06630406844429813,-0.41990327837302194,0.0221938512103631,-0.06525320571572515,0.5664748075219017,-0.23712963626932101,0.041546165620662025,-0.45190134675049043,0.09535821634279419,-0.14197941993962196,0.8135370555145415,0.04717507826538385,0.12287960983090099,0.055514018913068085,-0.7538289219013256,0.35156059670990686,1.180459311282037,-0.425032129851419,-0.2265134504498109,1.268321328150761,-0.23511440631478292,0.08776325919729877,-3.909322348494752,2.3763843810970435,0.14374523102309228
41.252,11.384152643512504,23.04631686884757,0.8050103002512045,-0.0012542407093226859,0.008137341495548669,-0.018464258654319218,-0.9997956199673882,-0.12743002166000267,-0.06215810818858034,0.04489781753493877,0.6029387081714754,-0.3772747966478261,0.046505251370708385,-0.3976701849765167,0.019742387981438507,-0.02573543084382597,0.5349209051959997,-0.14598852913922872,-0.028146632157434775,-0.37758595835659403,0.08830397280225113,0.013387657463694209,0.3668661910267269,0.09510469781595379,-0.01666682819406728,-1.2363876306679356,-0.4845250619936307,-0.4259071638601621,3.2846853731277754,-0.674949285907301,-0.32760862426990434,-0.15111685383830303,-0.1350670209500673,0.2495230324286297,1.3441753853007374,-1.4104163437114603,-1.219090998472305
41.302,11.36568951348164,23.049845609465983,0.8072853769714696,0.0007801539046220078,0.008773413792713548,-0.025084708692319786,-0.9996465255079557,-0.18728557083759337,-0.07645761137755634,0.03477786650149215,0.7284022927373415,-0.46652770889117023,0.0356127427170614,-0.38433210454171096,0.011811342562179467,-0.02101452621154949,0.5693192668248431,-0.2040989165825948,-0.06540004484625604,-0.36984301423253474,0.05637524556650145,0.05942527692968465,0.19093793361788022,-0.05154682468822541,0.09772619018423695,-0.9860847478686018,-0.06980538933807368,-0.017807680311110876,1.5549133952380514,-1.7465427508502933,-0.18811874854663996,0.6043126065137108,-0.13206695668001414,0.04268876153812691,0.18372533636821692,-0.8409625741331854,-0.4455713550348281
41.352000000000004,11.347260433664013,23.051853613020924,0.8101742115143272,0.003170892778894374,0.006711027884372211,-0.028545246489164726,-0.9995649435862545,-0.23007007581050723,-0.07547913854748808,0.03325873132007891,0.7729711705567615,-0.5148830044747735,0.024517901836100923,-0.3474832066032463,0.006018015601705761,-0.020739044418251123,0.5674848610299884,-0.23730086528091018,-0.07818533173490057,-0.36502960667226325,0.024998985680542034,0.05170794243160208,0.09236979966229285,-0.08117118383937948,0.10046953850575539,-0.7845095928511363,0.0698611359513397,-0.0639494827258243,0.4195096367778279,-0.3181363728170077,-0.26861312725890385,0.7804822461934879,-0.10397826356517302,-0.02886704175195785,-0.1467365396447154,-0.5463692394881661,-0.1197245746183512
41.402,11.32926825056312,23.0523144463222,0.8122867077758055,0.00563513230169636,0.004971316102892693,-0.029576802944586724,-0.9995342635586457,-0.2671325256689835,-0.07043767263294262,0.027655167550265557,0.7811091564182611,-0.5143172032757664,0.007445307764877392,-0.3088275087698417,0.002137350891547848,-0.0237655977553552,0.5579845577859436,-0.26193897487667844,-0.08060993942476244,-0.3545009049362315,-0.0053163753442217665,0.03388833656040119,-0.006472133333310131,-0.05063668519425362,0.09986800345585528,-0.7128862852455954,0.12501417785858424,-0.14142751528856323,0.022063486762730993,0.22183609477378663,-0.3722190245897757,0.7589102262781775,-0.05002525077289045,-0.08430868064880173,-0.22186056955581718,-0.4583463478889451,-0.00754391284097757
41.452,11.31194853990316,23.051309437547204,0.8137600005260641,0.008527530865790103,0.004264821249474766,-0.02800820411973085,-0.99956222068415,-0.30274339298794944,-0.063270923837064,0.019231988733913737,0.7791463705864627,-0.48879516757439606,-0.01969338645319263,-0.270979432661093,0.0012529844253506943,-0.030244505292879195,0.5425385513597868,-0.28121563610458283,-0.08061595609315124,-0.33920640836668103,-0.034282154268890794,0.026908565339633466,-0.11197311284192982,-0.003254340870479516,0.12808370188185242,-0.6833256961332426,0.15915023560601005,-0.1575048207576601,-0.14407448583170374,0.6832971340913008,-0.609883155492635,0.7631731143026028,0.010598469848705272,-0.16390751719307448,-0.39854212755036705,-0.3172941878879112,0.005703824275880337
41.502,11.295360448081324,23.04877231034101,0.8149950034372523,0.011746005480979513,0.004540808026390122,-0.024093897099503606,-0.9996303799606462,-0.3321842341140705,-0.054529390284703355,0.015162209148644617,0.7598842385906985,-0.4501420402358475,-0.04612065201612241,-0.23251083885018736,0.003330478866535829,-0.03915822567574265,0.5181371308093128,-0.29399471788422366,-0.07945911346762898,-0.32415717111598846,-0.06607843017157067,0.020850918390564358,-0.19906676083186836,0.03858512399430606,0.12417601835333568,-0.49999380379041464,0.18328723511624342,-0.011715303344781625,-0.6076559548235482,0.7868778856620997,-0.41967754300759375,0.7577897967395234,0.0727085221861105,-0.1862974533746517,-0.5489691328409314,-0.20933680941048266,0.043707563128043705
41.552,11.279397289595403,23.044690382373336,0.8157973315768444,0.014701774906599577,0.005668599476156047,-0.017752856439378184,-0.9997182407472704,-0.34436747614978913,-0.0441165110628368,0.020088789178017083,0.6933064031456398,-0.388805033650241,-0.0609511032573164,-0.19393136031329491,0.0093259425134656,-0.04891552113487072,0.486538960957555,-0.30173163938130676,-0.07540073804582716,-0.3146982305590748,-0.09659732706609621,0.0066274040261086655,-0.3036849652185391,0.061680753089185726,0.09914794379127734,0.019812195973606804,0.22920797164715936,0.23585394307188606,-2.0692820965122007,1.599668119345088,-0.16211291103639436,0.7551514111973255,0.16622136785963743,-0.1907056676360456,-0.6471403664734994,-0.13704834847348205,0.12362583123322612
41.602000000000004,11.264918744783342,23.038829330064384,0.8141916219427989,0.012018293472463727,0.009369286005038916,-0.008970786866467725,-0.9998436388179717,-0.33107384672897233,-0.038665386860350565,0.0215285998525635,0.5429622981970067,-0.26047294383923614,-0.08695937219354392,-0.18194288898568287,0.022735582069845446,-0.04792752206905384,0.4882510420817899,-0.3130350295839146,-0.07122707925098225,-0.26917251259505687,-0.1272080682529926,-0.08132985845950005,-0.4760087745265297,0.1753212715784768,-0.3027376319165374,0.4606806646516681,0.043557181275415566,-0.4151800357181875,-3.4313634621699904,3.3984191703148774,-0.7963185446644053,-0.21353162068403916,0.437231005065147,0.08376864702957963,0.7801614746538466,-0.35243194821166157,0.15579611310167146
41.652,11.253019749064022,23.03344416235193,0.8114888439430931,0.005505446828123603,0.0135031627064852,0.004588344184635642,-0.999883144047238,-0.322758501724788,-0.026684714994686713,0.006141575871655815,0.4877320185357225,-0.18289445439707694,-0.006737425871565932,-0.22258811905059925,0.04982486935387845,-0.03928361972826157,0.583086965696269,-0.31212511250492475,-0.05416504422215153,-0.18923699771673694,-0.08478499603216413,0.010637673316277744,-0.413041444290412,0.2550780273663103,-0.22328109388871412,-0.31438553198359437,0.3401430797787677,-0.005376149215425174,0.7569861201429514,-0.9112958544425666,1.493125371153389,-1.6469543759532812,0.6421484810496528,0.9304340823030872,3.4734257678933163,0.025397372590363364,0.5756136589488036
41.702,11.243864367316226,23.030769200786207,0.8127489255185463,-0.0003637472483799347,0.016824716739505873,0.013404406129696782,-0.9997685324568313,-0.32667156266178454,-0.0076821678786450605,0.008393809754308444,0.5153175638984848,-0.21927216195067065,0.0311995606125011,-0.2939587736691478,0.0774074046359652,0.007108065101430921,0.7386029290932803,-0.36550529797195336,-0.03310549290872898,-0.18454645678981196,-0.025661952365922083,0.034394658442610936,-0.33783721897688884,0.011446139825465341,-0.24714743189347188,0.17114406992641512,0.4378615695826483,0.05028272262202075,0.33559094891768604,-0.5633792736181088,0.3969546827562969,-0.9603802199230886,0.33769840630691284,0.5159668847415452,1.9295307200499843,-1.6348729074462423,0.4238936986151812
41.752,11.23503931202803,23.030538695083777,0.8144275214226819,-0.005416912223788644,0.016177197611296778,0.020736262801758026,-0.9996394163619305,-0.31344220929905736,0.012354368909308182,0.00989529983475901,0.5242261785005037,-0.24127700109527572,0.04494866889568978,-0.32632510293256856,0.0820344029595789,0.019145519693272176,0.7823039915063936,-0.4164093244993727,-0.011961360834920179,-0.16481918280461486,0.013334722827154748,0.030335471221459794,-0.2329917279876808,-0.022947652738450345,-0.17874658993458808,0.28997514240949124,0.35547450558898985,0.02910629079741675,0.07109311080286898,-0.3401586389392611,0.18171035340476246,-0.484721230121886,-0.054208461271436394,0.12190621099478645,0.18484336750309027,-0.47893056863777117,0.3693666525576497
41.802,11.227621021275633,23.032026468023453,0.8156078632539642,-0.009395160044766194,0.016180655680794177,0.024377517644984775,-0.9995277154651299,-0.3002541043313036,0.026313241265046305,0.012912624927807594,0.5241752349524882,-0.25380085039466327,0.05082714415775872,-0.3500627892905083,0.07450238994303705,0.021585184920029407,0.7813150845087243,-0.4307644777561818,0.004522979193600078,-0.13331136312671557,0.0444452370991478,0.01772096046793248,-0.054226378787276805,0.028731265164892474,-0.15183929475148855,0.2391767141734529,0.20385844139112894,0.09776147556509145,-0.0672636588948532,-0.17558476015905772,0.07572205677568793,-0.48107322078476233,-0.2104475616570657,0.0026341543768556644,-0.1058227209703275,-0.1851530565738986,0.2812283630853073
41.852000000000004,11.221668492589775,23.034977196324014,0.8164169883194994,-0.013345240539333218,0.017611037506729547,0.02312176387097517,-0.999488439126926,-0.28810437760323715,0.032241139257976406,0.021423865804006875,0.5142657402790325,-0.25775656886661474,0.05466010652526162,-0.37324534640328905,0.059334091462805244,0.01423146160283265,0.7738020057868927,-0.43870069995859107,0.017922854647208816,-0.10790797439857902,0.07294542428137736,0.015901111067179355,0.1476782173082149,0.08786406102513661,-0.1602564731754649,0.26122990387425743,0.04320262585301838,0.2340558837320386,-0.33058302761998953,0.0039956427645268956,0.06841128964744479,-0.41000423924584417,-0.3835352881750342,-0.30203857510644405,-0.22548329686754798,-0.0958349412026995,0.2187043476074638
41.902,11.216688992130686,23.03949750505562,0.8171506389070269,-0.01769984312398682,0.020086967864036003,0.017226259759875975,-0.9994931141584219,-0.273996286783308,0.031033846853174923,0.03589763651370871,0.49241774519008474,-0.25447847576183497,0.05869663426327501,-0.3867834712516975,0.039622556248568114,-0.004990515256941336,0.7528738244567139,-0.43568750531092076,0.025792256082235242,-0.09272883922488942,0.10716952760514868,0.011075720916771585,0.31855308125005277,0.12048503060801805,-0.17450152566962962,0.2873615485142323,-0.0882426853590712,0.33304883284430015,-0.4952709555081644,0.09974830200436026,0.12248897581640734,-0.1307455032572588,-0.37102386293620454,-0.4050797056389446,-0.593975034206905,0.21939748275981033,0.1142806625947869
41.952,11.21208660077785,23.045659417724792,0.8172124228114169,-0.022101960540593175,0.022430577911725143,0.0068465879014526065,-0.9994806134932859,-0.25801025663234,0.021913047689720303,0.0541177083277607,0.46633422862182483,-0.24911685555755192,0.06448675469314508,-0.37470344401132566,0.018670959062430697,-0.033384562370752734,0.6820305305887868,-0.38070584953640335,0.03514151103602167,-0.0950089098033413,0.1368813642894872,-0.016781481549507857,0.5167353416575043,0.06532382565747837,-0.14088222069474704,0.3397701855102154,-0.2873609278763789,0.37279012980530635,-0.4614156724539185,0.06658324436812607,0.03615629590939231,0.7041985429002935,-0.44613041247382634,-0.6544909288429197,-2.4684263093421497,2.057977889222397,0.3529790020696774
42.002,11.207084914362024,23.052729122553895,0.813462458114184,-0.02402214747164641,0.021728257913585645,-0.010491412412127891,-0.9994202066720933,-0.24614388344808777,-0.0032545094137032765,0.07109985175342223,0.4631380490379011,-0.25662414998224375,0.050472479434562255,-0.31501534058837277,-0.003025473377290458,-0.04296719640340444,0.5084126152790553,-0.24401584411439242,0.0508528738450195,-0.09108955426673616,0.14092911211753822,-0.12491328059290914,0.8130643748658851,-0.043209408097825794,-0.03670602104949306,0.05632228712217978,-0.6349438122924811,0.3255192426326871,0.3538494027788052,-0.35623844228803897,-0.4935359706110009,0.8488038536485664,-0.35384165959379177,0.4206643852662181,-2.287248087139195,2.3798881647137455,-2.1565824395319035
42.052,11.203475900809961,23.059513318895103,0.8133559918237687,-0.028371317314837025,0.020784675467796516,-0.02079877378921975,-0.9991648896095097,-0.25767742784984915,-0.0235304201655793,0.0476312987873057,0.5043679264462533,-0.2664049691528061,0.05495028563524382,-0.3144941839496043,-0.005261429481803837,-0.02668330883867009,0.5142306065489852,-0.24415853476186383,-0.031248588195958816,-0.057264065666777726,0.10648859208747899,0.04883796032176555,0.2911239022350207,0.009364242605712055,-0.1108582930893062,-0.8721721766645574,-0.629273023215689,-1.3424314845178942,2.224108531548328,-1.07322758963629,-0.10487517457270712,-0.06483012075849727,-0.059806233474124226,0.2269350702332668,0.27825738678458123,-0.244207440548799,-0.6834522186807588
42.102000000000004,11.200782362284691,23.063412657891703,0.8157315065118227,-0.030870755577756814,0.020727848265482327,-0.027097417027178782,-0.9989409806123667,-0.30696188240359046,-0.049852921208177976,0.0036006950015800695,0.6168399391835584,-0.3532899225343738,0.03027930922422462,-0.312002771869551,-0.00965790023066535,-0.017101951906476953,0.516216607983358,-0.24847203038574733,-0.05403203513528266,-0.057591553294444715,0.058130982350093965,0.0391520208123478,0.21240399694242051,-0.04414329224945658,-0.106577238657241,-0.8081114292118142,-0.3249110033095261,-0.4100224134263099,1.6897516010516345,-1.7075742566857544,-0.602973264948647,0.1540822485515102,-0.08196905725837611,0.17449427183994742,-0.06069271504220172,-0.03682928076218775,-0.2941833774297305
42.152,11.19792205077436,23.065434200997483,0.81704228423992,-0.03358212493497466,0.019438554562653327,-0.03095169670125229,-0.998767428359916,-0.33843374299099444,-0.057383767453932984,-0.0028052120055812348,0.6775247587556577,-0.4069993837047127,0.004154599580900132,-0.3042694864967855,-0.012986191174232137,-0.010314549267506742,0.5135997755649054,-0.2507899159555429,-0.06226029128774567,-0.05853296265439043,0.024801896273739587,0.018094391163868965,0.10323175097395208,-0.05851598484592267,-0.1012313145972471,-0.4111826786115082,-0.03916558500861264,0.01602868828582902,0.7205340502602636,-0.4621853887239815,-0.39539247627807556,0.17477644543894996,-0.0415715666066494,0.10431482720871482,-0.07045526449238834,-0.0422881863568945,-0.07660944666963866
42.202,11.195014381919021,23.065802540105018,0.8177679442365613,-0.03598643180349348,0.01815915824671392,-0.03190771979132848,-0.9986776852996874,-0.3492924081006359,-0.05781154836232335,-0.0008913775341644152,0.6961217125105037,-0.4150329724184092,-0.01252075645325821,-0.29486959399401025,-0.013354250981695482,-0.006672247988185695,0.5078695496602774,-0.25157384763562274,-0.06513654000106009,-0.05677217584585398,-0.008962305233225531,0.012468768968024057,-0.013438362647499518,-0.04326911972936315,-0.08463856650430325,-0.07193214155892534,-0.00011111228139411319,0.04895376536484194,0.15957993115955146,-0.01295958436479986,-0.29111864642173463,0.19696846789451325,0.022695215656687553,0.04444165773455499,-0.16138359669555946,0.013825757572455081,-0.04597173191226812
42.252,11.192315816534608,23.064548546573548,0.8184689076412468,-0.03792612061914396,0.017481178000216098,-0.02968117442637996,-0.9986866604071455,-0.34694487037444444,-0.057262439122232826,0.0011195905250305923,0.6979085169460465,-0.4139190594422745,-0.03344056670793668,-0.28309474127729445,-0.009523194923140797,-0.005994829801916504,0.4938763155051828,-0.24717196397052554,-0.06751196272444031,-0.05154144923703483,-0.039710273839381326,0.015984206585990913,-0.15509285917083748,-0.026872142437972278,-0.079255410059577,0.1699637092960379,0.02502405748822562,0.03218755471431315,-0.12847925266852178,0.08907748395873194,-0.4834226225573987,0.27988162524156146,0.13094666928234638,-0.00800998479717778,-0.40057411025563694,0.16013535596805722,-0.034237925817504754
42.302,11.189893388555562,23.06179361395908,0.81927215406744,-0.03987538305178043,0.017207612947252558,-0.023914602273281096,-0.998770215655854,-0.33085430516391257,-0.05477027649581494,0.0029509888083626827,0.6751039821173925,-0.4021429446860933,-0.053611389487726126,-0.2670183730995371,-5.297050921720557e-05,-0.007503982638409681,0.4681417538345126,-0.23591032726565236,-0.06780191885681744,-0.04418071770340175,-0.06905638609203492,0.013061539830527264,-0.2984746945703549,-0.012513807409366607,-0.07821876188634518,0.4290824363017485,0.07564082545442768,0.04172648939977377,-0.7274552326829535,0.32565649974014466,-0.2999040293065115,0.3378559630025756,0.24407824730370653,-0.0548098969712033,-0.5884821249890129,0.26996777141503664,0.019307589097877713
42.352000000000004,11.187657034130382,23.057609296020843,0.8197244583234216,-0.0419862522800906,0.016980839422141472,-0.014455249949707946,-0.9988692864739019,-0.295294925864521,-0.048326874685720674,0.008292245064720882,0.5970730658831301,-0.36270606229333807,-0.06082609384426612,-0.24715042585728145,0.015633233295537428,-0.010596618037585203,0.43383508363240336,-0.22020033827561597,-0.0638123840420737,-0.04527298311826706,-0.09694226115671895,-3.923959207985904e-06,-0.45344742774990043,-0.03977654462998251,-0.10698455935442167,0.9793620995724783,0.1793288597947496,0.16065716921608364,-2.3969527745301393,1.2642352745621999,-0.023531220793089898,0.42354247822943814,0.38732208355530995,-0.06468992527693353,-0.7149328022084968,0.32331626436806643,0.1342878051954916
42.402,11.185583048585055,23.05241504972135,0.8178831669966535,-0.04526139105486786,0.016459538679640433,0.0006414543515709544,-0.9988393657653594,-0.23801858375613735,-0.03453896919106447,0.009497386015228744,0.44455423414308065,-0.25810152530987185,-0.05977357967714424,-0.2324483563554361,0.043392203961038836,-0.014833308880065283,0.41149433953046904,-0.2108207534828064,-0.05411898780759761,-0.030542673669506654,-0.10481493313111756,-0.07986432242675197,-0.7496575869837975,-0.038900902915103126,-0.1611267719719347,0.8320930166200119,0.3055531583384802,-0.5020149472627334,-2.4950560738183043,4.026896540939112,0.9594205980064289,0.08407367889448393,0.7286173273154776,-0.12588989491299882,-0.07283302316801987,0.012240683472950048,0.24259682244361153
42.452,11.18477419892018,23.04714798866903,0.8174203917791538,-0.046344544105459975,0.017745541444736227,0.009986474343412296,-0.998717952837876,-0.23923623575421302,-0.028958430684163997,0.002624197123835765,0.4370340192508857,-0.22797848378986638,0.031009525270597957,-0.24441551320717392,0.060650075997707754,-0.0073599641971855674,0.44705397285244103,-0.2561417372753483,-0.03163253663175579,8.789987952885427e-05,-0.08775239935933342,0.02806669712762859,-0.18757365253049282,0.10037862527331973,-0.11039437867679963,-0.257028218718821,0.08582185972280162,0.043900196703463366,0.3398360000707662,-0.3524535865485026,0.7445088003371365,-1.0477726133663603,0.22460627452389278,0.4394654214266953,2.9955504317633843,-2.69845744825685,0.19462174425998105
42.502,11.184360192762838,23.044528946468418,0.8192964866083962,-0.04936028857561287,0.01875677341937906,0.01524453593615931,-0.998488532476321,-0.24120815368228585,-0.01979134111152594,0.0037133096922742233,0.44097338618274573,-0.23566781426859876,0.05385428134188192,-0.298680695452177,0.06959105636332927,0.010375445437264996,0.6055800814023367,-0.36582704517543185,-0.021940145830208233,-0.014541125380539283,-0.023085306205846548,0.03808621888714126,-0.2338636298924752,-0.006123689285321925,-0.11719582067228917,0.05576196523776403,0.26146619147819616,-0.005583772729378836,-0.010855815233977922,-0.06033353013383928,0.24652044951922722,-0.9109217792775296,0.1543738401907941,0.33808801456193854,2.4477035544607464,-1.4670823969129465,0.2100087958002343
42.552,11.18370879585549,23.044457038177207,0.8206890190181472,-0.05191021818459711,0.01912113420193099,0.020604089998060033,-0.9982560708306311,-0.24036548588805084,-0.006204214452037994,0.003169936702033412,0.44273808498806144,-0.23845107486913855,0.06102357827035166,-0.3376960597145918,0.07347723560230816,0.02338096353473344,0.687851694404696,-0.40672909799835083,-0.004777654672423727,-0.011896013227941019,0.015496378978068942,0.018275908830640817,-0.17341280603924158,0.014142002801682908,-0.09871720738471489,-0.007990617242083024,0.25434007445631124,-0.003542961492001876,0.06383639808381111,-0.05788265544932674,0.07171101194602747,-0.6571005474883272,-0.010746819650509273,0.15593011462958276,0.9695727711234089,-0.35540136975693665,0.3835598399566629
42.602000000000004,11.183210428804482,23.04600464513362,0.821157067706887,-0.054158434958705336,0.019807964577409964,0.023190230394570556,-0.9980664916108389,-0.241478045640039,0.0037814552943733343,0.004154148825291175,0.4459978983280666,-0.2411854194633047,0.06301038803004155,-0.3659174944313143,0.06904624227879712,0.02501675977481605,0.7153895917801798,-0.4165035065787476,0.013097145502056502,-0.007993034520938266,0.04457182492970564,0.002418704687087423,-0.029049305104524418,0.03467820796065895,-0.09003190678868205,-0.025032319156438842,0.14044817010552335,0.050907680550637824,0.04281533482200556,-0.04096214411236135,0.01850498201599993,-0.4922368992294127,-0.13013435786648023,-0.03466607180161937,0.29036579938943896,-0.12260961637838794,0.30960640569505316
42.652,11.182959937728434,23.048913229620045,0.8210449188958783,-0.05662818855014673,0.021067455275106083,0.021684610380124918,-0.9979374671102499,-0.24237171585584585,0.007356520352294359,0.009325489717057182,0.4446488313489974,-0.2411723596537278,0.06366884417960993,-0.38742646080015675,0.058848777679798854,0.014266575815491052,0.7256062506394959,-0.4241361464608556,0.026734382409280704,-0.003134921897375701,0.07119690175359929,-0.00503800505786944,0.13842950228105091,0.0736898313995692,-0.10276825569491324,0.0014029353217130337,0.010757640921899587,0.14922671215426803,-0.10951182621898642,0.04511995003874828,0.0009507286362158002,-0.3363860240087903,-0.25736333516969667,-0.36607519287596624,0.08835655351656964,-0.1301411100499232,0.1963332562578262
42.702,11.182841982199866,23.053250700510688,0.8207099024623273,-0.05957476018603909,0.02286813260318392,0.016190611131277725,-0.9978305269790126,-0.24059997416272616,0.005031246443759521,0.019016789801840257,0.43435786699766743,-0.23645131554334772,0.06302902956443121,-0.3958128999257316,0.046377203457933364,-0.006276166055772776,0.7193753139591655,-0.42335463108548754,0.032121261116258217,-0.001310095611924871,0.10126727942742278,-0.009678101859100983,0.2911015016455852,0.09952967754090805,-0.12106743301131165,0.055941315298996284,-0.10013232559135903,0.23403086946535218,-0.2723669414756609,0.13017875355251027,-0.021339361603906364,-0.006456796878520705,-0.21992722327431583,-0.3984000386355029,-0.32865732799926517,0.13999354222853427,0.05020192684152738
42.752,11.182565692510916,23.059043507005978,0.8198943735564884,-0.06259040738648348,0.0241934025335051,0.006733571305007858,-0.9977232979110617,-0.23513806829064585,-0.0038436477720997556,0.03217024365999812,0.4187318631561559,-0.22938810216571612,0.06146256250206054,-0.3767150778843652,0.03306733370428138,-0.0323369201237602,0.6632886602801026,-0.3792008644281986,0.036171459071880054,-0.011778084834418105,0.12839403918040346,-0.029080769712902254,0.46543004559203416,0.03929726370556718,-0.08955012602222474,0.1527400260924601,-0.26366821259285683,0.2795884637037348,-0.2888251614493532,0.11334506007485266,-0.10603693120640653,0.8362373834986246,-0.3040487769118582,-0.5882102138305167,-2.1056922573554635,1.6887625392782741,0.20983163720500705
42.802,11.181504170494982,23.06562696187721,0.8161634523725304,-0.06358547170259467,0.02234283358628852,-0.00925169899421989,-0.9976833624158585,-0.2304213765342613,-0.027959346508662226,0.04613417224743895,0.4201245773333216,-0.233909031518766,0.049086574129688955,-0.30790717020149266,0.014669121169277245,-0.04452233498575511,0.5019286400286512,-0.26348449669853,0.05714392297605225,-0.025696173698301426,0.12592233973266742,-0.13248764562909715,0.8570117966996051,-0.09408602943637318,0.03440201380067825,-0.042788159977391826,-0.74744539600252,0.3057174268822875,0.4624635652579826,-0.35367494108422687,-0.32659352763105115,1.5510177613259888,-0.4728094027675051,0.36497052514692,-3.5110343426524557,3.1983820773284375,-0.1515126884872482
42.852000000000004,11.181192541724009,23.072191842491932,0.8146631729552339,-0.06653740756450066,0.019854146975019034,-0.01974058547068367,-0.9973910444393227,-0.24205209171530287,-0.04318804160221381,0.043400471989660974,0.45990745680298034,-0.24906057193944683,0.05371070478601633,-0.2973960507031238,0.012687990311852146,-0.029749664514669805,0.4833464145962731,-0.22591733682260265,-0.03944695641584492,0.0067447130966975365,0.11023597068137805,0.03501025660501587,0.2322748511444665,-0.02752313850781578,-0.06661612186151714,-0.875360974411877,-0.31783327023191715,-0.6854165007406664,2.2905060431010726,-1.1352422216423428,0.1243368124141151,-0.13532458927200683,-0.0075419527571126445,0.14286953416692463,0.3852338804759477,-0.41148887497875064,-0.8287736427702903
42.902,11.18131713514553,23.076224295005872,0.8167384400362032,-0.06752190324229035,0.018768061919544717,-0.02518322907832994,-0.9972233237382242,-0.29394336181861647,-0.0586632578530077,0.017589198787481518,0.5857577868135286,-0.3354573737043499,0.038200490051657335,-0.29728788999004563,0.009027816834568221,-0.0237243305896226,0.4881831016109852,-0.23369141036824884,-0.06515652726482243,-0.00690284604723341,0.06044927809533388,0.0367758916993743,0.2011368653102135,-0.06578769411077784,-0.035355218328170616,-0.8803670797155594,-0.21610905102732897,-0.33242245253189984,1.9701000181705788,-1.652140786749264,-0.4717195627214677,0.11124683601458508,-0.09775848455612653,0.10995215053466799,-0.03197979613964649,-0.03786892976168719,-0.31688959688949425
42.952,11.180681251903156,23.07840529388398,0.8179789498272001,-0.06842924185250396,0.016694994367731576,-0.029088845958417524,-0.9970920494434603,-0.3278773980445865,-0.06269760470508548,0.011015436353524264,0.6567308726716549,-0.39035982508161754,0.014643131094218715,-0.29145490112907824,0.004153139348788127,-0.019751022268821694,0.48731909237716703,-0.23524789024555873,-0.07425908089108167,-0.018479130091009363,0.02861082797778033,0.016928208015744437,0.12198928380922539,-0.07771118401046978,-0.02469929933970704,-0.4573194431406704,0.0029712866454647577,-0.014960870043895628,0.8848087381006087,-0.5230515358979534,-0.37192376449253844,0.12981695589295275,-0.09027581742768222,0.05126784290263752,-0.02148084374082139,-0.02395393018991363,-0.08013622867204137
43.002,11.179537752529098,23.079037589336608,0.8186553035143213,-0.06892762688679382,0.014827368394263884,-0.03064913481629,-0.9970405016513965,-0.34033723352067174,-0.061726526030121014,0.011019507305720513,0.681361497048247,-0.4008252069011022,-0.00044161480205310146,-0.28410212901568194,0.0010691963044698596,-0.018563653959573462,0.484047417836216,-0.23540772015529693,-0.07671362557047907,-0.025555871791357824,-0.001963005148199232,0.011585496314386576,0.013610002519882558,-0.05875741894687307,-0.013219863414686896,-0.09016236573809769,0.023256703437132143,0.005187806162488524,0.24006808486087483,-0.04025555611524967,-0.2525570804893012,0.15926548635349994,-0.026392873131017156,0.002224342161122133,-0.11749463235460997,0.024326316504964664,-0.03661346043124426
43.052,11.17821727834739,23.078200975903314,0.8193247999278074,-0.06919091371275089,0.013833700866453028,-0.02922714681783984,-0.9970792446284399,-0.3385746663814622,-0.06041411577523667,0.01120030225181406,0.6861708174751291,-0.4012342210336294,-0.01889403692494926,-0.27425657606009074,0.002335564410566962,-0.019802551370912615,0.4721768147044073,-0.23067499451248308,-0.07877581469417672,-0.026926102137302843,-0.02973174301360002,0.015661846139046826,-0.12018951141814416,-0.03308826975986139,-0.008585751736206486,0.15497415229714226,0.03634788411406171,0.0026226045646874263,-0.05977038384014337,0.0022626454960560953,-0.4455659407268761,0.24243086410384931,0.07908896551458373,-0.04939459655998114,-0.36442575215265804,0.16608723027124894,-0.03268917344771976
