time_s,x,y,z,qw,qx,qy,qz,vx,vy,vz,obstacle_contact
0.002,20.33673095707077,24.048252105712923,0.8409607858899374,1.0,-4.499812709043982e-12,8.883076764565347e-10,1.739675919603984e-13,1.9761061196771144e-08,1.6745897352734438e-11,-0.019607621275427665,0
0.052000000000000005,20.335433395380615,24.050025052150602,0.8273784789610067,0.9999764459475391,0.005468268364588273,0.004058827311442803,0.0008552847928648046,-0.028961862802816665,0.031151822436638936,-0.4688462603885268,0
0.10200000000000001,20.33300207993529,24.05170706591846,0.8175422253156924,0.9999360852828337,-0.0020587167202480126,0.011114309402185938,0.00024323079471443016,-0.030083663267888763,0.06443874041475296,-0.019410154842793285,0
0.152,20.330974227778135,24.05375920677265,0.8168297934689699,0.9998656145337121,-0.0006090208781506165,0.016204127856380007,-0.002410022220837714,-0.04218617080807525,-0.0029890392074330644,-0.0006970874135600286,0
0.202,20.329654383940817,24.051476402296352,0.8174725071245785,0.9998099014119115,-0.0012738054380626496,0.018610491601712752,-0.005673452278037715,-0.013685487572153864,-0.07784625742388734,0.01587356656154824,0
0.252,20.32907890990505,24.04641623401748,0.81817964914018,0.9997706340555653,2.8943045003736337e-05,0.020229944761909344,-0.0070304891268308245,-0.0076962605390450975,-0.12370006309236328,0.013658682367263225,0
0.302,20.32897434523693,24.039012127733052,0.8186017718637678,0.9996907613107177,0.005404560730720999,0.022736401782695016,-0.0084987356283376,0.0025878557251542847,-0.17016563662510156,-0.0017072281313498393,0
0.352,20.329623536436237,24.02962015799179,0.8171775415897883,0.9995258065242024,0.01639655526236189,0.0242646411407423,-0.009515369566187567,0.025508778193026816,-0.1994587604609676,-0.06898327402945378,0
0.402,20.33072450354113,24.01942839472455,0.8129742915888255,0.9991988573476974,0.03122243114060706,0.02309403821204469,-0.009667919516876351,0.017924651168309266,-0.20941190770099893,0.0037690745001794437,0
0.452,20.330920065350362,24.0113692781653,0.8153960018617289,0.9990020999058938,0.03711656080793283,0.02287227569427588,-0.009696612912295989,-0.0067466528248966385,-0.12232937639142819,0.06178804299152771,0
0.502,20.33081841698695,24.006596201422592,0.8179990695530635,0.9988725905376061,0.040909679394030916,0.022337252235115564,-0.008999620389474888,0.0037469050844632567,-0.0749149516617814,0.03983615029025676,0
0.552,20.331188668605964,24.003783336942202,0.8194423987993013,0.9988758339622958,0.04200501887534157,0.02021045059362803,-0.008613036759084293,0.010724972592616466,-0.039005492827828524,0.021823125667500557,0
0.602,20.33178180789404,24.00274165753063,0.8203402637388595,0.9989909799632166,0.040436097192086275,0.017818833383252262,-0.008027027648159803,0.011250192391578704,-0.004251744526314185,0.015133358447845604,0
0.652,20.332297426813756,24.00334448009365,0.8211469995633016,0.999206512245982,0.03583284314644576,0.015910229546636463,-0.007015542248091074,0.009907078724897683,0.026827448950099968,0.0173716255142623,0
0.7020000000000001,20.33272148862816,24.0054936040097,0.8219323310835797,0.9994848445774641,0.028066538926866277,0.014414535662483548,-0.005876735000302365,0.005658748015996005,0.05803856960593772,0.01113027876771338,0
0.752,20.33310148664177,24.009198427372294,0.8222320420226532,0.9997542105731787,0.01708502080892545,0.013201457701142649,-0.005034085788300837,0.00898569698782541,0.08889510494295949,-0.0038121002965594165,0
0.802,20.333473956488472,24.014110839650566,0.820294502848841,0.9999127107652983,0.0011352364224962897,0.011940964612126542,-0.0055403476776550555,0.002195337137241683,0.09864940603016932,-0.08752391464437173,0
0.852,20.3331349171891,24.019148302107727,0.8186383170185635,0.9998443427931953,-0.01162218487923768,0.012112265574804689,-0.005432129022834501,-0.02064308341037222,0.08833666820573778,0.022632174188480833,0
0.902,20.33274719655699,24.02213223861418,0.8205461431511618,0.9997457136582901,-0.017501792994489243,0.012796619969631159,-0.006200143644026476,0.0022328533178803114,0.03392731604568474,0.04161420260136433,0
0.9520000000000001,20.33299462369227,24.022797440278765,0.8220797770768039,0.9996325880170523,-0.02267972447674848,0.013334405343856926,-0.0065201768468335095,0.006559830037157843,-0.002929075551715575,0.01977683461701456,0
1.002,20.33334615718057,24.021886354599154,0.8225446152370992,0.9995575363407486,-0.025125398933312754,0.014473182136811185,-0.006631204392079363,0.00705585467764537,-0.031460657087426354,0.0006763510409933603,0
1.052,20.333628217135505,24.019632251451622,0.8222758684288923,0.999562738811974,-0.023751722907925054,0.016175550012617324,-0.006966951944732445,0.005391044035479603,-0.057818571793852094,-0.008864443420337244,0
1.102,20.333927263535617,24.016014758381814,0.8217416027880065,0.9996287856759684,-0.018560253936504414,0.01830382641567672,-0.007923241782620214,0.00542445558009409,-0.08607489603241814,-0.013739609282839708,0
1.1520000000000001,20.334401904880252,24.011033147829902,0.8207589953766748,0.9997062427133636,-0.009588856505940622,0.020301511723891393,-0.009128566840578315,0.015328812700890336,-0.11086621721147577,-0.030239126283475193,0
1.202,20.335595883009088,24.005373895913944,0.8173403389416446,0.9997473475462285,0.005791739369254968,0.01979130580192201,-0.008944330271972023,0.03078225483357503,-0.10586137106525559,-0.12359693685363773,0
1.252,20.336239805867546,23.999534433094436,0.8151651099156207,0.9996328281030409,0.01731564014190702,0.017820177040824604,-0.010808278097123142,-0.003080791170914696,-0.10623612905979686,0.02510014029077639,0
1.302,20.336166840642733,23.995695731912704,0.8169256865624476,0.9995436826868305,0.022355285821396745,0.017073541621574845,-0.011007350870595812,0.005264732598210491,-0.055216022100590435,0.03285407299765364,0
1.352,20.336723004424325,23.993768394050914,0.8180665172698175,0.9994752914030061,0.02621084804918635,0.015473082834842604,-0.011077771752667704,0.015513045015124016,-0.023122240467862147,0.015791686681425738,0
1.4020000000000001,20.337640204509587,23.993408573669686,0.8186819326776913,0.9994480100018743,0.028039739689563126,0.014073376004893732,-0.010926499405591037,0.019661927027133097,0.007219956237833931,0.010510071288059022,0
1.452,20.338571094020313,23.9944722033508,0.8193022204855542,0.9994900403960688,0.026983000265087494,0.013415245933468484,-0.010564469807046735,0.01772799945982088,0.033932768242545736,0.015025002299378427,0
1.502,20.339379182490198,23.99682744120861,0.8201269155531126,0.999607850704867,0.022561323045571697,0.013165430530730446,-0.010089744821840241,0.013290014635932339,0.058955861319379674,0.015139590748279318,0
1.552,20.340066204655074,24.001375943677278,0.8204629754012177,0.9995279954775127,0.016493528630556472,0.013518319594855499,-0.022113453039958302,0.009737255038312104,0.10381717673982947,-0.004031732062258178,0
1.602,20.340399430875305,24.006700212952843,0.818723544475073,0.999135280327698,0.004001923531580043,0.01399661789689378,-0.03894574302781171,0.00038773184994455624,0.10048018964781653,-0.08132996113460153,0
1.6520000000000001,20.340405978266542,24.01164278964369,0.8179020176246569,0.99843315234637,-0.006443870502751169,0.014307493073345307,-0.05371231209500028,-0.008224704889868699,0.08816774405966628,0.04839810559210444,0
1.702,20.340292732104395,24.014447136548476,0.8204419358155851,0.9973465895805919,-0.012441713510397722,0.01447726161923561,-0.07025235165386359,0.0033945480813568365,0.03097191923006471,0.042377161603205635,0
1.752,20.340621848188057,24.01520086588068,0.8219017562854789,0.9959567564101433,-0.01785806126434937,0.01427980848558285,-0.08687529037925698,0.011180443078841492,0.0008474634444913026,0.018700461371943918,0
1.802,20.341446730639948,24.014488384136378,0.8224294012345933,0.9943300080138041,-0.019955558783681347,0.014880316473825986,-0.10338368835816412,0.021565107245395513,-0.02870231632260137,0.004367435488392883,0
1.852,20.342855778769763,24.012323938629777,0.822479275948619,0.9924534085272058,-0.017797430532446538,0.0166112779542711,-0.12018131640941841,0.03580425111784561,-0.05789769110527863,-0.0008489053751772964,0
1.9020000000000001,20.345164955657914,24.00850464694011,0.8222920050012356,0.9902567625241303,-0.011829964196816705,0.018499327048355763,-0.13751134906286536,0.0553632015812384,-0.09386297825862883,-0.009013835105703144,0
1.952,20.34872537043564,24.002848447753955,0.821439312936936,0.9876367004127292,-0.002619157602577678,0.018778343576652413,-0.15560932434731742,0.08646166816917458,-0.13194272720948264,-0.029753273713646333,0
2.0020000000000002,20.353702715784372,23.99537357578269,0.8180322275035388,0.9847523936421521,0.010969729436003694,0.015089431424221462,-0.1729586578100329,0.10914461859722445,-0.15996108951556376,-0.12041489904295022,0
2.052,20.357789216171927,23.987554853164486,0.8136860998583569,0.9822507760737721,0.02525937095518928,0.010019003606509673,-0.18559363310241767,0.05072144373024198,-0.1327202726128579,0.021712830880420697,0
2.102,20.360589699517067,23.982408467944058,0.8160055379977705,0.9795104361825118,0.0321190740140116,0.007698576792297663,-0.19866656087374657,0.06660941789439635,-0.08868170118490433,0.049266516948699726,0
2.152,20.364725746122247,23.97827117345322,0.8178974982381187,0.9765919094905384,0.03600852326020439,0.004539358738202535,-0.21201656254286072,0.09811685116751513,-0.07403963085797241,0.029212206694314128,0
2.202,20.37039792892781,23.975092133450975,0.8191103444739086,0.9733327183747861,0.0375293275285911,0.001118734101752238,-0.22630447929816244,0.12617082336712737,-0.053758067896761574,0.021041042542646222,0
2.2520000000000002,20.377340854318483,23.97289809370311,0.8202128024324251,0.9698687264336755,0.03594285099398191,-0.0015858016562542174,-0.24095694673832033,0.15002822597027873,-0.03583770021552424,0.023091670924124147,0
2.302,20.385404381578013,23.971493318270138,0.8213029959403144,0.9662465174600671,0.030707708531402225,-0.0031586252731750897,-0.2557630294226022,0.17020185234627858,-0.021065027484864732,0.017458602828067205,0
2.352,20.394614899760242,23.97063660184037,0.8218513781637912,0.9624816374265016,0.02160350819399331,-0.0034044805811819646,-0.27046403746613756,0.19705543617708277,-0.014226171703082265,-0.0005831391336677686,0
2.402,20.40473335149383,23.969752956968904,0.8198475727862188,0.9587094422776185,0.006841095950035314,-0.0018358194542286077,-0.2842991988396581,0.19881620024055777,-0.021855422305609485,-0.07863579231054184,0
2.452,20.414866774832515,23.968978973877636,0.818532855803919,0.9548998338159795,-0.0026669320941616866,0.0006045531482867308,-0.2969155256414059,0.19251146994284007,-0.01990750419369701,0.03175550653749018,0
2.5020000000000002,20.424108994876818,23.96582675094518,0.8204198721000303,0.9503992376576202,-0.00806437360304402,0.0026873612575625547,-0.31091644058762236,0.17960100327625977,-0.0976237207833207,0.03512652703580854,0
2.552,20.432848185416457,23.95985817024107,0.8216936912004245,0.9451860625989266,-0.013478401827503757,0.005078374149392476,-0.3262144231466681,0.17178663194910102,-0.13807405603986947,0.015583247311664395,0
2.602,20.44139295767851,23.952012108492593,0.8219717907384859,0.9394331384545346,-0.015111630973179581,0.007813731447672764,-0.34230974655077895,0.17051583945815774,-0.17489129944492962,-0.0031188559738183717,0
2.652,20.450026938661708,23.942291224688187,0.8215002888003761,0.9331585775787703,-0.011926842380323016,0.010480779818279518,-0.3591141500642967,0.17580600478698186,-0.21468285867191034,-0.01465211418306843,0
2.702,20.458978600374838,23.93025433768759,0.8203622718586473,0.926348388146147,-0.005126870108212737,0.01221636223704471,-0.37643477453022667,0.18080827194951413,-0.26571071937897356,-0.03297608628906073,0
2.7520000000000002,20.468217244836946,23.915488029966273,0.8179614072929703,0.9190048556155238,0.0036674807452682042,0.011805480650743378,-0.3940523513020555,0.18517596758020682,-0.32293016489133775,-0.069824856154613,0
2.802,20.47724262796925,23.898281020748808,0.8121630221739966,0.9121124943259911,0.015530982567542496,0.007206884577023669,-0.4095822836617811,0.18079368234699716,-0.35514137728302164,-0.1671543054987247,0
2.852,20.484697020709312,23.882027265734955,0.8069839426140188,0.9069268025031634,0.03162363927262552,-3.66748905791864e-05,-0.42009965364838886,0.11998951954793884,-0.28316409513925805,0.012627402886250824,0
2.902,20.491232196776448,23.86840695859717,0.8090001603968029,0.9014145737066792,0.03971601900903979,-0.003832640361487197,-0.4311145033644084,0.14196207388517426,-0.2769786694030751,0.050182786835784934,0
2.952,20.49893782687037,23.854613224735154,0.8114409017249202,0.8951886288259795,0.04315925662724336,-0.008610264351939506,-0.4435092566518061,0.16617922507019284,-0.2726320884048525,0.04591950148814454,0
3.0020000000000002,20.50783384556365,23.841194390299574,0.8134910090585765,0.8883884022752767,0.04415737854285498,-0.01248100683895659,-0.4567936044772208,0.1880484286390039,-0.26477600712410465,0.0365387047325811,0
3.052,20.517741529457787,23.828122355408837,0.8152839303874256,0.8813694369609268,0.042261839113016404,-0.014909361182763236,-0.4702973139356488,0.20748216770822742,-0.25944761044429987,0.03567678470991264,0
3.102,20.528610212900652,23.815176182711024,0.8169698429762932,0.8743654481169495,0.03757121379749285,-0.015730423346223765,-0.48355560260881875,0.22584107039905432,-0.2584595499490466,0.02929212857055421,0
3.152,20.540413596380347,23.80205684323044,0.8181415344676988,0.867491940764843,0.030359136021076337,-0.014500953616885116,-0.49631217788031556,0.24580480158360504,-0.2660367126150323,0.013191096498794418,0
3.202,20.552993993195663,23.788589950238325,0.8171616767987184,0.8609400880175996,0.020282418084377675,-0.01056927612585272,-0.5081919703842981,0.249469395135122,-0.27133471493934985,-0.06818859560737717,0
3.2520000000000002,20.564593818631035,23.77507827292949,0.8134909780364796,0.8543397094311048,0.007856034036764964,-0.0035834193021812063,-0.5196432456257783,0.21630272098438644,-0.2397448125873367,-0.024972786578179515,0
3.302,20.574630741425427,23.761857138274685,0.8145474891006386,0.8461780473577611,0.003676346806628178,0.0004994097315852649,-0.5328873682438767,0.18441575171157648,-0.29496684936938217,0.03705586471033891,0
3.352,20.58287537659246,23.746043121528913,0.8162102507493325,0.837290742741987,-0.002470239808052284,0.002596159467455913,-0.5467461659581003,0.15235409376752512,-0.33093068751051374,0.027132707853356426,0
3.402,20.589944854426616,23.72886676259253,0.8171134204464052,0.8277577275765009,-0.005354189321297074,0.004548557487338076,-0.5610416987344914,0.13135549687204906,-0.35497674218686187,0.008728653788175335,0
3.452,20.596119814770855,23.710328566972386,0.8171640527322016,0.8173097333095936,-0.002710225749993373,0.005964450936438348,-0.5761613314331427,0.11582919534038778,-0.3894123015074657,-0.006017535935265434,0
3.5020000000000002,20.60127314911221,23.689516356377425,0.8162882723116746,0.8064345619736313,0.0037809209434772387,0.005973848640057165,-0.5912810795413994,0.08893938947786695,-0.44175468976877996,-0.03220005876573348,0
3.552,20.604894076043497,23.665919971263264,0.8134475820063392,0.7957455308795901,0.011695875882529362,0.003844487935403287,-0.6055059673405505,0.052867483430479506,-0.49653877332030977,-0.09160090440530824,0
3.602,20.607012813968133,23.64040855054509,0.8064711303545194,0.7873921604845581,0.023237073284218923,-0.004635215221879486,-0.615996865911257,0.04874533551932243,-0.5204664542051537,-0.1881345487456743,0
3.652,20.60849941333934,23.617500339059514,0.8025387794589987,0.7811283989197573,0.03635575897799585,-0.014473709376861328,-0.6231429971740551,0.027789262729955504,-0.4099047448500319,0.013092735514690639,0
3.702,20.61026828993719,23.596968499958017,0.8047456506965927,0.7753546018391151,0.04158775154200275,-0.019290873896309048,-0.629859954682708,0.042124415947930295,-0.417363670979417,0.06084586501142409,0
3.7520000000000002,20.612953189537784,23.57609070310216,0.8078352269605426,0.7690806359713094,0.04163558238598282,-0.024223624959018693,-0.6373340330212953,0.06502282112553849,-0.41496340225423084,0.0580370196532635,0
3.802,20.6167722852696,23.55549567756584,0.8103757905677648,0.7630506934364077,0.03956921559429154,-0.027476079353222983,-0.6445409075356242,0.08641497793082853,-0.4095348985405403,0.04443301430367961,0
3.852,20.621575812080682,23.535115623474468,0.8124970524424943,0.7576890721843901,0.03562786426581042,-0.028390750750565227,-0.6510237249532734,0.10511640380669333,-0.407113812969696,0.041343476096876,0
3.902,20.62733380051756,23.51470662492245,0.814427791499018,0.7530703067218059,0.030191876436708315,-0.026964214351948772,-0.6566936080666073,0.12430393756660209,-0.4087504103313595,0.03327384068763766,0
3.952,20.63401615190801,23.494061115538575,0.8157392622885192,0.749124395906943,0.023667121310631978,-0.023052877415595786,-0.6616049211340462,0.1430823768567088,-0.4159786060096921,0.014023651586363687,0
4.002,20.64163719269013,23.47334472923748,0.8145900254464087,0.7455243068390826,0.01590453310619437,-0.016396767061513058,-0.6660868560245813,0.1566103439668996,-0.40857485083047235,-0.07604570279822792,0
4.0520000000000005,20.648385716339124,23.453748519458316,0.809683387731665,0.7401432496025239,0.0035393916145020007,-0.004915131033364803,-0.6724219540301615,0.12651908372346476,-0.34700794735252327,-0.044570909933298195,0
4.102,20.65374387559642,23.43583841328189,0.8101167960248342,0.7352558232546125,-0.0009014018924132718,0.0013242686551250824,-0.677787804668497,0.07897442540215467,-0.3803503799922687,0.03369011990652809,0
4.152,20.656262697918066,23.416027461641807,0.8121049247883024,0.7299316358956702,-0.007743628393500786,0.005168406775584596,-0.6834567511623365,0.028359167469491315,-0.4086344658012701,0.040808096896694124,0
4.202,20.656776486738185,23.395117132118255,0.8138479220014243,0.7247986221836394,-0.012319739397682045,0.007877308830550213,-0.6888055816465629,-0.0040659262702489474,-0.42618889484999933,0.027531189987050838,0
4.252,20.6560027260731,23.373472814179106,0.8148456515180844,0.7189952462190458,-0.011478251842102874,0.008658783730110609,-0.6948662541190054,-0.025802662859975227,-0.4405495404994956,0.012692802571774069,0
4.3020000000000005,20.65398645211399,23.35087130914502,0.8149772534132489,0.712705180152501,-0.005543572708962017,0.007643117567479244,-0.7014001552175915,-0.05588551131581725,-0.463011721126512,-0.00996802173135283,0
4.352,20.650383428462803,23.3269244889151,0.8134424060768947,0.7063892310690214,0.003552049486103666,0.004527464331441076,-0.707800211387997,-0.08862586623660686,-0.4920082959543276,-0.06199966471924769,0
4.402,20.645532126615773,23.30193376740261,0.8075900745276381,0.7028028328225002,0.015796838445650115,-0.0048659987950029834,-0.7111926322224655,-0.09312962199456463,-0.504967796635315,-0.16897001205853093,0
4.452,20.640796795580954,23.278940470920638,0.8041227527666811,0.7003200252906303,0.02675451690995137,-0.015152029727727296,-0.7131665121112866,-0.0826221735948789,-0.42149478938694196,0.0194008672058316,0
4.502,20.637399506954306,23.257865120617556,0.8064823096112207,0.6985325004914694,0.030773819362324723,-0.01974153070224506,-0.7146436802802653,-0.056519827266334394,-0.4285531857309372,0.06115823662871915,0
4.5520000000000005,20.63529226511507,23.23626287603279,0.8094671848023091,0.6966251040370276,0.03031813392034748,-0.023982318953190064,-0.716393134779093,-0.028277905762151615,-0.4334839584112726,0.05439677809486679,0
4.602,20.634624960247383,23.21453951523705,0.8117787522382849,0.6950243290013352,0.028287210392454645,-0.026335528452330125,-0.7179466942368314,0.0003317203634680397,-0.4355271228534097,0.03907078653780888,0
4.652,20.635303515434845,23.192740175793684,0.813556086133574,0.693954439882452,0.02514277603744196,-0.026154849123784234,-0.7191043040115083,0.02610227432768552,-0.4370724465965647,0.03282225488514459,0
4.702,20.637332878800468,23.17078762130705,0.8149799091744508,0.693287893596749,0.02115700275779121,-0.02346404988915552,-0.7199678577473366,0.05416437357628929,-0.44010500569507355,0.02157817122171811,0
4.752,20.64071683123039,23.14859696578581,0.8155663671168106,0.6928110837431731,0.016459964606085974,-0.018354363157542984,-0.7206975712189247,0.08121628253780143,-0.4464847753412004,-0.0038483171257333703,0
4.8020000000000005,20.64546084257729,23.12639200472166,0.813338873321817,0.6916500193459488,0.010127950450148498,-0.010571008991973566,-0.7220844335168279,0.10119667227067604,-0.4388259637020541,-0.09654230061780945,0
4.852,20.649560480459694,23.105606672507278,0.8086533547507859,0.6883547889309345,-0.001333104629863585,0.0024615669876848593,-0.7253687669564074,0.07631914017009961,-0.36713517149546937,-0.0202596059426268,0
4.902,20.652333709040967,23.086761871101984,0.8094030771596797,0.6861078975337784,-0.006026158298632941,0.009094738941760928,-0.7274179844364033,0.02611400161226469,-0.39171010130889616,0.03400164554663652,0
4.952,20.652338140794534,23.066602584748154,0.8114186511073622,0.6836074621268183,-0.01283470340520009,0.012943322049612238,-0.7296222163060487,-0.021580819964995494,-0.4106372715979271,0.0420453926758987,0
5.002,20.650346239300493,23.04575405333545,0.813257123431662,0.6812365575104091,-0.017407800018057046,0.015039969534548617,-0.7317017975420705,-0.0551335279614849,-0.42270784739200273,0.029771275304735667,0
5.0520000000000005,20.64700282082277,23.024399983508232,0.8144006074268527,0.678234739001628,-0.01711275923549041,0.014762713978917893,-0.7344976885999837,-0.07675136648534836,-0.4323719168575599,0.016406588215583936,0
5.102,20.642517881990447,23.002424526932142,0.8147864671141735,0.6744373351642841,-0.011788230600472833,0.012537863868595891,-0.7381315062544223,-0.10342200355744653,-0.44596730016112246,-0.0032757537634623872,0
5.152,20.636609659985552,22.979592615742593,0.8137318291940799,0.670454902481617,-0.0029648886555705594,0.008693166013698274,-0.7418934303781668,-0.13204468579685272,-0.4655786797284133,-0.0482036721343752,0
5.202,20.629691264253886,22.955994802278383,0.8087693639086311,0.6687343713596072,0.008858868430871478,-0.0004382189349478847,-0.743448497864217,-0.13386681391996766,-0.4803007066401927,-0.1552331823806489,0
5.252,20.623015277975316,22.933572561318943,0.8046626525682391,0.6684798657878223,0.019909530042242087,-0.012825758662470469,-0.7433530652149933,-0.12074075523188219,-0.41021501827258644,0.020623262051767798,0
5.3020000000000005,20.617785747846444,22.91315761529148,0.8071780567464619,0.6683722665745828,0.024183860668085387,-0.01787444883156143,-0.7432187822143025,-0.09336679939485648,-0.4157449443701209,0.06376269415101052,0
5.352,20.6138302745639,22.89207344052553,0.8102572784580437,0.6682491640028232,0.024065307018235862,-0.02221657530064428,-0.7432162132176325,-0.06523175242516056,-0.4253584862734856,0.05529510060247886,0
5.402,20.611318986551165,22.870640147241655,0.8125477236459769,0.6682261463853315,0.022545337567062906,-0.024576556398025962,-0.7432102783981209,-0.03587968659145955,-0.4320170346442727,0.0376413648301,0
5.452,20.61025714814252,22.848904503880537,0.8142186199176237,0.6684955893640389,0.020148921574859504,-0.02448824637770866,-0.7430396986363127,-0.007643119671107908,-0.4376323731072018,0.03026693578960381,0
5.502,20.610648530208746,22.82684812938573,0.8155045353975472,0.6691203493285017,0.017012144313967963,-0.021899982214774755,-0.742636476238097,0.02245370854671222,-0.443549492197478,0.01883434490972011,0
5.5520000000000005,20.61248211319465,22.804449318614616,0.8159521347153513,0.6698700333113972,0.013169633492231487,-0.016882978604224313,-0.742169565704845,0.050704372369173856,-0.4515566852178333,-0.006363710818600932,0
5.602,20.615753923148954,22.781940623563493,0.81366097224255,0.6699257874417394,0.0076648215100975055,-0.009113687015611514,-0.7423325606093039,0.07365447054439059,-0.44570495603777566,-0.09642546040844857,0
5.652,20.618649539638078,22.760806757751546,0.8086369571347952,0.6675850613967934,-0.003245903653441222,0.004206464058216992,-0.7445145771369689,0.05594527156249544,-0.37312520953670963,-0.02839919735131141,0
5.702,20.62043640001699,22.74182970849682,0.8091540672145772,0.6665441975764581,-0.007445864398110268,0.010929928781210534,-0.7453481927511183,0.006672142941119568,-0.3928802085592316,0.030806565762309942,0
5.752,20.619431276969546,22.721698305686598,0.8110855495469107,0.6651761097574976,-0.013858160420704908,0.01480113027803086,-0.7464111607821315,-0.04221292027908231,-0.4092466021958439,0.042077491236125385,0
5.8020000000000005,20.616392200642675,22.70095563359919,0.8129828419257605,0.6639107382880914,-0.018383264711582886,0.0168916951309598,-0.7473949811176867,-0.07583715143414513,-0.42006299318439827,0.03152782569665772,0
5.852,20.611995762085645,22.679773065434226,0.8142078515744076,0.6620217756856367,-0.018362152483073896,0.016507415207809656,-0.7490777697391511,-0.09782168624796929,-0.42797269961080625,0.018193535866317893,0
5.902,20.60648537580573,22.65808921338121,0.8146721064242307,0.6592411683544981,-0.013384014389236506,0.014134510328941518,-0.7516795631937753,-0.12301186384070631,-0.43861947516350636,-0.0017833446745108852,0
5.952,20.599631628093334,22.63572217470426,0.81375187934118,0.6562076532629177,-0.004745213531021205,0.010192976054312845,-0.7544965884527736,-0.15049405687641007,-0.4546088488514209,-0.04377951639017769,0
6.002,20.591790337220022,22.612731062341368,0.8091114666831197,0.6552616371017963,0.006882245230953439,0.0013222037482209588,-0.7553694946319328,-0.15269443711880107,-0.4673552656376085,-0.14644318607289725,0
6.0520000000000005,20.58427122537271,22.590737159816648,0.8048310205406068,0.6556170663228148,0.01796184150263111,-0.011389890127924135,-0.7547939487032025,-0.1373412616946123,-0.40303884424029085,0.01852058386925779,0
6.102,20.578246464898637,22.570662469085644,0.8072965234228204,0.6561064916426983,0.02213950733359491,-0.016595696690065758,-0.7541609222776711,-0.1087694570896756,-0.4092819783242732,0.06309577578718198,0
6.152,20.573537699643264,22.54984809154041,0.8103775642189027,0.6567227789087782,0.02197070133985428,-0.021072607736048327,-0.753517368843061,-0.07999528304053054,-0.4207794299009834,0.055778077499729156,0
6.202,20.57030287616218,22.528600837006188,0.8126963419502541,0.6573664688346587,0.02049579720926207,-0.023540822139742693,-0.7529243505436611,-0.050237298314930276,-0.42911315629539865,0.03811403748929301,0
6.252,20.568537064568577,22.506972850050108,0.8143776015904458,0.6582908338774814,0.018226248469395225,-0.023529430164501465,-0.7521750779012534,-0.021379850767710394,-0.4362483837812249,0.030300629478771556,0
6.3020000000000005,20.56827373906956,22.48495171688584,0.8156542734687949,0.6596085299735017,0.015319833532643507,-0.021041480956768423,-0.7511585358403875,0.009906597153867347,-0.44338352356633265,0.01844706633648129,0
6.352,20.569499319560343,22.462546331295446,0.8160748063543893,0.6609971081859833,0.011773158483963694,-0.016089874883367813,-0.7501235442480911,0.038848706010290626,-0.451999997779794,-0.0069248499192834136,0
6.402,20.572206351892955,22.439990009081814,0.8137658824512207,0.6615896450872993,0.006572499349884744,-0.00833803379597535,-0.7497909181618406,0.06320364310102541,-0.44700797898543343,-0.09701183688619172,0
6.452,20.574613180823484,22.418837744902063,0.8087820186094001,0.6597979724158426,-0.0038665274591283107,0.00498207253706221,-0.7514165718924393,0.04548981706608048,-0.37122680491221755,-0.027481621242737543,0
6.502,20.575899091989896,22.3999841755054,0.8092374374002773,0.6592640262009022,-0.00780397603038952,0.011726771418070476,-0.7517795717812505,-0.002879106222031692,-0.3903039560232404,0.029438757394706333,0
6.5520000000000005,20.57442674532104,22.37998376747127,0.8111120812282626,0.6583670500444716,-0.014091079233780007,0.015416567409475545,-0.7524072024848485,-0.051436143126316024,-0.4063805208354828,0.041169899732951105,0
6.602,20.570924060613574,22.359394919031686,0.812982136522534,0.6575248846996309,-0.018551623331532742,0.017356428062895366,-0.7530043941952791,-0.08523740644980056,-0.4168694907861469,0.03129785579124063,0
6.652,20.566052311687343,22.338372449764563,0.8142056921500711,0.6560378052216349,-0.018529700986618432,0.016847625716954875,-0.7543124059758181,-0.10744992336766267,-0.42473132086984633,0.018225234472549985,0
6.702,20.560069810261382,22.316859946227975,0.8146737884891635,0.6536196229593593,-0.013580858629595696,0.014353142524798131,-0.7565652226087386,-0.132278089209394,-0.43493843332235493,-0.0017199038694492058,0
6.752,20.552759365324768,22.294697460174188,0.8137557138241208,0.650934856896841,-0.004956550593928908,0.010290963355033607,-0.7590476538110925,-0.1594944489082474,-0.4501170094988443,-0.043788406250076115,0
6.8020000000000005,20.544482516345134,22.271943059925658,0.809097993203698,0.6503526964149114,0.006662361003597177,0.0012943504126404787,-0.7596020720539934,-0.1612041839569768,-0.46255060117918545,-0.14748227460848315,0
6.852,20.536559414387387,22.250196274132307,0.8048111638227161,0.6509453717872304,0.017609679660074064,-0.011422766849176359,-0.7588343314113843,-0.14486086888503585,-0.398778936726777,0.01890424101209165,0
6.902,20.530182455131023,22.23030480851355,0.8073067269835281,0.651710428252197,0.0216813785465538,-0.01662700837713047,-0.7579755788441243,-0.11541127741252634,-0.4059733340596824,0.06383888645770555,0
6.952,20.525153353995748,22.20963673388782,0.8104225216423968,0.6526328057768118,0.02145204478852243,-0.02110749812328478,-0.7570764189441191,-0.08619616473715697,-0.4181699901416241,0.05637048883843246,0
7.002,20.521616008768287,22.188503357069504,0.8127646738557757,0.6535548930363805,0.01996343399480732,-0.0235712801580284,-0.7562485423741664,-0.05620167641904343,-0.42712605097155615,0.03846384163031348,0
7.0520000000000005,20.519550350781493,22.166958333241762,0.8144564853391053,0.6547583699513019,0.017707642134426983,-0.02352850151970864,-0.7552644080088711,-0.027273491949487444,-0.43491124028634526,0.030413595487342612,0
7.102,20.519003060852796,22.144989297185624,0.8157342442349844,0.6563567398178257,0.01485851800193324,-0.021019594407865272,-0.75401142643161,0.0044612556454005645,-0.44260144663593487,0.018423253147416767,0
7.152,20.519963709127538,22.122612916260387,0.816155354226744,0.6579967558890757,0.01139815730023599,-0.01605591382581843,-0.7527632821019038,0.0336769563889248,-0.4516311981684759,-0.006807320649861935,0
7.202,20.522425087285182,22.100065700313028,0.8138641300346112,0.658804208591874,0.006309354422618701,-0.008296566793791284,-0.7522422307793152,0.05873484218212537,-0.4469675607060804,-0.09651968300382238,0
7.252,20.524608892666144,22.078840846399462,0.8086669718590644,0.6569572844004782,-0.004293495080638524,0.0051873231969666,-0.7538977278458875,0.04215969992035594,-0.37251049959671245,-0.033229165903901466,0
7.3020000000000005,20.525780634901746,22.05996714706724,0.8090599193925043,0.6565907534475148,-0.008014528135272788,0.011924967625396396,-0.7541101676632708,-0.00524331181565294,-0.3906434144487645,0.029456982047613548,0
7.352,20.524150235268955,22.039973062572425,0.8109692564689385,0.6558531397902285,-0.014154684378874679,0.01566714027420301,-0.7545931649922767,-0.05503699753885235,-0.4062590852676399,0.04232109131331661,0
7.402,20.520462010322895,22.019399500063347,0.8128931363838778,0.655206335577887,-0.01863180977448544,0.01769743135475395,-0.7550127908893781,-0.08880673348176421,-0.41632739458034784,0.03210357084351429,0
7.452,20.515423228848647,21.998425455939124,0.8141341994167416,0.6539078747546346,-0.018684735148194822,0.017253190936183847,-0.7561466123767518,-0.11052516148912535,-0.4233797323517259,0.01836333853446238,0
7.502,20.509294081211863,21.977000267599504,0.8145940546030507,0.6516678558250891,-0.013810272867703274,0.01478912057817595,-0.7582345045961532,-0.1349949022880314,-0.4328631589679428,-0.002019092294741649,0
7.5520000000000005,20.50185610137652,21.954962105927,0.8136661923525799,0.6491499928388906,-0.005220739523444015,0.010751190640065434,-0.7605665273833165,-0.16190982695614226,-0.4472715511025691,-0.04372517432322496,0
7.602,20.493464145811842,21.93235801732546,0.8090688552589306,0.6487021593525161,0.006397334174381443,0.0018027700975309854,-0.7610133590068043,-0.16361388629456258,-0.45957195424271435,-0.14515120059013542,0
7.652,20.485435116921842,21.91070124559872,0.8048019436113516,0.6494512122426315,0.01730557572895023,-0.010976646106887832,-0.7601270638554513,-0.1467944463937843,-0.39769343258798456,0.01765529059732396,0
7.702,20.478956399958662,21.890871484370425,0.8072354510537576,0.6503293319767909,0.02134604244839192,-0.01625282810164102,-0.7591784717845401,-0.11740277970260368,-0.4047252773509407,0.06289625553160771,0
7.752,20.473840136921556,21.870262071116002,0.8103308179153882,0.6513985934613843,0.021104831272758102,-0.020771452881840815,-0.758157638805186,-0.08772623440861992,-0.4171442296064451,0.05639624664984976,0
7.8020000000000005,20.470231590621637,21.849172705283568,0.8126864289956798,0.6524630447268295,0.019615105500669444,-0.023263556412389783,-0.7572093698872449,-0.057528736877010836,-0.42638789937621807,0.03885528414250036,0
7.852,20.468101112995456,21.827655790134614,0.8143957883726073,0.6538070938379957,0.017360168192541277,-0.02323476203283005,-0.7561051874182053,-0.02843325057730493,-0.43449735459119004,0.03069352047074436,0
7.902,20.4675040459136,21.80569987417129,0.8156838140416909,0.6555510155080346,0.014539354132163463,-0.020749162297600612,-0.7547257419167256,0.0036205566815762035,-0.4424548409442641,0.018542719994809564,0
7.952,20.4684288274494,21.7833273852335,0.8161058843049259,0.6573170121695749,0.011124651959677776,-0.015800785443207798,-0.7533663934704125,0.033077819236402455,-0.4516072380605272,-0.006888570067398892,0
8.002,20.4708657882331,21.76077741906154,0.8138049848126313,0.6582156538715066,0.006072310882323622,-0.008040657286755891,-0.7527619994855274,0.058332676507764136,-0.44709863330376703,-0.0968436047037412,0
8.052,20.473056325525725,21.739610596610373,0.8088086828792312,0.6566161192455392,-0.004219573873933423,0.0053057014128272285,-0.7541944819976921,0.04127324996728895,-0.3710315931401543,-0.028303191752857136,0
8.102,20.474145498896416,21.72080626361258,0.8092154090276198,0.6563300934205883,-0.00804025304770762,0.012113114159009205,-0.7543337691412333,-0.00656345543567448,-0.38907460339033983,0.028554776431064053,0
8.152000000000001,20.47248861499206,21.70087573140644,0.8110654340849002,0.6556796475303287,-0.01425054042296869,0.015794440447108083,-0.7547394633667436,-0.05511310734292531,-0.40490178953901973,0.04103063267715133,0
8.202,20.468803216101684,21.680367435482456,0.8129398460375249,0.6550800786262053,-0.01870988737129194,0.01771411024062114,-0.7551200176131079,-0.08883130095290868,-0.4151358183361615,0.031492874920709846,0
8.252,20.463755685241615,21.659439366248346,0.8141721986576771,0.6538280444648508,-0.018733463087284248,0.017174278611941433,-0.7562162321625905,-0.11088663521344211,-0.4227106805269124,0.018456164979193987,0
8.302,20.45760725398623,21.638037477085092,0.8146494049543841,0.6516304658116839,-0.013845264893772672,0.014639275780204665,-0.7582689076249264,-0.1354223298164912,-0.43252324247834534,-0.0015585665194345463,0
8.352,20.45014785431705,21.6160101452003,0.8137474413961683,0.6491592080726385,-0.005255958474503522,0.010546590043882934,-0.7605612841273641,-0.16233881036066336,-0.4471718571815307,-0.04321951296663605,0
8.402000000000001,20.441733460346033,21.59341241922301,0.809142645082046,0.6487510986613048,0.006345546161798891,0.0015715468281055352,-0.7609725857547206,-0.16401249145621005,-0.45924193943538766,-0.14610052998656367,0
8.452,20.43368381937792,21.57179294144648,0.8048702064344472,0.6495366355008431,0.017246714820134804,-0.01116149699350883,-0.7600527159052989,-0.14722938242807004,-0.3968862984145995,0.018121159801337015,0
8.502,20.42719143292787,21.551999457687646,0.8073207295054073,0.6504800200559078,0.021282541913629716,-0.016409345942667287,-0.7590477786565837,-0.11760522068891245,-0.40407743667484625,0.06305148479475864,0
8.552,20.42206365339811,21.531418014293436,0.8104154083877374,0.6516145246570111,0.021043298105392075,-0.020910998823965285,-0.7579699340930675,-0.08793304846276831,-0.4166663477946652,0.05627053041501572,0
8.602,20.418443425460016,21.51035051395867,0.812762241730195,0.6527343669436468,0.0195643897870017,-0.023389964583742616,-0.7569729126063302,-0.05779308581137317,-0.42597642329348834,0.038655978689600946,0
8.652000000000001,20.416298899301758,21.488852180290174,0.8144618599843563,0.6541423846605625,0.017322044562905984,-0.02334423799920415,-0.755812631486793,-0.02871309655479387,-0.4341542557755523,0.030506515935208256,0
8.702,20.415688792972173,21.466912659511337,0.8157412603789875,0.655945872943093,0.014515544052478874,-0.020845346690984222,-0.7543803962664437,0.003385019197684273,-0.4421364390205467,0.01839683805465763,0
8.752,20.41660329492334,21.444556530975373,0.8161590353940904,0.6577608222819818,0.01111800831384469,-0.015890502693133007,-0.7529771460583797,0.032891276961912824,-0.4513024705840422,-0.006885271759771187,0
8.802,20.419033440952106,21.422022868752194,0.8138657750188611,0.65869662458261,0.006087709737237652,-0.00813400719773768,-0.7523400391316002,0.058304757957095846,-0.4467704060169588,-0.09654433228347097,0
8.852,20.421202385582273,21.400800321568347,0.8086628652665246,0.6569183730021076,-0.00448063030847242,0.00534628790861175,-0.753929434609036,0.04171483436190119,-0.37227722150672066,-0.03347338894503755,0
8.902000000000001,20.42235717327848,21.38195352998325,0.8090405939464724,0.6566516033490086,-0.008165091879728434,0.012105559154125863,-0.7540526894928079,-0.0054244040584722234,-0.3900567864577708,0.029158113017631198,0
8.952,20.420719323745576,21.36198746695797,0.8109438516371604,0.6560031347176372,-0.014278789263768686,0.015833574203536597,-0.7544569579145879,-0.05515690668646644,-0.40573438854651184,0.04234856681897827,0
9.002,20.417026843340526,21.34144010621594,0.8128740770926884,0.6554400038230236,-0.018761631463075266,0.017842826635550507,-0.7548033095522114,-0.08884925013700783,-0.41578878290076593,0.03226950596683857,0
9.052,20.41198847824822,21.32049406056992,0.8141228772098028,0.6542247796689298,-0.018835922409111167,0.01737912883061306,-0.7558658026232081,-0.11049581629027694,-0.42279910982681257,0.01851538717282023,0
9.102,20.405864799576236,21.29909947120189,0.814590938860721,0.6520723778548723,-0.0139873585946381,0.014901467771463388,-0.7578812005166069,-0.13479736557842692,-0.4322139667319261,-0.0018426897510029354,0
9.152000000000001,20.39844141668615,21.277097059731055,0.8136766731138987,0.649646939465179,-0.005409376131675143,0.0108629356285932,-0.7601391907558249,-0.16154498261428826,-0.4465082176151492,-0.04331793271210342,0
9.202,20.390069125253106,21.2545340377919,0.8091049345562908,0.6492871500193724,0.006206837820815037,0.001954601260487143,-0.7605155169474849,-0.16319884943664023,-0.458651900038861,-0.14456577525689782,0
9.252,20.382064997055934,21.232907319571616,0.8048317075768061,0.6501416628607617,0.01713073985917766,-0.01082100720555279,-0.759542797851167,-0.14624804294020144,-0.3971778259742308,0.0170776820659376,0
9.302,20.3756095984527,21.21310780619106,0.8072353154649486,0.6511156087247757,0.021166294824599773,-0.016111688852343615,-0.7585122711734389,-0.11691985040942272,-0.40412391613314197,0.06240941465313098,0
9.352,20.37052166104294,21.19252587255418,0.8103180188952783,0.6523110140884482,0.020923530245644018,-0.020636808489522575,-0.7573814553554419,-0.08702332449265994,-0.4166959792794557,0.05634535046376093,0
9.402000000000001,20.366950824327226,21.171455507565295,0.812676923872945,0.6534956377869956,0.01944045819763724,-0.02313926137458433,-0.7563267115218615,-0.05674156651189386,-0.4260634658201201,0.038979173305428216,0
9.452,20.36486140939041,21.149950238573332,0.8143925568063282,0.6549740844554885,0.017193454001246278,-0.023118808424582506,-0.7551018835417049,-0.027542460264441234,-0.43432644645361834,0.030788831080994446,0
9.502,20.36431382512603,21.12800113162485,0.8156828677381325,0.6568456222794768,0.014393241547636524,-0.020646372073051717,-0.7536049299269871,0.004695257752288888,-0.4423237719427823,0.018533535161030974,0
9.552,20.365297913929034,21.105637060242188,0.8161024176630478,0.658713907781586,0.01101190043305841,-0.015709390971181073,-0.75214888205679,0.034364829328923936,-0.45140399930709896,-0.006959525856748375,0
9.602,20.367803749704702,21.083099444646937,0.8138006607552993,0.6596789610036765,0.0059895739067736,-0.007959618294554719,-0.7514814953743898,0.05978307897441483,-0.4468540284739849,-0.09674772004213421,0
9.652000000000001,20.370045518608936,21.061928303355323,0.8087573324588511,0.6580861807884422,-0.00437810533874227,0.005427783381704155,-0.7529103200358499,0.04189611657780587,-0.37040538642835424,-0.029566124566178725,0
9.702,20.371192672714734,21.043152318803024,0.8091577837160088,0.6578545874972379,-0.008131462804737881,0.012211182291298469,-0.7530020637744242,-0.0052282627089430414,-0.38884679251452675,0.028781686678979998,0
9.752,20.369595291304808,21.023226574227838,0.811026409227612,0.6572250524045945,-0.014325776340080143,0.01582678967136419,-0.7533920064300724,-0.053997962627920996,-0.4049238279565482,0.041448491239561056,0
9.802,20.365964723116427,21.002714872704082,0.8129197381987833,0.6566400382264449,-0.018799757902673138,0.01771454059687125,-0.7537616495631858,-0.08770460983797443,-0.4152361296122902,0.031814504469783164,0
9.852,20.360974669539598,20.981780398132123,0.8141657600906835,0.6554065448290055,-0.018834467964339352,0.01716375032869389,-0.754846295272394,-0.10969878253110589,-0.4228676169042036,0.018688274511777327,0
9.902000000000001,20.354888762199355,20.960368794411373,0.8146524192772079,0.6532385805470649,-0.013948062466249944,0.014628429615665947,-0.7568823009459739,-0.13411525424062262,-0.43275561852125144,-0.001408374368654269,0
9.952,20.347498206566467,20.938327681772943,0.8137565805857175,0.6508104472091562,-0.0053493754299381475,0.010543568224092848,-0.75914819314481,-0.16090282611364576,-0.44749099491684563,-0.043124013426962114,0
10.002,20.339158635316235,20.915713835606383,0.8091517583339031,0.6504585324098894,0.006278590784951741,0.0015869737356799664,-0.759514159464648,-0.1624412458279439,-0.4595090485617106,-0.14623884152792221,0
10.052,20.33118370026886,20.894083770231358,0.8048769835103292,0.6513044590323575,0.017209837355699673,-0.011113561753510963,-0.7585399210904523,-0.1458654226299514,-0.3970928417749564,0.018111846039887247,0
10.102,20.324762581788235,20.874281399246435,0.8073285625267241,0.6523410620527447,0.02125464618412391,-0.016350692192875337,-0.7574510107197029,-0.11608342634463709,-0.40423994811899866,0.06309112751839718,0
10.152000000000001,20.319715397479406,20.853692817359565,0.8104263219840488,0.653587517552007,0.021019937070640555,-0.02085473706458339,-0.7562715114875866,-0.08619893288825584,-0.4167949012981339,0.05634464855231234,0
10.202,20.316184302352806,20.832621490685987,0.8127768353665531,0.6548168406139715,0.019545912924949352,-0.02333948935832246,-0.7551742386845307,-0.05597902460002528,-0.4259989916419663,0.03872184080993582,0
10.252,20.314131981794535,20.81112315482572,0.8144787611677671,0.656352216858592,0.017303217444099347,-0.0232930970308007,-0.7538964104713645,-0.026801279915386528,-0.43412060984788303,0.03052116547007317,0
10.302,20.313622282708543,20.789188014403422,0.8157573210776653,0.6582768909262166,0.014501345588967204,-0.020797388059752783,-0.7523487984296348,0.005477780743776403,-0.441986104436273,0.01835483418073264,0
10.352,20.31464740684054,20.7668433469941,0.816173297974669,0.6601852873612399,0.011114310090502972,-0.01585073408363109,-0.7508532564302958,0.03521322391140134,-0.4510147778134158,-0.006888537853296604,0
10.402000000000001,20.317199126888113,20.744329080545743,0.8138849426939616,0.6611734627225772,0.0060919346210940705,-0.008111875430957493,-0.7501644739662109,0.06084294904889729,-0.4463485731670538,-0.09630616994005345,0
10.452,20.31948644215727,20.723111964910547,0.8086712492899739,0.6593887866146779,-0.0045267036024495035,0.005350572557813402,-0.7517694516370172,0.04361739252198268,-0.3718821898434238,-0.034181454912816475,0
10.502,20.32074910804476,20.704292606912443,0.809028048230012,0.6591396957133167,-0.008203773900066,0.012121763784956293,-0.7518780635658255,-0.003075222068072465,-0.38975150866232183,0.028930548087259835,0
10.552,20.319230259149123,20.684331826410865,0.8109269935791149,0.6584886343883655,-0.014324907549347104,0.01581241915259095,-0.7522881647384813,-0.052726652171078824,-0.4058049658210206,0.04236170609026945,0
10.602,20.315661107333312,20.663776346789135,0.8128605501040949,0.657912963341539,-0.018826638634840295,0.017793208618717672,-0.7526483189856457,-0.08634012470698872,-0.4160157978791799,0.03236735816818351,0
10.652000000000001,20.310750095707885,20.642816203903728,0.8141166461930489,0.6566900553716328,-0.01891048980173825,0.017322877476428234,-0.7537244075040931,-0.1079179958158561,-0.4231329036483787,0.01871656686546907,0
10.702,20.304756818520943,20.62140106493075,0.8145940742190814,0.654548381615403,-0.014064507936947314,0.014859163626048664,-0.7557432176324714,-0.13215765198007903,-0.43270569201923514,-0.0016684690340134664,0
10.752,20.297468255832342,20.599368854353045,0.8136889160037938,0.6521544816858836,-0.005484495200213651,0.010849083701554983,-0.7579886210968158,-0.15880550043260233,-0.44720281186129957,-0.0431263077764051,0
10.802,20.289234446067443,20.5767697600508,0.8091233436710996,0.651844485146197,0.006149794854095395,0.001988293299141044,-0.7583251241370674,-0.16036152870006484,-0.4593059933802842,-0.1445224149641026,0
10.852,20.281366097105217,20.55511225932909,0.8048509039662288,0.6527729187030337,0.01711682064455798,-0.010740609260233798,-0.7572840750812498,-0.14375807053458312,-0.3977092224794684,0.01702818978204294,0
10.902000000000001,20.275035676904395,20.535291359699748,0.8072507679112164,0.6538644030667968,0.02116985095096788,-0.016017627942694738,-0.7561458955835871,-0.11435096461290761,-0.40450199191761915,0.062314857424255556,0
10.952,20.27008021966058,20.514693277000227,0.8103309587911891,0.6552044677621567,0.020934885813037714,-0.02054601094117922,-0.754881909582492,-0.0842550405356926,-0.41698014022602503,0.05633722110647568,0
11.002,20.26665158871284,20.493612727066388,0.8126907274249632,0.6565353261498834,0.019457735804411926,-0.023058578785268843,-0.7536916239278741,-0.053853022741206395,-0.42618125653298194,0.03900835217386647,0
11.052,20.264709450690965,20.47210402829117,0.8144080685625046,0.6581852660656504,0.017211127855465105,-0.023044964510154427,-0.7523063619448916,-0.024514824050872613,-0.434329611728836,0.030806126557886705,0
11.102,20.264318419561402,20.450159541726226,0.815697693627996,0.6602179726768669,0.014415695694398918,-0.02058111756263486,-0.750653604448795,0.007915475277958776,-0.4421274055250012,0.018488630067861597,0
11.152000000000001,20.265471239904382,20.427811152605063,0.8161153156746971,0.6622065905268955,0.011045321446397506,-0.015657852266062408,-0.7490762738194987,0.03788331966442318,-0.45100415680116024,-0.006957113650916183,0
11.202,20.26816000041115,20.405301219860995,0.8138202518716854,0.6632310292169421,0.006028219588219955,-0.007933896677232197,-0.7483483919512001,0.06356234214929556,-0.44624684246883395,-0.0964132868787285,0
11.252,20.27058334076745,20.384144063146127,0.8087828807103907,0.6616275562848294,-0.004388477842278999,0.005412894887689718,-0.7498002524644338,0.04486668164739408,-0.3700228429969761,-0.02996425087864139,0
11.302,20.271887104546114,20.36539451715923,0.809157476329243,0.6613848629291558,-0.008173695789686379,0.012223736976493428,-0.749902549695392,-0.001828541314995278,-0.3885337826243065,0.02834700302756206,0
11.352,20.270466012569873,20.3454724691637,0.8110128610813093,0.6607298044295061,-0.014389541314876556,0.015807468329091082,-0.7503193923818836,-0.05035720165061899,-0.4050562005344316,0.0413319850225672,0
11.402000000000001,20.267021080245083,20.32494853376787,0.8129057960665063,0.6601062398753883,-0.01888812142753287,0.017660134556393085,-0.7507270546569949,-0.08392114990624383,-0.4155587309391371,0.03188171797194262,0
11.452,20.26222297623383,20.303994409237742,0.8141602461861779,0.6588404020045158,-0.018934566128132307,0.01709651490904738,-0.7518500622265278,-0.10581344603177159,-0.4233393896259958,0.019012117050395856,0
11.502,20.25633087447778,20.28255396775726,0.8146630819414401,0.6566679781278625,-0.01405327055391679,0.0145775777485159,-0.7539079296009491,-0.13022504149482692,-0.4334453804975635,-0.0010939491124495537,0
11.552,20.249137748219734,20.26047061136328,0.8137839971447072,0.6542731243353027,-0.005456482975657274,0.010532940385796335,-0.756165301196032,-0.15691094029372496,-0.44849307859143267,-0.04274936816840882,0
11.602,20.240998455827917,20.2378045538946,0.8091929815059781,0.6539844362620375,0.006187746124777891,0.001648252239810835,-0.7564809000823972,-0.15835712315549194,-0.46043747915661465,-0.14606300795748345,0
11.652000000000001,20.23321997319055,20.21612948194191,0.804919303939153,0.6549385655132787,0.017183916950059337,-0.010990594846149376,-0.7554067746761279,-0.1422761828346489,-0.39784451936708287,0.017971312017346475,0
11.702,20.226976968544328,20.196298796603774,0.8073599386414949,0.6561626376489007,0.021258605357029066,-0.016211236791350087,-0.7541457819636778,-0.11246540587794335,-0.40473640563444613,0.06281913761190776,0
11.752,20.222116700144895,20.1756888952468,0.8104486753946939,0.6576382662554412,0.02103888269855257,-0.020723232354207775,-0.7527548231742712,-0.08235150289847638,-0.41716283523169995,0.05625949617627942,0
11.802,20.218784028293978,20.154603810545517,0.8127981222245539,0.6591185780851995,0.01957242171599952,-0.023223046671258317,-0.7514255188868827,-0.05194914705525716,-0.42617504224038893,0.03874121464850795,0
11.852,20.21693752515099,20.1331000193911,0.814501518784325,0.6609449349422969,0.01733013155946103,-0.023187437213339622,-0.7498758579056486,-0.022562359616624512,-0.43414037969371155,0.0305274015536967,0
11.902000000000001,20.216647302987006,20.111170767594285,0.8157781155162611,0.6631464838502399,0.01453981347719998,-0.020702807647791668,-0.7480619817479102,0.010003991733223788,-0.4417159703042839,0.018269012822721663,0
11.952,20.21791064814278,20.08884753908207,0.816190244053488,0.6652643029223353,0.011178055955087916,-0.01577426079330869,-0.7463575758433416,0.04020638980249542,-0.4504450441542005,-0.006907199839510375,0
12.002,20.220723727198397,20.06637235523081,0.8139125306019722,0.666355836113455,0.0061745053920286355,-0.008071248554408637,-0.7455646384502653,0.06626808046578336,-0.44550329781288545,-0.09571585053010528,0
12.052,20.223302361888205,20.045235188472432,0.8086589572246067,0.6646061327329849,-0.004542805314686669,0.005354122956380757,-0.7471608826892279,0.049205660164387516,-0.3707206779017027,-0.03398256605061132,0
12.102,20.224829645475342,20.026488992859726,0.8089793090712731,0.6643289659371878,-0.008469041743634397,0.012150402749272335,-0.7472935621707183,0.002927852847974068,-0.38841592311583323,0.02789547046029107,0
12.152000000000001,20.223639940651704,20.006590793124268,0.8108296085085539,0.6635876079647272,-0.014671014135585699,0.0157808024367858,-0.7477882147870054,-0.0457483059665137,-0.4048117868123551,0.04191134594003719,0
12.202,20.220419466115935,19.986065630766074,0.8127841545012935,0.6629066696461059,-0.019221884845990824,0.01766003564612455,-0.7482468774559995,-0.07944995836519969,-0.4158616604920973,0.033600232629084174,0
12.252,20.215841094772316,19.965086565847823,0.814137669029273,0.661635394262291,-0.019394549120639277,0.01710049408158262,-0.749379763288251,-0.10145880918737407,-0.42395833903985275,0.021163559525533386,0
12.302,20.21017592674384,19.943616021901374,0.8147470238382641,0.6594856495013262,-0.014650036801087412,0.014601186827675253,-0.75143253846687,-0.12545278145774724,-0.43397070410015887,0.0009124788784927889,0
12.352,20.203234823852174,19.921509536122535,0.8139870147078403,0.6571438651071709,-0.006143261471417493,0.010626736196619179,-0.7536652263228736,-0.1517398710531502,-0.4489025878205879,-0.03977747097024432,0
12.402000000000001,20.19533342499661,19.898862288468212,0.8095564698908975,0.656908040551371,0.005458946274166075,0.0021049491907730636,-0.7539480057360961,-0.15405247786341852,-0.45879969767982204,-0.1423816921313967,0
12.452,20.18778421073576,19.877268853583242,0.8048638550167262,0.6582856120736404,0.017069700385236232,-0.010615313708220596,-0.7524998294886631,-0.1397439452973233,-0.39326268750427856,0.010904802621046521,0
12.502,20.181649884486212,19.857801871078678,0.807131718550709,0.6597224149267867,0.02158164440001652,-0.015518957314907132,-0.7510391000687099,-0.10976031225860651,-0.3948295895265881,0.06062561122714817,0
12.552,20.176942832967732,19.837888866363304,0.8101086783615719,0.6613912111895809,0.021943378559850898,-0.01958281405039353,-0.7494642535120838,-0.07897503654598448,-0.39939860879539957,0.0536445140561219,0
12.602,20.173797977375887,19.817926217057305,0.8122971333546533,0.6630698263530068,0.02119074932470793,-0.021560167698216226,-0.7479468675595042,-0.04790603605150134,-0.39891794957531185,0.03502769373546093,0
12.652000000000001,20.172181042437376,19.79812625505558,0.8137964640102118,0.6650943922869562,0.019735141841703108,-0.02090276073945007,-0.7462057679476896,-0.017439327523555863,-0.39350545461539715,0.026534948314309317,0
12.702,20.172178942832993,19.778571998803386,0.8149487635739666,0.6674188926391713,0.017680612802014495,-0.017812447903001894,-0.744259453671198,0.01619783300902357,-0.38803656148070836,0.017735014758560572,0
12.752,20.1737825242391,19.759215095581975,0.8154794784969321,0.6694812244962316,0.014911137708547406,-0.012288058585809244,-0.7425776401397052,0.04747445764177332,-0.38633934813196547,-0.0012682066750248366,0
12.802,20.176990000210633,19.74008851069223,0.8136894135550352,0.6704199150932411,0.01036132434487096,-0.004117075121369183,-0.7418981264948948,0.07557048991086096,-0.3766139222418002,-0.0845571009961486,0
12.852,20.180093917054236,19.722515908145596,0.8094078780532952,0.6693092655801738,0.0012371969440129781,0.008519994319336088,-0.7429340388278415,0.05161472735732925,-0.29526346565114325,-0.01788814226891878,0
12.902000000000001,20.181561912900413,19.70784730580746,0.8100460824612604,0.6690588267451775,-0.002446927507843902,0.01563442792309391,-0.7430409568547726,0.0012114794478490349,-0.30412797605916697,0.03505932997106402,0
12.952,20.18038309336611,19.692425397169348,0.8121965042385998,0.6685396079952575,-0.008562303864901559,0.019130705189511196,-0.7433811240629025,-0.04403388767675641,-0.308766674184736,0.0453574325439851,0
13.002,20.17733447240982,19.677180335902282,0.8141721297459474,0.668199250556167,-0.012536204157854195,0.02118116366335894,-0.7435751229347008,-0.07473746436723705,-0.3002041083862868,0.03175291918705024,0
13.052,20.173057123821362,19.662524275936253,0.8153573425157626,0.6675694514641811,-0.011918318364801879,0.021116203733387507,-0.7441525966487376,-0.09529511759824155,-0.28768752415346494,0.017150863630156263,0
13.102,20.167640216371566,19.648311260730097,0.8158924901152402,0.6666149461547047,-0.006639602482967981,0.018902713563035654,-0.7451329523393687,-0.12170166097686402,-0.28156573618928576,0.0030206765416981203,0
13.152000000000001,20.160836731407976,19.63413834157655,0.81540512141877,0.6656760580686667,0.002145768650619929,0.014407059178028519,-0.7460986650818388,-0.14892700789679253,-0.2866952148847626,-0.03013773835069514,0
13.202,20.15309820173589,19.61957798008444,0.8109630663143728,0.6666792352404329,0.013524057084986222,0.004418029213673971,-0.7452089493538445,-0.15141419681259455,-0.2905967870549482,-0.1632486720538724,0
13.252,20.14624413916451,19.60691091600777,0.8078298025001903,0.6598956807674543,0.023602248436825398,-0.005076831672812932,-0.750969273774467,-0.11418893414138007,-0.2199700239395734,0.03156701976528567,0
13.302,20.14190246619991,19.596434130071692,0.810109737880821,0.648604598064782,0.028812609504608122,-0.008681110373023899,-0.760530438066385,-0.06767725551586298,-0.20576862885290145,0.04683365458627254,0
13.352,20.13925552469624,19.586311308572352,0.8121060548978797,0.6365531255562705,0.031094498395060014,-0.01176594707506843,-0.770515939486997,-0.03839134211708789,-0.20022001724020097,0.03523019569910531,0
13.402000000000001,20.13811619368614,19.576369121113146,0.813788111433351,0.6242348953813482,0.03112527191610046,-0.013640940416054546,-0.780497237394824,-0.008309802332758253,-0.19748192128892011,0.03326280087687195,0
13.452,20.138436424059613,19.566495557517147,0.8156163126216596,0.6118899754730133,0.028781585283413288,-0.013684030632314536,-0.7903005919078282,0.019087279590470553,-0.19833587344455797,0.03941932954694194,0
13.502,20.14000840345927,19.556529751960625,0.81757423301652,0.5996075535929615,0.02407015420127007,-0.011421759760516195,-0.7998505815181762,0.042289798635716774,-0.1995198301546395,0.03544137806161032,0
13.552,20.142539238143044,19.54622601474887,0.8190098595073216,0.5875041158181717,0.017074650260792208,-0.006222714028281753,-0.8090170876102081,0.05692723017722006,-0.2126319920241296,0.015467149490951996,0
13.602,20.14528941583722,19.535541334196427,0.8176407146397466,0.5764602256838799,0.006807183271480827,0.0035949458082000876,-0.8170889467035,0.05149414630984756,-0.2108955317905963,-0.06051835511442771,0
13.652000000000001,20.148169478547818,19.525236979753693,0.8176820709165032,0.5663776898476677,0.002119931025860164,0.010262285301711676,-0.8240791854158496,0.04836372404390457,-0.19295709306499575,0.04370965352237355,0
13.702,20.14847032728,19.515601193379418,0.8196718379506708,0.5539013116983782,-0.0006985618886353753,0.015112044311029197,-0.8324448780711219,-0.025362220221098672,-0.19458232865934844,0.0324911691112832,0
13.752,20.146132609455364,19.50589738964804,0.8207548424096294,0.5402742163628014,-0.00361087923513699,0.019920270807543345,-0.8412454549628571,-0.0645890418691399,-0.19491641473292648,0.011991664304419489,0
13.802,20.14200379584918,19.496060832097946,0.8209382212231662,0.5261251186333648,-0.0035648616291929017,0.022781362347518427,-0.8500945011198365,-0.09974826828942943,-0.1987443579595473,-0.0031863881071321452,0
13.852,20.136111296604135,19.48587670178559,0.8205833445445145,0.5113674731658625,0.00010248443049356995,0.022941919421691298,-0.8590558568673817,-0.13620771610979693,-0.20990002977501168,-0.010000197019768928,0
13.902000000000001,20.128120538997123,19.474978496082333,0.8198256500337073,0.4959447917112815,0.006028687550751189,0.020320141133140106,-0.8680953348366748,-0.18257051905208724,-0.22481822650683478,-0.022720027488241375,0
13.952,20.117675957915907,19.463189238525455,0.8181064684220526,0.4799159136430597,0.012275309174606536,0.014837237510178873,-0.8771031233554478,-0.23442030162692074,-0.2437849283756252,-0.051947259171760164,0
14.002,20.10480313730547,19.45092171678861,0.8133805633185639,0.46525300235470524,0.018048438816643156,0.0045663572751744085,-0.884981946729678,-0.2706863568540728,-0.2479046751079421,-0.143714257198548,0
14.052,20.092208810565168,19.439732417939894,0.8073566152720144,0.45668435802875007,0.02594970073703711,-0.013003824795388768,-0.8891551668320988,-0.2158311949554217,-0.18120092418108466,-0.001244666916909369,0
14.102,20.08215497859159,19.43066662062287,0.809149597032937,0.44597694180683123,0.030143720386356224,-0.02166836383380847,-0.8942742339498889,-0.20280112780292067,-0.18959861571710707,0.04745946923192075,0
14.152000000000001,20.072222721293006,19.420744383171183,0.8114672676512609,0.43387991358017364,0.030315791244044467,-0.027647303080635295,-0.9000359992940706,-0.19270457471913727,-0.2085205689083205,0.043835124397150746,0
14.202,20.062984435362637,19.409820262652033,0.8134290499328569,0.42045432058518195,0.029087629324761888,-0.03157023305971571,-0.9062976301999657,-0.17754151178914362,-0.22724586203745598,0.035156834161180164,0
14.252,20.054461660460206,19.398033684750217,0.8151830548529158,0.40656535328068943,0.02630894336827102,-0.03277376353274382,-0.9126545531768815,-0.16516988185759002,-0.24357078117153738,0.03555104638136186,0
14.302,20.046391627448205,19.38542969079508,0.8169096594716995,0.39275840143062835,0.02200486976062838,-0.03093319005783706,-0.918857857105941,-0.15808368118924546,-0.2593433421313185,0.03103197614726036,0
14.352,20.038473645378307,19.371933897481714,0.8182181273399592,0.37937043024603206,0.01668520698099346,-0.025811836831106508,-0.924734248096364,-0.15898485634282994,-0.280030739600784,0.016994484116586453,0
14.402000000000001,20.030417800045637,19.357623448938234,0.8174628023232263,0.3667033609561869,0.010423670972188569,-0.01647559888735535,-0.9301336177067274,-0.16438877241841668,-0.28434982988039814,-0.06393996084800421,0
14.452,20.022172416269207,19.344017752618228,0.8122045718051351,0.35405028052456156,0.0036530155635853307,-0.002114607660023548,-0.9352168640332661,-0.1451422914452118,-0.2623287806304863,-0.11896868491864693,0
14.502,20.014205480542206,19.330467874426965,0.8092366019855497,0.33963428457989814,0.0016243213275737374,0.0038334003633736426,-0.940548360989365,-0.1965485485295199,-0.2704457851580562,-0.006400257474206939,0
14.552,20.002664863363872,19.317233100118397,0.8096245290976493,0.3237382604232512,-0.0014696939403263643,0.007621616846287292,-0.9461148395911034,-0.26387813565728063,-0.2593506152259919,0.013489471976120526,0
14.602,19.987952153475735,19.304334120800743,0.8102828095308429,0.30711685440888603,-0.0025361693964142894,0.010368793278348285,-0.9516119449170101,-0.32106687618448815,-0.256642345788683,0.011307389866525807,0
14.652000000000001,19.970621302041557,19.291468481130593,0.8107475151138603,0.28940676874565735,0.00030067932748823855,0.010346259816825973,-0.957150242492756,-0.37078755605740876,-0.2578674413301581,0.00506852840511429,0
14.702,19.950624526420537,19.278675501722,0.8103835187333842,0.2710239776671355,0.0062320297700228745,0.007802745717107342,-0.9625207958759661,-0.42730798684505883,-0.25241977579954195,-0.023489665577908225,0
14.752,19.927644538378456,19.266211394154425,0.8080256005367009,0.25247463229965733,0.01273695965519823,0.0032191662674730883,-0.9675143238590505,-0.4878353980920908,-0.2414906826936107,-0.07884320628193349,0
14.802,19.9022969283005,19.254652526599813,0.8018635440800755,0.23662075435695107,0.018714558383098524,-0.006251257006714299,-0.9714017220995176,-0.5202744859877673,-0.23273015486115675,-0.1595256647718126,0
14.852,19.877229390461853,19.24405982757156,0.7972804389439082,0.22886667321823895,0.024736348513598627,-0.02104658389774929,-0.9729158238298238,-0.45787031942621537,-0.19930051965721998,0.010784217790621144,0
14.902000000000001,19.85495634639467,19.233639822989772,0.7989952232440108,0.21968000934114365,0.028344309207994377,-0.027900806813785567,-0.9747609135631862,-0.44379274875100827,-0.2158830801246155,0.03926361682574367,0
14.952,19.833359782446433,19.22253626510432,0.8004609707631954,0.20711647876489805,0.028158241913200748,-0.032403991301757674,-0.9773739606640357,-0.4188163782550482,-0.22954810516843294,0.0223369248478434,0
15.002,19.813065632242083,19.21053771112218,0.8015154055169195,0.19319870408662437,0.027368187114482752,-0.03428585211144577,-0.9801784140748598,-0.3955790959548363,-0.2502323990151294,0.022135152064078543,0
15.052,19.79357304790395,19.197483416170424,0.802878979506218,0.1799410806930222,0.025457359640616396,-0.03294185251564945,-0.9827959934147025,-0.38813295215331056,-0.2711146936738797,0.03094610959155908,0
15.102,19.774066942446673,19.183388007931292,0.8042540839469082,0.16834321253371098,0.022138314196258387,-0.02820570353415738,-0.9850760864656696,-0.39165597754580067,-0.2910124578792273,0.018028267520043564,0
15.152000000000001,19.754222108106166,19.168400893142934,0.8041656693827081,0.15832889270600434,0.01856526474463702,-0.019976980846357555,-0.9870097329386954,-0.400962316602495,-0.3066928498827573,-0.03145722522829691,0
15.202,19.73419778982056,19.153321714124683,0.7989869556549716,0.14825448958543,0.014801284442033545,-0.005909405208769866,-0.9888208165419592,-0.40151672018030177,-0.2850061663350338,-0.17295112266492413,0
15.252,19.71582462122081,19.13988579202654,0.7946750502569729,0.13770889051310167,0.014653522967598332,0.005943493686359764,-0.9903465103796187,-0.35767722063134916,-0.24862133976045686,-0.017414216195437607,0
15.302,19.6966093730405,19.129197360076446,0.7948186741682284,0.12439547564596706,0.012211049086656161,0.011961477794877863,-0.9920854695881698,-0.40338572647195603,-0.1847109720513037,0.011873898708743618,0
15.352,19.676190842866436,19.12120792009581,0.7953058308838498,0.11110775017645781,0.008531203366449164,0.017290108494869574,-0.9936213255401082,-0.4117609460363887,-0.13938333701409802,0.0061954012035281515,0
15.402000000000001,19.655391884746162,19.115159519062665,0.7953789594985559,0.09786611778853255,0.007464805039348861,0.019323846161392107,-0.9949839640136199,-0.4221385169464988,-0.10448283936326863,-0.0023788433066555693,0
15.452,19.633681693644533,19.11066320952803,0.7953169253265452,0.08457875855597417,0.009177531448106145,0.017037509951358436,-0.996228854115512,-0.44913399626351197,-0.07592466826080231,-0.0005435927250129672,0
15.502,19.610164362668502,19.107734188109244,0.7949766026472646,0.0713676073082395,0.012678365008938002,0.011244648241705847,-0.9973061122713108,-0.4900576266919466,-0.041497076069557264,-0.01913034947550687,0
15.552,19.58443560859713,19.106485887442076,0.7927775259812813,0.059122684675200696,0.016202494022366818,0.0026809956609884595,-0.9981156243674963,-0.5336485379974883,-0.008231918673716187,-0.07492003869736119,0
15.602,19.557008146675297,19.106281278114572,0.786926025904167,0.052001484772102695,0.01718029440095044,-0.014715463631274666,-0.9983907742942686,-0.5640875303891332,-0.012319514051420712,-0.16842668195616062,0
15.652000000000001,19.53246952205619,19.106184859014977,0.7843983710889549,0.04667222313902533,0.018785981735008908,-0.03132739358541018,-0.9982421474214841,-0.4447428024714423,-0.0032109692117431184,0.026034058427999853,0
15.702,19.510123039075854,19.10590244766517,0.7869822564885588,0.0410264097039154,0.01816768647273723,-0.03816403850355894,-0.9982636300297303,-0.451050465430295,-0.010733830695874167,0.06489966650584571,0
15.752,19.487717671946807,19.104781927855925,0.7901573565618256,0.034159043214433756,0.014228542882476243,-0.04147167143041074,-0.9984542096675664,-0.4439877331987481,-0.033903292526435765,0.05874390503138526,0
15.802,19.4657031263637,19.10245090936621,0.7927553949256504,0.027574985289304417,0.010127010825928158,-0.04212838788653848,-0.9986802605299193,-0.4372437074342548,-0.058403412613923546,0.04600219009352552,0
15.852,19.44397252343968,19.098989977661272,0.7949635660527871,0.021849188792850652,0.006619512553741477,-0.040076867110939475,-0.9989357535523583,-0.4334558007370576,-0.07916629595105512,0.04313104478392887,0
15.902000000000001,19.422276902494207,19.0944730149153,0.7969698766141246,0.017039529821458923,0.004017031324590635,-0.03547526447003368,-0.9992172053630697,-0.43387353378418525,-0.10073766112045107,0.03421846413540996,0
15.952,19.4004315197833,19.088908298270166,0.7982452783049722,0.012925485702548912,0.002669756258305794,-0.028502459716441855,-0.9995065852764489,-0.4387965462908039,-0.12211397179579396,0.010887773930041438,0
16.002,19.37864857805059,19.082249515642534,0.7967600985255581,0.008434162477061209,0.0024539826966240835,-0.018635812426449832,-0.9997877521591478,-0.4294783392965494,-0.13819972450829315,-0.0837501468681047,0
16.052,19.35818573690349,19.07642263477505,0.7922355389237548,0.0011374303827849182,0.0024250080189188333,-0.0018053362218043013,-0.9999947831610716,-0.3629425332962207,-0.10859102741999413,-0.025533761414788837,0
16.102,19.33950418270477,19.07215172999154,0.7930212006178312,-0.0050669199275783375,0.0032605847399786773,0.006218225702602279,-0.9999625135867402,-0.3904467283553456,-0.05390057704928746,0.036702188145998675,0
16.152,19.319334442312798,19.070851081944877,0.79514579536487,-0.011641607883920779,0.0008593994367916564,0.014003368640953914,-0.9998338062224091,-0.4123141801211496,-0.003393604306099563,0.043366035646120064,0
16.202,19.29836793691645,19.071635147241157,0.7970148455544613,-0.01798841998006403,-0.0008668769804293661,0.01888095586534335,-0.9996595294281608,-0.42539597090496795,0.03136450757184702,0.03011200706850664,0
16.252,19.27683801137572,19.073817555453736,0.7981884455403387,-0.025324139357178584,-0.0004853448435875701,0.018437347378495117,-0.9995091378410929,-0.43669005355744456,0.05460030170001369,0.016998456551604892,0
16.302,19.254556823483608,19.077283550794277,0.7985847962071945,-0.03349068092630648,0.002133407189972092,0.013057706646532975,-0.9993514492719693,-0.4540543076469903,0.0852733659794384,-0.0037364797574886504,0
16.352,19.231174831596558,19.08235191354233,0.7974516187674315,-0.04170126846077273,0.005694659947234432,0.0040430172069328045,-0.9991057146612222,-0.479114512525827,0.1171485971752039,-0.0509852054090753,0
16.402,19.206868408549,19.08866577020859,0.7921686615739933,-0.04621921238418577,0.00721695535996012,-0.01104824034450593,-0.9988441501791996,-0.49466240409711304,0.12252762584574747,-0.1654160834349852,0
16.452,19.18410695823594,19.09481591084405,0.7883243962130708,-0.04817488089640001,0.006413496451961714,-0.027097211342824164,-0.9984506943516641,-0.4152076400036186,0.10924883788242148,0.02111771967232093,0
16.502,19.16341780277589,19.099552971328556,0.7907782675255136,-0.04982096607343553,0.005896702143786913,-0.03365814893416428,-0.9981734464779469,-0.4212919019406719,0.085121594183863,0.06217379810977322,0
16.552,19.142099239337558,19.10314935065011,0.7937779871590072,-0.051874684049989066,0.002671931763779955,-0.036510062673824215,-0.9979824112973728,-0.4293341953111319,0.05885618515302814,0.05403528507632849,0
16.602,19.120499017944365,19.105360290376368,0.7960492402908558,-0.05367574254812743,-0.0002362949199121901,-0.03693916362960424,-0.9978749205270991,-0.4347386462745618,0.030640450661675686,0.03803949824529992,0
16.652,19.098661231145503,19.10622054519628,0.7977657270082619,-0.05488192962324184,-0.002095502124161826,-0.03486359998084003,-0.9978818126752554,-0.43918877467971973,0.004496245467130987,0.03143744459615046,0
16.702,19.076540181983383,19.10572634480907,0.7991110449234953,-0.055699810907605354,-0.002715624389998299,-0.030436914974277644,-0.9979798347942104,-0.44458436675221324,-0.02344316190299052,0.019889655284406258,0
16.752,19.054084814855273,19.10389065995178,0.7996017175191966,-0.05637302039757351,-0.002066531008760777,-0.023796067555341142,-0.9981240199442888,-0.45257735965894746,-0.050003454553711205,-0.005926927735621189,0
16.802,19.031530624128273,19.100706911032894,0.7972839625889776,-0.05807379693491036,-0.0005869692136655602,-0.014048299501350416,-0.9982132712290626,-0.44637166756732893,-0.07006292164626618,-0.0973678320500948,0
16.852,19.010430914850613,19.098065318371344,0.7926190899886425,-0.06263584284238144,0.0011944861780142889,0.0031138840734500415,-0.9980308753341116,-0.3735119713536749,-0.0506703262675395,-0.01897325947644353,0
16.902,18.99132284441791,19.096620883811582,0.7934334461228173,-0.06579264476831627,0.0028117453876983557,0.011017464583473646,-0.9977685289967897,-0.39497527085994244,0.00140438609944516,0.03501900784918525,0
16.952,18.971101777967203,19.098020048212245,0.7954763398760922,-0.06930021719225868,0.000924508222940096,0.018578750745815716,-0.9974224056047555,-0.4100723124218299,0.050015507783137285,0.04219600155327312,0
17.002,18.950360386395275,19.10144775916855,0.7973102782155349,-0.07268013110973935,-0.000685519567779668,0.02329866251713114,-0.9970828957161525,-0.4192085823753166,0.08412394440066794,0.029517915341693565,0
17.052,18.929231452449667,19.106248803559826,0.7984467394497857,-0.07703842675318652,-0.0006785792804368743,0.02283938490167558,-0.9967662628875774,-0.4270857052491411,0.10614973866601586,0.016641544179893192,0
17.102,18.90756590525609,19.112245910585177,0.7988465484809283,-0.08251266970032459,0.0013318500818638272,0.01742461575400406,-0.9964367858926678,-0.4387973862165451,0.13429561404198215,-0.0029663208838007745,0
17.152,18.885141182695538,19.119740590206213,0.7978156936008046,-0.08816198833442945,0.004527149324375075,0.00841029454110993,-0.996060357447101,-0.456480958896346,0.16463832477129797,-0.04762600985310296,0
17.202,18.862027457418947,19.128322696370308,0.7929126796791387,-0.09065919029347524,0.005913867174244742,-0.006313507562795964,-0.9958444040173299,-0.47084417875444645,0.16793355915994665,-0.15255162041190262,0
17.252,18.840010937330323,19.136541840068215,0.7886954310608959,-0.0906100910603738,0.00433931676065495,-0.023157312748753527,-0.995607714209938,-0.40139695224819355,0.14876957005509409,0.01856565442380283,0
17.302,18.819973015072822,19.143223326003852,0.791159254367042,-0.09061141338967967,0.003582340651131508,-0.02976801893164823,-0.9954348816712568,-0.40927309142431506,0.12366658281225006,0.06330915634612123,0
17.352,18.79916847818963,19.14872058695244,0.7942255456742516,-0.09066863527852943,0.000312893770196615,-0.032651289521324005,-0.9953456655689077,-0.42076841717078234,0.09647419335956749,0.0551521189332086,0
17.402,18.777915912914352,19.15281424457811,0.7965041492884092,-0.09065863911638096,-0.0024669974117816056,-0.03317376965439396,-0.9953262912654586,-0.4293218583034895,0.0679886081564031,0.03728559263506391,0
17.452,18.756268126634097,19.155493990377597,0.7981553228932571,-0.09033711044549275,-0.004052559813634174,-0.03138813544762756,-0.9954082419733303,-0.4367432971372677,0.04027869614007641,0.029875681588175742,0
17.502,18.734203343663918,19.156739921185423,0.7994262409180115,-0.08964194497221696,-0.004302857042185465,-0.027379227685906192,-0.9955883612287736,-0.4447261959309399,0.010320102980207975,0.01860933987611711,0
17.552,18.711697373337206,19.156560416752182,0.7998623115239566,-0.08890927284433496,-0.003241877353375056,-0.021207309693268766,-0.9958086570466688,-0.4546444146261693,-0.017311862522710147,-0.006648654376098428,0
17.602,18.68898412661233,19.15496092533747,0.79755440304305,-0.08923017609816941,-0.0012894774945058705,-0.011916564238603003,-0.995938907974795,-0.4503734836610501,-0.04022930551885797,-0.09655387941578326,0
17.652,18.667682018723074,19.153661185247962,0.7925397116764165,-0.09276989266772215,0.001049099708888543,0.0051773987539735465,-0.995673561437865,-0.37668087174142534,-0.027641987021001582,-0.02768588482786833,0
17.702,18.648584388807677,19.153318814769385,0.7931118135021412,-0.09454360844165557,0.003043124820385717,0.012834031522586426,-0.9954333393698616,-0.3929823511322455,0.023100613394538103,0.03187374264389291,0
17.752,18.628562997841062,19.15584722170875,0.7950847213294998,-0.09679870487157509,0.0014635032425120756,0.020171866533272634,-0.9950984698480895,-0.40508094517919985,0.07311049984647709,0.04262945467272365,0
17.802,18.608112286697516,19.160449065742785,0.7970031843615982,-0.09897177671107142,-0.00010765738301444551,0.024881183929358976,-0.9947791224743388,-0.4128390304852463,0.10744859867700073,0.03188180780926942,0
17.852,18.58734128126173,19.166440824691794,0.7982563553929553,-0.10207704517809167,-0.0003752866973451254,0.02454875407432512,-0.9944734761073335,-0.4189884800690589,0.13013969757724872,0.01903578667206254,0
17.902,18.566151324905853,19.173605448164007,0.7987673557951124,-0.1063795941291172,0.0012657486099515096,0.01924811850428383,-0.9941384660938463,-0.42782794433054155,0.15678058156908922,-0.0008283609489188274,0
17.952,18.544364904950648,19.18219618514257,0.7978963170415765,-0.11092328310021926,0.004204895645561825,0.010244588336201683,-0.9937672728203018,-0.4422151799462219,0.18607827037196786,-0.04274419869697464,0
18.002,18.52223118925614,19.191944117403853,0.7944037184611995,-0.11252170546643749,0.006221424392240281,-0.0026248453524292184,-0.9936263230532549,-0.43141568955122395,0.19977536922338773,-0.02770682514790004,0
18.052,18.501563608055605,19.200667499873994,0.7973273152390459,-0.11197120584309438,0.0073558819561555635,-0.012021089434444457,-0.9936115103356541,-0.40089298247854516,0.1358293991699082,0.07384808621842892,0
18.102,18.48168243995211,19.205400458093163,0.7999331732631675,-0.10984917628394415,0.0066889768604470965,-0.020149827432041693,-0.9937214904150752,-0.40166362240529263,0.0678420990375183,0.04540926074155628,0
18.152,18.460970072144093,19.207132219425883,0.8023703532279729,-0.10859772951669484,0.004259780645793875,-0.02482134782639355,-0.9937667171447984,-0.42623190704447683,0.004282167646067324,0.050904916537828485,0
18.202,18.439093700387932,19.20559192204402,0.8046968376872503,-0.10688549005703038,0.002173327984760624,-0.02664084777962333,-0.9939119849817298,-0.44747501667940576,-0.06384990442554138,0.03955917642403382,0
18.252,18.416148615435766,19.200591985418104,0.8063393937477955,-0.10496728072617299,0.0009858319780706262,-0.02530233661065401,-0.9941532527102167,-0.46869002999478154,-0.13095504676714434,0.025517119489967974,0
18.302,18.39233066352672,19.19264289964373,0.8067706919197756,-0.10306132087345152,0.0011052073709755506,-0.019596780635725335,-0.9944813265442453,-0.48025051924648526,-0.1830987590750197,-0.015698336054567344,0
18.352,18.368141772548082,19.182434288888317,0.8037316709228516,-0.1028073724960677,0.0027681623602562946,-0.008552982246483012,-0.9946606596886666,-0.4824605991526742,-0.21986116884486123,-0.11769549138399801,0
18.402,18.345413373305174,19.171422997138386,0.7962962230106893,-0.10592480129577807,0.006258821791210083,0.011919609011716932,-0.9942830012331718,-0.4216207409111977,-0.23282763218561317,-0.03696168365975409,0
18.452,18.325567989554614,19.161593819603056,0.796532124510341,-0.10903093937392296,0.01138142920323985,0.02453097091674673,-0.9936704427497143,-0.40049499221510204,-0.15755819360063245,0.026635957927789024,0
18.502,18.305212865534436,19.15542137934884,0.7981657236910495,-0.11304372167116633,0.011479592980487195,0.035634619919817596,-0.9928844392973959,-0.4107969686919962,-0.09616365293285926,0.03191610371086086,0
18.552,18.28464393265235,19.15174430799876,0.7992928263705442,-0.11699350026202911,0.010031839894157478,0.042977251148085344,-0.9921516209574682,-0.4130096090890105,-0.05500837037660011,0.012880679011932409,0
18.602,18.26376199675215,19.14988118746966,0.7995107126342027,-0.12153222487116501,0.008198398632124607,0.04496211372524689,-0.9915347260217832,-0.4226991797054079,-0.020711371417630138,-0.0026268402754538933,0
18.652,18.242272728557335,19.149689159251274,0.7993447631431467,-0.12667277433697455,0.007257309810387069,0.042413127664517776,-0.9910108305653397,-0.437449702815424,0.012493445373335412,-0.0026928571730533988,0
18.702,18.219969301704484,19.151325553255933,0.7991671501697221,-0.13208675684729151,0.008217986743382685,0.037029317159852485,-0.9905121821714893,-0.4530215950611439,0.052375713741533665,-0.007522413461306366,0
18.752,18.196817420974245,19.154952551053015,0.7984064126245699,-0.13702934158749797,0.010865316963945071,0.030276687082139143,-0.9900445579117644,-0.4697707349878072,0.09107951422932699,-0.02956205306175513,0
18.802,18.172950800235387,19.160022253439795,0.7960082823721568,-0.13896374572696044,0.012653013820397224,0.01911998859848049,-0.9900320220330194,-0.4912404901648896,0.10199664670646659,-0.06414940743392678,0
18.852,18.147205300580872,19.164461992120245,0.7895922854725528,-0.1340808060521202,0.006791929583438175,-0.0069197512541811146,-0.9909229658169848,-0.5036914495396023,0.0777086978124626,-0.2071037498484576,0
18.902,18.126432957565548,19.16977013888973,0.7864398888021399,-0.13604055649165817,0.005894675077143647,-0.019890391180760546,-0.9904860383336316,-0.3918407567518975,0.12377414447940376,0.020572131080867702,0
18.952,18.10675875703713,19.17562341241955,0.7884794788672259,-0.1402026670271418,0.0048146417084120674,-0.02451725913564982,-0.9898075244148089,-0.391088523449302,0.10872959586741629,0.04729716247546611,0
19.002,18.087492096163036,19.18053268977188,0.7906221501358802,-0.1458293962816486,0.003403609322007094,-0.02800892117357027,-0.9889073277908337,-0.379626324187206,0.08852326748107166,0.038190450475123795,0
19.052,18.068915900610882,19.184462088403468,0.7924638642023115,-0.15217089920403307,0.0022718944409707725,-0.02955887494989501,-0.9879094740120588,-0.36456311956985177,0.06933283981996614,0.03738462883970921,0
19.102,18.050984665243956,19.187456171307296,0.7944701398527021,-0.15879573314413448,0.001587180189964072,-0.028849189200279207,-0.9868886058095653,-0.35326221611193265,0.051485991663834975,0.0417808108340247,0
19.152,18.033509192056115,19.189729574437795,0.7966285005972463,-0.16525788204875885,0.0017513405180503432,-0.025744153936718188,-0.9859127769560705,-0.3470529602584846,0.04031719010003028,0.04062290815796391,0
19.202,18.016417848191036,19.1914476754981,0.7976708573498262,-0.1711398021595176,0.0032760916678617807,-0.019697771417013007,-0.9850443813054252,-0.333448399819982,0.029111699473065272,-0.010070308505382451,0
19.252,18.000411969134504,19.193316446455366,0.7946619550991075,-0.17804684882835825,0.005956623210744511,-0.007077309834814709,-0.9839785312432985,-0.2849467991921414,0.03844223871111327,-0.05870182071053661,0
19.302,17.987276783399867,19.19536514420627,0.7953485132670685,-0.18632028242531987,0.009342444074899158,-0.000996170949226486,-0.9824441351746654,-0.2675210743826476,0.07025413872379593,0.04789269279975178,0
19.352,17.974224940746705,19.2001580934618,0.7977662985519389,-0.19598671956665714,0.00847001048288885,0.005269594593242569,-0.9805558097572743,-0.25832469230024924,0.11618729690530172,0.04658697597930542,0
19.402,17.961682168708517,19.20668701269227,0.7997158882289033,-0.20492014933810365,0.008236231577634154,0.009581598100600488,-0.9786971389875868,-0.2425711972333163,0.1428761990983191,0.03069439917897257,0
19.452,17.949966684111246,19.2144648572388,0.8009370269119587,-0.2139724843946002,0.010022924886860539,0.008825714216251617,-0.9767483932248306,-0.2280491471012497,0.16944311934887749,0.01896364372003267,0
19.502,17.93858704652264,19.224073112096743,0.801509945379723,-0.22312360194148306,0.012136417346707527,0.0032625702118373617,-0.9747091470106652,-0.23719747159319016,0.2200722875047227,0.0023156355480000194,0
19.552,17.926086058965605,19.236210996609028,0.8005448867590707,-0.23143590218046112,0.01114653657633329,-0.006801464994204752,-0.9727625187979857,-0.2623390233585281,0.2672933561780602,-0.04873151884453014,0
19.602,17.913400521948322,19.250657445696543,0.7990668720416775,-0.23799787489002844,0.009472049131367209,-0.015977308107406083,-0.971088058550163,-0.24148989963845827,0.30178921590321656,0.04912056523907077,0
19.652,17.90119680021807,19.263844535910536,0.8045114582536884,-0.24055754199334223,0.008153770899785305,-0.019566948446598592,-0.9704033798059053,-0.2455945423173434,0.21377967415864166,0.12067061613008837,0
19.702,17.88843005081893,19.273104619825443,0.8092636284659359,-0.24170123932149662,0.006801498419855017,-0.024685994433980354,-0.9700128103321646,-0.268881475658751,0.1741805254560387,0.06733768512027401,0
19.752,17.874352447580133,19.281494451059547,0.8115150571727502,-0.24259583974686386,0.00409603253094733,-0.027676499792950175,-0.9697239258749009,-0.29444866979914536,0.16092581623624888,0.029695297258760574,0
19.802,17.85885864539487,19.289004398596113,0.8125553603145025,-0.24309561449974196,0.001774016618602314,-0.028349459723257083,-0.9695863464433832,-0.32463801580640445,0.13890029464525647,0.014859790294420182,0
19.852,17.84186883751876,19.295308171330056,0.8132285831054965,-0.2431448677053363,0.00040939168115167727,-0.026634206932335276,-0.9696241667409543,-0.3544371653000335,0.11423225712725396,0.011736692427199238,0
19.902,17.823387390331423,19.300338540032758,0.8134311605451949,-0.24310421174024743,0.0004314083779746597,-0.022491662004691198,-0.9697392852005273,-0.3817430032655785,0.08760066991026759,-0.008467814126980711,0
19.952,17.803646082912827,19.304075434820106,0.8119276942408029,-0.24368320381270184,0.002287697472179092,-0.01552306442692671,-0.9697279500409637,-0.40550406296811686,0.06201359553672646,-0.058723467516727516,0
20.002,17.783235419221903,19.307012138624234,0.806349195380431,-0.24726507828344976,0.005536334635326196,-0.001638097119753904,-0.9689306717707468,-0.4047234883072679,0.07210739270259175,-0.1750444867040718,0
20.052,17.765903776769907,19.310005525918395,0.7991473298896823,-0.2511931466155379,0.011531219358425328,0.018149210495563232,-0.9676981142029162,-0.2986878766022325,0.03408547844203188,-0.058319819678909826,0
20.102,17.750910249506298,19.31284986729786,0.79802100021237,-0.25131902146146634,0.012481038605914057,0.024845272198028834,-0.9675048762545717,-0.2972016998163071,0.08073644614525502,-0.000697294660033486,0
20.152,17.7365861932581,19.31788291245954,0.798415169782899,-0.2524643618065623,0.009522492080265187,0.029999737252698118,-0.9670941442935921,-0.27698604358526274,0.11739369630457511,0.014027928901153201,0
20.202,17.723093345308417,19.32458147425633,0.7993304412143952,-0.25431011240482015,0.0056868275530469106,0.032001925493603464,-0.9665763826442954,-0.2643512653427826,0.14915088147187616,0.021219027364568703,0
20.252,17.710119443683922,19.332693307108066,0.8006517270453697,-0.2572120484890436,0.002198576082463121,0.029809250381185374,-0.9658926115086456,-0.2565231802214124,0.17447172785707962,0.03185000435112773,0
20.302,17.6974095098414,19.34212677663998,0.8024057699264493,-0.2613585593160491,-3.0585337596717243e-05,0.02344566998378576,-0.9649569954644552,-0.2510496917753797,0.20218059127076213,0.03388697826793179,0
20.352,17.684888636232778,19.352963708995336,0.8037562937153733,-0.26617534593033326,-0.0011283745199840594,0.014129456376125147,-0.9638204036293927,-0.24989502608076444,0.23012747888659885,0.013389587841362625,0
20.402,17.67240233836157,19.364998042363517,0.8023772917325743,-0.269942115191413,-0.003278342350318318,0.0017711080254840062,-0.9628693421715026,-0.2507924376558707,0.24496663564744178,-0.08365325205909177,0
20.452,17.660825904188027,19.376993769415428,0.8002042519041735,-0.2702418395797072,-0.007736174745509702,-0.009902349872596007,-0.9627104669670336,-0.2163481324551246,0.2220337766725379,0.04404800084209412,0
20.502,17.65002621161287,19.386845116508614,0.8042211728759034,-0.2703745003338843,-0.01180208258715011,-0.014636867440361134,-0.9625716090386949,-0.22463881228382226,0.18415464376288546,0.08971308301949851,0
20.552,17.638065321560546,19.395570593913504,0.8084892676180263,-0.2697949121866537,-0.015661082592149333,-0.0170153819237302,-0.9626400742895699,-0.25596612781310113,0.16811833275501992,0.08106631496699533,0
20.602,17.62440843435085,19.403584570490395,0.812138741911213,-0.269151642248298,-0.018716573081223657,-0.018392118466672606,-0.962740262659378,-0.2880787998952832,0.1525778224173661,0.06455398014065594,0
20.652,17.609184294115444,19.410889910016046,0.8151190476617638,-0.26838356480609094,-0.020218822616130235,-0.01791970603014051,-0.9629331988719602,-0.3193867624730801,0.13941265362107144,0.05513514816656292,0
20.702,17.5924499038835,19.417438600538254,0.8175363046450226,-0.2676982510139328,-0.02002683167673384,-0.015188275917732977,-0.9631749003642697,-0.34755801490356136,0.1226288877141031,0.03950218551540212,0
20.752,17.574359564992385,19.423272151277764,0.8189765826043208,-0.2668977310528691,-0.018034457590519738,-0.009753019020795837,-0.9635067400481576,-0.37419733540825645,0.11071566499926867,0.013369644510685567,0
20.802,17.555255470282194,19.42846362607152,0.8176859482479498,-0.265899471364594,-0.014222835601359122,-0.0003634839024251118,-0.9638957671630987,-0.38278145477577213,0.0994437979529789,-0.0795950712606955,0
20.852,17.5371714769921,19.43310323502839,0.8126912720164632,-0.2668282895247001,-0.008279260571628862,0.011801165321315815,-0.9636362644954617,-0.3239747383408584,0.07347131423432172,-0.0370198808938515,0
20.902,17.520873739819088,19.43849136055568,0.813019752543129,-0.26857233986415485,-0.003930150430960385,0.015043740729337446,-0.9631340187338158,-0.3292743564973853,0.14809708937916205,0.0303344475878648,0
20.952,17.504388087560564,19.447526873498454,0.8147660899731994,-0.27064219997527234,-0.002674591323667721,0.02004533125938193,-0.9624675739205433,-0.329867726213032,0.20625502200633145,0.034818027859675964,0
21.002,17.487835004937164,19.45890104972468,0.816149940797072,-0.27278134647588875,-0.0015695178770606898,0.023287654922409497,-0.9617928876617087,-0.3323843553761588,0.24518058510178795,0.018757794754409612,0
21.052,17.471152808889933,19.471791219535675,0.8166059426006951,-0.27628015411004947,0.000149060395180408,0.02189962224031329,-0.960827591595733,-0.33592057059461866,0.2697480888103347,0.00040813025938879705,0
21.102,17.454245813359616,19.486100946037045,0.8160598542451327,-0.28083681414850087,0.002762672932510983,0.015964557882823947,-0.9596187703191272,-0.339065127107387,0.30254100031240605,-0.024165875357232924,0
21.152,17.43719411592591,19.502135612169834,0.8138029634386819,-0.2852200807642137,0.00557252305916264,0.006761010648516148,-0.9584220058255237,-0.3414185906692523,0.3360578179820467,-0.07093203636967779,0
21.202,17.419794775608835,19.51934918935464,0.8083656227562717,-0.28603317530861194,0.004342424604896731,-0.008866836280953317,-0.9581688500393806,-0.3632123541094322,0.34604351713665826,-0.15533579267764736,0
21.252,17.403288431822844,19.535871134859487,0.8045124756641457,-0.2855594843814035,-0.00011095553121613854,-0.024445491902858683,-0.9580491566168843,-0.3038861464447052,0.3039743143984432,0.012593607897536113,0
21.302,17.387710360933397,19.550491787077906,0.8067051240605724,-0.28489592270891856,-0.0024277971023008316,-0.030504113830511555,-0.9580698920561471,-0.32382447881698606,0.28594334074702177,0.06042349149798971,0
21.352,17.370934793251347,19.564223642686866,0.8096923071998738,-0.28449799722906444,-0.0064555888326545555,-0.032676556242634186,-0.9580978330095503,-0.34445942286105163,0.2631408163340662,0.05429494324987028,0
21.402,17.353243640930284,19.57676822104907,0.8119780562304526,-0.2840271757891557,-0.009544579724368755,-0.03267030238155082,-0.9582119367621227,-0.3630085471654829,0.23932276170790828,0.03845036683533707,0
21.452,17.334670401654332,19.588156138427248,0.8137358849074711,-0.2831549981934827,-0.010993415938386682,-0.030738425197586017,-0.9585184093278677,-0.3799092658088485,0.21728253832638758,0.032925318360539226,0
21.502,17.315174238138724,19.59841969336367,0.8151998804440467,-0.2818659507651927,-0.010654547012968162,-0.027034341488056942,-0.9590136655999686,-0.39876683601883367,0.19348897895880565,0.023298707904420214,0
21.552,17.294714619821047,19.607579801781945,0.8159462693560584,-0.280617954361099,-0.008565648290521059,-0.02165610493057054,-0.9595369750451466,-0.4188440418453967,0.172775046195511,0.0015118303583110553,0
21.602,17.273478804658946,19.61551052250556,0.8142206409842161,-0.2804503486651902,-0.004927830316812609,-0.01373401706718302,-0.9597576231513554,-0.4253800339704672,0.14762120052390593,-0.08158385914786846,0
21.652,17.253329859860198,19.62321507533838,0.808811389988171,-0.28450528336367076,0.00042856623310325265,0.003121870913052099,-0.9586692933390228,-0.35766149781129275,0.13452490236216422,-0.05275733998403254,0
21.702,17.23587207572074,19.630476210896102,0.8088339606218452,-0.285093349715081,0.004413578979902181,0.010344550029598762,-0.9584337705619035,-0.35047050022961845,0.1731015864015934,0.02442042345400608,0
21.752,17.218595051828512,19.640573488733345,0.8105700586272124,-0.28653568898838394,0.004424799571631937,0.017657177325681568,-0.9578966249933195,-0.34257878831010496,0.22529825510392726,0.041524670012505135,0
21.802,17.201645831266795,19.652831832526285,0.8125566376068323,-0.28777836540695895,0.0037668668616531718,0.0230224855839084,-0.9574128619750647,-0.33665024270189986,0.2614273348794011,0.03504392185084472,0
21.852,17.18492249805445,19.666501702280037,0.8139947408929561,-0.28984888890961574,0.0033974280144474065,0.023456601445513724,-0.9567789017998751,-0.333641505620995,0.28386728394387933,0.02246031178633139,0
21.902,17.168272417398846,19.681318743264626,0.8146663836798352,-0.2931724254684268,0.003985409006644552,0.018510056401919175,-0.9558720747422261,-0.3312972089172343,0.30922039135795515,0.002135214642149715,0
21.952,17.151661538622914,19.697571745697765,0.8139494062401254,-0.29685279909960505,0.005288545364371083,0.009463655675104422,-0.9548617104983961,-0.3322299693950551,0.3399796873405926,-0.0393205781581055,0
22.002,17.13499937983427,19.71498744871534,0.8094799307100643,-0.2978590510340459,0.004194607802755162,-0.004603479439092332,-0.9545895447570821,-0.34056180991220575,0.34820484304030036,-0.14461245261375688,0
22.052,17.118980956356502,19.731698658775418,0.8049221107855442,-0.29639042780784075,-0.0008073245427167944,-0.020653709283028423,-0.9548431739420989,-0.29451329397017706,0.3060185522768404,0.012021589623421713,0
22.102,17.103985220756854,19.746171350786444,0.8072288918443119,-0.2951803739095226,-0.0030377847947141126,-0.026758686120383377,-0.9550619306826578,-0.31243354952453156,0.2815971496120235,0.06173589610284552,0
22.152,17.08771579905984,19.759714609483957,0.8102897414986523,-0.2937054284285707,-0.006789906031356524,-0.028810506486668667,-0.9554375820552886,-0.3363726064538914,0.259743235081034,0.05608001523809944,0
22.202,17.0703473270467,19.772093807987073,0.8126322296928641,-0.29229871244271877,-0.009526756159969193,-0.028809382002729745,-0.9558455540148829,-0.3578897680216947,0.23622673823717424,0.03860112864572913,0
22.252,17.051944049450164,19.78331210516999,0.8143378226809551,-0.2905487498286722,-0.01058573197478881,-0.026868669525873284,-0.9564242995916945,-0.3780426943082764,0.2132254113925224,0.030725806997627607,0
22.302,17.032470771641893,19.793317718117603,0.8156276116641421,-0.2883677557928316,-0.00989992693049667,-0.02315581446807912,-0.9571885065764724,-0.3993071290770522,0.1872184053850851,0.01850346828268298,0
22.352,17.011952745218675,19.80209471552874,0.816040760525331,-0.28626764224876106,-0.007463161337209462,-0.01763663575751983,-0.9579582910040229,-0.42049885825722233,0.16378491906492926,-0.007238027154430312,0
22.402,16.99061163406521,19.809551989103035,0.813709345623956,-0.28538048146645273,-0.003544204419665804,-0.00919892540177694,-0.9583636048934985,-0.4274698057309917,0.1388255778320344,-0.09769970554084534,0
22.452,16.97063934029085,19.816628000322094,0.8086955084784023,-0.28760290636171265,0.0022713452701573584,0.006678405303706218,-0.9577237640079519,-0.35157787671728336,0.12139713515263614,-0.027915280155795745,0
22.502,16.953239785720545,19.823700666619082,0.8091549752094973,-0.28807211999883375,0.005929170646839972,0.013544817984844304,-0.9574945621362951,-0.3472545386467565,0.1724827937642262,0.029646059994229233,0
22.552,16.936038202988737,19.83372657316767,0.8110528804219703,-0.2890272811510285,0.005735077794374063,0.020761107818829554,-0.9570785318014772,-0.339922990746401,0.22298202959762392,0.04183476336856505,0
22.602,16.919216086031085,19.845825567999132,0.8129637542835576,-0.28994521315131716,0.004958938053330398,0.02553131249931742,-0.9566897795973799,-0.3343099961847311,0.2576816861155373,0.03216311139660549,0
22.652,16.90261258339907,19.859337976403793,0.8142350375168302,-0.29178296920745583,0.004425359615758749,0.025226300900260755,-0.9561415945432153,-0.3315056943782144,0.2811449732541757,0.019378262781018528,0
22.702,16.88605650187048,19.87406179919197,0.8147623882511003,-0.2948993563880228,0.0047978304282722435,0.019703653621887043,-0.9553130986535571,-0.3298035453249342,0.3077667335850283,-0.0005571937052007325,0
22.752,16.869494499314925,19.890252692262116,0.8139225151629331,-0.29831484180976137,0.005819060445001355,0.010226946727199407,-0.9543949933084281,-0.3316981016469406,0.33876415576405866,-0.04165016586222561,0
22.802,16.852835775403083,19.90758237027116,0.8093614865203329,-0.2990072373779071,0.004385420874062584,-0.004291277064549386,-0.9542311171935999,-0.3410796453751048,0.34589273803067044,-0.14597106908618537,0
22.852,16.836916214667774,19.924156061145712,0.8050638612036672,-0.29770040682607457,-0.0005716362704259716,-0.02034993792409885,-0.9544422565216033,-0.2921407340547215,0.3035910107115353,0.017251128140650395,0
22.902,16.821999416925593,19.93853515560468,0.8074542341494818,-0.2961599943168204,-0.002852761329662533,-0.02662748707663523,-0.9547628482775403,-0.31091967482691796,0.2804337317797052,0.06165693244284313,0
22.952,16.805783939972503,19.952057884165864,0.810493855953852,-0.2943605717947557,-0.0067687120618435586,-0.028839434257054587,-0.9552352199021044,-0.3354316913599269,0.2596557699807066,0.055531622574603055,0
23.002,16.788457368409574,19.96445063305161,0.8128184059413992,-0.29261414458335583,-0.009645473800123957,-0.02892964245569668,-0.955744214218589,-0.3571239665220102,0.23685780497246967,0.0384134576077514,0
23.052,16.770090816628898,19.97571674535626,0.8145126150505066,-0.2905099791619922,-0.01078974095978165,-0.027029534489169307,-0.9564292643800786,-0.3773719732386448,0.21444289653989124,0.030454180427558018,0
23.102,16.750648803368783,19.985795115713575,0.8157909439747423,-0.2879857487578845,-0.010149822312183513,-0.023374644136252173,-0.9572955738072197,-0.39873028179987724,0.18884929655793364,0.018383290894764502,0
23.152,16.73015829844116,19.99466034466754,0.8162123619517936,-0.28559493632969324,-0.007730053911148152,-0.01795113009985915,-0.9581511026646609,-0.42003020818320635,0.16571406930508212,-0.006663083306803379,0
23.202,16.70884047082952,20.00220806480298,0.8139509773401948,-0.2844954559750848,-0.0038063719746756716,-0.009675842604126156,-0.9586210018207499,-0.42720774986536647,0.14021450627772153,-0.09534469674257233,0
23.252,16.688828508410833,20.009361705822045,0.8087209865418425,-0.2868900727962554,0.0019865348078254236,0.006458184516696933,-0.9579396805974599,-0.35308031104294574,0.12216930472329868,-0.03405950838917736,0
23.302,16.671398866909126,20.016389037995715,0.8090393213671607,-0.28723335332896427,0.005716153965969399,0.013389793106709968,-0.9577499881283185,-0.348157109647887,0.17109075379177688,0.027943042018203815,0
23.352,16.654173928558773,20.026349438210968,0.8108874583823333,-0.28817261150196444,0.0055964226402424305,0.02061343772235475,-0.9573402280375747,-0.34063128860526504,0.2218410135877151,0.04178297551757694,0
23.402,16.637314035236155,20.03839947443043,0.8128313862062699,-0.2890555486927585,0.004839965684368694,0.02551060806547863,-0.9569601211013083,-0.335111176556966,0.25680233200081704,0.033342247093911176,0
23.452,16.62066845718601,20.051862793429706,0.8141731054657214,-0.29082599683934696,0.004292828220682493,0.025392463635400455,-0.956429314679758,-0.33235542496594467,0.28003760370366193,0.02097960635276491,0
23.502,16.604075779204432,20.06651998597859,0.8147781947632093,-0.29384230430928215,0.00466483154630233,0.02005472890358551,-0.9556321192767949,-0.3303134451992402,0.3060942333803041,0.000902545083114527,0
23.552,16.58754078724378,20.08259753800981,0.8140204220240806,-0.2970332592371744,0.005878371541213912,0.010740010341383168,-0.9547886362084705,-0.3300648737023402,0.33601101808316375,-0.03966005773037251,0
23.602,16.571018281697427,20.099770663033667,0.809614960376695,-0.29735958808681334,0.004876141375859198,-0.003598495055116055,-0.9547463272783306,-0.3374699756717495,0.3426481361813406,-0.14141897128916944,0
23.652,16.55527750407507,20.116153468509697,0.804878504650786,-0.2954047604728738,0.00020695425942770525,-0.02024900587162981,-0.9551575589509351,-0.28404502003268745,0.2994817441861227,0.009748061250362476,0
23.702,16.540916396115342,20.13025605674895,0.8071100537436542,-0.2935257476285537,-0.0014092388609234783,-0.02675826469462212,-0.9555755568218892,-0.2970418478077892,0.2724255430058498,0.06006911578601536,0
23.752,16.525610314874914,20.143224820600754,0.8100574227726255,-0.2914308777287226,-0.004529959971282973,-0.029305283627357875,-0.9561321683326237,-0.313084437383244,0.245852685627068,0.053066320072444426,0
23.802,16.509648671779523,20.154770957258034,0.8122225799102498,-0.28938677061053514,-0.006528081518296223,-0.029765830779001145,-0.9567270647709994,-0.32472547365131965,0.21691391164294546,0.03471621304327663,0
23.852,16.493243342912614,20.164831828734187,0.8137202211178306,-0.28696493398503653,-0.006711376215153444,-0.02818763697228052,-0.9575027630321395,-0.3317062588185122,0.18643622585778177,0.02689530015731374,0
23.902,16.47641765658766,20.17330592096457,0.8149185863219488,-0.2842163499149679,-0.0051980750948608465,-0.02476561004076355,-0.958426163570064,-0.34040318630392885,0.15326828350358068,0.019270008644546165,0
23.952,16.459106449401002,20.18022441890997,0.8155697345775899,-0.28177465966190746,-0.002041503600433494,-0.01941782485618412,-0.9592819301505273,-0.35189793795391267,0.12398945469035372,0.0020377871075364946,0
24.002,16.441315760593206,20.18558533639695,0.8139956228745695,-0.2806459579363796,0.0024143711572696845,-0.011219660603836586,-0.9597427448654263,-0.3555108626870744,0.09372141890478267,-0.08016443331181848,0
24.052,16.424933489383157,20.190250796349687,0.8098064109885683,-0.28204142452839254,0.00824003475904376,0.002821983847902149,-0.9593626911050523,-0.2740625121117108,0.07714692922957445,-0.0178749195090313,0
24.102,16.41189039694187,20.19509872007444,0.8104592370490656,-0.2823198792075481,0.012468308160822348,0.009626172091762884,-0.9591909944879086,-0.2573712806099972,0.12782673919507428,0.03603284834744961,0
24.152,16.39940511096441,20.202715052159288,0.8126422759463794,-0.28298498632429786,0.012423092516492602,0.01670994139095048,-0.9588982960387801,-0.24073089537031545,0.17104593518460257,0.045528043193361664,0
24.202,16.38792652498383,20.211934740570218,0.8146023499870726,-0.28339516332827824,0.012251243581491024,0.021189470380566136,-0.9586908233512187,-0.2190615366883343,0.19450860069782228,0.03106375143766668,0
24.252,16.37753757558044,20.22198909727803,0.8157388088045949,-0.28426274055803014,0.012607538678990143,0.020617666302728398,-0.9584417854701069,-0.19840943451092366,0.20744417365307768,0.015997525438316253,0
24.302,16.36807052924937,20.232874149419583,0.8162199963577355,-0.28561648505218473,0.013468754054081983,0.014928244519280322,-0.958133061555773,-0.18079114760651183,0.228572589967654,0.0021090549927654974,0
24.352,16.35927239177165,20.24499394276571,0.8156895242070873,-0.2869001656066789,0.014082147509881479,0.005019493054779364,-0.9578438248408992,-0.17313813674782016,0.2554287792222397,-0.030726739108712042,0
24.402,16.350109736513428,20.258498818655507,0.8114290704183662,-0.2814591681984194,0.00994796657200909,-0.009632556296335882,-0.9594732869951798,-0.18409888242587802,0.2654123168844858,-0.1365710521366321,0
24.452,16.341060080745383,20.271410158684574,0.8088864508234259,-0.271719425576666,0.004488296469601888,-0.020378473988091367,-0.9621502620469451,-0.1796632048599808,0.23756271129264211,0.028132326015563158,0
24.502,16.33102405154184,20.28233736489886,0.81143174004988,-0.2594976557960017,0.0011854892750633734,-0.02396686068869471,-0.965445571143339,-0.2238447731432594,0.2077971385418495,0.05886076947251294,0
24.552,16.31882457803353,20.292208394611343,0.8140894767257023,-0.2469746480786257,-0.0024658242181445538,-0.02506618477698535,-0.968694549018467,-0.2620167730666803,0.18812562955919998,0.04619900223944741,0
24.602,16.304795282165617,20.301029893510048,0.8159618162069195,-0.2340868569706055,-0.004748588546007415,-0.024759270899704817,-0.9718887656542595,-0.2973913040287969,0.16472466925764503,0.029484523873074188,0
24.652,16.289088671310115,20.30868333952341,0.8172182011576753,-0.22069682905540514,-0.005195272465159679,-0.022933486057623423,-0.9750589592461312,-0.3294696754821935,0.14103138939051293,0.021057725567437253,0
24.702,16.271840540270002,20.31493061256987,0.8178760542403809,-0.20754862160288376,-0.003830058031481539,-0.01961017387606421,-0.9780206242236258,-0.3580909336432052,0.10868077727782072,0.002788117227819325,0
24.752,16.25324246004431,20.319623016142742,0.8173148189933057,-0.1959921985871169,-0.0009996710396365457,-0.014327926799884391,-0.9805002647956904,-0.3837170630254917,0.07919947479491035,-0.029815355818739377,0
24.802,16.233665126431386,20.32274361769012,0.8139501240497243,-0.1877780324589538,0.002797492429715683,-0.004750605163530047,-0.9821960172554818,-0.3957270998570295,0.05190435369249153,-0.11233103210341963,0
24.852,16.21491639017326,20.325537758380698,0.8080990431157615,-0.18429516330687212,0.007475352414361571,0.014089076401858646,-0.9827415274700247,-0.319720558004499,0.04271147860038179,-0.033202561907385936,0
24.902,16.199888846001542,20.327946926672045,0.8085380292178451,-0.1763188791453593,0.01252501405674726,0.02209478077810026,-0.9840053849152303,-0.30277462094477836,0.06810034993747993,0.023002157610282906,0
24.952,16.18470229007863,20.332666419713977,0.8102770367862675,-0.1683801052850743,0.012460204799272463,0.029055887554790754,-0.9852150216267265,-0.3040738162256507,0.11600484826855428,0.044430649351633295,0
25.002,16.169577895738048,20.339334288387946,0.812518925105238,-0.16010880402185929,0.01085603530045136,0.0343373568066828,-0.9864422250186657,-0.30142326905160277,0.14645579816804086,0.040958904904163554,0
25.052,16.15467335625473,20.347089868276456,0.814170437565495,-0.15275827306609713,0.009063001475952761,0.03499050671783612,-0.9876023675820854,-0.29563738354994135,0.16226559407474633,0.025676256349583912,0
25.102,16.140007096345226,20.355549636868343,0.8150083090931912,-0.14670977657133444,0.008342150399372554,0.03053358571946891,-0.9886730248814396,-0.2905204700146254,0.17582521966824616,0.007000244327069554,0
25.152,16.12558078362762,20.364755396179955,0.8148244577782887,-0.14119833735695583,0.009156346219374695,0.02175990919241259,-0.9896998015577656,-0.28679598093223707,0.1921828011485841,-0.018610997110362938,0
25.202,16.111338801769737,20.374588632848106,0.8119003698010899,-0.1341514575507011,0.010001272404191344,0.008489461938626016,-0.9908740031019653,-0.28307940611873667,0.1944001933055358,-0.11230866611774944,0
25.252,16.097755667611978,20.383726218508155,0.80652168578176,-0.12493986227780571,0.007738980808422297,-0.008031769731767854,-0.9921016226501331,-0.24957013416940035,0.17197831146857667,-0.022666147111093583,0
25.302,16.08539051872984,20.391481657252452,0.807856159121982,-0.11699912009605684,0.005596699064301,-0.013534299237324892,-0.9930240206563423,-0.25673355248881696,0.1377452707926672,0.049656538914167096,0
25.352,16.07229914570469,20.397358537851936,0.8104916335994335,-0.10715518019607077,0.0026257179310944334,-0.016181666890270004,-0.9941071504717929,-0.267136801835917,0.09987735249268234,0.05091627287602049,0
25.402,16.058749965670394,20.401417537217778,0.8126613954270263,-0.09658362705472154,0.0009527458717436026,-0.017476307549268374,-0.9951709772369284,-0.27383589621986093,0.06387334913812008,0.03595847202108639,0
25.452,16.044987864991217,20.403717858681585,0.8142610605500887,-0.08530661161113029,0.0007907027928511913,-0.016893788095791958,-0.9962112008647044,-0.27596849462606843,0.028705552273481254,0.029224681445242973,0
25.502,16.031213175815427,20.404124033850746,0.8155563525038106,-0.07377200458423515,0.0021206793568281242,-0.014222135236385066,-0.9971714621508215,-0.2737669994682299,-0.011089692430783966,0.020594047799401688,0
25.552,16.01750538729261,20.402623538387296,0.8162392740626011,-0.06287897056039969,0.004687182719554922,-0.009054874393614593,-0.9979690749863618,-0.2743625021313848,-0.04823794647730207,0.002544650903715316,0
25.602,16.003883898680623,20.399255996429616,0.8148119503901017,-0.05401147450710632,0.007539587791592947,-0.0001574580520686549,-0.9985118379090273,-0.26848184493227933,-0.08107260166618095,-0.07321306017101879,0
25.652,15.9916178968731,20.39548137060583,0.8112735842762028,-0.04820344016436953,0.01013327120532962,0.012823467276645902,-0.9987038118771776,-0.19357601939425553,-0.060434164452231924,-0.008932288989156111,0
25.702,15.981759476266229,20.393433643856817,0.8118483130788181,-0.04649648934805398,0.011584656803366275,0.018054634235357397,-0.9986880906407581,-0.22326015096352742,-0.018751492285314177,0.032986543648213885,0
25.752,15.969688197089193,20.394086197028987,0.8139144732855698,-0.04961892504721778,0.00744510329258107,0.022633516001445062,-0.9984839791741951,-0.2551492554465984,0.03701710221809159,0.04443324980717436,0
25.802,15.956333287201394,20.397034805707992,0.8159983465031497,-0.053006833410753795,0.003676714538899936,0.025511072434185444,-0.9982614600219838,-0.2786163340206832,0.07719297695774618,0.037239726725978584,0
25.852,15.941716980790714,20.401683284347477,0.8176452358292211,-0.0565610099714245,0.0013299363100420368,0.023942573593298766,-0.9981111343884277,-0.3063085712568454,0.1067698625546069,0.02870001153107639,0
25.902,15.925592292715066,20.40774803858215,0.8186548452497773,-0.061164193104914555,0.0006994838224535396,0.017600802446393296,-0.9979722761467128,-0.33631698047759195,0.13469268436100817,0.008056783416928026,0
25.952,15.907925044395695,20.415117211680982,0.818106311262964,-0.06652671959111811,0.0013404092610452528,0.007310313982748602,-0.9977569634900735,-0.36857061538893343,0.15927291300144672,-0.036470235011659094,0
26.002,15.88890063538463,20.4234623231443,0.8132659537975232,-0.07009459712831138,0.0008014051898484636,-0.008028291166087952,-0.9975077201426039,-0.38692467069540254,0.1661982051888114,-0.17518604528388954,0
26.052,15.87103115244378,20.43185474943188,0.8086516552343037,-0.07140418395500539,-0.0009466650306783559,-0.022322368141187494,-0.9971972012694422,-0.32667905459913543,0.15380219753642202,0.015129060548465835,0
26.102,15.854731068132521,20.438472468956782,0.8107726845264608,-0.07118686304526624,-0.0016825893913554417,-0.02804993889563922,-0.9970670992218457,-0.3368900337349659,0.11964153977233914,0.051273882305053434,0
26.152,15.837309365390308,20.443846681688147,0.8130937658343902,-0.07057155980370296,-0.0044220638567937535,-0.030732691652547068,-0.9970233708203181,-0.3582433362087697,0.09620183741821778,0.04041694797364638,0
26.202,15.818940571312552,20.447976818432952,0.8147784049175623,-0.06988265199033565,-0.006844087434148842,-0.031500794192010045,-0.9970342388219501,-0.3756104977680756,0.06954643984272331,0.0284167255430606,0
26.252,15.799774344519362,20.45079666818224,0.8161338827748322,-0.06881870254209076,-0.008226409325210219,-0.030291717000661352,-0.9971352587543929,-0.39079221965547983,0.04402520978431744,0.026507570866012096,0
26.302,15.779850105321172,20.452270141148766,0.8173297862882098,-0.06742877104006237,-0.008441471165514391,-0.027034046265495527,-0.997322045651806,-0.4044993539493739,0.01565432550297252,0.018885055849646087,0
26.352,15.759267117518284,20.45240043136194,0.817898050038363,-0.06602396634245106,-0.00740232924392953,-0.021711774592635198,-0.9975543294649234,-0.4177889641732349,-0.009829828190887197,-0.0007778925306939244,0
26.402,15.738316506174773,20.451211421478867,0.8161688011227445,-0.06530069342478655,-0.005441501108446884,-0.013572326053753827,-0.9977584885479142,-0.41574728156021734,-0.034234210759839435,-0.0816176431094882,0
26.452,15.718447011684523,20.45014971665219,0.8105833502292155,-0.06885342028969385,-0.0034630410084080902,0.0029057583945283957,-0.9976165447853883,-0.3495644249625899,-0.021895691613253387,-0.058565552661623665,0
26.502,15.701006214550686,20.44970147404109,0.8105173723482506,-0.06932760833375222,-0.0006106119719365847,0.009984209763898518,-0.997543796247128,-0.3656494556443353,0.016438521265913046,0.024120659905846484,0
26.552,15.682225675898959,20.45195497092616,0.8122058529592072,-0.07088333184721843,-0.001797487654907565,0.016730616672217237,-0.9973426736935179,-0.3857065068054997,0.06762423757443994,0.04012296673927216,0
26.602,15.662544918887804,20.45630875525949,0.8141058939661852,-0.07225137053129291,-0.00324131125698187,0.021827051848472598,-0.9971423234249406,-0.40091139648855406,0.10240604518021904,0.033160437722748314,0
26.652,15.642217759126188,20.461987816685824,0.8154181428472626,-0.07452428502419088,-0.0032961048777244177,0.022229553356287284,-0.9969659540785972,-0.4123472833211032,0.12319488466239335,0.019131575254959506,0
26.702,15.621274325743862,20.468715525266084,0.8158580124281628,-0.07808326266781451,-0.0012375887891248486,0.017662352703651837,-0.9967896035583984,-0.4241738615992806,0.14675741805614062,-0.0036465777812840112,0
26.752,15.599652905225506,20.476754869421917,0.814773998827121,-0.08185194606372401,0.0023377011039771604,0.009361766735697264,-0.9965977881787194,-0.43900907707327,0.17443032674041886,-0.04803955157236211,0
26.802,15.577463543658956,20.485801448367816,0.8099214149966301,-0.08261174800866876,0.004482424764827757,-0.004557128735022051,-0.9965613074652615,-0.4512447655833768,0.17730254241936044,-0.150521876155722,0
26.852,15.556249178033914,20.494505635166615,0.8052742318658545,-0.08107524702535436,0.003292018146269741,-0.021100071073583027,-0.9964791788778079,-0.38955146924752704,0.16022436074229146,0.011368577949600335,0
26.902,15.536804016734157,20.501633722050563,0.8075738459134695,-0.07925501865181299,0.0023789928300510118,-0.02744086682941322,-0.9964737734829078,-0.3977353452363394,0.12980772590501372,0.06190653359963835,0
26.952,15.516532833002893,20.507342185341134,0.8106377556811268,-0.07714153026377549,-0.0010101506771057415,-0.030207169282336584,-0.9965619352695144,-0.41082148014688596,0.09920680715150698,0.055916628710152225,0
27.002,15.495747558892567,20.51151839406457,0.8129724252973406,-0.07498459359654577,-0.003831734799857221,-0.030753454679351897,-0.9967029916463924,-0.4204645828660725,0.06884792338707431,0.03857908397181384,0
27.052,15.47458197595641,20.514194985582986,0.8146584292235997,-0.07237302616139077,-0.005185887845120932,-0.02910040214644773,-0.9969395258722642,-0.42597667226897445,0.038963108681338336,0.02978133233533569,0
27.102,15.453170848090297,20.515293076017375,0.8158741222726044,-0.0694619477985023,-0.00485213975907866,-0.0254595639662276,-0.99724786545294,-0.42903981830118737,0.005744414901011136,0.016956062177977828,0
27.152,15.43161826393577,20.514800428303804,0.8162515008994242,-0.06689699550020607,-0.0029475303891543397,-0.019807155743446235,-0.997558910861411,-0.43276047793193706,-0.024907072218730862,-0.0064663703942814755,0
27.202,15.41010226354593,20.512740923129783,0.814141910185678,-0.06589049385137703,-0.0001740678089089192,-0.011070530018533057,-0.9977654312941131,-0.42544589647323916,-0.051650913583646665,-0.08858465836681564,0
27.252,15.389950052630017,20.510888289835783,0.809145237664742,-0.0684377402106479,0.002439889379295911,0.005766142607951458,-0.9976357422697424,-0.347586987396087,-0.032536318274456834,-0.034902124204112116,0
27.302,15.372670628687086,20.510118232121165,0.8093942989997411,-0.06868595456903259,0.005107752106280483,0.013460098984817677,-0.9975344486526165,-0.3561713987929695,0.01120098779508583,0.028943528266020608,0
27.352,15.354645588092641,20.51198252198326,0.8113295154109919,-0.06928986731944763,0.0035845662096155115,0.020325544381713558,-0.997383044480669,-0.3618996854865202,0.05831623675138245,0.04330033248197097,0
27.402,15.33666322002558,20.51576836611234,0.8132887331607225,-0.06973192540295611,0.002321793070581091,0.024807427676850007,-0.9972545609765793,-0.35663018266829044,0.08969267758927915,0.03254870030895148,0
27.452,15.31911412141249,20.520765037740826,0.8145373158166315,-0.07084169055744576,0.00272559099352301,0.02451371794980928,-0.9971825829129675,-0.3468475077916826,0.10888981501934264,0.018443253338309443,0
27.502,15.30188163510406,20.526821894402204,0.8151038923219617,-0.07261706833750765,0.0050486891944762835,0.01934712996259519,-0.9971594459692463,-0.3430009484014857,0.13390219421419222,0.0029512688570204094,0
27.552,15.284592089705178,20.53421925396424,0.8145613876461628,-0.07451301008821683,0.008445563185285361,0.010232169775975946,-0.9971317799026127,-0.3491899944781642,0.16085390562911056,-0.032874447271918524,0
27.602,15.266969990429995,20.542558805362194,0.8100995127677771,-0.07375164987461864,0.010042868920513124,-0.0043590209051594655,-0.9972165431145662,-0.35580912374237733,0.16276552211375075,-0.15875987012135234,0
27.652,15.250768582582124,20.55040141436226,0.8063076680732477,-0.07180018125506234,0.00916067249416744,-0.018821302947624005,-0.9971993655265475,-0.29068773059309905,0.13826322068138805,0.021477579205947058,0
27.702,15.236493423478619,20.55617765676124,0.8085941708904654,-0.06915952491311217,0.008897403827841693,-0.024862729971050334,-0.9972560558739685,-0.2883794651531758,0.0985883555692376,0.05500886671178569,0
27.752,15.222070037144666,20.560264923286805,0.8111430495771985,-0.06607854303701965,0.006915958809371391,-0.0280220168832072,-0.9973968930338857,-0.28765085250060496,0.06592121572874807,0.044990422563020056,0
27.802,15.207808163128913,20.56270898253003,0.8129873065550992,-0.0626021033063376,0.005498835413454625,-0.028849923917155424,-0.997606345890348,-0.2821012020562553,0.03283540056809485,0.0297775149370147,0
27.852,15.193960898110191,20.56350791521872,0.8143413416870003,-0.058575244884716056,0.005174915451612863,-0.027135130783559728,-0.9979007193173692,-0.2725284768604517,6.788392883998206e-05,0.025718269745122525,0
27.902,15.180318267791131,20.561766147630177,0.8152666302797699,-0.06499089153328165,0.0057695445292858276,-0.025026107816925294,-0.9975553068883796,-0.2690437405704731,-0.05496583249409608,0.008393890998339374,0
27.952,15.167148569563139,20.558290387278365,0.8152503941009319,-0.078997262868189,0.007285660868452803,-0.01945072272992001,-0.9966584274415822,-0.2631252515532133,-0.07879464426038324,-0.010515493303173315,0
28.002,15.154029005672534,20.554233497064367,0.8127576886873015,-0.09414719168377784,0.007620706775817879,-0.007895355061079058,-0.9954978124007879,-0.2576331312294954,-0.07740523503095942,-0.09611687623426578,0
28.052,15.142339517926624,20.55098280725373,0.8113211433324543,-0.1089289228073907,0.009059063570114066,0.0017525655101288105,-0.9940067161027564,-0.2123608119738579,-0.047280421649282305,0.022513981338235792,0
28.102,15.13103501627188,20.550689487457227,0.8134318699567052,-0.12566446107016183,0.008886698644865253,0.007331019427380333,-0.9920059102471596,-0.2369790725597117,0.02751058644998571,0.04932697996696642,0
28.152,15.11898277856682,20.55321189587979,0.8155832083943267,-0.14237135912787569,0.007602271980050337,0.012723387409619714,-0.9897023375609691,-0.24387605657061198,0.0685998502215737,0.03520574756975632,0
28.202,15.106662430002082,20.55747927087405,0.8168251790151039,-0.1594380761723996,0.007910444007911964,0.014548136092270555,-0.9870690332891013,-0.24903748249594473,0.1007254167984834,0.015129538784770264,0
28.252,15.093839493315508,20.563311513846788,0.817292084381749,-0.17723045503322213,0.009776404047019644,0.011540893340558868,-0.9840531466915426,-0.2655513261511485,0.1336836443547846,0.004089813750182341,0
28.302,15.079967022421362,20.571181955113577,0.817047744132104,-0.19561972427559965,0.01184373505198854,0.004742952950600174,-0.980596835509714,-0.2878403327728701,0.1809204866179307,-0.017076119250605388,0
28.352,15.064809940355351,20.581596322629395,0.8152611057076813,-0.21442757107820146,0.012389710934178151,-0.004426396854773715,-0.9766512780083562,-0.31405171534807896,0.23527023188508642,-0.062220121958389336,0
28.402,15.048978185681094,20.594406683974743,0.809398226134796,-0.23069392781406864,0.009243695694709517,-0.017713237501146884,-0.9728212101803956,-0.32216955400733605,0.26195828324232234,-0.17616762552296525,0
28.452,15.035272238700822,20.60656923142157,0.8046479632486948,-0.24234139210877956,0.0047757057244636044,-0.034358569985156476,-0.969570694160146,-0.23465514769208443,0.21344509705347534,0.013488558949718385,0
28.502,15.023175616203824,20.616737912316914,0.8067769018511757,-0.2543796079915611,0.002181011311401975,-0.04224551196808232,-0.9661788524627691,-0.2543527439278359,0.2039285360468004,0.05636511190727389,0
28.552,15.009880844009935,20.626629165219462,0.8096394575060724,-0.2679510130975692,-0.002397510301390964,-0.04551793274686455,-0.9623536898265584,-0.2755830021416945,0.18997994840066304,0.05500947154852393,0
28.602,14.99562595660789,20.63571522600728,0.8121183023126219,-0.2821785302927509,-0.006456791595224459,-0.046108174671347806,-0.9582315080984312,-0.29363445058108584,0.17463170599233413,0.04454668204475614,0
28.652,14.98049836879387,20.644114773107287,0.8142812397493862,-0.2965459891318482,-0.009475124428755966,-0.04379964725185709,-0.9539666080358817,-0.31124191739923435,0.162877127797583,0.04253078595157256,0
28.702,14.964443733053784,20.652053626483287,0.8162749695271109,-0.3107630036035393,-0.011235928737119826,-0.038693181059318724,-0.9496330592582755,-0.32950999192990865,0.15524066965190217,0.03464878428940488,0
28.752,14.94738093526136,20.65980569711054,0.8176564169334377,-0.3244411172450438,-0.01133329605820428,-0.030914018757242537,-0.945332661704609,-0.3521734559416986,0.1549536055010644,0.0159828875631438,0
28.802,14.929448879601438,20.667623840118782,0.8166434750419962,-0.33707859164975096,-0.009226237374777957,-0.01974667893973575,-0.9412241859759952,-0.35669716740947416,0.15964599674171395,-0.0736944556301698,0
28.852,14.912545546318233,20.675747746022132,0.8128948161263247,-0.3496892767907027,-0.004499132230433888,-0.006584102035501465,-0.9368317976601536,-0.3103253371585665,0.1407595843477347,-0.02504817688807166,0
28.902,14.89726089514537,20.684462023167185,0.813828043670685,-0.3642520339664552,-0.0012972004307418906,-0.0017857626841645457,-0.9312977955917108,-0.30096577275221553,0.21007858937412457,0.034692537325565695,0
28.952,14.882726825616192,20.696404731289807,0.8154477189375172,-0.37897374515454607,-8.041586858507514e-05,0.00449441597841117,-0.925396506499695,-0.28394617205173767,0.2589984306866976,0.027380678792351325,0
29.002,14.868819701307231,20.710241373708122,0.8164043292974934,-0.39345201931735757,0.0017197699913009852,0.007627635150574881,-0.9193119003190819,-0.2728314589522283,0.29250174398934886,0.01027801420052004,0
29.052,14.855283801670915,20.7257724609803,0.8165487987829617,-0.40812919175495427,0.004111416760319433,0.005428822987116147,-0.9128987824346388,-0.2699943099477302,0.3307855818525743,-0.004036090149257464,0
29.102,14.84188099545845,20.74372795606067,0.8157730759191802,-0.42257411993216887,0.005963704338299582,-0.0008136250038681437,-0.9063083831723459,-0.26455873275960246,0.3865293510891386,-0.030469670862215654,0
29.152,14.828853403215199,20.764650354441454,0.812959248692097,-0.4361746325183953,0.006070735969576253,-0.009100167694080799,-0.8997955451435454,-0.2523320226555198,0.4460432944389619,-0.09134846622164346,0
29.202,14.816318060118975,20.78765899208787,0.8061112186907052,-0.4456858394692417,0.00027379415346461553,-0.022948017971460788,-0.8948952150975781,-0.26099174149532883,0.46481005300712736,-0.1830607892511933,0
29.252,14.805364877547666,20.808542965923063,0.8025264099428282,-0.4520154522370002,-0.006074444084748536,-0.037631578109700206,-0.8911952627774764,-0.1993315866400021,0.3771455130741223,0.017007123530904222,0
29.302,14.794990671253771,20.827296404406507,0.8048666390444261,-0.4581578941549583,-0.009451053013934152,-0.0433787982665495,-0.8877613989588486,-0.2169743940654645,0.37687982248921087,0.06216396479385908,0
29.352,14.783612256524346,20.84584186550887,0.8079228349419619,-0.4652224460197693,-0.014047294094755474,-0.04448379340684425,-0.88396376700187,-0.23662878464653755,0.36285981435293074,0.05598705346391028,0
29.402,14.771321523554375,20.86356412083172,0.81034373495513,-0.4720587978082162,-0.017445535925131216,-0.04329955883293468,-0.8803302180960398,-0.2540669019315406,0.3471385916304386,0.041945210721348006,0
29.452,14.758222844108458,20.880581444986632,0.8123436193768007,-0.47810830836212637,-0.018911209825818457,-0.039873094940043555,-0.8771915115400589,-0.2700265412118666,0.33524549263556397,0.039055594308119265,0
29.502,14.74423525449786,20.897135528523272,0.8141624034831116,-0.48329097874946025,-0.018396449207264066,-0.03453286700513268,-0.8745849767817653,-0.2884726842496622,0.3268452031294731,0.03087038371832503,0
29.552,14.729290120913028,20.91339887494183,0.8153187429902702,-0.4877942081026447,-0.015713430639350334,-0.02768384674926503,-0.8723780735829053,-0.30898400663781683,0.3225574650455881,0.009893492362092787,0
29.602,14.713444316182814,20.929166011247595,0.8139100268356173,-0.49235440756934395,-0.010698509940090754,-0.019009840765616987,-0.8701214312877069,-0.3185741388282163,0.307601451466769,-0.08054547030633843,0
29.652,14.69893745095883,20.944278539183628,0.8090321560854533,-0.49944289877949055,-0.0019068238022355395,-0.004023943836909256,-0.8663353639080673,-0.26204675348228407,0.26568374018287105,-0.038613998931244495,0
29.702,14.68640417405478,20.958459105166227,0.8095924490160145,-0.505115700855067,0.0030841485578895172,0.0021428361577055773,-0.8630434664781192,-0.23422747543599584,0.31396901749136724,0.03460834934542166,0
29.752,14.67561156855728,20.975412964682533,0.8116237787193566,-0.5112281771386168,0.0051403477833522815,0.009902504178691233,-0.8593726014571238,-0.20101219142467436,0.3585061784276973,0.04178899856438047,0
29.802,14.66620082194679,20.994117310365482,0.81342306178818,-0.5170409751599101,0.006489246439651419,0.015147710027577008,-0.8558020019649734,-0.17821229815624792,0.3867956027571157,0.02878904372579425,0
29.852,14.657679232166767,21.013969078472265,0.8145091481592875,-0.5237080380875649,0.007070666511483886,0.014716182754418997,-0.8517413518684506,-0.1641108565776214,0.4076262635972583,0.014882957311088631,0
29.902,14.649888737903067,21.035122359830094,0.8147813678309404,-0.5310365982886667,0.007077813044392009,0.008863912968114174,-0.8472729589025039,-0.14610893289070373,0.4387827176007652,-0.006408926199549429,0
29.952,14.642966905300282,21.05807321882657,0.8134878404267419,-0.5383229476639252,0.005954181159550607,-0.0005984520884301895,-0.8427173865539033,-0.12966245613163294,0.4771963916698215,-0.05515362270234976,0
30.002,14.636718563013446,21.08247488900077,0.8080043125931294,-0.5422578799617326,-0.00021048547297377568,-0.014329174607188112,-0.8400898892799211,-0.1314642395048525,0.4925618893861808,-0.16585949875521164,0
30.052,14.631118378403825,21.10530489049855,0.80430933925073,-0.544104635473079,-0.008443339177438095,-0.027516088802237118,-0.8385235360663826,-0.10548022585994668,0.4152508987023039,0.01923392435165327,0
30.102,14.625234041821345,21.125672709260524,0.8066482727779101,-0.5456071043699439,-0.012120654207078866,-0.03272710940702552,-0.8373141069589702,-0.13012961586906094,0.4090218736726175,0.06039951227622982,0
30.152,14.618016562132976,21.146007440791983,0.8096003736491835,-0.5474375643853164,-0.016350027814482394,-0.033384004701973585,-0.8360205128586241,-0.1575252638282953,0.40258786904341576,0.05389237665551546,0
30.202,14.609439921779177,21.165888012838106,0.8118918896924733,-0.5490441508760274,-0.01911492866892353,-0.03210829748975316,-0.8349576019913305,-0.184612961055463,0.3931150712839919,0.03872339303825878,0
30.252,14.599580139994693,21.185292688056794,0.813648766616144,-0.5502125339999396,-0.01968323842047145,-0.029212244674061555,-0.8342813568070131,-0.2093429850744152,0.38384753039581354,0.032333352163465647,0
30.302,14.588402237533629,21.204265015263278,0.8150449102650443,-0.5510804866262127,-0.01798826152622787,-0.02494922867814031,-0.8338850374574701,-0.236507394505652,0.37455855617276873,0.02101209916279141,0
30.352,14.575880265603889,21.222864749184392,0.8156024142403262,-0.5518408478868451,-0.014077041809817347,-0.019439332125094754,-0.8336039994289507,-0.26388586417359927,0.36853281932254184,-0.004395030589341764,0
30.402,14.56211504157399,21.24089105865218,0.8133520704259439,-0.5534520886226646,-0.007908239632490845,-0.011703417192795084,-0.8327612355117983,-0.2789106082815795,0.35300804370797484,-0.09711271151979932,0
30.452,14.549521460407709,21.257890018530908,0.8086528841581228,-0.5574422963491716,0.0022364500185244503,0.0021622569555640085,-0.8302098585159869,-0.2267732695960869,0.2984024902271873,-0.020200827951648997,0
30.502,14.538965634415057,21.273725631869667,0.8094245530265856,-0.5601280490746318,0.0076550153040030825,0.008135680740075714,-0.8283307190243748,-0.19044709720732358,0.3428213256866083,0.03464579800891685,0
30.552,14.530388786886189,21.29194155282898,0.8114682217268536,-0.563038989455566,0.009936248359077278,0.015606095745323671,-0.8262232247383204,-0.15487079091922276,0.38029975519665327,0.042516925664643976,0
30.602,14.523344311892286,21.311630930157722,0.8133268656619027,-0.5658329127893238,0.010983900788841032,0.020482545858943848,-0.8241922919094463,-0.12937305396833892,0.40546467309682666,0.03009511509706421,0
30.652,14.517320873035981,21.33235602046569,0.8144897817140407,-0.569476214816097,0.01075838169246986,0.020064498297623946,-0.8216924691696725,-0.1137370186189785,0.42358849151977485,0.0169342995807678,0
30.702,14.512077954311241,21.35414694715432,0.8148992045095383,-0.5740885699727953,0.009708015024834364,0.01432351172521295,-0.8186103500950404,-0.09504565072997857,0.44771490657445234,-0.0028901719714377353,0
30.752,14.507769461869051,21.377347191098988,0.8138662527437395,-0.5788376195798488,0.007810248114592742,0.004849777522051251,-0.8153910042682035,-0.07732073829344006,0.4783321941361818,-0.04788043790428851,0
30.802,14.504070025090433,21.401692733875063,0.8088993967394851,-0.580899422129389,0.001415289987165781,-0.008659156665454868,-0.8139280541484225,-0.08145263465295273,0.4925672785407366,-0.1555548570339225,0
30.852,14.500665469776962,21.42486331892507,0.804730029762906,-0.5808765568256196,-0.008335197302355022,-0.022251109155375256,-0.8136447863519432,-0.06274688198441095,0.42236504223675003,0.02045257422078534,0
30.902,14.496844262054257,21.44557367096283,0.8072485537336158,-0.5808080281414789,-0.012329494424002763,-0.027581519453131618,-0.8134797341042443,-0.08949542901638509,0.41655907355908744,0.0638808064027222,0
30.952,14.491610834134724,21.466384049279323,0.8103281532692738,-0.580846331789465,-0.016627766483800613,-0.028437567269089917,-0.8133463966824335,-0.11863440802013005,0.4138352255695409,0.05519320385136945,0
31.002,14.484939669307899,21.486913682609654,0.8126091294156838,-0.5808517960007086,-0.01931318341702305,-0.02750617836753945,-0.8133151923950911,-0.14763278213719508,0.4076467553215282,0.03741644218050454,0
31.052,14.476850424365358,21.50711286414339,0.8142704535378249,-0.5806404009759983,-0.019795541604768877,-0.025194483709027243,-0.8135294089814095,-0.1751001944635221,0.40095654493894406,0.03012147568334258,0
31.102,14.467323318976067,21.526991138613013,0.8155558009799718,-0.58016964284417,-0.017994895706936662,-0.021637043651249493,-0.8140093412194959,-0.2047856572898093,0.39354438277029347,0.01897886201705967,0
31.152,14.456348886947852,21.546564671478684,0.8160237507879559,-0.5796758597804657,-0.013977708653347309,-0.01689643548157087,-0.8145520435899697,-0.2336411144662102,0.38872022943415935,-0.0056244177817181724,0
31.202,14.444030374086555,21.565623699249347,0.8138039661770322,-0.579995920711179,-0.0076385576445893106,-0.009986250326534303,-0.8145223503378641,-0.2520389514788512,0.3735171321700383,-0.09411055607823644,0
31.252,14.432626383793174,21.58362946712618,0.8087872753551146,-0.5829821061449117,0.003017855990760161,0.003554353500610431,-0.8124716136772133,-0.2057270345716227,0.3152327704113839,-0.030739384920789335,0
31.302,14.42313472317339,21.600084667995965,0.8092383942155548,-0.5843186333212941,0.008775315860728328,0.009111816810083126,-0.811425722650878,-0.168892625091084,0.35367321685118364,0.030330516058265457,0
31.352,14.415722518566996,21.618784135325793,0.8111593638600424,-0.5859783716101491,0.01122032264091759,0.016305191188787337,-0.810084929563097,-0.13076333353566902,0.3894091595961316,0.04200916374794897,0
31.402,14.409919811562874,21.638895171019268,0.8130526719623141,-0.5875906849671582,0.01233445925985168,0.021241919916147427,-0.8087854034865295,-0.10435843423919104,0.41318322841593286,0.031452497649797295,0
31.452,14.405178680474629,21.659970689018987,0.8142801817277935,-0.59004827213889,0.012000836563878197,0.02111356849711448,-0.8070026231016818,-0.08764821083934439,0.42966626037503747,0.018382940419734616,0
31.502,14.401252576649322,21.68198917273899,0.8147516631165223,-0.5935329826616028,0.010746093058491583,0.01567072924684219,-0.804585326874454,-0.06871917265116215,0.4505821158193625,-0.001724498700483086,0
31.552,14.39828090200566,21.70523579001512,0.8138165370185644,-0.5972141978598743,0.008673396227345746,0.006343368235008719,-0.8020098102591421,-0.050051209369577056,0.4776831104701803,-0.04489208740627588,0
31.602,14.395951523146898,21.729491454810866,0.8090502983273627,-0.5984099310278821,0.0023086492554730527,-0.006958798498192926,-0.8011565388295104,-0.053763960803497324,0.4902878625490914,-0.15012870926036917,0
31.652,14.393786545060232,21.752630119668115,0.8047290615019334,-0.5978759353798625,-0.007745093903902706,-0.02051402610497326,-0.8012886834013309,-0.03936066331891308,0.4232060823219995,0.01996491525654668,0
31.702,14.39106107219576,21.77339622109397,0.8072926173813485,-0.597069628945509,-0.011907658401263234,-0.025713732294002853,-0.8016887611996212,-0.06848952673246751,0.4177933312542118,0.06505926372885687,0
31.752,14.386838429382806,21.79431398055376,0.8104449689937698,-0.596196033574807,-0.016350468826587018,-0.026456491725759024,-0.8022362530853262,-0.09902717739132035,0.41659703369320755,0.0566696735036947,0
31.802,14.381111786549566,21.815014452425206,0.8127898567366519,-0.5953470000101693,-0.019118065050193693,-0.025494530881831998,-0.802836520135167,-0.12922292843213748,0.4117636853883478,0.03840599964687974,0
31.852,14.373913397834217,21.835450609919473,0.8144833474157652,-0.5942467318766834,-0.01960835305355553,-0.023241005769866936,-0.8037077763685101,-0.15794391583227457,0.4063516345599827,0.030531883476959332,0
31.902,14.365202238267646,21.85562347509328,0.8157749609807938,-0.5928338348312111,-0.01780525418464588,-0.019862402105199982,-0.8048829120967542,-0.1892804007811967,0.39979795059955253,0.018880510044606513,0
31.952,14.354970949900892,21.875520804971167,0.8162361751162646,-0.5914812940766334,-0.013750033174722323,-0.015389061671846845,-0.8060545838378356,-0.21938799182733626,0.39552281985390036,-0.005594889525460098,0
32.002,14.34331278934419,21.894928754580103,0.8140386116357394,-0.5911002106566243,-0.007349211328699666,-0.008803104983791476,-0.8065166057789426,-0.24022413832455716,0.38032625052781643,-0.09392857751138356,0
32.052,14.332441617611682,21.91319912441897,0.8088520275325342,-0.5935426057982216,0.003460949919500879,0.004445098182793808,-0.8047828514761344,-0.1958980847206959,0.3190052274918254,-0.03410844271085713,0
32.102000000000004,14.323472358842645,21.929750805992594,0.8091588806026601,-0.5943209968816819,0.009317220426527073,0.00982671307892477,-0.8041139084602087,-0.1585702245844236,0.354957429004549,0.02805249524808675,0
32.152,14.316595158347134,21.948486132529247,0.8110048285823276,-0.59551492993612,0.011733282445627163,0.01683079394513871,-0.8030822016963182,-0.11993257258637792,0.3899670437823733,0.04157948690817355,0
32.202,14.311349099400033,21.96862690209207,0.812931614796472,-0.5966819091488762,0.012776551883803128,0.021718583352658867,-0.8020821417744984,-0.09305167904082982,0.4139042284177781,0.032962146596419814,0
32.252,14.307188462387922,21.989749198167164,0.8142567879858008,-0.5986412045729596,0.012309706318794923,0.021697672619259367,-0.8006287468737856,-0.07578324981813041,0.4306585827701324,0.020470201336759565,0
32.302,14.303846842780212,22.011791849406,0.814833459117772,-0.6016482429249747,0.010893670135523104,0.016404465635565964,-0.7985183862901845,-0.057183048937540636,0.45042363297493004,0.00024127489706569439,0
32.352000000000004,14.301450903999909,22.034993026464534,0.8140132406299417,-0.6048465784469688,0.008688137060981108,0.0071696429910894964,-0.7962623493766264,-0.03860080448854017,0.47611518500517,-0.04178668491690404,0
32.402,14.299727922419752,22.05913194700636,0.8093953795759811,-0.6055934000772843,0.0024217629513385514,-0.0060113139743881465,-0.7957478450811815,-0.04076341662220988,0.4869332281008708,-0.14760501400438936,0
32.452,14.298163147255893,22.082083807469566,0.8050496176797965,-0.6045126612590063,-0.007385924469904041,-0.019618197982775906,-0.7963196699851055,-0.02789618062790822,0.4179116137246307,0.017375093502710978,0
32.502,14.296035748258438,22.102461496237048,0.8074127612292872,-0.6031759106702167,-0.011154006030945058,-0.025160328238131344,-0.7971332177368885,-0.05604299613796266,0.40760246771173647,0.0600118293353479,0
32.552,14.292481275789909,22.1226985711313,0.8102991043558934,-0.6017323485613574,-0.015011563641697553,-0.02644975055321123,-0.7981185653444834,-0.08502948648123292,0.39981540242985114,0.05126899202812882,0
32.602000000000004,14.28751385401657,22.14235899016442,0.8123731715891119,-0.6003789555146948,-0.017066482556749994,-0.026145266679714275,-0.79910591912366,-0.11265263023503216,0.38682904380964606,0.032981086200635244,0
32.652,14.28123873897198,22.161249427167228,0.8137935549809246,-0.5987383461948815,-0.016692825744189458,-0.024564216495418005,-0.8003938665634919,-0.13788050170723223,0.36960639137789936,0.02543416975833792,0
32.702,14.27360727027817,22.179283464960584,0.8149105001557534,-0.5968361815413399,-0.01408192704916839,-0.021845303599317724,-0.8019420517994975,-0.16618488046982083,0.35165248134289584,0.017309883447262114,0
32.752,14.264592315161213,22.196521034446192,0.8154252134501554,-0.5952379869214451,-0.009250303826723334,-0.017918920064381408,-0.8032963855940995,-0.19405384321464092,0.3380948326212883,-0.0015727098946129807,0
32.802,14.254208959598364,22.212928659342776,0.8136205504859785,-0.5948340303610463,-0.002174371078829797,-0.011733030596959414,-0.8037599669228718,-0.21541402240643073,0.31844992057569665,-0.0842770073747817,0
32.852000000000004,14.24456217790353,22.227971514361524,0.8093400628286903,-0.596495114872384,0.00845311837571954,-5.575665605119976e-05,-0.8025721896591622,-0.16333765210123677,0.2525448363182249,-0.01770594945811612,0
32.902,14.237488462565391,22.24097395612165,0.8100342122041444,-0.5970268840427924,0.014708343603650574,0.005102688027205784,-0.8020701508805123,-0.11876754027848603,0.2810131513039392,0.03636682522203194,0
32.952,14.232642903778952,22.255715879056453,0.8122427637897931,-0.5977821723131856,0.017062165974080078,0.012002685772877178,-0.8013871052687578,-0.07779631552920017,0.3031297562284579,0.04631727779024399,0
33.002,14.229620528697533,22.271022432431625,0.8142514892445536,-0.5983683173426844,0.01837325531112393,0.01640821760201128,-0.8008424006537626,-0.045807094239609596,0.30721131119569534,0.032247203020207345,0
33.052,14.227972108933113,22.28627361065806,0.8154604837219498,-0.5993964557664372,0.01842921658408265,0.01579222028378666,-0.8000842821660971,-0.021850797636107124,0.3039626617785215,0.017613804060523233,0
33.102000000000004,14.227554155039554,22.301578755863435,0.8160161306332773,-0.6008956204604994,0.017222248442937273,0.010116837704574383,-0.7990779042526577,0.005060376666221021,0.30905523710668653,0.0033647095824118197,0
33.152,14.228425350937965,22.317414649711747,0.8155299047928178,-0.6023867749262022,0.014392811442604162,0.000540651609473326,-0.7980743875533303,0.0278597608264528,0.3250084283401044,-0.030351368734192224,0
33.202,14.23000757122373,22.333992513654337,0.8110634296184968,-0.6016694631370116,0.006634668393965707,-0.012642457988371618,-0.7986175596364844,0.03058774356935138,0.32816355779179507,-0.1597595894609953,0
33.252,14.231764644989038,22.349380120317228,0.8082207378845007,-0.5985032311131091,-0.0018616996547155895,-0.021975149791004563,-0.8008167763060572,0.024555813603658223,0.29107507830825696,0.04091922507572126,0
33.302,14.231681435910252,22.36386228284273,0.8114082172852337,-0.5903503316538472,-0.007615199232818538,-0.0243341352754046,-0.8067442869442799,-0.024878241276978273,0.2960736326053127,0.07093702252952747,0
33.352000000000004,14.229429816644474,22.37894499869377,0.8146331177301607,-0.5815361536760086,-0.012699754111481627,-0.02379671340941486,-0.8130732652375995,-0.06315400320831355,0.30479419398987684,0.055089950415381055,0
33.402,14.22530797420425,22.39423855823676,0.8167869774410131,-0.5725053779080042,-0.015354602403766907,-0.022435534585226447,-0.8194501053995362,-0.10015070475967593,0.3060069426907079,0.03271614647718147,0
33.452,14.219426884375954,22.409467424424452,0.8180983736453686,-0.5630868468378204,-0.015185362718433734,-0.020416987003689924,-0.8260059045303743,-0.13404928664803936,0.3026527869254068,0.02092334084203651,0
33.502,14.211778105425026,22.424362695907035,0.8188062052974456,-0.5535946346885946,-0.01236086390981221,-0.017588201800687958,-0.8325087655062992,-0.17057671658593007,0.2917354152140037,0.00575055940162922,0
33.552,14.202340118621231,22.43871232004817,0.8185642566527587,-0.5449735004689938,-0.007265842171602224,-0.013620965869122306,-0.8383111359232329,-0.20573641224637715,0.28146897305493696,-0.019805117174386405,0
33.602000000000004,14.19124120952445,22.452316731951488,0.8158445091092688,-0.5386351002890561,5.2592769495772874e-05,-0.006703689889431515,-0.8425124844846309,-0.23251892966076543,0.26297120137954516,-0.10072349046167506,0
33.652,14.18052932991802,22.464796913431464,0.8101955536167291,-0.5358990723381136,0.01081527847019851,0.006831362000047841,-0.8441851375806052,-0.18225984745471902,0.20480813931748215,-0.03772964866863552,0
33.702,14.17242865216952,22.47500774399296,0.8103666464368918,-0.5302908578125313,0.0178777623184491,0.011869261130387334,-0.8475441654422219,-0.14680669043981925,0.2255285652712471,0.024618418288535497,0
33.752,14.165989591339098,22.487362095591845,0.8122080264785418,-0.525084196681482,0.020324171606690967,0.018116238807257958,-0.8506146697155783,-0.11386449730837127,0.2638394083315798,0.044529623674538873,0
33.802,14.160962866558119,22.501131207618965,0.8143406353032375,-0.5195734642638706,0.021216090598470315,0.023030381049732453,-0.853851798780831,-0.08999586127049361,0.2837926079253188,0.03701352631016675,0
33.852000000000004,14.156949568093774,22.515469371857073,0.8157070467786318,-0.5147419966380045,0.02065618321861259,0.02357535171567808,-0.8567719660349773,-0.07219128182725376,0.2894532549684714,0.018699909010908546,0
33.902,14.153743965510635,22.53008550822272,0.8161604543740797,-0.510867736280965,0.01916623339877756,0.01912978781808716,-0.8592327174534846,-0.055570419116286886,0.29491329920796927,-0.0008167607469975839,0
33.952,14.151420191421492,22.54509127046789,0.815569458334021,-0.5070662619102609,0.017131569480154048,0.010327179976124144,-0.8616749182338087,-0.03858717408156032,0.3056967589436481,-0.02768037479292724,0
34.002,14.149647934418388,22.560523030480756,0.8119491370229928,-0.5014780040949153,0.012260031660674624,-0.0027008312283278886,-0.8650793076610569,-0.038289885876339066,0.30631452771378537,-0.13378141170344068,0
34.052,14.148073724398504,22.574884505070212,0.8077134014526729,-0.4954893046757745,0.0049292976376271195,-0.01505049176681971,-0.8684696504048326,-0.02738325816097753,0.2623855856339444,0.010861674640811118,0
34.102000000000004,14.145856571139667,22.58725341498316,0.8096502533148412,-0.4886538274407545,0.001304176808267848,-0.01929586432964784,-0.8722633809063217,-0.06328381131970608,0.24056318860012568,0.050055809398652416,0
34.152,14.141872651901952,22.598859762478394,0.8120504187828457,-0.48043832454371194,-0.002336318706216689,-0.0209514350340887,-0.8767751110145336,-0.0939319707133541,0.22378183611900884,0.043178923521665885,0
34.202,14.136457507721799,22.609523431516706,0.8138380083988911,-0.471491232748244,-0.004294540919607244,-0.02142164623908637,-0.8816000722732728,-0.12117248279233783,0.2026960737039672,0.029217415235026373,0
34.252,14.129603737643844,22.620020213277225,0.8158374134499933,-0.4570825903187491,-0.005550368282513863,-0.018323363629019873,-0.8892181697338122,-0.15562163490087158,0.20995166070233157,0.04472525794515736,0
34.302,14.120723817689353,22.63017244691213,0.8178705002013534,-0.4401599241582128,-0.005461937692250691,-0.013543970979624108,-0.8978006288991933,-0.19645736672656755,0.19485053718890155,0.032794101165211954,0
34.352000000000004,14.109963117100286,22.639477337776363,0.8188903924655133,-0.4229882892770968,-0.0027009937282431317,-0.007982033674288017,-0.9060959656160815,-0.2327063968336433,0.17789275520790365,0.00510626847255424,0
34.402,14.097511268636689,22.64778337272235,0.8175884795759725,-0.4067039370285513,0.0022055644368389553,-5.470908513954478e-05,-0.9135573545749105,-0.26045608963022787,0.1550316808066789,-0.06536296249314022,0
34.452,14.084617269933078,22.655343567871302,0.8123071281714288,-0.39531800013391977,0.008957450826896661,0.014020419567803487,-0.9183936360188619,-0.2327865137029419,0.13277031277863702,-0.06194608223987212,0
34.502,14.074230636597765,22.661583828942955,0.8119506912831843,-0.3808559679655934,0.015436825711295251,0.018949969911695657,-0.9243112758791251,-0.1999800808829759,0.1459017123715372,0.016427446346043165,0
34.552,14.064618418311877,22.67038801781805,0.8131037664729195,-0.367692166384045,0.01763451551194135,0.023040869209710296,-0.9294948160094971,-0.19074053668657764,0.20501691107674028,0.03143878088808575,0
34.602000000000004,14.055118835728507,22.681810958965684,0.8147701966720481,-0.3542591169819691,0.017747296543481735,0.02684688394979915,-0.934593364155096,-0.1897255233726889,0.24763790362632124,0.030594547267924228,0
34.652,14.045645259608458,22.69493234816218,0.815795913071721,-0.34124163382432965,0.016749367600250593,0.027023353414454422,-0.9394377810159291,-0.19013242664712604,0.2745787025843654,0.009471808662066837,0
34.702,14.036068352002511,22.709203461691242,0.8155445779761225,-0.32948331775233114,0.015513072904160315,0.022412207454755178,-0.9437678638568878,-0.1919608677612557,0.29395717344717265,-0.01983535440277727,0
34.752,14.026543495727923,22.72429472611787,0.8136554989235477,-0.31863737432569467,0.014808386508134614,0.01313300273421763,-0.947670016203444,-0.18831462747791866,0.3085485288662765,-0.0603222224142558,0
34.802,14.017233742286198,22.739725731624464,0.8083179466348376,-0.30569081474960613,0.012977017441658816,-0.001444834789151495,-0.9520412991296505,-0.18607486954085806,0.3022452111559834,-0.16101629409157645,0
34.852000000000004,14.008129002559402,22.754424164128856,0.8041826273115593,-0.2931781085210417,0.008245343196061293,-0.013730544434441959,-0.9559236806090408,-0.1866883891787813,0.2820372883341164,0.009680572551783433,0
34.902,13.997843242791763,22.767715937014966,0.8063260460990441,-0.2797553262909047,0.0037982730369172236,-0.016809534853111877,-0.9599166474605118,-0.22779133975601398,0.25340658299534635,0.06139676092230233,0
34.952,13.985470435863734,22.779633662403327,0.8096146523039764,-0.2644162136493675,-0.0008246678799395646,-0.01699881402492797,-0.9642584851604702,-0.2644108758777347,0.22493628327173407,0.06386423728787428,0
35.002,13.971347774781947,22.790121921136095,0.8123759026267193,-0.2484802094155766,-0.003610765450982633,-0.016298301185429874,-0.9684931147303617,-0.29906381541664817,0.19525468975241086,0.04637526864959261,0
35.052,13.955499930271763,22.79917756899904,0.8144351356841795,-0.23230902849244092,-0.0044720767544324655,-0.014665339907891595,-0.9725211790062911,-0.3337034759874204,0.16676234322453098,0.03662558471142058,0
35.102000000000004,13.93792462911412,22.806593996278487,0.8158744172045033,-0.21641840332697734,-0.003526718433539397,-0.011982188604072127,-0.976220807048666,-0.36624386757582883,0.13001096865342227,0.01819587212466863,0
35.152,13.918830210072962,22.812233809399057,0.8160696628459124,-0.20223739755558406,-0.0009542116416539352,-0.00767500379249424,-0.979305988354443,-0.3954362241629995,0.09567739096960935,-0.01513171282136509,0
35.202,13.898573689185389,22.816051866695034,0.8133866208237488,-0.191516724640075,0.002597232095603668,0.0004831252342105943,-0.9814857946799777,-0.410768816734277,0.06316646789747561,-0.10014773762681753,0
35.252,13.87878922351182,22.81934063721065,0.8075888030789474,-0.18634908396549654,0.006613068501442979,0.017814075714232092,-0.982299824359479,-0.3435557481119315,0.0567262259766862,-0.04164583787666014,0
35.302,13.862747957032163,22.82239707456296,0.8078844417753139,-0.17730598483242713,0.011504576017401813,0.025589847697712786,-0.9837557583913147,-0.3243364228564625,0.08075481572024737,0.020310355303605632,0
35.352000000000004,13.846276651556895,22.827787255448285,0.809457558997424,-0.1688324244715157,0.010913998691490708,0.03172573513104408,-0.9850735885252561,-0.334714917968585,0.13086127456672325,0.041858791551428826,0
35.402,13.829346996831774,22.835299006080824,0.8116571968112432,-0.16057328896230258,0.008498230762107184,0.03618090494816319,-0.9863239534062198,-0.3426924460778126,0.1658884482112017,0.04173203861784138,0
35.452,13.812026469107732,22.844175868080516,0.8134310335250113,-0.15364414760054013,0.005880129519914644,0.03606609077432156,-0.9874503213231495,-0.3504368255532179,0.18758233217119683,0.029053964727047524,0
35.502,13.794296834636828,22.854039588486682,0.8143984717480643,-0.1485757701725644,0.004546495329997057,0.030914995835926364,-0.9884072201933314,-0.35736705899151433,0.20581847959125865,0.007685638417874839,0
35.552,13.776284639697039,22.864788472025975,0.8140452776411049,-0.14453466466592685,0.005142936714408648,0.02156250154568452,-0.9892514035567262,-0.3623107407992688,0.22345209829567036,-0.02702384076129903,0
35.602000000000004,13.75817707364342,22.876160836551424,0.8104310059757307,-0.13912605481700696,0.006007219520109501,0.007609956641083712,-0.9902272177357145,-0.36250187527553196,0.2240380643444302,-0.1268156630195766,0
35.652,13.74057406976233,22.88680842881043,0.80480744771685,-0.13147941302062105,0.0031931473648014025,-0.010042037687488105,-0.9912628941107111,-0.33080982760984134,0.20208921240285257,-0.022301071244569027,0
35.702,13.724026734584388,22.896054290278244,0.8063937205444489,-0.12545945473189157,0.0004943471049160166,-0.015997650133143432,-0.9919696346307854,-0.342943351327344,0.16853113298954042,0.05813410986275683,0
35.752,13.706330337974117,22.90351140320384,0.8096283811068614,-0.11809514118159342,-0.0034742366892008946,-0.018395560857410675,-0.9928258007573476,-0.3638915417280391,0.1317973259306446,0.06416912536328513,0
35.802,13.687645011198391,22.909206598127977,0.8124245525528883,-0.11068823231369697,-0.006277394946366897,-0.01921338357957425,-0.9936496140146079,-0.38291625267078755,0.09756056467128997,0.04743354750275048,0
35.852000000000004,13.6680075134411,22.91326363256696,0.8145168115831195,-0.10308980304844323,-0.007527760245988278,-0.018264693846280895,-0.994475855057232,-0.4018597130132296,0.06539334962381846,0.037217254849674766,0
35.902,13.647446935756566,22.91557735869427,0.8160448987425786,-0.09537608391687327,-0.007251561201363745,-0.015484194221308725,-0.9952944575381399,-0.4181010037045673,0.028005409455193486,0.021712873999528717,0
35.952,13.62615937365473,22.916083549624634,0.8165710810647641,-0.08798584086385042,-0.005410102731901607,-0.010710184971723588,-0.996049453859487,-0.4324013493632674,-0.006672695763927338,-0.005212484368579841,0
36.002,13.604434381899681,22.914824482527354,0.8143838482778558,-0.08230976613967785,-0.002747595784663134,-0.0026922390318984573,-0.9965993703411767,-0.43276441659861287,-0.039134749033099554,-0.09560705352330487,0
36.052,13.58382882262336,22.913358188709875,0.8088494497701186,-0.08116190236476817,-3.0086270112591822e-05,0.013082367164304158,-0.9966150693064632,-0.35745968773979936,-0.026935838608999684,-0.04007793758851745,0
36.102000000000004,13.566074869129215,22.91287759371384,0.8089787363287477,-0.07768781449535832,0.0031814557241613126,0.01963509945450286,-0.9967792858440734,-0.36852751947613044,0.016358838787902112,0.023929470384668854,0
36.152,13.5471130052841,22.915080500145276,0.8107382832752689,-0.07509854850876853,0.001789749547336757,0.02545285339881995,-0.9968496160716976,-0.38784160824244646,0.06658309202931993,0.042065489008379614,0
36.202,13.527383852295145,22.91935196868423,0.8127561496164655,-0.07252908692251833,-0.00017258456752996333,0.029447488098348695,-0.9969314656532061,-0.40075159239173447,0.10053338569500019,0.035210616221588664,0
36.252,13.507138261803842,22.924941230052426,0.8141239440838643,-0.07112083219072203,-0.001016567992058386,0.028954780643364736,-0.9970468466907211,-0.40937167771681937,0.12144412332879721,0.020128787722189127,0
36.302,13.486426599942346,22.93154328556313,0.8146204581668944,-0.07104047256359715,0.00019865363072411445,0.023794618141619667,-0.9971895646977903,-0.41784311191131734,0.14260652482444158,-0.0020987224130183304,0
36.352000000000004,13.465228373861295,22.93924821932958,0.8137133390515182,-0.07134725008938368,0.003263199270665515,0.014850616974010928,-0.9973356409006418,-0.4289152532141869,0.16516372709317229,-0.04194615402296633,0
36.402,13.44361761358374,22.94772089535874,0.8092995052304485,-0.06929394224638362,0.00553980563817955,0.0004299622778304198,-0.9975808113901781,-0.4385744167185552,0.16439469378661462,-0.14049105214519594,0
36.452,13.422744946003183,22.955731844940647,0.8048382183696903,-0.06564827109725507,0.004229067113442378,-0.01638013927631085,-0.9976994089055982,-0.3867971072353123,0.1477764320852021,0.009784003610731774,0
36.502,13.403469502994723,22.96224139164028,0.8070581956380486,-0.06215949950921079,0.003009254787232651,-0.02280825211048027,-0.9978010446186423,-0.3941157395491249,0.11565165799394317,0.06130832170507988,0
36.552,13.38339118405068,22.967132040418342,0.810175634977948,-0.058352522660410425,-0.00041906136253865045,-0.02589007546626391,-0.9979601752971358,-0.40703383375447727,0.08168235191088993,0.058295853171018715,0
36.602000000000004,13.362763395786578,22.970366112511815,0.812660722525563,-0.054498071358630475,-0.0031735638023463026,-0.02680942408541183,-0.9981488583829523,-0.4179270567592631,0.04873585397136623,0.04165778285709624,0
36.652,13.341613747292335,22.972002678031224,0.8144940485705633,-0.050319652929487174,-0.00465362445140766,-0.025496285477724687,-0.9983968227790789,-0.4278818837430955,0.017514770635870862,0.0325151992527914,0
36.702,13.319969880614162,22.971973923507345,0.8158310468318684,-0.0458021664228735,-0.004758507730862194,-0.02211842550998532,-0.9986942942703274,-0.43626920569001343,-0.017570137514414583,0.018849821425673242,0
36.752,13.297921441558522,22.970278269097538,0.8162542935334647,-0.04147880065118299,-0.0035020818011740674,-0.016639393941361026,-0.9989946822125039,-0.44488859015222226,-0.04973058314079738,-0.006821273429816522,0
36.802,13.275725703247138,22.966941486457063,0.8139958764259688,-0.0386659474547188,-0.0014981656264634428,-0.007970740370772897,-0.999219278889837,-0.4400242086972898,-0.07808913482593827,-0.09539786061307334,0
36.852000000000004,13.254751593757609,22.963778660200365,0.8086353535345298,-0.03982936643669431,0.00024328353597478228,0.00894452932886256,-0.9991664314704823,-0.3656296206553038,-0.05781667661637692,-0.0379010270359294,0
36.902,13.23635896203719,22.961733521265604,0.8088441674655995,-0.03850664094070628,0.002541448320831795,0.0162897706821925,-0.9991223263519933,-0.38275174318752236,-0.015126070950638991,0.025843592156560492,0
36.952,13.216654579076685,22.962294995092986,0.810651995404573,-0.03792514543897817,0.0006491172563556461,0.022847510740323262,-0.9990191455839033,-0.4027029018152578,0.03277387094462115,0.042094975264785804,0
37.002,13.19617361479543,22.96484918177788,0.8126403904015828,-0.037345983253941964,-0.0014473058302347838,0.02725471955612522,-0.998929608682488,-0.4159420667020185,0.0657172128482153,0.03440922488872739,0
37.052,13.175163791762419,22.968717498826628,0.8140037666705696,-0.037587200505563675,-0.00212127944126309,0.02701403955513938,-0.9989258952487917,-0.4248392546192871,0.08698119046968368,0.020820014997566152,0
37.102000000000004,13.153641013884302,22.973600508810566,0.8145815605179958,-0.0390988901551874,-0.0005565610684709162,0.02199870472322053,-0.9989930049899794,-0.4351231066797533,0.10862442995159452,0.00013874955346672045,0
37.152,13.13149260769483,22.979631476995795,0.8137903193029508,-0.0410633199924349,0.0028346711633017475,0.013233728657334416,-0.9990648811846093,-0.4495843303748691,0.13235036244128942,-0.039990024783038224,0
37.202,13.108796193839003,22.98650144386738,0.8093926910859771,-0.040575045960910654,0.005421508357548841,-0.0009974969873093736,-0.9991612872265215,-0.4598192859791991,0.13252349738435673,-0.1414054785338537,0
37.252,13.08692592534632,22.99300150521091,0.804921195699338,-0.0379467615910388,0.004648422974825945,-0.017968618999914445,-0.9991073837079953,-0.4031588879801449,0.11910993731497488,0.01158257041440301,0
37.302,13.066924487833314,22.998114143429174,0.8071982650280741,-0.03559310820667656,0.0038713682171194657,-0.024490817282240857,-0.9990587285165784,-0.40731269050451524,0.08861689915666988,0.06149701501602551,0
37.352000000000004,13.046254684443525,23.001690502086657,0.8102749476849103,-0.032991179371161486,0.0006923727498867212,-0.027614545737439055,-0.9990738408983537,-0.41761941555549453,0.05561199536264775,0.05684157201718616,0
37.402,13.02517733802388,23.003637401750073,0.8126705237793422,-0.030452601556196834,-0.001958786061670413,-0.02854011920494584,-0.9991267506234579,-0.4254464059819479,0.02335542557354316,0.039774646356421944,0
37.452,13.003730826626258,23.004025517598695,0.8144197221553859,-0.027568159949528277,-0.0034603826272210708,-0.027121932658970387,-0.9992459272260822,-0.4324091050450188,-0.007161847421729576,0.031146418648246226,0
37.502,12.981929826333804,23.00278954171244,0.8157096855230813,-0.024232528706535025,-0.0037059906574695503,-0.023568504788292394,-0.9994216206225368,-0.43822554629430455,-0.041210459652918155,0.018200652534441066,0
37.552,12.959833631473733,22.999930082966497,0.8161018028179715,-0.021015342963243422,-0.0026959986660815955,-0.01783088598430786,-0.9996164996919291,-0.4448453770529218,-0.07271228658334304,-0.007620056297434289,0
37.602000000000004,12.937689239206085,22.99548479008484,0.8137766520885241,-0.01913583499591748,-0.0010179706213766504,-0.008862445040456936,-0.9997770954681491,-0.4383557579203242,-0.09883943069611893,-0.09684191180089072,0
37.652,12.91684124625476,22.99136172780273,0.8087282915112648,-0.020728604256270742,0.0004341932822127599,0.007930845162466477,-0.9997535887091326,-0.36391634481785373,-0.07456443420235982,-0.02980923080403037,0
37.702,12.898355168104057,22.988552294493363,0.8090927886292303,-0.02029257686865217,0.0023715314242345243,0.015447650594599854,-0.9996719248102555,-0.38543272945211654,-0.029730994342323555,0.027875176594777222,0
37.752,12.878469761970768,22.988347787401892,0.8109416775160163,-0.0203595857246456,0.0002563933801486253,0.022208206695316778,-0.9995460054879579,-0.4063616955079433,0.01710349421256359,0.041536064102607934,0
37.802,12.857796175168946,22.990096849697434,0.8128527063580041,-0.020424747700393254,-0.0018522928877060922,0.02657597818512151,-0.9994363992150462,-0.41991136205140295,0.04940277824286177,0.03223257567716402,0
37.852000000000004,12.836574847885968,22.993138514806635,0.8141092369289459,-0.021480499448854908,-0.0023663246946965017,0.02617327410261052,-0.9994238081883062,-0.42943909231419963,0.07031077483839407,0.01881741653514527,0
37.902,12.814789276079939,22.99720941295416,0.8145987278074214,-0.023828352013953225,-0.0005689837232511914,0.02101536201875422,-0.9994949927123411,-0.44116550930814097,0.09292504410479009,-0.001363782910166208,0
37.952,12.792283542476564,23.002476303814873,0.8137192037702679,-0.02656159699674217,0.003003420727941658,0.012186733139016297,-0.9995683791338701,-0.45769245501665795,0.1173594508923449,-0.0423964217568655,0
38.002,12.769146300527467,23.008598568263594,0.8091703532069768,-0.026590473392608338,0.005661248418390176,-0.002245513140024904,-0.999627858086118,-0.46921506805391255,0.11725411685366557,-0.1449784080107835,0
38.052,12.746985426126944,23.014426889368494,0.8049057761122187,-0.024916940191212662,0.0052316658024984695,-0.018974064468816155,-0.9994957531885622,-0.40743303979799944,0.10641096979618778,0.01720967836168959,0
38.102000000000004,12.726758037651816,23.01887691608009,0.8073133857403639,-0.023045671385636814,0.004653043552759794,-0.02556939407333965,-0.9993965440718731,-0.4114899433120165,0.07555280732554336,0.062441269148120225,0
38.152,12.705878042193175,23.021841310181497,0.810399940882797,-0.020916335568187092,0.0014387304622097558,-0.02876811295393352,-0.9993662154776521,-0.4213211864480602,0.043747541673789206,0.056493007277568834,0
38.202,12.68464858432836,23.023214253966422,0.8127687259409375,-0.018871042660785223,-0.0013163660296107887,-0.029662237889138326,-0.9993809596809309,-0.427872186455871,0.012192457962082402,0.03918929067178593,0
38.252,12.663118667336247,23.023055482942596,0.8144920339449069,-0.016457257026696908,-0.0029342872124538486,-0.02817375279540824,-0.9994632501013401,-0.4334993668239404,-0.01784358198328732,0.03083200717646417,0
38.302,12.641293339545069,23.021306586058834,0.8157765420211068,-0.013587155157971105,-0.003309590963633118,-0.02451014323457392,-0.9996017650549576,-0.4382274958128331,-0.051125187280636815,0.01828941552712604,0
38.352000000000004,12.619215238453311,23.017963368889863,0.8161828507161101,-0.010802875270609734,-0.0024569931962749245,-0.01864130668416648,-0.9997648537308303,-0.4441520999931129,-0.0821669348092615,-0.007160652564168349,0
38.402,12.597124528569168,23.013059663703253,0.8138809657732712,-0.009291823261281288,-0.0009607856398937942,-0.009580355626241764,-0.9999104738412891,-0.43694143832602833,-0.10772352149686967,-0.09662783417447866,0
38.452,12.576341904209647,23.008526407131086,0.8088236953095407,-0.011218140631844621,0.0002858534740217414,0.007258622979925324,-0.9999106880121806,-0.36297209532253566,-0.08192477600855762,-0.030347369070160925,0
38.502,12.55787260655952,23.005347456342875,0.8091692629791897,-0.011148423723741703,0.0021140334470817618,0.014831604874985352,-0.9998256182994585,-0.38567664746537234,-0.03715248956761704,0.027768124167692348,0
38.552,12.537951806972597,23.004768597326954,0.811007898911344,-0.01155946660105386,-5.984609720771603e-05,0.021638206398824734,-0.9996990362975186,-0.4074335888429132,0.00957807389725038,0.04123371369202382,0
38.602000000000004,12.51720826920153,23.006138245421706,0.8129012529609971,-0.01194683428591336,-0.002160112859756051,0.02602600581381607,-0.99958754198137,-0.42156485757687256,0.041761712802371495,0.031899866826965,0
38.652,12.495891798967934,23.008799240356456,0.8141475467701569,-0.013324430815534753,-0.002596686769624668,0.025638883566426417,-0.9995790936242764,-0.4315606198219657,0.06254931712832441,0.018682946430124553,0
38.702,12.473984410862274,23.012486537705428,0.8146297615201075,-0.016011621549375382,-0.0006833808541107717,0.020497613328601696,-0.9996614470978663,-0.44394233830859414,0.08537235673895748,-0.001536758418720929,0
38.752,12.451317522625226,23.017379699936974,0.8137297485127533,-0.01905260595191705,0.0029928168258806244,0.011711688000384397,-0.9997454064000848,-0.46130405053509455,0.1099385517160594,-0.04314535224846664,0
38.802,12.42798697033456,23.023131653122718,0.8091301244624299,-0.019287464978009566,0.005725905204922474,-0.002733577050828597,-0.9997938463807493,-0.47322286113056794,0.1097394846429246,-0.14617102035446405,0
38.852000000000004,12.40566578246302,23.028618985870093,0.8048573668316934,-0.017810621283176155,0.005427937587018323,-0.019464995865661968,-0.9996371507697221,-0.4099953769542879,0.10019043426966356,0.01800816684091917,0
38.902,12.385313930296583,23.03275879223881,0.8073094510324708,-0.016087825063492156,0.004927915851850539,-0.026047698118402515,-0.9995190918400786,-0.41381325774078687,0.06934942759691315,0.06324557698326601,0
38.952,12.364332431658143,23.035417847855403,0.8104207119303111,-0.014120681649552637,0.0017348171830267587,-0.029254467575322504,-0.9994707463882961,-0.42300303667746536,0.03774740533833966,0.05668886198727869,0
39.002,12.34303764427804,23.036496982059838,0.8127889309392429,-0.012226578016186656,-0.0010253620714170285,-0.030139193399745134,-0.9994704039859553,-0.428831284660999,0.006406785132237719,0.03905617558473684,0
39.052,12.321478403129511,23.03605638836117,0.8145042236011483,-0.009958191859798649,-0.0026658385634699628,-0.028622591292074784,-0.9995371303695342,-0.43376617973196363,-0.023385623762239315,0.030694063882304286,0
39.102000000000004,12.299655815370299,23.03403543034921,0.8157855484303548,-0.007229866262325635,-0.0030828730311949783,-0.02491761222715984,-0.9996586104909004,-0.4379065960534746,-0.05647134978488337,0.018317091960716948,0
39.152,12.277605053291975,23.030427482509463,0.8161988561162279,-0.004583321364027796,-0.002294627832022754,-0.019008845298327554,-0.9998061770407347,-0.44339588156735715,-0.08741519432637654,-0.00691067521874121,0
39.202,12.255564553619786,23.025265664694842,0.8139156993649409,-0.0032037025014725784,-0.00087639238933404,-0.009931635958788597,-0.9999451639134238,-0.4357645945106996,-0.11278376717974208,-0.09609594662266396,0
39.252,12.234837944791305,23.020471486775467,0.808650564928462,-0.0054189346787259654,0.00013738107757434398,0.007173076711994492,-0.9999595808050799,-0.36306940646805996,-0.08854202920580075,-0.03367189182036804,0
39.302,12.216371194653036,23.01696940004528,0.808984328107222,-0.005534123183600947,0.0017743356786498392,0.014815558072462804,-0.9998733542066659,-0.3857148118268388,-0.04370589606577836,0.028070904708809477,0
39.352000000000004,12.196462446858336,23.016073712494624,0.8108412673230948,-0.006170145396835294,-0.00037684102563792797,0.021670257190895638,-0.9997460613825404,-0.4074352263836049,0.0033250393570800106,0.04201337137211242,0
39.402,12.175700132796315,23.017135479796313,0.8127980498170411,-0.006718060010305712,-0.0024765995281016756,0.0261133717849729,-0.9996333457515788,-0.4223137890152429,0.03560640586322611,0.03356749718913732,0
39.452,12.154330108064656,23.019493083131223,0.8141386366034176,-0.008196865374085571,-0.0029715928202886234,0.025802472019615916,-0.9996290379294841,-0.4328302121339327,0.056544352666979214,0.020631157798233032,0
39.502,12.132357017117688,23.022870660721935,0.8147172364862895,-0.010978641124773312,-0.001108991671402637,0.02075126548017743,-0.9997237741283822,-0.4452367014155383,0.07898392686231963,0.0002604235216242684,0
39.552,12.109623874309467,23.027432698550875,0.8139215822791847,-0.014117260439498711,0.002573153123492935,0.012057711016865452,-0.9998243312931127,-0.46275200981969,0.1031950518286072,-0.04056698787249068,0
39.602000000000004,12.08622673136996,23.03286620943706,0.8094516897010554,-0.01455469751906906,0.005434128695308195,-0.0021378692656770578,-0.9998770227085195,-0.4739451979988902,0.1037771441504379,-0.14338804174052103,0
39.652,12.06373140393707,23.038027776733504,0.8049515913426922,-0.012571550178015346,0.005133262507083481,-0.019247226572217627,-0.9997225365127226,-0.41333711561677766,0.09457134570749523,0.012968078459179059,0
39.702,12.043265560253204,23.041945111431,0.8072952259615438,-0.010871973954110008,0.004683686896924345,-0.025844506948770964,-0.9995958807037808,-0.41583202344437936,0.06500346165872757,0.06231406683142796,0
39.752,12.022222416714378,23.044378205153198,0.8103756149934834,-0.008894923181410256,0.0016643786363286204,-0.029044904748981998,-0.9995371447292362,-0.4240022312404442,0.03315533477901525,0.056288422783003764,0
39.802,12.000888830940676,23.045224935448246,0.8127226854887464,-0.006989203629909472,-0.0009276524089303537,-0.029993682008619457,-0.9995252220595497,-0.4294215483767733,0.0017556529057268324,0.038605242111997715,0
39.852000000000004,11.979306595153938,23.044551498947673,0.8144198724616772,-0.004703207452753155,-0.002458180351199471,-0.02855824018220972,-0.9995780430295144,-0.4340604032725616,-0.028124392973545805,0.0304209586511188,0
39.902,11.957479103486119,23.04228923345798,0.8156895931522874,-0.001958372221241481,-0.0028204643686816347,-0.024932212088606038,-0.9996832471134832,-0.43779090272148824,-0.06135009509959069,0.018066790673383244,0
39.952,11.935448896565722,23.038434959544215,0.8160843473200772,0.0006649610015592013,-0.002003097326300815,-0.01908918835130375,-0.9998155571484459,-0.44268811767082256,-0.09238519546212713,-0.007436925120024235,0
40.002,11.913457093793223,23.033031672695685,0.8137805681318502,0.0019778502953217655,-0.0005778462050735225,-0.010034857496237904,-0.9999475265417705,-0.43478240202293567,-0.11718482905768916,-0.09563055574332549,0
40.052,11.89275947591407,23.02803155705061,0.8085663384427711,-0.0003006389990975514,0.0003433302236003266,0.007156976436156028,-0.9999742843837744,-0.36275660753506617,-0.09225081745422047,-0.03263664859386005,0
40.102000000000004,11.874290453261269,23.02433832682069,0.8089482427307289,-0.0005257593954300339,0.0018836979727433624,0.014869856875294239,-0.9998875249824419,-0.38598273450600695,-0.04774828171886512,0.028788561473261098,0
40.152,11.854363385219239,23.023232992632526,0.8108289950687604,-0.0012763133244774408,-0.00036208151850035104,0.021763522720089995,-0.9997622662413719,-0.40782184059810445,-0.0009641925919829635,0.04227308205768157,0
40.202,11.83358082978378,23.024074085685005,0.8127917179739934,-0.0019497900040459123,-0.0025251470616466072,0.026203268896515853,-0.9996515446146186,-0.4227468066846049,0.031075146316593198,0.033610682256568325,0
40.252,11.812185936577688,23.026205928213795,0.8141392906397822,-0.003530925488444548,-0.003046647838950666,0.025874145061355776,-0.9996543298158033,-0.4334161409797964,0.0519662386512468,0.02087920451245709,0
40.302,11.790176152906238,23.029354710409045,0.8147340664034233,-0.006406753501862329,-0.0011855351087096575,0.020806665475114516,-0.9997622870902252,-0.44611646741566147,0.07442176351356687,0.0006268985368336445,0
40.352000000000004,11.76738914644179,23.033687184602897,0.8139592363422963,-0.00960394078038012,0.0025115742877431938,0.01211388169601725,-0.9998773475713607,-0.464028869124244,0.09857658130272766,-0.04010880553525716,0
40.402,11.743924809496583,23.03889235554571,0.8095022171317869,-0.010065190594418748,0.005419554875161704,-0.002056868580601537,-0.9999325425521941,-0.4751469182047586,0.09921506188778068,-0.14332060580923942,0
40.452,11.721374177566231,23.04383495211024,0.805004623191979,-0.00801001494019663,0.0052115851354921664,-0.0191794921997441,-0.9997703866988628,-0.4142578675144938,0.09055269354301766,0.01294732844386004,0
40.502,11.700873423101829,23.047555762157064,0.8073383700585577,-0.006168873160383743,0.004805595253345684,-0.025797462937586092,-0.9996366050541449,-0.4164083691872346,0.06109170481374074,0.06197230515858161,0
40.552,11.679807154711003,23.049792361033326,0.810403130469505,-0.0040121497237644976,0.001805568529997695,-0.02902049770898013,-0.9995691338219687,-0.4243640268686975,0.029214353858193244,0.0560368001759175,0
40.602000000000004,11.65846164553162,23.050439886422616,0.8127405538451068,-0.0018883730583545279,-0.0007810751351351597,-0.029985221308202192,-0.9995482531983753,-0.4295425736811539,-0.002219002501975981,0.03845577578447607,0
40.652,11.636879300968717,23.04956663568488,0.8144304874611501,0.0006499821800980834,-0.0023135523760178145,-0.028550061288694493,-0.9995894752341985,-0.4339225510976979,-0.03218802337169145,0.0302531215571397,0
40.702,11.615067308293762,23.04709476631687,0.8156910765523822,0.0036459476219270616,-0.002676149442514236,-0.024930348058559083,-0.9996789599845435,-0.43731194503692966,-0.0656564969355612,0.017871847522635455,0
40.752,11.593069725620868,23.043018019540696,0.8160764909822303,0.006457732141671856,-0.0018607824269200755,-0.01910406390250317,-0.99979491393323,-0.4418703182018504,-0.09698084037496302,-0.007594129435271213,0
40.802,11.571129475665268,23.03737919804737,0.8137727353680494,0.007843539856404597,-0.00045356663284814485,-0.0100674190483017,-0.9999184567921203,-0.43368436251061565,-0.12193780740529996,-0.09528479345815004,0
40.852000000000004,11.550464989628075,23.03215022756264,0.8085678980044739,0.005495565042733205,0.00037678215742836503,0.00715611532227437,-0.9999592225753806,-0.36208144068959097,-0.09606496258078263,-0.03292604610490418,0
40.902,11.53203664631702,23.02825809431517,0.808935311894731,0.005191584431028319,0.0018916258448313363,0.014924569542068566,-0.9998733551939171,-0.3853360115423924,-0.05206795596416554,0.028579188425014914,0
40.952,11.512160041441723,23.026941092418138,0.8108242439513399,0.0043713239955769385,-0.0003409807956461204,0.02184398724611685,-0.9997517769325609,-0.4062029035963204,-0.005102440906304599,0.04272102627159124,0
41.002,11.491535517780612,23.027573180160967,0.812809155895354,0.003659287637023496,-0.0023386734280511708,0.026329549252979766,-0.9996438841190998,-0.4176309394831518,0.026648900511015147,0.033804682617099374,0
41.052,11.470569645384394,23.029468783299116,0.8141399379080099,0.0021080654143598924,-0.002419130269977068,0.026055960796258125,-0.9996553359913244,-0.4214476646630955,0.047117924713771346,0.020194927911102015,0
41.102000000000004,11.449318470623249,23.032387521311858,0.8147019806130479,-0.00043396376891813136,5.5423162573234376e-05,0.021102079987357306,-0.9997772305988608,-0.4284188684985948,0.0700837968928816,0.0007211179064049709,0
41.152,11.427542597982477,23.036528746668115,0.8139540605415113,-0.0031012514941128003,0.0043147784268156315,0.012535951865675672,-0.9999073031222041,-0.4417741114890393,0.09499746158258192,-0.03907080290794326,0
41.202,11.405235532951297,23.041541213947852,0.8095927703551624,-0.0029062263156317204,0.0075940913361172944,-0.0016546927498228095,-0.999965572216006,-0.45190134675049043,0.09535821634279419,-0.14197941993962196,0
41.252,11.384152643512504,23.04631686884757,0.8050103002512045,-0.0012542407093226859,0.008137341495548669,-0.018464258654319218,-0.9997956199673882,-0.37758595835659403,0.08830397280225113,0.013387657463694209,0
41.302,11.36568951348164,23.049845609465983,0.8072853769714696,0.0007801539046220078,0.008773413792713548,-0.025084708692319786,-0.9996465255079557,-0.36984301423253474,0.05637524556650145,0.05942527692968465,0
41.352000000000004,11.347260433664013,23.051853613020924,0.8101742115143272,0.003170892778894374,0.006711027884372211,-0.028545246489164726,-0.9995649435862545,-0.36502960667226325,0.024998985680542034,0.05170794243160208,0
41.402,11.32926825056312,23.0523144463222,0.8122867077758055,0.00563513230169636,0.004971316102892693,-0.029576802944586724,-0.9995342635586457,-0.3545009049362315,-0.0053163753442217665,0.03388833656040119,0
41.452,11.31194853990316,23.051309437547204,0.8137600005260641,0.008527530865790103,0.004264821249474766,-0.02800820411973085,-0.99956222068415,-0.33920640836668103,-0.034282154268890794,0.026908565339633466,0
41.502,11.295360448081324,23.04877231034101,0.8149950034372523,0.011746005480979513,0.004540808026390122,-0.024093897099503606,-0.9996303799606462,-0.32415717111598846,-0.06607843017157067,0.020850918390564358,0
41.552,11.279397289595403,23.044690382373336,0.8157973315768444,0.014701774906599577,0.005668599476156047,-0.017752856439378184,-0.9997182407472704,-0.3146982305590748,-0.09659732706609621,0.0066274040261086655,0
41.602000000000004,11.264918744783342,23.038829330064384,0.8141916219427989,0.012018293472463727,0.009369286005038916,-0.008970786866467725,-0.9998436388179717,-0.26917251259505687,-0.1272080682529926,-0.08132985845950005,0
41.652,11.253019749064022,23.03344416235193,0.8114888439430931,0.005505446828123603,0.0135031627064852,0.004588344184635642,-0.999883144047238,-0.18923699771673694,-0.08478499603216413,0.010637673316277744,0
41.702,11.243864367316226,23.030769200786207,0.8127489255185463,-0.0003637472483799347,0.016824716739505873,0.013404406129696782,-0.9997685324568313,-0.18454645678981196,-0.025661952365922083,0.034394658442610936,0
41.752,11.23503931202803,23.030538695083777,0.8144275214226819,-0.005416912223788644,0.016177197611296778,0.020736262801758026,-0.9996394163619305,-0.16481918280461486,0.013334722827154748,0.030335471221459794,0
41.802,11.227621021275633,23.032026468023453,0.8156078632539642,-0.009395160044766194,0.016180655680794177,0.024377517644984775,-0.9995277154651299,-0.13331136312671557,0.0444452370991478,0.01772096046793248,0
41.852000000000004,11.221668492589775,23.034977196324014,0.8164169883194994,-0.013345240539333218,0.017611037506729547,0.02312176387097517,-0.999488439126926,-0.10790797439857902,0.07294542428137736,0.015901111067179355,0
41.902,11.216688992130686,23.03949750505562,0.8171506389070269,-0.01769984312398682,0.020086967864036003,0.017226259759875975,-0.9994931141584219,-0.09272883922488942,0.10716952760514868,0.011075720916771585,0
41.952,11.21208660077785,23.045659417724792,0.8172124228114169,-0.022101960540593175,0.022430577911725143,0.0068465879014526065,-0.9994806134932859,-0.0950089098033413,0.1368813642894872,-0.016781481549507857,0
42.002,11.207084914362024,23.052729122553895,0.813462458114184,-0.02402214747164641,0.021728257913585645,-0.010491412412127891,-0.9994202066720933,-0.09108955426673616,0.14092911211753822,-0.12491328059290914,0
42.052,11.203475900809961,23.059513318895103,0.8133559918237687,-0.028371317314837025,0.020784675467796516,-0.02079877378921975,-0.9991648896095097,-0.057264065666777726,0.10648859208747899,0.04883796032176555,0
42.102000000000004,11.200782362284691,23.063412657891703,0.8157315065118227,-0.030870755577756814,0.020727848265482327,-0.027097417027178782,-0.9989409806123667,-0.057591553294444715,0.058130982350093965,0.0391520208123478,0
42.152,11.19792205077436,23.065434200997483,0.81704228423992,-0.03358212493497466,0.019438554562653327,-0.03095169670125229,-0.998767428359916,-0.05853296265439043,0.024801896273739587,0.018094391163868965,0
42.202,11.195014381919021,23.065802540105018,0.8177679442365613,-0.03598643180349348,0.01815915824671392,-0.03190771979132848,-0.9986776852996874,-0.05677217584585398,-0.008962305233225531,0.012468768968024057,0
42.252,11.192315816534608,23.064548546573548,0.8184689076412468,-0.03792612061914396,0.017481178000216098,-0.02968117442637996,-0.9986866604071455,-0.05154144923703483,-0.039710273839381326,0.015984206585990913,0
42.302,11.189893388555562,23.06179361395908,0.81927215406744,-0.03987538305178043,0.017207612947252558,-0.023914602273281096,-0.998770215655854,-0.04418071770340175,-0.06905638609203492,0.013061539830527264,0
42.352000000000004,11.187657034130382,23.057609296020843,0.8197244583234216,-0.0419862522800906,0.016980839422141472,-0.014455249949707946,-0.9988692864739019,-0.04527298311826706,-0.09694226115671895,-3.923959207985904e-06,0
42.402,11.185583048585055,23.05241504972135,0.8178831669966535,-0.04526139105486786,0.016459538679640433,0.0006414543515709544,-0.9988393657653594,-0.030542673669506654,-0.10481493313111756,-0.07986432242675197,0
42.452,11.18477419892018,23.04714798866903,0.8174203917791538,-0.046344544105459975,0.017745541444736227,0.009986474343412296,-0.998717952837876,8.789987952885427e-05,-0.08775239935933342,0.02806669712762859,0
42.502,11.184360192762838,23.044528946468418,0.8192964866083962,-0.04936028857561287,0.01875677341937906,0.01524453593615931,-0.998488532476321,-0.014541125380539283,-0.023085306205846548,0.03808621888714126,0
42.552,11.18370879585549,23.044457038177207,0.8206890190181472,-0.05191021818459711,0.01912113420193099,0.020604089998060033,-0.9982560708306311,-0.011896013227941019,0.015496378978068942,0.018275908830640817,0
42.602000000000004,11.183210428804482,23.04600464513362,0.821157067706887,-0.054158434958705336,0.019807964577409964,0.023190230394570556,-0.9980664916108389,-0.007993034520938266,0.04457182492970564,0.002418704687087423,0
42.652,11.182959937728434,23.048913229620045,0.8210449188958783,-0.05662818855014673,0.021067455275106083,0.021684610380124918,-0.9979374671102499,-0.003134921897375701,0.07119690175359929,-0.00503800505786944,0
42.702,11.182841982199866,23.053250700510688,0.8207099024623273,-0.05957476018603909,0.02286813260318392,0.016190611131277725,-0.9978305269790126,-0.001310095611924871,0.10126727942742278,-0.009678101859100983,0
42.752,11.182565692510916,23.059043507005978,0.8198943735564884,-0.06259040738648348,0.0241934025335051,0.006733571305007858,-0.9977232979110617,-0.011778084834418105,0.12839403918040346,-0.029080769712902254,0
42.802,11.181504170494982,23.06562696187721,0.8161634523725304,-0.06358547170259467,0.02234283358628852,-0.00925169899421989,-0.9976833624158585,-0.025696173698301426,0.12592233973266742,-0.13248764562909715,0
42.852000000000004,11.181192541724009,23.072191842491932,0.8146631729552339,-0.06653740756450066,0.019854146975019034,-0.01974058547068367,-0.9973910444393227,0.0067447130966975365,0.11023597068137805,0.03501025660501587,0
42.902,11.18131713514553,23.076224295005872,0.8167384400362032,-0.06752190324229035,0.018768061919544717,-0.02518322907832994,-0.9972233237382242,-0.00690284604723341,0.06044927809533388,0.0367758916993743,0
42.952,11.180681251903156,23.07840529388398,0.8179789498272001,-0.06842924185250396,0.016694994367731576,-0.029088845958417524,-0.9970920494434603,-0.018479130091009363,0.02861082797778033,0.016928208015744437,0
43.002,11.179537752529098,23.079037589336608,0.8186553035143213,-0.06892762688679382,0.014827368394263884,-0.03064913481629,-0.9970405016513965,-0.025555871791357824,-0.001963005148199232,0.011585496314386576,0
43.052,11.17821727834739,23.078200975903314,0.8193247999278074,-0.06919091371275089,0.013833700866453028,-0.02922714681783984,-0.9970792446284399,-0.026926102137302843,-0.02973174301360002,0.015661846139046826,0
