time_s,x,y,z,qw,qx,qy,qz,vx,vy,vz,obstacle_contact
0.002,-0.43237779796047787,0.1833937550000335,-1.738256147239666,1.0,-4.4998127092174544e-12,8.88307676463196e-10,1.739675932459369e-13,1.976106119656983e-08,1.6745897378720324e-11,-0.019607621275427662,0
0.052000000000000005,-0.43367535965063553,0.18516670143771205,-1.7518384541685972,0.9999764459475391,0.005468268364588293,0.004058827311442794,0.0008552847928647996,-0.02896186280281675,0.03115182243663918,-0.46884626038852667,0
0.10200000000000001,-0.4361066750959539,0.18684871520556662,-1.7616747078139114,0.9999360852828337,-0.0020587167202480465,0.011114309402185801,0.00024323079471459842,-0.030083663267887303,0.06443874041475342,-0.019410154842782606,0
0.152,-0.43813452725310886,0.18890085605975226,-1.7623871396606337,0.9998656145337121,-0.0006090208781507393,0.016204127856379587,-0.0024100222208375006,-0.0421861708080739,-0.002989039207433144,-0.0006970874135539978,0
0.202,-0.439454371090423,0.18661805158345318,-1.7617444260050248,0.9998099014119115,-0.0012738054380632118,0.01861049160171241,-0.005673452278037529,-0.013685487572156128,-0.0778462574238871,0.015873566561545892,0
0.252,-0.44002984512619775,0.18155788330457612,-1.7610372839894228,0.9997706340555653,2.8943045003008177e-05,0.020229944761909115,-0.007030489126830647,-0.007696260539046594,-0.12370006309236158,0.013658682367258944,0
0.302,-0.4401344097943192,0.17415377702014864,-1.7606151612658354,0.9996907613107177,0.005404560730720053,0.022736401782694853,-0.00849873562833731,0.002587855725152862,-0.1701656366250998,-0.0017072281313555105,0
0.352,-0.4394852185950135,0.16476180727888634,-1.7620393915398151,0.9995258065242024,0.016396555262361133,0.024264641140741994,-0.009515369566187242,0.025508778193026497,-0.19945876046096378,-0.06898327402945482,0
0.402,-0.4383842514901112,0.15457004401165028,-1.766242641540778,0.9991988573476974,0.03122243114060669,0.023094038212044237,-0.009667919516876082,0.017924651168308783,-0.20941190770099416,0.003769074500180148,0
0.452,-0.438188689680881,0.14651092745240574,-1.763820931267874,0.9990020999058938,0.03711656080793296,0.022872275694275492,-0.009696612912295873,-0.006746652824897586,-0.12232937639142531,0.06178804299152546,0
0.502,-0.4382903380442819,0.14173785070970302,-1.7612178635765396,0.9988725905376061,0.040909679394031215,0.02233725223511519,-0.008999620389474678,0.0037469050844619336,-0.07491495166177953,0.0398361502902484,0
0.552,-0.4379200864252651,0.13892498622931154,-1.7597745343303026,0.9988758339622958,0.04200501887534151,0.020210450593627843,-0.008613036759084302,0.010724972592614724,-0.03900549282782918,0.02182312566749749,0
0.602,-0.4373269471371985,0.13788330681773678,-1.7588766693907438,0.9989909799632168,0.040436097192085324,0.01781883338325186,-0.008027027648159612,0.01125019239157858,-0.004251744526311028,0.015133358447841607,0
0.652,-0.4368113282174845,0.13848612938075056,-1.7580699335663017,0.9992065122459822,0.03583284314644447,0.0159102295466359,-0.007015542248090709,0.009907078724895099,0.02682744895010631,0.017371625514259557,0
0.7020000000000001,-0.4363872664030801,0.14063525329680082,-1.7572846020460244,0.9994848445774643,0.028066538926864896,0.014414535662482951,-0.005876735000302048,0.005658748015991075,0.05803856960594467,0.011130278767713237,0
0.752,-0.4360072683894752,0.14434007665940815,-1.7569848911069503,0.9997542105731789,0.017085020808923268,0.013201457701141922,-0.005034085788300628,0.008985696987824287,0.08889510494296783,-0.0038121002965575378,0
0.802,-0.4356347985427726,0.1492524889376834,-1.758922430280763,0.9999127107652985,0.0011352364224936709,0.011940964612125772,-0.0055403476776549315,0.0021953371372380867,0.09864940603017897,-0.08752391464437076,0
0.852,-0.4359738378421441,0.1542899513948442,-1.7605786161110402,0.9998443427931956,-0.011622184879240133,0.01211226557480376,-0.005432129022834568,-0.02064308341037393,0.0883366682057531,0.02263217418849053,0
0.902,-0.4363615584742532,0.15727388790129357,-1.7586707899784415,0.9997457136582902,-0.01750179299449169,0.012796619969629875,-0.006200143644027144,0.0022328533178768055,0.03392731604569841,0.041614202601374856,0
0.9520000000000001,-0.4361141313389711,0.15793908956588035,-1.7571371560527986,0.9996325880170525,-0.022679724476751963,0.013334405343855452,-0.0065201768468341696,0.006559830037152723,-0.0029290755517011355,0.019776834617021188,0
1.002,-0.4357625978506655,0.15702800388627877,-1.7566723178925034,0.9995575363407486,-0.025125398933317358,0.014473182136809575,-0.006631204392079848,0.007055854677639481,-0.03146065708740654,0.0006763510409946399,0
1.052,-0.4354805378957358,0.15477390073874317,-1.75694106470071,0.999562738811974,-0.023751722907930494,0.01617555001261551,-0.006966951944732699,0.005391044035473862,-0.05781857179382665,-0.008864443420337138,0
1.102,-0.4351814914956307,0.15115640766893843,-1.757475330341596,0.9996287856759684,-0.018560253936510646,0.018303826415674705,-0.00792324178262017,0.005424455580087314,-0.08607489603238677,-0.013739609282839401,0
1.1520000000000001,-0.43470685015100236,0.14617479711703008,-1.7584579377529272,0.9997062427133636,-0.009588856505947626,0.020301511723889238,-0.009128566840578224,0.015328812700882417,-0.11086621721143985,-0.03023912628347111,0
1.202,-0.43351287202216515,0.14051554520107007,-1.761876594187957,0.9997473475462285,0.005791739369246526,0.019791305801919595,-0.008944330271972277,0.030782254833565822,-0.105861371065218,-0.12359693685363801,0
1.252,-0.43286894916371155,0.13467608238155312,-1.7640518232139821,0.9996328281030409,0.01731564014189876,0.017820177040821703,-0.010808278097123722,-0.0030807911709304883,-0.10623612905974382,0.025100140290738177,0
1.302,-0.43294191438853213,0.13083738119981705,-1.7622912465671567,0.9995436826868306,0.02235528582138782,0.017073541621571986,-0.011007350870597675,0.005264732598198157,-0.05521602210054462,0.032854072997627125,0
1.352,-0.43238575060694584,0.12891004333803682,-1.7611504158597877,0.9994752914030064,0.026210848049174357,0.015473082834838992,-0.011077771752669292,0.015513045015112522,-0.02312224046781331,0.015791686681417647,0
1.4020000000000001,-0.43146855052167926,0.12855022295681182,-1.760535000451915,0.9994480100018747,0.028039739689548242,0.014073376004889209,-0.010926499405591837,0.019661927027117856,0.007219956237902746,0.010510071288053797,0
1.452,-0.43053766101095814,0.12961385263793015,-1.7599147126440522,0.9994900403960691,0.026983000265070525,0.013415245933463287,-0.010564469807046386,0.01772799945980244,0.03393276824263348,0.015025002299374802,0
1.502,-0.4297295725410683,0.13196909049574168,-1.7590900175764939,0.9996078507048674,0.022561323045552716,0.013165430530724857,-0.010089744821839063,0.013290014635908223,0.05895586131948133,0.015139590748274463,0
1.552,-0.4290425503761899,0.13651759296441407,-1.7587539577283893,0.9995279954775129,0.016493528630534937,0.013518319594849254,-0.022113453039956935,0.009737255038285214,0.10381717673994385,-0.004031732062269111,0
1.602,-0.42873102727604373,0.14184325132877443,-1.7604962957458743,0.9991342277066296,0.0040044046179382895,0.014050880627333359,-0.038952952677929836,-0.0006871519128204542,0.10052292950280947,-0.08157018427388017,0
1.6520000000000001,-0.4288499133966179,0.14678602125379958,-1.7613623919074242,0.9984278148754964,-0.00645860104639946,0.014589734909506536,-0.05373383097020173,-0.012230435274665559,0.088188323284046,0.04698780128177566,0
1.702,-0.4292936468417349,0.14959761885369333,-1.758914334159242,0.997333121896838,-0.01255190137104465,0.015177587867244671,-0.0702761308412075,-0.005718579171923305,0.03150825601443392,0.040109388124625396,0
1.752,-0.4295465048760542,0.1503959546029182,-1.7575717555366188,0.9959408987796196,-0.018143809100965597,0.01539720684906872,-0.08680699482529156,-0.0030539846438183615,0.0022626453404564666,0.016931315298049473,0
1.802,-0.42961128384627384,0.14977716579164047,-1.7570981590612822,0.9943220006708668,-0.020420777333307136,0.016494017508161554,-0.10312467319428932,0.00010110933220458328,-0.02649939830701086,0.003485128302651606,0
1.852,-0.42949839170175236,0.1477444951669844,-1.7570722728658823,0.9924782712757386,-0.01854394970834085,0.01876985672580068,-0.11954369683604922,0.005746757624266233,-0.054762536126142326,-0.0007023379494613932,0
1.9020000000000001,-0.428923847714564,0.14412040558355607,-1.7571782299466583,0.9903501922269221,-0.012837330749040025,0.02117271964850225,-0.13635767539095375,0.016262840495973797,-0.08921219078432305,-0.005642515755307069,0
1.952,-0.42755761578971385,0.1387496189583392,-1.7577737713314303,0.9878575435700208,-0.003698459763219776,0.021978855954706136,-0.15375540607766197,0.03876857637574336,-0.12529905983108616,-0.023068152840790238,0
2.0020000000000002,-0.4251237167874699,0.13167797835687367,-1.7608625239735332,0.9852028622954646,0.010139979409309883,0.01857331596870451,-0.1700809597701324,0.05573827784739978,-0.1500007322926539,-0.11719682397524671,0
2.052,-0.42395363181637163,0.12461612054287333,-1.7644611463520627,0.9828213972237081,0.024097020212821993,0.014124316755633196,-0.1824333808607634,-0.012781788691848983,-0.10799364724438168,0.027065220571575982,0
2.102,-0.42450267747817416,0.1209347373470933,-1.7625286381761298,0.9800411226855843,0.031906622872090847,0.012810252201678739,-0.1957990365160363,-0.0040362781430385965,-0.05714781509916352,0.035218852527044285,0
2.152,-0.42420301654535203,0.11859671092446743,-1.7613239367321025,0.9770168512769322,0.0364590490025732,0.010262056861553653,-0.2097701128752822,0.015523371874829382,-0.033765565369961295,0.017261387171324815,0
2.202,-0.422945499238047,0.11766514478304968,-1.7605276700934607,0.9736545450516215,0.03826211898306825,0.007780284069726843,-0.22466042003664055,0.032481058180254874,-0.004567542875858747,0.01573870232668576,0
2.2520000000000002,-0.42099355164882146,0.11812181332616799,-1.7595962260245774,0.9700592875655001,0.03651851799051223,0.006202757997839847,-0.24002687817182433,0.04496737503717737,0.021103067989093036,0.021379009870477077,0
2.302,-0.41844100146836616,0.11977764779906612,-1.7585034660066772,0.9662378084549297,0.030888808050293332,0.005556554500691018,-0.25573326680650743,0.055438691091794515,0.04426453457968668,0.019342302312535004,0
2.352,-0.4151689738903615,0.12242344928068602,-1.7576770047531027,0.9621296115468277,0.021280004406128497,0.0058880156353113226,-0.2716967119217776,0.07483446161385333,0.06009481516604336,0.008433328600554674,0
2.402,-0.4112681634186858,0.12544300369974726,-1.7591245566075955,0.9578758494542728,0.005886694918584353,0.0077232867226027175,-0.28701838738553287,0.07259430218907485,0.05834825663142275,-0.07251685261787458,0
2.452,-0.4073050041815773,0.12843877091117706,-1.7586631123078313,0.9538028427344845,-0.0063671473993133255,0.01015730582157523,-0.30019398022621835,0.0755479313443836,0.05707019288968082,0.07295849007815848,0
2.5020000000000002,-0.4041124855100285,0.1300407988405583,-1.7559130345122154,0.9489916729843753,-0.01317439938305832,0.012505074086174925,-0.31477748161091756,0.054544813929715184,0.011093710198576717,0.03461261770642835,0
2.552,-0.40172908974083776,0.12996141308691803,-1.7551368749258158,0.9435543776727882,-0.01848917423692406,0.015552386107646464,-0.33033529950175194,0.04302919318964308,-0.014345120990697277,0.0021048094805378756,0
2.602,-0.399810182031862,0.12849621010810922,-1.755394613083643,0.9378596944268888,-0.019934757538199087,0.01853300785812961,-0.3459455544318016,0.03340468708808706,-0.043750608636472954,-0.009745828175443994,0
2.652,-0.3984293053698265,0.12556078847101423,-1.7559767291682193,0.931978563673148,-0.01703678623740678,0.02154220358696596,-0.3614714902078088,0.023117801019764735,-0.07384378563887815,-0.011791231319207172,0
2.702,-0.39747989500025876,0.12092552462518384,-1.7565320211347066,0.9257952618210493,-0.010538167538065071,0.02370378964344688,-0.3771342076385705,0.014440349602450003,-0.11003475069539376,-0.012496538321097013,0
2.7520000000000002,-0.39680268786819267,0.11436600071952815,-1.7573513196470978,0.9191099539152557,-0.0013637693789455565,0.02354631207476863,-0.393294551112336,0.013090797082464824,-0.15191068386474235,-0.024629803824749618,0
2.802,-0.39624374619180447,0.105826214547173,-1.7603204615744377,0.9123878268294003,0.010868376028468671,0.01844566906819718,-0.40876654602432194,0.010294837763578547,-0.1819742369151536,-0.11060616550333464,0
2.852,-0.3967308234974727,0.09784451631372522,-1.7649744499454,0.9072933138875855,0.025240152441870594,0.010505719831675411,-0.4196086356718752,-0.04063583303005863,-0.11011217646567528,0.012617834205201415,0
2.902,-0.39798540886748585,0.09391488400508477,-1.7634862971076946,0.9012608510398417,0.03378133926907839,0.007571116941024424,-0.43189162724969876,-0.012058257795822619,-0.06736197881490784,0.029010893997066127,0
2.952,-0.3980308112295765,0.09084505378421062,-1.762401464850092,0.8948294133050156,0.03854908696937605,0.003954661180922531,-0.4447231156944431,0.011851108208916663,-0.05377725388844108,0.018261239012088572,0
3.0020000000000002,-0.3967335405027227,0.08866156847239594,-1.7614825174460464,0.8878235719678311,0.040491189893472265,0.001044032452548258,-0.4583979478526604,0.037678869690174734,-0.03382697159166592,0.019184038143458492,0
3.052,-0.3943004250929421,0.08745627039301504,-1.7603677021461481,0.8804951919129702,0.039032455638931915,-0.0002286778627442799,-0.47244537475921133,0.05828482539133853,-0.015576818363339922,0.024867352825763557,0
3.102,-0.39091326392559567,0.08709412331532852,-1.7591158154768474,0.8729380901115398,0.03387926353071547,0.000299399083547817,-0.48665305577507967,0.07554123309242879,0.0007696252804770458,0.022416009352011497,0
3.152,-0.3865395791913335,0.08729645441969934,-1.7580912188751405,0.86506110750846,0.025031993634916837,0.002726596472480638,-0.5010341757231487,0.09823631750810809,0.006171848522238116,0.013736755772615003,0
3.202,-0.381437252543852,0.0875790180367674,-1.7591265733981238,0.857064116085175,0.011134097037689085,0.007959879608954647,-0.5150279343092992,0.09538299526452562,0.004535793352288121,-0.07158967862650578,0
3.2520000000000002,-0.37629900078646067,0.0878440362926721,-1.7592258896117408,0.8498170789637921,-0.00035097492685920206,0.013259304234624101,-0.5269108083625371,0.09825834492246377,0.0076707334551096105,0.06901591277064313,0
3.302,-0.3725544952053375,0.08740642333902,-1.7564853382460008,0.8416549040572102,-0.006480046767271555,0.01714948826496501,-0.5397044807323658,0.05539320333758724,-0.023115532713168012,0.035527201556618364,0
3.352,-0.37043708188472546,0.08584641065635294,-1.7556244035279502,0.8325992485110315,-0.011399455352118063,0.021306341195254964,-0.5533485191282356,0.03157988842569752,-0.040394035227607636,0.004262476794161191,0
3.402,-0.3694437358279707,0.08329554855381667,-1.7557761671020722,0.8232686486734415,-0.012573484601481666,0.02449444102405151,-0.5669838286541347,0.008679966720747116,-0.06147103238160284,-0.007556757469064938,0
3.452,-0.3695803147879415,0.07964895253673869,-1.7562422765537042,0.8136995483148606,-0.009439581167702759,0.026384195767331777,-0.5806098634998212,-0.013148150442805763,-0.08506332023509305,-0.009651543458441719,0
3.5020000000000002,-0.3708276382840158,0.07460770759241583,-1.7567308585187889,0.8037330837855252,-0.0029297533281268536,0.02636259385177816,-0.5943984860507749,-0.03645158049239355,-0.11501427052941736,-0.01216111613514808,0
3.552,-0.37313882574760643,0.06785821246780041,-1.7575973505010654,0.7930979928203451,0.005682790871413043,0.02330974995722182,-0.6086213397747272,-0.05554203013382138,-0.15466004135802774,-0.026976475718648984,0
3.602,-0.37640477479720125,0.05927079526144979,-1.7607533727602191,0.7825716882419833,0.016133881872780677,0.014685900750498034,-0.622178089406043,-0.07062921727812406,-0.1825869849558277,-0.11484260449520825,0
3.652,-0.38029926207349124,0.05145711404373997,-1.765300722907735,0.7744024232151435,0.027478896340842555,0.003082700301763718,-0.6320888340520286,-0.08001222157288364,-0.10898319223417605,0.01561314361127573,0
3.702,-0.3828371296658759,0.04677207990126814,-1.7634879774453247,0.7656274094747653,0.033987884008240814,-0.002581347859081765,-0.6423805960992539,-0.03320757009553766,-0.09312603268377061,0.03776734611026765,0
3.7520000000000002,-0.38380831537042615,0.04186454621653376,-1.7619950160505338,0.7564314226621164,0.03713061926567918,-0.007598099994848917,-0.6529740337860162,-0.0036485119602153388,-0.10215766987753311,0.024569410935793966,0
3.802,-0.3831288847210918,0.03659626131072693,-1.7608754018786434,0.7464574090298123,0.03771438142548699,-0.011379787485315524,-0.6642661081035074,0.028701821648854018,-0.10750298842387371,0.02100847186291234,0
3.852,-0.3809655661257503,0.03108818645530911,-1.7597419529321563,0.7361817953809671,0.03533916095110467,-0.012935865720797085,-0.6757367617874432,0.055954259712469145,-0.11278004040324512,0.024129590316534145,0
3.902,-0.37755471943180374,0.02529798578809132,-1.758593611827255,0.7258059125228112,0.029852568181502843,-0.011774728450264473,-0.6871506074288366,0.07872442522712858,-0.11784291656966536,0.018768875000777223,0
3.952,-0.3730555297215877,0.018986166631813815,-1.75794005090227,0.7152953651016235,0.021278533006573126,-0.00763035844232089,-0.6984565429053303,0.09985958967098638,-0.1344239932135451,0.00211165135046178,0
4.002,-0.36801123712256545,0.011974708320182851,-1.7597526030513093,0.704991100472922,0.008541244520319603,0.0006397008940126532,-0.7091644281679603,0.09718817679503529,-0.14068727683061238,-0.07026721829896049,0
4.0520000000000005,-0.3630029915449817,0.004908607623774314,-1.7603887319285878,0.6954442454554257,0.0006988130444801102,0.007129886114027223,-0.7185443464722723,0.09106035437452929,-0.13566524322652299,0.03922835620453272,0
4.102,-0.36032762321235834,-0.0025623711911486845,-1.758433465976652,0.6845396729354393,-0.0035629947983915377,0.01140054021040352,-0.7288777462156606,0.024034899125162466,-0.16143148266003796,0.03314514013448765,0
4.152,-0.36009912942139716,-0.010947092095626542,-1.7573390547928676,0.6724624889346518,-0.007291003878042416,0.015808989260552665,-0.7399264274891285,-0.011605246763823036,-0.17468439380882445,0.012001591252653387,0
4.202,-0.3614947953088722,-0.020097725213562276,-1.7572020189755746,0.6597308528901986,-0.007554635572777398,0.018624646676717066,-0.751233154062241,-0.04345175211933794,-0.19131817991535888,-0.00485132503282651,0
4.252,-0.36444277823337723,-0.03021423122720604,-1.7576845472384557,0.6463550247035807,-0.0037446291181109414,0.019200537169835684,-0.7627860113856256,-0.07434644226127131,-0.2144902371042123,-0.013196092140518685,0
4.3020000000000005,-0.36913898113250676,-0.041708432075421596,-1.7586266489517248,0.6323182987010219,0.002836558310254667,0.017237471432754732,-0.7745117123991114,-0.11322942753223808,-0.2437472108459462,-0.0266240686590365,0
4.352,-0.3758675024439784,-0.054818109160299555,-1.7605518411518783,0.617560224807199,0.010326330504149484,0.012326483793895258,-0.7863592012761603,-0.15610596498237542,-0.2783730872612782,-0.0561051188376965,0
4.402,-0.38470280654398015,-0.06919865982954548,-1.7655847334982153,0.603828684834215,0.01819753696912725,0.002265506044498648,-0.7969031537784269,-0.18809913001005327,-0.29365421868317587,-0.15508657758930489,0
4.452,-0.39365641944731883,-0.08195153581279924,-1.7708581300145059,0.5939604915265085,0.02795181552896087,-0.011795718560239248,-0.8039219436847534,-0.15778899540721594,-0.2080894650431645,0.012429078701686334,0
4.502,-0.4006353118434548,-0.09244738338556831,-1.768835417446631,0.5837377154313573,0.03289552942155336,-0.01900085164171135,-0.811053100212277,-0.13522005525585723,-0.22135467102542777,0.04863614935993983,0
4.5520000000000005,-0.407014031060884,-0.10403393171544324,-1.7665323943820772,0.5724841260744595,0.033654411759117646,-0.02475255091027145,-0.8188507905506012,-0.1182976984829576,-0.24153860726817378,0.042962579891686094,0
4.602,-0.41240044681326826,-0.11656169743196725,-1.7646141268675126,0.5602268891462785,0.032655490953550415,-0.028672911186012316,-0.8271984742201747,-0.09820569419293308,-0.2582128459627361,0.03426327893893789,0
4.652,-0.4168698455707106,-0.1298425120875176,-1.7629168095589147,0.5475908219870715,0.029782987325585958,-0.029986864799369718,-0.8356781995965868,-0.08199605858141946,-0.27286612417015554,0.03403588058949487,0
4.702,-0.4206353786774364,-0.14389332701129406,-1.761304525925294,0.5349836771185904,0.025108346219186718,-0.02843229444728607,-0.8440104506457686,-0.06953801322311788,-0.28779137476726935,0.027920937881010157,0
4.752,-0.4239503038785541,-0.15882545615833676,-1.760205079235887,0.5226712279396615,0.0190395623134194,-0.02368425670986619,-0.8519925695304285,-0.06354373905577908,-0.30929495875166474,0.012003543042170642,0
4.8020000000000005,-0.42714254897856396,-0.17464135018986088,-1.761266871558831,0.5109262827825772,0.011282338441051244,-0.014836000792807412,-0.8594224429707181,-0.06853868079817073,-0.31564929781040457,-0.07156251065982228,0
4.852,-0.4308491349760902,-0.18988345155178393,-1.7643381105553695,0.49988972693975114,0.004198218821140357,-0.0039151521332438915,-0.8660700361071295,-0.059381484793278864,-0.27941763817160975,-0.006125243079422541,0
4.902,-0.4355725227709123,-0.20387202844687488,-1.7629821480643662,0.48645473632306435,0.002287147469961574,0.0011978791625372222,-0.8737019649461824,-0.12927438173721076,-0.2794575219340444,0.0358741735306684,0
4.952,-0.4433009969530953,-0.21760002283759705,-1.761500305007063,0.47219305933823225,-0.0013941617359192935,0.006151744177046629,-0.8814725900840223,-0.1725258924884623,-0.271762025437146,0.022476443829711982,0
5.002,-0.4527481339889588,-0.23108754348327712,-1.7608445608007248,0.4570301133871145,-0.002159965761980195,0.009230920661954467,-0.8894006971601727,-0.2044023469309453,-0.2680872050765467,0.004021423323925729,0
5.0520000000000005,-0.4638619006243276,-0.24459872889458492,-1.7610082523042407,0.44075145384210795,0.0012514815400865127,0.00914466896910877,-0.8975817315205721,-0.24183613571645715,-0.27411586334793875,-0.009852209414743351,0
5.102,-0.47735236506807405,-0.2585335726726312,-1.7620026505888047,0.4235702640577122,0.007082934882355708,0.005876435244980371,-0.9058164996004119,-0.2973897644100734,-0.2815913853436143,-0.03291804517965673,0
5.152,-0.49386696310158473,-0.2728210954477086,-1.764728117221952,0.4059151126749874,0.012977645062382255,-0.00018490144447322733,-0.9138186186777668,-0.3607311148044737,-0.28479938305625224,-0.08529293467062918,0
5.202,-0.5128486489496287,-0.28690903676771184,-1.7714606913118638,0.3909069296294728,0.0186911065693863,-0.012815234574931497,-0.9201511748977218,-0.3853532459352657,-0.2897593186242,-0.1836480470473304,0
5.252,-0.5302876052297593,-0.2991542708626213,-1.776111054743362,0.3798782608490261,0.025455447353619508,-0.02893685635729865,-0.9242332960235229,-0.3078113317211924,-0.21369574291505833,0.010944369050342158,0
5.3020000000000005,-0.5454908586075642,-0.31021574922036554,-1.7739660509487545,0.3681018581275528,0.027970861514354975,-0.03621335743465477,-0.928658842467188,-0.3078066403703554,-0.2308633060195533,0.059628813194962084,0
5.352,-0.5606607113328238,-0.32228642695329435,-1.7709241893353984,0.35468143749912767,0.025964423304364784,-0.04102032387891454,-0.9337260088724602,-0.2965467213613828,-0.2503087331146026,0.05775958458386418,0
5.402,-0.5751359777464923,-0.3352372705882375,-1.768359226059737,0.34068049666480577,0.022919254823057227,-0.04333929034409103,-0.9389000015246823,-0.28372597901049085,-0.2668113771661055,0.04568240826098984,0
5.452,-0.5890865867229356,-0.3489514610922591,-1.7661448985194574,0.3271152283133462,0.01903544767605017,-0.042682390085658536,-0.943828105490537,-0.2759388222248143,-0.2818138182354122,0.04372697294267232,0
5.502,-0.6028004914167939,-0.3635013583603471,-1.7640719022627087,0.3146072315467715,0.01448526015656177,-0.03915472638414224,-0.9483034190059929,-0.2728505191430129,-0.2989893286337285,0.03646904954953531,0
5.5520000000000005,-0.6165728781867044,-0.3789541638368639,-1.762600319017078,0.3034345011416186,0.009771655518776892,-0.032688942514440954,-0.9522412778821594,-0.2776565492156048,-0.31838121313849427,0.01727630844312257,0
5.602,-0.630462753501532,-0.3951410851793468,-1.7636109751141122,0.29375697334238815,0.0051425479117061,-0.02253970733881808,-0.9556005213512481,-0.2766376627358633,-0.3214537858485068,-0.07454178418696035,0
5.652,-0.6440196081399806,-0.41007275995634945,-1.7679642254866135,0.28311226062223155,0.0006672782824414609,-0.007721454743914592,-0.9590554633396874,-0.23909226825525107,-0.2755501706541932,-0.03864906651390468,0
5.702,-0.6572523771320751,-0.4231961348597209,-1.7673430090394608,0.27172996656722964,0.00039057580445501144,-0.0013153176925015414,-0.9623725591782435,-0.29850180049071723,-0.2479952632300383,0.034349243179837494,0
5.752,-0.6735015090940015,-0.43466428904765964,-1.765544440280902,0.2599475910213524,-0.002907393318850328,0.004789760086861947,-0.9656064701443317,-0.3443879874264973,-0.21625609440800192,0.03340506187568625,0
5.8020000000000005,-0.691509901739117,-0.44491636942497675,-1.7642326509733641,0.24843206406937277,-0.004277574060960326,0.008885816556693285,-0.9685991194330635,-0.37349023315039803,-0.195476843635341,0.018189021139779726,0
5.852,-0.7108496391343089,-0.45430601505505985,-1.7636993614713086,0.23620727719866486,-0.0018095282826615243,0.008908730067204846,-0.9716601681320368,-0.4022232520705809,-0.1814693936764046,0.004193057510488905,0
5.902,-0.7320982045263623,-0.46290950759085103,-1.7640198866229138,0.2237812238812758,0.0033463262695685764,0.005102028681168613,-0.9746203031140039,-0.4468301163633946,-0.1619866478002701,-0.02031093246993424,0
5.952,-0.7557671884313212,-0.470500252129477,-1.766256052211213,0.21176401187452118,0.009075611639305767,-0.0018395575100839572,-0.9772769579685939,-0.4959269202288405,-0.13904200729670815,-0.0793452293958813,0
6.002,-0.7811892060887479,-0.47721569943971026,-1.7727654552611027,0.20401943721527707,0.01358728923052967,-0.016485888171690864,-0.9787337075532443,-0.5132127953053494,-0.14131920035072357,-0.17732540149825288,0
6.0520000000000005,-0.8042928231746992,-0.4829822078386769,-1.7761881231978793,0.19842292052621008,0.017590548800818694,-0.031195233713781457,-0.9794619822107846,-0.42038311267315,-0.10776980014350102,0.018484421008376842,0
6.102,-0.8251920469123427,-0.4888977565729405,-1.773812717893609,0.19358228366119629,0.018411323995898177,-0.03733048301403729,-0.9802006721274854,-0.42048010696692534,-0.12910189642043807,0.062372660031497,0
6.152,-0.8460364057389814,-0.49597671901219686,-1.7707700407920024,0.18811115382581023,0.015481200665291319,-0.04071268818797924,-0.9811814323828156,-0.41121175167003904,-0.15299752593868166,0.05535045542143879,0
6.202,-0.8662860284435668,-0.5042185962379311,-1.7684022395418415,0.18296034718996523,0.012148986138927061,-0.04158752707844002,-0.982165154688061,-0.399575704984196,-0.17580533327396852,0.04063113044825924,0
6.252,-0.8859887974575007,-0.5135232055823561,-1.7665018820743434,0.17863262267942429,0.009112639176800658,-0.0396339954789394,-0.9830750186655538,-0.3900474386602716,-0.19593980744102688,0.03626859414383961,0
6.3020000000000005,-0.9053353436197761,-0.5239130888566604,-1.7648554578377027,0.17516055336673061,0.00657456390593229,-0.03500591961948628,-0.983895391413793,-0.3834451267759497,-0.2187046677885616,0.02680354270124916,0
6.352,-0.9244650389378736,-0.5354522442229852,-1.7639600257395673,0.17223121447150594,0.004814307011411555,-0.027947078967122466,-0.9846482580022545,-0.38064012431520244,-0.24267311400190392,0.0032991754279711213,0
6.402,-0.9431612971490784,-0.548112953157277,-1.7657928181208502,0.1686540892585965,0.003494134246668472,-0.01795447643937296,-0.9855055687199373,-0.3663692795486777,-0.2565505908909812,-0.0894976649291911,0
6.452,-0.9608230804556616,-0.559614130631828,-1.7703521168971639,0.16220984286069284,0.001098883169211813,-0.0010539688937256117,-0.9867551106958913,-0.31158190441431194,-0.20879800595521678,-0.022876854088149424,0
6.502,-0.9772753228089215,-0.569191736886204,-1.7696193221080385,0.15696362100268987,0.0008197615745619498,0.007161513297739623,-0.9875780791410729,-0.35432857783444766,-0.16817406446134306,0.03456113995274488,0
6.5520000000000005,-0.996026643393474,-0.5765669786261249,-1.7676103388997175,0.15142642297664008,-0.0026345952154091853,0.014493065350176457,-0.9883587650187086,-0.3903057529816833,-0.129766328631396,0.041046524900535016,0
6.602,-1.016178865913772,-0.5822816934555854,-1.7658474925970808,0.1461224689298802,-0.005023419487923663,0.019092916415009802,-0.989069486878073,-0.4138447964552953,-0.10166426908428569,0.028162139496945286,0
6.652,-1.0373061005600217,-0.5868920351883463,-1.7647748321031882,0.1398375631907341,-0.004539883861257394,0.01880599347634784,-0.9899854443297498,-0.4316173569576297,-0.08430203902000068,0.014957574017970088,0
6.702,-1.0595299550473563,-0.590580212949693,-1.7644621233791586,0.13263993218037629,-0.0010423165692564121,0.013993069674078387,-0.9910649605189618,-0.45717764784229437,-0.061949847169387354,-0.00493203248970195,0
6.752,-1.0832533073102688,-0.5931407365282351,-1.765678434892492,0.12536840372425054,0.004072183674183364,0.005791893892377324,-0.9920849936537174,-0.48959585439338693,-0.04053670433929531,-0.052596369234670676,0
6.8020000000000005,-1.108196200856509,-0.5949059672393686,-1.7709824693111802,0.12170392643713888,0.00824723609348226,-0.008806477233946145,-0.9924931150115505,-0.5058901570158975,-0.04259227300636211,-0.16466630367591528,0
6.852,-1.131685675387446,-0.5963913338636568,-1.7748461388657364,0.12036464991612539,0.010144358648556565,-0.02483965235281547,-0.9923670866716462,-0.4275906307073474,-0.029417544937769616,0.02091268360837483,0
6.902,-1.1527622491222846,-0.5985361799723359,-1.7723681813262013,0.11933452652841653,0.01068127301280432,-0.03137504852708904,-0.9923007545673783,-0.42537371177111205,-0.05491458408885077,0.06316990894574759,0
6.952,-1.174062182162049,-0.6020086825888582,-1.769308424990509,0.1180256393321954,0.007943377903464329,-0.03473316971881652,-0.9923711292298835,-0.4246338288543053,-0.08304583910768153,0.05515995970119827,0
7.002,-1.195185027447837,-0.6069016386011219,-1.7670015418228346,0.11695164504318026,0.0051508858163877,-0.03565178694916185,-0.992484121376424,-0.4206676186894839,-0.11180230471988745,0.0384102859308629,0
7.0520000000000005,-1.2160934351430448,-0.6131771301606801,-1.7652804946273297,0.11638130784877661,0.0030331988874328876,-0.03399891955310544,-0.9926178843629302,-0.41626214620706786,-0.1385108739309458,0.031339503416529864,0
7.102,-1.2368116134821958,-0.6208577225762352,-1.7639394570244074,0.11615275814672063,0.0017931329979999986,-0.029866893719860167,-0.9927805850783377,-0.4117696331521161,-0.16754772627036393,0.01993695945294277,0
7.152,-1.257382958117047,-0.6299523168824608,-1.7634305280307718,0.116054447471608,0.0014275952726834394,-0.023363752970179435,-0.9929669995729689,-0.41020405610171173,-0.19586378811688374,-0.005101590562146216,0
7.202,-1.2775860807474824,-0.6403942314968318,-1.7656656737142058,0.11492968074799469,0.0013511200176899692,-0.013710946201149883,-0.9932780843812722,-0.39720721033669776,-0.21433328916235858,-0.09520418723696711,0
7.252,-1.296612943950773,-0.6499442383497166,-1.7706030220272633,0.11059718885195483,0.0001102381769304871,0.003627699122668928,-0.9938586868688443,-0.3350516900400288,-0.17439104260972774,-0.026469560144795262,0
7.3020000000000005,-1.3140516826528403,-0.6577663615153359,-1.7699803163489722,0.1079709240475743,0.0004289627872262411,0.011720172317880856,-0.9940848721875207,-0.37086069574518804,-0.13237999532183387,0.03278630759290791,0
7.352,-1.333483409287035,-0.6632563287631007,-1.7679837938135168,0.10496933309198038,-0.0025976316081449415,0.01886088099537339,-0.9942931954852816,-0.4018267619388591,-0.09069693366452061,0.042669487127715365,0
7.402,-1.3541311771596574,-0.6669869272448674,-1.7660798363495245,0.1021287106518573,-0.005007931224299012,0.02332483244529242,-0.9944850925362544,-0.4226368258757702,-0.06153261975251245,0.031457645504400084,0
7.452,-1.3756291293415241,-0.6695452305841088,-1.7648484031396592,0.09836245031861461,-0.005068377641200819,0.022988743606175772,-0.9948721815302777,-0.43749305368370905,-0.04307025986422658,0.018378041427246708,0
7.502,-1.398004328204506,-0.671174767101476,-1.7643712793377428,0.09343241852205518,-0.0022868013491813342,0.018062551015735805,-0.9954591392716794,-0.45699864150400127,-0.021358480496534663,-0.0015692929277371739,0
7.5520000000000005,-1.4215479378243854,-0.6716883543346293,-1.7653110787638264,0.0882597471081128,0.0023913549259526614,0.00971784100100672,-0.996047218774446,-0.48303667103116865,0.0006030978283708292,-0.045413040564410936,0
7.602,-1.4460703964583004,-0.671437086319237,-1.770122357084386,0.08608210534178204,0.006418423084307858,-0.0044611513543455555,-0.9962573829656823,-0.49663780785945294,-0.0013020624636945904,-0.15133141845472547,0
7.652,-1.4694365227404658,-0.6711136017757425,-1.7744642697929403,0.0860504989088311,0.007954914929354382,-0.02132214547666669,-0.9960308213495596,-0.4266047890193078,0.006169099514956389,0.02056222273777301,0
7.702,-1.490465632258828,-0.6715841195894562,-1.7718754313639349,0.08633772904970004,0.008388866057193892,-0.027992838673580087,-0.9958372479736887,-0.42474941980122066,-0.02241442221997444,0.06526901944503379,0
7.752,-1.511821298789425,-0.6734645116209548,-1.7687361361238523,0.0866454293455488,0.005616928361768496,-0.03147947953409691,-0.9957258970507729,-0.42698762627080866,-0.05183608421659395,0.05609552507036383,0
7.8020000000000005,-1.5331260118248562,-0.6768150078057962,-1.7664268832104926,0.0869946580834542,0.002932535053721638,-0.03255640406075022,-0.9956723408118432,-0.4254319277592986,-0.08154723893929959,0.03768635742959357,0
7.852,-1.5543240317943832,-0.6816281435773444,-1.764764657401906,0.08766367478644484,0.0010615091649522584,-0.03115604815563488,-0.9956622188194918,-0.4230688550628417,-0.11006555458596337,0.03000557531784737,0
7.902,-1.5754276324549898,-0.6879329762376647,-1.763489663163486,0.0887558086531406,0.0001226450442520174,-0.027352253206527954,-0.9956777820324432,-0.4202301134977222,-0.14103676668245327,0.018736911376127534,0
7.952,-1.5964436003056335,-0.6957371229192705,-1.7630307483899175,0.08990419125954123,0.00010864407021100412,-0.02121159400044689,-0.9957245065129179,-0.41974283803488094,-0.17064676274512403,-0.005645711550384708,0
8.002,-1.6171551179452985,-0.7049730637779976,-1.765242831780239,0.09002709161305816,0.00044374383832607536,-0.01192788971010924,-0.9958677880693619,-0.4073747435099132,-0.19209426378482589,-0.09447857250497735,0
8.052,-1.6366875576206676,-0.7134973538961604,-1.770370368010212,0.08672462882548088,-0.0002547682170111192,0.005199118208942644,-0.9962187224791992,-0.34191045482482324,-0.15423344844658557,-0.03339975351503625,0
8.102,-1.6543304876376648,-0.7203530089862673,-1.7699890177026283,0.08534651462088758,0.0006200815324943805,0.012969589703509652,-0.9962667201527322,-0.37446246776994446,-0.11301445570085845,0.029668820769083365,0
8.152000000000001,-1.673915946999039,-0.7248209648721122,-1.768082172905352,0.08347290388132816,-0.002189985175591141,0.019818723972180177,-0.9963105421818359,-0.40462775203377105,-0.06966697455668708,0.04198003239263545,0
8.202,-1.6946794097082787,-0.7274775921556994,-1.766184526317015,0.08165586768633533,-0.0045555627551448815,0.024201503499077175,-0.9963562883571119,-0.4244699050748596,-0.0398900298090743,0.031570036730971314,0
8.252,-1.7162449533666648,-0.7289377385849972,-1.764956229150283,0.07888438672957962,-0.004709840623788938,0.02386977423330315,-0.9965868275316753,-0.4382903327938908,-0.020892482600552913,0.018280763317330823,0
8.302,-1.738616314443378,-0.7294545263347362,-1.7644961639701053,0.07491683441512612,-0.002089814444180055,0.018938802665143008,-0.997007734348344,-0.45596945676159056,0.0007513739415300135,-0.0020434490736618866,0
8.352,-1.762045153402339,-0.7288625154476509,-1.7654583634871401,0.07070287151348113,0.0024563753403277627,0.010529657678317348,-0.9974388184190112,-0.47955412631541083,0.022807486012982166,-0.04563185290685544,0
8.402000000000001,-1.7863597404460627,-0.7275171504934796,-1.7702521326175682,0.06953721239124788,0.006345429867822982,-0.003755521433762763,-0.9975521077474638,-0.4925604828087934,0.020211935892370903,-0.15062243257067748,0
8.452,-1.8095758219500115,-0.7262680537439582,-1.7744562663341084,0.07051398830630409,0.007458520884763641,-0.020490536730051884,-0.9972724230739882,-0.42475095274389796,0.021317067930240505,0.016953940797366118,0
8.502,-1.8305330530844721,-0.7259588861363654,-1.7720567481874425,0.07157908939391336,0.007628562939772663,-0.02707619838715183,-0.9970381730254417,-0.42393297017889536,-0.007165892376917189,0.06261134377666369,0
8.552,-1.8518450439054246,-0.727125024289809,-1.768983493980882,0.0728106458712856,0.004813981975449723,-0.030441712530439338,-0.9968694686685715,-0.42670781459522583,-0.03834907191376783,0.05589267930604673,0
8.602,-1.8731706055655772,-0.7298424093407556,-1.7666562889872013,0.07406307541338844,0.002169398194122474,-0.03144191350341208,-0.9967554166629997,-0.42650601403438376,-0.06943308342788597,0.03825258648268548,0
8.652000000000001,-1.8944608469064628,-0.7340734756675736,-1.764966162274054,0.07573634539687683,0.00038771925656083184,-0.029987638197151837,-0.9966767767009828,-0.42553759943960023,-0.09906009384986614,0.0304772811454227,0
8.702,-1.9157152746856434,-0.739869610690566,-1.7636844303040078,0.07787726487905976,-0.00038118272576852203,-0.02622115301083981,-0.9966179997619297,-0.423684561244906,-0.13164680646174493,0.01840130731103822,0
8.752,-1.9369188082714244,-0.7472381683340017,-1.7632743746386539,0.07987532373511584,-0.00015202609335466643,-0.02015881447272768,-0.9966009892355783,-0.42368529196040694,-0.16262745081939878,-0.007284238284515627,0
8.802,-1.9578390158224444,-0.7561064560112054,-1.765590745531878,0.08049030604495538,0.00043507519489950874,-0.010857394956418793,-0.9966961614840922,-0.4121050811801715,-0.18486990710422843,-0.0960695858174436,0
8.852,-1.9775459950174574,-0.7642784330174526,-1.770587052601532,0.07768367835780177,4.11088909151865e-05,0.006333595864485408,-0.9969579379243061,-0.34420524395478097,-0.1464651140337391,-0.02851335388140945,0
8.902000000000001,-1.9952820051589164,-0.7707373880036056,-1.7701214980236528,0.0767536897704203,0.0009731173656124293,0.014217602314645318,-0.9969482353330291,-0.37522913261834245,-0.10548824826184325,0.02996739041651559,0
8.952,-2.014876264139895,-0.7748496634374119,-1.768202296985425,0.07532502093201553,-0.0019098220780143893,0.021029973610442097,-0.9969354211839223,-0.4039989081862327,-0.0626762482606375,0.042266360116076256,0
9.002,-2.0355818054258457,-0.7771547063475788,-1.7662736520967734,0.07388954744353714,-0.004415847287948297,0.025303769384464422,-0.9969355818337795,-0.42298025908890713,-0.032883953236280246,0.03247636105341498,0
9.052,-2.057062946440715,-0.7782513482837632,-1.7649817019416805,0.07152685021980267,-0.004785033179929798,0.024858680387595304,-0.9971173748182742,-0.4361485795162393,-0.013251485294954528,0.01987104946221249,0
9.102,-2.0792551488583264,-0.7783743263854874,-1.764435114115951,0.06804050915386566,-0.002240036698528101,0.01988309223493448,-0.997481896573992,-0.4508080654893315,0.008722511259612695,-0.00021625688859666257,0
9.152000000000001,-2.102327296475939,-0.7773648479233155,-1.765287140423089,0.06447360737099124,0.002441158198962528,0.011474787483467665,-0.9978504516967598,-0.47064106354781776,0.0313849245176065,-0.042756231710803144,0
9.202,-2.126135049229031,-0.7755662021099347,-1.7698818726520873,0.06405644345429425,0.006573616127945883,-0.0027512098360450853,-0.9979208337676019,-0.481637889937933,0.0299078577903157,-0.1464196472744339,0
9.252,-2.148721098878227,-0.7738094244116088,-1.7743209196120773,0.06539959986527794,0.008215695919937543,-0.01958308608678075,-0.9976331477137919,-0.40756690605625595,0.03317496631134711,0.01604789229065247,0
9.302,-2.1686217234405505,-0.7729527713723571,-1.7719514536517977,0.06698876729068165,0.009337324951305353,-0.02618568425533856,-0.9973663466147776,-0.3979902810198356,0.003496092590132451,0.06084689846349344,0
9.352,-2.188371707523991,-0.7735416191093589,-1.7690401290729323,0.06877650240552018,0.007537370261521438,-0.029721875260161117,-0.99716076482051,-0.39000967010629606,-0.02601739638687315,0.051400193318223084,0
9.402000000000001,-2.207538850436773,-0.7755794544397046,-1.7669682833089595,0.07052349890654686,0.0059317755230637375,-0.030833429566100176,-0.9970158222226542,-0.37683250635372195,-0.05439360545356889,0.032910212415342914,0
9.452,-2.225917011428742,-0.7789756895606594,-1.765540630334004,0.07270340668152715,0.005202727255828168,-0.029313767319294182,-0.9969091479826798,-0.35937804143883717,-0.08094457861960216,0.026058331483078262,0
9.502,-2.243462392423508,-0.7837876728243263,-1.7643502617082003,0.07524577339927123,0.005287559767002879,-0.025408885675252593,-0.996827218642227,-0.3424201395201226,-0.1104384684280165,0.01975995846300956,0
9.552,-2.260282591521933,-0.7900425344821478,-1.763638082353877,0.07752824693835093,0.006128601955816641,-0.019099413723646683,-0.9967883544464926,-0.33062551571385496,-0.1392934919250767,0.00393810239228218,0
9.602,-2.276394316257043,-0.7977459064499444,-1.765078561613027,0.07853016553858652,0.007153493946269671,-0.009699546770152308,-0.9968388833795044,-0.31275560342131825,-0.1635168013329878,-0.07686317697887833,0
9.652000000000001,-2.2909491813594536,-0.8050518441967529,-1.7691352740012425,0.0770081160114017,0.007524938259062873,0.005266821128973023,-0.996988157385918,-0.24053340369547824,-0.12304067949759899,-0.014884646882674794,0
9.702,-2.303181237629826,-0.8099870953215217,-1.7683891434415928,0.07618040861968704,0.008946795146259474,0.012993050102883081,-0.9969692476943178,-0.2632469976750069,-0.07264351288201507,0.037336552637249394,0
9.752,-2.3168953980263303,-0.8124581451102423,-1.7661778346052965,0.07501648601758605,0.006360559293799639,0.01952363440070938,-0.9969708610640687,-0.28031984204586746,-0.029531087234765056,0.04540884969281038,0
9.802,-2.330955831548401,-0.813064025463193,-1.7642347599435138,0.07413352097937292,0.004716020822924129,0.02356961834201048,-0.9969586016008941,-0.2803318031813904,0.002357169514463453,0.030624736256745878,0
9.852,-2.344789521922595,-0.8123199418079219,-1.763117118162824,0.07288299844983676,0.005408295695241067,0.023107749824374715,-0.9970580979926333,-0.274261939286459,0.02598293790187897,0.015763131321804343,0
9.902000000000001,-2.3585217652538852,-0.8103213483844102,-1.7626486131091297,0.07121692252183155,0.008332247183825858,0.018091778452843002,-0.9972619571385442,-0.2757290647433833,0.054015750999622504,0.001722350624979194,0
9.952,-2.373421982375355,-0.8076952788452326,-1.7630655875775438,0.06337000865596441,0.010296056716049534,0.007381051113268363,-0.9979096919578974,-0.31665823948368726,0.05798622783771804,-0.02901566024217753,0
10.002,-2.390106215267649,-0.8045239530900842,-1.767383368651582,0.055527117737592654,0.010188457575928987,-0.00918608007679317,-0.998362935239886,-0.3379210971746348,0.06596045647185377,-0.15245776806587139,0
10.052,-2.406389298318035,-0.8008314132127126,-1.770453496412472,0.04946740287281058,0.008050292759585593,-0.021257442145137417,-0.9985170454193302,-0.30947776613808176,0.06013460434997046,0.030061717737642376,0
10.102,-2.421751340433581,-0.7990916853491374,-1.7678564075150598,0.045555486696152066,0.00615255899151866,-0.025981660304233597,-0.9986049253721749,-0.31534396095697964,0.016051359644360212,0.057484845368039245,0
10.152000000000001,-2.437977922951053,-0.7991018546106156,-1.7653772548569124,0.04219930325329148,0.0034018439981360884,-0.028419813697507994,-0.998699134099828,-0.3335088258387584,-0.015377531541592812,0.04144945753890457,0
10.202,-2.4551087169074024,-0.8007295128589755,-1.7637172908014447,0.03919565902429167,0.0009503711851834092,-0.029174200429079117,-0.9988051176969331,-0.3506968387861782,-0.04859326211486975,0.02652171665059449,0
10.252,-2.4730498105406564,-0.8039556902893131,-1.762541871919654,0.03695507783076823,-0.0008203210347978054,-0.027742329224190305,-0.998931435317328,-0.3661668888295162,-0.07947703191661444,0.020848712067358176,0
10.302,-2.4916744324021405,-0.8087529764360958,-1.761839403645207,0.03538947562036678,-0.0016970261202139839,-0.02366825831379822,-0.9990918469620569,-0.3763163827004608,-0.11051663292186467,0.003814000541565039,0
10.352,-2.510743931764373,-0.8150150874635081,-1.7624121670219426,0.03399527142693791,-0.0015101014095704516,-0.016705905595876147,-0.9992812185929257,-0.3849044343197036,-0.13900231798511925,-0.03237984646687442,0
10.402000000000001,-2.5298919054767963,-0.8223972248287832,-1.766510881521078,0.031736784075335304,-0.0011579468891976827,-0.005165854464699888,-0.9994822407843,-0.3782684840433923,-0.1450573494033627,-0.13645688426174538,0
10.452,-2.547119603041867,-0.8289268185663065,-1.7693377673285098,0.02780508826313561,0.0006094285655791345,0.007818050692511114,-0.9995826047640441,-0.31729826695262375,-0.11682824960386033,0.01132016566642997,0
10.502,-2.564296829141184,-0.8332411147632697,-1.7677414686967101,0.023714152098716502,0.0006505183664128854,0.014338045190357168,-0.9996157443118894,-0.3661301666957547,-0.057282600140232974,0.04280198497598731,0
10.552,-2.5833252980381194,-0.8349739438808955,-1.765671664260312,0.01958989961763758,-0.0018496267435080766,0.020874965652181207,-0.9995884405708684,-0.39161095691336667,-0.01657742053500876,0.03729638388399298,0
10.602,-2.603435934601053,-0.8350554693268335,-1.7642177650910111,0.015343093645089288,-0.00327230739347709,0.024094273226766993,-0.9995865882850741,-0.4116348545373196,0.010784836613270465,0.02030318192905075,0
10.652000000000001,-2.624458989550602,-0.834013488617327,-1.7635412524598697,0.009891461977618404,-0.002393710019213481,0.022412128950618955,-0.9996970169047169,-0.4298735207030108,0.030170122505209583,0.007628058949695634,0
10.702,-2.646549104075313,-0.8318334155904576,-1.7636200181989634,0.003687911844306587,0.0007982946883409631,0.01673774186833361,-0.9998527941797072,-0.45244827037835256,0.057597168578289774,-0.013575950256754843,0
10.752,-2.669851827171929,-0.8282551553539813,-1.7653116110443903,-0.002328805846062031,0.005137793412233005,0.00819711334084639,-0.999950492312025,-0.4767996826674219,0.08490943831347576,-0.06185005698206747,0
10.802,-2.6941428545133843,-0.823792802233949,-1.770588434808146,-0.004770280824117636,0.007627033454854835,-0.006954161862760422,-0.9999353541176166,-0.4976555634067603,0.08245627398718962,-0.15380274339989444,0
10.852,-2.7170878749489997,-0.8193995665295684,-1.7745851420318906,-0.005223876134749657,0.007630034809106432,-0.02402316695511729,-0.9996686356670327,-0.4174729390945318,0.08162867988932485,0.01799356937779871,0
10.902000000000001,-2.7379272132164307,-0.8159568691571727,-1.772194286185791,-0.005590847588604463,0.007213639169199847,-0.030912411790483357,-0.9994804293384002,-0.4239467389664931,0.05873891881709693,0.06234471696757002,0
10.952,-2.7593477007154568,-0.8137259591279027,-1.7691616264444714,-0.006241853025614059,0.0038402228816136782,-0.034358266072396136,-0.9993827102324331,-0.4301498308518421,0.031044165926392538,0.054432629498352515,0
11.002,-2.7809229024856132,-0.8128910316941561,-1.7668935640324732,-0.006771378571102141,0.0006961426763106801,-0.0353564010505227,-0.9993515841396232,-0.4330516379539712,0.0030551187544080914,0.037798127070605425,0
11.052,-2.8026209489496576,-0.8134168198113362,-1.7651828227012039,-0.006961630364709814,-0.001442625988950787,-0.03390390977473142,-0.9993998096031981,-0.4353674652471732,-0.02314236591454849,0.03170276329809667,0
11.102,-2.8244852089981194,-0.815294000865684,-1.7637722407060978,-0.006914193144672796,-0.0023868131992420658,-0.030130828747337888,-0.9995191995229056,-0.43828458589188773,-0.05113918780279836,0.022662293179543148,0
11.152000000000001,-2.8465665718683932,-0.8185153020501064,-1.763016306342246,-0.0067088318165657275,-0.002110626998329674,-0.02417673633849692,-0.9996829608677698,-0.4444109757564854,-0.07734698953032229,0.002569492370057288,0
11.202,-2.868665003513741,-0.823088596395428,-1.7646590225490593,-0.007085059957851108,-0.0010324707218357344,-0.0154222671592318,-0.9998554343530232,-0.43645311630454287,-0.10077582864481338,-0.08049702375866208,0
11.252,-2.889656582188044,-0.8272707621310051,-1.7699551886155986,-0.011463719754075117,-0.0004136548588063614,0.0017905087380836542,-0.9999326007774314,-0.3712945665936139,-0.07779958352363407,-0.0516815356164345,0
11.302,-2.9082686621791507,-0.8303652287483524,-1.769942199753398,-0.012962903920321872,0.0014598786151296063,0.009605351627299984,-0.999868775938372,-0.3893371615109304,-0.036435712721451886,0.025170846899730207,0
11.352,-2.92833365531841,-0.8307949179458236,-1.7681962984871569,-0.015272616772923832,-0.0005201839670438354,0.016728647315091546,-0.9997432815200893,-0.41153796727791636,0.01328013439918479,0.04064274931759509,0
11.402000000000001,-2.9492981883715843,-0.8291882844518821,-1.7663085070146043,-0.01740326182130622,-0.0024129083007555026,0.021736542526655803,-0.9996093372265487,-0.4260345965264386,0.04719570780954072,0.032333371586988575,0
11.452,-2.9708300375410652,-0.8262616070959948,-1.765030829021726,-0.02041998602129128,-0.0024967461527369214,0.02196388200266187,-0.9995470865931789,-0.43565091566402364,0.06787283341619878,0.018875658148921667,0
11.502,-2.99294260059825,-0.8222821792972179,-1.7645502056863913,-0.024636939157566172,-0.00019905385324242778,0.017265093654721952,-0.9995473466262633,-0.44822765268547105,0.09220468622819945,-0.0017849379768820714,0
11.552,-3.0158450065179316,-0.8169817549370489,-1.7655361588105052,-0.029142895564277536,0.00368754318859796,0.00885881636811107,-0.9995291966900806,-0.4662709484252005,0.11926378325130461,-0.04689227434782578,0
11.602,-3.0394577190880145,-0.8107392911010135,-1.770386933745675,-0.030558978979332626,0.006234417725219878,-0.005472287006338366,-0.9994985417269442,-0.48019858979731694,0.12003434275222766,-0.15200223009793343,0
11.652000000000001,-3.0619840704552863,-0.804744718147567,-1.7745411691708792,-0.030050253888530838,0.005719478951417759,-0.021733120619586956,-0.9992957226316409,-0.4131614787369708,0.10774823246082266,0.01769670769964654,0
11.702,-3.0825168213382574,-0.8002127409326519,-1.7721384526846418,-0.02942402175218034,0.0051898236412953975,-0.02816101199514817,-0.9991567695201332,-0.417554721280856,0.07791826665417152,0.06243304988744297,0
11.752,-3.1036716163594953,-0.7970850136783411,-1.7690738503983736,-0.02873120462772499,0.0019978177087342317,-0.031098865575889506,-0.9991012897424042,-0.42637094593180164,0.047859135791135037,0.055728239187036455,0
11.802,-3.1251346020983335,-0.7954876562897939,-1.766748733539943,-0.028020871749547156,-0.0007922758626222092,-0.03168561151313385,-0.9991047117636831,-0.43216559508113184,0.016904068121030482,0.03834291010120775,0
11.852,-3.146850646777157,-0.7954049280852058,-1.7650485246232377,-0.026922563833565564,-0.002471581026082512,-0.02995719639233111,-0.9991854848966585,-0.4368066571296057,-0.012494071059957694,0.030739460907613956,0
11.902000000000001,-3.1688337283924564,-0.7968533496059614,-1.7637526123635823,-0.02533184815540162,-0.002914053702627502,-0.026005223210056848,-0.9993365469779667,-0.44140312426678124,-0.04450391004485363,0.018685065913730134,0
11.952,-3.191086160359612,-0.7998362858231991,-1.7633333166078216,-0.023733467664648598,-0.0021513385951472345,-0.019841024233598025,-0.9995190983729241,-0.4478286384476131,-0.07452811895525335,-0.007322638735468894,0
12.002,-3.213374362584445,-0.8043260930651855,-1.7656939012406245,-0.023310717840797503,-0.0007234983086199042,-0.010467333995157204,-0.9996732075548381,-0.44107649535744736,-0.0981343365403532,-0.0984339130184637,0
12.052,-3.234258672378634,-0.8083909864971226,-1.770655432548598,-0.02593808514317352,0.0006372422833792462,0.006518088226940749,-0.9996420980467179,-0.3668685867651652,-0.07523938309605001,-0.02505296280827033,0
12.102,-3.2529824565834136,-0.8111469423990497,-1.7701064767801054,-0.02679028274362807,0.0022306218820350478,0.014229752800356236,-0.9995373025614286,-0.389338243894912,-0.02737402700562483,0.030647961041278815,0
12.152000000000001,-3.2730234833633123,-0.8112282697327919,-1.768179084197702,-0.028031519423302145,0.00012754582179596406,0.021280599524448742,-0.9993804849679451,-0.4086125438782626,0.019795237328554722,0.04212479392186263,0
12.202,-3.2937907088371294,-0.8093321378285573,-1.7662608992157356,-0.02919489838255041,-0.0018527851668517616,0.025722596046080723,-0.9992409985324909,-0.4215672459522761,0.05257066370422443,0.03223747059161875,0
12.252,-3.315095373768453,-0.8061017436198523,-1.7649882532118937,-0.0312775677332932,-0.002258325324398365,0.025285503834461216,-0.9991882990804375,-0.43118023668556493,0.07434542954111509,0.019184426082874868,0
12.302,-3.336975459714386,-0.8018007960420444,-1.7644707364486287,-0.03468374172294032,-0.0004154794517662474,0.02002731082538772,-0.9991975641773876,-0.4432084547022511,0.0981952109112131,-0.0007439086391723415,0
12.352,-3.3596065778070106,-0.7962323124201574,-1.765328676939784,-0.038454509125392194,0.0030733686554062253,0.011113609574879195,-0.9991938214456939,-0.460610597079107,0.1240553546516637,-0.042298617196933515,0
12.402000000000001,-3.3829038306609838,-0.7897345781478674,-1.7699288989417967,-0.039448197913962334,0.0054658278078925475,-0.003351752674200734,-0.9992010459170498,-0.4726139990119759,0.12531347824792785,-0.14682311606749593,0
12.452,-3.4051694766539513,-0.7835095192249948,-1.774227619916129,-0.0385025351023366,0.004871869200943516,-0.020167541976393238,-0.9990430871247808,-0.40830490725732244,0.11362673427099522,0.018035427824643388,0
12.502,-3.4254530486627677,-0.778679067498667,-1.771795211318076,-0.03741810904337705,0.0043392913710392994,-0.026815416217864665,-0.9989304225615899,-0.4128379083409941,0.08412420938584807,0.062422422481827874,0
12.552,-3.446413222233324,-0.7752323077783094,-1.7687366884081641,-0.036151976468921744,0.0011709858314165426,-0.029963992993926578,-0.9988963021822793,-0.42312493822539404,0.05430748480883953,0.05555980647655073,0
12.602,-3.467744247820952,-0.7733029722950608,-1.7664220448226633,-0.03492687436508587,-0.0015547078756298666,-0.030774457076131082,-0.9989147256508817,-0.43011106886427436,0.02376029288840572,0.03808402629000126,0
12.652000000000001,-3.4893879999647908,-0.7728697978920079,-1.764744924019754,-0.03339033597193554,-0.0031449309584516793,-0.029228595946489012,-0.9990099519283802,-0.4359023565222131,-0.005517271246426374,0.030158301223199048,0
12.702,-3.511347920729556,-0.7739683978033111,-1.7634803770811796,-0.031379620572552544,-0.0034961884060090123,-0.02547402401968813,-0.999176746216402,-0.4412774537631333,-0.037524445007533595,0.01812007200544259,0
12.752,-3.533599928670257,-0.7766004975605272,-1.76307759174618,-0.029366451584206376,-0.0026201509009838213,-0.019511176596347688,-0.9993748347434179,-0.4479960358641514,-0.06739806742510772,-0.007239627863469988,0
12.802,-3.555906004813552,-0.780740468217603,-1.7653898600997866,-0.028485988501214827,-0.0010394009981401983,-0.01037278060366627,-0.9995398308858041,-0.44146534013142136,-0.09180228483694215,-0.09672395867282287,0
12.852,-3.5769142301535997,-0.7844930147452643,-1.7705810369720185,-0.03103729366607428,0.0003717634961793605,0.006757326376315966,-0.9994953160140531,-0.3685115956526142,-0.06997647504155524,-0.03265758896175863,0
12.902000000000001,-3.595664382215291,-0.7870647057996113,-1.7701556780936563,-0.03153111369628339,0.0022193332592838314,0.01424272714377962,-0.9993988233695611,-0.39026948709324544,-0.023628284469514205,0.029989904532647573,0
12.952,-3.6157401586455498,-0.7869116976039903,-1.768225740244429,-0.03246768571040075,0.0002606802742351962,0.021193044189832786,-0.9992480354288275,-0.40951839340772755,0.024931791882287228,0.04260195472784528,0
13.002,-3.6365446479588606,-0.7847526850075712,-1.7662932727796594,-0.033301866134014924,-0.0016404866187238148,0.025732946398874253,-0.9991126613076616,-0.4220406288619637,0.0577695145882922,0.03218669323962711,0
13.052,-3.6578488934710456,-0.7812797765251969,-1.7650495141500253,-0.03510048163957279,-0.0019810636611413846,0.025428671984363507,-0.9990582636746229,-0.4307202163351893,0.07887691156526834,0.018400507329593762,0
13.102,-3.6796869550177025,-0.7767531661835796,-1.7645887841075074,-0.03822709483175434,-8.426412084880673e-05,0.02028448752722416,-0.999063172019688,-0.4420653795360728,0.10259866752489344,-0.0020231501124738614,0
13.152000000000001,-3.702238058014939,-0.7709658520951019,-1.7655184501494032,-0.0417078202208031,0.003461129149891918,0.01146133869691989,-0.9990581144421543,-0.4585378234477873,0.12838442228855995,-0.04381477616311189,0
13.202,-3.7254269512550287,-0.764268773988731,-1.7701224785136556,-0.042369658291683966,0.005883621592539064,-0.0030195015074,-0.9990801157383978,-0.4709232627570067,0.12915428266921058,-0.14528335681245585,0
13.252,-3.747638349453727,-0.757864046479314,-1.7743929148142725,-0.04121648750769204,0.005194393360228034,-0.019832766584574026,-0.9989398784735493,-0.40777320194204314,0.11699760896933814,0.01764038878501701,0
13.302,-3.767909148585362,-0.7528675765418572,-1.771961006733335,-0.03989865769582393,0.0045777584526810345,-0.026466053382056886,-0.9988426749293399,-0.4126382586040662,0.0872227360470653,0.06283328235401596,0
13.352,-3.7888577066774287,-0.7492848507852358,-1.7688694910809055,-0.03838129723161411,0.001330535279207567,-0.029622737101954635,-0.9988231070341126,-0.4228367871112625,0.056718483736728116,0.0563114244907545,0
13.402000000000001,-3.810172895323693,-0.7472415255707029,-1.7665181962580978,-0.036913042036927426,-0.0014546323560477494,-0.030441931441423733,-0.9988536430240438,-0.4297936997118814,0.025933931726725864,0.0387691701954171,0
13.452,-3.8318037058555334,-0.7467017531151477,-1.7648132142526927,-0.03512309701331729,-0.0030835466116941046,-0.02888686157110796,-0.9989606644032875,-0.4357017790343911,-0.003537017685809228,0.03059965659612565,0
13.502,-3.853757353599994,-0.7477097070007803,-1.763530574993713,-0.032851632412838366,-0.0034532770485178007,-0.025146228322482086,-0.9991378845417638,-0.44122625185897246,-0.03587334201164479,0.018430278565879615,0
13.552,-3.876010702927986,-0.7502667820546383,-1.7631123377738458,-0.03060549576236819,-0.0025786647588974736,-0.01921180286313037,-0.999343564920468,-0.44811691432491135,-0.06604438984813989,-0.006907179997994093,0
13.602,-3.898325970765066,-0.7543502986217888,-1.7654071453904323,-0.029542102483395498,-0.00098979886898648,-0.010111697611805484,-0.9995118999043825,-0.441702150150169,-0.0909881822703384,-0.09647096982782974,0
13.652000000000001,-3.9192978376086782,-0.7580710354820747,-1.7704421584932089,-0.031767918337222346,0.0005346142330080418,0.006758775891456034,-0.9994722770045162,-0.3668075341334364,-0.0679591324651449,-0.029594189045659455,0
13.702,-3.937957774628803,-0.7605337717289915,-1.770045377603346,-0.03209396423198739,0.0024031115963304385,0.014310957669369535,-0.9993795069967757,-0.38847092519157905,-0.021868304165380225,0.028759260358055667,0
13.752,-3.957958321292047,-0.7603232351980435,-1.7681784149157687,-0.03289301175396766,0.0003303656337460012,0.021217113627258383,-0.9992335936734862,-0.407970081038163,0.025755840107001764,0.041400927469299714,0
13.802,-3.9786872338827526,-0.7581254014465756,-1.7662887267037966,-0.033650190647846336,-0.001650985978555736,0.025663492142617497,-0.9991027595226171,-0.4206328807815933,0.05867777873493805,0.03173533366637733,0
13.852,-3.9999342217116762,-0.7545997001302324,-1.765046011600892,-0.03537358747548939,-0.002038908298130282,0.025281822146257966,-0.9990522416926105,-0.42981791816870013,0.08010089973380119,0.018624662484229927,0
13.902000000000001,-4.021736493355068,-0.7500119874208404,-1.7645633527656517,-0.03842431126889881,-0.0001799204003654152,0.02008180645228817,-0.9990596883979317,-0.4414674794074712,0.10385018545254558,-0.001504280286111529,0
13.952,-4.044263717007677,-0.7441624616226156,-1.7654693110764086,-0.041815882592744436,0.003323569972892859,0.011211465836204066,-0.9990568997206454,-0.4581709757379112,0.12961004004653906,-0.04348589898526698,0
14.002,-4.067435651674116,-0.7374073938014853,-1.7701050654160062,-0.042343257410616945,0.005691724304715269,-0.003314628562450516,-0.9990814111291378,-0.47047739028047386,0.1301589885615609,-0.14716870449989589,0
14.052,-4.089586083814221,-0.7309495964217758,-1.7743874466529994,-0.04113368187420819,0.005020793207587577,-0.020056245084278935,-0.9989397173424215,-0.4064266499230471,0.11800336954472825,0.01864296593932356,0
14.102,-4.109803478699158,-0.7259207738713394,-1.7719019380869825,-0.039671631523214824,0.004418895023500281,-0.026627629125800044,-0.9988481388009872,-0.41170974644949754,0.08765855429357157,0.06376466122091473,0
14.152000000000001,-4.130712468014838,-0.7223166985868094,-1.7687808843454362,-0.03800571036510937,0.0011725060770601825,-0.029748304427324897,-0.9988339349425619,-0.4221210358764985,0.057064516384889956,0.056605633941319435,0
14.202,-4.151993499162364,-0.7202551179619785,-1.766424615911257,-0.0364048855141123,-0.0016040086076530302,-0.030545800631479412,-0.9988688930639861,-0.4291313178706033,0.026330584653852768,0.03874367065669204,0
14.252,-4.173594012027626,-0.7196946740111775,-1.7647238037622759,-0.03445599619492202,-0.0032147542233197583,-0.028965570234356218,-0.9989812037383377,-0.43514028748608047,-0.00314076922237175,0.03047431339427681,0
14.302,-4.195520824998388,-0.7206853232503057,-1.7634488552781635,-0.03203300752971275,-0.003564776693510441,-0.02520576281372675,-0.9991625735167954,-0.44070425942905694,-0.035585876440344874,0.018274428252995564,0
14.352,-4.217747967806142,-0.7232316794877182,-1.7630354235620866,-0.029658230895705885,-0.00267220750706506,-0.019264440521469195,-0.9993708670851735,-0.447627167641092,-0.06589472583855113,-0.006900606096396302,0
14.402000000000001,-4.240037350392111,-0.7273135261578986,-1.7653215699956843,-0.02849921177850606,-0.001069532360999652,-0.010177859870223977,-0.9995414259534192,-0.4411674710897549,-0.09116299576586943,-0.096189812313032,0
14.452,-4.261047299139225,-0.7310493879039084,-1.7705174841203275,-0.030918033601061684,0.00035665428354908073,0.006880168857090547,-0.9994981797244377,-0.3682197283492907,-0.06924603161435725,-0.03379190438570788,0
14.502,-4.2797457014709686,-0.7335962566357764,-1.7701627478196775,-0.03123162525958847,0.0022800693416913497,0.01437611238466878,-0.9994061808194633,-0.38916720484425443,-0.02339021754737721,0.028791848697538414,0
14.552,-4.299770557919682,-0.7334341965551826,-1.7682712052034288,-0.03201361741565995,0.0003328436097629927,0.021289880754910027,-0.9992606058944473,-0.40861629056521664,0.025057897562659293,0.04222471668202314,0
14.602,-4.320530695687911,-0.7312698824183521,-1.7663439814122939,-0.032709904106817546,-0.001595791939545156,0.025820893266655952,-0.9991300201136595,-0.4211333367959479,0.05786047977262614,0.03225280863546652,0
14.652000000000001,-4.341787518165585,-0.7277949607653275,-1.7650931085822021,-0.034370709302055547,-0.0019681900775571416,0.025529513539490192,-0.999081090056423,-0.4297325034801481,0.07890103522074664,0.018614224916790406,0
14.702,-4.363573938489975,-0.7232706062204478,-1.7646210654499457,-0.037344666966115575,-0.00010003932696899028,0.02040912942645835,-0.9990940062263298,-0.4409873334011001,0.10247004017159306,-0.0017800518781816714,0
14.752,-4.386067857842077,-0.7174943883286209,-1.765534987478627,-0.04065458601455668,0.0034332598919936644,0.011606630137226268,-0.9990999467017088,-0.45734504597366665,0.1280844377050565,-0.043409348754547966,0
14.802,-4.4091944874605575,-0.710815793860258,-1.770119356597589,-0.04112465572404427,0.005874892048422222,-0.0028442969835531045,-0.999132703052837,-0.46958654351947365,0.12871809184071575,-0.14499697218300547,0
14.852,-4.431348980194798,-0.704436750602891,-1.7743849827499616,-0.03977689460146843,0.005201012880053681,-0.01962639899647274,-0.9990022785676304,-0.40683969543114973,0.11651734484289221,0.017491133207789385,0
14.902000000000001,-4.451571668407919,-0.6994684409181126,-1.7719607660918872,-0.038199019677292945,0.004570206631436166,-0.026245011892638986,-0.9989149851002316,-0.41169705781458954,0.08652385054911019,0.06271995993708285,0
14.952,-4.4724757286969625,-0.695928933681589,-1.7688683939650487,-0.03636901191291436,0.0013079265632835462,-0.02939839783703333,-0.9989050598055854,-0.4220242984014666,0.05563222701670198,0.05643826414104546,0
15.002,-4.4937518594449655,-0.6939450491449668,-1.7665079965558488,-0.03459540378765114,-0.0014862730982545095,-0.030226936497451586,-0.9989430821318239,-0.42903234122079636,0.02468530939518836,0.038968918721827984,0
15.052,-4.5153491225112825,-0.6934713633586663,-1.7647936836884661,-0.03245301994179011,-0.0031172857152392416,-0.028677274992663922,-0.9990569042479124,-0.43507942258583354,-0.004971111054721238,0.030733426160893695,0
15.102,-4.537272136945141,-0.694560174523648,-1.7635082074030264,-0.029843336043351584,-0.00347865540890379,-0.02495590366149552,-0.9992369474367868,-0.4405909374153594,-0.03766561408722928,0.018412006932753765,0
15.152000000000001,-4.559490756391093,-0.6972164978766532,-1.7630923309148834,-0.027323347446728246,-0.0025847786064636946,-0.019051947168999214,-0.9994417326252343,-0.44738720213779326,-0.06821357490841114,-0.006939616961966942,0
15.202,-4.581765208626666,-0.7014186047032714,-1.7653832171963248,-0.02609002046720741,-0.0009848738378445796,-0.009983995531473864,-0.9996092540031684,-0.4408757499019845,-0.09357724990239773,-0.09626141178063222,0
15.252,-4.602711078497441,-0.7052680710117527,-1.770420094409049,-0.028277673658096858,0.0005067679917210969,0.006880080965014375,-0.9995763006617363,-0.36612149358875923,-0.06996088096270427,-0.0300924385087893,0
15.302,-4.6213229045106505,-0.707838415655225,-1.7700540981206399,-0.028545938985060273,0.0023961652738908198,0.014461128284481905,-0.9994849991511536,-0.3876303012862582,-0.024331383080993106,0.0282254588211585,0
15.352,-4.641290893876792,-0.70775651836416,-1.7682019406304141,-0.029315083233111102,0.0003001336346753142,0.021345071523353402,-0.9993422455477902,-0.40748838745303867,0.02307327116953748,0.041311723533711285,0
15.402000000000001,-4.661999856787882,-0.7056965302470077,-1.7663092078374387,-0.030060637454724485,-0.001723751218486844,0.025777511771677447,-0.9992141445378038,-0.4202840736939893,0.05583844360910732,0.03188596727549964,0
15.452,-4.683231550440839,-0.7023156739434253,-1.7650545071719983,-0.031766570580013975,-0.0021421675478671826,0.02539403420013256,-0.9991703754309492,-0.42956572050496644,0.07715536117726214,0.01900929392798476,0
15.502,-4.7050243389199435,-0.6978764502667167,-1.7645528636928247,-0.03477053038942018,-0.00029507990917810255,0.020210094233756446,-0.9991909103046059,-0.44133984942866955,0.10082415035427551,-0.0011364014942323913,0
15.552,-4.727549189976083,-0.6921830586818487,-1.7654370231777299,-0.03806972065657951,0.003220375214566332,0.0113689513781662,-0.999205220411286,-0.4582160790828378,0.12641180525362952,-0.04295220479272824,0
15.602,-4.75072104814799,-0.6855880950005453,-1.7700444729071694,-0.03849054081795455,0.005650354911513858,-0.0031052317303432364,-0.9992381644497053,-0.4702561966401906,0.1269461526964763,-0.14655133209466079,0
15.652000000000001,-4.77287031505519,-0.6792856338640871,-1.774320243629909,-0.03706675271968798,0.005056967843382247,-0.019841026187768247,-0.9991030060003147,-0.4064947239361963,0.11518938488428193,0.018262284006621474,0
15.702,-4.79308092023696,-0.6743954776954802,-1.771861557687781,-0.03529675909957491,0.00446932319624909,-0.026426788355618736,-0.9990174116622998,-0.4115130967054216,0.08482575400673835,0.06318638422623374,0
15.752,-4.81397816474455,-0.6709412402460254,-1.7687590357575118,-0.03325536945959234,0.0012224488201503128,-0.029567919354625088,-0.9990086707161383,-0.42187963528387207,0.053922514503233564,0.05643934527230368,0
15.802,-4.835244886474466,-0.6690436420167867,-1.766404323065063,-0.03124851642223122,-0.0015590105830568255,-0.03038712556682275,-0.9990484083903025,-0.42879335971886307,0.022981033356840975,0.03879515501940473,0
15.852,-4.85682794382866,-0.6686548982107302,-1.7646999856879966,-0.028832110056348892,-0.003173114495370693,-0.02882149727241923,-0.9991636312782166,-0.43474157538198555,-0.0066970281641861844,0.030515075849347373,0
15.902000000000001,-4.878729523926438,-0.669834189181262,-1.7634257199110654,-0.02595855266306449,-0.0035140961464747485,-0.025091164513302754,-0.9993419025214938,-0.44006713913369006,-0.039568664837560115,0.018207157991452082,0
15.952,-4.900917060147623,-0.6725919772209075,-1.7630155143260409,-0.023230039480760512,-0.0026023761471192946,-0.0191957028769827,-0.9995424542735392,-0.44669889856178036,-0.07036228293607752,-0.006907864807334343,0
16.002,-4.923149747626563,-0.6769097697814954,-1.7652893922979627,-0.021880602656107893,-0.0009958285583991347,-0.010160516505566977,-0.9997084632317706,-0.4399771891088285,-0.09612083351260525,-0.095535490046625,0
16.052,-4.944067628633481,-0.6809087454131912,-1.7705379754848518,-0.024259862930300816,0.00033749995188425626,0.006957994765110948,-0.9996814149784097,-0.3666066112235031,-0.07424330909051978,-0.0340813847198699,0
16.102,-4.962663259693624,-0.6836982621582691,-1.7702270030623077,-0.02455904911334008,0.0021203075242651847,0.01462357518302078,-0.9995891698350471,-0.38723016285618334,-0.0290467186613495,0.027738948835870025,0
16.152,-4.982594034768185,-0.6838433165566805,-1.7683814368477733,-0.02543101059780045,6.9485180700986e-05,0.02153288506873978,-0.9994446426553104,-0.4069830150201105,0.018534925160482815,0.041866771390351776,0
16.202,-5.003291443714669,-0.6820058013499491,-1.7664282278347825,-0.02624160003442954,-0.0019733179682599245,0.026022555758070706,-0.9993149208511036,-0.4203277327419939,0.05137707588405429,0.033580728372504295,0
16.252,-5.02453509186868,-0.6788455888343906,-1.765075842310526,-0.027947232124759525,-0.002479959524320787,0.0257303732009323,-0.9992751122249889,-0.42992269743436884,0.07276209830342026,0.021130449564288258,0
16.302,-5.046344131934138,-0.6746353924313736,-1.764469024884992,-0.030917353967789035,-0.0007177069897387212,0.02065649581269351,-0.9993082163682278,-0.44157062899763266,0.09600887093214679,0.0008471204898879039,0
16.352,-5.068834714346813,-0.6691877570703125,-1.76523916153493,-0.03407305140681877,0.002887532263471918,0.011955771134383737,-0.9993436590391915,-0.4566204214310354,0.12159633464474635,-0.04015814861245193,0
16.402,-5.091870060739266,-0.6628114028759098,-1.7696706291639819,-0.03424688465213441,0.005694130049696498,-0.002220739985952001,-0.9993947148592078,-0.46635113089602387,0.12305070461503755,-0.14204951750413014,0
16.452,-5.113817843600957,-0.656722296006569,-1.774407103695781,-0.032167738440505494,0.0055954223866708655,-0.019495461435565065,-0.999276665811502,-0.3983881520610096,0.11320643880296914,0.010382099199692933,0
16.502,-5.13345783516058,-0.6519046653033764,-1.7721315422160175,-0.030101407701845214,0.005721384189495535,-0.026156974522405518,-0.9991881623103614,-0.39656966885752853,0.08282345650666684,0.061004247548818655,0
16.552,-5.153351957953754,-0.6485663294333096,-1.7691478301410135,-0.027805034618168654,0.003350739881943735,-0.029425390344559318,-0.999174558821028,-0.3970238698629406,0.0514706939539653,0.05357706601962239,0
16.602,-5.173091169771857,-0.6467956115128064,-1.7669674012710053,-0.02552599876215461,0.0015373269188566276,-0.0303875181284903,-0.9992110181313697,-0.39246058200294004,0.02048650739358074,0.03485346317646307,0
16.652,-5.19246394556857,-0.6465341181166412,-1.7654705282056768,-0.022829130256759936,0.0009566903835140288,-0.028901846300541753,-0.9993210689441351,-0.3830803599115783,-0.009271280231469463,0.026714536053720362,0
16.702,-5.211396719002548,-0.6478474927888851,-1.7642890173742796,-0.01976977585319489,0.0015403810900445855,-0.025194471396706355,-0.9994858787395904,-0.3738105418333498,-0.04216794753273141,0.018786329713972195,0
16.752,-5.229960698746311,-0.6507433057410071,-1.7636706991370965,-0.0170438881315207,0.0032078377004340986,-0.019206068660587307,-0.9996651152167166,-0.3689202039716657,-0.07317134060283066,0.001221698879330943,0
16.802,-5.248147298031862,-0.6552230699529467,-1.7652940171466336,-0.015725223407117468,0.0053676374808127505,-0.010124322531116465,-0.9998106840347103,-0.3566579407576535,-0.1010203413215091,-0.08116477889302966,0
16.852,-5.264771221273291,-0.6595644033641909,-1.7694860102766778,-0.0170660626134832,0.00728181417259442,0.004999422848416565,-0.9998153481820581,-0.27758057094342187,-0.07241728483411848,-0.01760116126919431,0
16.902,-5.278588064593134,-0.6620319098801788,-1.7688525371513777,-0.0173297392372837,0.00949676679658842,0.012667487119897892,-0.9997244752072669,-0.28936267325339515,-0.021529167553395293,0.03514754155002306,0
16.952,-5.293372563567448,-0.661881569832603,-1.7667045786481816,-0.017955904180714032,0.007452342779797,0.019363484467495015,-0.999623480897393,-0.2977664546374848,0.02339120327846089,0.045069049812760914,0
17.002,-5.308136584118776,-0.6598545016310247,-1.7647488599021421,-0.018327565165765947,0.006025352353286977,0.023550886293634027,-0.9995364681885777,-0.29164134265537817,0.054560358372008504,0.03126622962154328,0
17.052,-5.322409402371015,-0.6565564704443041,-1.763592956177859,-0.019133428340260064,0.006516232479940924,0.023069772903262384,-0.999529507424572,-0.2807561208191496,0.07623788215840221,0.016519496654435455,0
17.102,-5.336322123910696,-0.6520723640238397,-1.7630899497208872,-0.020398105609389303,0.00890533007258631,0.017855068092907826,-0.9995928215664838,-0.2764684978021641,0.10334533196797432,0.0023768097704866924,0
17.152,-5.35028874461023,-0.6461894197555571,-1.7636111838808173,-0.02158157421970876,0.012213194878924851,0.008550110012511419,-0.9996559253782388,-0.28348678874161914,0.13027097870289742,-0.030713879977431222,0
17.202,-5.365118078749486,-0.6400793641781216,-1.76769909166506,-0.029501321328360364,0.012590048277384885,-0.00837849139673031,-0.9994503307349341,-0.30406238669686886,0.12264911538543595,-0.15779385940039595,0
17.252,-5.379355060372289,-0.6340999223493476,-1.7708974858767623,-0.04276427045411058,0.008895985200932386,-0.0222291637968012,-0.9987982493460469,-0.2651692900602056,0.10194801962701452,0.03138954069854387,0
17.302,-5.3925746902243885,-0.6301352524401876,-1.7681733151143488,-0.05686851463716267,0.006191659136823412,-0.028019157022776423,-0.9979692190843509,-0.2724583386155323,0.06393643506204053,0.06308614929979778,0
17.352,-5.4067612945985175,-0.6275717674845902,-1.7652302398199755,-0.0709611043327258,0.0028822949361794114,-0.03080307666338505,-0.9969991898270786,-0.29416915562608137,0.03882438100305861,0.052809896858027665,0
17.402,-5.422014334049312,-0.6263492378561777,-1.7629478429883547,-0.08535276808238419,-0.00021065342808067837,-0.03156778832406377,-0.9958505587416896,-0.31489591887113777,0.011334187223785042,0.03992222314680153,0
17.452,-5.438299941779115,-0.6264019075613164,-1.7610533753780542,-0.09979283731879193,-0.002678988039788358,-0.029844964594299396,-0.9945569318703242,-0.3362179034307646,-0.011796838760447416,0.03597181697827488,0
17.502,-5.455649559820456,-0.6275113240300582,-1.7595831800213313,-0.11396799300240862,-0.00452752123748978,-0.025059596827279734,-0.9931580008887315,-0.3551571892351457,-0.030887643996881375,0.018842602639214265,0
17.552,-5.473954475672374,-0.629324837565944,-1.7595126279291093,-0.12698248242375937,-0.0052562900602586456,-0.016587631965759138,-0.9917523234346722,-0.3760567250938784,-0.03981025310788969,-0.02292363500727472,0
17.602,-5.49287718108162,-0.6310778626622321,-1.7631982373654285,-0.1376238945339651,-0.0048673736558251844,-0.002918738237322755,-0.9904682999945531,-0.3825000239680869,-0.03349403933255311,-0.09226885978932249,0
17.652,-5.510579339316473,-0.6325184399481428,-1.7644627448353771,-0.15055422272920768,-0.0017579004899758606,0.0036405122894363376,-0.9885934869674906,-0.34488360818932895,-0.009824137667463336,0.01644116291266394,0
17.702,-5.528427990202464,-0.6308272608428748,-1.7632971736028702,-0.16485830271989577,-0.0006135339638131823,0.008383688083703359,-0.986281439232487,-0.3656622236180944,0.06851894177536043,0.024328413467651258,0
17.752,-5.5467954509761395,-0.6263203221228805,-1.7624260681629538,-0.17903862008931604,0.00011031575484015771,0.013370617996415347,-0.9837511814078508,-0.3699189018888492,0.1087722924662018,0.011205798150484168,0
17.802,-5.565478788678662,-0.6199770478900022,-1.7622558891343318,-0.1933899426026893,0.0022392164323916585,0.015062913771027468,-0.9810037842121837,-0.37765235998159613,0.14426408983849148,-0.004634228554318097,0
17.852,-5.584816444823945,-0.6117898475609628,-1.7627552867986094,-0.20760521927853676,0.005633863126548977,0.012601324940374775,-0.9781152995042708,-0.39710357127982976,0.18441825930736855,-0.015589963117507788,0
17.902,-5.605237515820273,-0.60121743615876,-1.7641414041164367,-0.22120155992084833,0.009198485655082822,0.007295964930314477,-0.975157436851082,-0.41693003227317904,0.2375078480925378,-0.04446671092729261,0
17.952,-5.6265049737911585,-0.5879335337192402,-1.7676908401201115,-0.23308452250094275,0.011812755361766967,0.0002790674230444171,-0.9723846904917022,-0.43026005421325725,0.2892651572334238,-0.0962195901358756,0
18.002,-5.6486979709340766,-0.5728514289885934,-1.773474849145372,-0.24012274876102835,0.009208637897697916,-0.01546059734330831,-0.9705757242200654,-0.4663936855243322,0.30654637053431716,-0.14758748851511375,0
18.052,-5.669286772327325,-0.5586471357960333,-1.777081220270366,-0.24384445025042858,0.005116023123535155,-0.0337549252391746,-0.9692132455819839,-0.3643189743755663,0.2584193793882666,0.01425728337437926,0
18.102,-5.687669561261304,-0.5457294997343777,-1.774917386393584,-0.2493832943641753,0.0032368698119195098,-0.04109866793577105,-0.9675269477693091,-0.37398595773953786,0.25771169345614175,0.0582598552413205,0
18.152,-5.706646954084635,-0.5332924128113178,-1.772062269189156,-0.2565823763251655,-0.0007886452626829436,-0.04424514794269497,-0.9655087928556157,-0.38238554802418223,0.23724375448142085,0.05123876026869329,0
18.202,-5.725944699046052,-0.5220241334110572,-1.769854920218143,-0.2638168990240711,-0.00435924448896135,-0.04501160498864942,-0.9635121152290472,-0.3895611285729413,0.21489628418853948,0.0386964463652276,0
18.252,-5.745571033794251,-0.511785152530574,-1.767954819913911,-0.2701966866468976,-0.006790596035183734,-0.043201639229996903,-0.9618114455018535,-0.39635172205471614,0.19681818312874225,0.038299315434333465,0
18.302,-5.765691716363366,-0.5023092490482605,-1.7661005196229662,-0.27551648068244144,-0.007841670797843616,-0.038976724485158286,-0.9604738372386135,-0.4077448314444066,0.18259891440430992,0.03289030210055953,0
18.352,-5.786457997224282,-0.4934373767533918,-1.7647716354903311,-0.2800125752328502,-0.007127734094074216,-0.032782407745485465,-0.9594099576617707,-0.42223312390928125,0.17136510134602925,0.01499925244795116,0
18.402,-5.807734237301041,-0.4853706667345262,-1.765704158810825,-0.28452148295726093,-0.004433509114779012,-0.024431021501521516,-0.9583480552080872,-0.4238678433649179,0.15317800729244796,-0.06283089895562871,0
18.452,-5.827809209678834,-0.47719567015367903,-1.7703896649609556,-0.29264219391735175,0.00030687086193923786,-0.007648023497515165,-0.956191382468016,-0.35922334249714527,0.14625185171734287,-0.052676674803793636,0
18.502,-5.845310325442574,-0.4693233241216681,-1.7701629118871527,-0.2977450935752123,0.00396455048047623,-0.00010869368718765296,-0.9546371717972536,-0.3509735689185127,0.1877637349368934,0.029860083734556574,0
18.552,-5.862508514169842,-0.4584467668001624,-1.7682981186003375,-0.30397066747933416,0.0036770508299741322,0.008082128040323234,-0.9526400116600718,-0.3397904272387919,0.24130603406482698,0.04098696413288517,0
18.602,-5.879238211997855,-0.4454226266226143,-1.7664471602374583,-0.30978284957887325,0.0031796513877102523,0.014104696660776751,-0.9506973932098234,-0.3303961265993653,0.2758992846361154,0.031089123808602712,0
18.652,-5.895582354348349,-0.4310210913899798,-1.7651980881937235,-0.3163587891725895,0.003509281616425518,0.01456146703071144,-0.948521357236464,-0.32490677386332467,0.29968168359493313,0.018731971970392846,0
18.702,-5.911742444649307,-0.4152127758040172,-1.764723136258604,-0.323695279168934,0.004716810031522702,0.009419980339379498,-0.9461027332786216,-0.32058008889467093,0.3335075684698262,-0.0020391378762639745,0
18.752,-5.927823787055877,-0.3974818831840908,-1.765763351047719,-0.33110651052709567,0.0058193727618161065,0.00021070543204196302,-0.9435754178604118,-0.32127727000199935,0.374416807949673,-0.04968376193356285,0
18.802,-5.943892464076793,-0.37815483966883656,-1.771104132261474,-0.33493693169770916,0.003102000941247543,-0.014319735388868576,-0.9421266234182528,-0.327974157042593,0.38782316571891307,-0.16627629447313644,0
18.852,-5.958659431986596,-0.3600104761164182,-1.7748173852325864,-0.337071803241225,-0.0016867324689178358,-0.028499660975862543,-0.9410459732221109,-0.27347406003235997,0.32828559079716196,0.017411626862894748,0
18.902,-5.972767704607297,-0.3443077822081916,-1.7725423362219797,-0.3383970010375432,-0.004088750654053945,-0.034132621470174616,-0.9403753059063501,-0.29538039250460496,0.30868871837896794,0.059742684508115804,0
18.952,-5.988159502328657,-0.3293243296821012,-1.7695893437583603,-0.33986424326291725,-0.00809828582734618,-0.035479370411987475,-0.939770146468355,-0.31850525804410246,0.2898604695269069,0.05442766202722399,0
19.002,-6.0046409175027975,-0.3153907941414939,-1.7672619395540168,-0.3409863637907489,-0.011084828067906404,-0.03462775786485883,-0.9393648623834733,-0.33993358943299107,0.268395610682424,0.03941166555771906,0
19.052,-6.02212715976543,-0.3025056529552907,-1.7654800489527132,-0.34169210834877306,-0.012249777552335965,-0.03179920922019717,-0.9391939396818212,-0.35918146234693976,0.24798399333502386,0.03258618943714396,0
19.102,-6.040648532075647,-0.2906543859511591,-1.7640887665873186,-0.3419937113974002,-0.011468293551626983,-0.027177808477272334,-0.9392391316028192,-0.38032820555343533,0.2262260475990327,0.020545088274149893,0
19.152,-6.060252136747313,-0.27980212839815255,-1.7635812929848744,-0.342158045210267,-0.008819392581504694,-0.02083222042343582,-0.9393700596701027,-0.4029409301393619,0.20728865953486883,-0.0060046243696338765,0
19.202,-6.080748591521772,-0.27007568217743644,-1.7659621543458692,-0.34330802122171994,-0.004521527470968891,-0.011699481848598085,-0.939139116680075,-0.41000036974346743,0.18607344130560427,-0.10095140928840837,0
19.252,-6.099729650563372,-0.2608050391148054,-1.770740931153174,-0.34709364548643523,0.002166085956470782,0.004197276990165961,-0.9378185817099352,-0.33856042699005273,0.16037196929309294,-0.019157099415519206,0
19.302,-6.116384511189152,-0.25161724147473286,-1.7699294540603188,-0.3493508002355401,0.005981564126876473,0.011189514164448874,-0.9369060967024112,-0.32664636183052226,0.21562257446389735,0.03491608924611542,0
19.352,-6.132366147120927,-0.23947188027937344,-1.7678627344639666,-0.35186061107220634,0.0064598870264970356,0.018823930275861992,-0.9358408197361708,-0.31209305083203154,0.2644932525847251,0.04327039459174138,0
19.402,-6.147667663880651,-0.22533592259760313,-1.7659574554159652,-0.3541989255684734,0.006247366436410669,0.02373212197591646,-0.9348480507148043,-0.30167103070377166,0.2979111692703265,0.03100207416494299,0
19.452,-6.162552688120157,-0.20982903320557164,-1.7647635603001681,-0.357424840286507,0.005936873883891346,0.023341940809299827,-0.9336312927884897,-0.29568277416530653,0.3211268553710494,0.01744664425118493,0
19.502,-6.177225908308139,-0.19307032072890726,-1.7643281110268838,-0.3618264828771738,0.0061118736758313825,0.01764210583641993,-0.9320584731606497,-0.2902939511318227,0.34927233871919866,-0.0022859271631321715,0
19.552,-6.191714074342167,-0.1747330674320531,-1.7652776288956638,-0.3664957397794064,0.00649038634632711,0.0080478287897634,-0.9303622843067058,-0.28831314624918664,0.38286746023660767,-0.044819840527394975,0
19.602,-6.20615626240221,-0.15515141937485435,-1.7700531527346322,-0.3683790221041562,0.0037960862263911057,-0.0063772196700742105,-0.9296460707560847,-0.2973330192393131,0.39268748423037797,-0.15034425229052817,0
19.652,-6.21987364655997,-0.13642202211212595,-1.7743822853557256,-0.3681982045964394,-0.002400109069612258,-0.022140086226536466,-0.929480574401797,-0.25041374974298874,0.3422706553958344,0.020089151298310053,0
19.702,-6.23281451101924,-0.12002337192184387,-1.7718435910772325,-0.36789539943422583,-0.005032494095410412,-0.028310964209248488,-0.9294224757255738,-0.2716142819104271,0.3235175439247179,0.06409797466437968,0
19.752,-6.247080465722657,-0.1042109119470202,-1.768746987667887,-0.36762395899074063,-0.009055221666092645,-0.03023619001454864,-0.9294387556746048,-0.2968221671059242,0.3076792044363004,0.055612195263214974,0
19.802,-6.262510879564706,-0.08931145529209157,-1.7664463854970613,-0.36735957636341926,-0.011923852164806823,-0.030052177000432834,-0.9295168799226707,-0.319955432293842,0.2889329281982419,0.037707187367290375,0
19.852,-6.279067529136466,-0.0753630314889032,-1.7647783625346662,-0.366843155253619,-0.012977788127898326,-0.028003483576285078,-0.929770660628991,-0.3418410856179298,0.2700417320041077,0.03016820471172046,0
19.902,-6.296778231862682,-0.062376554870337435,-1.7634945719117898,-0.36594083497935237,-0.01213865846970362,-0.024207161781377388,-0.930244038725141,-0.3651481672898115,0.2493894754323539,0.018896716075878152,0
19.952,-6.315642615197049,-0.050349148037873756,-1.7630312553842789,-0.3649124693495866,-0.009418375531052209,-0.018702849169330744,-0.9308063103291111,-0.3886040826157942,0.23144557057788684,-0.0056696668725105,0
20.002,-6.335473142905069,-0.039415103966220104,-1.7652602824483306,-0.3647355782833082,-0.0049690240962496504,-0.010518459968142801,-0.9310384679129918,-0.39841827676610403,0.20876517098238542,-0.09542492640421579,0
20.052,-6.354024258690097,-0.02902911734254467,-1.7703517582808794,-0.367509406136637,0.002038139664398922,0.004983186268956027,-0.930004220550861,-0.32928681275540944,0.17956858564307945,-0.032046869792087505,0
20.102,-6.3701391152386195,-0.019102343153637808,-1.7699618274067415,-0.36838547992462506,0.006280047162393199,0.011551177617313852,-0.9295801576432206,-0.31589070033820493,0.229762018930184,0.029283772891486325,0
20.152,-6.385513154426796,-0.006236311515935425,-1.7680813842214167,-0.36967746824371606,0.006904031625769397,0.01890144887909229,-0.9289422151299286,-0.2995812679321383,0.27923533575097004,0.04146932141158053,0
20.202,-6.4001566486178545,0.008640542274403255,-1.7662078425847652,-0.3708648755545602,0.006780142949658675,0.023884374002031722,-0.9283548946496781,-0.2879305523433672,0.31275759540900494,0.031108641374574256,0
20.252,-6.41433395663856,0.024863600657637774,-1.7650102448321516,-0.37298830467753097,0.006485990735023845,0.023729437476576524,-0.9275098761172368,-0.2810837853477745,0.3348431547210563,0.017521702050352857,0
20.302,-6.428246673534782,0.042268800709468306,-1.7645812570582946,-0.3763653326962769,0.006615908392883211,0.01823573129462471,-0.9262682247625186,-0.2745744458320646,0.3612703730690163,-0.0024999069873774494,0
20.352,-6.441900192636195,0.06115276589856514,-1.765540048893109,-0.3800712915067373,0.006972779477220962,0.008741283106818081,-0.9248896062170928,-0.27077865110456323,0.3927178189802805,-0.04461849423880671,0
20.402,-6.455454681981506,0.08119577572299994,-1.7702461042462663,-0.3810195436230004,0.0042461200877609365,-0.005662674106550389,-0.924539892034672,-0.27987483307699235,0.4019658424034567,-0.14814652136474155,0
20.452,-6.4684007387525515,0.10037393228490736,-1.7745461903035629,-0.3802775013939929,-0.0021464635487941004,-0.021194322740306356,-0.9246270682341905,-0.23736119235534733,0.35110014841146303,0.019099729256433596,0
20.502,-6.480733998490431,0.11720591155100248,-1.7720309281609186,-0.3793882779084338,-0.004939401517705365,-0.027190334401165462,-0.9248247523793208,-0.2602169395405143,0.33173654442973965,0.06436164963180863,0
20.552,-6.494470934312205,0.13341530599739904,-1.7688898021660344,-0.37841860413048856,-0.009056097351379282,-0.029005597114472773,-0.9251356778790488,-0.28689469340997,0.31546449978548063,0.05683103416559015,0
20.602,-6.509444333105074,0.14869948307328695,-1.7665260529951912,-0.37749605847519796,-0.011961058924658775,-0.02877132053831271,-0.9254868286580696,-0.31150613532354404,0.29660266133768065,0.03889117386238337,0
20.652,-6.525606456441885,0.16303997435738077,-1.764809394518932,-0.37630069038173525,-0.012998134567374248,-0.026727752353820012,-0.9260207698373235,-0.33459254870620925,0.27795225438207827,0.030946465619392703,0
20.702,-6.542989979484686,0.17641737397118978,-1.7635025509926179,-0.374697671982347,-0.012105527523930168,-0.023017493168808738,-0.9267822321465814,-0.35924599184936556,0.25706944043144303,0.01905061770210932,0
20.752,-6.561585206743944,0.18882105724660758,-1.7630443356776548,-0.37304609187800514,-0.009293350392195693,-0.017650654459141404,-0.9275983513192544,-0.38372302295766575,0.23883934482809435,-0.005960234367904188,0
20.802,-6.581202756823314,0.20011446690507304,-1.765291954764047,-0.37235414443755943,-0.004727299467326869,-0.009597216148374485,-0.9280290605375032,-0.3947744571113167,0.21567499807888904,-0.09592162407939087,0
20.852,-6.599592161226023,0.21083257875660416,-1.7704687329746227,-0.3747581906861215,0.002448337795741327,0.005875298791829366,-0.9271007415700889,-0.3255577946836237,0.1850338520945586,-0.0337520885596079,0
20.902,-6.61549766155261,0.22099290600406302,-1.7701017817532754,-0.3751729562864769,0.006803182893357513,0.012273999799668502,-0.9268485952423421,-0.311449040217719,0.23417228441374227,0.02921740421378502,0
20.952,-6.630623501183073,0.23408150035606712,-1.7682028300556711,-0.3760092432934485,0.007451239635848368,0.019505540468542713,-0.9263806247308973,-0.2942820962022939,0.28368383346221826,0.04214970205908604,0
21.002,-6.644988312040567,0.24917563720546626,-1.7662894142457497,-0.3767445516152423,0.007296606885375242,0.024461299296370174,-0.9259654136051317,-0.28224077963973543,0.31689731417170647,0.03187234419637611,0
21.052,-6.658869797724711,0.2655985795565778,-1.7650618533759814,-0.3784231526497285,0.006899914250395676,0.024326811011145335,-0.9252872607941841,-0.27499013180502835,0.33865250774428546,0.018051720389975563,0
21.102,-6.672469650608602,0.2831733504673499,-1.7646147055437817,-0.38139703952266396,0.006891576474705062,0.01885260891882374,-0.9241933691354822,-0.26818654302305855,0.3641992879309687,-0.002240715955649657,0
21.152,-6.685792779864764,0.3021794788152464,-1.7655513548580029,-0.3847353011269301,0.0071281626248497175,0.009334560746849999,-0.922952221591143,-0.26398714723474465,0.39474747503675406,-0.043882448849378926,0
21.202,-6.699001233723149,0.32231202228086636,-1.7701959342037596,-0.3853730146054824,0.0043477450100210925,-0.005077446753425453,-0.922736666802439,-0.2728000154161691,0.4036738710073051,-0.14691145988620424,0
21.252,-6.711648038893246,0.3415819777385303,-1.7744870310586607,-0.3843532226787794,-0.0021435601470483944,-0.020574474080617158,-0.9229543306050618,-0.23229748147380136,0.3530988494829755,0.018298718050510063,0
21.302,-6.723730545127208,0.35850736509354103,-1.772013802922155,-0.3832288258246411,-0.005004974915736141,-0.026557430798727393,-0.9232579921953178,-0.25540327245385325,0.3335532429716393,0.06366483255326041,0
21.352,-6.737244066390356,0.3748057668268099,-1.768889839231836,-0.38197618681042195,-0.009137301764953039,-0.0283783211572177,-0.9236911677149038,-0.28280397076259645,0.3172817924527429,0.05679756669363131,0
21.402,-6.7520293902631145,0.39018585209396833,-1.766519449682066,-0.3807872868529961,-0.012038205941062445,-0.028168842470572174,-0.9241550952533463,-0.30803823842672196,0.29861803550888727,0.039093186879542004,0
21.452,-6.768032032570354,0.40463620386734783,-1.76479555933357,-0.3793331004283607,-0.013052708541082968,-0.026152438945534897,-0.9247983973041625,-0.3317257688973657,0.2802041537414941,0.031027690740497747,0
21.502,-6.785288566016499,0.4181269468409363,-1.763489144385164,-0.37746499958730495,-0.01213391423265081,-0.022504163848036003,-0.925670840429497,-0.3569890894515728,0.2593291823380583,0.01895001559791511,0
21.552,-6.80378121398181,0.43064191092237514,-1.76304060272208,-0.3755789387037479,-0.009285843949383848,-0.01721428638059287,-0.9265839963266799,-0.3818487615758774,0.24103159884755512,-0.006216490452362204,0
21.602,-6.823315482937294,0.4420429644951319,-1.7653004884400743,-0.37469497402686996,-0.0046701460924781215,-0.009226573496336384,-0.9270904683557013,-0.39332726693832953,0.21775723340979555,-0.0961348276651696,0
21.652,-6.841643634922104,0.4528554766049829,-1.7704858628654354,-0.37696007038408347,0.0025602926589362194,0.006197834543653811,-0.926205234861311,-0.32439198711140954,0.1866124041557309,-0.0337985162068352,0
21.702,-6.857473955396449,0.46308720366403916,-1.7701213692209894,-0.3772096950336802,0.006966831969173154,0.012563174991204813,-0.9260164555012246,-0.30981766958172124,0.23545640033202084,0.029124055117255646,0
21.752,-6.872513706989069,0.4762381146198449,-1.768220628319675,-0.3778759298629953,0.007640013026191436,0.019767396543959204,-0.9256136677172657,-0.2924983002422115,0.2848980414295002,0.04228343860053143,0
21.802,-6.886787366165771,0.4913899181565271,-1.7662977932430075,-0.37844639494665633,0.0074792205756642055,0.024719571537111018,-0.9252628438419441,-0.28039542938921136,0.3179731031776507,0.032055130495075856,0
21.852,-6.9005755630432,0.5078622420116305,-1.76506390913072,-0.3799676802807462,0.007048784599794904,0.024592167743057104,-0.9246459332433314,-0.2730690248421261,0.33958846636962536,0.018155583748846016,0
21.902,-6.914078084319079,0.525476801008631,-1.7646138296090628,-0.3827893636429681,0.006996248126611857,0.019129991740605628,-0.9236110647940323,-0.26622087184959825,0.36483531971132427,-0.002199967239870879,0
21.952,-6.927300324158513,0.5445055852937631,-1.7655436243370388,-0.38598731185587026,0.007198417299630158,0.00961178928231196,-0.9224259273141943,-0.2619186458827967,0.3950473309086511,-0.04358994108133427,0
22.002,-6.940401038383656,0.5646471819014417,-1.7701586979472343,-0.3865425406793983,0.004424613629541203,-0.00478985226993091,-0.9222485263499075,-0.27047290913866945,0.40379514715386194,-0.14601138628331337,0
22.052,-6.952955347746468,0.5839331986753484,-1.774442437025526,-0.385404035463076,-0.0020904903411690275,-0.02028547012845584,-0.9225225520281745,-0.23079879067225084,0.35360534583291847,0.01773961006823766,0
22.102,-6.96495921346447,0.6008824291688095,-1.7720023787158088,-0.3841834522489088,-0.004989696485515609,-0.026273590018328526,-0.9228693712626075,-0.2538640056333078,0.3340229835919643,0.06305657153476371,0
22.152,-6.978402374292788,0.6172018887093003,-1.768896574401183,-0.38281228260871236,-0.009136313284161146,-0.02810515453517242,-0.9233533366767205,-0.28156796220462144,0.31768764299094865,0.056658893184262475,0
22.202,-6.993131552821478,0.6326038811340445,-1.7665260481899931,-0.38151196834628914,-0.012042983744420114,-0.027913711864575086,-0.9238638477833261,-0.3070181348740522,0.2990859824024457,0.03917418808676733,0
22.252,-7.009087873860486,0.6470813439785558,-1.7647986110809408,-0.3799481130155023,-0.013054242803712252,-0.02591165975277749,-0.9245526507720572,-0.3309177776925097,0.28074954404417163,0.031073142186216304,0
22.302,-7.026310103319965,0.6605987132670802,-1.7634910918508626,-0.37796699181042753,-0.012130750061558358,-0.02229453779593596,-0.9254710971117285,-0.3564025016850491,0.25984027525981895,0.018946274928095568,0
22.352,-7.044777012274881,0.6731377725947153,-1.7630439763922168,-0.37598271457822924,-0.009272755955682386,-0.017043649168476307,-0.9264235145754853,-0.38139257653038156,0.24148605435740525,-0.006257563429065209,0
22.402,-7.0642917868875905,0.6845601558055858,-1.7653045576314765,-0.37502234627213094,-0.0046427578414563984,-0.009089648977365692,-0.9269595799589322,-0.39301368835641587,0.2181511001583325,-0.09610533076281286,0
22.452,-7.082609209994658,0.695390732202737,-1.7704896059019704,-0.37723866754137636,0.0026012366072552134,0.006314445057102966,-0.9260908967608642,-0.32413249209744016,0.18692254035742667,-0.033856908436646536,0
22.502,-7.098420188895592,0.7056330281194748,-1.7701299569573594,-0.3774217395212488,0.0070305703402756175,0.012670150017643766,-0.9259281121750085,-0.3094241747661602,0.2356057779861892,0.029018860273415423,0
22.552,-7.1134403912466855,0.7187911890770925,-1.768230683954193,-0.3780230229311001,0.00770875491264925,0.019865089861070048,-0.9255509426479668,-0.29211681460862615,0.28503858477895333,0.042311493166035934,0
22.602,-7.127695149321397,0.7339488550341806,-1.7663048235921954,-0.3785325780075168,0.007540242846058666,0.024818038924672492,-0.9252244576689149,-0.2800176760019638,0.31806124864827406,0.03212067118417695,0
22.652,-7.1414650789017236,0.7504233288163996,-1.765068880891543,-0.3800008935630545,0.0070952973803259205,0.02469435777867174,-0.9246292047844169,-0.27268851330774474,0.33961805898942987,0.018181122152069542,0
22.702,-7.154948722506793,0.7680369735263215,-1.7646173439809563,-0.3827661750508135,0.007028220568240867,0.019238543286891906,-0.9236181774980458,-0.26584808945400934,0.3647654952388676,-0.0021613303127837485,0
22.752,-7.168152110826679,0.7870590046362469,-1.765543123659309,-0.38590924187564696,0.007222978015886425,0.009721861259657716,-0.9224572461839041,-0.26153904934865113,0.3948586237904591,-0.043449657705638356,0
22.802,-7.181233428572693,0.8071892921214918,-1.770147825539971,-0.3864157842387484,0.0044590177943054955,-0.004675145419182625,-0.922302066498157,-0.2700630981165056,0.40353546721529826,-0.14575454642852384,0
22.852,-7.193775309718159,0.826465371121711,-1.7744303040664724,-0.3852249985055511,-0.0020568056510497316,-0.02017408251316342,-0.9225998463427492,-0.23061632431395268,0.3534570940533511,0.01755475494256801,0
22.902,-7.205768252808694,0.843406118475492,-1.7720000830904195,-0.3839557515938628,-0.0049622268783857115,-0.026166351712572974,-0.9229673229104339,-0.25365901924072665,0.3338333829639663,0.06288130907298599,0
22.952,-7.2192033829499955,0.8597146229826744,-1.7688992378376838,-0.38252615137516405,-0.009111663351458639,-0.02800330614037614,-0.9234752492353454,-0.2814699694717918,0.3174445403120016,0.056629712606858694,0
23.002,-7.23392944337705,0.8751041324239404,-1.766527984072751,-0.3811711264753776,-0.012020817442149064,-0.027820156547462876,-0.9240076358879227,-0.30698436014795905,0.29883269084004604,0.03921251507667914,0
23.052,-7.2498855377181695,0.8895696173146691,-1.7647989935796788,-0.3795499070426881,-0.013032222204786606,-0.0258230576284316,-0.9247189837691285,-0.33095332431227004,0.2804943703230823,0.03108971496478971,0
23.102,-7.267111612332662,0.9030728962544764,-1.7634913377817916,-0.3775108229256475,-0.012109438677596139,-0.02221610943387734,-0.9256594322700629,-0.356512130940246,0.25953107268954984,0.018934881435452904,0
23.152,-7.2855849960821155,0.9155946267379296,-1.7630453837120932,-0.37547713618928513,-0.009250657813816251,-0.01697778316860115,-0.9266299695173822,-0.38154112531706424,0.2411073236000314,-0.006286072090274111,0
23.202,-7.305108006632742,0.9269964994897184,-1.7653068822436588,-0.3744814726011062,-0.004620482166259494,-0.009033300886173,-0.9271788809599567,-0.39320370093936285,0.21771615240416112,-0.09611034194989115,0
23.252,-7.323436841933654,0.9378066868031425,-1.7704927716145948,-0.3766803678872089,0.0026175071267726916,0.006368677105537972,-0.9263177041688899,-0.324289386959691,0.18655852695052286,-0.03389069048432628,0
23.302,-7.339254263720556,0.9480291002298881,-1.770135211570973,-0.37683949465291283,0.007050860261044306,0.012723386835123335,-0.9261643461431454,-0.30959607264747224,0.23518891733971964,0.028976677203521598,0
23.352,-7.3542848697758965,0.9611669632552428,-1.7682363522537368,-0.377418626929546,0.007724722614436205,0.01991403458829291,-0.9257963814649325,-0.292360154021649,0.2846410321303029,0.04233033285801148,0
23.402,-7.368553099287019,0.9763047955778253,-1.766308625419073,-0.37790911195461757,0.007547812263015111,0.024866392487767716,-0.9254779285084868,-0.28030684960438257,0.3176610610902339,0.03216395503487196,0
23.452,-7.382338517389175,0.99275875887205,-1.7650707479600143,-0.379360790941977,0.007095431098798171,0.02474354720174998,-0.9248906973395699,-0.2730062675275173,0.3392093481318603,0.018218430487184925,0
23.502,-7.395839006373853,1.0103513672541558,-1.7646171707827696,-0.3821064850835576,0.007024947874390048,0.019290515123096052,-0.923890231678384,-0.26620436302945555,0.3643314817370151,-0.0021164439510049423,0
23.552,-7.409061325103802,1.0293506575834608,-1.7655397338738275,-0.38522815481385175,0.007222403370976091,0.009775393811983422,-0.9227413219879572,-0.26193900632981726,0.39438905187777556,-0.04335757387997515,0
23.602,-7.422162866842466,1.049456836430529,-1.770138950052193,-0.3857132937572313,0.004472966329841506,-0.004619488547980563,-0.9225962865287911,-0.27045246865385275,0.40302436060947144,-0.1456347796471144,0
23.652,-7.434726594218741,1.0687096935699727,-1.7744211217077794,-0.3844982841224149,-0.002031335625769242,-0.020125265258016025,-0.9229040669976423,-0.23102674502242915,0.35303919689528357,0.017460162184158936,0
23.702,-7.446737938132534,1.0856287001166942,-1.7719961207835022,-0.38319814336335184,-0.00493441003439403,-0.026122085870301844,-0.923283526957065,-0.2540257370428331,0.3333792627744716,0.06278223544773755,0
23.752,-7.460191979566125,1.1019129450335088,-1.7688983838701786,-0.3817302120455285,-0.009083794511371259,-0.027964185511434814,-0.9238060046447166,-0.28187146203172153,0.31692995978487426,0.05660288802838951,0
23.802,-7.474938274089185,1.117275724418156,-1.766527318549145,-0.38033818463002167,-0.011994341996430433,-0.02778697794965789,-0.9243521433570859,-0.3073888973148834,0.29828018819668634,0.03922167520541214,0
23.852,-7.490914625417027,1.131713163159915,-1.7647979999929335,-0.37867656695778834,-0.013006700033933387,-0.025792488556855963,-0.92507817557509,-0.3313661032573812,0.27990862666250094,0.03108887335537664,0
23.902,-7.50816170896118,1.14518540637414,-1.7634907109456712,-0.37659720983849176,-0.012085883658804187,-0.02219008317269913,-0.9260324363470416,-0.3569357221922961,0.2588768527870906,0.018920924152812116,0
23.952,-7.526656205305791,1.1576723356280287,-1.7630456688207263,-0.37453087212971187,-0.009229323977201397,-0.016957154964268386,-0.9270134304831824,-0.38196257110054493,0.24037376324505558,-0.00630381643619036,0
24.002,-7.546199853827742,1.1690357698527765,-1.7653073144354807,-0.37351541681515166,-0.004603725096561059,-0.009015781829173222,-0.9275687331915878,-0.39361753461520044,0.21692823494905028,-0.09608813990687738,0
24.052,-7.564550569430357,1.1798094781195252,-1.7704929664103677,-0.37571051086044355,0.0026213428499453385,0.006391426182161238,-0.9267113305997747,-0.32463418852751696,0.1859219604586706,-0.03393028622357174,0
24.102,-7.580385704076316,1.1899988322080948,-1.770137842965459,-0.3758618013335619,0.00705424908288125,0.012751204270465371,-0.9265611424281834,-0.31002220311735446,0.23451790860924726,0.028932733718814663,0
24.152,-7.595440558513815,1.2031038689861557,-1.7682399039364278,-0.37643615581362666,0.0077200233748839706,0.019941235967834363,-0.926195750877441,-0.2928955356434958,0.28399678387087085,0.042332183571464836,0
24.202,-7.609737340575801,1.2182097830594671,-1.766311374518493,-0.37692387147916934,0.007534009049446463,0.02489418323522513,-0.9258789950408473,-0.280906469910998,0.31702359336585045,0.03218732674448422,0
24.252,-7.623553885723624,1.2346319071663407,-1.7650720513071454,-0.37837286219586336,0.007077329373456299,0.024772408305192038,-0.9252946646065846,-0.2736477606697672,0.338575770374451,0.01825400854546829,0
24.302,-7.637087786758928,1.2521929462193906,-1.7646163474808352,-0.38111319083073364,0.0070085511189819615,0.019321763177550102,-0.9242998893507136,-0.2668992786601017,0.3637025398575674,-0.0020687085704413567,0
24.352,-7.650346575924015,1.2711606409720655,-1.7655358943711845,-0.38422576307300244,0.007213957322876419,0.009809209103522218,-0.9231588710657975,-0.2627010179619504,0.39375793413898047,-0.04328057233484978,0
24.402,-7.663486792103266,1.2912351220222091,-1.770131115605763,-0.38469838299004977,0.0044827564846818355,-0.0045838218648239885,-0.9230200689022166,-0.2712146892916711,0.40236250717955613,-0.1455540280542609,0
24.452,-7.676088758692743,1.3104571952483675,-1.774413028070539,-0.3834640590501628,-0.0020037733890563222,-0.0200980550734393,-0.9233349167508202,-0.23172696319205463,0.35247228159665783,0.017398457840378856,0
24.502,-7.688132717485093,1.3273468376042146,-1.7719917094529463,-0.3821355614594622,-0.0049010192149999965,-0.026100131346750044,-0.9237246212061249,-0.2546694104502382,0.3327673715088215,0.06270649699704696,0
24.552,-7.701618839900667,1.343598709734089,-1.768896532683215,-0.38063225942152584,-0.009049372937054519,-0.027947724068326078,-0.9242597668710413,-0.282521830965829,0.3162466533820745,0.056576219747389245,0
24.602,-7.7163971241428,1.358925873482636,-1.7665259662395532,-0.37920547630622653,-0.011961259754172265,-0.0277758088473472,-0.9248181656127529,-0.30801567794618306,0.29754166254835596,0.039221418561546054,0
24.652,-7.732404260389461,1.3733254209693733,-1.7647967013953823,-0.3775043244813615,-0.01297525182295187,-0.025782810748769803,-0.9255578720468511,-0.3319770018091634,0.2791184239376245,0.031082449479396857,0
24.702,-7.7496816192092846,1.3867559880635312,-1.763489952999362,-0.3753859095426363,-0.012057359594063129,-0.022182776486265553,-0.9265246696250607,-0.35753332724012615,0.2580024336157524,0.01890571376618504,0
24.752,-7.768205531193603,1.3991967429348078,-1.763045733138943,-0.3732890437068008,-0.009204727600386537,-0.016952665965165176,-0.9275145119915581,-0.3825429758435427,0.23940561132558533,-0.006316810688949435,0
24.802,-7.787777261409178,1.4105096638307544,-1.7653071158487184,-0.3722577007512152,-0.004586477717645098,-0.009012021750460451,-0.9280743245654051,-0.39417174839551183,0.21589745018799336,-0.09605177773823338,0
24.852,-7.806156745219109,1.4212357187124431,-1.7704922006663322,-0.3744550574139905,0.00262106252226093,0.006403963465573558,-0.9272192455187014,-0.32509512378980726,0.18509428068088635,-0.03398194740999683,0
24.902,-7.82201611669163,1.4313824640237327,-1.7701401245552861,-0.374605381981909,0.00705159917959454,0.01277197538097237,-0.9270695547714125,-0.3105987442372183,0.2336580522295681,0.028881006977035578,0
24.952,-7.837103496347121,1.4444454042350605,-1.7682434394492907,-0.37518267254756776,0.007706598551997624,0.019962711611330706,-0.9267038689376148,-0.2936086372551619,0.28316979168873857,0.04232827523397143,0
25.002,-7.851438098480828,1.4595104052147783,-1.766314334346685,-0.37567551993226955,0.007509796632568211,0.024916635828986688,-0.9263858094428697,-0.2816981209360456,0.3162080809714723,0.03220862184720336,0
25.052,-7.865295500819025,1.4758920608521602,-1.7650733634666549,-0.3771284617475933,0.007049335541099275,0.024796055717745947,-0.925802131035117,-0.2744905663197289,0.3377709593229687,0.01829881224297797,0
25.102,-7.878873183666918,1.4934133233404456,-1.7646149396863366,-0.37986965565931735,0.006984283383403581,0.019347849802827798,-0.9248112916713866,-0.2678076180106456,0.3629169009005105,-0.002008054835195342,0
25.152,-7.89217957898354,1.512341991422626,-1.7655309003193056,-0.3829775612834178,0.007200425929127115,0.009838616107035241,-0.9236771855215121,-0.26369451333569566,0.39298576791041656,-0.043194958869065395,0
25.202,-7.905370239003901,1.5323779429412048,-1.7701221527360846,-0.38343973655495733,0.004490894347351944,-0.004552223990965313,-0.9235437604983113,-0.2722111419879114,0.401560551912436,-0.1454816285296526,0
25.252,-7.918020217096485,1.551560975641475,-1.7744123769380458,-0.3821778478452972,-0.00197413771743024,-0.020080643348244897,-0.9238684771975555,-0.23259168276512585,0.351644620626495,0.017188898121652488,0
25.302,-7.930104854720281,1.5684118165926275,-1.772000311856688,-0.3808268856762697,-0.004872375826285414,-0.02608005680374064,-0.9242656402447484,-0.2554702684290739,0.3319896320143562,0.06260292130106163,0
25.352,-7.943630864364539,1.5846246735297531,-1.7689060208154244,-0.3792829784240544,-0.009023367771945576,-0.027922879294398687,-0.9248152863808757,-0.2833450948916699,0.3154392369913312,0.056619739958780356,0
25.402,-7.958450260472464,1.5999108726022189,-1.766532155722481,-0.37781490686268454,-0.011939037662127196,-0.027748917635490335,-0.9253882175077134,-0.3088315280888792,0.29671333930821503,0.03929174288522632,0
25.452,-7.974498057959025,1.6142686321471493,-1.764800013010821,-0.3760648336253246,-0.012956818095552882,-0.025754331267271408,-0.9261447382543253,-0.33279048990769355,0.27826158889452796,0.031120587599007148,0
25.502,-7.99181596027835,1.6276543030225146,-1.7634924198020556,-0.3738993599078141,-0.012042864753650562,-0.02215804774651955,-0.9271263446742932,-0.3583325637277251,0.25706003684356443,0.01890032244369673,0
25.552,-8.010378973804896,1.6400448417687357,-1.7630493615524578,-0.37176691518036487,-0.009192440219203405,-0.016936639000555215,-0.928126074452958,-0.38330535809753,0.23834068711718576,-0.006352170376314379,0
25.602,-8.029987017828265,1.6513019468604722,-1.7653112117401848,-0.3707184881089702,-0.0045780528457454155,-0.00900431873278181,-0.9286903500362758,-0.3948740930060971,0.21476891382640523,-0.09597920242122544,0
25.652,-8.048403127185175,1.6619828654518334,-1.770506746126099,-0.37293130168617067,0.002613993063100181,0.006445028273888116,-0.9278328905969402,-0.32551353183847603,0.18424750722451927,-0.03435550510270222,0
25.702,-8.064289563568547,1.6720799607721195,-1.7701552797573485,-0.37307088716716585,0.007043688600571461,0.012796236145645842,-0.9276878547979958,-0.31133930269035864,0.23269407344425258,0.028986859217554024,0
25.752,-8.0794176306876,1.6850982331243318,-1.7682524360369243,-0.37365633631924966,0.0076723823364063,0.0199765001274392,-0.9273203418023452,-0.29449347437632084,0.28231907487890395,0.042439061454241325,0
25.802,-8.093798588580265,1.700121515357863,-1.7663190756198572,-0.37416140467948295,0.007458281952586557,0.024931004852338578,-0.9269984154655522,-0.28266286812927305,0.3153787665994446,0.032271533095008915,0
25.852,-8.107705922357644,1.7164618335871442,-1.765074490142757,-0.37562441893445625,0.006995793875016047,0.02481171735150374,-0.9264133707208025,-0.27551900486081143,0.336942219506139,0.018392413296402906,0
25.902,-8.1213369192338,1.7339420034232158,-1.764613238430203,-0.378369677776893,0.006941406828895484,0.019365298153707675,-0.9254259500563313,-0.26891547001844107,0.36210340567369265,-0.0019775334641521105,0
25.952,-8.13470161515271,1.7528303745350573,-1.765528133405264,-0.3814738760475199,0.00717490980962581,0.009859274458216745,-0.9242991925073083,-0.26490840457467657,0.3921894486905483,-0.043178378809132466,0
26.002,-8.147954238023065,1.772826345488624,-1.7701186994430125,-0.38191969778626994,0.0044916142352449725,-0.004533033237958069,-0.9241734801724562,-0.2734520303423616,0.40072745680656824,-0.1454692335981365,0
26.052,-8.16066302097675,1.791969857875629,-1.7744089555626466,-0.3806301673995419,-0.0019433511143275724,-0.020071330037893333,-0.9245074584676716,-0.23366368811750712,0.3509150109463884,0.01716491782826376,0
26.102,-8.172799219367986,1.8087826421983255,-1.7719980474328205,-0.3792332842307439,-0.004830535346147572,-0.026075346161073387,-0.9249210011576197,-0.2564944508519709,0.33118278478382146,0.0625811608304228,0
26.152,-8.186375941912168,1.824952392173071,-1.7689041162238757,-0.37763303358362144,-0.008979874005814209,-0.027922888620723306,-0.9254906623517847,-0.28436222312711246,0.31451416363758167,0.056623919634803524,0
26.202,-8.201244833760128,1.8401897731267503,-1.7665297704061422,-0.37610820427012004,-0.011897217380831316,-0.027753086966810267,-0.9260836037114095,-0.30979134648117607,0.295691774503542,0.03930272467640177,0
26.252,-8.217339650843542,1.8544944042235136,-1.7647971608832487,-0.3742902069571712,-0.012917150007256,-0.025758814930546683,-0.9268637826914056,-0.33371545055522056,0.2771477395061564,0.031122396284681657,0
26.302,-8.234702987902814,1.8678209235360874,-1.7634899434443547,-0.37205915457302907,-0.012006429032045102,-0.022163768136384134,-0.9278666922259347,-0.35922323507511095,0.2558102001441511,0.018885313546167192,0
26.352,-8.253309797797252,1.880145097708163,-1.7630474870997774,-0.36987628383147714,-0.00916098584224185,-0.016945158174806785,-0.9288813016805999,-0.3841726580726797,0.23694454436173637,-0.0063515337782813625,0
26.402,-8.272959784634786,1.8913287009983366,-1.7653072988628205,-0.3688032611686463,-0.004557426361239113,-0.009014660734263328,-0.9294525917485937,-0.39570673352232943,0.213256536638615,-0.09587426833223721,0
26.452,-8.291420179942902,1.901940140428148,-1.7705006763919575,-0.37102545257011743,0.0026078396449719468,0.006447168096270718,-0.9285966544959459,-0.3262214163076381,0.18306223037432742,-0.03447431593514963,0
26.502,-8.307342795025981,1.9119746868707974,-1.7701568898186764,-0.37116939909556135,0.007037061126431518,0.012814092256172898,-0.9284500826567857,-0.31220252691661965,0.23142003027895675,0.028857265465488526,0
26.552,-8.322519645017003,1.9249304183108695,-1.7682578799383113,-0.3717666106297944,0.007649865999951039,0.01999686957834473,-0.9280793026342544,-0.2955653020541502,0.2810872651474571,0.042405274576417885,0
26.602,-8.336957192946588,1.9398925354719945,-1.7663246877284668,-0.37228749314487786,0.007419534042944577,0.024953835417311415,-0.9277522724631039,-0.28384259789321775,0.31415457834597155,0.032289343557504784,0
26.652,-8.35092513755298,1.9561720842413097,-1.7650778983838893,-0.37376334787562837,0.006951970443745507,0.02483715821808798,-0.9271654358653588,-0.2767683164624728,0.33572945960780615,0.018461441692719436,0
26.702,-8.364620867864032,1.9735925314540002,-1.7646122005711833,-0.37651497481870283,0.006903982315098004,0.01939475332299825,-0.9261817598662825,-0.2702563601249004,0.36092993866836326,-0.0018753015222008895,0
26.752,-8.378055857203238,1.9924230411666985,-1.76552129623626,-0.37961343019523164,0.00715387200567996,0.009894724253499286,-0.9250646248574657,-0.26637632751120205,0.3910513524438723,-0.0430481588240887,0
26.802,-8.391383205493701,2.0123623189031905,-1.7701063893427222,-0.3800395051196739,0.004501556470210919,-0.004494002016119604,-0.9249483847672891,-0.2749302245116288,0.39954561577246694,-0.1453840258559587,0
26.852,-8.404163446933788,2.0314499159250285,-1.7743958132220417,-0.37870529310761564,-0.0018983782524093994,-0.020045941970653066,-0.9252982531826127,-0.23495872002639534,0.3498766877858449,0.017113945636645565,0
26.902,-8.416360889973518,2.0482089271215815,-1.7719887304253306,-0.37724032643842653,-0.004773152746609899,-0.02605873916792582,-0.9257364069941639,-0.2577034911453879,0.33006213414234875,0.06248768174758403,0
26.952,-8.429997366916794,2.0643199320500516,-1.7688981143251223,-0.37555455595696147,-0.008920604140729859,-0.02791371956399124,-0.9263368839584414,-0.285562044457543,0.3132781867941122,0.05658614740195915,0
27.002,-8.444925381260742,2.0794923364468008,-1.7665246707916766,-0.37394233644445135,-0.011840761810159878,-0.027750861024616037,-0.9269610644933315,-0.31094495195846733,0.2943404162740661,0.03929631560424353,0
27.052,-8.461077211191556,2.0937270106750794,-1.7647920402117037,-0.3720213619671107,-0.012864569517955263,-0.025759463566708465,-0.9277774836284879,-0.3348435481803116,0.2756877798018379,0.031118703637671028,0
27.102,-8.478496272228492,2.106976231660735,-1.7634855610879066,-0.36969121986661785,-0.011958322752355952,-0.02216859065261973,-0.9288131965357508,-0.36032031118445146,0.2541792526412241,0.0188589768162984,0
27.152,-8.497157300277493,2.1192139089380597,-1.7630443663288633,-0.36743254032507305,-0.00911893066435353,-0.016956259823304634,-0.9298508798009537,-0.38525522057979567,0.235127847231906,-0.006361818588318375,0
27.202,-8.51685957816189,2.1303016028393476,-1.7653019362427096,-0.36632321144854196,-0.0045286092516993726,-0.009029865006826189,-0.9304328336802348,-0.39674740303053824,0.21128307745380503,-0.095731870173536,0
27.252,-8.53534246973236,2.14076070656093,-1.7705459737083478,-0.3684867387407391,0.002602837431802115,0.006482559913625109,-0.9296067582728114,-0.3274014339261031,0.17993401052631175,-0.03368114394900054,0
27.302,-8.551307164964163,2.150659916075269,-1.7702035083782555,-0.36864440189773257,0.00691472796639904,0.013038524561013726,-0.9294533276953107,-0.3132348190545879,0.2283702566878475,0.028401187147540117,0
27.352,-8.566544296412541,2.1634412541921493,-1.7683358301235836,-0.3693031138913694,0.007476181431777703,0.020262955758396994,-0.9290579795713891,-0.29699417559307445,0.27742741140445265,0.042112239272738945,0
27.402,-8.58106374329953,2.1782333345922917,-1.7663804315010074,-0.36987755484622603,0.007184237378364934,0.02520928859748943,-0.9287106508071701,-0.2857172322133614,0.31114208792800985,0.03345502828718751,0
27.452,-8.59513859069659,2.1943876436953667,-1.7650465511892013,-0.3713551429697066,0.006620173217036302,0.025121889309908302,-0.9281273736799425,-0.27906182386264583,0.333674524358626,0.02051771205607846,0
27.502,-8.608960942073494,2.2117052871586087,-1.7644697577257147,-0.3741009715686111,0.006491717849806377,0.019739390069304908,-0.9271551526850683,-0.2729243280660389,0.3587821551661996,0.00029226517925681436,0
27.552,-8.62253966140816,2.230421744860768,-1.7652567409402764,-0.3771912204892322,0.006712186463522344,0.010294238850621779,-0.9260538636522225,-0.26945385282115886,0.38876973977969964,-0.040190950379518586,0
27.602,-8.636006084096994,2.2502549341087597,-1.769726098520814,-0.37771419696015024,0.004190444162272507,-0.003922730685791061,-0.925904443113024,-0.2768919871196723,0.3972026778426806,-0.14376293261019377,0
27.652,-8.648988821387999,2.269279827468836,-1.7742392655481602,-0.37585244236245513,-0.0023445698563901683,-0.01976620757490887,-0.9264657260797472,-0.23842919616489663,0.34922335306210284,0.01281457137345723,0
27.702,-8.661296760597798,2.2860059927339607,-1.77190956243316,-0.3742898036740636,-0.005165563394288145,-0.025777217956268,-0.9269390459220525,-0.25981180145827976,0.3292668369604036,0.06193841633216547,0
27.752,-8.67502177187987,2.302047908264922,-1.7688437493057603,-0.37248977976308467,-0.009136459471507628,-0.027674904474801795,-0.9275785620327176,-0.28729738493276336,0.3117485015153878,0.05611875645086127,0
27.802,-8.690033635816274,2.3171370816337498,-1.7664993836014937,-0.37077059729818124,-0.011903672084044562,-0.027627963397799132,-0.9282371261744249,-0.3125638243470076,0.29257498210406435,0.03864316500766738,0
27.852,-8.706266121328257,2.3312807853462036,-1.7647948692135729,-0.3687272649795529,-0.012826115454294122,-0.025751927423223558,-0.929092316757081,-0.33645452820596405,0.2737477914835479,0.030657299644458035,0
27.902,-8.723764983514238,2.3444250713767847,-1.7635085379633233,-0.36627897148827554,-0.011866953335341523,-0.02225752548254118,-0.9301631539807522,-0.3618720205134445,0.2519220121793405,0.018475728066044677,0
27.952,-8.742498344350963,2.356539782031444,-1.7630885940771204,-0.3639482237873653,-0.008998594714156845,-0.01712577712093435,-0.9312182469503031,-0.38660867044974156,0.2324919203365178,-0.006824597717214789,0
28.002,-8.762259184983147,2.3674903511152663,-1.7653568879274075,-0.3628234914883268,-0.004390301039527798,-0.009245352276702855,-0.9318016756489987,-0.39777498296172664,0.20871174687746588,-0.09504078169748272,0
28.052,-8.780808189734191,2.377843380489397,-1.7705543872933247,-0.36501696939396466,0.002710314757314314,0.006350008532226781,-0.9309752647841951,-0.3285089237556867,0.17829120052154881,-0.033354594979702855,0
28.102,-8.79683837887362,2.387647800870405,-1.770206380117121,-0.3652070549963837,0.007004060455555118,0.012993684799476705,-0.9308092792153154,-0.31487528378382273,0.2263113688548258,0.028384243478987606,0
28.152,-8.812166454286023,2.4003226086580525,-1.7683418376942235,-0.3659150139286378,0.007506089804739382,0.020268064441000717,-0.9303972628728351,-0.2989524881825635,0.2752004377327678,0.04201621193479289,0
28.202,-8.826787111761185,2.414999310173655,-1.7663918392434428,-0.3665560738384455,0.007160285518541368,0.02523721502770511,-0.9300260523346007,-0.2877977082519174,0.3087671055677729,0.033365177689825005,0
28.252,-8.840967333353495,2.43103513242462,-1.765056205196587,-0.3680909475104422,0.006570940050860384,0.0251578530751547,-0.9294261452834014,-0.28125145214866265,0.33129317693209887,0.020676132355543747,0
28.302,-8.854903031163396,2.448237549058458,-1.7644663793579274,-0.37087847277994274,0.0064384733477228255,0.019779125977456298,-0.9284484318824262,-0.275262276747179,0.35656185149777564,0.000623937545673886,0
28.352,-8.868604334664933,2.4668470069318604,-1.7652340672477003,-0.37397220769081013,0.006674362890481109,0.010345480537799729,-0.9273581895833507,-0.272022408379674,0.38671065646655656,-0.0397601329198174,0
28.402,-8.882200304895937,2.4865797035105768,-1.7696902728457566,-0.3744534523871147,0.004198903130190163,-0.0038537199539433412,-0.9272281973982405,-0.2794065016393331,0.3951131481822804,-0.1436978136090507,0
28.452,-8.895301827371577,2.5055007133297975,-1.7741990770722857,-0.37247335529346337,-0.002263638641388977,-0.01971263780890254,-0.9278307428874868,-0.24056783705325294,0.34726602115474847,0.012826341651421661,0
28.502,-8.907710737471472,2.522124748793435,-1.7718753146467943,-0.37070072386233016,-0.005060476798777427,-0.02573691876365459,-0.9283819127466166,-0.26180638369244774,0.3271533427958747,0.06171929949304538,0
28.552,-8.921536114334254,2.538056134711601,-1.7688180170070302,-0.36864613899863746,-0.009030904383919246,-0.027645688031810056,-0.9291147307521573,-0.2892991720229701,0.3094618052175992,0.05601445819132851,0
28.602,-8.936648140023003,2.5530254525510934,-1.7664761982142256,-0.3666264694928448,-0.01180438264212562,-0.027602987267441,-0.9298837365561162,-0.31454410447405406,0.290102080325703,0.038630482503247424,0
28.652,-8.952978718929245,2.567042246854716,-1.7647730826498538,-0.36423639286054516,-0.012728736071866437,-0.02571764175437425,-0.9308643468822647,-0.33841895228755803,0.27107691851920424,0.030579889929084454,0
28.702,-8.970577305362111,2.580042334317429,-1.7634928396000737,-0.3614407257862655,-0.011767641951877808,-0.022228110284049352,-0.9320558113435001,-0.36388411983694047,0.2488301717072137,0.018317031515253542,0
28.752,-8.989403113587045,2.5919810285109497,-1.763086159775064,-0.3588414523993966,-0.008866890401134784,-0.017135904197961984,-0.9331990950926945,-0.38797004730384355,0.2282067384977707,-0.007387689604654706,0
28.802,-9.009178596493049,2.6026649381775027,-1.765381921258941,-0.35769726832832927,-0.004024033982110492,-0.009377070039313614,-0.9337818492230612,-0.39709719889210665,0.20302478803859603,-0.09434041442882614,0
28.852,-9.027630871509528,2.6127333952281497,-1.7704354950479393,-0.3598569656224995,0.0033955045287239177,0.0061237336016266445,-0.9329812081326925,-0.3232502467427604,0.17254419988513858,-0.030022485660704392,0
28.902,-9.043324806282888,2.6222170234278264,-1.76998509631593,-0.36011047604680174,0.0080247137780356,0.012812690078638278,-0.9327871589934513,-0.3073227308451411,0.21880715919450447,0.030932790376569805,0
28.952,-9.058180015491908,2.6344081140880458,-1.7680042870161683,-0.3606890491723354,0.00867282961448141,0.02006617719740555,-0.9324299117715587,-0.2870188714013772,0.26288408477504305,0.04341129070959938,0
29.002,-9.072015750805573,2.648263597928799,-1.7660550968284865,-0.3611975862165048,0.008735818931602584,0.02485228545782279,-0.9321171348529574,-0.2679441861773366,0.28798967231377437,0.03208398252482611,0
29.052,-9.08494960535242,2.662993068697471,-1.7648309993584888,-0.36250496461359794,0.00890352356895859,0.024474180672107975,-0.931617889683845,-0.25157837317035797,0.3006968683687656,0.01786446948147329,0
29.102,-9.097168696722413,2.6785095924248346,-1.7643176281568564,-0.3645976406448263,0.009536061739770679,0.018841386481589603,-0.9309256823818829,-0.2371251161672483,0.32058717675917753,0.0014093446523316246,0
29.152,-9.108791706269086,2.695223585986086,-1.764951083797874,-0.3668647169261738,0.010239449894669954,0.00918504575001098,-0.9301726012279143,-0.22838017688954587,0.3472275078844333,-0.0349511442623935,0
29.202,-9.12016901248597,2.7129430064658018,-1.769258756007835,-0.36659642791617836,0.00783795239043144,-0.005164536524593326,-0.9303327109716779,-0.23336583633575228,0.35401108498609607,-0.14724340453576779,0
29.252,-9.130733280788252,2.7295730236276863,-1.7735815807960171,-0.36496567645410927,0.002353020548263108,-0.020148879165695636,-0.9307999468054672,-0.18789489239063922,0.29804314641198165,0.016266234141529754,0
29.302,-9.14045443931646,2.7434585862015686,-1.7713361886903687,-0.3629163824416474,0.0004430312000127412,-0.026306792349570146,-0.9314501896264237,-0.2048671806865906,0.2665077078625748,0.05682584051518887,0
29.352,-9.151186283482742,2.756117436084524,-1.7686288673460662,-0.3605240999946588,-0.0025578491740677633,-0.028856064202348666,-0.9322999293625389,-0.22241408277695035,0.23954922477546137,0.04826775593742059,0
29.402,-9.162660173916883,2.767331961759285,-1.766647879176286,-0.3579562238226014,-0.004383010416650207,-0.029289716266287968,-0.93326858061728,-0.23549031208768706,0.2096014821742625,0.03195546175830211,0
29.452,-9.174659086397945,2.7769764303431086,-1.7652224087506914,-0.3549689800507836,-0.004382471619044009,-0.02761537520931557,-0.9344598483596099,-0.24463267492699772,0.17728047433833552,0.02666907417225195,0
29.502,-9.187178242454937,2.784964319404486,-1.7639822424652982,-0.3517078197696413,-0.0026808559167103693,-0.023981236468124494,-0.9357987619258208,-0.2551001206050467,0.14303657150351556,0.021084745121286348,0
29.552,-9.20028112654122,2.791357546529474,-1.7631621779874551,-0.34875755040178646,0.000672441687976281,-0.018219482536277122,-0.9370356286268051,-0.2689237957550887,0.11345230775196521,0.007173278608583319,0
29.602,-9.21405761225387,2.7966811254193695,-1.7640088959739542,-0.34428319558114284,0.004927173018801202,-0.008034512918988787,-0.9388185398726606,-0.28205947881012056,0.12092857136169562,-0.04135877813761504,0
29.652,-9.22797953302208,2.8021794197983865,-1.7676958111786252,-0.3334260543465677,0.00866592994917228,0.008203527577497685,-0.9427007319803468,-0.2531595683059927,0.08526849710065541,-0.03844194669773643,0
29.702,-9.23980698396354,2.8069617686361727,-1.7681299855974768,-0.32175706217252104,0.012132351869636107,0.013103124324765701,-0.9466538475668649,-0.2305738197363747,0.12489460220012363,0.012076714498188423,0
29.752,-9.251263842561952,2.814816104390152,-1.7670268965186762,-0.31279665515810096,0.013165228966375845,0.01807881856170762,-0.9495567837615496,-0.22971294706003084,0.18591799919027419,0.03162144229415108,0
29.802,-9.26282592423329,2.8254044553608844,-1.7652993748001555,-0.3040053938717741,0.012838011820045757,0.021990142460219256,-0.952329953106566,-0.2333405847566877,0.23374929192845745,0.033220104195336206,0
29.852,-9.274605556378823,2.838023326714192,-1.7640095058748013,-0.29581083320649726,0.01147185238634768,0.02234189912104348,-0.9549163246610503,-0.23839363291333437,0.26806453320515233,0.017150379866583923,0
29.902,-9.286670679251234,2.8521537703523667,-1.763803988094101,-0.28929419721391914,0.010039131663552827,0.01795027644823392,-0.9570192635831466,-0.2429062107410657,0.29469837656232845,-0.010735174811591312,0
29.952,-9.29886129401849,2.8674065445256884,-1.76539834673968,-0.2842386259658678,0.009256267205485688,0.008701126791045464,-0.9586693983949955,-0.24383321947094003,0.3142771991285316,-0.059245664740486245,0
30.002,-9.311051837387442,2.8832726325089455,-1.771118341972438,-0.2769238494080993,0.007121635938128469,-0.00607993608759664,-0.9608462407210306,-0.24253368799099606,0.31356335362879484,-0.16930391453357335,0
30.052,-9.323078083356476,2.8985034847267626,-1.7749835813800654,-0.2699216621185081,0.0025612762889006876,-0.017810675980836202,-0.9627141403366113,-0.24077778112551632,0.2848165322093826,0.015025203465893913,0
30.102,-9.335823705823127,2.911657329998339,-1.772705126624728,-0.2623893364082465,-0.00045389620574466064,-0.02128598401400345,-0.9647271826801767,-0.27331766121587203,0.24819502296670104,0.06140195084301889,0
30.152,-9.350355079389326,2.923350505178522,-1.769598671561958,-0.2540792089553708,-0.0038330937016725366,-0.021933172311335066,-0.966927090799327,-0.30554305813224936,0.2206630870612902,0.05799081853666945,0
30.202,-9.366428079278347,2.9336575217435494,-1.7671523456494767,-0.24558314764176653,-0.0059166274764733155,-0.021301503500456034,-0.969123396200034,-0.3362719519353706,0.19244315470086382,0.04029946573190007,0
30.252,-9.383993279912033,2.942569702629652,-1.7653836643324505,-0.23668287805670732,-0.006396008974310212,-0.01931505102670821,-0.9713738904808129,-0.36574739517089344,0.16420965210431276,0.031133288118018895,0
30.302,-9.403045895563102,2.949914806620097,-1.7642090609053729,-0.22764877108040066,-0.005268202867120334,-0.015920709509739492,-0.9735988979414675,-0.39382296933421285,0.1298008432840195,0.013194342026424664,0
30.352,-9.42344209505327,2.955618682100649,-1.7642320540937593,-0.21958562466679904,-0.0025669979507042377,-0.010746645907793347,-0.9755306625436972,-0.42034834314226804,0.09840276829394926,-0.019586987154192242,0
30.402,-9.444854035787191,2.9596842416713907,-1.767359117911784,-0.21424307500357187,0.0011434059683368913,-0.0017129357085124293,-0.976778205780137,-0.43101998858147017,0.07209822045441398,-0.11477430354760004,0
30.452,-9.464974287901812,2.963494872513814,-1.7720081042253517,-0.21182455294044197,0.006202896215520553,0.01470193506930993,-0.9771774331999992,-0.34495787973236197,0.06322435876497919,-0.00631350497628504,0
30.502,-9.482094388846448,2.967620225618459,-1.7710096510199533,-0.20744518813473958,0.009882797111033454,0.02162856965738972,-0.9779575804786117,-0.3463721455084847,0.10897097075241037,0.033114400107468085,0
30.552,-9.499571338427614,2.9744343959409396,-1.768887289817594,-0.2036833992373006,0.008785720698673637,0.028510201464497415,-0.9785821643579026,-0.34936451842763216,0.15811208968877086,0.04715714672162832,0
30.602,-9.517042293469034,2.983248133916328,-1.7666850120110906,-0.2000842806446606,0.006651998515272726,0.03305773007260655,-0.9791982526726183,-0.35060856258560225,0.19099347185203117,0.03796412465910276,0
30.652,-9.53461821404427,2.9933729104142754,-1.7651622704847918,-0.19769410782692814,0.004642975909417773,0.03264236041184981,-0.9797091194900474,-0.35327390831673944,0.21295802226362515,0.02400282341901262,0
30.702,-9.552409002120402,3.0045770684516016,-1.7644068320088204,-0.19683785623731961,0.003942740148562333,0.02715002904507465,-0.9800521358962846,-0.3571462698395992,0.23445675815078681,0.004158932559197472,0
30.752,-9.570431831784894,3.016896555108095,-1.764905879456018,-0.19672932811874783,0.0047540230738756135,0.017558016377385587,-0.9802890832726082,-0.3630134819401044,0.25773261272227493,-0.030604216972346263,0
30.802,-9.588642466807611,3.030093086178902,-1.7688162878819549,-0.19478311740366883,0.004850298263890842,0.0033074810905061487,-0.9808287681089377,-0.36751328811849837,0.2614778878095621,-0.1339206277602926,0
30.852,-9.606327737615864,3.042617548372868,-1.7741245629084645,-0.19009166836119487,0.001063049151162398,-0.014308149779102974,-0.9816615019425274,-0.3275591755392638,0.2347731894031482,-0.00822792581938545,0
30.902,-9.622724295990617,3.0535369471843934,-1.7722677691629416,-0.1865364591417707,-0.0012789357230715932,-0.020569965393738586,-0.9822318413989476,-0.33999810993786217,0.20567195648052286,0.058935309296087354,0
30.952,-9.64033253425532,3.063066179566133,-1.7691385186618849,-0.18230386625207426,-0.00503301669152669,-0.02309209462360438,-0.9829581498000936,-0.3628251765676021,0.17656037446743983,0.06025357658030729,0
31.002,-9.659009193964534,3.0711496262282862,-1.7665363450502363,-0.17806301751095677,-0.007804765460197026,-0.023768382660208316,-0.9837010274553556,-0.38364424937112357,0.14784696715809342,0.044006629869980315,0
31.052,-9.678699039532356,3.0778368021887497,-1.7645922239391607,-0.17356343047064438,-0.009027220488579095,-0.022529540020191568,-0.9845235724552208,-0.4033571784594903,0.12036979595702113,0.03453339953914737,0
31.102,-9.699380988421856,3.083042970611692,-1.7631664805243341,-0.16880214954205203,-0.008662256610527306,-0.019450166382166244,-0.9854199564896691,-0.4218106914752053,0.08837167028164955,0.02045287849315753,0
31.152,-9.720915909743898,3.0867193529551145,-1.7626651209509765,-0.16416133297730406,-0.006652261847136891,-0.014437551482037344,-0.9863054097360694,-0.43861629108086386,0.05917054380024646,-0.005101011968755357,0
31.202,-9.743028292827065,3.0888364031636795,-1.7648427354229468,-0.1608516237990819,-0.0034979260878780886,-0.006372106843486437,-0.9869518305817453,-0.4414180342138324,0.02941626420256421,-0.09566607029122833,0
31.252,-9.76390303157834,3.090720551943569,-1.7702405661810634,-0.16145316274800514,0.00043961369247672553,0.00953706843059458,-0.9868341944340082,-0.36405155114528776,0.03041880156079502,-0.03839307250388384,0
31.302,-9.782021079492544,3.093111997181083,-1.770068274614094,-0.1598429911733583,0.003793272066316933,0.01619419333895392,-0.9870023188229531,-0.37131961194287166,0.07671273601109568,0.025500841068270053,0
31.352,-9.800845895761256,3.098375033038997,-1.7682866990202082,-0.15906860415645147,0.0028339126236356146,0.02268046368073108,-0.9870029101670305,-0.38021347451551796,0.1284951918112553,0.04138090358467484,0
31.402,-9.819995194626097,3.1057767426474796,-1.7663369900998922,-0.15828436313358077,0.0014109768447920989,0.027187498551083204,-0.9870181910452688,-0.38597016171036097,0.163870422957801,0.0335817745691102,0
31.452,-9.83937863168703,3.1145876766427367,-1.7650235666585283,-0.15836025713122936,0.0008481842607751323,0.026995477237646094,-0.9870119319205324,-0.390123173285584,0.18668890594983378,0.019638305306207193,0
31.502,-9.859036815624997,3.1245083353982093,-1.7645148612858004,-0.15970741539970204,0.0019374996836879325,0.021853489142794943,-0.9869205705494275,-0.3952052503295325,0.21016833798410084,-0.0013839850879687977,0
31.552,-9.879032937507016,3.13569265767715,-1.7653906344788655,-0.1614933707311636,0.004382729083323251,0.012813470871691383,-0.9867808763144373,-0.40339988212049754,0.236644554490185,-0.04177289044737176,0
31.602,-9.89935666082562,3.1478129360299283,-1.7698304167281638,-0.16080157646075904,0.0053275030773743326,-0.0016070442289041137,-0.9869710675230261,-0.41373836750080295,0.2390037712421384,-0.14105241198278645,0
31.652,-9.918987787038343,3.1593813898944,-1.7743044411027862,-0.15808299427502615,0.0025325944224921008,-0.01836742710297514,-0.987251736138332,-0.36205195860254996,0.21289302390971898,0.011086639994883364,0
31.702,-9.937149090040544,3.169183718418131,-1.7720424512062076,-0.15562972831205804,0.0009449459035742714,-0.0247329578775278,-0.9875053293716362,-0.3736421378607947,0.18461638738354566,0.06142212030551751,0
31.752,-9.95633096962398,3.1776463182392756,-1.76896168290059,-0.1529674029342857,-0.0026332581070957037,-0.027467394792681104,-0.9878459302009528,-0.3914702703809889,0.1547937362106736,0.05699288896861502,0
31.802,-9.976293090978315,3.1846233624606883,-1.7665557938486727,-0.15036895079451978,-0.005417077815024304,-0.0280807752993526,-0.9882162232849092,-0.4067272113892244,0.12534117913820755,0.040023907820138094,0
31.852,-9.996985012009324,3.190174908016364,-1.7647929168226444,-0.1474400552388874,-0.006771426107320615,-0.026512714621685904,-0.9886923959771392,-0.4208056195058779,0.09727758994372729,0.03145144785261585,0
31.902,-10.018412188421632,3.194222815653453,-1.7634835097913553,-0.14408484971907629,-0.006613590250484544,-0.022990194774952764,-0.9892761330637871,-0.43467110435555817,0.06535621139784206,0.018704697157198087,0
31.952,-10.040518919699945,3.196753618041383,-1.763056839580297,-0.14084650340082924,-0.00494194896665755,-0.01746004135899478,-0.9898651355492392,-0.44874881245086573,0.03617025941098376,-0.006708535435251335,0
32.002,-10.063057185367624,3.1977422885120994,-1.7653223736207426,-0.13892596709776503,-0.0022081597478215607,-0.008835566175242766,-0.9902608911124587,-0.4487811567780993,0.008597306618170809,-0.09558003265445632,0
32.052,-10.084283920564333,3.198705686770364,-1.7706287672082968,-0.14065162042001042,0.0011579713501610822,0.007937523632967713,-0.9900266544362091,-0.3716856231495334,0.013636353043066936,-0.03572545475252391,0
32.102000000000004,-10.102905869714586,3.2002711764642426,-1.7703513960427768,-0.14008026188229836,0.003932889220651306,0.015110899642809069,-0.9900170267855749,-0.3815589013666582,0.06009292614281597,0.02723146477152452,0
32.152,-10.122244746189438,3.2046744068826225,-1.76851277038831,-0.1401303292281032,0.002703511568759931,0.021991875563494353,-0.9898851141747816,-0.3902162931731119,0.11091508613846712,0.04207543623882264,0
32.202,-10.14189218330853,3.211187080437097,-1.7665418679643692,-0.14011783544113576,0.0011447969641455746,0.026642780182692147,-0.9897756533151032,-0.3959000131947891,0.1459773295228837,0.03393452919032687,0
32.252,-10.161773080704393,3.2190997188469286,-1.7651916669138166,-0.14102236064437296,0.0005295860390912079,0.026463226017557885,-0.9896525203351223,-0.4002005672753829,0.1686997287202025,0.020719327063715647,0
32.302,-10.18195027428971,3.2281352910007577,-1.7646053277892142,-0.1432335215541753,0.001630115368111258,0.0213050173658513,-0.9894582342181587,-0.40593508506061154,0.19289390398372105,0.0005154686620924775,0
32.352000000000004,-10.202522208082959,3.2384748857749925,-1.7653687326062597,-0.14587141388777988,0.00411703710645632,0.012272812734513095,-0.9892188628829449,-0.41578551275611736,0.22013879755882546,-0.039299670590999085,0
32.402,-10.223479538214182,3.249809957305632,-1.769739112205593,-0.14596269285233698,0.005178527901883201,-0.002043968503837321,-0.9892744297397053,-0.42597794334029904,0.223604871476245,-0.14083750015505817,0
32.452,-10.243619832476798,3.2606321147231028,-1.7743770064988431,-0.14395658994575283,0.002669437073684159,-0.019056876404279176,-0.9893968919390298,-0.3700113939105639,0.1997761776650954,0.01060648369575981,0
32.502,-10.26215109916944,3.269776449517783,-1.772089741333608,-0.14209722938452346,0.0011811647338819439,-0.02553850033946546,-0.9895224945656995,-0.38049696465168337,0.1715139963084896,0.062215886355469874,0
32.552,-10.281666539011221,3.2776401670268114,-1.7689623689771887,-0.1399399470210249,-0.0024418638296091395,-0.028235965418087417,-0.9897543022314673,-0.3978247295466402,0.1430591212644859,0.0579137799969673,0
32.602000000000004,-10.301919960731523,3.2840418839828067,-1.766518223289822,-0.1378988107802239,-0.005310515871476793,-0.02877795178309517,-0.9900139119718209,-0.41205159420442844,0.1140055304417066,0.0406530556990377,0
32.652,-10.322848584412156,3.2890239901729945,-1.7647285238076629,-0.1355295919797676,-0.006747249997079634,-0.027159895993935042,-0.9903779805533199,-0.42506227008804204,0.08594250490432737,0.0320132523266478,0
32.702,-10.344458562873204,3.2925174667965753,-1.7633899921594791,-0.13273667927202049,-0.006682979297378097,-0.023561769264370393,-0.9908487042897512,-0.43776257451572154,0.054476765226718106,0.01929603551677388,0
32.752,-10.36669402379917,3.2945104536425767,-1.7629319215050998,-0.12999793500866935,-0.0051170774622747136,-0.01791864553246951,-0.9913391319593954,-0.45081784403525377,0.025554081769681006,-0.00604154302768989,0
32.802,-10.389313183367314,3.2949833668540665,-1.7651773631696182,-0.12845124370890626,-0.002521691510397623,-0.009202764496572896,-0.9916699189685958,-0.4498995215174747,-0.0014136998459843837,-0.09612665910650098,0
32.852000000000004,-10.410560353381229,3.2954537365690912,-1.7704629094489877,-0.13043137600943555,0.0006869081766410735,0.007432750373363344,-0.9914292403047874,-0.37291168275062614,0.004556722544969899,-0.034470499210294034,0
32.902,-10.429289847269477,3.2966213790688386,-1.7701732875968101,-0.13032346281077786,0.003334000959345935,0.014648550269965938,-0.991357705096197,-0.3842436458205278,0.05253541850920827,0.02737124856792527,0
32.952,-10.448792768215666,3.3006408754498375,-1.7683469208525513,-0.13078862096134145,0.002089327766428579,0.021558183512448578,-0.9911736558545927,-0.39391066058478147,0.10321081652801178,0.04150202550482583,0
33.002,-10.468647731590393,3.306768650304926,-1.766410712920517,-0.13115939811652683,0.0005934208229172043,0.026167007367531397,-0.9910157152451541,-0.4004099871438134,0.13831938755507897,0.03322132385433986,0
33.052,-10.48877147917904,3.314303037179806,-1.7650903141684702,-0.13247770093916006,0.00010791001748530682,0.02593286705784888,-0.9908466750791778,-0.40535883484042273,0.16113406437549796,0.020173702509376966,0
33.102000000000004,-10.509221680141508,3.3229724236888147,-1.7645328308890968,-0.1351014101438064,0.0013828855208433298,0.02074445959896559,-0.9906136300297601,-0.41172384559597397,0.1858474741098021,-0.00010946480003972596,0
33.152,-10.530105906583865,3.3329725501160974,-1.7653416301710787,-0.1381066638914809,0.004026018828126538,0.011732294772078674,-0.9903396860777328,-0.422411538272546,0.21355519644837911,-0.04062846011484938,0
33.202,-10.551408919257685,3.343981641466402,-1.7697888056947524,-0.1384558835371378,0.005180865839324513,-0.0026292102378248014,-0.9903515609098774,-0.4331592447619277,0.21697616357185356,-0.14234107683429864,0
33.252,-10.57193402286593,3.354509334103384,-1.7742819064573299,-0.13643149184733797,0.002763629573766565,-0.01955130919461634,-0.9904527029054265,-0.3773172844035594,0.1932192227154006,0.01231282892072294,0
33.302,-10.59079360064801,3.363339770260202,-1.771972004312735,-0.13478800417052114,0.0014864722785235345,-0.026038795706491338,-0.9905311531951165,-0.38668735364306756,0.16530333322496932,0.061767593106243926,0
33.352000000000004,-10.610569213753411,3.3708712290441016,-1.768907352449124,-0.13290498117637592,-0.0019077418590615104,-0.02884454507917702,-0.9907071306489525,-0.4023528478500982,0.13634141729057728,0.056176602713318556,0
33.402,-10.631015678563234,3.376933767393898,-1.766558620962194,-0.13112079609581093,-0.004603528864577339,-0.02947610136880959,-0.9909174051359123,-0.41534425825277677,0.10713137324364887,0.038737069488780945,0
33.452,-10.652080466947256,3.3815690575454083,-1.764851007738202,-0.12900072524918796,-0.005959787996443186,-0.027885336071281713,-0.9912344333427958,-0.4272835883404215,0.07893420080402005,0.03069410726031675,0
33.502,-10.673778120804965,3.384710567339879,-1.7635648443050789,-0.12642631705554605,-0.005890858085242429,-0.02425914112205283,-0.99166182654109,-0.4391608598903068,0.04743377719348085,0.018432714486240426,0
33.552,-10.696068983726388,3.3863510969584167,-1.763152115180746,-0.12392982100475093,-0.004379826454819694,-0.01855896827143178,-0.9921077468111297,-0.4516364657229776,0.018448779386206565,-0.007114781976601408,0
33.602000000000004,-10.71870919759299,3.386481054902354,-1.7654505854922862,-0.1226578308729141,-0.0018676231103992593,-0.009727172807747179,-0.9923995922100317,-0.4501445068695328,-0.0073898755423089605,-0.09600697909449238,0
33.652,-10.739983604739258,3.386710405150589,-1.7704538517485118,-0.12468207254448622,0.0012669229484220052,0.006933217605189663,-0.9921717120468079,-0.37247553781337495,0.0017711370728510194,-0.02965862005813064,0
33.702,-10.758742644039678,3.3877353332599505,-1.770073538523883,-0.12475266762079795,0.0038572053387009664,0.014292841039531354,-0.9920774206600458,-0.38517263072745184,0.04953180259545387,0.028289577023185686,0
33.752,-10.778323975310725,3.3915877601361215,-1.768224498051105,-0.12533551008548227,0.002413205928886562,0.021328304477199418,-0.9918821955136028,-0.3953939732576407,0.09957021705735267,0.041178848561826076,0
33.802,-10.798245634448637,3.3975173083747587,-1.7663390685924927,-0.12588192368542667,0.0008044086051394182,0.0259394778680938,-0.9917057213226024,-0.4015761948900907,0.13411998402634256,0.03174880550675373,0
33.852000000000004,-10.818424087104905,3.4048389748924563,-1.7650908614647187,-0.12739976511231374,0.00032312677167345086,0.025624296546931165,-0.991520343142233,-0.40653818415377885,0.1567225029837936,0.018910736971142185,0
33.902,-10.838945649919882,3.413301833081628,-1.7645895717077156,-0.13024576598825954,0.0016391724141079735,0.020325875782011338,-0.9912720173240152,-0.4134482365358044,0.18203579993733074,-0.0010499097250410902,0
33.952,-10.859936618035524,3.4231263590705328,-1.7654565417118355,-0.1334366010756766,0.00429191033126176,0.011227818550515151,-0.9909844545146382,-0.4249039934256089,0.2102171577123899,-0.042228950972946495,0
34.002,-10.881382594825329,3.4339613351026337,-1.7700092916031491,-0.1338557246276835,0.0053713182063647846,-0.003323598952529071,-0.9909806999206017,-0.43643215071391683,0.21327089479682199,-0.14509123391380319,0
34.052,-10.90191260917162,3.4443190239003525,-1.7742844022404254,-0.132416804773252,0.00316566895367951,-0.019927461905291672,-0.9909887308217639,-0.3769764106924159,0.18945384945541036,0.017284255502116208,0
34.102000000000004,-10.920796215581358,3.4529258021799047,-1.7718815863560848,-0.1308091372455116,0.001927552358810489,-0.026439666716936327,-0.9910530753591784,-0.3871782512338985,0.16086762943091737,0.06217649006628822,0
34.152,-10.940619082530747,3.4602587215697698,-1.7688126413373002,-0.1289495767652349,-0.001594740841514904,-0.029259746307401278,-0.9912181045056336,-0.40328338573549505,0.13253528532879447,0.05609105261267573,0
34.202,-10.96110897269066,3.4661357723042325,-1.7664643093847892,-0.1271648388465548,-0.004434959497943751,-0.029820388357541663,-0.9914233098599137,-0.4161230154887462,0.10348930897189866,0.038802640093637666,0
34.252,-10.982204426876848,3.4705894731582814,-1.7647559038915932,-0.1250276362106951,-0.005898984434711348,-0.028131254752555873,-0.9917368222831356,-0.4277652242399083,0.0753464953393138,0.030652148772719847,0
34.302,-11.00391911906853,3.4735530593809765,-1.7634727317033307,-0.12243822397629361,-0.005900897712381349,-0.02440584444550933,-0.9921584628841404,-0.43939600727890715,0.04389203090791157,0.01839479205405199,0
34.352000000000004,-11.026220028288082,3.4750153158874575,-1.7630568932410946,-0.11992802007803384,-0.004450816511423178,-0.018617956557788848,-0.9925980213188803,-0.45181093988172116,0.01485289164696172,-0.006930262341167685,0
34.402,-11.048866123085508,3.4749627866901243,-1.7653505211401905,-0.11867037716366767,-0.0020085545369061086,-0.00973115769896828,-0.9928839871114565,-0.45015969013413026,-0.011250255096387407,-0.09654925123235047,0
34.452,-11.07013576001441,3.4750098585109823,-1.7703974582786277,-0.1207698613356916,0.0010520839900723094,0.0069114231473072565,-0.9926559151802374,-0.3722081795201146,-0.0014591040014319356,-0.030314036822465765,0
34.502,-11.08888819435745,3.475878064362299,-1.7700394198885236,-0.12092904835388066,0.0036345126777288473,0.014240393859684,-0.992552349634286,-0.38528805146310946,0.04640865871701486,0.028053553319224878,0
34.552,-11.108488393564274,3.4795755632591714,-1.76819653763566,-0.12161748382463719,0.0021943602944025906,0.02124071869734253,-0.9923473203875159,-0.3960193387254654,0.09650416844799725,0.04113922527459204,0
34.602000000000004,-11.128451123111905,3.4853531702405993,-1.7663101952086506,-0.12227016872388076,0.0005964237132834287,0.02583618016770644,-0.9921603408287041,-0.40255748299663807,0.13107494126766284,0.03180126174071715,0
34.652,-11.148684141392435,3.4925238965969445,-1.7650589932141847,-0.12388473461516884,0.00014617452251641257,0.025522164595244843,-0.9919683312871993,-0.4077345703739352,0.15368152471395408,0.01896791563039581,0
34.702,-11.169271746981845,3.5008355304815293,-1.7645561688892055,-0.12681254146189588,0.0015102358832892722,0.020238794599536782,-0.9917190578529326,-0.41489602011450377,0.17903613970259952,-0.0010559547791774665,0
34.752,-11.19034258348522,3.5105108047116005,-1.7654267989260497,-0.1300553734110179,0.00421593329828601,0.011171930550336221,-0.9914348257556428,-0.4266270022493378,0.2072494681317871,-0.04237512606564058,0
34.802,-11.211877982624289,3.5211970678022975,-1.769985213122806,-0.13048653725389744,0.0053537257974070945,-0.0033584893980231406,-0.9914299379000698,-0.43823902244835555,0.21024345140759595,-0.14508333645335075,0
34.852000000000004,-11.232490891238037,3.5314127376861326,-1.7742635396291646,-0.12901712146890212,0.0032168423952194654,-0.019980492803426144,-0.9914358346359154,-0.37838689899035916,0.18688500881329131,0.017194514219775497,0
34.902,-11.251439254707176,3.5398944868884645,-1.7718654052312466,-0.12732948875987257,0.002009902974799604,-0.026504957459249003,-0.9915042353980462,-0.38840035894267766,0.1583746298798472,0.062065702994592395,0
34.952,-11.271318012582316,3.547100723164258,-1.76880133433018,-0.12537302590792496,-0.0015053531605419299,-0.029338416624440325,-0.9916746420053923,-0.4042937315824669,0.1299685643768193,0.0560067417629101,0
35.002,-11.291852402933637,3.5528468826232373,-1.7664563582516495,-0.12347503926199499,-0.004349021720831981,-0.029908140492822637,-0.9918873443196973,-0.4168944051316979,0.10084391572877137,0.03875548510237307,0
35.052,-11.312980739150683,3.5571666000256874,-1.764749380170413,-0.12120054199541243,-0.005821202102493266,-0.0282213245023721,-0.9922097051880877,-0.42831329989953887,0.07262038559189422,0.03063478754329763,0
35.102000000000004,-11.334716608571373,3.559990334750703,-1.7634662852171277,-0.1184795744438854,-0.005831622247890724,-0.024499848668194088,-0.9926370636021956,-0.439702426793652,0.04102510647937097,0.018412868427921888,0
35.152,-11.357027652335406,3.561304645343547,-1.763047140434327,-0.11587548059521417,-0.004392909604277962,-0.018722616983639136,-0.9930775593856308,-0.4519226019251932,0.011805254128166071,-0.006796034766794943,0
35.202,-11.37967260960309,3.5610967382087204,-1.7653263426645216,-0.1145867241193285,-0.001971429535988474,-0.00985563213847424,-0.993362402467668,-0.4500817763830138,-0.014437737809519294,-0.0960290044269321,0
35.252,-11.40094902994694,3.560970018926496,-1.7705884873674993,-0.11690098415898656,0.0009422351044864063,0.007064407404422413,-0.9931180021748134,-0.37361773619769656,-0.006123810763884585,-0.03376311417740449,0
35.302,-11.419746860364993,3.5616066415376957,-1.7702502035354526,-0.11714559477132791,0.003390579084870067,0.014469751277590669,-0.9930035447555591,-0.38618204194992434,0.04159530663953627,0.028191890402287274,0
35.352000000000004,-11.439371467612364,3.565069260675596,-1.7683909500309343,-0.11797774237585132,0.0019873111390177785,0.021487240228165304,-0.9927817491300447,-0.3966836537571292,0.0918836838121823,0.04199860591052115,0
35.402,-11.459379727578966,3.5706244854709612,-1.7664340431191436,-0.1187246926260095,0.00037748427097483023,0.026127050927653286,-0.9925833375975586,-0.403751852271361,0.1266924138941191,0.0336267330249227,0
35.452,-11.479682194888381,3.5775827704861367,-1.7650804269506262,-0.12036750529563169,-0.00015301177859952246,0.025892689369643593,-0.9923916610358581,-0.4092409881030641,0.14952198517814294,0.02115522899384595,0
35.502,-11.50034511892962,3.5856774253687385,-1.76447104683657,-0.12330341203854567,0.0011343396081587244,0.02070678912693463,-0.9921523122673046,-0.4163465567575281,0.17446209845230443,0.0009244397819070556,0
35.552,-11.521487845654386,3.595110344784826,-1.765224798095307,-0.12653992862232394,0.0038272598637416255,0.011733514751241448,-0.9918847328080895,-0.4281338019618411,0.20227169219654814,-0.03944839100765209,0
35.602000000000004,-11.543085627373005,3.6055642618578694,-1.7696333852999337,-0.12705545367292512,0.005110016433725716,-0.0025418922613437926,-0.9918791953699538,-0.43872096921931847,0.2058617022874197,-0.14191780021278533,0
35.652,-11.56379294146738,3.615551317718165,-1.7742843638837185,-0.12520079118900737,0.0029746930866820756,-0.01966640495098942,-0.9919320267049511,-0.3796065570123129,0.18441904598368236,0.011204936214627056,0
35.702,-11.582771023631148,3.6239426269179846,-1.771978366297684,-0.12331023260785663,0.001703146343903245,-0.02622925537057013,-0.9920200159217729,-0.38896859006295675,0.15651539899989908,0.0621975463173466,0
35.752,-11.602677505576581,3.6310602908547795,-1.7688650034989406,-0.12106351383835105,-0.001846218552854887,-0.02900549966485581,-0.9922191784496803,-0.40493575745908156,0.12815529882822263,0.057396391902033835,0
35.802,-11.623247133690484,3.6367144824564486,-1.7664523200889726,-0.11883533377172899,-0.004706604659052046,-0.029579204330591552,-0.9924621312630092,-0.4176503006109297,0.09900330150644572,0.03999883345956847,0
35.852000000000004,-11.644416458440032,3.6409414030736573,-1.764693074489797,-0.11620210337345725,-0.006174114876201685,-0.02794255865389807,-0.9928132578148587,-0.42915937201322457,0.0706933647973045,0.03147029501033957,0
35.902,-11.666179637302442,3.643658008079418,-1.763380171894715,-0.11314886327550853,-0.0061319997373977765,-0.02431688834652389,-0.9932615074892528,-0.4393831159640189,0.03855832505388784,0.018676048297261223,0
35.952,-11.688367952289184,3.6448128644889173,-1.7629882405970376,-0.11040194100352896,-0.004328837132121361,-0.018738296015410064,-0.9937009353191616,-0.44738183844404444,0.008052964117509461,-0.007867306423064114,0
36.002,-11.71069285618569,3.6444084907978,-1.7652698477464985,-0.10924859220580313,-0.0013313127097954256,-0.010072725965491755,-0.9939625309332053,-0.44254205299490035,-0.018102683269123055,-0.09340017599354551,0
36.052,-11.73157463865911,3.6441475979694307,-1.770371679141779,-0.11161137412405651,0.0020351136023022054,0.0068232295870217724,-0.9937264226218243,-0.3621666285317755,-0.006435337101393158,-0.03196905934779549,0
36.102000000000004,-11.749671619007547,3.6447272184030965,-1.7699560199557771,-0.11191926705904966,0.004893537586293826,0.01428449699427296,-0.9936025785476194,-0.37071053762142786,0.039593440687883764,0.031077196667881203,0
36.152,-11.76834023908851,3.6480380519920232,-1.767961809484515,-0.11259852586692494,0.003647086420334217,0.021224248848793204,-0.9934071682819899,-0.3732845044812356,0.08758226098756336,0.04359981552944381,0
36.202,-11.7868555228869,3.653277389582827,-1.7660119671844772,-0.1131653209847701,0.0025527551197631216,0.02574705080416436,-0.9932392375166218,-0.36693000484205185,0.11845809832197722,0.031966226788004495,0
36.252,-11.804913745992282,3.6596982807781044,-1.7647993053548416,-0.11448786993747659,0.0029212086298721373,0.025411633682688162,-0.9930952839737472,-0.3570760312528551,0.1370715548294332,0.017640679760838947,0
36.302,-11.82264999220898,3.6671501953565464,-1.7642814215773939,-0.11654744263481902,0.005057705298667786,0.020163081419705773,-0.9929675540419531,-0.3527586844294074,0.16159828616114644,0.0018265775847983773,0
36.352000000000004,-11.84039412115228,3.675943027876601,-1.7648802489472268,-0.11877339850043071,0.0082210362423153,0.011034719588235663,-0.992826031757513,-0.3573766979269517,0.18911820764305004,-0.03397122760037845,0
36.402,-11.858395727762536,3.685728152860405,-1.7691963263649193,-0.1183750453130268,0.009494858277048105,-0.0034187684594710645,-0.9929176745005902,-0.36442376215165706,0.1924674088441942,-0.14949600791386516,0
36.452,-11.875132725394456,3.6949349790049495,-1.773314019422864,-0.11652683468769512,0.008015804793403936,-0.01874890264972812,-0.9929782083815393,-0.29914980831440174,0.16426065774906304,0.016507019671807264,0
36.502,-11.889886640097215,3.7020793297556613,-1.7711488337142036,-0.11430338793150811,0.007645117504014452,-0.025036372533818966,-0.9931009353213182,-0.2987244116503173,0.12755452102149856,0.0545439087901534,0
36.552,-11.904904455022844,3.7076254296220004,-1.7685587978220392,-0.11166538731267073,0.005454977927770394,-0.02820166341840588,-0.9933306351223412,-0.3004728860411844,0.09509236187734861,0.04629321716003552,0
36.602000000000004,-11.919860691553922,3.7115286867662522,-1.7666516471749165,-0.10875579522548284,0.0038931272396532306,-0.02905139005086923,-0.9936362701216582,-0.2970849186140795,0.062027284325979336,0.030895605691557877,0
36.652,-11.934504897072687,3.7137765536772647,-1.7652556516116042,-0.10535702673466112,0.003547348283545803,-0.027417928170761583,-0.9940500844789514,-0.2894147689564452,0.028815510766661032,0.026388232345891247,0
36.702,-11.948798975095013,3.7142993402669067,-1.7640272559489143,-0.1016774252551677,0.004321676583450077,-0.023434564584552307,-0.9945319730846872,-0.28184183756667736,-0.006513594982300506,0.020731190432555602,0
36.752,-11.963492570609645,3.7134760787188825,-1.762836480242963,-0.09612049809972324,0.004285413733256487,-0.015968979767666466,-0.9952323732472614,-0.31606135149204245,-0.021834948574465864,0.028406583452715035,0
36.802,-11.979924712670714,3.711614446637174,-1.762913726303543,-0.08738853797376227,0.0020707412604186763,-0.003920973110009459,-0.9961644349359757,-0.33324620567210567,-0.049049266835977275,-0.0519131008602698,0
36.852000000000004,-11.996020908257663,3.7090062579406884,-1.7670462282455779,-0.08201321589801797,0.0019898641811092153,0.010588552180023135,-0.9965730055652409,-0.28275793557262824,-0.05974323459385605,-0.04322531227406907,0
36.902,-12.010240526050188,3.707315542459378,-1.7672255122766718,-0.07719738118709772,0.004514735788138132,0.015018119152780538,-0.9968924904901886,-0.2993288758888449,-0.00127555408704402,0.02203386301237766,0
36.952,-12.025959348013114,3.708777236184264,-1.7656461506951804,-0.0742010918855061,0.004121896344989132,0.01996807768211671,-0.9970348458339864,-0.32799715068299,0.053760280625946635,0.03661405639178873,0
37.002,-12.043000850501786,3.712489491631996,-1.7639842128635674,-0.07107415893164784,0.003032742241852915,0.023514674452930172,-0.997189212984189,-0.3524756849489166,0.09089161338292581,0.026603314289305256,0
37.052,-12.061086137485395,3.717675140312533,-1.76315900977204,-0.06907397523575656,0.0025930711723263027,0.023051791187696322,-0.9973418054258353,-0.3704615525230695,0.11455543108232284,0.006553923960927423,0
37.102000000000004,-12.080056552856126,3.723938896456293,-1.7634734195705615,-0.06879937420310069,0.0037723115106505687,0.018087956645511074,-0.9974593934589612,-0.3865446185612174,0.13567013775248402,-0.019709463213698847,0
37.152,-12.099797326176596,3.7313440374008917,-1.7653696359566746,-0.06899850831878447,0.0064357926470125565,0.009302169512819397,-0.9975526332305195,-0.4011398065340243,0.16004620756871318,-0.06409048312513771,0
37.202,-12.120093227334626,3.7395314623286864,-1.7709534414734671,-0.06629607964423909,0.007883817833483563,-0.005424376946243948,-0.9977541036622798,-0.4117450472985237,0.15848417658715946,-0.1618542579438426,0
37.252,-12.139523724856002,3.7473936023508343,-1.7746218182842366,-0.06299276351787358,0.006186073011405339,-0.019797093199204828,-0.9977984362314569,-0.3662927928914026,0.14340788124680115,0.019712320964312722,0
37.302,-12.157951077765455,3.7536140779961293,-1.7721940209589564,-0.05884579977262374,0.004269024981179276,-0.025214135103475976,-0.9979394744501362,-0.3788437709798125,0.10891152714425897,0.06308422267589489,0
37.352000000000004,-12.177293192468863,3.7581562346353863,-1.76904924444738,-0.0544386312989521,0.0004604033404168209,-0.027666974845787028,-0.9981336393258885,-0.3929747259946041,0.07489243811171202,0.05817284195570723,0
37.402,-12.197262779233357,3.761049909648813,-1.7665721726462662,-0.0498484105383898,-0.0025459129969514684,-0.028032775267590085,-0.9983600642076008,-0.40549391078504243,0.04181965934744371,0.04154323498574691,0
37.452,-12.217831886086437,3.762343158204241,-1.7647346712461747,-0.044836064329951436,-0.004211052913357542,-0.026270126912992832,-0.9986400126175282,-0.4170540521464725,0.01048364891502581,0.032781385795822335,0
37.502,-12.238974043766673,3.7619596189155797,-1.763384950544833,-0.03944082160385676,-0.004439783771970047,-0.0225576089823527,-0.9989573885748431,-0.4269714058856068,-0.024772086475168535,0.018899533145777202,0
37.552,-12.260607654041843,3.759894706032759,-1.7629790442348534,-0.03439997725540473,-0.0033140258721763753,-0.016795200731778155,-0.9992615173365409,-0.4373522660259126,-0.05743526358488045,-0.007704140461135749,0
37.602000000000004,-12.28245066027285,3.7561562549185457,-1.7653241899251466,-0.03119138448151669,-0.0014900801529555098,-0.00782565763310527,-0.9994816838131021,-0.4334036046802279,-0.08616004032319581,-0.09828612089668036,0
37.652,-12.303101744682627,3.7526133599510603,-1.770803842399324,-0.03223727574164492,6.350349518086161e-05,0.009456934366605208,-0.999435500876594,-0.3585987725422446,-0.06470235984472403,-0.037820778718922934,0
37.702,-12.321121443746403,3.750199055868765,-1.7705694232178326,-0.03052353132735946,0.0024010497921189314,0.016878597383433197,-0.9993886440947645,-0.37512621961493686,-0.023281390697138332,0.02558764256182927,0
37.752,-12.34047141279619,3.7503534902891404,-1.768741822950852,-0.029563041567201284,0.0005500397345193487,0.023477320231328785,-0.9992870155587643,-0.396161584696334,0.024652648827730456,0.04320608202688955,0
37.802,-12.360653503039067,3.752499556048552,-1.7666667041921738,-0.028557298745994098,-0.0016619485511508462,0.027985619782199954,-0.9991989410026166,-0.4105256483761337,0.05744821101095058,0.0365601978092181,0
37.852000000000004,-12.381422362066777,3.7559368602643546,-1.7651931126202967,-0.02842349023555034,-0.0025840314886561877,0.027858581151395397,-0.9992043471884645,-0.42050453522383335,0.07839628723106336,0.022970306498193194,0
37.902,-12.40274440343351,3.7603707379891853,-1.764505613358121,-0.029480636719485788,-0.0012640713090963363,0.022978868715056097,-0.9993003881590933,-0.431241281736296,0.09906782680752198,0.002323868924808913,0
37.952,-12.424696025096383,3.7658904169799143,-1.76515938385332,-0.03100021046087309,0.002029270341516926,0.014327683635228362,-0.9994146219137031,-0.4457198935168835,0.12160022378219032,-0.03614199728078526,0
38.002,-12.447183603580717,3.772237005228025,-1.7693417166394427,-0.030253766099683357,0.0048240113104753065,0.0004688115687955534,-0.9995304991681717,-0.4544570447154773,0.12261230044652606,-0.13689688394701255,0
38.052,-12.468886622223952,3.7782168889082426,-1.7741413930073524,-0.02698135028080646,0.004236115055820887,-0.01686127802233873,-0.9994847469419982,-0.4010466668134501,0.1112772520601246,0.003805895753164137,0
38.102000000000004,-12.488730016470047,3.782974841606947,-1.772064283967934,-0.024159262931990253,0.0033281467793428734,-0.023427798008542566,-0.9994280322935059,-0.4038261387469632,0.08116722147137985,0.059553036236299275,0
38.152,-12.509226910738581,3.7861582915731327,-1.7690013208881135,-0.020948349238997948,9.682218967943988e-05,-0.026518839190406193,-0.9994287910889991,-0.4143837713536187,0.04752166324950344,0.057712636459710615,0
38.202,-12.530155644020578,3.7876880143663874,-1.766537045313115,-0.0176938118293975,-0.002576929398797266,-0.027463420524496872,-0.999462880246643,-0.42266176849763115,0.014712843896413707,0.041344713641847775,0
38.252,-12.55147536096557,3.787632296322221,-1.7647146500986943,-0.014076885709920767,-0.004073559855527602,-0.02613853948951917,-0.9995509112357253,-0.4300083992274099,-0.01628540929789391,0.032403244142237046,0
38.302,-12.573154293227123,3.7859192330868185,-1.7633733198300925,-0.010056239753816535,-0.004297359020744908,-0.022724542610657383,-0.9996819493771996,-0.4355820197170111,-0.05109336277396026,0.01904984956222397,0
38.352000000000004,-12.595100615929537,3.782547110673238,-1.7629378113601677,-0.006206536773666624,-0.0032397597002818933,-0.017137741959163014,-0.999828625644867,-0.44154468151017473,-0.08324181846239426,-0.006574574423151585,0
38.402,-12.617062050934958,3.7775550649800076,-1.7651960060219491,-0.003823681847920709,-0.0015426093052325943,-0.008352623374034395,-0.9999566158071211,-0.43434867945830236,-0.11062232169598803,-0.09598158042391194,0
38.452,-12.637758303258558,3.7728432956717,-1.7705400758262242,-0.0053323571262528235,-0.00033387385009693126,0.00851738354005779,-0.9999494530591841,-0.36109432515790013,-0.08583979740797644,-0.03616632711009585,0
38.502,-12.656050541203285,3.769449295755463,-1.7702742701110725,-0.004616368266537463,0.0016096437599773103,0.015963548984433484,-0.999860621934285,-0.3825438200705492,-0.0422702649836636,0.026888365409922666,0
38.552,-12.675827418550485,3.768623641377989,-1.7684406415866518,-0.004514702843676193,-0.00048082143095538096,0.022545885463585113,-0.9997354996786141,-0.40541338554291495,0.004582557464701036,0.04214445490672937,0
38.602000000000004,-12.69650534227422,3.769745391128681,-1.7664609744311566,-0.004394704988688085,-0.0026326270818503084,0.026873501808644625,-0.9996257153271173,-0.4208562397972457,0.0367437779612528,0.03412250488447289,0
38.652,-12.71780601004321,3.7721509334757295,-1.7651055827561828,-0.005147892953480734,-0.0031903419960812754,0.026544396710317514,-0.9996292892464553,-0.431457374604834,0.05749255075945802,0.020769482971778996,0
38.702,-12.73970373392212,3.77555718783838,-1.7645309062852985,-0.007139380135420129,-0.001363090692975794,0.021529461737393382,-0.999741793420853,-0.44353812201753334,0.07911295249325793,1.6581696456777987e-05,0
38.752,-12.762328856474516,3.780102448458508,-1.7653391606001885,-0.009465266201966117,0.00236501728252632,0.012866253187680884,-0.9998696289806442,-0.46015065238843567,0.10245692822733156,-0.04069514080185309,0
38.802,-12.785576973391423,3.7854685686822127,-1.7697908995112974,-0.009173689820340222,0.0053906302198707375,-0.0013226161611696126,-0.9999425159514941,-0.4706664251118526,0.10202531887940582,-0.1426367673822794,0
38.852000000000004,-12.807941110668931,3.7905481913429613,-1.7742759892564963,-0.0065947914207129445,0.0051978846273391275,-0.018335014996620855,-0.9997966382953052,-0.41204498931779365,0.09340849855813595,0.011933181751329524,0
38.902,-12.828343982785968,3.7943905323563794,-1.771974181608603,-0.004085596798177004,0.004685250063104374,-0.024892260969881407,-0.9996708116547454,-0.4145161535211395,0.06291792080037963,0.0618858243733781,0
38.952,-12.849318001478409,3.7966759058118464,-1.7688906744144421,-0.001302442384666912,0.0016199584652478408,-0.02812637607253449,-0.9996022140568881,-0.4225356201368454,0.029724929837813767,0.05673646343079936,0
39.002,-12.870580918735223,3.797327824651572,-1.7665075684305134,0.0015327798327357,-0.0009933586373838325,-0.029128302074523257,-0.9995740121886215,-0.42805141175166955,-0.0025126635830801545,0.03945057822394174,0
39.052,-12.892099122152652,3.7964261652926035,-1.7647757399489117,0.004790429237192248,-0.002519864459522793,-0.027738350913195278,-0.9996005632048469,-0.4327498271067149,-0.03303406031842564,0.030821011522882618,0
39.102000000000004,-12.913854506753138,3.7938870794717703,-1.7634982883163017,0.008497444682880169,-0.002843828485834805,-0.024194304511496057,-0.9996671154452422,-0.4361658151950068,-0.06741623111154557,0.018049910276493244,0
39.152,-12.93579205499365,3.789703754005301,-1.7631041787774353,0.011983636596260151,-0.0019727032150573362,-0.01846655324769618,-0.9997557138156831,-0.44061481133999303,-0.09944331271132238,-0.00733219467832534,0
39.202,-12.957666823933113,3.7839190197136245,-1.7653809614440492,0.013948273711691005,-0.0005231522118140423,-0.00952934054788267,-0.9998571716205017,-0.4323655060434398,-0.12553934200684178,-0.09457546852324938,0
39.252,-12.978337672278492,3.7785273150954155,-1.7706887411338224,0.011941532810908682,0.0002084602123824972,0.00778242328546352,-0.9998983899508345,-0.36078082778571496,-0.09767537404869624,-0.036985380530583936,0
39.302,-12.996630969441735,3.7744872501669673,-1.7704239386181528,0.012315407603314047,0.0019019370271073398,0.015425983901958444,-0.9998033568616206,-0.38315120544396597,-0.05591932414981245,0.02733469692750044,0
39.352000000000004,-13.016457280245968,3.7729713557350206,-1.7685661089221716,0.012061486875703988,-0.00042451375382238706,0.022145713049466248,-0.9996819032652089,-0.4066077461175722,-0.009294061565762396,0.04257747045892695,0
39.402,-13.037198684974458,3.773388065789079,-1.766571587185276,0.011846940483419454,-0.0027423834568435393,0.026558587977057277,-0.9995732943305469,-0.42216691224725506,0.022397714866664087,0.03435282099702221,0
39.452,-13.058554059305873,3.775068310034548,-1.7651974064411364,0.010731118119071925,-0.0033344614426591636,0.026276056747325534,-0.9995915632460151,-0.431908866614952,0.042979290596658185,0.021243326527980805,0
39.502,-13.080419109044248,3.7777600630170434,-1.7645919809436632,0.008534379363242438,-0.0012612288786440571,0.02135758623310532,-0.9997346783926696,-0.4419130380831738,0.06499905139538734,0.0008391018960775339,0
39.552,-13.102909362188615,3.781608673970707,-1.765360558650177,0.006227088769422505,0.0028779218169553734,0.012822768019852328,-0.9998942531846962,-0.4565462522036099,0.08866098365493685,-0.04007790012203437,0
39.602000000000004,-13.125948910659842,3.786281011193109,-1.7697598259168537,0.006811087839823942,0.006334494739739161,-0.0013687887018331312,-0.9999558038615102,-0.4665838451671127,0.08807603067332638,-0.1415625030801378,0
39.652,-13.147901453518397,3.790666436435445,-1.7742299227352198,0.009189786675678269,0.006940170622566902,-0.018285228703084817,-0.9997664888682056,-0.39666551978671327,0.08036098772862223,0.012535929154333363,0
39.702,-13.167324767041098,3.7938529454459538,-1.7719999359656848,0.011734071923119573,0.0075536548238326956,-0.024854699718129612,-0.9995936663248849,-0.39013609621207235,0.04962093373191964,0.05896908915747685,0
39.752,-13.186763018743566,3.795477485555637,-1.7691184661966255,0.014574742311772502,0.005529429534048161,-0.028297735247294075,-0.9994779839873654,-0.38572277569170055,0.017100668505156937,0.05177954423950765,0
39.802,-13.205821623344038,3.7955351903207584,-1.7670052786821655,0.017539085246236482,0.0038794896514090112,-0.029334383041664584,-0.9994082369183956,-0.3766038266106688,-0.013587888833956608,0.033846159059488706,0
39.852000000000004,-13.2242896458613,3.79411556633601,-1.7655461775265482,0.020971967124753427,0.0032790878131997974,-0.027792440237752163,-0.999388315142649,-0.36292812245155504,-0.04268699254624308,0.02623226401300945,0
39.902,-13.242101866738226,3.791132532500226,-1.7643699899744558,0.024771464154827408,0.003690522198420618,-0.02396346525794139,-0.9993990729144993,-0.3493709531289565,-0.07540791846728291,0.01906224278404296,0
39.952,-13.259351376595278,3.786568097475907,-1.763712753942698,0.02821831551455954,0.0050253398746347685,-0.017773829111660547,-0.9994311200014608,-0.34077632646533346,-0.1066561199418696,0.002472207145073742,0
40.002,-13.27605620259151,3.78042135242242,-1.7652509367921894,0.03016036056944796,0.006653942390170385,-0.008420009131763181,-0.9994874592245817,-0.3258825912051414,-0.13398460271913099,-0.07940379288793185,0
40.052,-13.291175836846381,3.774470284819681,-1.769396754006086,0.029475829490222295,0.007854970290602023,0.006465598633559376,-0.9995137172404924,-0.24928519752566708,-0.09975608547051218,-0.014397154807726846,0
40.102000000000004,-13.303720896984665,3.7707248344829094,-1.7686459786295574,0.029653942162169947,0.009736052084250796,0.013950658085307809,-0.9994154452193754,-0.26673659235773906,-0.04757871059186344,0.03763727938318317,0
40.152,-13.317485456421922,3.7695573565619447,-1.7663990609280333,0.029418792037125212,0.007512732637249785,0.02038907426841861,-0.9993309657835456,-0.27934592582284845,-0.002920113111599137,0.04651922716281052,0
40.202,-13.331414646430652,3.7702669125054955,-1.7643961840695512,0.029446024881863295,0.005966304117712441,0.024383117860212494,-0.9992511187870877,-0.27628006074853323,0.028604487928130383,0.03165979823649773,0
40.252,-13.344968415934147,3.7722936847120496,-1.7632504118738757,0.02909349124776753,0.006437917584568606,0.023864056647178448,-0.9992710487072718,-0.2671413439991065,0.05143864385245252,0.015853988419048348,0
40.302,-13.358466790218207,3.7756271436663527,-1.7627348747920157,0.0309432106485864,0.008428747771465458,0.018995626100376042,-0.9993050785995321,-0.28263656748017546,0.08671451484792306,0.004937104941142483,0
40.352000000000004,-13.373079811349388,3.780474610326802,-1.7632206129417196,0.04139237397896358,0.01046037527026494,0.009418005084605935,-0.9990438194122502,-0.30272765326353873,0.106879165775833,-0.03296624009401794,0
40.402,-13.388482652689257,3.7857516015815373,-1.7677927946293426,0.0551529597867014,0.0121133515391742,-0.007142922103257023,-0.9983788841943134,-0.3030664037809393,0.10629247881257316,-0.12460319518790904,0
40.452,-13.403368862158036,3.790451614915385,-1.7690412909686701,0.06796081698051824,0.0121566895771017,-0.01733693248542421,-0.9974632690108759,-0.2897631174321739,0.07505944425078998,0.030435303850530504,0
40.502,-13.418181741982183,3.792844318334753,-1.7670126422211212,0.08302873336932809,0.011212192309916911,-0.021362309293519535,-0.9962550717162441,-0.306522301930266,0.024329946407893314,0.04226536766628891,0
40.552,-13.433908013403265,3.793075406084787,-1.765230930206025,0.09871083811225262,0.00930818212374305,-0.023284725238643028,-0.9948001556872056,-0.32121418674998553,-0.014384863883147173,0.029195251121988237,0
40.602000000000004,-13.450275402583133,3.791288728749146,-1.7640951315385622,0.11538845992270469,0.008134768135906866,-0.023616473820995278,-0.9930063398731668,-0.33234338699999244,-0.05633313986447363,0.017344786777263404,0
40.652,-13.467148679266055,3.7873928184279526,-1.763302231899491,0.13312211606951022,0.007762653454327254,-0.022169976293303754,-0.9908212429977862,-0.3422972843003816,-0.09906392739364775,0.014318801544078155,0
40.702,-13.484428751220374,3.781210027687848,-1.762937893909379,0.15064186790887119,0.00795738793502287,-0.018884791732535478,-0.9883759771723493,-0.34699883085302075,-0.14625350647226035,-0.003375370282629276,0
40.752,-13.501924221280266,3.7728034068750107,-1.763926433515882,0.16633659102889609,0.008450140950012673,-0.012920538756028034,-0.9859481696727593,-0.3500135040760598,-0.18856478198182636,-0.04140819396057151,0
40.802,-13.51925444286359,3.762413067789433,-1.7677969261941513,0.1780095707028226,0.008245316629546518,-0.0017629800567312269,-0.9839926317778984,-0.34711883125612136,-0.21879496595617223,-0.11633164313709425,0
40.852000000000004,-13.536157547573266,3.752168267137931,-1.773164567836138,0.18487638717424737,0.00495500735403523,0.01937493622566808,-0.9825582838762139,-0.28663104318554194,-0.1780079250485843,-0.020769460198991462,0
40.902,-13.549597670428259,3.7437510875980844,-1.772305525852726,0.19639763788418593,0.006486709257192301,0.029231513986089613,-0.9800670431284823,-0.28159663118251993,-0.16060098119175775,0.022403471176113632,0
40.952,-13.564637701670359,3.736489748472388,-1.7707235871432387,0.20774291099436046,0.003046258083984158,0.03587275213047301,-0.9775207153292761,-0.31696521171688025,-0.13136732337690196,0.041791528478487334,0
41.002,-13.581158013683742,3.730467102818084,-1.76845851291711,0.2191215138581127,-0.0015715109044471059,0.04043030670456392,-0.9748582885823874,-0.3420430971341219,-0.11292313155958622,0.043788533706177676,0
41.052,-13.598725183819118,3.725039790062864,-1.7665301485922695,0.22915305830011176,-0.005129580673019761,0.04026173721115155,-0.9725438580293261,-0.3604348055879926,-0.1055992099276371,0.03367499644660059,0
41.102000000000004,-13.617211101540258,3.71987091123467,-1.7652055132206332,0.23727269330413553,-0.006045082120016847,0.03541786273616139,-0.9707783995297625,-0.3772216535881863,-0.10067493019348848,0.01753156577546314,0
41.152,-13.636457386173007,3.714978451978451,-1.7648980847799491,0.2437508477294218,-0.003468205943223368,0.027165055234446487,-0.9694511620256242,-0.3913947313744253,-0.09444028663893426,-0.009790408517562207,0
41.202,-13.65615592147086,3.7104235826649004,-1.7673097674028821,0.25055228928678785,0.0016923875299977465,0.015473325374895555,-0.9679779245207203,-0.39183572993780574,-0.09090443157662582,-0.09752377112235903,0
41.252,-13.67519783120326,3.7056585440606855,-1.7731778395210005,0.2605575993093513,0.0057485342624833445,-0.0017731524990106046,-0.9654395619230633,-0.36250515660984306,-0.09574088344390615,-0.06043416525983028,0
41.302,-13.692620685144119,3.7006449828427925,-1.772257653584181,0.26727385982260804,0.005052956189394453,-0.009146098399007558,-0.9635639575935526,-0.34273273340996324,-0.1169077120266986,0.0499481799102418,0
41.352000000000004,-13.709518332371928,3.693681004045964,-1.769291860262673,0.2758028016370533,0.0022000911031628836,-0.01285865963078884,-0.9611257093017487,-0.3325373298213799,-0.16048103973219457,0.061211868565635756,0
41.402,-13.725824968914793,3.6846079642140124,-1.7666045450753673,0.2842567002699558,0.0002099952734700585,-0.015061724932330593,-0.958629870542163,-0.3206580231152001,-0.2004889531938002,0.04558420349360232,0
41.452,-13.741615437007034,3.6736055554004787,-1.7646087582558807,0.29277829364286445,-0.0009159195538315031,-0.015176896773645924,-0.9560594613659052,-0.3110074236974307,-0.23880258300492585,0.035207227286804366,0
41.502,-13.756822880460213,3.6606176367860734,-1.7631578195034872,0.3013403168443579,-0.0014858413221987116,-0.01302229335154555,-0.9534265706364452,-0.29599866836809485,-0.27850071443642893,0.020848808504314073,0
41.552,-13.77124319832151,3.6457642869014824,-1.7626859512580155,0.30957635908982994,-0.0015225193866743657,-0.00825389193493979,-0.9508375429563808,-0.2807450974231667,-0.3143202588956846,-0.006554023177510547,0
41.602000000000004,-13.784702179960703,3.629291899724431,-1.7649365600260316,0.3161690345274773,-0.0022598006397993005,3.2527081437113965e-06,-0.9487001817731725,-0.2584111481645082,-0.3385645853122663,-0.0970144621449753,0
41.652,-13.797126732329955,3.6134129003685795,-1.770107090922564,0.3187987056364816,-0.005425925887086163,0.014510886320515443,-0.9476958260913491,-0.21154401321552208,-0.276432618606418,-0.029025660573631862,0
41.702,-13.808506345648452,3.6004855171464145,-1.7697953596626275,0.32284010994598683,-0.0048573635122739,0.02158173087440435,-0.9461949578824851,-0.2574729493483267,-0.2483210999028248,0.025771975758451585,0
41.752,-13.82281971089701,3.5885965266955515,-1.7679828433346145,0.3260977586230909,-0.008466402686002942,0.026267828356278826,-0.944933105060882,-0.30892322059930344,-0.22856647523239532,0.041913889305551046,0
41.802,-13.839202112936025,3.577550112867878,-1.7660155811165659,0.3291364201861231,-0.011800519362222069,0.028787961027655126,-0.9437696848011785,-0.343356626623351,-0.21533279572302438,0.03353976743192571,0
41.852000000000004,-13.856964927595167,3.5670075831387997,-1.7647482439859656,0.3310103758100522,-0.01229739668891982,0.027486981633622887,-0.9431465267822575,-0.3662471990574871,-0.20761269598350418,0.017907143143434858,0
41.902,-13.875858821779557,3.556794109002234,-1.7643740762211673,0.33147856975785905,-0.009085094020798132,0.022687426912734773,-0.9431461708123482,-0.38838316698666664,-0.20003073701658797,-0.0047995244076997155,0
41.952,-13.895917139165892,3.546951354411364,-1.7654407948808233,0.3314887849196538,-0.0027093228289579822,0.01514520336593974,-0.9433336990997961,-0.4126346131650753,-0.19315520110477077,-0.045608466142055853,0
42.002,-13.916805641524125,3.53729956863181,-1.770114170792163,0.33388514345682885,0.0051145456725892584,0.0021376410415891566,-0.9425974659907342,-0.41790270718207856,-0.20193129758195408,-0.1481139719252932,0
42.052,-13.936795474439753,3.527931581728114,-1.7742335426405416,0.3371377646483296,0.010391457933372088,-0.013449591525073062,-0.9413018929853246,-0.36931098967703146,-0.17516979476239827,0.01716671055441519,0
42.102000000000004,-13.95456576116732,3.5185550879218592,-1.7718412717780625,0.34051611120553843,0.011880297048235925,-0.01982221208117337,-0.9399546353200843,-0.3507141285462724,-0.20406742658502844,0.06234902793911825,0
42.152,-13.971726426992381,3.5074748479623388,-1.7687424735924793,0.3441101851649787,0.010066784385836159,-0.024096474090013097,-0.9385660340403774,-0.33531300190909835,-0.23667434871816265,0.05712634145264262,0
42.202,-13.988072747510355,3.494861223035364,-1.7663206088149037,0.34774167250155535,0.007978163245395648,-0.026110671708713045,-0.9371927821638251,-0.3192678166539007,-0.2670128166504131,0.04045550022271913,0
42.252,-14.00363364870069,3.4807733726722607,-1.7645371575600877,0.3516741238152753,0.0061142932283924836,-0.025535958053339584,-0.9357541562308844,-0.30365373824756303,-0.2958453178137418,0.031773634822904004,0
42.302,-14.018338156177798,3.4651751990690327,-1.7632225474823089,0.3559347022341512,0.004661348148751779,-0.022543150413967216,-0.9342272560508689,-0.2841930027145984,-0.3261590249430405,0.01864690779591197,0
42.352000000000004,-14.032121063905127,3.4481311823792984,-1.762796653637278,0.3600006591414244,0.0036026933233527948,-0.017076018942244198,-0.9327888054622239,-0.2669568400428879,-0.35461815048137874,-0.006471444925677666,0
42.402,-14.044819904900988,3.429849899166824,-1.765012089922187,0.3627004602462991,0.0019797971342819147,-0.008409087434669412,-0.9318657327045278,-0.24289512548749703,-0.37072484029206937,-0.09401227731577488,0
42.452,-14.05681829796287,3.4125292531943066,-1.7703538342461547,0.3615909897830053,-0.003178026483500001,0.007745085419123861,-0.932299238392517,-0.20711839228142603,-0.3043503255606019,-0.040051843138266756,0
42.502,-14.067818885830162,3.3978645741830777,-1.7702151846261847,0.3629636339961088,-0.0038969462150221994,0.0155706225666495,-0.9316650524300154,-0.24888092377858995,-0.2864436499929502,0.02498680367018389,0
42.552,-14.081630059895389,3.3840364750392187,-1.7684351821140492,0.3636342810733248,-0.008228047213415662,0.021031862582449264,-0.9312679902281906,-0.298122315814596,-0.2682066544686366,0.04181586892885841,0
42.602000000000004,-14.097443173787198,3.3709990798772442,-1.7664610362767728,0.36430813302022264,-0.011961455103542691,0.024408237188621725,-0.9308817034212614,-0.33125199143330647,-0.25542806190123396,0.03408805103739312,0
42.652,-14.114572931628551,3.3584666196528805,-1.7651227926268012,0.3641958966874124,-0.01254465629444547,0.024005000672640463,-0.9309284292453488,-0.35271678666875766,-0.24756047621600888,0.020090423162814876,0
42.702,-14.132789391781582,3.3462372734095527,-1.7645812954359257,0.36288941191731783,-0.00916687368380167,0.020014448561674288,-0.931572146961222,-0.3755274062336323,-0.24068400895245812,-0.000541297052288089,0
42.752,-14.152270831581973,3.334318423751309,-1.765406786451613,0.36109585814855827,-0.002611553297614423,0.013240540696349043,-0.9324310425438432,-0.4027244972591187,-0.2353415711023727,-0.040686194562095906,0
42.802,-14.172745342025381,3.3225671458937813,-1.7698589585388325,0.3615591083473627,0.005388126474011409,0.0011300473351263727,-0.9323329353064715,-0.4099548010230444,-0.24270945447177777,-0.14308166343982615,0
42.852000000000004,-14.192385480548644,3.3111768387816465,-1.7743501423751422,0.363768501534285,0.011370239996255707,-0.01474810908302062,-0.9313032203382556,-0.36180487547742834,-0.21024180633580783,0.011750401308510235,0
42.902,-14.209744579781598,3.300198652743361,-1.7720502087324903,0.3657440799322355,0.013205156383082587,-0.021038247436934502,-0.9303839443929607,-0.3420970432478279,-0.234292616146007,0.062149430087174704,0
42.952,-14.226439854544743,3.2876770474483306,-1.7689428158390343,0.3679554088509607,0.01149539990979117,-0.02516509037978804,-0.9294317570991507,-0.3252104785386062,-0.2644431092138578,0.05737989328580031,0
43.002,-14.242230794943522,3.2737423096881066,-1.7665229432638316,0.3700793916745688,0.009406322935848907,-0.027082828702627827,-0.9285576370565662,-0.30719985652299653,-0.292184759090338,0.04024229691601485,0
43.052,-14.257143095620862,3.25846926904157,-1.7647477489526826,0.37253159341764636,0.007450194626685416,-0.02642084739475794,-0.9276134137283029,-0.28975658425040124,-0.3183383053814702,0.03177933045970646,0
43.102000000000004,-14.271118744100953,3.24181864265401,-1.7634215989806472,0.37540891798293496,0.005786063943782023,-0.023305322231264112,-0.926548178843721,-0.26907483280425787,-0.34591402514135444,0.019005637866151483,0
43.152,-14.284119119583805,3.223841955953864,-1.762982776410788,0.37824236842372116,0.004396028968437941,-0.01766790208961674,-0.9255275419425801,-0.2507711242277676,-0.3722381133505293,-0.006527360639197701,0
43.202,-14.296003233969136,3.20474491086251,-1.7652500101581305,0.37995823914427745,0.002358233035297296,-0.008828437401121249,-0.9249585038997082,-0.22701269055373582,-0.38555453137753837,-0.09623365075266743,0
43.252,-14.307180061065752,3.1867893358113077,-1.770519215045444,0.37833663018365254,-0.0031107422960341934,0.0071890522302313735,-0.9256349361771503,-0.1922306602030735,-0.3180146239911541,-0.033889342660515666,0
43.302,-14.317671122257634,3.1713636818021325,-1.77018143335894,0.3786889748466126,-0.004405632776485691,0.014887726139204482,-0.925393757456719,-0.23984355010779118,-0.30146715945692043,0.027999335612689576,0
43.352000000000004,-14.331015117645851,3.156750877349898,-1.7683237569187609,0.3785402723166625,-0.008915907601762023,0.02041531332715794,-0.9253166937907361,-0.28854422873397867,-0.28399121502371616,0.04213678203685958,0
43.402,-14.346356370792353,3.1429022214507354,-1.766361079207899,0.37845906399020224,-0.012539571120808826,0.02372747107567102,-0.9252288923050993,-0.3220913071801291,-0.2719243825561071,0.03359817114421407,0
43.452,-14.363046388290446,3.1295277700921544,-1.7650361905781446,0.37755380412942197,-0.01291627368664716,0.023234133753395263,-0.9256060014337549,-0.34434542254477746,-0.26465766807949104,0.01999400938767644,0
43.502,-14.380874072776953,3.116439375216376,-1.7644905785124227,0.37544159363690977,-0.009313141622572742,0.019242502720714188,-0.9265994826512367,-0.36845614650031594,-0.25794562169140867,-0.0003694514243595358,0
43.552,-14.400043813968958,3.1036378124904545,-1.7653072982961568,0.3728905931520156,-0.0025821702971754778,0.012560222940708812,-0.92778670972103,-0.39725924249698225,-0.2533670239563686,-0.04063163515957006,0
43.602000000000004,-14.420280549729918,3.09098695355045,-1.7697724773215673,0.3727346781665807,0.005559061345979055,0.000558001304842219,-0.9279211416729076,-0.4053417982157916,-0.2606488842307855,-0.14333512969137685,0
43.652,-14.439700056493363,3.0787563400327747,-1.7742790521657055,0.3745380799860744,0.01185298987551403,-0.015369733131687558,-0.9270083627318672,-0.3569069595569522,-0.22505565316845277,0.01250063800701765,0
43.702,-14.456817733613436,3.0670852783413154,-1.7719592935749158,0.3759350806814906,0.013943755147492343,-0.02165934549306874,-0.9262878923737476,-0.3373099962290913,-0.24747722692313892,0.06200630671134299,0
43.752,-14.473275033934641,3.0539519259198995,-1.7688815840184227,0.3775718556880437,0.012403973024833542,-0.025805843019626868,-0.9255375161016075,-0.32037049993142774,-0.2759199978112099,0.05647455397580416,0
43.802,-14.488815439364817,3.0394847641276908,-1.7665169146121245,0.37911750792755405,0.010400185693086449,-0.027724150928131165,-0.9248746524668442,-0.30197542477908945,-0.3021376734881219,0.039053567287607574,0
43.852000000000004,-14.503449479239439,3.0237500577751084,-1.7647941697727354,0.38097378044802205,0.008453780088649731,-0.02706016804202696,-0.9241511021033804,-0.28397116096435027,-0.3269148596488421,0.03097695376513895,0
43.902,-14.51712964238283,3.0067072129851957,-1.7634952575733163,0.3832804523242233,0.006720554303680283,-0.023922444304675997,-0.9232977015429421,-0.2630881385581703,-0.3531338875849843,0.018664093678069503,0
43.952,-14.529827470477757,2.9883961924176377,-1.7630705706833254,0.38558734945747786,0.005203651259602866,-0.01825781301045149,-0.9224759998048735,-0.24462372936378896,-0.3784060047221612,-0.006844692183668101,0
44.002,-14.541407958395123,2.969024161534092,-1.7653530538193665,0.38686313100167347,0.0030122462625993625,-0.009387113303881053,-0.9220844464298571,-0.22142571484932988,-0.39030882349025964,-0.09587532797109281,0
44.052,-14.552401700088717,2.9508215386193664,-1.7705221587594797,0.3848842248779115,-0.0026758873689026763,0.006679932013689095,-0.9229368080075752,-0.18971000820545214,-0.3219175943425141,-0.033760434156777513,0
44.102000000000004,-14.562763576795417,2.935127244506026,-1.7701519123392349,0.3848919808211571,-0.003968616417901446,0.01431591898890654,-0.922842059968442,-0.23783741693519012,-0.3070749316290646,0.029122452098470728,0
44.152,-14.576028829178068,2.9202301617573663,-1.7682471421825796,0.3844545886352122,-0.008563764716233697,0.019868887190954063,-0.9228903285510198,-0.28708986564645655,-0.2895868690255109,0.04242858313877111,0
44.202,-14.591283546895317,2.9061052437879007,-1.7663171303742373,0.38410164301711747,-0.012206176601010336,0.02324002848885685,-0.9229175684535286,-0.31993812727763293,-0.2773513754535356,0.03214404110095468,0
44.252,-14.607843406171721,2.892467628702701,-1.7650861783118952,0.3828534766752113,-0.012474281406949351,0.022811198238709748,-0.9234431530614101,-0.3412875091907842,-0.26995026162066943,0.017997496416409728,0
44.302,-14.625531491154673,2.8791226051206658,-1.7646436513617483,0.3804001924940983,-0.008711006405593977,0.01887405481961756,-0.9245883310817425,-0.36606778647730037,-0.26304226526856883,-0.0023091903609845353,0
44.352000000000004,-14.644606916093055,2.86606399852227,-1.7655713382076406,0.3775463524775388,-0.0018685504735458326,0.012241706490253289,-0.9259078792581052,-0.3957221965793066,-0.2585614674079829,-0.043338993600686035,0
44.402,-14.664773171535753,2.8531331863966667,-1.7701611037735652,0.3772317778394008,0.0063507612932167164,8.819246231447561e-05,-0.9260971038941934,-0.40420311624068017,-0.2670323522236517,-0.1453781901936515,0
44.452,-14.684085601991887,2.8407199628001707,-1.7744396832331704,0.378366262929746,0.012658683909710129,-0.015490657678010264,-0.9254397702297846,-0.3542526111848498,-0.22844330564868834,0.017314419168075905,0
44.502,-14.701064342674913,2.8288317174418536,-1.7720190454688147,0.3795777410941074,0.014805539312622877,-0.021792842040734502,-0.924784627092895,-0.3345395545159238,-0.2516774647315656,0.0627941681987388,0
44.552,-14.717405984111545,2.8154875677115108,-1.7689163010638231,0.38100650008730635,0.013158750276763482,-0.02603143964170813,-0.9241121459717728,-0.31809464031093565,-0.279810595242339,0.05676771343551111,0
44.602000000000004,-14.73282939356118,2.800837577858742,-1.7665358742563948,0.3823856770853915,0.010975778886981181,-0.02796722473022464,-0.9235142449246038,-0.2995411748880823,-0.30558994936738404,0.03940825289597319,0
44.652,-14.747333312692449,2.7849446977006065,-1.7647987466707489,0.38407079119703186,0.008859029224954159,-0.027278723986789974,-0.9228580693520166,-0.28129495621874345,-0.3298158796288501,0.03120990869522649,0
44.702,-14.760877875882706,2.767769376810559,-1.7634878247321906,0.38621629441310384,0.006977351286561425,-0.0240877882404663,-0.9220672800596053,-0.260374837606332,-0.35559627078608835,0.0189470946474443,0
44.752,-14.773442444894762,2.74933840055432,-1.76304419032317,0.38839263838918026,0.005315231989651855,-0.018368902584774627,-0.9212955498491354,-0.24197992545513153,-0.3807476996975474,-0.006389689352191894,0
44.802,-14.784889443710155,2.729851236139882,-1.7653150640017723,0.38955801029763665,0.0029903755123859305,-0.009473711686608887,-0.9209483498297397,-0.2186016798640438,-0.39255686513960375,-0.09645134669680486,0
44.852000000000004,-14.79573719753694,2.7115540957741326,-1.7705120057608799,0.38748694273084866,-0.0027521443093244825,0.006528740429682791,-0.9218479649395571,-0.18711875949937798,-0.3237691323800136,-0.033728246519183165,0
44.902,-14.805990694778382,2.6957656490109603,-1.7701436519590854,0.38736662421665363,-0.004081989353788556,0.01413009566460778,-0.9218084270619455,-0.2358276385480151,-0.30893607617621416,0.0291333004620265,0
44.952,-14.819160501402303,2.6807700824063154,-1.7682380154892074,0.3868029721866475,-0.008663371084464473,0.019681680275339064,-0.9219116216701938,-0.285294528409577,-0.29162739313415176,0.04245110085469001,0
45.002,-14.834331509429322,2.6665382892096394,-1.7663054134338225,0.3863388140765807,-0.012277515739854318,0.023054753599832,-0.921987018174122,-0.31834300790983094,-0.2795823283737588,0.03222247956961197,0
45.052,-14.850817303040643,2.6527878487853256,-1.7650695090653956,0.38499356122937234,-0.012512803855119594,0.02263907659903917,-0.9225566973158624,-0.3398489303624402,-0.27227055742272366,0.018100947584796502,0
45.102000000000004,-14.868437613208194,2.639324342968042,-1.7646236859200164,0.3824365954129152,-0.008715280835731745,0.01872512049094133,-0.923750866972006,-0.36479684474177787,-0.2654604737976082,-0.002287598179065233,0
45.152,-14.887454559036623,2.62614092072501,-1.765553408318387,0.379485853256248,-0.0018482158866583729,0.012124668869056075,-0.925116243334442,-0.39464327561417833,-0.2611246054387237,-0.04344940488058192,0
45.202,-14.907569973299717,2.6130804464856494,-1.770149207813186,0.3790800404507978,0.006393458151170606,-4.736947413263052e-06,-0.9253417998784298,-0.40319934154627024,-0.26964055000268733,-0.14542155589986214,0
45.252,-14.926835962762535,2.6005472618391146,-1.7744305818236272,0.3801550404275843,0.01274464968081362,-0.015580368262571668,-0.9247037208029489,-0.35336245384861054,-0.23055350384122694,0.017313803168270872,0
45.302,-14.943771289037267,2.588559805912968,-1.7720111384116022,0.38130006139809525,0.014920307286815374,-0.021880159955526845,-0.9240719161453812,-0.333684531084082,-0.25356368325555245,0.06273235043472235,0
45.352000000000004,-14.96006945897751,2.5751273789142837,-1.7689134412094896,0.38265275774060015,0.013290149275144063,-0.02612052645978491,-0.9234272884332699,-0.3172202115661589,-0.2814437718643652,0.05663939594367463,0
45.402,-14.975447196904254,2.5604005666788026,-1.7665396160428775,0.3839644208712837,0.011112231826460584,-0.02805662451845894,-0.9228546297383162,-0.29858614172116504,-0.3070423713235124,0.039285938340584414,0
45.452,-14.989900308471363,2.5444399162313838,-1.7648070672334184,0.3855787186689822,0.008992870359673541,-0.027372002500085365,-0.9222250015432325,-0.280245864224702,-0.3310715540352631,0.031154650937214506,0
45.502,-15.00339129738941,2.5272070793456294,-1.7634969382803514,0.3876540466618949,0.007099382817911749,-0.024181041129579983,-0.9214603714322999,-0.2592889699916559,-0.3566536119849706,0.01896563090494122,0
45.552,-15.015901265173069,2.5087268659318145,-1.7630510518366447,0.3897653870799572,0.00541754406040655,-0.018461872843877607,-0.9207131760227294,-0.2408780758383647,-0.3816620546949843,-0.0063272846608438595,0
45.602000000000004,-15.027293212322526,2.4891983358674206,-1.7653179185155476,0.390874470225961,0.0030701497021998017,-0.009568960941043297,-0.9203891338411647,-0.21753760294481336,-0.3932983631510057,-0.09631205473581321,0
45.652,-15.038093408966269,2.470866196394471,-1.7705083608668175,0.38876222390803017,-0.0027043546466250087,0.006432378039583572,-0.9213116976576299,-0.18633273633058015,-0.3243932479984953,-0.033707701320242825,0
45.702,-15.048308671077821,2.4550413861209286,-1.7701400424899396,0.3885981651442004,-0.004058716871315421,0.014038367646333727,-0.9212914398265872,-0.23508019969347352,-0.30974616317039644,0.029134447234014836,0
45.752,-15.061441827843714,2.4400020238073123,-1.7682356626581681,0.3879905108541726,-0.008657841868005417,0.019590562514563797,-0.9214144643544894,-0.2845693600437468,-0.29254673024967576,0.042402280508637265,0
45.802,-15.076577178585241,2.4257226644073873,-1.7663060464175286,0.3874838298802292,-0.012277725949269389,0.022964010073623364,-0.9215086506746438,-0.3176386006321269,-0.28055798283639394,0.03216733858101477,0
45.852000000000004,-15.093029255750904,2.4119229242853946,-1.765071307145741,0.3860992896833287,-0.01250810638801709,0.022554269348125836,-0.9220966276452738,-0.3391763781449833,-0.27328899815904867,0.018100746849349633,0
45.902,-15.11061795693672,2.3984074632449546,-1.764625033674981,0.38350077714111247,-0.008699077800100725,0.018648940443844457,-0.9233112676654125,-0.3642101357745253,-0.2665200635099609,-0.002274874376191332,0
45.952,-15.129608168316274,2.3851692984685826,-1.7655551795541964,0.3805116362320062,-0.0018220068037798729,0.012060256634574173,-0.9246956932922072,-0.3941545931755371,-0.26225326078918343,-0.04349198450283133,0
46.002,-15.1497006923839,2.372051340885462,-1.770155815375765,0.38007268803466987,0.00642967716408528,-6.356539739402992e-05,-0.924934271730216,-0.40274645895030753,-0.2708001479865373,-0.14556457517811178,0
46.052,-15.168944052019365,2.359467370262051,-1.7744374954082391,0.3811222821264457,0.012797278498140677,-0.015627876304346224,-0.9243039571547805,-0.352915435238774,-0.2314617498683953,0.017427294138827445,0
46.102000000000004,-15.185856055452238,2.3474349848952287,-1.7720123192060135,0.38224516818724386,0.014981552799394423,-0.02192074840454769,-0.9236794169313333,-0.3331935745465367,-0.2544425758430507,0.06282944535859698,0
46.152,-15.202128946774984,2.333960781452318,-1.7689118935105188,0.3835722901941219,0.013354563266422316,-0.026158828864183744,-0.9230436985905126,-0.31669773733055584,-0.28222756090272466,0.056655161738318326,0
46.202,-15.21747920712796,2.319196909430812,-1.766538502715206,0.3848612512185368,0.011175299917854771,-0.028092044039753624,-0.9224791417934152,-0.29800950037612883,-0.3077453741179479,0.039263598256831095,0
46.252,-15.231901699059277,2.3032030115877817,-1.7648069387020417,0.38645346064777564,0.00905192379488479,-0.02740572931307879,-0.9218572077224253,-0.279611361204515,-0.3316963452501625,0.031141360957029105,0
46.302,-15.245359883002736,2.2859410805459097,-1.7634971371635564,0.38850639805372067,0.007150547241265462,-0.024211126848193598,-0.9211001409630847,-0.2586154388104557,-0.35719734475084397,0.018966112145300335,0
46.352000000000004,-15.257835417470812,2.2674350361727282,-1.7630508870996418,0.39059701835420885,0.005457029428757048,-0.01848845196553572,-0.920359911788064,-0.2401736519096455,-0.3821524605474823,-0.006315999150861478,0
46.402,-15.269191606828599,2.2478836981514894,-1.7653174015706006,0.391687799120503,0.003095607078992871,-0.00959431312256731,-0.9200429524715977,-0.21682595361943743,-0.3937211398580173,-0.09631174153690598,0
46.452,-15.27995877101572,2.229531675424587,-1.7705078402879733,0.38956201434891047,-0.0026970910142125786,0.006404539320868775,-0.9209740194775138,-0.18575778829263578,-0.3247441163900276,-0.03370302749526067,0
46.502,-15.29014665526808,2.2136862881659254,-1.7701387105959363,0.3893791918661006,-0.004062931836959827,0.014008276721267561,-0.92096205443541,-0.23455154417363527,-0.3102112778440729,0.029155277535960263,0
46.552,-15.303254046857413,2.198621614953561,-1.768234008062425,0.3887531801525666,-0.008669131646136427,0.0195572118274854,-0.9210935492898121,-0.2840654746900593,-0.29308277355639833,0.04239625883348257,0
46.602000000000004,-15.318364844685155,2.1843141139364457,-1.766304938817221,0.38822911949392097,-0.012290728915971983,0.022928397177250044,-0.9211956238294735,-0.31715673903624747,-0.28114359049978355,0.03215713619361749,0
46.652,-15.334793761433245,2.170484416988763,-1.7650701683412138,0.3868295695935737,-0.012518233039496798,0.022519916271880158,-0.9217912080838734,-0.3387191646895853,-0.27390848737299794,0.01810934736163941,0
46.702,-15.352360501847269,2.1569370601644495,-1.7646233939716718,0.3842156982583981,-0.008703264489886687,0.018618828948144383,-0.9230145663030623,-0.3637906440988587,-0.2671756691766669,-0.0022659290232972637,0
46.752,-15.371330778232428,2.143664832240366,-1.765553486780474,0.381213100931016,-0.001820241147060516,0.01203705822865601,-0.9244070356882432,-0.39377495267320695,-0.2629581717997353,-0.0435023732613054,0
46.802,-15.391404877778744,2.130511008495477,-1.770155519961593,0.3807623722243681,0.00643930266844081,-8.087663757121014e-05,-0.9246504986956882,-0.40237214506416763,-0.27151961063720265,-0.14560433360968883,0
46.852000000000004,-15.41063032192694,2.1178941525856954,-1.7744373892731988,0.3818042574496814,0.012819383515020703,-0.015639467705839082,-0.9240219583156392,-0.35257591210353634,-0.23205252047869507,0.017456167452762666,0
46.902,-15.427524832200492,2.1058332156041284,-1.7720109570062954,0.3829214079687273,0.01500980781594307,-0.021929607799659506,-0.9233986101843166,-0.3328289912150875,-0.2550005670640057,0.06284572642510901,0
46.952,-15.443778753800643,2.092332197861963,-1.7689103509649653,0.38424205056481536,0.013386009928474753,-0.026167809003933163,-0.9227643833004582,-0.3163037887228811,-0.28274027817072267,0.05664824712582317,0
47.002,-15.459108397760785,2.077543809719359,-1.7665375868050817,0.3855255657020333,0.01120746105555571,-0.028101248900535582,-0.9222010360095274,-0.29757927695700515,-0.30821507685562294,0.039248650600176814,0
47.052,-15.473508359606402,2.061527484614277,-1.7648066559149067,0.38711284032007115,0.009082789265976847,-0.027415312440536813,-0.9215799218962316,-0.27914414021598144,-0.3321241687005117,0.031131858898170987,0
47.102000000000004,-15.486942277235919,2.0442452891965575,-1.763497146430879,0.3891605467924524,0.0071779976635202,-0.024220500900826798,-0.9208234969340513,-0.2581145408151962,-0.3575818771246179,0.018963927243649457,0
47.152,-15.499391964385422,2.0257208335847166,-1.7630508186489702,0.39124552752555647,0.005479009584227083,-0.018497788436861486,-0.9200840991279926,-0.23964143295735038,-0.3825049392409716,-0.006311198835300161,0
47.202,-15.510720944705705,2.0061529599924315,-1.7653169333449383,0.39233018841744727,0.0031101854861866956,-0.009604719037398943,-0.9197690467583611,-0.2162805062006276,-0.39403329271977455,-0.09629754936387554,0
47.252,-15.521462915125408,1.9877856358937918,-1.770506908840775,0.3901987596168833,-0.0026948301529803997,0.006391299884779884,-0.920704522183787,-0.18532142690275666,-0.32500522816972127,-0.0337094336300507,0
47.302,-15.531629265021044,1.9719255062026002,-1.7701381375990786,0.3900086493245844,-0.00406757090361201,0.013994957416181985,-0.9206958506943955,-0.23412819090339085,-0.3105508837375961,0.029151160904650843,0
47.352000000000004,-15.544715983871816,1.9568420607866894,-1.768233730986481,0.38937517124194126,-0.008678804315434852,0.01954110373675914,-0.9208310375094406,-0.283660721266258,-0.29348614389907995,0.04238878960787359,0
47.402,-15.559806942971312,1.942513276369276,-1.7663050111678178,0.3888437417465541,-0.012302935004197841,0.022910119333440927,-0.9209366475099954,-0.31676528208667887,-0.28158746436825394,0.03215225534528898,0
47.452,-15.576216739190054,1.9286607570832144,-1.765070163322918,0.38743795393816693,-0.012529743516275687,0.022502192131464534,-0.9215359400071721,-0.3383399341145312,-0.2743798351234361,0.018115987741987666,0
47.502,-15.593764990245077,1.9150890528541935,-1.7646229393979456,0.38481833005495053,-0.008711587730796343,0.01860429241813924,-0.9227636974851943,-0.3634315376334998,-0.26767791544474206,-0.00225598323294555,0
47.552,-15.61271780120034,1.9017906694520723,-1.7655526296883703,0.3818114070576053,-0.001824346098331169,0.012027977967671761,-0.9241601857621943,-0.3934353268130832,-0.2635006939531985,-0.043497541396590435,0
47.602000000000004,-15.632775159428343,1.8886092196855397,-1.770154797269984,0.3813571117560946,0.0064421576714667585,-8.402843745586666e-05,-0.9244053466184662,-0.40202878112524354,-0.27207233598716507,-0.1456125443661205,0
47.652,-15.651984380884125,1.8759664215379526,-1.774436683458787,0.38239766277241466,0.012832627025228551,-0.01563790030991365,-0.92377638379844,-0.3522723511627078,-0.23252316778777507,0.017462887011523785,0
47.702,-15.668863175150724,1.863882901073459,-1.7720100462354729,0.38351553774020714,0.015027693885642117,-0.021926266037155383,-0.9231517966109295,-0.3324997687877923,-0.2554439286879953,0.06284597105868979,0
47.752,-15.685099813203031,1.8503603384599567,-1.7689095721034036,0.3848373782863567,0.013406455193662304,-0.026165094733448118,-0.9225160416222651,-0.31594253855426263,-0.2831587276795775,0.056643516155279516,0
47.802,-15.700410573735269,1.8355517594822839,-1.7665370852992843,0.38612246006432843,0.011228728888235728,-0.028099476944623152,-0.9219510729300462,-0.29718588463956835,-0.30860504663094374,0.03924290633675196,0
47.852000000000004,-15.714790079509891,1.819516651726875,-1.7648064220784057,0.38771194757223776,0.009103186574375094,-0.02741417487134591,-0.9213278681989691,-0.2787192184203601,-0.33248709051622594,0.03112700581377947,0
47.902,-15.728201834316856,1.8022170204655144,-1.7634971035273763,0.3897615880601874,0.0071961474851819605,-0.024219938931650507,-0.9205691253199393,-0.25765499711378664,-0.3579168109157972,0.018961144649359604,0
47.952,-15.74062765508805,1.7836763864612295,-1.7630508377554028,0.3918472732254722,0.00549349706557632,-0.01849798371882578,-0.9198278972471366,-0.23914751405864237,-0.38281745428271396,-0.00631061151585109,0
48.002,-15.751931258632657,1.764093703298708,-1.765316774264803,0.3929308620560538,0.0031190896757249016,-0.009606421813403612,-0.9195125478118412,-0.21576883124371185,-0.3943168021007428,-0.09628924291716502,0
48.052,-15.762649517802556,1.7457122706048633,-1.7705065788675733,0.3907970987538067,-0.0026966144200679934,0.0063864811487661585,-0.9204507421556094,-0.18490844287624547,-0.3252420949094888,-0.033717550904939685,0
48.102000000000004,-15.772795333631699,1.729839011142108,-1.7701382503773082,0.3906038478831753,-0.0040747118053563154,0.013990018197154173,-0.9204435398944375,-0.23372204133954924,-0.3108559143672295,0.029144577612233095,0
48.152,-15.785862228230176,1.7147385797340282,-1.7682340700775738,0.38996669234005954,-0.008690065892492448,0.019532995676129886,-0.9205807534920839,-0.2832728924565508,-0.29385355559462484,0.04238581559683712,0
48.202,-15.80093415565582,1.7003903365482191,-1.7663053975386154,0.3894314247480599,-0.01231683441350489,0.022899431999037344,-0.9206883712868574,-0.3163891972504398,-0.2819944800856625,0.03215341902411283,0
48.252,-15.81732547756058,1.686516819205834,-1.7650702758484729,0.3880226778053575,-0.012543640370107101,0.022491447752105046,-0.9212899616152558,-0.33797353377301537,-0.27481322855826174,0.018125173332348626,0
48.302,-15.834855724805193,1.6729226706526763,-1.7646224885165736,0.3854009242306773,-0.008723249792257994,0.01859621321945453,-0.9225205761223423,-0.3630786781640711,-0.26814206149253283,-0.002243634675651564,0
48.352000000000004,-15.85379116842215,1.6596000727683609,-1.7655515296279845,0.3823932095105895,-0.0018323139898246187,0.012024853762302798,-0.9239196279101493,-0.3930941214388064,-0.2640037532641133,-0.04348395292412282,0
48.402,-15.87383158430158,1.6463930196564585,-1.7701531915435738,0.38193841506546566,0.006441123700052234,-8.080927271824658e-05,-0.9241653274672353,-0.4016794525791365,-0.2725829551624309,-0.14560491639539025,0
48.452,-15.893024435553302,1.6337258203955516,-1.7744350578681045,0.3829804297389544,0.012841831522174623,-0.015630391640046207,-0.9235349309351005,-0.3519682349193799,-0.2329677340821868,0.01745717575026472,0
48.502,-15.909887481582437,1.621621129816112,-1.7720088717959575,0.3841018174411867,0.015041369526325883,-0.021917471584952494,-0.9229079994671591,-0.33216999022756016,-0.2558599761975025,0.06283441803552092,0
48.552,-15.92610675918651,1.6080782348470044,-1.768908880989277,0.385428225614409,0.013422760402945851,-0.026157262832367943,-0.9222693261753928,-0.31557901902860086,-0.28355710765213066,0.05663622513453577,0
48.602000000000004,-15.94139853763573,1.5932503394058497,-1.7665366597040268,0.3867179967632149,0.011246151072978407,-0.028093048407980246,-0.9217014135264402,-0.29679098033069323,-0.30897966833941093,0.039238937407667165,0
48.652,-15.955757586136626,1.5771971065010146,-1.7648061890301967,0.38831290459091566,0.009120044682237738,-0.027408627043354533,-0.9210747418514735,-0.2782940114581198,-0.33283949856459966,0.03112282304188,0
48.702,-15.969147125701962,1.5598804252674088,-1.7634970666016316,0.39036767948599843,0.0072112943500819635,-0.024215435911147238,-0.9203122756489485,-0.2571935114909796,-0.35824633376435566,0.018957511696389377,0
48.752,-15.981548904336845,1.54132381616519,-1.763050945237663,0.3924567836636668,0.005505737499457144,-0.01849473294377211,-0.9195679989344433,-0.23864881778425595,-0.38312720162464237,-0.0063120488667555465,0
48.802,-15.992826829445264,1.5217263965354173,-1.765316768101683,0.3935412877738235,0.0031264181932191075,-0.009605024219325966,-0.9192514475573861,-0.21524999543880038,-0.3946005590457227,-0.09628085090655834,0
48.852000000000004,-16.003521046919605,1.5033307151473942,-1.7705064121469578,0.39140629935184906,-0.0026997650823030045,0.006384573007289375,-0.9201918589749127,-0.18448935825125087,-0.3254794252968421,-0.0337268107756149,0
48.902,-16.013645910708615,1.4874444288525082,-1.7701386229051845,0.3912114147929343,-0.004082850053812647,0.013988171150459318,-0.9201854651856953,-0.23330611864363718,-0.31115995564862164,0.029135743070015454,0
48.952,-16.026692494162617,1.4723270069380068,-1.7682346867853018,0.3905719163547884,-0.008702223391579222,0.019527770399016115,-0.9203241361858523,-0.282875349755165,-0.29422223194954944,0.04238397016972159,0
49.002,-16.04174488882041,1.457959209255799,-1.7663059656906541,0.3900340042571674,-0.01233188412523898,0.022891386230777005,-0.9204332591738928,-0.31600272927792633,-0.28240390418656847,0.03215664318438348,0
49.052,-16.05811716893004,1.4440645443300009,-1.7650704931832772,0.38862342243048664,-0.012559030612812268,0.02248312649741334,-0.9210367068208425,-0.3375956085193917,-0.27524960860867526,0.0181357213977177,0
49.102000000000004,-16.075628789900616,1.4304477728851586,-1.764622059833036,0.38600086467511135,-0.008736724734914885,0.018590473812482695,-0.9222696982956775,-0.36271230820587047,-0.26861038369026596,-0.002229315650806949,0
49.152,-16.0945461218759,1.4171007213668445,-1.76555029420372,0.3829937571879235,-0.0018421772341649526,0.012024097509229023,-0.9236708339106549,-0.39273690288915936,-0.26451214703076514,-0.043465640789050373,0
49.202,-16.11456875414753,1.4038678036415995,-1.770151144806481,0.3825397638693521,0.006438455238201481,-7.472648801685794e-05,-0.9239165924307665,-0.4013120912251265,-0.2730979851340981,-0.145590095163143,0
49.252,-16.13374443633332,1.3911757934023632,-1.77443297086315,0.38358457166037574,0.01284979005654506,-0.015619989545152299,-0.9232842331623775,-0.3516500544961295,-0.23342053813903776,0.017445966273598144,0
49.302,-16.150591002944694,1.3790496147847566,-1.7720075337243655,0.3847110327666435,0.015053926020464367,-0.02190593376721601,-0.922654285550542,-0.33182498368904295,-0.25628238389386504,0.06281733017264167,0
49.352000000000004,-16.166792097427514,1.3654860226719758,-1.7689081966066935,0.38604392234975776,0.013438072890244051,-0.026146865565253852,-0.9220118489666629,-0.31519794814588004,-0.28396432666319116,0.05662753725497228,0
49.402,-16.18206398670721,1.3506383387244225,-1.7665362453364857,0.3873401916214182,0.011262725935032632,-0.028084310288297352,-0.9214401762864625,-0.2963774076285955,-0.3093641842967343,0.03923566024799506,0
49.452,-16.196401642067148,1.3345664663810954,-1.764805941791109,0.38894246147492023,0.009136143589070328,-0.027400907455552393,-0.9208091457043439,-0.27784922169935394,-0.33320294139131434,0.0311187908387166,0
49.502,-16.209767920841816,1.317232147240205,-1.763497026008214,0.3910042698265807,0.0072258439681529806,-0.024209005063339662,-0.9200420491641533,-0.256709772517695,-0.35858811521776246,0.018953226722616373,0
49.552,-16.22214446352907,1.2986589389153678,-1.7630510940387694,0.39309832054341365,0.005517594907425979,-0.018489824344743774,-0.9192939643705305,-0.23812477056706982,-0.3834496654952631,-0.00631441464821606,0
49.602000000000004,-16.233395372053295,1.2790461485751565,-1.7653168202052674,0.39418470832542757,0.003133449671562085,-0.009602213210924002,-0.918975731299258,-0.2147036226090919,-0.3948973971439723,-0.0962717639855812,0
49.652,-16.24406427187648,1.2606355001503113,-1.7705063003053725,0.3920488378244973,-0.002703614737501252,0.006383864061170192,-0.9199182819726224,-0.184047929058043,-0.3257277206710615,-0.033737467367320716,0
49.702,-16.25416700505461,1.2447356508917857,-1.7701391373311528,0.39185280566073677,-0.004091764263377975,0.013987650169047532,-0.9199124859484028,-0.23286592584637072,-0.3114772015524918,0.02912532838146715,0
49.752,-16.267192084011718,1.229600473878868,-1.76823547066288,0.391211300790552,-0.008715312161850909,0.01952362099745659,-0.9200524928996353,-0.282454285890771,-0.2946081395674549,0.04238253566309196,0
49.802,-16.28222377770405,1.2152122025065357,-1.7663066483614827,0.39067099569776154,-0.012348138280979129,0.022884170574780177,-0.9201630351946432,-0.3155928401064546,-0.28283267525962363,0.03216124158254967,0
49.852000000000004,-16.29857583884378,1.2012953752237765,-1.7650707467181146,0.3892588692222634,-0.012575816311315493,0.022475502097519407,-0.9207682843046746,-0.33719426501689964,-0.27570687446305164,0.018147988246582713,0
49.902,-16.316067658098756,1.1876548874832182,-1.7646215718946479,0.3866359768006863,-0.008751686543656967,0.018585501526324467,-0.9220035838102996,-0.3623223955103729,-0.2691015149877837,-0.0022129601883645955,0
49.952,-16.33496567770942,1.174282179867306,-1.7655488660175205,0.3836301072091301,-0.0018534277025302683,0.012024362970608193,-0.9234066928193738,-0.3923555059855869,-0.26504577027382775,-0.04344378449369897,0
50.002,-16.354969304709766,1.1610221166552488,-1.7701487126353654,0.3831775658915971,0.006434815300735096,-6.705538036970557e-05,-0.9236522839537675,-0.40091915370059067,-0.2736380388947452,-0.14557119946374256,0
50.052,-16.37412662914121,1.1483039998945186,-1.7744304878980781,0.3842260368871877,0.012857471050754798,-0.01560779441368315,-0.9230175701305389,-0.35131010325569745,-0.2338971174589448,0.01743160554741035,0
50.102000000000004,-16.390955593083614,1.1361552442576037,-1.7720059839605955,0.3853587813118879,0.015066498660153579,-0.021892628210698747,-0.9223840431804788,-0.33145669310900433,-0.2567263146058205,0.06279652567099023,0
50.152,-16.407137272040714,1.122569878340447,-1.7689074260907003,0.38669964701350323,0.013453588704397432,-0.026134841419068175,-0.9217371393269366,-0.3147908713068081,-0.2843936491248959,0.05661752800651845,0
50.202,-16.422387922763942,1.1077013148763117,-1.7665357696245714,0.3880038805566218,0.011279625686702304,-0.028074145799697692,-0.9211610071290404,-0.2959359338715005,-0.3097700499568513,0.039232306415011416,0
50.252,-16.436702762190205,1.0916097502841233,-1.7648056409231339,0.38961513054435815,0.009152579891474078,-0.02739183671279927,-0.920524832698028,-0.27737471339143216,-0.33358742551276116,0.03111433459738599,0
50.302,-16.450044211286666,1.0742567432384136,-1.7634969622555277,0.391685546022542,0.0072407549719286715,-0.024201386543177373,-0.9197523021954587,-0.256193128826419,-0.35895075155702466,0.01894823009392643,0
50.352000000000004,-16.46239377561198,1.0556659063913911,-1.763051255192353,0.3937857578791719,0.005529839907666885,-0.018483943727729817,-0.9189997505910386,-0.23756408251973216,-0.3837924534572619,-0.006317390012810412,0
50.402,-16.473615753085586,1.0360367612550576,-1.7653168769283705,0.3948746707786699,0.0031407573905033897,-0.009598676865337824,-0.9186794845988911,-0.21411814104969112,-0.3952137478580105,-0.09626120207147822,0
50.452,-16.484257531655338,1.0176101146474643,-1.770506167839739,0.39273793701005605,-0.002707876015059116,0.006383617129106672,-0.9196242872352386,-0.18357530747655101,-0.3259922033904451,-0.03374994598849956,0
50.502,-16.494336516510668,1.001695859193008,-1.7701397479085372,0.39254082263477486,-0.004101357782534739,0.013987752255837281,-0.919619064730817,-0.23239284868503354,-0.31181475624485466,0.02911272623709476,0
50.552,-16.50733847282022,0.9865417609539916,-1.7682363998175699,0.39189718983036215,-0.008729377508489415,0.01951979116314292,-0.9197604950878928,-0.2820012868307315,-0.2950200656383803,0.04238116416071046,0
50.602000000000004,-16.52234788918083,0.9721316448495813,-1.766307447121025,0.3913543178468068,-0.012365701106409584,0.022876994245407577,-0.9198725620829783,-0.31515144939856515,-0.2832901360807613,0.032166697749393104,0
50.652,-16.53867816152872,0.95819117889419,-1.7650710530789702,0.3899405962071715,-0.012594047561515356,0.022467854091191355,-0.9204797210846909,-0.3367616496027879,-0.2761946660515957,0.0181620519057314,0
50.702,-16.556148628064108,0.9445253854666441,-1.7646210238998223,0.3873175017756598,-0.008768062752149166,0.01858067460683311,-0.9217174363247069,-0.3619017527296548,-0.26962573795250017,-0.002193999425493319,0
50.752,-16.575025806395956,0.9311252842506493,-1.7655472282515021,0.38431324364291286,-0.0018659053695068365,0.012025151112637059,-0.9231225513974477,-0.39194383328743726,-0.2656157455908336,-0.0434183346235618,0
50.802,-16.595008916818095,0.9178362309756986,-1.7701458997226243,0.38386263531178977,0.006430444651154593,-5.819150365524205e-05,-0.9233678157737717,-0.4004947492428589,-0.2742144591866946,-0.14554909501970034,0
50.852000000000004,-16.614146407420364,0.9050902098729801,-1.7744276180400198,0.3849155811470679,0.012865291621395571,-0.015594066316578697,-0.922730353222125,-0.35094275802887764,-0.2344064088035021,0.01741470415566925,0
50.902,-16.630956357114382,0.8929173528183229,-1.772004205772002,0.3860558659522195,0.015079599805051412,-0.021877746923193518,-0.922092640803063,-0.3310591311183779,-0.2572002198006571,0.0627723375219405,0
50.952,-16.647117081071215,0.8793087259278708,-1.768906548611478,0.38740628171569735,0.013469842702398429,-0.026121370108461002,-0.9214405082524035,-0.31435138261077233,-0.28485297811279586,0.056606102903269,0
51.002,-16.662344806022418,0.8644178116720836,-1.7665352211368837,0.38872001709571685,0.011297382237860759,-0.0280627387375348,-0.9208591641278414,-0.2954595541927462,-0.31020463581283675,0.03922872949166995,0
51.052,-16.67663504090712,0.8483051568058301,-1.7648052828520904,0.3903419778465858,0.009169848044742992,-0.027381585046072347,-0.9202169869210293,-0.27686293989373223,-0.3339995442641808,0.031109353006597614,0
51.102000000000004,-16.689949696521687,0.8309320953517365,-1.7634968719907167,0.392422693986711,0.007256463729320294,-0.024192739051795774,-0.9194381351431595,-0.2556353078738028,-0.3593403055601327,0.018942495939976663,0
51.152,-16.702270108318224,0.8123223115758914,-1.763051430496412,0.3945303334308169,0.0055428401238352114,-0.018477247375639664,-0.9186804037616938,-0.236957876084348,-0.3841612414798593,-0.006320928163918821,0
51.202,-16.71346078195453,0.7926755582725693,-1.7653169264545618,0.395622374231093,0.003148596319346788,-0.009594599332616983,-0.9183577554595034,-0.21348425075006036,-0.39555476024962244,-0.09624860301465238,0
51.252,-16.724073208197215,0.7742316192989375,-1.7705059878190192,0.39348465964792917,-0.002712498515432472,0.0063836087676931615,-0.9193050171257944,-0.18306411981135104,-0.32627733548381826,-0.03376475536273194,0
51.302,-16.734126448597912,0.7583018778049201,-1.7701404549979092,0.39328637349575024,-0.004111686003452346,0.013988297285109084,-0.9193004133578061,-0.23187930682615635,-0.3121782071667356,0.029097743420461637,0
51.352000000000004,-16.747103294033767,0.7431273960775653,-1.7682374847433049,0.39264037294872456,-0.0087445639328175,0.019516075246632722,-0.919443414756601,-0.2815091054749735,-0.2954641542536588,0.04237959784797068,0
51.402,-16.762088489101984,0.728693729886856,-1.7663083761380398,0.39209459987100714,-0.012384763615316447,0.022869608326601468,-0.9195571887583587,-0.3146711739472005,-0.28378324795532545,0.0321731176500661,0
51.452,-16.778395047305956,0.7147277806807132,-1.7650714079517797,0.39067906074141495,-0.012613931614593232,0.022459913409308856,-0.9201664591350167,-0.33629072926982573,-0.2767205915608443,0.018178420183809593,0
51.502,-16.79584227069047,0.7010347002566019,-1.764620386563656,0.3880557543681323,-0.008786049044861643,0.018575761777469273,-0.921406792854463,-0.3614437506850884,-0.27019100419737146,-0.002172061393440578,0
51.552,-16.814696759174478,0.687605049701628,-1.7655453249866706,0.38505340405290256,-0.0018797617731228801,0.01202633390984211,-0.9228140169154552,-0.3914955854818386,-0.2662307060337015,-0.04338882917393794,0
51.602000000000004,-16.834657524563855,0.6742847098429603,-1.7701426160625882,0.38460514639567817,0.006425317270255616,-4.8165784776489314e-05,-0.9230588249640398,-0.40003261632431214,-0.2748361714610626,-0.14552320232615273,0
51.652,-16.85377340424559,0.661508559696073,-1.774424255391161,0.3856634559792342,0.012873415150485764,-0.01557875848217027,-0.9224181677464247,-0.35054243205056473,-0.23495605216326648,0.017395214863062593,0
51.702,-16.870562641774686,0.6493097127414006,-1.7720021032948905,0.38681278844405587,0.01509348190781889,-0.021861225186713823,-0.9217755368490574,-0.3306264211431303,-0.25771129330685943,0.06274440380596207,0
51.752,-16.88670056274391,0.6356759861648703,-1.768905483998133,0.3881746333725777,0.013487129771343467,-0.026106406814676464,-0.9211172601030893,-0.3138729931437705,-0.2853493182352123,0.05659299956301941,0
51.802,-16.901903325445144,0.6207609110568918,-1.7665345335458664,0.38949962129455323,0.01131632061043923,-0.02805007832435857,-0.9205298360212112,-0.2949410277034493,-0.31067418057907803,0.039224653472524816,0
51.852000000000004,-16.91616679852402,0.6046254604315612,-1.7648048052572305,0.39113437754382396,0.009188257250979333,-0.027370136031352615,-0.9198806174095205,-0.2763062398862441,-0.3344452737493015,0.031103750404800273,0
51.902,-16.929452288440427,0.5872306888698177,-1.763496703726676,0.393227465414316,0.007273260640941601,-0.024183048023190188,-0.9190943587639901,-0.25502771875293806,-0.3597623866088775,0.01893569549417119,0
51.952,-16.941740924792256,0.568600363501067,-1.7630515801640825,0.3953440655282965,0.005556859456583515,-0.018469740398558775,-0.9183305830985634,-0.23629670188107932,-0.38456135593305013,-0.006325222128004856,0
52.002,-16.95289742429523,0.5489344929818887,-1.7653169297237767,0.3964399330192879,0.003157184764596321,-0.009590021837025594,-0.9180051433261089,-0.21279182650953027,-0.39592551326880554,-0.09623354280830294,0
52.052,-16.9634777793249,0.5304717352873842,-1.7705057392469634,0.39430107936312153,-0.002717354892569791,0.006383845057922127,-0.9189551247573199,-0.18250557947903912,-0.32658644723101354,-0.033783585416407726,0
52.102000000000004,-16.97350284478212,0.5145252126993858,-1.7701413056689028,0.3941014558216823,-0.004122666132791061,0.013989383160020801,-0.918951219217859,-0.2313167151763321,-0.312572904971693,0.02907940185382803,0
52.152,-16.98645216771599,0.4993285809883967,-1.7682388006484648,0.3934527108327894,-0.008760899633803554,0.01951250714809043,-0.9190960086088561,-0.28096937724045284,-0.2959470799982731,0.04237758194492246,0
52.202,-17.00141078483063,0.484869309880013,-1.766309510312193,0.39290354414402506,-0.012405480707928256,0.022861977672118887,-0.91921174874149,-0.3141438124196753,-0.28431938741517626,0.032180756710471846,0
52.252,-17.017691290256156,0.47087566424089883,-1.765071861334728,0.3914858436889648,-0.012635687823400975,0.02245163003776165,-0.9198234058192992,-0.33577320431600605,-0.27729221509150803,0.01819773739236304,0
52.302,-17.03511297176736,0.4571529217468595,-1.7646196706042518,0.3888622483371867,-0.008805880767557214,0.018570750786974337,-0.9210666292387661,-0.36094048229922576,-0.2708056636384881,-0.002146128121569315,0
52.352000000000004,-17.053942526372545,0.4436911315135787,-1.7655431116982936,0.3858621228031481,-0.001895218371523937,0.012027976596038584,-0.9224761016482632,-0.3910030829312257,-0.26689989412445264,-0.04335390277458431,0
52.402,-17.073878743461414,0.4303367560885778,-1.7701387918540807,0.38541677315723455,0.006419284180007327,-3.672394764750973e-05,-0.9227202731115389,-0.39952462327851035,-0.27551201228139577,-0.14549353185259117,0
52.452,-17.092970849659185,0.41752782561907215,-1.774420338516554,0.38648159284537875,0.0128819121845899,-0.015561511027796886,-0.9220758505159423,-0.35010189436424644,-0.23555375362289072,0.017372849791942827,0
52.502,-17.109737303529784,0.4053007404498398,-1.771999640756048,0.3876418854013521,0.015108312067918643,-0.021842685600763617,-0.9214273735214774,-0.33015080780261824,-0.2582665323537829,0.06271201697641383,0
52.552,-17.125850173148176,0.39163972817819925,-1.768904219063843,0.3890175620225685,0.013505658452331412,-0.026089593804354338,-0.9207617860895988,-0.31334726698139814,-0.2858897209806483,0.056578018234866266,0
52.602000000000004,-17.141025509868545,0.3766983356243473,-1.7665336939795704,0.3903561757328088,0.011336655087545342,-0.028035851117523464,-0.9201671192619298,-0.29437154032977236,-0.3111856189068663,0.03922011071299584,0
52.652,-17.155259613632932,0.3605380510736633,-1.764804206239721,0.3920064541669055,0.009208002246795827,-0.02735717213555934,-0.9195095093139913,-0.27569513556456793,-0.3349312483379686,0.03109719277084486,0
52.702,-17.16851306825888,0.34311958343170523,-1.763496471829112,0.39411457438333414,0.0072913396838271746,-0.02417202506896983,-0.9187144560897702,-0.25435990915603646,-0.3602235314557765,0.018927528364432792,0
52.752,-17.180766746545707,0.3244667973167935,-1.7630517306650477,0.39624211242020946,0.005572107016023272,-0.018461195379652486,-0.9179435299806448,-0.2355687546978007,-0.38499933359253274,-0.006330387781475329,0
52.802,-17.191885582731782,0.3047799817916715,-1.7653168955731524,0.3973426920029061,0.0031667023852229082,-0.009584814010847063,-0.9176147821652971,-0.2120281734668154,-0.3963323234896972,-0.09621498362864503,0
52.852000000000004,-17.202430565808356,0.286296534537444,-1.770505403893449,0.3952024386397485,-0.002722491453798771,0.006384368649448373,-0.9185678311210494,-0.18188974923585433,-0.32692490238678146,-0.03380725058062158,0
52.902,-17.21242449718464,0.2703316698124985,-1.7701423364137794,0.3950012087606554,-0.004134431714380661,0.013991156105613483,-0.918564749542921,-0.2306941592683536,-0.31300517615397266,0.029056751537314005,0
52.952,-17.225343352724373,0.25511075309029224,-1.7682404010466979,0.3943491916976393,-0.00877862829679467,0.01950914944950708,-0.9187116216639488,-0.2803715556985096,-0.2964769811255421,0.04237519585598781,0
53.002,-17.240272508282377,0.2406233927765989,-1.7663108888212857,0.39379594639861376,-0.012428209807451643,0.022854072591957274,-0.9188296814790888,-0.31355867009773447,-0.2849073759366973,0.03218996813509331,0
53.052,-17.256524094364018,0.22659937717431394,-1.765072423382818,0.39237559760549734,-0.012659722864595666,0.02244294738839588,-0.9194440907054883,-0.3351985885141874,-0.27791911852532003,0.018220937928948442,0
53.102000000000004,-17.273917420087546,0.21284409828969827,-1.764618825406943,0.38975156670668015,-0.008827965145056418,0.01856562681084922,-0.9206905564749785,-0.3603818403280735,-0.27147989333881506,-0.002115000381223936,0
53.152,-17.292719300350306,0.19934703831422174,-1.7655404741637928,0.3867540457035271,-0.0019126423830558134,0.012030195170606167,-0.9221024478523121,-0.39045655986847466,-0.26763453959304206,-0.0433122117118616,0
53.202,-17.312628283350698,0.185955305454378,-1.7701342545365721,0.38631232107670327,0.006412106713351563,-2.3510276915133968e-05,-0.922345745867077,-0.39896086071976067,-0.276253258067704,-0.14545901173639078,0
53.252,-17.33169255614778,0.17311136356331625,-1.77442430596697,0.38739205346582584,0.012892957083637652,-0.015545521821317385,-0.9216938240654944,-0.3494819204017346,-0.23618149342237812,0.01719076523691421,0
53.302,-17.34843096230856,0.16085447372542594,-1.772011096627635,0.38855535163878,0.015113666036675256,-0.02182539313565978,-0.9210428698091481,-0.3295952999476127,-0.25885256341353674,0.06264714918670551,0
53.352000000000004,-17.36451650644339,0.14716439472898832,-1.7689152175607743,0.38994740597008254,0.013504354270485448,-0.02606958802480656,-0.9203689638254635,-0.31278899661094406,-0.2864864632629637,0.05663634975287441,0
53.402,-17.37966392484582,0.13219313359608212,-1.7665410892409428,0.3913034662658243,0.011330173489332898,-0.028014908998690895,-0.9197653990724198,-0.2938133785832435,-0.31178100271816356,0.03929126651880348,0
53.452,-17.39387002503559,0.11600318633374082,-1.7648087415801352,0.3929739677940579,0.009197662812013679,-0.027336856095843257,-0.9190971439047054,-0.27512667243322725,-0.33552333954533653,0.031137568864272873,0
53.502,-17.40709394280444,0.09855537823806444,-1.7634998906104509,0.39510049734643754,0.0072805484914578635,-0.024155372114044497,-0.9182914072386248,-0.253744746814115,-0.3607989343897538,0.018931206671786802,0
53.552,-17.419314954524737,0.07987467764795952,-1.7630558351328394,0.39724078365848425,0.005564806444686559,-0.01844983107474227,-0.917512068836667,-0.23487677049782352,-0.3855370084977631,-0.006359059596620327,0
53.602000000000004,-17.430397782491752,0.06016260620103191,-1.765321834921291,0.39834672063630355,0.003162612852315129,-0.009579113097301716,-0.9171794418926532,-0.21130896112261277,-0.39681103693494235,-0.09617366267521761,0
53.652,-17.440910228369702,0.041654505242878496,-1.7705063426963124,0.39620723891456805,-0.0027376509945438547,0.006384727327320327,-0.9181348290723336,-0.18133866430985154,-0.3273508662388777,-0.03374830014042672,0
53.702,-17.4508764491119,0.025665844007001497,-1.7701415492125951,0.3960042489559816,-0.004154581102617426,0.013992378469289928,-0.9181326634040665,-0.23013843642018214,-0.31355880581994844,0.029072045112783503,0
53.752,-17.463767940434963,0.010414148010540528,-1.7682392676755687,0.39534935710303404,-0.00880494031854701,0.019505952954556458,-0.9182814800830624,-0.27982872956663785,-0.29714121642125924,0.042372538718656254,0
53.802,-17.478669883823528,-0.0041081411055175245,-1.7663102988246988,0.39479201558123356,-0.012458980648512502,0.022847645177420377,-0.9184018855296164,-0.3130088423790391,-0.2856326688568983,0.03217225975946353,0
53.852000000000004,-17.494893818916772,-0.018169410618007274,-1.7650726615684977,0.3933683622925726,-0.012689720306489056,0.022437613834580674,-0.9190195079709751,-0.3346398070078625,-0.27868531113436323,0.018207862774342713,0
53.902,-17.512259570453768,-0.03196416733388801,-1.764619345137268,0.39074390177482143,-0.008852977148663382,0.018566091386301962,-0.92026959542953,-0.3598406251146193,-0.2722936173490414,-0.0021135510505358598,0
53.952,-17.531034681356495,-0.04550341967373896,-1.7655408114328432,0.3877501342164611,-0.0019298637872548412,0.012041170261807546,-0.921683849950517,-0.38992688176162194,-0.26850596093982115,-0.04330672830255253,0
54.002,-17.550917048133453,-0.05893963080858174,-1.7701331974832695,0.38731565212906843,0.006408995743695806,-3.882639176975211e-07,-0.9219248941151559,-0.398411183543374,-0.27714914354105435,-0.14539753774471026,0
54.052,-17.569955871644087,-0.07182718261376209,-1.7744229518245511,0.3884060780767483,0.012909290893209958,-0.015517111534611317,-0.9212672185480689,-0.349012578519874,-0.2369758054801617,0.017156686199416918,0
54.102000000000004,-17.58667005185685,-0.0841216908602978,-1.7720114770013917,0.38958657453007817,0.015138728231433373,-0.021796025116068356,-0.9206074370450168,-0.3290834788954887,-0.2595912591437986,0.0626154071184303,0
54.152,-17.60272802982349,-0.0978479944963281,-1.7689165722791638,0.39099968518387007,0.013534023928525023,-0.026043429971265304,-0.9199227229163051,-0.31219816450178556,-0.28720202349908713,0.05662676976368897,0
54.202,-17.617844169419886,-0.11285395025039031,-1.7665426388705205,0.39237707326135624,0.011361938832571632,-0.02799290256094211,-0.9193081834352567,-0.2931562480241664,-0.31245320807468174,0.03929030166162759,0
54.252,-17.6320160461051,-0.12907640483241567,-1.7648104553581856,0.39407188165506873,0.009228607562229596,-0.027317043369192294,-0.9186272171195788,-0.274407832744542,-0.3361571636236895,0.03113058894065849,0
54.302,-17.64520191153012,-0.14655502749876673,-1.763502037686977,0.3962218674102295,0.007309741630716786,-0.02413856792484583,-0.9178083291198555,-0.25294530642650603,-0.361398298525963,0.018921952366475075,0
54.352000000000004,-17.657380759984274,-0.16526492469402307,-1.7630583458957763,0.3983791760883205,0.005591111428732614,-0.018437107742649374,-0.9170184537893821,-0.2339937963378052,-0.3861077106231035,-0.006361232006191916,0
54.402,-17.668417584140062,-0.18500431650152033,-1.7653235423827869,0.3994922718891067,0.0031826081945189023,-0.009571767670756794,-0.9166810661127555,-0.21037453034650247,-0.397343810559286,-0.09612056167137327,0
54.452,-17.67888704650449,-0.20353996628483806,-1.770506637142186,0.39735005558197634,-0.0027363122551800623,0.0063865847428691055,-0.9176408106985896,-0.18059985276991675,-0.32780113489359264,-0.03378950132188832,0
54.502,-17.688815223682123,-0.21955257186498459,-1.770144435452469,0.3971447098303851,-0.004162151932915576,0.013998032643896714,-0.9176398046222308,-0.22937084612879288,-0.3141211153368145,0.029029012151795534,0
54.552,-17.70166900747539,-0.23483570422443634,-1.7682433226164063,0.39648509733598003,-0.008821323463314186,0.019505383655035492,-0.9177915296249485,-0.2790855229234093,-0.29782518576742084,0.04236468625479165,0
54.602000000000004,-17.71653410434711,-0.2493940311296184,-1.7663142103871952,0.3959214813579405,-0.012483067574617625,0.022841011698158976,-0.9179153783480625,-0.3122726820065469,-0.28638291417455214,0.03218243511880722,0
54.652,-17.73272147826037,-0.2634938243071387,-1.765075503552048,0.3944935793749347,-0.012716373087839735,0.022429768368948232,-0.918536888305722,-0.3339104096097148,-0.2794779435517777,0.018240416149737093,0
54.702,-17.750051234546806,-0.2773295917019251,-1.7646200887862085,0.39186831590049725,-0.008877924991227021,0.01856246568909918,-0.9197911938634228,-0.3591316497045323,-0.2731418808333926,-0.002064845523271984,0
54.752,-17.768791264567863,-0.290913194486314,-1.7655387463043606,0.38887852610201046,-0.0019496092441898696,0.012046514758048436,-0.9212082134038466,-0.38923476017750874,-0.2694299842469565,-0.04324273134334779,0
54.802,-17.78863915486878,-0.30439640487370573,-1.7701283579020324,0.38845060747928456,0.00640158825494616,1.855096144387676e-05,-0.921447309873251,-0.3976969241125757,-0.27808196312311545,-0.1453514092397856,0
54.852000000000004,-17.80764437671408,-0.3173292232718,-1.7744177521157771,0.3895540257650068,0.012921946881234735,-0.015489920499126833,-0.920782681560642,-0.34838759629068794,-0.2377989237376147,0.017129527509755327,0
54.902,-17.824326235954356,-0.3296626480738354,-1.7720081826109024,0.39075680193642354,0.015160262825167126,-0.021767030415591093,-0.9201116696131936,-0.3284092070020086,-0.26035748341841464,0.0625711000728013,0
54.952,-17.840348740379632,-0.3434266832770268,-1.768914866895972,0.3921977795283597,0.013560288560996744,-0.026016959277934314,-0.9194129312431378,-0.311450903588163,-0.28795394665285656,0.05660812630345683,0
55.002,-17.855425859092755,-0.35846928738327777,-1.7665413965738401,0.39360279883314414,0.0113904597238585,-0.02797037434622835,-0.9187843883833291,-0.29234595817371,-0.3131653870969736,0.03928650154110193,0
55.052,-17.869555979382046,-0.3747264249814761,-1.7648094356547763,0.3953298560986068,0.009256143313122859,-0.027296280784743616,-0.9180868922620256,-0.2735379479259084,-0.3368377660955053,0.031121991238092506,0
55.102000000000004,-17.88269610454694,-0.39223838048278914,-1.7635016058935937,0.39751089545634155,0.007335224983722191,-0.024120659245447446,-0.9172510432076381,-0.251987979978828,-0.36204897675938325,0.01890691182036593,0
55.152,-17.89482462328624,-0.4109800852138188,-1.7630586597260312,0.39969106850753444,0.005613613293152583,-0.018423059630630633,-0.9164475587697011,-0.23294173581183544,-0.38673086877888846,-0.006372145656674328,0
55.202,-17.905806742385796,-0.4307493985944137,-1.765323532136339,0.40081426739323234,0.0031981256613172093,-0.00956291564683621,-0.9161038400152098,-0.20926223773757072,-0.3979288943666159,-0.09608276251036411,0
55.252,-17.916224765272215,-0.44931518665554226,-1.7705059606208753,0.3986689887480615,-0.0027419392569487232,0.006389343213767218,-0.9170685336838279,-0.1797074255408947,-0.32828856921073846,-0.033837975709247674,0
55.302,-17.926107310564742,-0.4653538148763224,-1.7701465380628203,0.39846035685017606,-0.0041773040995832875,0.014004604102073602,-0.91706911692262,-0.2284517326228414,-0.3147380768240629,0.028983073319803005,0
55.352000000000004,-17.93891600050735,-0.4806716615032083,-1.7682465737963455,0.3977942241236346,-0.008845719139555735,0.019504635051101765,-0.9172246604394712,-0.2781979345766219,-0.2985844164326437,0.04236000243631438,0
55.402,-17.95373718341369,-0.4952701989981574,-1.766317002462558,0.3972219475931087,-0.01251587651168514,0.022833188495892658,-0.9173531068724801,-0.31139777932809803,-0.2872241213122584,0.03220130435907466,0
55.452,-17.96988092406321,-0.5094134220555687,-1.765075972728814,0.3957884948973818,-0.012751396448900363,0.022419593278484477,-0.9179794284365497,-0.3330421822951516,-0.28036614571790525,0.01832426201074332,0
55.502,-17.98716766985235,-0.5232951245580791,-1.7646175634504666,0.3931631656891511,-0.008910253366286371,0.01855786978056078,-0.9192382378901788,-0.3582787125941084,-0.2740952135230126,-0.0020204557305582398,0
55.552,-18.00586540850562,-0.536929102889791,-1.7655336139838862,0.3901784089546033,-0.001976929932028922,0.012052320277583293,-0.9206582658672134,-0.38840000032485067,-0.2704841933497338,-0.04317591316851163,0
55.602000000000004,-18.02567181610238,-0.5504658644708718,-1.7701200234675951,0.3897584302638506,0.006387211491895879,4.1575000480703335e-05,-0.9208949819817331,-0.39683833083158393,-0.27913872466976614,-0.14529150725097803,0
55.652,-18.04463666635684,-0.5634500577073386,-1.7744089209745555,0.39088157696004766,0.012930734084391361,-0.01545642065181847,-0.9202203475091707,-0.3476387244182295,-0.2387346063654086,0.017087056475695046,0
55.702,-18.061279791407415,-0.5758274288091709,-1.7720024895007398,0.39211450177016083,0.01517920787760725,-0.021731728367215427,-0.9195344154146273,-0.3276037093544157,-0.261220364463033,0.06249717160945587,0
55.752,-18.077260102443972,-0.589633994013918,-1.7689118876283825,0.39359308635212426,0.01358467708497456,-0.025984226920668724,-0.918817043200463,-0.31056417939194075,-0.2888060739833993,0.05657515456945238,0
55.802,-18.092291044432763,-0.604718217862096,-1.7665392724899178,0.3950353697284034,0.011417591683908353,-0.02794208863841488,-0.9181698834890014,-0.2913894572954156,-0.3139752396867168,0.039279172138217244,0
55.852000000000004,-18.106371938287616,-0.6210149919844845,-1.7648075673553967,0.3968064239991547,0.00928244855162759,-0.027270224480745005,-0.9174501800526601,-0.2725138602636622,-0.3376181282331928,0.03111305897925293,0
55.902,-18.119458209876896,-0.6385653052115775,-1.7635004022021512,0.39902956354567815,0.007359790343704959,-0.024098167872523273,-0.916591795298119,-0.2508600840835152,-0.3627998474559898,0.01888871962908907,0
55.952,-18.13152735749439,-0.6573437938023162,-1.7630583894465315,0.4012409281944334,0.005635765074838859,-0.01840533313151326,-0.915770276546475,-0.23169948041078675,-0.3874535046108913,-0.006385893955168468,0
56.002,-18.142444771702465,-0.6771479029935743,-1.7653228585258796,0.402378146018799,0.003213158742145823,-0.00955156441156585,-0.9154180852674163,-0.20794388307417427,-0.39861229427941525,-0.09603821854300243,0
56.052,-18.152807845693104,-0.6957489244217834,-1.7705198436287122,0.4002165349502662,-0.0027672471743149375,0.006413591292617703,-0.916393983689444,-0.17867524775673566,-0.3286597057657429,-0.03430067506904365,0
56.102000000000004,-18.162631454078152,-0.7118115050975502,-1.7701641384353912,0.40001605174593335,-0.004193952117702797,0.01401669688357417,-0.916391347252746,-0.22730284750759913,-0.31541508795360246,0.029053439598901356,0
56.152,-18.175386528640512,-0.7271668800122655,-1.768258736065937,0.39933889366731784,-0.008874158153704275,0.019488805566556737,-0.9165532629254092,-0.2771764039215921,-0.29940788889317876,0.042475306104956624,0
56.202,-18.19015800903352,-0.7418087973402525,-1.7663239051745006,0.39875175484297537,-0.012558036499613444,0.02280311261677276,-0.9166893431167992,-0.31041869857034615,-0.28813272618004976,0.03229648771260665,0
56.252,-18.20625388310175,-0.7559991384947179,-1.7650779116934971,0.39730803177720486,-0.012798929956278526,0.02238755089558951,-0.9173229054385348,-0.3320930516096492,-0.2813479417642537,0.018426498972715775,0
56.302,-18.223493797685528,-0.7699322101498525,-1.7646146368006805,0.3946786795230035,-0.008955185066710303,0.018532069702085936,-0.9185886494960388,-0.35735603517529096,-0.27516640776499,-0.0019317023180865241,0
56.352000000000004,-18.242145924634066,-0.7836225779217133,-1.7655264676590392,0.3916992457290438,-0.0020137922604401663,0.012039339088001769,-0.9200123367924775,-0.38750128538289963,-0.27166359657771366,-0.04309519001627396,0
56.402,-18.261907444651616,-0.7972194119306389,-1.7701107075315792,0.39129211484380855,0.0063681947831293745,4.6884653629525146e-05,-0.9202444918379538,-0.39590135417137673,-0.280327577686655,-0.1452938921134658,0
56.452,-18.28082756475875,-0.8102597108598092,-1.7743998559555991,0.3924408525822853,0.012940110508489094,-0.015435255173128513,-0.9195566777867792,-0.3468099855723424,-0.2397534880484904,0.01706512922791581,0
56.502,-18.297427588979513,-0.822685935517242,-1.7719950089386365,0.39371750762982854,0.015200097032394812,-0.021705891315404062,-0.9188494629253293,-0.32670056258023233,-0.26219027839170755,0.062456886868704924,0
56.552,-18.313360471271316,-0.8365404851646616,-1.7689057976942186,0.3952501484507434,0.013610646825362109,-0.025959939610911607,-0.9181057411747618,-0.30956060121644735,-0.2897704992959445,0.05656044748687662,0
56.602000000000004,-18.328338993704715,-0.8516716679964382,-1.766533461672183,0.396746743714526,0.01144583988443148,-0.0279214539056346,-0.9174319628795679,-0.29030114042766436,-0.31488567673196355,0.0392781775868291,0
56.652,-18.342363607495436,-0.8680131673291246,-1.7648016614150683,0.3985830041981454,0.009309903736282387,-0.027251379824116694,-0.9166800296474699,-0.27134120493260305,-0.3384984131490124,0.031110605320930712,0
56.702,-18.35538796934562,-0.8856066987749064,-1.7634950202381356,0.40086761644339747,0.007386189398245717,-0.02408234807466892,-0.9157896258444793,-0.24955790343085915,-0.36364558307032613,0.018870868313584664,0
56.752,-18.367388242295128,-0.9044266720100681,-1.76305375667609,0.40312486956645277,0.005660982491854273,-0.01839462175259984,-0.9149425832831461,-0.23025440804670655,-0.3882723808880637,-0.006387914024039316,0
56.802,-18.37822984643704,-0.9242702809130928,-1.7653162785266727,0.4042838547755065,0.003232261275457297,-0.009549431727658882,-0.9145780041136915,-0.20638552542129346,-0.39939570143094993,-0.09593875617652894,0
56.852000000000004,-18.388521122596245,-0.9429131240927002,-1.7705114484399798,0.4021155363155645,-0.00277576876249201,0.006405561871148982,-0.9155623186536999,-0.17744685876064856,-0.3293207644247614,-0.034426782232991976,0
56.902,-18.398280040030183,-0.9590096015742796,-1.770163822014333,0.4019096292183332,-0.004213708382068534,0.014019737309830518,-0.9155623089495423,-0.22598450971626305,-0.31623492544303095,0.02891688169063442,0
56.952,-18.4109703332205,-0.974411745283435,-1.768262542546713,0.40122037102942526,-0.008906612155856182,0.019482575018305814,-0.9157310278687587,-0.27589960366149147,-0.3004424235088437,0.04243722797382434,0
57.002,-18.425678436090266,-0.9891085098920299,-1.7663280051018038,0.4006168850230598,-0.012603512358470903,0.02278737051246859,-0.9158755366619294,-0.30915126806687543,-0.28927991157167965,0.03231375371305561,0
57.052,-18.441711470532688,-1.0033579522598808,-1.7650797318781717,0.39916139924249733,-0.012849728935860309,0.022370405251397316,-0.9165176631085372,-0.330839840723668,-0.282569851152654,0.01849839156333881,0
57.102000000000004,-18.458889698195414,-1.0173545049927295,-1.7646118773765922,0.3965288509632903,-0.009004255939474537,0.01852269190478432,-0.9177912091610542,-0.35614402614046264,-0.2764841762267999,-0.0018276544911587094,0
57.152,-18.477482062798874,-1.031114107371493,-1.7655178331319736,0.39355934143950294,-0.0020556871764515136,0.012046383155067734,-0.919217984794042,-0.3863257502268093,-0.2731118179032145,-0.04296382969583021,0
57.202,-18.497185039379065,-1.0447846870055313,-1.7700966262952835,0.3931720737051683,0.006345303662502063,7.93606979957789e-05,-0.919443011437734,-0.39468263845268814,-0.2817836111011597,-0.14521081644832123,0
57.252,-18.516047375223994,-1.057895292359087,-1.7743850432642543,0.39436403794394614,0.012952012689514724,-0.015386841271173998,-0.9187341813928195,-0.345737161474046,-0.24102523113105404,0.017010246041546318,0
57.302,-18.53259197671475,-1.0703815068733842,-1.771984345436245,0.39570748411334694,0.015227192084273776,-0.021654795700520667,-0.9179949833528964,-0.3255487163375426,-0.26337313680523383,0.06235530454480743,0
57.352000000000004,-18.54846461572212,-1.0842944892134663,-1.7688987852549662,0.39732414976983843,0.013644314924937288,-0.025912665422276767,-0.9172109280043598,-0.3082957137575864,-0.2909435954044447,0.05651768751564322,0
57.402,-18.5633767439812,-1.099483437226135,-1.7665275246408356,0.3989064858705884,0.011482382031255251,-0.027881002710933925,-0.9164957283703513,-0.28892237611464705,-0.31601130673344796,0.03926944244724557,0
57.452,-18.57733006802675,-1.1158805333009807,-1.7647957790150433,0.4008434549326677,0.009345735642783291,-0.027215608124206134,-0.9156945410656161,-0.2698547977760738,-0.3395975899700193,0.031105784891873434,0
57.502,-18.590275798094286,-1.1335283002834253,-1.7634899133800666,0.4032234409892293,0.007421994288099172,-0.024052702462160548,-0.9147552886656952,-0.2478999298960697,-0.3647119456775821,0.01884417649733006,0
57.552,-18.602188180853695,-1.1524008953222165,-1.7630498710891893,0.4055521105630301,0.005697338428777679,-0.018373856810324822,-0.9138694804722458,-0.2284091765806536,-0.38932249358640625,-0.006395622845719832,0
57.602000000000004,-18.612932379472706,-1.1722951095104892,-1.7653098807697236,0.4067448305541444,0.0032626987861578485,-0.009541421053592701,-0.9134861569276175,-0.20437958565103473,-0.4004031645982138,-0.0957889618930362,0
57.652,-18.62313159473943,-1.1909927387377628,-1.7705016897465962,0.4045656579671813,-0.002781470146790563,0.00640133254332282,-0.9144823206377882,-0.175883479404848,-0.330184610881406,-0.034595384923376056,0
57.702,-18.632807058941015,-1.2071321899171144,-1.7701650823149133,0.4043509593190922,-0.004234688109981785,0.014033229159853822,-0.9144864337942296,-0.22426955219822053,-0.31727510609251885,0.028728593123308166,0
57.752,-18.6454128748304,-1.222593683037834,-1.7682692817495993,0.40364230515166666,-0.008945586984720604,0.019484505702925488,-0.9146656328969952,-0.2742287402671718,-0.30175688359112196,0.042391426099888795,0
57.802,-18.66003771432841,-1.2373599730591114,-1.7663346996614075,0.40301236032671134,-0.012661749582689813,0.02277611233619173,-0.9148234617827901,-0.30747964363605157,-0.2907311385063084,0.03234772633599413,0
57.852000000000004,-18.67598775811831,-1.251684057719202,-1.765082561147392,0.401537199751525,-0.012917195030336715,0.022356059673154797,-0.915478688929536,-0.3291844612502369,-0.28411220099198786,0.018616730905252257,0
57.902,-18.693084626091043,-1.2657607011219851,-1.7646072338293595,0.39889871812402616,-0.009071898892915336,0.018517444969640653,-0.9167631196559349,-0.3545469672666866,-0.27814666876620087,-0.0016586339174267633,0
57.952,-18.71159837212387,-1.2796077685130367,-1.7655036072479866,0.3959446539968169,-0.0021163203093531695,0.01206228516717246,-0.9181927104024706,-0.38478221677362656,-0.27494403776352244,-0.04274846537018149,0
58.002,-18.731224587244853,-1.293371481043155,-1.7700734693720923,0.39559050326487677,0.006307252215326648,0.0001307684270774786,-0.9184053327348181,-0.3930807893714057,-0.2836128108294262,-0.14507344543122272,0
58.052,-18.750010651856858,-1.3065707262286088,-1.7743606415700661,0.39685539011385046,0.012960151747379967,-0.015314018223578906,-0.9176618738130704,-0.34431899165176016,-0.2426214873006472,0.016920280646279456,0
58.102000000000004,-18.7664821479044,-1.3191318229565436,-1.7719668416552055,0.3983121780910706,0.015255960689514065,-0.021579153163766924,-0.9168691316630314,-0.3240365101525743,-0.26484951623338693,0.06218570829438282,0
58.152,-18.782275513550942,-1.3331183572543004,-1.7688872900379742,0.4000671951242523,0.01368140220589757,-0.025843255414369316,-0.9160192054584235,-0.3066440904725703,-0.29241315563787595,0.056450467151967436,0
58.202,-18.79710070887022,-1.3483804318302455,-1.7665175221933835,0.40180125095841424,0.011522195505862483,-0.02782036720159832,-0.9152316760841192,-0.2871203163213914,-0.31744550961138773,0.039263651213540814,0
58.252,-18.810960674015835,-1.3648488505951626,-1.7647856651209204,0.403914802854376,0.009384582124502477,-0.02716102442101355,-0.914345142933378,-0.26790241047081703,-0.341017019060924,0.031098917424815627,0
58.302,-18.82380257394666,-1.3825671965917927,-1.7634811503288885,0.40646363368602134,0.007463504388302849,-0.024006609314496948,-0.9133210242309227,-0.24569811234297484,-0.3661099735297572,0.018796674626845634,0
58.352000000000004,-18.835597346624606,-1.401509188938881,-1.7630434153144554,0.4089212122058487,0.005745134084207428,-0.018340864573031697,-0.9123672771034514,-0.22591916933493847,-0.3907129835272154,-0.00641739647623701,0
58.402,-18.846209082198303,-1.4214712218506356,-1.7652993462933448,0.410177248736621,0.0033093010431655577,-0.009527386594785876,-0.9119500545809163,-0.2016354511113201,-0.4017742268108285,-0.09552903525973366,0
58.452,-18.856223375965776,-1.4402104889022855,-1.7705404035545556,0.4080507797959386,-0.0028107014859464693,0.006425422904884371,-0.9129322948639602,-0.17221101870218672,-0.33160123615347376,-0.033971252125741605,0
58.502,-18.865731465081982,-1.4564024148627985,-1.7702131916104749,0.40781455442872444,-0.004484658157657426,0.014119455228582198,-0.9129445865009318,-0.2205177619185952,-0.3185934369341849,0.02814469319100762,0
58.552,-18.878128255855206,-1.4719404657082114,-1.768352055577289,0.4070302602872201,-0.00926918749957512,0.019557152588541744,-0.9131582377420923,-0.2698715879556616,-0.303560321859824,0.042079328356993066,0
58.602000000000004,-18.892547481959678,-1.4868086928211222,-1.766394634562606,0.4063243155610001,-0.013032279954002877,0.022789798482208582,-0.9133517040813055,-0.3037333990305479,-0.29303215187272724,0.03354708964096558,0
58.652,-18.908335033392916,-1.5012615263134765,-1.7650522634597792,0.4048308501693727,-0.013381626809065046,0.02231909336415368,-0.9140212103044911,-0.32637068680095915,-0.28687534949684557,0.02076420093308578,0
58.702,-18.92529194225521,-1.5154894851340275,-1.764460074552183,0.4021944377148741,-0.009637860130592158,0.018466728522271075,-0.9153172815264682,-0.3516772736909242,-0.2813285083979119,0.0006380935204160667,0
58.752,-18.94365643205734,-1.5295073868801172,-1.765227423689959,0.3992677349891526,-0.002743100294080342,0.01203733325163614,-0.9167512496885923,-0.38181511664057705,-0.27859532841513335,-0.039745075220722736,0
58.802,-18.963142871928945,-1.543438827812375,-1.7696779430317453,0.3988575040896199,0.0056538863962698055,0.00033785667055201516,-0.9169954257535237,-0.3900465090340454,-0.28612422841407487,-0.14343984219630537,0
58.852000000000004,-18.981828736697185,-1.556867267243554,-1.7741854339905918,0.4007065907455672,0.012440218280044175,-0.015389110364054912,-0.9159927097878082,-0.34299925746509174,-0.24658946241210966,0.0126118541420557,0
58.902,-18.99823387456247,-1.5695616309592166,-1.7718734650539554,0.4023783332537391,0.014778259529530864,-0.021613106415823855,-0.9150989856864,-0.32255699689780776,-0.2674054403430463,0.06150599796829083,0
58.952,-19.01392173061167,-1.5836600793367284,-1.7688231284109315,0.4043821745443077,0.013358340749328053,-0.025786951374605935,-0.9141288994348907,-0.3043651702211558,-0.29461409798044513,0.055942517178109205,0
59.002,-19.028624757131805,-1.5990298813578046,-1.7664824207079315,0.40639620113072594,0.011385318189884605,-0.027738925721855937,-0.9132048260034688,-0.28456164152337154,-0.3195514835320995,0.038641588280389494,0
59.052,-19.0423544112497,-1.6156027530920782,-1.7647783606628051,0.4088249690756097,0.009393987143896509,-0.02707849306577295,-0.9121626241406473,-0.2651240443132627,-0.3431102900055006,0.03059075153458473,0
59.102000000000004,-19.055025174726183,-1.6334072896041885,-1.7635075098337045,0.41167357039692476,0.007648098735217553,-0.023930201522006093,-0.9109850292279786,-0.24130690878598782,-0.3670584297948457,0.017758256862756044,0
59.152,-19.066510780341233,-1.6523129820772104,-1.7631671373262878,0.4142095547730099,0.006398645164240477,-0.01819695707884774,-0.909977127639963,-0.21813689091588712,-0.3883541082304099,-0.0089928766745089,0
59.202,-19.076682586719194,-1.6720743262702926,-1.7654988444635866,0.415249556578943,0.004535632975834625,-0.009162426500447254,-0.9096500886248088,-0.19314427134548226,-0.39643094236174553,-0.09346010199132236,0
59.252,-19.086316063608272,-1.6905062380122846,-1.7705609527427468,0.41307603417987065,-0.0013332979024504952,0.00719286937961615,-0.9106671592481091,-0.16463155017371897,-0.3216728512790092,-0.03058348019877808,0
59.302,-19.095368046678363,-1.7061176033881442,-1.770056243261636,0.4127591939024561,-0.002832158759148378,0.015167452577267518,-0.9107094899626741,-0.20987763370923837,-0.3058588503786519,0.03269720808856273,0
59.352000000000004,-19.10709219256503,-1.7208717866569554,-1.7679920630038959,0.4121339112372777,-0.007550081324349478,0.020666474920724594,-0.9108575806867996,-0.25307021134705243,-0.2844594488834987,0.04477444568769259,0
59.402,-19.120421476236746,-1.7345429483947754,-1.765997423878734,0.4116238249739919,-0.010885515584935808,0.024050563228669247,-0.9109714060675084,-0.276796779396816,-0.26386282018557505,0.03262896069148036,0
59.452,-19.134559948140907,-1.7472345639351088,-1.764757931244421,0.41047871622892634,-0.010488064209616399,0.023897844713426576,-0.9114966357865724,-0.288374962450786,-0.24600797261488586,0.018115214524860056,0
59.502,-19.149439894734353,-1.7591425579860527,-1.764217570798449,0.4086835038182995,-0.006064325176578041,0.020351666448856907,-0.9124290807178957,-0.30752324783884355,-0.23039290003424812,0.002308257154943343,0
59.552,-19.16548712456253,-1.770415519975722,-1.7647751096046462,0.4067161873281983,0.00125251095242846,0.013953087367065655,-0.9134471443572717,-0.3337296987894541,-0.22138396814919226,-0.03264084643944082,0
59.602000000000004,-19.182535544772495,-1.7814408478103174,-1.7690315623707318,0.40708172512608126,0.009687895384733667,0.002078829831917148,-0.9133379945112965,-0.3402824923398967,-0.22551152516716796,-0.14924851345015225,0
59.652,-19.198484797514627,-1.791634478343397,-1.7731397478724782,0.4087183181453253,0.0162213913990626,-0.011892148541089718,-0.9124389183263782,-0.2847571755118006,-0.18232650783321233,0.016810888740580454,0
59.702,-19.211677006891964,-1.8010739329386172,-1.7709742011427774,0.4106872604226004,0.019127374480630486,-0.017509203954417896,-0.9114074530356542,-0.2521438251191197,-0.1993871528980247,0.05428149562652977,0
59.752,-19.22360093551464,-1.8115124252315369,-1.7684068743156034,0.41308383890088174,0.01891545629204601,-0.021362367837050544,-0.9102458990803347,-0.224834274679399,-0.21652773213985063,0.04579215331173278,0
59.802,-19.234072883914184,-1.8226903049364611,-1.7665228041556578,0.41575582835828306,0.018058854621737265,-0.02291086918718934,-0.909008284356614,-0.19454762516740617,-0.22948828066136384,0.030478070008067015,0
59.852000000000004,-19.24295777328531,-1.834391587801089,-1.765145218813168,0.4189076448773156,0.016964223678483305,-0.021705688137333905,-0.9076108545410915,-0.16199127434203983,-0.238737407192021,0.02606565373594594,0
59.902,-19.25016919550753,-1.8466110368952644,-1.7639320857495844,0.4223363476760263,0.015619624215148101,-0.01790522953075133,-0.9061277170059978,-0.1273530799949515,-0.24895900057993958,0.02043663730703382,0
59.952,-19.25553783637236,-1.8600583279781113,-1.7633159106607421,0.419008505341808,0.01382734972868187,-0.013145829183530923,-0.9077818372416264,-0.09071162331265128,-0.2929852319574997,-0.0025513609354166815,0
60.002,-19.25998133124714,-1.8747149170739559,-1.7654324693984402,0.4070107270121819,0.008675284850762934,-0.004699317103451401,-0.9133700914462524,-0.09111147561116524,-0.28737936190850416,-0.08749844226639467,0
60.052,-19.264441799641528,-1.887868507952877,-1.7677449752160153,0.3938264238125459,0.0047929182216321226,0.004384855417349467,-0.919161873058773,-0.08974016204555099,-0.2339348750454413,0.011713948499808582,0
60.102000000000004,-19.271276600200583,-1.8992033415386909,-1.7657500932055958,0.37860394693253,0.001999765665523154,0.008561473226068634,-0.9255170195520953,-0.1763248505053684,-0.21974933406124444,0.051243852575654766,0
60.152,-19.28141670877118,-1.9099314667474971,-1.7634344594856923,0.36316801058361486,-0.002205427987211477,0.012346475497569988,-0.9316392524571522,-0.2236738726539597,-0.20984710398013415,0.03911070215157228,0
60.202,-19.293559136943472,-1.9202185297902403,-1.762013387642016,0.3470792648107554,-0.003370817161657973,0.01401347427861946,-0.9377250364945644,-0.26003665655783825,-0.2023793262949563,0.017774596575435234,0
60.252,-19.3075207938296,-1.9303596150249887,-1.7615129482739056,0.3300083164471076,-0.000669196215503224,0.012362609463433821,-0.943896831830379,-0.300511253546866,-0.2035217188149947,0.002284778644426288,0
60.302,-19.32396939610075,-1.94045616031824,-1.7620413154803978,0.31305701157160043,0.0041148113038377,0.00799846425507313,-0.9496917396731186,-0.3558388856049004,-0.1987142758126682,-0.026253314688224234,0
60.352000000000004,-19.343336914481018,-1.9502255518660936,-1.7645341134961074,0.296856333993514,0.008959438856828943,0.0015983597605133157,-0.9548787832334424,-0.41474777981300465,-0.1877284472097039,-0.0815243864670738,0
60.402,-19.364887370299908,-1.9593270612728426,-1.770893434410796,0.28429833712876545,0.013362648169511463,-0.010930461678657272,-0.9585804192383701,-0.43946089623633433,-0.18925072087441927,-0.16868761577425992,0
60.452,-19.385018678608763,-1.9671899063463554,-1.7756051088142104,0.2769463009541476,0.018646963979647067,-0.028730533823976917,-0.96027474899028,-0.3562124799675766,-0.13216780816172125,0.015083997868397066,0
60.502,-19.40271805022103,-1.9742163011078502,-1.773291120038698,0.2689919638845421,0.02084626548210338,-0.036897457596289394,-0.9622096103261066,-0.3615878783521063,-0.14930748573169622,0.060985299062342874,0
60.552,-19.42078958422891,-1.98226416169615,-1.7702629866109532,0.2598095839045058,0.018627441018220236,-0.04209256594342062,-0.9645621879613467,-0.3579070742509576,-0.17162375727269785,0.05588368592449574,0
60.602000000000004,-19.438470271046786,-1.991370661681843,-1.7678477808607185,0.25059687835988165,0.015591096250816094,-0.04474003728059242,-0.9669314615514957,-0.3502198893086854,-0.191498429833704,0.04193462698494977,0
60.652,-19.45583166652606,-2.0014013994456823,-1.7658422078325524,0.24210323450183677,0.01216227663823725,-0.04427436528476064,-0.9691634967585988,-0.345614969284634,-0.20935368911892865,0.039231209792044,0
60.702,-19.473083885238587,-2.0123635664193023,-1.7639972009300091,0.23445931459574493,0.008668571391621983,-0.04087825220755664,-0.9712273957038979,-0.34418996902355464,-0.22794204500351167,0.032134033806590634,0
60.752,-19.490406360498366,-2.024260460891802,-1.7626707655214804,0.22770121057947076,0.005658037851397202,-0.03474523174730341,-0.9730945042384841,-0.347723088005263,-0.2474088577817212,0.016550098731170262,0
60.802,-19.50765049376994,-2.037036688597441,-1.7633821374535672,0.22176079922981132,0.003394465256088156,-0.025684383652962925,-0.9747568609488971,-0.3392253926768429,-0.2584941500146989,-0.05868340847354167,0
60.852000000000004,-19.52434672752736,-2.0489010841502333,-1.7683230224951494,0.21307425154667683,-0.00018741990358899847,-0.009628783252973791,-0.9769885438093275,-0.29942756407436116,-0.2114449733984358,-0.07472644895079707,0
60.902,-19.5395179074175,-2.0589198436886824,-1.7684619095088805,0.205474429026716,4.505737351428534e-05,-0.0018740312508255751,-0.9786606894081571,-0.33356353709561365,-0.18704168275636326,0.03053022328614866,0
60.952,-19.55732603162716,-2.067205586821347,-1.7666164578898984,0.1968601540421575,-0.0033586384604625975,0.00456032298110177,-0.9804152195638834,-0.37566574692516624,-0.15008906507472433,0.03926740838467227,0
61.002,-19.576857044221438,-2.074054788371436,-1.764895357847417,0.18858687029775428,-0.005732278259845627,0.009383307411887878,-0.9819949525732117,-0.4026710722186492,-0.12631562128481447,0.027925912783914566,0
61.052,-19.59750281687694,-2.0799402402021245,-1.7638570317727702,0.17943072375362143,-0.004558745140586447,0.009920580842981225,-0.9837100260197275,-0.4238214303982391,-0.11014377664876192,0.013797590497579976,0
61.102000000000004,-19.61951420103983,-2.0849122006945944,-1.7636864762759183,0.16967080866792067,-0.00017132071360711977,0.006149151325429236,-0.9854815956034715,-0.4565497725730105,-0.0874008346448444,-0.00982173896358024,0
61.152,-19.643394123986283,-2.0887108186803434,-1.7652615362422082,0.1599789203651401,0.005495829017570488,-0.0011408110118309577,-0.9871044724103163,-0.49618465114274113,-0.06302662041673335,-0.06385644474552898,0
61.202,-19.668749131165544,-2.091521256478148,-1.7712802885777437,0.15426187933947355,0.009853020980888836,-0.015362162761825332,-0.9878614247532304,-0.5105677501693275,-0.060220896261850176,-0.1729630592605272,0
61.252,-19.69203581701947,-2.0936890326375432,-1.7748630303829123,0.15024787631089384,0.01282122071569497,-0.02961226783379241,-0.9881216046404232,-0.425008784476413,-0.043609308291241815,0.01640029301704132,0
61.302,-19.71305814543568,-2.0966113219629956,-1.7726146239359954,0.1474734332454437,0.01334781617059288,-0.03557757138700061,-0.9883358026017675,-0.4237807282603731,-0.07222338705673657,0.05987446959772388,0
61.352000000000004,-19.734198377819823,-2.100965875727665,-1.7696521070220517,0.1445363266224511,0.010291666104550125,-0.03865393881072353,-0.9886906517762251,-0.42009533235178026,-0.10048620074626176,0.05447508914142165,0
61.402,-19.75501134203159,-2.1067160950899737,-1.767324806205016,0.14194955791911548,0.0070588381648389,-0.039221376030853974,-0.9890713722844149,-0.41283080364154257,-0.12842204946693192,0.03960024773059755,0
61.452,-19.77545998573235,-2.1137750542784866,-1.765511002608107,0.14000094843483127,0.004478894439849134,-0.037129526274635526,-0.9894448303066544,-0.4060250069019463,-0.1533551343037136,0.03374964020546827,0
61.502,-19.795627824579036,-2.122155888858701,-1.7640243433927054,0.1384709277597245,0.002742317132262845,-0.03254309838856364,-0.9898278782744897,-0.40006456985714633,-0.18076976928010433,0.02322705176487779,0
61.552,-19.815600023655172,-2.1318904872532545,-1.7633130742606977,0.137072343660797,0.0018958383340314372,-0.025632658830501243,-0.9902275219370681,-0.3979303759691979,-0.20827475145987143,-0.0003259246169689874,0
61.602000000000004,-19.835179229882097,-2.1429258799327022,-1.7653127447464025,0.13475219281903783,0.0013507049547650135,-0.01575255483704613,-0.9907531878034467,-0.384068398416246,-0.22598188616621717,-0.09263439382621172,0
61.652,-19.853564895310924,-2.152977344483855,-1.7702211854024714,0.129240909082952,-0.00027735688763342356,0.001474886079580698,-0.9916120890769845,-0.3230636008230186,-0.1828323341493501,-0.027885398474789876,0
61.702,-19.87047340243226,-2.1612417640215784,-1.7696624580114355,0.12529672994934885,-0.00014727106160483222,0.009602564431306438,-0.9920728292477209,-0.361619898411558,-0.14156731630733385,0.03221460982497945,0
61.752,-19.889499915951518,-2.167225128020386,-1.7676981877268183,0.12094765401739697,-0.003259476893893206,0.01676994483480423,-0.9925118688198664,-0.3947349253307216,-0.10105545817745065,0.041869217075348956,0
61.802,-19.909840154776898,-2.171487179231195,-1.7658313170910345,0.1167480709435885,-0.00559553415760703,0.021248419342506528,-0.9929184672488911,-0.41735922342536635,-0.07203809309683537,0.030966634899549362,0
61.852000000000004,-19.931119569236007,-2.174589075827923,-1.7646039808468905,0.11164098154261186,-0.005407360048063195,0.02091782472178854,-0.9935137121884235,-0.43410543048486894,-0.053949165213757984,0.018272062710907595,0
61.902,-19.953383614962558,-2.1767722727513688,-1.7641366498115458,0.10547355762839093,-0.002335207400261844,0.016001321034813734,-0.9942906180653365,-0.4560748487240742,-0.032214526047590876,-0.001958477524330847,0
61.952,-19.976959540386158,-2.1778290055563043,-1.765144677946943,0.0991526562842318,0.002484647118696319,0.0076886466655172354,-0.9950394273559856,-0.48501041042048165,-0.010419795532035077,-0.04744514365677561,0
62.002,-20.001631538372287,-2.178093305547863,-1.7701506757636751,0.0960691109875743,0.006475644529107031,-0.0066094481078453025,-0.9953316568549891,-0.4998669228639216,-0.011564243887031792,-0.1578660648815642,0
62.052,-20.025050216140198,-2.178197682966485,-1.7743670997265977,0.0955546884574055,0.008083185415717991,-0.023173775337259485,-0.9951215703440266,-0.4262849443078109,-0.0025552558208263255,0.020872914042095313,0
62.102000000000004,-20.04605312876657,-2.17906510974933,-1.7718251332106578,0.09526671449133474,0.00862785882712058,-0.029785429616992626,-0.9949686634988145,-0.4243040038858003,-0.02970998984023424,0.06405111021536689,0
62.152,-20.06736486262944,-2.181286892450309,-1.7687539140249295,0.0949185983842788,0.0059707179185528965,-0.033187536291734474,-0.9949137639228769,-0.42597244487599234,-0.058307550246312,0.05481815432891582,0
62.202,-20.088607070562393,-2.1849514708545272,-1.7664954196384135,0.09468742236743218,0.003340007069416598,-0.034195675966205756,-0.9949139621813547,-0.42388472345896583,-0.08761923580912753,0.036967633670629246,0
62.252,-20.109719259442198,-2.190050003986391,-1.7648532752954726,0.09474602209979803,0.001466817108551978,-0.03271803827979771,-0.9949625971437098,-0.42108581658911204,-0.11542996301665302,0.029785203144010088,0
62.302,-20.130713963588125,-2.1966006189048524,-1.7635791631811175,0.09508401287451299,0.0004986399959198399,-0.02880290853312412,-0.995052347524424,-0.4179164781040429,-0.14551699721504324,0.018894031050214383,0
62.352000000000004,-20.151611935597593,-2.2046118773387113,-1.7631039886613336,0.09542608559899553,0.00041955891301802343,-0.022553990435270177,-0.9951808899255536,-0.41730089139774434,-0.17443882862867424,-0.005231546859581906,0
62.402,-20.172193479462578,-2.214011097220913,-1.7652943930129705,0.0947737460054082,0.0006743395196646489,-0.01318664842188944,-0.9954112690931879,-0.4047567649076113,-0.1946352644874726,-0.09352937855234635,0
62.452,-20.191595113524,-2.222636054252507,-1.7702916303387406,0.09067165121691281,-0.00012755289617758642,0.003983145446542451,-0.9958728683663437,-0.3406378882534572,-0.15655039862309805,-0.030701368277953875,0
62.502,-20.20922025261396,-2.2295923481712143,-1.7698425292615787,0.08833835568333014,0.0005516454141050733,0.011940832618933033,-0.9960187985770496,-0.37406889574377294,-0.1148989466352347,0.03043262298351386,0
62.552,-20.22878400339364,-2.234172392970064,-1.7679258541129252,0.08546353318947808,-0.002340104655331281,0.018957173977682755,-0.9961581872171474,-0.40401666245886675,-0.07210225401175364,0.04170263957619903,0
62.602000000000004,-20.24950809439424,-2.236948844967447,-1.766049827144848,0.08263919895497339,-0.004676947807727792,0.02339897988748522,-0.9962938204643795,-0.42337090529726473,-0.04187262624730522,0.03119395976764998,0
62.652,-20.270955339393332,-2.2384948028535154,-1.764827080921394,0.07889005082532792,-0.00455119183308881,0.0231173505519612,-0.9966048538097404,-0.4346396882314266,-0.022264318968284007,0.018318799276934066,0
62.702,-20.29308021929046,-2.2390425435762817,-1.7643558878762546,0.07417388769111213,-0.0014719974449186504,0.018256518548320923,-0.9970771119320726,-0.45001875514935363,0.0009531479714922338,-0.001532414130099131,0
62.752,-20.31615808452734,-2.2383958090190794,-1.76530898329468,0.06942628752699584,0.003483075054270901,0.00994844560491759,-0.9975313966078616,-0.4715599840615741,0.024509936558560014,-0.04556157733437411,0
62.802,-20.340061665504432,-2.2369427910955255,-1.7700838612115295,0.06800720365876996,0.007550959433465058,-0.004430452490202602,-0.9976464175011505,-0.4848628602632136,0.02273080371180442,-0.15070738310449971,0
62.852000000000004,-20.36255522726751,-2.23545776196381,-1.7745443493460127,0.06838280262786847,0.009277343312537377,-0.0212350785018426,-0.9973899912505831,-0.40350272666155346,0.028417831450689858,0.01438104740457035,0
62.902,-20.382230236172415,-2.234799498272719,-1.772256805381461,0.06896890851536171,0.0104891380541156,-0.027893328966008445,-0.9971736207101927,-0.39269132775269383,0.00041557386544529727,0.059859507990793426,0
62.952,-20.40167925659708,-2.2354920759377466,-1.7693714045720503,0.06955079455036753,0.008690820090035916,-0.03132197460389426,-0.9970486901503294,-0.3832686166618781,-0.02727533031718592,0.05131587388412492,0
63.002,-20.42047191792026,-2.2375722634433703,-1.7672806196465625,0.07013451076381193,0.006968455324305452,-0.03225078478329683,-0.9969917140634492,-0.3684781121130479,-0.05500384273711486,0.03361726885008066,0
63.052,-20.438385292929958,-2.240983640106575,-1.7657942011552705,0.07108960183781432,0.00607351562462195,-0.030604686135030923,-0.996981812324114,-0.3492780367678926,-0.08064792963730208,0.027657914503257726,0
63.102000000000004,-20.45540259435258,-2.2457398133320345,-1.7645022117276667,0.07233729033040812,0.0059640258135722326,-0.026509883389664354,-0.9970100164524005,-0.3314557560529853,-0.1085747671221493,0.02221637112054805,0
63.152,-20.471663073844894,-2.2518711995626566,-1.7636324022508605,0.07340950391116458,0.006520863204937591,-0.019991365832021775,-0.9970801714860998,-0.31926224995168756,-0.13623786917772934,0.007807441634517007,0
63.202,-20.487200830142143,-2.2593779213158576,-1.7648400563617164,0.073393142458923,0.007270009417104122,-0.010397821915623799,-0.9972223818700074,-0.3009852625961348,-0.15878627174982166,-0.07170085781472887,0
63.252,-20.50104183908951,-2.266477323349809,-1.768728972043368,0.07061894931181892,0.007829128126484609,0.004331675332088677,-0.9974632350817205,-0.21509557528356565,-0.11968224849919472,-0.008314835508878852,0
63.302,-20.51130050593728,-2.270916357377261,-1.7676671531466461,0.0635627227312261,0.01169559781071923,0.012596625593317793,-0.9978298042725054,-0.20892837615307253,-0.05901939271912284,0.036039626680199985,0
63.352000000000004,-20.521616358879875,-2.272746412342265,-1.765766569588594,0.055760164145660825,0.01114884066226375,0.019816483268719737,-0.9981852605790162,-0.1979310928295341,-0.015949846804108662,0.03723732449318737,0
63.402,-20.53079031455622,-2.272591011323456,-1.7641741731275924,0.0491149275424732,0.011207093077044834,0.02399138008202776,-0.9984420557243278,-0.16989666047863275,0.019972397524632465,0.027073278695165407,0
63.452,-20.538649268470472,-2.2707832772897483,-1.7628576591980025,0.04268111792170792,0.013202908071535367,0.023494595701138432,-0.9987251921145521,-0.1477926931937614,0.051380472365956595,0.026255981183126498,0
63.502,-20.545756468371522,-2.2673127472714896,-1.7616537890629358,0.03594326853199153,0.01667685560178306,0.018464260857126786,-0.9990440605926627,-0.13809354827327727,0.08678673091523306,0.01918966928722569,0
63.552,-20.55278706280784,-2.262203833737078,-1.7612091509312888,0.028955640050458368,0.02022740094137202,0.009067259004376934,-0.9993348827968399,-0.14627520412222844,0.11532568759956957,-0.008394579474347658,0
63.602000000000004,-20.560487092597043,-2.256128078855001,-1.764459074178453,0.024348573175271657,0.020865707835951975,-0.0071815873501390026,-0.9994599511856224,-0.15786638291872893,0.1188236558386773,-0.14468892801682692,0
63.652,-20.566433284075426,-2.250197123625814,-1.765967080615934,0.01841596386826084,0.020658584319719227,-0.01946551118765847,-0.99942742059787,-0.08902924368790405,0.09373922091939291,0.04154460829451465,0
63.702,-20.57041343548381,-2.246975744855808,-1.7636695708994456,0.013718219645729076,0.0212469962689705,-0.02637080699639142,-0.9993322551272212,-0.07917984937346892,0.04440662085275132,0.04013598534826397,0
63.752,-20.574246425113706,-2.245582569650072,-1.7622943736387633,0.008813329832962005,0.020071060130503648,-0.03051408255166987,-0.9992939350003701,-0.0754634508316638,0.012465197673666245,0.01921404094085981,0
63.802,-20.577868165991067,-2.2458294119181543,-1.761517009531534,0.004169709908618449,0.018598617450356507,-0.03159654246034612,-0.9993189498117031,-0.06858565705068251,-0.020972677155497388,0.01334092191005682,0
63.852000000000004,-20.581039166051298,-2.2476643041758795,-1.760787728742925,-3.552140336644593e-05,0.0174965799258114,-0.029255594841665716,-0.99941882041494,-0.05870813538001268,-0.05075456932209616,0.016185648897550392,0
63.902,-20.58372280022794,-2.2509435223632117,-1.7599905850920166,-0.0039656939373958365,0.016622020717554562,-0.023155213810005106,-0.9995858231148906,-0.04775214591737057,-0.07906596696540324,0.012676794026124757,0
63.952,-20.58607371437812,-2.255621682130407,-1.7595540811894261,-0.008029478007249204,0.015676099312203953,-0.013205835136059656,-0.9997576672932513,-0.046621110264440796,-0.10658688169206448,-0.0003409104240138213,0
64.002,-20.588192289888756,-2.2612610201611516,-1.7614073533900054,-0.013098936297186965,0.014384085452722215,0.0024106529971914523,-0.9998078338889415,-0.033105909085662896,-0.11422880526101664,-0.07289472843108362,0
64.052,-20.589299571316406,-2.26683658713866,-1.7613680464989816,-0.015523585112952544,0.015266585901213561,0.011170389898299852,-0.9997005411870498,-0.007637530366342026,-0.09144550319807201,0.03340685672059769,0
64.102,-20.5900953947595,-2.2697171635891293,-1.7595122435039319,-0.020142951775899334,0.01625321559502716,0.016461497145549654,-0.999529446083657,-0.0218029777533594,-0.030037271994426788,0.034572057899942936,0
64.152,-20.591122066652947,-2.27015028509138,-1.7583348526199878,-0.024242645557275344,0.01685481198398631,0.021713465326491748,-0.9993281417396811,-0.019947926751899752,0.008100092201103007,0.014199308391094569,0
64.202,-20.59207830576113,-2.2689600289786527,-1.758010510975538,-0.028057378450575887,0.01793443895995409,0.024092244841540957,-0.999154994558987,-0.018358866015461814,0.03791179929218489,0.000700501190689733,0
64.252,-20.592911011184828,-2.2663419847825255,-1.7581618555671903,-0.03202792016899177,0.019760051706988177,0.022474059669968113,-0.9990388727813029,-0.015972399742279392,0.066031289843559,-0.005165264256109679,0
64.302,-20.59374029709233,-2.262230895443218,-1.7584832098228047,-0.036354113001723656,0.022231548106738993,0.01702038850378347,-0.9989466668004934,-0.016846353059803434,0.09724271892856773,-0.009006055563876073,0
64.352,-20.594866268531796,-2.2566309335825716,-1.7592450230112615,-0.04072975290980516,0.024219443687486707,0.0077253903533901274,-0.9988467470634632,-0.029913160595038592,0.12455677177704967,-0.027398391255716057,0
64.402,-20.59685681268496,-2.2501997090931933,-1.762858254613396,-0.04305060526433771,0.02303913907992547,-0.008008394211328207,-0.9987751043548223,-0.04772843263753337,0.1223758390326502,-0.13691090039037804,0
64.452,-20.597990213800834,-2.243804212323345,-1.7645853739682966,-0.04682071986925125,0.020844095942340785,-0.019072906837127986,-0.9985036645301083,-0.005509998291033393,0.10668658385588982,0.03440967283767014,0
64.502,-20.598353662841365,-2.239935587683567,-1.7625403245022735,-0.048808456800313677,0.019912911899606124,-0.025004107384680875,-0.9982965516810861,-0.014939092220288568,0.05744062385752735,0.03621003029117626,0
64.552,-20.599338594681875,-2.2378907203063614,-1.761302264285348,-0.05084028012571416,0.017895137809408844,-0.029204791583090146,-0.9981192865124445,-0.024510220848317072,0.025620074813381077,0.017004973535489243,0
64.602,-20.600740924780098,-2.2374167188889533,-1.7606115807107392,-0.05250389725611167,0.01599692012445309,-0.030974490928059553,-0.9980120341114134,-0.03000910519437075,-0.00506476179369281,0.011973219015699997,0
64.652,-20.60226026929589,-2.238402979338494,-1.7599276153664116,-0.05376165318417396,0.014843079030673494,-0.029617655774760297,-0.9980040892291981,-0.030346240374516432,-0.03279268009798808,0.01575607903690389,0
64.702,-20.603749933330267,-2.2407227873930657,-1.7590983296924734,-0.05509348439568003,0.01433597161801338,-0.024755898693197317,-0.9980713067585913,-0.027830243708380168,-0.05870736025419941,0.014642661030295576,0
64.752,-20.605275914814428,-2.2442885193503925,-1.7584714942105912,-0.056615184088136455,0.014083207265387906,-0.01620721938562992,-0.9981651718245692,-0.032910581860020834,-0.08303371737349038,0.00608224441108979,0
64.802,-20.60686333009372,-2.248821505159036,-1.7596836216868528,-0.059013416575375,0.013832346948130184,-0.002395355629493857,-0.9981584769531416,-0.026583594549992914,-0.09004946853538141,-0.07294836692917632,0
64.852,-20.607661726233054,-2.253593370813412,-1.7610248341712122,-0.0605798546312984,0.01466828863185631,0.008913648070690509,-0.9980157661076972,0.0014114547634776998,-0.08658879388308263,0.02742827267147187,0
64.902,-20.60792939042298,-2.2561717790061193,-1.7589741472334766,-0.06295639900331207,0.015951564639180425,0.014450310364633913,-0.9977841589945508,-0.011526133345755984,-0.021879594166626836,0.041761705582017715,0
64.952,-20.60851931865922,-2.256239060331743,-1.7574664450156383,-0.06499746904824343,0.01663693293492925,0.019921448037529,-0.9975478321303339,-0.011484245337857628,0.015110071006929016,0.018931683422087894,0
65.002,-20.609038123487156,-2.2547297916483973,-1.7570370839077787,-0.0667365551332329,0.017731452016556855,0.02262915556728128,-0.9973563802055134,-0.009054660949712414,0.04357570959959075,0.0005824354997277857,0
