# Frozen M4 display cutaway. World coordinates: Z up, metres.
v 15.8199997 23.469916 0.11999999
v 15.8199997 23.5400004 0.189999998
v 15.8199997 23.4967361 0.125328436
v 15.8199997 23.5194731 0.140502542
v 15.8199997 23.5346655 0.163212165
v 15.8199997 23.469916 0.519999996
v 15.8199997 23.5400004 0.449999988
v 15.8199997 23.4967361 0.514671549
v 15.8199997 23.5194731 0.499497443
v 15.8199997 23.5346655 0.47678782
v 15.8562577 23.4681347 0.11999999
v 15.8631272 23.5378816 0.189999998
v 15.8588866 23.4948257 0.125328436
v 15.8611152 23.5174533 0.140502542
v 15.8626043 23.5325725 0.163212165
v 15.8562577 23.4681347 0.519999996
v 15.8631272 23.5378816 0.449999988
v 15.8588866 23.4948257 0.514671549
v 15.8611152 23.5174533 0.499497443
v 15.8626043 23.5325725 0.47678782
v 15.8921667 23.4628081 0.11999999
v 15.9058394 23.5315459 0.189999998
v 15.897399 23.4891129 0.125328436
v 15.9018348 23.5114131 0.140502542
v 15.9047987 23.5263135 0.163212165
v 15.8921667 23.4628081 0.519999996
v 15.9058394 23.5315459 0.449999988
v 15.897399 23.4891129 0.514671549
v 15.9018348 23.5114131 0.499497443
v 15.9047987 23.5263136 0.47678782
v 15.9273805 23.4539875 0.11999999
v 15.947725 23.5210541 0.189999998
v 15.935166 23.4796528 0.125328436
v 15.9417662 23.5014108 0.140502542
v 15.9461763 23.515949 0.163212165
v 15.9273805 23.4539875 0.519999996
v 15.947725 23.5210541 0.449999988
v 15.935166 23.4796528 0.514671549
v 15.9417662 23.5014108 0.499497443
v 15.9461763 23.515949 0.47678782
v 15.9615603 23.4417578 0.11999999
v 15.9883804 23.5065074 0.189999998
v 15.9718239 23.4665364 0.125328436
v 15.980525 23.4875427 0.140502542
v 15.9863389 23.5015786 0.163212165
v 15.9615603 23.4417578 0.519999996
v 15.9883804 23.5065074 0.449999988
v 15.9718239 23.4665364 0.514671549
v 15.980525 23.4875427 0.499497443
v 15.9863389 23.5015786 0.47678782
v 15.9943767 23.4262368 0.11999999
v 16.0274143 23.4880457 0.189999998
v 16.0070196 23.44989 0.125328436
v 16.0177378 23.4699423 0.140502542
v 16.0248994 23.4833408 0.163212165
v 15.9943767 23.4262368 0.519999996
v 16.0274143 23.4880457 0.449999988
v 16.0070196 23.44989 0.514671549
v 16.0177378 23.4699423 0.499497443
v 16.0248994 23.4833408 0.47678782
v 16.0255138 23.4075739 0.11999999
v 16.0644506 23.465847 0.189999998
v 16.0404143 23.4298741 0.125328436
v 16.0530463 23.4487792 0.140502542
v 16.0614867 23.4614112 0.163212165
v 16.0255138 23.4075739 0.519999996
v 16.0644506 23.465847 0.449999988
v 16.0404143 23.4298741 0.514671549
v 16.0530463 23.4487792 0.499497443
v 16.0614867 23.4614112 0.47678782
v 16.0546715 23.3859491 0.11999999
v 16.0991327 23.440125 0.189999998
v 16.0716861 23.4066813 0.125328436
v 16.0861104 23.4242572 0.140502542
v 16.0957483 23.4360011 0.163212165
v 16.0546715 23.3859491 0.519999996
v 16.0991327 23.440125 0.449999988
v 16.0716861 23.4066813 0.514671549
v 16.0861104 23.4242572 0.499497443
v 16.0957483 23.4360011 0.47678782
v 16.0815695 23.3615702 0.11999999
v 16.1311267 23.4111274 0.189999998
v 16.1005342 23.3805349 0.125328436
v 16.1166117 23.3966124 0.140502542
v 16.1273544 23.4073551 0.163212165
v 16.0815695 23.3615702 0.519999996
v 16.1311267 23.4111274 0.449999988
v 16.1005342 23.3805349 0.514671549
v 16.1166117 23.3966124 0.499497443
v 16.1273544 23.4073551 0.47678782
v 16.1059484 23.3346722 0.11999999
v 16.1601243 23.3791334 0.189999998
v 16.1266806 23.3516868 0.125328436
v 16.1442565 23.366111 0.140502542
v 16.1560004 23.375749 0.163212165
v 16.1059484 23.3346722 0.519999996
v 16.1601243 23.3791334 0.449999988
v 16.1266806 23.3516868 0.514671549
v 16.1442565 23.366111 0.499497443
v 16.1560004 23.375749 0.47678782
v 16.1275733 23.3055145 0.11999999
v 16.1858463 23.3444513 0.189999998
v 16.1498734 23.320415 0.125328436
v 16.1687785 23.333047 0.140502542
v 16.1814106 23.3414874 0.163212165
v 16.1275733 23.3055145 0.519999996
v 16.1858463 23.3444513 0.449999988
v 16.1498734 23.320415 0.514671549
v 16.1687785 23.333047 0.499497443
v 16.1814106 23.3414874 0.47678782
v 16.1462361 23.2743774 0.11999999
v 16.208045 23.3074149 0.189999998
v 16.1698894 23.2870203 0.125328436
v 16.1899416 23.2977385 0.140502542
v 16.2033401 23.3049001 0.163212165
v 16.1462361 23.2743774 0.519999996
v 16.208045 23.3074149 0.449999988
v 16.1698894 23.2870203 0.514671549
v 16.1899416 23.2977385 0.499497443
v 16.2033401 23.3049001 0.47678782
v 16.1617571 23.241561 0.11999999
v 16.2265067 23.2683811 0.189999998
v 16.1865357 23.2518246 0.125328436
v 16.207542 23.2605257 0.140502542
v 16.2215779 23.2663396 0.163212165
v 16.1617571 23.241561 0.519999996
v 16.2265067 23.2683811 0.449999988
v 16.1865357 23.2518246 0.514671549
v 16.207542 23.2605257 0.499497443
v 16.2215779 23.2663396 0.47678782
v 16.1739869 23.2073812 0.11999999
v 16.2410535 23.2277256 0.189999998
v 16.1996521 23.2151667 0.125328436
v 16.2214101 23.2217669 0.140502542
v 16.2359483 23.226177 0.163212165
v 16.1739869 23.2073812 0.519999996
v 16.2410535 23.2277256 0.449999988
v 16.1996521 23.2151667 0.514671549
v 16.2214101 23.2217669 0.499497443
v 16.2359483 23.226177 0.47678782
v 16.1828074 23.1721674 0.11999999
v 16.2515452 23.1858401 0.189999998
v 16.2091123 23.1773997 0.125328436
v 16.2314124 23.1818355 0.140502542
v 16.2463129 23.1847994 0.163212165
v 16.1828074 23.1721674 0.519999996
v 16.2515452 23.1858401 0.449999988
v 16.2091123 23.1773997 0.514671549
v 16.2314124 23.1818355 0.499497443
v 16.2463129 23.1847994 0.47678782
v 16.188134 23.1362584 0.11999999
v 16.257881 23.1431279 0.189999998
v 16.214825 23.1388872 0.125328436
v 16.2374526 23.1411159 0.140502542
v 16.2525718 23.142605 0.163212165
v 16.188134 23.1362584 0.519999996
v 16.257881 23.1431279 0.449999988
v 16.214825 23.1388873 0.514671549
v 16.2374526 23.1411159 0.499497443
v 16.2525718 23.142605 0.47678782
v 16.1899153 23.1000004 0.11999999
v 16.2599997 23.1000004 0.189999998
v 16.2167354 23.1000004 0.125328436
v 16.2394724 23.1000004 0.140502542
v 16.2546648 23.1000004 0.163212165
v 16.1899153 23.1000004 0.519999996
v 16.2599997 23.1000004 0.449999988
v 16.2167354 23.1000004 0.514671549
v 16.2394724 23.1000004 0.499497443
v 16.2546648 23.1000004 0.47678782
v 16.188134 23.0637424 0.11999999
v 16.257881 23.0568728 0.189999998
v 16.214825 23.0611135 0.125328436
v 16.2374526 23.0588849 0.140502542
v 16.2525718 23.0573957 0.163212165
v 16.188134 23.0637424 0.519999996
v 16.257881 23.0568728 0.449999988
v 16.214825 23.0611135 0.514671549
v 16.2374526 23.0588849 0.499497443
v 16.2525718 23.0573957 0.47678782
v 16.1828074 23.0278334 0.11999999
v 16.2515452 23.0141606 0.189999998
v 16.2091123 23.022601 0.125328436
v 16.2314124 23.0181653 0.140502542
v 16.2463129 23.0152014 0.163212165
v 16.1828074 23.0278334 0.519999996
v 16.2515452 23.0141606 0.449999988
v 16.2091123 23.022601 0.514671549
v 16.2314124 23.0181653 0.499497443
v 16.2463129 23.0152014 0.47678782
v 16.1739869 22.9926195 0.11999999
v 16.2410535 22.9722751 0.189999998
v 16.1996521 22.9848341 0.125328436
v 16.2214101 22.9782339 0.140502542
v 16.2359483 22.9738238 0.163212165
v 16.1739869 22.9926195 0.519999996
v 16.2410535 22.9722751 0.449999988
v 16.1996521 22.9848341 0.514671549
v 16.2214101 22.9782339 0.499497443
v 16.2359483 22.9738238 0.47678782
v 16.1617571 22.9584398 0.11999999
v 16.2265067 22.9316197 0.189999998
v 16.1865357 22.9481762 0.125328436
v 16.207542 22.9394751 0.140502542
v 16.2215779 22.9336612 0.163212165
v 16.1617571 22.9584398 0.519999996
v 16.2265067 22.9316197 0.449999988
v 16.1865357 22.9481762 0.514671549
v 16.207542 22.9394751 0.499497443
v 16.2215779 22.9336612 0.47678782
v 16.1462361 22.9256234 0.11999999
v 16.208045 22.8925858 0.189999998
v 16.1698894 22.9129804 0.125328436
v 16.1899416 22.9022623 0.140502542
v 16.2033401 22.8951007 0.163212165
v 16.1462361 22.9256234 0.519999996
v 16.208045 22.8925858 0.449999988
v 16.1698894 22.9129804 0.514671549
v 16.1899416 22.9022623 0.499497443
v 16.2033401 22.8951007 0.47678782
v 16.1275733 22.8944862 0.11999999
v 16.1858463 22.8555495 0.189999998
v 16.1498734 22.8795858 0.125328436
v 16.1687785 22.8669538 0.140502542
v 16.1814106 22.8585134 0.163212165
v 16.1275733 22.8944862 0.519999996
v 16.1858463 22.8555495 0.449999988
v 16.1498734 22.8795858 0.514671549
v 16.1687785 22.8669538 0.499497443
v 16.1814106 22.8585134 0.47678782
v 16.1059484 22.8653286 0.11999999
v 16.1601243 22.8208673 0.189999998
v 16.1266806 22.848314 0.125328436
v 16.1442565 22.8338897 0.140502542
v 16.1560004 22.8242517 0.163212165
v 16.1059484 22.8653286 0.519999996
v 16.1601243 22.8208673 0.449999988
v 16.1266806 22.848314 0.514671549
v 16.1442565 22.8338897 0.499497443
v 16.1560004 22.8242517 0.47678782
v 16.0815695 22.8384306 0.11999999
v 16.1311267 22.7888734 0.189999998
v 16.1005342 22.8194658 0.125328436
v 16.1166117 22.8033883 0.140502542
v 16.1273544 22.7926457 0.163212165
v 16.0815695 22.8384306 0.519999996
v 16.1311267 22.7888734 0.449999988
v 16.1005342 22.8194658 0.514671549
v 16.1166117 22.8033883 0.499497443
v 16.1273544 22.7926457 0.47678782
v 16.0546715 22.8140517 0.11999999
v 16.0991327 22.7598758 0.189999998
v 16.0716861 22.7933195 0.125328436
v 16.0861104 22.7757435 0.140502542
v 16.0957483 22.7639997 0.163212165
v 16.0546715 22.8140517 0.519999996
v 16.0991327 22.7598758 0.449999988
v 16.0716861 22.7933195 0.514671549
v 16.0861104 22.7757435 0.499497443
v 16.0957483 22.7639997 0.47678782
v 16.0255138 22.7924268 0.11999999
v 16.0644506 22.7341537 0.189999998
v 16.0404143 22.7701267 0.125328436
v 16.0530463 22.7512215 0.140502542
v 16.0614867 22.7385895 0.163212165
v 16.0255138 22.7924268 0.519999996
v 16.0644506 22.7341537 0.449999988
v 16.0404143 22.7701267 0.514671549
v 16.0530463 22.7512215 0.499497443
v 16.0614867 22.7385895 0.47678782
v 15.9943767 22.773764 0.11999999
v 16.0274143 22.711955 0.189999998
v 16.0070196 22.7501107 0.125328436
v 16.0177378 22.7300585 0.140502542
v 16.0248994 22.71666 0.163212165
v 15.9943767 22.773764 0.519999996
v 16.0274143 22.711955 0.449999988
v 16.0070196 22.7501107 0.514671549
v 16.0177378 22.7300584 0.499497443
v 16.0248994 22.71666 0.47678782
v 15.9615603 22.758243 0.11999999
v 15.9883804 22.6934934 0.189999998
v 15.9718239 22.7334644 0.125328436
v 15.980525 22.7124581 0.140502542
v 15.9863389 22.6984221 0.163212165
v 15.9615603 22.758243 0.519999996
v 15.9883804 22.6934934 0.449999988
v 15.9718239 22.7334644 0.514671549
v 15.980525 22.7124581 0.499497443
v 15.9863389 22.6984221 0.47678782
v 15.9273805 22.7460132 0.11999999
v 15.947725 22.6789466 0.189999998
v 15.935166 22.7203479 0.125328436
v 15.9417662 22.69859 0.140502542
v 15.9461763 22.6840518 0.163212165
v 15.9273805 22.7460132 0.519999996
v 15.947725 22.6789466 0.449999988
v 15.935166 22.7203479 0.514671549
v 15.9417662 22.69859 0.499497443
v 15.9461763 22.6840518 0.47678782
v 15.8921667 22.7371927 0.11999999
v 15.9058394 22.6684549 0.189999998
v 15.897399 22.7108878 0.125328436
v 15.9018348 22.6885877 0.140502542
v 15.9047987 22.6736872 0.163212165
v 15.8921667 22.7371927 0.519999996
v 15.9058394 22.6684549 0.449999988
v 15.897399 22.7108878 0.514671549
v 15.9018348 22.6885877 0.499497443
v 15.9047987 22.6736872 0.47678782
v 15.8562577 22.7318661 0.11999999
v 15.8631272 22.6621191 0.189999998
v 15.8588866 22.705175 0.125328436
v 15.8611152 22.6825475 0.140502542
v 15.8626043 22.6674283 0.163212165
v 15.8562577 22.7318661 0.519999996
v 15.8631272 22.6621191 0.449999988
v 15.8588866 22.705175 0.514671549
v 15.8611152 22.6825475 0.499497443
v 15.8626043 22.6674283 0.47678782
v 15.8199997 22.7300848 0.11999999
v 15.8199997 22.6600004 0.189999998
v 15.8199997 22.7032647 0.125328436
v 15.8199997 22.6805277 0.140502542
v 15.8199997 22.6653353 0.163212165
v 15.8199997 22.7300848 0.519999996
v 15.8199997 22.6600004 0.449999988
v 15.8199997 22.7032647 0.514671549
v 15.8199997 22.6805277 0.499497443
v 15.8199997 22.6653353 0.47678782
v 15.7837417 22.7318661 0.11999999
v 15.7768722 22.6621191 0.189999998
v 15.7811128 22.705175 0.125328436
v 15.7788842 22.6825475 0.140502542
v 15.7773951 22.6674283 0.163212165
v 15.7837417 22.7318661 0.519999996
v 15.7768722 22.6621191 0.449999988
v 15.7811128 22.705175 0.514671549
v 15.7788842 22.6825475 0.499497443
v 15.7773951 22.6674283 0.47678782
v 15.7478327 22.7371927 0.11999999
v 15.73416 22.6684549 0.189999998
v 15.7426004 22.7108878 0.125328436
v 15.7381646 22.6885877 0.140502542
v 15.7352007 22.6736872 0.163212165
v 15.7478327 22.7371927 0.519999996
v 15.73416 22.6684549 0.449999988
v 15.7426004 22.7108878 0.514671549
v 15.7381646 22.6885877 0.499497443
v 15.7352007 22.6736872 0.47678782
v 15.7126189 22.7460132 0.11999999
v 15.6922744 22.6789466 0.189999998
v 15.7048334 22.7203479 0.125328436
v 15.6982332 22.69859 0.140502542
v 15.6938231 22.6840518 0.163212165
v 15.7126189 22.7460132 0.519999996
v 15.6922744 22.6789466 0.449999988
v 15.7048334 22.7203479 0.514671549
v 15.6982332 22.69859 0.499497443
v 15.6938231 22.6840518 0.47678782
v 15.6784391 22.758243 0.11999999
v 15.651619 22.6934934 0.189999998
v 15.6681755 22.7334644 0.125328436
v 15.6594744 22.7124581 0.140502542
v 15.6536605 22.6984221 0.163212165
v 15.6784391 22.758243 0.519999996
v 15.651619 22.6934934 0.449999988
v 15.6681755 22.7334644 0.514671549
v 15.6594744 22.7124581 0.499497443
v 15.6536605 22.6984221 0.47678782
v 15.6456227 22.773764 0.11999999
v 15.6125851 22.711955 0.189999998
v 15.6329798 22.7501107 0.125328436
v 15.6222616 22.7300584 0.140502542
v 15.6151 22.71666 0.163212165
v 15.6456227 22.773764 0.519999996
v 15.6125851 22.711955 0.449999988
v 15.6329798 22.7501107 0.514671549
v 15.6222616 22.7300585 0.499497443
v 15.6151 22.71666 0.47678782
v 15.6144856 22.7924268 0.11999999
v 15.5755488 22.7341537 0.189999998
v 15.5995851 22.7701267 0.125328436
v 15.5869531 22.7512215 0.140502542
v 15.5785127 22.7385895 0.163212165
v 15.6144856 22.7924268 0.519999996
v 15.5755488 22.7341537 0.449999988
v 15.5995851 22.7701267 0.514671549
v 15.5869531 22.7512215 0.499497443
v 15.5785127 22.7385895 0.47678782
v 15.5853279 22.8140517 0.11999999
v 15.5408666 22.7598758 0.189999998
v 15.5683133 22.7933195 0.125328436
v 15.553889 22.7757435 0.140502542
v 15.5442511 22.7639997 0.163212165
v 15.5853279 22.8140517 0.519999996
v 15.5408666 22.7598758 0.449999988
v 15.5683133 22.7933195 0.514671549
v 15.553889 22.7757435 0.499497443
v 15.5442511 22.7639997 0.47678782
v 15.5584299 22.8384306 0.11999999
v 15.5088727 22.7888734 0.189999998
v 15.5394652 22.8194658 0.125328436
v 15.5233876 22.8033883 0.140502542
v 15.512645 22.7926457 0.163212165
v 15.5584299 22.8384306 0.519999996
v 15.5088727 22.7888734 0.449999988
v 15.5394652 22.8194658 0.514671549
v 15.5233876 22.8033883 0.499497443
v 15.512645 22.7926457 0.47678782
v 15.534051 22.8653286 0.11999999
v 15.4798751 22.8208673 0.189999998
v 15.5133188 22.848314 0.125328436
v 15.4957429 22.8338897 0.140502542
v 15.483999 22.8242517 0.163212165
v 15.534051 22.8653286 0.519999996
v 15.4798751 22.8208673 0.449999988
v 15.5133188 22.848314 0.514671549
v 15.4957429 22.8338897 0.499497443
v 15.483999 22.8242517 0.47678782
v 15.5124261 22.8944862 0.11999999
v 15.4541531 22.8555495 0.189999998
v 15.490126 22.8795858 0.125328436
v 15.4712209 22.8669538 0.140502542
v 15.4585888 22.8585134 0.163212165
v 15.5124261 22.8944862 0.519999996
v 15.4541531 22.8555495 0.449999988
v 15.490126 22.8795858 0.514671549
v 15.4712209 22.8669538 0.499497443
v 15.4585888 22.8585134 0.47678782
v 15.4937633 22.9256234 0.11999999
v 15.4319544 22.8925858 0.189999998
v 15.47011 22.9129804 0.125328436
v 15.4500578 22.9022623 0.140502542
v 15.4366593 22.8951007 0.163212165
v 15.4937633 22.9256234 0.519999996
v 15.4319544 22.8925858 0.449999988
v 15.47011 22.9129804 0.514671549
v 15.4500577 22.9022623 0.499497443
v 15.4366593 22.8951007 0.47678782
v 15.4782423 22.9584398 0.11999999
v 15.4134927 22.9316197 0.189999998
v 15.4534637 22.9481762 0.125328436
v 15.4324574 22.9394751 0.140502542
v 15.4184214 22.9336612 0.163212165
v 15.4782423 22.9584398 0.519999996
v 15.4134927 22.9316197 0.449999988
v 15.4534637 22.9481762 0.514671549
v 15.4324574 22.9394751 0.499497443
v 15.4184214 22.9336612 0.47678782
v 15.4660125 22.9926195 0.11999999
v 15.3989459 22.9722751 0.189999998
v 15.4403473 22.9848341 0.125328436
v 15.4185893 22.9782339 0.140502542
v 15.4040511 22.9738238 0.163212165
v 15.4660125 22.9926195 0.519999996
v 15.3989459 22.9722751 0.449999988
v 15.4403473 22.9848341 0.514671549
v 15.4185893 22.9782339 0.499497443
v 15.4040511 22.9738238 0.47678782
v 15.457192 23.0278334 0.11999999
v 15.3884542 23.0141606 0.189999998
v 15.4308871 23.022601 0.125328436
v 15.408587 23.0181653 0.140502542
v 15.3936865 23.0152014 0.163212165
v 15.457192 23.0278334 0.519999996
v 15.3884542 23.0141606 0.449999988
v 15.4308871 23.022601 0.514671549
v 15.408587 23.0181653 0.499497443
v 15.3936865 23.0152014 0.47678782
v 15.4518654 23.0637424 0.11999999
v 15.3821184 23.0568728 0.189999998
v 15.4251744 23.0611135 0.125328436
v 15.4025468 23.0588849 0.140502542
v 15.3874276 23.0573957 0.163212165
v 15.4518654 23.0637424 0.519999996
v 15.3821184 23.0568728 0.449999988
v 15.4251744 23.0611135 0.514671549
v 15.4025468 23.0588849 0.499497443
v 15.3874276 23.0573957 0.47678782
v 15.4500841 23.1000004 0.11999999
v 15.3799997 23.1000004 0.189999998
v 15.423264 23.1000004 0.125328436
v 15.400527 23.1000004 0.140502542
v 15.3853346 23.1000004 0.163212165
v 15.4500841 23.1000004 0.519999996
v 15.3799997 23.1000004 0.449999988
v 15.423264 23.1000004 0.514671549
v 15.400527 23.1000004 0.499497443
v 15.3853346 23.1000004 0.47678782
v 15.4518654 23.1362584 0.11999999
v 15.3821184 23.1431279 0.189999998
v 15.4251744 23.1388873 0.125328436
v 15.4025468 23.1411159 0.140502542
v 15.3874276 23.142605 0.163212165
v 15.4518654 23.1362584 0.519999996
v 15.3821184 23.1431279 0.449999988
v 15.4251744 23.1388872 0.514671549
v 15.4025468 23.1411159 0.499497443
v 15.3874276 23.142605 0.47678782
v 15.457192 23.1721674 0.11999999
v 15.3884542 23.1858401 0.189999998
v 15.4308871 23.1773997 0.125328436
v 15.408587 23.1818355 0.140502542
v 15.3936865 23.1847994 0.163212165
v 15.457192 23.1721674 0.519999996
v 15.3884542 23.1858401 0.449999988
v 15.4308871 23.1773997 0.514671549
v 15.408587 23.1818355 0.499497443
v 15.3936865 23.1847994 0.47678782
v 15.4660125 23.2073812 0.11999999
v 15.3989459 23.2277256 0.189999998
v 15.4403473 23.2151667 0.125328436
v 15.4185893 23.2217669 0.140502542
v 15.4040511 23.226177 0.163212165
v 15.4660125 23.2073812 0.519999996
v 15.3989459 23.2277256 0.449999988
v 15.4403473 23.2151667 0.514671549
v 15.4185893 23.2217669 0.499497443
v 15.4040511 23.226177 0.47678782
v 15.4782423 23.241561 0.11999999
v 15.4134927 23.2683811 0.189999998
v 15.4534637 23.2518246 0.125328436
v 15.4324574 23.2605257 0.140502542
v 15.4184214 23.2663396 0.163212165
v 15.4782423 23.241561 0.519999996
v 15.4134927 23.2683811 0.449999988
v 15.4534637 23.2518246 0.514671549
v 15.4324574 23.2605257 0.499497443
v 15.4184214 23.2663396 0.47678782
v 15.4937633 23.2743774 0.11999999
v 15.4319544 23.3074149 0.189999998
v 15.47011 23.2870203 0.125328436
v 15.4500577 23.2977385 0.140502542
v 15.4366593 23.3049001 0.163212165
v 15.4937633 23.2743774 0.519999996
v 15.4319544 23.3074149 0.449999988
v 15.47011 23.2870203 0.514671549
v 15.4500578 23.2977385 0.499497443
v 15.4366593 23.3049001 0.47678782
v 15.5124261 23.3055145 0.11999999
v 15.4541531 23.3444513 0.189999998
v 15.490126 23.320415 0.125328436
v 15.4712209 23.333047 0.140502542
v 15.4585888 23.3414874 0.163212165
v 15.5124261 23.3055145 0.519999996
v 15.4541531 23.3444513 0.449999988
v 15.490126 23.320415 0.514671549
v 15.4712209 23.333047 0.499497443
v 15.4585888 23.3414874 0.47678782
v 15.534051 23.3346722 0.11999999
v 15.4798751 23.3791334 0.189999998
v 15.5133188 23.3516868 0.125328436
v 15.4957429 23.366111 0.140502542
v 15.483999 23.375749 0.163212165
v 15.534051 23.3346722 0.519999996
v 15.4798751 23.3791334 0.449999988
v 15.5133188 23.3516868 0.514671549
v 15.4957429 23.366111 0.499497443
v 15.483999 23.375749 0.47678782
v 15.5584299 23.3615702 0.11999999
v 15.5088727 23.4111274 0.189999998
v 15.5394652 23.3805349 0.125328436
v 15.5233876 23.3966124 0.140502542
v 15.512645 23.4073551 0.163212165
v 15.5584299 23.3615702 0.519999996
v 15.5088727 23.4111274 0.449999988
v 15.5394652 23.3805349 0.514671549
v 15.5233876 23.3966124 0.499497443
v 15.512645 23.4073551 0.47678782
v 15.5853279 23.3859491 0.11999999
v 15.5408666 23.440125 0.189999998
v 15.5683133 23.4066813 0.125328436
v 15.553889 23.4242572 0.140502542
v 15.5442511 23.4360011 0.163212165
v 15.5853279 23.3859491 0.519999996
v 15.5408666 23.440125 0.449999988
v 15.5683133 23.4066813 0.514671549
v 15.553889 23.4242572 0.499497443
v 15.5442511 23.4360011 0.47678782
v 15.6144856 23.4075739 0.11999999
v 15.5755488 23.465847 0.189999998
v 15.5995851 23.4298741 0.125328436
v 15.5869531 23.4487792 0.140502542
v 15.5785127 23.4614112 0.163212165
v 15.6144856 23.4075739 0.519999996
v 15.5755488 23.465847 0.449999988
v 15.5995851 23.4298741 0.514671549
v 15.5869531 23.4487792 0.499497443
v 15.5785127 23.4614112 0.47678782
v 15.6456227 23.4262368 0.11999999
v 15.6125851 23.4880457 0.189999998
v 15.6329798 23.44989 0.125328436
v 15.6222616 23.4699423 0.140502542
v 15.6151 23.4833408 0.163212165
v 15.6456227 23.4262368 0.519999996
v 15.6125851 23.4880457 0.449999988
v 15.6329798 23.44989 0.514671549
v 15.6222616 23.4699423 0.499497443
v 15.6151 23.4833408 0.47678782
v 15.6784391 23.4417578 0.11999999
v 15.651619 23.5065074 0.189999998
v 15.6681755 23.4665364 0.125328436
v 15.6594744 23.4875427 0.140502542
v 15.6536605 23.5015786 0.163212165
v 15.6784391 23.4417578 0.519999996
v 15.651619 23.5065074 0.449999988
v 15.6681755 23.4665364 0.514671549
v 15.6594744 23.4875427 0.499497443
v 15.6536605 23.5015786 0.47678782
v 15.7126189 23.4539875 0.11999999
v 15.6922744 23.5210541 0.189999998
v 15.7048334 23.4796528 0.125328436
v 15.6982332 23.5014108 0.140502542
v 15.6938231 23.515949 0.163212165
v 15.7126189 23.4539875 0.519999996
v 15.6922744 23.5210541 0.449999988
v 15.7048334 23.4796528 0.514671549
v 15.6982332 23.5014108 0.499497443
v 15.6938231 23.515949 0.47678782
v 15.7478327 23.4628081 0.11999999
v 15.73416 23.5315459 0.189999998
v 15.7426004 23.4891129 0.125328436
v 15.7381646 23.5114131 0.140502542
v 15.7352007 23.5263136 0.163212165
v 15.7478327 23.4628081 0.519999996
v 15.73416 23.5315459 0.449999988
v 15.7426004 23.4891129 0.514671549
v 15.7381646 23.5114131 0.499497443
v 15.7352007 23.5263135 0.47678782
v 15.7837417 23.4681347 0.11999999
v 15.7768722 23.5378816 0.189999998
v 15.7811128 23.4948257 0.125328436
v 15.7788842 23.5174533 0.140502542
v 15.7773951 23.5325725 0.163212165
v 15.7837417 23.4681347 0.519999996
v 15.7768722 23.5378816 0.449999988
v 15.7811128 23.4948257 0.514671549
v 15.7788842 23.5174533 0.499497443
v 15.7773951 23.5325725 0.47678782
v 16.6800003 23.4399153 0.11999999
v 16.6800003 23.5099997 0.189999998
v 16.6800003 23.4667354 0.125328436
v 16.6800003 23.4894724 0.140502542
v 16.6800003 23.5046648 0.163212165
v 16.6800003 23.4399153 0.519999996
v 16.6800003 23.5099997 0.449999988
v 16.6800003 23.4667354 0.514671549
v 16.6800003 23.4894724 0.499497443
v 16.6800003 23.5046648 0.47678782
v 16.7162583 23.438134 0.11999999
v 16.7231278 23.507881 0.189999998
v 16.7188872 23.464825 0.125328436
v 16.7211158 23.4874526 0.140502542
v 16.7226049 23.5025718 0.163212165
v 16.7162583 23.438134 0.519999996
v 16.7231278 23.507881 0.449999988
v 16.7188872 23.464825 0.514671549
v 16.7211158 23.4874526 0.499497443
v 16.7226049 23.5025718 0.47678782
v 16.7521673 23.4328074 0.11999999
v 16.76584 23.5015452 0.189999998
v 16.7573996 23.4591123 0.125328436
v 16.7618354 23.4814124 0.140502542
v 16.7647993 23.4963129 0.163212165
v 16.7521673 23.4328074 0.519999996
v 16.76584 23.5015452 0.449999988
v 16.7573996 23.4591123 0.514671549
v 16.7618354 23.4814124 0.499497443
v 16.7647993 23.4963129 0.47678782
v 16.7873811 23.4239869 0.11999999
v 16.8077256 23.4910535 0.189999998
v 16.7951666 23.4496521 0.125328436
v 16.8017668 23.4714101 0.140502542
v 16.8061769 23.4859483 0.163212165
v 16.7873811 23.4239869 0.519999996
v 16.8077256 23.4910535 0.449999988
v 16.7951666 23.4496521 0.514671549
v 16.8017668 23.4714101 0.499497443
v 16.8061769 23.4859483 0.47678782
v 16.8215609 23.4117571 0.11999999
v 16.848381 23.4765067 0.189999998
v 16.8318245 23.4365357 0.125328436
v 16.8405256 23.457542 0.140502542
v 16.8463395 23.4715779 0.163212165
v 16.8215609 23.4117571 0.519999996
v 16.848381 23.4765067 0.449999988
v 16.8318245 23.4365357 0.514671549
v 16.8405256 23.457542 0.499497443
v 16.8463395 23.4715779 0.47678782
v 16.8543773 23.3962361 0.11999999
v 16.8874149 23.458045 0.189999998
v 16.8670202 23.4198894 0.125328436
v 16.8777384 23.4399416 0.140502542
v 16.8849 23.4533401 0.163212165
v 16.8543773 23.3962361 0.519999996
v 16.8874149 23.458045 0.449999988
v 16.8670202 23.4198894 0.514671549
v 16.8777384 23.4399416 0.499497443
v 16.8849 23.4533401 0.47678782
v 16.8855144 23.3775733 0.11999999
v 16.9244512 23.4358463 0.189999998
v 16.9004149 23.3998734 0.125328436
v 16.9130469 23.4187785 0.140502542
v 16.9214873 23.4314106 0.163212165
v 16.8855144 23.3775733 0.519999996
v 16.9244512 23.4358463 0.449999988
v 16.9004149 23.3998734 0.514671549
v 16.9130469 23.4187785 0.499497443
v 16.9214873 23.4314106 0.47678782
v 16.9146721 23.3559484 0.11999999
v 16.9591334 23.4101243 0.189999998
v 16.9316867 23.3766806 0.125328436
v 16.946111 23.3942565 0.140502542
v 16.9557489 23.4060004 0.163212165
v 16.9146721 23.3559484 0.519999996
v 16.9591334 23.4101243 0.449999988
v 16.9316867 23.3766806 0.514671549
v 16.946111 23.3942565 0.499497443
v 16.9557489 23.4060004 0.47678782
v 16.9415701 23.3315695 0.11999999
v 16.9911273 23.3811267 0.189999998
v 16.9605348 23.3505342 0.125328436
v 16.9766124 23.3666117 0.140502542
v 16.987355 23.3773544 0.163212165
v 16.9415701 23.3315695 0.519999996
v 16.9911273 23.3811267 0.449999988
v 16.9605348 23.3505342 0.514671549
v 16.9766124 23.3666117 0.499497443
v 16.987355 23.3773544 0.47678782
v 16.965949 23.3046715 0.11999999
v 17.0201249 23.3491327 0.189999998
v 16.9866812 23.3216861 0.125328436
v 17.0042571 23.3361104 0.140502542
v 17.016001 23.3457483 0.163212165
v 16.965949 23.3046715 0.519999996
v 17.0201249 23.3491327 0.449999988
v 16.9866812 23.3216861 0.514671549
v 17.0042571 23.3361104 0.499497443
v 17.016001 23.3457483 0.47678782
v 16.9875739 23.2755138 0.11999999
v 17.0458469 23.3144506 0.189999998
v 17.009874 23.2904143 0.125328436
v 17.0287791 23.3030463 0.140502542
v 17.0414112 23.3114867 0.163212165
v 16.9875739 23.2755138 0.519999996
v 17.0458469 23.3144506 0.449999988
v 17.009874 23.2904143 0.514671549
v 17.0287791 23.3030463 0.499497443
v 17.0414112 23.3114867 0.47678782
v 17.0062367 23.2443767 0.11999999
v 17.0680456 23.2774143 0.189999998
v 17.02989 23.2570196 0.125328436
v 17.0499422 23.2677378 0.140502542
v 17.0633407 23.2748994 0.163212165
v 17.0062367 23.2443767 0.519999996
v 17.0680456 23.2774143 0.449999988
v 17.02989 23.2570196 0.514671549
v 17.0499423 23.2677378 0.499497443
v 17.0633407 23.2748994 0.47678782
v 17.0217577 23.2115603 0.11999999
v 17.0865073 23.2383804 0.189999998
v 17.0465363 23.2218239 0.125328436
v 17.0675426 23.230525 0.140502542
v 17.0815786 23.2363389 0.163212165
v 17.0217577 23.2115603 0.519999996
v 17.0865073 23.2383804 0.449999988
v 17.0465363 23.2218239 0.514671549
v 17.0675426 23.230525 0.499497443
v 17.0815786 23.2363389 0.47678782
v 17.0339875 23.1773805 0.11999999
v 17.1010541 23.197725 0.189999998
v 17.0596527 23.185166 0.125328436
v 17.0814107 23.1917662 0.140502542
v 17.0959489 23.1961763 0.163212165
v 17.0339875 23.1773805 0.519999996
v 17.1010541 23.197725 0.449999988
v 17.0596527 23.185166 0.514671549
v 17.0814107 23.1917662 0.499497443
v 17.0959489 23.1961763 0.47678782
v 17.042808 23.1421667 0.11999999
v 17.1115458 23.1558394 0.189999998
v 17.0691129 23.147399 0.125328436
v 17.091413 23.1518348 0.140502542
v 17.1063135 23.1547987 0.163212165
v 17.042808 23.1421667 0.519999996
v 17.1115458 23.1558394 0.449999988
v 17.0691129 23.147399 0.514671549
v 17.091413 23.1518348 0.499497443
v 17.1063135 23.1547987 0.47678782
v 17.0481346 23.1062577 0.11999999
v 17.1178816 23.1131272 0.189999998
v 17.0748256 23.1088866 0.125328436
v 17.0974532 23.1111152 0.140502542
v 17.1125724 23.1126043 0.163212165
v 17.0481346 23.1062577 0.519999996
v 17.1178816 23.1131272 0.449999988
v 17.0748256 23.1088866 0.514671549
v 17.0974532 23.1111152 0.499497443
v 17.1125724 23.1126043 0.47678782
v 17.0499159 23.0699997 0.11999999
v 17.1200003 23.0699997 0.189999998
v 17.076736 23.0699997 0.125328436
v 17.099473 23.0699997 0.140502542
v 17.1146654 23.0699997 0.163212165
v 17.0499159 23.0699997 0.519999996
v 17.1200003 23.0699997 0.449999988
v 17.076736 23.0699997 0.514671549
v 17.099473 23.0699997 0.499497443
v 17.1146654 23.0699997 0.47678782
v 17.0481346 23.0337417 0.11999999
v 17.1178816 23.0268722 0.189999998
v 17.0748256 23.0311128 0.125328436
v 17.0974532 23.0288842 0.140502542
v 17.1125724 23.0273951 0.163212165
v 17.0481346 23.0337417 0.519999996
v 17.1178816 23.0268722 0.449999988
v 17.0748256 23.0311128 0.514671549
v 17.0974532 23.0288842 0.499497443
v 17.1125724 23.0273951 0.47678782
v 17.042808 22.9978327 0.11999999
v 17.1115458 22.98416 0.189999998
v 17.0691129 22.9926004 0.125328436
v 17.091413 22.9881646 0.140502542
v 17.1063135 22.9852007 0.163212165
v 17.042808 22.9978327 0.519999996
v 17.1115458 22.98416 0.449999988
v 17.0691129 22.9926004 0.514671549
v 17.091413 22.9881646 0.499497443
v 17.1063135 22.9852007 0.47678782
v 17.0339875 22.9626189 0.11999999
v 17.1010541 22.9422744 0.189999998
v 17.0596527 22.9548334 0.125328436
v 17.0814107 22.9482332 0.140502542
v 17.0959489 22.9438231 0.163212165
v 17.0339875 22.9626189 0.519999996
v 17.1010541 22.9422744 0.449999988
v 17.0596527 22.9548334 0.514671549
v 17.0814107 22.9482332 0.499497443
v 17.0959489 22.9438231 0.47678782
v 17.0217577 22.9284391 0.11999999
v 17.0865073 22.901619 0.189999998
v 17.0465363 22.9181755 0.125328436
v 17.0675426 22.9094744 0.140502542
v 17.0815786 22.9036605 0.163212165
v 17.0217577 22.9284391 0.519999996
v 17.0865073 22.901619 0.449999988
v 17.0465363 22.9181755 0.514671549
v 17.0675426 22.9094744 0.499497443
v 17.0815786 22.9036605 0.47678782
v 17.0062367 22.8956227 0.11999999
v 17.0680456 22.8625851 0.189999998
v 17.02989 22.8829798 0.125328436
v 17.0499423 22.8722616 0.140502542
v 17.0633407 22.8651 0.163212165
v 17.0062367 22.8956227 0.519999996
v 17.0680456 22.8625851 0.449999988
v 17.02989 22.8829798 0.514671549
v 17.0499422 22.8722616 0.499497443
v 17.0633407 22.8651 0.47678782
v 16.9875739 22.8644856 0.11999999
v 17.0458469 22.8255488 0.189999998
v 17.009874 22.8495851 0.125328436
v 17.0287791 22.8369531 0.140502542
v 17.0414112 22.8285127 0.163212165
v 16.9875739 22.8644856 0.519999996
v 17.0458469 22.8255488 0.449999988
v 17.009874 22.8495851 0.514671549
v 17.0287791 22.8369531 0.499497443
v 17.0414112 22.8285127 0.47678782
v 16.965949 22.8353279 0.11999999
v 17.0201249 22.7908666 0.189999998
v 16.9866812 22.8183133 0.125328436
v 17.0042571 22.803889 0.140502542
v 17.016001 22.7942511 0.163212165
v 16.965949 22.8353279 0.519999996
v 17.0201249 22.7908666 0.449999988
v 16.9866812 22.8183133 0.514671549
v 17.0042571 22.803889 0.499497443
v 17.016001 22.7942511 0.47678782
v 16.9415701 22.8084299 0.11999999
v 16.9911273 22.7588727 0.189999998
v 16.9605348 22.7894652 0.125328436
v 16.9766124 22.7733876 0.140502542
v 16.987355 22.762645 0.163212165
v 16.9415701 22.8084299 0.519999996
v 16.9911273 22.7588727 0.449999988
v 16.9605348 22.7894652 0.514671549
v 16.9766124 22.7733876 0.499497443
v 16.987355 22.762645 0.47678782
v 16.9146721 22.784051 0.11999999
v 16.9591334 22.7298751 0.189999998
v 16.9316867 22.7633188 0.125328436
v 16.946111 22.7457429 0.140502542
v 16.9557489 22.733999 0.163212165
v 16.9146721 22.784051 0.519999996
v 16.9591334 22.7298751 0.449999988
v 16.9316867 22.7633188 0.514671549
v 16.946111 22.7457429 0.499497443
v 16.9557489 22.733999 0.47678782
v 16.8855144 22.7624261 0.11999999
v 16.9244512 22.7041531 0.189999998
v 16.9004149 22.740126 0.125328436
v 16.9130469 22.7212209 0.140502542
v 16.9214873 22.7085888 0.163212165
v 16.8855144 22.7624261 0.519999996
v 16.9244512 22.7041531 0.449999988
v 16.9004149 22.740126 0.514671549
v 16.9130469 22.7212209 0.499497443
v 16.9214873 22.7085888 0.47678782
v 16.8543773 22.7437633 0.11999999
v 16.8874149 22.6819544 0.189999998
v 16.8670202 22.72011 0.125328436
v 16.8777384 22.7000578 0.140502542
v 16.8849 22.6866593 0.163212165
v 16.8543773 22.7437633 0.519999996
v 16.8874149 22.6819544 0.449999988
v 16.8670202 22.72011 0.514671549
v 16.8777384 22.7000577 0.499497443
v 16.8849 22.6866593 0.47678782
v 16.8215609 22.7282423 0.11999999
v 16.848381 22.6634927 0.189999998
v 16.8318245 22.7034637 0.125328436
v 16.8405256 22.6824574 0.140502542
v 16.8463395 22.6684214 0.163212165
v 16.8215609 22.7282423 0.519999996
v 16.848381 22.6634927 0.449999988
v 16.8318245 22.7034637 0.514671549
v 16.8405256 22.6824574 0.499497443
v 16.8463395 22.6684214 0.47678782
v 16.7873811 22.7160125 0.11999999
v 16.8077256 22.6489459 0.189999998
v 16.7951666 22.6903473 0.125328436
v 16.8017668 22.6685893 0.140502542
v 16.8061769 22.6540511 0.163212165
v 16.7873811 22.7160125 0.519999996
v 16.8077256 22.6489459 0.449999988
v 16.7951666 22.6903473 0.514671549
v 16.8017668 22.6685893 0.499497443
v 16.8061769 22.6540511 0.47678782
v 16.7521673 22.707192 0.11999999
v 16.76584 22.6384542 0.189999998
v 16.7573996 22.6808871 0.125328436
v 16.7618354 22.658587 0.140502542
v 16.7647993 22.6436865 0.163212165
v 16.7521673 22.707192 0.519999996
v 16.76584 22.6384542 0.449999988
v 16.7573996 22.6808871 0.514671549
v 16.7618354 22.658587 0.499497443
v 16.7647993 22.6436865 0.47678782
v 16.7162583 22.7018654 0.11999999
v 16.7231278 22.6321184 0.189999998
v 16.7188872 22.6751744 0.125328436
v 16.7211158 22.6525468 0.140502542
v 16.7226049 22.6374276 0.163212165
v 16.7162583 22.7018654 0.519999996
v 16.7231278 22.6321184 0.449999988
v 16.7188872 22.6751744 0.514671549
v 16.7211158 22.6525468 0.499497443
v 16.7226049 22.6374276 0.47678782
v 16.6800003 22.7000841 0.11999999
v 16.6800003 22.6299997 0.189999998
v 16.6800003 22.673264 0.125328436
v 16.6800003 22.650527 0.140502542
v 16.6800003 22.6353346 0.163212165
v 16.6800003 22.7000841 0.519999996
v 16.6800003 22.6299997 0.449999988
v 16.6800003 22.673264 0.514671549
v 16.6800003 22.650527 0.499497443
v 16.6800003 22.6353346 0.47678782
v 16.6437423 22.7018654 0.11999999
v 16.6368728 22.6321184 0.189999998
v 16.6411134 22.6751744 0.125328436
v 16.6388848 22.6525468 0.140502542
v 16.6373957 22.6374276 0.163212165
v 16.6437423 22.7018654 0.519999996
v 16.6368728 22.6321184 0.449999988
v 16.6411134 22.6751744 0.514671549
v 16.6388848 22.6525468 0.499497443
v 16.6373957 22.6374276 0.47678782
v 16.6078333 22.707192 0.11999999
v 16.5941606 22.6384542 0.189999998
v 16.602601 22.6808871 0.125328436
v 16.5981652 22.658587 0.140502542
v 16.5952013 22.6436865 0.163212165
v 16.6078333 22.707192 0.519999996
v 16.5941606 22.6384542 0.449999988
v 16.602601 22.6808871 0.514671549
v 16.5981652 22.658587 0.499497443
v 16.5952013 22.6436865 0.47678782
v 16.5726195 22.7160125 0.11999999
v 16.552275 22.6489459 0.189999998
v 16.564834 22.6903473 0.125328436
v 16.5582338 22.6685893 0.140502542
v 16.5538237 22.6540511 0.163212165
v 16.5726195 22.7160125 0.519999996
v 16.552275 22.6489459 0.449999988
v 16.564834 22.6903473 0.514671549
v 16.5582338 22.6685893 0.499497443
v 16.5538237 22.6540511 0.47678782
v 16.5384397 22.7282423 0.11999999
v 16.5116196 22.6634927 0.189999998
v 16.5281761 22.7034637 0.125328436
v 16.519475 22.6824574 0.140502542
v 16.5136611 22.6684214 0.163212165
v 16.5384397 22.7282423 0.519999996
v 16.5116196 22.6634927 0.449999988
v 16.5281761 22.7034637 0.514671549
v 16.519475 22.6824574 0.499497443
v 16.5136611 22.6684214 0.47678782
v 16.5056233 22.7437633 0.11999999
v 16.4725857 22.6819544 0.189999998
v 16.4929804 22.72011 0.125328436
v 16.4822622 22.7000577 0.140502542
v 16.4751006 22.6866593 0.163212165
v 16.5056233 22.7437633 0.519999996
v 16.4725857 22.6819544 0.449999988
v 16.4929804 22.72011 0.514671549
v 16.4822622 22.7000578 0.499497443
v 16.4751006 22.6866593 0.47678782
v 16.4744862 22.7624261 0.11999999
v 16.4355494 22.7041531 0.189999998
v 16.4595857 22.740126 0.125328436
v 16.4469537 22.7212209 0.140502542
v 16.4385133 22.7085888 0.163212165
v 16.4744862 22.7624261 0.519999996
v 16.4355494 22.7041531 0.449999988
v 16.4595857 22.740126 0.514671549
v 16.4469537 22.7212209 0.499497443
v 16.4385133 22.7085888 0.47678782
v 16.4453285 22.784051 0.11999999
v 16.4008673 22.7298751 0.189999998
v 16.4283139 22.7633188 0.125328436
v 16.4138896 22.7457429 0.140502542
v 16.4042517 22.733999 0.163212165
v 16.4453285 22.784051 0.519999996
v 16.4008673 22.7298751 0.449999988
v 16.4283139 22.7633188 0.514671549
v 16.4138896 22.7457429 0.499497443
v 16.4042517 22.733999 0.47678782
v 16.4184305 22.8084299 0.11999999
v 16.3688733 22.7588727 0.189999998
v 16.3994658 22.7894652 0.125328436
v 16.3833883 22.7733876 0.140502542
v 16.3726456 22.762645 0.163212165
v 16.4184305 22.8084299 0.519999996
v 16.3688733 22.7588727 0.449999988
v 16.3994658 22.7894652 0.514671549
v 16.3833883 22.7733876 0.499497443
v 16.3726456 22.762645 0.47678782
v 16.3940516 22.8353279 0.11999999
v 16.3398757 22.7908666 0.189999998
v 16.3733194 22.8183133 0.125328436
v 16.3557435 22.803889 0.140502542
v 16.3439996 22.7942511 0.163212165
v 16.3940516 22.8353279 0.519999996
v 16.3398757 22.7908666 0.449999988
v 16.3733194 22.8183133 0.514671549
v 16.3557435 22.803889 0.499497443
v 16.3439996 22.7942511 0.47678782
v 16.3724267 22.8644856 0.11999999
v 16.3141537 22.8255488 0.189999998
v 16.3501266 22.8495851 0.125328436
v 16.3312215 22.8369531 0.140502542
v 16.3185894 22.8285127 0.163212165
v 16.3724267 22.8644856 0.519999996
v 16.3141537 22.8255488 0.449999988
v 16.3501266 22.8495851 0.514671549
v 16.3312215 22.8369531 0.499497443
v 16.3185894 22.8285127 0.47678782
v 16.3537639 22.8956227 0.11999999
v 16.291955 22.8625851 0.189999998
v 16.3301106 22.8829798 0.125328436
v 16.3100584 22.8722616 0.140502542
v 16.2966599 22.8651 0.163212165
v 16.3537639 22.8956227 0.519999996
v 16.291955 22.8625851 0.449999988
v 16.3301106 22.8829798 0.514671549
v 16.3100584 22.8722616 0.499497443
v 16.2966599 22.8651 0.47678782
v 16.3382429 22.9284391 0.11999999
v 16.2734933 22.901619 0.189999998
v 16.3134643 22.9181755 0.125328436
v 16.292458 22.9094744 0.140502542
v 16.2784221 22.9036605 0.163212165
v 16.3382429 22.9284391 0.519999996
v 16.2734933 22.901619 0.449999988
v 16.3134643 22.9181755 0.514671549
v 16.292458 22.9094744 0.499497443
v 16.2784221 22.9036605 0.47678782
v 16.3260131 22.9626189 0.11999999
v 16.2589465 22.9422744 0.189999998
v 16.3003479 22.9548334 0.125328436
v 16.2785899 22.9482332 0.140502542
v 16.2640517 22.9438231 0.163212165
v 16.3260131 22.9626189 0.519999996
v 16.2589465 22.9422744 0.449999988
v 16.3003479 22.9548334 0.514671549
v 16.2785899 22.9482332 0.499497443
v 16.2640517 22.9438231 0.47678782
v 16.3171926 22.9978327 0.11999999
v 16.2484548 22.98416 0.189999998
v 16.2908877 22.9926004 0.125328436
v 16.2685876 22.9881646 0.140502542
v 16.2536871 22.9852007 0.163212165
v 16.3171926 22.9978327 0.519999996
v 16.2484548 22.98416 0.449999988
v 16.2908877 22.9926004 0.514671549
v 16.2685876 22.9881646 0.499497443
v 16.2536871 22.9852007 0.47678782
v 16.311866 23.0337417 0.11999999
v 16.242119 23.0268722 0.189999998
v 16.285175 23.0311128 0.125328436
v 16.2625474 23.0288842 0.140502542
v 16.2474282 23.0273951 0.163212165
v 16.311866 23.0337417 0.519999996
v 16.242119 23.0268722 0.449999988
v 16.285175 23.0311128 0.514671549
v 16.2625474 23.0288842 0.499497443
v 16.2474282 23.0273951 0.47678782
v 16.3100847 23.0699997 0.11999999
v 16.2400003 23.0699997 0.189999998
v 16.2832646 23.0699997 0.125328436
v 16.2605276 23.0699997 0.140502542
v 16.2453352 23.0699997 0.163212165
v 16.3100847 23.0699997 0.519999996
v 16.2400003 23.0699997 0.449999988
v 16.2832646 23.0699997 0.514671549
v 16.2605276 23.0699997 0.499497443
v 16.2453352 23.0699997 0.47678782
v 16.311866 23.1062577 0.11999999
v 16.242119 23.1131272 0.189999998
v 16.285175 23.1088866 0.125328436
v 16.2625474 23.1111152 0.140502542
v 16.2474282 23.1126043 0.163212165
v 16.311866 23.1062577 0.519999996
v 16.242119 23.1131272 0.449999988
v 16.285175 23.1088866 0.514671549
v 16.2625474 23.1111152 0.499497443
v 16.2474282 23.1126043 0.47678782
v 16.3171926 23.1421667 0.11999999
v 16.2484548 23.1558394 0.189999998
v 16.2908877 23.147399 0.125328436
v 16.2685876 23.1518348 0.140502542
v 16.2536871 23.1547987 0.163212165
v 16.3171926 23.1421667 0.519999996
v 16.2484548 23.1558394 0.449999988
v 16.2908877 23.147399 0.514671549
v 16.2685876 23.1518348 0.499497443
v 16.2536871 23.1547987 0.47678782
v 16.3260131 23.1773805 0.11999999
v 16.2589465 23.197725 0.189999998
v 16.3003479 23.185166 0.125328436
v 16.2785899 23.1917662 0.140502542
v 16.2640517 23.1961763 0.163212165
v 16.3260131 23.1773805 0.519999996
v 16.2589465 23.197725 0.449999988
v 16.3003479 23.185166 0.514671549
v 16.2785899 23.1917662 0.499497443
v 16.2640517 23.1961763 0.47678782
v 16.3382429 23.2115603 0.11999999
v 16.2734933 23.2383804 0.189999998
v 16.3134643 23.2218239 0.125328436
v 16.292458 23.230525 0.140502542
v 16.2784221 23.2363389 0.163212165
v 16.3382429 23.2115603 0.519999996
v 16.2734933 23.2383804 0.449999988
v 16.3134643 23.2218239 0.514671549
v 16.292458 23.230525 0.499497443
v 16.2784221 23.2363389 0.47678782
v 16.3537639 23.2443767 0.11999999
v 16.291955 23.2774143 0.189999998
v 16.3301106 23.2570196 0.125328436
v 16.3100584 23.2677378 0.140502542
v 16.2966599 23.2748994 0.163212165
v 16.3537639 23.2443767 0.519999996
v 16.291955 23.2774143 0.449999988
v 16.3301106 23.2570196 0.514671549
v 16.3100584 23.2677378 0.499497443
v 16.2966599 23.2748994 0.47678782
v 16.3724267 23.2755138 0.11999999
v 16.3141537 23.3144506 0.189999998
v 16.3501266 23.2904143 0.125328436
v 16.3312215 23.3030463 0.140502542
v 16.3185894 23.3114867 0.163212165
v 16.3724267 23.2755138 0.519999996
v 16.3141537 23.3144506 0.449999988
v 16.3501266 23.2904143 0.514671549
v 16.3312215 23.3030463 0.499497443
v 16.3185894 23.3114867 0.47678782
v 16.3940516 23.3046715 0.11999999
v 16.3398757 23.3491327 0.189999998
v 16.3733194 23.3216861 0.125328436
v 16.3557435 23.3361104 0.140502542
v 16.3439996 23.3457483 0.163212165
v 16.3940516 23.3046715 0.519999996
v 16.3398757 23.3491327 0.449999988
v 16.3733194 23.3216861 0.514671549
v 16.3557435 23.3361104 0.499497443
v 16.3439996 23.3457483 0.47678782
v 16.4184305 23.3315695 0.11999999
v 16.3688733 23.3811267 0.189999998
v 16.3994658 23.3505342 0.125328436
v 16.3833883 23.3666117 0.140502542
v 16.3726456 23.3773544 0.163212165
v 16.4184305 23.3315695 0.519999996
v 16.3688733 23.3811267 0.449999988
v 16.3994658 23.3505342 0.514671549
v 16.3833883 23.3666117 0.499497443
v 16.3726456 23.3773544 0.47678782
v 16.4453285 23.3559484 0.11999999
v 16.4008673 23.4101243 0.189999998
v 16.4283139 23.3766806 0.125328436
v 16.4138896 23.3942565 0.140502542
v 16.4042517 23.4060004 0.163212165
v 16.4453285 23.3559484 0.519999996
v 16.4008673 23.4101243 0.449999988
v 16.4283139 23.3766806 0.514671549
v 16.4138896 23.3942565 0.499497443
v 16.4042517 23.4060004 0.47678782
v 16.4744862 23.3775733 0.11999999
v 16.4355494 23.4358463 0.189999998
v 16.4595857 23.3998734 0.125328436
v 16.4469537 23.4187785 0.140502542
v 16.4385133 23.4314106 0.163212165
v 16.4744862 23.3775733 0.519999996
v 16.4355494 23.4358463 0.449999988
v 16.4595857 23.3998734 0.514671549
v 16.4469537 23.4187785 0.499497443
v 16.4385133 23.4314106 0.47678782
v 16.5056233 23.3962361 0.11999999
v 16.4725857 23.458045 0.189999998
v 16.4929804 23.4198894 0.125328436
v 16.4822622 23.4399416 0.140502542
v 16.4751006 23.4533401 0.163212165
v 16.5056233 23.3962361 0.519999996
v 16.4725857 23.458045 0.449999988
v 16.4929804 23.4198894 0.514671549
v 16.4822622 23.4399416 0.499497443
v 16.4751006 23.4533401 0.47678782
v 16.5384397 23.4117571 0.11999999
v 16.5116196 23.4765067 0.189999998
v 16.5281761 23.4365357 0.125328436
v 16.519475 23.457542 0.140502542
v 16.5136611 23.4715779 0.163212165
v 16.5384397 23.4117571 0.519999996
v 16.5116196 23.4765067 0.449999988
v 16.5281761 23.4365357 0.514671549
v 16.519475 23.457542 0.499497443
v 16.5136611 23.4715779 0.47678782
v 16.5726195 23.4239869 0.11999999
v 16.552275 23.4910535 0.189999998
v 16.564834 23.4496521 0.125328436
v 16.5582338 23.4714101 0.140502542
v 16.5538237 23.4859483 0.163212165
v 16.5726195 23.4239869 0.519999996
v 16.552275 23.4910535 0.449999988
v 16.564834 23.4496521 0.514671549
v 16.5582338 23.4714101 0.499497443
v 16.5538237 23.4859483 0.47678782
v 16.6078333 23.4328074 0.11999999
v 16.5941606 23.5015452 0.189999998
v 16.602601 23.4591123 0.125328436
v 16.5981652 23.4814124 0.140502542
v 16.5952013 23.4963129 0.163212165
v 16.6078333 23.4328074 0.519999996
v 16.5941606 23.5015452 0.449999988
v 16.602601 23.4591123 0.514671549
v 16.5981652 23.4814124 0.499497443
v 16.5952013 23.4963129 0.47678782
v 16.6437423 23.438134 0.11999999
v 16.6368728 23.507881 0.189999998
v 16.6411134 23.464825 0.125328436
v 16.6388848 23.4874526 0.140502542
v 16.6373957 23.5025718 0.163212165
v 16.6437423 23.438134 0.519999996
v 16.6368728 23.507881 0.449999988
v 16.6411134 23.464825 0.514671549
v 16.6388848 23.4874526 0.499497443
v 16.6373957 23.5025718 0.47678782
v 17.0395164 23.1201668 0.398000002
v 17.0067406 23.1438389 0.398000002
v 17.0344925 23.1477356 0.370000005
v 17.0249901 23.1219101 0.398000002
v 17.0388489 23.1238575 0.384018362
v 17.024929 23.125576 0.384610087
v 17.0104504 23.1443653 0.384018362
v 17.0129604 23.1306 0.398000002
v 17.0164585 23.1316929 0.384610087
v 17.0370045 23.133976 0.373740703
v 17.0206375 23.1457958 0.373740703
v 17.0236301 23.1327 0.377374291
v 17.0066509 23.1443253 0.398000002
v 17.0339775 23.1505432 0.370000005
v 17.0103111 23.1451569 0.384000003
v 17.0203133 23.1474342 0.373751283
v 16.9991531 23.1718159 0.398000002
v 17.0258522 23.1803341 0.370000005
v 17.0027313 23.1729565 0.384000003
v 17.0125027 23.176075 0.373751283
v 16.9893456 23.1985703 0.398000002
v 17.0152245 23.2093258 0.370000005
v 16.9928131 23.2000122 0.384000003
v 17.002285 23.203949 0.373751283
v 16.9773006 23.2243938 0.398000002
v 17.0021725 23.2373104 0.370000005
v 16.9806328 23.2261238 0.384000003
v 16.9897366 23.2308521 0.373751283
v 16.9631042 23.2490997 0.398000002
v 16.9867878 23.264082 0.370000005
v 16.9662781 23.2511063 0.384000003
v 16.9749451 23.2565918 0.373751283
v 16.9468594 23.2725105 0.398000002
v 16.9691849 23.2894516 0.370000005
v 16.949852 23.2747803 0.384000003
v 16.9580231 23.280983 0.373751283
v 16.9286842 23.2944565 0.398000002
v 16.9494896 23.3132343 0.370000005
v 16.9314709 23.2969723 0.384000003
v 16.939085 23.3038445 0.373751283
v 16.9087105 23.3147793 0.398000002
v 16.9278431 23.3352566 0.370000005
v 16.9112759 23.317524 0.384000003
v 16.9182777 23.3250198 0.373751283
v 16.8870811 23.3333302 0.398000002
v 16.9044056 23.35536 0.370000005
v 16.8894024 23.3362827 0.384000003
v 16.8957443 23.3443451 0.373751283
v 16.8639526 23.3499756 0.398000002
v 16.8793411 23.3733978 0.370000005
v 16.8660145 23.3531151 0.384000003
v 16.8716469 23.3616867 0.373751283
v 16.8394947 23.3645954 0.398000002
v 16.8528385 23.3892403 0.370000005
v 16.8412838 23.3678989 0.384000003
v 16.8461666 23.3769188 0.373751283
v 16.8138828 23.3770828 0.398000002
v 16.8250828 23.4027729 0.370000005
v 16.8153839 23.3805237 0.384000003
v 16.8194828 23.3899269 0.373751283
v 16.787302 23.3873501 0.398000002
v 16.796278 23.4138985 0.370000005
v 16.7885036 23.3909054 0.384000003
v 16.79179 23.4006233 0.373751283
v 16.7599449 23.3953209 0.398000002
v 16.7666321 23.4225368 0.370000005
v 16.7608414 23.3989658 0.384000003
v 16.7632885 23.4089279 0.373751283
v 16.7320099 23.400938 0.398000002
v 16.7363605 23.4286232 0.370000005
v 16.7325916 23.404644 0.384000003
v 16.7341843 23.4147797 0.373751283
v 16.7036972 23.4041615 0.398000002
v 16.7056789 23.4321175 0.370000005
v 16.7039623 23.4079075 0.384000003
v 16.704689 23.4181404 0.373751283
v 16.6752129 23.4049664 0.398000002
v 16.6748123 23.4329891 0.370000005
v 16.6751595 23.4087219 0.384000003
v 16.6750126 23.4189796 0.373751283
v 16.6467648 23.403347 0.398000002
v 16.6439838 23.4312344 0.370000005
v 16.6463928 23.4070816 0.384000003
v 16.6453743 23.4172897 0.373751283
v 16.618557 23.3993168 0.398000002
v 16.6134167 23.4268665 0.370000005
v 16.6178684 23.4030075 0.384000003
v 16.6159859 23.4130917 0.373751283
v 16.5907917 23.3929043 0.398000002
v 16.5833282 23.4199181 0.370000005
v 16.5897923 23.3965225 0.384000003
v 16.5870609 23.4064102 0.373751283
v 16.5636749 23.3841553 0.398000002
v 16.5539436 23.4104366 0.370000005
v 16.5623703 23.3876781 0.384000003
v 16.5588093 23.3972969 0.373751283
v 16.5373974 23.3731327 0.398000002
v 16.5254669 23.3984928 0.370000005
v 16.535799 23.3765297 0.384000003
v 16.5314331 23.3858109 0.373751283
v 16.5121517 23.3599167 0.398000002
v 16.4981098 23.3841705 0.370000005
v 16.5102692 23.3631668 0.384000003
v 16.5051308 23.3720436 0.373751283
v 16.488121 23.3446045 0.398000002
v 16.4720688 23.3675766 0.370000005
v 16.4859695 23.347683 0.384000003
v 16.4800949 23.3560905 0.373751283
v 16.4654789 23.3273048 0.398000002
v 16.4475327 23.3488312 0.370000005
v 16.4630737 23.3301888 0.384000003
v 16.4565048 23.3380699 0.373751283
v 16.4443893 23.3081436 0.398000002
v 16.4246788 23.3280659 0.370000005
v 16.4417496 23.310812 0.384000003
v 16.434536 23.3181038 0.373751283
v 16.4250031 23.2872601 0.398000002
v 16.4036713 23.3054352 0.370000005
v 16.4221439 23.2896957 0.384000003
v 16.4143372 23.2963486 0.373751283
v 16.4074631 23.2648029 0.398000002
v 16.3846626 23.2810993 0.370000005
v 16.4044075 23.2669868 0.384000003
v 16.3960629 23.2729511 0.373751283
v 16.3918934 23.2409382 0.398000002
v 16.3677902 23.2552395 0.370000005
v 16.3886623 23.2428551 0.384000003
v 16.3798409 23.2480888 0.373751283
v 16.3784084 23.2158356 0.398000002
v 16.353178 23.228035 0.370000005
v 16.3750286 23.2174702 0.384000003
v 16.3657932 23.2219353 0.373751283
v 16.3671074 23.1896782 0.398000002
v 16.3409309 23.1996899 0.370000005
v 16.3636017 23.1910191 0.384000003
v 16.3540192 23.1946831 0.373751283
v 16.366951 23.189209 0.398000002
v 16.3311615 23.1703987 0.398000002
v 16.3400249 23.1969833 0.370000005
v 16.3589249 23.176981 0.398000002
v 16.3633499 23.1902542 0.384018362
v 16.3556137 23.1785564 0.384610087
v 16.3323421 23.1739578 0.384018362
v 16.345787 23.1700764 0.398000002
v 16.346365 23.1736946 0.384610087
v 16.353466 23.1931095 0.373740703
v 16.3355961 23.1837158 0.373740703
v 16.3486557 23.1805649 0.377374291
v 17.0929985 23.1276283 0.398000002
v 17.087923 23.1551914 0.370000005
v 17.1156845 23.1590405 0.398000002
v 17.0923176 23.1313152 0.384018362
v 17.1061802 23.1332378 0.398000002
v 17.104929 23.1367359 0.384610087
v 17.1017818 23.1571178 0.373740703
v 17.0904541 23.1414318 0.373740703
v 17.1036167 23.1438599 0.377374291
v 17.1145058 23.1447678 0.398000002
v 17.1119728 23.1585312 0.384018362
v 17.1107922 23.1448536 0.384610087
v 17.0865822 23.1625118 0.370000005
v 17.1139088 23.1687298 0.398000002
v 17.1002464 23.1656208 0.373751283
v 17.1102486 23.1678963 0.384000003
v 17.0772495 23.1967297 0.370000005
v 17.1039486 23.2052479 0.398000002
v 17.0905991 23.2009888 0.373751283
v 17.1003723 23.2041073 0.384000003
v 17.0650425 23.230032 0.370000005
v 17.0909214 23.2407875 0.398000002
v 17.0779819 23.2354088 0.373751283
v 17.0874538 23.2393456 0.384000003
v 17.0500507 23.2621727 0.370000005
v 17.0749226 23.2750893 0.398000002
v 17.0624866 23.268631 0.373751283
v 17.0715904 23.2733593 0.384000003
v 17.0323811 23.2929268 0.370000005
v 17.0560646 23.307909 0.398000002
v 17.0442238 23.3004189 0.373751283
v 17.0528946 23.3059025 0.384000003
v 17.0121593 23.3220673 0.370000005
v 17.0344849 23.3390083 0.398000002
v 17.0233231 23.3305397 0.373751283
v 17.0314941 23.3367386 0.384000003
v 16.9895382 23.3493805 0.370000005
v 17.0103416 23.3681583 0.398000002
v 16.9999371 23.3587666 0.373751283
v 17.0075531 23.3656406 0.384000003
v 16.9646759 23.3746758 0.370000005
v 16.9838085 23.395153 0.398000002
v 16.9742432 23.3849144 0.373751283
v 16.981245 23.3924103 0.384000003
v 16.9377537 23.3977661 0.370000005
v 16.9550781 23.419796 0.398000002
v 16.9464149 23.4087811 0.373751283
v 16.9527569 23.4168434 0.384000003
v 16.908968 23.4184856 0.370000005
v 16.9243565 23.4419079 0.398000002
v 16.9166622 23.4301968 0.373751283
v 16.9222946 23.4387703 0.384000003
v 16.8785229 23.4366837 0.370000005
v 16.8918667 23.4613285 0.398000002
v 16.8851948 23.4490051 0.373751283
v 16.8900776 23.458025 0.384000003
v 16.8466454 23.4522266 0.370000005
v 16.8578453 23.4779167 0.398000002
v 16.8522453 23.4650726 0.373751283
v 16.8563461 23.4744759 0.384000003
v 16.8135586 23.4650059 0.370000005
v 16.8225346 23.4915543 0.398000002
v 16.8180466 23.4782791 0.373751283
v 16.821331 23.4879951 0.384000003
v 16.7795086 23.4749279 0.370000005
v 16.7861958 23.5021439 0.398000002
v 16.7828522 23.4885368 0.373751283
v 16.7853012 23.4984989 0.384000003
v 16.7447357 23.4819183 0.370000005
v 16.7490864 23.5096035 0.398000002
v 16.746912 23.4957619 0.373751283
v 16.7485046 23.5058956 0.384000003
v 16.7094955 23.4859295 0.370000005
v 16.7114773 23.5138855 0.398000002
v 16.7104874 23.4999104 0.373751283
v 16.7112122 23.5101433 0.384000003
v 16.6740417 23.4869328 0.370000005
v 16.6736412 23.5149555 0.398000002
v 16.6738415 23.5009422 0.373751283
v 16.6736946 23.5112 0.384000003
v 16.6386318 23.4849167 0.370000005
v 16.6358509 23.512804 0.398000002
v 16.6372414 23.4988594 0.373751283
v 16.6362228 23.5090656 0.384000003
v 16.6035213 23.4799004 0.370000005
v 16.598381 23.5074501 0.398000002
v 16.6009521 23.4936752 0.373751283
v 16.5990696 23.5037575 0.384000003
v 16.568964 23.4719181 0.370000005
v 16.5615005 23.4989319 0.398000002
v 16.5652332 23.485424 0.373751283
v 16.5625 23.4953117 0.384000003
v 16.5352097 23.4610291 0.370000005
v 16.5254784 23.4873104 0.398000002
v 16.530344 23.4741707 0.373751283
v 16.5267811 23.4837914 0.384000003
v 16.5025024 23.4473095 0.370000005
v 16.490572 23.4726696 0.398000002
v 16.4965363 23.4599915 0.373751283
v 16.4921703 23.4692726 0.384000003
v 16.4710808 23.4308605 0.370000005
v 16.4570389 23.4551144 0.398000002
v 16.4640598 23.4429893 0.373751283
v 16.4589195 23.4518642 0.384000003
v 16.4411697 23.4118004 0.370000005
v 16.4251175 23.4347725 0.398000002
v 16.4331436 23.4232864 0.373751283
v 16.427269 23.431694 0.384000003
v 16.4129868 23.3902664 0.370000005
v 16.3950405 23.4117928 0.398000002
v 16.4040146 23.4010277 0.373751283
v 16.3974457 23.4089088 0.384000003
v 16.386734 23.3664188 0.370000005
v 16.3670235 23.3863411 0.398000002
v 16.3768768 23.3763809 0.373751283
v 16.3696632 23.3836727 0.384000003
v 16.3626041 23.3404236 0.370000005
v 16.3412724 23.3585987 0.398000002
v 16.3519402 23.3495102 0.373751283
v 16.3441315 23.356163 0.384000003
v 16.3407726 23.3124733 0.370000005
v 16.3179722 23.3287697 0.398000002
v 16.3293724 23.3206215 0.373751283
v 16.3210278 23.3265858 0.384000003
v 16.321394 23.2827663 0.370000005
v 16.2972908 23.2970676 0.398000002
v 16.3093414 23.289917 0.373751283
v 16.300518 23.2951527 0.384000003
v 16.3046093 23.2515221 0.370000005
v 16.2793789 23.2637215 0.398000002
v 16.2919941 23.2576218 0.373751283
v 16.2827587 23.2620869 0.384000003
v 16.2905426 23.2189636 0.370000005
v 16.2643661 23.2289753 0.398000002
v 16.2774544 23.2239685 0.373751283
v 16.2678738 23.2276344 0.384000003
v 16.2792664 23.1853352 0.398000002
v 16.2612419 23.2196331 0.398000002
v 16.2881813 23.2119045 0.370000005
v 16.2670116 23.192749 0.398000002
v 16.2804642 23.1888885 0.384018362
v 16.2687435 23.1960354 0.384610087
v 16.2648487 23.218605 0.384018362
v 16.260397 23.2053375 0.398000002
v 16.2640858 23.2048988 0.384610087
v 16.2837372 23.1986427 0.373740703
v 16.2747364 23.2157688 0.373740703
v 16.2710476 23.2029018 0.377374291
v 17.0067406 23.1438389 0.762000024
v 17.0395164 23.1201668 0.762000024
v 17.0344925 23.1477356 0.790000021
v 17.0129604 23.1306 0.762000084
v 17.0104504 23.1443653 0.775981724
v 17.0164585 23.1316929 0.775390029
v 17.0388489 23.1238575 0.775981724
v 17.0249901 23.1219101 0.762000084
v 17.024929 23.125576 0.775390029
v 17.0206375 23.1457958 0.786259413
v 17.0370045 23.133976 0.786259413
v 17.0236301 23.1327 0.782625794
v 17.0339775 23.1505432 0.790000021
v 17.0066509 23.1443253 0.762000024
v 17.0203133 23.1474342 0.786248744
v 17.0103111 23.1451569 0.776000023
v 17.0258522 23.1803341 0.790000021
v 16.9991531 23.1718159 0.762000024
v 17.0125027 23.176075 0.786248744
v 17.0027313 23.1729565 0.776000023
v 17.0152245 23.2093258 0.790000021
v 16.9893456 23.1985703 0.762000024
v 17.002285 23.203949 0.786248744
v 16.9928131 23.2000122 0.776000023
v 17.0021725 23.2373104 0.790000021
v 16.9773006 23.2243938 0.762000024
v 16.9897366 23.2308521 0.786248744
v 16.9806328 23.2261238 0.776000023
v 16.9867878 23.264082 0.790000021
v 16.9631042 23.2490997 0.762000024
v 16.9749451 23.2565918 0.786248744
v 16.9662781 23.2511063 0.776000023
v 16.9691849 23.2894516 0.790000021
v 16.9468594 23.2725105 0.762000024
v 16.9580231 23.280983 0.786248744
v 16.949852 23.2747803 0.776000023
v 16.9494896 23.3132343 0.790000021
v 16.9286842 23.2944565 0.762000024
v 16.939085 23.3038445 0.786248744
v 16.9314709 23.2969723 0.776000023
v 16.9278431 23.3352566 0.790000021
v 16.9087105 23.3147793 0.762000024
v 16.9182777 23.3250198 0.786248744
v 16.9112759 23.317524 0.776000023
v 16.9044056 23.35536 0.790000021
v 16.8870811 23.3333302 0.762000024
v 16.8957443 23.3443451 0.786248744
v 16.8894024 23.3362827 0.776000023
v 16.8793411 23.3733978 0.790000021
v 16.8639526 23.3499756 0.762000024
v 16.8716469 23.3616867 0.786248744
v 16.8660145 23.3531151 0.776000023
v 16.8528385 23.3892403 0.790000021
v 16.8394947 23.3645954 0.762000024
v 16.8461666 23.3769188 0.786248744
v 16.8412838 23.3678989 0.776000023
v 16.8250828 23.4027729 0.790000021
v 16.8138828 23.3770828 0.762000024
v 16.8194828 23.3899269 0.786248744
v 16.8153839 23.3805237 0.776000023
v 16.796278 23.4138985 0.790000021
v 16.787302 23.3873501 0.762000024
v 16.79179 23.4006233 0.786248744
v 16.7885036 23.3909054 0.776000023
v 16.7666321 23.4225368 0.790000021
v 16.7599449 23.3953209 0.762000024
v 16.7632885 23.4089279 0.786248744
v 16.7608414 23.3989658 0.776000023
v 16.7363605 23.4286232 0.790000021
v 16.7320099 23.400938 0.762000024
v 16.7341843 23.4147797 0.786248744
v 16.7325916 23.404644 0.776000023
v 16.7056789 23.4321175 0.790000021
v 16.7036972 23.4041615 0.762000024
v 16.704689 23.4181404 0.786248744
v 16.7039623 23.4079075 0.776000023
v 16.6748123 23.4329891 0.790000021
v 16.6752129 23.4049664 0.762000024
v 16.6750126 23.4189796 0.786248744
v 16.6751595 23.4087219 0.776000023
v 16.6439838 23.4312344 0.790000021
v 16.6467648 23.403347 0.762000024
v 16.6453743 23.4172897 0.786248744
v 16.6463928 23.4070816 0.776000023
v 16.6134167 23.4268665 0.790000021
v 16.618557 23.3993168 0.762000024
v 16.6159859 23.4130917 0.786248744
v 16.6178684 23.4030075 0.776000023
v 16.5833282 23.4199181 0.790000021
v 16.5907917 23.3929043 0.762000024
v 16.5870609 23.4064102 0.786248744
v 16.5897923 23.3965225 0.776000023
v 16.5539436 23.4104366 0.790000021
v 16.5636749 23.3841553 0.762000024
v 16.5588093 23.3972969 0.786248744
v 16.5623703 23.3876781 0.776000023
v 16.5254669 23.3984928 0.790000021
v 16.5373974 23.3731327 0.762000024
v 16.5314331 23.3858109 0.786248744
v 16.535799 23.3765297 0.776000023
v 16.4981098 23.3841705 0.790000021
v 16.5121517 23.3599167 0.762000024
v 16.5051308 23.3720436 0.786248744
v 16.5102692 23.3631668 0.776000023
v 16.4720688 23.3675766 0.790000021
v 16.488121 23.3446045 0.762000024
v 16.4800949 23.3560905 0.786248744
v 16.4859695 23.347683 0.776000023
v 16.4475327 23.3488312 0.790000021
v 16.4654789 23.3273048 0.762000024
v 16.4565048 23.3380699 0.786248744
v 16.4630737 23.3301888 0.776000023
v 16.4246788 23.3280659 0.790000021
v 16.4443893 23.3081436 0.762000024
v 16.434536 23.3181038 0.786248744
v 16.4417496 23.310812 0.776000023
v 16.4036713 23.3054352 0.790000021
v 16.4250031 23.2872601 0.762000024
v 16.4143372 23.2963486 0.786248744
v 16.4221439 23.2896957 0.776000023
v 16.3846626 23.2810993 0.790000021
v 16.4074631 23.2648029 0.762000024
v 16.3960629 23.2729511 0.786248744
v 16.4044075 23.2669868 0.776000023
v 16.3677902 23.2552395 0.790000021
v 16.3918934 23.2409382 0.762000024
v 16.3798409 23.2480888 0.786248744
v 16.3886623 23.2428551 0.776000023
v 16.353178 23.228035 0.790000021
v 16.3784084 23.2158356 0.762000024
v 16.3657932 23.2219353 0.786248744
v 16.3750286 23.2174702 0.776000023
v 16.3409309 23.1996899 0.790000021
v 16.3671074 23.1896782 0.762000024
v 16.3540192 23.1946831 0.786248744
v 16.3636017 23.1910191 0.776000023
v 16.366951 23.189209 0.762000024
v 16.3400249 23.1969833 0.790000021
v 16.3311615 23.1703987 0.762000024
v 16.3633499 23.1902542 0.775981724
v 16.3589249 23.176981 0.762000084
v 16.3556137 23.1785564 0.775390029
v 16.3355961 23.1837158 0.786259413
v 16.353466 23.1931095 0.786259413
v 16.3486557 23.1805649 0.782625794
v 16.345787 23.1700764 0.762000084
v 16.3323421 23.1739578 0.775981724
v 16.346365 23.1736946 0.775390029
v 17.0929985 23.1276283 0.762000024
v 17.1156845 23.1590405 0.762000024
v 17.087923 23.1551914 0.790000021
v 17.1061802 23.133234 0.762000084
v 17.0923176 23.1313114 0.775981724
v 17.104929 23.1367321 0.775390029
v 17.1119728 23.1585274 0.775981724
v 17.1145058 23.1447639 0.762000084
v 17.1107922 23.1448498 0.775390029
v 17.0904541 23.141428 0.786259413
v 17.1017818 23.157114 0.786259413
v 17.1036167 23.143856 0.782625794
v 17.1139088 23.1687298 0.762000024
v 17.0865822 23.1625118 0.790000021
v 17.1102486 23.1678963 0.776000023
v 17.1002464 23.1656208 0.786248744
v 17.1039486 23.2052479 0.762000024
v 17.0772495 23.1967297 0.790000021
v 17.1003723 23.2041073 0.776000023
v 17.0905991 23.2009888 0.786248744
v 17.0909214 23.2407875 0.762000024
v 17.0650425 23.230032 0.790000021
v 17.0874538 23.2393456 0.776000023
v 17.0779819 23.2354088 0.786248744
v 17.0749226 23.2750893 0.762000024
v 17.0500507 23.2621727 0.790000021
v 17.0715904 23.2733593 0.776000023
v 17.0624866 23.268631 0.786248744
v 17.0560646 23.307909 0.762000024
v 17.0323811 23.2929268 0.790000021
v 17.0528946 23.3059025 0.776000023
v 17.0442238 23.3004189 0.786248744
v 17.0344849 23.3390083 0.762000024
v 17.0121593 23.3220673 0.790000021
v 17.0314941 23.3367386 0.776000023
v 17.0233231 23.3305397 0.786248744
v 17.0103416 23.3681583 0.762000024
v 16.9895382 23.3493805 0.790000021
v 17.0075531 23.3656406 0.776000023
v 16.9999371 23.3587666 0.786248744
v 16.9838085 23.395153 0.762000024
v 16.9646759 23.3746758 0.790000021
v 16.981245 23.3924103 0.776000023
v 16.9742432 23.3849144 0.786248744
v 16.9550781 23.419796 0.762000024
v 16.9377537 23.3977661 0.790000021
v 16.9527569 23.4168434 0.776000023
v 16.9464149 23.4087811 0.786248744
v 16.9243565 23.4419079 0.762000024
v 16.908968 23.4184856 0.790000021
v 16.9222946 23.4387703 0.776000023
v 16.9166622 23.4301968 0.786248744
v 16.8918667 23.4613285 0.762000024
v 16.8785229 23.4366837 0.790000021
v 16.8900776 23.458025 0.776000023
v 16.8851948 23.4490051 0.786248744
v 16.8578453 23.4779167 0.762000024
v 16.8466454 23.4522266 0.790000021
v 16.8563461 23.4744759 0.776000023
v 16.8522453 23.4650726 0.786248744
v 16.8225346 23.4915543 0.762000024
v 16.8135586 23.4650059 0.790000021
v 16.821331 23.4879951 0.776000023
v 16.8180466 23.4782791 0.786248744
v 16.7861958 23.5021439 0.762000024
v 16.7795086 23.4749279 0.790000021
v 16.7853012 23.4984989 0.776000023
v 16.7828522 23.4885368 0.786248744
v 16.7490864 23.5096035 0.762000024
v 16.7447357 23.4819183 0.790000021
v 16.7485046 23.5058956 0.776000023
v 16.746912 23.4957619 0.786248744
v 16.7114773 23.5138855 0.762000024
v 16.7094955 23.4859295 0.790000021
v 16.7112122 23.5101433 0.776000023
v 16.7104874 23.4999104 0.786248744
v 16.6736412 23.5149555 0.762000024
v 16.6740417 23.4869328 0.790000021
v 16.6736946 23.5112 0.776000023
v 16.6738415 23.5009422 0.786248744
v 16.6358509 23.512804 0.762000024
v 16.6386318 23.4849167 0.790000021
v 16.6362228 23.5090656 0.776000023
v 16.6372414 23.4988594 0.786248744
v 16.598381 23.5074501 0.762000024
v 16.6035213 23.4799004 0.790000021
v 16.5990696 23.5037575 0.776000023
v 16.6009521 23.4936752 0.786248744
v 16.5615005 23.4989319 0.762000024
v 16.568964 23.4719181 0.790000021
v 16.5625 23.4953117 0.776000023
v 16.5652332 23.485424 0.786248744
v 16.5254784 23.4873104 0.762000024
v 16.5352097 23.4610291 0.790000021
v 16.5267811 23.4837914 0.776000023
v 16.530344 23.4741707 0.786248744
v 16.490572 23.4726696 0.762000024
v 16.5025024 23.4473095 0.790000021
v 16.4921703 23.4692726 0.776000023
v 16.4965363 23.4599915 0.786248744
v 16.4570389 23.4551144 0.762000024
v 16.4710808 23.4308605 0.790000021
v 16.4589195 23.4518642 0.776000023
v 16.4640598 23.4429893 0.786248744
v 16.4251175 23.4347725 0.762000024
v 16.4411697 23.4118004 0.790000021
v 16.427269 23.431694 0.776000023
v 16.4331436 23.4232864 0.786248744
v 16.3950405 23.4117928 0.762000024
v 16.4129868 23.3902664 0.790000021
v 16.3974457 23.4089088 0.776000023
v 16.4040146 23.4010277 0.786248744
v 16.3670235 23.3863411 0.762000024
v 16.386734 23.3664188 0.790000021
v 16.3696632 23.3836727 0.776000023
v 16.3768768 23.3763809 0.786248744
v 16.3412724 23.3585987 0.762000024
v 16.3626041 23.3404236 0.790000021
v 16.3441315 23.356163 0.776000023
v 16.3519402 23.3495102 0.786248744
v 16.3179722 23.3287697 0.762000024
v 16.3407726 23.3124733 0.790000021
v 16.3210278 23.3265858 0.776000023
v 16.3293724 23.3206215 0.786248744
v 16.2972908 23.2970676 0.762000024
v 16.321394 23.2827663 0.790000021
v 16.300518 23.2951527 0.776000023
v 16.3093414 23.289917 0.786248744
v 16.2793789 23.2637215 0.762000024
v 16.3046093 23.2515221 0.790000021
v 16.2827587 23.2620869 0.776000023
v 16.2919941 23.2576218 0.786248744
v 16.2643661 23.2289753 0.762000024
v 16.2905426 23.2189636 0.790000021
v 16.2678738 23.2276344 0.776000023
v 16.2774544 23.2239685 0.786248744
v 16.2612419 23.2196331 0.762000024
v 16.2792664 23.1853352 0.762000024
v 16.2881813 23.2119045 0.790000021
v 16.260397 23.2053375 0.762000084
v 16.2648487 23.218605 0.775981724
v 16.2640858 23.2048988 0.775390029
v 16.2804642 23.1888885 0.775981724
v 16.2670116 23.192749 0.762000084
v 16.2687435 23.1960354 0.775390029
v 16.2747364 23.2157688 0.786259413
v 16.2837372 23.1986427 0.786259413
v 16.2710476 23.2029018 0.782625794
v 17.1499996 22.6799153 0.11999999
v 17.1499996 22.7499998 0.189999998
v 17.1499996 22.7067355 0.125328436
v 17.1499996 22.7294725 0.140502542
v 17.1499996 22.7446649 0.163212165
v 17.1499996 22.6799153 0.519999996
v 17.1499996 22.7499998 0.449999988
v 17.1499996 22.7067355 0.514671549
v 17.1499996 22.7294725 0.499497443
v 17.1499996 22.7446649 0.47678782
v 17.1931187 22.677797 0.11999999
v 17.1999884 22.747544 0.189999998
v 17.1957476 22.704488 0.125328436
v 17.1979763 22.7271156 0.140502542
v 17.1994654 22.7422348 0.163212165
v 17.1931187 22.677797 0.519999996
v 17.1999884 22.747544 0.449999988
v 17.1957476 22.704488 0.514671549
v 17.1979763 22.7271156 0.499497443
v 17.1994654 22.7422348 0.47678782
v 17.235823 22.6714624 0.11999999
v 17.2494957 22.7402002 0.189999998
v 17.2410553 22.6977673 0.125328436
v 17.2454911 22.7200674 0.140502542
v 17.2484549 22.7349679 0.163212165
v 17.235823 22.6714624 0.519999996
v 17.2494957 22.7402002 0.449999988
v 17.2410553 22.6977673 0.514671549
v 17.2454911 22.7200674 0.499497443
v 17.2484549 22.7349679 0.47678782
v 17.2777003 22.6609727 0.11999999
v 17.2980448 22.7280394 0.189999998
v 17.2854858 22.686638 0.125328436
v 17.292086 22.708396 0.140502542
v 17.2964962 22.7229342 0.163212165
v 17.2777003 22.6609727 0.519999996
v 17.2980448 22.7280394 0.449999988
v 17.2854858 22.686638 0.514671549
v 17.292086 22.708396 0.499497443
v 17.2964962 22.7229342 0.47678782
v 17.3183481 22.6464287 0.11999999
v 17.3451682 22.7111783 0.189999998
v 17.3286117 22.6712073 0.125328436
v 17.3373128 22.6922136 0.140502542
v 17.3431266 22.7062495 0.163212165
v 17.3183481 22.6464287 0.519999996
v 17.3451682 22.7111783 0.449999988
v 17.3286117 22.6712073 0.514671549
v 17.3373128 22.6922136 0.499497443
v 17.3431266 22.7062495 0.47678782
v 17.3573744 22.6279706 0.11999999
v 17.390412 22.6897796 0.189999998
v 17.3700173 22.6516239 0.125328436
v 17.3807355 22.6716762 0.140502542
v 17.3878971 22.6850747 0.163212165
v 17.3573744 22.6279706 0.519999996
v 17.390412 22.6897796 0.449999988
v 17.3700173 22.6516239 0.514671549
v 17.3807355 22.6716762 0.499497443
v 17.3878971 22.6850747 0.47678782
v 17.3944036 22.6057762 0.11999999
v 17.4333404 22.6640493 0.189999998
v 17.4093041 22.6280763 0.125328436
v 17.4219361 22.6469815 0.140502542
v 17.4303765 22.6596135 0.163212165
v 17.3944036 22.6057762 0.519999996
v 17.4333404 22.6640493 0.449999988
v 17.4093041 22.6280763 0.514671549
v 17.4219361 22.6469815 0.499497443
v 17.4303765 22.6596135 0.47678782
v 17.4290791 22.5800592 0.11999999
v 17.4735402 22.6342351 0.189999998
v 17.4460936 22.6007914 0.125328436
v 17.4605178 22.6183673 0.140502542
v 17.4701558 22.6301112 0.163212165
v 17.4290791 22.5800592 0.519999996
v 17.4735402 22.6342351 0.449999988
v 17.4460936 22.6007914 0.514671549
v 17.4605178 22.6183673 0.499497443
v 17.4701558 22.6301112 0.47678782
v 17.4610669 22.5510671 0.11999999
v 17.5106241 22.6006242 0.189999998
v 17.4800316 22.5700318 0.125328436
v 17.4961091 22.5861093 0.140502542
v 17.5068517 22.5968519 0.163212165
v 17.4610669 22.5510671 0.519999996
v 17.5106241 22.6006242 0.449999988
v 17.4800316 22.5700318 0.514671549
v 17.4961091 22.5861093 0.499497443
v 17.5068517 22.5968519 0.47678782
v 17.490059 22.5190792 0.11999999
v 17.5442349 22.5635404 0.189999998
v 17.5107912 22.5360937 0.125328436
v 17.5283672 22.550518 0.140502542
v 17.540111 22.560156 0.163212165
v 17.490059 22.5190792 0.519999996
v 17.5442349 22.5635404 0.449999988
v 17.5107912 22.5360937 0.514671549
v 17.5283672 22.550518 0.499497443
v 17.540111 22.560156 0.47678782
v 17.515776 22.4844038 0.11999999
v 17.5740491 22.5233406 0.189999998
v 17.5380762 22.4993042 0.125328436
v 17.5569813 22.5119362 0.140502542
v 17.5696133 22.5203767 0.163212165
v 17.515776 22.4844038 0.519999996
v 17.5740491 22.5233406 0.449999988
v 17.5380762 22.4993042 0.514671549
v 17.5569813 22.5119362 0.499497443
v 17.5696133 22.5203767 0.47678782
v 17.5379705 22.4473746 0.11999999
v 17.5997794 22.4804121 0.189999998
v 17.5616238 22.4600175 0.125328436
v 17.581676 22.4707356 0.140502542
v 17.5950745 22.4778973 0.163212165
v 17.5379705 22.4473746 0.519999996
v 17.5997794 22.4804121 0.449999988
v 17.5616238 22.4600175 0.514671549
v 17.581676 22.4707356 0.499497443
v 17.5950745 22.4778973 0.47678782
v 17.5564286 22.4083483 0.11999999
v 17.6211782 22.4351683 0.189999998
v 17.5812072 22.4186119 0.125328436
v 17.6022134 22.4273129 0.140502542
v 17.6162494 22.4331268 0.163212165
v 17.5564286 22.4083483 0.519999996
v 17.6211782 22.4351683 0.449999988
v 17.5812072 22.4186119 0.514671549
v 17.6022134 22.4273129 0.499497443
v 17.6162494 22.4331268 0.47678782
v 17.5709726 22.3677005 0.11999999
v 17.6380392 22.388045 0.189999998
v 17.5966379 22.375486 0.125328436
v 17.6183958 22.3820862 0.140502542
v 17.632934 22.3864963 0.163212165
v 17.5709726 22.3677005 0.519999996
v 17.6380392 22.388045 0.449999988
v 17.5966379 22.375486 0.514671549
v 17.6183958 22.3820862 0.499497443
v 17.632934 22.3864963 0.47678782
v 17.5814623 22.3258232 0.11999999
v 17.6502001 22.3394958 0.189999998
v 17.6077671 22.3310555 0.125328436
v 17.6300672 22.3354912 0.140502542
v 17.6449677 22.3384551 0.163212165
v 17.5814623 22.3258232 0.519999996
v 17.6502001 22.3394958 0.449999988
v 17.6077671 22.3310555 0.514671549
v 17.6300672 22.3354912 0.499497443
v 17.6449677 22.3384551 0.47678782
v 17.5877969 22.2831189 0.11999999
v 17.6575438 22.2899885 0.189999998
v 17.6144879 22.2857478 0.125328436
v 17.6371154 22.2879764 0.140502542
v 17.6522347 22.2894656 0.163212165
v 17.5877969 22.2831189 0.519999996
v 17.6575438 22.2899885 0.449999988
v 17.6144879 22.2857478 0.514671549
v 17.6371154 22.2879764 0.499497443
v 17.6522347 22.2894656 0.47678782
v 17.5899152 22.2399998 0.11999999
v 17.6599996 22.2399998 0.189999998
v 17.6167353 22.2399998 0.125328436
v 17.6394723 22.2399998 0.140502542
v 17.6546648 22.2399998 0.163212165
v 17.5899152 22.2399998 0.519999996
v 17.6599996 22.2399998 0.449999988
v 17.6167353 22.2399998 0.514671549
v 17.6394723 22.2399998 0.499497443
v 17.6546648 22.2399998 0.47678782
v 17.5877969 22.1968807 0.11999999
v 17.6575438 22.190011 0.189999998
v 17.6144879 22.1942518 0.125328436
v 17.6371154 22.1920231 0.140502542
v 17.6522347 22.190534 0.163212165
v 17.5877969 22.1968807 0.519999996
v 17.6575438 22.190011 0.449999988
v 17.6144879 22.1942518 0.514671549
v 17.6371154 22.1920231 0.499497443
v 17.6522347 22.190534 0.47678782
v 17.5814623 22.1541764 0.11999999
v 17.6502001 22.1405037 0.189999998
v 17.6077671 22.1489441 0.125328436
v 17.6300672 22.1445083 0.140502542
v 17.6449677 22.1415445 0.163212165
v 17.5814623 22.1541764 0.519999996
v 17.6502001 22.1405037 0.449999988
v 17.6077671 22.1489441 0.514671549
v 17.6300672 22.1445083 0.499497443
v 17.6449677 22.1415445 0.47678782
v 17.5709726 22.1122991 0.11999999
v 17.6380392 22.0919546 0.189999998
v 17.5966379 22.1045136 0.125328436
v 17.6183958 22.0979133 0.140502542
v 17.632934 22.0935032 0.163212165
v 17.5709726 22.1122991 0.519999996
v 17.6380392 22.0919546 0.449999988
v 17.5966379 22.1045136 0.514671549
v 17.6183958 22.0979133 0.499497443
v 17.632934 22.0935032 0.47678782
v 17.5564286 22.0716513 0.11999999
v 17.6211782 22.0448312 0.189999998
v 17.5812072 22.0613877 0.125328436
v 17.6022134 22.0526866 0.140502542
v 17.6162494 22.0468728 0.163212165
v 17.5564286 22.0716513 0.519999996
v 17.6211782 22.0448312 0.449999988
v 17.5812072 22.0613877 0.514671549
v 17.6022134 22.0526866 0.499497443
v 17.6162494 22.0468728 0.47678782
v 17.5379705 22.032625 0.11999999
v 17.5997794 21.9995874 0.189999998
v 17.5616238 22.0199821 0.125328436
v 17.581676 22.0092639 0.140502542
v 17.5950745 22.0021023 0.163212165
v 17.5379705 22.032625 0.519999996
v 17.5997794 21.9995874 0.449999988
v 17.5616238 22.0199821 0.514671549
v 17.581676 22.0092639 0.499497443
v 17.5950745 22.0021023 0.47678782
v 17.515776 21.9955958 0.11999999
v 17.5740491 21.956659 0.189999998
v 17.5380762 21.9806953 0.125328436
v 17.5569813 21.9680633 0.140502542
v 17.5696133 21.9596229 0.163212165
v 17.515776 21.9955958 0.519999996
v 17.5740491 21.956659 0.449999988
v 17.5380762 21.9806953 0.514671549
v 17.5569813 21.9680633 0.499497443
v 17.5696133 21.9596229 0.47678782
v 17.490059 21.9609203 0.11999999
v 17.5442349 21.9164592 0.189999998
v 17.5107912 21.9439058 0.125328436
v 17.5283672 21.9294816 0.140502542
v 17.540111 21.9198436 0.163212165
v 17.490059 21.9609203 0.519999996
v 17.5442349 21.9164592 0.449999988
v 17.5107912 21.9439058 0.514671549
v 17.5283672 21.9294816 0.499497443
v 17.540111 21.9198436 0.47678782
v 17.4610669 21.9289325 0.11999999
v 17.5106241 21.8793753 0.189999998
v 17.4800316 21.9099678 0.125328436
v 17.4961091 21.8938903 0.140502542
v 17.5068517 21.8831477 0.163212165
v 17.4610669 21.9289325 0.519999996
v 17.5106241 21.8793753 0.449999988
v 17.4800316 21.9099678 0.514671549
v 17.4961091 21.8938903 0.499497443
v 17.5068517 21.8831477 0.47678782
v 17.4290791 21.8999404 0.11999999
v 17.4735402 21.8457645 0.189999998
v 17.4460936 21.8792081 0.125328436
v 17.4605178 21.8616322 0.140502542
v 17.4701558 21.8498884 0.163212165
v 17.4290791 21.8999404 0.519999996
v 17.4735402 21.8457645 0.449999988
v 17.4460936 21.8792081 0.514671549
v 17.4605178 21.8616322 0.499497443
v 17.4701558 21.8498884 0.47678782
v 17.3944036 21.8742234 0.11999999
v 17.4333404 21.8159503 0.189999998
v 17.4093041 21.8519232 0.125328436
v 17.4219361 21.8330181 0.140502542
v 17.4303765 21.8203861 0.163212165
v 17.3944036 21.8742234 0.519999996
v 17.4333404 21.8159503 0.449999988
v 17.4093041 21.8519232 0.514671549
v 17.4219361 21.8330181 0.499497443
v 17.4303765 21.8203861 0.47678782
v 17.3573744 21.8520289 0.11999999
v 17.390412 21.79022 0.189999998
v 17.3700173 21.8283756 0.125328436
v 17.3807355 21.8083234 0.140502542
v 17.3878971 21.7949249 0.163212165
v 17.3573744 21.8520289 0.519999996
v 17.390412 21.79022 0.449999988
v 17.3700173 21.8283756 0.514671549
v 17.3807355 21.8083234 0.499497443
v 17.3878971 21.7949249 0.47678782
v 17.3183481 21.8335708 0.11999999
v 17.3451682 21.7688212 0.189999998
v 17.3286117 21.8087922 0.125328436
v 17.3373128 21.7877859 0.140502542
v 17.3431266 21.77375 0.163212165
v 17.3183481 21.8335708 0.519999996
v 17.3451682 21.7688212 0.449999988
v 17.3286117 21.8087922 0.514671549
v 17.3373128 21.7877859 0.499497443
v 17.3431266 21.77375 0.47678782
v 17.2777003 21.8190268 0.11999999
v 17.2980448 21.7519602 0.189999998
v 17.2854858 21.7933615 0.125328436
v 17.292086 21.7716036 0.140502542
v 17.2964962 21.7570654 0.163212165
v 17.2777003 21.8190268 0.519999996
v 17.2980448 21.7519602 0.449999988
v 17.2854858 21.7933615 0.514671549
v 17.292086 21.7716036 0.499497443
v 17.2964962 21.7570654 0.47678782
v 17.235823 21.8085371 0.11999999
v 17.2494957 21.7397993 0.189999998
v 17.2410553 21.7822323 0.125328436
v 17.2454911 21.7599322 0.140502542
v 17.2484549 21.7450317 0.163212165
v 17.235823 21.8085371 0.519999996
v 17.2494957 21.7397993 0.449999988
v 17.2410553 21.7822323 0.514671549
v 17.2454911 21.7599322 0.499497443
v 17.2484549 21.7450317 0.47678782
v 17.1931187 21.8022025 0.11999999
v 17.1999884 21.7324556 0.189999998
v 17.1957476 21.7755115 0.125328436
v 17.1979763 21.752884 0.140502542
v 17.1994654 21.7377647 0.163212165
v 17.1931187 21.8022025 0.519999996
v 17.1999884 21.7324556 0.449999988
v 17.1957476 21.7755115 0.514671549
v 17.1979763 21.752884 0.499497443
v 17.1994654 21.7377647 0.47678782
v 17.1499996 21.8000842 0.11999999
v 17.1499996 21.7299998 0.189999998
v 17.1499996 21.7732641 0.125328436
v 17.1499996 21.7505271 0.140502542
v 17.1499996 21.7353346 0.163212165
v 17.1499996 21.8000842 0.519999996
v 17.1499996 21.7299998 0.449999988
v 17.1499996 21.7732641 0.514671549
v 17.1499996 21.7505271 0.499497443
v 17.1499996 21.7353346 0.47678782
v 17.1068805 21.8022025 0.11999999
v 17.1000109 21.7324556 0.189999998
v 17.1042516 21.7755115 0.125328436
v 17.1020229 21.752884 0.140502542
v 17.1005338 21.7377647 0.163212165
v 17.1068805 21.8022025 0.519999996
v 17.1000109 21.7324556 0.449999988
v 17.1042516 21.7755115 0.514671549
v 17.1020229 21.752884 0.499497443
v 17.1005338 21.7377647 0.47678782
v 17.0641762 21.8085371 0.11999999
v 17.0505036 21.7397993 0.189999998
v 17.0589439 21.7822323 0.125328436
v 17.0545082 21.7599322 0.140502542
v 17.0515443 21.7450317 0.163212165
v 17.0641762 21.8085371 0.519999996
v 17.0505036 21.7397993 0.449999988
v 17.0589439 21.7822323 0.514671549
v 17.0545082 21.7599322 0.499497443
v 17.0515443 21.7450317 0.47678782
v 17.0222989 21.8190268 0.11999999
v 17.0019544 21.7519602 0.189999998
v 17.0145134 21.7933615 0.125328436
v 17.0079132 21.7716036 0.140502542
v 17.0035031 21.7570654 0.163212165
v 17.0222989 21.8190268 0.519999996
v 17.0019544 21.7519602 0.449999988
v 17.0145134 21.7933615 0.514671549
v 17.0079132 21.7716036 0.499497443
v 17.0035031 21.7570654 0.47678782
v 16.9816511 21.8335708 0.11999999
v 16.9548311 21.7688212 0.189999998
v 16.9713875 21.8087922 0.125328436
v 16.9626865 21.7877859 0.140502542
v 16.9568726 21.77375 0.163212165
v 16.9816511 21.8335708 0.519999996
v 16.9548311 21.7688212 0.449999988
v 16.9713875 21.8087922 0.514671549
v 16.9626865 21.7877859 0.499497443
v 16.9568726 21.77375 0.47678782
v 16.9426248 21.8520289 0.11999999
v 16.9095873 21.79022 0.189999998
v 16.9299819 21.8283756 0.125328436
v 16.9192638 21.8083234 0.140502542
v 16.9121021 21.7949249 0.163212165
v 16.9426248 21.8520289 0.519999996
v 16.9095873 21.79022 0.449999988
v 16.9299819 21.8283756 0.514671549
v 16.9192638 21.8083234 0.499497443
v 16.9121021 21.7949249 0.47678782
v 16.9055956 21.8742234 0.11999999
v 16.8666588 21.8159503 0.189999998
v 16.8906952 21.8519232 0.125328436
v 16.8780631 21.8330181 0.140502542
v 16.8696227 21.8203861 0.163212165
v 16.9055956 21.8742234 0.519999996
v 16.8666588 21.8159503 0.449999988
v 16.8906952 21.8519232 0.514671549
v 16.8780631 21.8330181 0.499497443
v 16.8696227 21.8203861 0.47678782
v 16.8709202 21.8999404 0.11999999
v 16.826459 21.8457645 0.189999998
v 16.8539056 21.8792081 0.125328436
v 16.8394814 21.8616322 0.140502542
v 16.8298434 21.8498884 0.163212165
v 16.8709202 21.8999404 0.519999996
v 16.826459 21.8457645 0.449999988
v 16.8539056 21.8792081 0.514671549
v 16.8394814 21.8616322 0.499497443
v 16.8298434 21.8498884 0.47678782
v 16.8389323 21.9289325 0.11999999
v 16.7893752 21.8793753 0.189999998
v 16.8199676 21.9099678 0.125328436
v 16.8038901 21.8938903 0.140502542
v 16.7931475 21.8831477 0.163212165
v 16.8389323 21.9289325 0.519999996
v 16.7893752 21.8793753 0.449999988
v 16.8199676 21.9099678 0.514671549
v 16.8038901 21.8938903 0.499497443
v 16.7931475 21.8831477 0.47678782
v 16.8099402 21.9609203 0.11999999
v 16.7557643 21.9164592 0.189999998
v 16.789208 21.9439058 0.125328436
v 16.7716321 21.9294816 0.140502542
v 16.7598882 21.9198436 0.163212165
v 16.8099402 21.9609203 0.519999996
v 16.7557643 21.9164592 0.449999988
v 16.789208 21.9439058 0.514671549
v 16.7716321 21.9294816 0.499497443
v 16.7598882 21.9198436 0.47678782
v 16.7842232 21.9955958 0.11999999
v 16.7259501 21.956659 0.189999998
v 16.7619231 21.9806953 0.125328436
v 16.7430179 21.9680633 0.140502542
v 16.7303859 21.9596229 0.163212165
v 16.7842232 21.9955958 0.519999996
v 16.7259501 21.956659 0.449999988
v 16.7619231 21.9806953 0.514671549
v 16.7430179 21.9680633 0.499497443
v 16.7303859 21.9596229 0.47678782
v 16.7620288 22.032625 0.11999999
v 16.7002198 21.9995874 0.189999998
v 16.7383755 22.0199821 0.125328436
v 16.7183232 22.0092639 0.140502542
v 16.7049247 22.0021023 0.163212165
v 16.7620288 22.032625 0.519999996
v 16.7002198 21.9995874 0.449999988
v 16.7383755 22.0199821 0.514671549
v 16.7183232 22.0092639 0.499497443
v 16.7049247 22.0021023 0.47678782
v 16.7435707 22.0716513 0.11999999
v 16.6788211 22.0448312 0.189999998
v 16.7187921 22.0613877 0.125328436
v 16.6977858 22.0526866 0.140502542
v 16.6837499 22.0468728 0.163212165
v 16.7435707 22.0716513 0.519999996
v 16.6788211 22.0448312 0.449999988
v 16.7187921 22.0613877 0.514671549
v 16.6977858 22.0526866 0.499497443
v 16.6837499 22.0468728 0.47678782
v 16.7290266 22.1122991 0.11999999
v 16.66196 22.0919546 0.189999998
v 16.7033614 22.1045136 0.125328436
v 16.6816034 22.0979133 0.140502542
v 16.6670652 22.0935032 0.163212165
v 16.7290266 22.1122991 0.519999996
v 16.66196 22.0919546 0.449999988
v 16.7033614 22.1045136 0.514671549
v 16.6816034 22.0979133 0.499497443
v 16.6670652 22.0935032 0.47678782
v 16.718537 22.1541764 0.11999999
v 16.6497992 22.1405037 0.189999998
v 16.6922321 22.1489441 0.125328436
v 16.669932 22.1445083 0.140502542
v 16.6550315 22.1415445 0.163212165
v 16.718537 22.1541764 0.519999996
v 16.6497992 22.1405037 0.449999988
v 16.6922321 22.1489441 0.514671549
v 16.669932 22.1445083 0.499497443
v 16.6550315 22.1415445 0.47678782
v 16.7122023 22.1968807 0.11999999
v 16.6424554 22.190011 0.189999998
v 16.6855114 22.1942518 0.125328436
v 16.6628838 22.1920231 0.140502542
v 16.6477646 22.190534 0.163212165
v 16.7122023 22.1968807 0.519999996
v 16.6424554 22.190011 0.449999988
v 16.6855114 22.1942518 0.514671549
v 16.6628838 22.1920231 0.499497443
v 16.6477646 22.190534 0.47678782
v 16.7100841 22.2399998 0.11999999
v 16.6399996 22.2399998 0.189999998
v 16.6832639 22.2399998 0.125328436
v 16.6605269 22.2399998 0.140502542
v 16.6453345 22.2399998 0.163212165
v 16.7100841 22.2399998 0.519999996
v 16.6399996 22.2399998 0.449999988
v 16.6832639 22.2399998 0.514671549
v 16.6605269 22.2399998 0.499497443
v 16.6453345 22.2399998 0.47678782
v 16.7122023 22.2831189 0.11999999
v 16.6424554 22.2899885 0.189999998
v 16.6855114 22.2857478 0.125328436
v 16.6628838 22.2879764 0.140502542
v 16.6477646 22.2894656 0.163212165
v 16.7122023 22.2831189 0.519999996
v 16.6424554 22.2899885 0.449999988
v 16.6855114 22.2857478 0.514671549
v 16.6628838 22.2879764 0.499497443
v 16.6477646 22.2894656 0.47678782
v 16.718537 22.3258232 0.11999999
v 16.6497992 22.3394958 0.189999998
v 16.6922321 22.3310555 0.125328436
v 16.669932 22.3354912 0.140502542
v 16.6550315 22.3384551 0.163212165
v 16.718537 22.3258232 0.519999996
v 16.6497992 22.3394958 0.449999988
v 16.6922321 22.3310555 0.514671549
v 16.669932 22.3354912 0.499497443
v 16.6550315 22.3384551 0.47678782
v 16.7290266 22.3677005 0.11999999
v 16.66196 22.388045 0.189999998
v 16.7033614 22.375486 0.125328436
v 16.6816034 22.3820862 0.140502542
v 16.6670652 22.3864963 0.163212165
v 16.7290266 22.3677005 0.519999996
v 16.66196 22.388045 0.449999988
v 16.7033614 22.375486 0.514671549
v 16.6816034 22.3820862 0.499497443
v 16.6670652 22.3864963 0.47678782
v 16.7435707 22.4083483 0.11999999
v 16.6788211 22.4351683 0.189999998
v 16.7187921 22.4186119 0.125328436
v 16.6977858 22.4273129 0.140502542
v 16.6837499 22.4331268 0.163212165
v 16.7435707 22.4083483 0.519999996
v 16.6788211 22.4351683 0.449999988
v 16.7187921 22.4186119 0.514671549
v 16.6977858 22.4273129 0.499497443
v 16.6837499 22.4331268 0.47678782
v 16.7620288 22.4473746 0.11999999
v 16.7002198 22.4804121 0.189999998
v 16.7383755 22.4600175 0.125328436
v 16.7183232 22.4707356 0.140502542
v 16.7049247 22.4778973 0.163212165
v 16.7620288 22.4473746 0.519999996
v 16.7002198 22.4804121 0.449999988
v 16.7383755 22.4600175 0.514671549
v 16.7183232 22.4707356 0.499497443
v 16.7049247 22.4778973 0.47678782
v 16.7842232 22.4844038 0.11999999
v 16.7259501 22.5233406 0.189999998
v 16.7619231 22.4993042 0.125328436
v 16.7430179 22.5119362 0.140502542
v 16.7303859 22.5203767 0.163212165
v 16.7842232 22.4844038 0.519999996
v 16.7259501 22.5233406 0.449999988
v 16.7619231 22.4993042 0.514671549
v 16.7430179 22.5119362 0.499497443
v 16.7303859 22.5203767 0.47678782
v 16.8099402 22.5190792 0.11999999
v 16.7557643 22.5635404 0.189999998
v 16.789208 22.5360937 0.125328436
v 16.7716321 22.550518 0.140502542
v 16.7598882 22.560156 0.163212165
v 16.8099402 22.5190792 0.519999996
v 16.7557643 22.5635404 0.449999988
v 16.789208 22.5360937 0.514671549
v 16.7716321 22.550518 0.499497443
v 16.7598882 22.560156 0.47678782
v 16.8389323 22.5510671 0.11999999
v 16.7893752 22.6006242 0.189999998
v 16.8199676 22.5700318 0.125328436
v 16.8038901 22.5861093 0.140502542
v 16.7931475 22.5968519 0.163212165
v 16.8389323 22.5510671 0.519999996
v 16.7893752 22.6006242 0.449999988
v 16.8199676 22.5700318 0.514671549
v 16.8038901 22.5861093 0.499497443
v 16.7931475 22.5968519 0.47678782
v 16.8709202 22.5800592 0.11999999
v 16.826459 22.6342351 0.189999998
v 16.8539056 22.6007914 0.125328436
v 16.8394814 22.6183673 0.140502542
v 16.8298434 22.6301112 0.163212165
v 16.8709202 22.5800592 0.519999996
v 16.826459 22.6342351 0.449999988
v 16.8539056 22.6007914 0.514671549
v 16.8394814 22.6183673 0.499497443
v 16.8298434 22.6301112 0.47678782
v 16.9055956 22.6057762 0.11999999
v 16.8666588 22.6640493 0.189999998
v 16.8906952 22.6280763 0.125328436
v 16.8780631 22.6469815 0.140502542
v 16.8696227 22.6596135 0.163212165
v 16.9055956 22.6057762 0.519999996
v 16.8666588 22.6640493 0.449999988
v 16.8906952 22.6280763 0.514671549
v 16.8780631 22.6469815 0.499497443
v 16.8696227 22.6596135 0.47678782
v 16.9426248 22.6279706 0.11999999
v 16.9095873 22.6897796 0.189999998
v 16.9299819 22.6516239 0.125328436
v 16.9192638 22.6716762 0.140502542
v 16.9121021 22.6850747 0.163212165
v 16.9426248 22.6279706 0.519999996
v 16.9095873 22.6897796 0.449999988
v 16.9299819 22.6516239 0.514671549
v 16.9192638 22.6716762 0.499497443
v 16.9121021 22.6850747 0.47678782
v 16.9816511 22.6464287 0.11999999
v 16.9548311 22.7111783 0.189999998
v 16.9713875 22.6712073 0.125328436
v 16.9626865 22.6922136 0.140502542
v 16.9568726 22.7062495 0.163212165
v 16.9816511 22.6464287 0.519999996
v 16.9548311 22.7111783 0.449999988
v 16.9713875 22.6712073 0.514671549
v 16.9626865 22.6922136 0.499497443
v 16.9568726 22.7062495 0.47678782
v 17.0222989 22.6609727 0.11999999
v 17.0019544 22.7280394 0.189999998
v 17.0145134 22.686638 0.125328436
v 17.0079132 22.708396 0.140502542
v 17.0035031 22.7229342 0.163212165
v 17.0222989 22.6609727 0.519999996
v 17.0019544 22.7280394 0.449999988
v 17.0145134 22.686638 0.514671549
v 17.0079132 22.708396 0.499497443
v 17.0035031 22.7229342 0.47678782
v 17.0641762 22.6714624 0.11999999
v 17.0505036 22.7402002 0.189999998
v 17.0589439 22.6977673 0.125328436
v 17.0545082 22.7200674 0.140502542
v 17.0515443 22.7349679 0.163212165
v 17.0641762 22.6714624 0.519999996
v 17.0505036 22.7402002 0.449999988
v 17.0589439 22.6977673 0.514671549
v 17.0545082 22.7200674 0.499497443
v 17.0515443 22.7349679 0.47678782
v 17.1068805 22.677797 0.11999999
v 17.1000109 22.747544 0.189999998
v 17.1042516 22.704488 0.125328436
v 17.1020229 22.7271156 0.140502542
v 17.1005338 22.7422348 0.163212165
v 17.1068805 22.677797 0.519999996
v 17.1000109 22.747544 0.449999988
v 17.1042516 22.704488 0.514671549
v 17.1020229 22.7271156 0.499497443
v 17.1005338 22.7422348 0.47678782
v 16.6800003 21.6999153 0.11999999
v 16.6800003 21.7699997 0.189999998
v 16.6800003 21.7267354 0.125328436
v 16.6800003 21.7494724 0.140502542
v 16.6800003 21.7646648 0.163212165
v 16.6800003 21.6999153 0.519999996
v 16.6800003 21.7699997 0.449999988
v 16.6800003 21.7267354 0.514671549
v 16.6800003 21.7494724 0.499497443
v 16.6800003 21.7646648 0.47678782
v 16.7172385 21.6980859 0.11999999
v 16.724108 21.7678328 0.189999998
v 16.7198673 21.7247768 0.125328436
v 16.722096 21.7474044 0.140502542
v 16.7235851 21.7625236 0.163212165
v 16.7172385 21.6980859 0.519999996
v 16.724108 21.7678328 0.449999988
v 16.7198673 21.7247768 0.514671549
v 16.722096 21.7474044 0.499497443
v 16.7235851 21.7625236 0.47678782
v 16.7541184 21.6926152 0.11999999
v 16.767791 21.761353 0.189999998
v 16.7593507 21.7189201 0.125328436
v 16.7637864 21.7412202 0.140502542
v 16.7667502 21.7561207 0.163212165
v 16.7541184 21.6926152 0.519999996
v 16.767791 21.761353 0.449999988
v 16.7593507 21.7189201 0.514671549
v 16.7637864 21.7412202 0.499497443
v 16.7667502 21.7561207 0.47678782
v 16.7902839 21.6835563 0.11999999
v 16.8106284 21.7506228 0.189999998
v 16.7980694 21.7092215 0.125328436
v 16.8046696 21.7309795 0.140502542
v 16.8090798 21.7455177 0.163212165
v 16.7902839 21.6835563 0.519999996
v 16.8106284 21.7506228 0.449999988
v 16.7980694 21.7092215 0.514671549
v 16.8046696 21.7309795 0.499497443
v 16.8090798 21.7455177 0.47678782
v 16.8253877 21.6709959 0.11999999
v 16.8522079 21.7357455 0.189999998
v 16.8356513 21.6957745 0.125328436
v 16.8443524 21.7167808 0.140502542
v 16.8501663 21.7308167 0.163212165
v 16.8253877 21.6709959 0.519999996
v 16.8522079 21.7357455 0.449999988
v 16.8356513 21.6957745 0.514671549
v 16.8443524 21.7167808 0.499497443
v 16.8501663 21.7308167 0.47678782
v 16.8590913 21.6550553 0.11999999
v 16.8921288 21.7168642 0.189999998
v 16.8717343 21.6787086 0.125328436
v 16.8824524 21.6987608 0.140502542
v 16.889614 21.7121593 0.163212165
v 16.8590913 21.6550553 0.519999996
v 16.8921288 21.7168642 0.449999988
v 16.8717343 21.6787086 0.514671549
v 16.8824524 21.6987608 0.499497443
v 16.889614 21.7121593 0.47678782
v 16.89107 21.635888 0.11999999
v 16.9300069 21.694161 0.189999998
v 16.9059705 21.6581881 0.125328436
v 16.9186026 21.6770932 0.140502542
v 16.927043 21.6897252 0.163212165
v 16.89107 21.635888 0.519999996
v 16.9300069 21.694161 0.449999988
v 16.9059705 21.6581881 0.514671549
v 16.9186026 21.6770932 0.499497443
v 16.927043 21.6897252 0.47678782
v 16.9210163 21.6136783 0.11999999
v 16.9654773 21.6678544 0.189999998
v 16.9380308 21.6344106 0.125328436
v 16.952455 21.6519866 0.140502542
v 16.9620929 21.6637305 0.163212165
v 16.9210162 21.6136783 0.519999996
v 16.9654773 21.6678544 0.449999988
v 16.9380308 21.6344106 0.514671549
v 16.952455 21.6519866 0.499497443
v 16.9620929 21.6637305 0.47678782
v 16.9486412 21.5886405 0.11999999
v 16.9981983 21.6381977 0.189999998
v 16.9676059 21.6076052 0.125328436
v 16.9836833 21.6236827 0.140502542
v 16.994426 21.6344254 0.163212165
v 16.9486412 21.5886406 0.519999996
v 16.9981983 21.6381977 0.449999988
v 16.9676059 21.6076053 0.514671549
v 16.9836833 21.6236827 0.499497443
v 16.994426 21.6344254 0.47678782
v 16.9736789 21.5610156 0.11999999
v 17.027855 21.6054767 0.189999998
v 16.9944112 21.5780302 0.125328436
v 17.0119872 21.5924544 0.140502542
v 17.0237311 21.6020923 0.163212165
v 16.9736789 21.5610157 0.519999996
v 17.027855 21.6054767 0.449999988
v 16.9944112 21.5780302 0.514671549
v 17.0119872 21.5924543 0.499497443
v 17.0237311 21.6020923 0.47678782
v 16.9958886 21.5310694 0.11999999
v 17.0541616 21.5700063 0.189999998
v 17.0181887 21.5459699 0.125328436
v 17.0370938 21.5586019 0.140502542
v 17.0497258 21.5670424 0.163212165
v 16.9958886 21.5310694 0.519999996
v 17.0541616 21.5700063 0.449999988
v 17.0181887 21.5459699 0.514671549
v 17.0370938 21.5586019 0.499497443
v 17.0497258 21.5670424 0.47678782
v 17.0150559 21.4990907 0.11999999
v 17.0768648 21.5321282 0.189999998
v 17.0387092 21.5117337 0.125328436
v 17.0587614 21.5224518 0.140502542
v 17.0721599 21.5296134 0.163212165
v 17.0150559 21.4990907 0.519999996
v 17.0768648 21.5321282 0.449999988
v 17.0387092 21.5117337 0.514671549
v 17.0587614 21.5224518 0.499497443
v 17.0721599 21.5296134 0.47678782
v 17.0309965 21.465387 0.11999999
v 17.0957461 21.4922072 0.189999998
v 17.0557751 21.4756507 0.125328436
v 17.0767814 21.4843518 0.140502542
v 17.0908173 21.4901657 0.163212165
v 17.0309965 21.465387 0.519999996
v 17.0957461 21.4922072 0.449999988
v 17.0557751 21.4756507 0.514671549
v 17.0767814 21.4843518 0.499497443
v 17.0908173 21.4901657 0.47678782
v 17.0435569 21.4302832 0.11999999
v 17.1106234 21.4506278 0.189999998
v 17.0692222 21.4380688 0.125328436
v 17.0909801 21.444669 0.140502542
v 17.1055183 21.4490792 0.163212165
v 17.0435569 21.4302832 0.519999996
v 17.1106234 21.4506278 0.449999988
v 17.0692222 21.4380688 0.514671549
v 17.0909801 21.444669 0.499497443
v 17.1055183 21.4490792 0.47678782
v 17.0526159 21.3941178 0.11999999
v 17.1213537 21.4077903 0.189999998
v 17.0789207 21.39935 0.125328436
v 17.1012208 21.4037857 0.140502542
v 17.1161213 21.4067496 0.163212165
v 17.0526159 21.3941178 0.519999996
v 17.1213537 21.4077903 0.449999988
v 17.0789207 21.39935 0.514671549
v 17.1012208 21.4037857 0.499497443
v 17.1161213 21.4067496 0.47678782
v 17.0580865 21.3572379 0.11999999
v 17.1278334 21.3641074 0.189999998
v 17.0847774 21.3598667 0.125328436
v 17.107405 21.3620954 0.140502542
v 17.1225242 21.3635845 0.163212165
v 17.0580865 21.3572379 0.519999996
v 17.1278334 21.3641074 0.449999988
v 17.0847774 21.3598667 0.514671549
v 17.107405 21.3620954 0.499497443
v 17.1225242 21.3635845 0.47678782
v 17.0599159 21.3199997 0.11999999
v 17.1300003 21.3199997 0.189999998
v 17.086736 21.3199997 0.125328436
v 17.109473 21.3199997 0.140502542
v 17.1246654 21.3199997 0.163212165
v 17.0599159 21.3199997 0.519999996
v 17.1300003 21.3199997 0.449999988
v 17.086736 21.3199997 0.514671549
v 17.109473 21.3199997 0.499497443
v 17.1246654 21.3199997 0.47678782
v 17.0580865 21.2827615 0.11999999
v 17.1278334 21.275892 0.189999998
v 17.0847774 21.2801327 0.125328436
v 17.107405 21.277904 0.140502542
v 17.1225242 21.2764149 0.163212165
v 17.0580865 21.2827615 0.519999996
v 17.1278334 21.275892 0.449999988
v 17.0847774 21.2801327 0.514671549
v 17.107405 21.277904 0.499497443
v 17.1225242 21.2764149 0.47678782
v 17.0526159 21.2458816 0.11999999
v 17.1213537 21.232209 0.189999998
v 17.0789207 21.2406493 0.125328436
v 17.1012208 21.2362136 0.140502542
v 17.1161213 21.2332498 0.163212165
v 17.0526159 21.2458816 0.519999996
v 17.1213537 21.232209 0.449999988
v 17.0789207 21.2406493 0.514671549
v 17.1012208 21.2362136 0.499497443
v 17.1161213 21.2332498 0.47678782
v 17.0435569 21.2097161 0.11999999
v 17.1106234 21.1893716 0.189999998
v 17.0692222 21.2019306 0.125328436
v 17.0909801 21.1953304 0.140502542
v 17.1055183 21.1909202 0.163212165
v 17.0435569 21.2097161 0.519999996
v 17.1106234 21.1893716 0.449999988
v 17.0692222 21.2019306 0.514671549
v 17.0909801 21.1953304 0.499497443
v 17.1055183 21.1909202 0.47678782
v 17.0309965 21.1746123 0.11999999
v 17.0957461 21.1477921 0.189999998
v 17.0557751 21.1643487 0.125328436
v 17.0767814 21.1556476 0.140502542
v 17.0908173 21.1498337 0.163212165
v 17.0309965 21.1746123 0.519999996
v 17.0957461 21.1477921 0.449999988
v 17.0557751 21.1643487 0.514671549
v 17.0767814 21.1556476 0.499497443
v 17.0908173 21.1498337 0.47678782
v 17.0150559 21.1409087 0.11999999
v 17.0768648 21.1078712 0.189999998
v 17.0387092 21.1282657 0.125328436
v 17.0587614 21.1175476 0.140502542
v 17.0721599 21.110386 0.163212165
v 17.0150559 21.1409087 0.519999996
v 17.0768648 21.1078712 0.449999988
v 17.0387092 21.1282657 0.514671549
v 17.0587614 21.1175476 0.499497443
v 17.0721599 21.110386 0.47678782
v 16.9958886 21.10893 0.11999999
v 17.0541616 21.0699931 0.189999998
v 17.0181887 21.0940295 0.125328436
v 17.0370938 21.0813974 0.140502542
v 17.0497258 21.072957 0.163212165
v 16.9958886 21.10893 0.519999996
v 17.0541616 21.0699931 0.449999988
v 17.0181887 21.0940295 0.514671549
v 17.0370938 21.0813974 0.499497443
v 17.0497258 21.072957 0.47678782
v 16.9736789 21.0789837 0.11999999
v 17.027855 21.0345227 0.189999998
v 16.9944112 21.0619692 0.125328436
v 17.0119872 21.047545 0.140502542
v 17.0237311 21.0379071 0.163212165
v 16.9736789 21.0789838 0.519999996
v 17.027855 21.0345227 0.449999988
v 16.9944112 21.0619692 0.514671549
v 17.0119872 21.047545 0.499497443
v 17.0237311 21.0379071 0.47678782
v 16.9486412 21.0513588 0.11999999
v 16.9981983 21.0018017 0.189999998
v 16.9676059 21.0323941 0.125328436
v 16.9836833 21.0163167 0.140502542
v 16.994426 21.005574 0.163212165
v 16.9486412 21.0513588 0.519999996
v 16.9981983 21.0018017 0.449999988
v 16.9676059 21.0323941 0.514671549
v 16.9836833 21.0163167 0.499497443
v 16.994426 21.005574 0.47678782
v 16.9210162 21.0263211 0.11999999
v 16.9654773 20.972145 0.189999998
v 16.9380308 21.0055888 0.125328436
v 16.952455 20.9880128 0.140502542
v 16.9620929 20.9762689 0.163212165
v 16.9210163 21.0263211 0.519999996
v 16.9654773 20.972145 0.449999988
v 16.9380308 21.0055888 0.514671549
v 16.952455 20.9880128 0.499497443
v 16.9620929 20.9762689 0.47678782
v 16.89107 21.0041114 0.11999999
v 16.9300069 20.9458384 0.189999998
v 16.9059705 20.9818113 0.125328436
v 16.9186026 20.9629062 0.140502542
v 16.927043 20.9502742 0.163212165
v 16.89107 21.0041114 0.519999996
v 16.9300069 20.9458384 0.449999988
v 16.9059705 20.9818113 0.514671549
v 16.9186026 20.9629062 0.499497443
v 16.927043 20.9502742 0.47678782
v 16.8590913 20.9849441 0.11999999
v 16.8921288 20.9231352 0.189999998
v 16.8717343 20.9612908 0.125328436
v 16.8824524 20.9412386 0.140502542
v 16.889614 20.9278401 0.163212165
v 16.8590913 20.9849441 0.519999996
v 16.8921288 20.9231352 0.449999988
v 16.8717343 20.9612908 0.514671549
v 16.8824524 20.9412386 0.499497443
v 16.889614 20.9278401 0.47678782
v 16.8253877 20.9690035 0.11999999
v 16.8522079 20.9042539 0.189999998
v 16.8356513 20.9442249 0.125328436
v 16.8443524 20.9232186 0.140502542
v 16.8501663 20.9091827 0.163212165
v 16.8253877 20.9690035 0.519999996
v 16.8522079 20.9042539 0.449999988
v 16.8356513 20.9442249 0.514671549
v 16.8443524 20.9232186 0.499497443
v 16.8501663 20.9091827 0.47678782
v 16.7902839 20.9564431 0.11999999
v 16.8106284 20.8893766 0.189999998
v 16.7980694 20.9307778 0.125328436
v 16.8046696 20.9090199 0.140502542
v 16.8090798 20.8944817 0.163212165
v 16.7902839 20.9564431 0.519999996
v 16.8106284 20.8893766 0.449999988
v 16.7980694 20.9307778 0.514671549
v 16.8046696 20.9090199 0.499497443
v 16.8090798 20.8944817 0.47678782
v 16.7541184 20.9473841 0.11999999
v 16.767791 20.8786463 0.189999998
v 16.7593507 20.9210793 0.125328436
v 16.7637864 20.8987792 0.140502542
v 16.7667502 20.8838787 0.163212165
v 16.7541184 20.9473841 0.519999996
v 16.767791 20.8786463 0.449999988
v 16.7593507 20.9210793 0.514671549
v 16.7637864 20.8987792 0.499497443
v 16.7667502 20.8838787 0.47678782
v 16.7172385 20.9419135 0.11999999
v 16.724108 20.8721666 0.189999998
v 16.7198673 20.9152226 0.125328436
v 16.722096 20.892595 0.140502542
v 16.7235851 20.8774758 0.163212165
v 16.7172385 20.9419135 0.519999996
v 16.724108 20.8721666 0.449999988
v 16.7198673 20.9152226 0.514671549
v 16.722096 20.892595 0.499497443
v 16.7235851 20.8774758 0.47678782
v 16.6800003 20.9400841 0.11999999
v 16.6800003 20.8699997 0.189999998
v 16.6800003 20.913264 0.125328436
v 16.6800003 20.890527 0.140502542
v 16.6800003 20.8753346 0.163212165
v 16.6800003 20.9400841 0.519999996
v 16.6800003 20.8699997 0.449999988
v 16.6800003 20.913264 0.514671549
v 16.6800003 20.890527 0.499497443
v 16.6800003 20.8753346 0.47678782
v 16.6427621 20.9419135 0.11999999
v 16.6358926 20.8721666 0.189999998
v 16.6401333 20.9152226 0.125328436
v 16.6379046 20.892595 0.140502542
v 16.6364155 20.8774758 0.163212165
v 16.6427621 20.9419135 0.519999996
v 16.6358926 20.8721666 0.449999988
v 16.6401333 20.9152226 0.514671549
v 16.6379046 20.892595 0.499497443
v 16.6364155 20.8774758 0.47678782
v 16.6058822 20.9473841 0.11999999
v 16.5922097 20.8786463 0.189999998
v 16.60065 20.9210793 0.125328436
v 16.5962143 20.8987792 0.140502542
v 16.5932504 20.8838787 0.163212165
v 16.6058822 20.9473841 0.519999996
v 16.5922097 20.8786463 0.449999988
v 16.60065 20.9210793 0.514671549
v 16.5962143 20.8987792 0.499497443
v 16.5932504 20.8838787 0.47678782
v 16.5697168 20.9564431 0.11999999
v 16.5493722 20.8893766 0.189999998
v 16.5619312 20.9307778 0.125328436
v 16.555331 20.9090199 0.140502542
v 16.5509208 20.8944817 0.163212165
v 16.5697168 20.9564431 0.519999996
v 16.5493722 20.8893766 0.449999988
v 16.5619312 20.9307778 0.514671549
v 16.555331 20.9090199 0.499497443
v 16.5509208 20.8944817 0.47678782
v 16.534613 20.9690035 0.11999999
v 16.5077928 20.9042539 0.189999998
v 16.5243493 20.9442249 0.125328436
v 16.5156482 20.9232186 0.140502542
v 16.5098343 20.9091827 0.163212165
v 16.534613 20.9690035 0.519999996
v 16.5077928 20.9042539 0.449999988
v 16.5243493 20.9442249 0.514671549
v 16.5156482 20.9232186 0.499497443
v 16.5098343 20.9091827 0.47678782
v 16.5009093 20.9849441 0.11999999
v 16.4678718 20.9231352 0.189999998
v 16.4882663 20.9612908 0.125328436
v 16.4775482 20.9412386 0.140502542
v 16.4703866 20.9278401 0.163212165
v 16.5009093 20.9849441 0.519999996
v 16.4678718 20.9231352 0.449999988
v 16.4882663 20.9612908 0.514671549
v 16.4775482 20.9412386 0.499497443
v 16.4703866 20.9278401 0.47678782
v 16.4689306 21.0041114 0.11999999
v 16.4299937 20.9458384 0.189999998
v 16.4540301 20.9818113 0.125328436
v 16.4413981 20.9629062 0.140502542
v 16.4329576 20.9502742 0.163212165
v 16.4689306 21.0041114 0.519999996
v 16.4299937 20.9458384 0.449999988
v 16.4540301 20.9818113 0.514671549
v 16.4413981 20.9629062 0.499497443
v 16.4329576 20.9502742 0.47678782
v 16.4389843 21.0263211 0.11999999
v 16.3945233 20.972145 0.189999998
v 16.4219698 21.0055888 0.125328436
v 16.4075457 20.9880128 0.140502542
v 16.3979077 20.9762689 0.163212165
v 16.4389844 21.0263211 0.519999996
v 16.3945233 20.972145 0.449999988
v 16.4219698 21.0055888 0.514671549
v 16.4075456 20.9880128 0.499497443
v 16.3979077 20.9762689 0.47678782
v 16.4113594 21.0513588 0.11999999
v 16.3618023 21.0018017 0.189999998
v 16.3923947 21.0323941 0.125328436
v 16.3763173 21.0163167 0.140502542
v 16.3655746 21.005574 0.163212165
v 16.4113595 21.0513588 0.519999996
v 16.3618023 21.0018017 0.449999988
v 16.3923948 21.0323941 0.514671549
v 16.3763173 21.0163167 0.499497443
v 16.3655746 21.005574 0.47678782
v 16.3863217 21.0789838 0.11999999
v 16.3321456 21.0345227 0.189999998
v 16.3655894 21.0619692 0.125328436
v 16.3480134 21.047545 0.140502542
v 16.3362695 21.0379071 0.163212165
v 16.3863217 21.0789837 0.519999996
v 16.3321456 21.0345227 0.449999988
v 16.3655894 21.0619692 0.514671549
v 16.3480134 21.047545 0.499497443
v 16.3362695 21.0379071 0.47678782
v 16.364112 21.10893 0.11999999
v 16.305839 21.0699931 0.189999998
v 16.3418119 21.0940295 0.125328436
v 16.3229068 21.0813974 0.140502542
v 16.3102748 21.072957 0.163212165
v 16.364112 21.10893 0.519999996
v 16.305839 21.0699931 0.449999988
v 16.3418119 21.0940295 0.514671549
v 16.3229068 21.0813974 0.499497443
v 16.3102748 21.072957 0.47678782
v 16.3449447 21.1409087 0.11999999
v 16.2831358 21.1078712 0.189999998
v 16.3212914 21.1282657 0.125328436
v 16.3012392 21.1175476 0.140502542
v 16.2878407 21.110386 0.163212165
v 16.3449447 21.1409087 0.519999996
v 16.2831358 21.1078712 0.449999988
v 16.3212914 21.1282657 0.514671549
v 16.3012392 21.1175476 0.499497443
v 16.2878407 21.110386 0.47678782
v 16.3290041 21.1746123 0.11999999
v 16.2642545 21.1477921 0.189999998
v 16.3042255 21.1643487 0.125328436
v 16.2832192 21.1556476 0.140502542
v 16.2691833 21.1498337 0.163212165
v 16.3290041 21.1746123 0.519999996
v 16.2642545 21.1477921 0.449999988
v 16.3042255 21.1643487 0.514671549
v 16.2832192 21.1556476 0.499497443
v 16.2691833 21.1498337 0.47678782
v 16.3164437 21.2097161 0.11999999
v 16.2493772 21.1893716 0.189999998
v 16.2907785 21.2019306 0.125328436
v 16.2690205 21.1953304 0.140502542
v 16.2544823 21.1909202 0.163212165
v 16.3164437 21.2097161 0.519999996
v 16.2493772 21.1893716 0.449999988
v 16.2907785 21.2019306 0.514671549
v 16.2690205 21.1953304 0.499497443
v 16.2544823 21.1909202 0.47678782
v 16.3073848 21.2458816 0.11999999
v 16.238647 21.232209 0.189999998
v 16.2810799 21.2406493 0.125328436
v 16.2587798 21.2362136 0.140502542
v 16.2438793 21.2332498 0.163212165
v 16.3073848 21.2458816 0.519999996
v 16.238647 21.232209 0.449999988
v 16.2810799 21.2406493 0.514671549
v 16.2587798 21.2362136 0.499497443
v 16.2438793 21.2332498 0.47678782
v 16.3019141 21.2827615 0.11999999
v 16.2321672 21.275892 0.189999998
v 16.2752232 21.2801327 0.125328436
v 16.2525956 21.277904 0.140502542
v 16.2374764 21.2764149 0.163212165
v 16.3019141 21.2827615 0.519999996
v 16.2321672 21.275892 0.449999988
v 16.2752232 21.2801327 0.514671549
v 16.2525956 21.277904 0.499497443
v 16.2374764 21.2764149 0.47678782
v 16.3000847 21.3199997 0.11999999
v 16.2300003 21.3199997 0.189999998
v 16.2732646 21.3199997 0.125328436
v 16.2505276 21.3199997 0.140502542
v 16.2353352 21.3199997 0.163212165
v 16.3000847 21.3199997 0.519999996
v 16.2300003 21.3199997 0.449999988
v 16.2732646 21.3199997 0.514671549
v 16.2505276 21.3199997 0.499497443
v 16.2353352 21.3199997 0.47678782
v 16.3019141 21.3572379 0.11999999
v 16.2321672 21.3641074 0.189999998
v 16.2752232 21.3598667 0.125328436
v 16.2525956 21.3620954 0.140502542
v 16.2374764 21.3635845 0.163212165
v 16.3019141 21.3572379 0.519999996
v 16.2321672 21.3641074 0.449999988
v 16.2752232 21.3598667 0.514671549
v 16.2525956 21.3620954 0.499497443
v 16.2374764 21.3635845 0.47678782
v 16.3073848 21.3941178 0.11999999
v 16.238647 21.4077903 0.189999998
v 16.2810799 21.39935 0.125328436
v 16.2587798 21.4037857 0.140502542
v 16.2438793 21.4067496 0.163212165
v 16.3073848 21.3941178 0.519999996
v 16.238647 21.4077903 0.449999988
v 16.2810799 21.39935 0.514671549
v 16.2587798 21.4037857 0.499497443
v 16.2438793 21.4067496 0.47678782
v 16.3164437 21.4302832 0.11999999
v 16.2493772 21.4506278 0.189999998
v 16.2907785 21.4380688 0.125328436
v 16.2690205 21.444669 0.140502542
v 16.2544823 21.4490792 0.163212165
v 16.3164437 21.4302832 0.519999996
v 16.2493772 21.4506278 0.449999988
v 16.2907785 21.4380688 0.514671549
v 16.2690205 21.444669 0.499497443
v 16.2544823 21.4490792 0.47678782
v 16.3290041 21.465387 0.11999999
v 16.2642545 21.4922072 0.189999998
v 16.3042255 21.4756507 0.125328436
v 16.2832192 21.4843518 0.140502542
v 16.2691833 21.4901657 0.163212165
v 16.3290041 21.465387 0.519999996
v 16.2642545 21.4922072 0.449999988
v 16.3042255 21.4756507 0.514671549
v 16.2832192 21.4843518 0.499497443
v 16.2691833 21.4901657 0.47678782
v 16.3449447 21.4990907 0.11999999
v 16.2831358 21.5321282 0.189999998
v 16.3212914 21.5117337 0.125328436
v 16.3012392 21.5224518 0.140502542
v 16.2878407 21.5296134 0.163212165
v 16.3449447 21.4990907 0.519999996
v 16.2831358 21.5321282 0.449999988
v 16.3212914 21.5117337 0.514671549
v 16.3012392 21.5224518 0.499497443
v 16.2878407 21.5296134 0.47678782
v 16.364112 21.5310694 0.11999999
v 16.305839 21.5700063 0.189999998
v 16.3418119 21.5459699 0.125328436
v 16.3229068 21.5586019 0.140502542
v 16.3102748 21.5670424 0.163212165
v 16.364112 21.5310694 0.519999996
v 16.305839 21.5700063 0.449999988
v 16.3418119 21.5459699 0.514671549
v 16.3229068 21.5586019 0.499497443
v 16.3102748 21.5670424 0.47678782
v 16.3863217 21.5610157 0.11999999
v 16.3321456 21.6054767 0.189999998
v 16.3655894 21.5780302 0.125328436
v 16.3480134 21.5924543 0.140502542
v 16.3362695 21.6020923 0.163212165
v 16.3863217 21.5610156 0.519999996
v 16.3321456 21.6054767 0.449999988
v 16.3655894 21.5780302 0.514671549
v 16.3480134 21.5924544 0.499497443
v 16.3362695 21.6020923 0.47678782
v 16.4113595 21.5886406 0.11999999
v 16.3618023 21.6381977 0.189999998
v 16.3923948 21.6076053 0.125328436
v 16.3763173 21.6236827 0.140502542
v 16.3655746 21.6344254 0.163212165
v 16.4113594 21.5886405 0.519999996
v 16.3618023 21.6381977 0.449999988
v 16.3923947 21.6076052 0.514671549
v 16.3763173 21.6236827 0.499497443
v 16.3655746 21.6344254 0.47678782
v 16.4389844 21.6136783 0.11999999
v 16.3945233 21.6678544 0.189999998
v 16.4219698 21.6344106 0.125328436
v 16.4075456 21.6519866 0.140502542
v 16.3979077 21.6637305 0.163212165
v 16.4389843 21.6136783 0.519999996
v 16.3945233 21.6678544 0.449999988
v 16.4219698 21.6344106 0.514671549
v 16.4075457 21.6519866 0.499497443
v 16.3979077 21.6637305 0.47678782
v 16.4689306 21.635888 0.11999999
v 16.4299937 21.694161 0.189999998
v 16.4540301 21.6581881 0.125328436
v 16.4413981 21.6770932 0.140502542
v 16.4329576 21.6897252 0.163212165
v 16.4689306 21.635888 0.519999996
v 16.4299937 21.694161 0.449999988
v 16.4540301 21.6581881 0.514671549
v 16.4413981 21.6770932 0.499497443
v 16.4329576 21.6897252 0.47678782
v 16.5009093 21.6550553 0.11999999
v 16.4678718 21.7168642 0.189999998
v 16.4882663 21.6787086 0.125328436
v 16.4775482 21.6987608 0.140502542
v 16.4703866 21.7121593 0.163212165
v 16.5009093 21.6550553 0.519999996
v 16.4678718 21.7168642 0.449999988
v 16.4882663 21.6787086 0.514671549
v 16.4775482 21.6987608 0.499497443
v 16.4703866 21.7121593 0.47678782
v 16.534613 21.6709959 0.11999999
v 16.5077928 21.7357455 0.189999998
v 16.5243493 21.6957745 0.125328436
v 16.5156482 21.7167808 0.140502542
v 16.5098343 21.7308167 0.163212165
v 16.534613 21.6709959 0.519999996
v 16.5077928 21.7357455 0.449999988
v 16.5243493 21.6957745 0.514671549
v 16.5156482 21.7167808 0.499497443
v 16.5098343 21.7308167 0.47678782
v 16.5697168 21.6835563 0.11999999
v 16.5493722 21.7506228 0.189999998
v 16.5619312 21.7092215 0.125328436
v 16.555331 21.7309795 0.140502542
v 16.5509208 21.7455177 0.163212165
v 16.5697168 21.6835563 0.519999996
v 16.5493722 21.7506228 0.449999988
v 16.5619312 21.7092215 0.514671549
v 16.555331 21.7309795 0.499497443
v 16.5509208 21.7455177 0.47678782
v 16.6058822 21.6926152 0.11999999
v 16.5922097 21.761353 0.189999998
v 16.60065 21.7189201 0.125328436
v 16.5962143 21.7412202 0.140502542
v 16.5932504 21.7561207 0.163212165
v 16.6058822 21.6926152 0.519999996
v 16.5922097 21.761353 0.449999988
v 16.60065 21.7189201 0.514671549
v 16.5962143 21.7412202 0.499497443
v 16.5932504 21.7561207 0.47678782
v 16.6427621 21.6980859 0.11999999
v 16.6358926 21.7678328 0.189999998
v 16.6401333 21.7247768 0.125328436
v 16.6379046 21.7474044 0.140502542
v 16.6364155 21.7625236 0.163212165
v 16.6427621 21.6980859 0.519999996
v 16.6358926 21.7678328 0.449999988
v 16.6401333 21.7247768 0.514671549
v 16.6379046 21.7474044 0.499497443
v 16.6364155 21.7625236 0.47678782
v 16.3215523 21.216835 0.398000002
v 16.3573399 21.1980247 0.398000002
v 16.3304157 21.1902504 0.370000005
v 16.3361778 21.2171593 0.398000002
v 16.3227348 21.2132778 0.384018362
v 16.3367577 21.213541 0.384610087
v 16.3537407 21.1969814 0.384018362
v 16.3493156 21.2102547 0.398000002
v 16.3460045 21.2086792 0.384610087
v 16.3259869 21.2035198 0.373740703
v 16.3438587 21.1941261 0.373740703
v 16.3390484 21.2066708 0.377374291
v 16.3577671 21.1967487 0.398000002
v 16.3315907 21.1867371 0.370000005
v 16.3542595 21.1954079 0.384000003
v 16.344677 21.1917419 0.373751283
v 16.3694057 21.1698112 0.398000002
v 16.3441753 21.1576118 0.370000005
v 16.3660259 21.1681767 0.384000003
v 16.3567905 21.1637115 0.373751283
v 16.3832932 21.143959 0.398000002
v 16.3591919 21.1296577 0.370000005
v 16.380064 21.1420441 0.384000003
v 16.3712425 21.1368084 0.373751283
v 16.3993263 21.119381 0.398000002
v 16.3765259 21.1030846 0.370000005
v 16.3962708 21.117197 0.384000003
v 16.3879261 21.1112328 0.373751283
v 16.4173908 21.0962543 0.398000002
v 16.396059 21.0780792 0.370000005
v 16.4145317 21.0938187 0.384000003
v 16.406723 21.0871658 0.373751283
v 16.437355 21.0747471 0.398000002
v 16.4176445 21.0548248 0.370000005
v 16.4347134 21.0720768 0.384000003
v 16.4274979 21.064785 0.373751283
v 16.4590759 21.0550137 0.398000002
v 16.4411297 21.0334873 0.370000005
v 16.4566727 21.0521317 0.384000003
v 16.4501038 21.0442505 0.373751283
v 16.4823933 21.037199 0.398000002
v 16.466341 21.0142269 0.370000005
v 16.4802437 21.0341206 0.384000003
v 16.4743671 21.0257111 0.373751283
v 16.5071411 21.0214291 0.398000002
v 16.4930992 20.9971752 0.370000005
v 16.5052605 21.0181789 0.384000003
v 16.5001202 21.0093021 0.373751283
v 16.5331402 21.0078182 0.398000002
v 16.5212097 20.9824581 0.370000005
v 16.5315418 21.0044212 0.384000003
v 16.5271759 20.9951401 0.373751283
v 16.5602016 20.9964676 0.398000002
v 16.5504704 20.9701862 0.370000005
v 16.558897 20.9929447 0.384000003
v 16.555336 20.983326 0.373751283
v 16.588129 20.9874573 0.398000002
v 16.5806656 20.9604435 0.370000005
v 16.5871277 20.9838352 0.384000003
v 16.5843964 20.9739475 0.373751283
v 16.6167221 20.9808521 0.398000002
v 16.6115818 20.9533024 0.370000005
v 16.6160336 20.9771614 0.384000003
v 16.614151 20.9670773 0.373751283
v 16.6457729 20.9767017 0.398000002
v 16.642992 20.9488144 0.370000005
v 16.645401 20.9729633 0.384000003
v 16.6443825 20.9627571 0.373751283
v 16.6750698 20.9750347 0.398000002
v 16.6746693 20.9470119 0.370000005
v 16.6750164 20.9712791 0.384000003
v 16.6748695 20.9610214 0.373751283
v 16.7044048 20.9758644 0.398000002
v 16.7063866 20.9479084 0.370000005
v 16.70467 20.9721222 0.384000003
v 16.7053947 20.9618893 0.373751283
v 16.7335606 20.9791832 0.398000002
v 16.7379112 20.951498 0.370000005
v 16.7341442 20.9754715 0.384000003
v 16.7357368 20.9653378 0.373751283
v 16.762331 20.9849682 0.398000002
v 16.7690182 20.9577522 0.370000005
v 16.7632275 20.9813194 0.384000003
v 16.7656746 20.9713593 0.373751283
v 16.7905045 20.9931755 0.398000002
v 16.7994804 20.9666271 0.370000005
v 16.791708 20.9896164 0.384000003
v 16.7949924 20.9798985 0.373751283
v 16.8178787 21.0037498 0.398000002
v 16.8290787 20.9780598 0.370000005
v 16.8193779 21.000309 0.384000003
v 16.8234787 20.9909058 0.373751283
v 16.8442554 21.0166111 0.398000002
v 16.8575993 20.9919662 0.370000005
v 16.8460445 21.0133076 0.384000003
v 16.8509274 21.0042877 0.373751283
v 16.8694439 21.0316677 0.398000002
v 16.8848324 21.0082455 0.370000005
v 16.8715057 21.0285301 0.384000003
v 16.8771381 21.0199566 0.373751283
v 16.8932629 21.0488091 0.398000002
v 16.9105873 21.0267792 0.370000005
v 16.8955841 21.0458584 0.384000003
v 16.9019241 21.037796 0.373751283
v 16.9155369 21.067915 0.398000002
v 16.9346695 21.0474377 0.370000005
v 16.9181004 21.0651722 0.384000003
v 16.9251022 21.0576763 0.373751283
v 16.9361076 21.0888424 0.398000002
v 16.956913 21.0700645 0.370000005
v 16.9388962 21.0863266 0.384000003
v 16.9465103 21.0794525 0.373751283
v 16.9548264 21.1114445 0.398000002
v 16.9771519 21.0945034 0.370000005
v 16.9578171 21.1091766 0.384000003
v 16.9659882 21.1029739 0.373751283
v 16.9715557 21.1355534 0.398000002
v 16.9952393 21.1205692 0.370000005
v 16.9747295 21.1335449 0.384000003
v 16.9833984 21.1280594 0.373751283
v 16.9861755 21.1609974 0.398000002
v 17.0110474 21.1480808 0.370000005
v 16.9895077 21.1592674 0.384000003
v 16.9986115 21.1545391 0.373751283
v 16.998579 21.1875916 0.398000002
v 17.0244579 21.176836 0.370000005
v 17.0020466 21.1861496 0.384000003
v 17.0115185 21.1822128 0.373751283
v 17.0086803 21.2151451 0.398000002
v 17.0353794 21.2066269 0.370000005
v 17.0122566 21.2140045 0.384000003
v 17.0220299 21.210886 0.373751283
v 17.0164013 21.2434559 0.398000002
v 17.0437279 21.2372379 0.370000005
v 17.0200615 21.2426224 0.384000003
v 17.0300636 21.2403469 0.373751283
v 17.0166435 21.2447796 0.398000002
v 17.0494213 21.2684517 0.398000002
v 17.0443974 21.2408829 0.370000005
v 17.0228615 21.2580185 0.398000002
v 17.0203533 21.2442532 0.384018362
v 17.0263615 21.2569256 0.384610087
v 17.0487518 21.264761 0.384018362
v 17.034893 21.2667084 0.398000002
v 17.034832 21.2630424 0.384610087
v 17.0305405 21.2428226 0.373740703
v 17.0469074 21.2546425 0.373740703
v 17.0335331 21.2559185 0.377374291
v 16.2696571 21.2018986 0.398000002
v 16.2785702 21.1753292 0.370000005
v 16.2516308 21.1676006 0.398000002
v 16.270853 21.198349 0.384018362
v 16.2574005 21.1944885 0.398000002
v 16.2591324 21.1912022 0.384610087
v 16.2651234 21.1714687 0.373740703
v 16.2741241 21.1885948 0.373740703
v 16.2614346 21.1843357 0.377374291
v 16.2507839 21.1819 0.398000002
v 16.2552357 21.1686325 0.384018362
v 16.2544746 21.1823387 0.384610087
v 16.2812023 21.1674633 0.370000005
v 16.2550259 21.1574516 0.398000002
v 16.2681122 21.1624565 0.373751283
v 16.2585316 21.1587925 0.384000003
v 16.2956066 21.1341248 0.370000005
v 16.2703762 21.1219254 0.398000002
v 16.2829914 21.1280251 0.373751283
v 16.273756 21.12356 0.384000003
v 16.3127937 21.1021309 0.370000005
v 16.2886925 21.0878296 0.398000002
v 16.3007431 21.0949802 0.373751283
v 16.2919216 21.0897446 0.384000003
v 16.3326378 21.0717125 0.370000005
v 16.3098373 21.0554161 0.398000002
v 16.3212376 21.0635643 0.373751283
v 16.3128929 21.0576 0.384000003
v 16.3549938 21.0430908 0.370000005
v 16.333662 21.0249157 0.398000002
v 16.3443298 21.0340042 0.373751283
v 16.3365211 21.0273514 0.384000003
v 16.3797016 21.0164738 0.370000005
v 16.3599911 20.9965515 0.398000002
v 16.3698463 21.0065117 0.373751283
v 16.3626308 20.9992199 0.384000003
v 16.4065819 20.9920521 0.370000005
v 16.3886356 20.9705257 0.398000002
v 16.3976097 20.9812889 0.373751283
v 16.3910408 20.9734116 0.384000003
v 16.435442 20.9700031 0.370000005
v 16.4193897 20.9470291 0.398000002
v 16.4274158 20.9585152 0.373751283
v 16.4215393 20.9501057 0.384000003
v 16.4660702 20.9504852 0.370000005
v 16.4520283 20.9262314 0.398000002
v 16.4590492 20.9383583 0.373751283
v 16.4539108 20.9294815 0.384000003
v 16.4982471 20.9336433 0.370000005
v 16.4863167 20.9082832 0.398000002
v 16.4922829 20.9209633 0.373751283
v 16.487915 20.9116821 0.384000003
v 16.5317364 20.9195938 0.370000005
v 16.5220051 20.8933125 0.398000002
v 16.5268707 20.9064522 0.373751283
v 16.5233078 20.8968315 0.384000003
v 16.5663013 20.9084435 0.370000005
v 16.5588379 20.8814297 0.398000002
v 16.5625687 20.8949356 0.373751283
v 16.5598373 20.8850479 0.384000003
v 16.6016865 20.9002686 0.370000005
v 16.5965462 20.8727188 0.398000002
v 16.5991173 20.8864937 0.373751283
v 16.5972347 20.8764114 0.384000003
v 16.63764 20.8951321 0.370000005
v 16.6348591 20.8672447 0.398000002
v 16.6362495 20.8811874 0.373751283
v 16.635231 20.8709793 0.384000003
v 16.6738987 20.8930683 0.370000005
v 16.6734982 20.8650455 0.398000002
v 16.6736984 20.8790588 0.373751283
v 16.6735516 20.8688011 0.384000003
v 16.7102032 20.8940964 0.370000005
v 16.7121849 20.8661404 0.398000002
v 16.7111931 20.8801193 0.373751283
v 16.7119198 20.8698864 0.384000003
v 16.7462883 20.8982029 0.370000005
v 16.750639 20.8705177 0.398000002
v 16.7484627 20.8843632 0.373751283
v 16.7500553 20.8742294 0.384000003
v 16.7818947 20.9053612 0.370000005
v 16.7885818 20.8781452 0.398000002
v 16.7852383 20.8917542 0.373751283
v 16.7876854 20.881794 0.384000003
v 16.8167629 20.9155197 0.370000005
v 16.8257389 20.8889713 0.398000002
v 16.8212509 20.9022446 0.373751283
v 16.8245373 20.8925266 0.384000003
v 16.8506413 20.928606 0.370000005
v 16.8618412 20.902916 0.398000002
v 16.8562412 20.91576 0.373751283
v 16.8603401 20.9063568 0.384000003
v 16.8832836 20.9445229 0.370000005
v 16.8966274 20.919878 0.398000002
v 16.8899555 20.9322014 0.373751283
v 16.8948383 20.9231815 0.384000003
v 16.9144592 20.9631577 0.370000005
v 16.9298477 20.9397354 0.398000002
v 16.9221535 20.9514465 0.373751283
v 16.9277859 20.9428749 0.384000003
v 16.9439354 20.9843731 0.370000005
v 16.9612598 20.9623432 0.398000002
v 16.9525986 20.9733562 0.373751283
v 16.9589386 20.9652939 0.384000003
v 16.9715042 21.0080166 0.370000005
v 16.9906368 20.9875393 0.398000002
v 16.9810715 20.9977779 0.373751283
v 16.9880733 20.9902821 0.384000003
v 16.9969597 21.0339184 0.370000005
v 17.017765 21.0151405 0.398000002
v 17.0073643 21.0245285 0.373751283
v 17.0149784 21.0176563 0.384000003
v 17.0201263 21.0618877 0.370000005
v 17.0424519 21.0449467 0.398000002
v 17.0312881 21.0534172 0.373751283
v 17.0394592 21.0472164 0.384000003
v 17.0408306 21.0917282 0.370000005
v 17.0645142 21.0767441 0.398000002
v 17.0526733 21.0842361 0.373751283
v 17.0613422 21.0787506 0.384000003
v 17.0589237 21.1232185 0.370000005
v 17.0837955 21.110302 0.398000002
v 17.0713596 21.1167603 0.373751283
v 17.0804634 21.1120319 0.384000003
v 17.0742779 21.1561317 0.370000005
v 17.1001568 21.1453762 0.398000002
v 17.0872192 21.150753 0.373751283
v 17.0966911 21.1468163 0.384000003
v 17.0867767 21.1902313 0.370000005
v 17.1134758 21.1817131 0.398000002
v 17.1001263 21.1859722 0.373751283
v 17.1098976 21.1828537 0.384000003
v 17.0963326 21.2252693 0.370000005
v 17.1236591 21.2190514 0.398000002
v 17.1099968 21.2221603 0.373751283
v 17.1199989 21.219883 0.384000003
v 17.1029034 21.2609901 0.398000002
v 17.1255875 21.229578 0.398000002
v 17.097826 21.233427 0.370000005
v 17.1160812 21.2553844 0.398000002
v 17.1022186 21.2573071 0.384018362
v 17.1148319 21.2518864 0.384610087
v 17.1218739 21.2300911 0.384018362
v 17.1244087 21.2438545 0.398000002
v 17.1206932 21.2437687 0.384610087
v 17.1003551 21.2471905 0.373740703
v 17.1116829 21.2315044 0.373740703
v 17.1135197 21.2447624 0.377374291
v 16.3573399 21.1980247 0.762000024
v 16.3215523 21.216835 0.762000024
v 16.3304157 21.1902504 0.790000021
v 16.3493156 21.2102547 0.762000084
v 16.3537407 21.1969814 0.775981724
v 16.3460045 21.2086792 0.775390029
v 16.3227348 21.2132778 0.775981724
v 16.3361778 21.2171593 0.762000084
v 16.3367577 21.213541 0.775390029
v 16.3438587 21.1941261 0.786259413
v 16.3259869 21.2035198 0.786259413
v 16.3390484 21.2066708 0.782625794
v 16.3315907 21.1867371 0.790000021
v 16.3577671 21.1967487 0.762000024
v 16.344677 21.1917419 0.786248744
v 16.3542595 21.1954079 0.776000023
v 16.3441753 21.1576118 0.790000021
v 16.3694057 21.1698112 0.762000024
v 16.3567905 21.1637115 0.786248744
v 16.3660259 21.1681767 0.776000023
v 16.3591919 21.1296577 0.790000021
v 16.3832932 21.143959 0.762000024
v 16.3712425 21.1368084 0.786248744
v 16.380064 21.1420441 0.776000023
v 16.3765259 21.1030846 0.790000021
v 16.3993263 21.119381 0.762000024
v 16.3879261 21.1112328 0.786248744
v 16.3962708 21.117197 0.776000023
v 16.396059 21.0780792 0.790000021
v 16.4173908 21.0962543 0.762000024
v 16.406723 21.0871658 0.786248744
v 16.4145317 21.0938187 0.776000023
v 16.4176445 21.0548248 0.790000021
v 16.437355 21.0747471 0.762000024
v 16.4274979 21.064785 0.786248744
v 16.4347134 21.0720768 0.776000023
v 16.4411297 21.0334873 0.790000021
v 16.4590759 21.0550137 0.762000024
v 16.4501038 21.0442505 0.786248744
v 16.4566727 21.0521317 0.776000023
v 16.466341 21.0142269 0.790000021
v 16.4823933 21.037199 0.762000024
v 16.4743671 21.0257111 0.786248744
v 16.4802437 21.0341206 0.776000023
v 16.4930992 20.9971752 0.790000021
v 16.5071411 21.0214291 0.762000024
v 16.5001202 21.0093021 0.786248744
v 16.5052605 21.0181789 0.776000023
v 16.5212097 20.9824581 0.790000021
v 16.5331402 21.0078182 0.762000024
v 16.5271759 20.9951401 0.786248744
v 16.5315418 21.0044212 0.776000023
v 16.5504704 20.9701862 0.790000021
v 16.5602016 20.9964676 0.762000024
v 16.555336 20.983326 0.786248744
v 16.558897 20.9929447 0.776000023
v 16.5806656 20.9604435 0.790000021
v 16.588129 20.9874573 0.762000024
v 16.5843964 20.9739475 0.786248744
v 16.5871277 20.9838352 0.776000023
v 16.6115818 20.9533024 0.790000021
v 16.6167221 20.9808521 0.762000024
v 16.614151 20.9670773 0.786248744
v 16.6160336 20.9771614 0.776000023
v 16.642992 20.9488144 0.790000021
v 16.6457729 20.9767017 0.762000024
v 16.6443825 20.9627571 0.786248744
v 16.645401 20.9729633 0.776000023
v 16.6746693 20.9470119 0.790000021
v 16.6750698 20.9750347 0.762000024
v 16.6748695 20.9610214 0.786248744
v 16.6750164 20.9712791 0.776000023
v 16.7063866 20.9479084 0.790000021
v 16.7044048 20.9758644 0.762000024
v 16.7053947 20.9618893 0.786248744
v 16.70467 20.9721222 0.776000023
v 16.7379112 20.951498 0.790000021
v 16.7335606 20.9791832 0.762000024
v 16.7357368 20.9653378 0.786248744
v 16.7341442 20.9754715 0.776000023
v 16.7690182 20.9577522 0.790000021
v 16.762331 20.9849682 0.762000024
v 16.7656746 20.9713593 0.786248744
v 16.7632275 20.9813194 0.776000023
v 16.7994804 20.9666271 0.790000021
v 16.7905045 20.9931755 0.762000024
v 16.7949924 20.9798985 0.786248744
v 16.791708 20.9896164 0.776000023
v 16.8290787 20.9780598 0.790000021
v 16.8178787 21.0037498 0.762000024
v 16.8234787 20.9909058 0.786248744
v 16.8193779 21.000309 0.776000023
v 16.8575993 20.9919662 0.790000021
v 16.8442554 21.0166111 0.762000024
v 16.8509274 21.0042877 0.786248744
v 16.8460445 21.0133076 0.776000023
v 16.8848324 21.0082455 0.790000021
v 16.8694439 21.0316677 0.762000024
v 16.8771381 21.0199566 0.786248744
v 16.8715057 21.0285301 0.776000023
v 16.9105873 21.0267792 0.790000021
v 16.8932629 21.0488091 0.762000024
v 16.9019241 21.037796 0.786248744
v 16.8955841 21.0458584 0.776000023
v 16.9346695 21.0474377 0.790000021
v 16.9155369 21.067915 0.762000024
v 16.9251022 21.0576763 0.786248744
v 16.9181004 21.0651722 0.776000023
v 16.956913 21.0700645 0.790000021
v 16.9361076 21.0888424 0.762000024
v 16.9465103 21.0794525 0.786248744
v 16.9388962 21.0863266 0.776000023
v 16.9771519 21.0945034 0.790000021
v 16.9548264 21.1114445 0.762000024
v 16.9659882 21.1029739 0.786248744
v 16.9578171 21.1091766 0.776000023
v 16.9952393 21.1205692 0.790000021
v 16.9715557 21.1355534 0.762000024
v 16.9833984 21.1280594 0.786248744
v 16.9747295 21.1335449 0.776000023
v 17.0110474 21.1480808 0.790000021
v 16.9861755 21.1609974 0.762000024
v 16.9986115 21.1545391 0.786248744
v 16.9895077 21.1592674 0.776000023
v 17.0244579 21.176836 0.790000021
v 16.998579 21.1875916 0.762000024
v 17.0115185 21.1822128 0.786248744
v 17.0020466 21.1861496 0.776000023
v 17.0353794 21.2066269 0.790000021
v 17.0086803 21.2151451 0.762000024
v 17.0220299 21.210886 0.786248744
v 17.0122566 21.2140045 0.776000023
v 17.0437279 21.2372379 0.790000021
v 17.0164013 21.2434559 0.762000024
v 17.0300636 21.2403469 0.786248744
v 17.0200615 21.2426224 0.776000023
v 17.0166435 21.2447796 0.762000024
v 17.0443974 21.2408829 0.790000021
v 17.0494213 21.2684517 0.762000024
v 17.0203571 21.244257 0.775981724
v 17.0228653 21.2580223 0.762000084
v 17.0263653 21.2569294 0.775390029
v 17.0469112 21.2546463 0.786259413
v 17.0305443 21.2428265 0.786259413
v 17.0335369 21.2559223 0.782625794
v 17.0348969 21.2667122 0.762000084
v 17.0487556 21.2647648 0.775981724
v 17.0348358 21.2630463 0.775390029
v 16.2696571 21.2018986 0.762000024
v 16.2516308 21.1676006 0.762000024
v 16.2785702 21.1753292 0.790000021
v 16.2574005 21.1944885 0.762000084
v 16.270853 21.198349 0.775981724
v 16.2591324 21.1912022 0.775390029
v 16.2552357 21.1686325 0.775981724
v 16.2507839 21.1819 0.762000084
v 16.2544746 21.1823387 0.775390029
v 16.2741241 21.1885948 0.786259413
v 16.2651234 21.1714687 0.786259413
v 16.2614346 21.1843357 0.782625794
v 16.2550259 21.1574516 0.762000024
v 16.2812023 21.1674633 0.790000021
v 16.2585316 21.1587925 0.776000023
v 16.2681122 21.1624565 0.786248744
v 16.2703762 21.1219254 0.762000024
v 16.2956066 21.1341248 0.790000021
v 16.273756 21.12356 0.776000023
v 16.2829914 21.1280251 0.786248744
v 16.2886925 21.0878296 0.762000024
v 16.3127937 21.1021309 0.790000021
v 16.2919216 21.0897446 0.776000023
v 16.3007431 21.0949802 0.786248744
v 16.3098373 21.0554161 0.762000024
v 16.3326378 21.0717125 0.790000021
v 16.3128929 21.0576 0.776000023
v 16.3212376 21.0635643 0.786248744
v 16.333662 21.0249157 0.762000024
v 16.3549938 21.0430908 0.790000021
v 16.3365211 21.0273514 0.776000023
v 16.3443298 21.0340042 0.786248744
v 16.3599911 20.9965515 0.762000024
v 16.3797016 21.0164738 0.790000021
v 16.3626308 20.9992199 0.776000023
v 16.3698463 21.0065117 0.786248744
v 16.3886356 20.9705257 0.762000024
v 16.4065819 20.9920521 0.790000021
v 16.3910408 20.9734116 0.776000023
v 16.3976097 20.9812889 0.786248744
v 16.4193897 20.9470291 0.762000024
v 16.435442 20.9700031 0.790000021
v 16.4215393 20.9501057 0.776000023
v 16.4274158 20.9585152 0.786248744
v 16.4520283 20.9262314 0.762000024
v 16.4660702 20.9504852 0.790000021
v 16.4539108 20.9294815 0.776000023
v 16.4590492 20.9383583 0.786248744
v 16.4863167 20.9082832 0.762000024
v 16.4982471 20.9336433 0.790000021
v 16.487915 20.9116821 0.776000023
v 16.4922829 20.9209633 0.786248744
v 16.5220051 20.8933125 0.762000024
v 16.5317364 20.9195938 0.790000021
v 16.5233078 20.8968315 0.776000023
v 16.5268707 20.9064522 0.786248744
v 16.5588379 20.8814297 0.762000024
v 16.5663013 20.9084435 0.790000021
v 16.5598373 20.8850479 0.776000023
v 16.5625687 20.8949356 0.786248744
v 16.5965462 20.8727188 0.762000024
v 16.6016865 20.9002686 0.790000021
v 16.5972347 20.8764114 0.776000023
v 16.5991173 20.8864937 0.786248744
v 16.6348591 20.8672447 0.762000024
v 16.63764 20.8951321 0.790000021
v 16.635231 20.8709793 0.776000023
v 16.6362495 20.8811874 0.786248744
v 16.6734982 20.8650455 0.762000024
v 16.6738987 20.8930683 0.790000021
v 16.6735516 20.8688011 0.776000023
v 16.6736984 20.8790588 0.786248744
v 16.7121849 20.8661404 0.762000024
v 16.7102032 20.8940964 0.790000021
v 16.7119198 20.8698864 0.776000023
v 16.7111931 20.8801193 0.786248744
v 16.750639 20.8705177 0.762000024
v 16.7462883 20.8982029 0.790000021
v 16.7500553 20.8742294 0.776000023
v 16.7484627 20.8843632 0.786248744
v 16.7885818 20.8781452 0.762000024
v 16.7818947 20.9053612 0.790000021
v 16.7876854 20.881794 0.776000023
v 16.7852383 20.8917542 0.786248744
v 16.8257389 20.8889713 0.762000024
v 16.8167629 20.9155197 0.790000021
v 16.8245373 20.8925266 0.776000023
v 16.8212509 20.9022446 0.786248744
v 16.8618412 20.902916 0.762000024
v 16.8506413 20.928606 0.790000021
v 16.8603401 20.9063568 0.776000023
v 16.8562412 20.91576 0.786248744
v 16.8966274 20.919878 0.762000024
v 16.8832836 20.9445229 0.790000021
v 16.8948383 20.9231815 0.776000023
v 16.8899555 20.9322014 0.786248744
v 16.9298477 20.9397354 0.762000024
v 16.9144592 20.9631577 0.790000021
v 16.9277859 20.9428749 0.776000023
v 16.9221535 20.9514465 0.786248744
v 16.9612598 20.9623432 0.762000024
v 16.9439354 20.9843731 0.790000021
v 16.9589386 20.9652939 0.776000023
v 16.9525986 20.9733562 0.786248744
v 16.9906368 20.9875393 0.762000024
v 16.9715042 21.0080166 0.790000021
v 16.9880733 20.9902821 0.776000023
v 16.9810715 20.9977779 0.786248744
v 17.017765 21.0151405 0.762000024
v 16.9969597 21.0339184 0.790000021
v 17.0149784 21.0176563 0.776000023
v 17.0073643 21.0245285 0.786248744
v 17.0424519 21.0449467 0.762000024
v 17.0201263 21.0618877 0.790000021
v 17.0394592 21.0472164 0.776000023
v 17.0312881 21.0534172 0.786248744
v 17.0645142 21.0767441 0.762000024
v 17.0408306 21.0917282 0.790000021
v 17.0613422 21.0787506 0.776000023
v 17.0526733 21.0842361 0.786248744
v 17.0837955 21.110302 0.762000024
v 17.0589237 21.1232185 0.790000021
v 17.0804634 21.1120319 0.776000023
v 17.0713596 21.1167603 0.786248744
v 17.1001568 21.1453762 0.762000024
v 17.0742779 21.1561317 0.790000021
v 17.0966911 21.1468163 0.776000023
v 17.0872192 21.150753 0.786248744
v 17.1134758 21.1817131 0.762000024
v 17.0867767 21.1902313 0.790000021
v 17.1098976 21.1828537 0.776000023
v 17.1001263 21.1859722 0.786248744
v 17.1236591 21.2190514 0.762000024
v 17.0963326 21.2252693 0.790000021
v 17.1199989 21.219883 0.776000023
v 17.1099968 21.2221603 0.786248744
v 17.1255875 21.229578 0.762000024
v 17.1029034 21.2609901 0.762000024
v 17.097826 21.233427 0.790000021
v 17.1244087 21.2438545 0.762000084
v 17.1218739 21.2300911 0.775981724
v 17.1206932 21.2437687 0.775390029
v 17.1022186 21.2573071 0.775981724
v 17.1160812 21.2553844 0.762000084
v 17.1148319 21.2518864 0.775390029
v 17.1116829 21.2315044 0.786259413
v 17.1003551 21.2471905 0.786259413
v 17.1135197 21.2447624 0.782625794
v 15.8699999 21.8399151 0.11999999
v 15.8699999 21.9099995 0.189999998
v 15.8699999 21.8667352 0.125328436
v 15.8699999 21.8894723 0.140502542
v 15.8699999 21.9046647 0.163212165
v 15.8699999 21.8399151 0.519999996
v 15.8699999 21.9099995 0.449999988
v 15.8699999 21.8667352 0.514671549
v 15.8699999 21.8894723 0.499497443
v 15.8699999 21.9046647 0.47678782
v 15.9052778 21.838182 0.11999999
v 15.9121473 21.907929 0.189999998
v 15.9079066 21.8648731 0.125328436
v 15.9101352 21.8875006 0.140502542
v 15.9116243 21.9026198 0.163212165
v 15.9052778 21.838182 0.519999996
v 15.9121473 21.907929 0.449999988
v 15.9079066 21.8648731 0.514671549
v 15.9101352 21.8875006 0.499497443
v 15.9116243 21.9026198 0.47678782
v 15.9402158 21.8329995 0.11999999
v 15.9538887 21.9017372 0.189999998
v 15.9454482 21.8593042 0.125328436
v 15.949884 21.8816044 0.140502542
v 15.9528479 21.8965049 0.163212165
v 15.9402158 21.8329995 0.519999996
v 15.9538887 21.9017372 0.449999988
v 15.9454482 21.8593042 0.514671549
v 15.949884 21.8816044 0.499497443
v 15.9528479 21.8965049 0.47678782
v 15.9744781 21.8244172 0.11999999
v 15.9948223 21.8914839 0.189999998
v 15.9822635 21.8500825 0.125328436
v 15.9888636 21.8718405 0.140502542
v 15.9932737 21.8863788 0.163212165
v 15.9744781 21.8244172 0.519999996
v 15.9948223 21.8914839 0.449999988
v 15.9822635 21.8500825 0.514671549
v 15.9888636 21.8718405 0.499497443
v 15.9932737 21.8863788 0.47678782
v 16.0077335 21.8125182 0.11999999
v 16.0345538 21.8772677 0.189999998
v 16.0179972 21.8372968 0.125328436
v 16.0266983 21.858303 0.140502542
v 16.0325122 21.872339 0.163212165
v 16.0077335 21.8125182 0.519999996
v 16.0345538 21.8772677 0.449999988
v 16.0179972 21.8372968 0.514671549
v 16.0266983 21.858303 0.499497443
v 16.0325122 21.872339 0.47678782
v 16.0396628 21.7974168 0.11999999
v 16.0727005 21.8592257 0.189999998
v 16.0523058 21.82107 0.125328436
v 16.063024 21.8411223 0.140502542
v 16.0701856 21.8545208 0.163212165
v 16.0396628 21.7974168 0.519999996
v 16.0727005 21.8592257 0.449999988
v 16.0523058 21.82107 0.514671549
v 16.063024 21.8411223 0.499497443
v 16.0701856 21.8545208 0.47678782
v 16.0699584 21.7792583 0.11999999
v 16.1088951 21.8375315 0.189999998
v 16.0848588 21.8015585 0.125328436
v 16.0974908 21.8204637 0.140502542
v 16.1059312 21.8330957 0.163212165
v 16.0699584 21.7792583 0.519999996
v 16.1088951 21.8375315 0.449999988
v 16.0848588 21.8015585 0.514671549
v 16.0974908 21.8204637 0.499497443
v 16.1059312 21.8330957 0.47678782
v 16.0983279 21.7582181 0.11999999
v 16.142789 21.812394 0.189999998
v 16.1153424 21.7789503 0.125328436
v 16.1297666 21.7965263 0.140502542
v 16.1394046 21.8082701 0.163212165
v 16.0983279 21.7582181 0.519999996
v 16.142789 21.812394 0.449999988
v 16.1153424 21.7789503 0.514671549
v 16.1297666 21.7965263 0.499497443
v 16.1394046 21.8082701 0.47678782
v 16.1244986 21.7344983 0.11999999
v 16.1740558 21.7840555 0.189999998
v 16.1434633 21.753463 0.125328436
v 16.1595408 21.7695405 0.140502542
v 16.1702835 21.7802831 0.163212165
v 16.1244986 21.7344983 0.519999996
v 16.1740558 21.7840555 0.449999988
v 16.1434633 21.753463 0.514671549
v 16.1595408 21.7695405 0.499497443
v 16.1702835 21.7802831 0.47678782
v 16.1482185 21.7083275 0.11999999
v 16.2023944 21.7527887 0.189999998
v 16.1689507 21.7253421 0.125328436
v 16.1865266 21.7397663 0.140502542
v 16.1982705 21.7494043 0.163212165
v 16.1482185 21.7083275 0.519999996
v 16.2023944 21.7527887 0.449999988
v 16.1689507 21.7253421 0.514671549
v 16.1865266 21.7397663 0.499497443
v 16.1982705 21.7494043 0.47678782
v 16.1692587 21.6799581 0.11999999
v 16.2275318 21.7188947 0.189999998
v 16.1915588 21.6948585 0.125328436
v 16.210464 21.7074905 0.140502542
v 16.223096 21.7159309 0.163212165
v 16.1692587 21.6799581 0.519999996
v 16.2275318 21.7188947 0.449999988
v 16.1915589 21.6948585 0.514671549
v 16.210464 21.7074905 0.499497443
v 16.223096 21.7159309 0.47678782
v 16.1874171 21.6496625 0.11999999
v 16.249226 21.6827001 0.189999998
v 16.2110704 21.6623054 0.125328436
v 16.2311226 21.6730236 0.140502542
v 16.2445211 21.6801853 0.163212165
v 16.1874171 21.6496625 0.519999996
v 16.249226 21.6827001 0.449999988
v 16.2110704 21.6623054 0.514671549
v 16.2311226 21.6730236 0.499497443
v 16.2445211 21.6801853 0.47678782
v 16.2025186 21.6177332 0.11999999
v 16.2672681 21.6445534 0.189999998
v 16.2272971 21.6279968 0.125328436
v 16.2483034 21.636698 0.140502542
v 16.2623393 21.6425119 0.163212165
v 16.2025186 21.6177332 0.519999996
v 16.2672681 21.6445534 0.449999988
v 16.2272971 21.6279968 0.514671549
v 16.2483034 21.636698 0.499497443
v 16.2623393 21.6425119 0.47678782
v 16.2144176 21.5844777 0.11999999
v 16.2814842 21.604822 0.189999998
v 16.2400829 21.5922631 0.125328436
v 16.2618409 21.5988633 0.140502542
v 16.2763791 21.6032734 0.163212165
v 16.2144176 21.5844777 0.519999996
v 16.2814842 21.604822 0.449999988
v 16.2400829 21.5922631 0.514671549
v 16.2618409 21.5988633 0.499497443
v 16.2763791 21.6032734 0.47678782
v 16.2229998 21.5502155 0.11999999
v 16.2917376 21.5638884 0.189999998
v 16.2493046 21.5554479 0.125328436
v 16.2716047 21.5598837 0.140502542
v 16.2865052 21.5628476 0.163212165
v 16.2229998 21.5502155 0.519999996
v 16.2917376 21.5638884 0.449999988
v 16.2493046 21.5554479 0.514671549
v 16.2716047 21.5598837 0.499497443
v 16.2865052 21.5628476 0.47678782
v 16.2281824 21.5152774 0.11999999
v 16.2979293 21.5221469 0.189999998
v 16.2548734 21.5179063 0.125328436
v 16.2775009 21.5201349 0.140502542
v 16.2926202 21.521624 0.163212165
v 16.2281824 21.5152774 0.519999996
v 16.2979293 21.5221469 0.449999988
v 16.2548734 21.5179063 0.514671549
v 16.2775009 21.5201349 0.499497443
v 16.2926202 21.521624 0.47678782
v 16.2299155 21.4799995 0.11999999
v 16.2999999 21.4799995 0.189999998
v 16.2567356 21.4799995 0.125328436
v 16.2794726 21.4799995 0.140502542
v 16.294665 21.4799995 0.163212165
v 16.2299155 21.4799995 0.519999996
v 16.2999999 21.4799995 0.449999988
v 16.2567356 21.4799995 0.514671549
v 16.2794726 21.4799995 0.499497443
v 16.294665 21.4799995 0.47678782
v 16.2281824 21.4447217 0.11999999
v 16.2979293 21.4378522 0.189999998
v 16.2548734 21.4420928 0.125328436
v 16.2775009 21.4398642 0.140502542
v 16.2926202 21.4383751 0.163212165
v 16.2281824 21.4447217 0.519999996
v 16.2979293 21.4378522 0.449999988
v 16.2548734 21.4420928 0.514671549
v 16.2775009 21.4398642 0.499497443
v 16.2926202 21.4383751 0.47678782
v 16.2229998 21.4097836 0.11999999
v 16.2917376 21.3961107 0.189999998
v 16.2493046 21.4045512 0.125328436
v 16.2716047 21.4001154 0.140502542
v 16.2865052 21.3971515 0.163212165
v 16.2229998 21.4097836 0.519999996
v 16.2917376 21.3961107 0.449999988
v 16.2493046 21.4045512 0.514671549
v 16.2716047 21.4001154 0.499497443
v 16.2865052 21.3971515 0.47678782
v 16.2144176 21.3755213 0.11999999
v 16.2814842 21.3551771 0.189999998
v 16.2400829 21.3677359 0.125328436
v 16.2618409 21.3611358 0.140502542
v 16.2763791 21.3567257 0.163212165
v 16.2144176 21.3755213 0.519999996
v 16.2814842 21.3551771 0.449999988
v 16.2400829 21.3677359 0.514671549
v 16.2618409 21.3611358 0.499497443
v 16.2763791 21.3567257 0.47678782
v 16.2025186 21.3422659 0.11999999
v 16.2672681 21.3154456 0.189999998
v 16.2272971 21.3320022 0.125328436
v 16.2483034 21.3233011 0.140502542
v 16.2623393 21.3174872 0.163212165
v 16.2025186 21.3422659 0.519999996
v 16.2672681 21.3154456 0.449999988
v 16.2272971 21.3320022 0.514671549
v 16.2483034 21.3233011 0.499497443
v 16.2623393 21.3174872 0.47678782
v 16.1874171 21.3103366 0.11999999
v 16.249226 21.2772989 0.189999998
v 16.2110704 21.2976936 0.125328436
v 16.2311226 21.2869754 0.140502542
v 16.2445211 21.2798138 0.163212165
v 16.1874171 21.3103366 0.519999996
v 16.249226 21.2772989 0.449999988
v 16.2110704 21.2976936 0.514671549
v 16.2311226 21.2869754 0.499497443
v 16.2445211 21.2798138 0.47678782
v 16.1692587 21.280041 0.11999999
v 16.2275318 21.2411043 0.189999998
v 16.1915589 21.2651406 0.125328436
v 16.210464 21.2525086 0.140502542
v 16.223096 21.2440682 0.163212165
v 16.1692587 21.280041 0.519999996
v 16.2275318 21.2411043 0.449999988
v 16.1915588 21.2651406 0.514671549
v 16.210464 21.2525086 0.499497443
v 16.223096 21.2440682 0.47678782
v 16.1482185 21.2516716 0.11999999
v 16.2023944 21.2072104 0.189999998
v 16.1689507 21.234657 0.125328436
v 16.1865266 21.2202328 0.140502542
v 16.1982705 21.2105948 0.163212165
v 16.1482185 21.2516716 0.519999996
v 16.2023944 21.2072104 0.449999988
v 16.1689507 21.234657 0.514671549
v 16.1865266 21.2202328 0.499497443
v 16.1982705 21.2105948 0.47678782
v 16.1244986 21.2255008 0.11999999
v 16.1740558 21.1759436 0.189999998
v 16.1434633 21.2065361 0.125328436
v 16.1595408 21.1904586 0.140502542
v 16.1702835 21.179716 0.163212165
v 16.1244986 21.2255008 0.519999996
v 16.1740558 21.1759436 0.449999988
v 16.1434633 21.2065361 0.514671549
v 16.1595408 21.1904586 0.499497443
v 16.1702835 21.179716 0.47678782
v 16.0983279 21.201781 0.11999999
v 16.142789 21.1476051 0.189999998
v 16.1153424 21.1810488 0.125328436
v 16.1297666 21.1634728 0.140502542
v 16.1394046 21.151729 0.163212165
v 16.0983279 21.201781 0.519999996
v 16.142789 21.1476051 0.449999988
v 16.1153424 21.1810488 0.514671549
v 16.1297666 21.1634728 0.499497443
v 16.1394046 21.151729 0.47678782
v 16.0699584 21.1807407 0.11999999
v 16.1088951 21.1224676 0.189999998
v 16.0848588 21.1584406 0.125328436
v 16.0974908 21.1395354 0.140502542
v 16.1059312 21.1269034 0.163212165
v 16.0699584 21.1807407 0.519999996
v 16.1088951 21.1224676 0.449999988
v 16.0848588 21.1584406 0.514671549
v 16.0974908 21.1395354 0.499497443
v 16.1059312 21.1269034 0.47678782
v 16.0396628 21.1625823 0.11999999
v 16.0727005 21.1007734 0.189999998
v 16.0523058 21.138929 0.125328436
v 16.063024 21.1188768 0.140502542
v 16.0701856 21.1054783 0.163212165
v 16.0396628 21.1625823 0.519999996
v 16.0727005 21.1007734 0.449999988
v 16.0523058 21.138929 0.514671549
v 16.063024 21.1188768 0.499497443
v 16.0701856 21.1054783 0.47678782
v 16.0077335 21.1474808 0.11999999
v 16.0345538 21.0827313 0.189999998
v 16.0179972 21.1227023 0.125328436
v 16.0266983 21.101696 0.140502542
v 16.0325122 21.0876601 0.163212165
v 16.0077335 21.1474808 0.519999996
v 16.0345538 21.0827313 0.449999988
v 16.0179972 21.1227023 0.514671549
v 16.0266983 21.101696 0.499497443
v 16.0325122 21.0876601 0.47678782
v 15.9744781 21.1355819 0.11999999
v 15.9948223 21.0685152 0.189999998
v 15.9822635 21.1099165 0.125328436
v 15.9888636 21.0881585 0.140502542
v 15.9932737 21.0736203 0.163212165
v 15.9744781 21.1355819 0.519999996
v 15.9948223 21.0685152 0.449999988
v 15.9822635 21.1099165 0.514671549
v 15.9888636 21.0881585 0.499497443
v 15.9932737 21.0736203 0.47678782
v 15.9402158 21.1269996 0.11999999
v 15.9538887 21.0582619 0.189999998
v 15.9454482 21.1006948 0.125328436
v 15.949884 21.0783947 0.140502542
v 15.9528479 21.0634942 0.163212165
v 15.9402158 21.1269996 0.519999996
v 15.9538887 21.0582619 0.449999988
v 15.9454482 21.1006948 0.514671549
v 15.949884 21.0783947 0.499497443
v 15.9528479 21.0634942 0.47678782
v 15.9052778 21.1218171 0.11999999
v 15.9121473 21.0520701 0.189999998
v 15.9079066 21.095126 0.125328436
v 15.9101352 21.0724985 0.140502542
v 15.9116243 21.0573792 0.163212165
v 15.9052778 21.1218171 0.519999996
v 15.9121473 21.0520701 0.449999988
v 15.9079066 21.095126 0.514671549
v 15.9101352 21.0724985 0.499497443
v 15.9116243 21.0573792 0.47678782
v 15.8699999 21.120084 0.11999999
v 15.8699999 21.0499995 0.189999998
v 15.8699999 21.0932638 0.125328436
v 15.8699999 21.0705268 0.140502542
v 15.8699999 21.0553344 0.163212165
v 15.8699999 21.120084 0.519999996
v 15.8699999 21.0499995 0.449999988
v 15.8699999 21.0932638 0.514671549
v 15.8699999 21.0705268 0.499497443
v 15.8699999 21.0553344 0.47678782
v 15.834722 21.1218171 0.11999999
v 15.8278525 21.0520701 0.189999998
v 15.8320932 21.095126 0.125328436
v 15.8298645 21.0724985 0.140502542
v 15.8283754 21.0573792 0.163212165
v 15.834722 21.1218171 0.519999996
v 15.8278525 21.0520701 0.449999988
v 15.8320932 21.095126 0.514671549
v 15.8298645 21.0724985 0.499497443
v 15.8283754 21.0573792 0.47678782
v 15.7997839 21.1269996 0.11999999
v 15.786111 21.0582619 0.189999998
v 15.7945515 21.1006948 0.125328436
v 15.7901157 21.0783947 0.140502542
v 15.7871518 21.0634942 0.163212165
v 15.7997839 21.1269996 0.519999996
v 15.786111 21.0582619 0.449999988
v 15.7945515 21.1006948 0.514671549
v 15.7901157 21.0783947 0.499497443
v 15.7871518 21.0634942 0.47678782
v 15.7655217 21.1355819 0.11999999
v 15.7451775 21.0685152 0.189999998
v 15.7577363 21.1099165 0.125328436
v 15.7511361 21.0881585 0.140502542
v 15.7467261 21.0736203 0.163212165
v 15.7655217 21.1355819 0.519999996
v 15.7451775 21.0685152 0.449999988
v 15.7577363 21.1099165 0.514671549
v 15.7511361 21.0881585 0.499497443
v 15.7467261 21.0736203 0.47678782
v 15.7322662 21.1474808 0.11999999
v 15.705446 21.0827313 0.189999998
v 15.7220026 21.1227023 0.125328436
v 15.7133015 21.101696 0.140502542
v 15.7074876 21.0876601 0.163212165
v 15.7322662 21.1474808 0.519999996
v 15.705446 21.0827313 0.449999988
v 15.7220026 21.1227023 0.514671549
v 15.7133015 21.101696 0.499497443
v 15.7074876 21.0876601 0.47678782
v 15.7003369 21.1625823 0.11999999
v 15.6672993 21.1007734 0.189999998
v 15.687694 21.138929 0.125328436
v 15.6769758 21.1188768 0.140502542
v 15.6698141 21.1054783 0.163212165
v 15.7003369 21.1625823 0.519999996
v 15.6672993 21.1007734 0.449999988
v 15.687694 21.138929 0.514671549
v 15.6769758 21.1188768 0.499497443
v 15.6698141 21.1054783 0.47678782
v 15.6700414 21.1807407 0.11999999
v 15.6311047 21.1224676 0.189999998
v 15.6551409 21.1584406 0.125328436
v 15.642509 21.1395354 0.140502542
v 15.6340685 21.1269034 0.163212165
v 15.6700414 21.1807407 0.519999996
v 15.6311047 21.1224676 0.449999988
v 15.6551409 21.1584406 0.514671549
v 15.642509 21.1395354 0.499497443
v 15.6340685 21.1269034 0.47678782
v 15.6416719 21.201781 0.11999999
v 15.5972107 21.1476051 0.189999998
v 15.6246574 21.1810488 0.125328436
v 15.6102331 21.1634728 0.140502542
v 15.6005951 21.151729 0.163212165
v 15.6416719 21.201781 0.519999996
v 15.5972107 21.1476051 0.449999988
v 15.6246574 21.1810488 0.514671549
v 15.6102331 21.1634728 0.499497443
v 15.6005951 21.151729 0.47678782
v 15.6155011 21.2255008 0.11999999
v 15.565944 21.1759436 0.189999998
v 15.5965365 21.2065361 0.125328436
v 15.5804589 21.1904586 0.140502542
v 15.5697163 21.179716 0.163212165
v 15.6155011 21.2255008 0.519999996
v 15.565944 21.1759436 0.449999988
v 15.5965365 21.2065361 0.514671549
v 15.5804589 21.1904586 0.499497443
v 15.5697163 21.179716 0.47678782
v 15.5917813 21.2516716 0.11999999
v 15.5376054 21.2072104 0.189999998
v 15.5710491 21.234657 0.125328436
v 15.5534732 21.2202328 0.140502542
v 15.5417293 21.2105948 0.163212165
v 15.5917813 21.2516716 0.519999996
v 15.5376054 21.2072104 0.449999988
v 15.5710491 21.234657 0.514671549
v 15.5534732 21.2202328 0.499497443
v 15.5417293 21.2105948 0.47678782
v 15.5707411 21.280041 0.11999999
v 15.512468 21.2411043 0.189999998
v 15.5484409 21.2651406 0.125328436
v 15.5295357 21.2525086 0.140502542
v 15.5169037 21.2440682 0.163212165
v 15.5707411 21.280041 0.519999996
v 15.512468 21.2411043 0.449999988
v 15.5484409 21.2651406 0.514671549
v 15.5295357 21.2525086 0.499497443
v 15.5169037 21.2440682 0.47678782
v 15.5525826 21.3103366 0.11999999
v 15.4907737 21.2772989 0.189999998
v 15.5289294 21.2976936 0.125328436
v 15.5088771 21.2869754 0.140502542
v 15.4954787 21.2798138 0.163212165
v 15.5525826 21.3103366 0.519999996
v 15.4907737 21.2772989 0.449999988
v 15.5289294 21.2976936 0.514671549
v 15.5088771 21.2869754 0.499497443
v 15.4954787 21.2798138 0.47678782
v 15.5374812 21.3422659 0.11999999
v 15.4727317 21.3154456 0.189999998
v 15.5127026 21.3320022 0.125328436
v 15.4916964 21.3233011 0.140502542
v 15.4776605 21.3174872 0.163212165
v 15.5374812 21.3422659 0.519999996
v 15.4727317 21.3154456 0.449999988
v 15.5127026 21.3320022 0.514671549
v 15.4916964 21.3233011 0.499497443
v 15.4776605 21.3174872 0.47678782
v 15.5255822 21.3755213 0.11999999
v 15.4585155 21.3551771 0.189999998
v 15.4999169 21.3677359 0.125328436
v 15.4781589 21.3611358 0.140502542
v 15.4636207 21.3567257 0.163212165
v 15.5255822 21.3755213 0.519999996
v 15.4585155 21.3551771 0.449999988
v 15.4999169 21.3677359 0.514671549
v 15.4781589 21.3611358 0.499497443
v 15.4636207 21.3567257 0.47678782
v 15.517 21.4097836 0.11999999
v 15.4482622 21.3961107 0.189999998
v 15.4906952 21.4045512 0.125328436
v 15.4683951 21.4001154 0.140502542
v 15.4534945 21.3971515 0.163212165
v 15.517 21.4097836 0.519999996
v 15.4482622 21.3961107 0.449999988
v 15.4906952 21.4045512 0.514671549
v 15.4683951 21.4001154 0.499497443
v 15.4534945 21.3971515 0.47678782
v 15.5118174 21.4447217 0.11999999
v 15.4420705 21.4378522 0.189999998
v 15.4851264 21.4420928 0.125328436
v 15.4624988 21.4398642 0.140502542
v 15.4473796 21.4383751 0.163212165
v 15.5118174 21.4447217 0.519999996
v 15.4420705 21.4378522 0.449999988
v 15.4851264 21.4420928 0.514671549
v 15.4624988 21.4398642 0.499497443
v 15.4473796 21.4383751 0.47678782
v 15.5100843 21.4799995 0.11999999
v 15.4399999 21.4799995 0.189999998
v 15.4832642 21.4799995 0.125328436
v 15.4605272 21.4799995 0.140502542
v 15.4453348 21.4799995 0.163212165
v 15.5100843 21.4799995 0.519999996
v 15.4399999 21.4799995 0.449999988
v 15.4832642 21.4799995 0.514671549
v 15.4605272 21.4799995 0.499497443
v 15.4453348 21.4799995 0.47678782
v 15.5118174 21.5152774 0.11999999
v 15.4420705 21.5221469 0.189999998
v 15.4851264 21.5179063 0.125328436
v 15.4624988 21.5201349 0.140502542
v 15.4473796 21.521624 0.163212165
v 15.5118174 21.5152774 0.519999996
v 15.4420705 21.5221469 0.449999988
v 15.4851264 21.5179063 0.514671549
v 15.4624988 21.5201349 0.499497443
v 15.4473796 21.521624 0.47678782
v 15.517 21.5502155 0.11999999
v 15.4482622 21.5638884 0.189999998
v 15.4906952 21.5554479 0.125328436
v 15.4683951 21.5598837 0.140502542
v 15.4534945 21.5628476 0.163212165
v 15.517 21.5502155 0.519999996
v 15.4482622 21.5638884 0.449999988
v 15.4906952 21.5554479 0.514671549
v 15.4683951 21.5598837 0.499497443
v 15.4534945 21.5628476 0.47678782
v 15.5255822 21.5844777 0.11999999
v 15.4585155 21.604822 0.189999998
v 15.4999169 21.5922631 0.125328436
v 15.4781589 21.5988633 0.140502542
v 15.4636207 21.6032734 0.163212165
v 15.5255822 21.5844777 0.519999996
v 15.4585155 21.604822 0.449999988
v 15.4999169 21.5922631 0.514671549
v 15.4781589 21.5988633 0.499497443
v 15.4636207 21.6032734 0.47678782
v 15.5374812 21.6177332 0.11999999
v 15.4727317 21.6445534 0.189999998
v 15.5127026 21.6279968 0.125328436
v 15.4916964 21.636698 0.140502542
v 15.4776605 21.6425119 0.163212165
v 15.5374812 21.6177332 0.519999996
v 15.4727317 21.6445534 0.449999988
v 15.5127026 21.6279968 0.514671549
v 15.4916964 21.636698 0.499497443
v 15.4776605 21.6425119 0.47678782
v 15.5525826 21.6496625 0.11999999
v 15.4907737 21.6827001 0.189999998
v 15.5289294 21.6623054 0.125328436
v 15.5088771 21.6730236 0.140502542
v 15.4954787 21.6801853 0.163212165
v 15.5525826 21.6496625 0.519999996
v 15.4907737 21.6827001 0.449999988
v 15.5289294 21.6623054 0.514671549
v 15.5088771 21.6730236 0.499497443
v 15.4954787 21.6801853 0.47678782
v 15.5707411 21.6799581 0.11999999
v 15.512468 21.7188947 0.189999998
v 15.5484409 21.6948585 0.125328436
v 15.5295357 21.7074905 0.140502542
v 15.5169037 21.7159309 0.163212165
v 15.5707411 21.6799581 0.519999996
v 15.512468 21.7188947 0.449999988
v 15.5484409 21.6948585 0.514671549
v 15.5295357 21.7074905 0.499497443
v 15.5169037 21.7159309 0.47678782
v 15.5917813 21.7083275 0.11999999
v 15.5376054 21.7527887 0.189999998
v 15.5710491 21.7253421 0.125328436
v 15.5534732 21.7397663 0.140502542
v 15.5417293 21.7494043 0.163212165
v 15.5917813 21.7083275 0.519999996
v 15.5376054 21.7527887 0.449999988
v 15.5710491 21.7253421 0.514671549
v 15.5534732 21.7397663 0.499497443
v 15.5417293 21.7494043 0.47678782
v 15.6155011 21.7344983 0.11999999
v 15.565944 21.7840555 0.189999998
v 15.5965365 21.753463 0.125328436
v 15.5804589 21.7695405 0.140502542
v 15.5697163 21.7802831 0.163212165
v 15.6155011 21.7344983 0.519999996
v 15.565944 21.7840555 0.449999988
v 15.5965365 21.753463 0.514671549
v 15.5804589 21.7695405 0.499497443
v 15.5697163 21.7802831 0.47678782
v 15.6416719 21.7582181 0.11999999
v 15.5972107 21.812394 0.189999998
v 15.6246574 21.7789503 0.125328436
v 15.6102331 21.7965263 0.140502542
v 15.6005951 21.8082701 0.163212165
v 15.6416719 21.7582181 0.519999996
v 15.5972107 21.812394 0.449999988
v 15.6246574 21.7789503 0.514671549
v 15.6102331 21.7965263 0.499497443
v 15.6005951 21.8082701 0.47678782
v 15.6700414 21.7792583 0.11999999
v 15.6311047 21.8375315 0.189999998
v 15.6551409 21.8015585 0.125328436
v 15.642509 21.8204637 0.140502542
v 15.6340685 21.8330957 0.163212165
v 15.6700414 21.7792583 0.519999996
v 15.6311047 21.8375315 0.449999988
v 15.6551409 21.8015585 0.514671549
v 15.642509 21.8204637 0.499497443
v 15.6340685 21.8330957 0.47678782
v 15.7003369 21.7974168 0.11999999
v 15.6672993 21.8592257 0.189999998
v 15.687694 21.82107 0.125328436
v 15.6769758 21.8411223 0.140502542
v 15.6698141 21.8545208 0.163212165
v 15.7003369 21.7974168 0.519999996
v 15.6672993 21.8592257 0.449999988
v 15.687694 21.82107 0.514671549
v 15.6769758 21.8411223 0.499497443
v 15.6698141 21.8545208 0.47678782
v 15.7322662 21.8125182 0.11999999
v 15.705446 21.8772677 0.189999998
v 15.7220026 21.8372968 0.125328436
v 15.7133015 21.858303 0.140502542
v 15.7074876 21.872339 0.163212165
v 15.7322662 21.8125182 0.519999996
v 15.705446 21.8772677 0.449999988
v 15.7220026 21.8372968 0.514671549
v 15.7133015 21.858303 0.499497443
v 15.7074876 21.872339 0.47678782
v 15.7655217 21.8244172 0.11999999
v 15.7451775 21.8914839 0.189999998
v 15.7577363 21.8500825 0.125328436
v 15.7511361 21.8718405 0.140502542
v 15.7467261 21.8863788 0.163212165
v 15.7655217 21.8244172 0.519999996
v 15.7451775 21.8914839 0.449999988
v 15.7577363 21.8500825 0.514671549
v 15.7511361 21.8718405 0.499497443
v 15.7467261 21.8863788 0.47678782
v 15.7997839 21.8329995 0.11999999
v 15.786111 21.9017372 0.189999998
v 15.7945515 21.8593042 0.125328436
v 15.7901157 21.8816044 0.140502542
v 15.7871518 21.8965049 0.163212165
v 15.7997839 21.8329995 0.519999996
v 15.786111 21.9017372 0.449999988
v 15.7945515 21.8593042 0.514671549
v 15.7901157 21.8816044 0.499497443
v 15.7871518 21.8965049 0.47678782
v 15.834722 21.838182 0.11999999
v 15.8278525 21.907929 0.189999998
v 15.8320932 21.8648731 0.125328436
v 15.8298645 21.8875006 0.140502542
v 15.8283754 21.9026198 0.163212165
v 15.834722 21.838182 0.519999996
v 15.8278525 21.907929 0.449999988
v 15.8320932 21.8648731 0.514671549
v 15.8298645 21.8875006 0.499497443
v 15.8283754 21.9026198 0.47678782
v 12.7919998 20.7809148 0.120000005
v 12.7919998 20.8509992 0.190000005
v 12.7919998 20.8077349 0.125328422
v 12.7919998 20.830472 0.140502527
v 12.7919998 20.8456644 0.163212158
v 12.7919998 20.7809148 0.420000017
v 12.7919998 20.8509992 0.350000016
v 12.7919998 20.8077349 0.4146716
v 12.7919998 20.830472 0.399497494
v 12.7919998 20.8456644 0.376787864
v 12.8204165 20.7795188 0.120000005
v 12.827286 20.8492657 0.190000005
v 12.8230454 20.8062098 0.125328422
v 12.825274 20.8288373 0.140502527
v 12.8267631 20.8439566 0.163212158
v 12.8204165 20.7795188 0.420000017
v 12.827286 20.8492657 0.350000016
v 12.8230454 20.8062098 0.4146716
v 12.825274 20.8288373 0.399497494
v 12.8267631 20.8439566 0.376787864
v 12.8485594 20.7753442 0.120000005
v 12.8622323 20.8440819 0.190000005
v 12.8537918 20.801649 0.125328422
v 12.8582276 20.8239491 0.140502527
v 12.8611915 20.8388496 0.163212158
v 12.8485594 20.7753442 0.420000017
v 12.8622323 20.8440819 0.350000016
v 12.8537918 20.801649 0.4146716
v 12.8582276 20.8239491 0.399497494
v 12.8611915 20.8388496 0.376787864
v 12.876158 20.7684311 0.120000005
v 12.8965023 20.8354978 0.190000005
v 12.8839434 20.7940964 0.125328422
v 12.8905436 20.8158544 0.140502527
v 12.8949537 20.8303927 0.163212158
v 12.876158 20.7684311 0.420000017
v 12.8965023 20.8354978 0.350000016
v 12.8839434 20.7940964 0.4146716
v 12.8905436 20.8158544 0.399497494
v 12.8949537 20.8303927 0.376787864
v 12.9029458 20.7588463 0.120000005
v 12.9297659 20.8235959 0.190000005
v 12.9132094 20.7836248 0.125328422
v 12.9219104 20.8046311 0.140502527
v 12.9277243 20.8186671 0.163212158
v 12.9029458 20.7588463 0.420000017
v 12.9297659 20.8235959 0.350000016
v 12.9132094 20.7836249 0.4146716
v 12.9219104 20.8046312 0.399497494
v 12.9277243 20.8186671 0.376787864
v 12.9286651 20.7466819 0.120000005
v 12.9617026 20.8084909 0.190000005
v 12.941308 20.7703352 0.125328422
v 12.9520262 20.7903875 0.140502527
v 12.9591878 20.8037859 0.163212158
v 12.9286651 20.7466819 0.420000017
v 12.9617026 20.8084909 0.350000016
v 12.941308 20.7703352 0.4146716
v 12.9520262 20.7903875 0.399497494
v 12.9591878 20.8037859 0.376787864
v 12.9530683 20.7320552 0.120000005
v 12.9920051 20.7903283 0.190000005
v 12.9679688 20.7543554 0.125328422
v 12.9806008 20.7732605 0.140502527
v 12.9890412 20.7858925 0.163212158
v 12.9530683 20.7320552 0.420000017
v 12.9920051 20.7903283 0.350000016
v 12.9679688 20.7543554 0.4146716
v 12.9806008 20.7732605 0.399497494
v 12.9890412 20.7858925 0.376787864
v 12.9759203 20.7151071 0.120000005
v 13.0203814 20.769283 0.190000005
v 12.9929348 20.7358393 0.125328422
v 13.0073591 20.7534152 0.140502527
v 13.016997 20.7651591 0.163212158
v 12.9759203 20.7151071 0.420000017
v 13.0203814 20.769283 0.350000016
v 12.9929348 20.7358393 0.4146716
v 13.0073591 20.7534152 0.399497494
v 13.016997 20.7651591 0.376787864
v 12.9970011 20.6960005 0.120000005
v 13.0465583 20.7455577 0.190000005
v 13.0159658 20.7149652 0.125328422
v 13.0320433 20.7310427 0.140502527
v 13.0427859 20.7417853 0.163212158
v 12.9970011 20.6960005 0.420000017
v 13.0465583 20.7455577 0.350000016
v 13.0159658 20.7149652 0.4146716
v 13.0320433 20.7310427 0.399497494
v 13.0427859 20.7417853 0.376787864
v 13.0161076 20.6749197 0.120000005
v 13.0702836 20.7193808 0.190000005
v 13.0368399 20.6919342 0.125328422
v 13.0544158 20.7063585 0.140502527
v 13.0661597 20.7159964 0.163212158
v 13.0161076 20.6749197 0.420000017
v 13.0702836 20.7193808 0.350000016
v 13.0368399 20.6919342 0.4146716
v 13.0544158 20.7063585 0.399497494
v 13.0661597 20.7159964 0.376787864
v 13.0330558 20.6520677 0.120000005
v 13.0913289 20.6910045 0.190000005
v 13.055356 20.6669682 0.125328422
v 13.0742611 20.6796002 0.140502527
v 13.0868931 20.6880406 0.163212158
v 13.0330558 20.6520677 0.420000017
v 13.0913289 20.6910045 0.350000016
v 13.055356 20.6669682 0.4146716
v 13.0742611 20.6796002 0.399497494
v 13.0868931 20.6880406 0.376787864
v 13.0476825 20.6276645 0.120000005
v 13.1094915 20.660702 0.190000005
v 13.0713358 20.6403074 0.125328422
v 13.091388 20.6510256 0.140502527
v 13.1047865 20.6581872 0.163212158
v 13.0476825 20.6276645 0.420000017
v 13.1094915 20.660702 0.350000016
v 13.0713358 20.6403074 0.4146716
v 13.091388 20.6510256 0.399497494
v 13.1047865 20.6581872 0.376787864
v 13.0598468 20.6019452 0.120000005
v 13.1245964 20.6287653 0.190000005
v 13.0846255 20.6122088 0.125328422
v 13.1056317 20.6209098 0.140502527
v 13.1196677 20.6267237 0.163212158
v 13.0598469 20.6019452 0.420000017
v 13.1245964 20.6287653 0.350000016
v 13.0846255 20.6122088 0.4146716
v 13.1056318 20.6209099 0.399497494
v 13.1196677 20.6267237 0.376787864
v 13.0694317 20.5751574 0.120000005
v 13.1364984 20.5955017 0.190000005
v 13.095097 20.5829428 0.125328422
v 13.116855 20.589543 0.140502527
v 13.1313933 20.5939531 0.163212158
v 13.0694317 20.5751574 0.420000017
v 13.1364984 20.5955017 0.350000016
v 13.095097 20.5829428 0.4146716
v 13.116855 20.589543 0.399497494
v 13.1313933 20.5939531 0.376787864
v 13.0763448 20.5475588 0.120000005
v 13.1450825 20.5612317 0.190000005
v 13.1026496 20.5527912 0.125328422
v 13.1249497 20.557227 0.140502527
v 13.1398502 20.5601909 0.163212158
v 13.0763448 20.5475588 0.420000017
v 13.1450825 20.5612317 0.350000016
v 13.1026496 20.5527912 0.4146716
v 13.1249497 20.557227 0.399497494
v 13.1398502 20.5601909 0.376787864
v 13.0805194 20.519416 0.120000005
v 13.1502663 20.5262854 0.190000005
v 13.1072104 20.5220448 0.125328422
v 13.1298379 20.5242734 0.140502527
v 13.1449572 20.5257625 0.163212158
v 13.0805194 20.519416 0.420000017
v 13.1502663 20.5262854 0.350000016
v 13.1072104 20.5220448 0.4146716
v 13.1298379 20.5242734 0.399497494
v 13.1449572 20.5257625 0.376787864
v 13.0819154 20.4909992 0.120000005
v 13.1519998 20.4909992 0.190000005
v 13.1087355 20.4909992 0.125328422
v 13.1314726 20.4909992 0.140502527
v 13.1466649 20.4909992 0.163212158
v 13.0819154 20.4909992 0.420000017
v 13.1519998 20.4909992 0.350000016
v 13.1087355 20.4909992 0.4146716
v 13.1314726 20.4909992 0.399497494
v 13.1466649 20.4909992 0.376787864
v 13.0805194 20.4625825 0.120000005
v 13.1502663 20.455713 0.190000005
v 13.1072104 20.4599537 0.125328422
v 13.1298379 20.4577251 0.140502527
v 13.1449572 20.456236 0.163212158
v 13.0805194 20.4625825 0.420000017
v 13.1502663 20.455713 0.350000016
v 13.1072104 20.4599537 0.4146716
v 13.1298379 20.4577251 0.399497494
v 13.1449572 20.456236 0.376787864
v 13.0763448 20.4344396 0.120000005
v 13.1450825 20.4207667 0.190000005
v 13.1026496 20.4292072 0.125328422
v 13.1249497 20.4247714 0.140502527
v 13.1398502 20.4218075 0.163212158
v 13.0763448 20.4344396 0.420000017
v 13.1450825 20.4207667 0.350000016
v 13.1026496 20.4292072 0.4146716
v 13.1249497 20.4247714 0.399497494
v 13.1398502 20.4218075 0.376787864
v 13.0694317 20.4068411 0.120000005
v 13.1364984 20.3864967 0.190000005
v 13.095097 20.3990556 0.125328422
v 13.116855 20.3924555 0.140502527
v 13.1313933 20.3880453 0.163212158
v 13.0694317 20.4068411 0.420000017
v 13.1364984 20.3864967 0.350000016
v 13.095097 20.3990556 0.4146716
v 13.116855 20.3924555 0.399497494
v 13.1313933 20.3880453 0.376787864
v 13.0598468 20.3800533 0.120000005
v 13.1245964 20.3532332 0.190000005
v 13.0846254 20.3697897 0.125328422
v 13.1056317 20.3610886 0.140502527
v 13.1196677 20.3552747 0.163212158
v 13.0598469 20.3800533 0.420000017
v 13.1245964 20.3532332 0.350000016
v 13.0846255 20.3697897 0.4146716
v 13.1056318 20.3610886 0.399497494
v 13.1196677 20.3552747 0.376787864
v 13.0476825 20.354334 0.120000005
v 13.1094915 20.3212964 0.190000005
v 13.0713358 20.341691 0.125328422
v 13.091388 20.3309729 0.140502527
v 13.1047865 20.3238112 0.163212158
v 13.0476825 20.354334 0.420000017
v 13.1094915 20.3212964 0.350000016
v 13.0713358 20.341691 0.4146716
v 13.091388 20.3309729 0.399497494
v 13.1047865 20.3238112 0.376787864
v 13.0330558 20.3299308 0.120000005
v 13.0913289 20.2909939 0.190000005
v 13.055356 20.3150303 0.125328422
v 13.0742611 20.3023983 0.140502527
v 13.0868931 20.2939578 0.163212158
v 13.0330558 20.3299308 0.420000017
v 13.0913289 20.2909939 0.350000016
v 13.055356 20.3150303 0.4146716
v 13.0742611 20.3023983 0.399497494
v 13.0868931 20.2939578 0.376787864
v 13.0161076 20.3070788 0.120000005
v 13.0702836 20.2626176 0.190000005
v 13.0368399 20.2900642 0.125328422
v 13.0544158 20.27564 0.140502527
v 13.0661597 20.266002 0.163212158
v 13.0161076 20.3070788 0.420000017
v 13.0702836 20.2626176 0.350000016
v 13.0368399 20.2900642 0.4146716
v 13.0544158 20.27564 0.399497494
v 13.0661597 20.266002 0.376787864
v 12.9970011 20.285998 0.120000005
v 13.0465583 20.2364408 0.190000005
v 13.0159658 20.2670332 0.125328422
v 13.0320433 20.2509557 0.140502527
v 13.0427859 20.2402131 0.163212158
v 12.9970011 20.2859979 0.420000017
v 13.0465583 20.2364408 0.350000016
v 13.0159658 20.2670332 0.4146716
v 13.0320433 20.2509557 0.399497494
v 13.0427859 20.2402131 0.376787864
v 12.9759203 20.2668914 0.120000005
v 13.0203814 20.2127154 0.190000005
v 12.9929348 20.2461592 0.125328422
v 13.0073591 20.2285832 0.140502527
v 13.016997 20.2168394 0.163212158
v 12.9759203 20.2668914 0.420000017
v 13.0203814 20.2127154 0.350000016
v 12.9929348 20.2461592 0.4146716
v 13.0073591 20.2285832 0.399497494
v 13.016997 20.2168394 0.376787864
v 12.9530683 20.2499432 0.120000005
v 12.9920051 20.1916701 0.190000005
v 12.9679688 20.2276431 0.125328422
v 12.9806008 20.2087379 0.140502527
v 12.9890412 20.1961059 0.163212158
v 12.9530683 20.2499432 0.420000017
v 12.9920051 20.1916701 0.350000016
v 12.9679688 20.227643 0.4146716
v 12.9806008 20.2087379 0.399497494
v 12.9890412 20.1961059 0.376787864
v 12.9286651 20.2353165 0.120000005
v 12.9617026 20.1735076 0.190000005
v 12.941308 20.2116632 0.125328422
v 12.9520262 20.191611 0.140502527
v 12.9591878 20.1782125 0.163212158
v 12.9286651 20.2353165 0.420000017
v 12.9617026 20.1735076 0.350000016
v 12.941308 20.2116632 0.4146716
v 12.9520262 20.191611 0.399497494
v 12.9591878 20.1782125 0.376787864
v 12.9029458 20.2231522 0.120000005
v 12.9297659 20.1584026 0.190000005
v 12.9132094 20.1983736 0.125328422
v 12.9219104 20.1773673 0.140502527
v 12.9277243 20.1633314 0.163212158
v 12.9029458 20.2231522 0.420000017
v 12.9297659 20.1584026 0.350000016
v 12.9132094 20.1983736 0.4146716
v 12.9219104 20.1773673 0.399497494
v 12.9277243 20.1633313 0.376787864
v 12.876158 20.2135673 0.120000005
v 12.8965023 20.1465007 0.190000005
v 12.8839434 20.187902 0.125328422
v 12.8905436 20.166144 0.140502527
v 12.8949537 20.1516058 0.163212158
v 12.876158 20.2135673 0.420000017
v 12.8965023 20.1465007 0.350000016
v 12.8839434 20.187902 0.4146716
v 12.8905436 20.166144 0.399497494
v 12.8949537 20.1516058 0.376787864
v 12.8485594 20.2066543 0.120000005
v 12.8622323 20.1379165 0.190000005
v 12.8537918 20.1803495 0.125328422
v 12.8582276 20.1580493 0.140502527
v 12.8611915 20.1431488 0.163212158
v 12.8485594 20.2066543 0.420000017
v 12.8622323 20.1379165 0.350000016
v 12.8537918 20.1803495 0.4146716
v 12.8582276 20.1580493 0.399497494
v 12.8611915 20.1431488 0.376787864
v 12.8204165 20.2024797 0.120000005
v 12.827286 20.1327327 0.190000005
v 12.8230454 20.1757886 0.125328422
v 12.825274 20.1531611 0.140502527
v 12.8267631 20.1380419 0.163212158
v 12.8204165 20.2024797 0.420000017
v 12.827286 20.1327327 0.350000016
v 12.8230454 20.1757886 0.4146716
v 12.825274 20.1531611 0.399497494
v 12.8267631 20.1380419 0.376787864
v 12.7919998 20.2010836 0.120000005
v 12.7919998 20.1309992 0.190000005
v 12.7919998 20.1742635 0.125328422
v 12.7919998 20.1515265 0.140502527
v 12.7919998 20.1363341 0.163212158
v 12.7919998 20.2010836 0.420000017
v 12.7919998 20.1309992 0.350000016
v 12.7919998 20.1742635 0.4146716
v 12.7919998 20.1515265 0.399497494
v 12.7919998 20.1363341 0.376787864
v 12.7635831 20.2024797 0.120000005
v 12.7567136 20.1327327 0.190000005
v 12.7609543 20.1757886 0.125328422
v 12.7587257 20.1531611 0.140502527
v 12.7572365 20.1380419 0.163212158
v 12.7635831 20.2024797 0.420000017
v 12.7567136 20.1327327 0.350000016
v 12.7609543 20.1757886 0.4146716
v 12.7587257 20.1531611 0.399497494
v 12.7572365 20.1380419 0.376787864
v 12.7354402 20.2066543 0.120000005
v 12.7217673 20.1379165 0.190000005
v 12.7302078 20.1803495 0.125328422
v 12.725772 20.1580493 0.140502527
v 12.7228081 20.1431488 0.163212158
v 12.7354402 20.2066543 0.420000017
v 12.7217673 20.1379165 0.350000016
v 12.7302078 20.1803495 0.4146716
v 12.725772 20.1580493 0.399497494
v 12.7228081 20.1431488 0.376787864
v 12.7078417 20.2135673 0.120000005
v 12.6874973 20.1465007 0.190000005
v 12.7000562 20.187902 0.125328422
v 12.693456 20.166144 0.140502527
v 12.6890459 20.1516058 0.163212158
v 12.7078417 20.2135673 0.420000017
v 12.6874973 20.1465007 0.350000016
v 12.7000562 20.187902 0.4146716
v 12.693456 20.166144 0.399497494
v 12.6890459 20.1516058 0.376787864
v 12.6810538 20.2231522 0.120000005
v 12.6542338 20.1584026 0.190000005
v 12.6707903 20.1983736 0.125328422
v 12.6620892 20.1773673 0.140502527
v 12.6562753 20.1633314 0.163212158
v 12.6810539 20.2231522 0.420000017
v 12.6542338 20.1584026 0.350000016
v 12.6707903 20.1983736 0.4146716
v 12.6620892 20.1773673 0.399497494
v 12.6562753 20.1633313 0.376787864
v 12.6553345 20.2353165 0.120000005
v 12.622297 20.1735076 0.190000005
v 12.6426916 20.2116632 0.125328422
v 12.6319735 20.191611 0.140502527
v 12.6248118 20.1782125 0.163212158
v 12.6553345 20.2353165 0.420000017
v 12.622297 20.1735076 0.350000016
v 12.6426916 20.2116632 0.4146716
v 12.6319735 20.191611 0.399497494
v 12.6248118 20.1782125 0.376787864
v 12.6309314 20.2499432 0.120000005
v 12.5919945 20.1916701 0.190000005
v 12.6160309 20.227643 0.125328422
v 12.6033989 20.2087379 0.140502527
v 12.5949584 20.1961059 0.163212158
v 12.6309314 20.2499432 0.420000017
v 12.5919945 20.1916701 0.350000016
v 12.6160309 20.2276431 0.4146716
v 12.6033989 20.2087379 0.399497494
v 12.5949584 20.1961059 0.376787864
v 12.6080794 20.2668914 0.120000005
v 12.5636182 20.2127154 0.190000005
v 12.5910648 20.2461592 0.125328422
v 12.5766406 20.2285832 0.140502527
v 12.5670026 20.2168394 0.163212158
v 12.6080794 20.2668914 0.420000017
v 12.5636182 20.2127154 0.350000016
v 12.5910648 20.2461592 0.4146716
v 12.5766406 20.2285832 0.399497494
v 12.5670026 20.2168394 0.376787864
v 12.5869986 20.2859979 0.120000005
v 12.5374414 20.2364408 0.190000005
v 12.5680338 20.2670332 0.125328422
v 12.5519563 20.2509557 0.140502527
v 12.5412137 20.2402131 0.163212158
v 12.5869985 20.285998 0.420000017
v 12.5374414 20.2364408 0.350000016
v 12.5680338 20.2670332 0.4146716
v 12.5519563 20.2509557 0.399497494
v 12.5412137 20.2402131 0.376787864
v 12.567892 20.3070788 0.120000005
v 12.513716 20.2626176 0.190000005
v 12.5471598 20.2900642 0.125328422
v 12.5295838 20.27564 0.140502527
v 12.51784 20.266002 0.163212158
v 12.567892 20.3070788 0.420000017
v 12.513716 20.2626176 0.350000016
v 12.5471598 20.2900642 0.4146716
v 12.5295838 20.27564 0.399497494
v 12.51784 20.266002 0.376787864
v 12.5509438 20.3299308 0.120000005
v 12.4926707 20.2909939 0.190000005
v 12.5286437 20.3150303 0.125328422
v 12.5097385 20.3023983 0.140502527
v 12.4971065 20.2939578 0.163212158
v 12.5509438 20.3299308 0.420000017
v 12.4926707 20.2909939 0.350000016
v 12.5286436 20.3150303 0.4146716
v 12.5097385 20.3023983 0.399497494
v 12.4971065 20.2939578 0.376787864
v 12.5363171 20.354334 0.120000005
v 12.4745082 20.3212964 0.190000005
v 12.5126638 20.341691 0.125328422
v 12.4926116 20.3309729 0.140502527
v 12.4792131 20.3238112 0.163212158
v 12.5363171 20.354334 0.420000017
v 12.4745082 20.3212964 0.350000016
v 12.5126638 20.341691 0.4146716
v 12.4926116 20.3309729 0.399497494
v 12.4792131 20.3238112 0.376787864
v 12.5241528 20.3800533 0.120000005
v 12.4594032 20.3532332 0.190000005
v 12.4993742 20.3697897 0.125328422
v 12.4783679 20.3610886 0.140502527
v 12.464332 20.3552747 0.163212158
v 12.5241528 20.3800533 0.420000017
v 12.4594032 20.3532332 0.350000016
v 12.4993742 20.3697897 0.4146716
v 12.4783679 20.3610886 0.399497494
v 12.4643319 20.3552747 0.376787864
v 12.5145679 20.4068411 0.120000005
v 12.4475013 20.3864967 0.190000005
v 12.4889026 20.3990556 0.125328422
v 12.4671446 20.3924555 0.140502527
v 12.4526064 20.3880453 0.163212158
v 12.5145679 20.4068411 0.420000017
v 12.4475013 20.3864967 0.350000016
v 12.4889026 20.3990556 0.4146716
v 12.4671446 20.3924555 0.399497494
v 12.4526064 20.3880453 0.376787864
v 12.5076548 20.4344396 0.120000005
v 12.4389171 20.4207667 0.190000005
v 12.4813501 20.4292072 0.125328422
v 12.4590499 20.4247714 0.140502527
v 12.4441494 20.4218075 0.163212158
v 12.5076548 20.4344396 0.420000017
v 12.4389171 20.4207667 0.350000016
v 12.4813501 20.4292072 0.4146716
v 12.4590499 20.4247714 0.399497494
v 12.4441494 20.4218075 0.376787864
v 12.5034803 20.4625825 0.120000005
v 12.4337333 20.455713 0.190000005
v 12.4767892 20.4599537 0.125328422
v 12.4541617 20.4577251 0.140502527
v 12.4390424 20.456236 0.163212158
v 12.5034803 20.4625825 0.420000017
v 12.4337333 20.455713 0.350000016
v 12.4767892 20.4599537 0.4146716
v 12.4541617 20.4577251 0.399497494
v 12.4390424 20.456236 0.376787864
v 12.5020842 20.4909992 0.120000005
v 12.4319998 20.4909992 0.190000005
v 12.4752641 20.4909992 0.125328422
v 12.4525271 20.4909992 0.140502527
v 12.4373347 20.4909992 0.163212158
v 12.5020842 20.4909992 0.420000017
v 12.4319998 20.4909992 0.350000016
v 12.4752641 20.4909992 0.4146716
v 12.4525271 20.4909992 0.399497494
v 12.4373347 20.4909992 0.376787864
v 12.5034803 20.519416 0.120000005
v 12.4337333 20.5262854 0.190000005
v 12.4767892 20.5220448 0.125328422
v 12.4541617 20.5242734 0.140502527
v 12.4390424 20.5257625 0.163212158
v 12.5034803 20.519416 0.420000017
v 12.4337333 20.5262854 0.350000016
v 12.4767892 20.5220448 0.4146716
v 12.4541617 20.5242734 0.399497494
v 12.4390424 20.5257625 0.376787864
v 12.5076548 20.5475588 0.120000005
v 12.4389171 20.5612317 0.190000005
v 12.4813501 20.5527912 0.125328422
v 12.4590499 20.557227 0.140502527
v 12.4441494 20.5601909 0.163212158
v 12.5076548 20.5475588 0.420000017
v 12.4389171 20.5612317 0.350000016
v 12.4813501 20.5527912 0.4146716
v 12.4590499 20.557227 0.399497494
v 12.4441494 20.5601909 0.376787864
v 12.5145679 20.5751574 0.120000005
v 12.4475013 20.5955017 0.190000005
v 12.4889026 20.5829428 0.125328422
v 12.4671446 20.589543 0.140502527
v 12.4526064 20.5939531 0.163212158
v 12.5145679 20.5751574 0.420000017
v 12.4475013 20.5955017 0.350000016
v 12.4889026 20.5829428 0.4146716
v 12.4671446 20.589543 0.399497494
v 12.4526064 20.5939531 0.376787864
v 12.5241528 20.6019452 0.120000005
v 12.4594032 20.6287653 0.190000005
v 12.4993742 20.6122088 0.125328422
v 12.4783679 20.6209099 0.140502527
v 12.464332 20.6267237 0.163212158
v 12.5241528 20.6019452 0.420000017
v 12.4594032 20.6287653 0.350000016
v 12.4993742 20.6122088 0.4146716
v 12.4783679 20.6209099 0.399497494
v 12.4643319 20.6267237 0.376787864
v 12.5363171 20.6276645 0.120000005
v 12.4745082 20.660702 0.190000005
v 12.5126638 20.6403074 0.125328422
v 12.4926116 20.6510256 0.140502527
v 12.4792131 20.6581872 0.163212158
v 12.5363171 20.6276645 0.420000017
v 12.4745082 20.660702 0.350000016
v 12.5126638 20.6403074 0.4146716
v 12.4926116 20.6510256 0.399497494
v 12.4792131 20.6581872 0.376787864
v 12.5509438 20.6520677 0.120000005
v 12.4926707 20.6910045 0.190000005
v 12.5286436 20.6669682 0.125328422
v 12.5097385 20.6796002 0.140502527
v 12.4971065 20.6880406 0.163212158
v 12.5509438 20.6520677 0.420000017
v 12.4926707 20.6910045 0.350000016
v 12.5286437 20.6669682 0.4146716
v 12.5097385 20.6796002 0.399497494
v 12.4971065 20.6880406 0.376787864
v 12.567892 20.6749197 0.120000005
v 12.513716 20.7193808 0.190000005
v 12.5471598 20.6919342 0.125328422
v 12.5295838 20.7063585 0.140502527
v 12.51784 20.7159964 0.163212158
v 12.567892 20.6749197 0.420000017
v 12.513716 20.7193808 0.350000016
v 12.5471598 20.6919342 0.4146716
v 12.5295838 20.7063585 0.399497494
v 12.51784 20.7159964 0.376787864
v 12.5869985 20.6960005 0.120000005
v 12.5374414 20.7455577 0.190000005
v 12.5680338 20.7149652 0.125328422
v 12.5519563 20.7310427 0.140502527
v 12.5412137 20.7417853 0.163212158
v 12.5869986 20.6960005 0.420000017
v 12.5374414 20.7455577 0.350000016
v 12.5680338 20.7149652 0.4146716
v 12.5519563 20.7310427 0.399497494
v 12.5412137 20.7417853 0.376787864
v 12.6080794 20.7151071 0.120000005
v 12.5636182 20.769283 0.190000005
v 12.5910648 20.7358393 0.125328422
v 12.5766406 20.7534152 0.140502527
v 12.5670026 20.7651591 0.163212158
v 12.6080794 20.7151071 0.420000017
v 12.5636182 20.769283 0.350000016
v 12.5910648 20.7358393 0.4146716
v 12.5766406 20.7534152 0.399497494
v 12.5670026 20.7651591 0.376787864
v 12.6309314 20.7320552 0.120000005
v 12.5919945 20.7903283 0.190000005
v 12.6160309 20.7543554 0.125328422
v 12.6033989 20.7732605 0.140502527
v 12.5949584 20.7858925 0.163212158
v 12.6309314 20.7320552 0.420000017
v 12.5919945 20.7903283 0.350000016
v 12.6160309 20.7543554 0.4146716
v 12.6033989 20.7732605 0.399497494
v 12.5949584 20.7858925 0.376787864
v 12.6553345 20.7466819 0.120000005
v 12.622297 20.8084909 0.190000005
v 12.6426916 20.7703352 0.125328422
v 12.6319735 20.7903875 0.140502527
v 12.6248118 20.8037859 0.163212158
v 12.6553345 20.7466819 0.420000017
v 12.622297 20.8084909 0.350000016
v 12.6426916 20.7703352 0.4146716
v 12.6319735 20.7903875 0.399497494
v 12.6248118 20.8037859 0.376787864
v 12.6810538 20.7588463 0.120000005
v 12.6542338 20.8235959 0.190000005
v 12.6707902 20.7836249 0.125328422
v 12.6620892 20.8046311 0.140502527
v 12.6562753 20.8186671 0.163212158
v 12.6810539 20.7588463 0.420000017
v 12.6542338 20.8235959 0.350000016
v 12.6707903 20.7836249 0.4146716
v 12.6620892 20.8046312 0.399497494
v 12.6562753 20.8186671 0.376787864
v 12.7078417 20.7684311 0.120000005
v 12.6874973 20.8354978 0.190000005
v 12.7000562 20.7940964 0.125328422
v 12.693456 20.8158544 0.140502527
v 12.6890459 20.8303927 0.163212158
v 12.7078417 20.7684311 0.420000017
v 12.6874973 20.8354978 0.350000016
v 12.7000562 20.7940964 0.4146716
v 12.693456 20.8158544 0.399497494
v 12.6890459 20.8303927 0.376787864
v 12.7354402 20.7753442 0.120000005
v 12.7217673 20.8440819 0.190000005
v 12.7302078 20.801649 0.125328422
v 12.725772 20.8239491 0.140502527
v 12.7228081 20.8388496 0.163212158
v 12.7354402 20.7753442 0.420000017
v 12.7217673 20.8440819 0.350000016
v 12.7302078 20.801649 0.4146716
v 12.725772 20.8239491 0.399497494
v 12.7228081 20.8388496 0.376787864
v 12.7635831 20.7795188 0.120000005
v 12.7567136 20.8492657 0.190000005
v 12.7609543 20.8062098 0.125328422
v 12.7587257 20.8288373 0.140502527
v 12.7572365 20.8439566 0.163212158
v 12.7635831 20.7795188 0.420000017
v 12.7567136 20.8492657 0.350000016
v 12.7609543 20.8062098 0.4146716
v 12.7587257 20.8288373 0.399497494
v 12.7572365 20.8439566 0.376787864
v 13.0684834 20.5016899 0.291690558
v 13.0450506 20.5224705 0.291690558
v 13.0667429 20.5233288 0.270000011
v 13.0574207 20.504158 0.291690588
v 13.0682526 20.5045853 0.28085953
v 13.0576563 20.5069866 0.281317919
v 13.0479507 20.5225906 0.28085953
v 13.0488195 20.5117855 0.291690588
v 13.0516005 20.5123577 0.281317919
v 13.0676136 20.5125294 0.27289781
v 13.055913 20.5229053 0.27289781
v 13.0572062 20.512579 0.275712639
v 13.0450506 20.5224705 0.291690558
v 13.0665951 20.5251503 0.270000011
v 13.0479364 20.5228291 0.280845284
v 13.0558224 20.5238094 0.272906005
v 13.041461 20.5438614 0.291690558
v 13.0626993 20.5483627 0.270000011
v 13.0443058 20.5444641 0.280845284
v 13.0520802 20.5461121 0.272906005
v 13.0360661 20.5648689 0.291690558
v 13.0568457 20.5711575 0.270000011
v 13.0388489 20.565712 0.280845284
v 13.0464554 20.5680122 0.272906005
v 13.0289059 20.5853443 0.291690558
v 13.0490761 20.5933762 0.270000011
v 13.0316067 20.5864201 0.280845284
v 13.03899 20.5893593 0.272906005
v 13.020031 20.605135 0.291690558
v 13.0394449 20.6148529 0.270000011
v 13.0226307 20.6064358 0.280845284
v 13.0297365 20.609993 0.272906005
v 13.0095062 20.6241016 0.291690558
v 13.0280247 20.6354332 0.270000011
v 13.0119886 20.6256199 0.280845284
v 13.0187664 20.6297684 0.272906005
v 12.9974089 20.6421032 0.291690558
v 13.0148973 20.6549683 0.270000011
v 12.999752 20.6438274 0.280845284
v 13.0061541 20.6485367 0.272906005
v 12.9838247 20.6590137 0.291690558
v 13.0001564 20.6733189 0.270000011
v 12.9860134 20.6609306 0.280845284
v 12.991991 20.6661663 0.272906005
v 12.968852 20.6747074 0.291690558
v 12.9839096 20.6903477 0.270000011
v 12.97087 20.6768036 0.280845284
v 12.9763813 20.6825275 0.272906005
v 12.9526005 20.6890717 0.291690558
v 12.9662733 20.7059345 0.270000011
v 12.9544315 20.69133 0.280845284
v 12.9594364 20.6975021 0.272906005
v 12.9351873 20.7020035 0.291690558
v 12.9473782 20.7199688 0.270000011
v 12.936821 20.7044106 0.280845284
v 12.9412832 20.7109871 0.272906005
v 12.9167376 20.7134075 0.291690558
v 12.9273577 20.7323437 0.270000011
v 12.9181604 20.7159462 0.280845284
v 12.9220476 20.7228756 0.272906005
v 12.8973856 20.7232037 0.291690558
v 12.9063578 20.7429733 0.270000011
v 12.8985882 20.725853 0.280845284
v 12.9018717 20.7330894 0.272906005
v 12.8772717 20.7313194 0.291690558
v 12.884531 20.7517796 0.270000011
v 12.8782444 20.7340622 0.280845284
v 12.8809023 20.7415524 0.272906005
v 12.8565397 20.7376976 0.291690558
v 12.8620348 20.7587013 0.270000011
v 12.857276 20.7405128 0.280845284
v 12.8592873 20.7481995 0.272906005
v 12.8353415 20.7422905 0.291690558
v 12.8390312 20.7636852 0.270000011
v 12.8358355 20.7451534 0.280845284
v 12.8371859 20.752985 0.272906005
v 12.8138294 20.7450638 0.291690558
v 12.8156881 20.766695 0.270000011
v 12.8140783 20.747961 0.280845284
v 12.8147583 20.7558784 0.272906005
v 12.79216 20.7460003 0.291690558
v 12.7921734 20.7677097 0.270000011
v 12.7921619 20.748909 0.280845284
v 12.7921667 20.756855 0.272906005
v 12.7704887 20.7450905 0.291690558
v 12.7686577 20.7667236 0.270000011
v 12.7702436 20.7479897 0.280845284
v 12.7695732 20.7559071 0.272906005
v 12.7489738 20.7423439 0.291690558
v 12.7453108 20.7637424 0.270000011
v 12.7484827 20.7452126 0.280845284
v 12.7471418 20.7530441 0.272906005
v 12.7277689 20.7377777 0.291690558
v 12.7223005 20.7587872 0.270000011
v 12.7270355 20.7405949 0.280845284
v 12.7250347 20.7482834 0.272906005
v 12.7070303 20.7314262 0.291690558
v 12.6997957 20.7518959 0.270000011
v 12.7060614 20.734169 0.280845284
v 12.703413 20.7416611 0.272906005
v 12.6869049 20.7233353 0.291690558
v 12.6779575 20.7431164 0.270000011
v 12.6857052 20.7259865 0.280845284
v 12.6824303 20.7332268 0.272906005
v 12.6675415 20.7135639 0.291690558
v 12.6569452 20.7325134 0.270000011
v 12.6661224 20.7161026 0.280845284
v 12.6622438 20.7230377 0.272906005
v 12.6490774 20.7021828 0.291690558
v 12.6369095 20.7201633 0.270000011
v 12.6474466 20.7045937 0.280845284
v 12.642993 20.711174 0.272906005
v 12.6316471 20.6892719 0.291690558
v 12.6179953 20.706152 0.270000011
v 12.629818 20.691534 0.280845284
v 12.6248207 20.6977119 0.272906005
v 12.6153784 20.6749287 0.291690558
v 12.6003408 20.690588 0.270000011
v 12.6133633 20.6770267 0.280845284
v 12.6078596 20.6827583 0.272906005
v 12.6003866 20.6592541 0.291690558
v 12.5840731 20.6735783 0.270000011
v 12.5982008 20.6611729 0.280845284
v 12.5922298 20.6664162 0.272906005
v 12.5867805 20.6423607 0.291690558
v 12.5693083 20.6552467 0.270000011
v 12.5844402 20.6440868 0.280845284
v 12.5780449 20.6488037 0.272906005
v 12.5746603 20.6243725 0.291690558
v 12.5561562 20.6357269 0.270000011
v 12.5721817 20.6258926 0.280845284
v 12.5654087 20.6300488 0.272906005
v 12.5641117 20.6054211 0.291690558
v 12.5447102 20.6151619 0.270000011
v 12.5615129 20.6067257 0.280845284
v 12.5544109 20.6102905 0.272906005
v 12.5641117 20.6054211 0.291690558
v 12.5350714 20.5936909 0.291690558
v 12.5439606 20.6134968 0.270000011
v 12.5569782 20.5966129 0.291690588
v 12.5614166 20.6065044 0.28085953
v 12.5545492 20.5980835 0.281317919
v 12.5362558 20.5963402 0.28085953
v 12.546319 20.592308 0.291690588
v 12.5470448 20.5950527 0.281317919
v 12.5540199 20.6094685 0.27289781
v 12.5395193 20.603611 0.27289781
v 12.5493422 20.600172 0.275712639
v 13.1350536 20.5042629 0.291690558
v 13.1332731 20.5259018 0.270000011
v 13.1549683 20.526722 0.291690558
v 13.1348124 20.5071583 0.28085953
v 13.1456451 20.5075684 0.291690588
v 13.1449528 20.5103626 0.281317919
v 13.1441031 20.5263176 0.27289781
v 13.1341581 20.5151024 0.27289781
v 13.1444921 20.515955 0.275712639
v 13.1529551 20.5158119 0.291690588
v 13.1520662 20.5266171 0.28085953
v 13.1500988 20.5161667 0.281317919
v 13.1326656 20.5333652 0.270000011
v 13.1542101 20.5360451 0.291690558
v 13.1434393 20.5347061 0.272906005
v 13.1513252 20.5356865 0.280845284
v 13.1278334 20.5621624 0.270000011
v 13.1490717 20.5666637 0.291690558
v 13.1384525 20.5644131 0.272906005
v 13.1462269 20.566061 0.280845284
v 13.1205702 20.5904465 0.270000011
v 13.1413498 20.596735 0.291690558
v 13.1309605 20.5935898 0.272906005
v 13.138566 20.595892 0.280845284
v 13.1109314 20.6180096 0.270000011
v 13.1311007 20.6260414 0.291690558
v 13.1210146 20.6220245 0.272906005
v 13.128397 20.6249657 0.280845284
v 13.0989838 20.6446514 0.270000011
v 13.1183977 20.6543694 0.291690558
v 13.1086884 20.6495094 0.272906005
v 13.1157951 20.6530666 0.280845284
v 13.084815 20.6701851 0.270000011
v 13.1033335 20.6815166 0.291690558
v 13.0940733 20.6758499 0.272906005
v 13.1008511 20.6799984 0.280845284
v 13.0685282 20.6944199 0.270000011
v 13.0860167 20.7072849 0.291690558
v 13.0772715 20.7008514 0.272906005
v 13.0836735 20.7055607 0.280845284
v 13.0502405 20.7171841 0.270000011
v 13.0665722 20.7314892 0.291690558
v 13.0584068 20.7243366 0.272906005
v 13.0643845 20.7295723 0.280845284
v 13.0300856 20.7383118 0.270000011
v 13.0451422 20.753952 0.291690558
v 13.0376139 20.7461319 0.272906005
v 13.0431252 20.7518559 0.280845284
v 13.0082073 20.7576523 0.270000011
v 13.0218801 20.7745152 0.291690558
v 13.0150423 20.7660828 0.272906005
v 13.0200462 20.7722549 0.280845284
v 12.9847631 20.7750587 0.270000011
v 12.996954 20.7930241 0.291690558
v 12.990859 20.7840424 0.272906005
v 12.9953213 20.7906189 0.280845284
v 12.9599266 20.7904129 0.270000011
v 12.9705467 20.8093491 0.291690558
v 12.9652367 20.799881 0.272906005
v 12.9691238 20.8068123 0.280845284
v 12.9338741 20.8036003 0.270000011
v 12.9428463 20.82337 0.291690558
v 12.9383602 20.8134842 0.272906005
v 12.9416437 20.8207207 0.280845284
v 12.9067955 20.8145275 0.270000011
v 12.9140549 20.8349876 0.291690558
v 12.9104242 20.8247547 0.272906005
v 12.9130821 20.8322449 0.280845284
v 12.8788853 20.8231125 0.270000011
v 12.8843803 20.8441162 0.291690558
v 12.8816328 20.8336143 0.272906005
v 12.8836441 20.841301 0.280845284
v 12.8503485 20.8292942 0.270000011
v 12.8540382 20.8506889 0.291690558
v 12.8521938 20.8399944 0.272906005
v 12.8535442 20.847826 0.280845284
v 12.8213873 20.8330288 0.270000011
v 12.823246 20.85466 0.291690558
v 12.8223171 20.8438454 0.272906005
v 12.8229971 20.8517628 0.280845284
v 12.7922153 20.8342896 0.270000011
v 12.7922287 20.855999 0.291690558
v 12.792222 20.8451443 0.272906005
v 12.7922268 20.8530903 0.280845284
v 12.7630405 20.833065 0.270000011
v 12.7612095 20.8546982 0.291690558
v 12.762125 20.8438816 0.272906005
v 12.7614546 20.851799 0.280845284
v 12.7340755 20.8293686 0.270000011
v 12.7304125 20.8507671 0.291690558
v 12.7322435 20.8400707 0.272906005
v 12.7309027 20.8479023 0.280845284
v 12.7055302 20.8232212 0.270000011
v 12.7000618 20.8442307 0.291690558
v 12.7027969 20.833725 0.272906005
v 12.7007952 20.8414135 0.280845284
v 12.6776104 20.8146706 0.270000011
v 12.6703758 20.8351402 0.291690558
v 12.6739931 20.8249054 0.272906005
v 12.6713448 20.8323975 0.280845284
v 12.6505175 20.8037777 0.270000011
v 12.6415701 20.8235588 0.291690558
v 12.6460438 20.8136673 0.272906005
v 12.6427689 20.8209076 0.280845284
v 12.6244488 20.7906227 0.270000011
v 12.6138525 20.8095722 0.291690558
v 12.6191502 20.8000984 0.272906005
v 12.6152706 20.8070354 0.280845284
v 12.5995922 20.775301 0.270000011
v 12.5874243 20.7932816 0.291690558
v 12.5935087 20.7842903 0.272906005
v 12.5890551 20.7908707 0.280845284
v 12.576128 20.7579212 0.270000011
v 12.5624762 20.7748013 0.291690558
v 12.5693016 20.7663612 0.272906005
v 12.5643044 20.772541 0.280845284
v 12.5542259 20.7386112 0.270000011
v 12.5391884 20.7542706 0.291690558
v 12.5467072 20.7464409 0.272906005
v 12.5412025 20.7521725 0.280845284
v 12.5340433 20.7175083 0.270000011
v 12.5177298 20.7318325 0.291690558
v 12.5258865 20.7246704 0.272906005
v 12.5199156 20.7299137 0.280845284
v 12.515727 20.694767 0.270000011
v 12.4982548 20.707653 0.291690558
v 12.5069904 20.70121 0.272906005
v 12.5005951 20.7059269 0.280845284
v 12.4994097 20.6705532 0.270000011
v 12.4809055 20.6819077 0.291690558
v 12.4901581 20.6762314 0.272906005
v 12.4833851 20.6803856 0.280845284
v 12.4852095 20.6450386 0.270000011
v 12.4658079 20.6547794 0.291690558
v 12.4755077 20.64991 0.272906005
v 12.4684067 20.6534748 0.280845284
v 12.4732113 20.6184158 0.291690558
v 12.4619694 20.6462479 0.291690558
v 12.4821377 20.6382084 0.270000011
v 12.4643383 20.6250763 0.291690588
v 12.4744101 20.6210613 0.28085953
v 12.4659281 20.6274776 0.281317919
v 12.4646692 20.6451759 0.28085953
v 12.4602127 20.6352921 0.291690588
v 12.4630222 20.6346703 0.281317919
v 12.4776859 20.6283264 0.27289781
v 12.4720726 20.6422253 0.27289781
v 12.4682341 20.6325912 0.275712639
v 13.0450506 20.5224705 0.66830945
v 13.0684834 20.5016899 0.66830945
v 13.0667429 20.5233288 0.689999998
v 13.0488195 20.5117855 0.66830945
v 13.0479507 20.5225906 0.679140508
v 13.0516005 20.5123577 0.678682148
v 13.0682526 20.5045853 0.679140508
v 13.0574207 20.504158 0.66830945
v 13.0576563 20.5069866 0.678682148
v 13.055913 20.5229053 0.687102199
v 13.0676136 20.5125294 0.687102199
v 13.0572062 20.512579 0.684287429
v 13.0665951 20.5251503 0.689999998
v 13.0450506 20.5224705 0.66830945
v 13.0558224 20.5238094 0.687094092
v 13.0479364 20.5228291 0.679154754
v 13.0626993 20.5483627 0.689999998
v 13.041461 20.5438614 0.66830945
v 13.0520802 20.5461121 0.687094092
v 13.0443058 20.5444641 0.679154754
v 13.0568457 20.5711575 0.689999998
v 13.0360661 20.5648689 0.66830945
v 13.0464554 20.5680122 0.687094092
v 13.0388489 20.565712 0.679154754
v 13.0490761 20.5933762 0.689999998
v 13.0289059 20.5853443 0.66830945
v 13.03899 20.5893593 0.687094092
v 13.0316067 20.5864201 0.679154754
v 13.0394449 20.6148529 0.689999998
v 13.020031 20.605135 0.66830945
v 13.0297365 20.609993 0.687094092
v 13.0226307 20.6064358 0.679154754
v 13.0280247 20.6354332 0.689999998
v 13.0095062 20.6241016 0.66830945
v 13.0187664 20.6297684 0.687094092
v 13.0119886 20.6256199 0.679154754
v 13.0148973 20.6549683 0.689999998
v 12.9974089 20.6421032 0.66830945
v 13.0061541 20.6485367 0.687094092
v 12.999752 20.6438274 0.679154754
v 13.0001564 20.6733189 0.689999998
v 12.9838247 20.6590137 0.66830945
v 12.991991 20.6661663 0.687094092
v 12.9860134 20.6609306 0.679154754
v 12.9839096 20.6903477 0.689999998
v 12.968852 20.6747074 0.66830945
v 12.9763813 20.6825275 0.687094092
v 12.97087 20.6768036 0.679154754
v 12.9662733 20.7059345 0.689999998
v 12.9526005 20.6890717 0.66830945
v 12.9594364 20.6975021 0.687094092
v 12.9544315 20.69133 0.679154754
v 12.9473782 20.7199688 0.689999998
v 12.9351873 20.7020035 0.66830945
v 12.9412832 20.7109871 0.687094092
v 12.936821 20.7044106 0.679154754
v 12.9273577 20.7323437 0.689999998
v 12.9167376 20.7134075 0.66830945
v 12.9220476 20.7228756 0.687094092
v 12.9181604 20.7159462 0.679154754
v 12.9063578 20.7429733 0.689999998
v 12.8973856 20.7232037 0.66830945
v 12.9018717 20.7330894 0.687094092
v 12.8985882 20.725853 0.679154754
v 12.884531 20.7517796 0.689999998
v 12.8772717 20.7313194 0.66830945
v 12.8809023 20.7415524 0.687094092
v 12.8782444 20.7340622 0.679154754
v 12.8620348 20.7587013 0.689999998
v 12.8565397 20.7376976 0.66830945
v 12.8592873 20.7481995 0.687094092
v 12.857276 20.7405128 0.679154754
v 12.8390312 20.7636852 0.689999998
v 12.8353415 20.7422905 0.66830945
v 12.8371859 20.752985 0.687094092
v 12.8358355 20.7451534 0.679154754
v 12.8156881 20.766695 0.689999998
v 12.8138294 20.7450638 0.66830945
v 12.8147583 20.7558784 0.687094092
v 12.8140783 20.747961 0.679154754
v 12.7921734 20.7677097 0.689999998
v 12.79216 20.7460003 0.66830945
v 12.7921667 20.756855 0.687094092
v 12.7921619 20.748909 0.679154754
v 12.7686577 20.7667236 0.689999998
v 12.7704887 20.7450905 0.66830945
v 12.7695732 20.7559071 0.687094092
v 12.7702436 20.7479897 0.679154754
v 12.7453108 20.7637424 0.689999998
v 12.7489738 20.7423439 0.66830945
v 12.7471418 20.7530441 0.687094092
v 12.7484827 20.7452126 0.679154754
v 12.7223005 20.7587872 0.689999998
v 12.7277689 20.7377777 0.66830945
v 12.7250347 20.7482834 0.687094092
v 12.7270355 20.7405949 0.679154754
v 12.6997957 20.7518959 0.689999998
v 12.7070303 20.7314262 0.66830945
v 12.703413 20.7416611 0.687094092
v 12.7060614 20.734169 0.679154754
v 12.6779575 20.7431164 0.689999998
v 12.6869049 20.7233353 0.66830945
v 12.6824303 20.7332268 0.687094092
v 12.6857052 20.7259865 0.679154754
v 12.6569452 20.7325134 0.689999998
v 12.6675415 20.7135639 0.66830945
v 12.6622438 20.7230377 0.687094092
v 12.6661224 20.7161026 0.679154754
v 12.6369095 20.7201633 0.689999998
v 12.6490774 20.7021828 0.66830945
v 12.642993 20.711174 0.687094092
v 12.6474466 20.7045937 0.679154754
v 12.6179953 20.706152 0.689999998
v 12.6316471 20.6892719 0.66830945
v 12.6248207 20.6977119 0.687094092
v 12.629818 20.691534 0.679154754
v 12.6003408 20.690588 0.689999998
v 12.6153784 20.6749287 0.66830945
v 12.6078596 20.6827583 0.687094092
v 12.6133633 20.6770267 0.679154754
v 12.5840731 20.6735783 0.689999998
v 12.6003866 20.6592541 0.66830945
v 12.5922298 20.6664162 0.687094092
v 12.5982008 20.6611729 0.679154754
v 12.5693083 20.6552467 0.689999998
v 12.5867805 20.6423607 0.66830945
v 12.5780449 20.6488037 0.687094092
v 12.5844402 20.6440868 0.679154754
v 12.5561562 20.6357269 0.689999998
v 12.5746603 20.6243725 0.66830945
v 12.5654087 20.6300488 0.687094092
v 12.5721817 20.6258926 0.679154754
v 12.5447102 20.6151619 0.689999998
v 12.5641117 20.6054211 0.66830945
v 12.5544109 20.6102905 0.687094092
v 12.5615129 20.6067257 0.679154754
v 12.5641117 20.6054211 0.66830945
v 12.5439606 20.6134968 0.689999998
v 12.5350714 20.5936909 0.66830945
v 12.5614166 20.6065044 0.679140508
v 12.5569782 20.5966129 0.66830945
v 12.5545492 20.5980835 0.678682148
v 12.5395193 20.603611 0.687102199
v 12.5540199 20.6094685 0.687102199
v 12.5493422 20.600172 0.684287429
v 12.546319 20.592308 0.66830945
v 12.5362558 20.5963402 0.679140508
v 12.5470448 20.5950527 0.678682148
v 13.1350536 20.5042629 0.66830945
v 13.1549683 20.526722 0.66830945
v 13.1332731 20.5259018 0.689999998
v 13.1456451 20.5075645 0.66830945
v 13.1348124 20.5071545 0.679140508
v 13.1449528 20.5103588 0.678682148
v 13.1520662 20.5266132 0.679140508
v 13.1529551 20.5158081 0.66830945
v 13.1500988 20.5161629 0.678682148
v 13.1341581 20.5150986 0.687102199
v 13.1441031 20.5263138 0.687102199
v 13.1444921 20.5159512 0.684287429
v 13.1542101 20.5360451 0.66830945
v 13.1326656 20.5333652 0.689999998
v 13.1513252 20.5356865 0.679154754
v 13.1434393 20.5347061 0.687094092
v 13.1490717 20.5666637 0.66830945
v 13.1278334 20.5621624 0.689999998
v 13.1462269 20.566061 0.679154754
v 13.1384525 20.5644131 0.687094092
v 13.1413498 20.596735 0.66830945
v 13.1205702 20.5904465 0.689999998
v 13.138566 20.595892 0.679154754
v 13.1309605 20.5935898 0.687094092
v 13.1311007 20.6260414 0.66830945
v 13.1109314 20.6180096 0.689999998
v 13.128397 20.6249657 0.679154754
v 13.1210146 20.6220245 0.687094092
v 13.1183977 20.6543694 0.66830945
v 13.0989838 20.6446514 0.689999998
v 13.1157951 20.6530666 0.679154754
v 13.1086884 20.6495094 0.687094092
v 13.1033335 20.6815166 0.66830945
v 13.084815 20.6701851 0.689999998
v 13.1008511 20.6799984 0.679154754
v 13.0940733 20.6758499 0.687094092
v 13.0860167 20.7072849 0.66830945
v 13.0685282 20.6944199 0.689999998
v 13.0836735 20.7055607 0.679154754
v 13.0772715 20.7008514 0.687094092
v 13.0665722 20.7314892 0.66830945
v 13.0502405 20.7171841 0.689999998
v 13.0643845 20.7295723 0.679154754
v 13.0584068 20.7243366 0.687094092
v 13.0451422 20.753952 0.66830945
v 13.0300856 20.7383118 0.689999998
v 13.0431252 20.7518559 0.679154754
v 13.0376139 20.7461319 0.687094092
v 13.0218801 20.7745152 0.66830945
v 13.0082073 20.7576523 0.689999998
v 13.0200462 20.7722549 0.679154754
v 13.0150423 20.7660828 0.687094092
v 12.996954 20.7930241 0.66830945
v 12.9847631 20.7750587 0.689999998
v 12.9953213 20.7906189 0.679154754
v 12.990859 20.7840424 0.687094092
v 12.9705467 20.8093491 0.66830945
v 12.9599266 20.7904129 0.689999998
v 12.9691238 20.8068123 0.679154754
v 12.9652367 20.799881 0.687094092
v 12.9428463 20.82337 0.66830945
v 12.9338741 20.8036003 0.689999998
v 12.9416437 20.8207207 0.679154754
v 12.9383602 20.8134842 0.687094092
v 12.9140549 20.8349876 0.66830945
v 12.9067955 20.8145275 0.689999998
v 12.9130821 20.8322449 0.679154754
v 12.9104242 20.8247547 0.687094092
v 12.8843803 20.8441162 0.66830945
v 12.8788853 20.8231125 0.689999998
v 12.8836441 20.841301 0.679154754
v 12.8816328 20.8336143 0.687094092
v 12.8540382 20.8506889 0.66830945
v 12.8503485 20.8292942 0.689999998
v 12.8535442 20.847826 0.679154754
v 12.8521938 20.8399944 0.687094092
v 12.823246 20.85466 0.66830945
v 12.8213873 20.8330288 0.689999998
v 12.8229971 20.8517628 0.679154754
v 12.8223171 20.8438454 0.687094092
v 12.7922287 20.855999 0.66830945
v 12.7922153 20.8342896 0.689999998
v 12.7922268 20.8530903 0.679154754
v 12.792222 20.8451443 0.687094092
v 12.7612095 20.8546982 0.66830945
v 12.7630405 20.833065 0.689999998
v 12.7614546 20.851799 0.679154754
v 12.762125 20.8438816 0.687094092
v 12.7304125 20.8507671 0.66830945
v 12.7340755 20.8293686 0.689999998
v 12.7309027 20.8479023 0.679154754
v 12.7322435 20.8400707 0.687094092
v 12.7000618 20.8442307 0.66830945
v 12.7055302 20.8232212 0.689999998
v 12.7007952 20.8414135 0.679154754
v 12.7027969 20.833725 0.687094092
v 12.6703758 20.8351402 0.66830945
v 12.6776104 20.8146706 0.689999998
v 12.6713448 20.8323975 0.679154754
v 12.6739931 20.8249054 0.687094092
v 12.6415701 20.8235588 0.66830945
v 12.6505175 20.8037777 0.689999998
v 12.6427689 20.8209076 0.679154754
v 12.6460438 20.8136673 0.687094092
v 12.6138525 20.8095722 0.66830945
v 12.6244488 20.7906227 0.689999998
v 12.6152706 20.8070354 0.679154754
v 12.6191502 20.8000984 0.687094092
v 12.5874243 20.7932816 0.66830945
v 12.5995922 20.775301 0.689999998
v 12.5890551 20.7908707 0.679154754
v 12.5935087 20.7842903 0.687094092
v 12.5624762 20.7748013 0.66830945
v 12.576128 20.7579212 0.689999998
v 12.5643044 20.772541 0.679154754
v 12.5693016 20.7663612 0.687094092
v 12.5391884 20.7542706 0.66830945
v 12.5542259 20.7386112 0.689999998
v 12.5412025 20.7521725 0.679154754
v 12.5467072 20.7464409 0.687094092
v 12.5177298 20.7318325 0.66830945
v 12.5340433 20.7175083 0.689999998
v 12.5199156 20.7299137 0.679154754
v 12.5258865 20.7246704 0.687094092
v 12.4982548 20.707653 0.66830945
v 12.515727 20.694767 0.689999998
v 12.5005951 20.7059269 0.679154754
v 12.5069904 20.70121 0.687094092
v 12.4809055 20.6819077 0.66830945
v 12.4994097 20.6705532 0.689999998
v 12.4833851 20.6803856 0.679154754
v 12.4901581 20.6762314 0.687094092
v 12.4658079 20.6547794 0.66830945
v 12.4852095 20.6450386 0.689999998
v 12.4684067 20.6534748 0.679154754
v 12.4755077 20.64991 0.687094092
v 12.4619694 20.6462479 0.66830945
v 12.4732113 20.6184158 0.66830945
v 12.4821377 20.6382084 0.689999998
v 12.4602127 20.6352921 0.66830945
v 12.4646692 20.6451759 0.679140508
v 12.4630222 20.6346703 0.678682148
v 12.4744101 20.6210613 0.679140508
v 12.4643383 20.6250763 0.66830945
v 12.4659281 20.6274776 0.678682148
v 12.4720726 20.6422253 0.687102199
v 12.4776859 20.6283264 0.687102199
v 12.4682341 20.6325912 0.684287429
v 13.3959999 20.7269153 0.120000005
v 13.3959999 20.7969997 0.190000005
v 13.3959999 20.7537354 0.125328422
v 13.3959999 20.7764724 0.140502527
v 13.3959999 20.7916648 0.163212158
v 13.3959999 20.7269153 0.420000017
v 13.3959999 20.7969997 0.350000016
v 13.3959999 20.7537354 0.4146716
v 13.3959999 20.7764724 0.399497494
v 13.3959999 20.7916648 0.376787864
v 13.4236325 20.7255578 0.120000005
v 13.4305019 20.7953047 0.190000005
v 13.4262613 20.7522487 0.125328422
v 13.4284899 20.7748763 0.140502527
v 13.429979 20.7899955 0.163212158
v 13.4236325 20.7255578 0.420000017
v 13.4305019 20.7953047 0.350000016
v 13.4262613 20.7522487 0.4146716
v 13.4284899 20.7748763 0.399497494
v 13.429979 20.7899955 0.376787864
v 13.4509991 20.7214983 0.120000005
v 13.4646717 20.7902361 0.190000005
v 13.4562314 20.7478032 0.125328422
v 13.4606671 20.7701033 0.140502527
v 13.4636309 20.7850038 0.163212158
v 13.4509991 20.7214983 0.420000017
v 13.4646717 20.7902361 0.350000016
v 13.4562314 20.7478032 0.4146716
v 13.4606671 20.7701033 0.399497494
v 13.4636309 20.7850038 0.376787864
v 13.4778355 20.7147762 0.120000005
v 13.4981801 20.7818427 0.190000005
v 13.4856211 20.7404414 0.125328422
v 13.4922213 20.7621994 0.140502527
v 13.4966315 20.7767376 0.163212158
v 13.4778355 20.7147762 0.420000017
v 13.4981801 20.7818427 0.350000016
v 13.4856211 20.7404414 0.4146716
v 13.4922213 20.7621994 0.399497494
v 13.4966315 20.7767376 0.376787864
v 13.5038844 20.7054557 0.120000005
v 13.5307045 20.7702053 0.190000005
v 13.514148 20.7302343 0.125328422
v 13.5228491 20.7512406 0.140502527
v 13.5286629 20.7652766 0.163212158
v 13.5038844 20.7054557 0.420000017
v 13.5307045 20.7702053 0.350000016
v 13.514148 20.7302343 0.4146716
v 13.5228491 20.7512406 0.399497494
v 13.5286629 20.7652766 0.376787864
v 13.528894 20.693627 0.120000005
v 13.5619316 20.755436 0.190000005
v 13.5415369 20.7172803 0.125328422
v 13.5522551 20.7373326 0.140502527
v 13.5594167 20.7507311 0.163212158
v 13.528894 20.693627 0.420000017
v 13.5619316 20.755436 0.350000016
v 13.5415369 20.7172803 0.4146716
v 13.5522551 20.7373326 0.399497494
v 13.5594167 20.7507311 0.376787864
v 13.5526237 20.679404 0.120000005
v 13.5915606 20.737677 0.190000005
v 13.5675242 20.7017041 0.125328422
v 13.5801563 20.7206092 0.140502527
v 13.5885967 20.7332412 0.163212158
v 13.5526237 20.679404 0.420000017
v 13.5915606 20.737677 0.350000016
v 13.5675242 20.7017041 0.4146716
v 13.5801563 20.7206092 0.399497494
v 13.5885967 20.7332412 0.376787864
v 13.5748453 20.6629233 0.120000005
v 13.6193064 20.7170994 0.190000005
v 13.5918598 20.6836556 0.125328422
v 13.606284 20.7012316 0.140502527
v 13.6159219 20.7129754 0.163212158
v 13.5748453 20.6629233 0.420000017
v 13.6193064 20.7170994 0.350000016
v 13.5918598 20.6836556 0.4146716
v 13.606284 20.7012316 0.399497494
v 13.6159219 20.7129754 0.376787864
v 13.5953443 20.6443441 0.120000005
v 13.6449015 20.6939013 0.190000005
v 13.614309 20.6633088 0.125328422
v 13.6303865 20.6793863 0.140502527
v 13.6411292 20.690129 0.163212158
v 13.5953443 20.6443441 0.420000017
v 13.6449015 20.6939013 0.350000016
v 13.614309 20.6633088 0.4146716
v 13.6303865 20.6793863 0.399497494
v 13.6411292 20.690129 0.376787864
v 13.6139235 20.6238451 0.120000005
v 13.6680996 20.6683061 0.190000005
v 13.6346558 20.6408596 0.125328422
v 13.6522318 20.6552838 0.140502527
v 13.6639757 20.6649217 0.163212158
v 13.6139235 20.6238451 0.420000017
v 13.6680996 20.6683061 0.350000016
v 13.6346558 20.6408596 0.4146716
v 13.6522318 20.6552838 0.399497494
v 13.6639757 20.6649217 0.376787864
v 13.6304042 20.6016234 0.120000005
v 13.6886772 20.6405604 0.190000005
v 13.6527043 20.616524 0.125328422
v 13.6716094 20.629156 0.140502527
v 13.6842414 20.6375965 0.163212158
v 13.6304042 20.6016234 0.420000017
v 13.6886772 20.6405604 0.350000016
v 13.6527043 20.616524 0.4146716
v 13.6716094 20.629156 0.399497494
v 13.6842414 20.6375965 0.376787864
v 13.6446272 20.5778938 0.120000005
v 13.7064362 20.6109314 0.190000005
v 13.6682805 20.5905367 0.125328422
v 13.6883328 20.6012549 0.140502527
v 13.7017313 20.6084165 0.163212158
v 13.6446272 20.5778938 0.420000017
v 13.7064362 20.6109314 0.350000016
v 13.6682805 20.5905367 0.4146716
v 13.6883328 20.6012549 0.399497494
v 13.7017313 20.6084165 0.376787864
v 13.6564559 20.5528842 0.120000005
v 13.7212055 20.5797043 0.190000005
v 13.6812345 20.5631478 0.125328422
v 13.7022408 20.5718489 0.140502527
v 13.7162768 20.5776627 0.163212158
v 13.6564559 20.5528842 0.420000017
v 13.7212055 20.5797043 0.350000016
v 13.6812345 20.5631478 0.4146716
v 13.7022408 20.5718489 0.399497494
v 13.7162768 20.5776627 0.376787864
v 13.6657764 20.5268353 0.120000005
v 13.7328429 20.5471799 0.190000005
v 13.6914416 20.5346209 0.125328422
v 13.7131996 20.5412211 0.140502527
v 13.7277378 20.5456313 0.163212158
v 13.6657764 20.5268353 0.420000017
v 13.7328429 20.5471799 0.350000016
v 13.6914416 20.5346209 0.4146716
v 13.7131996 20.5412211 0.399497494
v 13.7277378 20.5456313 0.376787864
v 13.6724985 20.4999989 0.120000005
v 13.7412363 20.5136715 0.190000005
v 13.6988034 20.5052312 0.125328422
v 13.7211035 20.5096669 0.140502527
v 13.736004 20.5126307 0.163212158
v 13.6724985 20.4999989 0.420000017
v 13.7412363 20.5136715 0.350000016
v 13.6988034 20.5052312 0.4146716
v 13.7211035 20.5096669 0.399497494
v 13.736004 20.5126307 0.376787864
v 13.676558 20.4726322 0.120000005
v 13.7463049 20.4795017 0.190000005
v 13.7032489 20.4752611 0.125328422
v 13.7258765 20.4774897 0.140502527
v 13.7409957 20.4789788 0.163212158
v 13.676558 20.4726322 0.420000017
v 13.7463049 20.4795017 0.350000016
v 13.7032489 20.4752611 0.4146716
v 13.7258765 20.4774897 0.399497494
v 13.7409957 20.4789788 0.376787864
v 13.6779155 20.4449997 0.120000005
v 13.7479999 20.4449997 0.190000005
v 13.7047356 20.4449997 0.125328422
v 13.7274726 20.4449997 0.140502527
v 13.742665 20.4449997 0.163212158
v 13.6779155 20.4449997 0.420000017
v 13.7479999 20.4449997 0.350000016
v 13.7047356 20.4449997 0.4146716
v 13.7274726 20.4449997 0.399497494
v 13.742665 20.4449997 0.376787864
v 13.676558 20.4173671 0.120000005
v 13.7463049 20.4104977 0.190000005
v 13.7032489 20.4147383 0.125328422
v 13.7258765 20.4125097 0.140502527
v 13.7409957 20.4110206 0.163212158
v 13.676558 20.4173671 0.420000017
v 13.7463049 20.4104977 0.350000016
v 13.7032489 20.4147383 0.4146716
v 13.7258765 20.4125097 0.399497494
v 13.7409957 20.4110206 0.376787864
v 13.6724985 20.3900005 0.120000005
v 13.7412363 20.3763279 0.190000005
v 13.6988034 20.3847682 0.125328422
v 13.7211035 20.3803325 0.140502527
v 13.736004 20.3773687 0.163212158
v 13.6724985 20.3900005 0.420000017
v 13.7412363 20.3763279 0.350000016
v 13.6988034 20.3847682 0.4146716
v 13.7211035 20.3803325 0.399497494
v 13.736004 20.3773687 0.376787864
v 13.6657764 20.3631641 0.120000005
v 13.7328429 20.3428195 0.190000005
v 13.6914416 20.3553785 0.125328422
v 13.7131996 20.3487783 0.140502527
v 13.7277378 20.3443681 0.163212158
v 13.6657764 20.3631641 0.420000017
v 13.7328429 20.3428195 0.350000016
v 13.6914416 20.3553785 0.4146716
v 13.7131996 20.3487783 0.399497494
v 13.7277378 20.3443681 0.376787864
v 13.6564559 20.3371152 0.120000005
v 13.7212055 20.3102951 0.190000005
v 13.6812345 20.3268516 0.125328422
v 13.7022408 20.3181505 0.140502527
v 13.7162768 20.3123367 0.163212158
v 13.6564559 20.3371152 0.420000017
v 13.7212055 20.3102951 0.350000016
v 13.6812345 20.3268516 0.4146716
v 13.7022408 20.3181505 0.399497494
v 13.7162768 20.3123367 0.376787864
v 13.6446272 20.3121056 0.120000005
v 13.7064362 20.279068 0.190000005
v 13.6682805 20.2994627 0.125328422
v 13.6883328 20.2887445 0.140502527
v 13.7017313 20.2815829 0.163212158
v 13.6446272 20.3121056 0.420000017
v 13.7064362 20.279068 0.350000016
v 13.6682805 20.2994627 0.4146716
v 13.6883328 20.2887445 0.399497494
v 13.7017313 20.2815829 0.376787864
v 13.6304042 20.2883759 0.120000005
v 13.6886772 20.249439 0.190000005
v 13.6527043 20.2734754 0.125328422
v 13.6716094 20.2608434 0.140502527
v 13.6842414 20.2524029 0.163212158
v 13.6304042 20.2883759 0.420000017
v 13.6886772 20.249439 0.350000016
v 13.6527043 20.2734754 0.4146716
v 13.6716094 20.2608434 0.399497494
v 13.6842414 20.2524029 0.376787864
v 13.6139235 20.2661543 0.120000005
v 13.6680996 20.2216932 0.190000005
v 13.6346558 20.2491398 0.125328422
v 13.6522318 20.2347156 0.140502527
v 13.6639757 20.2250777 0.163212158
v 13.6139235 20.2661543 0.420000017
v 13.6680996 20.2216932 0.350000016
v 13.6346558 20.2491398 0.4146716
v 13.6522318 20.2347156 0.399497494
v 13.6639757 20.2250777 0.376787864
v 13.5953443 20.2456553 0.120000005
v 13.6449015 20.1960981 0.190000005
v 13.614309 20.2266906 0.125328422
v 13.6303865 20.2106131 0.140502527
v 13.6411292 20.1998704 0.163212158
v 13.5953443 20.2456553 0.420000017
v 13.6449015 20.1960981 0.350000016
v 13.614309 20.2266906 0.4146716
v 13.6303865 20.2106131 0.399497494
v 13.6411292 20.1998704 0.376787864
v 13.5748453 20.2270761 0.120000005
v 13.6193064 20.1729 0.190000005
v 13.5918598 20.2063438 0.125328422
v 13.606284 20.1887678 0.140502527
v 13.6159219 20.1770239 0.163212158
v 13.5748453 20.2270761 0.420000017
v 13.6193064 20.1729 0.350000016
v 13.5918598 20.2063438 0.4146716
v 13.606284 20.1887678 0.399497494
v 13.6159219 20.1770239 0.376787864
v 13.5526237 20.2105954 0.120000005
v 13.5915606 20.1523224 0.190000005
v 13.5675242 20.1882953 0.125328422
v 13.5801563 20.1693902 0.140502527
v 13.5885967 20.1567582 0.163212158
v 13.5526237 20.2105954 0.420000017
v 13.5915606 20.1523224 0.350000016
v 13.5675242 20.1882953 0.4146716
v 13.5801563 20.1693902 0.399497494
v 13.5885967 20.1567582 0.376787864
v 13.528894 20.1963724 0.120000005
v 13.5619316 20.1345634 0.190000005
v 13.5415369 20.1727191 0.125328422
v 13.5522551 20.1526668 0.140502527
v 13.5594167 20.1392683 0.163212158
v 13.528894 20.1963724 0.420000017
v 13.5619316 20.1345634 0.350000016
v 13.5415369 20.1727191 0.4146716
v 13.5522551 20.1526668 0.399497494
v 13.5594167 20.1392683 0.376787864
v 13.5038844 20.1845437 0.120000005
v 13.5307045 20.1197941 0.190000005
v 13.514148 20.1597651 0.125328422
v 13.5228491 20.1387588 0.140502527
v 13.5286629 20.1247228 0.163212158
v 13.5038844 20.1845437 0.420000017
v 13.5307045 20.1197941 0.350000016
v 13.514148 20.1597651 0.4146716
v 13.5228491 20.1387588 0.399497494
v 13.5286629 20.1247228 0.376787864
v 13.4778355 20.1752232 0.120000005
v 13.4981801 20.1081567 0.190000005
v 13.4856211 20.149558 0.125328422
v 13.4922213 20.1278 0.140502527
v 13.4966315 20.1132618 0.163212158
v 13.4778355 20.1752232 0.420000017
v 13.4981801 20.1081567 0.350000016
v 13.4856211 20.149558 0.4146716
v 13.4922213 20.1278 0.399497494
v 13.4966315 20.1132618 0.376787864
v 13.4509991 20.1685011 0.120000005
v 13.4646717 20.0997633 0.190000005
v 13.4562314 20.1421962 0.125328422
v 13.4606671 20.1198961 0.140502527
v 13.4636309 20.1049956 0.163212158
v 13.4509991 20.1685011 0.420000017
v 13.4646717 20.0997633 0.350000016
v 13.4562314 20.1421962 0.4146716
v 13.4606671 20.1198961 0.399497494
v 13.4636309 20.1049956 0.376787864
v 13.4236325 20.1644416 0.120000005
v 13.4305019 20.0946947 0.190000005
v 13.4262613 20.1377507 0.125328422
v 13.4284899 20.1151231 0.140502527
v 13.429979 20.1000039 0.163212158
v 13.4236325 20.1644416 0.420000017
v 13.4305019 20.0946947 0.350000016
v 13.4262613 20.1377507 0.4146716
v 13.4284899 20.1151231 0.399497494
v 13.429979 20.1000039 0.376787864
v 13.3959999 20.1630841 0.120000005
v 13.3959999 20.0929997 0.190000005
v 13.3959999 20.136264 0.125328422
v 13.3959999 20.113527 0.140502527
v 13.3959999 20.0983346 0.163212158
v 13.3959999 20.1630841 0.420000017
v 13.3959999 20.0929997 0.350000016
v 13.3959999 20.136264 0.4146716
v 13.3959999 20.113527 0.399497494
v 13.3959999 20.0983346 0.376787864
v 13.3683674 20.1644416 0.120000005
v 13.3614979 20.0946947 0.190000005
v 13.3657385 20.1377507 0.125328422
v 13.3635099 20.1151231 0.140502527
v 13.3620208 20.1000039 0.163212158
v 13.3683674 20.1644416 0.420000017
v 13.3614979 20.0946947 0.350000016
v 13.3657385 20.1377507 0.4146716
v 13.3635099 20.1151231 0.399497494
v 13.3620208 20.1000039 0.376787864
v 13.3410007 20.1685011 0.120000005
v 13.3273281 20.0997633 0.190000005
v 13.3357684 20.1421962 0.125328422
v 13.3313327 20.1198961 0.140502527
v 13.3283689 20.1049956 0.163212158
v 13.3410007 20.1685011 0.420000017
v 13.3273281 20.0997633 0.350000016
v 13.3357684 20.1421962 0.4146716
v 13.3313327 20.1198961 0.399497494
v 13.3283689 20.1049956 0.376787864
v 13.3141643 20.1752232 0.120000005
v 13.2938197 20.1081567 0.190000005
v 13.3063788 20.149558 0.125328422
v 13.2997785 20.1278 0.140502527
v 13.2953683 20.1132618 0.163212158
v 13.3141643 20.1752232 0.420000017
v 13.2938197 20.1081567 0.350000016
v 13.3063788 20.149558 0.4146716
v 13.2997785 20.1278 0.399497494
v 13.2953683 20.1132618 0.376787864
v 13.2881154 20.1845437 0.120000005
v 13.2612953 20.1197941 0.190000005
v 13.2778518 20.1597651 0.125328422
v 13.2691507 20.1387588 0.140502527
v 13.2633369 20.1247228 0.163212158
v 13.2881154 20.1845437 0.420000017
v 13.2612953 20.1197941 0.350000016
v 13.2778518 20.1597651 0.4146716
v 13.2691507 20.1387588 0.399497494
v 13.2633369 20.1247228 0.376787864
v 13.2631058 20.1963724 0.120000005
v 13.2300683 20.1345634 0.190000005
v 13.2504629 20.1727191 0.125328422
v 13.2397447 20.1526668 0.140502527
v 13.2325831 20.1392683 0.163212158
v 13.2631058 20.1963724 0.420000017
v 13.2300683 20.1345634 0.350000016
v 13.2504629 20.1727191 0.4146716
v 13.2397447 20.1526668 0.399497494
v 13.2325831 20.1392683 0.376787864
v 13.2393762 20.2105954 0.120000005
v 13.2004392 20.1523224 0.190000005
v 13.2244756 20.1882953 0.125328422
v 13.2118436 20.1693902 0.140502527
v 13.2034031 20.1567582 0.163212158
v 13.2393762 20.2105954 0.420000017
v 13.2004392 20.1523224 0.350000016
v 13.2244756 20.1882953 0.4146716
v 13.2118436 20.1693902 0.399497494
v 13.2034031 20.1567582 0.376787864
v 13.2171545 20.2270761 0.120000005
v 13.1726935 20.1729 0.190000005
v 13.20014 20.2063438 0.125328422
v 13.1857158 20.1887678 0.140502527
v 13.1760779 20.1770239 0.163212158
v 13.2171545 20.2270761 0.420000017
v 13.1726935 20.1729 0.350000016
v 13.20014 20.2063438 0.4146716
v 13.1857158 20.1887678 0.399497494
v 13.1760779 20.1770239 0.376787864
v 13.1966555 20.2456553 0.120000005
v 13.1470983 20.1960981 0.190000005
v 13.1776908 20.2266906 0.125328422
v 13.1616133 20.2106131 0.140502527
v 13.1508706 20.1998704 0.163212158
v 13.1966555 20.2456553 0.420000017
v 13.1470983 20.1960981 0.350000016
v 13.1776908 20.2266906 0.4146716
v 13.1616133 20.2106131 0.399497494
v 13.1508706 20.1998704 0.376787864
v 13.1780763 20.2661543 0.120000005
v 13.1239002 20.2216932 0.190000005
v 13.157344 20.2491398 0.125328422
v 13.139768 20.2347156 0.140502527
v 13.1280242 20.2250777 0.163212158
v 13.1780763 20.2661543 0.420000017
v 13.1239002 20.2216932 0.350000016
v 13.157344 20.2491398 0.4146716
v 13.139768 20.2347156 0.399497494
v 13.1280242 20.2250777 0.376787864
v 13.1615956 20.2883759 0.120000005
v 13.1033226 20.249439 0.190000005
v 13.1392955 20.2734754 0.125328422
v 13.1203904 20.2608434 0.140502527
v 13.1077584 20.2524029 0.163212158
v 13.1615956 20.2883759 0.420000017
v 13.1033226 20.249439 0.350000016
v 13.1392955 20.2734754 0.4146716
v 13.1203904 20.2608434 0.399497494
v 13.1077584 20.2524029 0.376787864
v 13.1473726 20.3121056 0.120000005
v 13.0855636 20.279068 0.190000005
v 13.1237193 20.2994627 0.125328422
v 13.1036671 20.2887445 0.140502527
v 13.0902686 20.2815829 0.163212158
v 13.1473726 20.3121056 0.420000017
v 13.0855636 20.279068 0.350000016
v 13.1237193 20.2994627 0.4146716
v 13.1036671 20.2887445 0.399497494
v 13.0902686 20.2815829 0.376787864
v 13.1355439 20.3371152 0.120000005
v 13.0707943 20.3102951 0.190000005
v 13.1107653 20.3268516 0.125328422
v 13.089759 20.3181505 0.140502527
v 13.0757231 20.3123367 0.163212158
v 13.1355439 20.3371152 0.420000017
v 13.0707943 20.3102951 0.350000016
v 13.1107653 20.3268516 0.4146716
v 13.089759 20.3181505 0.399497494
v 13.0757231 20.3123367 0.376787864
v 13.1262234 20.3631641 0.120000005
v 13.0591569 20.3428195 0.190000005
v 13.1005582 20.3553785 0.125328422
v 13.0788002 20.3487783 0.140502527
v 13.064262 20.3443681 0.163212158
v 13.1262234 20.3631641 0.420000017
v 13.0591569 20.3428195 0.350000016
v 13.1005582 20.3553785 0.4146716
v 13.0788002 20.3487783 0.399497494
v 13.064262 20.3443681 0.376787864
v 13.1195013 20.3900005 0.120000005
v 13.0507635 20.3763279 0.190000005
v 13.0931965 20.3847682 0.125328422
v 13.0708963 20.3803325 0.140502527
v 13.0559958 20.3773687 0.163212158
v 13.1195013 20.3900005 0.420000017
v 13.0507635 20.3763279 0.350000016
v 13.0931965 20.3847682 0.4146716
v 13.0708963 20.3803325 0.399497494
v 13.0559958 20.3773687 0.376787864
v 13.1154418 20.4173671 0.120000005
v 13.0456949 20.4104977 0.190000005
v 13.0887509 20.4147383 0.125328422
v 13.0661233 20.4125097 0.140502527
v 13.0510041 20.4110206 0.163212158
v 13.1154418 20.4173671 0.420000017
v 13.0456949 20.4104977 0.350000016
v 13.0887509 20.4147383 0.4146716
v 13.0661233 20.4125097 0.399497494
v 13.0510041 20.4110206 0.376787864
v 13.1140843 20.4449997 0.120000005
v 13.0439999 20.4449997 0.190000005
v 13.0872642 20.4449997 0.125328422
v 13.0645272 20.4449997 0.140502527
v 13.0493348 20.4449997 0.163212158
v 13.1140843 20.4449997 0.420000017
v 13.0439999 20.4449997 0.350000016
v 13.0872642 20.4449997 0.4146716
v 13.0645272 20.4449997 0.399497494
v 13.0493348 20.4449997 0.376787864
v 13.1154418 20.4726322 0.120000005
v 13.0456949 20.4795017 0.190000005
v 13.0887509 20.4752611 0.125328422
v 13.0661233 20.4774897 0.140502527
v 13.0510041 20.4789788 0.163212158
v 13.1154418 20.4726322 0.420000017
v 13.0456949 20.4795017 0.350000016
v 13.0887509 20.4752611 0.4146716
v 13.0661233 20.4774897 0.399497494
v 13.0510041 20.4789788 0.376787864
v 13.1195013 20.4999989 0.120000005
v 13.0507635 20.5136715 0.190000005
v 13.0931965 20.5052312 0.125328422
v 13.0708963 20.5096669 0.140502527
v 13.0559958 20.5126307 0.163212158
v 13.1195013 20.4999989 0.420000017
v 13.0507635 20.5136715 0.350000016
v 13.0931965 20.5052312 0.4146716
v 13.0708963 20.5096669 0.399497494
v 13.0559958 20.5126307 0.376787864
v 13.1262234 20.5268353 0.120000005
v 13.0591569 20.5471799 0.190000005
v 13.1005582 20.5346209 0.125328422
v 13.0788002 20.5412211 0.140502527
v 13.064262 20.5456313 0.163212158
v 13.1262234 20.5268353 0.420000017
v 13.0591569 20.5471799 0.350000016
v 13.1005582 20.5346209 0.4146716
v 13.0788002 20.5412211 0.399497494
v 13.064262 20.5456313 0.376787864
v 13.1355439 20.5528842 0.120000005
v 13.0707943 20.5797043 0.190000005
v 13.1107653 20.5631478 0.125328422
v 13.089759 20.5718489 0.140502527
v 13.0757231 20.5776627 0.163212158
v 13.1355439 20.5528842 0.420000017
v 13.0707943 20.5797043 0.350000016
v 13.1107653 20.5631478 0.4146716
v 13.089759 20.5718489 0.399497494
v 13.0757231 20.5776627 0.376787864
v 13.1473726 20.5778938 0.120000005
v 13.0855636 20.6109314 0.190000005
v 13.1237193 20.5905367 0.125328422
v 13.1036671 20.6012549 0.140502527
v 13.0902686 20.6084165 0.163212158
v 13.1473726 20.5778938 0.420000017
v 13.0855636 20.6109314 0.350000016
v 13.1237193 20.5905367 0.4146716
v 13.1036671 20.6012549 0.399497494
v 13.0902686 20.6084165 0.376787864
v 13.1615956 20.6016234 0.120000005
v 13.1033226 20.6405604 0.190000005
v 13.1392955 20.616524 0.125328422
v 13.1203904 20.629156 0.140502527
v 13.1077584 20.6375965 0.163212158
v 13.1615956 20.6016234 0.420000017
v 13.1033226 20.6405604 0.350000016
v 13.1392955 20.616524 0.4146716
v 13.1203904 20.629156 0.399497494
v 13.1077584 20.6375965 0.376787864
v 13.1780763 20.6238451 0.120000005
v 13.1239002 20.6683061 0.190000005
v 13.157344 20.6408596 0.125328422
v 13.139768 20.6552838 0.140502527
v 13.1280242 20.6649217 0.163212158
v 13.1780763 20.6238451 0.420000017
v 13.1239002 20.6683061 0.350000016
v 13.157344 20.6408596 0.4146716
v 13.139768 20.6552838 0.399497494
v 13.1280242 20.6649217 0.376787864
v 13.1966555 20.6443441 0.120000005
v 13.1470983 20.6939013 0.190000005
v 13.1776908 20.6633088 0.125328422
v 13.1616133 20.6793863 0.140502527
v 13.1508706 20.690129 0.163212158
v 13.1966555 20.6443441 0.420000017
v 13.1470983 20.6939013 0.350000016
v 13.1776908 20.6633088 0.4146716
v 13.1616133 20.6793863 0.399497494
v 13.1508706 20.690129 0.376787864
v 13.2171545 20.6629233 0.120000005
v 13.1726935 20.7170994 0.190000005
v 13.20014 20.6836556 0.125328422
v 13.1857158 20.7012316 0.140502527
v 13.1760779 20.7129754 0.163212158
v 13.2171545 20.6629233 0.420000017
v 13.1726935 20.7170994 0.350000016
v 13.20014 20.6836556 0.4146716
v 13.1857158 20.7012316 0.399497494
v 13.1760779 20.7129754 0.376787864
v 13.2393762 20.679404 0.120000005
v 13.2004392 20.737677 0.190000005
v 13.2244756 20.7017041 0.125328422
v 13.2118436 20.7206092 0.140502527
v 13.2034031 20.7332412 0.163212158
v 13.2393762 20.679404 0.420000017
v 13.2004392 20.737677 0.350000016
v 13.2244756 20.7017041 0.4146716
v 13.2118436 20.7206092 0.399497494
v 13.2034031 20.7332412 0.376787864
v 13.2631058 20.693627 0.120000005
v 13.2300683 20.755436 0.190000005
v 13.2504629 20.7172803 0.125328422
v 13.2397447 20.7373326 0.140502527
v 13.2325831 20.7507311 0.163212158
v 13.2631058 20.693627 0.420000017
v 13.2300683 20.755436 0.350000016
v 13.2504629 20.7172803 0.4146716
v 13.2397447 20.7373326 0.399497494
v 13.2325831 20.7507311 0.376787864
v 13.2881154 20.7054557 0.120000005
v 13.2612953 20.7702053 0.190000005
v 13.2778518 20.7302343 0.125328422
v 13.2691507 20.7512406 0.140502527
v 13.2633369 20.7652766 0.163212158
v 13.2881154 20.7054557 0.420000017
v 13.2612953 20.7702053 0.350000016
v 13.2778518 20.7302343 0.4146716
v 13.2691507 20.7512406 0.399497494
v 13.2633369 20.7652766 0.376787864
v 13.3141643 20.7147762 0.120000005
v 13.2938197 20.7818427 0.190000005
v 13.3063788 20.7404414 0.125328422
v 13.2997785 20.7621994 0.140502527
v 13.2953683 20.7767376 0.163212158
v 13.3141643 20.7147762 0.420000017
v 13.2938197 20.7818427 0.350000016
v 13.3063788 20.7404414 0.4146716
v 13.2997785 20.7621994 0.399497494
v 13.2953683 20.7767376 0.376787864
v 13.3410007 20.7214983 0.120000005
v 13.3273281 20.7902361 0.190000005
v 13.3357684 20.7478032 0.125328422
v 13.3313327 20.7701033 0.140502527
v 13.3283689 20.7850038 0.163212158
v 13.3410007 20.7214983 0.420000017
v 13.3273281 20.7902361 0.350000016
v 13.3357684 20.7478032 0.4146716
v 13.3313327 20.7701033 0.399497494
v 13.3283689 20.7850038 0.376787864
v 13.3683674 20.7255578 0.120000005
v 13.3614979 20.7953047 0.190000005
v 13.3657385 20.7522487 0.125328422
v 13.3635099 20.7748763 0.140502527
v 13.3620208 20.7899955 0.163212158
v 13.3683674 20.7255578 0.420000017
v 13.3614979 20.7953047 0.350000016
v 13.3657385 20.7522487 0.4146716
v 13.3635099 20.7748763 0.399497494
v 13.3620208 20.7899955 0.376787864
v 12.3009996 21.1029165 0.120000005
v 12.3009996 21.1730009 0.190000005
v 12.3009996 21.1297366 0.125328422
v 12.3009996 21.1524737 0.140502527
v 12.3009996 21.167666 0.163212158
v 12.3009996 21.1029165 0.420000017
v 12.3009996 21.1730009 0.350000016
v 12.3009996 21.1297366 0.4146716
v 12.3009996 21.1524737 0.399497494
v 12.3009996 21.167666 0.376787864
v 12.3323568 21.101376 0.120000005
v 12.3392263 21.171123 0.190000005
v 12.3349856 21.128067 0.125328422
v 12.3372143 21.1506945 0.140502527
v 12.3387034 21.1658138 0.163212158
v 12.3323568 21.101376 0.420000017
v 12.3392263 21.171123 0.350000016
v 12.3349856 21.128067 0.4146716
v 12.3372143 21.1506945 0.399497494
v 12.3387034 21.1658138 0.376787864
v 12.3634121 21.0967694 0.120000005
v 12.3770849 21.1655072 0.190000005
v 12.3686445 21.1230742 0.125328422
v 12.3730802 21.1453743 0.140502527
v 12.3760441 21.1602748 0.163212158
v 12.3634122 21.0967694 0.420000017
v 12.3770849 21.1655072 0.350000016
v 12.3686445 21.1230742 0.4146716
v 12.3730802 21.1453743 0.399497494
v 12.3760441 21.1602748 0.376787864
v 12.3938662 21.0891411 0.120000005
v 12.4142107 21.1562077 0.190000005
v 12.4016517 21.1148064 0.125328422
v 12.4082519 21.1365643 0.140502527
v 12.412662 21.1511025 0.163212158
v 12.3938662 21.0891411 0.420000017
v 12.4142107 21.1562077 0.350000016
v 12.4016517 21.1148064 0.4146716
v 12.4082519 21.1365643 0.399497494
v 12.412662 21.1511025 0.376787864
v 12.423426 21.0785644 0.120000005
v 12.4502462 21.1433139 0.190000005
v 12.4336896 21.1033429 0.125328422
v 12.4423907 21.1243492 0.140502527
v 12.4482046 21.1383851 0.163212158
v 12.423426 21.0785644 0.420000017
v 12.4502462 21.1433139 0.350000016
v 12.4336896 21.1033429 0.4146716
v 12.4423907 21.1243492 0.399497494
v 12.4482046 21.1383851 0.376787864
v 12.4518069 21.0651412 0.120000005
v 12.4848444 21.1269502 0.190000005
v 12.4644498 21.0887945 0.125328422
v 12.4751679 21.1088468 0.140502527
v 12.4823295 21.1222453 0.163212158
v 12.4518066 21.0651414 0.420000017
v 12.4848444 21.1269502 0.350000016
v 12.4644496 21.0887946 0.4146716
v 12.4751679 21.1088468 0.399497494
v 12.4823295 21.1222453 0.376787864
v 12.4787353 21.049001 0.120000005
v 12.517672 21.1072741 0.190000005
v 12.4936357 21.0713011 0.125328422
v 12.5062677 21.0902063 0.140502527
v 12.5147081 21.1028383 0.163212158
v 12.4787352 21.049001 0.420000017
v 12.517672 21.1072741 0.350000016
v 12.4936357 21.0713011 0.4146716
v 12.5062677 21.0902063 0.399497494
v 12.5147081 21.1028383 0.376787864
v 12.503952 21.030299 0.120000005
v 12.548413 21.084475 0.190000005
v 12.5209665 21.0510312 0.125328422
v 12.5353907 21.0686072 0.140502527
v 12.5450286 21.0803511 0.163212158
v 12.503952 21.0302989 0.420000017
v 12.548413 21.084475 0.350000016
v 12.5209665 21.0510312 0.4146716
v 12.5353907 21.0686072 0.399497494
v 12.5450287 21.0803511 0.376787864
v 12.5272141 21.0092154 0.120000005
v 12.5767713 21.0587726 0.190000005
v 12.5461788 21.0281801 0.125328422
v 12.5622563 21.0442576 0.140502527
v 12.572999 21.0550003 0.163212158
v 12.5272141 21.0092154 0.420000017
v 12.5767713 21.0587726 0.350000016
v 12.5461788 21.0281801 0.4146716
v 12.5622563 21.0442576 0.399497494
v 12.572999 21.0550003 0.376787864
v 12.5482977 20.9859533 0.120000005
v 12.6024737 21.0304143 0.190000005
v 12.5690299 21.0029678 0.125328422
v 12.5866059 21.017392 0.140502527
v 12.5983498 21.0270299 0.163212158
v 12.5482976 20.9859533 0.420000017
v 12.6024737 21.0304143 0.350000016
v 12.5690299 21.0029678 0.4146716
v 12.5866059 21.017392 0.399497494
v 12.5983498 21.0270299 0.376787864
v 12.5669997 20.9607366 0.120000005
v 12.6252728 20.9996733 0.190000005
v 12.5892998 20.975637 0.125328422
v 12.608205 20.988269 0.140502527
v 12.620837 20.9967094 0.163212158
v 12.5669997 20.9607365 0.420000017
v 12.6252728 20.9996733 0.350000016
v 12.5892998 20.975637 0.4146716
v 12.608205 20.988269 0.399497494
v 12.620837 20.9967094 0.376787864
v 12.5831399 20.9338082 0.120000005
v 12.6449489 20.9668457 0.190000005
v 12.6067932 20.9464511 0.125328422
v 12.6268455 20.9571692 0.140502527
v 12.640244 20.9643309 0.163212158
v 12.58314 20.9338079 0.420000017
v 12.6449489 20.9668457 0.350000016
v 12.6067933 20.9464509 0.4146716
v 12.6268455 20.9571692 0.399497494
v 12.640244 20.9643308 0.376787864
v 12.5965631 20.9054273 0.120000005
v 12.6613126 20.9322475 0.190000005
v 12.6213416 20.9156909 0.125328422
v 12.6423479 20.924392 0.140502527
v 12.6563838 20.9302059 0.163212158
v 12.5965631 20.9054273 0.420000017
v 12.6613126 20.9322475 0.350000016
v 12.6213416 20.9156909 0.4146716
v 12.6423479 20.924392 0.399497494
v 12.6563838 20.9302059 0.376787864
v 12.6071398 20.8758675 0.120000005
v 12.6742064 20.896212 0.190000005
v 12.632805 20.883653 0.125328422
v 12.654563 20.8902532 0.140502527
v 12.6691012 20.8946633 0.163212158
v 12.6071398 20.8758675 0.420000017
v 12.6742064 20.896212 0.350000016
v 12.632805 20.883653 0.4146716
v 12.654563 20.8902532 0.399497494
v 12.6691012 20.8946633 0.376787864
v 12.6147681 20.8454135 0.120000005
v 12.6835059 20.8590862 0.190000005
v 12.6410729 20.8506458 0.125328422
v 12.663373 20.8550815 0.140502527
v 12.6782735 20.8580454 0.163212158
v 12.6147681 20.8454135 0.420000017
v 12.6835059 20.8590862 0.350000016
v 12.6410729 20.8506458 0.4146716
v 12.663373 20.8550815 0.399497494
v 12.6782735 20.8580454 0.376787864
v 12.6193747 20.8143581 0.120000005
v 12.6891217 20.8212276 0.190000005
v 12.6460657 20.8169869 0.125328422
v 12.6686932 20.8192156 0.140502527
v 12.6838125 20.8207047 0.163212158
v 12.6193747 20.8143581 0.420000017
v 12.6891217 20.8212276 0.350000016
v 12.6460657 20.8169869 0.4146716
v 12.6686932 20.8192156 0.399497494
v 12.6838125 20.8207047 0.376787864
v 12.6209152 20.7830009 0.120000005
v 12.6909996 20.7830009 0.190000005
v 12.6477353 20.7830009 0.125328422
v 12.6704724 20.7830009 0.140502527
v 12.6856647 20.7830009 0.163212158
v 12.6209152 20.7830009 0.420000017
v 12.6909996 20.7830009 0.350000016
v 12.6477353 20.7830009 0.4146716
v 12.6704724 20.7830009 0.399497494
v 12.6856647 20.7830009 0.376787864
v 12.6193747 20.7516438 0.120000005
v 12.6891217 20.7447743 0.190000005
v 12.6460657 20.749015 0.125328422
v 12.6686932 20.7467863 0.140502527
v 12.6838125 20.7452972 0.163212158
v 12.6193747 20.7516438 0.420000017
v 12.6891217 20.7447743 0.350000016
v 12.6460657 20.749015 0.4146716
v 12.6686932 20.7467863 0.399497494
v 12.6838125 20.7452972 0.376787864
v 12.6147681 20.7205884 0.120000005
v 12.6835059 20.7069157 0.190000005
v 12.6410729 20.7153561 0.125328422
v 12.663373 20.7109204 0.140502527
v 12.6782735 20.7079565 0.163212158
v 12.6147681 20.7205884 0.420000017
v 12.6835059 20.7069157 0.350000016
v 12.6410729 20.7153561 0.4146716
v 12.663373 20.7109204 0.399497494
v 12.6782735 20.7079565 0.376787864
v 12.6071398 20.6901344 0.120000005
v 12.6742064 20.6697899 0.190000005
v 12.632805 20.6823489 0.125328422
v 12.654563 20.6757487 0.140502527
v 12.6691012 20.6713385 0.163212158
v 12.6071398 20.6901344 0.420000017
v 12.6742064 20.6697899 0.350000016
v 12.632805 20.6823489 0.4146716
v 12.654563 20.6757487 0.399497494
v 12.6691012 20.6713385 0.376787864
v 12.5965631 20.6605746 0.120000005
v 12.6613126 20.6337544 0.190000005
v 12.6213416 20.6503109 0.125328422
v 12.6423479 20.6416099 0.140502527
v 12.6563838 20.635796 0.163212158
v 12.5965631 20.6605746 0.420000017
v 12.6613126 20.6337544 0.350000016
v 12.6213416 20.6503109 0.4146716
v 12.6423479 20.6416099 0.399497494
v 12.6563838 20.635796 0.376787864
v 12.5831399 20.6321937 0.120000005
v 12.6449489 20.5991562 0.190000005
v 12.6067932 20.6195508 0.125328422
v 12.6268455 20.6088327 0.140502527
v 12.640244 20.601671 0.163212158
v 12.58314 20.632194 0.420000017
v 12.6449489 20.5991562 0.350000016
v 12.6067933 20.6195509 0.4146716
v 12.6268455 20.6088327 0.399497494
v 12.640244 20.6016711 0.376787864
v 12.5669997 20.6052653 0.120000005
v 12.6252728 20.5663286 0.190000005
v 12.5892998 20.5903649 0.125328422
v 12.608205 20.5777329 0.140502527
v 12.620837 20.5692925 0.163212158
v 12.5669997 20.6052654 0.420000017
v 12.6252728 20.5663286 0.350000016
v 12.5892998 20.5903649 0.4146716
v 12.608205 20.5777329 0.399497494
v 12.620837 20.5692925 0.376787864
v 12.5482977 20.5800486 0.120000005
v 12.6024737 20.5355875 0.190000005
v 12.5690299 20.5630341 0.125328422
v 12.5866059 20.5486099 0.140502527
v 12.5983498 20.538972 0.163212158
v 12.5482976 20.5800485 0.420000017
v 12.6024737 20.5355875 0.350000016
v 12.5690299 20.5630341 0.4146716
v 12.5866059 20.5486099 0.399497494
v 12.5983498 20.5389719 0.376787864
v 12.5272141 20.5567865 0.120000005
v 12.5767713 20.5072293 0.190000005
v 12.5461788 20.5378218 0.125328422
v 12.5622563 20.5217443 0.140502527
v 12.572999 20.5110016 0.163212158
v 12.5272141 20.5567865 0.420000017
v 12.5767713 20.5072293 0.350000016
v 12.5461788 20.5378218 0.4146716
v 12.5622563 20.5217443 0.399497494
v 12.572999 20.5110016 0.376787864
v 12.503952 20.5357029 0.120000005
v 12.548413 20.4815269 0.190000005
v 12.5209665 20.5149707 0.125328422
v 12.5353907 20.4973947 0.140502527
v 12.5450286 20.4856508 0.163212158
v 12.503952 20.535703 0.420000017
v 12.548413 20.4815269 0.350000016
v 12.5209665 20.5149707 0.4146716
v 12.5353907 20.4973947 0.399497494
v 12.5450286 20.4856508 0.376787864
v 12.4787353 20.5170009 0.120000005
v 12.517672 20.4587278 0.190000005
v 12.4936357 20.4947008 0.125328422
v 12.5062677 20.4757956 0.140502527
v 12.5147081 20.4631636 0.163212158
v 12.4787352 20.5170009 0.420000017
v 12.517672 20.4587278 0.350000016
v 12.4936357 20.4947008 0.4146716
v 12.5062677 20.4757956 0.399497494
v 12.5147081 20.4631636 0.376787864
v 12.4518069 20.5008607 0.120000005
v 12.4848444 20.4390517 0.190000005
v 12.4644498 20.4772074 0.125328422
v 12.4751679 20.4571551 0.140502527
v 12.4823295 20.4437566 0.163212158
v 12.4518066 20.5008605 0.420000017
v 12.4848444 20.4390517 0.350000016
v 12.4644496 20.4772073 0.4146716
v 12.4751679 20.457155 0.399497494
v 12.4823295 20.4437566 0.376787864
v 12.423426 20.4874375 0.120000005
v 12.4502462 20.4226879 0.190000005
v 12.4336896 20.462659 0.125328422
v 12.4423907 20.4416527 0.140502527
v 12.4482046 20.4276167 0.163212158
v 12.423426 20.4874375 0.420000017
v 12.4502462 20.4226879 0.350000016
v 12.4336896 20.462659 0.4146716
v 12.4423907 20.4416527 0.399497494
v 12.4482046 20.4276167 0.376787864
v 12.3938662 20.4768608 0.120000005
v 12.4142107 20.4097942 0.190000005
v 12.4016517 20.4511955 0.125328422
v 12.4082519 20.4294376 0.140502527
v 12.412662 20.4148993 0.163212158
v 12.3938662 20.4768608 0.420000017
v 12.4142107 20.4097942 0.350000016
v 12.4016517 20.4511955 0.4146716
v 12.4082519 20.4294376 0.399497494
v 12.412662 20.4148993 0.376787864
v 12.3634122 20.4692325 0.120000005
v 12.3770849 20.4004947 0.190000005
v 12.3686445 20.4429277 0.125328422
v 12.3730802 20.4206276 0.140502527
v 12.3760441 20.4057271 0.163212158
v 12.3634121 20.4692325 0.420000017
v 12.3770849 20.4004947 0.350000016
v 12.3686445 20.4429277 0.4146716
v 12.3730802 20.4206276 0.399497494
v 12.3760441 20.4057271 0.376787864
v 12.3323568 20.4646259 0.120000005
v 12.3392263 20.3948789 0.190000005
v 12.3349856 20.4379349 0.125328422
v 12.3372143 20.4153073 0.140502527
v 12.3387034 20.4001881 0.163212158
v 12.3323568 20.4646259 0.420000017
v 12.3392263 20.3948789 0.350000016
v 12.3349856 20.4379349 0.4146716
v 12.3372143 20.4153073 0.399497494
v 12.3387034 20.4001881 0.376787864
v 12.3009996 20.4630854 0.120000005
v 12.3009996 20.393001 0.190000005
v 12.3009996 20.4362653 0.125328422
v 12.3009996 20.4135282 0.140502527
v 12.3009996 20.3983358 0.163212158
v 12.3009996 20.4630854 0.420000017
v 12.3009996 20.393001 0.350000016
v 12.3009996 20.4362653 0.4146716
v 12.3009996 20.4135282 0.399497494
v 12.3009996 20.3983358 0.376787864
v 12.2696425 20.4646259 0.120000005
v 12.262773 20.3948789 0.190000005
v 12.2670137 20.4379349 0.125328422
v 12.264785 20.4153073 0.140502527
v 12.2632959 20.4001881 0.163212158
v 12.2696425 20.4646259 0.420000017
v 12.262773 20.3948789 0.350000016
v 12.2670137 20.4379349 0.4146716
v 12.264785 20.4153073 0.399497494
v 12.2632959 20.4001881 0.376787864
v 12.2385871 20.4692325 0.120000005
v 12.2249144 20.4004947 0.190000005
v 12.2333548 20.4429277 0.125328422
v 12.2289191 20.4206276 0.140502527
v 12.2259552 20.4057271 0.163212158
v 12.2385871 20.4692325 0.420000017
v 12.2249144 20.4004947 0.350000016
v 12.2333548 20.4429277 0.4146716
v 12.2289191 20.4206276 0.399497494
v 12.2259552 20.4057271 0.376787864
v 12.2081331 20.4768608 0.120000005
v 12.1877886 20.4097942 0.190000005
v 12.2003476 20.4511955 0.125328422
v 12.1937474 20.4294376 0.140502527
v 12.1893372 20.4148993 0.163212158
v 12.208133 20.4768608 0.420000017
v 12.1877886 20.4097942 0.350000016
v 12.2003476 20.4511955 0.4146716
v 12.1937474 20.4294376 0.399497494
v 12.1893372 20.4148993 0.376787864
v 12.1785733 20.4874375 0.120000005
v 12.1517531 20.4226879 0.190000005
v 12.1683096 20.462659 0.125328422
v 12.1596086 20.4416527 0.140502527
v 12.1537947 20.4276167 0.163212158
v 12.1785733 20.4874375 0.420000017
v 12.1517531 20.4226879 0.350000016
v 12.1683096 20.462659 0.4146716
v 12.1596086 20.4416527 0.399497494
v 12.1537947 20.4276167 0.376787864
v 12.1501924 20.5008607 0.120000005
v 12.1171549 20.4390517 0.190000005
v 12.1375495 20.4772074 0.125328422
v 12.1268314 20.4571551 0.140502527
v 12.1196697 20.4437566 0.163212158
v 12.1501926 20.5008605 0.420000017
v 12.1171549 20.4390517 0.350000016
v 12.1375496 20.4772073 0.4146716
v 12.1268314 20.457155 0.399497494
v 12.1196698 20.4437566 0.376787864
v 12.123264 20.5170009 0.120000005
v 12.0843273 20.4587278 0.190000005
v 12.1083636 20.4947008 0.125328422
v 12.0957316 20.4757956 0.140502527
v 12.0872912 20.4631636 0.163212158
v 12.1232641 20.5170009 0.420000017
v 12.0843273 20.4587278 0.350000016
v 12.1083636 20.4947008 0.4146716
v 12.0957316 20.4757956 0.399497494
v 12.0872912 20.4631636 0.376787864
v 12.0980473 20.5357029 0.120000005
v 12.0535862 20.4815269 0.190000005
v 12.0810328 20.5149707 0.125328422
v 12.0666086 20.4973947 0.140502527
v 12.0569707 20.4856508 0.163212158
v 12.0980472 20.5357029 0.420000017
v 12.0535862 20.4815269 0.350000016
v 12.0810328 20.5149707 0.4146716
v 12.0666085 20.4973947 0.399497494
v 12.0569706 20.4856508 0.376787864
v 12.0747852 20.5567865 0.120000005
v 12.025228 20.5072293 0.190000005
v 12.0558205 20.5378218 0.125328422
v 12.039743 20.5217443 0.140502527
v 12.0290003 20.5110016 0.163212158
v 12.0747852 20.5567865 0.420000017
v 12.025228 20.5072293 0.350000016
v 12.0558205 20.5378218 0.4146716
v 12.039743 20.5217443 0.399497494
v 12.0290003 20.5110016 0.376787864
v 12.0537016 20.5800486 0.120000005
v 11.9995256 20.5355875 0.190000005
v 12.0329694 20.5630341 0.125328422
v 12.0153934 20.5486099 0.140502527
v 12.0036495 20.538972 0.163212158
v 12.0537017 20.5800485 0.420000017
v 11.9995256 20.5355875 0.350000016
v 12.0329694 20.5630341 0.4146716
v 12.0153934 20.5486099 0.399497494
v 12.0036495 20.538972 0.376787864
v 12.0349996 20.6052653 0.120000005
v 11.9767265 20.5663286 0.190000005
v 12.0126995 20.5903649 0.125328422
v 11.9937943 20.5777329 0.140502527
v 11.9811623 20.5692925 0.163212158
v 12.0349996 20.6052654 0.420000017
v 11.9767265 20.5663286 0.350000016
v 12.0126995 20.5903649 0.4146716
v 11.9937943 20.5777329 0.399497494
v 11.9811623 20.5692925 0.376787864
v 12.0188594 20.6321937 0.120000005
v 11.9570504 20.5991562 0.190000005
v 11.9952061 20.6195508 0.125328422
v 11.9751538 20.6088327 0.140502527
v 11.9617553 20.601671 0.163212158
v 12.0188592 20.632194 0.420000017
v 11.9570504 20.5991562 0.350000016
v 11.995206 20.6195509 0.4146716
v 11.9751537 20.6088327 0.399497494
v 11.9617553 20.6016711 0.376787864
v 12.0054362 20.6605746 0.120000005
v 11.9406866 20.6337544 0.190000005
v 11.9806577 20.6503109 0.125328422
v 11.9596514 20.6416099 0.140502527
v 11.9456154 20.635796 0.163212158
v 12.0054362 20.6605746 0.420000017
v 11.9406866 20.6337544 0.350000016
v 11.9806577 20.6503109 0.4146716
v 11.9596514 20.6416099 0.399497494
v 11.9456154 20.635796 0.376787864
v 11.9948595 20.6901344 0.120000005
v 11.9277929 20.6697899 0.190000005
v 11.9691942 20.6823489 0.125328422
v 11.9474363 20.6757487 0.140502527
v 11.932898 20.6713385 0.163212158
v 11.9948595 20.6901344 0.420000017
v 11.9277929 20.6697899 0.350000016
v 11.9691942 20.6823489 0.4146716
v 11.9474363 20.6757487 0.399497494
v 11.932898 20.6713385 0.376787864
v 11.9872312 20.7205884 0.120000005
v 11.9184934 20.7069157 0.190000005
v 11.9609264 20.7153561 0.125328422
v 11.9386263 20.7109204 0.140502527
v 11.9237258 20.7079565 0.163212158
v 11.9872312 20.7205884 0.420000017
v 11.9184934 20.7069157 0.350000016
v 11.9609264 20.7153561 0.4146716
v 11.9386263 20.7109204 0.399497494
v 11.9237258 20.7079565 0.376787864
v 11.9826246 20.7516438 0.120000005
v 11.9128776 20.7447743 0.190000005
v 11.9559336 20.749015 0.125328422
v 11.933306 20.7467863 0.140502527
v 11.9181868 20.7452972 0.163212158
v 11.9826246 20.7516438 0.420000017
v 11.9128776 20.7447743 0.350000016
v 11.9559336 20.749015 0.4146716
v 11.933306 20.7467863 0.399497494
v 11.9181868 20.7452972 0.376787864
v 11.9810841 20.7830009 0.120000005
v 11.9109997 20.7830009 0.190000005
v 11.954264 20.7830009 0.125328422
v 11.9315269 20.7830009 0.140502527
v 11.9163345 20.7830009 0.163212158
v 11.9810841 20.7830009 0.420000017
v 11.9109997 20.7830009 0.350000016
v 11.954264 20.7830009 0.4146716
v 11.9315269 20.7830009 0.399497494
v 11.9163345 20.7830009 0.376787864
v 11.9826246 20.8143581 0.120000005
v 11.9128776 20.8212276 0.190000005
v 11.9559336 20.8169869 0.125328422
v 11.933306 20.8192156 0.140502527
v 11.9181868 20.8207047 0.163212158
v 11.9826246 20.8143581 0.420000017
v 11.9128776 20.8212276 0.350000016
v 11.9559336 20.8169869 0.4146716
v 11.933306 20.8192156 0.399497494
v 11.9181868 20.8207047 0.376787864
v 11.9872312 20.8454135 0.120000005
v 11.9184934 20.8590862 0.190000005
v 11.9609264 20.8506458 0.125328422
v 11.9386263 20.8550815 0.140502527
v 11.9237258 20.8580454 0.163212158
v 11.9872312 20.8454135 0.420000017
v 11.9184934 20.8590862 0.350000016
v 11.9609264 20.8506458 0.4146716
v 11.9386263 20.8550815 0.399497494
v 11.9237258 20.8580454 0.376787864
v 11.9948595 20.8758675 0.120000005
v 11.9277929 20.896212 0.190000005
v 11.9691942 20.883653 0.125328422
v 11.9474363 20.8902532 0.140502527
v 11.932898 20.8946633 0.163212158
v 11.9948595 20.8758675 0.420000017
v 11.9277929 20.896212 0.350000016
v 11.9691942 20.883653 0.4146716
v 11.9474363 20.8902532 0.399497494
v 11.932898 20.8946633 0.376787864
v 12.0054362 20.9054273 0.120000005
v 11.9406866 20.9322475 0.190000005
v 11.9806577 20.9156909 0.125328422
v 11.9596514 20.924392 0.140502527
v 11.9456154 20.9302059 0.163212158
v 12.0054362 20.9054273 0.420000017
v 11.9406866 20.9322475 0.350000016
v 11.9806577 20.9156909 0.4146716
v 11.9596514 20.924392 0.399497494
v 11.9456154 20.9302059 0.376787864
v 12.0188594 20.9338082 0.120000005
v 11.9570504 20.9668457 0.190000005
v 11.9952061 20.9464511 0.125328422
v 11.9751538 20.9571692 0.140502527
v 11.9617553 20.9643309 0.163212158
v 12.0188592 20.9338079 0.420000017
v 11.9570504 20.9668457 0.350000016
v 11.995206 20.9464509 0.4146716
v 11.9751537 20.9571692 0.399497494
v 11.9617553 20.9643308 0.376787864
v 12.0349996 20.9607366 0.120000005
v 11.9767265 20.9996733 0.190000005
v 12.0126995 20.975637 0.125328422
v 11.9937943 20.988269 0.140502527
v 11.9811623 20.9967094 0.163212158
v 12.0349996 20.9607365 0.420000017
v 11.9767265 20.9996733 0.350000016
v 12.0126995 20.975637 0.4146716
v 11.9937943 20.988269 0.399497494
v 11.9811623 20.9967094 0.376787864
v 12.0537016 20.9859533 0.120000005
v 11.9995256 21.0304143 0.190000005
v 12.0329694 21.0029678 0.125328422
v 12.0153934 21.017392 0.140502527
v 12.0036495 21.0270299 0.163212158
v 12.0537016 20.9859533 0.420000017
v 11.9995256 21.0304143 0.350000016
v 12.0329694 21.0029678 0.4146716
v 12.0153934 21.017392 0.399497494
v 12.0036495 21.02703 0.376787864
v 12.0747852 21.0092154 0.120000005
v 12.025228 21.0587726 0.190000005
v 12.0558205 21.0281801 0.125328422
v 12.039743 21.0442576 0.140502527
v 12.0290003 21.0550003 0.163212158
v 12.0747852 21.0092154 0.420000017
v 12.025228 21.0587726 0.350000016
v 12.0558205 21.0281801 0.4146716
v 12.039743 21.0442576 0.399497494
v 12.0290003 21.0550003 0.376787864
v 12.0980473 21.030299 0.120000005
v 12.0535862 21.084475 0.190000005
v 12.0810328 21.0510312 0.125328422
v 12.0666086 21.0686072 0.140502527
v 12.0569707 21.0803511 0.163212158
v 12.0980472 21.0302989 0.420000017
v 12.0535862 21.084475 0.350000016
v 12.0810328 21.0510312 0.4146716
v 12.0666086 21.0686072 0.399497494
v 12.0569707 21.0803511 0.376787864
v 12.123264 21.049001 0.120000005
v 12.0843273 21.1072741 0.190000005
v 12.1083636 21.0713011 0.125328422
v 12.0957316 21.0902063 0.140502527
v 12.0872912 21.1028383 0.163212158
v 12.1232641 21.049001 0.420000017
v 12.0843273 21.1072741 0.350000016
v 12.1083636 21.0713011 0.4146716
v 12.0957316 21.0902063 0.399497494
v 12.0872912 21.1028383 0.376787864
v 12.1501924 21.0651412 0.120000005
v 12.1171549 21.1269502 0.190000005
v 12.1375495 21.0887945 0.125328422
v 12.1268314 21.1088468 0.140502527
v 12.1196697 21.1222453 0.163212158
v 12.1501926 21.0651414 0.420000017
v 12.1171549 21.1269502 0.350000016
v 12.1375496 21.0887946 0.4146716
v 12.1268314 21.1088468 0.399497494
v 12.1196698 21.1222453 0.376787864
v 12.1785733 21.0785644 0.120000005
v 12.1517531 21.1433139 0.190000005
v 12.1683096 21.1033429 0.125328422
v 12.1596086 21.1243492 0.140502527
v 12.1537947 21.1383851 0.163212158
v 12.1785733 21.0785644 0.420000017
v 12.1517531 21.1433139 0.350000016
v 12.1683096 21.1033429 0.4146716
v 12.1596086 21.1243492 0.399497494
v 12.1537947 21.1383851 0.376787864
v 12.2081331 21.0891411 0.120000005
v 12.1877886 21.1562077 0.190000005
v 12.2003476 21.1148064 0.125328422
v 12.1937474 21.1365643 0.140502527
v 12.1893372 21.1511025 0.163212158
v 12.208133 21.0891411 0.420000017
v 12.1877886 21.1562077 0.350000016
v 12.2003476 21.1148064 0.4146716
v 12.1937474 21.1365643 0.399497494
v 12.1893372 21.1511025 0.376787864
v 12.2385871 21.0967694 0.120000005
v 12.2249144 21.1655072 0.190000005
v 12.2333548 21.1230742 0.125328422
v 12.2289191 21.1453743 0.140502527
v 12.2259552 21.1602748 0.163212158
v 12.2385871 21.0967694 0.420000017
v 12.2249144 21.1655072 0.350000016
v 12.2333548 21.1230742 0.4146716
v 12.2289191 21.1453743 0.399497494
v 12.2259552 21.1602748 0.376787864
v 12.2696425 21.101376 0.120000005
v 12.262773 21.171123 0.190000005
v 12.2670137 21.128067 0.125328422
v 12.264785 21.1506945 0.140502527
v 12.2632959 21.1658138 0.163212158
v 12.2696425 21.101376 0.420000017
v 12.262773 21.171123 0.350000016
v 12.2670137 21.128067 0.4146716
v 12.264785 21.1506945 0.399497494
v 12.2632959 21.1658138 0.376787864
v 12.1135969 21.0289898 0.29424125
v 12.1096478 20.9942074 0.29424125
v 12.0949268 21.0134945 0.270000011
v 12.1184464 21.0172901 0.29424125
v 12.1110954 21.0269203 0.28213653
v 12.1157074 21.015686 0.282648802
v 12.1076736 20.9967842 0.28213653
v 12.1169968 21.0045223 0.29424125
v 12.114687 21.0066986 0.282648802
v 12.1042423 21.0212326 0.27323854
v 12.1022701 21.0038643 0.27323854
v 12.1108828 21.0116825 0.276384354
v 12.1096468 20.9942074 0.29424125
v 12.0933561 21.012188 0.270000011
v 12.1074648 20.9966164 0.282120645
v 12.1015024 21.0031967 0.273247749
v 12.0923901 20.9771824 0.29424125
v 12.0746298 20.9937134 0.270000011
v 12.0900106 20.9793968 0.282120645
v 12.0835104 20.9854469 0.273247749
v 12.076643 20.9587517 0.29424125
v 12.0575428 20.9737148 0.270000011
v 12.0740843 20.9607563 0.282120645
v 12.0670948 20.9662323 0.273247749
v 12.0625181 20.9390488 0.29424125
v 12.0422153 20.9523335 0.270000011
v 12.0597973 20.9408283 0.282120645
v 12.0523672 20.9456902 0.273247749
v 12.0501194 20.9182186 0.29424125
v 12.0287609 20.9297295 0.270000011
v 12.0472593 20.9197598 0.282120645
v 12.0394411 20.9239731 0.273247749
v 12.0395365 20.8964081 0.29424125
v 12.0172768 20.9060631 0.270000011
v 12.0365543 20.8977013 0.282120645
v 12.0284061 20.9012356 0.273247749
v 12.0308437 20.8737793 0.29424125
v 12.007844 20.8815079 0.270000011
v 12.0277634 20.874815 0.282120645
v 12.0193443 20.8776436 0.273247749
v 12.024107 20.8504925 0.29424125
v 12.0005341 20.8562374 0.270000011
v 12.0209484 20.8512611 0.282120645
v 12.0123205 20.8533649 0.273247749
v 12.0193729 20.8267174 0.29424125
v 11.9953966 20.8304386 0.270000011
v 12.016161 20.8272152 0.282120645
v 12.0073853 20.828577 0.273247749
v 12.0166769 20.8026257 0.29424125
v 11.9924717 20.8042965 0.270000011
v 12.0134335 20.8028488 0.282120645
v 12.0045738 20.8034611 0.273247749
v 12.016037 20.7783928 0.29424125
v 11.9917774 20.7779999 0.270000011
v 12.0127869 20.7783394 0.282120645
v 12.0039072 20.7781963 0.273247749
v 12.0174599 20.7541924 0.29424125
v 11.9933214 20.7517395 0.270000011
v 12.014225 20.7538643 0.282120645
v 12.0053892 20.7529659 0.273247749
v 12.0209332 20.7301998 0.29424125
v 11.9970903 20.7257042 0.270000011
v 12.0177383 20.7295971 0.282120645
v 12.0090122 20.727953 0.273247749
v 12.0264339 20.7065907 0.29424125
v 12.0030594 20.7000847 0.270000011
v 12.0233021 20.705719 0.282120645
v 12.0147476 20.7033386 0.273247749
v 12.0339203 20.6835346 0.29424125
v 12.0111828 20.675066 0.270000011
v 12.0308743 20.6823997 0.282120645
v 12.0225515 20.6793003 0.273247749
v 12.0433397 20.6611977 0.29424125
v 12.0214043 20.6508274 0.270000011
v 12.0404005 20.6598072 0.282120645
v 12.0323715 20.6560116 0.273247749
v 12.0546227 20.63974 0.29424125
v 12.0336475 20.6275444 0.270000011
v 12.0518122 20.6381054 0.282120645
v 12.0441341 20.6336422 0.273247749
v 12.067688 20.6193218 0.29424125
v 12.0478258 20.6053867 0.270000011
v 12.0650272 20.6174545 0.282120645
v 12.0577564 20.6123543 0.273247749
v 12.0824423 20.6000862 0.29424125
v 12.0638361 20.5845146 0.270000011
v 12.0799503 20.5979996 0.282120645
v 12.0731392 20.5923004 0.273247749
v 12.0987768 20.5821743 0.29424125
v 12.0815611 20.5650768 0.270000011
v 12.0964699 20.5798836 0.282120645
v 12.090169 20.5736256 0.273247749
v 12.1165752 20.5657158 0.29424125
v 12.1008749 20.5472183 0.270000011
v 12.1144714 20.5632362 0.282120645
v 12.1087246 20.5564671 0.273247749
v 12.1357079 20.5508289 0.29424125
v 12.1216364 20.5310631 0.270000011
v 12.1338234 20.5481815 0.282120645
v 12.1286726 20.540947 0.273247749
v 12.1560364 20.5376225 0.29424125
v 12.1436949 20.5167332 0.270000011
v 12.1543837 20.5348244 0.282120645
v 12.1498661 20.5271778 0.273247749
v 12.177413 20.5261898 0.29424125
v 12.1668911 20.5043259 0.270000011
v 12.1760035 20.523262 0.282120645
v 12.1721535 20.5152588 0.273247749
v 12.1996851 20.5166168 0.29424125
v 12.1910601 20.4939384 0.270000011
v 12.1985292 20.5135784 0.282120645
v 12.1953726 20.5052776 0.273247749
v 12.2226887 20.5089703 0.29424125
v 12.2160215 20.4856415 0.270000011
v 12.221796 20.505846 0.282120645
v 12.2193556 20.4973068 0.273247749
v 12.2462597 20.5033054 0.29424125
v 12.2415991 20.4794941 0.270000011
v 12.245635 20.5001144 0.282120645
v 12.2439299 20.4913998 0.273247749
v 12.2702274 20.4996662 0.29424125
v 12.2676077 20.475544 0.270000011
v 12.2698765 20.4964371 0.282120645
v 12.268918 20.487606 0.273247749
v 12.2944164 20.4980755 0.29424125
v 12.2938557 20.4738178 0.270000011
v 12.2943411 20.4948273 0.282120645
v 12.294136 20.4859467 0.273247749
v 12.3186541 20.4985466 0.29424125
v 12.3201571 20.4743309 0.270000011
v 12.3188553 20.4953022 0.282120645
v 12.3194056 20.4864388 0.273247749
v 12.3427639 20.5010757 0.29424125
v 12.3463192 20.4770737 0.270000011
v 12.3432407 20.49786 0.282120645
v 12.3445415 20.4890747 0.273247749
v 12.3427639 20.5010757 0.29424125
v 12.3721476 20.4820557 0.29424125
v 12.3483248 20.4774609 0.270000011
v 12.3554001 20.5002117 0.29424125
v 12.343504 20.4979172 0.28213653
v 12.3556156 20.4970455 0.282648802
v 12.3689623 20.4814377 0.28213653
v 12.3661852 20.4932308 0.29424125
v 12.3632088 20.4921303 0.282648802
v 12.3455458 20.4892502 0.27323854
v 12.360218 20.4797516 0.27323854
v 12.3570528 20.4909439 0.276384354
v 12.0763178 21.0779228 0.29424125
v 12.0576735 21.0623951 0.270000011
v 12.0429869 21.0817089 0.29424125
v 12.0738268 21.0758438 0.28213653
v 12.066494 21.0854893 0.29424125
v 12.0643835 21.0830612 0.282648802
v 12.0503397 21.0720348 0.27323854
v 12.0669832 21.0701447 0.27323854
v 12.0595655 21.0790482 0.276384354
v 12.0542593 21.0868778 0.29424125
v 12.0449495 21.0791245 0.28213653
v 12.0557709 21.0840397 0.282648802
v 12.0520821 21.0577469 0.270000011
v 12.0357914 21.0757275 0.29424125
v 12.0439358 21.0667381 0.273247749
v 12.0379734 21.0733185 0.282120645
v 12.0296335 21.0355988 0.270000011
v 12.0118742 21.0521297 0.29424125
v 12.0207539 21.0438652 0.273247749
v 12.0142517 21.0499153 0.282120645
v 12.0091486 21.0116234 0.270000011
v 11.9900484 21.0265865 0.29424125
v 11.9995995 21.019104 0.273247749
v 11.992609 21.02458 0.282120645
v 11.9907761 20.9859943 0.270000011
v 11.9704733 20.999279 0.29424125
v 11.9806242 20.9926376 0.273247749
v 11.9731932 20.9974995 0.282120645
v 11.9746475 20.9588966 0.270000011
v 11.953289 20.9704075 0.29424125
v 11.9639673 20.964653 0.273247749
v 11.9561491 20.9688663 0.282120645
v 11.9608803 20.9305267 0.270000011
v 11.9386206 20.9401817 0.29424125
v 11.9497509 20.9353542 0.273247749
v 11.9416027 20.9388885 0.282120645
v 11.9495735 20.9010887 0.270000011
v 11.9265738 20.9088173 0.29424125
v 11.9380751 20.904953 0.273247749
v 11.929656 20.9077816 0.282120645
v 11.9408083 20.8707962 0.270000011
v 11.9172354 20.8765411 0.29424125
v 11.9290218 20.8736687 0.273247749
v 11.920393 20.8757706 0.282120645
v 11.9346514 20.8398685 0.270000011
v 11.910675 20.8435898 0.29424125
v 11.9226627 20.8417301 0.273247749
v 11.913887 20.843092 0.282120645
v 11.9311428 20.8085289 0.270000011
v 11.9069376 20.8101997 0.29424125
v 11.9190407 20.8093643 0.273247749
v 11.910181 20.8099766 0.282120645
v 11.9303112 20.7770061 0.270000011
v 11.9060516 20.7766132 0.29424125
v 11.9181814 20.7768097 0.273247749
v 11.9093018 20.7766666 0.282120645
v 11.9321613 20.7455254 0.270000011
v 11.9080229 20.7430725 0.29424125
v 11.9200916 20.7442989 0.273247749
v 11.9112568 20.7434006 0.282120645
v 11.9366808 20.7143173 0.270000011
v 11.912838 20.7098217 0.29424125
v 11.9247589 20.7120705 0.273247749
v 11.9160328 20.7104244 0.282120645
v 11.9438353 20.6836052 0.270000011
v 11.9204607 20.6770992 0.29424125
v 11.932148 20.6803513 0.273247749
v 11.9235916 20.6779709 0.282120645
v 11.9535742 20.6536121 0.270000011
v 11.9308367 20.6451435 0.29424125
v 11.9422054 20.6493778 0.273247749
v 11.9338827 20.6462784 0.282120645
v 11.965827 20.6245556 0.270000011
v 11.9438915 20.6141853 0.29424125
v 11.9548588 20.6193695 0.273247749
v 11.9468288 20.6155739 0.282120645
v 11.980505 20.5966434 0.270000011
v 11.9595299 20.5844479 0.29424125
v 11.9700184 20.5905457 0.273247749
v 11.9623394 20.5860825 0.282120645
v 11.9975004 20.5700817 0.270000011
v 11.9776382 20.5561466 0.29424125
v 11.9875698 20.5631142 0.273247749
v 11.980299 20.5580139 0.282120645
v 12.0166931 20.5450592 0.270000011
v 11.9980869 20.5294876 0.29424125
v 12.00739 20.5372734 0.273247749
v 12.0005798 20.5315742 0.282120645
v 12.0379419 20.5217609 0.270000011
v 12.0207262 20.5046635 0.29424125
v 12.0293341 20.5132122 0.273247749
v 12.0230331 20.5069542 0.282120645
v 12.0610943 20.500349 0.270000011
v 12.0453939 20.4818516 0.29424125
v 12.0532436 20.4911003 0.273247749
v 12.0474968 20.4843292 0.282120645
v 12.0859823 20.4809837 0.270000011
v 12.0719109 20.4612179 0.29424125
v 12.0789461 20.4710999 0.273247749
v 12.0737953 20.4638653 0.282120645
v 12.1124268 20.4638042 0.270000011
v 12.1000853 20.442915 0.29424125
v 12.1062565 20.4533596 0.273247749
v 12.101738 20.445713 0.282120645
v 12.1402349 20.4489346 0.270000011
v 12.1297131 20.4270706 0.29424125
v 12.1349745 20.4380035 0.273247749
v 12.1311235 20.4300022 0.282120645
v 12.1692057 20.4364796 0.270000011
v 12.1605806 20.4138012 0.29424125
v 12.1648932 20.4251404 0.273247749
v 12.1617365 20.4168396 0.282120645
v 12.199131 20.4265327 0.270000011
v 12.1924639 20.403204 0.29424125
v 12.195797 20.4148674 0.273247749
v 12.1933565 20.4063282 0.282120645
v 12.2297926 20.4191666 0.270000011
v 12.225132 20.3953552 0.29424125
v 12.2274618 20.4072609 0.273247749
v 12.2257566 20.3985462 0.282120645
v 12.2609692 20.4144306 0.270000011
v 12.2583494 20.3903084 0.29424125
v 12.2596598 20.4023705 0.273247749
v 12.2587004 20.3935413 0.282120645
v 12.2924366 20.4123611 0.270000011
v 12.2918758 20.3881054 0.29424125
v 12.2921562 20.4002342 0.273247749
v 12.2919512 20.3913574 0.282120645
v 12.3239651 20.4129734 0.270000011
v 12.3254681 20.3887577 0.29424125
v 12.3247166 20.4008656 0.273247749
v 12.3252668 20.3920021 0.282120645
v 12.3553276 20.4162655 0.270000011
v 12.3588829 20.3922634 0.29424125
v 12.3571053 20.4042645 0.273247749
v 12.3584061 20.3954792 0.282120645
v 12.386302 20.4221859 0.29424125
v 12.3680725 20.3940277 0.29424125
v 12.3624678 20.417635 0.270000011
v 12.3859119 20.4097919 0.29424125
v 12.3831129 20.4215794 0.28213653
v 12.3826962 20.4097023 0.282648802
v 12.3673191 20.3971844 0.28213653
v 12.379221 20.399456 0.29424125
v 12.377985 20.4024258 0.282648802
v 12.3743649 20.4199104 0.27323854
v 12.365262 20.4058495 0.27323854
v 12.3765364 20.4085274 0.276384354
v 12.1096478 20.9942074 0.665758789
v 12.1135969 21.0289898 0.665758789
v 12.0949268 21.0134945 0.689999998
v 12.1169968 21.0045223 0.665758729
v 12.1076736 20.9967842 0.677863419
v 12.114687 21.0066986 0.677351177
v 12.1110954 21.0269203 0.677863419
v 12.1184464 21.0172901 0.665758729
v 12.1157074 21.015686 0.677351177
v 12.1022701 21.0038643 0.686761379
v 12.1042423 21.0212326 0.686761379
v 12.1108828 21.0116825 0.683615565
v 12.0933561 21.012188 0.689999998
v 12.1096468 20.9942074 0.665758789
v 12.1015024 21.0031967 0.686752319
v 12.1074648 20.9966164 0.677879393
v 12.0746298 20.9937134 0.689999998
v 12.0923901 20.9771824 0.665758789
v 12.0835104 20.9854469 0.686752319
v 12.0900106 20.9793968 0.677879393
v 12.0575428 20.9737148 0.689999998
v 12.076643 20.9587517 0.665758789
v 12.0670948 20.9662323 0.686752319
v 12.0740843 20.9607563 0.677879393
v 12.0422153 20.9523335 0.689999998
v 12.0625181 20.9390488 0.665758789
v 12.0523672 20.9456902 0.686752319
v 12.0597982 20.9408283 0.677879393
v 12.0287609 20.9297295 0.689999998
v 12.0501194 20.9182186 0.665758789
v 12.0394411 20.9239731 0.686752319
v 12.0472593 20.9197598 0.677879393
v 12.0172768 20.9060631 0.689999998
v 12.0395365 20.8964081 0.665758789
v 12.0284061 20.9012356 0.686752319
v 12.0365543 20.8977013 0.677879393
v 12.007844 20.8815079 0.689999998
v 12.0308437 20.8737793 0.665758789
v 12.0193443 20.8776436 0.686752319
v 12.0277634 20.874815 0.677879393
v 12.0005341 20.8562374 0.689999998
v 12.024107 20.8504925 0.665758789
v 12.0123205 20.8533649 0.686752319
v 12.0209484 20.8512611 0.677879393
v 11.9953966 20.8304386 0.689999998
v 12.0193729 20.8267174 0.665758789
v 12.0073853 20.828577 0.686752319
v 12.016161 20.8272152 0.677879393
v 11.9924717 20.8042965 0.689999998
v 12.0166769 20.8026257 0.665758789
v 12.0045738 20.8034611 0.686752319
v 12.0134335 20.8028488 0.677879393
v 11.9917774 20.7779999 0.689999998
v 12.016037 20.7783928 0.665758789
v 12.0039072 20.7781963 0.686752319
v 12.0127869 20.7783394 0.677879393
v 11.9933214 20.7517395 0.689999998
v 12.0174599 20.7541924 0.665758789
v 12.0053892 20.7529659 0.686752319
v 12.014225 20.7538643 0.677879393
v 11.9970903 20.7257042 0.689999998
v 12.0209332 20.7301998 0.665758789
v 12.0090122 20.727953 0.686752319
v 12.0177383 20.7295971 0.677879393
v 12.0030594 20.7000847 0.689999998
v 12.0264339 20.7065907 0.665758789
v 12.0147476 20.7033386 0.686752319
v 12.0233021 20.705719 0.677879393
v 12.0111828 20.675066 0.689999998
v 12.0339203 20.6835346 0.665758789
v 12.0225515 20.6793003 0.686752319
v 12.0308743 20.6823997 0.677879393
v 12.0214043 20.6508274 0.689999998
v 12.0433397 20.6611977 0.665758789
v 12.0323715 20.6560135 0.686752319
v 12.0404015 20.6598091 0.677879393
v 12.0336475 20.6275444 0.689999998
v 12.0546227 20.63974 0.665758789
v 12.0441341 20.6336422 0.686752319
v 12.0518131 20.6381073 0.677879393
v 12.0478258 20.6053867 0.689999998
v 12.067688 20.6193218 0.665758789
v 12.0577564 20.6123543 0.686752319
v 12.0650272 20.6174545 0.677879393
v 12.0638361 20.5845146 0.689999998
v 12.0824423 20.6000862 0.665758789
v 12.0731392 20.5923004 0.686752319
v 12.0799503 20.5979996 0.677879393
v 12.0815611 20.5650768 0.689999998
v 12.0987768 20.5821743 0.665758789
v 12.090169 20.5736256 0.686752319
v 12.0964699 20.5798836 0.677879393
v 12.1008749 20.5472183 0.689999998
v 12.1165752 20.5657158 0.665758789
v 12.1087246 20.5564671 0.686752319
v 12.1144714 20.5632362 0.677879393
v 12.1216364 20.5310631 0.689999998
v 12.1357079 20.5508289 0.665758789
v 12.1286726 20.540947 0.686752319
v 12.1338234 20.5481815 0.677879393
v 12.1436949 20.5167332 0.689999998
v 12.1560364 20.5376225 0.665758789
v 12.1498661 20.5271778 0.686752319
v 12.1543837 20.5348244 0.677879393
v 12.1668911 20.5043259 0.689999998
v 12.177413 20.5261898 0.665758789
v 12.1721535 20.5152588 0.686752319
v 12.1760035 20.523262 0.677879393
v 12.1910601 20.4939384 0.689999998
v 12.1996851 20.5166168 0.665758789
v 12.1953726 20.5052776 0.686752319
v 12.1985292 20.5135784 0.677879393
v 12.2160215 20.4856415 0.689999998
v 12.2226887 20.5089703 0.665758789
v 12.2193556 20.4973068 0.686752319
v 12.221796 20.505846 0.677879393
v 12.2415991 20.4794941 0.689999998
v 12.2462597 20.5033054 0.665758789
v 12.2439299 20.4913998 0.686752319
v 12.245635 20.5001144 0.677879393
v 12.2676077 20.475544 0.689999998
v 12.2702274 20.4996662 0.665758789
v 12.268918 20.487606 0.686752319
v 12.2698765 20.4964371 0.677879393
v 12.2938557 20.4738178 0.689999998
v 12.2944164 20.4980755 0.665758789
v 12.294136 20.4859467 0.686752319
v 12.2943411 20.4948273 0.677879393
v 12.3201571 20.4743309 0.689999998
v 12.3186541 20.4985466 0.665758789
v 12.3194056 20.4864388 0.686752319
v 12.3188553 20.4953022 0.677879393
v 12.3463192 20.4770737 0.689999998
v 12.3427639 20.5010757 0.665758789
v 12.3445415 20.4890747 0.686752319
v 12.3432407 20.49786 0.677879393
v 12.3427639 20.5010757 0.665758789
v 12.3483248 20.4774609 0.689999998
v 12.3721476 20.4820557 0.665758789
v 12.343504 20.4979172 0.677863419
v 12.3554001 20.5002117 0.665758729
v 12.3556156 20.4970455 0.677351177
v 12.360218 20.4797516 0.686761379
v 12.3455458 20.4892502 0.686761379
v 12.3570528 20.4909439 0.683615565
v 12.3661852 20.4932308 0.665758729
v 12.3689623 20.4814377 0.677863419
v 12.3632088 20.4921303 0.677351177
v 12.0763178 21.0779228 0.665758789
v 12.0429869 21.0817089 0.665758789
v 12.0576735 21.0623951 0.689999998
v 12.066494 21.0854855 0.665758729
v 12.0738268 21.07584 0.677863419
v 12.0643835 21.0830574 0.677351177
v 12.0449495 21.0791206 0.677863419
v 12.0542593 21.086874 0.665758729
v 12.0557709 21.0840359 0.677351177
v 12.0669832 21.0701408 0.686761379
v 12.0503397 21.072031 0.686761379
v 12.0595655 21.0790443 0.683615565
v 12.0357914 21.0757275 0.665758789
v 12.0520821 21.0577469 0.689999998
v 12.0379734 21.0733185 0.677879393
v 12.0439358 21.0667381 0.686752319
v 12.0118742 21.0521297 0.665758789
v 12.0296335 21.0355988 0.689999998
v 12.0142517 21.0499153 0.677879393
v 12.0207539 21.0438652 0.686752319
v 11.9900484 21.0265865 0.665758789
v 12.0091486 21.0116234 0.689999998
v 11.992609 21.02458 0.677879393
v 11.9995995 21.019104 0.686752319
v 11.9704733 20.999279 0.665758789
v 11.9907761 20.9859943 0.689999998
v 11.9731932 20.9974995 0.677879393
v 11.9806242 20.9926376 0.686752319
v 11.953289 20.9704075 0.665758789
v 11.9746475 20.9588966 0.689999998
v 11.9561491 20.9688663 0.677879393
v 11.9639673 20.964653 0.686752319
v 11.9386206 20.9401817 0.665758789
v 11.9608803 20.9305267 0.689999998
v 11.9416027 20.9388885 0.677879393
v 11.9497509 20.9353542 0.686752319
v 11.9265738 20.9088173 0.665758789
v 11.9495735 20.9010887 0.689999998
v 11.929656 20.9077816 0.677879393
v 11.9380751 20.904953 0.686752319
v 11.9172354 20.8765411 0.665758789
v 11.9408083 20.8707962 0.689999998
v 11.920393 20.8757706 0.677879393
v 11.9290218 20.8736687 0.686752319
v 11.910675 20.8435898 0.665758789
v 11.9346514 20.8398685 0.689999998
v 11.913887 20.843092 0.677879393
v 11.9226627 20.8417301 0.686752319
v 11.9069376 20.8101997 0.665758789
v 11.9311428 20.8085289 0.689999998
v 11.910181 20.8099766 0.677879393
v 11.9190407 20.8093643 0.686752319
v 11.9060516 20.7766132 0.665758789
v 11.9303112 20.7770061 0.689999998
v 11.9093018 20.7766666 0.677879393
v 11.9181814 20.7768097 0.686752319
v 11.9080229 20.7430725 0.665758789
v 11.9321613 20.7455254 0.689999998
v 11.9112568 20.7434006 0.677879393
v 11.9200916 20.7442989 0.686752319
v 11.912838 20.7098217 0.665758789
v 11.9366808 20.7143173 0.689999998
v 11.9160328 20.7104244 0.677879393
v 11.9247589 20.7120705 0.686752319
v 11.9204607 20.6770992 0.665758789
v 11.9438353 20.6836052 0.689999998
v 11.9235916 20.6779709 0.677879393
v 11.932148 20.6803513 0.686752319
v 11.9308367 20.6451435 0.665758789
v 11.9535742 20.6536121 0.689999998
v 11.9338827 20.6462784 0.677879393
v 11.9422054 20.6493778 0.686752319
v 11.9438915 20.6141853 0.665758789
v 11.965827 20.6245556 0.689999998
v 11.9468288 20.6155739 0.677879393
v 11.9548588 20.6193695 0.686752319
v 11.9595299 20.5844479 0.665758789
v 11.980505 20.5966434 0.689999998
v 11.9623394 20.5860825 0.677879393
v 11.9700184 20.5905457 0.686752319
v 11.9776382 20.5561466 0.665758789
v 11.9975004 20.5700817 0.689999998
v 11.980299 20.5580139 0.677879393
v 11.9875698 20.5631142 0.686752319
v 11.9980869 20.5294876 0.665758789
v 12.0166931 20.5450592 0.689999998
v 12.0005798 20.5315742 0.677879393
v 12.00739 20.5372734 0.686752319
v 12.0207262 20.5046635 0.665758789
v 12.0379419 20.5217609 0.689999998
v 12.0230331 20.5069542 0.677879393
v 12.0293341 20.5132122 0.686752319
v 12.0453939 20.4818516 0.665758789
v 12.0610943 20.500349 0.689999998
v 12.0474968 20.4843292 0.677879393
v 12.0532436 20.4911003 0.686752319
v 12.0719109 20.4612179 0.665758789
v 12.0859823 20.4809837 0.689999998
v 12.0737953 20.4638653 0.677879393
v 12.0789461 20.4710999 0.686752319
v 12.1000853 20.442915 0.665758789
v 12.1124268 20.4638042 0.689999998
v 12.1017389 20.445713 0.677879393
v 12.1062565 20.4533596 0.686752319
v 12.1297131 20.4270706 0.665758789
v 12.1402349 20.4489346 0.689999998
v 12.1311226 20.4300003 0.677879393
v 12.1349745 20.4380035 0.686752319
v 12.1605806 20.4138012 0.665758789
v 12.1692057 20.4364796 0.689999998
v 12.1617365 20.4168396 0.677879393
v 12.1648932 20.4251404 0.686752319
v 12.1924639 20.403204 0.665758789
v 12.199131 20.4265327 0.689999998
v 12.1933565 20.4063282 0.677879393
v 12.195797 20.4148674 0.686752319
v 12.225132 20.3953552 0.665758789
v 12.2297926 20.4191666 0.689999998
v 12.2257566 20.3985462 0.677879393
v 12.2274618 20.4072609 0.686752319
v 12.2583494 20.3903084 0.665758789
v 12.2609692 20.4144306 0.689999998
v 12.2587004 20.3935413 0.677879393
v 12.2596598 20.4023705 0.686752319
v 12.2918758 20.3881054 0.665758789
v 12.2924366 20.4123611 0.689999998
v 12.2919512 20.3913574 0.677879393
v 12.2921562 20.4002342 0.686752319
v 12.3254681 20.3887577 0.665758789
v 12.3239651 20.4129734 0.689999998
v 12.3252668 20.3920021 0.677879393
v 12.3247166 20.4008656 0.686752319
v 12.3588829 20.3922634 0.665758789
v 12.3553276 20.4162655 0.689999998
v 12.3584061 20.3954792 0.677879393
v 12.3571053 20.4042645 0.686752319
v 12.3680725 20.3940277 0.665758789
v 12.386302 20.4221859 0.665758789
v 12.3624678 20.417635 0.689999998
v 12.379221 20.399456 0.665758729
v 12.3673191 20.3971844 0.677863419
v 12.377985 20.4024258 0.677351177
v 12.3831129 20.4215794 0.677863419
v 12.3859119 20.4097919 0.665758729
v 12.3826962 20.4097023 0.677351177
v 12.365262 20.4058495 0.686761379
v 12.3743649 20.4199104 0.686761379
v 12.3765364 20.4085274 0.683615565
v 12.1660004 21.9749158 0.120000005
v 12.1660004 22.0450002 0.190000005
v 12.1660004 22.001736 0.125328422
v 12.1660004 22.024473 0.140502527
v 12.1660004 22.0396654 0.163212158
v 12.1660004 21.9749158 0.420000017
v 12.1660004 22.0450002 0.350000016
v 12.1660004 22.001736 0.4146716
v 12.1660004 22.024473 0.399497494
v 12.1660004 22.0396654 0.376787864
v 12.1993179 21.973279 0.120000005
v 12.2061874 22.043026 0.190000005
v 12.2019467 21.99997 0.125328422
v 12.2041754 22.0225976 0.140502527
v 12.2056645 22.0377168 0.163212158
v 12.1993179 21.973279 0.420000017
v 12.2061874 22.043026 0.350000016
v 12.2019467 21.99997 0.4146716
v 12.2041754 22.0225976 0.399497494
v 12.2056645 22.0377168 0.376787864
v 12.2323145 21.9683844 0.120000005
v 12.2459874 22.0371222 0.190000005
v 12.2375469 21.9946892 0.125328422
v 12.2419827 22.0169894 0.140502527
v 12.2449466 22.0318899 0.163212158
v 12.2323145 21.9683844 0.420000017
v 12.2459874 22.0371222 0.350000016
v 12.2375469 21.9946892 0.4146716
v 12.2419827 22.0169894 0.399497494
v 12.2449466 22.0318899 0.376787864
v 12.2646727 21.9602791 0.120000005
v 12.2850171 22.0273458 0.190000005
v 12.2724582 21.9859444 0.125328422
v 12.2790583 22.0077024 0.140502527
v 12.2834685 22.0222406 0.163212158
v 12.2646727 21.9602791 0.420000017
v 12.2850171 22.0273458 0.350000016
v 12.2724582 21.9859444 0.4146716
v 12.2790583 22.0077024 0.399497494
v 12.2834685 22.0222406 0.376787864
v 12.2960806 21.9490412 0.120000005
v 12.3229006 22.0137908 0.190000005
v 12.3063442 21.9738198 0.125328422
v 12.3150452 21.9948261 0.140502527
v 12.320859 22.008862 0.163212158
v 12.2960806 21.9490412 0.420000017
v 12.3229006 22.0137908 0.350000016
v 12.3063442 21.9738198 0.4146716
v 12.3150452 21.9948261 0.399497494
v 12.320859 22.008862 0.376787864
v 12.3262354 21.934779 0.120000005
v 12.359273 21.9965879 0.190000005
v 12.3388783 21.9584323 0.125328422
v 12.3495965 21.9784845 0.140502527
v 12.3567582 21.991883 0.163212158
v 12.3262354 21.934779 0.420000017
v 12.359273 21.9965879 0.350000016
v 12.3388783 21.9584323 0.4146716
v 12.3495965 21.9784845 0.399497494
v 12.3567582 21.991883 0.376787864
v 12.3548474 21.9176297 0.120000005
v 12.3937842 21.9759028 0.190000005
v 12.3697478 21.9399298 0.125328422
v 12.3823798 21.9588349 0.140502527
v 12.3908203 21.971467 0.163212158
v 12.3548474 21.9176297 0.420000017
v 12.3937842 21.9759028 0.350000016
v 12.3697478 21.9399298 0.4146716
v 12.3823798 21.9588349 0.399497494
v 12.3908203 21.971467 0.376787864
v 12.3816405 21.8977586 0.120000005
v 12.4261016 21.9519345 0.190000005
v 12.398655 21.9184908 0.125328422
v 12.4130793 21.9360667 0.140502527
v 12.4227172 21.9478106 0.163212158
v 12.3816405 21.8977586 0.420000017
v 12.4261016 21.9519345 0.350000016
v 12.398655 21.9184908 0.4146716
v 12.4130793 21.9360667 0.399497494
v 12.4227172 21.9478106 0.376787864
v 12.406357 21.8753568 0.120000005
v 12.4559141 21.924914 0.190000005
v 12.4253217 21.8943216 0.125328422
v 12.4413992 21.910399 0.140502527
v 12.4521419 21.9211417 0.163212158
v 12.406357 21.8753568 0.420000017
v 12.4559141 21.924914 0.350000016
v 12.4253217 21.8943216 0.4146716
v 12.4413992 21.910399 0.399497494
v 12.4521419 21.9211417 0.376787864
v 12.4287587 21.8506403 0.120000005
v 12.4829347 21.8951015 0.190000005
v 12.449491 21.8676549 0.125328422
v 12.4670669 21.8820791 0.140502527
v 12.4788108 21.8917171 0.163212158
v 12.4287587 21.8506403 0.420000017
v 12.4829347 21.8951015 0.350000016
v 12.449491 21.8676549 0.4146716
v 12.4670669 21.8820791 0.399497494
v 12.4788108 21.8917171 0.376787864
v 12.4486298 21.8238473 0.120000005
v 12.5069029 21.862784 0.190000005
v 12.4709299 21.8387477 0.125328422
v 12.4898351 21.8513797 0.140502527
v 12.5024671 21.8598201 0.163212158
v 12.4486298 21.8238473 0.420000017
v 12.5069029 21.862784 0.350000016
v 12.4709299 21.8387477 0.4146716
v 12.4898351 21.8513797 0.399497494
v 12.5024671 21.8598201 0.376787864
v 12.4657792 21.7952352 0.120000005
v 12.5275881 21.8282729 0.190000005
v 12.4894324 21.8078782 0.125328422
v 12.5094846 21.8185964 0.140502527
v 12.5228831 21.825758 0.163212158
v 12.4657792 21.7952352 0.420000017
v 12.5275881 21.8282729 0.350000016
v 12.4894324 21.8078782 0.4146716
v 12.5094846 21.8185964 0.399497494
v 12.5228831 21.825758 0.376787864
v 12.4800413 21.7650805 0.120000005
v 12.544791 21.7919004 0.190000005
v 12.5048199 21.775344 0.125328422
v 12.5258262 21.784045 0.140502527
v 12.5398622 21.7898589 0.163212158
v 12.4800413 21.7650805 0.420000017
v 12.544791 21.7919004 0.350000016
v 12.5048199 21.775344 0.4146716
v 12.5258262 21.784045 0.399497494
v 12.5398622 21.7898589 0.376787864
v 12.4912793 21.7336726 0.120000005
v 12.5583459 21.754017 0.190000005
v 12.5169445 21.741458 0.125328422
v 12.5387025 21.7480582 0.140502527
v 12.5532407 21.7524683 0.163212158
v 12.4912793 21.7336726 0.420000017
v 12.5583459 21.754017 0.350000016
v 12.5169446 21.741458 0.4146716
v 12.5387025 21.7480582 0.399497494
v 12.5532407 21.7524683 0.376787864
v 12.4993846 21.7013144 0.120000005
v 12.5681223 21.7149873 0.190000005
v 12.5256894 21.7065468 0.125328422
v 12.5479895 21.7109826 0.140502527
v 12.56289 21.7139465 0.163212158
v 12.4993846 21.7013144 0.420000017
v 12.5681223 21.7149873 0.350000016
v 12.5256894 21.7065468 0.4146716
v 12.5479895 21.7109826 0.399497494
v 12.56289 21.7139465 0.376787864
v 12.5042792 21.6683177 0.120000005
v 12.5740261 21.6751873 0.190000005
v 12.5309701 21.6709466 0.125328422
v 12.5535977 21.6731752 0.140502527
v 12.5687169 21.6746643 0.163212158
v 12.5042792 21.6683177 0.420000017
v 12.5740261 21.6751873 0.350000016
v 12.5309701 21.6709466 0.4146716
v 12.5535977 21.6731752 0.399497494
v 12.5687169 21.6746643 0.376787864
v 12.5059159 21.6350002 0.120000005
v 12.5760004 21.6350002 0.190000005
v 12.5327361 21.6350002 0.125328422
v 12.5554731 21.6350002 0.140502527
v 12.5706655 21.6350002 0.163212158
v 12.5059159 21.6350002 0.420000017
v 12.5760004 21.6350002 0.350000016
v 12.5327361 21.6350002 0.4146716
v 12.5554731 21.6350002 0.399497494
v 12.5706655 21.6350002 0.376787864
v 12.5042792 21.6016827 0.120000005
v 12.5740261 21.5948132 0.190000005
v 12.5309701 21.5990539 0.125328422
v 12.5535977 21.5968252 0.140502527
v 12.5687169 21.5953361 0.163212158
v 12.5042792 21.6016827 0.420000017
v 12.5740261 21.5948132 0.350000016
v 12.5309701 21.5990539 0.4146716
v 12.5535977 21.5968252 0.399497494
v 12.5687169 21.5953361 0.376787864
v 12.4993846 21.5686861 0.120000005
v 12.5681223 21.5550132 0.190000005
v 12.5256894 21.5634537 0.125328422
v 12.5479895 21.5590179 0.140502527
v 12.56289 21.556054 0.163212158
v 12.4993846 21.5686861 0.420000017
v 12.5681223 21.5550132 0.350000016
v 12.5256894 21.5634537 0.4146716
v 12.5479895 21.5590179 0.399497494
v 12.56289 21.556054 0.376787864
v 12.4912793 21.5363279 0.120000005
v 12.5583459 21.5159835 0.190000005
v 12.5169446 21.5285424 0.125328422
v 12.5387025 21.5219423 0.140502527
v 12.5532407 21.5175321 0.163212158
v 12.4912793 21.5363279 0.420000017
v 12.5583459 21.5159835 0.350000016
v 12.5169445 21.5285424 0.4146716
v 12.5387025 21.5219423 0.399497494
v 12.5532407 21.5175321 0.376787864
v 12.4800413 21.50492 0.120000005
v 12.544791 21.4781 0.190000005
v 12.5048199 21.4946564 0.125328422
v 12.5258262 21.4859554 0.140502527
v 12.5398622 21.4801416 0.163212158
v 12.4800413 21.50492 0.420000017
v 12.544791 21.4781 0.350000016
v 12.5048199 21.4946564 0.4146716
v 12.5258262 21.4859554 0.399497494
v 12.5398622 21.4801416 0.376787864
v 12.4657792 21.4747652 0.120000005
v 12.5275881 21.4417276 0.190000005
v 12.4894324 21.4621223 0.125328422
v 12.5094846 21.4514041 0.140502527
v 12.5228831 21.4442424 0.163212158
v 12.4657792 21.4747652 0.420000017
v 12.5275881 21.4417276 0.350000016
v 12.4894324 21.4621223 0.4146716
v 12.5094846 21.4514041 0.399497494
v 12.5228831 21.4442424 0.376787864
v 12.4486298 21.4461532 0.120000005
v 12.5069029 21.4072164 0.190000005
v 12.4709299 21.4312527 0.125328422
v 12.4898351 21.4186208 0.140502527
v 12.5024671 21.4101803 0.163212158
v 12.4486298 21.4461532 0.420000017
v 12.5069029 21.4072164 0.350000016
v 12.4709299 21.4312527 0.4146716
v 12.4898351 21.4186208 0.399497494
v 12.5024671 21.4101803 0.376787864
v 12.4287587 21.4193601 0.120000005
v 12.4829347 21.374899 0.190000005
v 12.449491 21.4023456 0.125328422
v 12.4670669 21.3879213 0.140502527
v 12.4788108 21.3782834 0.163212158
v 12.4287587 21.4193601 0.420000017
v 12.4829347 21.374899 0.350000016
v 12.449491 21.4023456 0.4146716
v 12.4670669 21.3879213 0.399497494
v 12.4788108 21.3782834 0.376787864
v 12.406357 21.3946436 0.120000005
v 12.4559141 21.3450865 0.190000005
v 12.4253217 21.3756789 0.125328422
v 12.4413992 21.3596014 0.140502527
v 12.4521419 21.3488587 0.163212158
v 12.406357 21.3946436 0.420000017
v 12.4559141 21.3450865 0.350000016
v 12.4253217 21.3756789 0.4146716
v 12.4413992 21.3596014 0.399497494
v 12.4521419 21.3488587 0.376787864
v 12.3816405 21.3722419 0.120000005
v 12.4261016 21.3180659 0.190000005
v 12.398655 21.3515096 0.125328422
v 12.4130793 21.3339337 0.140502527
v 12.4227172 21.3221898 0.163212158
v 12.3816405 21.3722419 0.420000017
v 12.4261016 21.3180659 0.350000016
v 12.398655 21.3515096 0.4146716
v 12.4130793 21.3339337 0.399497494
v 12.4227172 21.3221898 0.376787864
v 12.3548474 21.3523708 0.120000005
v 12.3937842 21.2940977 0.190000005
v 12.3697478 21.3300707 0.125328422
v 12.3823798 21.3111655 0.140502527
v 12.3908203 21.2985335 0.163212158
v 12.3548474 21.3523708 0.420000017
v 12.3937842 21.2940977 0.350000016
v 12.3697478 21.3300707 0.4146716
v 12.3823798 21.3111655 0.399497494
v 12.3908203 21.2985335 0.376787864
v 12.3262354 21.3352214 0.120000005
v 12.359273 21.2734125 0.190000005
v 12.3388783 21.3115682 0.125328422
v 12.3495965 21.2915159 0.140502527
v 12.3567582 21.2781174 0.163212158
v 12.3262354 21.3352214 0.420000017
v 12.359273 21.2734125 0.350000016
v 12.3388783 21.3115682 0.4146716
v 12.3495965 21.2915159 0.399497494
v 12.3567582 21.2781174 0.376787864
v 12.2960806 21.3209593 0.120000005
v 12.3229006 21.2562096 0.190000005
v 12.3063442 21.2961807 0.125328422
v 12.3150452 21.2751744 0.140502527
v 12.320859 21.2611384 0.163212158
v 12.2960806 21.3209593 0.420000017
v 12.3229006 21.2562096 0.350000016
v 12.3063442 21.2961807 0.4146716
v 12.3150452 21.2751744 0.399497494
v 12.320859 21.2611384 0.376787864
v 12.2646727 21.3097213 0.120000005
v 12.2850171 21.2426547 0.190000005
v 12.2724582 21.2840561 0.125328422
v 12.2790583 21.2622981 0.140502527
v 12.2834685 21.2477599 0.163212158
v 12.2646727 21.3097213 0.420000017
v 12.2850171 21.2426547 0.350000016
v 12.2724582 21.284056 0.4146716
v 12.2790583 21.2622981 0.399497494
v 12.2834685 21.2477598 0.376787864
v 12.2323145 21.301616 0.120000005
v 12.2459874 21.2328783 0.190000005
v 12.2375469 21.2753112 0.125328422
v 12.2419827 21.2530111 0.140502527
v 12.2449466 21.2381106 0.163212158
v 12.2323145 21.301616 0.420000017
v 12.2459874 21.2328783 0.350000016
v 12.2375469 21.2753112 0.4146716
v 12.2419827 21.2530111 0.399497494
v 12.2449466 21.2381106 0.376787864
v 12.1993179 21.2967214 0.120000005
v 12.2061874 21.2269745 0.190000005
v 12.2019467 21.2700305 0.125328422
v 12.2041754 21.2474029 0.140502527
v 12.2056645 21.2322837 0.163212158
v 12.1993179 21.2967214 0.420000017
v 12.2061874 21.2269745 0.350000016
v 12.2019467 21.2700305 0.4146716
v 12.2041754 21.2474029 0.399497494
v 12.2056645 21.2322837 0.376787864
v 12.1660004 21.2950847 0.120000005
v 12.1660004 21.2250002 0.190000005
v 12.1660004 21.2682645 0.125328422
v 12.1660004 21.2455274 0.140502527
v 12.1660004 21.2303351 0.163212158
v 12.1660004 21.2950847 0.420000017
v 12.1660004 21.2250002 0.350000016
v 12.1660004 21.2682645 0.4146716
v 12.1660004 21.2455274 0.399497494
v 12.1660004 21.2303351 0.376787864
v 12.1326829 21.2967214 0.120000005
v 12.1258133 21.2269745 0.190000005
v 12.130054 21.2700305 0.125328422
v 12.1278254 21.2474029 0.140502527
v 12.1263363 21.2322837 0.163212158
v 12.1326829 21.2967214 0.420000017
v 12.1258133 21.2269745 0.350000016
v 12.130054 21.2700305 0.4146716
v 12.1278254 21.2474029 0.399497494
v 12.1263363 21.2322837 0.376787864
v 12.0996862 21.301616 0.120000005
v 12.0860133 21.2328783 0.190000005
v 12.0944538 21.2753112 0.125328422
v 12.090018 21.2530111 0.140502527
v 12.0870541 21.2381106 0.163212158
v 12.0996862 21.301616 0.420000017
v 12.0860133 21.2328783 0.350000016
v 12.0944538 21.2753112 0.4146716
v 12.090018 21.2530111 0.399497494
v 12.0870541 21.2381106 0.376787864
v 12.067328 21.3097213 0.120000005
v 12.0469836 21.2426547 0.190000005
v 12.0595426 21.284056 0.125328422
v 12.0529424 21.2622981 0.140502527
v 12.0485323 21.2477598 0.163212158
v 12.067328 21.3097213 0.420000017
v 12.0469836 21.2426547 0.350000016
v 12.0595426 21.2840561 0.4146716
v 12.0529424 21.2622981 0.399497494
v 12.0485323 21.2477599 0.376787864
v 12.0359201 21.3209593 0.120000005
v 12.0091002 21.2562096 0.190000005
v 12.0256566 21.2961807 0.125328422
v 12.0169556 21.2751744 0.140502527
v 12.0111417 21.2611384 0.163212158
v 12.0359201 21.3209593 0.420000017
v 12.0091002 21.2562096 0.350000016
v 12.0256566 21.2961807 0.4146716
v 12.0169556 21.2751744 0.399497494
v 12.0111417 21.2611384 0.376787864
v 12.0057654 21.3352214 0.120000005
v 11.9727277 21.2734125 0.190000005
v 11.9931224 21.3115682 0.125328422
v 11.9824042 21.2915159 0.140502527
v 11.9752426 21.2781174 0.163212158
v 12.0057654 21.3352214 0.420000017
v 11.9727277 21.2734125 0.350000016
v 11.9931224 21.3115682 0.4146716
v 11.9824042 21.2915159 0.399497494
v 11.9752426 21.2781174 0.376787864
v 11.9771533 21.3523708 0.120000005
v 11.9382166 21.2940977 0.190000005
v 11.9622529 21.3300707 0.125328422
v 11.9496209 21.3111655 0.140502527
v 11.9411805 21.2985335 0.163212158
v 11.9771533 21.3523708 0.420000017
v 11.9382166 21.2940977 0.350000016
v 11.9622529 21.3300707 0.4146716
v 11.9496209 21.3111655 0.399497494
v 11.9411805 21.2985335 0.376787864
v 11.9503603 21.3722419 0.120000005
v 11.9058991 21.3180659 0.190000005
v 11.9333457 21.3515096 0.125328422
v 11.9189215 21.3339337 0.140502527
v 11.9092835 21.3221898 0.163212158
v 11.9503603 21.3722419 0.420000017
v 11.9058991 21.3180659 0.350000016
v 11.9333457 21.3515096 0.4146716
v 11.9189215 21.3339337 0.399497494
v 11.9092835 21.3221898 0.376787864
v 11.9256438 21.3946436 0.120000005
v 11.8760866 21.3450865 0.190000005
v 11.906679 21.3756789 0.125328422
v 11.8906015 21.3596014 0.140502527
v 11.8798589 21.3488587 0.163212158
v 11.9256438 21.3946436 0.420000017
v 11.8760866 21.3450865 0.350000016
v 11.906679 21.3756789 0.4146716
v 11.8906015 21.3596014 0.399497494
v 11.8798589 21.3488587 0.376787864
v 11.903242 21.4193601 0.120000005
v 11.8490661 21.374899 0.190000005
v 11.8825098 21.4023456 0.125328422
v 11.8649338 21.3879213 0.140502527
v 11.85319 21.3782834 0.163212158
v 11.903242 21.4193601 0.420000017
v 11.8490661 21.374899 0.350000016
v 11.8825098 21.4023456 0.4146716
v 11.8649338 21.3879213 0.399497494
v 11.85319 21.3782834 0.376787864
v 11.8833709 21.4461532 0.120000005
v 11.8250978 21.4072164 0.190000005
v 11.8610708 21.4312527 0.125328422
v 11.8421656 21.4186208 0.140502527
v 11.8295336 21.4101803 0.163212158
v 11.8833709 21.4461532 0.420000017
v 11.8250978 21.4072164 0.350000016
v 11.8610708 21.4312527 0.4146716
v 11.8421656 21.4186208 0.399497494
v 11.8295336 21.4101803 0.376787864
v 11.8662215 21.4747652 0.120000005
v 11.8044127 21.4417276 0.190000005
v 11.8425683 21.4621223 0.125328422
v 11.8225161 21.4514041 0.140502527
v 11.8091176 21.4442424 0.163212158
v 11.8662215 21.4747652 0.420000017
v 11.8044127 21.4417276 0.350000016
v 11.8425683 21.4621223 0.4146716
v 11.8225161 21.4514041 0.399497494
v 11.8091176 21.4442424 0.376787864
v 11.8519594 21.50492 0.120000005
v 11.7872098 21.4781 0.190000005
v 11.8271808 21.4946564 0.125328422
v 11.8061745 21.4859554 0.140502527
v 11.7921386 21.4801416 0.163212158
v 11.8519594 21.50492 0.420000017
v 11.7872098 21.4781 0.350000016
v 11.8271808 21.4946564 0.4146716
v 11.8061745 21.4859554 0.399497494
v 11.7921386 21.4801416 0.376787864
v 11.8407215 21.5363279 0.120000005
v 11.7736548 21.5159835 0.190000005
v 11.8150562 21.5285424 0.125328422
v 11.7932982 21.5219423 0.140502527
v 11.77876 21.5175321 0.163212158
v 11.8407215 21.5363279 0.420000017
v 11.7736548 21.5159835 0.350000016
v 11.8150562 21.5285424 0.4146716
v 11.7932982 21.5219423 0.399497494
v 11.77876 21.5175321 0.376787864
v 11.8326162 21.5686861 0.120000005
v 11.7638784 21.5550132 0.190000005
v 11.8063114 21.5634537 0.125328422
v 11.7840112 21.5590179 0.140502527
v 11.7691107 21.556054 0.163212158
v 11.8326162 21.5686861 0.420000017
v 11.7638784 21.5550132 0.350000016
v 11.8063114 21.5634537 0.4146716
v 11.7840112 21.5590179 0.399497494
v 11.7691107 21.556054 0.376787864
v 11.8277216 21.6016827 0.120000005
v 11.7579746 21.5948132 0.190000005
v 11.8010306 21.5990539 0.125328422
v 11.778403 21.5968252 0.140502527
v 11.7632838 21.5953361 0.163212158
v 11.8277216 21.6016827 0.420000017
v 11.7579746 21.5948132 0.350000016
v 11.8010306 21.5990539 0.4146716
v 11.778403 21.5968252 0.399497494
v 11.7632838 21.5953361 0.376787864
v 11.8260848 21.6350002 0.120000005
v 11.7560004 21.6350002 0.190000005
v 11.7992646 21.6350002 0.125328422
v 11.7765276 21.6350002 0.140502527
v 11.7613352 21.6350002 0.163212158
v 11.8260848 21.6350002 0.420000017
v 11.7560004 21.6350002 0.350000016
v 11.7992646 21.6350002 0.4146716
v 11.7765276 21.6350002 0.399497494
v 11.7613352 21.6350002 0.376787864
v 11.8277216 21.6683177 0.120000005
v 11.7579746 21.6751873 0.190000005
v 11.8010306 21.6709466 0.125328422
v 11.778403 21.6731752 0.140502527
v 11.7632838 21.6746643 0.163212158
v 11.8277216 21.6683177 0.420000017
v 11.7579746 21.6751873 0.350000016
v 11.8010306 21.6709466 0.4146716
v 11.778403 21.6731752 0.399497494
v 11.7632838 21.6746643 0.376787864
v 11.8326162 21.7013144 0.120000005
v 11.7638784 21.7149873 0.190000005
v 11.8063114 21.7065468 0.125328422
v 11.7840112 21.7109826 0.140502527
v 11.7691107 21.7139465 0.163212158
v 11.8326162 21.7013144 0.420000017
v 11.7638784 21.7149873 0.350000016
v 11.8063114 21.7065468 0.4146716
v 11.7840112 21.7109826 0.399497494
v 11.7691107 21.7139465 0.376787864
v 11.8407215 21.7336726 0.120000005
v 11.7736548 21.754017 0.190000005
v 11.8150562 21.741458 0.125328422
v 11.7932982 21.7480582 0.140502527
v 11.77876 21.7524683 0.163212158
v 11.8407215 21.7336726 0.420000017
v 11.7736548 21.754017 0.350000016
v 11.8150562 21.741458 0.4146716
v 11.7932982 21.7480582 0.399497494
v 11.77876 21.7524683 0.376787864
v 11.8519594 21.7650805 0.120000005
v 11.7872098 21.7919004 0.190000005
v 11.8271808 21.775344 0.125328422
v 11.8061745 21.784045 0.140502527
v 11.7921386 21.7898589 0.163212158
v 11.8519594 21.7650805 0.420000017
v 11.7872098 21.7919004 0.350000016
v 11.8271808 21.775344 0.4146716
v 11.8061745 21.784045 0.399497494
v 11.7921386 21.7898589 0.376787864
v 11.8662215 21.7952352 0.120000005
v 11.8044127 21.8282729 0.190000005
v 11.8425683 21.8078782 0.125328422
v 11.8225161 21.8185964 0.140502527
v 11.8091176 21.825758 0.163212158
v 11.8662215 21.7952352 0.420000017
v 11.8044127 21.8282729 0.350000016
v 11.8425683 21.8078782 0.4146716
v 11.8225161 21.8185964 0.399497494
v 11.8091176 21.825758 0.376787864
v 11.8833709 21.8238473 0.120000005
v 11.8250978 21.862784 0.190000005
v 11.8610708 21.8387477 0.125328422
v 11.8421656 21.8513797 0.140502527
v 11.8295336 21.8598201 0.163212158
v 11.8833709 21.8238473 0.420000017
v 11.8250978 21.862784 0.350000016
v 11.8610708 21.8387477 0.4146716
v 11.8421656 21.8513797 0.399497494
v 11.8295336 21.8598201 0.376787864
v 11.903242 21.8506403 0.120000005
v 11.8490661 21.8951015 0.190000005
v 11.8825098 21.8676549 0.125328422
v 11.8649338 21.8820791 0.140502527
v 11.85319 21.8917171 0.163212158
v 11.903242 21.8506403 0.420000017
v 11.8490661 21.8951015 0.350000016
v 11.8825098 21.8676549 0.4146716
v 11.8649338 21.8820791 0.399497494
v 11.85319 21.8917171 0.376787864
v 11.9256438 21.8753568 0.120000005
v 11.8760866 21.924914 0.190000005
v 11.906679 21.8943216 0.125328422
v 11.8906015 21.910399 0.140502527
v 11.8798589 21.9211417 0.163212158
v 11.9256438 21.8753568 0.420000017
v 11.8760866 21.924914 0.350000016
v 11.906679 21.8943216 0.4146716
v 11.8906015 21.910399 0.399497494
v 11.8798589 21.9211417 0.376787864
v 11.9503603 21.8977586 0.120000005
v 11.9058991 21.9519345 0.190000005
v 11.9333457 21.9184908 0.125328422
v 11.9189215 21.9360667 0.140502527
v 11.9092835 21.9478106 0.163212158
v 11.9503603 21.8977586 0.420000017
v 11.9058991 21.9519345 0.350000016
v 11.9333457 21.9184908 0.4146716
v 11.9189215 21.9360667 0.399497494
v 11.9092835 21.9478106 0.376787864
v 11.9771533 21.9176297 0.120000005
v 11.9382166 21.9759028 0.190000005
v 11.9622529 21.9399298 0.125328422
v 11.9496209 21.9588349 0.140502527
v 11.9411805 21.971467 0.163212158
v 11.9771533 21.9176297 0.420000017
v 11.9382166 21.9759028 0.350000016
v 11.9622529 21.9399298 0.4146716
v 11.9496209 21.9588349 0.399497494
v 11.9411805 21.971467 0.376787864
v 12.0057654 21.934779 0.120000005
v 11.9727277 21.9965879 0.190000005
v 11.9931224 21.9584323 0.125328422
v 11.9824042 21.9784845 0.140502527
v 11.9752426 21.991883 0.163212158
v 12.0057654 21.934779 0.420000017
v 11.9727277 21.9965879 0.350000016
v 11.9931224 21.9584323 0.4146716
v 11.9824042 21.9784845 0.399497494
v 11.9752426 21.991883 0.376787864
v 12.0359201 21.9490412 0.120000005
v 12.0091002 22.0137908 0.190000005
v 12.0256566 21.9738198 0.125328422
v 12.0169556 21.9948261 0.140502527
v 12.0111417 22.008862 0.163212158
v 12.0359201 21.9490412 0.420000017
v 12.0091002 22.0137908 0.350000016
v 12.0256566 21.9738198 0.4146716
v 12.0169556 21.9948261 0.399497494
v 12.0111417 22.008862 0.376787864
v 12.067328 21.9602791 0.120000005
v 12.0469836 22.0273458 0.190000005
v 12.0595426 21.9859444 0.125328422
v 12.0529424 22.0077024 0.140502527
v 12.0485323 22.0222406 0.163212158
v 12.067328 21.9602791 0.420000017
v 12.0469836 22.0273458 0.350000016
v 12.0595426 21.9859444 0.4146716
v 12.0529424 22.0077024 0.399497494
v 12.0485323 22.0222406 0.376787864
v 12.0996862 21.9683844 0.120000005
v 12.0860133 22.0371222 0.190000005
v 12.0944538 21.9946892 0.125328422
v 12.090018 22.0169894 0.140502527
v 12.0870541 22.0318899 0.163212158
v 12.0996862 21.9683844 0.420000017
v 12.0860133 22.0371222 0.350000016
v 12.0944538 21.9946892 0.4146716
v 12.090018 22.0169894 0.399497494
v 12.0870541 22.0318899 0.376787864
v 12.1326829 21.973279 0.120000005
v 12.1258133 22.043026 0.190000005
v 12.130054 21.99997 0.125328422
v 12.1278254 22.0225976 0.140502527
v 12.1263363 22.0377168 0.163212158
v 12.1326829 21.973279 0.420000017
v 12.1258133 22.043026 0.350000016
v 12.130054 21.99997 0.4146716
v 12.1278254 22.0225976 0.399497494
v 12.1263363 22.0377168 0.376787864
f 2 12 15
f 2 15 5
f 5 15 14
f 5 14 4
f 4 14 13
f 4 13 3
f 3 13 11
f 3 11 1
f 17 7 10
f 17 10 20
f 20 10 9
f 20 9 19
f 19 9 8
f 19 8 18
f 18 8 6
f 18 6 16
f 12 22 25
f 12 25 15
f 15 25 24
f 15 24 14
f 14 24 23
f 14 23 13
f 13 23 21
f 13 21 11
f 27 17 20
f 27 20 30
f 30 20 19
f 30 19 29
f 29 19 18
f 29 18 28
f 28 18 16
f 28 16 26
f 22 32 35
f 22 35 25
f 25 35 34
f 25 34 24
f 24 34 33
f 24 33 23
f 23 33 31
f 23 31 21
f 37 27 30
f 37 30 40
f 40 30 29
f 40 29 39
f 39 29 28
f 39 28 38
f 38 28 26
f 38 26 36
f 32 42 45
f 32 45 35
f 35 45 44
f 35 44 34
f 34 44 43
f 34 43 33
f 33 43 41
f 33 41 31
f 47 37 40
f 47 40 50
f 50 40 39
f 50 39 49
f 49 39 38
f 49 38 48
f 48 38 36
f 48 36 46
f 42 52 55
f 42 55 45
f 45 55 54
f 45 54 44
f 44 54 53
f 44 53 43
f 43 53 51
f 43 51 41
f 57 47 50
f 57 50 60
f 60 50 49
f 60 49 59
f 59 49 48
f 59 48 58
f 58 48 46
f 58 46 56
f 52 62 65
f 52 65 55
f 55 65 64
f 55 64 54
f 54 64 63
f 54 63 53
f 53 63 61
f 53 61 51
f 67 57 60
f 67 60 70
f 70 60 59
f 70 59 69
f 69 59 58
f 69 58 68
f 68 58 56
f 68 56 66
f 62 72 75
f 62 75 65
f 65 75 74
f 65 74 64
f 64 74 73
f 64 73 63
f 63 73 71
f 63 71 61
f 77 67 70
f 77 70 80
f 80 70 69
f 80 69 79
f 79 69 68
f 79 68 78
f 78 68 66
f 78 66 76
f 72 82 85
f 72 85 75
f 75 85 84
f 75 84 74
f 74 84 83
f 74 83 73
f 73 83 81
f 73 81 71
f 87 77 80
f 87 80 90
f 90 80 79
f 90 79 89
f 89 79 78
f 89 78 88
f 88 78 76
f 88 76 86
f 82 92 95
f 82 95 85
f 85 95 94
f 85 94 84
f 84 94 93
f 84 93 83
f 83 93 91
f 83 91 81
f 97 87 90
f 97 90 100
f 100 90 89
f 100 89 99
f 99 89 88
f 99 88 98
f 98 88 86
f 98 86 96
f 92 102 105
f 92 105 95
f 95 105 104
f 95 104 94
f 94 104 103
f 94 103 93
f 93 103 101
f 93 101 91
f 107 97 100
f 107 100 110
f 110 100 99
f 110 99 109
f 109 99 98
f 109 98 108
f 108 98 96
f 108 96 106
f 102 112 115
f 102 115 105
f 105 115 114
f 105 114 104
f 104 114 113
f 104 113 103
f 103 113 111
f 103 111 101
f 117 107 110
f 117 110 120
f 120 110 109
f 120 109 119
f 119 109 108
f 119 108 118
f 118 108 106
f 118 106 116
f 112 122 125
f 112 125 115
f 115 125 124
f 115 124 114
f 114 124 123
f 114 123 113
f 113 123 121
f 113 121 111
f 127 117 120
f 127 120 130
f 130 120 119
f 130 119 129
f 129 119 118
f 129 118 128
f 128 118 116
f 128 116 126
f 122 132 135
f 122 135 125
f 125 135 134
f 125 134 124
f 124 134 133
f 124 133 123
f 123 133 131
f 123 131 121
f 137 127 130
f 137 130 140
f 140 130 129
f 140 129 139
f 139 129 128
f 139 128 138
f 138 128 126
f 138 126 136
f 132 142 145
f 132 145 135
f 135 145 144
f 135 144 134
f 134 144 143
f 134 143 133
f 133 143 141
f 133 141 131
f 147 137 140
f 147 140 150
f 150 140 139
f 150 139 149
f 149 139 138
f 149 138 148
f 148 138 136
f 148 136 146
f 142 152 155
f 142 155 145
f 145 155 154
f 145 154 144
f 144 154 153
f 144 153 143
f 143 153 151
f 143 151 141
f 157 147 150
f 157 150 160
f 160 150 149
f 160 149 159
f 159 149 148
f 159 148 158
f 158 148 146
f 158 146 156
f 152 162 165
f 152 165 155
f 155 165 164
f 155 164 154
f 154 164 163
f 154 163 153
f 153 163 161
f 153 161 151
f 167 157 160
f 167 160 170
f 170 160 159
f 170 159 169
f 169 159 158
f 169 158 168
f 168 158 156
f 168 156 166
f 162 172 175
f 162 175 165
f 165 175 174
f 165 174 164
f 164 174 173
f 164 173 163
f 163 173 171
f 163 171 161
f 177 167 170
f 177 170 180
f 180 170 169
f 180 169 179
f 179 169 168
f 179 168 178
f 178 168 166
f 178 166 176
f 172 182 185
f 172 185 175
f 175 185 184
f 175 184 174
f 174 184 183
f 174 183 173
f 173 183 181
f 173 181 171
f 187 177 180
f 187 180 190
f 190 180 179
f 190 179 189
f 189 179 178
f 189 178 188
f 188 178 176
f 188 176 186
f 182 192 195
f 182 195 185
f 185 195 194
f 185 194 184
f 184 194 193
f 184 193 183
f 183 193 191
f 183 191 181
f 197 187 190
f 197 190 200
f 200 190 189
f 200 189 199
f 199 189 188
f 199 188 198
f 198 188 186
f 198 186 196
f 192 202 205
f 192 205 195
f 195 205 204
f 195 204 194
f 194 204 203
f 194 203 193
f 193 203 201
f 193 201 191
f 207 197 200
f 207 200 210
f 210 200 199
f 210 199 209
f 209 199 198
f 209 198 208
f 208 198 196
f 208 196 206
f 202 212 215
f 202 215 205
f 205 215 214
f 205 214 204
f 204 214 213
f 204 213 203
f 203 213 211
f 203 211 201
f 217 207 210
f 217 210 220
f 220 210 209
f 220 209 219
f 219 209 208
f 219 208 218
f 218 208 206
f 218 206 216
f 212 222 225
f 212 225 215
f 215 225 224
f 215 224 214
f 214 224 223
f 214 223 213
f 213 223 221
f 213 221 211
f 227 217 220
f 227 220 230
f 230 220 219
f 230 219 229
f 229 219 218
f 229 218 228
f 228 218 216
f 228 216 226
f 222 232 235
f 222 235 225
f 225 235 234
f 225 234 224
f 224 234 233
f 224 233 223
f 223 233 231
f 223 231 221
f 237 227 230
f 237 230 240
f 240 230 229
f 240 229 239
f 239 229 228
f 239 228 238
f 238 228 226
f 238 226 236
f 232 242 245
f 232 245 235
f 235 245 244
f 235 244 234
f 234 244 243
f 234 243 233
f 233 243 241
f 233 241 231
f 247 237 240
f 247 240 250
f 250 240 239
f 250 239 249
f 249 239 238
f 249 238 248
f 248 238 236
f 248 236 246
f 242 252 255
f 242 255 245
f 245 255 254
f 245 254 244
f 244 254 253
f 244 253 243
f 243 253 251
f 243 251 241
f 257 247 250
f 257 250 260
f 260 250 249
f 260 249 259
f 259 249 248
f 259 248 258
f 258 248 246
f 258 246 256
f 252 262 265
f 252 265 255
f 255 265 264
f 255 264 254
f 254 264 263
f 254 263 253
f 253 263 261
f 253 261 251
f 267 257 260
f 267 260 270
f 270 260 259
f 270 259 269
f 269 259 258
f 269 258 268
f 268 258 256
f 268 256 266
f 262 272 275
f 262 275 265
f 265 275 274
f 265 274 264
f 264 274 273
f 264 273 263
f 263 273 271
f 263 271 261
f 277 267 270
f 277 270 280
f 280 270 269
f 280 269 279
f 279 269 268
f 279 268 278
f 278 268 266
f 278 266 276
f 272 282 285
f 272 285 275
f 275 285 284
f 275 284 274
f 274 284 283
f 274 283 273
f 273 283 281
f 273 281 271
f 287 277 280
f 287 280 290
f 290 280 279
f 290 279 289
f 289 279 278
f 289 278 288
f 288 278 276
f 288 276 286
f 282 292 295
f 282 295 285
f 285 295 294
f 285 294 284
f 284 294 293
f 284 293 283
f 283 293 291
f 283 291 281
f 297 287 290
f 297 290 300
f 300 290 289
f 300 289 299
f 299 289 288
f 299 288 298
f 298 288 286
f 298 286 296
f 292 302 305
f 292 305 295
f 295 305 304
f 295 304 294
f 294 304 303
f 294 303 293
f 293 303 301
f 293 301 291
f 307 297 300
f 307 300 310
f 310 300 299
f 310 299 309
f 309 299 298
f 309 298 308
f 308 298 296
f 308 296 306
f 302 312 315
f 302 315 305
f 305 315 314
f 305 314 304
f 304 314 313
f 304 313 303
f 303 313 311
f 303 311 301
f 317 307 310
f 317 310 320
f 320 310 309
f 320 309 319
f 319 309 308
f 319 308 318
f 318 308 306
f 318 306 316
f 312 322 325
f 312 325 315
f 315 325 324
f 315 324 314
f 314 324 323
f 314 323 313
f 313 323 321
f 313 321 311
f 327 317 320
f 327 320 330
f 330 320 319
f 330 319 329
f 329 319 318
f 329 318 328
f 328 318 316
f 328 316 326
f 322 332 335
f 322 335 325
f 325 335 334
f 325 334 324
f 324 334 333
f 324 333 323
f 323 333 331
f 323 331 321
f 337 327 330
f 337 330 340
f 340 330 329
f 340 329 339
f 339 329 328
f 339 328 338
f 338 328 326
f 338 326 336
f 332 342 345
f 332 345 335
f 335 345 344
f 335 344 334
f 334 344 343
f 334 343 333
f 333 343 341
f 333 341 331
f 347 337 340
f 347 340 350
f 350 340 339
f 350 339 349
f 349 339 338
f 349 338 348
f 348 338 336
f 348 336 346
f 342 352 355
f 342 355 345
f 345 355 354
f 345 354 344
f 344 354 353
f 344 353 343
f 343 353 351
f 343 351 341
f 357 347 350
f 357 350 360
f 360 350 349
f 360 349 359
f 359 349 348
f 359 348 358
f 358 348 346
f 358 346 356
f 352 362 365
f 352 365 355
f 355 365 364
f 355 364 354
f 354 364 363
f 354 363 353
f 353 363 361
f 353 361 351
f 367 357 360
f 367 360 370
f 370 360 359
f 370 359 369
f 369 359 358
f 369 358 368
f 368 358 356
f 368 356 366
f 362 372 375
f 362 375 365
f 365 375 374
f 365 374 364
f 364 374 373
f 364 373 363
f 363 373 371
f 363 371 361
f 377 367 370
f 377 370 380
f 380 370 369
f 380 369 379
f 379 369 368
f 379 368 378
f 378 368 366
f 378 366 376
f 372 382 385
f 372 385 375
f 375 385 384
f 375 384 374
f 374 384 383
f 374 383 373
f 373 383 381
f 373 381 371
f 387 377 380
f 387 380 390
f 390 380 379
f 390 379 389
f 389 379 378
f 389 378 388
f 388 378 376
f 388 376 386
f 382 392 395
f 382 395 385
f 385 395 394
f 385 394 384
f 384 394 393
f 384 393 383
f 383 393 391
f 383 391 381
f 397 387 390
f 397 390 400
f 400 390 389
f 400 389 399
f 399 389 388
f 399 388 398
f 398 388 386
f 398 386 396
f 392 402 405
f 392 405 395
f 395 405 404
f 395 404 394
f 394 404 403
f 394 403 393
f 393 403 401
f 393 401 391
f 407 397 400
f 407 400 410
f 410 400 399
f 410 399 409
f 409 399 398
f 409 398 408
f 408 398 396
f 408 396 406
f 402 412 415
f 402 415 405
f 405 415 414
f 405 414 404
f 404 414 413
f 404 413 403
f 403 413 411
f 403 411 401
f 417 407 410
f 417 410 420
f 420 410 409
f 420 409 419
f 419 409 408
f 419 408 418
f 418 408 406
f 418 406 416
f 412 422 425
f 412 425 415
f 415 425 424
f 415 424 414
f 414 424 423
f 414 423 413
f 413 423 421
f 413 421 411
f 427 417 420
f 427 420 430
f 430 420 419
f 430 419 429
f 429 419 418
f 429 418 428
f 428 418 416
f 428 416 426
f 422 432 435
f 422 435 425
f 425 435 434
f 425 434 424
f 424 434 433
f 424 433 423
f 423 433 431
f 423 431 421
f 437 427 430
f 437 430 440
f 440 430 429
f 440 429 439
f 439 429 428
f 439 428 438
f 438 428 426
f 438 426 436
f 432 442 445
f 432 445 435
f 435 445 444
f 435 444 434
f 434 444 443
f 434 443 433
f 433 443 441
f 433 441 431
f 447 437 440
f 447 440 450
f 450 440 439
f 450 439 449
f 449 439 438
f 449 438 448
f 448 438 436
f 448 436 446
f 442 452 455
f 442 455 445
f 445 455 454
f 445 454 444
f 444 454 453
f 444 453 443
f 443 453 451
f 443 451 441
f 457 447 450
f 457 450 460
f 460 450 449
f 460 449 459
f 459 449 448
f 459 448 458
f 458 448 446
f 458 446 456
f 452 462 465
f 452 465 455
f 455 465 464
f 455 464 454
f 454 464 463
f 454 463 453
f 453 463 461
f 453 461 451
f 467 457 460
f 467 460 470
f 470 460 459
f 470 459 469
f 469 459 458
f 469 458 468
f 468 458 456
f 468 456 466
f 462 472 475
f 462 475 465
f 465 475 474
f 465 474 464
f 464 474 473
f 464 473 463
f 463 473 471
f 463 471 461
f 477 467 470
f 477 470 480
f 480 470 469
f 480 469 479
f 479 469 468
f 479 468 478
f 478 468 466
f 478 466 476
f 472 482 485
f 472 485 475
f 475 485 484
f 475 484 474
f 474 484 483
f 474 483 473
f 473 483 481
f 473 481 471
f 487 477 480
f 487 480 490
f 490 480 479
f 490 479 489
f 489 479 478
f 489 478 488
f 488 478 476
f 488 476 486
f 482 492 495
f 482 495 485
f 485 495 494
f 485 494 484
f 484 494 493
f 484 493 483
f 483 493 491
f 483 491 481
f 497 487 490
f 497 490 500
f 500 490 489
f 500 489 499
f 499 489 488
f 499 488 498
f 498 488 486
f 498 486 496
f 492 502 505
f 492 505 495
f 495 505 504
f 495 504 494
f 494 504 503
f 494 503 493
f 493 503 501
f 493 501 491
f 507 497 500
f 507 500 510
f 510 500 499
f 510 499 509
f 509 499 498
f 509 498 508
f 508 498 496
f 508 496 506
f 502 512 515
f 502 515 505
f 505 515 514
f 505 514 504
f 504 514 513
f 504 513 503
f 503 513 511
f 503 511 501
f 517 507 510
f 517 510 520
f 520 510 509
f 520 509 519
f 519 509 508
f 519 508 518
f 518 508 506
f 518 506 516
f 512 522 525
f 512 525 515
f 515 525 524
f 515 524 514
f 514 524 523
f 514 523 513
f 513 523 521
f 513 521 511
f 527 517 520
f 527 520 530
f 530 520 519
f 530 519 529
f 529 519 518
f 529 518 528
f 528 518 516
f 528 516 526
f 522 532 535
f 522 535 525
f 525 535 534
f 525 534 524
f 524 534 533
f 524 533 523
f 523 533 531
f 523 531 521
f 537 527 530
f 537 530 540
f 540 530 529
f 540 529 539
f 539 529 528
f 539 528 538
f 538 528 526
f 538 526 536
f 532 542 545
f 532 545 535
f 535 545 544
f 535 544 534
f 534 544 543
f 534 543 533
f 533 543 541
f 533 541 531
f 547 537 540
f 547 540 550
f 550 540 539
f 550 539 549
f 549 539 538
f 549 538 548
f 548 538 536
f 548 536 546
f 542 552 555
f 542 555 545
f 545 555 554
f 545 554 544
f 544 554 553
f 544 553 543
f 543 553 551
f 543 551 541
f 557 547 550
f 557 550 560
f 560 550 549
f 560 549 559
f 559 549 548
f 559 548 558
f 558 548 546
f 558 546 556
f 552 562 565
f 552 565 555
f 555 565 564
f 555 564 554
f 554 564 563
f 554 563 553
f 553 563 561
f 553 561 551
f 567 557 560
f 567 560 570
f 570 560 559
f 570 559 569
f 569 559 558
f 569 558 568
f 568 558 556
f 568 556 566
f 562 572 575
f 562 575 565
f 565 575 574
f 565 574 564
f 564 574 573
f 564 573 563
f 563 573 571
f 563 571 561
f 577 567 570
f 577 570 580
f 580 570 569
f 580 569 579
f 579 569 568
f 579 568 578
f 578 568 566
f 578 566 576
f 572 582 585
f 572 585 575
f 575 585 584
f 575 584 574
f 574 584 583
f 574 583 573
f 573 583 581
f 573 581 571
f 587 577 580
f 587 580 590
f 590 580 579
f 590 579 589
f 589 579 578
f 589 578 588
f 588 578 576
f 588 576 586
f 582 592 595
f 582 595 585
f 585 595 594
f 585 594 584
f 584 594 593
f 584 593 583
f 583 593 591
f 583 591 581
f 597 587 590
f 597 590 600
f 600 590 589
f 600 589 599
f 599 589 588
f 599 588 598
f 598 588 586
f 598 586 596
f 592 602 605
f 592 605 595
f 595 605 604
f 595 604 594
f 594 604 603
f 594 603 593
f 593 603 601
f 593 601 591
f 607 597 600
f 607 600 610
f 610 600 599
f 610 599 609
f 609 599 598
f 609 598 608
f 608 598 596
f 608 596 606
f 602 612 615
f 602 615 605
f 605 615 614
f 605 614 604
f 604 614 613
f 604 613 603
f 603 613 611
f 603 611 601
f 617 607 610
f 617 610 620
f 620 610 609
f 620 609 619
f 619 609 608
f 619 608 618
f 618 608 606
f 618 606 616
f 612 622 625
f 612 625 615
f 615 625 624
f 615 624 614
f 614 624 623
f 614 623 613
f 613 623 621
f 613 621 611
f 627 617 620
f 627 620 630
f 630 620 619
f 630 619 629
f 629 619 618
f 629 618 628
f 628 618 616
f 628 616 626
f 622 632 635
f 622 635 625
f 625 635 634
f 625 634 624
f 624 634 633
f 624 633 623
f 623 633 631
f 623 631 621
f 637 627 630
f 637 630 640
f 640 630 629
f 640 629 639
f 639 629 628
f 639 628 638
f 638 628 626
f 638 626 636
f 632 2 5
f 632 5 635
f 635 5 4
f 635 4 634
f 634 4 3
f 634 3 633
f 633 3 1
f 633 1 631
f 7 637 640
f 7 640 10
f 10 640 639
f 10 639 9
f 9 639 638
f 9 638 8
f 8 638 636
f 8 636 6
f 631 1 11
f 11 21 31
f 31 41 51
f 51 61 71
f 71 81 91
f 91 101 111
f 111 121 131
f 131 141 151
f 151 161 171
f 171 181 191
f 191 201 211
f 211 221 231
f 231 241 251
f 251 261 271
f 271 281 291
f 291 301 311
f 311 321 331
f 331 341 351
f 351 361 371
f 371 381 391
f 391 401 411
f 411 421 431
f 431 441 451
f 451 461 471
f 471 481 491
f 491 501 511
f 511 521 531
f 531 541 551
f 551 561 571
f 571 581 591
f 591 601 611
f 611 621 631
f 631 11 31
f 31 51 71
f 71 91 111
f 111 131 151
f 151 171 191
f 191 211 231
f 231 251 271
f 271 291 311
f 311 331 351
f 351 371 391
f 391 411 431
f 431 451 471
f 471 491 511
f 511 531 551
f 551 571 591
f 591 611 631
f 631 31 71
f 71 111 151
f 151 191 231
f 231 271 311
f 311 351 391
f 391 431 471
f 471 511 551
f 551 591 631
f 631 71 151
f 151 231 311
f 311 391 471
f 471 551 631
f 631 151 311
f 311 471 631
f 2 7 17
f 2 17 12
f 632 637 7
f 632 7 2
f 26 16 6
f 6 636 626
f 626 616 606
f 606 596 586
f 586 576 566
f 566 556 546
f 546 536 526
f 526 516 506
f 506 496 486
f 486 476 466
f 466 456 446
f 446 436 426
f 426 416 406
f 406 396 386
f 386 376 366
f 366 356 346
f 346 336 326
f 326 316 306
f 306 296 286
f 286 276 266
f 266 256 246
f 246 236 226
f 226 216 206
f 206 196 186
f 186 176 166
f 166 156 146
f 146 136 126
f 126 116 106
f 106 96 86
f 86 76 66
f 66 56 46
f 46 36 26
f 26 6 626
f 626 606 586
f 586 566 546
f 546 526 506
f 506 486 466
f 466 446 426
f 426 406 386
f 386 366 346
f 346 326 306
f 306 286 266
f 266 246 226
f 226 206 186
f 186 166 146
f 146 126 106
f 106 86 66
f 66 46 26
f 26 626 586
f 586 546 506
f 506 466 426
f 426 386 346
f 346 306 266
f 266 226 186
f 186 146 106
f 106 66 26
f 26 586 506
f 506 426 346
f 346 266 186
f 186 106 26
f 26 506 346
f 346 186 26
f 12 17 27
f 12 27 22
f 22 27 37
f 22 37 32
f 32 37 47
f 32 47 42
f 42 47 57
f 42 57 52
f 52 57 67
f 52 67 62
f 62 67 77
f 62 77 72
f 72 77 87
f 72 87 82
f 82 87 97
f 82 97 92
f 92 97 107
f 92 107 102
f 102 107 117
f 102 117 112
f 112 117 127
f 112 127 122
f 122 127 137
f 122 137 132
f 132 137 147
f 132 147 142
f 142 147 157
f 142 157 152
f 152 157 167
f 152 167 162
f 162 167 177
f 162 177 172
f 172 177 187
f 172 187 182
f 182 187 197
f 182 197 192
f 192 197 207
f 192 207 202
f 202 207 217
f 202 217 212
f 212 217 227
f 212 227 222
f 222 227 237
f 222 237 232
f 232 237 247
f 232 247 242
f 242 247 257
f 242 257 252
f 252 257 267
f 252 267 262
f 262 267 277
f 262 277 272
f 272 277 287
f 272 287 282
f 282 287 297
f 282 297 292
f 292 297 307
f 292 307 302
f 302 307 317
f 302 317 312
f 312 317 327
f 312 327 322
f 322 327 337
f 322 337 332
f 332 337 347
f 332 347 342
f 342 347 357
f 342 357 352
f 352 357 367
f 352 367 362
f 362 367 377
f 362 377 372
f 372 377 387
f 372 387 382
f 382 387 397
f 382 397 392
f 392 397 407
f 392 407 402
f 402 407 417
f 402 417 412
f 412 417 427
f 412 427 422
f 422 427 437
f 422 437 432
f 432 437 447
f 432 447 442
f 442 447 457
f 442 457 452
f 452 457 467
f 452 467 462
f 462 467 477
f 462 477 472
f 472 477 487
f 472 487 482
f 482 487 497
f 482 497 492
f 492 497 507
f 492 507 502
f 502 507 517
f 502 517 512
f 512 517 527
f 512 527 522
f 522 527 537
f 522 537 532
f 532 537 547
f 532 547 542
f 542 547 557
f 542 557 552
f 552 557 567
f 552 567 562
f 562 567 577
f 562 577 572
f 572 577 587
f 572 587 582
f 582 587 597
f 582 597 592
f 592 597 607
f 592 607 602
f 602 607 617
f 602 617 612
f 612 617 627
f 612 627 622
f 622 627 637
f 622 637 632
f 642 652 655
f 642 655 645
f 645 655 654
f 645 654 644
f 644 654 653
f 644 653 643
f 643 653 651
f 643 651 641
f 657 647 650
f 657 650 660
f 660 650 649
f 660 649 659
f 659 649 648
f 659 648 658
f 658 648 646
f 658 646 656
f 652 662 665
f 652 665 655
f 655 665 664
f 655 664 654
f 654 664 663
f 654 663 653
f 653 663 661
f 653 661 651
f 667 657 660
f 667 660 670
f 670 660 659
f 670 659 669
f 669 659 658
f 669 658 668
f 668 658 656
f 668 656 666
f 662 672 675
f 662 675 665
f 665 675 674
f 665 674 664
f 664 674 673
f 664 673 663
f 663 673 671
f 663 671 661
f 677 667 670
f 677 670 680
f 680 670 669
f 680 669 679
f 679 669 668
f 679 668 678
f 678 668 666
f 678 666 676
f 672 682 685
f 672 685 675
f 675 685 684
f 675 684 674
f 674 684 683
f 674 683 673
f 673 683 681
f 673 681 671
f 687 677 680
f 687 680 690
f 690 680 679
f 690 679 689
f 689 679 678
f 689 678 688
f 688 678 676
f 688 676 686
f 682 692 695
f 682 695 685
f 685 695 694
f 685 694 684
f 684 694 693
f 684 693 683
f 683 693 691
f 683 691 681
f 697 687 690
f 697 690 700
f 700 690 689
f 700 689 699
f 699 689 688
f 699 688 698
f 698 688 686
f 698 686 696
f 692 702 705
f 692 705 695
f 695 705 704
f 695 704 694
f 694 704 703
f 694 703 693
f 693 703 701
f 693 701 691
f 707 697 700
f 707 700 710
f 710 700 699
f 710 699 709
f 709 699 698
f 709 698 708
f 708 698 696
f 708 696 706
f 702 712 715
f 702 715 705
f 705 715 714
f 705 714 704
f 704 714 713
f 704 713 703
f 703 713 711
f 703 711 701
f 717 707 710
f 717 710 720
f 720 710 709
f 720 709 719
f 719 709 708
f 719 708 718
f 718 708 706
f 718 706 716
f 712 722 725
f 712 725 715
f 715 725 724
f 715 724 714
f 714 724 723
f 714 723 713
f 713 723 721
f 713 721 711
f 727 717 720
f 727 720 730
f 730 720 719
f 730 719 729
f 729 719 718
f 729 718 728
f 728 718 716
f 728 716 726
f 722 732 735
f 722 735 725
f 725 735 734
f 725 734 724
f 724 734 733
f 724 733 723
f 723 733 731
f 723 731 721
f 737 727 730
f 737 730 740
f 740 730 729
f 740 729 739
f 739 729 728
f 739 728 738
f 738 728 726
f 738 726 736
f 732 742 745
f 732 745 735
f 735 745 744
f 735 744 734
f 734 744 743
f 734 743 733
f 733 743 741
f 733 741 731
f 747 737 740
f 747 740 750
f 750 740 739
f 750 739 749
f 749 739 738
f 749 738 748
f 748 738 736
f 748 736 746
f 742 752 755
f 742 755 745
f 745 755 754
f 745 754 744
f 744 754 753
f 744 753 743
f 743 753 751
f 743 751 741
f 757 747 750
f 757 750 760
f 760 750 749
f 760 749 759
f 759 749 748
f 759 748 758
f 758 748 746
f 758 746 756
f 752 762 765
f 752 765 755
f 755 765 764
f 755 764 754
f 754 764 763
f 754 763 753
f 753 763 761
f 753 761 751
f 767 757 760
f 767 760 770
f 770 760 759
f 770 759 769
f 769 759 758
f 769 758 768
f 768 758 756
f 768 756 766
f 762 772 775
f 762 775 765
f 765 775 774
f 765 774 764
f 764 774 773
f 764 773 763
f 763 773 771
f 763 771 761
f 777 767 770
f 777 770 780
f 780 770 769
f 780 769 779
f 779 769 768
f 779 768 778
f 778 768 766
f 778 766 776
f 772 782 785
f 772 785 775
f 775 785 784
f 775 784 774
f 774 784 783
f 774 783 773
f 773 783 781
f 773 781 771
f 787 777 780
f 787 780 790
f 790 780 779
f 790 779 789
f 789 779 778
f 789 778 788
f 788 778 776
f 788 776 786
f 782 792 795
f 782 795 785
f 785 795 794
f 785 794 784
f 784 794 793
f 784 793 783
f 783 793 791
f 783 791 781
f 797 787 790
f 797 790 800
f 800 790 789
f 800 789 799
f 799 789 788
f 799 788 798
f 798 788 786
f 798 786 796
f 792 802 805
f 792 805 795
f 795 805 804
f 795 804 794
f 794 804 803
f 794 803 793
f 793 803 801
f 793 801 791
f 807 797 800
f 807 800 810
f 810 800 799
f 810 799 809
f 809 799 798
f 809 798 808
f 808 798 796
f 808 796 806
f 802 812 815
f 802 815 805
f 805 815 814
f 805 814 804
f 804 814 813
f 804 813 803
f 803 813 811
f 803 811 801
f 817 807 810
f 817 810 820
f 820 810 809
f 820 809 819
f 819 809 808
f 819 808 818
f 818 808 806
f 818 806 816
f 812 822 825
f 812 825 815
f 815 825 824
f 815 824 814
f 814 824 823
f 814 823 813
f 813 823 821
f 813 821 811
f 827 817 820
f 827 820 830
f 830 820 819
f 830 819 829
f 829 819 818
f 829 818 828
f 828 818 816
f 828 816 826
f 822 832 835
f 822 835 825
f 825 835 834
f 825 834 824
f 824 834 833
f 824 833 823
f 823 833 831
f 823 831 821
f 837 827 830
f 837 830 840
f 840 830 829
f 840 829 839
f 839 829 828
f 839 828 838
f 838 828 826
f 838 826 836
f 832 842 845
f 832 845 835
f 835 845 844
f 835 844 834
f 834 844 843
f 834 843 833
f 833 843 841
f 833 841 831
f 847 837 840
f 847 840 850
f 850 840 839
f 850 839 849
f 849 839 838
f 849 838 848
f 848 838 836
f 848 836 846
f 842 852 855
f 842 855 845
f 845 855 854
f 845 854 844
f 844 854 853
f 844 853 843
f 843 853 851
f 843 851 841
f 857 847 850
f 857 850 860
f 860 850 849
f 860 849 859
f 859 849 848
f 859 848 858
f 858 848 846
f 858 846 856
f 852 862 865
f 852 865 855
f 855 865 864
f 855 864 854
f 854 864 863
f 854 863 853
f 853 863 861
f 853 861 851
f 867 857 860
f 867 860 870
f 870 860 859
f 870 859 869
f 869 859 858
f 869 858 868
f 868 858 856
f 868 856 866
f 862 872 875
f 862 875 865
f 865 875 874
f 865 874 864
f 864 874 873
f 864 873 863
f 863 873 871
f 863 871 861
f 877 867 870
f 877 870 880
f 880 870 869
f 880 869 879
f 879 869 868
f 879 868 878
f 878 868 866
f 878 866 876
f 872 882 885
f 872 885 875
f 875 885 884
f 875 884 874
f 874 884 883
f 874 883 873
f 873 883 881
f 873 881 871
f 887 877 880
f 887 880 890
f 890 880 879
f 890 879 889
f 889 879 878
f 889 878 888
f 888 878 876
f 888 876 886
f 882 892 895
f 882 895 885
f 885 895 894
f 885 894 884
f 884 894 893
f 884 893 883
f 883 893 891
f 883 891 881
f 897 887 890
f 897 890 900
f 900 890 889
f 900 889 899
f 899 889 888
f 899 888 898
f 898 888 886
f 898 886 896
f 892 902 905
f 892 905 895
f 895 905 904
f 895 904 894
f 894 904 903
f 894 903 893
f 893 903 901
f 893 901 891
f 907 897 900
f 907 900 910
f 910 900 899
f 910 899 909
f 909 899 898
f 909 898 908
f 908 898 896
f 908 896 906
f 902 912 915
f 902 915 905
f 905 915 914
f 905 914 904
f 904 914 913
f 904 913 903
f 903 913 911
f 903 911 901
f 917 907 910
f 917 910 920
f 920 910 909
f 920 909 919
f 919 909 908
f 919 908 918
f 918 908 906
f 918 906 916
f 912 922 925
f 912 925 915
f 915 925 924
f 915 924 914
f 914 924 923
f 914 923 913
f 913 923 921
f 913 921 911
f 927 917 920
f 927 920 930
f 930 920 919
f 930 919 929
f 929 919 918
f 929 918 928
f 928 918 916
f 928 916 926
f 922 932 935
f 922 935 925
f 925 935 934
f 925 934 924
f 924 934 933
f 924 933 923
f 923 933 931
f 923 931 921
f 937 927 930
f 937 930 940
f 940 930 929
f 940 929 939
f 939 929 928
f 939 928 938
f 938 928 926
f 938 926 936
f 932 942 945
f 932 945 935
f 935 945 944
f 935 944 934
f 934 944 943
f 934 943 933
f 933 943 941
f 933 941 931
f 947 937 940
f 947 940 950
f 950 940 939
f 950 939 949
f 949 939 938
f 949 938 948
f 948 938 936
f 948 936 946
f 942 952 955
f 942 955 945
f 945 955 954
f 945 954 944
f 944 954 953
f 944 953 943
f 943 953 951
f 943 951 941
f 957 947 950
f 957 950 960
f 960 950 949
f 960 949 959
f 959 949 948
f 959 948 958
f 958 948 946
f 958 946 956
f 952 962 965
f 952 965 955
f 955 965 964
f 955 964 954
f 954 964 963
f 954 963 953
f 953 963 961
f 953 961 951
f 967 957 960
f 967 960 970
f 970 960 959
f 970 959 969
f 969 959 958
f 969 958 968
f 968 958 956
f 968 956 966
f 962 972 975
f 962 975 965
f 965 975 974
f 965 974 964
f 964 974 973
f 964 973 963
f 963 973 971
f 963 971 961
f 977 967 970
f 977 970 980
f 980 970 969
f 980 969 979
f 979 969 968
f 979 968 978
f 978 968 966
f 978 966 976
f 972 982 985
f 972 985 975
f 975 985 984
f 975 984 974
f 974 984 983
f 974 983 973
f 973 983 981
f 973 981 971
f 987 977 980
f 987 980 990
f 990 980 979
f 990 979 989
f 989 979 978
f 989 978 988
f 988 978 976
f 988 976 986
f 982 992 995
f 982 995 985
f 985 995 994
f 985 994 984
f 984 994 993
f 984 993 983
f 983 993 991
f 983 991 981
f 997 987 990
f 997 990 1000
f 1000 990 989
f 1000 989 999
f 999 989 988
f 999 988 998
f 998 988 986
f 998 986 996
f 992 1002 1005
f 992 1005 995
f 995 1005 1004
f 995 1004 994
f 994 1004 1003
f 994 1003 993
f 993 1003 1001
f 993 1001 991
f 1007 997 1000
f 1007 1000 1010
f 1010 1000 999
f 1010 999 1009
f 1009 999 998
f 1009 998 1008
f 1008 998 996
f 1008 996 1006
f 1002 1012 1015
f 1002 1015 1005
f 1005 1015 1014
f 1005 1014 1004
f 1004 1014 1013
f 1004 1013 1003
f 1003 1013 1011
f 1003 1011 1001
f 1017 1007 1010
f 1017 1010 1020
f 1020 1010 1009
f 1020 1009 1019
f 1019 1009 1008
f 1019 1008 1018
f 1018 1008 1006
f 1018 1006 1016
f 1012 1022 1025
f 1012 1025 1015
f 1015 1025 1024
f 1015 1024 1014
f 1014 1024 1023
f 1014 1023 1013
f 1013 1023 1021
f 1013 1021 1011
f 1027 1017 1020
f 1027 1020 1030
f 1030 1020 1019
f 1030 1019 1029
f 1029 1019 1018
f 1029 1018 1028
f 1028 1018 1016
f 1028 1016 1026
f 1022 1032 1035
f 1022 1035 1025
f 1025 1035 1034
f 1025 1034 1024
f 1024 1034 1033
f 1024 1033 1023
f 1023 1033 1031
f 1023 1031 1021
f 1037 1027 1030
f 1037 1030 1040
f 1040 1030 1029
f 1040 1029 1039
f 1039 1029 1028
f 1039 1028 1038
f 1038 1028 1026
f 1038 1026 1036
f 1032 1042 1045
f 1032 1045 1035
f 1035 1045 1044
f 1035 1044 1034
f 1034 1044 1043
f 1034 1043 1033
f 1033 1043 1041
f 1033 1041 1031
f 1047 1037 1040
f 1047 1040 1050
f 1050 1040 1039
f 1050 1039 1049
f 1049 1039 1038
f 1049 1038 1048
f 1048 1038 1036
f 1048 1036 1046
f 1042 1052 1055
f 1042 1055 1045
f 1045 1055 1054
f 1045 1054 1044
f 1044 1054 1053
f 1044 1053 1043
f 1043 1053 1051
f 1043 1051 1041
f 1057 1047 1050
f 1057 1050 1060
f 1060 1050 1049
f 1060 1049 1059
f 1059 1049 1048
f 1059 1048 1058
f 1058 1048 1046
f 1058 1046 1056
f 1052 1062 1065
f 1052 1065 1055
f 1055 1065 1064
f 1055 1064 1054
f 1054 1064 1063
f 1054 1063 1053
f 1053 1063 1061
f 1053 1061 1051
f 1067 1057 1060
f 1067 1060 1070
f 1070 1060 1059
f 1070 1059 1069
f 1069 1059 1058
f 1069 1058 1068
f 1068 1058 1056
f 1068 1056 1066
f 1062 1072 1075
f 1062 1075 1065
f 1065 1075 1074
f 1065 1074 1064
f 1064 1074 1073
f 1064 1073 1063
f 1063 1073 1071
f 1063 1071 1061
f 1077 1067 1070
f 1077 1070 1080
f 1080 1070 1069
f 1080 1069 1079
f 1079 1069 1068
f 1079 1068 1078
f 1078 1068 1066
f 1078 1066 1076
f 1072 1082 1085
f 1072 1085 1075
f 1075 1085 1084
f 1075 1084 1074
f 1074 1084 1083
f 1074 1083 1073
f 1073 1083 1081
f 1073 1081 1071
f 1087 1077 1080
f 1087 1080 1090
f 1090 1080 1079
f 1090 1079 1089
f 1089 1079 1078
f 1089 1078 1088
f 1088 1078 1076
f 1088 1076 1086
f 1082 1092 1095
f 1082 1095 1085
f 1085 1095 1094
f 1085 1094 1084
f 1084 1094 1093
f 1084 1093 1083
f 1083 1093 1091
f 1083 1091 1081
f 1097 1087 1090
f 1097 1090 1100
f 1100 1090 1089
f 1100 1089 1099
f 1099 1089 1088
f 1099 1088 1098
f 1098 1088 1086
f 1098 1086 1096
f 1092 1102 1105
f 1092 1105 1095
f 1095 1105 1104
f 1095 1104 1094
f 1094 1104 1103
f 1094 1103 1093
f 1093 1103 1101
f 1093 1101 1091
f 1107 1097 1100
f 1107 1100 1110
f 1110 1100 1099
f 1110 1099 1109
f 1109 1099 1098
f 1109 1098 1108
f 1108 1098 1096
f 1108 1096 1106
f 1102 1112 1115
f 1102 1115 1105
f 1105 1115 1114
f 1105 1114 1104
f 1104 1114 1113
f 1104 1113 1103
f 1103 1113 1111
f 1103 1111 1101
f 1117 1107 1110
f 1117 1110 1120
f 1120 1110 1109
f 1120 1109 1119
f 1119 1109 1108
f 1119 1108 1118
f 1118 1108 1106
f 1118 1106 1116
f 1112 1122 1125
f 1112 1125 1115
f 1115 1125 1124
f 1115 1124 1114
f 1114 1124 1123
f 1114 1123 1113
f 1113 1123 1121
f 1113 1121 1111
f 1127 1117 1120
f 1127 1120 1130
f 1130 1120 1119
f 1130 1119 1129
f 1129 1119 1118
f 1129 1118 1128
f 1128 1118 1116
f 1128 1116 1126
f 1122 1132 1135
f 1122 1135 1125
f 1125 1135 1134
f 1125 1134 1124
f 1124 1134 1133
f 1124 1133 1123
f 1123 1133 1131
f 1123 1131 1121
f 1137 1127 1130
f 1137 1130 1140
f 1140 1130 1129
f 1140 1129 1139
f 1139 1129 1128
f 1139 1128 1138
f 1138 1128 1126
f 1138 1126 1136
f 1132 1142 1145
f 1132 1145 1135
f 1135 1145 1144
f 1135 1144 1134
f 1134 1144 1143
f 1134 1143 1133
f 1133 1143 1141
f 1133 1141 1131
f 1147 1137 1140
f 1147 1140 1150
f 1150 1140 1139
f 1150 1139 1149
f 1149 1139 1138
f 1149 1138 1148
f 1148 1138 1136
f 1148 1136 1146
f 1142 1152 1155
f 1142 1155 1145
f 1145 1155 1154
f 1145 1154 1144
f 1144 1154 1153
f 1144 1153 1143
f 1143 1153 1151
f 1143 1151 1141
f 1157 1147 1150
f 1157 1150 1160
f 1160 1150 1149
f 1160 1149 1159
f 1159 1149 1148
f 1159 1148 1158
f 1158 1148 1146
f 1158 1146 1156
f 1152 1162 1165
f 1152 1165 1155
f 1155 1165 1164
f 1155 1164 1154
f 1154 1164 1163
f 1154 1163 1153
f 1153 1163 1161
f 1153 1161 1151
f 1167 1157 1160
f 1167 1160 1170
f 1170 1160 1159
f 1170 1159 1169
f 1169 1159 1158
f 1169 1158 1168
f 1168 1158 1156
f 1168 1156 1166
f 1162 1172 1175
f 1162 1175 1165
f 1165 1175 1174
f 1165 1174 1164
f 1164 1174 1173
f 1164 1173 1163
f 1163 1173 1171
f 1163 1171 1161
f 1177 1167 1170
f 1177 1170 1180
f 1180 1170 1169
f 1180 1169 1179
f 1179 1169 1168
f 1179 1168 1178
f 1178 1168 1166
f 1178 1166 1176
f 1172 1182 1185
f 1172 1185 1175
f 1175 1185 1184
f 1175 1184 1174
f 1174 1184 1183
f 1174 1183 1173
f 1173 1183 1181
f 1173 1181 1171
f 1187 1177 1180
f 1187 1180 1190
f 1190 1180 1179
f 1190 1179 1189
f 1189 1179 1178
f 1189 1178 1188
f 1188 1178 1176
f 1188 1176 1186
f 1182 1192 1195
f 1182 1195 1185
f 1185 1195 1194
f 1185 1194 1184
f 1184 1194 1193
f 1184 1193 1183
f 1183 1193 1191
f 1183 1191 1181
f 1197 1187 1190
f 1197 1190 1200
f 1200 1190 1189
f 1200 1189 1199
f 1199 1189 1188
f 1199 1188 1198
f 1198 1188 1186
f 1198 1186 1196
f 1192 1202 1205
f 1192 1205 1195
f 1195 1205 1204
f 1195 1204 1194
f 1194 1204 1203
f 1194 1203 1193
f 1193 1203 1201
f 1193 1201 1191
f 1207 1197 1200
f 1207 1200 1210
f 1210 1200 1199
f 1210 1199 1209
f 1209 1199 1198
f 1209 1198 1208
f 1208 1198 1196
f 1208 1196 1206
f 1202 1212 1215
f 1202 1215 1205
f 1205 1215 1214
f 1205 1214 1204
f 1204 1214 1213
f 1204 1213 1203
f 1203 1213 1211
f 1203 1211 1201
f 1217 1207 1210
f 1217 1210 1220
f 1220 1210 1209
f 1220 1209 1219
f 1219 1209 1208
f 1219 1208 1218
f 1218 1208 1206
f 1218 1206 1216
f 1212 1222 1225
f 1212 1225 1215
f 1215 1225 1224
f 1215 1224 1214
f 1214 1224 1223
f 1214 1223 1213
f 1213 1223 1221
f 1213 1221 1211
f 1227 1217 1220
f 1227 1220 1230
f 1230 1220 1219
f 1230 1219 1229
f 1229 1219 1218
f 1229 1218 1228
f 1228 1218 1216
f 1228 1216 1226
f 1222 1232 1235
f 1222 1235 1225
f 1225 1235 1234
f 1225 1234 1224
f 1224 1234 1233
f 1224 1233 1223
f 1223 1233 1231
f 1223 1231 1221
f 1237 1227 1230
f 1237 1230 1240
f 1240 1230 1229
f 1240 1229 1239
f 1239 1229 1228
f 1239 1228 1238
f 1238 1228 1226
f 1238 1226 1236
f 1232 1242 1245
f 1232 1245 1235
f 1235 1245 1244
f 1235 1244 1234
f 1234 1244 1243
f 1234 1243 1233
f 1233 1243 1241
f 1233 1241 1231
f 1247 1237 1240
f 1247 1240 1250
f 1250 1240 1239
f 1250 1239 1249
f 1249 1239 1238
f 1249 1238 1248
f 1248 1238 1236
f 1248 1236 1246
f 1242 1252 1255
f 1242 1255 1245
f 1245 1255 1254
f 1245 1254 1244
f 1244 1254 1253
f 1244 1253 1243
f 1243 1253 1251
f 1243 1251 1241
f 1257 1247 1250
f 1257 1250 1260
f 1260 1250 1249
f 1260 1249 1259
f 1259 1249 1248
f 1259 1248 1258
f 1258 1248 1246
f 1258 1246 1256
f 1252 1262 1265
f 1252 1265 1255
f 1255 1265 1264
f 1255 1264 1254
f 1254 1264 1263
f 1254 1263 1253
f 1253 1263 1261
f 1253 1261 1251
f 1267 1257 1260
f 1267 1260 1270
f 1270 1260 1259
f 1270 1259 1269
f 1269 1259 1258
f 1269 1258 1268
f 1268 1258 1256
f 1268 1256 1266
f 1262 1272 1275
f 1262 1275 1265
f 1265 1275 1274
f 1265 1274 1264
f 1264 1274 1273
f 1264 1273 1263
f 1263 1273 1271
f 1263 1271 1261
f 1277 1267 1270
f 1277 1270 1280
f 1280 1270 1269
f 1280 1269 1279
f 1279 1269 1268
f 1279 1268 1278
f 1278 1268 1266
f 1278 1266 1276
f 1272 642 645
f 1272 645 1275
f 1275 645 644
f 1275 644 1274
f 1274 644 643
f 1274 643 1273
f 1273 643 641
f 1273 641 1271
f 647 1277 1280
f 647 1280 650
f 650 1280 1279
f 650 1279 649
f 649 1279 1278
f 649 1278 648
f 648 1278 1276
f 648 1276 646
f 1271 641 651
f 651 661 671
f 671 681 691
f 691 701 711
f 711 721 731
f 731 741 751
f 751 761 771
f 771 781 791
f 791 801 811
f 811 821 831
f 831 841 851
f 851 861 871
f 871 881 891
f 891 901 911
f 911 921 931
f 931 941 951
f 951 961 971
f 971 981 991
f 991 1001 1011
f 1011 1021 1031
f 1031 1041 1051
f 1051 1061 1071
f 1071 1081 1091
f 1091 1101 1111
f 1111 1121 1131
f 1131 1141 1151
f 1151 1161 1171
f 1171 1181 1191
f 1191 1201 1211
f 1211 1221 1231
f 1231 1241 1251
f 1251 1261 1271
f 1271 651 671
f 671 691 711
f 711 731 751
f 751 771 791
f 791 811 831
f 831 851 871
f 871 891 911
f 911 931 951
f 951 971 991
f 991 1011 1031
f 1031 1051 1071
f 1071 1091 1111
f 1111 1131 1151
f 1151 1171 1191
f 1191 1211 1231
f 1231 1251 1271
f 1271 671 711
f 711 751 791
f 791 831 871
f 871 911 951
f 951 991 1031
f 1031 1071 1111
f 1111 1151 1191
f 1191 1231 1271
f 1271 711 791
f 791 871 951
f 951 1031 1111
f 1111 1191 1271
f 1271 791 951
f 951 1111 1271
f 642 647 657
f 642 657 652
f 1272 1277 647
f 1272 647 642
f 666 656 646
f 646 1276 1266
f 1266 1256 1246
f 1246 1236 1226
f 1226 1216 1206
f 1206 1196 1186
f 1186 1176 1166
f 1166 1156 1146
f 1146 1136 1126
f 1126 1116 1106
f 1106 1096 1086
f 1086 1076 1066
f 1066 1056 1046
f 1046 1036 1026
f 1026 1016 1006
f 1006 996 986
f 986 976 966
f 966 956 946
f 946 936 926
f 926 916 906
f 906 896 886
f 886 876 866
f 866 856 846
f 846 836 826
f 826 816 806
f 806 796 786
f 786 776 766
f 766 756 746
f 746 736 726
f 726 716 706
f 706 696 686
f 686 676 666
f 666 646 1266
f 1266 1246 1226
f 1226 1206 1186
f 1186 1166 1146
f 1146 1126 1106
f 1106 1086 1066
f 1066 1046 1026
f 1026 1006 986
f 986 966 946
f 946 926 906
f 906 886 866
f 866 846 826
f 826 806 786
f 786 766 746
f 746 726 706
f 706 686 666
f 666 1266 1226
f 1226 1186 1146
f 1146 1106 1066
f 1066 1026 986
f 986 946 906
f 906 866 826
f 826 786 746
f 746 706 666
f 666 1226 1146
f 1146 1066 986
f 986 906 826
f 826 746 666
f 666 1146 986
f 986 826 666
f 652 657 667
f 652 667 662
f 662 667 677
f 662 677 672
f 672 677 687
f 672 687 682
f 682 687 697
f 682 697 692
f 692 697 707
f 692 707 702
f 702 707 717
f 702 717 712
f 712 717 727
f 712 727 722
f 722 727 737
f 722 737 732
f 732 737 747
f 732 747 742
f 742 747 757
f 742 757 752
f 752 757 767
f 752 767 762
f 762 767 777
f 762 777 772
f 772 777 787
f 772 787 782
f 782 787 797
f 782 797 792
f 792 797 807
f 792 807 802
f 802 807 817
f 802 817 812
f 812 817 827
f 812 827 822
f 822 827 837
f 822 837 832
f 832 837 847
f 832 847 842
f 842 847 857
f 842 857 852
f 852 857 867
f 852 867 862
f 862 867 877
f 862 877 872
f 872 877 887
f 872 887 882
f 882 887 897
f 882 897 892
f 892 897 907
f 892 907 902
f 902 907 917
f 902 917 912
f 912 917 927
f 912 927 922
f 922 927 937
f 922 937 932
f 932 937 947
f 932 947 942
f 942 947 957
f 942 957 952
f 952 957 967
f 952 967 962
f 962 967 977
f 962 977 972
f 972 977 987
f 972 987 982
f 982 987 997
f 982 997 992
f 992 997 1007
f 992 1007 1002
f 1002 1007 1017
f 1002 1017 1012
f 1012 1017 1027
f 1012 1027 1022
f 1022 1027 1037
f 1022 1037 1032
f 1032 1037 1047
f 1032 1047 1042
f 1042 1047 1057
f 1042 1057 1052
f 1052 1057 1067
f 1052 1067 1062
f 1062 1067 1077
f 1062 1077 1072
f 1072 1077 1087
f 1072 1087 1082
f 1082 1087 1097
f 1082 1097 1092
f 1092 1097 1107
f 1092 1107 1102
f 1102 1107 1117
f 1102 1117 1112
f 1112 1117 1127
f 1112 1127 1122
f 1122 1127 1137
f 1122 1137 1132
f 1132 1137 1147
f 1132 1147 1142
f 1142 1147 1157
f 1142 1157 1152
f 1152 1157 1167
f 1152 1167 1162
f 1162 1167 1177
f 1162 1177 1172
f 1172 1177 1187
f 1172 1187 1182
f 1182 1187 1197
f 1182 1197 1192
f 1192 1197 1207
f 1192 1207 1202
f 1202 1207 1217
f 1202 1217 1212
f 1212 1217 1227
f 1212 1227 1222
f 1222 1227 1237
f 1222 1237 1232
f 1232 1237 1247
f 1232 1247 1242
f 1242 1247 1257
f 1242 1257 1252
f 1252 1257 1267
f 1252 1267 1262
f 1262 1267 1277
f 1262 1277 1272
f 1281 1284 1286
f 1281 1286 1285
f 1284 1288 1289
f 1284 1289 1286
f 1282 1287 1289
f 1282 1289 1288
f 1287 1291 1292
f 1287 1292 1289
f 1283 1290 1292
f 1283 1292 1291
f 1290 1285 1286
f 1290 1286 1292
f 1286 1289 1292
f 1417 1420 1422
f 1417 1422 1421
f 1420 1424 1425
f 1420 1425 1422
f 1418 1423 1425
f 1418 1425 1424
f 1423 1427 1428
f 1423 1428 1425
f 1419 1426 1428
f 1419 1428 1427
f 1426 1421 1422
f 1426 1422 1428
f 1422 1425 1428
f 1429 1432 1434
f 1429 1434 1433
f 1432 1436 1437
f 1432 1437 1434
f 1430 1435 1437
f 1430 1437 1436
f 1435 1439 1440
f 1435 1440 1437
f 1431 1438 1440
f 1431 1440 1439
f 1438 1433 1434
f 1438 1434 1440
f 1434 1437 1440
f 1565 1568 1570
f 1565 1570 1569
f 1568 1572 1573
f 1568 1573 1570
f 1566 1571 1573
f 1566 1573 1572
f 1571 1575 1576
f 1571 1576 1573
f 1567 1574 1576
f 1567 1576 1575
f 1574 1569 1570
f 1574 1570 1576
f 1570 1573 1576
f 1577 1580 1582
f 1577 1582 1581
f 1580 1584 1585
f 1580 1585 1582
f 1578 1583 1585
f 1578 1585 1584
f 1583 1587 1588
f 1583 1588 1585
f 1579 1586 1588
f 1579 1588 1587
f 1586 1581 1582
f 1586 1582 1588
f 1582 1585 1588
f 1713 1716 1718
f 1713 1718 1717
f 1716 1720 1721
f 1716 1721 1718
f 1714 1719 1721
f 1714 1721 1720
f 1719 1723 1724
f 1719 1724 1721
f 1715 1722 1724
f 1715 1724 1723
f 1722 1717 1718
f 1722 1718 1724
f 1718 1721 1724
f 1725 1728 1730
f 1725 1730 1729
f 1728 1732 1733
f 1728 1733 1730
f 1726 1731 1733
f 1726 1733 1732
f 1731 1735 1736
f 1731 1736 1733
f 1727 1734 1736
f 1727 1736 1735
f 1734 1729 1730
f 1734 1730 1736
f 1730 1733 1736
f 1861 1864 1866
f 1861 1866 1865
f 1864 1868 1869
f 1864 1869 1866
f 1862 1867 1869
f 1862 1869 1868
f 1867 1871 1872
f 1867 1872 1869
f 1863 1870 1872
f 1863 1872 1871
f 1870 1865 1866
f 1870 1866 1872
f 1866 1869 1872
f 1283 1430 1436
f 1283 1436 1290
f 1290 1436 1432
f 1290 1432 1285
f 1285 1432 1429
f 1285 1429 1281
f 1282 1293 1295
f 1282 1295 1287
f 1287 1295 1296
f 1287 1296 1291
f 1291 1296 1294
f 1291 1294 1283
f 1430 1441 1443
f 1430 1443 1435
f 1435 1443 1444
f 1435 1444 1439
f 1439 1444 1442
f 1439 1442 1431
f 1579 1589 1591
f 1579 1591 1586
f 1586 1591 1592
f 1586 1592 1581
f 1581 1592 1590
f 1581 1590 1577
f 1578 1725 1729
f 1578 1729 1583
f 1583 1729 1734
f 1583 1734 1587
f 1587 1734 1727
f 1587 1727 1579
f 1726 1737 1739
f 1726 1739 1731
f 1731 1739 1740
f 1731 1740 1735
f 1735 1740 1738
f 1735 1738 1727
f 1281 1578 1584
f 1281 1584 1284
f 1284 1584 1580
f 1284 1580 1288
f 1288 1580 1577
f 1288 1577 1282
f 1431 1726 1732
f 1431 1732 1438
f 1438 1732 1728
f 1438 1728 1433
f 1433 1728 1725
f 1433 1725 1429
f 1293 1297 1299
f 1293 1299 1295
f 1295 1299 1300
f 1295 1300 1296
f 1296 1300 1298
f 1296 1298 1294
f 1441 1445 1447
f 1441 1447 1443
f 1443 1447 1448
f 1443 1448 1444
f 1444 1448 1446
f 1444 1446 1442
f 1589 1593 1595
f 1589 1595 1591
f 1591 1595 1596
f 1591 1596 1592
f 1592 1596 1594
f 1592 1594 1590
f 1737 1741 1743
f 1737 1743 1739
f 1739 1743 1744
f 1739 1744 1740
f 1740 1744 1742
f 1740 1742 1738
f 1297 1301 1303
f 1297 1303 1299
f 1299 1303 1304
f 1299 1304 1300
f 1300 1304 1302
f 1300 1302 1298
f 1445 1449 1451
f 1445 1451 1447
f 1447 1451 1452
f 1447 1452 1448
f 1448 1452 1450
f 1448 1450 1446
f 1593 1597 1599
f 1593 1599 1595
f 1595 1599 1600
f 1595 1600 1596
f 1596 1600 1598
f 1596 1598 1594
f 1741 1745 1747
f 1741 1747 1743
f 1743 1747 1748
f 1743 1748 1744
f 1744 1748 1746
f 1744 1746 1742
f 1301 1305 1307
f 1301 1307 1303
f 1303 1307 1308
f 1303 1308 1304
f 1304 1308 1306
f 1304 1306 1302
f 1449 1453 1455
f 1449 1455 1451
f 1451 1455 1456
f 1451 1456 1452
f 1452 1456 1454
f 1452 1454 1450
f 1597 1601 1603
f 1597 1603 1599
f 1599 1603 1604
f 1599 1604 1600
f 1600 1604 1602
f 1600 1602 1598
f 1745 1749 1751
f 1745 1751 1747
f 1747 1751 1752
f 1747 1752 1748
f 1748 1752 1750
f 1748 1750 1746
f 1305 1309 1311
f 1305 1311 1307
f 1307 1311 1312
f 1307 1312 1308
f 1308 1312 1310
f 1308 1310 1306
f 1453 1457 1459
f 1453 1459 1455
f 1455 1459 1460
f 1455 1460 1456
f 1456 1460 1458
f 1456 1458 1454
f 1601 1605 1607
f 1601 1607 1603
f 1603 1607 1608
f 1603 1608 1604
f 1604 1608 1606
f 1604 1606 1602
f 1749 1753 1755
f 1749 1755 1751
f 1751 1755 1756
f 1751 1756 1752
f 1752 1756 1754
f 1752 1754 1750
f 1309 1313 1315
f 1309 1315 1311
f 1311 1315 1316
f 1311 1316 1312
f 1312 1316 1314
f 1312 1314 1310
f 1457 1461 1463
f 1457 1463 1459
f 1459 1463 1464
f 1459 1464 1460
f 1460 1464 1462
f 1460 1462 1458
f 1605 1609 1611
f 1605 1611 1607
f 1607 1611 1612
f 1607 1612 1608
f 1608 1612 1610
f 1608 1610 1606
f 1753 1757 1759
f 1753 1759 1755
f 1755 1759 1760
f 1755 1760 1756
f 1756 1760 1758
f 1756 1758 1754
f 1313 1317 1319
f 1313 1319 1315
f 1315 1319 1320
f 1315 1320 1316
f 1316 1320 1318
f 1316 1318 1314
f 1461 1465 1467
f 1461 1467 1463
f 1463 1467 1468
f 1463 1468 1464
f 1464 1468 1466
f 1464 1466 1462
f 1609 1613 1615
f 1609 1615 1611
f 1611 1615 1616
f 1611 1616 1612
f 1612 1616 1614
f 1612 1614 1610
f 1757 1761 1763
f 1757 1763 1759
f 1759 1763 1764
f 1759 1764 1760
f 1760 1764 1762
f 1760 1762 1758
f 1317 1321 1323
f 1317 1323 1319
f 1319 1323 1324
f 1319 1324 1320
f 1320 1324 1322
f 1320 1322 1318
f 1465 1469 1471
f 1465 1471 1467
f 1467 1471 1472
f 1467 1472 1468
f 1468 1472 1470
f 1468 1470 1466
f 1613 1617 1619
f 1613 1619 1615
f 1615 1619 1620
f 1615 1620 1616
f 1616 1620 1618
f 1616 1618 1614
f 1761 1765 1767
f 1761 1767 1763
f 1763 1767 1768
f 1763 1768 1764
f 1764 1768 1766
f 1764 1766 1762
f 1321 1325 1327
f 1321 1327 1323
f 1323 1327 1328
f 1323 1328 1324
f 1324 1328 1326
f 1324 1326 1322
f 1469 1473 1475
f 1469 1475 1471
f 1471 1475 1476
f 1471 1476 1472
f 1472 1476 1474
f 1472 1474 1470
f 1617 1621 1623
f 1617 1623 1619
f 1619 1623 1624
f 1619 1624 1620
f 1620 1624 1622
f 1620 1622 1618
f 1765 1769 1771
f 1765 1771 1767
f 1767 1771 1772
f 1767 1772 1768
f 1768 1772 1770
f 1768 1770 1766
f 1325 1329 1331
f 1325 1331 1327
f 1327 1331 1332
f 1327 1332 1328
f 1328 1332 1330
f 1328 1330 1326
f 1473 1477 1479
f 1473 1479 1475
f 1475 1479 1480
f 1475 1480 1476
f 1476 1480 1478
f 1476 1478 1474
f 1621 1625 1627
f 1621 1627 1623
f 1623 1627 1628
f 1623 1628 1624
f 1624 1628 1626
f 1624 1626 1622
f 1769 1773 1775
f 1769 1775 1771
f 1771 1775 1776
f 1771 1776 1772
f 1772 1776 1774
f 1772 1774 1770
f 1329 1333 1335
f 1329 1335 1331
f 1331 1335 1336
f 1331 1336 1332
f 1332 1336 1334
f 1332 1334 1330
f 1477 1481 1483
f 1477 1483 1479
f 1479 1483 1484
f 1479 1484 1480
f 1480 1484 1482
f 1480 1482 1478
f 1625 1629 1631
f 1625 1631 1627
f 1627 1631 1632
f 1627 1632 1628
f 1628 1632 1630
f 1628 1630 1626
f 1773 1777 1779
f 1773 1779 1775
f 1775 1779 1780
f 1775 1780 1776
f 1776 1780 1778
f 1776 1778 1774
f 1333 1337 1339
f 1333 1339 1335
f 1335 1339 1340
f 1335 1340 1336
f 1336 1340 1338
f 1336 1338 1334
f 1481 1485 1487
f 1481 1487 1483
f 1483 1487 1488
f 1483 1488 1484
f 1484 1488 1486
f 1484 1486 1482
f 1629 1633 1635
f 1629 1635 1631
f 1631 1635 1636
f 1631 1636 1632
f 1632 1636 1634
f 1632 1634 1630
f 1777 1781 1783
f 1777 1783 1779
f 1779 1783 1784
f 1779 1784 1780
f 1780 1784 1782
f 1780 1782 1778
f 1337 1341 1343
f 1337 1343 1339
f 1339 1343 1344
f 1339 1344 1340
f 1340 1344 1342
f 1340 1342 1338
f 1485 1489 1491
f 1485 1491 1487
f 1487 1491 1492
f 1487 1492 1488
f 1488 1492 1490
f 1488 1490 1486
f 1633 1637 1639
f 1633 1639 1635
f 1635 1639 1640
f 1635 1640 1636
f 1636 1640 1638
f 1636 1638 1634
f 1781 1785 1787
f 1781 1787 1783
f 1783 1787 1788
f 1783 1788 1784
f 1784 1788 1786
f 1784 1786 1782
f 1341 1345 1347
f 1341 1347 1343
f 1343 1347 1348
f 1343 1348 1344
f 1344 1348 1346
f 1344 1346 1342
f 1489 1493 1495
f 1489 1495 1491
f 1491 1495 1496
f 1491 1496 1492
f 1492 1496 1494
f 1492 1494 1490
f 1637 1641 1643
f 1637 1643 1639
f 1639 1643 1644
f 1639 1644 1640
f 1640 1644 1642
f 1640 1642 1638
f 1785 1789 1791
f 1785 1791 1787
f 1787 1791 1792
f 1787 1792 1788
f 1788 1792 1790
f 1788 1790 1786
f 1345 1349 1351
f 1345 1351 1347
f 1347 1351 1352
f 1347 1352 1348
f 1348 1352 1350
f 1348 1350 1346
f 1493 1497 1499
f 1493 1499 1495
f 1495 1499 1500
f 1495 1500 1496
f 1496 1500 1498
f 1496 1498 1494
f 1641 1645 1647
f 1641 1647 1643
f 1643 1647 1648
f 1643 1648 1644
f 1644 1648 1646
f 1644 1646 1642
f 1789 1793 1795
f 1789 1795 1791
f 1791 1795 1796
f 1791 1796 1792
f 1792 1796 1794
f 1792 1794 1790
f 1349 1353 1355
f 1349 1355 1351
f 1351 1355 1356
f 1351 1356 1352
f 1352 1356 1354
f 1352 1354 1350
f 1497 1501 1503
f 1497 1503 1499
f 1499 1503 1504
f 1499 1504 1500
f 1500 1504 1502
f 1500 1502 1498
f 1645 1649 1651
f 1645 1651 1647
f 1647 1651 1652
f 1647 1652 1648
f 1648 1652 1650
f 1648 1650 1646
f 1793 1797 1799
f 1793 1799 1795
f 1795 1799 1800
f 1795 1800 1796
f 1796 1800 1798
f 1796 1798 1794
f 1353 1357 1359
f 1353 1359 1355
f 1355 1359 1360
f 1355 1360 1356
f 1356 1360 1358
f 1356 1358 1354
f 1501 1505 1507
f 1501 1507 1503
f 1503 1507 1508
f 1503 1508 1504
f 1504 1508 1506
f 1504 1506 1502
f 1649 1653 1655
f 1649 1655 1651
f 1651 1655 1656
f 1651 1656 1652
f 1652 1656 1654
f 1652 1654 1650
f 1797 1801 1803
f 1797 1803 1799
f 1799 1803 1804
f 1799 1804 1800
f 1800 1804 1802
f 1800 1802 1798
f 1357 1361 1363
f 1357 1363 1359
f 1359 1363 1364
f 1359 1364 1360
f 1360 1364 1362
f 1360 1362 1358
f 1505 1509 1511
f 1505 1511 1507
f 1507 1511 1512
f 1507 1512 1508
f 1508 1512 1510
f 1508 1510 1506
f 1653 1657 1659
f 1653 1659 1655
f 1655 1659 1660
f 1655 1660 1656
f 1656 1660 1658
f 1656 1658 1654
f 1801 1805 1807
f 1801 1807 1803
f 1803 1807 1808
f 1803 1808 1804
f 1804 1808 1806
f 1804 1806 1802
f 1361 1365 1367
f 1361 1367 1363
f 1363 1367 1368
f 1363 1368 1364
f 1364 1368 1366
f 1364 1366 1362
f 1509 1513 1515
f 1509 1515 1511
f 1511 1515 1516
f 1511 1516 1512
f 1512 1516 1514
f 1512 1514 1510
f 1657 1661 1663
f 1657 1663 1659
f 1659 1663 1664
f 1659 1664 1660
f 1660 1664 1662
f 1660 1662 1658
f 1805 1809 1811
f 1805 1811 1807
f 1807 1811 1812
f 1807 1812 1808
f 1808 1812 1810
f 1808 1810 1806
f 1365 1369 1371
f 1365 1371 1367
f 1367 1371 1372
f 1367 1372 1368
f 1368 1372 1370
f 1368 1370 1366
f 1513 1517 1519
f 1513 1519 1515
f 1515 1519 1520
f 1515 1520 1516
f 1516 1520 1518
f 1516 1518 1514
f 1661 1665 1667
f 1661 1667 1663
f 1663 1667 1668
f 1663 1668 1664
f 1664 1668 1666
f 1664 1666 1662
f 1809 1813 1815
f 1809 1815 1811
f 1811 1815 1816
f 1811 1816 1812
f 1812 1816 1814
f 1812 1814 1810
f 1369 1373 1375
f 1369 1375 1371
f 1371 1375 1376
f 1371 1376 1372
f 1372 1376 1374
f 1372 1374 1370
f 1517 1521 1523
f 1517 1523 1519
f 1519 1523 1524
f 1519 1524 1520
f 1520 1524 1522
f 1520 1522 1518
f 1665 1669 1671
f 1665 1671 1667
f 1667 1671 1672
f 1667 1672 1668
f 1668 1672 1670
f 1668 1670 1666
f 1813 1817 1819
f 1813 1819 1815
f 1815 1819 1820
f 1815 1820 1816
f 1816 1820 1818
f 1816 1818 1814
f 1373 1377 1379
f 1373 1379 1375
f 1375 1379 1380
f 1375 1380 1376
f 1376 1380 1378
f 1376 1378 1374
f 1521 1525 1527
f 1521 1527 1523
f 1523 1527 1528
f 1523 1528 1524
f 1524 1528 1526
f 1524 1526 1522
f 1669 1673 1675
f 1669 1675 1671
f 1671 1675 1676
f 1671 1676 1672
f 1672 1676 1674
f 1672 1674 1670
f 1817 1821 1823
f 1817 1823 1819
f 1819 1823 1824
f 1819 1824 1820
f 1820 1824 1822
f 1820 1822 1818
f 1377 1381 1383
f 1377 1383 1379
f 1379 1383 1384
f 1379 1384 1380
f 1380 1384 1382
f 1380 1382 1378
f 1525 1529 1531
f 1525 1531 1527
f 1527 1531 1532
f 1527 1532 1528
f 1528 1532 1530
f 1528 1530 1526
f 1673 1677 1679
f 1673 1679 1675
f 1675 1679 1680
f 1675 1680 1676
f 1676 1680 1678
f 1676 1678 1674
f 1821 1825 1827
f 1821 1827 1823
f 1823 1827 1828
f 1823 1828 1824
f 1824 1828 1826
f 1824 1826 1822
f 1381 1385 1387
f 1381 1387 1383
f 1383 1387 1388
f 1383 1388 1384
f 1384 1388 1386
f 1384 1386 1382
f 1529 1533 1535
f 1529 1535 1531
f 1531 1535 1536
f 1531 1536 1532
f 1532 1536 1534
f 1532 1534 1530
f 1677 1681 1683
f 1677 1683 1679
f 1679 1683 1684
f 1679 1684 1680
f 1680 1684 1682
f 1680 1682 1678
f 1825 1829 1831
f 1825 1831 1827
f 1827 1831 1832
f 1827 1832 1828
f 1828 1832 1830
f 1828 1830 1826
f 1385 1389 1391
f 1385 1391 1387
f 1387 1391 1392
f 1387 1392 1388
f 1388 1392 1390
f 1388 1390 1386
f 1533 1537 1539
f 1533 1539 1535
f 1535 1539 1540
f 1535 1540 1536
f 1536 1540 1538
f 1536 1538 1534
f 1681 1685 1687
f 1681 1687 1683
f 1683 1687 1688
f 1683 1688 1684
f 1684 1688 1686
f 1684 1686 1682
f 1829 1833 1835
f 1829 1835 1831
f 1831 1835 1836
f 1831 1836 1832
f 1832 1836 1834
f 1832 1834 1830
f 1389 1393 1395
f 1389 1395 1391
f 1391 1395 1396
f 1391 1396 1392
f 1392 1396 1394
f 1392 1394 1390
f 1537 1541 1543
f 1537 1543 1539
f 1539 1543 1544
f 1539 1544 1540
f 1540 1544 1542
f 1540 1542 1538
f 1685 1689 1691
f 1685 1691 1687
f 1687 1691 1692
f 1687 1692 1688
f 1688 1692 1690
f 1688 1690 1686
f 1833 1837 1839
f 1833 1839 1835
f 1835 1839 1840
f 1835 1840 1836
f 1836 1840 1838
f 1836 1838 1834
f 1393 1397 1399
f 1393 1399 1395
f 1395 1399 1400
f 1395 1400 1396
f 1396 1400 1398
f 1396 1398 1394
f 1541 1545 1547
f 1541 1547 1543
f 1543 1547 1548
f 1543 1548 1544
f 1544 1548 1546
f 1544 1546 1542
f 1689 1693 1695
f 1689 1695 1691
f 1691 1695 1696
f 1691 1696 1692
f 1692 1696 1694
f 1692 1694 1690
f 1837 1841 1843
f 1837 1843 1839
f 1839 1843 1844
f 1839 1844 1840
f 1840 1844 1842
f 1840 1842 1838
f 1397 1401 1403
f 1397 1403 1399
f 1399 1403 1404
f 1399 1404 1400
f 1400 1404 1402
f 1400 1402 1398
f 1545 1549 1551
f 1545 1551 1547
f 1547 1551 1552
f 1547 1552 1548
f 1548 1552 1550
f 1548 1550 1546
f 1693 1697 1699
f 1693 1699 1695
f 1695 1699 1700
f 1695 1700 1696
f 1696 1700 1698
f 1696 1698 1694
f 1841 1845 1847
f 1841 1847 1843
f 1843 1847 1848
f 1843 1848 1844
f 1844 1848 1846
f 1844 1846 1842
f 1401 1405 1407
f 1401 1407 1403
f 1403 1407 1408
f 1403 1408 1404
f 1404 1408 1406
f 1404 1406 1402
f 1549 1553 1555
f 1549 1555 1551
f 1551 1555 1556
f 1551 1556 1552
f 1552 1556 1554
f 1552 1554 1550
f 1697 1701 1703
f 1697 1703 1699
f 1699 1703 1704
f 1699 1704 1700
f 1700 1704 1702
f 1700 1702 1698
f 1845 1849 1851
f 1845 1851 1847
f 1847 1851 1852
f 1847 1852 1848
f 1848 1852 1850
f 1848 1850 1846
f 1405 1409 1411
f 1405 1411 1407
f 1407 1411 1412
f 1407 1412 1408
f 1408 1412 1410
f 1408 1410 1406
f 1553 1557 1559
f 1553 1559 1555
f 1555 1559 1560
f 1555 1560 1556
f 1556 1560 1558
f 1556 1558 1554
f 1701 1705 1707
f 1701 1707 1703
f 1703 1707 1708
f 1703 1708 1704
f 1704 1708 1706
f 1704 1706 1702
f 1849 1853 1855
f 1849 1855 1851
f 1851 1855 1856
f 1851 1856 1852
f 1852 1856 1854
f 1852 1854 1850
f 1409 1413 1415
f 1409 1415 1411
f 1411 1415 1416
f 1411 1416 1412
f 1412 1416 1414
f 1412 1414 1410
f 1557 1561 1563
f 1557 1563 1559
f 1559 1563 1564
f 1559 1564 1560
f 1560 1564 1562
f 1560 1562 1558
f 1705 1709 1711
f 1705 1711 1707
f 1707 1711 1712
f 1707 1712 1708
f 1708 1712 1710
f 1708 1710 1706
f 1853 1857 1859
f 1853 1859 1855
f 1855 1859 1860
f 1855 1860 1856
f 1856 1860 1858
f 1856 1858 1854
f 1413 1417 1421
f 1413 1421 1415
f 1415 1421 1426
f 1415 1426 1416
f 1416 1426 1419
f 1416 1419 1414
f 1418 1565 1569
f 1418 1569 1423
f 1423 1569 1574
f 1423 1574 1427
f 1427 1574 1567
f 1427 1567 1419
f 1561 1567 1575
f 1561 1575 1563
f 1563 1575 1571
f 1563 1571 1564
f 1564 1571 1566
f 1564 1566 1562
f 1709 1714 1720
f 1709 1720 1711
f 1711 1720 1716
f 1711 1716 1712
f 1712 1716 1713
f 1712 1713 1710
f 1857 1861 1865
f 1857 1865 1859
f 1859 1865 1870
f 1859 1870 1860
f 1860 1870 1863
f 1860 1863 1858
f 1714 1863 1871
f 1714 1871 1719
f 1719 1871 1867
f 1719 1867 1723
f 1723 1867 1862
f 1723 1862 1715
f 1417 1713 1717
f 1417 1717 1420
f 1420 1717 1722
f 1420 1722 1424
f 1424 1722 1715
f 1424 1715 1418
f 1565 1862 1868
f 1565 1868 1568
f 1568 1868 1864
f 1568 1864 1572
f 1572 1864 1861
f 1572 1861 1566
f 1281 1429 1725
f 1281 1725 1578
f 1283 1294 1441
f 1283 1441 1430
f 1282 1577 1590
f 1282 1590 1293
f 1293 1590 1594
f 1293 1594 1297
f 1294 1298 1445
f 1294 1445 1441
f 1297 1594 1598
f 1297 1598 1301
f 1298 1302 1449
f 1298 1449 1445
f 1301 1598 1602
f 1301 1602 1305
f 1302 1306 1453
f 1302 1453 1449
f 1305 1602 1606
f 1305 1606 1309
f 1306 1310 1457
f 1306 1457 1453
f 1309 1606 1610
f 1309 1610 1313
f 1310 1314 1461
f 1310 1461 1457
f 1313 1610 1614
f 1313 1614 1317
f 1314 1318 1465
f 1314 1465 1461
f 1317 1614 1618
f 1317 1618 1321
f 1318 1322 1469
f 1318 1469 1465
f 1321 1618 1622
f 1321 1622 1325
f 1322 1326 1473
f 1322 1473 1469
f 1325 1622 1626
f 1325 1626 1329
f 1326 1330 1477
f 1326 1477 1473
f 1329 1626 1630
f 1329 1630 1333
f 1330 1334 1481
f 1330 1481 1477
f 1333 1630 1634
f 1333 1634 1337
f 1334 1338 1485
f 1334 1485 1481
f 1337 1634 1638
f 1337 1638 1341
f 1338 1342 1489
f 1338 1489 1485
f 1341 1638 1642
f 1341 1642 1345
f 1342 1346 1493
f 1342 1493 1489
f 1345 1642 1646
f 1345 1646 1349
f 1346 1350 1497
f 1346 1497 1493
f 1349 1646 1650
f 1349 1650 1353
f 1350 1354 1501
f 1350 1501 1497
f 1353 1650 1654
f 1353 1654 1357
f 1354 1358 1505
f 1354 1505 1501
f 1357 1654 1658
f 1357 1658 1361
f 1358 1362 1509
f 1358 1509 1505
f 1361 1658 1662
f 1361 1662 1365
f 1362 1366 1513
f 1362 1513 1509
f 1365 1662 1666
f 1365 1666 1369
f 1366 1370 1517
f 1366 1517 1513
f 1369 1666 1670
f 1369 1670 1373
f 1370 1374 1521
f 1370 1521 1517
f 1373 1670 1674
f 1373 1674 1377
f 1374 1378 1525
f 1374 1525 1521
f 1377 1674 1678
f 1377 1678 1381
f 1378 1382 1529
f 1378 1529 1525
f 1381 1678 1682
f 1381 1682 1385
f 1382 1386 1533
f 1382 1533 1529
f 1385 1682 1686
f 1385 1686 1389
f 1386 1390 1537
f 1386 1537 1533
f 1389 1686 1690
f 1389 1690 1393
f 1390 1394 1541
f 1390 1541 1537
f 1393 1690 1694
f 1393 1694 1397
f 1394 1398 1545
f 1394 1545 1541
f 1397 1694 1698
f 1397 1698 1401
f 1398 1402 1549
f 1398 1549 1545
f 1401 1698 1702
f 1401 1702 1405
f 1402 1406 1553
f 1402 1553 1549
f 1405 1702 1706
f 1405 1706 1409
f 1406 1410 1557
f 1406 1557 1553
f 1409 1706 1710
f 1409 1710 1413
f 1410 1414 1561
f 1410 1561 1557
f 1413 1710 1713
f 1413 1713 1417
f 1414 1419 1567
f 1414 1567 1561
f 1715 1862 1565
f 1715 1565 1418
f 1431 1442 1737
f 1431 1737 1726
f 1442 1446 1741
f 1442 1741 1737
f 1446 1450 1745
f 1446 1745 1741
f 1450 1454 1749
f 1450 1749 1745
f 1454 1458 1753
f 1454 1753 1749
f 1458 1462 1757
f 1458 1757 1753
f 1462 1466 1761
f 1462 1761 1757
f 1466 1470 1765
f 1466 1765 1761
f 1470 1474 1769
f 1470 1769 1765
f 1474 1478 1773
f 1474 1773 1769
f 1478 1482 1777
f 1478 1777 1773
f 1482 1486 1781
f 1482 1781 1777
f 1486 1490 1785
f 1486 1785 1781
f 1490 1494 1789
f 1490 1789 1785
f 1494 1498 1793
f 1494 1793 1789
f 1498 1502 1797
f 1498 1797 1793
f 1502 1506 1801
f 1502 1801 1797
f 1506 1510 1805
f 1506 1805 1801
f 1510 1514 1809
f 1510 1809 1805
f 1514 1518 1813
f 1514 1813 1809
f 1518 1522 1817
f 1518 1817 1813
f 1522 1526 1821
f 1522 1821 1817
f 1526 1530 1825
f 1526 1825 1821
f 1530 1534 1829
f 1530 1829 1825
f 1534 1538 1833
f 1534 1833 1829
f 1538 1542 1837
f 1538 1837 1833
f 1542 1546 1841
f 1542 1841 1837
f 1546 1550 1845
f 1546 1845 1841
f 1550 1554 1849
f 1550 1849 1845
f 1554 1558 1853
f 1554 1853 1849
f 1558 1562 1857
f 1558 1857 1853
f 1562 1566 1861
f 1562 1861 1857
f 1579 1727 1738
f 1579 1738 1589
f 1589 1738 1742
f 1589 1742 1593
f 1593 1742 1746
f 1593 1746 1597
f 1597 1746 1750
f 1597 1750 1601
f 1601 1750 1754
f 1601 1754 1605
f 1605 1754 1758
f 1605 1758 1609
f 1609 1758 1762
f 1609 1762 1613
f 1613 1762 1766
f 1613 1766 1617
f 1617 1766 1770
f 1617 1770 1621
f 1621 1770 1774
f 1621 1774 1625
f 1625 1774 1778
f 1625 1778 1629
f 1629 1778 1782
f 1629 1782 1633
f 1633 1782 1786
f 1633 1786 1637
f 1637 1786 1790
f 1637 1790 1641
f 1641 1790 1794
f 1641 1794 1645
f 1645 1794 1798
f 1645 1798 1649
f 1649 1798 1802
f 1649 1802 1653
f 1653 1802 1806
f 1653 1806 1657
f 1657 1806 1810
f 1657 1810 1661
f 1661 1810 1814
f 1661 1814 1665
f 1665 1814 1818
f 1665 1818 1669
f 1669 1818 1822
f 1669 1822 1673
f 1673 1822 1826
f 1673 1826 1677
f 1677 1826 1830
f 1677 1830 1681
f 1681 1830 1834
f 1681 1834 1685
f 1685 1834 1838
f 1685 1838 1689
f 1689 1838 1842
f 1689 1842 1693
f 1693 1842 1846
f 1693 1846 1697
f 1697 1846 1850
f 1697 1850 1701
f 1701 1850 1854
f 1701 1854 1705
f 1705 1854 1858
f 1705 1858 1709
f 1709 1858 1863
f 1709 1863 1714
f 1874 1884 1887
f 1874 1887 1877
f 1877 1887 1886
f 1877 1886 1876
f 1876 1886 1885
f 1876 1885 1875
f 1875 1885 1883
f 1875 1883 1873
f 1889 1879 1882
f 1889 1882 1892
f 1892 1882 1881
f 1892 1881 1891
f 1891 1881 1880
f 1891 1880 1890
f 1890 1880 1878
f 1890 1878 1888
f 1884 1894 1897
f 1884 1897 1887
f 1887 1897 1896
f 1887 1896 1886
f 1886 1896 1895
f 1886 1895 1885
f 1885 1895 1893
f 1885 1893 1883
f 1899 1889 1892
f 1899 1892 1902
f 1902 1892 1891
f 1902 1891 1901
f 1901 1891 1890
f 1901 1890 1900
f 1900 1890 1888
f 1900 1888 1898
f 1894 1904 1907
f 1894 1907 1897
f 1897 1907 1906
f 1897 1906 1896
f 1896 1906 1905
f 1896 1905 1895
f 1895 1905 1903
f 1895 1903 1893
f 1909 1899 1902
f 1909 1902 1912
f 1912 1902 1901
f 1912 1901 1911
f 1911 1901 1900
f 1911 1900 1910
f 1910 1900 1898
f 1910 1898 1908
f 1904 1914 1917
f 1904 1917 1907
f 1907 1917 1916
f 1907 1916 1906
f 1906 1916 1915
f 1906 1915 1905
f 1905 1915 1913
f 1905 1913 1903
f 1919 1909 1912
f 1919 1912 1922
f 1922 1912 1911
f 1922 1911 1921
f 1921 1911 1910
f 1921 1910 1920
f 1920 1910 1908
f 1920 1908 1918
f 1914 1924 1927
f 1914 1927 1917
f 1917 1927 1926
f 1917 1926 1916
f 1916 1926 1925
f 1916 1925 1915
f 1915 1925 1923
f 1915 1923 1913
f 1929 1919 1922
f 1929 1922 1932
f 1932 1922 1921
f 1932 1921 1931
f 1931 1921 1920
f 1931 1920 1930
f 1930 1920 1918
f 1930 1918 1928
f 1924 1934 1937
f 1924 1937 1927
f 1927 1937 1936
f 1927 1936 1926
f 1926 1936 1935
f 1926 1935 1925
f 1925 1935 1933
f 1925 1933 1923
f 1939 1929 1932
f 1939 1932 1942
f 1942 1932 1931
f 1942 1931 1941
f 1941 1931 1930
f 1941 1930 1940
f 1940 1930 1928
f 1940 1928 1938
f 1934 1944 1947
f 1934 1947 1937
f 1937 1947 1946
f 1937 1946 1936
f 1936 1946 1945
f 1936 1945 1935
f 1935 1945 1943
f 1935 1943 1933
f 1949 1939 1942
f 1949 1942 1952
f 1952 1942 1941
f 1952 1941 1951
f 1951 1941 1940
f 1951 1940 1950
f 1950 1940 1938
f 1950 1938 1948
f 1944 1954 1957
f 1944 1957 1947
f 1947 1957 1956
f 1947 1956 1946
f 1946 1956 1955
f 1946 1955 1945
f 1945 1955 1953
f 1945 1953 1943
f 1959 1949 1952
f 1959 1952 1962
f 1962 1952 1951
f 1962 1951 1961
f 1961 1951 1950
f 1961 1950 1960
f 1960 1950 1948
f 1960 1948 1958
f 1954 1964 1967
f 1954 1967 1957
f 1957 1967 1966
f 1957 1966 1956
f 1956 1966 1965
f 1956 1965 1955
f 1955 1965 1963
f 1955 1963 1953
f 1969 1959 1962
f 1969 1962 1972
f 1972 1962 1961
f 1972 1961 1971
f 1971 1961 1960
f 1971 1960 1970
f 1970 1960 1958
f 1970 1958 1968
f 1964 1974 1977
f 1964 1977 1967
f 1967 1977 1976
f 1967 1976 1966
f 1966 1976 1975
f 1966 1975 1965
f 1965 1975 1973
f 1965 1973 1963
f 1979 1969 1972
f 1979 1972 1982
f 1982 1972 1971
f 1982 1971 1981
f 1981 1971 1970
f 1981 1970 1980
f 1980 1970 1968
f 1980 1968 1978
f 1974 1984 1987
f 1974 1987 1977
f 1977 1987 1986
f 1977 1986 1976
f 1976 1986 1985
f 1976 1985 1975
f 1975 1985 1983
f 1975 1983 1973
f 1989 1979 1982
f 1989 1982 1992
f 1992 1982 1981
f 1992 1981 1991
f 1991 1981 1980
f 1991 1980 1990
f 1990 1980 1978
f 1990 1978 1988
f 1984 1994 1997
f 1984 1997 1987
f 1987 1997 1996
f 1987 1996 1986
f 1986 1996 1995
f 1986 1995 1985
f 1985 1995 1993
f 1985 1993 1983
f 1999 1989 1992
f 1999 1992 2002
f 2002 1992 1991
f 2002 1991 2001
f 2001 1991 1990
f 2001 1990 2000
f 2000 1990 1988
f 2000 1988 1998
f 1994 2004 2007
f 1994 2007 1997
f 1997 2007 2006
f 1997 2006 1996
f 1996 2006 2005
f 1996 2005 1995
f 1995 2005 2003
f 1995 2003 1993
f 2009 1999 2002
f 2009 2002 2012
f 2012 2002 2001
f 2012 2001 2011
f 2011 2001 2000
f 2011 2000 2010
f 2010 2000 1998
f 2010 1998 2008
f 2004 2014 2017
f 2004 2017 2007
f 2007 2017 2016
f 2007 2016 2006
f 2006 2016 2015
f 2006 2015 2005
f 2005 2015 2013
f 2005 2013 2003
f 2019 2009 2012
f 2019 2012 2022
f 2022 2012 2011
f 2022 2011 2021
f 2021 2011 2010
f 2021 2010 2020
f 2020 2010 2008
f 2020 2008 2018
f 2014 2024 2027
f 2014 2027 2017
f 2017 2027 2026
f 2017 2026 2016
f 2016 2026 2025
f 2016 2025 2015
f 2015 2025 2023
f 2015 2023 2013
f 2029 2019 2022
f 2029 2022 2032
f 2032 2022 2021
f 2032 2021 2031
f 2031 2021 2020
f 2031 2020 2030
f 2030 2020 2018
f 2030 2018 2028
f 2024 2034 2037
f 2024 2037 2027
f 2027 2037 2036
f 2027 2036 2026
f 2026 2036 2035
f 2026 2035 2025
f 2025 2035 2033
f 2025 2033 2023
f 2039 2029 2032
f 2039 2032 2042
f 2042 2032 2031
f 2042 2031 2041
f 2041 2031 2030
f 2041 2030 2040
f 2040 2030 2028
f 2040 2028 2038
f 2034 2044 2047
f 2034 2047 2037
f 2037 2047 2046
f 2037 2046 2036
f 2036 2046 2045
f 2036 2045 2035
f 2035 2045 2043
f 2035 2043 2033
f 2049 2039 2042
f 2049 2042 2052
f 2052 2042 2041
f 2052 2041 2051
f 2051 2041 2040
f 2051 2040 2050
f 2050 2040 2038
f 2050 2038 2048
f 2044 2054 2057
f 2044 2057 2047
f 2047 2057 2056
f 2047 2056 2046
f 2046 2056 2055
f 2046 2055 2045
f 2045 2055 2053
f 2045 2053 2043
f 2059 2049 2052
f 2059 2052 2062
f 2062 2052 2051
f 2062 2051 2061
f 2061 2051 2050
f 2061 2050 2060
f 2060 2050 2048
f 2060 2048 2058
f 2054 2064 2067
f 2054 2067 2057
f 2057 2067 2066
f 2057 2066 2056
f 2056 2066 2065
f 2056 2065 2055
f 2055 2065 2063
f 2055 2063 2053
f 2069 2059 2062
f 2069 2062 2072
f 2072 2062 2061
f 2072 2061 2071
f 2071 2061 2060
f 2071 2060 2070
f 2070 2060 2058
f 2070 2058 2068
f 2064 2074 2077
f 2064 2077 2067
f 2067 2077 2076
f 2067 2076 2066
f 2066 2076 2075
f 2066 2075 2065
f 2065 2075 2073
f 2065 2073 2063
f 2079 2069 2072
f 2079 2072 2082
f 2082 2072 2071
f 2082 2071 2081
f 2081 2071 2070
f 2081 2070 2080
f 2080 2070 2068
f 2080 2068 2078
f 2074 2084 2087
f 2074 2087 2077
f 2077 2087 2086
f 2077 2086 2076
f 2076 2086 2085
f 2076 2085 2075
f 2075 2085 2083
f 2075 2083 2073
f 2089 2079 2082
f 2089 2082 2092
f 2092 2082 2081
f 2092 2081 2091
f 2091 2081 2080
f 2091 2080 2090
f 2090 2080 2078
f 2090 2078 2088
f 2084 2094 2097
f 2084 2097 2087
f 2087 2097 2096
f 2087 2096 2086
f 2086 2096 2095
f 2086 2095 2085
f 2085 2095 2093
f 2085 2093 2083
f 2099 2089 2092
f 2099 2092 2102
f 2102 2092 2091
f 2102 2091 2101
f 2101 2091 2090
f 2101 2090 2100
f 2100 2090 2088
f 2100 2088 2098
f 2094 2104 2107
f 2094 2107 2097
f 2097 2107 2106
f 2097 2106 2096
f 2096 2106 2105
f 2096 2105 2095
f 2095 2105 2103
f 2095 2103 2093
f 2109 2099 2102
f 2109 2102 2112
f 2112 2102 2101
f 2112 2101 2111
f 2111 2101 2100
f 2111 2100 2110
f 2110 2100 2098
f 2110 2098 2108
f 2104 2114 2117
f 2104 2117 2107
f 2107 2117 2116
f 2107 2116 2106
f 2106 2116 2115
f 2106 2115 2105
f 2105 2115 2113
f 2105 2113 2103
f 2119 2109 2112
f 2119 2112 2122
f 2122 2112 2111
f 2122 2111 2121
f 2121 2111 2110
f 2121 2110 2120
f 2120 2110 2108
f 2120 2108 2118
f 2114 2124 2127
f 2114 2127 2117
f 2117 2127 2126
f 2117 2126 2116
f 2116 2126 2125
f 2116 2125 2115
f 2115 2125 2123
f 2115 2123 2113
f 2129 2119 2122
f 2129 2122 2132
f 2132 2122 2121
f 2132 2121 2131
f 2131 2121 2120
f 2131 2120 2130
f 2130 2120 2118
f 2130 2118 2128
f 2124 2134 2137
f 2124 2137 2127
f 2127 2137 2136
f 2127 2136 2126
f 2126 2136 2135
f 2126 2135 2125
f 2125 2135 2133
f 2125 2133 2123
f 2139 2129 2132
f 2139 2132 2142
f 2142 2132 2131
f 2142 2131 2141
f 2141 2131 2130
f 2141 2130 2140
f 2140 2130 2128
f 2140 2128 2138
f 2134 2144 2147
f 2134 2147 2137
f 2137 2147 2146
f 2137 2146 2136
f 2136 2146 2145
f 2136 2145 2135
f 2135 2145 2143
f 2135 2143 2133
f 2149 2139 2142
f 2149 2142 2152
f 2152 2142 2141
f 2152 2141 2151
f 2151 2141 2140
f 2151 2140 2150
f 2150 2140 2138
f 2150 2138 2148
f 2144 2154 2157
f 2144 2157 2147
f 2147 2157 2156
f 2147 2156 2146
f 2146 2156 2155
f 2146 2155 2145
f 2145 2155 2153
f 2145 2153 2143
f 2159 2149 2152
f 2159 2152 2162
f 2162 2152 2151
f 2162 2151 2161
f 2161 2151 2150
f 2161 2150 2160
f 2160 2150 2148
f 2160 2148 2158
f 2154 2164 2167
f 2154 2167 2157
f 2157 2167 2166
f 2157 2166 2156
f 2156 2166 2165
f 2156 2165 2155
f 2155 2165 2163
f 2155 2163 2153
f 2169 2159 2162
f 2169 2162 2172
f 2172 2162 2161
f 2172 2161 2171
f 2171 2161 2160
f 2171 2160 2170
f 2170 2160 2158
f 2170 2158 2168
f 2164 2174 2177
f 2164 2177 2167
f 2167 2177 2176
f 2167 2176 2166
f 2166 2176 2175
f 2166 2175 2165
f 2165 2175 2173
f 2165 2173 2163
f 2179 2169 2172
f 2179 2172 2182
f 2182 2172 2171
f 2182 2171 2181
f 2181 2171 2170
f 2181 2170 2180
f 2180 2170 2168
f 2180 2168 2178
f 2174 2184 2187
f 2174 2187 2177
f 2177 2187 2186
f 2177 2186 2176
f 2176 2186 2185
f 2176 2185 2175
f 2175 2185 2183
f 2175 2183 2173
f 2189 2179 2182
f 2189 2182 2192
f 2192 2182 2181
f 2192 2181 2191
f 2191 2181 2180
f 2191 2180 2190
f 2190 2180 2178
f 2190 2178 2188
f 2184 2194 2197
f 2184 2197 2187
f 2187 2197 2196
f 2187 2196 2186
f 2186 2196 2195
f 2186 2195 2185
f 2185 2195 2193
f 2185 2193 2183
f 2199 2189 2192
f 2199 2192 2202
f 2202 2192 2191
f 2202 2191 2201
f 2201 2191 2190
f 2201 2190 2200
f 2200 2190 2188
f 2200 2188 2198
f 2194 2204 2207
f 2194 2207 2197
f 2197 2207 2206
f 2197 2206 2196
f 2196 2206 2205
f 2196 2205 2195
f 2195 2205 2203
f 2195 2203 2193
f 2209 2199 2202
f 2209 2202 2212
f 2212 2202 2201
f 2212 2201 2211
f 2211 2201 2200
f 2211 2200 2210
f 2210 2200 2198
f 2210 2198 2208
f 2204 2214 2217
f 2204 2217 2207
f 2207 2217 2216
f 2207 2216 2206
f 2206 2216 2215
f 2206 2215 2205
f 2205 2215 2213
f 2205 2213 2203
f 2219 2209 2212
f 2219 2212 2222
f 2222 2212 2211
f 2222 2211 2221
f 2221 2211 2210
f 2221 2210 2220
f 2220 2210 2208
f 2220 2208 2218
f 2214 2224 2227
f 2214 2227 2217
f 2217 2227 2226
f 2217 2226 2216
f 2216 2226 2225
f 2216 2225 2215
f 2215 2225 2223
f 2215 2223 2213
f 2229 2219 2222
f 2229 2222 2232
f 2232 2222 2221
f 2232 2221 2231
f 2231 2221 2220
f 2231 2220 2230
f 2230 2220 2218
f 2230 2218 2228
f 2224 2234 2237
f 2224 2237 2227
f 2227 2237 2236
f 2227 2236 2226
f 2226 2236 2235
f 2226 2235 2225
f 2225 2235 2233
f 2225 2233 2223
f 2239 2229 2232
f 2239 2232 2242
f 2242 2232 2231
f 2242 2231 2241
f 2241 2231 2230
f 2241 2230 2240
f 2240 2230 2228
f 2240 2228 2238
f 2234 2244 2247
f 2234 2247 2237
f 2237 2247 2246
f 2237 2246 2236
f 2236 2246 2245
f 2236 2245 2235
f 2235 2245 2243
f 2235 2243 2233
f 2249 2239 2242
f 2249 2242 2252
f 2252 2242 2241
f 2252 2241 2251
f 2251 2241 2240
f 2251 2240 2250
f 2250 2240 2238
f 2250 2238 2248
f 2244 2254 2257
f 2244 2257 2247
f 2247 2257 2256
f 2247 2256 2246
f 2246 2256 2255
f 2246 2255 2245
f 2245 2255 2253
f 2245 2253 2243
f 2259 2249 2252
f 2259 2252 2262
f 2262 2252 2251
f 2262 2251 2261
f 2261 2251 2250
f 2261 2250 2260
f 2260 2250 2248
f 2260 2248 2258
f 2254 2264 2267
f 2254 2267 2257
f 2257 2267 2266
f 2257 2266 2256
f 2256 2266 2265
f 2256 2265 2255
f 2255 2265 2263
f 2255 2263 2253
f 2269 2259 2262
f 2269 2262 2272
f 2272 2262 2261
f 2272 2261 2271
f 2271 2261 2260
f 2271 2260 2270
f 2270 2260 2258
f 2270 2258 2268
f 2264 2274 2277
f 2264 2277 2267
f 2267 2277 2276
f 2267 2276 2266
f 2266 2276 2275
f 2266 2275 2265
f 2265 2275 2273
f 2265 2273 2263
f 2279 2269 2272
f 2279 2272 2282
f 2282 2272 2271
f 2282 2271 2281
f 2281 2271 2270
f 2281 2270 2280
f 2280 2270 2268
f 2280 2268 2278
f 2274 2284 2287
f 2274 2287 2277
f 2277 2287 2286
f 2277 2286 2276
f 2276 2286 2285
f 2276 2285 2275
f 2275 2285 2283
f 2275 2283 2273
f 2289 2279 2282
f 2289 2282 2292
f 2292 2282 2281
f 2292 2281 2291
f 2291 2281 2280
f 2291 2280 2290
f 2290 2280 2278
f 2290 2278 2288
f 2284 2294 2297
f 2284 2297 2287
f 2287 2297 2296
f 2287 2296 2286
f 2286 2296 2295
f 2286 2295 2285
f 2285 2295 2293
f 2285 2293 2283
f 2299 2289 2292
f 2299 2292 2302
f 2302 2292 2291
f 2302 2291 2301
f 2301 2291 2290
f 2301 2290 2300
f 2300 2290 2288
f 2300 2288 2298
f 2294 2304 2307
f 2294 2307 2297
f 2297 2307 2306
f 2297 2306 2296
f 2296 2306 2305
f 2296 2305 2295
f 2295 2305 2303
f 2295 2303 2293
f 2309 2299 2302
f 2309 2302 2312
f 2312 2302 2301
f 2312 2301 2311
f 2311 2301 2300
f 2311 2300 2310
f 2310 2300 2298
f 2310 2298 2308
f 2304 2314 2317
f 2304 2317 2307
f 2307 2317 2316
f 2307 2316 2306
f 2306 2316 2315
f 2306 2315 2305
f 2305 2315 2313
f 2305 2313 2303
f 2319 2309 2312
f 2319 2312 2322
f 2322 2312 2311
f 2322 2311 2321
f 2321 2311 2310
f 2321 2310 2320
f 2320 2310 2308
f 2320 2308 2318
f 2314 2324 2327
f 2314 2327 2317
f 2317 2327 2326
f 2317 2326 2316
f 2316 2326 2325
f 2316 2325 2315
f 2315 2325 2323
f 2315 2323 2313
f 2329 2319 2322
f 2329 2322 2332
f 2332 2322 2321
f 2332 2321 2331
f 2331 2321 2320
f 2331 2320 2330
f 2330 2320 2318
f 2330 2318 2328
f 2324 2334 2337
f 2324 2337 2327
f 2327 2337 2336
f 2327 2336 2326
f 2326 2336 2335
f 2326 2335 2325
f 2325 2335 2333
f 2325 2333 2323
f 2339 2329 2332
f 2339 2332 2342
f 2342 2332 2331
f 2342 2331 2341
f 2341 2331 2330
f 2341 2330 2340
f 2340 2330 2328
f 2340 2328 2338
f 2334 2344 2347
f 2334 2347 2337
f 2337 2347 2346
f 2337 2346 2336
f 2336 2346 2345
f 2336 2345 2335
f 2335 2345 2343
f 2335 2343 2333
f 2349 2339 2342
f 2349 2342 2352
f 2352 2342 2341
f 2352 2341 2351
f 2351 2341 2340
f 2351 2340 2350
f 2350 2340 2338
f 2350 2338 2348
f 2344 2354 2357
f 2344 2357 2347
f 2347 2357 2356
f 2347 2356 2346
f 2346 2356 2355
f 2346 2355 2345
f 2345 2355 2353
f 2345 2353 2343
f 2359 2349 2352
f 2359 2352 2362
f 2362 2352 2351
f 2362 2351 2361
f 2361 2351 2350
f 2361 2350 2360
f 2360 2350 2348
f 2360 2348 2358
f 2354 2364 2367
f 2354 2367 2357
f 2357 2367 2366
f 2357 2366 2356
f 2356 2366 2365
f 2356 2365 2355
f 2355 2365 2363
f 2355 2363 2353
f 2369 2359 2362
f 2369 2362 2372
f 2372 2362 2361
f 2372 2361 2371
f 2371 2361 2360
f 2371 2360 2370
f 2370 2360 2358
f 2370 2358 2368
f 2364 2374 2377
f 2364 2377 2367
f 2367 2377 2376
f 2367 2376 2366
f 2366 2376 2375
f 2366 2375 2365
f 2365 2375 2373
f 2365 2373 2363
f 2379 2369 2372
f 2379 2372 2382
f 2382 2372 2371
f 2382 2371 2381
f 2381 2371 2370
f 2381 2370 2380
f 2380 2370 2368
f 2380 2368 2378
f 2374 2384 2387
f 2374 2387 2377
f 2377 2387 2386
f 2377 2386 2376
f 2376 2386 2385
f 2376 2385 2375
f 2375 2385 2383
f 2375 2383 2373
f 2389 2379 2382
f 2389 2382 2392
f 2392 2382 2381
f 2392 2381 2391
f 2391 2381 2380
f 2391 2380 2390
f 2390 2380 2378
f 2390 2378 2388
f 2384 2394 2397
f 2384 2397 2387
f 2387 2397 2396
f 2387 2396 2386
f 2386 2396 2395
f 2386 2395 2385
f 2385 2395 2393
f 2385 2393 2383
f 2399 2389 2392
f 2399 2392 2402
f 2402 2392 2391
f 2402 2391 2401
f 2401 2391 2390
f 2401 2390 2400
f 2400 2390 2388
f 2400 2388 2398
f 2394 2404 2407
f 2394 2407 2397
f 2397 2407 2406
f 2397 2406 2396
f 2396 2406 2405
f 2396 2405 2395
f 2395 2405 2403
f 2395 2403 2393
f 2409 2399 2402
f 2409 2402 2412
f 2412 2402 2401
f 2412 2401 2411
f 2411 2401 2400
f 2411 2400 2410
f 2410 2400 2398
f 2410 2398 2408
f 2404 2414 2417
f 2404 2417 2407
f 2407 2417 2416
f 2407 2416 2406
f 2406 2416 2415
f 2406 2415 2405
f 2405 2415 2413
f 2405 2413 2403
f 2419 2409 2412
f 2419 2412 2422
f 2422 2412 2411
f 2422 2411 2421
f 2421 2411 2410
f 2421 2410 2420
f 2420 2410 2408
f 2420 2408 2418
f 2414 2424 2427
f 2414 2427 2417
f 2417 2427 2426
f 2417 2426 2416
f 2416 2426 2425
f 2416 2425 2415
f 2415 2425 2423
f 2415 2423 2413
f 2429 2419 2422
f 2429 2422 2432
f 2432 2422 2421
f 2432 2421 2431
f 2431 2421 2420
f 2431 2420 2430
f 2430 2420 2418
f 2430 2418 2428
f 2424 2434 2437
f 2424 2437 2427
f 2427 2437 2436
f 2427 2436 2426
f 2426 2436 2435
f 2426 2435 2425
f 2425 2435 2433
f 2425 2433 2423
f 2439 2429 2432
f 2439 2432 2442
f 2442 2432 2431
f 2442 2431 2441
f 2441 2431 2430
f 2441 2430 2440
f 2440 2430 2428
f 2440 2428 2438
f 2434 2444 2447
f 2434 2447 2437
f 2437 2447 2446
f 2437 2446 2436
f 2436 2446 2445
f 2436 2445 2435
f 2435 2445 2443
f 2435 2443 2433
f 2449 2439 2442
f 2449 2442 2452
f 2452 2442 2441
f 2452 2441 2451
f 2451 2441 2440
f 2451 2440 2450
f 2450 2440 2438
f 2450 2438 2448
f 2444 2454 2457
f 2444 2457 2447
f 2447 2457 2456
f 2447 2456 2446
f 2446 2456 2455
f 2446 2455 2445
f 2445 2455 2453
f 2445 2453 2443
f 2459 2449 2452
f 2459 2452 2462
f 2462 2452 2451
f 2462 2451 2461
f 2461 2451 2450
f 2461 2450 2460
f 2460 2450 2448
f 2460 2448 2458
f 2454 2464 2467
f 2454 2467 2457
f 2457 2467 2466
f 2457 2466 2456
f 2456 2466 2465
f 2456 2465 2455
f 2455 2465 2463
f 2455 2463 2453
f 2469 2459 2462
f 2469 2462 2472
f 2472 2462 2461
f 2472 2461 2471
f 2471 2461 2460
f 2471 2460 2470
f 2470 2460 2458
f 2470 2458 2468
f 2464 2474 2477
f 2464 2477 2467
f 2467 2477 2476
f 2467 2476 2466
f 2466 2476 2475
f 2466 2475 2465
f 2465 2475 2473
f 2465 2473 2463
f 2479 2469 2472
f 2479 2472 2482
f 2482 2472 2471
f 2482 2471 2481
f 2481 2471 2470
f 2481 2470 2480
f 2480 2470 2468
f 2480 2468 2478
f 2474 2484 2487
f 2474 2487 2477
f 2477 2487 2486
f 2477 2486 2476
f 2476 2486 2485
f 2476 2485 2475
f 2475 2485 2483
f 2475 2483 2473
f 2489 2479 2482
f 2489 2482 2492
f 2492 2482 2481
f 2492 2481 2491
f 2491 2481 2480
f 2491 2480 2490
f 2490 2480 2478
f 2490 2478 2488
f 2484 2494 2497
f 2484 2497 2487
f 2487 2497 2496
f 2487 2496 2486
f 2486 2496 2495
f 2486 2495 2485
f 2485 2495 2493
f 2485 2493 2483
f 2499 2489 2492
f 2499 2492 2502
f 2502 2492 2491
f 2502 2491 2501
f 2501 2491 2490
f 2501 2490 2500
f 2500 2490 2488
f 2500 2488 2498
f 2494 2504 2507
f 2494 2507 2497
f 2497 2507 2506
f 2497 2506 2496
f 2496 2506 2505
f 2496 2505 2495
f 2495 2505 2503
f 2495 2503 2493
f 2509 2499 2502
f 2509 2502 2512
f 2512 2502 2501
f 2512 2501 2511
f 2511 2501 2500
f 2511 2500 2510
f 2510 2500 2498
f 2510 2498 2508
f 2504 1874 1877
f 2504 1877 2507
f 2507 1877 1876
f 2507 1876 2506
f 2506 1876 1875
f 2506 1875 2505
f 2505 1875 1873
f 2505 1873 2503
f 1879 2509 2512
f 1879 2512 1882
f 1882 2512 2511
f 1882 2511 1881
f 1881 2511 2510
f 1881 2510 1880
f 1880 2510 2508
f 1880 2508 1878
f 2503 1873 1883
f 1883 1893 1903
f 1903 1913 1923
f 1923 1933 1943
f 1943 1953 1963
f 1963 1973 1983
f 1983 1993 2003
f 2003 2013 2023
f 2023 2033 2043
f 2043 2053 2063
f 2063 2073 2083
f 2083 2093 2103
f 2103 2113 2123
f 2123 2133 2143
f 2143 2153 2163
f 2163 2173 2183
f 2183 2193 2203
f 2203 2213 2223
f 2223 2233 2243
f 2243 2253 2263
f 2263 2273 2283
f 2283 2293 2303
f 2303 2313 2323
f 2323 2333 2343
f 2343 2353 2363
f 2363 2373 2383
f 2383 2393 2403
f 2403 2413 2423
f 2423 2433 2443
f 2443 2453 2463
f 2463 2473 2483
f 2483 2493 2503
f 2503 1883 1903
f 1903 1923 1943
f 1943 1963 1983
f 1983 2003 2023
f 2023 2043 2063
f 2063 2083 2103
f 2103 2123 2143
f 2143 2163 2183
f 2183 2203 2223
f 2223 2243 2263
f 2263 2283 2303
f 2303 2323 2343
f 2343 2363 2383
f 2383 2403 2423
f 2423 2443 2463
f 2463 2483 2503
f 2503 1903 1943
f 1943 1983 2023
f 2023 2063 2103
f 2103 2143 2183
f 2183 2223 2263
f 2263 2303 2343
f 2343 2383 2423
f 2423 2463 2503
f 2503 1943 2023
f 2023 2103 2183
f 2183 2263 2343
f 2343 2423 2503
f 2503 2023 2183
f 2183 2343 2503
f 1874 1879 1889
f 1874 1889 1884
f 2504 2509 1879
f 2504 1879 1874
f 1898 1888 1878
f 1878 2508 2498
f 2498 2488 2478
f 2478 2468 2458
f 2458 2448 2438
f 2438 2428 2418
f 2418 2408 2398
f 2398 2388 2378
f 2378 2368 2358
f 2358 2348 2338
f 2338 2328 2318
f 2318 2308 2298
f 2298 2288 2278
f 2278 2268 2258
f 2258 2248 2238
f 2238 2228 2218
f 2218 2208 2198
f 2198 2188 2178
f 2178 2168 2158
f 2158 2148 2138
f 2138 2128 2118
f 2118 2108 2098
f 2098 2088 2078
f 2078 2068 2058
f 2058 2048 2038
f 2038 2028 2018
f 2018 2008 1998
f 1998 1988 1978
f 1978 1968 1958
f 1958 1948 1938
f 1938 1928 1918
f 1918 1908 1898
f 1898 1878 2498
f 2498 2478 2458
f 2458 2438 2418
f 2418 2398 2378
f 2378 2358 2338
f 2338 2318 2298
f 2298 2278 2258
f 2258 2238 2218
f 2218 2198 2178
f 2178 2158 2138
f 2138 2118 2098
f 2098 2078 2058
f 2058 2038 2018
f 2018 1998 1978
f 1978 1958 1938
f 1938 1918 1898
f 1898 2498 2458
f 2458 2418 2378
f 2378 2338 2298
f 2298 2258 2218
f 2218 2178 2138
f 2138 2098 2058
f 2058 2018 1978
f 1978 1938 1898
f 1898 2458 2378
f 2378 2298 2218
f 2218 2138 2058
f 2058 1978 1898
f 1898 2378 2218
f 2218 2058 1898
f 1884 1889 1899
f 1884 1899 1894
f 1894 1899 1909
f 1894 1909 1904
f 1904 1909 1919
f 1904 1919 1914
f 1914 1919 1929
f 1914 1929 1924
f 1924 1929 1939
f 1924 1939 1934
f 1934 1939 1949
f 1934 1949 1944
f 1944 1949 1959
f 1944 1959 1954
f 1954 1959 1969
f 1954 1969 1964
f 1964 1969 1979
f 1964 1979 1974
f 1974 1979 1989
f 1974 1989 1984
f 1984 1989 1999
f 1984 1999 1994
f 1994 1999 2009
f 1994 2009 2004
f 2004 2009 2019
f 2004 2019 2014
f 2014 2019 2029
f 2014 2029 2024
f 2024 2029 2039
f 2024 2039 2034
f 2034 2039 2049
f 2034 2049 2044
f 2044 2049 2059
f 2044 2059 2054
f 2054 2059 2069
f 2054 2069 2064
f 2064 2069 2079
f 2064 2079 2074
f 2074 2079 2089
f 2074 2089 2084
f 2084 2089 2099
f 2084 2099 2094
f 2094 2099 2109
f 2094 2109 2104
f 2104 2109 2119
f 2104 2119 2114
f 2114 2119 2129
f 2114 2129 2124
f 2124 2129 2139
f 2124 2139 2134
f 2134 2139 2149
f 2134 2149 2144
f 2144 2149 2159
f 2144 2159 2154
f 2154 2159 2169
f 2154 2169 2164
f 2164 2169 2179
f 2164 2179 2174
f 2174 2179 2189
f 2174 2189 2184
f 2184 2189 2199
f 2184 2199 2194
f 2194 2199 2209
f 2194 2209 2204
f 2204 2209 2219
f 2204 2219 2214
f 2214 2219 2229
f 2214 2229 2224
f 2224 2229 2239
f 2224 2239 2234
f 2234 2239 2249
f 2234 2249 2244
f 2244 2249 2259
f 2244 2259 2254
f 2254 2259 2269
f 2254 2269 2264
f 2264 2269 2279
f 2264 2279 2274
f 2274 2279 2289
f 2274 2289 2284
f 2284 2289 2299
f 2284 2299 2294
f 2294 2299 2309
f 2294 2309 2304
f 2304 2309 2319
f 2304 2319 2314
f 2314 2319 2329
f 2314 2329 2324
f 2324 2329 2339
f 2324 2339 2334
f 2334 2339 2349
f 2334 2349 2344
f 2344 2349 2359
f 2344 2359 2354
f 2354 2359 2369
f 2354 2369 2364
f 2364 2369 2379
f 2364 2379 2374
f 2374 2379 2389
f 2374 2389 2384
f 2384 2389 2399
f 2384 2399 2394
f 2394 2399 2409
f 2394 2409 2404
f 2404 2409 2419
f 2404 2419 2414
f 2414 2419 2429
f 2414 2429 2424
f 2424 2429 2439
f 2424 2439 2434
f 2434 2439 2449
f 2434 2449 2444
f 2444 2449 2459
f 2444 2459 2454
f 2454 2459 2469
f 2454 2469 2464
f 2464 2469 2479
f 2464 2479 2474
f 2474 2479 2489
f 2474 2489 2484
f 2484 2489 2499
f 2484 2499 2494
f 2494 2499 2509
f 2494 2509 2504
f 2514 2524 2527
f 2514 2527 2517
f 2517 2527 2526
f 2517 2526 2516
f 2516 2526 2525
f 2516 2525 2515
f 2515 2525 2523
f 2515 2523 2513
f 2529 2519 2522
f 2529 2522 2532
f 2532 2522 2521
f 2532 2521 2531
f 2531 2521 2520
f 2531 2520 2530
f 2530 2520 2518
f 2530 2518 2528
f 2524 2534 2537
f 2524 2537 2527
f 2527 2537 2536
f 2527 2536 2526
f 2526 2536 2535
f 2526 2535 2525
f 2525 2535 2533
f 2525 2533 2523
f 2539 2529 2532
f 2539 2532 2542
f 2542 2532 2531
f 2542 2531 2541
f 2541 2531 2530
f 2541 2530 2540
f 2540 2530 2528
f 2540 2528 2538
f 2534 2544 2547
f 2534 2547 2537
f 2537 2547 2546
f 2537 2546 2536
f 2536 2546 2545
f 2536 2545 2535
f 2535 2545 2543
f 2535 2543 2533
f 2549 2539 2542
f 2549 2542 2552
f 2552 2542 2541
f 2552 2541 2551
f 2551 2541 2540
f 2551 2540 2550
f 2550 2540 2538
f 2550 2538 2548
f 2544 2554 2557
f 2544 2557 2547
f 2547 2557 2556
f 2547 2556 2546
f 2546 2556 2555
f 2546 2555 2545
f 2545 2555 2553
f 2545 2553 2543
f 2559 2549 2552
f 2559 2552 2562
f 2562 2552 2551
f 2562 2551 2561
f 2561 2551 2550
f 2561 2550 2560
f 2560 2550 2548
f 2560 2548 2558
f 2554 2564 2567
f 2554 2567 2557
f 2557 2567 2566
f 2557 2566 2556
f 2556 2566 2565
f 2556 2565 2555
f 2555 2565 2563
f 2555 2563 2553
f 2569 2559 2562
f 2569 2562 2572
f 2572 2562 2561
f 2572 2561 2571
f 2571 2561 2560
f 2571 2560 2570
f 2570 2560 2558
f 2570 2558 2568
f 2564 2574 2577
f 2564 2577 2567
f 2567 2577 2576
f 2567 2576 2566
f 2566 2576 2575
f 2566 2575 2565
f 2565 2575 2573
f 2565 2573 2563
f 2579 2569 2572
f 2579 2572 2582
f 2582 2572 2571
f 2582 2571 2581
f 2581 2571 2570
f 2581 2570 2580
f 2580 2570 2568
f 2580 2568 2578
f 2574 2584 2587
f 2574 2587 2577
f 2577 2587 2586
f 2577 2586 2576
f 2576 2586 2585
f 2576 2585 2575
f 2575 2585 2583
f 2575 2583 2573
f 2589 2579 2582
f 2589 2582 2592
f 2592 2582 2581
f 2592 2581 2591
f 2591 2581 2580
f 2591 2580 2590
f 2590 2580 2578
f 2590 2578 2588
f 2584 2594 2597
f 2584 2597 2587
f 2587 2597 2596
f 2587 2596 2586
f 2586 2596 2595
f 2586 2595 2585
f 2585 2595 2593
f 2585 2593 2583
f 2599 2589 2592
f 2599 2592 2602
f 2602 2592 2591
f 2602 2591 2601
f 2601 2591 2590
f 2601 2590 2600
f 2600 2590 2588
f 2600 2588 2598
f 2594 2604 2607
f 2594 2607 2597
f 2597 2607 2606
f 2597 2606 2596
f 2596 2606 2605
f 2596 2605 2595
f 2595 2605 2603
f 2595 2603 2593
f 2609 2599 2602
f 2609 2602 2612
f 2612 2602 2601
f 2612 2601 2611
f 2611 2601 2600
f 2611 2600 2610
f 2610 2600 2598
f 2610 2598 2608
f 2604 2614 2617
f 2604 2617 2607
f 2607 2617 2616
f 2607 2616 2606
f 2606 2616 2615
f 2606 2615 2605
f 2605 2615 2613
f 2605 2613 2603
f 2619 2609 2612
f 2619 2612 2622
f 2622 2612 2611
f 2622 2611 2621
f 2621 2611 2610
f 2621 2610 2620
f 2620 2610 2608
f 2620 2608 2618
f 2614 2624 2627
f 2614 2627 2617
f 2617 2627 2626
f 2617 2626 2616
f 2616 2626 2625
f 2616 2625 2615
f 2615 2625 2623
f 2615 2623 2613
f 2629 2619 2622
f 2629 2622 2632
f 2632 2622 2621
f 2632 2621 2631
f 2631 2621 2620
f 2631 2620 2630
f 2630 2620 2618
f 2630 2618 2628
f 2624 2634 2637
f 2624 2637 2627
f 2627 2637 2636
f 2627 2636 2626
f 2626 2636 2635
f 2626 2635 2625
f 2625 2635 2633
f 2625 2633 2623
f 2639 2629 2632
f 2639 2632 2642
f 2642 2632 2631
f 2642 2631 2641
f 2641 2631 2630
f 2641 2630 2640
f 2640 2630 2628
f 2640 2628 2638
f 2634 2644 2647
f 2634 2647 2637
f 2637 2647 2646
f 2637 2646 2636
f 2636 2646 2645
f 2636 2645 2635
f 2635 2645 2643
f 2635 2643 2633
f 2649 2639 2642
f 2649 2642 2652
f 2652 2642 2641
f 2652 2641 2651
f 2651 2641 2640
f 2651 2640 2650
f 2650 2640 2638
f 2650 2638 2648
f 2644 2654 2657
f 2644 2657 2647
f 2647 2657 2656
f 2647 2656 2646
f 2646 2656 2655
f 2646 2655 2645
f 2645 2655 2653
f 2645 2653 2643
f 2659 2649 2652
f 2659 2652 2662
f 2662 2652 2651
f 2662 2651 2661
f 2661 2651 2650
f 2661 2650 2660
f 2660 2650 2648
f 2660 2648 2658
f 2654 2664 2667
f 2654 2667 2657
f 2657 2667 2666
f 2657 2666 2656
f 2656 2666 2665
f 2656 2665 2655
f 2655 2665 2663
f 2655 2663 2653
f 2669 2659 2662
f 2669 2662 2672
f 2672 2662 2661
f 2672 2661 2671
f 2671 2661 2660
f 2671 2660 2670
f 2670 2660 2658
f 2670 2658 2668
f 2664 2674 2677
f 2664 2677 2667
f 2667 2677 2676
f 2667 2676 2666
f 2666 2676 2675
f 2666 2675 2665
f 2665 2675 2673
f 2665 2673 2663
f 2679 2669 2672
f 2679 2672 2682
f 2682 2672 2671
f 2682 2671 2681
f 2681 2671 2670
f 2681 2670 2680
f 2680 2670 2668
f 2680 2668 2678
f 2674 2684 2687
f 2674 2687 2677
f 2677 2687 2686
f 2677 2686 2676
f 2676 2686 2685
f 2676 2685 2675
f 2675 2685 2683
f 2675 2683 2673
f 2689 2679 2682
f 2689 2682 2692
f 2692 2682 2681
f 2692 2681 2691
f 2691 2681 2680
f 2691 2680 2690
f 2690 2680 2678
f 2690 2678 2688
f 2684 2694 2697
f 2684 2697 2687
f 2687 2697 2696
f 2687 2696 2686
f 2686 2696 2695
f 2686 2695 2685
f 2685 2695 2693
f 2685 2693 2683
f 2699 2689 2692
f 2699 2692 2702
f 2702 2692 2691
f 2702 2691 2701
f 2701 2691 2690
f 2701 2690 2700
f 2700 2690 2688
f 2700 2688 2698
f 2694 2704 2707
f 2694 2707 2697
f 2697 2707 2706
f 2697 2706 2696
f 2696 2706 2705
f 2696 2705 2695
f 2695 2705 2703
f 2695 2703 2693
f 2709 2699 2702
f 2709 2702 2712
f 2712 2702 2701
f 2712 2701 2711
f 2711 2701 2700
f 2711 2700 2710
f 2710 2700 2698
f 2710 2698 2708
f 2704 2714 2717
f 2704 2717 2707
f 2707 2717 2716
f 2707 2716 2706
f 2706 2716 2715
f 2706 2715 2705
f 2705 2715 2713
f 2705 2713 2703
f 2719 2709 2712
f 2719 2712 2722
f 2722 2712 2711
f 2722 2711 2721
f 2721 2711 2710
f 2721 2710 2720
f 2720 2710 2708
f 2720 2708 2718
f 2714 2724 2727
f 2714 2727 2717
f 2717 2727 2726
f 2717 2726 2716
f 2716 2726 2725
f 2716 2725 2715
f 2715 2725 2723
f 2715 2723 2713
f 2729 2719 2722
f 2729 2722 2732
f 2732 2722 2721
f 2732 2721 2731
f 2731 2721 2720
f 2731 2720 2730
f 2730 2720 2718
f 2730 2718 2728
f 2724 2734 2737
f 2724 2737 2727
f 2727 2737 2736
f 2727 2736 2726
f 2726 2736 2735
f 2726 2735 2725
f 2725 2735 2733
f 2725 2733 2723
f 2739 2729 2732
f 2739 2732 2742
f 2742 2732 2731
f 2742 2731 2741
f 2741 2731 2730
f 2741 2730 2740
f 2740 2730 2728
f 2740 2728 2738
f 2734 2744 2747
f 2734 2747 2737
f 2737 2747 2746
f 2737 2746 2736
f 2736 2746 2745
f 2736 2745 2735
f 2735 2745 2743
f 2735 2743 2733
f 2749 2739 2742
f 2749 2742 2752
f 2752 2742 2741
f 2752 2741 2751
f 2751 2741 2740
f 2751 2740 2750
f 2750 2740 2738
f 2750 2738 2748
f 2744 2754 2757
f 2744 2757 2747
f 2747 2757 2756
f 2747 2756 2746
f 2746 2756 2755
f 2746 2755 2745
f 2745 2755 2753
f 2745 2753 2743
f 2759 2749 2752
f 2759 2752 2762
f 2762 2752 2751
f 2762 2751 2761
f 2761 2751 2750
f 2761 2750 2760
f 2760 2750 2748
f 2760 2748 2758
f 2754 2764 2767
f 2754 2767 2757
f 2757 2767 2766
f 2757 2766 2756
f 2756 2766 2765
f 2756 2765 2755
f 2755 2765 2763
f 2755 2763 2753
f 2769 2759 2762
f 2769 2762 2772
f 2772 2762 2761
f 2772 2761 2771
f 2771 2761 2760
f 2771 2760 2770
f 2770 2760 2758
f 2770 2758 2768
f 2764 2774 2777
f 2764 2777 2767
f 2767 2777 2776
f 2767 2776 2766
f 2766 2776 2775
f 2766 2775 2765
f 2765 2775 2773
f 2765 2773 2763
f 2779 2769 2772
f 2779 2772 2782
f 2782 2772 2771
f 2782 2771 2781
f 2781 2771 2770
f 2781 2770 2780
f 2780 2770 2768
f 2780 2768 2778
f 2774 2784 2787
f 2774 2787 2777
f 2777 2787 2786
f 2777 2786 2776
f 2776 2786 2785
f 2776 2785 2775
f 2775 2785 2783
f 2775 2783 2773
f 2789 2779 2782
f 2789 2782 2792
f 2792 2782 2781
f 2792 2781 2791
f 2791 2781 2780
f 2791 2780 2790
f 2790 2780 2778
f 2790 2778 2788
f 2784 2794 2797
f 2784 2797 2787
f 2787 2797 2796
f 2787 2796 2786
f 2786 2796 2795
f 2786 2795 2785
f 2785 2795 2793
f 2785 2793 2783
f 2799 2789 2792
f 2799 2792 2802
f 2802 2792 2791
f 2802 2791 2801
f 2801 2791 2790
f 2801 2790 2800
f 2800 2790 2788
f 2800 2788 2798
f 2794 2804 2807
f 2794 2807 2797
f 2797 2807 2806
f 2797 2806 2796
f 2796 2806 2805
f 2796 2805 2795
f 2795 2805 2803
f 2795 2803 2793
f 2809 2799 2802
f 2809 2802 2812
f 2812 2802 2801
f 2812 2801 2811
f 2811 2801 2800
f 2811 2800 2810
f 2810 2800 2798
f 2810 2798 2808
f 2804 2814 2817
f 2804 2817 2807
f 2807 2817 2816
f 2807 2816 2806
f 2806 2816 2815
f 2806 2815 2805
f 2805 2815 2813
f 2805 2813 2803
f 2819 2809 2812
f 2819 2812 2822
f 2822 2812 2811
f 2822 2811 2821
f 2821 2811 2810
f 2821 2810 2820
f 2820 2810 2808
f 2820 2808 2818
f 2814 2824 2827
f 2814 2827 2817
f 2817 2827 2826
f 2817 2826 2816
f 2816 2826 2825
f 2816 2825 2815
f 2815 2825 2823
f 2815 2823 2813
f 2829 2819 2822
f 2829 2822 2832
f 2832 2822 2821
f 2832 2821 2831
f 2831 2821 2820
f 2831 2820 2830
f 2830 2820 2818
f 2830 2818 2828
f 2824 2834 2837
f 2824 2837 2827
f 2827 2837 2836
f 2827 2836 2826
f 2826 2836 2835
f 2826 2835 2825
f 2825 2835 2833
f 2825 2833 2823
f 2839 2829 2832
f 2839 2832 2842
f 2842 2832 2831
f 2842 2831 2841
f 2841 2831 2830
f 2841 2830 2840
f 2840 2830 2828
f 2840 2828 2838
f 2834 2844 2847
f 2834 2847 2837
f 2837 2847 2846
f 2837 2846 2836
f 2836 2846 2845
f 2836 2845 2835
f 2835 2845 2843
f 2835 2843 2833
f 2849 2839 2842
f 2849 2842 2852
f 2852 2842 2841
f 2852 2841 2851
f 2851 2841 2840
f 2851 2840 2850
f 2850 2840 2838
f 2850 2838 2848
f 2844 2854 2857
f 2844 2857 2847
f 2847 2857 2856
f 2847 2856 2846
f 2846 2856 2855
f 2846 2855 2845
f 2845 2855 2853
f 2845 2853 2843
f 2859 2849 2852
f 2859 2852 2862
f 2862 2852 2851
f 2862 2851 2861
f 2861 2851 2850
f 2861 2850 2860
f 2860 2850 2848
f 2860 2848 2858
f 2854 2864 2867
f 2854 2867 2857
f 2857 2867 2866
f 2857 2866 2856
f 2856 2866 2865
f 2856 2865 2855
f 2855 2865 2863
f 2855 2863 2853
f 2869 2859 2862
f 2869 2862 2872
f 2872 2862 2861
f 2872 2861 2871
f 2871 2861 2860
f 2871 2860 2870
f 2870 2860 2858
f 2870 2858 2868
f 2864 2874 2877
f 2864 2877 2867
f 2867 2877 2876
f 2867 2876 2866
f 2866 2876 2875
f 2866 2875 2865
f 2865 2875 2873
f 2865 2873 2863
f 2879 2869 2872
f 2879 2872 2882
f 2882 2872 2871
f 2882 2871 2881
f 2881 2871 2870
f 2881 2870 2880
f 2880 2870 2868
f 2880 2868 2878
f 2874 2884 2887
f 2874 2887 2877
f 2877 2887 2886
f 2877 2886 2876
f 2876 2886 2885
f 2876 2885 2875
f 2875 2885 2883
f 2875 2883 2873
f 2889 2879 2882
f 2889 2882 2892
f 2892 2882 2881
f 2892 2881 2891
f 2891 2881 2880
f 2891 2880 2890
f 2890 2880 2878
f 2890 2878 2888
f 2884 2894 2897
f 2884 2897 2887
f 2887 2897 2896
f 2887 2896 2886
f 2886 2896 2895
f 2886 2895 2885
f 2885 2895 2893
f 2885 2893 2883
f 2899 2889 2892
f 2899 2892 2902
f 2902 2892 2891
f 2902 2891 2901
f 2901 2891 2890
f 2901 2890 2900
f 2900 2890 2888
f 2900 2888 2898
f 2894 2904 2907
f 2894 2907 2897
f 2897 2907 2906
f 2897 2906 2896
f 2896 2906 2905
f 2896 2905 2895
f 2895 2905 2903
f 2895 2903 2893
f 2909 2899 2902
f 2909 2902 2912
f 2912 2902 2901
f 2912 2901 2911
f 2911 2901 2900
f 2911 2900 2910
f 2910 2900 2898
f 2910 2898 2908
f 2904 2914 2917
f 2904 2917 2907
f 2907 2917 2916
f 2907 2916 2906
f 2906 2916 2915
f 2906 2915 2905
f 2905 2915 2913
f 2905 2913 2903
f 2919 2909 2912
f 2919 2912 2922
f 2922 2912 2911
f 2922 2911 2921
f 2921 2911 2910
f 2921 2910 2920
f 2920 2910 2908
f 2920 2908 2918
f 2914 2924 2927
f 2914 2927 2917
f 2917 2927 2926
f 2917 2926 2916
f 2916 2926 2925
f 2916 2925 2915
f 2915 2925 2923
f 2915 2923 2913
f 2929 2919 2922
f 2929 2922 2932
f 2932 2922 2921
f 2932 2921 2931
f 2931 2921 2920
f 2931 2920 2930
f 2930 2920 2918
f 2930 2918 2928
f 2924 2934 2937
f 2924 2937 2927
f 2927 2937 2936
f 2927 2936 2926
f 2926 2936 2935
f 2926 2935 2925
f 2925 2935 2933
f 2925 2933 2923
f 2939 2929 2932
f 2939 2932 2942
f 2942 2932 2931
f 2942 2931 2941
f 2941 2931 2930
f 2941 2930 2940
f 2940 2930 2928
f 2940 2928 2938
f 2934 2944 2947
f 2934 2947 2937
f 2937 2947 2946
f 2937 2946 2936
f 2936 2946 2945
f 2936 2945 2935
f 2935 2945 2943
f 2935 2943 2933
f 2949 2939 2942
f 2949 2942 2952
f 2952 2942 2941
f 2952 2941 2951
f 2951 2941 2940
f 2951 2940 2950
f 2950 2940 2938
f 2950 2938 2948
f 2944 2954 2957
f 2944 2957 2947
f 2947 2957 2956
f 2947 2956 2946
f 2946 2956 2955
f 2946 2955 2945
f 2945 2955 2953
f 2945 2953 2943
f 2959 2949 2952
f 2959 2952 2962
f 2962 2952 2951
f 2962 2951 2961
f 2961 2951 2950
f 2961 2950 2960
f 2960 2950 2948
f 2960 2948 2958
f 2954 2964 2967
f 2954 2967 2957
f 2957 2967 2966
f 2957 2966 2956
f 2956 2966 2965
f 2956 2965 2955
f 2955 2965 2963
f 2955 2963 2953
f 2969 2959 2962
f 2969 2962 2972
f 2972 2962 2961
f 2972 2961 2971
f 2971 2961 2960
f 2971 2960 2970
f 2970 2960 2958
f 2970 2958 2968
f 2964 2974 2977
f 2964 2977 2967
f 2967 2977 2976
f 2967 2976 2966
f 2966 2976 2975
f 2966 2975 2965
f 2965 2975 2973
f 2965 2973 2963
f 2979 2969 2972
f 2979 2972 2982
f 2982 2972 2971
f 2982 2971 2981
f 2981 2971 2970
f 2981 2970 2980
f 2980 2970 2968
f 2980 2968 2978
f 2974 2984 2987
f 2974 2987 2977
f 2977 2987 2986
f 2977 2986 2976
f 2976 2986 2985
f 2976 2985 2975
f 2975 2985 2983
f 2975 2983 2973
f 2989 2979 2982
f 2989 2982 2992
f 2992 2982 2981
f 2992 2981 2991
f 2991 2981 2980
f 2991 2980 2990
f 2990 2980 2978
f 2990 2978 2988
f 2984 2994 2997
f 2984 2997 2987
f 2987 2997 2996
f 2987 2996 2986
f 2986 2996 2995
f 2986 2995 2985
f 2985 2995 2993
f 2985 2993 2983
f 2999 2989 2992
f 2999 2992 3002
f 3002 2992 2991
f 3002 2991 3001
f 3001 2991 2990
f 3001 2990 3000
f 3000 2990 2988
f 3000 2988 2998
f 2994 3004 3007
f 2994 3007 2997
f 2997 3007 3006
f 2997 3006 2996
f 2996 3006 3005
f 2996 3005 2995
f 2995 3005 3003
f 2995 3003 2993
f 3009 2999 3002
f 3009 3002 3012
f 3012 3002 3001
f 3012 3001 3011
f 3011 3001 3000
f 3011 3000 3010
f 3010 3000 2998
f 3010 2998 3008
f 3004 3014 3017
f 3004 3017 3007
f 3007 3017 3016
f 3007 3016 3006
f 3006 3016 3015
f 3006 3015 3005
f 3005 3015 3013
f 3005 3013 3003
f 3019 3009 3012
f 3019 3012 3022
f 3022 3012 3011
f 3022 3011 3021
f 3021 3011 3010
f 3021 3010 3020
f 3020 3010 3008
f 3020 3008 3018
f 3014 3024 3027
f 3014 3027 3017
f 3017 3027 3026
f 3017 3026 3016
f 3016 3026 3025
f 3016 3025 3015
f 3015 3025 3023
f 3015 3023 3013
f 3029 3019 3022
f 3029 3022 3032
f 3032 3022 3021
f 3032 3021 3031
f 3031 3021 3020
f 3031 3020 3030
f 3030 3020 3018
f 3030 3018 3028
f 3024 3034 3037
f 3024 3037 3027
f 3027 3037 3036
f 3027 3036 3026
f 3026 3036 3035
f 3026 3035 3025
f 3025 3035 3033
f 3025 3033 3023
f 3039 3029 3032
f 3039 3032 3042
f 3042 3032 3031
f 3042 3031 3041
f 3041 3031 3030
f 3041 3030 3040
f 3040 3030 3028
f 3040 3028 3038
f 3034 3044 3047
f 3034 3047 3037
f 3037 3047 3046
f 3037 3046 3036
f 3036 3046 3045
f 3036 3045 3035
f 3035 3045 3043
f 3035 3043 3033
f 3049 3039 3042
f 3049 3042 3052
f 3052 3042 3041
f 3052 3041 3051
f 3051 3041 3040
f 3051 3040 3050
f 3050 3040 3038
f 3050 3038 3048
f 3044 3054 3057
f 3044 3057 3047
f 3047 3057 3056
f 3047 3056 3046
f 3046 3056 3055
f 3046 3055 3045
f 3045 3055 3053
f 3045 3053 3043
f 3059 3049 3052
f 3059 3052 3062
f 3062 3052 3051
f 3062 3051 3061
f 3061 3051 3050
f 3061 3050 3060
f 3060 3050 3048
f 3060 3048 3058
f 3054 3064 3067
f 3054 3067 3057
f 3057 3067 3066
f 3057 3066 3056
f 3056 3066 3065
f 3056 3065 3055
f 3055 3065 3063
f 3055 3063 3053
f 3069 3059 3062
f 3069 3062 3072
f 3072 3062 3061
f 3072 3061 3071
f 3071 3061 3060
f 3071 3060 3070
f 3070 3060 3058
f 3070 3058 3068
f 3064 3074 3077
f 3064 3077 3067
f 3067 3077 3076
f 3067 3076 3066
f 3066 3076 3075
f 3066 3075 3065
f 3065 3075 3073
f 3065 3073 3063
f 3079 3069 3072
f 3079 3072 3082
f 3082 3072 3071
f 3082 3071 3081
f 3081 3071 3070
f 3081 3070 3080
f 3080 3070 3068
f 3080 3068 3078
f 3074 3084 3087
f 3074 3087 3077
f 3077 3087 3086
f 3077 3086 3076
f 3076 3086 3085
f 3076 3085 3075
f 3075 3085 3083
f 3075 3083 3073
f 3089 3079 3082
f 3089 3082 3092
f 3092 3082 3081
f 3092 3081 3091
f 3091 3081 3080
f 3091 3080 3090
f 3090 3080 3078
f 3090 3078 3088
f 3084 3094 3097
f 3084 3097 3087
f 3087 3097 3096
f 3087 3096 3086
f 3086 3096 3095
f 3086 3095 3085
f 3085 3095 3093
f 3085 3093 3083
f 3099 3089 3092
f 3099 3092 3102
f 3102 3092 3091
f 3102 3091 3101
f 3101 3091 3090
f 3101 3090 3100
f 3100 3090 3088
f 3100 3088 3098
f 3094 3104 3107
f 3094 3107 3097
f 3097 3107 3106
f 3097 3106 3096
f 3096 3106 3105
f 3096 3105 3095
f 3095 3105 3103
f 3095 3103 3093
f 3109 3099 3102
f 3109 3102 3112
f 3112 3102 3101
f 3112 3101 3111
f 3111 3101 3100
f 3111 3100 3110
f 3110 3100 3098
f 3110 3098 3108
f 3104 3114 3117
f 3104 3117 3107
f 3107 3117 3116
f 3107 3116 3106
f 3106 3116 3115
f 3106 3115 3105
f 3105 3115 3113
f 3105 3113 3103
f 3119 3109 3112
f 3119 3112 3122
f 3122 3112 3111
f 3122 3111 3121
f 3121 3111 3110
f 3121 3110 3120
f 3120 3110 3108
f 3120 3108 3118
f 3114 3124 3127
f 3114 3127 3117
f 3117 3127 3126
f 3117 3126 3116
f 3116 3126 3125
f 3116 3125 3115
f 3115 3125 3123
f 3115 3123 3113
f 3129 3119 3122
f 3129 3122 3132
f 3132 3122 3121
f 3132 3121 3131
f 3131 3121 3120
f 3131 3120 3130
f 3130 3120 3118
f 3130 3118 3128
f 3124 3134 3137
f 3124 3137 3127
f 3127 3137 3136
f 3127 3136 3126
f 3126 3136 3135
f 3126 3135 3125
f 3125 3135 3133
f 3125 3133 3123
f 3139 3129 3132
f 3139 3132 3142
f 3142 3132 3131
f 3142 3131 3141
f 3141 3131 3130
f 3141 3130 3140
f 3140 3130 3128
f 3140 3128 3138
f 3134 3144 3147
f 3134 3147 3137
f 3137 3147 3146
f 3137 3146 3136
f 3136 3146 3145
f 3136 3145 3135
f 3135 3145 3143
f 3135 3143 3133
f 3149 3139 3142
f 3149 3142 3152
f 3152 3142 3141
f 3152 3141 3151
f 3151 3141 3140
f 3151 3140 3150
f 3150 3140 3138
f 3150 3138 3148
f 3144 2514 2517
f 3144 2517 3147
f 3147 2517 2516
f 3147 2516 3146
f 3146 2516 2515
f 3146 2515 3145
f 3145 2515 2513
f 3145 2513 3143
f 2519 3149 3152
f 2519 3152 2522
f 2522 3152 3151
f 2522 3151 2521
f 2521 3151 3150
f 2521 3150 2520
f 2520 3150 3148
f 2520 3148 2518
f 3143 2513 2523
f 2523 2533 2543
f 2543 2553 2563
f 2563 2573 2583
f 2583 2593 2603
f 2603 2613 2623
f 2623 2633 2643
f 2643 2653 2663
f 2663 2673 2683
f 2683 2693 2703
f 2703 2713 2723
f 2723 2733 2743
f 2743 2753 2763
f 2763 2773 2783
f 2783 2793 2803
f 2803 2813 2823
f 2823 2833 2843
f 2843 2853 2863
f 2863 2873 2883
f 2883 2893 2903
f 2903 2913 2923
f 2923 2933 2943
f 2943 2953 2963
f 2963 2973 2983
f 2983 2993 3003
f 3003 3013 3023
f 3023 3033 3043
f 3043 3053 3063
f 3063 3073 3083
f 3083 3093 3103
f 3103 3113 3123
f 3123 3133 3143
f 3143 2523 2543
f 2543 2563 2583
f 2583 2603 2623
f 2623 2643 2663
f 2663 2683 2703
f 2703 2723 2743
f 2743 2763 2783
f 2783 2803 2823
f 2823 2843 2863
f 2863 2883 2903
f 2903 2923 2943
f 2943 2963 2983
f 2983 3003 3023
f 3023 3043 3063
f 3063 3083 3103
f 3103 3123 3143
f 3143 2543 2583
f 2583 2623 2663
f 2663 2703 2743
f 2743 2783 2823
f 2823 2863 2903
f 2903 2943 2983
f 2983 3023 3063
f 3063 3103 3143
f 3143 2583 2663
f 2663 2743 2823
f 2823 2903 2983
f 2983 3063 3143
f 3143 2663 2823
f 2823 2983 3143
f 2514 2519 2529
f 2514 2529 2524
f 3144 3149 2519
f 3144 2519 2514
f 2538 2528 2518
f 2518 3148 3138
f 3138 3128 3118
f 3118 3108 3098
f 3098 3088 3078
f 3078 3068 3058
f 3058 3048 3038
f 3038 3028 3018
f 3018 3008 2998
f 2998 2988 2978
f 2978 2968 2958
f 2958 2948 2938
f 2938 2928 2918
f 2918 2908 2898
f 2898 2888 2878
f 2878 2868 2858
f 2858 2848 2838
f 2838 2828 2818
f 2818 2808 2798
f 2798 2788 2778
f 2778 2768 2758
f 2758 2748 2738
f 2738 2728 2718
f 2718 2708 2698
f 2698 2688 2678
f 2678 2668 2658
f 2658 2648 2638
f 2638 2628 2618
f 2618 2608 2598
f 2598 2588 2578
f 2578 2568 2558
f 2558 2548 2538
f 2538 2518 3138
f 3138 3118 3098
f 3098 3078 3058
f 3058 3038 3018
f 3018 2998 2978
f 2978 2958 2938
f 2938 2918 2898
f 2898 2878 2858
f 2858 2838 2818
f 2818 2798 2778
f 2778 2758 2738
f 2738 2718 2698
f 2698 2678 2658
f 2658 2638 2618
f 2618 2598 2578
f 2578 2558 2538
f 2538 3138 3098
f 3098 3058 3018
f 3018 2978 2938
f 2938 2898 2858
f 2858 2818 2778
f 2778 2738 2698
f 2698 2658 2618
f 2618 2578 2538
f 2538 3098 3018
f 3018 2938 2858
f 2858 2778 2698
f 2698 2618 2538
f 2538 3018 2858
f 2858 2698 2538
f 2524 2529 2539
f 2524 2539 2534
f 2534 2539 2549
f 2534 2549 2544
f 2544 2549 2559
f 2544 2559 2554
f 2554 2559 2569
f 2554 2569 2564
f 2564 2569 2579
f 2564 2579 2574
f 2574 2579 2589
f 2574 2589 2584
f 2584 2589 2599
f 2584 2599 2594
f 2594 2599 2609
f 2594 2609 2604
f 2604 2609 2619
f 2604 2619 2614
f 2614 2619 2629
f 2614 2629 2624
f 2624 2629 2639
f 2624 2639 2634
f 2634 2639 2649
f 2634 2649 2644
f 2644 2649 2659
f 2644 2659 2654
f 2654 2659 2669
f 2654 2669 2664
f 2664 2669 2679
f 2664 2679 2674
f 2674 2679 2689
f 2674 2689 2684
f 2684 2689 2699
f 2684 2699 2694
f 2694 2699 2709
f 2694 2709 2704
f 2704 2709 2719
f 2704 2719 2714
f 2714 2719 2729
f 2714 2729 2724
f 2724 2729 2739
f 2724 2739 2734
f 2734 2739 2749
f 2734 2749 2744
f 2744 2749 2759
f 2744 2759 2754
f 2754 2759 2769
f 2754 2769 2764
f 2764 2769 2779
f 2764 2779 2774
f 2774 2779 2789
f 2774 2789 2784
f 2784 2789 2799
f 2784 2799 2794
f 2794 2799 2809
f 2794 2809 2804
f 2804 2809 2819
f 2804 2819 2814
f 2814 2819 2829
f 2814 2829 2824
f 2824 2829 2839
f 2824 2839 2834
f 2834 2839 2849
f 2834 2849 2844
f 2844 2849 2859
f 2844 2859 2854
f 2854 2859 2869
f 2854 2869 2864
f 2864 2869 2879
f 2864 2879 2874
f 2874 2879 2889
f 2874 2889 2884
f 2884 2889 2899
f 2884 2899 2894
f 2894 2899 2909
f 2894 2909 2904
f 2904 2909 2919
f 2904 2919 2914
f 2914 2919 2929
f 2914 2929 2924
f 2924 2929 2939
f 2924 2939 2934
f 2934 2939 2949
f 2934 2949 2944
f 2944 2949 2959
f 2944 2959 2954
f 2954 2959 2969
f 2954 2969 2964
f 2964 2969 2979
f 2964 2979 2974
f 2974 2979 2989
f 2974 2989 2984
f 2984 2989 2999
f 2984 2999 2994
f 2994 2999 3009
f 2994 3009 3004
f 3004 3009 3019
f 3004 3019 3014
f 3014 3019 3029
f 3014 3029 3024
f 3024 3029 3039
f 3024 3039 3034
f 3034 3039 3049
f 3034 3049 3044
f 3044 3049 3059
f 3044 3059 3054
f 3054 3059 3069
f 3054 3069 3064
f 3064 3069 3079
f 3064 3079 3074
f 3074 3079 3089
f 3074 3089 3084
f 3084 3089 3099
f 3084 3099 3094
f 3094 3099 3109
f 3094 3109 3104
f 3104 3109 3119
f 3104 3119 3114
f 3114 3119 3129
f 3114 3129 3124
f 3124 3129 3139
f 3124 3139 3134
f 3134 3139 3149
f 3134 3149 3144
f 3153 3156 3158
f 3153 3158 3157
f 3156 3160 3161
f 3156 3161 3158
f 3154 3159 3161
f 3154 3161 3160
f 3159 3163 3164
f 3159 3164 3161
f 3155 3162 3164
f 3155 3164 3163
f 3162 3157 3158
f 3162 3158 3164
f 3158 3161 3164
f 3289 3292 3294
f 3289 3294 3293
f 3292 3296 3297
f 3292 3297 3294
f 3290 3295 3297
f 3290 3297 3296
f 3295 3299 3300
f 3295 3300 3297
f 3291 3298 3300
f 3291 3300 3299
f 3298 3293 3294
f 3298 3294 3300
f 3294 3297 3300
f 3301 3304 3306
f 3301 3306 3305
f 3304 3308 3309
f 3304 3309 3306
f 3302 3307 3309
f 3302 3309 3308
f 3307 3311 3312
f 3307 3312 3309
f 3303 3310 3312
f 3303 3312 3311
f 3310 3305 3306
f 3310 3306 3312
f 3306 3309 3312
f 3437 3440 3442
f 3437 3442 3441
f 3440 3444 3445
f 3440 3445 3442
f 3438 3443 3445
f 3438 3445 3444
f 3443 3447 3448
f 3443 3448 3445
f 3439 3446 3448
f 3439 3448 3447
f 3446 3441 3442
f 3446 3442 3448
f 3442 3445 3448
f 3449 3452 3454
f 3449 3454 3453
f 3452 3456 3457
f 3452 3457 3454
f 3450 3455 3457
f 3450 3457 3456
f 3455 3459 3460
f 3455 3460 3457
f 3451 3458 3460
f 3451 3460 3459
f 3458 3453 3454
f 3458 3454 3460
f 3454 3457 3460
f 3585 3588 3590
f 3585 3590 3589
f 3588 3592 3593
f 3588 3593 3590
f 3586 3591 3593
f 3586 3593 3592
f 3591 3595 3596
f 3591 3596 3593
f 3587 3594 3596
f 3587 3596 3595
f 3594 3589 3590
f 3594 3590 3596
f 3590 3593 3596
f 3597 3600 3602
f 3597 3602 3601
f 3600 3604 3605
f 3600 3605 3602
f 3598 3603 3605
f 3598 3605 3604
f 3603 3607 3608
f 3603 3608 3605
f 3599 3606 3608
f 3599 3608 3607
f 3606 3601 3602
f 3606 3602 3608
f 3602 3605 3608
f 3733 3736 3738
f 3733 3738 3737
f 3736 3740 3741
f 3736 3741 3738
f 3734 3739 3741
f 3734 3741 3740
f 3739 3743 3744
f 3739 3744 3741
f 3735 3742 3744
f 3735 3744 3743
f 3742 3737 3738
f 3742 3738 3744
f 3738 3741 3744
f 3155 3302 3308
f 3155 3308 3162
f 3162 3308 3304
f 3162 3304 3157
f 3157 3304 3301
f 3157 3301 3153
f 3154 3165 3167
f 3154 3167 3159
f 3159 3167 3168
f 3159 3168 3163
f 3163 3168 3166
f 3163 3166 3155
f 3302 3313 3315
f 3302 3315 3307
f 3307 3315 3316
f 3307 3316 3311
f 3311 3316 3314
f 3311 3314 3303
f 3451 3461 3463
f 3451 3463 3458
f 3458 3463 3464
f 3458 3464 3453
f 3453 3464 3462
f 3453 3462 3449
f 3450 3597 3601
f 3450 3601 3455
f 3455 3601 3606
f 3455 3606 3459
f 3459 3606 3599
f 3459 3599 3451
f 3598 3609 3611
f 3598 3611 3603
f 3603 3611 3612
f 3603 3612 3607
f 3607 3612 3610
f 3607 3610 3599
f 3153 3450 3456
f 3153 3456 3156
f 3156 3456 3452
f 3156 3452 3160
f 3160 3452 3449
f 3160 3449 3154
f 3303 3598 3604
f 3303 3604 3310
f 3310 3604 3600
f 3310 3600 3305
f 3305 3600 3597
f 3305 3597 3301
f 3165 3169 3171
f 3165 3171 3167
f 3167 3171 3172
f 3167 3172 3168
f 3168 3172 3170
f 3168 3170 3166
f 3313 3317 3319
f 3313 3319 3315
f 3315 3319 3320
f 3315 3320 3316
f 3316 3320 3318
f 3316 3318 3314
f 3461 3465 3467
f 3461 3467 3463
f 3463 3467 3468
f 3463 3468 3464
f 3464 3468 3466
f 3464 3466 3462
f 3609 3613 3615
f 3609 3615 3611
f 3611 3615 3616
f 3611 3616 3612
f 3612 3616 3614
f 3612 3614 3610
f 3169 3173 3175
f 3169 3175 3171
f 3171 3175 3176
f 3171 3176 3172
f 3172 3176 3174
f 3172 3174 3170
f 3317 3321 3323
f 3317 3323 3319
f 3319 3323 3324
f 3319 3324 3320
f 3320 3324 3322
f 3320 3322 3318
f 3465 3469 3471
f 3465 3471 3467
f 3467 3471 3472
f 3467 3472 3468
f 3468 3472 3470
f 3468 3470 3466
f 3613 3617 3619
f 3613 3619 3615
f 3615 3619 3620
f 3615 3620 3616
f 3616 3620 3618
f 3616 3618 3614
f 3173 3177 3179
f 3173 3179 3175
f 3175 3179 3180
f 3175 3180 3176
f 3176 3180 3178
f 3176 3178 3174
f 3321 3325 3327
f 3321 3327 3323
f 3323 3327 3328
f 3323 3328 3324
f 3324 3328 3326
f 3324 3326 3322
f 3469 3473 3475
f 3469 3475 3471
f 3471 3475 3476
f 3471 3476 3472
f 3472 3476 3474
f 3472 3474 3470
f 3617 3621 3623
f 3617 3623 3619
f 3619 3623 3624
f 3619 3624 3620
f 3620 3624 3622
f 3620 3622 3618
f 3177 3181 3183
f 3177 3183 3179
f 3179 3183 3184
f 3179 3184 3180
f 3180 3184 3182
f 3180 3182 3178
f 3325 3329 3331
f 3325 3331 3327
f 3327 3331 3332
f 3327 3332 3328
f 3328 3332 3330
f 3328 3330 3326
f 3473 3477 3479
f 3473 3479 3475
f 3475 3479 3480
f 3475 3480 3476
f 3476 3480 3478
f 3476 3478 3474
f 3621 3625 3627
f 3621 3627 3623
f 3623 3627 3628
f 3623 3628 3624
f 3624 3628 3626
f 3624 3626 3622
f 3181 3185 3187
f 3181 3187 3183
f 3183 3187 3188
f 3183 3188 3184
f 3184 3188 3186
f 3184 3186 3182
f 3329 3333 3335
f 3329 3335 3331
f 3331 3335 3336
f 3331 3336 3332
f 3332 3336 3334
f 3332 3334 3330
f 3477 3481 3483
f 3477 3483 3479
f 3479 3483 3484
f 3479 3484 3480
f 3480 3484 3482
f 3480 3482 3478
f 3625 3629 3631
f 3625 3631 3627
f 3627 3631 3632
f 3627 3632 3628
f 3628 3632 3630
f 3628 3630 3626
f 3185 3189 3191
f 3185 3191 3187
f 3187 3191 3192
f 3187 3192 3188
f 3188 3192 3190
f 3188 3190 3186
f 3333 3337 3339
f 3333 3339 3335
f 3335 3339 3340
f 3335 3340 3336
f 3336 3340 3338
f 3336 3338 3334
f 3481 3485 3487
f 3481 3487 3483
f 3483 3487 3488
f 3483 3488 3484
f 3484 3488 3486
f 3484 3486 3482
f 3629 3633 3635
f 3629 3635 3631
f 3631 3635 3636
f 3631 3636 3632
f 3632 3636 3634
f 3632 3634 3630
f 3189 3193 3195
f 3189 3195 3191
f 3191 3195 3196
f 3191 3196 3192
f 3192 3196 3194
f 3192 3194 3190
f 3337 3341 3343
f 3337 3343 3339
f 3339 3343 3344
f 3339 3344 3340
f 3340 3344 3342
f 3340 3342 3338
f 3485 3489 3491
f 3485 3491 3487
f 3487 3491 3492
f 3487 3492 3488
f 3488 3492 3490
f 3488 3490 3486
f 3633 3637 3639
f 3633 3639 3635
f 3635 3639 3640
f 3635 3640 3636
f 3636 3640 3638
f 3636 3638 3634
f 3193 3197 3199
f 3193 3199 3195
f 3195 3199 3200
f 3195 3200 3196
f 3196 3200 3198
f 3196 3198 3194
f 3341 3345 3347
f 3341 3347 3343
f 3343 3347 3348
f 3343 3348 3344
f 3344 3348 3346
f 3344 3346 3342
f 3489 3493 3495
f 3489 3495 3491
f 3491 3495 3496
f 3491 3496 3492
f 3492 3496 3494
f 3492 3494 3490
f 3637 3641 3643
f 3637 3643 3639
f 3639 3643 3644
f 3639 3644 3640
f 3640 3644 3642
f 3640 3642 3638
f 3197 3201 3203
f 3197 3203 3199
f 3199 3203 3204
f 3199 3204 3200
f 3200 3204 3202
f 3200 3202 3198
f 3345 3349 3351
f 3345 3351 3347
f 3347 3351 3352
f 3347 3352 3348
f 3348 3352 3350
f 3348 3350 3346
f 3493 3497 3499
f 3493 3499 3495
f 3495 3499 3500
f 3495 3500 3496
f 3496 3500 3498
f 3496 3498 3494
f 3641 3645 3647
f 3641 3647 3643
f 3643 3647 3648
f 3643 3648 3644
f 3644 3648 3646
f 3644 3646 3642
f 3201 3205 3207
f 3201 3207 3203
f 3203 3207 3208
f 3203 3208 3204
f 3204 3208 3206
f 3204 3206 3202
f 3349 3353 3355
f 3349 3355 3351
f 3351 3355 3356
f 3351 3356 3352
f 3352 3356 3354
f 3352 3354 3350
f 3497 3501 3503
f 3497 3503 3499
f 3499 3503 3504
f 3499 3504 3500
f 3500 3504 3502
f 3500 3502 3498
f 3645 3649 3651
f 3645 3651 3647
f 3647 3651 3652
f 3647 3652 3648
f 3648 3652 3650
f 3648 3650 3646
f 3205 3209 3211
f 3205 3211 3207
f 3207 3211 3212
f 3207 3212 3208
f 3208 3212 3210
f 3208 3210 3206
f 3353 3357 3359
f 3353 3359 3355
f 3355 3359 3360
f 3355 3360 3356
f 3356 3360 3358
f 3356 3358 3354
f 3501 3505 3507
f 3501 3507 3503
f 3503 3507 3508
f 3503 3508 3504
f 3504 3508 3506
f 3504 3506 3502
f 3649 3653 3655
f 3649 3655 3651
f 3651 3655 3656
f 3651 3656 3652
f 3652 3656 3654
f 3652 3654 3650
f 3209 3213 3215
f 3209 3215 3211
f 3211 3215 3216
f 3211 3216 3212
f 3212 3216 3214
f 3212 3214 3210
f 3357 3361 3363
f 3357 3363 3359
f 3359 3363 3364
f 3359 3364 3360
f 3360 3364 3362
f 3360 3362 3358
f 3505 3509 3511
f 3505 3511 3507
f 3507 3511 3512
f 3507 3512 3508
f 3508 3512 3510
f 3508 3510 3506
f 3653 3657 3659
f 3653 3659 3655
f 3655 3659 3660
f 3655 3660 3656
f 3656 3660 3658
f 3656 3658 3654
f 3213 3217 3219
f 3213 3219 3215
f 3215 3219 3220
f 3215 3220 3216
f 3216 3220 3218
f 3216 3218 3214
f 3361 3365 3367
f 3361 3367 3363
f 3363 3367 3368
f 3363 3368 3364
f 3364 3368 3366
f 3364 3366 3362
f 3509 3513 3515
f 3509 3515 3511
f 3511 3515 3516
f 3511 3516 3512
f 3512 3516 3514
f 3512 3514 3510
f 3657 3661 3663
f 3657 3663 3659
f 3659 3663 3664
f 3659 3664 3660
f 3660 3664 3662
f 3660 3662 3658
f 3217 3221 3223
f 3217 3223 3219
f 3219 3223 3224
f 3219 3224 3220
f 3220 3224 3222
f 3220 3222 3218
f 3365 3369 3371
f 3365 3371 3367
f 3367 3371 3372
f 3367 3372 3368
f 3368 3372 3370
f 3368 3370 3366
f 3513 3517 3519
f 3513 3519 3515
f 3515 3519 3520
f 3515 3520 3516
f 3516 3520 3518
f 3516 3518 3514
f 3661 3665 3667
f 3661 3667 3663
f 3663 3667 3668
f 3663 3668 3664
f 3664 3668 3666
f 3664 3666 3662
f 3221 3225 3227
f 3221 3227 3223
f 3223 3227 3228
f 3223 3228 3224
f 3224 3228 3226
f 3224 3226 3222
f 3369 3373 3375
f 3369 3375 3371
f 3371 3375 3376
f 3371 3376 3372
f 3372 3376 3374
f 3372 3374 3370
f 3517 3521 3523
f 3517 3523 3519
f 3519 3523 3524
f 3519 3524 3520
f 3520 3524 3522
f 3520 3522 3518
f 3665 3669 3671
f 3665 3671 3667
f 3667 3671 3672
f 3667 3672 3668
f 3668 3672 3670
f 3668 3670 3666
f 3225 3229 3231
f 3225 3231 3227
f 3227 3231 3232
f 3227 3232 3228
f 3228 3232 3230
f 3228 3230 3226
f 3373 3377 3379
f 3373 3379 3375
f 3375 3379 3380
f 3375 3380 3376
f 3376 3380 3378
f 3376 3378 3374
f 3521 3525 3527
f 3521 3527 3523
f 3523 3527 3528
f 3523 3528 3524
f 3524 3528 3526
f 3524 3526 3522
f 3669 3673 3675
f 3669 3675 3671
f 3671 3675 3676
f 3671 3676 3672
f 3672 3676 3674
f 3672 3674 3670
f 3229 3233 3235
f 3229 3235 3231
f 3231 3235 3236
f 3231 3236 3232
f 3232 3236 3234
f 3232 3234 3230
f 3377 3381 3383
f 3377 3383 3379
f 3379 3383 3384
f 3379 3384 3380
f 3380 3384 3382
f 3380 3382 3378
f 3525 3529 3531
f 3525 3531 3527
f 3527 3531 3532
f 3527 3532 3528
f 3528 3532 3530
f 3528 3530 3526
f 3673 3677 3679
f 3673 3679 3675
f 3675 3679 3680
f 3675 3680 3676
f 3676 3680 3678
f 3676 3678 3674
f 3233 3237 3239
f 3233 3239 3235
f 3235 3239 3240
f 3235 3240 3236
f 3236 3240 3238
f 3236 3238 3234
f 3381 3385 3387
f 3381 3387 3383
f 3383 3387 3388
f 3383 3388 3384
f 3384 3388 3386
f 3384 3386 3382
f 3529 3533 3535
f 3529 3535 3531
f 3531 3535 3536
f 3531 3536 3532
f 3532 3536 3534
f 3532 3534 3530
f 3677 3681 3683
f 3677 3683 3679
f 3679 3683 3684
f 3679 3684 3680
f 3680 3684 3682
f 3680 3682 3678
f 3237 3241 3243
f 3237 3243 3239
f 3239 3243 3244
f 3239 3244 3240
f 3240 3244 3242
f 3240 3242 3238
f 3385 3389 3391
f 3385 3391 3387
f 3387 3391 3392
f 3387 3392 3388
f 3388 3392 3390
f 3388 3390 3386
f 3533 3537 3539
f 3533 3539 3535
f 3535 3539 3540
f 3535 3540 3536
f 3536 3540 3538
f 3536 3538 3534
f 3681 3685 3687
f 3681 3687 3683
f 3683 3687 3688
f 3683 3688 3684
f 3684 3688 3686
f 3684 3686 3682
f 3241 3245 3247
f 3241 3247 3243
f 3243 3247 3248
f 3243 3248 3244
f 3244 3248 3246
f 3244 3246 3242
f 3389 3393 3395
f 3389 3395 3391
f 3391 3395 3396
f 3391 3396 3392
f 3392 3396 3394
f 3392 3394 3390
f 3537 3541 3543
f 3537 3543 3539
f 3539 3543 3544
f 3539 3544 3540
f 3540 3544 3542
f 3540 3542 3538
f 3685 3689 3691
f 3685 3691 3687
f 3687 3691 3692
f 3687 3692 3688
f 3688 3692 3690
f 3688 3690 3686
f 3245 3249 3251
f 3245 3251 3247
f 3247 3251 3252
f 3247 3252 3248
f 3248 3252 3250
f 3248 3250 3246
f 3393 3397 3399
f 3393 3399 3395
f 3395 3399 3400
f 3395 3400 3396
f 3396 3400 3398
f 3396 3398 3394
f 3541 3545 3547
f 3541 3547 3543
f 3543 3547 3548
f 3543 3548 3544
f 3544 3548 3546
f 3544 3546 3542
f 3689 3693 3695
f 3689 3695 3691
f 3691 3695 3696
f 3691 3696 3692
f 3692 3696 3694
f 3692 3694 3690
f 3249 3253 3255
f 3249 3255 3251
f 3251 3255 3256
f 3251 3256 3252
f 3252 3256 3254
f 3252 3254 3250
f 3397 3401 3403
f 3397 3403 3399
f 3399 3403 3404
f 3399 3404 3400
f 3400 3404 3402
f 3400 3402 3398
f 3545 3549 3551
f 3545 3551 3547
f 3547 3551 3552
f 3547 3552 3548
f 3548 3552 3550
f 3548 3550 3546
f 3693 3697 3699
f 3693 3699 3695
f 3695 3699 3700
f 3695 3700 3696
f 3696 3700 3698
f 3696 3698 3694
f 3253 3257 3259
f 3253 3259 3255
f 3255 3259 3260
f 3255 3260 3256
f 3256 3260 3258
f 3256 3258 3254
f 3401 3405 3407
f 3401 3407 3403
f 3403 3407 3408
f 3403 3408 3404
f 3404 3408 3406
f 3404 3406 3402
f 3549 3553 3555
f 3549 3555 3551
f 3551 3555 3556
f 3551 3556 3552
f 3552 3556 3554
f 3552 3554 3550
f 3697 3701 3703
f 3697 3703 3699
f 3699 3703 3704
f 3699 3704 3700
f 3700 3704 3702
f 3700 3702 3698
f 3257 3261 3263
f 3257 3263 3259
f 3259 3263 3264
f 3259 3264 3260
f 3260 3264 3262
f 3260 3262 3258
f 3405 3409 3411
f 3405 3411 3407
f 3407 3411 3412
f 3407 3412 3408
f 3408 3412 3410
f 3408 3410 3406
f 3553 3557 3559
f 3553 3559 3555
f 3555 3559 3560
f 3555 3560 3556
f 3556 3560 3558
f 3556 3558 3554
f 3701 3705 3707
f 3701 3707 3703
f 3703 3707 3708
f 3703 3708 3704
f 3704 3708 3706
f 3704 3706 3702
f 3261 3265 3267
f 3261 3267 3263
f 3263 3267 3268
f 3263 3268 3264
f 3264 3268 3266
f 3264 3266 3262
f 3409 3413 3415
f 3409 3415 3411
f 3411 3415 3416
f 3411 3416 3412
f 3412 3416 3414
f 3412 3414 3410
f 3557 3561 3563
f 3557 3563 3559
f 3559 3563 3564
f 3559 3564 3560
f 3560 3564 3562
f 3560 3562 3558
f 3705 3709 3711
f 3705 3711 3707
f 3707 3711 3712
f 3707 3712 3708
f 3708 3712 3710
f 3708 3710 3706
f 3265 3269 3271
f 3265 3271 3267
f 3267 3271 3272
f 3267 3272 3268
f 3268 3272 3270
f 3268 3270 3266
f 3413 3417 3419
f 3413 3419 3415
f 3415 3419 3420
f 3415 3420 3416
f 3416 3420 3418
f 3416 3418 3414
f 3561 3565 3567
f 3561 3567 3563
f 3563 3567 3568
f 3563 3568 3564
f 3564 3568 3566
f 3564 3566 3562
f 3709 3713 3715
f 3709 3715 3711
f 3711 3715 3716
f 3711 3716 3712
f 3712 3716 3714
f 3712 3714 3710
f 3269 3273 3275
f 3269 3275 3271
f 3271 3275 3276
f 3271 3276 3272
f 3272 3276 3274
f 3272 3274 3270
f 3417 3421 3423
f 3417 3423 3419
f 3419 3423 3424
f 3419 3424 3420
f 3420 3424 3422
f 3420 3422 3418
f 3565 3569 3571
f 3565 3571 3567
f 3567 3571 3572
f 3567 3572 3568
f 3568 3572 3570
f 3568 3570 3566
f 3713 3717 3719
f 3713 3719 3715
f 3715 3719 3720
f 3715 3720 3716
f 3716 3720 3718
f 3716 3718 3714
f 3273 3277 3279
f 3273 3279 3275
f 3275 3279 3280
f 3275 3280 3276
f 3276 3280 3278
f 3276 3278 3274
f 3421 3425 3427
f 3421 3427 3423
f 3423 3427 3428
f 3423 3428 3424
f 3424 3428 3426
f 3424 3426 3422
f 3569 3573 3575
f 3569 3575 3571
f 3571 3575 3576
f 3571 3576 3572
f 3572 3576 3574
f 3572 3574 3570
f 3717 3721 3723
f 3717 3723 3719
f 3719 3723 3724
f 3719 3724 3720
f 3720 3724 3722
f 3720 3722 3718
f 3277 3281 3283
f 3277 3283 3279
f 3279 3283 3284
f 3279 3284 3280
f 3280 3284 3282
f 3280 3282 3278
f 3425 3429 3431
f 3425 3431 3427
f 3427 3431 3432
f 3427 3432 3428
f 3428 3432 3430
f 3428 3430 3426
f 3573 3577 3579
f 3573 3579 3575
f 3575 3579 3580
f 3575 3580 3576
f 3576 3580 3578
f 3576 3578 3574
f 3721 3725 3727
f 3721 3727 3723
f 3723 3727 3728
f 3723 3728 3724
f 3724 3728 3726
f 3724 3726 3722
f 3281 3285 3287
f 3281 3287 3283
f 3283 3287 3288
f 3283 3288 3284
f 3284 3288 3286
f 3284 3286 3282
f 3429 3433 3435
f 3429 3435 3431
f 3431 3435 3436
f 3431 3436 3432
f 3432 3436 3434
f 3432 3434 3430
f 3577 3581 3583
f 3577 3583 3579
f 3579 3583 3584
f 3579 3584 3580
f 3580 3584 3582
f 3580 3582 3578
f 3725 3729 3731
f 3725 3731 3727
f 3727 3731 3732
f 3727 3732 3728
f 3728 3732 3730
f 3728 3730 3726
f 3285 3289 3293
f 3285 3293 3287
f 3287 3293 3298
f 3287 3298 3288
f 3288 3298 3291
f 3288 3291 3286
f 3290 3437 3441
f 3290 3441 3295
f 3295 3441 3446
f 3295 3446 3299
f 3299 3446 3439
f 3299 3439 3291
f 3433 3439 3447
f 3433 3447 3435
f 3435 3447 3443
f 3435 3443 3436
f 3436 3443 3438
f 3436 3438 3434
f 3581 3586 3592
f 3581 3592 3583
f 3583 3592 3588
f 3583 3588 3584
f 3584 3588 3585
f 3584 3585 3582
f 3729 3733 3737
f 3729 3737 3731
f 3731 3737 3742
f 3731 3742 3732
f 3732 3742 3735
f 3732 3735 3730
f 3586 3735 3743
f 3586 3743 3591
f 3591 3743 3739
f 3591 3739 3595
f 3595 3739 3734
f 3595 3734 3587
f 3289 3585 3589
f 3289 3589 3292
f 3292 3589 3594
f 3292 3594 3296
f 3296 3594 3587
f 3296 3587 3290
f 3437 3734 3740
f 3437 3740 3440
f 3440 3740 3736
f 3440 3736 3444
f 3444 3736 3733
f 3444 3733 3438
f 3153 3301 3597
f 3153 3597 3450
f 3155 3166 3313
f 3155 3313 3302
f 3154 3449 3462
f 3154 3462 3165
f 3165 3462 3466
f 3165 3466 3169
f 3166 3170 3317
f 3166 3317 3313
f 3169 3466 3470
f 3169 3470 3173
f 3170 3174 3321
f 3170 3321 3317
f 3173 3470 3474
f 3173 3474 3177
f 3174 3178 3325
f 3174 3325 3321
f 3177 3474 3478
f 3177 3478 3181
f 3178 3182 3329
f 3178 3329 3325
f 3181 3478 3482
f 3181 3482 3185
f 3182 3186 3333
f 3182 3333 3329
f 3185 3482 3486
f 3185 3486 3189
f 3186 3190 3337
f 3186 3337 3333
f 3189 3486 3490
f 3189 3490 3193
f 3190 3194 3341
f 3190 3341 3337
f 3193 3490 3494
f 3193 3494 3197
f 3194 3198 3345
f 3194 3345 3341
f 3197 3494 3498
f 3197 3498 3201
f 3198 3202 3349
f 3198 3349 3345
f 3201 3498 3502
f 3201 3502 3205
f 3202 3206 3353
f 3202 3353 3349
f 3205 3502 3506
f 3205 3506 3209
f 3206 3210 3357
f 3206 3357 3353
f 3209 3506 3510
f 3209 3510 3213
f 3210 3214 3361
f 3210 3361 3357
f 3213 3510 3514
f 3213 3514 3217
f 3214 3218 3365
f 3214 3365 3361
f 3217 3514 3518
f 3217 3518 3221
f 3218 3222 3369
f 3218 3369 3365
f 3221 3518 3522
f 3221 3522 3225
f 3222 3226 3373
f 3222 3373 3369
f 3225 3522 3526
f 3225 3526 3229
f 3226 3230 3377
f 3226 3377 3373
f 3229 3526 3530
f 3229 3530 3233
f 3230 3234 3381
f 3230 3381 3377
f 3233 3530 3534
f 3233 3534 3237
f 3234 3238 3385
f 3234 3385 3381
f 3237 3534 3538
f 3237 3538 3241
f 3238 3242 3389
f 3238 3389 3385
f 3241 3538 3542
f 3241 3542 3245
f 3242 3246 3393
f 3242 3393 3389
f 3245 3542 3546
f 3245 3546 3249
f 3246 3250 3397
f 3246 3397 3393
f 3249 3546 3550
f 3249 3550 3253
f 3250 3254 3401
f 3250 3401 3397
f 3253 3550 3554
f 3253 3554 3257
f 3254 3258 3405
f 3254 3405 3401
f 3257 3554 3558
f 3257 3558 3261
f 3258 3262 3409
f 3258 3409 3405
f 3261 3558 3562
f 3261 3562 3265
f 3262 3266 3413
f 3262 3413 3409
f 3265 3562 3566
f 3265 3566 3269
f 3266 3270 3417
f 3266 3417 3413
f 3269 3566 3570
f 3269 3570 3273
f 3270 3274 3421
f 3270 3421 3417
f 3273 3570 3574
f 3273 3574 3277
f 3274 3278 3425
f 3274 3425 3421
f 3277 3574 3578
f 3277 3578 3281
f 3278 3282 3429
f 3278 3429 3425
f 3281 3578 3582
f 3281 3582 3285
f 3282 3286 3433
f 3282 3433 3429
f 3285 3582 3585
f 3285 3585 3289
f 3286 3291 3439
f 3286 3439 3433
f 3587 3734 3437
f 3587 3437 3290
f 3303 3314 3609
f 3303 3609 3598
f 3314 3318 3613
f 3314 3613 3609
f 3318 3322 3617
f 3318 3617 3613
f 3322 3326 3621
f 3322 3621 3617
f 3326 3330 3625
f 3326 3625 3621
f 3330 3334 3629
f 3330 3629 3625
f 3334 3338 3633
f 3334 3633 3629
f 3338 3342 3637
f 3338 3637 3633
f 3342 3346 3641
f 3342 3641 3637
f 3346 3350 3645
f 3346 3645 3641
f 3350 3354 3649
f 3350 3649 3645
f 3354 3358 3653
f 3354 3653 3649
f 3358 3362 3657
f 3358 3657 3653
f 3362 3366 3661
f 3362 3661 3657
f 3366 3370 3665
f 3366 3665 3661
f 3370 3374 3669
f 3370 3669 3665
f 3374 3378 3673
f 3374 3673 3669
f 3378 3382 3677
f 3378 3677 3673
f 3382 3386 3681
f 3382 3681 3677
f 3386 3390 3685
f 3386 3685 3681
f 3390 3394 3689
f 3390 3689 3685
f 3394 3398 3693
f 3394 3693 3689
f 3398 3402 3697
f 3398 3697 3693
f 3402 3406 3701
f 3402 3701 3697
f 3406 3410 3705
f 3406 3705 3701
f 3410 3414 3709
f 3410 3709 3705
f 3414 3418 3713
f 3414 3713 3709
f 3418 3422 3717
f 3418 3717 3713
f 3422 3426 3721
f 3422 3721 3717
f 3426 3430 3725
f 3426 3725 3721
f 3430 3434 3729
f 3430 3729 3725
f 3434 3438 3733
f 3434 3733 3729
f 3451 3599 3610
f 3451 3610 3461
f 3461 3610 3614
f 3461 3614 3465
f 3465 3614 3618
f 3465 3618 3469
f 3469 3618 3622
f 3469 3622 3473
f 3473 3622 3626
f 3473 3626 3477
f 3477 3626 3630
f 3477 3630 3481
f 3481 3630 3634
f 3481 3634 3485
f 3485 3634 3638
f 3485 3638 3489
f 3489 3638 3642
f 3489 3642 3493
f 3493 3642 3646
f 3493 3646 3497
f 3497 3646 3650
f 3497 3650 3501
f 3501 3650 3654
f 3501 3654 3505
f 3505 3654 3658
f 3505 3658 3509
f 3509 3658 3662
f 3509 3662 3513
f 3513 3662 3666
f 3513 3666 3517
f 3517 3666 3670
f 3517 3670 3521
f 3521 3670 3674
f 3521 3674 3525
f 3525 3674 3678
f 3525 3678 3529
f 3529 3678 3682
f 3529 3682 3533
f 3533 3682 3686
f 3533 3686 3537
f 3537 3686 3690
f 3537 3690 3541
f 3541 3690 3694
f 3541 3694 3545
f 3545 3694 3698
f 3545 3698 3549
f 3549 3698 3702
f 3549 3702 3553
f 3553 3702 3706
f 3553 3706 3557
f 3557 3706 3710
f 3557 3710 3561
f 3561 3710 3714
f 3561 3714 3565
f 3565 3714 3718
f 3565 3718 3569
f 3569 3718 3722
f 3569 3722 3573
f 3573 3722 3726
f 3573 3726 3577
f 3577 3726 3730
f 3577 3730 3581
f 3581 3730 3735
f 3581 3735 3586
f 3746 3756 3759
f 3746 3759 3749
f 3749 3759 3758
f 3749 3758 3748
f 3748 3758 3757
f 3748 3757 3747
f 3747 3757 3755
f 3747 3755 3745
f 3761 3751 3754
f 3761 3754 3764
f 3764 3754 3753
f 3764 3753 3763
f 3763 3753 3752
f 3763 3752 3762
f 3762 3752 3750
f 3762 3750 3760
f 3756 3766 3769
f 3756 3769 3759
f 3759 3769 3768
f 3759 3768 3758
f 3758 3768 3767
f 3758 3767 3757
f 3757 3767 3765
f 3757 3765 3755
f 3771 3761 3764
f 3771 3764 3774
f 3774 3764 3763
f 3774 3763 3773
f 3773 3763 3762
f 3773 3762 3772
f 3772 3762 3760
f 3772 3760 3770
f 3766 3776 3779
f 3766 3779 3769
f 3769 3779 3778
f 3769 3778 3768
f 3768 3778 3777
f 3768 3777 3767
f 3767 3777 3775
f 3767 3775 3765
f 3781 3771 3774
f 3781 3774 3784
f 3784 3774 3773
f 3784 3773 3783
f 3783 3773 3772
f 3783 3772 3782
f 3782 3772 3770
f 3782 3770 3780
f 3776 3786 3789
f 3776 3789 3779
f 3779 3789 3788
f 3779 3788 3778
f 3778 3788 3787
f 3778 3787 3777
f 3777 3787 3785
f 3777 3785 3775
f 3791 3781 3784
f 3791 3784 3794
f 3794 3784 3783
f 3794 3783 3793
f 3793 3783 3782
f 3793 3782 3792
f 3792 3782 3780
f 3792 3780 3790
f 3786 3796 3799
f 3786 3799 3789
f 3789 3799 3798
f 3789 3798 3788
f 3788 3798 3797
f 3788 3797 3787
f 3787 3797 3795
f 3787 3795 3785
f 3801 3791 3794
f 3801 3794 3804
f 3804 3794 3793
f 3804 3793 3803
f 3803 3793 3792
f 3803 3792 3802
f 3802 3792 3790
f 3802 3790 3800
f 3796 3806 3809
f 3796 3809 3799
f 3799 3809 3808
f 3799 3808 3798
f 3798 3808 3807
f 3798 3807 3797
f 3797 3807 3805
f 3797 3805 3795
f 3811 3801 3804
f 3811 3804 3814
f 3814 3804 3803
f 3814 3803 3813
f 3813 3803 3802
f 3813 3802 3812
f 3812 3802 3800
f 3812 3800 3810
f 3806 3816 3819
f 3806 3819 3809
f 3809 3819 3818
f 3809 3818 3808
f 3808 3818 3817
f 3808 3817 3807
f 3807 3817 3815
f 3807 3815 3805
f 3821 3811 3814
f 3821 3814 3824
f 3824 3814 3813
f 3824 3813 3823
f 3823 3813 3812
f 3823 3812 3822
f 3822 3812 3810
f 3822 3810 3820
f 3816 3826 3829
f 3816 3829 3819
f 3819 3829 3828
f 3819 3828 3818
f 3818 3828 3827
f 3818 3827 3817
f 3817 3827 3825
f 3817 3825 3815
f 3831 3821 3824
f 3831 3824 3834
f 3834 3824 3823
f 3834 3823 3833
f 3833 3823 3822
f 3833 3822 3832
f 3832 3822 3820
f 3832 3820 3830
f 3826 3836 3839
f 3826 3839 3829
f 3829 3839 3838
f 3829 3838 3828
f 3828 3838 3837
f 3828 3837 3827
f 3827 3837 3835
f 3827 3835 3825
f 3841 3831 3834
f 3841 3834 3844
f 3844 3834 3833
f 3844 3833 3843
f 3843 3833 3832
f 3843 3832 3842
f 3842 3832 3830
f 3842 3830 3840
f 3836 3846 3849
f 3836 3849 3839
f 3839 3849 3848
f 3839 3848 3838
f 3838 3848 3847
f 3838 3847 3837
f 3837 3847 3845
f 3837 3845 3835
f 3851 3841 3844
f 3851 3844 3854
f 3854 3844 3843
f 3854 3843 3853
f 3853 3843 3842
f 3853 3842 3852
f 3852 3842 3840
f 3852 3840 3850
f 3846 3856 3859
f 3846 3859 3849
f 3849 3859 3858
f 3849 3858 3848
f 3848 3858 3857
f 3848 3857 3847
f 3847 3857 3855
f 3847 3855 3845
f 3861 3851 3854
f 3861 3854 3864
f 3864 3854 3853
f 3864 3853 3863
f 3863 3853 3852
f 3863 3852 3862
f 3862 3852 3850
f 3862 3850 3860
f 3856 3866 3869
f 3856 3869 3859
f 3859 3869 3868
f 3859 3868 3858
f 3858 3868 3867
f 3858 3867 3857
f 3857 3867 3865
f 3857 3865 3855
f 3871 3861 3864
f 3871 3864 3874
f 3874 3864 3863
f 3874 3863 3873
f 3873 3863 3862
f 3873 3862 3872
f 3872 3862 3860
f 3872 3860 3870
f 3866 3876 3879
f 3866 3879 3869
f 3869 3879 3878
f 3869 3878 3868
f 3868 3878 3877
f 3868 3877 3867
f 3867 3877 3875
f 3867 3875 3865
f 3881 3871 3874
f 3881 3874 3884
f 3884 3874 3873
f 3884 3873 3883
f 3883 3873 3872
f 3883 3872 3882
f 3882 3872 3870
f 3882 3870 3880
f 3876 3886 3889
f 3876 3889 3879
f 3879 3889 3888
f 3879 3888 3878
f 3878 3888 3887
f 3878 3887 3877
f 3877 3887 3885
f 3877 3885 3875
f 3891 3881 3884
f 3891 3884 3894
f 3894 3884 3883
f 3894 3883 3893
f 3893 3883 3882
f 3893 3882 3892
f 3892 3882 3880
f 3892 3880 3890
f 3886 3896 3899
f 3886 3899 3889
f 3889 3899 3898
f 3889 3898 3888
f 3888 3898 3897
f 3888 3897 3887
f 3887 3897 3895
f 3887 3895 3885
f 3901 3891 3894
f 3901 3894 3904
f 3904 3894 3893
f 3904 3893 3903
f 3903 3893 3892
f 3903 3892 3902
f 3902 3892 3890
f 3902 3890 3900
f 3896 3906 3909
f 3896 3909 3899
f 3899 3909 3908
f 3899 3908 3898
f 3898 3908 3907
f 3898 3907 3897
f 3897 3907 3905
f 3897 3905 3895
f 3911 3901 3904
f 3911 3904 3914
f 3914 3904 3903
f 3914 3903 3913
f 3913 3903 3902
f 3913 3902 3912
f 3912 3902 3900
f 3912 3900 3910
f 3906 3916 3919
f 3906 3919 3909
f 3909 3919 3918
f 3909 3918 3908
f 3908 3918 3917
f 3908 3917 3907
f 3907 3917 3915
f 3907 3915 3905
f 3921 3911 3914
f 3921 3914 3924
f 3924 3914 3913
f 3924 3913 3923
f 3923 3913 3912
f 3923 3912 3922
f 3922 3912 3910
f 3922 3910 3920
f 3916 3926 3929
f 3916 3929 3919
f 3919 3929 3928
f 3919 3928 3918
f 3918 3928 3927
f 3918 3927 3917
f 3917 3927 3925
f 3917 3925 3915
f 3931 3921 3924
f 3931 3924 3934
f 3934 3924 3923
f 3934 3923 3933
f 3933 3923 3922
f 3933 3922 3932
f 3932 3922 3920
f 3932 3920 3930
f 3926 3936 3939
f 3926 3939 3929
f 3929 3939 3938
f 3929 3938 3928
f 3928 3938 3937
f 3928 3937 3927
f 3927 3937 3935
f 3927 3935 3925
f 3941 3931 3934
f 3941 3934 3944
f 3944 3934 3933
f 3944 3933 3943
f 3943 3933 3932
f 3943 3932 3942
f 3942 3932 3930
f 3942 3930 3940
f 3936 3946 3949
f 3936 3949 3939
f 3939 3949 3948
f 3939 3948 3938
f 3938 3948 3947
f 3938 3947 3937
f 3937 3947 3945
f 3937 3945 3935
f 3951 3941 3944
f 3951 3944 3954
f 3954 3944 3943
f 3954 3943 3953
f 3953 3943 3942
f 3953 3942 3952
f 3952 3942 3940
f 3952 3940 3950
f 3946 3956 3959
f 3946 3959 3949
f 3949 3959 3958
f 3949 3958 3948
f 3948 3958 3957
f 3948 3957 3947
f 3947 3957 3955
f 3947 3955 3945
f 3961 3951 3954
f 3961 3954 3964
f 3964 3954 3953
f 3964 3953 3963
f 3963 3953 3952
f 3963 3952 3962
f 3962 3952 3950
f 3962 3950 3960
f 3956 3966 3969
f 3956 3969 3959
f 3959 3969 3968
f 3959 3968 3958
f 3958 3968 3967
f 3958 3967 3957
f 3957 3967 3965
f 3957 3965 3955
f 3971 3961 3964
f 3971 3964 3974
f 3974 3964 3963
f 3974 3963 3973
f 3973 3963 3962
f 3973 3962 3972
f 3972 3962 3960
f 3972 3960 3970
f 3966 3976 3979
f 3966 3979 3969
f 3969 3979 3978
f 3969 3978 3968
f 3968 3978 3977
f 3968 3977 3967
f 3967 3977 3975
f 3967 3975 3965
f 3981 3971 3974
f 3981 3974 3984
f 3984 3974 3973
f 3984 3973 3983
f 3983 3973 3972
f 3983 3972 3982
f 3982 3972 3970
f 3982 3970 3980
f 3976 3986 3989
f 3976 3989 3979
f 3979 3989 3988
f 3979 3988 3978
f 3978 3988 3987
f 3978 3987 3977
f 3977 3987 3985
f 3977 3985 3975
f 3991 3981 3984
f 3991 3984 3994
f 3994 3984 3983
f 3994 3983 3993
f 3993 3983 3982
f 3993 3982 3992
f 3992 3982 3980
f 3992 3980 3990
f 3986 3996 3999
f 3986 3999 3989
f 3989 3999 3998
f 3989 3998 3988
f 3988 3998 3997
f 3988 3997 3987
f 3987 3997 3995
f 3987 3995 3985
f 4001 3991 3994
f 4001 3994 4004
f 4004 3994 3993
f 4004 3993 4003
f 4003 3993 3992
f 4003 3992 4002
f 4002 3992 3990
f 4002 3990 4000
f 3996 4006 4009
f 3996 4009 3999
f 3999 4009 4008
f 3999 4008 3998
f 3998 4008 4007
f 3998 4007 3997
f 3997 4007 4005
f 3997 4005 3995
f 4011 4001 4004
f 4011 4004 4014
f 4014 4004 4003
f 4014 4003 4013
f 4013 4003 4002
f 4013 4002 4012
f 4012 4002 4000
f 4012 4000 4010
f 4006 4016 4019
f 4006 4019 4009
f 4009 4019 4018
f 4009 4018 4008
f 4008 4018 4017
f 4008 4017 4007
f 4007 4017 4015
f 4007 4015 4005
f 4021 4011 4014
f 4021 4014 4024
f 4024 4014 4013
f 4024 4013 4023
f 4023 4013 4012
f 4023 4012 4022
f 4022 4012 4010
f 4022 4010 4020
f 4016 4026 4029
f 4016 4029 4019
f 4019 4029 4028
f 4019 4028 4018
f 4018 4028 4027
f 4018 4027 4017
f 4017 4027 4025
f 4017 4025 4015
f 4031 4021 4024
f 4031 4024 4034
f 4034 4024 4023
f 4034 4023 4033
f 4033 4023 4022
f 4033 4022 4032
f 4032 4022 4020
f 4032 4020 4030
f 4026 4036 4039
f 4026 4039 4029
f 4029 4039 4038
f 4029 4038 4028
f 4028 4038 4037
f 4028 4037 4027
f 4027 4037 4035
f 4027 4035 4025
f 4041 4031 4034
f 4041 4034 4044
f 4044 4034 4033
f 4044 4033 4043
f 4043 4033 4032
f 4043 4032 4042
f 4042 4032 4030
f 4042 4030 4040
f 4036 4046 4049
f 4036 4049 4039
f 4039 4049 4048
f 4039 4048 4038
f 4038 4048 4047
f 4038 4047 4037
f 4037 4047 4045
f 4037 4045 4035
f 4051 4041 4044
f 4051 4044 4054
f 4054 4044 4043
f 4054 4043 4053
f 4053 4043 4042
f 4053 4042 4052
f 4052 4042 4040
f 4052 4040 4050
f 4046 4056 4059
f 4046 4059 4049
f 4049 4059 4058
f 4049 4058 4048
f 4048 4058 4057
f 4048 4057 4047
f 4047 4057 4055
f 4047 4055 4045
f 4061 4051 4054
f 4061 4054 4064
f 4064 4054 4053
f 4064 4053 4063
f 4063 4053 4052
f 4063 4052 4062
f 4062 4052 4050
f 4062 4050 4060
f 4056 4066 4069
f 4056 4069 4059
f 4059 4069 4068
f 4059 4068 4058
f 4058 4068 4067
f 4058 4067 4057
f 4057 4067 4065
f 4057 4065 4055
f 4071 4061 4064
f 4071 4064 4074
f 4074 4064 4063
f 4074 4063 4073
f 4073 4063 4062
f 4073 4062 4072
f 4072 4062 4060
f 4072 4060 4070
f 4066 4076 4079
f 4066 4079 4069
f 4069 4079 4078
f 4069 4078 4068
f 4068 4078 4077
f 4068 4077 4067
f 4067 4077 4075
f 4067 4075 4065
f 4081 4071 4074
f 4081 4074 4084
f 4084 4074 4073
f 4084 4073 4083
f 4083 4073 4072
f 4083 4072 4082
f 4082 4072 4070
f 4082 4070 4080
f 4076 4086 4089
f 4076 4089 4079
f 4079 4089 4088
f 4079 4088 4078
f 4078 4088 4087
f 4078 4087 4077
f 4077 4087 4085
f 4077 4085 4075
f 4091 4081 4084
f 4091 4084 4094
f 4094 4084 4083
f 4094 4083 4093
f 4093 4083 4082
f 4093 4082 4092
f 4092 4082 4080
f 4092 4080 4090
f 4086 4096 4099
f 4086 4099 4089
f 4089 4099 4098
f 4089 4098 4088
f 4088 4098 4097
f 4088 4097 4087
f 4087 4097 4095
f 4087 4095 4085
f 4101 4091 4094
f 4101 4094 4104
f 4104 4094 4093
f 4104 4093 4103
f 4103 4093 4092
f 4103 4092 4102
f 4102 4092 4090
f 4102 4090 4100
f 4096 4106 4109
f 4096 4109 4099
f 4099 4109 4108
f 4099 4108 4098
f 4098 4108 4107
f 4098 4107 4097
f 4097 4107 4105
f 4097 4105 4095
f 4111 4101 4104
f 4111 4104 4114
f 4114 4104 4103
f 4114 4103 4113
f 4113 4103 4102
f 4113 4102 4112
f 4112 4102 4100
f 4112 4100 4110
f 4106 4116 4119
f 4106 4119 4109
f 4109 4119 4118
f 4109 4118 4108
f 4108 4118 4117
f 4108 4117 4107
f 4107 4117 4115
f 4107 4115 4105
f 4121 4111 4114
f 4121 4114 4124
f 4124 4114 4113
f 4124 4113 4123
f 4123 4113 4112
f 4123 4112 4122
f 4122 4112 4110
f 4122 4110 4120
f 4116 4126 4129
f 4116 4129 4119
f 4119 4129 4128
f 4119 4128 4118
f 4118 4128 4127
f 4118 4127 4117
f 4117 4127 4125
f 4117 4125 4115
f 4131 4121 4124
f 4131 4124 4134
f 4134 4124 4123
f 4134 4123 4133
f 4133 4123 4122
f 4133 4122 4132
f 4132 4122 4120
f 4132 4120 4130
f 4126 4136 4139
f 4126 4139 4129
f 4129 4139 4138
f 4129 4138 4128
f 4128 4138 4137
f 4128 4137 4127
f 4127 4137 4135
f 4127 4135 4125
f 4141 4131 4134
f 4141 4134 4144
f 4144 4134 4133
f 4144 4133 4143
f 4143 4133 4132
f 4143 4132 4142
f 4142 4132 4130
f 4142 4130 4140
f 4136 4146 4149
f 4136 4149 4139
f 4139 4149 4148
f 4139 4148 4138
f 4138 4148 4147
f 4138 4147 4137
f 4137 4147 4145
f 4137 4145 4135
f 4151 4141 4144
f 4151 4144 4154
f 4154 4144 4143
f 4154 4143 4153
f 4153 4143 4142
f 4153 4142 4152
f 4152 4142 4140
f 4152 4140 4150
f 4146 4156 4159
f 4146 4159 4149
f 4149 4159 4158
f 4149 4158 4148
f 4148 4158 4157
f 4148 4157 4147
f 4147 4157 4155
f 4147 4155 4145
f 4161 4151 4154
f 4161 4154 4164
f 4164 4154 4153
f 4164 4153 4163
f 4163 4153 4152
f 4163 4152 4162
f 4162 4152 4150
f 4162 4150 4160
f 4156 4166 4169
f 4156 4169 4159
f 4159 4169 4168
f 4159 4168 4158
f 4158 4168 4167
f 4158 4167 4157
f 4157 4167 4165
f 4157 4165 4155
f 4171 4161 4164
f 4171 4164 4174
f 4174 4164 4163
f 4174 4163 4173
f 4173 4163 4162
f 4173 4162 4172
f 4172 4162 4160
f 4172 4160 4170
f 4166 4176 4179
f 4166 4179 4169
f 4169 4179 4178
f 4169 4178 4168
f 4168 4178 4177
f 4168 4177 4167
f 4167 4177 4175
f 4167 4175 4165
f 4181 4171 4174
f 4181 4174 4184
f 4184 4174 4173
f 4184 4173 4183
f 4183 4173 4172
f 4183 4172 4182
f 4182 4172 4170
f 4182 4170 4180
f 4176 4186 4189
f 4176 4189 4179
f 4179 4189 4188
f 4179 4188 4178
f 4178 4188 4187
f 4178 4187 4177
f 4177 4187 4185
f 4177 4185 4175
f 4191 4181 4184
f 4191 4184 4194
f 4194 4184 4183
f 4194 4183 4193
f 4193 4183 4182
f 4193 4182 4192
f 4192 4182 4180
f 4192 4180 4190
f 4186 4196 4199
f 4186 4199 4189
f 4189 4199 4198
f 4189 4198 4188
f 4188 4198 4197
f 4188 4197 4187
f 4187 4197 4195
f 4187 4195 4185
f 4201 4191 4194
f 4201 4194 4204
f 4204 4194 4193
f 4204 4193 4203
f 4203 4193 4192
f 4203 4192 4202
f 4202 4192 4190
f 4202 4190 4200
f 4196 4206 4209
f 4196 4209 4199
f 4199 4209 4208
f 4199 4208 4198
f 4198 4208 4207
f 4198 4207 4197
f 4197 4207 4205
f 4197 4205 4195
f 4211 4201 4204
f 4211 4204 4214
f 4214 4204 4203
f 4214 4203 4213
f 4213 4203 4202
f 4213 4202 4212
f 4212 4202 4200
f 4212 4200 4210
f 4206 4216 4219
f 4206 4219 4209
f 4209 4219 4218
f 4209 4218 4208
f 4208 4218 4217
f 4208 4217 4207
f 4207 4217 4215
f 4207 4215 4205
f 4221 4211 4214
f 4221 4214 4224
f 4224 4214 4213
f 4224 4213 4223
f 4223 4213 4212
f 4223 4212 4222
f 4222 4212 4210
f 4222 4210 4220
f 4216 4226 4229
f 4216 4229 4219
f 4219 4229 4228
f 4219 4228 4218
f 4218 4228 4227
f 4218 4227 4217
f 4217 4227 4225
f 4217 4225 4215
f 4231 4221 4224
f 4231 4224 4234
f 4234 4224 4223
f 4234 4223 4233
f 4233 4223 4222
f 4233 4222 4232
f 4232 4222 4220
f 4232 4220 4230
f 4226 4236 4239
f 4226 4239 4229
f 4229 4239 4238
f 4229 4238 4228
f 4228 4238 4237
f 4228 4237 4227
f 4227 4237 4235
f 4227 4235 4225
f 4241 4231 4234
f 4241 4234 4244
f 4244 4234 4233
f 4244 4233 4243
f 4243 4233 4232
f 4243 4232 4242
f 4242 4232 4230
f 4242 4230 4240
f 4236 4246 4249
f 4236 4249 4239
f 4239 4249 4248
f 4239 4248 4238
f 4238 4248 4247
f 4238 4247 4237
f 4237 4247 4245
f 4237 4245 4235
f 4251 4241 4244
f 4251 4244 4254
f 4254 4244 4243
f 4254 4243 4253
f 4253 4243 4242
f 4253 4242 4252
f 4252 4242 4240
f 4252 4240 4250
f 4246 4256 4259
f 4246 4259 4249
f 4249 4259 4258
f 4249 4258 4248
f 4248 4258 4257
f 4248 4257 4247
f 4247 4257 4255
f 4247 4255 4245
f 4261 4251 4254
f 4261 4254 4264
f 4264 4254 4253
f 4264 4253 4263
f 4263 4253 4252
f 4263 4252 4262
f 4262 4252 4250
f 4262 4250 4260
f 4256 4266 4269
f 4256 4269 4259
f 4259 4269 4268
f 4259 4268 4258
f 4258 4268 4267
f 4258 4267 4257
f 4257 4267 4265
f 4257 4265 4255
f 4271 4261 4264
f 4271 4264 4274
f 4274 4264 4263
f 4274 4263 4273
f 4273 4263 4262
f 4273 4262 4272
f 4272 4262 4260
f 4272 4260 4270
f 4266 4276 4279
f 4266 4279 4269
f 4269 4279 4278
f 4269 4278 4268
f 4268 4278 4277
f 4268 4277 4267
f 4267 4277 4275
f 4267 4275 4265
f 4281 4271 4274
f 4281 4274 4284
f 4284 4274 4273
f 4284 4273 4283
f 4283 4273 4272
f 4283 4272 4282
f 4282 4272 4270
f 4282 4270 4280
f 4276 4286 4289
f 4276 4289 4279
f 4279 4289 4288
f 4279 4288 4278
f 4278 4288 4287
f 4278 4287 4277
f 4277 4287 4285
f 4277 4285 4275
f 4291 4281 4284
f 4291 4284 4294
f 4294 4284 4283
f 4294 4283 4293
f 4293 4283 4282
f 4293 4282 4292
f 4292 4282 4280
f 4292 4280 4290
f 4286 4296 4299
f 4286 4299 4289
f 4289 4299 4298
f 4289 4298 4288
f 4288 4298 4297
f 4288 4297 4287
f 4287 4297 4295
f 4287 4295 4285
f 4301 4291 4294
f 4301 4294 4304
f 4304 4294 4293
f 4304 4293 4303
f 4303 4293 4292
f 4303 4292 4302
f 4302 4292 4290
f 4302 4290 4300
f 4296 4306 4309
f 4296 4309 4299
f 4299 4309 4308
f 4299 4308 4298
f 4298 4308 4307
f 4298 4307 4297
f 4297 4307 4305
f 4297 4305 4295
f 4311 4301 4304
f 4311 4304 4314
f 4314 4304 4303
f 4314 4303 4313
f 4313 4303 4302
f 4313 4302 4312
f 4312 4302 4300
f 4312 4300 4310
f 4306 4316 4319
f 4306 4319 4309
f 4309 4319 4318
f 4309 4318 4308
f 4308 4318 4317
f 4308 4317 4307
f 4307 4317 4315
f 4307 4315 4305
f 4321 4311 4314
f 4321 4314 4324
f 4324 4314 4313
f 4324 4313 4323
f 4323 4313 4312
f 4323 4312 4322
f 4322 4312 4310
f 4322 4310 4320
f 4316 4326 4329
f 4316 4329 4319
f 4319 4329 4328
f 4319 4328 4318
f 4318 4328 4327
f 4318 4327 4317
f 4317 4327 4325
f 4317 4325 4315
f 4331 4321 4324
f 4331 4324 4334
f 4334 4324 4323
f 4334 4323 4333
f 4333 4323 4322
f 4333 4322 4332
f 4332 4322 4320
f 4332 4320 4330
f 4326 4336 4339
f 4326 4339 4329
f 4329 4339 4338
f 4329 4338 4328
f 4328 4338 4337
f 4328 4337 4327
f 4327 4337 4335
f 4327 4335 4325
f 4341 4331 4334
f 4341 4334 4344
f 4344 4334 4333
f 4344 4333 4343
f 4343 4333 4332
f 4343 4332 4342
f 4342 4332 4330
f 4342 4330 4340
f 4336 4346 4349
f 4336 4349 4339
f 4339 4349 4348
f 4339 4348 4338
f 4338 4348 4347
f 4338 4347 4337
f 4337 4347 4345
f 4337 4345 4335
f 4351 4341 4344
f 4351 4344 4354
f 4354 4344 4343
f 4354 4343 4353
f 4353 4343 4342
f 4353 4342 4352
f 4352 4342 4340
f 4352 4340 4350
f 4346 4356 4359
f 4346 4359 4349
f 4349 4359 4358
f 4349 4358 4348
f 4348 4358 4357
f 4348 4357 4347
f 4347 4357 4355
f 4347 4355 4345
f 4361 4351 4354
f 4361 4354 4364
f 4364 4354 4353
f 4364 4353 4363
f 4363 4353 4352
f 4363 4352 4362
f 4362 4352 4350
f 4362 4350 4360
f 4356 4366 4369
f 4356 4369 4359
f 4359 4369 4368
f 4359 4368 4358
f 4358 4368 4367
f 4358 4367 4357
f 4357 4367 4365
f 4357 4365 4355
f 4371 4361 4364
f 4371 4364 4374
f 4374 4364 4363
f 4374 4363 4373
f 4373 4363 4362
f 4373 4362 4372
f 4372 4362 4360
f 4372 4360 4370
f 4366 4376 4379
f 4366 4379 4369
f 4369 4379 4378
f 4369 4378 4368
f 4368 4378 4377
f 4368 4377 4367
f 4367 4377 4375
f 4367 4375 4365
f 4381 4371 4374
f 4381 4374 4384
f 4384 4374 4373
f 4384 4373 4383
f 4383 4373 4372
f 4383 4372 4382
f 4382 4372 4370
f 4382 4370 4380
f 4376 3746 3749
f 4376 3749 4379
f 4379 3749 3748
f 4379 3748 4378
f 4378 3748 3747
f 4378 3747 4377
f 4377 3747 3745
f 4377 3745 4375
f 3751 4381 4384
f 3751 4384 3754
f 3754 4384 4383
f 3754 4383 3753
f 3753 4383 4382
f 3753 4382 3752
f 3752 4382 4380
f 3752 4380 3750
f 4375 3745 3755
f 3755 3765 3775
f 3775 3785 3795
f 3795 3805 3815
f 3815 3825 3835
f 3835 3845 3855
f 3855 3865 3875
f 3875 3885 3895
f 3895 3905 3915
f 3915 3925 3935
f 3935 3945 3955
f 3955 3965 3975
f 3975 3985 3995
f 3995 4005 4015
f 4015 4025 4035
f 4035 4045 4055
f 4055 4065 4075
f 4075 4085 4095
f 4095 4105 4115
f 4115 4125 4135
f 4135 4145 4155
f 4155 4165 4175
f 4175 4185 4195
f 4195 4205 4215
f 4215 4225 4235
f 4235 4245 4255
f 4255 4265 4275
f 4275 4285 4295
f 4295 4305 4315
f 4315 4325 4335
f 4335 4345 4355
f 4355 4365 4375
f 4375 3755 3775
f 3775 3795 3815
f 3815 3835 3855
f 3855 3875 3895
f 3895 3915 3935
f 3935 3955 3975
f 3975 3995 4015
f 4015 4035 4055
f 4055 4075 4095
f 4095 4115 4135
f 4135 4155 4175
f 4175 4195 4215
f 4215 4235 4255
f 4255 4275 4295
f 4295 4315 4335
f 4335 4355 4375
f 4375 3775 3815
f 3815 3855 3895
f 3895 3935 3975
f 3975 4015 4055
f 4055 4095 4135
f 4135 4175 4215
f 4215 4255 4295
f 4295 4335 4375
f 4375 3815 3895
f 3895 3975 4055
f 4055 4135 4215
f 4215 4295 4375
f 4375 3895 4055
f 4055 4215 4375
f 3746 3751 3761
f 3746 3761 3756
f 4376 4381 3751
f 4376 3751 3746
f 3770 3760 3750
f 3750 4380 4370
f 4370 4360 4350
f 4350 4340 4330
f 4330 4320 4310
f 4310 4300 4290
f 4290 4280 4270
f 4270 4260 4250
f 4250 4240 4230
f 4230 4220 4210
f 4210 4200 4190
f 4190 4180 4170
f 4170 4160 4150
f 4150 4140 4130
f 4130 4120 4110
f 4110 4100 4090
f 4090 4080 4070
f 4070 4060 4050
f 4050 4040 4030
f 4030 4020 4010
f 4010 4000 3990
f 3990 3980 3970
f 3970 3960 3950
f 3950 3940 3930
f 3930 3920 3910
f 3910 3900 3890
f 3890 3880 3870
f 3870 3860 3850
f 3850 3840 3830
f 3830 3820 3810
f 3810 3800 3790
f 3790 3780 3770
f 3770 3750 4370
f 4370 4350 4330
f 4330 4310 4290
f 4290 4270 4250
f 4250 4230 4210
f 4210 4190 4170
f 4170 4150 4130
f 4130 4110 4090
f 4090 4070 4050
f 4050 4030 4010
f 4010 3990 3970
f 3970 3950 3930
f 3930 3910 3890
f 3890 3870 3850
f 3850 3830 3810
f 3810 3790 3770
f 3770 4370 4330
f 4330 4290 4250
f 4250 4210 4170
f 4170 4130 4090
f 4090 4050 4010
f 4010 3970 3930
f 3930 3890 3850
f 3850 3810 3770
f 3770 4330 4250
f 4250 4170 4090
f 4090 4010 3930
f 3930 3850 3770
f 3770 4250 4090
f 4090 3930 3770
f 3756 3761 3771
f 3756 3771 3766
f 3766 3771 3781
f 3766 3781 3776
f 3776 3781 3791
f 3776 3791 3786
f 3786 3791 3801
f 3786 3801 3796
f 3796 3801 3811
f 3796 3811 3806
f 3806 3811 3821
f 3806 3821 3816
f 3816 3821 3831
f 3816 3831 3826
f 3826 3831 3841
f 3826 3841 3836
f 3836 3841 3851
f 3836 3851 3846
f 3846 3851 3861
f 3846 3861 3856
f 3856 3861 3871
f 3856 3871 3866
f 3866 3871 3881
f 3866 3881 3876
f 3876 3881 3891
f 3876 3891 3886
f 3886 3891 3901
f 3886 3901 3896
f 3896 3901 3911
f 3896 3911 3906
f 3906 3911 3921
f 3906 3921 3916
f 3916 3921 3931
f 3916 3931 3926
f 3926 3931 3941
f 3926 3941 3936
f 3936 3941 3951
f 3936 3951 3946
f 3946 3951 3961
f 3946 3961 3956
f 3956 3961 3971
f 3956 3971 3966
f 3966 3971 3981
f 3966 3981 3976
f 3976 3981 3991
f 3976 3991 3986
f 3986 3991 4001
f 3986 4001 3996
f 3996 4001 4011
f 3996 4011 4006
f 4006 4011 4021
f 4006 4021 4016
f 4016 4021 4031
f 4016 4031 4026
f 4026 4031 4041
f 4026 4041 4036
f 4036 4041 4051
f 4036 4051 4046
f 4046 4051 4061
f 4046 4061 4056
f 4056 4061 4071
f 4056 4071 4066
f 4066 4071 4081
f 4066 4081 4076
f 4076 4081 4091
f 4076 4091 4086
f 4086 4091 4101
f 4086 4101 4096
f 4096 4101 4111
f 4096 4111 4106
f 4106 4111 4121
f 4106 4121 4116
f 4116 4121 4131
f 4116 4131 4126
f 4126 4131 4141
f 4126 4141 4136
f 4136 4141 4151
f 4136 4151 4146
f 4146 4151 4161
f 4146 4161 4156
f 4156 4161 4171
f 4156 4171 4166
f 4166 4171 4181
f 4166 4181 4176
f 4176 4181 4191
f 4176 4191 4186
f 4186 4191 4201
f 4186 4201 4196
f 4196 4201 4211
f 4196 4211 4206
f 4206 4211 4221
f 4206 4221 4216
f 4216 4221 4231
f 4216 4231 4226
f 4226 4231 4241
f 4226 4241 4236
f 4236 4241 4251
f 4236 4251 4246
f 4246 4251 4261
f 4246 4261 4256
f 4256 4261 4271
f 4256 4271 4266
f 4266 4271 4281
f 4266 4281 4276
f 4276 4281 4291
f 4276 4291 4286
f 4286 4291 4301
f 4286 4301 4296
f 4296 4301 4311
f 4296 4311 4306
f 4306 4311 4321
f 4306 4321 4316
f 4316 4321 4331
f 4316 4331 4326
f 4326 4331 4341
f 4326 4341 4336
f 4336 4341 4351
f 4336 4351 4346
f 4346 4351 4361
f 4346 4361 4356
f 4356 4361 4371
f 4356 4371 4366
f 4366 4371 4381
f 4366 4381 4376
f 4386 4396 4399
f 4386 4399 4389
f 4389 4399 4398
f 4389 4398 4388
f 4388 4398 4397
f 4388 4397 4387
f 4387 4397 4395
f 4387 4395 4385
f 4401 4391 4394
f 4401 4394 4404
f 4404 4394 4393
f 4404 4393 4403
f 4403 4393 4392
f 4403 4392 4402
f 4402 4392 4390
f 4402 4390 4400
f 4396 4406 4409
f 4396 4409 4399
f 4399 4409 4408
f 4399 4408 4398
f 4398 4408 4407
f 4398 4407 4397
f 4397 4407 4405
f 4397 4405 4395
f 4411 4401 4404
f 4411 4404 4414
f 4414 4404 4403
f 4414 4403 4413
f 4413 4403 4402
f 4413 4402 4412
f 4412 4402 4400
f 4412 4400 4410
f 4406 4416 4419
f 4406 4419 4409
f 4409 4419 4418
f 4409 4418 4408
f 4408 4418 4417
f 4408 4417 4407
f 4407 4417 4415
f 4407 4415 4405
f 4421 4411 4414
f 4421 4414 4424
f 4424 4414 4413
f 4424 4413 4423
f 4423 4413 4412
f 4423 4412 4422
f 4422 4412 4410
f 4422 4410 4420
f 4416 4426 4429
f 4416 4429 4419
f 4419 4429 4428
f 4419 4428 4418
f 4418 4428 4427
f 4418 4427 4417
f 4417 4427 4425
f 4417 4425 4415
f 4431 4421 4424
f 4431 4424 4434
f 4434 4424 4423
f 4434 4423 4433
f 4433 4423 4422
f 4433 4422 4432
f 4432 4422 4420
f 4432 4420 4430
f 4426 4436 4439
f 4426 4439 4429
f 4429 4439 4438
f 4429 4438 4428
f 4428 4438 4437
f 4428 4437 4427
f 4427 4437 4435
f 4427 4435 4425
f 4441 4431 4434
f 4441 4434 4444
f 4444 4434 4433
f 4444 4433 4443
f 4443 4433 4432
f 4443 4432 4442
f 4442 4432 4430
f 4442 4430 4440
f 4436 4446 4449
f 4436 4449 4439
f 4439 4449 4448
f 4439 4448 4438
f 4438 4448 4447
f 4438 4447 4437
f 4437 4447 4445
f 4437 4445 4435
f 4451 4441 4444
f 4451 4444 4454
f 4454 4444 4443
f 4454 4443 4453
f 4453 4443 4442
f 4453 4442 4452
f 4452 4442 4440
f 4452 4440 4450
f 4446 4456 4459
f 4446 4459 4449
f 4449 4459 4458
f 4449 4458 4448
f 4448 4458 4457
f 4448 4457 4447
f 4447 4457 4455
f 4447 4455 4445
f 4461 4451 4454
f 4461 4454 4464
f 4464 4454 4453
f 4464 4453 4463
f 4463 4453 4452
f 4463 4452 4462
f 4462 4452 4450
f 4462 4450 4460
f 4456 4466 4469
f 4456 4469 4459
f 4459 4469 4468
f 4459 4468 4458
f 4458 4468 4467
f 4458 4467 4457
f 4457 4467 4465
f 4457 4465 4455
f 4471 4461 4464
f 4471 4464 4474
f 4474 4464 4463
f 4474 4463 4473
f 4473 4463 4462
f 4473 4462 4472
f 4472 4462 4460
f 4472 4460 4470
f 4466 4476 4479
f 4466 4479 4469
f 4469 4479 4478
f 4469 4478 4468
f 4468 4478 4477
f 4468 4477 4467
f 4467 4477 4475
f 4467 4475 4465
f 4481 4471 4474
f 4481 4474 4484
f 4484 4474 4473
f 4484 4473 4483
f 4483 4473 4472
f 4483 4472 4482
f 4482 4472 4470
f 4482 4470 4480
f 4476 4486 4489
f 4476 4489 4479
f 4479 4489 4488
f 4479 4488 4478
f 4478 4488 4487
f 4478 4487 4477
f 4477 4487 4485
f 4477 4485 4475
f 4491 4481 4484
f 4491 4484 4494
f 4494 4484 4483
f 4494 4483 4493
f 4493 4483 4482
f 4493 4482 4492
f 4492 4482 4480
f 4492 4480 4490
f 4486 4496 4499
f 4486 4499 4489
f 4489 4499 4498
f 4489 4498 4488
f 4488 4498 4497
f 4488 4497 4487
f 4487 4497 4495
f 4487 4495 4485
f 4501 4491 4494
f 4501 4494 4504
f 4504 4494 4493
f 4504 4493 4503
f 4503 4493 4492
f 4503 4492 4502
f 4502 4492 4490
f 4502 4490 4500
f 4496 4506 4509
f 4496 4509 4499
f 4499 4509 4508
f 4499 4508 4498
f 4498 4508 4507
f 4498 4507 4497
f 4497 4507 4505
f 4497 4505 4495
f 4511 4501 4504
f 4511 4504 4514
f 4514 4504 4503
f 4514 4503 4513
f 4513 4503 4502
f 4513 4502 4512
f 4512 4502 4500
f 4512 4500 4510
f 4506 4516 4519
f 4506 4519 4509
f 4509 4519 4518
f 4509 4518 4508
f 4508 4518 4517
f 4508 4517 4507
f 4507 4517 4515
f 4507 4515 4505
f 4521 4511 4514
f 4521 4514 4524
f 4524 4514 4513
f 4524 4513 4523
f 4523 4513 4512
f 4523 4512 4522
f 4522 4512 4510
f 4522 4510 4520
f 4516 4526 4529
f 4516 4529 4519
f 4519 4529 4528
f 4519 4528 4518
f 4518 4528 4527
f 4518 4527 4517
f 4517 4527 4525
f 4517 4525 4515
f 4531 4521 4524
f 4531 4524 4534
f 4534 4524 4523
f 4534 4523 4533
f 4533 4523 4522
f 4533 4522 4532
f 4532 4522 4520
f 4532 4520 4530
f 4526 4536 4539
f 4526 4539 4529
f 4529 4539 4538
f 4529 4538 4528
f 4528 4538 4537
f 4528 4537 4527
f 4527 4537 4535
f 4527 4535 4525
f 4541 4531 4534
f 4541 4534 4544
f 4544 4534 4533
f 4544 4533 4543
f 4543 4533 4532
f 4543 4532 4542
f 4542 4532 4530
f 4542 4530 4540
f 4536 4546 4549
f 4536 4549 4539
f 4539 4549 4548
f 4539 4548 4538
f 4538 4548 4547
f 4538 4547 4537
f 4537 4547 4545
f 4537 4545 4535
f 4551 4541 4544
f 4551 4544 4554
f 4554 4544 4543
f 4554 4543 4553
f 4553 4543 4542
f 4553 4542 4552
f 4552 4542 4540
f 4552 4540 4550
f 4546 4556 4559
f 4546 4559 4549
f 4549 4559 4558
f 4549 4558 4548
f 4548 4558 4557
f 4548 4557 4547
f 4547 4557 4555
f 4547 4555 4545
f 4561 4551 4554
f 4561 4554 4564
f 4564 4554 4553
f 4564 4553 4563
f 4563 4553 4552
f 4563 4552 4562
f 4562 4552 4550
f 4562 4550 4560
f 4556 4566 4569
f 4556 4569 4559
f 4559 4569 4568
f 4559 4568 4558
f 4558 4568 4567
f 4558 4567 4557
f 4557 4567 4565
f 4557 4565 4555
f 4571 4561 4564
f 4571 4564 4574
f 4574 4564 4563
f 4574 4563 4573
f 4573 4563 4562
f 4573 4562 4572
f 4572 4562 4560
f 4572 4560 4570
f 4566 4576 4579
f 4566 4579 4569
f 4569 4579 4578
f 4569 4578 4568
f 4568 4578 4577
f 4568 4577 4567
f 4567 4577 4575
f 4567 4575 4565
f 4581 4571 4574
f 4581 4574 4584
f 4584 4574 4573
f 4584 4573 4583
f 4583 4573 4572
f 4583 4572 4582
f 4582 4572 4570
f 4582 4570 4580
f 4576 4586 4589
f 4576 4589 4579
f 4579 4589 4588
f 4579 4588 4578
f 4578 4588 4587
f 4578 4587 4577
f 4577 4587 4585
f 4577 4585 4575
f 4591 4581 4584
f 4591 4584 4594
f 4594 4584 4583
f 4594 4583 4593
f 4593 4583 4582
f 4593 4582 4592
f 4592 4582 4580
f 4592 4580 4590
f 4586 4596 4599
f 4586 4599 4589
f 4589 4599 4598
f 4589 4598 4588
f 4588 4598 4597
f 4588 4597 4587
f 4587 4597 4595
f 4587 4595 4585
f 4601 4591 4594
f 4601 4594 4604
f 4604 4594 4593
f 4604 4593 4603
f 4603 4593 4592
f 4603 4592 4602
f 4602 4592 4590
f 4602 4590 4600
f 4596 4606 4609
f 4596 4609 4599
f 4599 4609 4608
f 4599 4608 4598
f 4598 4608 4607
f 4598 4607 4597
f 4597 4607 4605
f 4597 4605 4595
f 4611 4601 4604
f 4611 4604 4614
f 4614 4604 4603
f 4614 4603 4613
f 4613 4603 4602
f 4613 4602 4612
f 4612 4602 4600
f 4612 4600 4610
f 4606 4616 4619
f 4606 4619 4609
f 4609 4619 4618
f 4609 4618 4608
f 4608 4618 4617
f 4608 4617 4607
f 4607 4617 4615
f 4607 4615 4605
f 4621 4611 4614
f 4621 4614 4624
f 4624 4614 4613
f 4624 4613 4623
f 4623 4613 4612
f 4623 4612 4622
f 4622 4612 4610
f 4622 4610 4620
f 4616 4626 4629
f 4616 4629 4619
f 4619 4629 4628
f 4619 4628 4618
f 4618 4628 4627
f 4618 4627 4617
f 4617 4627 4625
f 4617 4625 4615
f 4631 4621 4624
f 4631 4624 4634
f 4634 4624 4623
f 4634 4623 4633
f 4633 4623 4622
f 4633 4622 4632
f 4632 4622 4620
f 4632 4620 4630
f 4626 4636 4639
f 4626 4639 4629
f 4629 4639 4638
f 4629 4638 4628
f 4628 4638 4637
f 4628 4637 4627
f 4627 4637 4635
f 4627 4635 4625
f 4641 4631 4634
f 4641 4634 4644
f 4644 4634 4633
f 4644 4633 4643
f 4643 4633 4632
f 4643 4632 4642
f 4642 4632 4630
f 4642 4630 4640
f 4636 4646 4649
f 4636 4649 4639
f 4639 4649 4648
f 4639 4648 4638
f 4638 4648 4647
f 4638 4647 4637
f 4637 4647 4645
f 4637 4645 4635
f 4651 4641 4644
f 4651 4644 4654
f 4654 4644 4643
f 4654 4643 4653
f 4653 4643 4642
f 4653 4642 4652
f 4652 4642 4640
f 4652 4640 4650
f 4646 4656 4659
f 4646 4659 4649
f 4649 4659 4658
f 4649 4658 4648
f 4648 4658 4657
f 4648 4657 4647
f 4647 4657 4655
f 4647 4655 4645
f 4661 4651 4654
f 4661 4654 4664
f 4664 4654 4653
f 4664 4653 4663
f 4663 4653 4652
f 4663 4652 4662
f 4662 4652 4650
f 4662 4650 4660
f 4656 4666 4669
f 4656 4669 4659
f 4659 4669 4668
f 4659 4668 4658
f 4658 4668 4667
f 4658 4667 4657
f 4657 4667 4665
f 4657 4665 4655
f 4671 4661 4664
f 4671 4664 4674
f 4674 4664 4663
f 4674 4663 4673
f 4673 4663 4662
f 4673 4662 4672
f 4672 4662 4660
f 4672 4660 4670
f 4666 4676 4679
f 4666 4679 4669
f 4669 4679 4678
f 4669 4678 4668
f 4668 4678 4677
f 4668 4677 4667
f 4667 4677 4675
f 4667 4675 4665
f 4681 4671 4674
f 4681 4674 4684
f 4684 4674 4673
f 4684 4673 4683
f 4683 4673 4672
f 4683 4672 4682
f 4682 4672 4670
f 4682 4670 4680
f 4676 4686 4689
f 4676 4689 4679
f 4679 4689 4688
f 4679 4688 4678
f 4678 4688 4687
f 4678 4687 4677
f 4677 4687 4685
f 4677 4685 4675
f 4691 4681 4684
f 4691 4684 4694
f 4694 4684 4683
f 4694 4683 4693
f 4693 4683 4682
f 4693 4682 4692
f 4692 4682 4680
f 4692 4680 4690
f 4686 4696 4699
f 4686 4699 4689
f 4689 4699 4698
f 4689 4698 4688
f 4688 4698 4697
f 4688 4697 4687
f 4687 4697 4695
f 4687 4695 4685
f 4701 4691 4694
f 4701 4694 4704
f 4704 4694 4693
f 4704 4693 4703
f 4703 4693 4692
f 4703 4692 4702
f 4702 4692 4690
f 4702 4690 4700
f 4696 4706 4709
f 4696 4709 4699
f 4699 4709 4708
f 4699 4708 4698
f 4698 4708 4707
f 4698 4707 4697
f 4697 4707 4705
f 4697 4705 4695
f 4711 4701 4704
f 4711 4704 4714
f 4714 4704 4703
f 4714 4703 4713
f 4713 4703 4702
f 4713 4702 4712
f 4712 4702 4700
f 4712 4700 4710
f 4706 4716 4719
f 4706 4719 4709
f 4709 4719 4718
f 4709 4718 4708
f 4708 4718 4717
f 4708 4717 4707
f 4707 4717 4715
f 4707 4715 4705
f 4721 4711 4714
f 4721 4714 4724
f 4724 4714 4713
f 4724 4713 4723
f 4723 4713 4712
f 4723 4712 4722
f 4722 4712 4710
f 4722 4710 4720
f 4716 4726 4729
f 4716 4729 4719
f 4719 4729 4728
f 4719 4728 4718
f 4718 4728 4727
f 4718 4727 4717
f 4717 4727 4725
f 4717 4725 4715
f 4731 4721 4724
f 4731 4724 4734
f 4734 4724 4723
f 4734 4723 4733
f 4733 4723 4722
f 4733 4722 4732
f 4732 4722 4720
f 4732 4720 4730
f 4726 4736 4739
f 4726 4739 4729
f 4729 4739 4738
f 4729 4738 4728
f 4728 4738 4737
f 4728 4737 4727
f 4727 4737 4735
f 4727 4735 4725
f 4741 4731 4734
f 4741 4734 4744
f 4744 4734 4733
f 4744 4733 4743
f 4743 4733 4732
f 4743 4732 4742
f 4742 4732 4730
f 4742 4730 4740
f 4736 4746 4749
f 4736 4749 4739
f 4739 4749 4748
f 4739 4748 4738
f 4738 4748 4747
f 4738 4747 4737
f 4737 4747 4745
f 4737 4745 4735
f 4751 4741 4744
f 4751 4744 4754
f 4754 4744 4743
f 4754 4743 4753
f 4753 4743 4742
f 4753 4742 4752
f 4752 4742 4740
f 4752 4740 4750
f 4746 4756 4759
f 4746 4759 4749
f 4749 4759 4758
f 4749 4758 4748
f 4748 4758 4757
f 4748 4757 4747
f 4747 4757 4755
f 4747 4755 4745
f 4761 4751 4754
f 4761 4754 4764
f 4764 4754 4753
f 4764 4753 4763
f 4763 4753 4752
f 4763 4752 4762
f 4762 4752 4750
f 4762 4750 4760
f 4756 4766 4769
f 4756 4769 4759
f 4759 4769 4768
f 4759 4768 4758
f 4758 4768 4767
f 4758 4767 4757
f 4757 4767 4765
f 4757 4765 4755
f 4771 4761 4764
f 4771 4764 4774
f 4774 4764 4763
f 4774 4763 4773
f 4773 4763 4762
f 4773 4762 4772
f 4772 4762 4760
f 4772 4760 4770
f 4766 4776 4779
f 4766 4779 4769
f 4769 4779 4778
f 4769 4778 4768
f 4768 4778 4777
f 4768 4777 4767
f 4767 4777 4775
f 4767 4775 4765
f 4781 4771 4774
f 4781 4774 4784
f 4784 4774 4773
f 4784 4773 4783
f 4783 4773 4772
f 4783 4772 4782
f 4782 4772 4770
f 4782 4770 4780
f 4776 4786 4789
f 4776 4789 4779
f 4779 4789 4788
f 4779 4788 4778
f 4778 4788 4787
f 4778 4787 4777
f 4777 4787 4785
f 4777 4785 4775
f 4791 4781 4784
f 4791 4784 4794
f 4794 4784 4783
f 4794 4783 4793
f 4793 4783 4782
f 4793 4782 4792
f 4792 4782 4780
f 4792 4780 4790
f 4786 4796 4799
f 4786 4799 4789
f 4789 4799 4798
f 4789 4798 4788
f 4788 4798 4797
f 4788 4797 4787
f 4787 4797 4795
f 4787 4795 4785
f 4801 4791 4794
f 4801 4794 4804
f 4804 4794 4793
f 4804 4793 4803
f 4803 4793 4792
f 4803 4792 4802
f 4802 4792 4790
f 4802 4790 4800
f 4796 4806 4809
f 4796 4809 4799
f 4799 4809 4808
f 4799 4808 4798
f 4798 4808 4807
f 4798 4807 4797
f 4797 4807 4805
f 4797 4805 4795
f 4811 4801 4804
f 4811 4804 4814
f 4814 4804 4803
f 4814 4803 4813
f 4813 4803 4802
f 4813 4802 4812
f 4812 4802 4800
f 4812 4800 4810
f 4806 4816 4819
f 4806 4819 4809
f 4809 4819 4818
f 4809 4818 4808
f 4808 4818 4817
f 4808 4817 4807
f 4807 4817 4815
f 4807 4815 4805
f 4821 4811 4814
f 4821 4814 4824
f 4824 4814 4813
f 4824 4813 4823
f 4823 4813 4812
f 4823 4812 4822
f 4822 4812 4810
f 4822 4810 4820
f 4816 4826 4829
f 4816 4829 4819
f 4819 4829 4828
f 4819 4828 4818
f 4818 4828 4827
f 4818 4827 4817
f 4817 4827 4825
f 4817 4825 4815
f 4831 4821 4824
f 4831 4824 4834
f 4834 4824 4823
f 4834 4823 4833
f 4833 4823 4822
f 4833 4822 4832
f 4832 4822 4820
f 4832 4820 4830
f 4826 4836 4839
f 4826 4839 4829
f 4829 4839 4838
f 4829 4838 4828
f 4828 4838 4837
f 4828 4837 4827
f 4827 4837 4835
f 4827 4835 4825
f 4841 4831 4834
f 4841 4834 4844
f 4844 4834 4833
f 4844 4833 4843
f 4843 4833 4832
f 4843 4832 4842
f 4842 4832 4830
f 4842 4830 4840
f 4836 4846 4849
f 4836 4849 4839
f 4839 4849 4848
f 4839 4848 4838
f 4838 4848 4847
f 4838 4847 4837
f 4837 4847 4845
f 4837 4845 4835
f 4851 4841 4844
f 4851 4844 4854
f 4854 4844 4843
f 4854 4843 4853
f 4853 4843 4842
f 4853 4842 4852
f 4852 4842 4840
f 4852 4840 4850
f 4846 4856 4859
f 4846 4859 4849
f 4849 4859 4858
f 4849 4858 4848
f 4848 4858 4857
f 4848 4857 4847
f 4847 4857 4855
f 4847 4855 4845
f 4861 4851 4854
f 4861 4854 4864
f 4864 4854 4853
f 4864 4853 4863
f 4863 4853 4852
f 4863 4852 4862
f 4862 4852 4850
f 4862 4850 4860
f 4856 4866 4869
f 4856 4869 4859
f 4859 4869 4868
f 4859 4868 4858
f 4858 4868 4867
f 4858 4867 4857
f 4857 4867 4865
f 4857 4865 4855
f 4871 4861 4864
f 4871 4864 4874
f 4874 4864 4863
f 4874 4863 4873
f 4873 4863 4862
f 4873 4862 4872
f 4872 4862 4860
f 4872 4860 4870
f 4866 4876 4879
f 4866 4879 4869
f 4869 4879 4878
f 4869 4878 4868
f 4868 4878 4877
f 4868 4877 4867
f 4867 4877 4875
f 4867 4875 4865
f 4881 4871 4874
f 4881 4874 4884
f 4884 4874 4873
f 4884 4873 4883
f 4883 4873 4872
f 4883 4872 4882
f 4882 4872 4870
f 4882 4870 4880
f 4876 4886 4889
f 4876 4889 4879
f 4879 4889 4888
f 4879 4888 4878
f 4878 4888 4887
f 4878 4887 4877
f 4877 4887 4885
f 4877 4885 4875
f 4891 4881 4884
f 4891 4884 4894
f 4894 4884 4883
f 4894 4883 4893
f 4893 4883 4882
f 4893 4882 4892
f 4892 4882 4880
f 4892 4880 4890
f 4886 4896 4899
f 4886 4899 4889
f 4889 4899 4898
f 4889 4898 4888
f 4888 4898 4897
f 4888 4897 4887
f 4887 4897 4895
f 4887 4895 4885
f 4901 4891 4894
f 4901 4894 4904
f 4904 4894 4893
f 4904 4893 4903
f 4903 4893 4892
f 4903 4892 4902
f 4902 4892 4890
f 4902 4890 4900
f 4896 4906 4909
f 4896 4909 4899
f 4899 4909 4908
f 4899 4908 4898
f 4898 4908 4907
f 4898 4907 4897
f 4897 4907 4905
f 4897 4905 4895
f 4911 4901 4904
f 4911 4904 4914
f 4914 4904 4903
f 4914 4903 4913
f 4913 4903 4902
f 4913 4902 4912
f 4912 4902 4900
f 4912 4900 4910
f 4906 4916 4919
f 4906 4919 4909
f 4909 4919 4918
f 4909 4918 4908
f 4908 4918 4917
f 4908 4917 4907
f 4907 4917 4915
f 4907 4915 4905
f 4921 4911 4914
f 4921 4914 4924
f 4924 4914 4913
f 4924 4913 4923
f 4923 4913 4912
f 4923 4912 4922
f 4922 4912 4910
f 4922 4910 4920
f 4916 4926 4929
f 4916 4929 4919
f 4919 4929 4928
f 4919 4928 4918
f 4918 4928 4927
f 4918 4927 4917
f 4917 4927 4925
f 4917 4925 4915
f 4931 4921 4924
f 4931 4924 4934
f 4934 4924 4923
f 4934 4923 4933
f 4933 4923 4922
f 4933 4922 4932
f 4932 4922 4920
f 4932 4920 4930
f 4926 4936 4939
f 4926 4939 4929
f 4929 4939 4938
f 4929 4938 4928
f 4928 4938 4937
f 4928 4937 4927
f 4927 4937 4935
f 4927 4935 4925
f 4941 4931 4934
f 4941 4934 4944
f 4944 4934 4933
f 4944 4933 4943
f 4943 4933 4932
f 4943 4932 4942
f 4942 4932 4930
f 4942 4930 4940
f 4936 4946 4949
f 4936 4949 4939
f 4939 4949 4948
f 4939 4948 4938
f 4938 4948 4947
f 4938 4947 4937
f 4937 4947 4945
f 4937 4945 4935
f 4951 4941 4944
f 4951 4944 4954
f 4954 4944 4943
f 4954 4943 4953
f 4953 4943 4942
f 4953 4942 4952
f 4952 4942 4940
f 4952 4940 4950
f 4946 4956 4959
f 4946 4959 4949
f 4949 4959 4958
f 4949 4958 4948
f 4948 4958 4957
f 4948 4957 4947
f 4947 4957 4955
f 4947 4955 4945
f 4961 4951 4954
f 4961 4954 4964
f 4964 4954 4953
f 4964 4953 4963
f 4963 4953 4952
f 4963 4952 4962
f 4962 4952 4950
f 4962 4950 4960
f 4956 4966 4969
f 4956 4969 4959
f 4959 4969 4968
f 4959 4968 4958
f 4958 4968 4967
f 4958 4967 4957
f 4957 4967 4965
f 4957 4965 4955
f 4971 4961 4964
f 4971 4964 4974
f 4974 4964 4963
f 4974 4963 4973
f 4973 4963 4962
f 4973 4962 4972
f 4972 4962 4960
f 4972 4960 4970
f 4966 4976 4979
f 4966 4979 4969
f 4969 4979 4978
f 4969 4978 4968
f 4968 4978 4977
f 4968 4977 4967
f 4967 4977 4975
f 4967 4975 4965
f 4981 4971 4974
f 4981 4974 4984
f 4984 4974 4973
f 4984 4973 4983
f 4983 4973 4972
f 4983 4972 4982
f 4982 4972 4970
f 4982 4970 4980
f 4976 4986 4989
f 4976 4989 4979
f 4979 4989 4988
f 4979 4988 4978
f 4978 4988 4987
f 4978 4987 4977
f 4977 4987 4985
f 4977 4985 4975
f 4991 4981 4984
f 4991 4984 4994
f 4994 4984 4983
f 4994 4983 4993
f 4993 4983 4982
f 4993 4982 4992
f 4992 4982 4980
f 4992 4980 4990
f 4986 4996 4999
f 4986 4999 4989
f 4989 4999 4998
f 4989 4998 4988
f 4988 4998 4997
f 4988 4997 4987
f 4987 4997 4995
f 4987 4995 4985
f 5001 4991 4994
f 5001 4994 5004
f 5004 4994 4993
f 5004 4993 5003
f 5003 4993 4992
f 5003 4992 5002
f 5002 4992 4990
f 5002 4990 5000
f 4996 5006 5009
f 4996 5009 4999
f 4999 5009 5008
f 4999 5008 4998
f 4998 5008 5007
f 4998 5007 4997
f 4997 5007 5005
f 4997 5005 4995
f 5011 5001 5004
f 5011 5004 5014
f 5014 5004 5003
f 5014 5003 5013
f 5013 5003 5002
f 5013 5002 5012
f 5012 5002 5000
f 5012 5000 5010
f 5006 5016 5019
f 5006 5019 5009
f 5009 5019 5018
f 5009 5018 5008
f 5008 5018 5017
f 5008 5017 5007
f 5007 5017 5015
f 5007 5015 5005
f 5021 5011 5014
f 5021 5014 5024
f 5024 5014 5013
f 5024 5013 5023
f 5023 5013 5012
f 5023 5012 5022
f 5022 5012 5010
f 5022 5010 5020
f 5016 4386 4389
f 5016 4389 5019
f 5019 4389 4388
f 5019 4388 5018
f 5018 4388 4387
f 5018 4387 5017
f 5017 4387 4385
f 5017 4385 5015
f 4391 5021 5024
f 4391 5024 4394
f 4394 5024 5023
f 4394 5023 4393
f 4393 5023 5022
f 4393 5022 4392
f 4392 5022 5020
f 4392 5020 4390
f 5015 4385 4395
f 4395 4405 4415
f 4415 4425 4435
f 4435 4445 4455
f 4455 4465 4475
f 4475 4485 4495
f 4495 4505 4515
f 4515 4525 4535
f 4535 4545 4555
f 4555 4565 4575
f 4575 4585 4595
f 4595 4605 4615
f 4615 4625 4635
f 4635 4645 4655
f 4655 4665 4675
f 4675 4685 4695
f 4695 4705 4715
f 4715 4725 4735
f 4735 4745 4755
f 4755 4765 4775
f 4775 4785 4795
f 4795 4805 4815
f 4815 4825 4835
f 4835 4845 4855
f 4855 4865 4875
f 4875 4885 4895
f 4895 4905 4915
f 4915 4925 4935
f 4935 4945 4955
f 4955 4965 4975
f 4975 4985 4995
f 4995 5005 5015
f 5015 4395 4415
f 4415 4435 4455
f 4455 4475 4495
f 4495 4515 4535
f 4535 4555 4575
f 4575 4595 4615
f 4615 4635 4655
f 4655 4675 4695
f 4695 4715 4735
f 4735 4755 4775
f 4775 4795 4815
f 4815 4835 4855
f 4855 4875 4895
f 4895 4915 4935
f 4935 4955 4975
f 4975 4995 5015
f 5015 4415 4455
f 4455 4495 4535
f 4535 4575 4615
f 4615 4655 4695
f 4695 4735 4775
f 4775 4815 4855
f 4855 4895 4935
f 4935 4975 5015
f 5015 4455 4535
f 4535 4615 4695
f 4695 4775 4855
f 4855 4935 5015
f 5015 4535 4695
f 4695 4855 5015
f 4386 4391 4401
f 4386 4401 4396
f 5016 5021 4391
f 5016 4391 4386
f 4410 4400 4390
f 4390 5020 5010
f 5010 5000 4990
f 4990 4980 4970
f 4970 4960 4950
f 4950 4940 4930
f 4930 4920 4910
f 4910 4900 4890
f 4890 4880 4870
f 4870 4860 4850
f 4850 4840 4830
f 4830 4820 4810
f 4810 4800 4790
f 4790 4780 4770
f 4770 4760 4750
f 4750 4740 4730
f 4730 4720 4710
f 4710 4700 4690
f 4690 4680 4670
f 4670 4660 4650
f 4650 4640 4630
f 4630 4620 4610
f 4610 4600 4590
f 4590 4580 4570
f 4570 4560 4550
f 4550 4540 4530
f 4530 4520 4510
f 4510 4500 4490
f 4490 4480 4470
f 4470 4460 4450
f 4450 4440 4430
f 4430 4420 4410
f 4410 4390 5010
f 5010 4990 4970
f 4970 4950 4930
f 4930 4910 4890
f 4890 4870 4850
f 4850 4830 4810
f 4810 4790 4770
f 4770 4750 4730
f 4730 4710 4690
f 4690 4670 4650
f 4650 4630 4610
f 4610 4590 4570
f 4570 4550 4530
f 4530 4510 4490
f 4490 4470 4450
f 4450 4430 4410
f 4410 5010 4970
f 4970 4930 4890
f 4890 4850 4810
f 4810 4770 4730
f 4730 4690 4650
f 4650 4610 4570
f 4570 4530 4490
f 4490 4450 4410
f 4410 4970 4890
f 4890 4810 4730
f 4730 4650 4570
f 4570 4490 4410
f 4410 4890 4730
f 4730 4570 4410
f 4396 4401 4411
f 4396 4411 4406
f 4406 4411 4421
f 4406 4421 4416
f 4416 4421 4431
f 4416 4431 4426
f 4426 4431 4441
f 4426 4441 4436
f 4436 4441 4451
f 4436 4451 4446
f 4446 4451 4461
f 4446 4461 4456
f 4456 4461 4471
f 4456 4471 4466
f 4466 4471 4481
f 4466 4481 4476
f 4476 4481 4491
f 4476 4491 4486
f 4486 4491 4501
f 4486 4501 4496
f 4496 4501 4511
f 4496 4511 4506
f 4506 4511 4521
f 4506 4521 4516
f 4516 4521 4531
f 4516 4531 4526
f 4526 4531 4541
f 4526 4541 4536
f 4536 4541 4551
f 4536 4551 4546
f 4546 4551 4561
f 4546 4561 4556
f 4556 4561 4571
f 4556 4571 4566
f 4566 4571 4581
f 4566 4581 4576
f 4576 4581 4591
f 4576 4591 4586
f 4586 4591 4601
f 4586 4601 4596
f 4596 4601 4611
f 4596 4611 4606
f 4606 4611 4621
f 4606 4621 4616
f 4616 4621 4631
f 4616 4631 4626
f 4626 4631 4641
f 4626 4641 4636
f 4636 4641 4651
f 4636 4651 4646
f 4646 4651 4661
f 4646 4661 4656
f 4656 4661 4671
f 4656 4671 4666
f 4666 4671 4681
f 4666 4681 4676
f 4676 4681 4691
f 4676 4691 4686
f 4686 4691 4701
f 4686 4701 4696
f 4696 4701 4711
f 4696 4711 4706
f 4706 4711 4721
f 4706 4721 4716
f 4716 4721 4731
f 4716 4731 4726
f 4726 4731 4741
f 4726 4741 4736
f 4736 4741 4751
f 4736 4751 4746
f 4746 4751 4761
f 4746 4761 4756
f 4756 4761 4771
f 4756 4771 4766
f 4766 4771 4781
f 4766 4781 4776
f 4776 4781 4791
f 4776 4791 4786
f 4786 4791 4801
f 4786 4801 4796
f 4796 4801 4811
f 4796 4811 4806
f 4806 4811 4821
f 4806 4821 4816
f 4816 4821 4831
f 4816 4831 4826
f 4826 4831 4841
f 4826 4841 4836
f 4836 4841 4851
f 4836 4851 4846
f 4846 4851 4861
f 4846 4861 4856
f 4856 4861 4871
f 4856 4871 4866
f 4866 4871 4881
f 4866 4881 4876
f 4876 4881 4891
f 4876 4891 4886
f 4886 4891 4901
f 4886 4901 4896
f 4896 4901 4911
f 4896 4911 4906
f 4906 4911 4921
f 4906 4921 4916
f 4916 4921 4931
f 4916 4931 4926
f 4926 4931 4941
f 4926 4941 4936
f 4936 4941 4951
f 4936 4951 4946
f 4946 4951 4961
f 4946 4961 4956
f 4956 4961 4971
f 4956 4971 4966
f 4966 4971 4981
f 4966 4981 4976
f 4976 4981 4991
f 4976 4991 4986
f 4986 4991 5001
f 4986 5001 4996
f 4996 5001 5011
f 4996 5011 5006
f 5006 5011 5021
f 5006 5021 5016
f 5025 5028 5030
f 5025 5030 5029
f 5028 5032 5033
f 5028 5033 5030
f 5026 5031 5033
f 5026 5033 5032
f 5031 5035 5036
f 5031 5036 5033
f 5027 5034 5036
f 5027 5036 5035
f 5034 5029 5030
f 5034 5030 5036
f 5030 5033 5036
f 5161 5164 5166
f 5161 5166 5165
f 5164 5168 5169
f 5164 5169 5166
f 5162 5167 5169
f 5162 5169 5168
f 5167 5171 5172
f 5167 5172 5169
f 5163 5170 5172
f 5163 5172 5171
f 5170 5165 5166
f 5170 5166 5172
f 5166 5169 5172
f 5173 5176 5178
f 5173 5178 5177
f 5176 5180 5181
f 5176 5181 5178
f 5174 5179 5181
f 5174 5181 5180
f 5179 5183 5184
f 5179 5184 5181
f 5175 5182 5184
f 5175 5184 5183
f 5182 5177 5178
f 5182 5178 5184
f 5178 5181 5184
f 5309 5312 5314
f 5309 5314 5313
f 5312 5316 5317
f 5312 5317 5314
f 5310 5315 5317
f 5310 5317 5316
f 5315 5319 5320
f 5315 5320 5317
f 5311 5318 5320
f 5311 5320 5319
f 5318 5313 5314
f 5318 5314 5320
f 5314 5317 5320
f 5321 5324 5326
f 5321 5326 5325
f 5324 5328 5329
f 5324 5329 5326
f 5322 5327 5329
f 5322 5329 5328
f 5327 5331 5332
f 5327 5332 5329
f 5323 5330 5332
f 5323 5332 5331
f 5330 5325 5326
f 5330 5326 5332
f 5326 5329 5332
f 5457 5460 5462
f 5457 5462 5461
f 5460 5464 5465
f 5460 5465 5462
f 5458 5463 5465
f 5458 5465 5464
f 5463 5467 5468
f 5463 5468 5465
f 5459 5466 5468
f 5459 5468 5467
f 5466 5461 5462
f 5466 5462 5468
f 5462 5465 5468
f 5469 5472 5474
f 5469 5474 5473
f 5472 5476 5477
f 5472 5477 5474
f 5470 5475 5477
f 5470 5477 5476
f 5475 5479 5480
f 5475 5480 5477
f 5471 5478 5480
f 5471 5480 5479
f 5478 5473 5474
f 5478 5474 5480
f 5474 5477 5480
f 5605 5608 5610
f 5605 5610 5609
f 5608 5612 5613
f 5608 5613 5610
f 5606 5611 5613
f 5606 5613 5612
f 5611 5615 5616
f 5611 5616 5613
f 5607 5614 5616
f 5607 5616 5615
f 5614 5609 5610
f 5614 5610 5616
f 5610 5613 5616
f 5027 5174 5180
f 5027 5180 5034
f 5034 5180 5176
f 5034 5176 5029
f 5029 5176 5173
f 5029 5173 5025
f 5026 5037 5039
f 5026 5039 5031
f 5031 5039 5040
f 5031 5040 5035
f 5035 5040 5038
f 5035 5038 5027
f 5174 5185 5187
f 5174 5187 5179
f 5179 5187 5188
f 5179 5188 5183
f 5183 5188 5186
f 5183 5186 5175
f 5323 5333 5335
f 5323 5335 5330
f 5330 5335 5336
f 5330 5336 5325
f 5325 5336 5334
f 5325 5334 5321
f 5322 5469 5473
f 5322 5473 5327
f 5327 5473 5478
f 5327 5478 5331
f 5331 5478 5471
f 5331 5471 5323
f 5470 5481 5483
f 5470 5483 5475
f 5475 5483 5484
f 5475 5484 5479
f 5479 5484 5482
f 5479 5482 5471
f 5025 5322 5328
f 5025 5328 5028
f 5028 5328 5324
f 5028 5324 5032
f 5032 5324 5321
f 5032 5321 5026
f 5175 5470 5476
f 5175 5476 5182
f 5182 5476 5472
f 5182 5472 5177
f 5177 5472 5469
f 5177 5469 5173
f 5037 5041 5043
f 5037 5043 5039
f 5039 5043 5044
f 5039 5044 5040
f 5040 5044 5042
f 5040 5042 5038
f 5185 5189 5191
f 5185 5191 5187
f 5187 5191 5192
f 5187 5192 5188
f 5188 5192 5190
f 5188 5190 5186
f 5333 5337 5339
f 5333 5339 5335
f 5335 5339 5340
f 5335 5340 5336
f 5336 5340 5338
f 5336 5338 5334
f 5481 5485 5487
f 5481 5487 5483
f 5483 5487 5488
f 5483 5488 5484
f 5484 5488 5486
f 5484 5486 5482
f 5041 5045 5047
f 5041 5047 5043
f 5043 5047 5048
f 5043 5048 5044
f 5044 5048 5046
f 5044 5046 5042
f 5189 5193 5195
f 5189 5195 5191
f 5191 5195 5196
f 5191 5196 5192
f 5192 5196 5194
f 5192 5194 5190
f 5337 5341 5343
f 5337 5343 5339
f 5339 5343 5344
f 5339 5344 5340
f 5340 5344 5342
f 5340 5342 5338
f 5485 5489 5491
f 5485 5491 5487
f 5487 5491 5492
f 5487 5492 5488
f 5488 5492 5490
f 5488 5490 5486
f 5045 5049 5051
f 5045 5051 5047
f 5047 5051 5052
f 5047 5052 5048
f 5048 5052 5050
f 5048 5050 5046
f 5193 5197 5199
f 5193 5199 5195
f 5195 5199 5200
f 5195 5200 5196
f 5196 5200 5198
f 5196 5198 5194
f 5341 5345 5347
f 5341 5347 5343
f 5343 5347 5348
f 5343 5348 5344
f 5344 5348 5346
f 5344 5346 5342
f 5489 5493 5495
f 5489 5495 5491
f 5491 5495 5496
f 5491 5496 5492
f 5492 5496 5494
f 5492 5494 5490
f 5049 5053 5055
f 5049 5055 5051
f 5051 5055 5056
f 5051 5056 5052
f 5052 5056 5054
f 5052 5054 5050
f 5197 5201 5203
f 5197 5203 5199
f 5199 5203 5204
f 5199 5204 5200
f 5200 5204 5202
f 5200 5202 5198
f 5345 5349 5351
f 5345 5351 5347
f 5347 5351 5352
f 5347 5352 5348
f 5348 5352 5350
f 5348 5350 5346
f 5493 5497 5499
f 5493 5499 5495
f 5495 5499 5500
f 5495 5500 5496
f 5496 5500 5498
f 5496 5498 5494
f 5053 5057 5059
f 5053 5059 5055
f 5055 5059 5060
f 5055 5060 5056
f 5056 5060 5058
f 5056 5058 5054
f 5201 5205 5207
f 5201 5207 5203
f 5203 5207 5208
f 5203 5208 5204
f 5204 5208 5206
f 5204 5206 5202
f 5349 5353 5355
f 5349 5355 5351
f 5351 5355 5356
f 5351 5356 5352
f 5352 5356 5354
f 5352 5354 5350
f 5497 5501 5503
f 5497 5503 5499
f 5499 5503 5504
f 5499 5504 5500
f 5500 5504 5502
f 5500 5502 5498
f 5057 5061 5063
f 5057 5063 5059
f 5059 5063 5064
f 5059 5064 5060
f 5060 5064 5062
f 5060 5062 5058
f 5205 5209 5211
f 5205 5211 5207
f 5207 5211 5212
f 5207 5212 5208
f 5208 5212 5210
f 5208 5210 5206
f 5353 5357 5359
f 5353 5359 5355
f 5355 5359 5360
f 5355 5360 5356
f 5356 5360 5358
f 5356 5358 5354
f 5501 5505 5507
f 5501 5507 5503
f 5503 5507 5508
f 5503 5508 5504
f 5504 5508 5506
f 5504 5506 5502
f 5061 5065 5067
f 5061 5067 5063
f 5063 5067 5068
f 5063 5068 5064
f 5064 5068 5066
f 5064 5066 5062
f 5209 5213 5215
f 5209 5215 5211
f 5211 5215 5216
f 5211 5216 5212
f 5212 5216 5214
f 5212 5214 5210
f 5357 5361 5363
f 5357 5363 5359
f 5359 5363 5364
f 5359 5364 5360
f 5360 5364 5362
f 5360 5362 5358
f 5505 5509 5511
f 5505 5511 5507
f 5507 5511 5512
f 5507 5512 5508
f 5508 5512 5510
f 5508 5510 5506
f 5065 5069 5071
f 5065 5071 5067
f 5067 5071 5072
f 5067 5072 5068
f 5068 5072 5070
f 5068 5070 5066
f 5213 5217 5219
f 5213 5219 5215
f 5215 5219 5220
f 5215 5220 5216
f 5216 5220 5218
f 5216 5218 5214
f 5361 5365 5367
f 5361 5367 5363
f 5363 5367 5368
f 5363 5368 5364
f 5364 5368 5366
f 5364 5366 5362
f 5509 5513 5515
f 5509 5515 5511
f 5511 5515 5516
f 5511 5516 5512
f 5512 5516 5514
f 5512 5514 5510
f 5069 5073 5075
f 5069 5075 5071
f 5071 5075 5076
f 5071 5076 5072
f 5072 5076 5074
f 5072 5074 5070
f 5217 5221 5223
f 5217 5223 5219
f 5219 5223 5224
f 5219 5224 5220
f 5220 5224 5222
f 5220 5222 5218
f 5365 5369 5371
f 5365 5371 5367
f 5367 5371 5372
f 5367 5372 5368
f 5368 5372 5370
f 5368 5370 5366
f 5513 5517 5519
f 5513 5519 5515
f 5515 5519 5520
f 5515 5520 5516
f 5516 5520 5518
f 5516 5518 5514
f 5073 5077 5079
f 5073 5079 5075
f 5075 5079 5080
f 5075 5080 5076
f 5076 5080 5078
f 5076 5078 5074
f 5221 5225 5227
f 5221 5227 5223
f 5223 5227 5228
f 5223 5228 5224
f 5224 5228 5226
f 5224 5226 5222
f 5369 5373 5375
f 5369 5375 5371
f 5371 5375 5376
f 5371 5376 5372
f 5372 5376 5374
f 5372 5374 5370
f 5517 5521 5523
f 5517 5523 5519
f 5519 5523 5524
f 5519 5524 5520
f 5520 5524 5522
f 5520 5522 5518
f 5077 5081 5083
f 5077 5083 5079
f 5079 5083 5084
f 5079 5084 5080
f 5080 5084 5082
f 5080 5082 5078
f 5225 5229 5231
f 5225 5231 5227
f 5227 5231 5232
f 5227 5232 5228
f 5228 5232 5230
f 5228 5230 5226
f 5373 5377 5379
f 5373 5379 5375
f 5375 5379 5380
f 5375 5380 5376
f 5376 5380 5378
f 5376 5378 5374
f 5521 5525 5527
f 5521 5527 5523
f 5523 5527 5528
f 5523 5528 5524
f 5524 5528 5526
f 5524 5526 5522
f 5081 5085 5087
f 5081 5087 5083
f 5083 5087 5088
f 5083 5088 5084
f 5084 5088 5086
f 5084 5086 5082
f 5229 5233 5235
f 5229 5235 5231
f 5231 5235 5236
f 5231 5236 5232
f 5232 5236 5234
f 5232 5234 5230
f 5377 5381 5383
f 5377 5383 5379
f 5379 5383 5384
f 5379 5384 5380
f 5380 5384 5382
f 5380 5382 5378
f 5525 5529 5531
f 5525 5531 5527
f 5527 5531 5532
f 5527 5532 5528
f 5528 5532 5530
f 5528 5530 5526
f 5085 5089 5091
f 5085 5091 5087
f 5087 5091 5092
f 5087 5092 5088
f 5088 5092 5090
f 5088 5090 5086
f 5233 5237 5239
f 5233 5239 5235
f 5235 5239 5240
f 5235 5240 5236
f 5236 5240 5238
f 5236 5238 5234
f 5381 5385 5387
f 5381 5387 5383
f 5383 5387 5388
f 5383 5388 5384
f 5384 5388 5386
f 5384 5386 5382
f 5529 5533 5535
f 5529 5535 5531
f 5531 5535 5536
f 5531 5536 5532
f 5532 5536 5534
f 5532 5534 5530
f 5089 5093 5095
f 5089 5095 5091
f 5091 5095 5096
f 5091 5096 5092
f 5092 5096 5094
f 5092 5094 5090
f 5237 5241 5243
f 5237 5243 5239
f 5239 5243 5244
f 5239 5244 5240
f 5240 5244 5242
f 5240 5242 5238
f 5385 5389 5391
f 5385 5391 5387
f 5387 5391 5392
f 5387 5392 5388
f 5388 5392 5390
f 5388 5390 5386
f 5533 5537 5539
f 5533 5539 5535
f 5535 5539 5540
f 5535 5540 5536
f 5536 5540 5538
f 5536 5538 5534
f 5093 5097 5099
f 5093 5099 5095
f 5095 5099 5100
f 5095 5100 5096
f 5096 5100 5098
f 5096 5098 5094
f 5241 5245 5247
f 5241 5247 5243
f 5243 5247 5248
f 5243 5248 5244
f 5244 5248 5246
f 5244 5246 5242
f 5389 5393 5395
f 5389 5395 5391
f 5391 5395 5396
f 5391 5396 5392
f 5392 5396 5394
f 5392 5394 5390
f 5537 5541 5543
f 5537 5543 5539
f 5539 5543 5544
f 5539 5544 5540
f 5540 5544 5542
f 5540 5542 5538
f 5097 5101 5103
f 5097 5103 5099
f 5099 5103 5104
f 5099 5104 5100
f 5100 5104 5102
f 5100 5102 5098
f 5245 5249 5251
f 5245 5251 5247
f 5247 5251 5252
f 5247 5252 5248
f 5248 5252 5250
f 5248 5250 5246
f 5393 5397 5399
f 5393 5399 5395
f 5395 5399 5400
f 5395 5400 5396
f 5396 5400 5398
f 5396 5398 5394
f 5541 5545 5547
f 5541 5547 5543
f 5543 5547 5548
f 5543 5548 5544
f 5544 5548 5546
f 5544 5546 5542
f 5101 5105 5107
f 5101 5107 5103
f 5103 5107 5108
f 5103 5108 5104
f 5104 5108 5106
f 5104 5106 5102
f 5249 5253 5255
f 5249 5255 5251
f 5251 5255 5256
f 5251 5256 5252
f 5252 5256 5254
f 5252 5254 5250
f 5397 5401 5403
f 5397 5403 5399
f 5399 5403 5404
f 5399 5404 5400
f 5400 5404 5402
f 5400 5402 5398
f 5545 5549 5551
f 5545 5551 5547
f 5547 5551 5552
f 5547 5552 5548
f 5548 5552 5550
f 5548 5550 5546
f 5105 5109 5111
f 5105 5111 5107
f 5107 5111 5112
f 5107 5112 5108
f 5108 5112 5110
f 5108 5110 5106
f 5253 5257 5259
f 5253 5259 5255
f 5255 5259 5260
f 5255 5260 5256
f 5256 5260 5258
f 5256 5258 5254
f 5401 5405 5407
f 5401 5407 5403
f 5403 5407 5408
f 5403 5408 5404
f 5404 5408 5406
f 5404 5406 5402
f 5549 5553 5555
f 5549 5555 5551
f 5551 5555 5556
f 5551 5556 5552
f 5552 5556 5554
f 5552 5554 5550
f 5109 5113 5115
f 5109 5115 5111
f 5111 5115 5116
f 5111 5116 5112
f 5112 5116 5114
f 5112 5114 5110
f 5257 5261 5263
f 5257 5263 5259
f 5259 5263 5264
f 5259 5264 5260
f 5260 5264 5262
f 5260 5262 5258
f 5405 5409 5411
f 5405 5411 5407
f 5407 5411 5412
f 5407 5412 5408
f 5408 5412 5410
f 5408 5410 5406
f 5553 5557 5559
f 5553 5559 5555
f 5555 5559 5560
f 5555 5560 5556
f 5556 5560 5558
f 5556 5558 5554
f 5113 5117 5119
f 5113 5119 5115
f 5115 5119 5120
f 5115 5120 5116
f 5116 5120 5118
f 5116 5118 5114
f 5261 5265 5267
f 5261 5267 5263
f 5263 5267 5268
f 5263 5268 5264
f 5264 5268 5266
f 5264 5266 5262
f 5409 5413 5415
f 5409 5415 5411
f 5411 5415 5416
f 5411 5416 5412
f 5412 5416 5414
f 5412 5414 5410
f 5557 5561 5563
f 5557 5563 5559
f 5559 5563 5564
f 5559 5564 5560
f 5560 5564 5562
f 5560 5562 5558
f 5117 5121 5123
f 5117 5123 5119
f 5119 5123 5124
f 5119 5124 5120
f 5120 5124 5122
f 5120 5122 5118
f 5265 5269 5271
f 5265 5271 5267
f 5267 5271 5272
f 5267 5272 5268
f 5268 5272 5270
f 5268 5270 5266
f 5413 5417 5419
f 5413 5419 5415
f 5415 5419 5420
f 5415 5420 5416
f 5416 5420 5418
f 5416 5418 5414
f 5561 5565 5567
f 5561 5567 5563
f 5563 5567 5568
f 5563 5568 5564
f 5564 5568 5566
f 5564 5566 5562
f 5121 5125 5127
f 5121 5127 5123
f 5123 5127 5128
f 5123 5128 5124
f 5124 5128 5126
f 5124 5126 5122
f 5269 5273 5275
f 5269 5275 5271
f 5271 5275 5276
f 5271 5276 5272
f 5272 5276 5274
f 5272 5274 5270
f 5417 5421 5423
f 5417 5423 5419
f 5419 5423 5424
f 5419 5424 5420
f 5420 5424 5422
f 5420 5422 5418
f 5565 5569 5571
f 5565 5571 5567
f 5567 5571 5572
f 5567 5572 5568
f 5568 5572 5570
f 5568 5570 5566
f 5125 5129 5131
f 5125 5131 5127
f 5127 5131 5132
f 5127 5132 5128
f 5128 5132 5130
f 5128 5130 5126
f 5273 5277 5279
f 5273 5279 5275
f 5275 5279 5280
f 5275 5280 5276
f 5276 5280 5278
f 5276 5278 5274
f 5421 5425 5427
f 5421 5427 5423
f 5423 5427 5428
f 5423 5428 5424
f 5424 5428 5426
f 5424 5426 5422
f 5569 5573 5575
f 5569 5575 5571
f 5571 5575 5576
f 5571 5576 5572
f 5572 5576 5574
f 5572 5574 5570
f 5129 5133 5135
f 5129 5135 5131
f 5131 5135 5136
f 5131 5136 5132
f 5132 5136 5134
f 5132 5134 5130
f 5277 5281 5283
f 5277 5283 5279
f 5279 5283 5284
f 5279 5284 5280
f 5280 5284 5282
f 5280 5282 5278
f 5425 5429 5431
f 5425 5431 5427
f 5427 5431 5432
f 5427 5432 5428
f 5428 5432 5430
f 5428 5430 5426
f 5573 5577 5579
f 5573 5579 5575
f 5575 5579 5580
f 5575 5580 5576
f 5576 5580 5578
f 5576 5578 5574
f 5133 5137 5139
f 5133 5139 5135
f 5135 5139 5140
f 5135 5140 5136
f 5136 5140 5138
f 5136 5138 5134
f 5281 5285 5287
f 5281 5287 5283
f 5283 5287 5288
f 5283 5288 5284
f 5284 5288 5286
f 5284 5286 5282
f 5429 5433 5435
f 5429 5435 5431
f 5431 5435 5436
f 5431 5436 5432
f 5432 5436 5434
f 5432 5434 5430
f 5577 5581 5583
f 5577 5583 5579
f 5579 5583 5584
f 5579 5584 5580
f 5580 5584 5582
f 5580 5582 5578
f 5137 5141 5143
f 5137 5143 5139
f 5139 5143 5144
f 5139 5144 5140
f 5140 5144 5142
f 5140 5142 5138
f 5285 5289 5291
f 5285 5291 5287
f 5287 5291 5292
f 5287 5292 5288
f 5288 5292 5290
f 5288 5290 5286
f 5433 5437 5439
f 5433 5439 5435
f 5435 5439 5440
f 5435 5440 5436
f 5436 5440 5438
f 5436 5438 5434
f 5581 5585 5587
f 5581 5587 5583
f 5583 5587 5588
f 5583 5588 5584
f 5584 5588 5586
f 5584 5586 5582
f 5141 5145 5147
f 5141 5147 5143
f 5143 5147 5148
f 5143 5148 5144
f 5144 5148 5146
f 5144 5146 5142
f 5289 5293 5295
f 5289 5295 5291
f 5291 5295 5296
f 5291 5296 5292
f 5292 5296 5294
f 5292 5294 5290
f 5437 5441 5443
f 5437 5443 5439
f 5439 5443 5444
f 5439 5444 5440
f 5440 5444 5442
f 5440 5442 5438
f 5585 5589 5591
f 5585 5591 5587
f 5587 5591 5592
f 5587 5592 5588
f 5588 5592 5590
f 5588 5590 5586
f 5145 5149 5151
f 5145 5151 5147
f 5147 5151 5152
f 5147 5152 5148
f 5148 5152 5150
f 5148 5150 5146
f 5293 5297 5299
f 5293 5299 5295
f 5295 5299 5300
f 5295 5300 5296
f 5296 5300 5298
f 5296 5298 5294
f 5441 5445 5447
f 5441 5447 5443
f 5443 5447 5448
f 5443 5448 5444
f 5444 5448 5446
f 5444 5446 5442
f 5589 5593 5595
f 5589 5595 5591
f 5591 5595 5596
f 5591 5596 5592
f 5592 5596 5594
f 5592 5594 5590
f 5149 5153 5155
f 5149 5155 5151
f 5151 5155 5156
f 5151 5156 5152
f 5152 5156 5154
f 5152 5154 5150
f 5297 5301 5303
f 5297 5303 5299
f 5299 5303 5304
f 5299 5304 5300
f 5300 5304 5302
f 5300 5302 5298
f 5445 5449 5451
f 5445 5451 5447
f 5447 5451 5452
f 5447 5452 5448
f 5448 5452 5450
f 5448 5450 5446
f 5593 5597 5599
f 5593 5599 5595
f 5595 5599 5600
f 5595 5600 5596
f 5596 5600 5598
f 5596 5598 5594
f 5153 5157 5159
f 5153 5159 5155
f 5155 5159 5160
f 5155 5160 5156
f 5156 5160 5158
f 5156 5158 5154
f 5301 5305 5307
f 5301 5307 5303
f 5303 5307 5308
f 5303 5308 5304
f 5304 5308 5306
f 5304 5306 5302
f 5449 5453 5455
f 5449 5455 5451
f 5451 5455 5456
f 5451 5456 5452
f 5452 5456 5454
f 5452 5454 5450
f 5597 5601 5603
f 5597 5603 5599
f 5599 5603 5604
f 5599 5604 5600
f 5600 5604 5602
f 5600 5602 5598
f 5157 5161 5165
f 5157 5165 5159
f 5159 5165 5170
f 5159 5170 5160
f 5160 5170 5163
f 5160 5163 5158
f 5162 5309 5313
f 5162 5313 5167
f 5167 5313 5318
f 5167 5318 5171
f 5171 5318 5311
f 5171 5311 5163
f 5305 5311 5319
f 5305 5319 5307
f 5307 5319 5315
f 5307 5315 5308
f 5308 5315 5310
f 5308 5310 5306
f 5453 5458 5464
f 5453 5464 5455
f 5455 5464 5460
f 5455 5460 5456
f 5456 5460 5457
f 5456 5457 5454
f 5601 5605 5609
f 5601 5609 5603
f 5603 5609 5614
f 5603 5614 5604
f 5604 5614 5607
f 5604 5607 5602
f 5458 5607 5615
f 5458 5615 5463
f 5463 5615 5611
f 5463 5611 5467
f 5467 5611 5606
f 5467 5606 5459
f 5161 5457 5461
f 5161 5461 5164
f 5164 5461 5466
f 5164 5466 5168
f 5168 5466 5459
f 5168 5459 5162
f 5309 5606 5612
f 5309 5612 5312
f 5312 5612 5608
f 5312 5608 5316
f 5316 5608 5605
f 5316 5605 5310
f 5025 5173 5469
f 5025 5469 5322
f 5027 5038 5185
f 5027 5185 5174
f 5026 5321 5334
f 5026 5334 5037
f 5037 5334 5338
f 5037 5338 5041
f 5038 5042 5189
f 5038 5189 5185
f 5041 5338 5342
f 5041 5342 5045
f 5042 5046 5193
f 5042 5193 5189
f 5045 5342 5346
f 5045 5346 5049
f 5046 5050 5197
f 5046 5197 5193
f 5049 5346 5350
f 5049 5350 5053
f 5050 5054 5201
f 5050 5201 5197
f 5053 5350 5354
f 5053 5354 5057
f 5054 5058 5205
f 5054 5205 5201
f 5057 5354 5358
f 5057 5358 5061
f 5058 5062 5209
f 5058 5209 5205
f 5061 5358 5362
f 5061 5362 5065
f 5062 5066 5213
f 5062 5213 5209
f 5065 5362 5366
f 5065 5366 5069
f 5066 5070 5217
f 5066 5217 5213
f 5069 5366 5370
f 5069 5370 5073
f 5070 5074 5221
f 5070 5221 5217
f 5073 5370 5374
f 5073 5374 5077
f 5074 5078 5225
f 5074 5225 5221
f 5077 5374 5378
f 5077 5378 5081
f 5078 5082 5229
f 5078 5229 5225
f 5081 5378 5382
f 5081 5382 5085
f 5082 5086 5233
f 5082 5233 5229
f 5085 5382 5386
f 5085 5386 5089
f 5086 5090 5237
f 5086 5237 5233
f 5089 5386 5390
f 5089 5390 5093
f 5090 5094 5241
f 5090 5241 5237
f 5093 5390 5394
f 5093 5394 5097
f 5094 5098 5245
f 5094 5245 5241
f 5097 5394 5398
f 5097 5398 5101
f 5098 5102 5249
f 5098 5249 5245
f 5101 5398 5402
f 5101 5402 5105
f 5102 5106 5253
f 5102 5253 5249
f 5105 5402 5406
f 5105 5406 5109
f 5106 5110 5257
f 5106 5257 5253
f 5109 5406 5410
f 5109 5410 5113
f 5110 5114 5261
f 5110 5261 5257
f 5113 5410 5414
f 5113 5414 5117
f 5114 5118 5265
f 5114 5265 5261
f 5117 5414 5418
f 5117 5418 5121
f 5118 5122 5269
f 5118 5269 5265
f 5121 5418 5422
f 5121 5422 5125
f 5122 5126 5273
f 5122 5273 5269
f 5125 5422 5426
f 5125 5426 5129
f 5126 5130 5277
f 5126 5277 5273
f 5129 5426 5430
f 5129 5430 5133
f 5130 5134 5281
f 5130 5281 5277
f 5133 5430 5434
f 5133 5434 5137
f 5134 5138 5285
f 5134 5285 5281
f 5137 5434 5438
f 5137 5438 5141
f 5138 5142 5289
f 5138 5289 5285
f 5141 5438 5442
f 5141 5442 5145
f 5142 5146 5293
f 5142 5293 5289
f 5145 5442 5446
f 5145 5446 5149
f 5146 5150 5297
f 5146 5297 5293
f 5149 5446 5450
f 5149 5450 5153
f 5150 5154 5301
f 5150 5301 5297
f 5153 5450 5454
f 5153 5454 5157
f 5154 5158 5305
f 5154 5305 5301
f 5157 5454 5457
f 5157 5457 5161
f 5158 5163 5311
f 5158 5311 5305
f 5459 5606 5309
f 5459 5309 5162
f 5175 5186 5481
f 5175 5481 5470
f 5186 5190 5485
f 5186 5485 5481
f 5190 5194 5489
f 5190 5489 5485
f 5194 5198 5493
f 5194 5493 5489
f 5198 5202 5497
f 5198 5497 5493
f 5202 5206 5501
f 5202 5501 5497
f 5206 5210 5505
f 5206 5505 5501
f 5210 5214 5509
f 5210 5509 5505
f 5214 5218 5513
f 5214 5513 5509
f 5218 5222 5517
f 5218 5517 5513
f 5222 5226 5521
f 5222 5521 5517
f 5226 5230 5525
f 5226 5525 5521
f 5230 5234 5529
f 5230 5529 5525
f 5234 5238 5533
f 5234 5533 5529
f 5238 5242 5537
f 5238 5537 5533
f 5242 5246 5541
f 5242 5541 5537
f 5246 5250 5545
f 5246 5545 5541
f 5250 5254 5549
f 5250 5549 5545
f 5254 5258 5553
f 5254 5553 5549
f 5258 5262 5557
f 5258 5557 5553
f 5262 5266 5561
f 5262 5561 5557
f 5266 5270 5565
f 5266 5565 5561
f 5270 5274 5569
f 5270 5569 5565
f 5274 5278 5573
f 5274 5573 5569
f 5278 5282 5577
f 5278 5577 5573
f 5282 5286 5581
f 5282 5581 5577
f 5286 5290 5585
f 5286 5585 5581
f 5290 5294 5589
f 5290 5589 5585
f 5294 5298 5593
f 5294 5593 5589
f 5298 5302 5597
f 5298 5597 5593
f 5302 5306 5601
f 5302 5601 5597
f 5306 5310 5605
f 5306 5605 5601
f 5323 5471 5482
f 5323 5482 5333
f 5333 5482 5486
f 5333 5486 5337
f 5337 5486 5490
f 5337 5490 5341
f 5341 5490 5494
f 5341 5494 5345
f 5345 5494 5498
f 5345 5498 5349
f 5349 5498 5502
f 5349 5502 5353
f 5353 5502 5506
f 5353 5506 5357
f 5357 5506 5510
f 5357 5510 5361
f 5361 5510 5514
f 5361 5514 5365
f 5365 5514 5518
f 5365 5518 5369
f 5369 5518 5522
f 5369 5522 5373
f 5373 5522 5526
f 5373 5526 5377
f 5377 5526 5530
f 5377 5530 5381
f 5381 5530 5534
f 5381 5534 5385
f 5385 5534 5538
f 5385 5538 5389
f 5389 5538 5542
f 5389 5542 5393
f 5393 5542 5546
f 5393 5546 5397
f 5397 5546 5550
f 5397 5550 5401
f 5401 5550 5554
f 5401 5554 5405
f 5405 5554 5558
f 5405 5558 5409
f 5409 5558 5562
f 5409 5562 5413
f 5413 5562 5566
f 5413 5566 5417
f 5417 5566 5570
f 5417 5570 5421
f 5421 5570 5574
f 5421 5574 5425
f 5425 5574 5578
f 5425 5578 5429
f 5429 5578 5582
f 5429 5582 5433
f 5433 5582 5586
f 5433 5586 5437
f 5437 5586 5590
f 5437 5590 5441
f 5441 5590 5594
f 5441 5594 5445
f 5445 5594 5598
f 5445 5598 5449
f 5449 5598 5602
f 5449 5602 5453
f 5453 5602 5607
f 5453 5607 5458
f 5618 5628 5631
f 5618 5631 5621
f 5621 5631 5630
f 5621 5630 5620
f 5620 5630 5629
f 5620 5629 5619
f 5619 5629 5627
f 5619 5627 5617
f 5633 5623 5626
f 5633 5626 5636
f 5636 5626 5625
f 5636 5625 5635
f 5635 5625 5624
f 5635 5624 5634
f 5634 5624 5622
f 5634 5622 5632
f 5628 5638 5641
f 5628 5641 5631
f 5631 5641 5640
f 5631 5640 5630
f 5630 5640 5639
f 5630 5639 5629
f 5629 5639 5637
f 5629 5637 5627
f 5643 5633 5636
f 5643 5636 5646
f 5646 5636 5635
f 5646 5635 5645
f 5645 5635 5634
f 5645 5634 5644
f 5644 5634 5632
f 5644 5632 5642
f 5638 5648 5651
f 5638 5651 5641
f 5641 5651 5650
f 5641 5650 5640
f 5640 5650 5649
f 5640 5649 5639
f 5639 5649 5647
f 5639 5647 5637
f 5653 5643 5646
f 5653 5646 5656
f 5656 5646 5645
f 5656 5645 5655
f 5655 5645 5644
f 5655 5644 5654
f 5654 5644 5642
f 5654 5642 5652
f 5648 5658 5661
f 5648 5661 5651
f 5651 5661 5660
f 5651 5660 5650
f 5650 5660 5659
f 5650 5659 5649
f 5649 5659 5657
f 5649 5657 5647
f 5663 5653 5656
f 5663 5656 5666
f 5666 5656 5655
f 5666 5655 5665
f 5665 5655 5654
f 5665 5654 5664
f 5664 5654 5652
f 5664 5652 5662
f 5658 5668 5671
f 5658 5671 5661
f 5661 5671 5670
f 5661 5670 5660
f 5660 5670 5669
f 5660 5669 5659
f 5659 5669 5667
f 5659 5667 5657
f 5673 5663 5666
f 5673 5666 5676
f 5676 5666 5665
f 5676 5665 5675
f 5675 5665 5664
f 5675 5664 5674
f 5674 5664 5662
f 5674 5662 5672
f 5668 5678 5681
f 5668 5681 5671
f 5671 5681 5680
f 5671 5680 5670
f 5670 5680 5679
f 5670 5679 5669
f 5669 5679 5677
f 5669 5677 5667
f 5683 5673 5676
f 5683 5676 5686
f 5686 5676 5675
f 5686 5675 5685
f 5685 5675 5674
f 5685 5674 5684
f 5684 5674 5672
f 5684 5672 5682
f 5678 5688 5691
f 5678 5691 5681
f 5681 5691 5690
f 5681 5690 5680
f 5680 5690 5689
f 5680 5689 5679
f 5679 5689 5687
f 5679 5687 5677
f 5693 5683 5686
f 5693 5686 5696
f 5696 5686 5685
f 5696 5685 5695
f 5695 5685 5684
f 5695 5684 5694
f 5694 5684 5682
f 5694 5682 5692
f 5688 5698 5701
f 5688 5701 5691
f 5691 5701 5700
f 5691 5700 5690
f 5690 5700 5699
f 5690 5699 5689
f 5689 5699 5697
f 5689 5697 5687
f 5703 5693 5696
f 5703 5696 5706
f 5706 5696 5695
f 5706 5695 5705
f 5705 5695 5694
f 5705 5694 5704
f 5704 5694 5692
f 5704 5692 5702
f 5698 5708 5711
f 5698 5711 5701
f 5701 5711 5710
f 5701 5710 5700
f 5700 5710 5709
f 5700 5709 5699
f 5699 5709 5707
f 5699 5707 5697
f 5713 5703 5706
f 5713 5706 5716
f 5716 5706 5705
f 5716 5705 5715
f 5715 5705 5704
f 5715 5704 5714
f 5714 5704 5702
f 5714 5702 5712
f 5708 5718 5721
f 5708 5721 5711
f 5711 5721 5720
f 5711 5720 5710
f 5710 5720 5719
f 5710 5719 5709
f 5709 5719 5717
f 5709 5717 5707
f 5723 5713 5716
f 5723 5716 5726
f 5726 5716 5715
f 5726 5715 5725
f 5725 5715 5714
f 5725 5714 5724
f 5724 5714 5712
f 5724 5712 5722
f 5718 5728 5731
f 5718 5731 5721
f 5721 5731 5730
f 5721 5730 5720
f 5720 5730 5729
f 5720 5729 5719
f 5719 5729 5727
f 5719 5727 5717
f 5733 5723 5726
f 5733 5726 5736
f 5736 5726 5725
f 5736 5725 5735
f 5735 5725 5724
f 5735 5724 5734
f 5734 5724 5722
f 5734 5722 5732
f 5728 5738 5741
f 5728 5741 5731
f 5731 5741 5740
f 5731 5740 5730
f 5730 5740 5739
f 5730 5739 5729
f 5729 5739 5737
f 5729 5737 5727
f 5743 5733 5736
f 5743 5736 5746
f 5746 5736 5735
f 5746 5735 5745
f 5745 5735 5734
f 5745 5734 5744
f 5744 5734 5732
f 5744 5732 5742
f 5738 5748 5751
f 5738 5751 5741
f 5741 5751 5750
f 5741 5750 5740
f 5740 5750 5749
f 5740 5749 5739
f 5739 5749 5747
f 5739 5747 5737
f 5753 5743 5746
f 5753 5746 5756
f 5756 5746 5745
f 5756 5745 5755
f 5755 5745 5744
f 5755 5744 5754
f 5754 5744 5742
f 5754 5742 5752
f 5748 5758 5761
f 5748 5761 5751
f 5751 5761 5760
f 5751 5760 5750
f 5750 5760 5759
f 5750 5759 5749
f 5749 5759 5757
f 5749 5757 5747
f 5763 5753 5756
f 5763 5756 5766
f 5766 5756 5755
f 5766 5755 5765
f 5765 5755 5754
f 5765 5754 5764
f 5764 5754 5752
f 5764 5752 5762
f 5758 5768 5771
f 5758 5771 5761
f 5761 5771 5770
f 5761 5770 5760
f 5760 5770 5769
f 5760 5769 5759
f 5759 5769 5767
f 5759 5767 5757
f 5773 5763 5766
f 5773 5766 5776
f 5776 5766 5765
f 5776 5765 5775
f 5775 5765 5764
f 5775 5764 5774
f 5774 5764 5762
f 5774 5762 5772
f 5768 5778 5781
f 5768 5781 5771
f 5771 5781 5780
f 5771 5780 5770
f 5770 5780 5779
f 5770 5779 5769
f 5769 5779 5777
f 5769 5777 5767
f 5783 5773 5776
f 5783 5776 5786
f 5786 5776 5775
f 5786 5775 5785
f 5785 5775 5774
f 5785 5774 5784
f 5784 5774 5772
f 5784 5772 5782
f 5778 5788 5791
f 5778 5791 5781
f 5781 5791 5790
f 5781 5790 5780
f 5780 5790 5789
f 5780 5789 5779
f 5779 5789 5787
f 5779 5787 5777
f 5793 5783 5786
f 5793 5786 5796
f 5796 5786 5785
f 5796 5785 5795
f 5795 5785 5784
f 5795 5784 5794
f 5794 5784 5782
f 5794 5782 5792
f 5788 5798 5801
f 5788 5801 5791
f 5791 5801 5800
f 5791 5800 5790
f 5790 5800 5799
f 5790 5799 5789
f 5789 5799 5797
f 5789 5797 5787
f 5803 5793 5796
f 5803 5796 5806
f 5806 5796 5795
f 5806 5795 5805
f 5805 5795 5794
f 5805 5794 5804
f 5804 5794 5792
f 5804 5792 5802
f 5798 5808 5811
f 5798 5811 5801
f 5801 5811 5810
f 5801 5810 5800
f 5800 5810 5809
f 5800 5809 5799
f 5799 5809 5807
f 5799 5807 5797
f 5813 5803 5806
f 5813 5806 5816
f 5816 5806 5805
f 5816 5805 5815
f 5815 5805 5804
f 5815 5804 5814
f 5814 5804 5802
f 5814 5802 5812
f 5808 5818 5821
f 5808 5821 5811
f 5811 5821 5820
f 5811 5820 5810
f 5810 5820 5819
f 5810 5819 5809
f 5809 5819 5817
f 5809 5817 5807
f 5823 5813 5816
f 5823 5816 5826
f 5826 5816 5815
f 5826 5815 5825
f 5825 5815 5814
f 5825 5814 5824
f 5824 5814 5812
f 5824 5812 5822
f 5818 5828 5831
f 5818 5831 5821
f 5821 5831 5830
f 5821 5830 5820
f 5820 5830 5829
f 5820 5829 5819
f 5819 5829 5827
f 5819 5827 5817
f 5833 5823 5826
f 5833 5826 5836
f 5836 5826 5825
f 5836 5825 5835
f 5835 5825 5824
f 5835 5824 5834
f 5834 5824 5822
f 5834 5822 5832
f 5828 5838 5841
f 5828 5841 5831
f 5831 5841 5840
f 5831 5840 5830
f 5830 5840 5839
f 5830 5839 5829
f 5829 5839 5837
f 5829 5837 5827
f 5843 5833 5836
f 5843 5836 5846
f 5846 5836 5835
f 5846 5835 5845
f 5845 5835 5834
f 5845 5834 5844
f 5844 5834 5832
f 5844 5832 5842
f 5838 5848 5851
f 5838 5851 5841
f 5841 5851 5850
f 5841 5850 5840
f 5840 5850 5849
f 5840 5849 5839
f 5839 5849 5847
f 5839 5847 5837
f 5853 5843 5846
f 5853 5846 5856
f 5856 5846 5845
f 5856 5845 5855
f 5855 5845 5844
f 5855 5844 5854
f 5854 5844 5842
f 5854 5842 5852
f 5848 5858 5861
f 5848 5861 5851
f 5851 5861 5860
f 5851 5860 5850
f 5850 5860 5859
f 5850 5859 5849
f 5849 5859 5857
f 5849 5857 5847
f 5863 5853 5856
f 5863 5856 5866
f 5866 5856 5855
f 5866 5855 5865
f 5865 5855 5854
f 5865 5854 5864
f 5864 5854 5852
f 5864 5852 5862
f 5858 5868 5871
f 5858 5871 5861
f 5861 5871 5870
f 5861 5870 5860
f 5860 5870 5869
f 5860 5869 5859
f 5859 5869 5867
f 5859 5867 5857
f 5873 5863 5866
f 5873 5866 5876
f 5876 5866 5865
f 5876 5865 5875
f 5875 5865 5864
f 5875 5864 5874
f 5874 5864 5862
f 5874 5862 5872
f 5868 5878 5881
f 5868 5881 5871
f 5871 5881 5880
f 5871 5880 5870
f 5870 5880 5879
f 5870 5879 5869
f 5869 5879 5877
f 5869 5877 5867
f 5883 5873 5876
f 5883 5876 5886
f 5886 5876 5875
f 5886 5875 5885
f 5885 5875 5874
f 5885 5874 5884
f 5884 5874 5872
f 5884 5872 5882
f 5878 5888 5891
f 5878 5891 5881
f 5881 5891 5890
f 5881 5890 5880
f 5880 5890 5889
f 5880 5889 5879
f 5879 5889 5887
f 5879 5887 5877
f 5893 5883 5886
f 5893 5886 5896
f 5896 5886 5885
f 5896 5885 5895
f 5895 5885 5884
f 5895 5884 5894
f 5894 5884 5882
f 5894 5882 5892
f 5888 5898 5901
f 5888 5901 5891
f 5891 5901 5900
f 5891 5900 5890
f 5890 5900 5899
f 5890 5899 5889
f 5889 5899 5897
f 5889 5897 5887
f 5903 5893 5896
f 5903 5896 5906
f 5906 5896 5895
f 5906 5895 5905
f 5905 5895 5894
f 5905 5894 5904
f 5904 5894 5892
f 5904 5892 5902
f 5898 5908 5911
f 5898 5911 5901
f 5901 5911 5910
f 5901 5910 5900
f 5900 5910 5909
f 5900 5909 5899
f 5899 5909 5907
f 5899 5907 5897
f 5913 5903 5906
f 5913 5906 5916
f 5916 5906 5905
f 5916 5905 5915
f 5915 5905 5904
f 5915 5904 5914
f 5914 5904 5902
f 5914 5902 5912
f 5908 5918 5921
f 5908 5921 5911
f 5911 5921 5920
f 5911 5920 5910
f 5910 5920 5919
f 5910 5919 5909
f 5909 5919 5917
f 5909 5917 5907
f 5923 5913 5916
f 5923 5916 5926
f 5926 5916 5915
f 5926 5915 5925
f 5925 5915 5914
f 5925 5914 5924
f 5924 5914 5912
f 5924 5912 5922
f 5918 5928 5931
f 5918 5931 5921
f 5921 5931 5930
f 5921 5930 5920
f 5920 5930 5929
f 5920 5929 5919
f 5919 5929 5927
f 5919 5927 5917
f 5933 5923 5926
f 5933 5926 5936
f 5936 5926 5925
f 5936 5925 5935
f 5935 5925 5924
f 5935 5924 5934
f 5934 5924 5922
f 5934 5922 5932
f 5928 5938 5941
f 5928 5941 5931
f 5931 5941 5940
f 5931 5940 5930
f 5930 5940 5939
f 5930 5939 5929
f 5929 5939 5937
f 5929 5937 5927
f 5943 5933 5936
f 5943 5936 5946
f 5946 5936 5935
f 5946 5935 5945
f 5945 5935 5934
f 5945 5934 5944
f 5944 5934 5932
f 5944 5932 5942
f 5938 5948 5951
f 5938 5951 5941
f 5941 5951 5950
f 5941 5950 5940
f 5940 5950 5949
f 5940 5949 5939
f 5939 5949 5947
f 5939 5947 5937
f 5953 5943 5946
f 5953 5946 5956
f 5956 5946 5945
f 5956 5945 5955
f 5955 5945 5944
f 5955 5944 5954
f 5954 5944 5942
f 5954 5942 5952
f 5948 5958 5961
f 5948 5961 5951
f 5951 5961 5960
f 5951 5960 5950
f 5950 5960 5959
f 5950 5959 5949
f 5949 5959 5957
f 5949 5957 5947
f 5963 5953 5956
f 5963 5956 5966
f 5966 5956 5955
f 5966 5955 5965
f 5965 5955 5954
f 5965 5954 5964
f 5964 5954 5952
f 5964 5952 5962
f 5958 5968 5971
f 5958 5971 5961
f 5961 5971 5970
f 5961 5970 5960
f 5960 5970 5969
f 5960 5969 5959
f 5959 5969 5967
f 5959 5967 5957
f 5973 5963 5966
f 5973 5966 5976
f 5976 5966 5965
f 5976 5965 5975
f 5975 5965 5964
f 5975 5964 5974
f 5974 5964 5962
f 5974 5962 5972
f 5968 5978 5981
f 5968 5981 5971
f 5971 5981 5980
f 5971 5980 5970
f 5970 5980 5979
f 5970 5979 5969
f 5969 5979 5977
f 5969 5977 5967
f 5983 5973 5976
f 5983 5976 5986
f 5986 5976 5975
f 5986 5975 5985
f 5985 5975 5974
f 5985 5974 5984
f 5984 5974 5972
f 5984 5972 5982
f 5978 5988 5991
f 5978 5991 5981
f 5981 5991 5990
f 5981 5990 5980
f 5980 5990 5989
f 5980 5989 5979
f 5979 5989 5987
f 5979 5987 5977
f 5993 5983 5986
f 5993 5986 5996
f 5996 5986 5985
f 5996 5985 5995
f 5995 5985 5984
f 5995 5984 5994
f 5994 5984 5982
f 5994 5982 5992
f 5988 5998 6001
f 5988 6001 5991
f 5991 6001 6000
f 5991 6000 5990
f 5990 6000 5999
f 5990 5999 5989
f 5989 5999 5997
f 5989 5997 5987
f 6003 5993 5996
f 6003 5996 6006
f 6006 5996 5995
f 6006 5995 6005
f 6005 5995 5994
f 6005 5994 6004
f 6004 5994 5992
f 6004 5992 6002
f 5998 6008 6011
f 5998 6011 6001
f 6001 6011 6010
f 6001 6010 6000
f 6000 6010 6009
f 6000 6009 5999
f 5999 6009 6007
f 5999 6007 5997
f 6013 6003 6006
f 6013 6006 6016
f 6016 6006 6005
f 6016 6005 6015
f 6015 6005 6004
f 6015 6004 6014
f 6014 6004 6002
f 6014 6002 6012
f 6008 6018 6021
f 6008 6021 6011
f 6011 6021 6020
f 6011 6020 6010
f 6010 6020 6019
f 6010 6019 6009
f 6009 6019 6017
f 6009 6017 6007
f 6023 6013 6016
f 6023 6016 6026
f 6026 6016 6015
f 6026 6015 6025
f 6025 6015 6014
f 6025 6014 6024
f 6024 6014 6012
f 6024 6012 6022
f 6018 6028 6031
f 6018 6031 6021
f 6021 6031 6030
f 6021 6030 6020
f 6020 6030 6029
f 6020 6029 6019
f 6019 6029 6027
f 6019 6027 6017
f 6033 6023 6026
f 6033 6026 6036
f 6036 6026 6025
f 6036 6025 6035
f 6035 6025 6024
f 6035 6024 6034
f 6034 6024 6022
f 6034 6022 6032
f 6028 6038 6041
f 6028 6041 6031
f 6031 6041 6040
f 6031 6040 6030
f 6030 6040 6039
f 6030 6039 6029
f 6029 6039 6037
f 6029 6037 6027
f 6043 6033 6036
f 6043 6036 6046
f 6046 6036 6035
f 6046 6035 6045
f 6045 6035 6034
f 6045 6034 6044
f 6044 6034 6032
f 6044 6032 6042
f 6038 6048 6051
f 6038 6051 6041
f 6041 6051 6050
f 6041 6050 6040
f 6040 6050 6049
f 6040 6049 6039
f 6039 6049 6047
f 6039 6047 6037
f 6053 6043 6046
f 6053 6046 6056
f 6056 6046 6045
f 6056 6045 6055
f 6055 6045 6044
f 6055 6044 6054
f 6054 6044 6042
f 6054 6042 6052
f 6048 6058 6061
f 6048 6061 6051
f 6051 6061 6060
f 6051 6060 6050
f 6050 6060 6059
f 6050 6059 6049
f 6049 6059 6057
f 6049 6057 6047
f 6063 6053 6056
f 6063 6056 6066
f 6066 6056 6055
f 6066 6055 6065
f 6065 6055 6054
f 6065 6054 6064
f 6064 6054 6052
f 6064 6052 6062
f 6058 6068 6071
f 6058 6071 6061
f 6061 6071 6070
f 6061 6070 6060
f 6060 6070 6069
f 6060 6069 6059
f 6059 6069 6067
f 6059 6067 6057
f 6073 6063 6066
f 6073 6066 6076
f 6076 6066 6065
f 6076 6065 6075
f 6075 6065 6064
f 6075 6064 6074
f 6074 6064 6062
f 6074 6062 6072
f 6068 6078 6081
f 6068 6081 6071
f 6071 6081 6080
f 6071 6080 6070
f 6070 6080 6079
f 6070 6079 6069
f 6069 6079 6077
f 6069 6077 6067
f 6083 6073 6076
f 6083 6076 6086
f 6086 6076 6075
f 6086 6075 6085
f 6085 6075 6074
f 6085 6074 6084
f 6084 6074 6072
f 6084 6072 6082
f 6078 6088 6091
f 6078 6091 6081
f 6081 6091 6090
f 6081 6090 6080
f 6080 6090 6089
f 6080 6089 6079
f 6079 6089 6087
f 6079 6087 6077
f 6093 6083 6086
f 6093 6086 6096
f 6096 6086 6085
f 6096 6085 6095
f 6095 6085 6084
f 6095 6084 6094
f 6094 6084 6082
f 6094 6082 6092
f 6088 6098 6101
f 6088 6101 6091
f 6091 6101 6100
f 6091 6100 6090
f 6090 6100 6099
f 6090 6099 6089
f 6089 6099 6097
f 6089 6097 6087
f 6103 6093 6096
f 6103 6096 6106
f 6106 6096 6095
f 6106 6095 6105
f 6105 6095 6094
f 6105 6094 6104
f 6104 6094 6092
f 6104 6092 6102
f 6098 6108 6111
f 6098 6111 6101
f 6101 6111 6110
f 6101 6110 6100
f 6100 6110 6109
f 6100 6109 6099
f 6099 6109 6107
f 6099 6107 6097
f 6113 6103 6106
f 6113 6106 6116
f 6116 6106 6105
f 6116 6105 6115
f 6115 6105 6104
f 6115 6104 6114
f 6114 6104 6102
f 6114 6102 6112
f 6108 6118 6121
f 6108 6121 6111
f 6111 6121 6120
f 6111 6120 6110
f 6110 6120 6119
f 6110 6119 6109
f 6109 6119 6117
f 6109 6117 6107
f 6123 6113 6116
f 6123 6116 6126
f 6126 6116 6115
f 6126 6115 6125
f 6125 6115 6114
f 6125 6114 6124
f 6124 6114 6112
f 6124 6112 6122
f 6118 6128 6131
f 6118 6131 6121
f 6121 6131 6130
f 6121 6130 6120
f 6120 6130 6129
f 6120 6129 6119
f 6119 6129 6127
f 6119 6127 6117
f 6133 6123 6126
f 6133 6126 6136
f 6136 6126 6125
f 6136 6125 6135
f 6135 6125 6124
f 6135 6124 6134
f 6134 6124 6122
f 6134 6122 6132
f 6128 6138 6141
f 6128 6141 6131
f 6131 6141 6140
f 6131 6140 6130
f 6130 6140 6139
f 6130 6139 6129
f 6129 6139 6137
f 6129 6137 6127
f 6143 6133 6136
f 6143 6136 6146
f 6146 6136 6135
f 6146 6135 6145
f 6145 6135 6134
f 6145 6134 6144
f 6144 6134 6132
f 6144 6132 6142
f 6138 6148 6151
f 6138 6151 6141
f 6141 6151 6150
f 6141 6150 6140
f 6140 6150 6149
f 6140 6149 6139
f 6139 6149 6147
f 6139 6147 6137
f 6153 6143 6146
f 6153 6146 6156
f 6156 6146 6145
f 6156 6145 6155
f 6155 6145 6144
f 6155 6144 6154
f 6154 6144 6142
f 6154 6142 6152
f 6148 6158 6161
f 6148 6161 6151
f 6151 6161 6160
f 6151 6160 6150
f 6150 6160 6159
f 6150 6159 6149
f 6149 6159 6157
f 6149 6157 6147
f 6163 6153 6156
f 6163 6156 6166
f 6166 6156 6155
f 6166 6155 6165
f 6165 6155 6154
f 6165 6154 6164
f 6164 6154 6152
f 6164 6152 6162
f 6158 6168 6171
f 6158 6171 6161
f 6161 6171 6170
f 6161 6170 6160
f 6160 6170 6169
f 6160 6169 6159
f 6159 6169 6167
f 6159 6167 6157
f 6173 6163 6166
f 6173 6166 6176
f 6176 6166 6165
f 6176 6165 6175
f 6175 6165 6164
f 6175 6164 6174
f 6174 6164 6162
f 6174 6162 6172
f 6168 6178 6181
f 6168 6181 6171
f 6171 6181 6180
f 6171 6180 6170
f 6170 6180 6179
f 6170 6179 6169
f 6169 6179 6177
f 6169 6177 6167
f 6183 6173 6176
f 6183 6176 6186
f 6186 6176 6175
f 6186 6175 6185
f 6185 6175 6174
f 6185 6174 6184
f 6184 6174 6172
f 6184 6172 6182
f 6178 6188 6191
f 6178 6191 6181
f 6181 6191 6190
f 6181 6190 6180
f 6180 6190 6189
f 6180 6189 6179
f 6179 6189 6187
f 6179 6187 6177
f 6193 6183 6186
f 6193 6186 6196
f 6196 6186 6185
f 6196 6185 6195
f 6195 6185 6184
f 6195 6184 6194
f 6194 6184 6182
f 6194 6182 6192
f 6188 6198 6201
f 6188 6201 6191
f 6191 6201 6200
f 6191 6200 6190
f 6190 6200 6199
f 6190 6199 6189
f 6189 6199 6197
f 6189 6197 6187
f 6203 6193 6196
f 6203 6196 6206
f 6206 6196 6195
f 6206 6195 6205
f 6205 6195 6194
f 6205 6194 6204
f 6204 6194 6192
f 6204 6192 6202
f 6198 6208 6211
f 6198 6211 6201
f 6201 6211 6210
f 6201 6210 6200
f 6200 6210 6209
f 6200 6209 6199
f 6199 6209 6207
f 6199 6207 6197
f 6213 6203 6206
f 6213 6206 6216
f 6216 6206 6205
f 6216 6205 6215
f 6215 6205 6204
f 6215 6204 6214
f 6214 6204 6202
f 6214 6202 6212
f 6208 6218 6221
f 6208 6221 6211
f 6211 6221 6220
f 6211 6220 6210
f 6210 6220 6219
f 6210 6219 6209
f 6209 6219 6217
f 6209 6217 6207
f 6223 6213 6216
f 6223 6216 6226
f 6226 6216 6215
f 6226 6215 6225
f 6225 6215 6214
f 6225 6214 6224
f 6224 6214 6212
f 6224 6212 6222
f 6218 6228 6231
f 6218 6231 6221
f 6221 6231 6230
f 6221 6230 6220
f 6220 6230 6229
f 6220 6229 6219
f 6219 6229 6227
f 6219 6227 6217
f 6233 6223 6226
f 6233 6226 6236
f 6236 6226 6225
f 6236 6225 6235
f 6235 6225 6224
f 6235 6224 6234
f 6234 6224 6222
f 6234 6222 6232
f 6228 6238 6241
f 6228 6241 6231
f 6231 6241 6240
f 6231 6240 6230
f 6230 6240 6239
f 6230 6239 6229
f 6229 6239 6237
f 6229 6237 6227
f 6243 6233 6236
f 6243 6236 6246
f 6246 6236 6235
f 6246 6235 6245
f 6245 6235 6234
f 6245 6234 6244
f 6244 6234 6232
f 6244 6232 6242
f 6238 6248 6251
f 6238 6251 6241
f 6241 6251 6250
f 6241 6250 6240
f 6240 6250 6249
f 6240 6249 6239
f 6239 6249 6247
f 6239 6247 6237
f 6253 6243 6246
f 6253 6246 6256
f 6256 6246 6245
f 6256 6245 6255
f 6255 6245 6244
f 6255 6244 6254
f 6254 6244 6242
f 6254 6242 6252
f 6248 5618 5621
f 6248 5621 6251
f 6251 5621 5620
f 6251 5620 6250
f 6250 5620 5619
f 6250 5619 6249
f 6249 5619 5617
f 6249 5617 6247
f 5623 6253 6256
f 5623 6256 5626
f 5626 6256 6255
f 5626 6255 5625
f 5625 6255 6254
f 5625 6254 5624
f 5624 6254 6252
f 5624 6252 5622
f 6247 5617 5627
f 5627 5637 5647
f 5647 5657 5667
f 5667 5677 5687
f 5687 5697 5707
f 5707 5717 5727
f 5727 5737 5747
f 5747 5757 5767
f 5767 5777 5787
f 5787 5797 5807
f 5807 5817 5827
f 5827 5837 5847
f 5847 5857 5867
f 5867 5877 5887
f 5887 5897 5907
f 5907 5917 5927
f 5927 5937 5947
f 5947 5957 5967
f 5967 5977 5987
f 5987 5997 6007
f 6007 6017 6027
f 6027 6037 6047
f 6047 6057 6067
f 6067 6077 6087
f 6087 6097 6107
f 6107 6117 6127
f 6127 6137 6147
f 6147 6157 6167
f 6167 6177 6187
f 6187 6197 6207
f 6207 6217 6227
f 6227 6237 6247
f 6247 5627 5647
f 5647 5667 5687
f 5687 5707 5727
f 5727 5747 5767
f 5767 5787 5807
f 5807 5827 5847
f 5847 5867 5887
f 5887 5907 5927
f 5927 5947 5967
f 5967 5987 6007
f 6007 6027 6047
f 6047 6067 6087
f 6087 6107 6127
f 6127 6147 6167
f 6167 6187 6207
f 6207 6227 6247
f 6247 5647 5687
f 5687 5727 5767
f 5767 5807 5847
f 5847 5887 5927
f 5927 5967 6007
f 6007 6047 6087
f 6087 6127 6167
f 6167 6207 6247
f 6247 5687 5767
f 5767 5847 5927
f 5927 6007 6087
f 6087 6167 6247
f 6247 5767 5927
f 5927 6087 6247
f 5618 5623 5633
f 5618 5633 5628
f 6248 6253 5623
f 6248 5623 5618
f 5642 5632 5622
f 5622 6252 6242
f 6242 6232 6222
f 6222 6212 6202
f 6202 6192 6182
f 6182 6172 6162
f 6162 6152 6142
f 6142 6132 6122
f 6122 6112 6102
f 6102 6092 6082
f 6082 6072 6062
f 6062 6052 6042
f 6042 6032 6022
f 6022 6012 6002
f 6002 5992 5982
f 5982 5972 5962
f 5962 5952 5942
f 5942 5932 5922
f 5922 5912 5902
f 5902 5892 5882
f 5882 5872 5862
f 5862 5852 5842
f 5842 5832 5822
f 5822 5812 5802
f 5802 5792 5782
f 5782 5772 5762
f 5762 5752 5742
f 5742 5732 5722
f 5722 5712 5702
f 5702 5692 5682
f 5682 5672 5662
f 5662 5652 5642
f 5642 5622 6242
f 6242 6222 6202
f 6202 6182 6162
f 6162 6142 6122
f 6122 6102 6082
f 6082 6062 6042
f 6042 6022 6002
f 6002 5982 5962
f 5962 5942 5922
f 5922 5902 5882
f 5882 5862 5842
f 5842 5822 5802
f 5802 5782 5762
f 5762 5742 5722
f 5722 5702 5682
f 5682 5662 5642
f 5642 6242 6202
f 6202 6162 6122
f 6122 6082 6042
f 6042 6002 5962
f 5962 5922 5882
f 5882 5842 5802
f 5802 5762 5722
f 5722 5682 5642
f 5642 6202 6122
f 6122 6042 5962
f 5962 5882 5802
f 5802 5722 5642
f 5642 6122 5962
f 5962 5802 5642
f 5628 5633 5643
f 5628 5643 5638
f 5638 5643 5653
f 5638 5653 5648
f 5648 5653 5663
f 5648 5663 5658
f 5658 5663 5673
f 5658 5673 5668
f 5668 5673 5683
f 5668 5683 5678
f 5678 5683 5693
f 5678 5693 5688
f 5688 5693 5703
f 5688 5703 5698
f 5698 5703 5713
f 5698 5713 5708
f 5708 5713 5723
f 5708 5723 5718
f 5718 5723 5733
f 5718 5733 5728
f 5728 5733 5743
f 5728 5743 5738
f 5738 5743 5753
f 5738 5753 5748
f 5748 5753 5763
f 5748 5763 5758
f 5758 5763 5773
f 5758 5773 5768
f 5768 5773 5783
f 5768 5783 5778
f 5778 5783 5793
f 5778 5793 5788
f 5788 5793 5803
f 5788 5803 5798
f 5798 5803 5813
f 5798 5813 5808
f 5808 5813 5823
f 5808 5823 5818
f 5818 5823 5833
f 5818 5833 5828
f 5828 5833 5843
f 5828 5843 5838
f 5838 5843 5853
f 5838 5853 5848
f 5848 5853 5863
f 5848 5863 5858
f 5858 5863 5873
f 5858 5873 5868
f 5868 5873 5883
f 5868 5883 5878
f 5878 5883 5893
f 5878 5893 5888
f 5888 5893 5903
f 5888 5903 5898
f 5898 5903 5913
f 5898 5913 5908
f 5908 5913 5923
f 5908 5923 5918
f 5918 5923 5933
f 5918 5933 5928
f 5928 5933 5943
f 5928 5943 5938
f 5938 5943 5953
f 5938 5953 5948
f 5948 5953 5963
f 5948 5963 5958
f 5958 5963 5973
f 5958 5973 5968
f 5968 5973 5983
f 5968 5983 5978
f 5978 5983 5993
f 5978 5993 5988
f 5988 5993 6003
f 5988 6003 5998
f 5998 6003 6013
f 5998 6013 6008
f 6008 6013 6023
f 6008 6023 6018
f 6018 6023 6033
f 6018 6033 6028
f 6028 6033 6043
f 6028 6043 6038
f 6038 6043 6053
f 6038 6053 6048
f 6048 6053 6063
f 6048 6063 6058
f 6058 6063 6073
f 6058 6073 6068
f 6068 6073 6083
f 6068 6083 6078
f 6078 6083 6093
f 6078 6093 6088
f 6088 6093 6103
f 6088 6103 6098
f 6098 6103 6113
f 6098 6113 6108
f 6108 6113 6123
f 6108 6123 6118
f 6118 6123 6133
f 6118 6133 6128
f 6128 6133 6143
f 6128 6143 6138
f 6138 6143 6153
f 6138 6153 6148
f 6148 6153 6163
f 6148 6163 6158
f 6158 6163 6173
f 6158 6173 6168
f 6168 6173 6183
f 6168 6183 6178
f 6178 6183 6193
f 6178 6193 6188
f 6188 6193 6203
f 6188 6203 6198
f 6198 6203 6213
f 6198 6213 6208
f 6208 6213 6223
f 6208 6223 6218
f 6218 6223 6233
f 6218 6233 6228
f 6228 6233 6243
f 6228 6243 6238
f 6238 6243 6253
f 6238 6253 6248
f 6258 6268 6271
f 6258 6271 6261
f 6261 6271 6270
f 6261 6270 6260
f 6260 6270 6269
f 6260 6269 6259
f 6259 6269 6267
f 6259 6267 6257
f 6273 6263 6266
f 6273 6266 6276
f 6276 6266 6265
f 6276 6265 6275
f 6275 6265 6264
f 6275 6264 6274
f 6274 6264 6262
f 6274 6262 6272
f 6268 6278 6281
f 6268 6281 6271
f 6271 6281 6280
f 6271 6280 6270
f 6270 6280 6279
f 6270 6279 6269
f 6269 6279 6277
f 6269 6277 6267
f 6283 6273 6276
f 6283 6276 6286
f 6286 6276 6275
f 6286 6275 6285
f 6285 6275 6274
f 6285 6274 6284
f 6284 6274 6272
f 6284 6272 6282
f 6278 6288 6291
f 6278 6291 6281
f 6281 6291 6290
f 6281 6290 6280
f 6280 6290 6289
f 6280 6289 6279
f 6279 6289 6287
f 6279 6287 6277
f 6293 6283 6286
f 6293 6286 6296
f 6296 6286 6285
f 6296 6285 6295
f 6295 6285 6284
f 6295 6284 6294
f 6294 6284 6282
f 6294 6282 6292
f 6288 6298 6301
f 6288 6301 6291
f 6291 6301 6300
f 6291 6300 6290
f 6290 6300 6299
f 6290 6299 6289
f 6289 6299 6297
f 6289 6297 6287
f 6303 6293 6296
f 6303 6296 6306
f 6306 6296 6295
f 6306 6295 6305
f 6305 6295 6294
f 6305 6294 6304
f 6304 6294 6292
f 6304 6292 6302
f 6298 6308 6311
f 6298 6311 6301
f 6301 6311 6310
f 6301 6310 6300
f 6300 6310 6309
f 6300 6309 6299
f 6299 6309 6307
f 6299 6307 6297
f 6313 6303 6306
f 6313 6306 6316
f 6316 6306 6305
f 6316 6305 6315
f 6315 6305 6304
f 6315 6304 6314
f 6314 6304 6302
f 6314 6302 6312
f 6308 6318 6321
f 6308 6321 6311
f 6311 6321 6320
f 6311 6320 6310
f 6310 6320 6319
f 6310 6319 6309
f 6309 6319 6317
f 6309 6317 6307
f 6323 6313 6316
f 6323 6316 6326
f 6326 6316 6315
f 6326 6315 6325
f 6325 6315 6314
f 6325 6314 6324
f 6324 6314 6312
f 6324 6312 6322
f 6318 6328 6331
f 6318 6331 6321
f 6321 6331 6330
f 6321 6330 6320
f 6320 6330 6329
f 6320 6329 6319
f 6319 6329 6327
f 6319 6327 6317
f 6333 6323 6326
f 6333 6326 6336
f 6336 6326 6325
f 6336 6325 6335
f 6335 6325 6324
f 6335 6324 6334
f 6334 6324 6322
f 6334 6322 6332
f 6328 6338 6341
f 6328 6341 6331
f 6331 6341 6340
f 6331 6340 6330
f 6330 6340 6339
f 6330 6339 6329
f 6329 6339 6337
f 6329 6337 6327
f 6343 6333 6336
f 6343 6336 6346
f 6346 6336 6335
f 6346 6335 6345
f 6345 6335 6334
f 6345 6334 6344
f 6344 6334 6332
f 6344 6332 6342
f 6338 6348 6351
f 6338 6351 6341
f 6341 6351 6350
f 6341 6350 6340
f 6340 6350 6349
f 6340 6349 6339
f 6339 6349 6347
f 6339 6347 6337
f 6353 6343 6346
f 6353 6346 6356
f 6356 6346 6345
f 6356 6345 6355
f 6355 6345 6344
f 6355 6344 6354
f 6354 6344 6342
f 6354 6342 6352
f 6348 6358 6361
f 6348 6361 6351
f 6351 6361 6360
f 6351 6360 6350
f 6350 6360 6359
f 6350 6359 6349
f 6349 6359 6357
f 6349 6357 6347
f 6363 6353 6356
f 6363 6356 6366
f 6366 6356 6355
f 6366 6355 6365
f 6365 6355 6354
f 6365 6354 6364
f 6364 6354 6352
f 6364 6352 6362
f 6358 6368 6371
f 6358 6371 6361
f 6361 6371 6370
f 6361 6370 6360
f 6360 6370 6369
f 6360 6369 6359
f 6359 6369 6367
f 6359 6367 6357
f 6373 6363 6366
f 6373 6366 6376
f 6376 6366 6365
f 6376 6365 6375
f 6375 6365 6364
f 6375 6364 6374
f 6374 6364 6362
f 6374 6362 6372
f 6368 6378 6381
f 6368 6381 6371
f 6371 6381 6380
f 6371 6380 6370
f 6370 6380 6379
f 6370 6379 6369
f 6369 6379 6377
f 6369 6377 6367
f 6383 6373 6376
f 6383 6376 6386
f 6386 6376 6375
f 6386 6375 6385
f 6385 6375 6374
f 6385 6374 6384
f 6384 6374 6372
f 6384 6372 6382
f 6378 6388 6391
f 6378 6391 6381
f 6381 6391 6390
f 6381 6390 6380
f 6380 6390 6389
f 6380 6389 6379
f 6379 6389 6387
f 6379 6387 6377
f 6393 6383 6386
f 6393 6386 6396
f 6396 6386 6385
f 6396 6385 6395
f 6395 6385 6384
f 6395 6384 6394
f 6394 6384 6382
f 6394 6382 6392
f 6388 6398 6401
f 6388 6401 6391
f 6391 6401 6400
f 6391 6400 6390
f 6390 6400 6399
f 6390 6399 6389
f 6389 6399 6397
f 6389 6397 6387
f 6403 6393 6396
f 6403 6396 6406
f 6406 6396 6395
f 6406 6395 6405
f 6405 6395 6394
f 6405 6394 6404
f 6404 6394 6392
f 6404 6392 6402
f 6398 6408 6411
f 6398 6411 6401
f 6401 6411 6410
f 6401 6410 6400
f 6400 6410 6409
f 6400 6409 6399
f 6399 6409 6407
f 6399 6407 6397
f 6413 6403 6406
f 6413 6406 6416
f 6416 6406 6405
f 6416 6405 6415
f 6415 6405 6404
f 6415 6404 6414
f 6414 6404 6402
f 6414 6402 6412
f 6408 6418 6421
f 6408 6421 6411
f 6411 6421 6420
f 6411 6420 6410
f 6410 6420 6419
f 6410 6419 6409
f 6409 6419 6417
f 6409 6417 6407
f 6423 6413 6416
f 6423 6416 6426
f 6426 6416 6415
f 6426 6415 6425
f 6425 6415 6414
f 6425 6414 6424
f 6424 6414 6412
f 6424 6412 6422
f 6418 6428 6431
f 6418 6431 6421
f 6421 6431 6430
f 6421 6430 6420
f 6420 6430 6429
f 6420 6429 6419
f 6419 6429 6427
f 6419 6427 6417
f 6433 6423 6426
f 6433 6426 6436
f 6436 6426 6425
f 6436 6425 6435
f 6435 6425 6424
f 6435 6424 6434
f 6434 6424 6422
f 6434 6422 6432
f 6428 6438 6441
f 6428 6441 6431
f 6431 6441 6440
f 6431 6440 6430
f 6430 6440 6439
f 6430 6439 6429
f 6429 6439 6437
f 6429 6437 6427
f 6443 6433 6436
f 6443 6436 6446
f 6446 6436 6435
f 6446 6435 6445
f 6445 6435 6434
f 6445 6434 6444
f 6444 6434 6432
f 6444 6432 6442
f 6438 6448 6451
f 6438 6451 6441
f 6441 6451 6450
f 6441 6450 6440
f 6440 6450 6449
f 6440 6449 6439
f 6439 6449 6447
f 6439 6447 6437
f 6453 6443 6446
f 6453 6446 6456
f 6456 6446 6445
f 6456 6445 6455
f 6455 6445 6444
f 6455 6444 6454
f 6454 6444 6442
f 6454 6442 6452
f 6448 6458 6461
f 6448 6461 6451
f 6451 6461 6460
f 6451 6460 6450
f 6450 6460 6459
f 6450 6459 6449
f 6449 6459 6457
f 6449 6457 6447
f 6463 6453 6456
f 6463 6456 6466
f 6466 6456 6455
f 6466 6455 6465
f 6465 6455 6454
f 6465 6454 6464
f 6464 6454 6452
f 6464 6452 6462
f 6458 6468 6471
f 6458 6471 6461
f 6461 6471 6470
f 6461 6470 6460
f 6460 6470 6469
f 6460 6469 6459
f 6459 6469 6467
f 6459 6467 6457
f 6473 6463 6466
f 6473 6466 6476
f 6476 6466 6465
f 6476 6465 6475
f 6475 6465 6464
f 6475 6464 6474
f 6474 6464 6462
f 6474 6462 6472
f 6468 6478 6481
f 6468 6481 6471
f 6471 6481 6480
f 6471 6480 6470
f 6470 6480 6479
f 6470 6479 6469
f 6469 6479 6477
f 6469 6477 6467
f 6483 6473 6476
f 6483 6476 6486
f 6486 6476 6475
f 6486 6475 6485
f 6485 6475 6474
f 6485 6474 6484
f 6484 6474 6472
f 6484 6472 6482
f 6478 6488 6491
f 6478 6491 6481
f 6481 6491 6490
f 6481 6490 6480
f 6480 6490 6489
f 6480 6489 6479
f 6479 6489 6487
f 6479 6487 6477
f 6493 6483 6486
f 6493 6486 6496
f 6496 6486 6485
f 6496 6485 6495
f 6495 6485 6484
f 6495 6484 6494
f 6494 6484 6482
f 6494 6482 6492
f 6488 6498 6501
f 6488 6501 6491
f 6491 6501 6500
f 6491 6500 6490
f 6490 6500 6499
f 6490 6499 6489
f 6489 6499 6497
f 6489 6497 6487
f 6503 6493 6496
f 6503 6496 6506
f 6506 6496 6495
f 6506 6495 6505
f 6505 6495 6494
f 6505 6494 6504
f 6504 6494 6492
f 6504 6492 6502
f 6498 6508 6511
f 6498 6511 6501
f 6501 6511 6510
f 6501 6510 6500
f 6500 6510 6509
f 6500 6509 6499
f 6499 6509 6507
f 6499 6507 6497
f 6513 6503 6506
f 6513 6506 6516
f 6516 6506 6505
f 6516 6505 6515
f 6515 6505 6504
f 6515 6504 6514
f 6514 6504 6502
f 6514 6502 6512
f 6508 6518 6521
f 6508 6521 6511
f 6511 6521 6520
f 6511 6520 6510
f 6510 6520 6519
f 6510 6519 6509
f 6509 6519 6517
f 6509 6517 6507
f 6523 6513 6516
f 6523 6516 6526
f 6526 6516 6515
f 6526 6515 6525
f 6525 6515 6514
f 6525 6514 6524
f 6524 6514 6512
f 6524 6512 6522
f 6518 6528 6531
f 6518 6531 6521
f 6521 6531 6530
f 6521 6530 6520
f 6520 6530 6529
f 6520 6529 6519
f 6519 6529 6527
f 6519 6527 6517
f 6533 6523 6526
f 6533 6526 6536
f 6536 6526 6525
f 6536 6525 6535
f 6535 6525 6524
f 6535 6524 6534
f 6534 6524 6522
f 6534 6522 6532
f 6528 6538 6541
f 6528 6541 6531
f 6531 6541 6540
f 6531 6540 6530
f 6530 6540 6539
f 6530 6539 6529
f 6529 6539 6537
f 6529 6537 6527
f 6543 6533 6536
f 6543 6536 6546
f 6546 6536 6535
f 6546 6535 6545
f 6545 6535 6534
f 6545 6534 6544
f 6544 6534 6532
f 6544 6532 6542
f 6538 6548 6551
f 6538 6551 6541
f 6541 6551 6550
f 6541 6550 6540
f 6540 6550 6549
f 6540 6549 6539
f 6539 6549 6547
f 6539 6547 6537
f 6553 6543 6546
f 6553 6546 6556
f 6556 6546 6545
f 6556 6545 6555
f 6555 6545 6544
f 6555 6544 6554
f 6554 6544 6542
f 6554 6542 6552
f 6548 6558 6561
f 6548 6561 6551
f 6551 6561 6560
f 6551 6560 6550
f 6550 6560 6559
f 6550 6559 6549
f 6549 6559 6557
f 6549 6557 6547
f 6563 6553 6556
f 6563 6556 6566
f 6566 6556 6555
f 6566 6555 6565
f 6565 6555 6554
f 6565 6554 6564
f 6564 6554 6552
f 6564 6552 6562
f 6558 6568 6571
f 6558 6571 6561
f 6561 6571 6570
f 6561 6570 6560
f 6560 6570 6569
f 6560 6569 6559
f 6559 6569 6567
f 6559 6567 6557
f 6573 6563 6566
f 6573 6566 6576
f 6576 6566 6565
f 6576 6565 6575
f 6575 6565 6564
f 6575 6564 6574
f 6574 6564 6562
f 6574 6562 6572
f 6568 6578 6581
f 6568 6581 6571
f 6571 6581 6580
f 6571 6580 6570
f 6570 6580 6579
f 6570 6579 6569
f 6569 6579 6577
f 6569 6577 6567
f 6583 6573 6576
f 6583 6576 6586
f 6586 6576 6575
f 6586 6575 6585
f 6585 6575 6574
f 6585 6574 6584
f 6584 6574 6572
f 6584 6572 6582
f 6578 6588 6591
f 6578 6591 6581
f 6581 6591 6590
f 6581 6590 6580
f 6580 6590 6589
f 6580 6589 6579
f 6579 6589 6587
f 6579 6587 6577
f 6593 6583 6586
f 6593 6586 6596
f 6596 6586 6585
f 6596 6585 6595
f 6595 6585 6584
f 6595 6584 6594
f 6594 6584 6582
f 6594 6582 6592
f 6588 6598 6601
f 6588 6601 6591
f 6591 6601 6600
f 6591 6600 6590
f 6590 6600 6599
f 6590 6599 6589
f 6589 6599 6597
f 6589 6597 6587
f 6603 6593 6596
f 6603 6596 6606
f 6606 6596 6595
f 6606 6595 6605
f 6605 6595 6594
f 6605 6594 6604
f 6604 6594 6592
f 6604 6592 6602
f 6598 6608 6611
f 6598 6611 6601
f 6601 6611 6610
f 6601 6610 6600
f 6600 6610 6609
f 6600 6609 6599
f 6599 6609 6607
f 6599 6607 6597
f 6613 6603 6606
f 6613 6606 6616
f 6616 6606 6605
f 6616 6605 6615
f 6615 6605 6604
f 6615 6604 6614
f 6614 6604 6602
f 6614 6602 6612
f 6608 6618 6621
f 6608 6621 6611
f 6611 6621 6620
f 6611 6620 6610
f 6610 6620 6619
f 6610 6619 6609
f 6609 6619 6617
f 6609 6617 6607
f 6623 6613 6616
f 6623 6616 6626
f 6626 6616 6615
f 6626 6615 6625
f 6625 6615 6614
f 6625 6614 6624
f 6624 6614 6612
f 6624 6612 6622
f 6618 6628 6631
f 6618 6631 6621
f 6621 6631 6630
f 6621 6630 6620
f 6620 6630 6629
f 6620 6629 6619
f 6619 6629 6627
f 6619 6627 6617
f 6633 6623 6626
f 6633 6626 6636
f 6636 6626 6625
f 6636 6625 6635
f 6635 6625 6624
f 6635 6624 6634
f 6634 6624 6622
f 6634 6622 6632
f 6628 6638 6641
f 6628 6641 6631
f 6631 6641 6640
f 6631 6640 6630
f 6630 6640 6639
f 6630 6639 6629
f 6629 6639 6637
f 6629 6637 6627
f 6643 6633 6636
f 6643 6636 6646
f 6646 6636 6635
f 6646 6635 6645
f 6645 6635 6634
f 6645 6634 6644
f 6644 6634 6632
f 6644 6632 6642
f 6638 6648 6651
f 6638 6651 6641
f 6641 6651 6650
f 6641 6650 6640
f 6640 6650 6649
f 6640 6649 6639
f 6639 6649 6647
f 6639 6647 6637
f 6653 6643 6646
f 6653 6646 6656
f 6656 6646 6645
f 6656 6645 6655
f 6655 6645 6644
f 6655 6644 6654
f 6654 6644 6642
f 6654 6642 6652
f 6648 6658 6661
f 6648 6661 6651
f 6651 6661 6660
f 6651 6660 6650
f 6650 6660 6659
f 6650 6659 6649
f 6649 6659 6657
f 6649 6657 6647
f 6663 6653 6656
f 6663 6656 6666
f 6666 6656 6655
f 6666 6655 6665
f 6665 6655 6654
f 6665 6654 6664
f 6664 6654 6652
f 6664 6652 6662
f 6658 6668 6671
f 6658 6671 6661
f 6661 6671 6670
f 6661 6670 6660
f 6660 6670 6669
f 6660 6669 6659
f 6659 6669 6667
f 6659 6667 6657
f 6673 6663 6666
f 6673 6666 6676
f 6676 6666 6665
f 6676 6665 6675
f 6675 6665 6664
f 6675 6664 6674
f 6674 6664 6662
f 6674 6662 6672
f 6668 6678 6681
f 6668 6681 6671
f 6671 6681 6680
f 6671 6680 6670
f 6670 6680 6679
f 6670 6679 6669
f 6669 6679 6677
f 6669 6677 6667
f 6683 6673 6676
f 6683 6676 6686
f 6686 6676 6675
f 6686 6675 6685
f 6685 6675 6674
f 6685 6674 6684
f 6684 6674 6672
f 6684 6672 6682
f 6678 6688 6691
f 6678 6691 6681
f 6681 6691 6690
f 6681 6690 6680
f 6680 6690 6689
f 6680 6689 6679
f 6679 6689 6687
f 6679 6687 6677
f 6693 6683 6686
f 6693 6686 6696
f 6696 6686 6685
f 6696 6685 6695
f 6695 6685 6684
f 6695 6684 6694
f 6694 6684 6682
f 6694 6682 6692
f 6688 6698 6701
f 6688 6701 6691
f 6691 6701 6700
f 6691 6700 6690
f 6690 6700 6699
f 6690 6699 6689
f 6689 6699 6697
f 6689 6697 6687
f 6703 6693 6696
f 6703 6696 6706
f 6706 6696 6695
f 6706 6695 6705
f 6705 6695 6694
f 6705 6694 6704
f 6704 6694 6692
f 6704 6692 6702
f 6698 6708 6711
f 6698 6711 6701
f 6701 6711 6710
f 6701 6710 6700
f 6700 6710 6709
f 6700 6709 6699
f 6699 6709 6707
f 6699 6707 6697
f 6713 6703 6706
f 6713 6706 6716
f 6716 6706 6705
f 6716 6705 6715
f 6715 6705 6704
f 6715 6704 6714
f 6714 6704 6702
f 6714 6702 6712
f 6708 6718 6721
f 6708 6721 6711
f 6711 6721 6720
f 6711 6720 6710
f 6710 6720 6719
f 6710 6719 6709
f 6709 6719 6717
f 6709 6717 6707
f 6723 6713 6716
f 6723 6716 6726
f 6726 6716 6715
f 6726 6715 6725
f 6725 6715 6714
f 6725 6714 6724
f 6724 6714 6712
f 6724 6712 6722
f 6718 6728 6731
f 6718 6731 6721
f 6721 6731 6730
f 6721 6730 6720
f 6720 6730 6729
f 6720 6729 6719
f 6719 6729 6727
f 6719 6727 6717
f 6733 6723 6726
f 6733 6726 6736
f 6736 6726 6725
f 6736 6725 6735
f 6735 6725 6724
f 6735 6724 6734
f 6734 6724 6722
f 6734 6722 6732
f 6728 6738 6741
f 6728 6741 6731
f 6731 6741 6740
f 6731 6740 6730
f 6730 6740 6739
f 6730 6739 6729
f 6729 6739 6737
f 6729 6737 6727
f 6743 6733 6736
f 6743 6736 6746
f 6746 6736 6735
f 6746 6735 6745
f 6745 6735 6734
f 6745 6734 6744
f 6744 6734 6732
f 6744 6732 6742
f 6738 6748 6751
f 6738 6751 6741
f 6741 6751 6750
f 6741 6750 6740
f 6740 6750 6749
f 6740 6749 6739
f 6739 6749 6747
f 6739 6747 6737
f 6753 6743 6746
f 6753 6746 6756
f 6756 6746 6745
f 6756 6745 6755
f 6755 6745 6744
f 6755 6744 6754
f 6754 6744 6742
f 6754 6742 6752
f 6748 6758 6761
f 6748 6761 6751
f 6751 6761 6760
f 6751 6760 6750
f 6750 6760 6759
f 6750 6759 6749
f 6749 6759 6757
f 6749 6757 6747
f 6763 6753 6756
f 6763 6756 6766
f 6766 6756 6755
f 6766 6755 6765
f 6765 6755 6754
f 6765 6754 6764
f 6764 6754 6752
f 6764 6752 6762
f 6758 6768 6771
f 6758 6771 6761
f 6761 6771 6770
f 6761 6770 6760
f 6760 6770 6769
f 6760 6769 6759
f 6759 6769 6767
f 6759 6767 6757
f 6773 6763 6766
f 6773 6766 6776
f 6776 6766 6765
f 6776 6765 6775
f 6775 6765 6764
f 6775 6764 6774
f 6774 6764 6762
f 6774 6762 6772
f 6768 6778 6781
f 6768 6781 6771
f 6771 6781 6780
f 6771 6780 6770
f 6770 6780 6779
f 6770 6779 6769
f 6769 6779 6777
f 6769 6777 6767
f 6783 6773 6776
f 6783 6776 6786
f 6786 6776 6775
f 6786 6775 6785
f 6785 6775 6774
f 6785 6774 6784
f 6784 6774 6772
f 6784 6772 6782
f 6778 6788 6791
f 6778 6791 6781
f 6781 6791 6790
f 6781 6790 6780
f 6780 6790 6789
f 6780 6789 6779
f 6779 6789 6787
f 6779 6787 6777
f 6793 6783 6786
f 6793 6786 6796
f 6796 6786 6785
f 6796 6785 6795
f 6795 6785 6784
f 6795 6784 6794
f 6794 6784 6782
f 6794 6782 6792
f 6788 6798 6801
f 6788 6801 6791
f 6791 6801 6800
f 6791 6800 6790
f 6790 6800 6799
f 6790 6799 6789
f 6789 6799 6797
f 6789 6797 6787
f 6803 6793 6796
f 6803 6796 6806
f 6806 6796 6795
f 6806 6795 6805
f 6805 6795 6794
f 6805 6794 6804
f 6804 6794 6792
f 6804 6792 6802
f 6798 6808 6811
f 6798 6811 6801
f 6801 6811 6810
f 6801 6810 6800
f 6800 6810 6809
f 6800 6809 6799
f 6799 6809 6807
f 6799 6807 6797
f 6813 6803 6806
f 6813 6806 6816
f 6816 6806 6805
f 6816 6805 6815
f 6815 6805 6804
f 6815 6804 6814
f 6814 6804 6802
f 6814 6802 6812
f 6808 6818 6821
f 6808 6821 6811
f 6811 6821 6820
f 6811 6820 6810
f 6810 6820 6819
f 6810 6819 6809
f 6809 6819 6817
f 6809 6817 6807
f 6823 6813 6816
f 6823 6816 6826
f 6826 6816 6815
f 6826 6815 6825
f 6825 6815 6814
f 6825 6814 6824
f 6824 6814 6812
f 6824 6812 6822
f 6818 6828 6831
f 6818 6831 6821
f 6821 6831 6830
f 6821 6830 6820
f 6820 6830 6829
f 6820 6829 6819
f 6819 6829 6827
f 6819 6827 6817
f 6833 6823 6826
f 6833 6826 6836
f 6836 6826 6825
f 6836 6825 6835
f 6835 6825 6824
f 6835 6824 6834
f 6834 6824 6822
f 6834 6822 6832
f 6828 6838 6841
f 6828 6841 6831
f 6831 6841 6840
f 6831 6840 6830
f 6830 6840 6839
f 6830 6839 6829
f 6829 6839 6837
f 6829 6837 6827
f 6843 6833 6836
f 6843 6836 6846
f 6846 6836 6835
f 6846 6835 6845
f 6845 6835 6834
f 6845 6834 6844
f 6844 6834 6832
f 6844 6832 6842
f 6838 6848 6851
f 6838 6851 6841
f 6841 6851 6850
f 6841 6850 6840
f 6840 6850 6849
f 6840 6849 6839
f 6839 6849 6847
f 6839 6847 6837
f 6853 6843 6846
f 6853 6846 6856
f 6856 6846 6845
f 6856 6845 6855
f 6855 6845 6844
f 6855 6844 6854
f 6854 6844 6842
f 6854 6842 6852
f 6848 6858 6861
f 6848 6861 6851
f 6851 6861 6860
f 6851 6860 6850
f 6850 6860 6859
f 6850 6859 6849
f 6849 6859 6857
f 6849 6857 6847
f 6863 6853 6856
f 6863 6856 6866
f 6866 6856 6855
f 6866 6855 6865
f 6865 6855 6854
f 6865 6854 6864
f 6864 6854 6852
f 6864 6852 6862
f 6858 6868 6871
f 6858 6871 6861
f 6861 6871 6870
f 6861 6870 6860
f 6860 6870 6869
f 6860 6869 6859
f 6859 6869 6867
f 6859 6867 6857
f 6873 6863 6866
f 6873 6866 6876
f 6876 6866 6865
f 6876 6865 6875
f 6875 6865 6864
f 6875 6864 6874
f 6874 6864 6862
f 6874 6862 6872
f 6868 6878 6881
f 6868 6881 6871
f 6871 6881 6880
f 6871 6880 6870
f 6870 6880 6879
f 6870 6879 6869
f 6869 6879 6877
f 6869 6877 6867
f 6883 6873 6876
f 6883 6876 6886
f 6886 6876 6875
f 6886 6875 6885
f 6885 6875 6874
f 6885 6874 6884
f 6884 6874 6872
f 6884 6872 6882
f 6878 6888 6891
f 6878 6891 6881
f 6881 6891 6890
f 6881 6890 6880
f 6880 6890 6889
f 6880 6889 6879
f 6879 6889 6887
f 6879 6887 6877
f 6893 6883 6886
f 6893 6886 6896
f 6896 6886 6885
f 6896 6885 6895
f 6895 6885 6884
f 6895 6884 6894
f 6894 6884 6882
f 6894 6882 6892
f 6888 6258 6261
f 6888 6261 6891
f 6891 6261 6260
f 6891 6260 6890
f 6890 6260 6259
f 6890 6259 6889
f 6889 6259 6257
f 6889 6257 6887
f 6263 6893 6896
f 6263 6896 6266
f 6266 6896 6895
f 6266 6895 6265
f 6265 6895 6894
f 6265 6894 6264
f 6264 6894 6892
f 6264 6892 6262
f 6887 6257 6267
f 6267 6277 6287
f 6287 6297 6307
f 6307 6317 6327
f 6327 6337 6347
f 6347 6357 6367
f 6367 6377 6387
f 6387 6397 6407
f 6407 6417 6427
f 6427 6437 6447
f 6447 6457 6467
f 6467 6477 6487
f 6487 6497 6507
f 6507 6517 6527
f 6527 6537 6547
f 6547 6557 6567
f 6567 6577 6587
f 6587 6597 6607
f 6607 6617 6627
f 6627 6637 6647
f 6647 6657 6667
f 6667 6677 6687
f 6687 6697 6707
f 6707 6717 6727
f 6727 6737 6747
f 6747 6757 6767
f 6767 6777 6787
f 6787 6797 6807
f 6807 6817 6827
f 6827 6837 6847
f 6847 6857 6867
f 6867 6877 6887
f 6887 6267 6287
f 6287 6307 6327
f 6327 6347 6367
f 6367 6387 6407
f 6407 6427 6447
f 6447 6467 6487
f 6487 6507 6527
f 6527 6547 6567
f 6567 6587 6607
f 6607 6627 6647
f 6647 6667 6687
f 6687 6707 6727
f 6727 6747 6767
f 6767 6787 6807
f 6807 6827 6847
f 6847 6867 6887
f 6887 6287 6327
f 6327 6367 6407
f 6407 6447 6487
f 6487 6527 6567
f 6567 6607 6647
f 6647 6687 6727
f 6727 6767 6807
f 6807 6847 6887
f 6887 6327 6407
f 6407 6487 6567
f 6567 6647 6727
f 6727 6807 6887
f 6887 6407 6567
f 6567 6727 6887
f 6258 6263 6273
f 6258 6273 6268
f 6888 6893 6263
f 6888 6263 6258
f 6282 6272 6262
f 6262 6892 6882
f 6882 6872 6862
f 6862 6852 6842
f 6842 6832 6822
f 6822 6812 6802
f 6802 6792 6782
f 6782 6772 6762
f 6762 6752 6742
f 6742 6732 6722
f 6722 6712 6702
f 6702 6692 6682
f 6682 6672 6662
f 6662 6652 6642
f 6642 6632 6622
f 6622 6612 6602
f 6602 6592 6582
f 6582 6572 6562
f 6562 6552 6542
f 6542 6532 6522
f 6522 6512 6502
f 6502 6492 6482
f 6482 6472 6462
f 6462 6452 6442
f 6442 6432 6422
f 6422 6412 6402
f 6402 6392 6382
f 6382 6372 6362
f 6362 6352 6342
f 6342 6332 6322
f 6322 6312 6302
f 6302 6292 6282
f 6282 6262 6882
f 6882 6862 6842
f 6842 6822 6802
f 6802 6782 6762
f 6762 6742 6722
f 6722 6702 6682
f 6682 6662 6642
f 6642 6622 6602
f 6602 6582 6562
f 6562 6542 6522
f 6522 6502 6482
f 6482 6462 6442
f 6442 6422 6402
f 6402 6382 6362
f 6362 6342 6322
f 6322 6302 6282
f 6282 6882 6842
f 6842 6802 6762
f 6762 6722 6682
f 6682 6642 6602
f 6602 6562 6522
f 6522 6482 6442
f 6442 6402 6362
f 6362 6322 6282
f 6282 6842 6762
f 6762 6682 6602
f 6602 6522 6442
f 6442 6362 6282
f 6282 6762 6602
f 6602 6442 6282
f 6268 6273 6283
f 6268 6283 6278
f 6278 6283 6293
f 6278 6293 6288
f 6288 6293 6303
f 6288 6303 6298
f 6298 6303 6313
f 6298 6313 6308
f 6308 6313 6323
f 6308 6323 6318
f 6318 6323 6333
f 6318 6333 6328
f 6328 6333 6343
f 6328 6343 6338
f 6338 6343 6353
f 6338 6353 6348
f 6348 6353 6363
f 6348 6363 6358
f 6358 6363 6373
f 6358 6373 6368
f 6368 6373 6383
f 6368 6383 6378
f 6378 6383 6393
f 6378 6393 6388
f 6388 6393 6403
f 6388 6403 6398
f 6398 6403 6413
f 6398 6413 6408
f 6408 6413 6423
f 6408 6423 6418
f 6418 6423 6433
f 6418 6433 6428
f 6428 6433 6443
f 6428 6443 6438
f 6438 6443 6453
f 6438 6453 6448
f 6448 6453 6463
f 6448 6463 6458
f 6458 6463 6473
f 6458 6473 6468
f 6468 6473 6483
f 6468 6483 6478
f 6478 6483 6493
f 6478 6493 6488
f 6488 6493 6503
f 6488 6503 6498
f 6498 6503 6513
f 6498 6513 6508
f 6508 6513 6523
f 6508 6523 6518
f 6518 6523 6533
f 6518 6533 6528
f 6528 6533 6543
f 6528 6543 6538
f 6538 6543 6553
f 6538 6553 6548
f 6548 6553 6563
f 6548 6563 6558
f 6558 6563 6573
f 6558 6573 6568
f 6568 6573 6583
f 6568 6583 6578
f 6578 6583 6593
f 6578 6593 6588
f 6588 6593 6603
f 6588 6603 6598
f 6598 6603 6613
f 6598 6613 6608
f 6608 6613 6623
f 6608 6623 6618
f 6618 6623 6633
f 6618 6633 6628
f 6628 6633 6643
f 6628 6643 6638
f 6638 6643 6653
f 6638 6653 6648
f 6648 6653 6663
f 6648 6663 6658
f 6658 6663 6673
f 6658 6673 6668
f 6668 6673 6683
f 6668 6683 6678
f 6678 6683 6693
f 6678 6693 6688
f 6688 6693 6703
f 6688 6703 6698
f 6698 6703 6713
f 6698 6713 6708
f 6708 6713 6723
f 6708 6723 6718
f 6718 6723 6733
f 6718 6733 6728
f 6728 6733 6743
f 6728 6743 6738
f 6738 6743 6753
f 6738 6753 6748
f 6748 6753 6763
f 6748 6763 6758
f 6758 6763 6773
f 6758 6773 6768
f 6768 6773 6783
f 6768 6783 6778
f 6778 6783 6793
f 6778 6793 6788
f 6788 6793 6803
f 6788 6803 6798
f 6798 6803 6813
f 6798 6813 6808
f 6808 6813 6823
f 6808 6823 6818
f 6818 6823 6833
f 6818 6833 6828
f 6828 6833 6843
f 6828 6843 6838
f 6838 6843 6853
f 6838 6853 6848
f 6848 6853 6863
f 6848 6863 6858
f 6858 6863 6873
f 6858 6873 6868
f 6868 6873 6883
f 6868 6883 6878
f 6878 6883 6893
f 6878 6893 6888
f 6897 6900 6902
f 6897 6902 6901
f 6900 6904 6905
f 6900 6905 6902
f 6898 6903 6905
f 6898 6905 6904
f 6903 6907 6908
f 6903 6908 6905
f 6899 6906 6908
f 6899 6908 6907
f 6906 6901 6902
f 6906 6902 6908
f 6902 6905 6908
f 7033 7036 7038
f 7033 7038 7037
f 7036 7040 7041
f 7036 7041 7038
f 7034 7039 7041
f 7034 7041 7040
f 7039 7043 7044
f 7039 7044 7041
f 7035 7042 7044
f 7035 7044 7043
f 7042 7037 7038
f 7042 7038 7044
f 7038 7041 7044
f 7045 7048 7050
f 7045 7050 7049
f 7048 7052 7053
f 7048 7053 7050
f 7046 7051 7053
f 7046 7053 7052
f 7051 7055 7056
f 7051 7056 7053
f 7047 7054 7056
f 7047 7056 7055
f 7054 7049 7050
f 7054 7050 7056
f 7050 7053 7056
f 7181 7184 7186
f 7181 7186 7185
f 7184 7188 7189
f 7184 7189 7186
f 7182 7187 7189
f 7182 7189 7188
f 7187 7191 7192
f 7187 7192 7189
f 7183 7190 7192
f 7183 7192 7191
f 7190 7185 7186
f 7190 7186 7192
f 7186 7189 7192
f 7193 7196 7198
f 7193 7198 7197
f 7196 7200 7201
f 7196 7201 7198
f 7194 7199 7201
f 7194 7201 7200
f 7199 7203 7204
f 7199 7204 7201
f 7195 7202 7204
f 7195 7204 7203
f 7202 7197 7198
f 7202 7198 7204
f 7198 7201 7204
f 7329 7332 7334
f 7329 7334 7333
f 7332 7336 7337
f 7332 7337 7334
f 7330 7335 7337
f 7330 7337 7336
f 7335 7339 7340
f 7335 7340 7337
f 7331 7338 7340
f 7331 7340 7339
f 7338 7333 7334
f 7338 7334 7340
f 7334 7337 7340
f 7341 7344 7346
f 7341 7346 7345
f 7344 7348 7349
f 7344 7349 7346
f 7342 7347 7349
f 7342 7349 7348
f 7347 7351 7352
f 7347 7352 7349
f 7343 7350 7352
f 7343 7352 7351
f 7350 7345 7346
f 7350 7346 7352
f 7346 7349 7352
f 7477 7480 7482
f 7477 7482 7481
f 7480 7484 7485
f 7480 7485 7482
f 7478 7483 7485
f 7478 7485 7484
f 7483 7487 7488
f 7483 7488 7485
f 7479 7486 7488
f 7479 7488 7487
f 7486 7481 7482
f 7486 7482 7488
f 7482 7485 7488
f 6899 7046 7052
f 6899 7052 6906
f 6906 7052 7048
f 6906 7048 6901
f 6901 7048 7045
f 6901 7045 6897
f 6898 6909 6911
f 6898 6911 6903
f 6903 6911 6912
f 6903 6912 6907
f 6907 6912 6910
f 6907 6910 6899
f 7046 7057 7059
f 7046 7059 7051
f 7051 7059 7060
f 7051 7060 7055
f 7055 7060 7058
f 7055 7058 7047
f 7195 7205 7207
f 7195 7207 7202
f 7202 7207 7208
f 7202 7208 7197
f 7197 7208 7206
f 7197 7206 7193
f 7194 7341 7345
f 7194 7345 7199
f 7199 7345 7350
f 7199 7350 7203
f 7203 7350 7343
f 7203 7343 7195
f 7342 7353 7355
f 7342 7355 7347
f 7347 7355 7356
f 7347 7356 7351
f 7351 7356 7354
f 7351 7354 7343
f 6897 7194 7200
f 6897 7200 6900
f 6900 7200 7196
f 6900 7196 6904
f 6904 7196 7193
f 6904 7193 6898
f 7047 7342 7348
f 7047 7348 7054
f 7054 7348 7344
f 7054 7344 7049
f 7049 7344 7341
f 7049 7341 7045
f 6909 6913 6915
f 6909 6915 6911
f 6911 6915 6916
f 6911 6916 6912
f 6912 6916 6914
f 6912 6914 6910
f 7057 7061 7063
f 7057 7063 7059
f 7059 7063 7064
f 7059 7064 7060
f 7060 7064 7062
f 7060 7062 7058
f 7205 7209 7211
f 7205 7211 7207
f 7207 7211 7212
f 7207 7212 7208
f 7208 7212 7210
f 7208 7210 7206
f 7353 7357 7359
f 7353 7359 7355
f 7355 7359 7360
f 7355 7360 7356
f 7356 7360 7358
f 7356 7358 7354
f 6913 6917 6919
f 6913 6919 6915
f 6915 6919 6920
f 6915 6920 6916
f 6916 6920 6918
f 6916 6918 6914
f 7061 7065 7067
f 7061 7067 7063
f 7063 7067 7068
f 7063 7068 7064
f 7064 7068 7066
f 7064 7066 7062
f 7209 7213 7215
f 7209 7215 7211
f 7211 7215 7216
f 7211 7216 7212
f 7212 7216 7214
f 7212 7214 7210
f 7357 7361 7363
f 7357 7363 7359
f 7359 7363 7364
f 7359 7364 7360
f 7360 7364 7362
f 7360 7362 7358
f 6917 6921 6923
f 6917 6923 6919
f 6919 6923 6924
f 6919 6924 6920
f 6920 6924 6922
f 6920 6922 6918
f 7065 7069 7071
f 7065 7071 7067
f 7067 7071 7072
f 7067 7072 7068
f 7068 7072 7070
f 7068 7070 7066
f 7213 7217 7219
f 7213 7219 7215
f 7215 7219 7220
f 7215 7220 7216
f 7216 7220 7218
f 7216 7218 7214
f 7361 7365 7367
f 7361 7367 7363
f 7363 7367 7368
f 7363 7368 7364
f 7364 7368 7366
f 7364 7366 7362
f 6921 6925 6927
f 6921 6927 6923
f 6923 6927 6928
f 6923 6928 6924
f 6924 6928 6926
f 6924 6926 6922
f 7069 7073 7075
f 7069 7075 7071
f 7071 7075 7076
f 7071 7076 7072
f 7072 7076 7074
f 7072 7074 7070
f 7217 7221 7223
f 7217 7223 7219
f 7219 7223 7224
f 7219 7224 7220
f 7220 7224 7222
f 7220 7222 7218
f 7365 7369 7371
f 7365 7371 7367
f 7367 7371 7372
f 7367 7372 7368
f 7368 7372 7370
f 7368 7370 7366
f 6925 6929 6931
f 6925 6931 6927
f 6927 6931 6932
f 6927 6932 6928
f 6928 6932 6930
f 6928 6930 6926
f 7073 7077 7079
f 7073 7079 7075
f 7075 7079 7080
f 7075 7080 7076
f 7076 7080 7078
f 7076 7078 7074
f 7221 7225 7227
f 7221 7227 7223
f 7223 7227 7228
f 7223 7228 7224
f 7224 7228 7226
f 7224 7226 7222
f 7369 7373 7375
f 7369 7375 7371
f 7371 7375 7376
f 7371 7376 7372
f 7372 7376 7374
f 7372 7374 7370
f 6929 6933 6935
f 6929 6935 6931
f 6931 6935 6936
f 6931 6936 6932
f 6932 6936 6934
f 6932 6934 6930
f 7077 7081 7083
f 7077 7083 7079
f 7079 7083 7084
f 7079 7084 7080
f 7080 7084 7082
f 7080 7082 7078
f 7225 7229 7231
f 7225 7231 7227
f 7227 7231 7232
f 7227 7232 7228
f 7228 7232 7230
f 7228 7230 7226
f 7373 7377 7379
f 7373 7379 7375
f 7375 7379 7380
f 7375 7380 7376
f 7376 7380 7378
f 7376 7378 7374
f 6933 6937 6939
f 6933 6939 6935
f 6935 6939 6940
f 6935 6940 6936
f 6936 6940 6938
f 6936 6938 6934
f 7081 7085 7087
f 7081 7087 7083
f 7083 7087 7088
f 7083 7088 7084
f 7084 7088 7086
f 7084 7086 7082
f 7229 7233 7235
f 7229 7235 7231
f 7231 7235 7236
f 7231 7236 7232
f 7232 7236 7234
f 7232 7234 7230
f 7377 7381 7383
f 7377 7383 7379
f 7379 7383 7384
f 7379 7384 7380
f 7380 7384 7382
f 7380 7382 7378
f 6937 6941 6943
f 6937 6943 6939
f 6939 6943 6944
f 6939 6944 6940
f 6940 6944 6942
f 6940 6942 6938
f 7085 7089 7091
f 7085 7091 7087
f 7087 7091 7092
f 7087 7092 7088
f 7088 7092 7090
f 7088 7090 7086
f 7233 7237 7239
f 7233 7239 7235
f 7235 7239 7240
f 7235 7240 7236
f 7236 7240 7238
f 7236 7238 7234
f 7381 7385 7387
f 7381 7387 7383
f 7383 7387 7388
f 7383 7388 7384
f 7384 7388 7386
f 7384 7386 7382
f 6941 6945 6947
f 6941 6947 6943
f 6943 6947 6948
f 6943 6948 6944
f 6944 6948 6946
f 6944 6946 6942
f 7089 7093 7095
f 7089 7095 7091
f 7091 7095 7096
f 7091 7096 7092
f 7092 7096 7094
f 7092 7094 7090
f 7237 7241 7243
f 7237 7243 7239
f 7239 7243 7244
f 7239 7244 7240
f 7240 7244 7242
f 7240 7242 7238
f 7385 7389 7391
f 7385 7391 7387
f 7387 7391 7392
f 7387 7392 7388
f 7388 7392 7390
f 7388 7390 7386
f 6945 6949 6951
f 6945 6951 6947
f 6947 6951 6952
f 6947 6952 6948
f 6948 6952 6950
f 6948 6950 6946
f 7093 7097 7099
f 7093 7099 7095
f 7095 7099 7100
f 7095 7100 7096
f 7096 7100 7098
f 7096 7098 7094
f 7241 7245 7247
f 7241 7247 7243
f 7243 7247 7248
f 7243 7248 7244
f 7244 7248 7246
f 7244 7246 7242
f 7389 7393 7395
f 7389 7395 7391
f 7391 7395 7396
f 7391 7396 7392
f 7392 7396 7394
f 7392 7394 7390
f 6949 6953 6955
f 6949 6955 6951
f 6951 6955 6956
f 6951 6956 6952
f 6952 6956 6954
f 6952 6954 6950
f 7097 7101 7103
f 7097 7103 7099
f 7099 7103 7104
f 7099 7104 7100
f 7100 7104 7102
f 7100 7102 7098
f 7245 7249 7251
f 7245 7251 7247
f 7247 7251 7252
f 7247 7252 7248
f 7248 7252 7250
f 7248 7250 7246
f 7393 7397 7399
f 7393 7399 7395
f 7395 7399 7400
f 7395 7400 7396
f 7396 7400 7398
f 7396 7398 7394
f 6953 6957 6959
f 6953 6959 6955
f 6955 6959 6960
f 6955 6960 6956
f 6956 6960 6958
f 6956 6958 6954
f 7101 7105 7107
f 7101 7107 7103
f 7103 7107 7108
f 7103 7108 7104
f 7104 7108 7106
f 7104 7106 7102
f 7249 7253 7255
f 7249 7255 7251
f 7251 7255 7256
f 7251 7256 7252
f 7252 7256 7254
f 7252 7254 7250
f 7397 7401 7403
f 7397 7403 7399
f 7399 7403 7404
f 7399 7404 7400
f 7400 7404 7402
f 7400 7402 7398
f 6957 6961 6963
f 6957 6963 6959
f 6959 6963 6964
f 6959 6964 6960
f 6960 6964 6962
f 6960 6962 6958
f 7105 7109 7111
f 7105 7111 7107
f 7107 7111 7112
f 7107 7112 7108
f 7108 7112 7110
f 7108 7110 7106
f 7253 7257 7259
f 7253 7259 7255
f 7255 7259 7260
f 7255 7260 7256
f 7256 7260 7258
f 7256 7258 7254
f 7401 7405 7407
f 7401 7407 7403
f 7403 7407 7408
f 7403 7408 7404
f 7404 7408 7406
f 7404 7406 7402
f 6961 6965 6967
f 6961 6967 6963
f 6963 6967 6968
f 6963 6968 6964
f 6964 6968 6966
f 6964 6966 6962
f 7109 7113 7115
f 7109 7115 7111
f 7111 7115 7116
f 7111 7116 7112
f 7112 7116 7114
f 7112 7114 7110
f 7257 7261 7263
f 7257 7263 7259
f 7259 7263 7264
f 7259 7264 7260
f 7260 7264 7262
f 7260 7262 7258
f 7405 7409 7411
f 7405 7411 7407
f 7407 7411 7412
f 7407 7412 7408
f 7408 7412 7410
f 7408 7410 7406
f 6965 6969 6971
f 6965 6971 6967
f 6967 6971 6972
f 6967 6972 6968
f 6968 6972 6970
f 6968 6970 6966
f 7113 7117 7119
f 7113 7119 7115
f 7115 7119 7120
f 7115 7120 7116
f 7116 7120 7118
f 7116 7118 7114
f 7261 7265 7267
f 7261 7267 7263
f 7263 7267 7268
f 7263 7268 7264
f 7264 7268 7266
f 7264 7266 7262
f 7409 7413 7415
f 7409 7415 7411
f 7411 7415 7416
f 7411 7416 7412
f 7412 7416 7414
f 7412 7414 7410
f 6969 6973 6975
f 6969 6975 6971
f 6971 6975 6976
f 6971 6976 6972
f 6972 6976 6974
f 6972 6974 6970
f 7117 7121 7123
f 7117 7123 7119
f 7119 7123 7124
f 7119 7124 7120
f 7120 7124 7122
f 7120 7122 7118
f 7265 7269 7271
f 7265 7271 7267
f 7267 7271 7272
f 7267 7272 7268
f 7268 7272 7270
f 7268 7270 7266
f 7413 7417 7419
f 7413 7419 7415
f 7415 7419 7420
f 7415 7420 7416
f 7416 7420 7418
f 7416 7418 7414
f 6973 6977 6979
f 6973 6979 6975
f 6975 6979 6980
f 6975 6980 6976
f 6976 6980 6978
f 6976 6978 6974
f 7121 7125 7127
f 7121 7127 7123
f 7123 7127 7128
f 7123 7128 7124
f 7124 7128 7126
f 7124 7126 7122
f 7269 7273 7275
f 7269 7275 7271
f 7271 7275 7276
f 7271 7276 7272
f 7272 7276 7274
f 7272 7274 7270
f 7417 7421 7423
f 7417 7423 7419
f 7419 7423 7424
f 7419 7424 7420
f 7420 7424 7422
f 7420 7422 7418
f 6977 6981 6983
f 6977 6983 6979
f 6979 6983 6984
f 6979 6984 6980
f 6980 6984 6982
f 6980 6982 6978
f 7125 7129 7131
f 7125 7131 7127
f 7127 7131 7132
f 7127 7132 7128
f 7128 7132 7130
f 7128 7130 7126
f 7273 7277 7279
f 7273 7279 7275
f 7275 7279 7280
f 7275 7280 7276
f 7276 7280 7278
f 7276 7278 7274
f 7421 7425 7427
f 7421 7427 7423
f 7423 7427 7428
f 7423 7428 7424
f 7424 7428 7426
f 7424 7426 7422
f 6981 6985 6987
f 6981 6987 6983
f 6983 6987 6988
f 6983 6988 6984
f 6984 6988 6986
f 6984 6986 6982
f 7129 7133 7135
f 7129 7135 7131
f 7131 7135 7136
f 7131 7136 7132
f 7132 7136 7134
f 7132 7134 7130
f 7277 7281 7283
f 7277 7283 7279
f 7279 7283 7284
f 7279 7284 7280
f 7280 7284 7282
f 7280 7282 7278
f 7425 7429 7431
f 7425 7431 7427
f 7427 7431 7432
f 7427 7432 7428
f 7428 7432 7430
f 7428 7430 7426
f 6985 6989 6991
f 6985 6991 6987
f 6987 6991 6992
f 6987 6992 6988
f 6988 6992 6990
f 6988 6990 6986
f 7133 7137 7139
f 7133 7139 7135
f 7135 7139 7140
f 7135 7140 7136
f 7136 7140 7138
f 7136 7138 7134
f 7281 7285 7287
f 7281 7287 7283
f 7283 7287 7288
f 7283 7288 7284
f 7284 7288 7286
f 7284 7286 7282
f 7429 7433 7435
f 7429 7435 7431
f 7431 7435 7436
f 7431 7436 7432
f 7432 7436 7434
f 7432 7434 7430
f 6989 6993 6995
f 6989 6995 6991
f 6991 6995 6996
f 6991 6996 6992
f 6992 6996 6994
f 6992 6994 6990
f 7137 7141 7143
f 7137 7143 7139
f 7139 7143 7144
f 7139 7144 7140
f 7140 7144 7142
f 7140 7142 7138
f 7285 7289 7291
f 7285 7291 7287
f 7287 7291 7292
f 7287 7292 7288
f 7288 7292 7290
f 7288 7290 7286
f 7433 7437 7439
f 7433 7439 7435
f 7435 7439 7440
f 7435 7440 7436
f 7436 7440 7438
f 7436 7438 7434
f 6993 6997 6999
f 6993 6999 6995
f 6995 6999 7000
f 6995 7000 6996
f 6996 7000 6998
f 6996 6998 6994
f 7141 7145 7147
f 7141 7147 7143
f 7143 7147 7148
f 7143 7148 7144
f 7144 7148 7146
f 7144 7146 7142
f 7289 7293 7295
f 7289 7295 7291
f 7291 7295 7296
f 7291 7296 7292
f 7292 7296 7294
f 7292 7294 7290
f 7437 7441 7443
f 7437 7443 7439
f 7439 7443 7444
f 7439 7444 7440
f 7440 7444 7442
f 7440 7442 7438
f 6997 7001 7003
f 6997 7003 6999
f 6999 7003 7004
f 6999 7004 7000
f 7000 7004 7002
f 7000 7002 6998
f 7145 7149 7151
f 7145 7151 7147
f 7147 7151 7152
f 7147 7152 7148
f 7148 7152 7150
f 7148 7150 7146
f 7293 7297 7299
f 7293 7299 7295
f 7295 7299 7300
f 7295 7300 7296
f 7296 7300 7298
f 7296 7298 7294
f 7441 7445 7447
f 7441 7447 7443
f 7443 7447 7448
f 7443 7448 7444
f 7444 7448 7446
f 7444 7446 7442
f 7001 7005 7007
f 7001 7007 7003
f 7003 7007 7008
f 7003 7008 7004
f 7004 7008 7006
f 7004 7006 7002
f 7149 7153 7155
f 7149 7155 7151
f 7151 7155 7156
f 7151 7156 7152
f 7152 7156 7154
f 7152 7154 7150
f 7297 7301 7303
f 7297 7303 7299
f 7299 7303 7304
f 7299 7304 7300
f 7300 7304 7302
f 7300 7302 7298
f 7445 7449 7451
f 7445 7451 7447
f 7447 7451 7452
f 7447 7452 7448
f 7448 7452 7450
f 7448 7450 7446
f 7005 7009 7011
f 7005 7011 7007
f 7007 7011 7012
f 7007 7012 7008
f 7008 7012 7010
f 7008 7010 7006
f 7153 7157 7159
f 7153 7159 7155
f 7155 7159 7160
f 7155 7160 7156
f 7156 7160 7158
f 7156 7158 7154
f 7301 7305 7307
f 7301 7307 7303
f 7303 7307 7308
f 7303 7308 7304
f 7304 7308 7306
f 7304 7306 7302
f 7449 7453 7455
f 7449 7455 7451
f 7451 7455 7456
f 7451 7456 7452
f 7452 7456 7454
f 7452 7454 7450
f 7009 7013 7015
f 7009 7015 7011
f 7011 7015 7016
f 7011 7016 7012
f 7012 7016 7014
f 7012 7014 7010
f 7157 7161 7163
f 7157 7163 7159
f 7159 7163 7164
f 7159 7164 7160
f 7160 7164 7162
f 7160 7162 7158
f 7305 7309 7311
f 7305 7311 7307
f 7307 7311 7312
f 7307 7312 7308
f 7308 7312 7310
f 7308 7310 7306
f 7453 7457 7459
f 7453 7459 7455
f 7455 7459 7460
f 7455 7460 7456
f 7456 7460 7458
f 7456 7458 7454
f 7013 7017 7019
f 7013 7019 7015
f 7015 7019 7020
f 7015 7020 7016
f 7016 7020 7018
f 7016 7018 7014
f 7161 7165 7167
f 7161 7167 7163
f 7163 7167 7168
f 7163 7168 7164
f 7164 7168 7166
f 7164 7166 7162
f 7309 7313 7315
f 7309 7315 7311
f 7311 7315 7316
f 7311 7316 7312
f 7312 7316 7314
f 7312 7314 7310
f 7457 7461 7463
f 7457 7463 7459
f 7459 7463 7464
f 7459 7464 7460
f 7460 7464 7462
f 7460 7462 7458
f 7017 7021 7023
f 7017 7023 7019
f 7019 7023 7024
f 7019 7024 7020
f 7020 7024 7022
f 7020 7022 7018
f 7165 7169 7171
f 7165 7171 7167
f 7167 7171 7172
f 7167 7172 7168
f 7168 7172 7170
f 7168 7170 7166
f 7313 7317 7319
f 7313 7319 7315
f 7315 7319 7320
f 7315 7320 7316
f 7316 7320 7318
f 7316 7318 7314
f 7461 7465 7467
f 7461 7467 7463
f 7463 7467 7468
f 7463 7468 7464
f 7464 7468 7466
f 7464 7466 7462
f 7021 7025 7027
f 7021 7027 7023
f 7023 7027 7028
f 7023 7028 7024
f 7024 7028 7026
f 7024 7026 7022
f 7169 7173 7175
f 7169 7175 7171
f 7171 7175 7176
f 7171 7176 7172
f 7172 7176 7174
f 7172 7174 7170
f 7317 7321 7323
f 7317 7323 7319
f 7319 7323 7324
f 7319 7324 7320
f 7320 7324 7322
f 7320 7322 7318
f 7465 7469 7471
f 7465 7471 7467
f 7467 7471 7472
f 7467 7472 7468
f 7468 7472 7470
f 7468 7470 7466
f 7025 7029 7031
f 7025 7031 7027
f 7027 7031 7032
f 7027 7032 7028
f 7028 7032 7030
f 7028 7030 7026
f 7173 7177 7179
f 7173 7179 7175
f 7175 7179 7180
f 7175 7180 7176
f 7176 7180 7178
f 7176 7178 7174
f 7321 7325 7327
f 7321 7327 7323
f 7323 7327 7328
f 7323 7328 7324
f 7324 7328 7326
f 7324 7326 7322
f 7469 7473 7475
f 7469 7475 7471
f 7471 7475 7476
f 7471 7476 7472
f 7472 7476 7474
f 7472 7474 7470
f 7029 7033 7037
f 7029 7037 7031
f 7031 7037 7042
f 7031 7042 7032
f 7032 7042 7035
f 7032 7035 7030
f 7034 7181 7185
f 7034 7185 7039
f 7039 7185 7190
f 7039 7190 7043
f 7043 7190 7183
f 7043 7183 7035
f 7177 7183 7191
f 7177 7191 7179
f 7179 7191 7187
f 7179 7187 7180
f 7180 7187 7182
f 7180 7182 7178
f 7325 7330 7336
f 7325 7336 7327
f 7327 7336 7332
f 7327 7332 7328
f 7328 7332 7329
f 7328 7329 7326
f 7473 7477 7481
f 7473 7481 7475
f 7475 7481 7486
f 7475 7486 7476
f 7476 7486 7479
f 7476 7479 7474
f 7330 7479 7487
f 7330 7487 7335
f 7335 7487 7483
f 7335 7483 7339
f 7339 7483 7478
f 7339 7478 7331
f 7033 7329 7333
f 7033 7333 7036
f 7036 7333 7338
f 7036 7338 7040
f 7040 7338 7331
f 7040 7331 7034
f 7181 7478 7484
f 7181 7484 7184
f 7184 7484 7480
f 7184 7480 7188
f 7188 7480 7477
f 7188 7477 7182
f 6897 7045 7341
f 6897 7341 7194
f 6899 6910 7057
f 6899 7057 7046
f 6898 7193 7206
f 6898 7206 6909
f 6909 7206 7210
f 6909 7210 6913
f 6910 6914 7061
f 6910 7061 7057
f 6913 7210 7214
f 6913 7214 6917
f 6914 6918 7065
f 6914 7065 7061
f 6917 7214 7218
f 6917 7218 6921
f 6918 6922 7069
f 6918 7069 7065
f 6921 7218 7222
f 6921 7222 6925
f 6922 6926 7073
f 6922 7073 7069
f 6925 7222 7226
f 6925 7226 6929
f 6926 6930 7077
f 6926 7077 7073
f 6929 7226 7230
f 6929 7230 6933
f 6930 6934 7081
f 6930 7081 7077
f 6933 7230 7234
f 6933 7234 6937
f 6934 6938 7085
f 6934 7085 7081
f 6937 7234 7238
f 6937 7238 6941
f 6938 6942 7089
f 6938 7089 7085
f 6941 7238 7242
f 6941 7242 6945
f 6942 6946 7093
f 6942 7093 7089
f 6945 7242 7246
f 6945 7246 6949
f 6946 6950 7097
f 6946 7097 7093
f 6949 7246 7250
f 6949 7250 6953
f 6950 6954 7101
f 6950 7101 7097
f 6953 7250 7254
f 6953 7254 6957
f 6954 6958 7105
f 6954 7105 7101
f 6957 7254 7258
f 6957 7258 6961
f 6958 6962 7109
f 6958 7109 7105
f 6961 7258 7262
f 6961 7262 6965
f 6962 6966 7113
f 6962 7113 7109
f 6965 7262 7266
f 6965 7266 6969
f 6966 6970 7117
f 6966 7117 7113
f 6969 7266 7270
f 6969 7270 6973
f 6970 6974 7121
f 6970 7121 7117
f 6973 7270 7274
f 6973 7274 6977
f 6974 6978 7125
f 6974 7125 7121
f 6977 7274 7278
f 6977 7278 6981
f 6978 6982 7129
f 6978 7129 7125
f 6981 7278 7282
f 6981 7282 6985
f 6982 6986 7133
f 6982 7133 7129
f 6985 7282 7286
f 6985 7286 6989
f 6986 6990 7137
f 6986 7137 7133
f 6989 7286 7290
f 6989 7290 6993
f 6990 6994 7141
f 6990 7141 7137
f 6993 7290 7294
f 6993 7294 6997
f 6994 6998 7145
f 6994 7145 7141
f 6997 7294 7298
f 6997 7298 7001
f 6998 7002 7149
f 6998 7149 7145
f 7001 7298 7302
f 7001 7302 7005
f 7002 7006 7153
f 7002 7153 7149
f 7005 7302 7306
f 7005 7306 7009
f 7006 7010 7157
f 7006 7157 7153
f 7009 7306 7310
f 7009 7310 7013
f 7010 7014 7161
f 7010 7161 7157
f 7013 7310 7314
f 7013 7314 7017
f 7014 7018 7165
f 7014 7165 7161
f 7017 7314 7318
f 7017 7318 7021
f 7018 7022 7169
f 7018 7169 7165
f 7021 7318 7322
f 7021 7322 7025
f 7022 7026 7173
f 7022 7173 7169
f 7025 7322 7326
f 7025 7326 7029
f 7026 7030 7177
f 7026 7177 7173
f 7029 7326 7329
f 7029 7329 7033
f 7030 7035 7183
f 7030 7183 7177
f 7331 7478 7181
f 7331 7181 7034
f 7047 7058 7353
f 7047 7353 7342
f 7058 7062 7357
f 7058 7357 7353
f 7062 7066 7361
f 7062 7361 7357
f 7066 7070 7365
f 7066 7365 7361
f 7070 7074 7369
f 7070 7369 7365
f 7074 7078 7373
f 7074 7373 7369
f 7078 7082 7377
f 7078 7377 7373
f 7082 7086 7381
f 7082 7381 7377
f 7086 7090 7385
f 7086 7385 7381
f 7090 7094 7389
f 7090 7389 7385
f 7094 7098 7393
f 7094 7393 7389
f 7098 7102 7397
f 7098 7397 7393
f 7102 7106 7401
f 7102 7401 7397
f 7106 7110 7405
f 7106 7405 7401
f 7110 7114 7409
f 7110 7409 7405
f 7114 7118 7413
f 7114 7413 7409
f 7118 7122 7417
f 7118 7417 7413
f 7122 7126 7421
f 7122 7421 7417
f 7126 7130 7425
f 7126 7425 7421
f 7130 7134 7429
f 7130 7429 7425
f 7134 7138 7433
f 7134 7433 7429
f 7138 7142 7437
f 7138 7437 7433
f 7142 7146 7441
f 7142 7441 7437
f 7146 7150 7445
f 7146 7445 7441
f 7150 7154 7449
f 7150 7449 7445
f 7154 7158 7453
f 7154 7453 7449
f 7158 7162 7457
f 7158 7457 7453
f 7162 7166 7461
f 7162 7461 7457
f 7166 7170 7465
f 7166 7465 7461
f 7170 7174 7469
f 7170 7469 7465
f 7174 7178 7473
f 7174 7473 7469
f 7178 7182 7477
f 7178 7477 7473
f 7195 7343 7354
f 7195 7354 7205
f 7205 7354 7358
f 7205 7358 7209
f 7209 7358 7362
f 7209 7362 7213
f 7213 7362 7366
f 7213 7366 7217
f 7217 7366 7370
f 7217 7370 7221
f 7221 7370 7374
f 7221 7374 7225
f 7225 7374 7378
f 7225 7378 7229
f 7229 7378 7382
f 7229 7382 7233
f 7233 7382 7386
f 7233 7386 7237
f 7237 7386 7390
f 7237 7390 7241
f 7241 7390 7394
f 7241 7394 7245
f 7245 7394 7398
f 7245 7398 7249
f 7249 7398 7402
f 7249 7402 7253
f 7253 7402 7406
f 7253 7406 7257
f 7257 7406 7410
f 7257 7410 7261
f 7261 7410 7414
f 7261 7414 7265
f 7265 7414 7418
f 7265 7418 7269
f 7269 7418 7422
f 7269 7422 7273
f 7273 7422 7426
f 7273 7426 7277
f 7277 7426 7430
f 7277 7430 7281
f 7281 7430 7434
f 7281 7434 7285
f 7285 7434 7438
f 7285 7438 7289
f 7289 7438 7442
f 7289 7442 7293
f 7293 7442 7446
f 7293 7446 7297
f 7297 7446 7450
f 7297 7450 7301
f 7301 7450 7454
f 7301 7454 7305
f 7305 7454 7458
f 7305 7458 7309
f 7309 7458 7462
f 7309 7462 7313
f 7313 7462 7466
f 7313 7466 7317
f 7317 7466 7470
f 7317 7470 7321
f 7321 7470 7474
f 7321 7474 7325
f 7325 7474 7479
f 7325 7479 7330
f 7490 7500 7503
f 7490 7503 7493
f 7493 7503 7502
f 7493 7502 7492
f 7492 7502 7501
f 7492 7501 7491
f 7491 7501 7499
f 7491 7499 7489
f 7505 7495 7498
f 7505 7498 7508
f 7508 7498 7497
f 7508 7497 7507
f 7507 7497 7496
f 7507 7496 7506
f 7506 7496 7494
f 7506 7494 7504
f 7500 7510 7513
f 7500 7513 7503
f 7503 7513 7512
f 7503 7512 7502
f 7502 7512 7511
f 7502 7511 7501
f 7501 7511 7509
f 7501 7509 7499
f 7515 7505 7508
f 7515 7508 7518
f 7518 7508 7507
f 7518 7507 7517
f 7517 7507 7506
f 7517 7506 7516
f 7516 7506 7504
f 7516 7504 7514
f 7510 7520 7523
f 7510 7523 7513
f 7513 7523 7522
f 7513 7522 7512
f 7512 7522 7521
f 7512 7521 7511
f 7511 7521 7519
f 7511 7519 7509
f 7525 7515 7518
f 7525 7518 7528
f 7528 7518 7517
f 7528 7517 7527
f 7527 7517 7516
f 7527 7516 7526
f 7526 7516 7514
f 7526 7514 7524
f 7520 7530 7533
f 7520 7533 7523
f 7523 7533 7532
f 7523 7532 7522
f 7522 7532 7531
f 7522 7531 7521
f 7521 7531 7529
f 7521 7529 7519
f 7535 7525 7528
f 7535 7528 7538
f 7538 7528 7527
f 7538 7527 7537
f 7537 7527 7526
f 7537 7526 7536
f 7536 7526 7524
f 7536 7524 7534
f 7530 7540 7543
f 7530 7543 7533
f 7533 7543 7542
f 7533 7542 7532
f 7532 7542 7541
f 7532 7541 7531
f 7531 7541 7539
f 7531 7539 7529
f 7545 7535 7538
f 7545 7538 7548
f 7548 7538 7537
f 7548 7537 7547
f 7547 7537 7536
f 7547 7536 7546
f 7546 7536 7534
f 7546 7534 7544
f 7540 7550 7553
f 7540 7553 7543
f 7543 7553 7552
f 7543 7552 7542
f 7542 7552 7551
f 7542 7551 7541
f 7541 7551 7549
f 7541 7549 7539
f 7555 7545 7548
f 7555 7548 7558
f 7558 7548 7547
f 7558 7547 7557
f 7557 7547 7546
f 7557 7546 7556
f 7556 7546 7544
f 7556 7544 7554
f 7550 7560 7563
f 7550 7563 7553
f 7553 7563 7562
f 7553 7562 7552
f 7552 7562 7561
f 7552 7561 7551
f 7551 7561 7559
f 7551 7559 7549
f 7565 7555 7558
f 7565 7558 7568
f 7568 7558 7557
f 7568 7557 7567
f 7567 7557 7556
f 7567 7556 7566
f 7566 7556 7554
f 7566 7554 7564
f 7560 7570 7573
f 7560 7573 7563
f 7563 7573 7572
f 7563 7572 7562
f 7562 7572 7571
f 7562 7571 7561
f 7561 7571 7569
f 7561 7569 7559
f 7575 7565 7568
f 7575 7568 7578
f 7578 7568 7567
f 7578 7567 7577
f 7577 7567 7566
f 7577 7566 7576
f 7576 7566 7564
f 7576 7564 7574
f 7570 7580 7583
f 7570 7583 7573
f 7573 7583 7582
f 7573 7582 7572
f 7572 7582 7581
f 7572 7581 7571
f 7571 7581 7579
f 7571 7579 7569
f 7585 7575 7578
f 7585 7578 7588
f 7588 7578 7577
f 7588 7577 7587
f 7587 7577 7576
f 7587 7576 7586
f 7586 7576 7574
f 7586 7574 7584
f 7580 7590 7593
f 7580 7593 7583
f 7583 7593 7592
f 7583 7592 7582
f 7582 7592 7591
f 7582 7591 7581
f 7581 7591 7589
f 7581 7589 7579
f 7595 7585 7588
f 7595 7588 7598
f 7598 7588 7587
f 7598 7587 7597
f 7597 7587 7586
f 7597 7586 7596
f 7596 7586 7584
f 7596 7584 7594
f 7590 7600 7603
f 7590 7603 7593
f 7593 7603 7602
f 7593 7602 7592
f 7592 7602 7601
f 7592 7601 7591
f 7591 7601 7599
f 7591 7599 7589
f 7605 7595 7598
f 7605 7598 7608
f 7608 7598 7597
f 7608 7597 7607
f 7607 7597 7596
f 7607 7596 7606
f 7606 7596 7594
f 7606 7594 7604
f 7600 7610 7613
f 7600 7613 7603
f 7603 7613 7612
f 7603 7612 7602
f 7602 7612 7611
f 7602 7611 7601
f 7601 7611 7609
f 7601 7609 7599
f 7615 7605 7608
f 7615 7608 7618
f 7618 7608 7607
f 7618 7607 7617
f 7617 7607 7606
f 7617 7606 7616
f 7616 7606 7604
f 7616 7604 7614
f 7610 7620 7623
f 7610 7623 7613
f 7613 7623 7622
f 7613 7622 7612
f 7612 7622 7621
f 7612 7621 7611
f 7611 7621 7619
f 7611 7619 7609
f 7625 7615 7618
f 7625 7618 7628
f 7628 7618 7617
f 7628 7617 7627
f 7627 7617 7616
f 7627 7616 7626
f 7626 7616 7614
f 7626 7614 7624
f 7620 7630 7633
f 7620 7633 7623
f 7623 7633 7632
f 7623 7632 7622
f 7622 7632 7631
f 7622 7631 7621
f 7621 7631 7629
f 7621 7629 7619
f 7635 7625 7628
f 7635 7628 7638
f 7638 7628 7627
f 7638 7627 7637
f 7637 7627 7626
f 7637 7626 7636
f 7636 7626 7624
f 7636 7624 7634
f 7630 7640 7643
f 7630 7643 7633
f 7633 7643 7642
f 7633 7642 7632
f 7632 7642 7641
f 7632 7641 7631
f 7631 7641 7639
f 7631 7639 7629
f 7645 7635 7638
f 7645 7638 7648
f 7648 7638 7637
f 7648 7637 7647
f 7647 7637 7636
f 7647 7636 7646
f 7646 7636 7634
f 7646 7634 7644
f 7640 7650 7653
f 7640 7653 7643
f 7643 7653 7652
f 7643 7652 7642
f 7642 7652 7651
f 7642 7651 7641
f 7641 7651 7649
f 7641 7649 7639
f 7655 7645 7648
f 7655 7648 7658
f 7658 7648 7647
f 7658 7647 7657
f 7657 7647 7646
f 7657 7646 7656
f 7656 7646 7644
f 7656 7644 7654
f 7650 7660 7663
f 7650 7663 7653
f 7653 7663 7662
f 7653 7662 7652
f 7652 7662 7661
f 7652 7661 7651
f 7651 7661 7659
f 7651 7659 7649
f 7665 7655 7658
f 7665 7658 7668
f 7668 7658 7657
f 7668 7657 7667
f 7667 7657 7656
f 7667 7656 7666
f 7666 7656 7654
f 7666 7654 7664
f 7660 7670 7673
f 7660 7673 7663
f 7663 7673 7672
f 7663 7672 7662
f 7662 7672 7671
f 7662 7671 7661
f 7661 7671 7669
f 7661 7669 7659
f 7675 7665 7668
f 7675 7668 7678
f 7678 7668 7667
f 7678 7667 7677
f 7677 7667 7666
f 7677 7666 7676
f 7676 7666 7664
f 7676 7664 7674
f 7670 7680 7683
f 7670 7683 7673
f 7673 7683 7682
f 7673 7682 7672
f 7672 7682 7681
f 7672 7681 7671
f 7671 7681 7679
f 7671 7679 7669
f 7685 7675 7678
f 7685 7678 7688
f 7688 7678 7677
f 7688 7677 7687
f 7687 7677 7676
f 7687 7676 7686
f 7686 7676 7674
f 7686 7674 7684
f 7680 7690 7693
f 7680 7693 7683
f 7683 7693 7692
f 7683 7692 7682
f 7682 7692 7691
f 7682 7691 7681
f 7681 7691 7689
f 7681 7689 7679
f 7695 7685 7688
f 7695 7688 7698
f 7698 7688 7687
f 7698 7687 7697
f 7697 7687 7686
f 7697 7686 7696
f 7696 7686 7684
f 7696 7684 7694
f 7690 7700 7703
f 7690 7703 7693
f 7693 7703 7702
f 7693 7702 7692
f 7692 7702 7701
f 7692 7701 7691
f 7691 7701 7699
f 7691 7699 7689
f 7705 7695 7698
f 7705 7698 7708
f 7708 7698 7697
f 7708 7697 7707
f 7707 7697 7696
f 7707 7696 7706
f 7706 7696 7694
f 7706 7694 7704
f 7700 7710 7713
f 7700 7713 7703
f 7703 7713 7712
f 7703 7712 7702
f 7702 7712 7711
f 7702 7711 7701
f 7701 7711 7709
f 7701 7709 7699
f 7715 7705 7708
f 7715 7708 7718
f 7718 7708 7707
f 7718 7707 7717
f 7717 7707 7706
f 7717 7706 7716
f 7716 7706 7704
f 7716 7704 7714
f 7710 7720 7723
f 7710 7723 7713
f 7713 7723 7722
f 7713 7722 7712
f 7712 7722 7721
f 7712 7721 7711
f 7711 7721 7719
f 7711 7719 7709
f 7725 7715 7718
f 7725 7718 7728
f 7728 7718 7717
f 7728 7717 7727
f 7727 7717 7716
f 7727 7716 7726
f 7726 7716 7714
f 7726 7714 7724
f 7720 7730 7733
f 7720 7733 7723
f 7723 7733 7732
f 7723 7732 7722
f 7722 7732 7731
f 7722 7731 7721
f 7721 7731 7729
f 7721 7729 7719
f 7735 7725 7728
f 7735 7728 7738
f 7738 7728 7727
f 7738 7727 7737
f 7737 7727 7726
f 7737 7726 7736
f 7736 7726 7724
f 7736 7724 7734
f 7730 7740 7743
f 7730 7743 7733
f 7733 7743 7742
f 7733 7742 7732
f 7732 7742 7741
f 7732 7741 7731
f 7731 7741 7739
f 7731 7739 7729
f 7745 7735 7738
f 7745 7738 7748
f 7748 7738 7737
f 7748 7737 7747
f 7747 7737 7736
f 7747 7736 7746
f 7746 7736 7734
f 7746 7734 7744
f 7740 7750 7753
f 7740 7753 7743
f 7743 7753 7752
f 7743 7752 7742
f 7742 7752 7751
f 7742 7751 7741
f 7741 7751 7749
f 7741 7749 7739
f 7755 7745 7748
f 7755 7748 7758
f 7758 7748 7747
f 7758 7747 7757
f 7757 7747 7746
f 7757 7746 7756
f 7756 7746 7744
f 7756 7744 7754
f 7750 7760 7763
f 7750 7763 7753
f 7753 7763 7762
f 7753 7762 7752
f 7752 7762 7761
f 7752 7761 7751
f 7751 7761 7759
f 7751 7759 7749
f 7765 7755 7758
f 7765 7758 7768
f 7768 7758 7757
f 7768 7757 7767
f 7767 7757 7756
f 7767 7756 7766
f 7766 7756 7754
f 7766 7754 7764
f 7760 7770 7773
f 7760 7773 7763
f 7763 7773 7772
f 7763 7772 7762
f 7762 7772 7771
f 7762 7771 7761
f 7761 7771 7769
f 7761 7769 7759
f 7775 7765 7768
f 7775 7768 7778
f 7778 7768 7767
f 7778 7767 7777
f 7777 7767 7766
f 7777 7766 7776
f 7776 7766 7764
f 7776 7764 7774
f 7770 7780 7783
f 7770 7783 7773
f 7773 7783 7782
f 7773 7782 7772
f 7772 7782 7781
f 7772 7781 7771
f 7771 7781 7779
f 7771 7779 7769
f 7785 7775 7778
f 7785 7778 7788
f 7788 7778 7777
f 7788 7777 7787
f 7787 7777 7776
f 7787 7776 7786
f 7786 7776 7774
f 7786 7774 7784
f 7780 7790 7793
f 7780 7793 7783
f 7783 7793 7792
f 7783 7792 7782
f 7782 7792 7791
f 7782 7791 7781
f 7781 7791 7789
f 7781 7789 7779
f 7795 7785 7788
f 7795 7788 7798
f 7798 7788 7787
f 7798 7787 7797
f 7797 7787 7786
f 7797 7786 7796
f 7796 7786 7784
f 7796 7784 7794
f 7790 7800 7803
f 7790 7803 7793
f 7793 7803 7802
f 7793 7802 7792
f 7792 7802 7801
f 7792 7801 7791
f 7791 7801 7799
f 7791 7799 7789
f 7805 7795 7798
f 7805 7798 7808
f 7808 7798 7797
f 7808 7797 7807
f 7807 7797 7796
f 7807 7796 7806
f 7806 7796 7794
f 7806 7794 7804
f 7800 7810 7813
f 7800 7813 7803
f 7803 7813 7812
f 7803 7812 7802
f 7802 7812 7811
f 7802 7811 7801
f 7801 7811 7809
f 7801 7809 7799
f 7815 7805 7808
f 7815 7808 7818
f 7818 7808 7807
f 7818 7807 7817
f 7817 7807 7806
f 7817 7806 7816
f 7816 7806 7804
f 7816 7804 7814
f 7810 7820 7823
f 7810 7823 7813
f 7813 7823 7822
f 7813 7822 7812
f 7812 7822 7821
f 7812 7821 7811
f 7811 7821 7819
f 7811 7819 7809
f 7825 7815 7818
f 7825 7818 7828
f 7828 7818 7817
f 7828 7817 7827
f 7827 7817 7816
f 7827 7816 7826
f 7826 7816 7814
f 7826 7814 7824
f 7820 7830 7833
f 7820 7833 7823
f 7823 7833 7832
f 7823 7832 7822
f 7822 7832 7831
f 7822 7831 7821
f 7821 7831 7829
f 7821 7829 7819
f 7835 7825 7828
f 7835 7828 7838
f 7838 7828 7827
f 7838 7827 7837
f 7837 7827 7826
f 7837 7826 7836
f 7836 7826 7824
f 7836 7824 7834
f 7830 7840 7843
f 7830 7843 7833
f 7833 7843 7842
f 7833 7842 7832
f 7832 7842 7841
f 7832 7841 7831
f 7831 7841 7839
f 7831 7839 7829
f 7845 7835 7838
f 7845 7838 7848
f 7848 7838 7837
f 7848 7837 7847
f 7847 7837 7836
f 7847 7836 7846
f 7846 7836 7834
f 7846 7834 7844
f 7840 7850 7853
f 7840 7853 7843
f 7843 7853 7852
f 7843 7852 7842
f 7842 7852 7851
f 7842 7851 7841
f 7841 7851 7849
f 7841 7849 7839
f 7855 7845 7848
f 7855 7848 7858
f 7858 7848 7847
f 7858 7847 7857
f 7857 7847 7846
f 7857 7846 7856
f 7856 7846 7844
f 7856 7844 7854
f 7850 7860 7863
f 7850 7863 7853
f 7853 7863 7862
f 7853 7862 7852
f 7852 7862 7861
f 7852 7861 7851
f 7851 7861 7859
f 7851 7859 7849
f 7865 7855 7858
f 7865 7858 7868
f 7868 7858 7857
f 7868 7857 7867
f 7867 7857 7856
f 7867 7856 7866
f 7866 7856 7854
f 7866 7854 7864
f 7860 7870 7873
f 7860 7873 7863
f 7863 7873 7872
f 7863 7872 7862
f 7862 7872 7871
f 7862 7871 7861
f 7861 7871 7869
f 7861 7869 7859
f 7875 7865 7868
f 7875 7868 7878
f 7878 7868 7867
f 7878 7867 7877
f 7877 7867 7866
f 7877 7866 7876
f 7876 7866 7864
f 7876 7864 7874
f 7870 7880 7883
f 7870 7883 7873
f 7873 7883 7882
f 7873 7882 7872
f 7872 7882 7881
f 7872 7881 7871
f 7871 7881 7879
f 7871 7879 7869
f 7885 7875 7878
f 7885 7878 7888
f 7888 7878 7877
f 7888 7877 7887
f 7887 7877 7876
f 7887 7876 7886
f 7886 7876 7874
f 7886 7874 7884
f 7880 7890 7893
f 7880 7893 7883
f 7883 7893 7892
f 7883 7892 7882
f 7882 7892 7891
f 7882 7891 7881
f 7881 7891 7889
f 7881 7889 7879
f 7895 7885 7888
f 7895 7888 7898
f 7898 7888 7887
f 7898 7887 7897
f 7897 7887 7886
f 7897 7886 7896
f 7896 7886 7884
f 7896 7884 7894
f 7890 7900 7903
f 7890 7903 7893
f 7893 7903 7902
f 7893 7902 7892
f 7892 7902 7901
f 7892 7901 7891
f 7891 7901 7899
f 7891 7899 7889
f 7905 7895 7898
f 7905 7898 7908
f 7908 7898 7897
f 7908 7897 7907
f 7907 7897 7896
f 7907 7896 7906
f 7906 7896 7894
f 7906 7894 7904
f 7900 7910 7913
f 7900 7913 7903
f 7903 7913 7912
f 7903 7912 7902
f 7902 7912 7911
f 7902 7911 7901
f 7901 7911 7909
f 7901 7909 7899
f 7915 7905 7908
f 7915 7908 7918
f 7918 7908 7907
f 7918 7907 7917
f 7917 7907 7906
f 7917 7906 7916
f 7916 7906 7904
f 7916 7904 7914
f 7910 7920 7923
f 7910 7923 7913
f 7913 7923 7922
f 7913 7922 7912
f 7912 7922 7921
f 7912 7921 7911
f 7911 7921 7919
f 7911 7919 7909
f 7925 7915 7918
f 7925 7918 7928
f 7928 7918 7917
f 7928 7917 7927
f 7927 7917 7916
f 7927 7916 7926
f 7926 7916 7914
f 7926 7914 7924
f 7920 7930 7933
f 7920 7933 7923
f 7923 7933 7932
f 7923 7932 7922
f 7922 7932 7931
f 7922 7931 7921
f 7921 7931 7929
f 7921 7929 7919
f 7935 7925 7928
f 7935 7928 7938
f 7938 7928 7927
f 7938 7927 7937
f 7937 7927 7926
f 7937 7926 7936
f 7936 7926 7924
f 7936 7924 7934
f 7930 7940 7943
f 7930 7943 7933
f 7933 7943 7942
f 7933 7942 7932
f 7932 7942 7941
f 7932 7941 7931
f 7931 7941 7939
f 7931 7939 7929
f 7945 7935 7938
f 7945 7938 7948
f 7948 7938 7937
f 7948 7937 7947
f 7947 7937 7936
f 7947 7936 7946
f 7946 7936 7934
f 7946 7934 7944
f 7940 7950 7953
f 7940 7953 7943
f 7943 7953 7952
f 7943 7952 7942
f 7942 7952 7951
f 7942 7951 7941
f 7941 7951 7949
f 7941 7949 7939
f 7955 7945 7948
f 7955 7948 7958
f 7958 7948 7947
f 7958 7947 7957
f 7957 7947 7946
f 7957 7946 7956
f 7956 7946 7944
f 7956 7944 7954
f 7950 7960 7963
f 7950 7963 7953
f 7953 7963 7962
f 7953 7962 7952
f 7952 7962 7961
f 7952 7961 7951
f 7951 7961 7959
f 7951 7959 7949
f 7965 7955 7958
f 7965 7958 7968
f 7968 7958 7957
f 7968 7957 7967
f 7967 7957 7956
f 7967 7956 7966
f 7966 7956 7954
f 7966 7954 7964
f 7960 7970 7973
f 7960 7973 7963
f 7963 7973 7972
f 7963 7972 7962
f 7962 7972 7971
f 7962 7971 7961
f 7961 7971 7969
f 7961 7969 7959
f 7975 7965 7968
f 7975 7968 7978
f 7978 7968 7967
f 7978 7967 7977
f 7977 7967 7966
f 7977 7966 7976
f 7976 7966 7964
f 7976 7964 7974
f 7970 7980 7983
f 7970 7983 7973
f 7973 7983 7982
f 7973 7982 7972
f 7972 7982 7981
f 7972 7981 7971
f 7971 7981 7979
f 7971 7979 7969
f 7985 7975 7978
f 7985 7978 7988
f 7988 7978 7977
f 7988 7977 7987
f 7987 7977 7976
f 7987 7976 7986
f 7986 7976 7974
f 7986 7974 7984
f 7980 7990 7993
f 7980 7993 7983
f 7983 7993 7992
f 7983 7992 7982
f 7982 7992 7991
f 7982 7991 7981
f 7981 7991 7989
f 7981 7989 7979
f 7995 7985 7988
f 7995 7988 7998
f 7998 7988 7987
f 7998 7987 7997
f 7997 7987 7986
f 7997 7986 7996
f 7996 7986 7984
f 7996 7984 7994
f 7990 8000 8003
f 7990 8003 7993
f 7993 8003 8002
f 7993 8002 7992
f 7992 8002 8001
f 7992 8001 7991
f 7991 8001 7999
f 7991 7999 7989
f 8005 7995 7998
f 8005 7998 8008
f 8008 7998 7997
f 8008 7997 8007
f 8007 7997 7996
f 8007 7996 8006
f 8006 7996 7994
f 8006 7994 8004
f 8000 8010 8013
f 8000 8013 8003
f 8003 8013 8012
f 8003 8012 8002
f 8002 8012 8011
f 8002 8011 8001
f 8001 8011 8009
f 8001 8009 7999
f 8015 8005 8008
f 8015 8008 8018
f 8018 8008 8007
f 8018 8007 8017
f 8017 8007 8006
f 8017 8006 8016
f 8016 8006 8004
f 8016 8004 8014
f 8010 8020 8023
f 8010 8023 8013
f 8013 8023 8022
f 8013 8022 8012
f 8012 8022 8021
f 8012 8021 8011
f 8011 8021 8019
f 8011 8019 8009
f 8025 8015 8018
f 8025 8018 8028
f 8028 8018 8017
f 8028 8017 8027
f 8027 8017 8016
f 8027 8016 8026
f 8026 8016 8014
f 8026 8014 8024
f 8020 8030 8033
f 8020 8033 8023
f 8023 8033 8032
f 8023 8032 8022
f 8022 8032 8031
f 8022 8031 8021
f 8021 8031 8029
f 8021 8029 8019
f 8035 8025 8028
f 8035 8028 8038
f 8038 8028 8027
f 8038 8027 8037
f 8037 8027 8026
f 8037 8026 8036
f 8036 8026 8024
f 8036 8024 8034
f 8030 8040 8043
f 8030 8043 8033
f 8033 8043 8042
f 8033 8042 8032
f 8032 8042 8041
f 8032 8041 8031
f 8031 8041 8039
f 8031 8039 8029
f 8045 8035 8038
f 8045 8038 8048
f 8048 8038 8037
f 8048 8037 8047
f 8047 8037 8036
f 8047 8036 8046
f 8046 8036 8034
f 8046 8034 8044
f 8040 8050 8053
f 8040 8053 8043
f 8043 8053 8052
f 8043 8052 8042
f 8042 8052 8051
f 8042 8051 8041
f 8041 8051 8049
f 8041 8049 8039
f 8055 8045 8048
f 8055 8048 8058
f 8058 8048 8047
f 8058 8047 8057
f 8057 8047 8046
f 8057 8046 8056
f 8056 8046 8044
f 8056 8044 8054
f 8050 8060 8063
f 8050 8063 8053
f 8053 8063 8062
f 8053 8062 8052
f 8052 8062 8061
f 8052 8061 8051
f 8051 8061 8059
f 8051 8059 8049
f 8065 8055 8058
f 8065 8058 8068
f 8068 8058 8057
f 8068 8057 8067
f 8067 8057 8056
f 8067 8056 8066
f 8066 8056 8054
f 8066 8054 8064
f 8060 8070 8073
f 8060 8073 8063
f 8063 8073 8072
f 8063 8072 8062
f 8062 8072 8071
f 8062 8071 8061
f 8061 8071 8069
f 8061 8069 8059
f 8075 8065 8068
f 8075 8068 8078
f 8078 8068 8067
f 8078 8067 8077
f 8077 8067 8066
f 8077 8066 8076
f 8076 8066 8064
f 8076 8064 8074
f 8070 8080 8083
f 8070 8083 8073
f 8073 8083 8082
f 8073 8082 8072
f 8072 8082 8081
f 8072 8081 8071
f 8071 8081 8079
f 8071 8079 8069
f 8085 8075 8078
f 8085 8078 8088
f 8088 8078 8077
f 8088 8077 8087
f 8087 8077 8076
f 8087 8076 8086
f 8086 8076 8074
f 8086 8074 8084
f 8080 8090 8093
f 8080 8093 8083
f 8083 8093 8092
f 8083 8092 8082
f 8082 8092 8091
f 8082 8091 8081
f 8081 8091 8089
f 8081 8089 8079
f 8095 8085 8088
f 8095 8088 8098
f 8098 8088 8087
f 8098 8087 8097
f 8097 8087 8086
f 8097 8086 8096
f 8096 8086 8084
f 8096 8084 8094
f 8090 8100 8103
f 8090 8103 8093
f 8093 8103 8102
f 8093 8102 8092
f 8092 8102 8101
f 8092 8101 8091
f 8091 8101 8099
f 8091 8099 8089
f 8105 8095 8098
f 8105 8098 8108
f 8108 8098 8097
f 8108 8097 8107
f 8107 8097 8096
f 8107 8096 8106
f 8106 8096 8094
f 8106 8094 8104
f 8100 8110 8113
f 8100 8113 8103
f 8103 8113 8112
f 8103 8112 8102
f 8102 8112 8111
f 8102 8111 8101
f 8101 8111 8109
f 8101 8109 8099
f 8115 8105 8108
f 8115 8108 8118
f 8118 8108 8107
f 8118 8107 8117
f 8117 8107 8106
f 8117 8106 8116
f 8116 8106 8104
f 8116 8104 8114
f 8110 8120 8123
f 8110 8123 8113
f 8113 8123 8122
f 8113 8122 8112
f 8112 8122 8121
f 8112 8121 8111
f 8111 8121 8119
f 8111 8119 8109
f 8125 8115 8118
f 8125 8118 8128
f 8128 8118 8117
f 8128 8117 8127
f 8127 8117 8116
f 8127 8116 8126
f 8126 8116 8114
f 8126 8114 8124
f 8120 7490 7493
f 8120 7493 8123
f 8123 7493 7492
f 8123 7492 8122
f 8122 7492 7491
f 8122 7491 8121
f 8121 7491 7489
f 8121 7489 8119
f 7495 8125 8128
f 7495 8128 7498
f 7498 8128 8127
f 7498 8127 7497
f 7497 8127 8126
f 7497 8126 7496
f 7496 8126 8124
f 7496 8124 7494
f 8119 7489 7499
f 7499 7509 7519
f 7519 7529 7539
f 7539 7549 7559
f 7559 7569 7579
f 7579 7589 7599
f 7599 7609 7619
f 7619 7629 7639
f 7639 7649 7659
f 7659 7669 7679
f 7679 7689 7699
f 7699 7709 7719
f 7719 7729 7739
f 7739 7749 7759
f 7759 7769 7779
f 7779 7789 7799
f 7799 7809 7819
f 7819 7829 7839
f 7839 7849 7859
f 7859 7869 7879
f 7879 7889 7899
f 7899 7909 7919
f 7919 7929 7939
f 7939 7949 7959
f 7959 7969 7979
f 7979 7989 7999
f 7999 8009 8019
f 8019 8029 8039
f 8039 8049 8059
f 8059 8069 8079
f 8079 8089 8099
f 8099 8109 8119
f 8119 7499 7519
f 7519 7539 7559
f 7559 7579 7599
f 7599 7619 7639
f 7639 7659 7679
f 7679 7699 7719
f 7719 7739 7759
f 7759 7779 7799
f 7799 7819 7839
f 7839 7859 7879
f 7879 7899 7919
f 7919 7939 7959
f 7959 7979 7999
f 7999 8019 8039
f 8039 8059 8079
f 8079 8099 8119
f 8119 7519 7559
f 7559 7599 7639
f 7639 7679 7719
f 7719 7759 7799
f 7799 7839 7879
f 7879 7919 7959
f 7959 7999 8039
f 8039 8079 8119
f 8119 7559 7639
f 7639 7719 7799
f 7799 7879 7959
f 7959 8039 8119
f 8119 7639 7799
f 7799 7959 8119
f 7490 7495 7505
f 7490 7505 7500
f 8120 8125 7495
f 8120 7495 7490
f 7514 7504 7494
f 7494 8124 8114
f 8114 8104 8094
f 8094 8084 8074
f 8074 8064 8054
f 8054 8044 8034
f 8034 8024 8014
f 8014 8004 7994
f 7994 7984 7974
f 7974 7964 7954
f 7954 7944 7934
f 7934 7924 7914
f 7914 7904 7894
f 7894 7884 7874
f 7874 7864 7854
f 7854 7844 7834
f 7834 7824 7814
f 7814 7804 7794
f 7794 7784 7774
f 7774 7764 7754
f 7754 7744 7734
f 7734 7724 7714
f 7714 7704 7694
f 7694 7684 7674
f 7674 7664 7654
f 7654 7644 7634
f 7634 7624 7614
f 7614 7604 7594
f 7594 7584 7574
f 7574 7564 7554
f 7554 7544 7534
f 7534 7524 7514
f 7514 7494 8114
f 8114 8094 8074
f 8074 8054 8034
f 8034 8014 7994
f 7994 7974 7954
f 7954 7934 7914
f 7914 7894 7874
f 7874 7854 7834
f 7834 7814 7794
f 7794 7774 7754
f 7754 7734 7714
f 7714 7694 7674
f 7674 7654 7634
f 7634 7614 7594
f 7594 7574 7554
f 7554 7534 7514
f 7514 8114 8074
f 8074 8034 7994
f 7994 7954 7914
f 7914 7874 7834
f 7834 7794 7754
f 7754 7714 7674
f 7674 7634 7594
f 7594 7554 7514
f 7514 8074 7994
f 7994 7914 7834
f 7834 7754 7674
f 7674 7594 7514
f 7514 7994 7834
f 7834 7674 7514
f 7500 7505 7515
f 7500 7515 7510
f 7510 7515 7525
f 7510 7525 7520
f 7520 7525 7535
f 7520 7535 7530
f 7530 7535 7545
f 7530 7545 7540
f 7540 7545 7555
f 7540 7555 7550
f 7550 7555 7565
f 7550 7565 7560
f 7560 7565 7575
f 7560 7575 7570
f 7570 7575 7585
f 7570 7585 7580
f 7580 7585 7595
f 7580 7595 7590
f 7590 7595 7605
f 7590 7605 7600
f 7600 7605 7615
f 7600 7615 7610
f 7610 7615 7625
f 7610 7625 7620
f 7620 7625 7635
f 7620 7635 7630
f 7630 7635 7645
f 7630 7645 7640
f 7640 7645 7655
f 7640 7655 7650
f 7650 7655 7665
f 7650 7665 7660
f 7660 7665 7675
f 7660 7675 7670
f 7670 7675 7685
f 7670 7685 7680
f 7680 7685 7695
f 7680 7695 7690
f 7690 7695 7705
f 7690 7705 7700
f 7700 7705 7715
f 7700 7715 7710
f 7710 7715 7725
f 7710 7725 7720
f 7720 7725 7735
f 7720 7735 7730
f 7730 7735 7745
f 7730 7745 7740
f 7740 7745 7755
f 7740 7755 7750
f 7750 7755 7765
f 7750 7765 7760
f 7760 7765 7775
f 7760 7775 7770
f 7770 7775 7785
f 7770 7785 7780
f 7780 7785 7795
f 7780 7795 7790
f 7790 7795 7805
f 7790 7805 7800
f 7800 7805 7815
f 7800 7815 7810
f 7810 7815 7825
f 7810 7825 7820
f 7820 7825 7835
f 7820 7835 7830
f 7830 7835 7845
f 7830 7845 7840
f 7840 7845 7855
f 7840 7855 7850
f 7850 7855 7865
f 7850 7865 7860
f 7860 7865 7875
f 7860 7875 7870
f 7870 7875 7885
f 7870 7885 7880
f 7880 7885 7895
f 7880 7895 7890
f 7890 7895 7905
f 7890 7905 7900
f 7900 7905 7915
f 7900 7915 7910
f 7910 7915 7925
f 7910 7925 7920
f 7920 7925 7935
f 7920 7935 7930
f 7930 7935 7945
f 7930 7945 7940
f 7940 7945 7955
f 7940 7955 7950
f 7950 7955 7965
f 7950 7965 7960
f 7960 7965 7975
f 7960 7975 7970
f 7970 7975 7985
f 7970 7985 7980
f 7980 7985 7995
f 7980 7995 7990
f 7990 7995 8005
f 7990 8005 8000
f 8000 8005 8015
f 8000 8015 8010
f 8010 8015 8025
f 8010 8025 8020
f 8020 8025 8035
f 8020 8035 8030
f 8030 8035 8045
f 8030 8045 8040
f 8040 8045 8055
f 8040 8055 8050
f 8050 8055 8065
f 8050 8065 8060
f 8060 8065 8075
f 8060 8075 8070
f 8070 8075 8085
f 8070 8085 8080
f 8080 8085 8095
f 8080 8095 8090
f 8090 8095 8105
f 8090 8105 8100
f 8100 8105 8115
f 8100 8115 8110
f 8110 8115 8125
f 8110 8125 8120
