# Frozen M4 display cutaway. World coordinates: Z up, metres.
v 16.9230042 25.3436317 0.360000014
v 16.9627991 25.370472 0.360000014
v 16.9181747 25.3576488 0.545272231
v 16.9516125 25.3802013 0.545272231
v 16.8973255 25.3954144 0.712120473
v 16.924408 25.413681 0.712120473
v 16.8604584 25.4569302 0.843952954
v 16.8811855 25.4709091 0.843952954
v 16.8075752 25.5421925 0.927659869
v 16.8219452 25.5518856 0.927659869
v 16.7386723 25.6512051 0.954917252
v 16.7466869 25.6566105 0.954917252
v 16.6537533 25.7839642 0.923014522
v 16.6554127 25.7850819 0.923014522
v 17.0263386 24.8882465 0.360000014
v 16.991909 24.92169 0.360000014
v 17.0117264 24.8787022 0.584205508
v 16.9827938 24.906805 0.584205508
v 16.9733849 24.8447323 0.786115408
v 16.9499531 24.8674927 0.786115408
v 16.9113159 24.7863331 0.945651293
v 16.893383 24.8037529 0.945651293
v 16.8255177 24.7035065 1.04694843
v 16.8130856 24.7155838 1.04694843
v 16.7159939 24.5962524 1.07993376
v 16.7090588 24.6029892 1.07993376
v 16.5827408 24.464571 1.04132688
v 16.5813065 24.4659653 1.04132688
v 17.3771629 25.0777855 0.360000014
v 17.3779621 25.0297928 0.360000014
v 17.3880825 25.0741329 0.520056486
v 17.3887539 25.0338058 0.520056486
v 17.4207134 25.0708427 0.664196551
v 17.421257 25.0381813 0.664196551
v 17.4750538 25.067915 0.778086483
v 17.4754715 25.0429173 0.778086483
v 17.5511074 25.0653458 0.850400805
v 17.5513954 25.0480156 0.850400805
v 17.6488705 25.0631409 0.873948455
v 17.6490307 25.0534744 0.873948455
v 17.7683449 25.0612965 0.846387684
v 17.7683773 25.0592957 0.846387684
v 17.0034447 25.176424 0.360000014
v 17.0390625 25.208601 0.360000014
v 17.0017681 25.1839981 0.508848667
v 17.0316982 25.2110367 0.508848667
v 16.9910488 25.2015839 0.642895401
v 17.0152893 25.2234821 0.642895401
v 16.9712849 25.2291775 0.748810351
v 16.9898357 25.2459373 0.748810351
v 16.9424801 25.2667828 0.816060901
v 16.9553413 25.2784023 0.816060901
v 16.9046307 25.3143978 0.837959647
v 16.9118042 25.3208771 0.837959647
v 16.8577385 25.3720207 0.812328815
v 16.8592224 25.3733616 0.812328815
v 17.0323486 25.3347225 0.360000014
v 17.0780029 25.3495426 0.360000014
v 17.0319843 25.348259 0.485209137
v 17.0703487 25.3607101 0.485209137
v 17.0236034 25.3864994 0.597967148
v 17.0546741 25.3965836 0.597967148
v 17.0072021 25.4494438 0.687061131
v 17.0309811 25.4571629 0.687061131
v 16.9827824 25.5370941 0.743631244
v 16.9992676 25.5424442 0.743631244
v 16.9503422 25.6494484 0.762052119
v 16.9595375 25.6524315 0.762052119
v 16.9098835 25.7865067 0.740491867
v 16.911787 25.7871246 0.740491867
v 17.1504803 24.8536911 0.360000014
v 17.1028252 24.8594437 0.360000014
v 17.145237 24.8422451 0.470326543
v 17.1051941 24.8470783 0.470326543
v 17.1371212 24.8069859 0.569681942
v 17.1046886 24.8109016 0.569681942
v 17.1261292 24.7479153 0.648185968
v 17.1013107 24.7509117 0.648185968
v 17.1122646 24.6650333 0.698032081
v 17.0950565 24.6671104 0.698032081
v 17.0955257 24.5583401 0.71426338
v 17.0859299 24.5594978 0.71426338
v 17.0759125 24.4278336 0.69526583
v 17.0739269 24.4280739 0.69526583
v 16.8963432 24.859684 0.360000014
v 16.8705254 24.9001484 0.360000014
v 16.884079 24.8564072 0.502108812
v 16.8623848 24.8904095 0.502108812
v 16.8514137 24.8401108 0.630085945
v 16.8338432 24.867651 0.630085945
v 16.7983456 24.8107986 0.731205046
v 16.7848988 24.8318748 0.731205046
v 16.7248745 24.7684669 0.795410573
v 16.7155514 24.7830791 0.795410573
v 16.6310024 24.7131195 0.816317677
v 16.625803 24.7212677 0.816317677
v 16.5167255 24.6447525 0.791847408
v 16.5156498 24.6464386 0.791847408
v 16.9382725 25.027935 0.360000014
v 16.9387112 25.0759335 0.360000014
v 16.9250412 25.031889 0.511124671
v 16.9254112 25.0722218 0.511124671
v 16.8852806 25.036087 0.647221088
v 16.8855801 25.0687523 0.647221088
v 16.8189907 25.0405254 0.754755557
v 16.8192196 25.0655251 0.754755557
v 16.7261696 25.045208 0.823034465
v 16.7263279 25.062542 0.823034465
v 16.6068192 25.0501328 0.845268011
v 16.6069069 25.0597992 0.845268011
v 16.4609375 25.0552998 0.819245219
v 16.4609547 25.0573006 0.819245219
v 17.240715 25.0781765 0.360000014
v 17.2429104 25.0302258 0.360000014
v 17.2567902 25.0750751 0.554196119
v 17.2586346 25.0347824 0.554196119
v 17.3046646 25.0734272 0.729080915
v 17.3061562 25.0407944 0.729080915
v 17.3843365 25.0732365 0.867263317
v 17.385479 25.0482616 0.867263317
v 17.4958057 25.0744991 0.955002129
v 17.4965992 25.0571842 0.955002129
v 17.6390762 25.077219 0.983572423
v 17.6395187 25.0675621 0.983572423
v 17.8141441 25.0813923 0.950133026
v 17.8142357 25.0793934 0.950133026
v 17.3647671 24.7778454 0.360000014
v 17.3251171 24.7507915 0.360000014
v 17.3666592 24.7682724 0.488132924
v 17.3333435 24.7455387 0.488132924
v 17.3786678 24.7438717 0.60352397
v 17.3516846 24.7254581 0.60352397
v 17.400795 24.7046452 0.694698393
v 17.3801441 24.6905537 0.694698393
v 17.4330387 24.6505909 0.752589464
v 17.4187222 24.6408215 0.752589464
v 17.4754009 24.5817108 0.771440506
v 17.4674149 24.5762634 0.771440506
v 17.5278797 24.4980049 0.749376774
v 17.526226 24.4968777 0.749376774
v 17.2843857 25.2060394 0.360000014
v 17.3168583 25.1706905 0.360000014
v 17.2948723 25.2104683 0.48133862
v 17.3221588 25.1807652 0.48133862
v 17.3211479 25.2293987 0.590610981
v 17.3432465 25.2053413 0.590610981
v 17.3632107 25.2628326 0.676950812
v 17.3801231 25.2444229 0.676950812
v 17.4210606 25.31077 0.731772244
v 17.4327869 25.2980061 0.731772244
v 17.4946995 25.3732109 0.749623656
v 17.5012398 25.3660927 0.749623656
v 17.5841255 25.4501553 0.728729904
v 17.5854778 25.4486809 0.728729904
v 17.3173733 24.6928444 0.360000014
v 17.2727509 24.6751575 0.360000014
v 17.3193092 24.677557 0.48793757
v 17.2818127 24.6626949 0.48793757
v 17.332243 24.6345196 0.603152692
v 17.3018742 24.6224823 0.603152692
v 17.3561745 24.5637321 0.694188118
v 17.3329334 24.5545216 0.694188118
v 17.3911057 24.4651966 0.751990974
v 17.3749924 24.4588089 0.751990974
v 17.4370346 24.3389091 0.770813227
v 17.4280491 24.3353481 0.770813227
v 17.4939632 24.1848736 0.748783171
v 17.4921036 24.1841373 0.748783171
v 16.9452763 25.1594276 0.360000014
v 16.9721603 25.199194 0.360000014
v 16.9395123 25.1679535 0.562207997
v 16.962101 25.2013664 0.562207997
v 16.917923 25.1871738 0.744307876
v 16.9362183 25.2142372 0.744307876
v 16.8805084 25.2170944 0.888191223
v 16.8945103 25.2378063 0.888191223
v 16.8272705 25.2577114 0.979549825
v 16.8369789 25.2720718 0.979549825
v 16.7582092 25.3090267 1.0092988
v 16.7636223 25.3170357 1.0092988
v 16.6733227 25.3710384 0.974479795
v 16.6744423 25.3726959 0.974479795
v 17.4476776 24.8622437 0.360000014
v 17.4193611 24.8234863 0.360000014
v 17.4565868 24.8509884 0.534903884
v 17.4327927 24.8184204 0.534903884
v 17.4878387 24.8234081 0.69241488
v 17.4685688 24.7970314 0.69241488
v 17.5414352 24.7795048 0.816869617
v 17.5266857 24.7593174 0.816869617
v 17.6173725 24.7192783 0.895892143
v 17.6071472 24.7052822 0.895892143
v 17.7156525 24.6427288 0.921624064
v 17.7099495 24.6349239 0.921624064
v 17.8362751 24.5498562 0.891506672
v 17.8350964 24.5482407 0.891506672
v 17.2712269 24.6749306 0.360000014
v 17.2247391 24.6629772 0.360000014
v 17.2698212 24.6650009 0.551751733
v 17.2307587 24.6549568 0.551751733
v 17.2730331 24.6371231 0.724435151
v 17.241396 24.6289864 0.724435151
v 17.280859 24.5912933 0.860878229
v 17.2566471 24.5850677 0.860878229
v 17.2933006 24.5275154 0.947512686
v 17.2765141 24.5231991 0.947512686
v 17.310358 24.4457874 0.975723267
v 17.3009968 24.4433804 0.975723267
v 17.3320312 24.3461113 0.942704797
v 17.3300934 24.3456135 0.942704797
v 17.4177017 24.7614746 0.360000014
v 17.3805904 24.7310333 0.360000014
v 17.4207172 24.7517548 0.561315298
v 17.389534 24.7261753 0.561315298
v 17.4356918 24.7274532 0.742611349
v 17.4104347 24.7067375 0.742611349
v 17.4626255 24.6885738 0.885859489
v 17.4432964 24.67272 0.885859489
v 17.5015163 24.6351147 0.976814747
v 17.4881153 24.6241226 0.976814747
v 17.5523682 24.5670757 1.00643241
v 17.5448933 24.5609455 1.00643241
v 17.6151772 24.4844589 0.971767128
v 17.6136303 24.4831905 0.971767128
v 17.190155 25.1378365 0.360000014
v 17.2274818 25.1076584 0.360000014
v 17.1982651 25.1417694 0.528997481
v 17.2296295 25.1164112 0.528997481
v 17.216629 25.1583862 0.681189418
v 17.2420311 25.1378479 0.681189418
v 17.2452507 25.1876888 0.801441431
v 17.2646923 25.1719704 0.801441431
v 17.2841282 25.2296753 0.877795339
v 17.2976074 25.2187786 0.877795339
v 17.3332615 25.2843475 0.902658343
v 17.3407784 25.2782707 0.902658343
v 17.3926525 25.3517056 0.873558044
v 17.394207 25.3504467 0.873558044
v 17.2177429 24.6934643 0.360000014
v 17.1700974 24.6876431 0.360000014
v 17.2159233 24.6767445 0.529760957
v 17.1758881 24.6718521 0.529760957
v 17.2180786 24.6275139 0.682640433
v 17.1856518 24.6235504 0.682640433
v 17.2242031 24.5457706 0.803435743
v 17.1993885 24.5427399 0.803435743
v 17.2343025 24.4315186 0.880134642
v 17.2170963 24.4294167 0.880134642
v 17.248373 24.2847557 0.905109942
v 17.2387791 24.2835827 0.905109942
v 17.2664165 24.1054802 0.875878155
v 17.264431 24.105238 0.875878155
v 16.843792 24.9634933 0.360000014
v 16.8342628 25.0105381 0.360000014
v 16.831007 24.9648151 0.487448663
v 16.823 25.0043449 0.487448663
v 16.7941723 24.9612656 0.602223456
v 16.7876892 24.9932823 0.602223456
v 16.7332916 24.9528446 0.692910969
v 16.7283287 24.9773483 0.692910969
v 16.6483612 24.9395542 0.75049293
v 16.6449203 24.956543 0.75049293
v 16.5393829 24.9213924 0.76924324
v 16.5374641 24.9308681 0.76924324
v 16.4063568 24.8983612 0.747297347
v 16.4059601 24.900322 0.747297347
v 17.4652939 24.8689022 0.360000014
v 17.4386902 24.828949 0.360000014
v 17.4693928 24.8615665 0.580386043
v 17.4470406 24.8279953 0.580386043
v 17.4859409 24.8459435 0.778856277
v 17.4678364 24.8187523 0.778856277
v 17.5149384 24.822031 0.935674369
v 17.5010815 24.8012218 0.935674369
v 17.5563831 24.7898312 1.0352459
v 17.5467758 24.775404 1.0352459
v 17.6102753 24.749342 1.06766927
v 17.6049194 24.7412968 1.06766927
v 17.6766167 24.7005653 1.02972007
v 17.6755085 24.6989002 1.02972007
v 17.2501678 24.8764915 0.360000014
v 17.2060223 24.857645 0.360000014
v 17.2492199 24.868948 0.551213384
v 17.2121258 24.8531132 0.551213384
v 17.2534275 24.849329 0.723412037
v 17.2233849 24.836504 0.723412037
v 17.2627907 24.8176346 0.859471977
v 17.2397976 24.8078194 0.859471977
v 17.2773094 24.7738628 0.945863187
v 17.2613678 24.7670574 0.945863187
v 17.2969818 24.7180176 0.973994613
v 17.2880917 24.714222 0.973994613
v 17.3218117 24.650095 0.941068828
v 17.3199711 24.6493092 0.941068828
v 17.2400742 25.0081768 0.360000014
v 17.2099361 24.9708157 0.360000014
v 17.2484207 24.9965191 0.564369857
v 17.2230968 24.965126 0.564369857
v 17.2782745 24.9675121 0.748416603
v 17.2577648 24.9420853 0.748416603
v 17.3296356 24.9211559 0.893838227
v 17.31394 24.9016972 0.893838227
v 17.402504 24.8574505 0.98617357
v 17.3916206 24.8439598 0.98617357
v 17.4968796 24.7763958 1.0162406
v 17.4908104 24.7688732 1.0162406
v 17.6127625 24.6779938 0.981049299
v 17.6115055 24.6764374 0.981049299
v 17.2236595 25.2849522 0.360000014
v 17.2678432 25.2661953 0.360000014
v 17.2310238 25.2924881 0.508906782
v 17.2681503 25.2767296 0.508906782
v 17.2460575 25.3180962 0.643005908
v 17.2761269 25.3053322 0.643005908
v 17.2687626 25.3617744 0.748962164
v 17.2917747 25.3520069 0.748962164
v 17.2991371 25.4235229 0.816239059
v 17.3150921 25.41675 0.816239059
v 17.337183 25.5033417 0.838146329
v 17.3460808 25.4995651 0.838146329
v 17.3829002 25.6012306 0.812505424
v 17.3847408 25.6004486 0.812505424
v 16.9723511 25.3034096 0.360000014
v 17.0136738 25.3278313 0.360000014
v 16.9705849 25.3139305 0.496869802
v 17.0053082 25.3344517 0.496869802
v 16.9586887 25.3415947 0.62012893
v 16.9868107 25.3582153 0.62012893
v 16.9366608 25.3863983 0.717520177
v 16.9581814 25.3991184 0.717520177
v 16.904501 25.4483471 0.779358625
v 16.9194221 25.4571648 0.779358625
v 16.8622093 25.5274353 0.799495041
v 16.8705311 25.5323544 0.799495041
v 16.8097878 25.6236668 0.775926888
v 16.8115101 25.6246853 0.775926888
v 17.2667465 25.2520466 0.360000014
v 17.3056164 25.2238846 0.360000014
v 17.2740116 25.2555408 0.553555965
v 17.306675 25.2318764 0.553555965
v 17.2896004 25.2705231 0.727864206
v 17.3160553 25.251358 0.727864206
v 17.3135128 25.2969933 0.865591109
v 17.3337574 25.2823257 0.865591109
v 17.345747 25.3349514 0.953040719
v 17.3597832 25.3247814 0.953040719
v 17.3863029 25.3843956 0.981516778
v 17.3941307 25.3787251 0.981516778
v 17.4351826 25.4453297 0.94818759
v 17.4368038 25.4441566 0.94818759
v 16.956459 25.3579769 0.360000014
v 16.9986973 25.3807812 0.360000014
v 16.9562683 25.3663998 0.497676939
v 16.9917603 25.3855591 0.497676939
v 16.9489517 25.3880215 0.621662915
v 16.9776974 25.4035397 0.621662915
v 16.9345074 25.4228439 0.719628453
v 16.9565067 25.434721 0.719628453
v 16.9129372 25.4708691 0.781831563
v 16.9281902 25.4791031 0.781831563
v 16.8842411 25.532093 0.802086711
v 16.892746 25.5366859 0.802086711
v 16.8484173 25.6065178 0.77837956
v 16.8501778 25.6074696 0.77837956
v 17.0762596 24.9041519 0.360000014
v 17.0370693 24.9318657 0.360000014
v 17.0678444 24.8988914 0.52597177
v 17.034914 24.9221783 0.52597177
v 17.0488605 24.8786831 0.675438821
v 17.0221882 24.897543 0.675438821
v 17.0193043 24.8435268 0.793537855
v 16.9988918 24.8579597 0.793537855
v 16.9791794 24.7934227 0.86852473
v 16.9650269 24.8034286 0.86852473
v 16.928484 24.7283688 0.892942607
v 16.9205914 24.7339516 0.892942607
v 16.867218 24.6483688 0.864363313
v 16.8655853 24.6495247 0.864363313
v 17.3860073 25.2761173 0.360000014
v 17.4165783 25.2391129 0.360000014
v 17.3969727 25.2802048 0.49170655
v 17.4226608 25.2491112 0.49170655
v 17.4249859 25.298378 0.610315859
v 17.4457932 25.2731934 0.610315859
v 17.470047 25.3306351 0.704033077
v 17.4859715 25.3113613 0.704033077
v 17.5321579 25.376976 0.763538778
v 17.5431976 25.3636131 0.763538778
v 17.6113167 25.4374046 0.782915533
v 17.6174736 25.4299507 0.782915533
v 17.7075233 25.5119152 0.760236442
v 17.7087955 25.5103741 0.760236442
v 16.9641018 25.0746899 0.360000014
v 16.9764576 25.1210709 0.360000014
v 16.9587479 25.0800819 0.485135734
v 16.9691315 25.1190567 0.485135734
v 16.9407139 25.0888538 0.597827673
v 16.9491234 25.1204205 0.597827673
v 16.9099998 25.1010036 0.686869383
v 16.9164352 25.1251621 0.686869383
v 16.8666039 25.1165314 0.743406355
v 16.871067 25.1332817 0.743406355
v 16.8105297 25.1354389 0.761816382
v 16.8130169 25.1447792 0.761816382
v 16.7417717 25.1577225 0.740268767
v 16.7422867 25.1596565 0.740268767
v 17.4315701 24.9164371 0.360000014
v 17.4077206 24.8747826 0.360000014
v 17.4410648 24.9065838 0.541006029
v 17.4210243 24.871582 0.541006029
v 17.4733582 24.8836765 0.704012334
v 17.4571266 24.8553276 0.704012334
v 17.5284519 24.8477154 0.83280915
v 17.5160294 24.8260193 0.83280915
v 17.6063423 24.7987003 0.914588571
v 17.5977287 24.7836571 0.914588571
v 17.7070312 24.7366314 0.941218317
v 17.7022285 24.728241 0.941218317
v 17.8305206 24.6615086 0.910050154
v 17.8295269 24.6597729 0.910050154
v 17.2232285 24.9449139 0.360000014
v 17.1794014 24.9253368 0.360000014
v 17.2252922 24.9308968 0.530556381
v 17.1884651 24.9144459 0.530556381
v 17.2384796 24.8919735 0.684152126
v 17.2086544 24.8786507 0.684152126
v 17.2627945 24.8281422 0.805513382
v 17.2399693 24.8179474 0.805513382
v 17.2982368 24.7394066 0.882571638
v 17.2824097 24.732336 0.882571638
v 17.3448029 24.6257629 0.907664001
v 17.3359776 24.6218204 0.907664001
v 17.4024963 24.4872112 0.878295243
v 17.400671 24.4863968 0.878295243
v 17.2551842 25.4193535 0.360000014
v 17.3004379 25.4033489 0.360000014
v 17.262701 25.4291115 0.50791204
v 17.3007259 25.4156609 0.50791204
v 17.2780247 25.4609394 0.641115248
v 17.3088226 25.4500446 0.641115248
v 17.3011551 25.5148373 0.746363699
v 17.3247242 25.5065002 0.746363699
v 17.3320923 25.5908051 0.813191116
v 17.3484325 25.5850258 0.813191116
v 17.3708344 25.6888428 0.834951997
v 17.3799477 25.6856194 0.834951997
v 17.4173832 25.8089523 0.809482455
v 17.4192696 25.8082867 0.809482455
v 16.9019566 25.2704811 0.360000014
v 16.9363556 25.303957 0.360000014
v 16.8948555 25.2832737 0.517575562
v 16.9237614 25.3114033 0.517575562
v 16.8680592 25.3163052 0.659481406
v 16.8914719 25.3390884 0.659481406
v 16.8215694 25.3695774 0.771606028
v 16.8394852 25.3870125 0.771606028
v 16.7553825 25.4430885 0.842799485
v 16.7678051 25.4551754 0.842799485
v 16.6695004 25.5368366 0.865982115
v 16.6764278 25.5435791 0.865982115
v 16.5639248 25.6508255 0.838848531
v 16.5653572 25.6522217 0.838848531
v 17.4699554 25.1465797 0.360000014
v 17.4804916 25.0997505 0.360000014
v 17.4806423 25.1450558 0.57659328
v 17.4894962 25.1057053 0.57659328
v 17.5110207 25.1479607 0.77164799
v 17.5181904 25.1160908 0.77164799
v 17.5610867 25.1552944 0.925767362
v 17.5665741 25.1309032 0.925767362
v 17.6308441 25.1670589 1.02362537
v 17.6346493 25.1501484 1.02362537
v 17.720293 25.1832523 1.05549073
v 17.722414 25.1738224 1.05549073
v 17.8294296 25.2038765 1.01819468
v 17.8298702 25.2019253 1.01819468
v 16.9894314 25.138155 0.360000014
v 17.0178452 25.1768417 0.360000014
v 16.9867191 25.1449032 0.559425235
v 17.0105953 25.1774101 0.559425235
v 16.9740467 25.158968 0.739019156
v 16.9933834 25.185297 0.739019156
v 16.9514103 25.1803493 0.880922377
v 16.9662094 25.2004986 0.880922377
v 16.9188137 25.2090473 0.971023738
v 16.9290733 25.2230186 0.971023738
v 16.8762531 25.2450638 1.00036335
v 16.8819752 25.2528534 1.00036335
v 16.8237324 25.2883949 0.966023445
v 16.8249168 25.2900066 0.966023445
v 16.8492641 24.9717255 0.360000014
v 16.8407974 25.0189743 0.360000014
v 16.8343201 24.9729424 0.584791601
v 16.8272057 25.0126438 0.584791601
v 16.7908382 24.9690456 0.787229359
v 16.7850761 25.0011997 0.787229359
v 16.7188187 24.9600334 0.947182298
v 16.7144089 24.984642 0.947182298
v 16.6182632 24.9459095 1.04874432
v 16.6152058 24.9629707 1.04874432
v 16.489172 24.9266701 1.08181584
v 16.4874668 24.9361858 1.08181584
v 16.331543 24.902317 1.04310811
v 16.3311901 24.9042854 1.04310811
v 17.0024395 24.8561916 0.360000014
v 16.9673004 24.8888912 0.360000014
v 16.9913921 24.849947 0.530647278
v 16.9618645 24.8774223 0.530647278
v 16.9638596 24.825985 0.68432492
v 16.9399433 24.848238 0.68432492
v 16.9198418 24.7843094 0.805750847
v 16.9015408 24.8013401 0.805750847
v 16.8593407 24.7249203 0.88285017
v 16.846653 24.7367268 0.88285017
v 16.7823563 24.6478138 0.907955885
v 16.77528 24.6543999 0.907955885
v 16.6888866 24.5529957 0.878571451
v 16.6874237 24.5543575 0.878571451
v 17.0868988 25.4062634 0.360000014
v 17.1346149 25.4114819 0.360000014
v 17.089138 25.4210529 0.482525647
v 17.1292324 25.425436 0.482525647
v 17.0882339 25.4645863 0.592867017
v 17.1207066 25.4681377 0.592867017
v 17.0841866 25.5368671 0.680051446
v 17.1090374 25.5395851 0.680051446
v 17.0769958 25.6378918 0.7354092
v 17.0942249 25.6397762 0.7354092
v 17.0666599 25.767662 0.753435254
v 17.0762711 25.768713 0.753435254
v 17.0531826 25.926178 0.732337058
v 17.055172 25.9263954 0.732337058
v 17.5003777 24.8668098 0.360000014
v 17.4755974 24.8257008 0.360000014
v 17.5082245 24.8576031 0.565936387
v 17.487402 24.823061 0.565936387
v 17.5357189 24.8365536 0.751393974
v 17.5188541 24.8085766 0.751393974
v 17.5828648 24.8036575 0.897930264
v 17.5699577 24.7822456 0.897930264
v 17.6496601 24.7589149 0.990973413
v 17.6407108 24.7440701 0.990973413
v 17.736105 24.7023296 1.02127087
v 17.7311153 24.6940498 1.02127087
v 17.8421993 24.6338978 0.985809863
v 17.8411674 24.632185 0.985809863
v 17.1131344 24.7858696 0.360000014
v 17.0663853 24.7967548 0.360000014
v 17.1068974 24.7759857 0.499747425
v 17.0676155 24.7851315 0.499747425
v 17.0956516 24.7445927 0.625597954
v 17.0638371 24.7520027 0.625597954
v 17.0793972 24.6916943 0.7250368
v 17.055048 24.6973648 0.7250368
v 17.0581341 24.6172886 0.788175404
v 17.041254 24.6212196 0.788175404
v 17.0318642 24.5213757 0.808735132
v 17.0224495 24.5235691 0.808735132
v 17.0005856 24.4039574 0.784671485
v 16.9986382 24.4044094 0.784671485
v 17.2293797 25.2071552 0.360000014
v 17.2688751 25.1798763 0.360000014
v 17.2401276 25.215971 0.561488986
v 17.2733135 25.1930485 0.561488986
v 17.2660618 25.2467728 0.74294138
v 17.2929401 25.2282066 0.74294138
v 17.3071823 25.2995625 0.88631314
v 17.3277531 25.2853546 0.88631314
v 17.3634911 25.3743401 0.977346897
v 17.3777523 25.3644886 0.977346897
v 17.4349861 25.4711037 1.00699008
v 17.4429398 25.4656105 1.00699008
v 17.5216675 25.5898552 0.972294867
v 17.5233135 25.5887184 0.972294867
v 17.5234852 25.1570263 0.360000014
v 17.5338326 25.1101532 0.360000014
v 17.5328865 25.1551743 0.581347764
v 17.5415802 25.1157894 0.581347764
v 17.5594349 25.1571102 0.780684114
v 17.5664768 25.1252117 0.780684114
v 17.6031303 25.1628304 0.938186586
v 17.6085186 25.1384182 0.938186586
v 17.6639748 25.1723366 1.03819263
v 17.6677113 25.1554108 1.03819263
v 17.7419662 25.185627 1.07075739
v 17.744051 25.1761875 1.07075739
v 17.8371067 25.2027035 1.03264272
v 17.8375378 25.2007504 1.03264272
v 17.1802902 25.1582355 0.360000014
v 17.2226849 25.1357288 0.360000014
v 17.1875343 25.1637096 0.569595993
v 17.2231598 25.1447964 0.569595993
v 17.2024994 25.1837234 0.75834924
v 17.2313538 25.1684055 0.75834924
v 17.2251854 25.218277 0.907489598
v 17.2472668 25.2065544 0.907489598
v 17.2555904 25.2673721 1.00218618
v 17.2708988 25.2592449 1.00218618
v 17.2937145 25.3310089 1.03302205
v 17.3022518 25.3264771 1.03302205
v 17.3395576 25.4091873 0.996930897
v 17.3413239 25.4082489 0.996930897
v 17.0834713 25.4011116 0.360000014
v 17.1311264 25.4068604 0.360000014
v 17.0858498 25.4134121 0.544869006
v 17.1258926 25.4182415 0.544869006
v 17.085371 25.4493923 0.711354136
v 17.1178017 25.4533043 0.711354136
v 17.0820351 25.5090542 0.84289968
v 17.1068554 25.5120487 0.84289968
v 17.0758419 25.5923977 0.926424444
v 17.0930519 25.5944748 0.926424444
v 17.0667934 25.6994228 0.95362246
v 17.0763912 25.7005806 0.95362246
v 17.0548878 25.8301277 0.921789169
v 17.0568733 25.830368 0.921789169
v 17.313364 25.0037689 0.360000014
v 17.2938957 24.9598942 0.360000014
v 17.3184795 24.9973049 0.524428904
v 17.3021202 24.9604378 0.524428904
v 17.336935 24.9849224 0.672506571
v 17.3236847 24.9550629 0.672506571
v 17.3687286 24.9666214 0.789507747
v 17.3585892 24.9437695 0.789507747
v 17.4138622 24.9424 0.863797605
v 17.4068317 24.9265575 0.863797605
v 17.4723358 24.912262 0.887988448
v 17.4684143 24.9034252 0.887988448
v 17.5441475 24.8762035 0.859674811
v 17.5433369 24.8743744 0.859674811
v 16.959095 24.8713455 0.360000014
v 16.9296532 24.9092541 0.360000014
v 16.9439468 24.8644333 0.504206598
v 16.9192066 24.8962879 0.504206598
v 16.903204 24.8376427 0.6340729
v 16.8831654 24.8634434 0.6340729
v 16.8368664 24.7909756 0.73668468
v 16.8215313 24.8107185 0.73668468
v 16.7449322 24.7244282 0.801837981
v 16.7343006 24.7381172 0.801837981
v 16.6274052 24.6380024 0.823053777
v 16.6214752 24.6456375 0.823053777
v 16.4842834 24.5317001 0.798222244
v 16.483057 24.5332794 0.798222244
v 17.331068 24.9019985 0.360000014
v 17.2970371 24.8681488 0.360000014
v 17.3354664 24.8921413 0.470724553
v 17.3068714 24.8636971 0.470724553
v 17.3540974 24.8679752 0.570438385
v 17.3309383 24.8449383 0.570438385
v 17.3869629 24.8295002 0.649225652
v 17.3692379 24.8118687 0.649225652
v 17.4340591 24.7767162 0.699251592
v 17.4217701 24.764492 0.699251592
v 17.4953899 24.7096233 0.715541482
v 17.4885368 24.7028065 0.715541482
v 17.5709534 24.6282215 0.696475387
v 17.5695343 24.6268101 0.696475387
v 17.0874901 24.9674892 0.360000014
v 17.0569935 25.0045567 0.360000014
v 17.072607 24.9602089 0.501676798
v 17.0469799 24.991354 0.501676798
v 17.0328274 24.9324417 0.629264891
v 17.0120716 24.9576683 0.629264891
v 16.9681492 24.8841934 0.730076611
v 16.9522667 24.9034977 0.730076611
v 16.8785763 24.8154602 0.794086874
v 16.8675632 24.8288441 0.794086874
v 16.7641068 24.7262421 0.814930499
v 16.7579651 24.7337074 0.814930499
v 16.6247425 24.6165409 0.790534556
v 16.6234703 24.6180859 0.790534556
v 17.3055077 25.0265121 0.360000014
v 17.2911797 24.9806995 0.360000014
v 17.3196297 25.0180779 0.513106167
v 17.3075905 24.9795837 0.513106167
v 17.3642845 25.0000954 0.650987089
v 17.3545341 24.9689178 0.650987089
v 17.4394722 24.9725647 0.759931505
v 17.4320107 24.9487038 0.759931505
v 17.5451946 24.9354839 0.829105675
v 17.54002 24.9189415 0.829105675
v 17.681448 24.8888531 0.851630747
v 17.6785622 24.8796272 0.851630747
v 17.8482361 24.832674 0.825266778
v 17.8476391 24.8307667 0.825266778
v 16.8119507 25.1466923 0.360000014
v 16.82827 25.1918335 0.360000014
v 16.801487 25.1545525 0.573996186
v 16.8152008 25.192482 0.573996186
v 16.7674904 25.1709194 0.76671201
v 16.7785969 25.2016392 0.76671201
v 16.709959 25.1957932 0.91898334
v 16.7184601 25.2193031 0.91898334
v 16.6288948 25.2291756 1.01566792
v 16.6347885 25.2454777 1.01566792
v 16.5242977 25.2710667 1.04715109
v 16.5275841 25.2801571 1.04715109
v 16.3961658 25.3214664 1.01030231
v 16.3968468 25.3233471 1.01030231
v 17.0792065 24.7096481 0.360000014
v 17.032999 24.7226429 0.360000014
v 17.0736179 24.7039318 0.526687443
v 17.03479 24.7148514 0.526687443
v 17.0642281 24.6847076 0.676799059
v 17.0327816 24.693552 0.676799059
v 17.0510406 24.6519756 0.795407355
v 17.0269737 24.6587429 0.795407355
v 17.0340538 24.6057339 0.870717645
v 17.0173664 24.6104279 0.870717645
v 17.0132675 24.5459862 0.895240784
v 17.0039616 24.5486031 0.895240784
v 16.9886818 24.4727306 0.866538227
v 16.9867554 24.4732723 0.866538227
v 17.1557808 25.1414089 0.360000014
v 17.2012177 25.1259327 0.360000014
v 17.1622353 25.148468 0.507499278
v 17.2004147 25.1354618 0.507499278
v 17.1743412 25.1721153 0.640330911
v 17.2052631 25.1615829 0.640330911
v 17.1920948 25.2123528 0.74528563
v 17.2157612 25.2042923 0.74528563
v 17.2155018 25.2691803 0.811926603
v 17.2319088 25.2635918 0.811926603
v 17.2445583 25.3425961 0.833626807
v 17.2537098 25.3394794 0.833626807
v 17.2792664 25.4326019 0.808228314
v 17.2811584 25.4319572 0.808228314
v 17.2219753 24.9010048 0.360000014
v 17.1761837 24.8866138 0.360000014
v 17.2215443 24.8895893 0.560602129
v 17.1830654 24.8774986 0.560602129
v 17.2275639 24.857645 0.741255879
v 17.1963997 24.8478527 0.741255879
v 17.2400341 24.805172 0.883996546
v 17.2161846 24.797678 0.883996546
v 17.2589569 24.7321682 0.974629581
v 17.2424202 24.7269707 0.974629581
v 17.2843304 24.6386337 1.00414228
v 17.2751083 24.6357365 1.00414228
v 17.3161545 24.5245705 0.969599843
v 17.3142452 24.5239697 0.969599843
v 17.1865768 25.3912735 0.360000014
v 17.2338276 25.3828335 0.360000014
v 17.192461 25.40242 0.585005701
v 17.2321663 25.3953285 0.585005701
v 17.20257 25.437212 0.78763628
v 17.2347279 25.431469 0.78763628
v 17.2169018 25.4956474 0.947741628
v 17.2415123 25.4912529 0.947741628
v 17.2354546 25.5777264 1.04940033
v 17.2525196 25.5746784 1.04940033
v 17.2582321 25.6834488 1.08250332
v 17.2677498 25.6817493 1.08250332
v 17.2852345 25.8128166 1.04375875
v 17.2872028 25.8124638 1.04375875
v 17.4000988 24.9517384 0.360000014
v 17.3786259 24.9088097 0.360000014
v 17.406395 24.9443035 0.539181828
v 17.3883514 24.9082317 0.539181828
v 17.4287109 24.9288559 0.700545311
v 17.4140987 24.8996391 0.700545311
v 17.4670486 24.9053936 0.828044116
v 17.455864 24.8830338 0.828044116
v 17.5214062 24.8739185 0.908999383
v 17.5136528 24.8584156 0.908999383
v 17.5917854 24.8344288 0.93536073
v 17.5874615 24.8257847 0.93536073
v 17.6781845 24.7869282 0.904506683
v 17.67729 24.7851391 0.904506683
v 17.2500763 25.1826744 0.360000014
v 17.2838211 25.1485367 0.360000014
v 17.2620258 25.1890945 0.514065862
v 17.2903805 25.1604099 0.514065862
v 17.2924805 25.21381 0.652810991
v 17.3154449 25.1905766 0.652810991
v 17.3414421 25.2568188 0.762438238
v 17.3590164 25.2390385 0.762438238
v 17.4089108 25.318121 0.832045972
v 17.4210968 25.3057938 0.832045972
v 17.4948864 25.3977184 0.854712248
v 17.5016823 25.3908443 0.854712248
v 17.599369 25.4956112 0.828183055
v 17.6007748 25.4941883 0.828183055
v 16.9998665 25.2899075 0.360000014
v 17.0425701 25.3118286 0.360000014
v 16.9972954 25.3033142 0.537627518
v 17.0331764 25.3217335 0.537627518
v 16.9827557 25.3400288 0.697591305
v 17.011816 25.354948 0.697591305
v 16.9562511 25.4000549 0.823984146
v 16.9784908 25.4114723 0.823984146
v 16.917778 25.4833927 0.904237151
v 16.9331989 25.4913082 0.904237151
v 16.867342 25.5900383 0.930369854
v 16.8759403 25.5944538 0.930369854
v 16.8049374 25.7199955 0.899783432
v 16.8067169 25.7209091 0.899783432
v 17.2109833 25.3357811 0.360000014
v 17.2569466 25.3219433 0.360000014
v 17.217392 25.3437672 0.48246789
v 17.256012 25.3321381 0.48246789
v 17.2292728 25.3699322 0.592757285
v 17.2605534 25.3605156 0.592757285
v 17.2466297 25.4142799 0.679900646
v 17.2705688 25.4070721 0.679900646
v 17.2694607 25.4768085 0.735232294
v 17.2860584 25.4718113 0.735232294
v 17.2977657 25.557518 0.753249824
v 17.3070221 25.5547295 0.753249824
v 17.3315449 25.6564083 0.732161582
v 17.3334599 25.6558304 0.732161582
v 17.0887108 24.7219734 0.360000014
v 17.0422821 24.7341595 0.360000014
v 17.0813274 24.7089443 0.488949865
v 17.0423145 24.719183 0.488949865
v 17.0665913 24.6679058 0.605076611
v 17.034996 24.676199 0.605076611
v 17.0445042 24.5988617 0.696832299
v 17.0203247 24.6052094 0.696832299
v 17.0150661 24.5018101 0.755092502
v 16.9983025 24.5062103 0.755092502
v 16.9782772 24.3767509 0.774063706
v 16.9689274 24.3792057 0.774063706
v 16.9341354 24.2236862 0.751859307
v 16.9322014 24.2241936 0.751859307
v 16.9504089 25.3342075 0.360000014
v 16.9915028 25.3590126 0.360000014
v 16.9459457 25.34902 0.511939824
v 16.9804764 25.3698635 0.511939824
v 16.9259911 25.3894958 0.648770332
v 16.9539566 25.4063778 0.648770332
v 16.8905449 25.4556351 0.756884754
v 16.9119473 25.4685555 0.756884754
v 16.8396072 25.5474377 0.82553196
v 16.8544464 25.5563946 0.82553196
v 16.7731781 25.6649036 0.84788543
v 16.7814541 25.669899 0.84788543
v 16.6912575 25.808033 0.821722329
v 16.6929703 25.8090668 0.821722329
v 17.2971535 24.954977 0.360000014
v 17.2658367 24.9186001 0.360000014
v 17.2994938 24.9479027 0.54905808
v 17.2731781 24.9173374 0.54905808
v 17.3115177 24.9324932 0.719315708
v 17.290205 24.9077377 0.719315708
v 17.3332233 24.9087486 0.85384208
v 17.3169117 24.8898029 0.85384208
v 17.3646126 24.8766651 0.939259529
v 17.3533039 24.8635292 0.939259529
v 17.4056835 24.8362465 0.967073858
v 17.3993778 24.8289204 0.967073858
v 17.4564381 24.7874908 0.934519172
v 17.4551334 24.7859745 0.934519172
v 16.9352322 25.0874481 0.360000014
v 16.9486332 25.1335411 0.360000014
v 16.9244137 25.0945873 0.575239599
v 16.9356728 25.133316 0.575239599
v 16.8898125 25.1086388 0.769075215
v 16.8989315 25.140007 0.769075215
v 16.8314304 25.1296062 0.922231317
v 16.8384113 25.1536121 0.922231317
v 16.7492695 25.157486 1.01947761
v 16.7541084 25.1741295 1.01947761
v 16.6433258 25.1922798 1.05114388
v 16.6460247 25.2015629 1.05114388
v 16.5136032 25.2339897 1.01408088
v 16.5141621 25.2359085 1.01408088
v 17.0340309 25.3128319 0.360000014
v 17.0794106 25.3284721 0.360000014
v 17.033186 25.3270512 0.546301126
v 17.0713177 25.3401928 0.546301126
v 17.0233994 25.3672066 0.714075983
v 17.054285 25.3778496 0.714075983
v 17.0046768 25.4333 0.846640587
v 17.0283108 25.4414463 0.846640587
v 16.9770126 25.5253315 0.930812418
v 16.9934006 25.5309792 0.930812418
v 16.9404087 25.643301 0.958221138
v 16.9495487 25.64645 0.958221138
v 16.8948669 25.7872086 0.926141202
v 16.8967571 25.7878609 0.926141202
v 17.2782898 25.4173985 0.360000014
v 17.3225441 25.3988094 0.360000014
v 17.2851524 25.4238415 0.481231451
v 17.3223381 25.4082222 0.481231451
v 17.2986755 25.4461365 0.590407312
v 17.3287926 25.433485 0.590407312
v 17.3188572 25.4842834 0.676670909
v 17.3419056 25.4746017 0.676670909
v 17.3456974 25.5382843 0.731443882
v 17.3616772 25.5315723 0.731443882
v 17.3791962 25.608139 0.749279559
v 17.3881073 25.6043949 0.749279559
v 17.4193535 25.6938457 0.728404224
v 17.4211979 25.6930714 0.728404224
v 17.489687 24.8454609 0.360000014
v 17.4624825 24.8059139 0.360000014
v 17.496603 24.83605 0.501674354
v 17.4737453 24.8028183 0.501674354
v 17.5217018 24.8141327 0.629260242
v 17.5031872 24.7872181 0.629260242
v 17.5649796 24.7797089 0.730070174
v 17.5508099 24.7591114 0.730070174
v 17.6264362 24.7327785 0.794079363
v 17.6166134 24.7184982 0.794079363
v 17.7060757 24.6733437 0.814922571
v 17.7005959 24.6653786 0.814922571
v 17.8038921 24.6014023 0.790527105
v 17.8027592 24.5997543 0.790527105
v 16.9788265 25.139101 0.360000014
v 17.0061131 25.1785908 0.360000014
v 16.9704399 25.1495552 0.531782568
v 16.9933681 25.1827393 0.531782568
v 16.940918 25.174612 0.686482668
v 16.9594879 25.2014885 0.686482668
v 16.8902645 25.2142715 0.808716416
v 16.9044762 25.2348404 0.808716416
v 16.8184776 25.2685337 0.886328697
v 16.828331 25.282793 0.886328697
v 16.7255573 25.3373966 0.911601484
v 16.7310524 25.3453484 0.911601484
v 16.6115036 25.4208622 0.882021546
v 16.6126404 25.4225063 0.882021546
v 16.8987026 25.0607338 0.360000014
v 16.9053173 25.1082764 0.360000014
v 16.8834019 25.0667343 0.54035449
v 16.8889599 25.1066818 0.54035449
v 16.8364391 25.0771389 0.702774107
v 16.8409424 25.1094933 0.702774107
v 16.7578182 25.0919476 0.831107318
v 16.7612648 25.1167107 0.831107318
v 16.6475372 25.1111641 0.912592411
v 16.6499271 25.1283321 0.912592411
v 16.5055962 25.1347828 0.939126253
v 16.5069294 25.1443577 0.939126253
v 16.331995 25.1628094 0.908070326
v 16.3322716 25.1647892 0.908070326
v 17.3552399 25.0222664 0.360000014
v 17.3433437 24.9757652 0.360000014
v 17.3602924 25.0170174 0.516887903
v 17.350296 24.9779434 0.516887903
v 17.3773537 25.0086956 0.658174455
v 17.369257 24.9770489 0.658174455
v 17.4064217 24.997303 0.769809783
v 17.4002266 24.9730835 0.769809783
v 17.4474983 24.9828377 0.84069258
v 17.4432011 24.9660454 0.84069258
v 17.5005798 24.9653015 0.863774002
v 17.4981842 24.9559364 0.863774002
v 17.56567 24.9446926 0.836758852
v 17.5651741 24.9427547 0.836758852
v 16.9427681 25.3859024 0.360000014
v 16.9850769 25.4085732 0.360000014
v 16.9385014 25.4019794 0.539577663
v 16.9740524 25.42103 0.539577663
v 16.9189453 25.4465904 0.701297581
v 16.9477386 25.462019 0.701297581
v 16.8840981 25.5197334 0.829078078
v 16.9061337 25.5315418 0.829078078
v 16.8339596 25.6214123 0.910212159
v 16.8492374 25.6295986 0.910212159
v 16.7685318 25.7516232 0.936631739
v 16.7770519 25.7561893 0.936631739
v 16.6878128 25.9103661 0.905709565
v 16.6895752 25.9113121 0.905709565
v 17.3378181 24.8424358 0.360000014
v 17.2995968 24.8134003 0.360000014
v 17.3443623 24.8274841 0.469107956
v 17.3122444 24.8030872 0.469107956
v 17.3700962 24.7872715 0.567365885
v 17.3440838 24.7675114 0.567365885
v 17.4150219 24.721796 0.645002842
v 17.395113 24.7066727 0.645002842
v 17.4791374 24.6310577 0.694298387
v 17.4653358 24.620573 0.694298387
v 17.5624447 24.5150566 0.710350454
v 17.5547485 24.5092087 0.710350454
v 17.6649437 24.3737926 0.691562712
v 17.6633511 24.3725834 0.691562712
v 17.0323315 24.726099 0.360000014
v 16.9884682 24.7455902 0.360000014
v 17.0260696 24.7214489 0.552449524
v 16.989212 24.7378273 0.552449524
v 17.0142918 24.7043819 0.725761354
v 16.9844398 24.7176476 0.725761354
v 16.9969959 24.6749001 0.862700939
v 16.9741516 24.6850529 0.862700939
v 16.974184 24.6330051 0.949650645
v 16.9583454 24.6400433 0.949650645
v 16.9458561 24.5786934 0.977963924
v 16.9370213 24.5826187 0.977963924
v 16.9120102 24.5119667 0.944825292
v 16.910183 24.5127792 0.944825292
v 17.1150475 25.1803551 0.360000014
v 17.1628819 25.1843433 0.360000014
v 17.1182232 25.1884193 0.523850918
v 17.1584167 25.1917706 0.523850918
v 17.1201057 25.211977 0.671408057
v 17.1526585 25.2146912 0.671408057
v 17.1206951 25.2510262 0.787998021
v 17.1456089 25.2531033 0.787998021
v 17.1199951 25.3055687 0.862026691
v 17.1372681 25.3070087 0.862026691
v 17.1180019 25.3756046 0.886132538
v 17.127636 25.3764076 0.886132538
v 17.1147175 25.461132 0.857918382
v 17.1167107 25.461298 0.857918382
v 17.4367638 24.942625 0.360000014
v 17.41646 24.8991299 0.360000014
v 17.4453945 24.9343643 0.568864942
v 17.4283333 24.8978176 0.568864942
v 17.4745312 24.9165325 0.756959856
v 17.4607143 24.8869324 0.756959856
v 17.5241756 24.8891277 0.905580044
v 17.5136013 24.8664761 0.905580044
v 17.5943241 24.8521519 0.999946296
v 17.5869923 24.8364468 0.999946296
v 17.6849804 24.805603 1.0306747
v 17.680891 24.7968445 1.0306747
v 17.7961407 24.7494831 0.994709373
v 17.7952938 24.7476711 0.994709373
v 17.1869202 25.1467552 0.360000014
v 17.2265797 25.1197166 0.360000014
v 17.1942711 25.1507339 0.471634805
v 17.2275963 25.1280136 0.471634805
v 17.2099934 25.1669884 0.57216835
v 17.2369843 25.1485863 0.57216835
v 17.2340851 25.1955185 0.651603341
v 17.2547417 25.1814365 0.651603341
v 17.2665462 25.2363262 0.702040493
v 17.2808666 25.2265606 0.702040493
v 17.3073769 25.2894077 0.718464315
v 17.3153629 25.2839622 0.718464315
v 17.3565769 25.3547649 0.699241459
v 17.3582287 25.3536396 0.699241459
v 17.0280724 24.8257999 0.360000014
v 16.9882488 24.8525963 0.360000014
v 17.0175991 24.8171024 0.509708226
v 16.9841347 24.8396187 0.509708226
v 16.9925404 24.786726 0.644529104
v 16.9654369 24.8049622 0.644529104
v 16.9528961 24.7346725 0.751055658
v 16.9321537 24.7486286 0.751055658
v 16.8986645 24.6609421 0.818694592
v 16.8842831 24.67062 0.818694592
v 16.8298492 24.5655365 0.840719759
v 16.8218288 24.5709324 0.840719759
v 16.7464466 24.448452 0.814940929
v 16.7447872 24.4495678 0.814940929
v 17.095787 24.7328739 0.360000014
v 17.0492077 24.7444687 0.360000014
v 17.0891972 24.7222748 0.559544563
v 17.0500584 24.7320194 0.559544563
v 17.07687 24.6886272 0.739245832
v 17.0451717 24.6965179 0.739245832
v 17.0588055 24.6319313 0.881233931
v 17.0345459 24.63797 0.881233931
v 17.0350037 24.5521851 0.971389234
v 17.0181847 24.5563717 0.971389234
v 17.0054626 24.4493904 1.00074637
v 16.9960823 24.451725 1.00074637
v 16.9701843 24.3235455 0.966385961
v 16.9682446 24.324028 0.966385961
v 16.8365154 25.0985394 0.360000014
v 16.8474274 25.1452808 0.360000014
v 16.8304958 25.1038799 0.485082984
v 16.8396645 25.143158 0.485082984
v 16.8106937 25.1124401 0.597727418
v 16.818121 25.1442509 0.597727418
v 16.7771111 25.1242161 0.686731577
v 16.782795 25.1485615 0.686731577
v 16.729744 25.1392097 0.743244708
v 16.7336845 25.1560898 0.743244708
v 16.6685963 25.1574211 0.761647046
v 16.6707954 25.1668358 0.761647046
v 16.593668 25.1788502 0.74010849
v 16.5941219 25.1807976 0.74010849
v 16.8491268 24.9132671 0.360000014
v 16.8324947 24.9582939 0.360000014
v 16.8413486 24.9144802 0.533091426
v 16.8273716 24.9523144 0.533091426
v 16.8206692 24.9109287 0.688970268
v 16.8093491 24.9415703 0.688970268
v 16.7870903 24.9026089 0.812135398
v 16.7784271 24.9260616 0.812135398
v 16.7406082 24.8895264 0.890338957
v 16.734602 24.9057846 0.890338957
v 16.6812286 24.8716755 0.915804327
v 16.6778774 24.880743 0.915804327
v 16.6089458 24.8490601 0.885999024
v 16.6082535 24.8509369 0.885999024
v 16.9115143 25.0849438 0.360000014
v 16.9231682 25.1315079 0.360000014
v 16.8984699 25.0921593 0.504763722
v 16.9082603 25.1312866 0.504763722
v 16.8574715 25.1063709 0.635131717
v 16.8654022 25.1380596 0.635131717
v 16.7885227 25.1275787 0.738139927
v 16.7945919 25.1518307 0.738139927
v 16.6916218 25.1557808 0.803544879
v 16.6958294 25.1725941 0.803544879
v 16.5667667 25.1909771 0.824842632
v 16.5691147 25.2003555 0.824842632
v 16.4139614 25.2331696 0.799915195
v 16.4144478 25.2351093 0.799915195
v 17.3561516 24.9029179 0.360000014
v 17.3246956 24.8666611 0.360000014
v 17.3640881 24.8909569 0.567081809
v 17.337656 24.8604908 0.567081809
v 17.3929234 24.8608627 0.753570855
v 17.3715172 24.8361893 0.753570855
v 17.4426575 24.8126392 0.900922179
v 17.4262753 24.7937546 0.900922179
v 17.5132923 24.7462826 0.994482815
v 17.5019321 24.7331905 0.994482815
v 17.6048241 24.6617947 1.02494884
v 17.5984879 24.6544933 1.02494884
v 17.7172546 24.5591755 0.989290535
v 17.7159443 24.557663 0.989290535
v 17.1019878 25.0237007 0.360000014
v 17.0997181 25.0716457 0.360000014
v 17.0941353 25.0271664 0.538837731
v 17.0922279 25.0674553 0.538837731
v 17.0709381 25.0299053 0.699891329
v 17.0693932 25.0625362 0.699891329
v 17.0323944 25.0319195 0.827145278
v 17.0312138 25.0568905 0.827145278
v 16.978508 25.033205 0.907945096
v 16.9776897 25.0505199 0.907945096
v 16.909277 25.0337658 0.934255779
v 16.9088211 25.0434227 0.934255779
v 16.8247032 25.0335999 0.903460979
v 16.8246078 25.0355968 0.903460979
v 16.8005695 25.0426178 0.360000014
v 16.8028545 25.0905628 0.360000014
v 16.784586 25.0472164 0.491709471
v 16.7865047 25.0875034 0.491709471
v 16.7362709 25.0533562 0.610321403
v 16.7378254 25.0859852 0.610321403
v 16.6556225 25.0610352 0.704040706
v 16.6568108 25.0860062 0.704040706
v 16.5426407 25.0702534 0.763547719
v 16.5434666 25.0875683 0.763547719
v 16.3973274 25.0810127 0.782924891
v 16.397789 25.0906696 0.782924891
v 16.2196827 25.0933132 0.760245323
v 16.2197781 25.0953102 0.760245323
v 17.3213005 24.8224697 0.360000014
v 17.2806568 24.7969341 0.360000014
v 17.3240509 24.8108864 0.504169524
v 17.2898998 24.7894287 0.504169524
v 17.3387928 24.7802181 0.634002388
v 17.3111324 24.7628384 0.634002388
v 17.3655281 24.7304611 0.736587822
v 17.3443584 24.7171612 0.736587822
v 17.4042549 24.6616192 0.801724315
v 17.3895779 24.6523991 0.801724315
v 17.4549732 24.5736904 0.822934628
v 17.4467869 24.5685482 0.822934628
v 17.517683 24.4666748 0.798109531
v 17.5159893 24.4656105 0.798109531
v 16.9861679 25.0113373 0.360000014
v 16.9819164 25.0591488 0.360000014
v 16.9764862 25.0143242 0.496293247
v 16.9729137 25.0544987 0.496293247
v 16.9481182 25.0156498 0.619033158
v 16.9452248 25.0481892 0.619033158
v 16.9010639 25.015316 0.716014087
v 16.8988495 25.0402164 0.716014087
v 16.8353252 25.0133171 0.777592123
v 16.8337898 25.0305824 0.777592123
v 16.7509003 25.0096588 0.797643661
v 16.7500439 25.0192871 0.797643661
v 16.647789 25.0043392 0.774174809
v 16.6476116 25.0063305 0.774174809
v 17.5015316 25.0419083 0.360000014
v 17.4971542 24.9941082 0.360000014
v 17.5171471 25.0366287 0.567778468
v 17.5134678 24.9964619 0.567778468
v 17.5646896 25.0284252 0.754894912
v 17.5617104 24.9958935 0.754894912
v 17.6441612 25.0172977 0.902741969
v 17.6418819 24.9924011 0.902741969
v 17.7555618 25.0032463 0.996617377
v 17.7539806 24.9859848 0.996617377
v 17.8988895 24.9862709 1.02718592
v 17.8980083 24.9766445 1.02718592
v 18.0741463 24.9663715 0.991407692
v 18.0739651 24.9643803 0.991407692
v 16.9050617 24.824894 0.360000014
v 16.8752155 24.8624859 0.360000014
v 16.8978176 24.8240376 0.488165975
v 16.8727379 24.8556252 0.488165975
v 16.8808517 24.8154621 0.603586793
v 16.8605385 24.8410454 0.603586793
v 16.8541641 24.7991695 0.694784701
v 16.8386192 24.8187485 0.694784701
v 16.8177547 24.7751579 0.752690732
v 16.8069782 24.7887344 0.752690732
v 16.7716255 24.7434292 0.771546602
v 16.7656155 24.7509995 0.771546602
v 16.7157745 24.7039833 0.749477148
v 16.7145309 24.7055492 0.749477148
v 17.2155991 24.9880867 0.360000014
v 17.1745529 24.9632034 0.360000014
v 17.2202778 24.9729748 0.541400313
v 17.1857872 24.9520664 0.541400313
v 17.2408695 24.9316158 0.704761684
v 17.2129345 24.9146805 0.704761684
v 17.2773724 24.864006 0.833839118
v 17.2559929 24.8510456 0.833839118
v 17.3297882 24.7701492 0.915796697
v 17.3149662 24.7611637 0.915796697
v 17.3981171 24.6500454 0.942484438
v 17.3898506 24.6450329 0.942484438
v 17.482357 24.5036907 0.911248386
v 17.4806461 24.5026531 0.911248386
v 17.1975689 25.0171356 0.360000014
v 17.1563549 24.9925327 0.360000014
v 17.1983261 25.0083885 0.565822005
v 17.1636944 24.9877148 0.565822005
v 17.2071819 24.9860783 0.751176476
v 17.1791325 24.9693336 0.751176476
v 17.2241325 24.9502029 0.897631407
v 17.2026672 24.9373894 0.897631407
v 17.2491817 24.9007645 0.990622818
v 17.2342987 24.8918781 0.990622818
v 17.2823296 24.8377609 1.02090347
v 17.2740288 24.8328056 1.02090347
v 17.3235722 24.7611923 0.985462189
v 17.3218555 24.7601681 0.985462189
v 17.0052204 25.3580112 0.360000014
v 17.0499935 25.3753166 0.360000014
v 17.0041981 25.3712902 0.577652216
v 17.0418186 25.3858318 0.577652216
v 16.9939785 25.4083633 0.7736606
v 17.0244484 25.4201412 0.7736606
v 16.9745636 25.4692307 0.928533435
v 16.9978828 25.4782429 0.928533435
v 16.9459515 25.5538902 1.02686989
v 16.9621181 25.5601387 1.02686989
v 16.9081421 25.662344 1.05889094
v 16.9171581 25.6658287 1.05889094
v 16.8611374 25.7945919 1.02141261
v 16.8630028 25.7953129 1.02141261
v 16.9922791 24.7981205 0.360000014
v 16.9537868 24.8267956 0.360000014
v 16.9801598 24.788269 0.486106366
v 16.9478149 24.8123665 0.486106366
v 16.9499531 24.7541409 0.599672377
v 16.9237576 24.7736568 0.599672377
v 16.9016571 24.6957302 0.689404726
v 16.8816109 24.7106667 0.689404726
v 16.8352737 24.6130409 0.74638027
v 16.8213749 24.6233959 0.74638027
v 16.750803 24.5060711 0.764933109
v 16.7430496 24.5118465 0.764933109
v 16.648241 24.3748207 0.743218362
v 16.646637 24.3760166 0.743218362
v 17.2819862 24.8479347 0.360000014
v 17.2393894 24.8258114 0.360000014
v 17.285141 24.8335438 0.498667628
v 17.2493458 24.8149548 0.498667628
v 17.301405 24.7939091 0.623545766
v 17.2724152 24.7788525 0.623545766
v 17.3307819 24.7290268 0.722216249
v 17.3085957 24.7175045 0.722216249
v 17.3732719 24.6388988 0.784866989
v 17.3578892 24.630909 0.784866989
v 17.4288712 24.5235252 0.80526787
v 17.4202919 24.5190697 0.80526787
v 17.4975834 24.3829041 0.781390131
v 17.4958076 24.3819828 0.781390131
v 16.9852467 24.877224 0.360000014
v 16.9540138 24.9136734 0.360000014
v 16.9737644 24.8724346 0.502690911
v 16.9475212 24.9030628 0.502690911
v 16.9443111 24.8522434 0.631192267
v 16.9230556 24.8770504 0.631192267
v 16.896883 24.8166523 0.732725561
v 16.8806171 24.835638 0.732725561
v 16.8314819 24.7656612 0.797194064
v 16.8202038 24.7788239 0.797194064
v 16.748106 24.6992683 0.81818682
v 16.7418175 24.7066097 0.81818682
v 16.646759 24.6174755 0.793616295
v 16.6454563 24.6189938 0.793616295
v 17.3255863 25.3520279 0.360000014
v 17.3653278 25.3251095 0.360000014
v 17.3327694 25.3557968 0.553921461
v 17.3661633 25.3331776 0.553921461
v 17.3479691 25.3714027 0.728558898
v 17.3750153 25.3530846 0.728558898
v 17.3711891 25.3988476 0.866545856
v 17.3918877 25.3848267 0.866545856
v 17.4024239 25.4381294 0.954160571
v 17.4167767 25.4284077 0.954160571
v 17.441679 25.4892483 0.982690394
v 17.4496822 25.4838276 0.982690394
v 17.4889526 25.5522041 0.949298322
v 17.4906082 25.5510826 0.949298322
v 17.3738441 25.0290298 0.360000014
v 17.3642902 24.9819889 0.360000014
v 17.3811378 25.0236359 0.560701489
v 17.3731098 24.9841099 0.560701489
v 17.4045467 25.0149708 0.741444707
v 17.3980446 24.9829578 0.741444707
v 17.4440689 25.0030327 0.884256005
v 17.4390945 24.9785328 0.884256005
v 17.4997063 24.9878216 0.974933982
v 17.4962578 24.9708347 0.974933982
v 17.5714588 24.9693375 1.00446129
v 17.5695343 24.9598637 1.00446129
v 17.6593246 24.9475803 0.969901741
v 17.658926 24.9456215 0.969901741
v 17.1850548 25.1568413 0.360000014
v 17.2264175 25.1324863 0.360000014
v 17.1967087 25.1690807 0.480876535
v 17.2314663 25.1486168 0.480876535
v 17.2250671 25.2096882 0.589732826
v 17.2532177 25.1931152 0.589732826
v 17.2701283 25.2786674 0.675743818
v 17.2916718 25.2659836 0.675743818
v 17.3318939 25.3760147 0.730356455
v 17.3468304 25.3672199 0.730356455
v 17.4103622 25.50173 0.748139918
v 17.4186916 25.4968262 0.748139918
v 17.5055332 25.655817 0.727325678
v 17.5072556 25.6548023 0.727325678
v 17.1818695 25.0956688 0.360000014
v 17.2055531 25.0539169 0.360000014
v 17.1957836 25.0991535 0.547859967
v 17.2156811 25.0640697 0.547859967
v 17.2337379 25.1162739 0.717038691
v 17.249855 25.0878601 0.717038691
v 17.2957344 25.1470337 0.850712478
v 17.3080692 25.125288 0.850712478
v 17.381773 25.1914291 0.935588598
v 17.3903255 25.1763515 0.935588598
v 17.4918556 25.2494602 0.963226676
v 17.496624 25.2410526 0.963226676
v 17.6259785 25.3211308 0.930878341
v 17.6269646 25.3193913 0.930878341
v 16.9482212 24.9095573 0.360000014
v 16.924778 24.9514427 0.360000014
v 16.9406319 24.9097023 0.479357004
v 16.9209328 24.9448986 0.479357004
v 16.9216099 24.9034481 0.586844862
v 16.9056549 24.9319534 0.586844862
v 16.8911552 24.8907948 0.671774626
v 16.8789444 24.912611 0.671774626
v 16.849268 24.8717442 0.725700736
v 16.8408012 24.8868694 0.725700736
v 16.7959461 24.8462906 0.743260622
v 16.7912254 24.8547268 0.743260622
v 16.7311916 24.8144398 0.722708046
v 16.7302151 24.816185 0.722708046
v 17.3225155 25.2767086 0.360000014
v 17.3581295 25.2445259 0.360000014
v 17.3337002 25.2833672 0.543479443
v 17.3636246 25.2563248 0.543479443
v 17.3615627 25.3084831 0.708713233
v 17.3857994 25.286581 0.708713233
v 17.406105 25.3520565 0.839270055
v 17.424654 25.3352966 0.839270055
v 17.4673252 25.4140892 0.922167063
v 17.4801865 25.4024677 0.922167063
v 17.5452271 25.4945793 0.949160635
v 17.5523987 25.4880981 0.949160635
v 17.6398067 25.5935249 0.917566597
v 17.6412907 25.5921841 0.917566597
v 16.7827682 24.9023132 0.360000014
v 16.7675915 24.9478493 0.360000014
v 16.7660427 24.9007797 0.47964865
v 16.7532902 24.939043 0.47964865
v 16.7182961 24.8889065 0.587399125
v 16.7079678 24.9198971 0.587399125
v 16.6395226 24.8666935 0.672536433
v 16.6316185 24.8904114 0.672536433
v 16.529726 24.8341427 0.726594269
v 16.5242462 24.8505859 0.726594269
v 16.3889065 24.7912502 0.744197071
v 16.385849 24.8004208 0.744197071
v 16.2170601 24.7380199 0.723594308
v 16.2164288 24.7399178 0.723594308
v 17.1579685 24.942215 0.360000014
v 17.1105099 24.9493942 0.360000014
v 17.1516666 24.9261799 0.566459715
v 17.1117878 24.9322128 0.566459715
v 17.1403389 24.8769283 0.752388477
v 17.1080399 24.881813 0.752388477
v 17.1239872 24.7944584 0.899297178
v 17.0992699 24.7981968 0.899297178
v 17.1026115 24.6787701 0.992576718
v 17.085474 24.6813641 0.992576718
v 17.0762119 24.5298672 1.02295125
v 17.0666523 24.5313129 1.02295125
v 17.0447865 24.3477459 0.987400115
v 17.0428085 24.3480434 0.987400115
v 17.039278 24.8721237 0.360000014
v 17.0017014 24.9019909 0.360000014
v 17.0297966 24.8663578 0.576347172
v 16.9982224 24.8914528 0.576347172
v 17.0073586 24.8442879 0.771180212
v 16.9817867 24.8646126 0.771180212
v 16.971962 24.8059139 0.925124407
v 16.9523926 24.8214703 0.925124407
v 16.9236088 24.7512379 1.02287114
v 16.910038 24.7620239 1.02287114
v 16.8622952 24.6802578 1.05470037
v 16.8547268 24.6862736 1.05470037
v 16.7880249 24.5929756 1.01744664
v 16.786459 24.5942192 1.01744664
v 17.081665 25.0987568 0.360000014
v 17.1195507 25.1282291 0.360000014
v 17.0802059 25.1068745 0.487435311
v 17.1120415 25.1316395 0.487435311
v 17.0697803 25.1265202 0.602198124
v 17.0955639 25.1465778 0.602198124
v 17.0503845 25.1576958 0.692876101
v 17.070116 25.1730461 0.692876101
v 17.0220203 25.2003994 0.750451982
v 17.0357018 25.2110424 0.750451982
v 16.9846897 25.254631 0.769200385
v 16.9923191 25.2605667 0.769200385
v 16.9383888 25.3203926 0.747256756
v 16.9399681 25.3216209 0.747256756
v 17.4855499 24.9863701 0.360000014
v 17.4733143 24.9399548 0.360000014
v 17.498333 24.9790363 0.486198276
v 17.4880524 24.9400349 0.486198276
v 17.5386353 24.9644489 0.599847078
v 17.5303097 24.9328613 0.599847078
v 17.6064606 24.942606 0.689644873
v 17.6000881 24.9184322 0.689644873
v 17.7018051 24.9135094 0.746661901
v 17.6973877 24.8967476 0.746661901
v 17.8246708 24.8771572 0.765228271
v 17.8222065 24.8678112 0.765228271
v 17.9750557 24.8335514 0.74349767
v 17.9745464 24.8316193 0.74349767
v 17.108881 24.7641411 0.360000014
v 17.0621014 24.7749004 0.360000014
v 17.1034069 24.7574406 0.562037289
v 17.0640984 24.7664814 0.562037289
v 17.0944538 24.7356205 0.743983507
v 17.0626183 24.7429428 0.743983507
v 17.0820255 24.698679 0.887745321
v 17.0576611 24.7042828 0.887745321
v 17.0661182 24.6466198 0.979026854
v 17.0492249 24.6505051 0.979026854
v 17.0467339 24.5794392 1.00875068
v 17.0373135 24.5816059 1.00875068
v 17.0238724 24.497139 0.973961115
v 17.0219231 24.4975872 0.973961115
v 17.1771984 24.6878605 0.360000014
v 17.1292 24.6874371 0.360000014
v 17.1734505 24.6781254 0.503744662
v 17.1331196 24.6777687 0.503744662
v 17.1698742 24.6489868 0.633194983
v 17.1372089 24.6486988 0.633194983
v 17.1664696 24.6004448 0.735478103
v 17.1414719 24.6002235 0.735478103
v 17.1632366 24.5324993 0.800422728
v 17.1459045 24.5323467 0.800422728
v 17.1601753 24.4451504 0.821570516
v 17.1505089 24.4450645 0.821570516
v 17.1572838 24.338398 0.796818554
v 17.155283 24.3383808 0.796818554
v 17.1076756 24.7538452 0.360000014
v 17.0608559 24.7644272 0.360000014
v 17.1004772 24.7393856 0.563614249
v 17.0611362 24.7482777 0.563614249
v 17.0863628 24.6943169 0.746980608
v 17.0544987 24.7015171 0.746980608
v 17.0653286 24.618639 0.891864538
v 17.0409431 24.6241493 0.891864538
v 17.0373783 24.5123501 0.983858526
v 17.0204716 24.5161705 0.983858526
v 17.0025101 24.375452 1.01381445
v 16.9930801 24.3775826 1.01381445
v 16.9607239 24.2079449 0.978753269
v 16.9587727 24.2083855 0.978753269
v 17.0457993 24.8872223 0.360000014
v 17.0088978 24.9179211 0.360000014
v 17.034729 24.8799095 0.553268313
v 17.0037212 24.9057045 0.553268313
v 17.00741 24.8530655 0.727317572
v 16.9822979 24.8739586 0.727317572
v 16.9638443 24.806694 0.864839792
v 16.9446259 24.8226833 0.864839792
v 16.9040318 24.7407913 0.952159405
v 16.890707 24.7518768 0.952159405
v 16.8279724 24.6553612 0.980593204
v 16.8205414 24.6615429 0.980593204
v 16.7356663 24.5503998 0.947313547
v 16.734129 24.5516777 0.947313547
v 16.9452705 24.7292042 0.360000014
v 16.906517 24.7575283 0.360000014
v 16.9372978 24.7247925 0.580869377
v 16.9047337 24.7485905 0.580869377
v 16.9195671 24.7070293 0.779774904
v 16.8931942 24.726305 0.779774904
v 16.8920803 24.6759167 0.936936975
v 16.8718967 24.6906681 0.936936975
v 16.8548374 24.6314545 1.03672683
v 16.8408432 24.6416836 1.03672683
v 16.8078365 24.5736427 1.06922138
v 16.8000317 24.5793476 1.06922138
v 16.7510796 24.5024815 1.03118896
v 16.7494659 24.5036621 1.03118896
v 17.1442261 24.8648262 0.360000014
v 17.0968475 24.8725243 0.360000014
v 17.1384754 24.8533363 0.563180983
v 17.0986652 24.8598061 0.563180983
v 17.1287918 24.8176365 0.74615711
v 17.0965481 24.822876 0.74615711
v 17.1151733 24.7577286 0.890732765
v 17.090498 24.7617378 0.890732765
v 17.0976219 24.6736107 0.982530951
v 17.080513 24.6763916 0.982530951
v 17.0761375 24.5652847 1.01242304
v 17.066597 24.5668354 1.01242304
v 17.0507183 24.4327488 0.977436543
v 17.0487442 24.4330692 0.977436543
v 16.9226208 24.8243618 0.360000014
v 16.8914585 24.8608723 0.360000014
v 16.9092808 24.8180161 0.514043272
v 16.8830967 24.8486938 0.514043272
v 16.874239 24.7931442 0.652768075
v 16.8530293 24.8179893 0.652768075
v 16.8174915 24.7497482 0.762379289
v 16.8012619 24.7687626 0.762379289
v 16.7390442 24.6878262 0.831976831
v 16.7277908 24.7010098 0.831976831
v 16.6388912 24.6073799 0.854639769
v 16.632616 24.6147327 0.854639769
v 16.5170364 24.5084076 0.82811445
v 16.5157375 24.5099297 0.82811445
v 17.2222843 25.435564 0.360000014
v 17.2688313 25.4238491 0.360000014
v 17.228878 25.446064 0.552241683
v 17.267992 25.4362202 0.552241683
v 17.24123 25.4794369 0.725366294
v 17.2729092 25.4714642 0.725366294
v 17.2593384 25.5356808 0.862157941
v 17.2835827 25.5295792 0.862157941
v 17.2832012 25.6147976 0.94901371
v 17.3000107 25.6105671 0.94901371
v 17.3128204 25.7167854 0.977296472
v 17.3221951 25.714426 0.977296472
v 17.348196 25.8416462 0.944193602
v 17.3501358 25.8411579 0.944193602
v 17.2265644 25.0808907 0.360000014
v 17.2308083 25.0330791 0.360000014
v 17.2411709 25.0783386 0.55488652
v 17.2447357 25.0381622 0.55488652
v 17.2843094 25.0783195 0.730392992
v 17.2871971 25.0457802 0.730392992
v 17.3559799 25.0808334 0.869066656
v 17.3581905 25.0559311 0.869066656
v 17.4561844 25.0858784 0.957117379
v 17.4577179 25.0686131 0.957117379
v 17.5849228 25.0934582 0.98578918
v 17.5857773 25.083828 0.98578918
v 17.7421932 25.103569 0.95223093
v 17.7423706 25.1015759 0.95223093
v 17.2510948 25.2688866 0.360000014
v 17.2924519 25.2445221 0.360000014
v 17.2607193 25.2776737 0.504911721
v 17.2954712 25.2572002 0.504911721
v 17.2829914 25.3079262 0.635413051
v 17.3111382 25.2913456 0.635413051
v 17.3179092 25.3596458 0.738526583
v 17.3394489 25.3469563 0.738526583
v 17.3654728 25.4328308 0.80399847
v 17.3804073 25.4240322 0.80399847
v 17.4256821 25.5274811 0.825317979
v 17.4340115 25.5225735 0.825317979
v 17.4985371 25.6435966 0.800365031
v 17.5002613 25.6425819 0.800365031
v 16.9937916 24.7567692 0.360000014
v 16.9531689 24.7823391 0.360000014
v 16.9868546 24.752943 0.492854238
v 16.9527187 24.7744274 0.492854238
v 16.9725266 24.7373772 0.612497091
v 16.9448814 24.7547798 0.612497091
v 16.9508133 24.7100754 0.707031012
v 16.9296551 24.7233925 0.707031012
v 16.921711 24.6710358 0.767055213
v 16.9070415 24.6802692 0.767055213
v 16.8852215 24.6202583 0.786600828
v 16.8770409 24.6254082 0.786600828
v 16.8413429 24.5577431 0.763724148
v 16.8396511 24.5588074 0.763724148
v 16.8888397 24.8694973 0.360000014
v 16.8646107 24.9109344 0.360000014
v 16.880518 24.869072 0.540496171
v 16.8601589 24.9038906 0.540496171
v 16.8594246 24.8611794 0.703043342
v 16.8429356 24.8893795 0.703043342
v 16.8255577 24.8458176 0.831477404
v 16.8129387 24.8673992 0.831477404
v 16.7789173 24.8229885 0.913026512
v 16.7701683 24.8379517 0.913026512
v 16.7195053 24.7926903 0.939581215
v 16.7146263 24.8010349 0.939581215
v 16.6473217 24.7549248 0.90850085
v 16.6463127 24.7566509 0.90850085
v 17.3465824 25.1532917 0.360000014
v 17.3641853 25.1086369 0.360000014
v 17.363266 25.1557484 0.527908325
v 17.3780575 25.118227 0.527908325
v 17.4105091 25.1702518 0.679119408
v 17.4224892 25.1398621 0.679119408
v 17.4883099 25.1968021 0.798596442
v 17.4974785 25.1735439 0.798596442
v 17.5966663 25.2353973 0.874458253
v 17.6030235 25.2192726 0.874458253
v 17.7355824 25.2860394 0.899161041
v 17.7391281 25.2770462 0.899161041
v 17.905056 25.3487282 0.870248258
v 17.9057903 25.3468666 0.870248258
v 16.9521713 25.2915382 0.360000014
v 16.9915352 25.3190079 0.360000014
v 16.9500694 25.3012505 0.469026506
v 16.9831448 25.3243332 0.469026506
v 16.9374714 25.3260002 0.567211092
v 16.9642601 25.344696 0.567211092
v 16.9143791 25.3657875 0.644790113
v 16.9348812 25.3800945 0.644790113
v 16.8807945 25.4206123 0.694048822
v 16.8950081 25.4305325 0.694048822
v 16.8367138 25.4904728 0.710088909
v 16.8446407 25.496006 0.710088909
v 16.7821407 25.5753727 0.691315174
v 16.7837811 25.5765171 0.691315174
v 10.0974665 24.4390087 0.360000014
v 10.0499582 24.4321575 0.360000014
v 10.0946617 24.4316063 0.521541476
v 10.0547409 24.4258499 0.521541476
v 10.0938339 24.4104919 0.667018831
v 10.0615015 24.4058285 0.667018831
v 10.0949831 24.3756657 0.781965435
v 10.0702391 24.372097 0.781965435
v 10.0981102 24.3271294 0.854950726
v 10.0809546 24.3246555 0.854950726
v 10.1032152 24.2648811 0.878716767
v 10.093648 24.2635021 0.878716767
v 10.1102972 24.188921 0.850900292
v 10.1083183 24.1886349 0.850900292
v 10.0219717 24.3666153 0.360000014
v 9.9751482 24.3771744 0.360000014
v 10.0148039 24.352253 0.581339002
v 9.97545815 24.3611259 0.581339002
v 10.0007782 24.3074837 0.780667484
v 9.96891117 24.3146687 0.780667484
v 9.97989464 24.2323036 0.938163698
v 9.95550728 24.2378025 0.938163698
v 9.95215321 24.1267147 1.03816581
v 9.93524456 24.1305275 1.03816581
v 9.91755486 23.9907169 1.07072937
v 9.90812492 23.9928436 1.07072937
v 9.87609863 23.8243103 1.03261614
v 9.87414837 23.824749 1.03261614
v 10.0772667 24.6806984 0.360000014
v 10.1165695 24.6531429 0.360000014
v 10.0875683 24.6887131 0.507967532
v 10.1205931 24.6655598 0.507967532
v 10.1121931 24.7171593 0.641220808
v 10.1389408 24.6984062 0.641220808
v 10.151144 24.7660389 0.746508777
v 10.1716137 24.7516861 0.746508777
v 10.2044191 24.8353481 0.813361287
v 10.2186117 24.8253975 0.813361287
v 10.2720184 24.9250889 0.835130334
v 10.2799339 24.9195404 0.835130334
v 10.3539429 25.0352612 0.809651256
v 10.3555803 25.0341129 0.809651256
v 9.95818424 24.8382149 0.360000014
v 10.0043964 24.8511925 0.360000014
v 9.95804787 24.8528805 0.538567305
v 9.99687958 24.8637829 0.538567305
v 9.95025921 24.8948002 0.699377358
v 9.98170948 24.9036293 0.699377358
v 9.93481731 24.963974 0.826438904
v 9.95888615 24.9707336 0.826438904
v 9.91172218 25.0604057 0.907116473
v 9.92840958 25.0650921 0.907116473
v 9.88097382 25.1840916 0.933387399
v 9.89028072 25.1867046 0.933387399
v 9.84257317 25.3350353 0.90263921
v 9.84449863 25.3355751 0.90263921
v 10.2936134 24.6357784 0.360000014
v 10.2959261 24.5878334 0.360000014
v 10.3004837 24.6322708 0.482316494
v 10.3024263 24.5919838 0.482316494
v 10.3207245 24.6294098 0.592469513
v 10.322299 24.5967808 0.592469513
v 10.3543377 24.6271935 0.679505169
v 10.3555422 24.6022224 0.679505169
v 10.4013205 24.6256218 0.734768391
v 10.4021559 24.6083088 0.734768391
v 10.4616756 24.6246948 0.752763629
v 10.462141 24.6150398 0.752763629
v 10.5354013 24.6244125 0.731701493
v 10.5354977 24.6224155 0.731701493
v 9.76868629 24.4740772 0.360000014
v 9.75254631 24.5192814 0.360000014
v 9.75780964 24.4742641 0.485797912
v 9.74424744 24.512249 0.485797912
v 9.72775841 24.4676037 0.599086165
v 9.71677494 24.4983692 0.599086165
v 9.6785326 24.4540997 0.68859905
v 9.67012691 24.477644 0.68859905
v 9.61013222 24.4337482 0.745435178
v 9.60430336 24.4500713 0.745435178
v 9.5225563 24.4065495 0.763942659
v 9.51930618 24.4156532 0.763942659
v 9.41580677 24.3725071 0.74228102
v 9.41513348 24.3743896 0.74228102
v 9.88819027 24.3100853 0.360000014
v 9.84807682 24.3364468 0.360000014
v 9.87588692 24.2983437 0.557750881
v 9.84218025 24.3204937 0.557750881
v 9.84538269 24.2589073 0.735836923
v 9.81808376 24.2768478 0.735836923
v 9.79667854 24.1917763 0.876548767
v 9.7757864 24.2055073 0.876548767
v 9.72977448 24.0969524 0.965893626
v 9.71528912 24.106472 0.965893626
v 9.64467049 23.9744358 0.994986892
v 9.63659191 23.979744 0.994986892
v 9.54136562 23.8242226 0.960935354
v 9.53969479 23.8253212 0.960935354
v 9.9503088 24.280632 0.360000014
v 9.90563297 24.2981853 0.360000014
v 9.94243908 24.2710857 0.475619584
v 9.9048996 24.2858353 0.475619584
v 9.92596626 24.2396393 0.579741657
v 9.89556217 24.251585 0.579741657
v 9.9008894 24.1862965 0.662012041
v 9.8776207 24.1954384 0.662012041
v 9.86720848 24.1110554 0.714249551
v 9.85107613 24.1173935 0.714249551
v 9.82492447 24.013916 0.731259584
v 9.81592751 24.0174503 0.731259584
v 9.77403736 23.8948765 0.71135056
v 9.77217579 23.8956089 0.71135056
v 10.1294718 24.3012848 0.360000014
v 10.0822668 24.2925835 0.360000014
v 10.1272507 24.2921906 0.570429802
v 10.0875854 24.2848778 0.570429802
v 10.1281261 24.2662964 0.759933889
v 10.0960007 24.2603741 0.759933889
v 10.1320982 24.2236023 0.909667552
v 10.1075125 24.2190685 0.909667552
v 10.1391687 24.1641064 1.00474083
v 10.1221218 24.160965 1.00474083
v 10.1493349 24.0878124 1.03569937
v 10.1398287 24.0860596 1.03569937
v 10.1625986 23.9947186 0.999464631
v 10.1606321 23.9943562 0.999464631
v 10.2982893 24.7544842 0.360000014
v 10.3202162 24.7117863 0.360000014
v 10.3137264 24.7581024 0.522754729
v 10.3321514 24.7222233 0.522754729
v 10.3565369 24.7757778 0.669324636
v 10.37146 24.7467194 0.669324636
v 10.4267206 24.8075104 0.785134554
v 10.4381409 24.7852726 0.785134554
v 10.5242777 24.8533001 0.85866797
v 10.532196 24.8378811 0.85866797
v 10.6492071 24.913147 0.882612586
v 10.6536226 24.9045467 0.882612586
v 10.8015099 24.9870491 0.854587197
v 10.8024235 24.9852715 0.854587197
v 9.85764408 24.779377 0.360000014
v 9.89344692 24.811348 0.360000014
v 9.85168457 24.7918053 0.551410794
v 9.88176918 24.8186703 0.551410794
v 9.82808685 24.823988 0.723787248
v 9.85245323 24.8457451 0.723787248
v 9.78685188 24.8759193 0.859987736
v 9.80549908 24.8925724 0.859987736
v 9.72797775 24.9476051 0.946468115
v 9.74090672 24.9591503 0.946468115
v 9.65146637 25.0390415 0.974628568
v 9.6586771 25.0454807 0.974628568
v 9.55731678 25.1502304 0.941668808
v 9.55880928 25.1515617 0.941668808
v 10.0886374 24.4683323 0.360000014
v 10.040926 24.4630795 0.360000014
v 10.086587 24.4519272 0.57323885
v 10.0464954 24.4475136 0.57323885
v 10.0880547 24.4035511 0.765272737
v 10.055584 24.3999767 0.765272737
v 10.0930424 24.3232059 0.917005181
v 10.0681925 24.3204708 0.917005181
v 10.1015482 24.2108879 1.01334763
v 10.0843191 24.208992 1.01334763
v 10.1135731 24.0666008 1.04471946
v 10.1039648 24.0655422 1.04471946
v 10.129118 23.8903427 1.00800097
v 10.1271296 23.8901234 1.00800097
v 9.99428844 24.6374149 0.360000014
v 10.0335302 24.6650562 0.360000014
v 9.98876286 24.6519146 0.562834442
v 10.0217371 24.6751423 0.562834442
v 9.96591854 24.6910019 0.745498419
v 9.99262428 24.7098141 0.745498419
v 9.9257555 24.7546749 0.88982749
v 9.9461937 24.7690716 0.88982749
v 9.86827374 24.8429337 0.981469154
v 9.88244438 24.8529148 0.981469154
v 9.79347324 24.9557781 1.01131022
v 9.80137634 24.9613457 1.01131022
v 9.70135403 25.0932083 0.976383388
v 9.70298862 25.0943604 0.976383388
v 10.1884212 24.4954586 0.360000014
v 10.1544724 24.4615269 0.360000014
v 10.1959877 24.4824657 0.550754845
v 10.1674604 24.4539528 0.550754845
v 10.2241087 24.4489079 0.722540557
v 10.201005 24.4258156 0.722540557
v 10.2727852 24.3947849 0.858274281
v 10.2551031 24.3771114 0.858274281
v 10.3420172 24.320097 0.944458306
v 10.3297577 24.3078442 0.944458306
v 10.4318037 24.224844 0.972522259
v 10.4249659 24.2180099 0.972522259
v 10.5421448 24.109024 0.939675391
v 10.5407305 24.1076107 0.939675391
v 10.1212778 24.6665211 0.360000014
v 10.1443815 24.6244469 0.360000014
v 10.1326952 24.668417 0.484060884
v 10.1521091 24.6330624 0.484060884
v 10.1632566 24.6808262 0.595784843
v 10.1789799 24.6521912 0.595784843
v 10.2129612 24.7037468 0.684061706
v 10.2249947 24.6818333 0.684061706
v 10.2818108 24.7371807 0.74011308
v 10.2901535 24.7219868 0.74011308
v 10.3698044 24.781126 0.758364975
v 10.3744574 24.7726536 0.758364975
v 10.4769421 24.8355846 0.737002432
v 10.4779043 24.8338318 0.737002432
v 10.2915878 24.5042477 0.360000014
v 10.2698565 24.4614487 0.360000014
v 10.2966566 24.4973755 0.542075396
v 10.2783966 24.4614124 0.542075396
v 10.3153334 24.483593 0.706044793
v 10.3005438 24.4544659 0.706044793
v 10.3476171 24.4629021 0.835602522
v 10.3362989 24.4406109 0.835602522
v 10.3935099 24.4353008 0.917865157
v 10.3856621 24.4198456 0.917865157
v 10.4530096 24.4007893 0.9446522
v 10.4486332 24.39217 0.9446522
v 10.5261183 24.3593693 0.913299918
v 10.5252123 24.3575859 0.913299918
v 10.2017775 24.5336723 0.360000014
v 10.1763868 24.492939 0.360000014
v 10.2072811 24.5257244 0.541627049
v 10.1859455 24.491497 0.541627049
v 10.2278471 24.5083885 0.705192626
v 10.2105665 24.4806671 0.705192626
v 10.2634745 24.4816628 0.834431291
v 10.2502499 24.4604473 0.834431291
v 10.3141642 24.445549 0.91649133
v 10.3049955 24.4308395 0.91649133
v 10.3799171 24.4000473 0.94321245
v 10.3748035 24.3918438 0.94321245
v 10.4607315 24.3451557 0.911937356
v 10.4596729 24.3434582 0.911937356
v 10.0651588 24.8601532 0.360000014
v 10.1126175 24.8529587 0.360000014
v 10.0702772 24.8683357 0.568669498
v 10.1101551 24.8622913 0.568669498
v 10.0780497 24.8940353 0.756588399
v 10.1103468 24.8891392 0.756588399
v 10.0884771 24.9372482 0.90506953
v 10.1131945 24.9335022 0.90506953
v 10.1015587 24.9979782 0.999347448
v 10.1186972 24.9953804 0.999347448
v 10.1172962 25.0762234 1.03004706
v 10.1268539 25.0747757 1.03004706
v 10.1356888 25.1719837 0.994115412
v 10.1376657 25.1716843 0.994115412
v 10.0230179 24.3390865 0.360000014
v 9.97592449 24.3483715 0.360000014
v 10.017581 24.3313255 0.536794186
v 9.97800922 24.3391285 0.536794186
v 10.008791 24.3065624 0.69600749
v 9.97674179 24.3128815 0.69600749
v 9.99664879 24.2647972 0.821807384
v 9.97212124 24.2696323 0.821807384
v 9.98115444 24.2060261 0.901683927
v 9.96414852 24.2093792 0.901683927
v 9.96230793 24.1302547 0.927693963
v 9.95282364 24.1321239 0.927693963
v 9.9401083 24.0374775 0.89725107
v 9.93814564 24.0378647 0.89725107
v 10.1774282 24.7703495 0.360000014
v 10.2123756 24.7374458 0.360000014
v 10.1876411 24.7756042 0.487309009
v 10.2170067 24.7479553 0.487309009
v 10.212698 24.7966251 0.601958096
v 10.2364807 24.774231 0.601958096
v 10.2525978 24.8334103 0.692546248
v 10.2707996 24.8162727 0.692546248
v 10.3073416 24.8859596 0.750065088
v 10.3199615 24.8740788 0.750065088
v 10.3769302 24.954277 0.768794894
v 10.3839684 24.947649 0.768794894
v 10.4613619 25.0383568 0.746873021
v 10.4628181 25.0369873 0.746873021
v 9.89809704 24.6563416 0.360000014
v 9.92127132 24.6983757 0.360000014
v 9.8920536 24.6640491 0.475715101
v 9.91152668 24.6993713 0.475715101
v 9.87022305 24.6804619 0.579923153
v 9.88599396 24.7090702 0.579923153
v 9.83260441 24.7055798 0.662261546
v 9.84467411 24.7274723 0.662261546
v 9.77919865 24.7394009 0.71454221
v 9.78756714 24.7545795 0.71454221
v 9.71000481 24.7819252 0.73156625
v 9.71467209 24.79039 0.73156625
v 9.62502289 24.8331547 0.711640835
v 9.62598896 24.8349056 0.711640835
v 10.1839132 24.7759457 0.360000014
v 10.2187271 24.7429028 0.360000014
v 10.1913242 24.7781868 0.514922261
v 10.2205782 24.7504196 0.514922261
v 10.2079992 24.7901859 0.654438615
v 10.2316923 24.7676983 0.654438615
v 10.2339373 24.811945 0.76467526
v 10.2520695 24.794735 0.76467526
v 10.2691374 24.843462 0.834669948
v 10.2817097 24.8315296 0.834669948
v 10.3136015 24.8847389 0.857462168
v 10.320612 24.8780842 0.857462168
v 10.3673277 24.9357758 0.830785513
v 10.3687782 24.9343987 0.830785513
v 10.2736406 24.3686466 0.360000014
v 10.2367363 24.3379536 0.360000014
v 10.2806711 24.3541985 0.570888817
v 10.2496624 24.3284073 0.570888817
v 10.3076591 24.3157558 0.760806262
v 10.2825441 24.2948685 0.760806262
v 10.3546028 24.2533207 0.910866559
v 10.3353825 24.2373352 0.910866559
v 10.421504 24.1668911 1.00614715
v 10.4081774 24.1558075 1.00614715
v 10.5083609 24.0564671 1.03717327
v 10.5009289 24.0502853 1.03717327
v 10.6151743 23.9220486 1.0008595
v 10.613637 23.9207706 1.0008595
v 10.3066502 24.4604759 0.360000014
v 10.2803373 24.420332 0.360000014
v 10.3168535 24.4492054 0.557609677
v 10.2947426 24.415472 0.557609677
v 10.3516655 24.4218044 0.735568523
v 10.3337584 24.3944836 0.735568523
v 10.4110861 24.378273 0.876179814
v 10.3973818 24.3573647 0.876179814
v 10.4951172 24.3186131 0.965460896
v 10.4856148 24.3041172 0.965460896
v 10.603756 24.2428226 0.99453336
v 10.5984573 24.2347374 0.99453336
v 10.7370043 24.1509018 0.960506141
v 10.7359085 24.149229 0.960506141
v 10.2919025 24.3791866 0.360000014
v 10.2570314 24.3462009 0.360000014
v 10.2956476 24.369648 0.560946703
v 10.266346 24.3419323 0.560946703
v 10.3124542 24.346302 0.741910696
v 10.288722 24.3238544 0.741910696
v 10.3423204 24.3091488 0.884896517
v 10.3241587 24.2919693 0.884896517
v 10.3852472 24.2581882 0.975685298
v 10.3726549 24.2462769 0.975685298
v 10.4412355 24.1934204 1.00524867
v 10.4342127 24.1867771 1.00524867
v 10.5102835 24.1148434 0.970646858
v 10.508831 24.1134701 0.970646858
v 10.3412781 24.6500721 0.360000014
v 10.345542 24.6022625 0.360000014
v 10.3567963 24.6476078 0.559033632
v 10.3603792 24.6074333 0.559033632
v 10.4026709 24.64785 0.738274813
v 10.4055729 24.6153126 0.738274813
v 10.4789019 24.6508007 0.879899323
v 10.481122 24.6259003 0.879899323
v 10.5854883 24.6564579 0.969823778
v 10.5870275 24.6391926 0.969823778
v 10.7224312 24.6648216 0.999105692
v 10.7232895 24.6551933 0.999105692
v 10.8897295 24.6758938 0.964833319
v 10.8899078 24.6739025 0.964833319
v 10.133872 24.4531078 0.360000014
v 10.0892334 24.435463 0.360000014
v 10.1328173 24.4453487 0.475315958
v 10.0953083 24.430521 0.475315958
v 10.1367826 24.4248886 0.579164565
v 10.1064034 24.4128799 0.579164565
v 10.1457691 24.3917274 0.661218882
v 10.1225195 24.3825378 0.661218882
v 10.1597757 24.3458672 0.713319242
v 10.1436558 24.3394947 0.713319242
v 10.1788025 24.2873058 0.730284572
v 10.1698122 24.2837524 0.730284572
v 10.2028494 24.2160435 0.71042788
v 10.2009897 24.2153072 0.71042788
v 10.3320217 24.7706604 0.360000014
v 10.353816 24.7278938 0.360000014
v 10.3476257 24.7743111 0.566452682
v 10.3659391 24.7383747 0.566452682
v 10.3909559 24.7920895 0.752375185
v 10.4057884 24.7629852 0.752375185
v 10.4620142 24.8239994 0.89927882
v 10.4733648 24.8017254 0.89927882
v 10.5607986 24.8700409 0.992555201
v 10.5686684 24.8545971 0.992555201
v 10.6873093 24.9302101 1.02292871
v 10.6916981 24.9215984 1.02292871
v 10.841547 25.0045109 0.987378776
v 10.8424549 25.0027294 0.987378776
v 9.9827919 24.4294567 0.360000014
v 9.9408226 24.4527512 0.360000014
v 9.97527599 24.4238148 0.575338483
v 9.94001102 24.443388 0.575338483
v 9.95943356 24.4031696 0.769263148
v 9.93087196 24.4190235 0.769263148
v 9.93526363 24.3675232 0.922489643
v 9.91340542 24.3796558 0.922489643
v 9.90276623 24.3168716 1.01978064
v 9.88761139 24.3252831 1.01978064
v 9.86194229 24.2512169 1.05146146
v 9.85348988 24.255909 1.05146146
v 9.81278992 24.1705589 1.01438141
v 9.81104183 24.1715298 1.01438141
v 10.2033882 24.6370964 0.360000014
v 10.2074451 24.5892677 0.360000014
v 10.2129402 24.6340599 0.517943025
v 10.2163496 24.5938702 0.517943025
v 10.2409496 24.6325874 0.660179794
v 10.2437105 24.6000385 0.660179794
v 10.2874146 24.6326828 0.772565901
v 10.2895269 24.6077709 0.772565901
v 10.3523359 24.6343422 0.843925357
v 10.3538008 24.6170712 0.843925357
v 10.4357147 24.6375656 0.867162049
v 10.4365311 24.6279335 0.867162049
v 10.537549 24.6423569 0.839965224
v 10.5377178 24.6403637 0.839965224
v 10.0449982 24.5409832 0.360000014
v 10.0029144 24.5640697 0.360000014
v 10.0386086 24.5373058 0.562791646
v 10.0032463 24.5567036 0.562791646
v 10.0261612 24.5225849 0.745417178
v 9.9975214 24.5382977 0.745417178
v 10.0076561 24.4968243 0.889715791
v 9.9857378 24.5088482 0.889715791
v 9.98309422 24.4600201 0.981338143
v 9.96789742 24.4683552 0.981338143
v 9.95247364 24.4121723 1.01117301
v 9.94399834 24.4168224 1.01117301
v 9.91579628 24.3532848 0.97625345
v 9.91404247 24.3542461 0.97625345
v 10.2426624 24.7287998 0.360000014
v 10.2650642 24.686348 0.360000014
v 10.2537079 24.7302933 0.550222337
v 10.2725306 24.694622 0.550222337
v 10.2832642 24.7415562 0.721528471
v 10.2985096 24.7126637 0.721528471
v 10.3313322 24.7625847 0.856883287
v 10.3429995 24.7404747 0.856883287
v 10.397912 24.7933846 0.942826748
v 10.4060011 24.7780533 0.942826748
v 10.4830036 24.83395 0.97081238
v 10.4875154 24.8254013 0.97081238
v 10.586607 24.884285 0.938057244
v 10.5875406 24.882515 0.938057244
v 9.8868351 24.609026 0.360000014
v 9.89649677 24.656044 0.360000014
v 9.87208652 24.6159706 0.574813366
v 9.8802042 24.6554775 0.574813366
v 9.8262949 24.6292934 0.768265128
v 9.83286953 24.6612911 0.768265128
v 9.74946117 24.6489944 0.921117902
v 9.75449371 24.6734829 0.921117902
v 9.6415863 24.6750736 1.01817167
v 9.64507484 24.6920528 1.01817167
v 9.50266933 24.7075329 1.04977512
v 9.50461483 24.717001 1.04977512
v 9.33271027 24.7463703 1.01278555
v 9.33311272 24.7483292 1.01278555
v 10.2330656 24.5592117 0.360000014
v 10.2167177 24.514082 0.360000014
v 10.2479458 24.5497437 0.585560739
v 10.2342091 24.5118217 0.585560739
v 10.2951984 24.5285511 0.788691103
v 10.2840729 24.4978371 0.788691103
v 10.3748226 24.4956303 0.949191272
v 10.3663082 24.4721241 0.949191272
v 10.4868193 24.450983 1.05110085
v 10.480916 24.4346848 1.05110085
v 10.6311884 24.3946095 1.08428538
v 10.6278963 24.385519 1.08428538
v 10.807929 24.3265076 1.0454452
v 10.8072481 24.3246269 1.0454452
v 9.92722321 24.7906952 0.360000014
v 9.97010422 24.8122635 0.360000014
v 9.92520809 24.8032322 0.477003694
v 9.96124077 24.8213558 0.477003694
v 9.91231346 24.8374004 0.582372248
v 9.94149685 24.8520775 0.582372248
v 9.88854027 24.893198 0.665627539
v 9.91087437 24.9044304 0.665627539
v 9.85388851 24.9706268 0.718490422
v 9.86937332 24.9784145 0.718490422
v 9.80835629 25.0696831 0.735704064
v 9.81699276 25.074028 0.735704064
v 9.7519455 25.1903725 0.715556741
v 9.75373268 25.1912708 0.715556741
v 10.3403521 24.5520973 0.360000014
v 10.328702 24.5055313 0.360000014
v 10.3508329 24.5455227 0.505729854
v 10.3410435 24.5063953 0.505729854
v 10.3841352 24.5332394 0.636967957
v 10.3762064 24.5015488 0.636967957
v 10.440259 24.5152454 0.740663707
v 10.4341917 24.4909935 0.740663707
v 10.5192051 24.4915428 0.806505203
v 10.5149975 24.4747276 0.806505203
v 10.6209726 24.4621296 0.827945054
v 10.6186266 24.4527531 0.827945054
v 10.7455616 24.4270077 0.80285126
v 10.7450762 24.4250679 0.80285126
v 10.299161 24.6364059 0.360000014
v 10.3015413 24.5884647 0.360000014
v 10.3072405 24.6329689 0.485193074
v 10.3092413 24.5926838 0.485193074
v 10.3311005 24.6303158 0.597936571
v 10.3327217 24.5976887 0.597936571
v 10.3707409 24.6284466 0.68701911
v 10.3719807 24.6034775 0.68701911
v 10.4261608 24.6273613 0.743581951
v 10.427021 24.6100483 0.743581951
v 10.4973612 24.6270599 0.762000442
v 10.4978409 24.6174049 0.762000442
v 10.584341 24.6275406 0.740442932
v 10.5844402 24.6255436 0.740442932
v 10.2267733 24.5969486 0.360000014
v 10.2194376 24.5495129 0.360000014
v 10.2430239 24.5905571 0.54610765
v 10.2368603 24.5506973 0.54610765
v 10.2929468 24.5789585 0.713708222
v 10.2879543 24.5466747 0.713708222
v 10.3765421 24.5621529 0.846135199
v 10.3727217 24.5374451 0.846135199
v 10.4938097 24.5401382 0.930219591
v 10.4911604 24.5230103 0.930219591
v 10.6447496 24.5129185 0.957599819
v 10.6432724 24.5033665 0.957599819
v 10.8293619 24.4804916 0.925553203
v 10.8290558 24.4785156 0.925553203
v 9.80970669 24.7950287 0.360000014
v 9.84275436 24.8298397 0.360000014
v 9.80201817 24.8076115 0.579353333
v 9.82978725 24.8368626 0.579353333
v 9.77367496 24.8398056 0.776893616
v 9.79616642 24.8634968 0.776893616
v 9.72467804 24.8916054 0.932976902
v 9.74188995 24.9097366 0.932976902
v 9.65502548 24.9630146 1.03208196
v 9.66695976 24.9755859 1.03208196
v 9.56471825 25.0540333 1.06435335
v 9.57137394 25.0610428 1.06435335
v 9.45375633 25.1646595 1.026582
v 9.45513344 25.1661091 1.026582
v 10.2205219 24.8614769 0.360000014
v 10.2585926 24.832243 0.360000014
v 10.2304611 24.8681278 0.469092369
v 10.2624512 24.8435631 0.469092369
v 10.254199 24.8927479 0.567336321
v 10.2801085 24.8728523 0.567336321
v 10.2917356 24.9353371 0.644962192
v 10.3115644 24.9201107 0.644962192
v 10.34307 24.9958954 0.694250703
v 10.3568182 24.9853401 0.694250703
v 10.4082031 25.0744247 0.710300446
v 10.4158707 25.0685368 0.710300446
v 10.4871349 25.1709232 0.691515386
v 10.4887209 25.1697044 0.691515386
v 10.2751656 24.4900093 0.360000014
v 10.2500639 24.4490948 0.360000014
v 10.2849083 24.4795341 0.513347387
v 10.2638159 24.4451561 0.513347387
v 10.3181448 24.4546452 0.651445448
v 10.3010616 24.4268017 0.651445448
v 10.374876 24.4153404 0.760561466
v 10.3618021 24.3940315 0.760561466
v 10.455101 24.3616219 0.829844594
v 10.4460363 24.3468475 0.829844594
v 10.5588207 24.2934895 0.852405131
v 10.5537653 24.2852497 0.852405131
v 10.6860342 24.2109413 0.825999677
v 10.684988 24.2092361 0.825999677
v 10.3141375 24.698946 0.360000014
v 10.3270893 24.6527252 0.360000014
v 10.3274555 24.6986961 0.57631582
v 10.3383398 24.6598587 0.57631582
v 10.3653431 24.7053337 0.771120608
v 10.3741579 24.6738777 0.771120608
v 10.4277973 24.7188549 0.92504245
v 10.4345436 24.6947823 0.92504245
v 10.5148211 24.7392597 1.02277505
v 10.5194988 24.7225704 1.02277505
v 10.6264124 24.766552 1.05459952
v 10.6290216 24.7572441 1.05459952
v 10.7625723 24.8007278 1.01735127
v 10.7631121 24.7988014 1.01735127
v 9.73184013 24.6371098 0.360000014
v 9.74095821 24.6842365 0.360000014
v 9.71989346 24.6433258 0.539447129
v 9.72755432 24.6829243 0.539447129
v 9.6825943 24.6544456 0.701049566
v 9.68879986 24.6865177 0.701049566
v 9.61994457 24.6704712 0.82873714
v 9.62469387 24.6950169 0.82873714
v 9.53194332 24.6914024 0.909812272
v 9.53523636 24.7084198 0.909812272
v 9.4185915 24.7172356 0.936212599
v 9.42042732 24.7267265 0.936212599
v 9.27988815 24.7479763 0.905312896
v 9.28026772 24.749939 0.905312896
v 10.3301144 24.4293613 0.360000014
v 10.3022099 24.3903046 0.360000014
v 10.3382978 24.4188023 0.543637455
v 10.3148508 24.3859844 0.543637455
v 10.3673067 24.3933659 0.709013522
v 10.3483162 24.366785 0.709013522
v 10.417141 24.3530483 0.839682758
v 10.402607 24.3327084 0.839682758
v 10.4877987 24.2978535 0.922651112
v 10.4777222 24.2837505 0.922651112
v 10.5792818 24.2277794 0.94966799
v 10.5736628 24.2199154 0.94966799
v 10.6915903 24.142828 0.918046713
v 10.6904268 24.141201 0.918046713
v 9.95362854 24.8742619 0.360000014
v 10.0000725 24.8863811 0.360000014
v 9.95577145 24.8812313 0.546841562
v 9.99479771 24.8914146 0.546841562
v 9.95478153 24.9002037 0.71510309
v 9.98639011 24.908453 0.71510309
v 9.95066071 24.931181 0.848052263
v 9.97485065 24.9374924 0.848052263
v 9.94340706 24.9741592 0.932468235
v 9.96017838 24.9785366 0.932468235
v 9.93302155 25.0291405 0.959956527
v 9.94237423 25.0315819 0.959956527
v 9.91950321 25.0961266 0.927783489
v 9.92143822 25.096632 0.927783489
v 9.87520695 24.5548496 0.360000014
v 9.86948776 24.6025066 0.360000014
v 9.86113548 24.5570221 0.500541806
v 9.85632896 24.5970669 0.500541806
v 9.81983471 24.5559254 0.627107739
v 9.81594181 24.5883598 0.627107739
v 9.75130463 24.5515614 0.727111816
v 9.74832535 24.5763836 0.727111816
v 9.65554428 24.5439281 0.79060936
v 9.65347958 24.5611382 0.79060936
v 9.53255558 24.5330296 0.811285973
v 9.53140354 24.5426273 0.811285973
v 9.38233662 24.5188599 0.787085474
v 9.3820982 24.5208454 0.787085474
v 10.0363474 24.4688282 0.360000014
v 9.99030685 24.4824028 0.360000014
v 10.0302658 24.4617577 0.559516549
v 9.99157906 24.4731636 0.559516549
v 10.0193768 24.4383774 0.739192665
v 9.98804379 24.4476166 0.739192665
v 10.0036783 24.3986893 0.881160855
v 9.97969913 24.4057598 0.881160855
v 9.98317146 24.3426933 0.971303463
v 9.96654606 24.3475933 0.971303463
v 9.95785713 24.2703857 1.00065649
v 9.94858456 24.273119 1.00065649
v 9.92773342 24.1817703 0.966300905
v 9.92581463 24.1823368 0.966300905
v 9.83141804 24.8560848 0.360000014
v 9.87005615 24.8845654 0.360000014
v 9.82836151 24.8666916 0.489683688
v 9.86082745 24.8906231 0.489683688
v 9.81301785 24.8939667 0.6064713
v 9.83931255 24.9133511 0.6064713
v 9.78538895 24.9379101 0.698749185
v 9.80551243 24.9527435 0.698749185
v 9.74547482 24.9985199 0.757340968
v 9.75942707 25.0088043 0.757340968
v 9.6932745 25.0757961 0.776420116
v 9.70105553 25.0815315 0.776420116
v 9.62878799 25.1697407 0.754089355
v 9.6303978 25.170927 0.754089355
v 9.79369831 24.7099342 0.360000014
v 9.81634617 24.7522564 0.360000014
v 9.78915024 24.7167168 0.51541698
v 9.80817986 24.7522793 0.51541698
v 9.77188683 24.7303028 0.655378878
v 9.78730011 24.7591038 0.655378878
v 9.74190903 24.7506924 0.765967548
v 9.75370407 24.7727356 0.765967548
v 9.69921684 24.7778854 0.836185753
v 9.7073946 24.793169 0.836185753
v 9.64380932 24.8118839 0.85905081
v 9.64836979 24.8204079 0.85905081
v 9.57568741 24.8526859 0.832288921
v 9.57663155 24.8544502 0.832288921
v 10.1930895 24.8943195 0.360000014
v 10.2346029 24.870224 0.360000014
v 10.2011738 24.9006119 0.496801764
v 10.2360563 24.8803654 0.496801764
v 10.2187977 24.9233379 0.619999647
v 10.2470493 24.9069386 0.619999647
v 10.2459602 24.9624977 0.717342436
v 10.2675819 24.9499474 0.717342436
v 10.2826624 25.0180912 0.779150188
v 10.2976532 25.0093899 0.779150188
v 10.3289022 25.0901184 0.799276531
v 10.3372631 25.0852661 0.799276531
v 10.3846817 25.1785793 0.775720119
v 10.3864117 25.1775742 0.775720119
v 10.0436163 24.8777981 0.360000014
v 10.0915194 24.874752 0.360000014
v 10.0479221 24.885107 0.557335854
v 10.0881739 24.8825474 0.557335854
v 10.0531883 24.9075203 0.735048175
v 10.0857887 24.905447 0.735048175
v 10.0594149 24.9450359 0.875464678
v 10.0843649 24.9434509 0.875464678
v 10.0666018 24.9976578 0.96462208
v 10.0839005 24.9965572 0.96462208
v 10.0747499 25.065382 0.993654251
v 10.0843964 25.0647678 0.993654251
v 10.0838575 25.1482105 0.95967418
v 10.0858536 25.1480827 0.95967418
v 9.96355247 24.4952583 0.360000014
v 9.93251514 24.5318737 0.360000014
v 9.95333004 24.4916172 0.544809997
v 9.92724991 24.5223846 0.544809997
v 9.92761993 24.4748497 0.71124208
v 9.906497 24.4997673 0.71124208
v 9.88642216 24.444952 0.842745662
v 9.87025642 24.4640217 0.842745662
v 9.82973576 24.401926 0.926243782
v 9.81852818 24.4151478 0.926243782
v 9.75756264 24.3457718 0.953433156
v 9.75131226 24.3531456 0.953433156
v 9.66990185 24.2764893 0.921609998
v 9.66860867 24.2780151 0.921609998
v 10.3302174 24.5934086 0.360000014
v 10.3249846 24.5456963 0.360000014
v 10.3453341 24.5878944 0.487440348
v 10.3409367 24.547802 0.487440348
v 10.3915186 24.5789738 0.602207661
v 10.3879576 24.5465012 0.602207661
v 10.4687719 24.5666428 0.692889214
v 10.4660463 24.5417919 0.692889214
v 10.5770941 24.5509071 0.75046742
v 10.5752039 24.5336761 0.75046742
v 10.7164841 24.5317612 0.769216537
v 10.7154303 24.5221519 0.769216537
v 10.8869438 24.5092087 0.747272074
v 10.8867254 24.5072212 0.747272074
v 10.2908335 24.5038376 0.360000014
v 10.2689838 24.4610977 0.360000014
v 10.2992573 24.495224 0.54252708
v 10.280899 24.4593124 0.54252708
v 10.328022 24.4762154 0.706903219
v 10.3131523 24.4471283 0.706903219
v 10.3771248 24.4468079 0.836782336
v 10.3657455 24.4245472 0.836782336
v 10.4465675 24.4070034 0.919249058
v 10.4386768 24.3915691 0.919249058
v 10.5363483 24.3568001 0.94610256
v 10.5319481 24.3481922 0.94610256
v 10.6464691 24.2961998 0.914672494
v 10.6455593 24.2944183 0.914672494
v 10.355113 24.5100136 0.360000014
v 10.3380995 24.4651299 0.360000014
v 10.3630705 24.5028973 0.568851233
v 10.3487749 24.4651833 0.568851233
v 10.3896627 24.488718 0.756933749
v 10.3780842 24.4581718 0.756933749
v 10.4348888 24.4674759 0.905544102
v 10.4260273 24.4440994 0.905544102
v 10.4987478 24.4391708 0.999904156
v 10.4926043 24.4229622 0.999904156
v 10.5812407 24.4038029 1.03063047
v 10.5778151 24.394762 1.03063047
v 10.6823683 24.3613701 0.99466759
v 10.6816587 24.3595009 0.99466759
v 10.1624527 24.8722401 0.360000014
v 10.2051764 24.8503609 0.360000014
v 10.1720819 24.8826351 0.479189515
v 10.2079821 24.8642502 0.479189515
v 10.1941471 24.9173107 0.586526513
v 10.2232227 24.902422 0.586526513
v 10.2286482 24.9762707 0.671337128
v 10.2508993 24.9648762 0.671337128
v 10.2755833 25.0595131 0.7251876
v 10.2910118 25.0516129 0.7251876
v 10.3349552 25.1670399 0.742722809
v 10.3435593 25.162632 0.742722809
v 10.4067621 25.2988472 0.722199082
v 10.4085417 25.2979355 0.722199082
v 10.2007027 24.6307964 0.360000014
v 10.202858 24.5828438 0.360000014
v 10.2072363 24.6272526 0.520351946
v 10.2090473 24.5869598 0.520351946
v 10.2264929 24.6242809 0.664758086
v 10.2279587 24.5916462 0.664758086
v 10.2584715 24.6218796 0.778858244
v 10.259593 24.5969048 0.778858244
v 10.3031721 24.6200504 0.851306081
v 10.3039503 24.6027355 0.851306081
v 10.3605957 24.6187935 0.874897182
v 10.3610296 24.6091366 0.874897182
v 10.4307423 24.6181087 0.847285509
v 10.4308319 24.6161098 0.847285509
v 10.1268187 24.2753506 0.360000014
v 10.0794344 24.2676868 0.360000014
v 10.1243219 24.266777 0.519861579
v 10.084506 24.2603378 0.519861579
v 10.1244011 24.2422771 0.663826108
v 10.0921535 24.2370625 0.663826108
v 10.1270561 24.2018528 0.7775774
v 10.1023769 24.1978607 0.7775774
v 10.132287 24.145504 0.849803686
v 10.1151762 24.1427364 0.849803686
v 10.1400928 24.0732288 0.873322606
v 10.1305504 24.0716858 0.873322606
v 10.1504745 23.9850292 0.845795393
v 10.1485004 23.9847107 0.845795393
v 10.027751 24.8165703 0.360000014
v 10.0757494 24.8161831 0.360000014
v 10.0316811 24.8285103 0.553617299
v 10.0720129 24.8281841 0.553617299
v 10.0358047 24.8643932 0.727980793
v 10.06847 24.8641281 0.727980793
v 10.040122 24.9242172 0.865751266
v 10.0651207 24.924015 0.865751266
v 10.0446329 25.0079842 0.953228593
v 10.061965 25.0078449 0.953228593
v 10.0493374 25.115694 0.981713653
v 10.0590038 25.1156158 0.981713653
v 10.0542355 25.247345 0.948373914
v 10.0562353 25.2473297 0.948373914
v 9.79608917 24.7855568 0.360000014
v 9.82728577 24.8220367 0.360000014
v 9.78943539 24.7962914 0.52453053
v 9.81564903 24.8269444 0.52453053
v 9.76449299 24.8226643 0.672699749
v 9.78572464 24.8474922 0.672699749
v 9.72126198 24.8646793 0.789773285
v 9.73750973 24.8836784 0.789773285
v 9.65974045 24.9223328 0.864109039
v 9.6710062 24.9355068 0.864109039
v 9.57993031 24.9956284 0.888314903
v 9.58621311 25.0029755 0.888314903
v 9.48183155 25.0845642 0.859983742
v 9.48313141 25.0860844 0.859983742
v 9.99211121 24.6318684 0.360000014
v 10.0289516 24.6626396 0.360000014
v 9.98477364 24.6466331 0.557607651
v 10.0157299 24.6724892 0.557607651
v 9.95687771 24.6860123 0.735564649
v 9.98194981 24.706953 0.735564649
v 9.90842342 24.7500038 0.87617451
v 9.9276104 24.7660313 0.87617451
v 9.83940983 24.8386116 0.965454638
v 9.85271263 24.8497219 0.965454638
v 9.74983788 24.9518318 0.994526803
v 9.75725651 24.9580288 0.994526803
v 9.63970661 25.0896664 0.960499942
v 9.64124203 25.0909481 0.960499942
v 10.0056381 24.3989296 0.360000014
v 9.96028996 24.4146652 0.360000014
v 9.99675751 24.3850288 0.473466158
v 9.9586525 24.3982506 0.473466158
v 9.97735786 24.3408146 0.575648963
v 9.94649601 24.3515224 0.575648963
v 9.94744015 24.266283 0.656387031
v 9.92382145 24.2744789 0.656387031
v 9.90700436 24.161438 0.707651675
v 9.89062881 24.16712 0.707651675
v 9.85604954 24.0262775 0.72434485
v 9.84691715 24.0294476 0.72434485
v 9.79457664 23.8608036 0.704806685
v 9.79268742 23.8614597 0.704806685
v 10.2445936 24.7089386 0.360000014
v 10.2633972 24.6647758 0.360000014
v 10.2592993 24.7110348 0.577196419
v 10.2750998 24.6739235 0.577196419
v 10.3004122 24.7243729 0.772794306
v 10.3132095 24.6943169 0.772794306
v 10.3679342 24.7489567 0.927342832
v 10.3777275 24.7259541 0.927342832
v 10.4618635 24.7847824 1.02547336
v 10.4686537 24.7688351 1.02547336
v 10.582201 24.8318539 1.05742741
v 10.5859871 24.8229599 1.05742741
v 10.7289457 24.8901691 1.02002752
v 10.7297297 24.8883286 1.02002752
v 9.75628281 24.4547348 0.360000014
v 9.73821163 24.4992027 0.360000014
v 9.74037552 24.4524078 0.474687278
v 9.72519112 24.4897747 0.474687278
v 9.69554138 24.4383259 0.57796979
v 9.6832428 24.4685898 0.57796979
v 9.62177944 24.4124889 0.659576774
v 9.61236668 24.4356499 0.659576774
v 9.5190897 24.374897 0.711393118
v 9.51256371 24.390955 0.711393118
v 9.38747215 24.3255482 0.728265941
v 9.38383293 24.3345032 0.728265941
v 9.22692776 24.2644444 0.708517492
v 9.22617435 24.2662964 0.708517492
v 10.0702858 24.6904259 0.360000014
v 10.1128025 24.668148 0.360000014
v 10.0784683 24.6977825 0.479434371
v 10.1141949 24.6790638 0.479434371
v 10.0962267 24.7234135 0.586991906
v 10.1251621 24.7082539 0.586991906
v 10.123559 24.7673187 0.671976745
v 10.1457033 24.7557163 0.671976745
v 10.1604671 24.8294983 0.725937784
v 10.1758204 24.8214531 0.725937784
v 10.2069502 24.9099503 0.743509054
v 10.2155123 24.9054623 0.743509054
v 10.2630072 25.0086746 0.722943187
v 10.2647791 25.0077477 0.722943187
v 10.1056585 24.8361416 0.360000014
v 10.1510601 24.8205624 0.360000014
v 10.1144409 24.8499241 0.52522552
v 10.1525908 24.836834 0.52522552
v 10.1335363 24.8937626 0.674020588
v 10.1644344 24.8831596 0.674020588
v 10.1629457 24.9676533 0.791588604
v 10.1865921 24.9595394 0.791588604
v 10.2026672 25.0716 0.866238356
v 10.2190619 25.0659733 0.866238356
v 10.2527027 25.2056007 0.890546441
v 10.2618456 25.2024632 0.890546441
v 10.3130503 25.3696556 0.862095594
v 10.3149424 25.3690052 0.862095594
v 9.71634293 24.6417427 0.360000014
v 9.72568512 24.6888256 0.360000014
v 9.70454502 24.6479912 0.561892927
v 9.71239567 24.6875534 0.561892927
v 9.66766071 24.6592197 0.743709087
v 9.67401886 24.6912613 0.743709087
v 9.60568905 24.6754246 0.887368202
v 9.6105547 24.6999474 0.887368202
v 9.51863003 24.6966095 0.978584468
v 9.52200317 24.7136116 0.978584468
v 9.40648365 24.7227726 1.00828707
v 9.40836525 24.732254 1.00828707
v 9.26924992 24.753912 0.973522365
v 9.26963997 24.7558746 0.973522365
v 9.89344501 24.6193161 0.360000014
v 9.90650272 24.6655064 0.360000014
v 9.87940693 24.6272678 0.560156465
v 9.890378 24.6660805 0.560156465
v 9.83520603 24.6437473 0.740408838
v 9.84409237 24.6751804 0.740408838
v 9.76084328 24.6687508 0.882832408
v 9.76764393 24.6928082 0.882832408
v 9.65631866 24.7022839 0.973264098
v 9.66103363 24.7189636 0.973264098
v 9.52163219 24.7443409 1.0027113
v 9.52426147 24.753643 1.0027113
v 9.35678291 24.7949257 0.968245506
v 9.35732651 24.7968502 0.968245506
v 10.3108225 24.3941441 0.360000014
v 10.2784414 24.3587132 0.360000014
v 10.3139763 24.3860703 0.515325904
v 10.2867661 24.3562965 0.515325904
v 10.3286066 24.367506 0.655205786
v 10.3065691 24.3433914 0.655205786
v 10.3547153 24.3384514 0.765729666
v 10.3378506 24.3199978 0.765729666
v 10.3923025 24.2989082 0.835906744
v 10.3806086 24.2861118 0.835906744
v 10.4413671 24.2488747 0.85875839
v 10.4348459 24.2417374 0.85875839
v 10.5019093 24.1883507 0.832012177
v 10.5005608 24.1868744 0.832012177
v 9.73316956 24.5068626 0.360000014
v 9.72301388 24.5537758 0.360000014
v 9.71914577 24.5077496 0.557052255
v 9.7106123 24.5471687 0.557052255
v 9.67869568 24.5029144 0.73450911
v 9.6717844 24.5348415 0.73450911
v 9.61182022 24.4923611 0.874723792
v 9.60653114 24.5167942 0.874723792
v 9.51851845 24.4760876 0.963752985
v 9.51485157 24.4930286 0.963752985
v 9.39879131 24.454092 0.992743433
v 9.39674664 24.463541 0.992743433
v 9.25263786 24.4263783 0.958812237
v 9.25221539 24.4283333 0.958812237
v 10.2283049 24.7705193 0.360000014
v 10.2579489 24.7327671 0.360000014
v 10.2369013 24.7723961 0.540432215
v 10.2618103 24.7406731 0.540432215
v 10.2579556 24.7840538 0.702921808
v 10.2781296 24.7583599 0.702921808
v 10.2914677 24.8054943 0.831310391
v 10.3069077 24.7858315 0.831310391
v 10.3374386 24.8367157 0.912830591
v 10.3481426 24.823082 0.912830591
v 10.3958664 24.8777199 0.939375937
v 10.4018364 24.8701172 0.939375937
v 10.466753 24.9285049 0.908306539
v 10.467988 24.9269333 0.908306539
v 9.74175072 24.5592079 0.360000014
v 9.73914528 24.6071377 0.360000014
v 9.72801113 24.5622997 0.471553922
v 9.7258215 24.6025734 0.471553922
v 9.68720818 24.563921 0.57201463
v 9.6854353 24.5965385 0.57201463
v 9.61934376 24.5640697 0.651392043
v 9.61798668 24.5890331 0.651392043
v 9.52441502 24.562748 0.701792717
v 9.52347469 24.5800571 0.701792717
v 9.40242481 24.5599556 0.718204558
v 9.40190029 24.5696087 0.718204558
v 9.25337124 24.5556927 0.69899565
v 9.25326252 24.5576897 0.69899565
v 10.1779804 24.8538074 0.360000014
v 10.2188625 24.8286533 0.360000014
v 10.1865644 24.8604431 0.471604764
v 10.2209167 24.8393078 0.471604764
v 10.2057867 24.8843689 0.572111249
v 10.2336092 24.8672523 0.572111249
v 10.2356462 24.9255867 0.651524842
v 10.2569389 24.9124851 0.651524842
v 10.276145 24.9840927 0.701948464
v 10.2909079 24.9750099 0.701948464
v 10.327281 25.0598907 0.718367815
v 10.3355141 25.0548248 0.718367815
v 10.3890553 25.152977 0.699150145
v 10.3907595 25.1519299 0.699150145
v 9.92017746 24.4849339 0.360000014
v 9.89361477 24.5249138 0.360000014
v 9.90488911 24.4793797 0.569262087
v 9.88256931 24.5129738 0.569262087
v 9.8632679 24.4563293 0.757714629
v 9.845191 24.4835377 0.757714629
v 9.79531384 24.4157829 0.906617343
v 9.78147888 24.4366074 0.906617343
v 9.70102596 24.3577423 1.00116301
v 9.69143391 24.372179 1.00116301
v 9.58040428 24.2822056 1.03194976
v 9.57505512 24.2902584 1.03194976
v 9.4334507 24.1891747 0.995916128
v 9.43234348 24.1908398 0.995916128
v 9.77628231 24.5649014 0.360000014
v 9.77434158 24.6128616 0.360000014
v 9.76944923 24.5684605 0.475688159
v 9.76781845 24.6087608 0.475688159
v 9.74925995 24.5714798 0.579871953
v 9.74793911 24.6041203 0.579871953
v 9.71571445 24.5739594 0.662191153
v 9.71470356 24.598938 0.662191153
v 9.66881275 24.5758972 0.714459658
v 9.6681118 24.5932159 0.714459658
v 9.60855389 24.5772953 0.731479764
v 9.60816383 24.5869541 0.731479764
v 9.53493977 24.5781517 0.711558938
v 9.5348587 24.5801506 0.711558938
v 10.1533556 24.7357597 0.360000014
v 10.1870775 24.701601 0.360000014
v 10.1674099 24.7442474 0.539353192
v 10.1957455 24.7155457 0.539353192
v 10.2041864 24.7751694 0.70087105
v 10.2271366 24.7519226 0.70087105
v 10.2636862 24.8285217 0.828491807
v 10.28125 24.81073 0.828491807
v 10.3459082 24.9043064 0.9095245
v 10.3580866 24.8919716 0.9095245
v 10.4508533 25.0025253 0.935911059
v 10.4576445 24.9956455 0.935911059
v 10.5785208 25.1231747 0.905027509
v 10.5799265 25.1217518 0.905027509
v 9.95116138 24.8772316 0.360000014
v 9.99753761 24.8896103 0.360000014
v 9.95219898 24.8882084 0.531723142
v 9.99116802 24.8986111 0.531723142
v 9.94790268 24.9191666 0.686369717
v 9.97946453 24.9275913 0.686369717
v 9.93827438 24.9701023 0.808561206
v 9.96242905 24.9765491 0.808561206
v 9.92331409 25.0410175 0.886146605
v 9.94006062 25.0454865 0.886146605
v 9.90301991 25.1319103 0.91141063
v 9.91235924 25.1344032 0.91141063
v 9.87739277 25.2427845 0.881840885
v 9.87932587 25.2432995 0.881840885
v 10.0288563 24.9043198 0.360000014
v 10.0768547 24.9038696 0.360000014
v 10.0328455 24.9208832 0.488288552
v 10.0731773 24.9205055 0.488288552
v 10.0371466 24.9706459 0.603819728
v 10.0698118 24.9703388 0.603819728
v 10.0417595 25.0536079 0.695104837
v 10.0667582 25.0533733 0.695104837
v 10.0466833 25.1697674 0.753066301
v 10.0640163 25.1696053 0.753066301
v 10.0519199 25.3191261 0.771940172
v 10.0615854 25.3190365 0.771940172
v 10.0574675 25.5016842 0.749849677
v 10.0594673 25.5016651 0.749849677
v 9.95664787 24.3289776 0.360000014
v 9.91273308 24.3483543 0.360000014
v 9.9478178 24.3184605 0.545067191
v 9.91091633 24.3347416 0.545067191
v 9.928339 24.2838097 0.711730778
v 9.89845181 24.2969971 0.711730778
v 9.89821339 24.225029 0.843417406
v 9.87534046 24.2351227 0.843417406
v 9.85743999 24.1421185 0.927031696
v 9.84158134 24.1491146 0.927031696
v 9.80601883 24.0350742 0.954258859
v 9.79717445 24.0389767 0.954258859
v 9.74394989 23.9039001 0.922391415
v 9.74212074 23.9047089 0.922391415
v 10.2557144 24.6371231 0.360000014
v 10.2587595 24.5892181 0.360000014
v 10.2720184 24.6343174 0.564317048
v 10.2745762 24.5940647 0.564317048
v 10.3204432 24.6335545 0.748316288
v 10.3225145 24.6009521 0.748316288
v 10.4009886 24.6348324 0.893700302
v 10.4025736 24.6098824 0.893700302
v 10.5136547 24.6381512 0.986011803
v 10.5147543 24.6208534 0.986011803
v 10.6584425 24.6435127 1.01607108
v 10.6590557 24.6338654 1.01607108
v 10.835351 24.6509132 0.980888903
v 10.8354778 24.6489182 0.980888903
v 10.3370237 24.4366417 0.360000014
v 10.3103123 24.3967609 0.360000014
v 10.3437843 24.4274998 0.569052279
v 10.3213387 24.3939877 0.569052279
v 10.3683319 24.4064445 0.757315874
v 10.350153 24.379303 0.757315874
v 10.4106665 24.3734741 0.906069279
v 10.3967533 24.3527031 0.906069279
v 10.470788 24.3285923 1.00052023
v 10.4611416 24.3141918 1.00052023
v 10.5486965 24.2717953 1.03127611
v 10.5433168 24.2637653 1.03127611
v 10.644392 24.2030869 0.995278537
v 10.6432791 24.2014256 0.995278537
v 9.87312603 24.3633823 0.360000014
v 9.83714199 24.3951492 0.360000014
v 9.86403656 24.3588791 0.529340088
v 9.83380032 24.3855724 0.529340088
v 9.8425169 24.3402939 0.681840539
v 9.8180275 24.3619137 0.681840539
v 9.80856514 24.3076286 0.802336335
v 9.78982353 24.324173 0.802336335
v 9.76218319 24.2608814 0.878845096
v 9.74918842 24.2723522 0.878845096
v 9.70336914 24.2000523 0.903758466
v 9.69612312 24.2064495 0.903758466
v 9.6321249 24.1251431 0.874599159
v 9.63062572 24.1264668 0.874599159
v 10.3205862 24.4853191 0.360000014
v 10.2983084 24.4428005 0.360000014
v 10.3266954 24.4777889 0.53144598
v 10.3079767 24.4420643 0.53144598
v 10.3485813 24.4619942 0.685842991
v 10.3334208 24.4330597 0.685842991
v 10.3862448 24.437933 0.807837248
v 10.3746424 24.4157887 0.807837248
v 10.4396849 24.4056053 0.885297477
v 10.4316406 24.3902512 0.885297477
v 10.5089016 24.3650112 0.910520732
v 10.5044155 24.3564472 0.910520732
v 10.593895 24.3161488 0.880998731
v 10.592967 24.3143787 0.880998731
v 9.93843651 24.5845566 0.360000014
v 9.94213772 24.6324139 0.360000014
v 9.92640686 24.5893326 0.51475513
v 9.92951679 24.6295452 0.51475513
v 9.88972664 24.596014 0.654120982
v 9.89224625 24.6285839 0.654120982
v 9.82839775 24.6046028 0.764238715
v 9.83032513 24.629528 0.764238715
v 9.74241734 24.615097 0.834157825
v 9.74375439 24.6323776 0.834157825
v 9.6317873 24.6274986 0.856925547
v 9.63253307 24.6371365 0.856925547
v 9.49650669 24.6418056 0.830277622
v 9.49666119 24.6437988 0.830277622
v 9.8023634 24.7237797 0.360000014
v 9.82746601 24.7646923 0.360000014
v 9.79027271 24.7356949 0.489963681
v 9.81136513 24.7700748 0.489963681
v 9.74998856 24.7649097 0.607003391
v 9.76707172 24.7927532 0.607003391
v 9.68151283 24.8114204 0.699480474
v 9.69458675 24.8327293 0.699480474
v 9.58484459 24.875227 0.758198738
v 9.59390926 24.8900013 0.758198738
v 9.45998383 24.9563332 0.777319074
v 9.46503925 24.9645729 0.777319074
v 9.3069315 25.0547352 0.754940093
v 9.30797672 25.0564404 0.754940093
v 9.922616 24.417963 0.360000014
v 9.88649178 24.4495697 0.360000014
v 9.91030788 24.4097176 0.529876053
v 9.87995338 24.4362755 0.529876053
v 9.87915325 24.3799305 0.682859242
v 9.85456848 24.4014416 0.682859242
v 9.82915115 24.3286037 0.803736448
v 9.81033611 24.3450661 0.803736448
v 9.76030254 24.2557373 0.880487323
v 9.74725819 24.2671509 0.880487323
v 9.67260742 24.1613293 0.90547961
v 9.66533279 24.1676941 0.90547961
v 9.56606579 24.0453815 0.876227975
v 9.56456089 24.0466995 0.876227975
v 10.3623362 24.6026669 0.360000014
v 10.3590565 24.5547791 0.360000014
v 10.3703327 24.5982761 0.513399184
v 10.3675766 24.5580368 0.513399184
v 10.3948469 24.5927544 0.651543975
v 10.3926153 24.5601654 0.651543975
v 10.4358797 24.5861034 0.760696888
v 10.4341717 24.561161 0.760696888
v 10.4934292 24.5783195 0.830003381
v 10.4922447 24.5610256 0.830003381
v 10.5674973 24.5694046 0.852571607
v 10.5668364 24.5597591 0.852571607
v 10.658082 24.5593586 0.826157153
v 10.6579456 24.5573635 0.826157153
v 9.87967587 24.8043499 0.360000014
v 9.91916943 24.8316307 0.360000014
v 9.87433815 24.8188229 0.576580107
v 9.90752411 24.8417454 0.576580107
v 9.85201645 24.8578815 0.771622896
v 9.87889481 24.8764477 0.771622896
v 9.81271172 24.9215279 0.925732851
v 9.83328152 24.9357357 0.925732851
v 9.756423 25.0097618 1.02358484
v 9.7706852 25.0196133 1.02358484
v 9.68315125 25.1225815 1.05544829
v 9.69110489 25.1280766 1.05544829
v 9.59289551 25.2599888 1.0181545
v 9.59454155 25.2611256 1.0181545
v 9.90253258 24.5977802 0.360000014
v 9.90962982 24.6452522 0.360000014
v 9.88901043 24.6036777 0.478479326
v 9.89497375 24.643568 0.478479326
v 9.84731007 24.6137886 0.585176766
v 9.85213947 24.6460953 0.585176766
v 9.77743149 24.6281109 0.669482052
v 9.78112793 24.6528358 0.669482052
v 9.67937469 24.6466465 0.723011613
v 9.68193722 24.6637897 0.723011613
v 9.55313969 24.6693954 0.740442395
v 9.55456924 24.678957 0.740442395
v 9.39872646 24.6963577 0.720040977
v 9.3990221 24.6983356 0.720040977
v 10.0408678 24.4062271 0.360000014
v 9.99356842 24.4144001 0.360000014
v 10.0351124 24.3954334 0.519303262
v 9.995368 24.4023018 0.519303262
v 10.0254002 24.3617477 0.662764966
v 9.99321079 24.3673115 0.662764966
v 10.0117331 24.305172 0.776118994
v 9.98709774 24.3094292 0.776118994
v 9.9941082 24.2257023 0.848093033
v 9.97702885 24.2286549 0.848093033
v 9.97252846 24.1233406 0.871529818
v 9.96300316 24.1249866 0.871529818
v 9.94699192 23.9980888 0.844098747
v 9.94502163 23.9984283 0.844098747
v 9.98746204 24.8269958 0.360000014
v 10.0347967 24.8349628 0.360000014
v 9.98984623 24.8359261 0.566838682
v 10.0296211 24.8426189 0.566838682
v 9.98943996 24.8614426 0.75310874
v 10.0216532 24.8668652 0.75310874
v 9.98624134 24.9035473 0.900287092
v 10.0108948 24.9076958 0.900287092
v 9.98025131 24.9622383 0.993737876
v 9.99734497 24.9651146 0.993737876
v 9.97147083 25.0375175 1.02416813
v 9.98100281 25.0391216 1.02416813
v 9.95989799 25.1293831 0.988551736
v 9.96187019 25.129715 0.988551736
v 10.0406141 24.8047905 0.360000014
v 10.0884905 24.8013592 0.360000014
v 10.0452995 24.8165455 0.470302075
v 10.0855293 24.8136616 0.470302075
v 10.0517082 24.852356 0.569635391
v 10.0842915 24.8500214 0.569635391
v 10.0598421 24.9122238 0.648122072
v 10.0847778 24.9104385 0.648122072
v 10.0696993 24.9961491 0.697957098
v 10.0869884 24.9949112 0.697957098
v 10.0812798 25.1041317 0.714184821
v 10.0909224 25.1034393 0.714184821
v 10.0945854 25.2361698 0.695191443
v 10.0965796 25.2360268 0.695191443
v 9.80368423 24.7154369 0.360000014
v 9.82780838 24.7569332 0.360000014
v 9.79251289 24.7263641 0.578223765
v 9.81278419 24.7612343 0.578223765
v 9.75514603 24.7525215 0.774746776
v 9.77156448 24.7807636 0.774746776
v 9.69158459 24.7939072 0.930026352
v 9.70414925 24.8155212 0.930026352
v 9.60182667 24.850523 1.02862096
v 9.61053848 24.865509 1.02862096
v 9.48587418 24.9223671 1.06072617
v 9.49073315 24.9307232 1.06072617
v 9.34372616 25.0094395 1.02314937
v 9.34473133 25.0111694 1.02314937
v 10.0819693 24.7699051 0.360000014
v 10.1274529 24.7545662 0.360000014
v 10.0903015 24.7826157 0.516157031
v 10.12852 24.7697258 0.516157031
v 10.1080322 24.8231945 0.656785429
v 10.1389856 24.8127575 0.656785429
v 10.1351614 24.8916454 0.767900646
v 10.1588507 24.8836575 0.767900646
v 10.171689 24.9879665 0.838453233
v 10.1881142 24.9824276 0.838453233
v 10.2176161 25.1121578 0.861427128
v 10.2267761 25.1090698 0.861427128
v 10.2729416 25.2642193 0.834537864
v 10.2748365 25.2635803 0.834537864
v 9.86905384 24.8297577 0.360000014
v 9.90907288 24.8562622 0.360000014
v 9.86333847 24.8453312 0.56692791
v 9.89696598 24.8676014 0.56692791
v 9.83980083 24.8878136 0.753278375
v 9.86703682 24.9058495 0.753278375
v 9.79844189 24.9572067 0.900520205
v 9.81928539 24.9710102 0.900520205
v 9.73926067 25.0535126 0.994011283
v 9.7537117 25.0630836 0.994011283
v 9.66225719 25.1767273 1.02445471
v 9.6703167 25.182066 1.02445471
v 9.56743145 25.3268547 0.988822937
v 9.56909847 25.3279591 0.988822937
v 10.0189667 24.6869774 0.360000014
v 10.0668144 24.6908054 0.360000014
v 10.0214434 24.7040901 0.512602985
v 10.0616484 24.7073059 0.512602985
v 10.0212317 24.754818 0.650030792
v 10.0537949 24.7574234 0.650030792
v 10.0183315 24.8391609 0.758617103
v 10.043252 24.8411541 0.758617103
v 10.012743 24.957119 0.827563941
v 10.0300217 24.9584999 0.827563941
v 10.0044661 25.1086903 0.850014985
v 10.014102 25.1094608 0.850014985
v 9.99349976 25.2938766 0.823737681
v 9.99549389 25.2940369 0.823737681
v 9.88030052 24.7958469 0.360000014
v 9.9193325 24.8237858 0.360000014
v 9.87434101 24.8107586 0.578168392
v 9.90713882 24.8342342 0.578168392
v 9.85022926 24.8510303 0.774641573
v 9.87679195 24.8700447 0.774641573
v 9.80796432 24.9166641 0.929881752
v 9.82829285 24.9312153 0.929881752
v 9.7475462 25.007658 1.02845132
v 9.76164055 25.017746 1.02845132
v 9.66897488 25.124012 1.06054842
v 9.67683601 25.1296387 1.06054842
v 9.57225132 25.2657261 1.02298117
v 9.57387733 25.2668915 1.02298117
v 9.87587166 24.4612122 0.360000014
v 9.85017395 24.5017548 0.360000014
v 9.86169052 24.4567623 0.516477644
v 9.84009743 24.4908295 0.516477644
v 9.82325268 24.4369354 0.657394767
v 9.8057642 24.4645271 0.657394767
v 9.76055717 24.4017353 0.76873821
v 9.74717236 24.4228497 0.76873821
v 9.67360306 24.3511581 0.839435637
v 9.66432381 24.365797 0.839435637
v 9.56239319 24.2852039 0.862456739
v 9.5572176 24.2933693 0.862456739
v 9.42692471 24.2038746 0.835512221
v 9.42585373 24.2055645 0.835512221
v 9.86417007 24.7574081 0.360000014
v 9.89865303 24.7907982 0.360000014
v 9.85754013 24.7697659 0.53885746
v 9.88651466 24.797823 0.53885746
v 9.83214188 24.8015041 0.69992882
v 9.85560989 24.8242283 0.69992882
v 9.78797626 24.8526249 0.827196836
v 9.80593586 24.8700161 0.827196836
v 9.7250433 24.9231281 0.908005536
v 9.73749542 24.9351864 0.908005536
v 9.64334202 25.0130119 0.934319139
v 9.65028667 25.0197372 0.934319139
v 9.54287338 25.1222782 0.903521001
v 9.54430962 25.1236687 0.903521001
v 10.0078888 24.5196705 0.360000014
v 9.97278881 24.552412 0.360000014
v 9.99449062 24.5109272 0.586416066
v 9.96499729 24.5384388 0.586416066
v 9.95990467 24.4794693 0.790316761
v 9.93601704 24.5017529 0.790316761
v 9.90412998 24.4252968 0.951425612
v 9.885849 24.4423504 0.951425612
v 9.8271656 24.3484097 1.05372155
v 9.81449127 24.3602333 1.05372155
v 9.72901344 24.248806 1.08703208
v 9.72194481 24.2553997 1.08703208
v 9.60967255 24.1264896 1.04804456
v 9.60820961 24.1278534 1.04804456
v 9.80402565 24.5818119 0.360000014
v 9.80516052 24.6297989 0.360000014
v 9.7971859 24.5858078 0.584186673
v 9.79813957 24.6261292 0.584186673
v 9.77648544 24.5901318 0.786079586
v 9.77725792 24.6227894 0.786079586
v 9.74192429 24.5947838 0.945602119
v 9.74251556 24.6197758 0.945602119
v 9.69350338 24.5997639 1.04689074
v 9.69391346 24.6170921 1.04689074
v 9.63122177 24.6050701 1.07987332
v 9.6314497 24.6147346 1.07987332
v 9.55507946 24.6107063 1.04126966
v 9.55512619 24.6127052 1.04126966
v 9.87654686 24.7623577 0.360000014
v 9.91272068 24.7939072 0.360000014
v 9.8681488 24.7778168 0.577027321
v 9.89854527 24.8043289 0.577027321
v 9.83717728 24.8191586 0.772472918
v 9.86179638 24.8406315 0.772472918
v 9.78363323 24.8863811 0.926901102
v 9.80247402 24.902813 0.926901102
v 9.70751572 24.9794846 1.02495515
v 9.72057819 24.9908772 1.02495515
v 9.60882473 25.0984688 1.05688441
v 9.61610985 25.1048222 1.05688441
v 9.48756027 25.2433338 1.01951361
v 9.48906803 25.244648 1.01951361
v 10.0974169 24.6743145 0.360000014
v 10.129324 24.6384544 0.360000014
v 10.1127157 24.6827965 0.516581118
v 10.1395264 24.6526642 0.516581118
v 10.1535177 24.7139683 0.657591462
v 10.1752319 24.6895638 0.657591462
v 10.2198219 24.7678318 0.769008458
v 10.2364407 24.749155 0.769008458
v 10.3116283 24.8443871 0.839752614
v 10.3231506 24.8314381 0.839752614
v 10.4289379 24.9436321 0.862788975
v 10.4353638 24.9364109 0.862788975
v 10.5717497 25.0655689 0.835826635
v 10.5730791 25.0640755 0.835826635
v 10.1856146 24.7750797 0.360000014
v 10.2201538 24.7417469 0.360000014
v 10.1960344 24.7803574 0.563576937
v 10.2250557 24.7523479 0.563576937
v 10.2217741 24.8015079 0.746909618
v 10.2452803 24.7788239 0.746909618
v 10.2628365 24.8385353 0.891767025
v 10.2808256 24.8211746 0.891767025
v 10.3192205 24.8914375 0.983744144
v 10.3316927 24.8794022 0.983744144
v 10.3909254 24.9602165 1.01369452
v 10.3978815 24.9535046 1.01369452
v 10.477952 25.0448723 0.978639781
v 10.4793911 25.0434818 0.978639781
v 9.88811302 24.4061699 0.360000014
v 9.85436249 24.4403019 0.360000014
v 9.87992477 24.4034653 0.487233251
v 9.85156536 24.4321442 0.487233251
v 9.86075211 24.3898964 0.601814091
v 9.83778286 24.413126 0.601814091
v 9.83059406 24.3654671 0.692348301
v 9.81301594 24.3832436 0.692348301
v 9.78945065 24.3301754 0.749832928
v 9.77726364 24.3425007 0.749832928
v 9.73732281 24.2840195 0.768551528
v 9.73052597 24.2908936 0.768551528
v 9.67420959 24.2270031 0.746642768
v 9.67280388 24.228426 0.746642768
v 9.87176228 24.3618279 0.360000014
v 9.83577824 24.3935947 0.360000014
v 9.86122894 24.3556881 0.501266539
v 9.83099174 24.3823795 0.501266539
v 9.83537483 24.3321915 0.628485143
v 9.81088448 24.3538113 0.628485143
v 9.79419994 24.2913418 0.72900486
v 9.77545738 24.307888 0.72900486
v 9.73770523 24.2331371 0.792829812
v 9.72471046 24.2446079 0.792829812
v 9.66588974 24.1575775 0.813612998
v 9.65864277 24.1639748 0.813612998
v 9.57875443 24.0646629 0.789287746
v 9.57725525 24.0659866 0.789287746
v 10.265523 24.4542675 0.360000014
v 10.2350826 24.4171543 0.360000014
v 10.2705269 24.4452038 0.500387788
v 10.2449493 24.4140186 0.500387788
v 10.2904034 24.4239445 0.626815081
v 10.2696867 24.3986874 0.626815081
v 10.3251505 24.3904877 0.726709604
v 10.3092957 24.3711567 0.726709604
v 10.3747683 24.3448315 0.790137529
v 10.3637762 24.3314304 0.790137529
v 10.4392586 24.2869797 0.810791492
v 10.4331274 24.2795048 0.810791492
v 10.5186186 24.2169285 0.786617517
v 10.5173502 24.2153835 0.786617517
v 9.95374203 24.5858383 0.360000014
v 9.95868587 24.6335831 0.360000014
v 9.94222736 24.5908852 0.563510895
v 9.94638157 24.6310043 0.563510895
v 9.90689468 24.5983982 0.746784151
v 9.91025925 24.6308899 0.746784151
v 9.84774303 24.6083755 0.891594589
v 9.85031796 24.6332436 0.891594589
v 9.76477337 24.620821 0.983541906
v 9.76655865 24.6380615 0.983541906
v 9.65798473 24.6357327 1.01348257
v 9.65898037 24.6453476 1.01348257
v 9.52737808 24.6531105 0.978439152
v 9.52758408 24.6550999 0.978439152
v 10.1131744 24.700573 0.360000014
v 10.1478224 24.6673546 0.360000014
v 10.1270285 24.7094841 0.550342798
v 10.1561432 24.681572 0.550342798
v 10.1630592 24.7415257 0.721757352
v 10.1866388 24.7189198 0.721757352
v 10.2212639 24.7966976 0.857197881
v 10.2393103 24.7793961 0.857197881
v 10.3016453 24.8749981 0.943195701
v 10.3141565 24.8630028 0.943195701
v 10.4042006 24.976429 0.971199095
v 10.4111786 24.9697399 0.971199095
v 10.5289326 25.1009903 0.938423216
v 10.5303764 25.0996056 0.938423216
v 10.3256121 24.4572086 0.360000014
v 10.3003025 24.4164238 0.360000014
v 10.3339329 24.4475327 0.504959464
v 10.3126659 24.4132633 0.504959464
v 10.3629398 24.4250221 0.635503829
v 10.3457146 24.3972645 0.635503829
v 10.412631 24.3896732 0.738651335
v 10.3994493 24.3684311 0.738651335
v 10.4830084 24.3414879 0.8041448
v 10.4738684 24.3267593 0.8041448
v 10.57407 24.2804661 0.825471342
v 10.5689735 24.2722511 0.825471342
v 10.6858177 24.2066059 0.800510168
v 10.684763 24.2049065 0.800510168
v 9.8046627 24.6288357 0.360000014
v 9.81487083 24.6757374 0.360000014
v 9.79673576 24.6344833 0.569415987
v 9.80531311 24.6738949 0.569415987
v 9.7713232 24.6439381 0.75800705
v 9.77827072 24.6758575 0.75800705
v 9.72842693 24.657198 0.907019317
v 9.73374367 24.6816254 0.907019317
v 9.66804504 24.674263 1.00163448
v 9.671731 24.6911983 1.00163448
v 9.59017849 24.6951332 1.032444
v 9.59223461 24.7045784 1.032444
v 9.49482727 24.7198086 0.996383786
v 9.49525261 24.7217636 0.996383786
v 10.007123 24.8701973 0.360000014
v 10.055007 24.8735332 0.360000014
v 10.010025 24.8837032 0.471540749
v 10.0502615 24.8865051 0.471540749
v 10.0110826 24.923687 0.571989596
v 10.0436707 24.9259567 0.571989596
v 10.0102968 24.9901505 0.65135771
v 10.0352364 24.991888 0.65135771
v 10.0076656 25.0830917 0.701752365
v 10.0249577 25.0842972 0.701752365
v 10.003191 25.2025127 0.718162298
v 10.0128345 25.2031841 0.718162298
v 9.99687195 25.3484116 0.698955655
v 9.99886799 25.3485508 0.698955655
v 9.7227459 24.5708885 0.360000014
v 9.72199631 24.6188812 0.360000014
v 9.71357727 24.5745792 0.582465291
v 9.71294785 24.6149063 0.582465291
v 9.68619251 24.5779839 0.782808006
v 9.68568325 24.6106472 0.782808006
v 9.64059162 24.5811062 0.941105664
v 9.64020157 24.6061039 0.941105664
v 9.57677364 24.5839443 1.04161656
v 9.5765028 24.6012745 1.04161656
v 9.49473953 24.5864964 1.07434583
v 9.49458885 24.5961628 1.07434583
v 9.39448833 24.5887661 1.03603864
v 9.39445782 24.590765 1.03603864
v 9.85926723 24.6305256 0.360000014
v 9.87268257 24.6766129 0.360000014
v 9.85397911 24.6360569 0.540714502
v 9.86525249 24.6747818 0.540714502
v 9.83597469 24.6452904 0.70345825
v 9.84510517 24.6766548 0.70345825
v 9.80525208 24.658226 0.832047641
v 9.81223965 24.68223 0.832047641
v 9.76181221 24.6748619 0.913695395
v 9.76665688 24.6915054 0.913695395
v 9.7056551 24.6952019 0.940282226
v 9.70835686 24.704483 0.940282226
v 9.63677979 24.719244 0.90916425
v 9.63733959 24.7211647 0.90916425
v 10.0626116 24.7505741 0.360000014
v 10.1092005 24.7390213 0.360000014
v 10.0688343 24.7597466 0.518744528
v 10.1079826 24.7500381 0.518744528
v 10.0800638 24.7891045 0.66170305
v 10.1117706 24.7812424 0.66170305
v 10.0962992 24.8386497 0.774659514
v 10.1205645 24.8326321 0.774659514
v 10.1175404 24.9083824 0.846381068
v 10.1343641 24.9042091 0.846381068
v 10.1437874 24.9983006 0.869735658
v 10.1531696 24.9959755 0.869735658
v 10.1750393 25.108408 0.842400849
v 10.176981 25.1079273 0.842400849
v 9.94520187 24.7908936 0.360000014
v 9.9895668 24.8092155 0.360000014
v 9.94400692 24.8038292 0.478759676
v 9.98128605 24.8192253 0.478759676
v 9.93333721 24.8397083 0.585709572
v 9.96353054 24.8521767 0.585709572
v 9.91319275 24.8985329 0.670214355
v 9.93630028 24.9080753 0.670214355
v 9.88357258 24.980299 0.723870575
v 9.89959431 24.9869156 0.723870575
v 9.84447765 25.0850105 0.741342604
v 9.85341263 25.0887012 0.741342604
v 9.79590797 25.2126675 0.720892906
v 9.7977562 25.2134304 0.720892906
v 10.2598314 24.8276539 0.360000014
v 10.2924986 24.7924843 0.360000014
v 10.268054 24.8300591 0.470284373
v 10.2955027 24.8005066 0.470284373
v 10.2875032 24.8428917 0.569601774
v 10.3097343 24.8189564 0.569601774
v 10.3181791 24.8661518 0.648075819
v 10.3351927 24.8478336 0.648075819
v 10.3600807 24.8998394 0.697902858
v 10.3718777 24.8871403 0.697902858
v 10.4132099 24.9439564 0.714127958
v 10.4197893 24.9368725 0.714127958
v 10.4775667 24.9985008 0.69513768
v 10.4789276 24.9970341 0.69513768
v 25.6080627 16.8586693 0.360000014
v 25.630888 16.8164425 0.360000014
v 25.62393 16.8628883 0.481624991
v 25.6431103 16.8274078 0.481624991
v 25.6678905 16.8822937 0.591155291
v 25.683424 16.8535576 0.591155291
v 25.7399387 16.9168835 0.67769891
v 25.7518272 16.8948917 0.67769891
v 25.8400803 16.9666595 0.732649684
v 25.8483219 16.9514103 0.732649684
v 25.9683113 17.0316181 0.750543237
v 25.972908 17.0231152 0.750543237
v 26.1246338 17.111763 0.729600132
v 26.1255836 17.1100044 0.729600132
v 25.7183895 16.6765919 0.360000014
v 25.6857529 16.6413937 0.360000014
v 25.7277946 16.6626434 0.523127437
v 25.7003708 16.6330681 0.523127437
v 25.7612228 16.626421 0.670033097
v 25.7390118 16.6024666 0.670033097
v 25.8186722 16.5679226 0.786108196
v 25.8016739 16.5495911 0.786108196
v 25.9001427 16.4871521 0.859810054
v 25.8883572 16.4744415 0.859810054
v 26.0056362 16.3841057 0.883809447
v 25.9990635 16.377018 0.883809447
v 26.1351528 16.2587852 0.855719924
v 26.1337929 16.2573185 0.855719924
v 25.5082703 17.0989704 0.360000014
v 25.5561867 17.1018047 0.360000014
v 25.511261 17.1133251 0.521947742
v 25.5515232 17.1157074 0.521947742
v 25.5125809 17.1559372 0.667790949
v 25.5451889 17.1578655 0.667790949
v 25.512228 17.2268047 0.783026636
v 25.5371838 17.228281 0.783026636
v 25.5102024 17.3259296 0.85619545
v 25.5275059 17.3269539 0.85619545
v 25.5065079 17.4533119 0.880021334
v 25.5161572 17.4538822 0.880021334
v 25.5011387 17.6089497 0.852134883
v 25.5031357 17.6090679 0.852134883
v 25.8015404 16.9144936 0.360000014
v 25.8175564 16.8692436 0.360000014
v 25.8189754 16.9165993 0.486002058
v 25.8324337 16.8785763 0.486002058
v 25.8687286 16.9301414 0.599474132
v 25.8796272 16.8993473 0.599474132
v 25.9507942 16.9551239 0.689132273
v 25.9591351 16.9315567 0.689132273
v 26.0651741 16.9915428 0.746060669
v 26.0709591 16.9752026 0.746060669
v 26.2118702 17.0394001 0.764598191
v 26.2150955 17.0302887 0.764598191
v 26.3908825 17.0986958 0.742901385
v 26.3915501 17.0968113 0.742901385
v 25.3763027 17.034029 0.360000014
v 25.4170723 17.0593662 0.360000014
v 25.3709965 17.0498333 0.538357913
v 25.4052525 17.0711231 0.538357913
v 25.3485603 17.0931969 0.698979437
v 25.3763046 17.1104393 0.698979437
v 25.3089962 17.1641216 0.825891972
v 25.3302307 17.1773167 0.825891972
v 25.252306 17.2626057 0.906475008
v 25.2670288 17.2717552 0.906475008
v 25.1784878 17.3886509 0.932715118
v 25.1866989 17.3937531 0.932715118
v 25.0875416 17.5422573 0.902002931
v 25.089241 17.5433121 0.902002931
v 25.4608555 16.7922096 0.360000014
v 25.4696541 16.8393974 0.360000014
v 25.4476948 16.7985649 0.530090749
v 25.4550877 16.8382149 0.530090749
v 25.406805 16.8100891 0.683267236
v 25.4127941 16.8422012 0.683267236
v 25.3381882 16.8267841 0.804297209
v 25.3427715 16.8513603 0.804297209
v 25.2418442 16.84865 0.88114506
v 25.2450218 16.8656902 0.88114506
v 25.1177711 16.8756886 0.906168938
v 25.1195431 16.885191 0.906168938
v 24.965971 16.907896 0.876880348
v 24.9663372 16.9098625 0.876880348
v 25.2726326 16.9123154 0.360000014
v 25.294157 16.9552174 0.360000014
v 25.2595577 16.9231625 0.514150739
v 25.2776451 16.9592133 0.514150739
v 25.216898 16.9488564 0.652972281
v 25.2315464 16.978054 0.652972281
v 25.1446514 16.9893932 0.762659967
v 25.1558628 17.0117397 0.762659967
v 25.0428181 17.044775 0.832306027
v 25.0505924 17.0602684 0.832306027
v 24.9113998 17.1150017 0.85498482
v 24.9157352 17.123642 0.85498482
v 24.7503948 17.2000732 0.828440964
v 24.7512913 17.2018604 0.828440964
v 25.5980453 16.76161 0.360000014
v 25.5558224 16.7387772 0.360000014
v 25.5996952 16.7505016 0.571193814
v 25.5642166 16.7313156 0.571193814
v 25.6113853 16.7208214 0.761385918
v 25.5826511 16.7052822 0.761385918
v 25.6331196 16.6725712 0.911663234
v 25.6111298 16.6606808 0.911663234
v 25.6648979 16.605751 1.00708163
v 25.6496506 16.5975075 1.00708163
v 25.7067165 16.5203609 1.03815258
v 25.6982136 16.5157623 1.03815258
v 25.7585773 16.416399 1.00178635
v 25.7568188 16.4154472 1.00178635
v 25.608305 16.8350887 0.360000014
v 25.6169605 16.7878742 0.360000014
v 25.6255703 16.8343563 0.554307163
v 25.632843 16.7946835 0.554307163
v 25.6759834 16.8397007 0.729291856
v 25.6818733 16.8075695 0.729291856
v 25.7595425 16.85112 0.867553234
v 25.7640514 16.8265305 0.867553234
v 25.8762512 16.868618 0.955342233
v 25.8793774 16.8515682 0.955342233
v 26.0261078 16.8921909 0.9839288
v 26.0278511 16.8826828 0.9839288
v 26.2091103 16.9218426 0.950470269
v 26.2094727 16.9198742 0.950470269
v 25.4107933 16.8063602 0.360000014
v 25.4212112 16.8532162 0.360000014
v 25.4005394 16.8125668 0.491333574
v 25.4092922 16.8519382 0.491333574
v 25.3681145 16.8237019 0.609606981
v 25.3752022 16.8555889 0.609606981
v 25.3135166 16.8397655 0.703058839
v 25.3189411 16.8641701 0.703058839
v 25.2367458 16.8607578 0.762396038
v 25.2405071 16.8776798 0.762396038
v 25.137804 16.8866806 0.781717956
v 25.1399021 16.8961163 0.781717956
v 25.0166893 16.917532 0.75910306
v 25.0171242 16.9194832 0.75910306
v 25.6290569 16.9824715 0.360000014
v 25.670475 16.9582138 0.360000014
v 25.6367092 16.9879532 0.471955687
v 25.6715126 16.9675694 0.471955687
v 25.6530533 17.0082741 0.572778165
v 25.681242 16.9917641 0.572778165
v 25.6780872 17.0434322 0.652441502
v 25.6996593 17.030798 0.652441502
v 25.7118111 17.0934277 0.703023612
v 25.7267685 17.0846691 0.703023612
v 25.7542267 17.1582642 0.719494581
v 25.7625675 17.1533775 0.719494581
v 25.8053322 17.237936 0.700216532
v 25.8070583 17.2369251 0.700216532
v 25.59165 16.95928 0.360000014
v 25.6358223 16.9404964 0.360000014
v 25.6009598 16.9713783 0.511766911
v 25.6380768 16.955595 0.511766911
v 25.6218338 17.0106735 0.648441792
v 25.6518955 16.9978905 0.648441792
v 25.654274 17.0771675 0.756433189
v 25.6772804 17.0673847 0.756433189
v 25.6982784 17.1708584 0.825002313
v 25.7142296 17.1640759 0.825002313
v 25.753849 17.291748 0.847330332
v 25.7627449 17.2879639 0.847330332
v 25.8209839 17.4398327 0.821196973
v 25.8228245 17.4390507 0.821196973
v 25.2801113 16.7567043 0.360000014
v 25.2766991 16.8045826 0.360000014
v 25.2672672 16.7596321 0.549712658
v 25.2643986 16.7998619 0.549712658
v 25.2292728 16.760767 0.720559835
v 25.2269516 16.7933502 0.720559835
v 25.1661339 16.7601089 0.855551958
v 25.1643562 16.7850456 0.855551958
v 25.0778484 16.7576599 0.941265106
v 25.0766163 16.77495 0.941265106
v 24.9644146 16.753418 0.969175756
v 24.963728 16.7630615 0.969175756
v 24.8258343 16.747385 0.936508417
v 24.8256931 16.7493801 0.936508417
v 25.4209766 16.5789852 0.360000014
v 25.3819752 16.6069641 0.360000014
v 25.4135647 16.5752258 0.486833781
v 25.3807926 16.5987377 0.486833781
v 25.3975525 16.5594845 0.601054907
v 25.3710098 16.5785275 0.601054907
v 25.3729439 16.5317593 0.691304862
v 25.3526306 16.5463333 0.691304862
v 25.3397388 16.4920502 0.748609006
v 25.325655 16.5021534 0.748609006
v 25.2979355 16.4403572 0.767268896
v 25.290081 16.4459915 0.767268896
v 25.2475338 16.3766785 0.74542886
v 25.2459087 16.3778439 0.74542886
v 25.4407463 16.9651947 0.360000014
v 25.483696 16.9866276 0.360000014
v 25.4385529 16.978178 0.495558023
v 25.4746418 16.9961872 0.495558023
v 25.425108 17.0137062 0.617635787
v 25.4543381 17.0282917 0.617635787
v 25.4004154 17.0717773 0.714093626
v 25.4227848 17.0829391 0.714093626
v 25.3644733 17.1523914 0.775339425
v 25.3799839 17.1601295 0.775339425
v 25.3172817 17.2555485 0.795282781
v 25.3259315 17.2598648 0.795282781
v 25.2588425 17.3812504 0.771940529
v 25.2606316 17.3821449 0.771940529
v 25.3013554 16.9775963 0.360000014
v 25.3322353 17.0143452 0.360000014
v 25.2931786 16.9894753 0.5156793
v 25.319128 17.0203533 0.5156793
v 25.2637196 17.0192375 0.655877471
v 25.2847347 17.0442467 0.655877471
v 25.2129745 17.0668869 0.766652822
v 25.2290592 17.0860271 0.766652822
v 25.1409473 17.1324215 0.836989522
v 25.1520996 17.1456928 0.836989522
v 25.047636 17.2158432 0.859893143
v 25.053854 17.2232437 0.859893143
v 24.9330387 17.3171501 0.833086133
v 24.9343262 17.3186817 0.833086133
v 25.3453255 16.6972179 0.360000014
v 25.3283978 16.7421341 0.360000014
v 25.3364754 16.697979 0.523735702
v 25.3222504 16.7357216 0.523735702
v 25.312624 16.6930885 0.671189129
v 25.3011055 16.7236557 0.671189129
v 25.273777 16.6825447 0.787697136
v 25.2649593 16.7059383 0.787697136
v 25.2199287 16.6663475 0.861673772
v 25.2138176 16.6825676 0.861673772
v 25.151083 16.6444988 0.885762632
v 25.1476746 16.6535435 0.885762632
v 25.0672398 16.6169968 0.857568324
v 25.066534 16.6188698 0.857568324
v 25.4522324 16.4996452 0.360000014
v 25.4078503 16.5179272 0.360000014
v 25.4461651 16.4949818 0.575813472
v 25.4088726 16.5103436 0.575813472
v 25.4350548 16.4780712 0.77016592
v 25.40485 16.4905128 0.77016592
v 25.4188976 16.4489136 0.923730373
v 25.3957825 16.458437 0.923730373
v 25.3976974 16.4075108 1.02123594
v 25.38167 16.4141121 1.02123594
v 25.3714504 16.3538609 1.05298662
v 25.3625126 16.357542 1.05298662
v 25.3401604 16.2879639 1.01582479
v 25.3383121 16.2887249 1.01582479
v 25.6483021 16.9636841 0.360000014
v 25.6860199 16.9339943 0.360000014
v 25.6557865 16.9669933 0.542752206
v 25.687479 16.9420452 0.542752206
v 25.6722107 16.9816608 0.707331121
v 25.6978779 16.9614563 0.707331121
v 25.6975765 17.0076885 0.837370455
v 25.7172203 16.9922256 0.837370455
v 25.7318859 17.0450745 0.919938862
v 25.7455044 17.0343533 0.919938862
v 25.775135 17.0938206 0.946825504
v 25.7827301 17.087841 0.946825504
v 25.8273258 17.1539268 0.915356636
v 25.8288975 17.152689 0.915356636
v 25.4969158 16.5410538 0.360000014
v 25.450964 16.5549221 0.360000014
v 25.4890785 16.5283566 0.579469502
v 25.4504662 16.5400105 0.579469502
v 25.4729099 16.4880486 0.777114391
v 25.441637 16.497488 0.777114391
v 25.4484081 16.4201336 0.933280349
v 25.4244747 16.4273567 0.933280349
v 25.4155731 16.3246078 1.0324378
v 25.3989792 16.3296165 1.0324378
v 25.3744049 16.2014732 1.06472635
v 25.3651505 16.2042656 1.06472635
v 25.3249054 16.0507298 1.02693498
v 25.3229904 16.0513077 1.02693498
v 25.5035439 16.6655674 0.360000014
v 25.4614716 16.6886749 0.360000014
v 25.4959831 16.6597633 0.576123536
v 25.4606304 16.6791821 0.576123536
v 25.4800186 16.6386623 0.770755172
v 25.4513874 16.6543884 0.770755172
v 25.4556522 16.6022625 0.924540222
v 25.4337406 16.6142979 0.924540222
v 25.422884 16.5505657 1.02218592
v 25.407692 16.5589104 1.02218592
v 25.3817139 16.4835701 1.05398214
v 25.3732395 16.488224 1.05398214
v 25.33214 16.4012775 1.01676702
v 25.3303871 16.4022408 1.01676702
v 25.3304176 16.7208958 0.360000014
v 25.3188782 16.7674885 0.360000014
v 25.3131104 16.7205582 0.494218469
v 25.3034134 16.7597084 0.494218469
v 25.2630291 16.7121048 0.615089953
v 25.2551765 16.7438145 0.615089953
v 25.1801777 16.6955357 0.710594535
v 25.1741676 16.7198029 0.710594535
v 25.0645542 16.6708508 0.771235168
v 25.0603867 16.6876774 0.771235168
v 24.9161568 16.6380501 0.790981472
v 24.9138336 16.6474342 0.790981472
v 24.7349873 16.5971336 0.76786983
v 24.7345066 16.5990753 0.76786983
v 25.3030624 16.8238392 0.360000014
v 25.3122749 16.8709469 0.360000014
v 25.2895126 16.8303967 0.56202215
v 25.2972546 16.8699799 0.56202215
v 25.2473907 16.8425407 0.743954718
v 25.2536602 16.8745995 0.743954718
v 25.1766968 16.8602715 0.887705803
v 25.1814938 16.8848076 0.887705803
v 25.0774288 16.8835926 0.978980482
v 25.0807571 16.9006023 0.978980482
v 24.9495907 16.9125004 1.00870216
v 24.9514465 16.9219856 1.00870216
v 24.7931805 16.9469948 0.9739151
v 24.7935658 16.9489574 0.9739151
v 25.4460773 16.5734768 0.360000014
v 25.4045792 16.5976009 0.360000014
v 25.4351673 16.5623379 0.508260906
v 25.4002991 16.5826092 0.508260906
v 25.4090672 16.5250683 0.64177835
v 25.380827 16.5414848 0.64177835
v 25.3677769 16.4616642 0.747275054
v 25.3461628 16.4742298 0.747275054
v 25.3112946 16.3721313 0.814260066
v 25.2963085 16.3808422 0.814260066
v 25.2396202 16.2564659 0.836072326
v 25.2312641 16.2613239 0.836072326
v 25.1527557 16.1146698 0.810542703
v 25.1510277 16.115675 0.810542703
v 25.7219963 16.959671 0.360000014
v 25.750885 16.9213371 0.360000014
v 25.7337704 16.9637432 0.567050219
v 25.7580433 16.9315319 0.567050219
v 25.7644768 16.9820843 0.753510833
v 25.7841358 16.9559956 0.753510833
v 25.8141155 17.0146942 0.900839686
v 25.8291626 16.9947281 0.900839686
v 25.8826885 17.0615711 0.994386017
v 25.8931198 17.0477276 0.994386017
v 25.9701939 17.1227169 1.02484739
v 25.9760113 17.114996 1.02484739
v 26.0766335 17.1981297 0.989194572
v 26.077837 17.1965332 0.989194572
v 25.3806744 16.5432873 0.360000014
v 25.3427906 16.5727615 0.360000014
v 25.3695354 16.5352097 0.58562541
v 25.3377018 16.5599785 0.58562541
v 25.342165 16.5062733 0.788814008
v 25.3163815 16.5263329 0.788814008
v 25.298563 16.4564781 0.949360251
v 25.2788334 16.4718304 0.949360251
v 25.2387333 16.3858223 1.05129898
v 25.2250538 16.3964653 1.05129898
v 25.162672 16.2943039 1.08449316
v 25.1550426 16.3002415 1.08449316
v 25.0703831 16.1819286 1.04564178
v 25.0688038 16.183157 1.04564178
v 25.2964077 16.7414379 0.360000014
v 25.2899666 16.7890034 0.360000014
v 25.2791653 16.7429714 0.557866991
v 25.2737522 16.7829399 0.557866991
v 25.2284641 16.7399731 0.73605758
v 25.2240791 16.7723446 0.73605758
v 25.1443043 16.7324429 0.876851976
v 25.1409492 16.7572174 0.876851976
v 25.0266857 16.7203827 0.966249287
v 25.0243587 16.7375603 0.966249287
v 24.8756104 16.7037926 0.9953596
v 24.8743134 16.7133713 0.9953596
v 24.6910763 16.6826687 0.961288095
v 24.6908073 16.6846504 0.961288095
v 25.7693844 16.7135658 0.360000014
v 25.7473354 16.6709309 0.360000014
v 25.7741108 16.7068062 0.584396541
v 25.7555828 16.6709805 0.584396541
v 25.791811 16.6933384 0.786478519
v 25.776804 16.6643219 0.786478519
v 25.822485 16.6731586 0.946150362
v 25.8110008 16.6509533 0.946150362
v 25.8661327 16.6462708 1.04753387
v 25.8581715 16.6308746 1.04753387
v 25.9227543 16.6126747 1.08054721
v 25.918314 16.6040878 1.08054721
v 25.9923515 16.5723667 1.04190755
v 25.9914322 16.570591 1.04190755
v 25.8331661 16.8438473 0.360000014
v 25.8365116 16.7959633 0.360000014
v 25.8454819 16.8408661 0.576700032
v 25.8482933 16.8006306 0.576700032
v 25.881897 16.8395672 0.771850884
v 25.8841743 16.8069801 0.771850884
v 25.9424095 16.8399544 0.926046193
v 25.9441528 16.8150139 0.926046193
v 26.0270214 16.8420238 1.02395236
v 26.0282288 16.8247318 1.02395236
v 26.1357307 16.8457775 1.05583346
v 26.136404 16.836134 1.05583346
v 26.2685394 16.8512173 1.01851904
v 26.2686787 16.8492222 1.01851904
v 25.2996941 16.9269886 0.360000014
v 25.3249912 16.9677811 0.360000014
v 25.2916584 16.9364834 0.53841722
v 25.3129158 16.9707603 0.53841722
v 25.2635117 16.9584484 0.69909215
v 25.2807274 16.9862099 0.69909215
v 25.2152538 16.9928875 0.826046884
v 25.2284298 17.0141335 0.826046884
v 25.146883 17.0397968 0.906656742
v 25.1560192 17.0545292 0.906656742
v 25.058403 17.0991802 0.932905555
v 25.0634975 17.1073952 0.932905555
v 24.94981 17.1710358 0.902183175
v 24.9508648 17.1727352 0.902183175
v 25.5736294 16.88517 0.360000014
v 25.6146603 16.8602619 0.360000014
v 25.582653 16.8926468 0.517757714
v 25.6171303 16.8717155 0.517757714
v 25.6031685 16.919054 0.65982759
v 25.6310921 16.9021015 0.65982759
v 25.6351757 16.9643917 0.772081852
v 25.6565475 16.9514179 0.772081852
v 25.6786766 17.0286598 0.843357623
v 25.6934948 17.0196648 0.843357623
v 25.7336712 17.1118584 0.866567016
v 25.7419338 17.106842 0.866567016
v 25.8001575 17.2139874 0.83940208
v 25.8018665 17.2129498 0.83940208
v 25.5795765 16.6049767 0.360000014
v 25.5315952 16.6036072 0.360000014
v 25.5762024 16.5887852 0.534945011
v 25.5358868 16.587635 0.534945011
v 25.5737476 16.5404263 0.692493021
v 25.5410957 16.5394936 0.692493021
v 25.5722122 16.4599018 0.816977084
v 25.5472221 16.4591885 0.816977084
v 25.5715923 16.3472099 0.896018147
v 25.554266 16.3467159 0.896018147
v 25.5718918 16.2023525 0.921756148
v 25.5622292 16.2020779 0.921756148
v 25.5731106 16.0253296 0.891631663
v 25.5711098 16.0252724 0.891631663
v 25.2629147 16.8369541 0.360000014
v 25.2729683 16.8838882 0.360000014
v 25.2476387 16.8441467 0.541157007
v 25.2560863 16.883585 0.541157007
v 25.2002048 16.8582268 0.704299271
v 25.2070465 16.8901691 0.704299271
v 25.1206131 16.8791981 0.833203554
v 25.1258488 16.9036427 0.833203554
v 25.0088634 16.9070568 0.915051222
v 25.0124931 16.9240055 0.915051222
v 24.8649559 16.9418049 0.9417032
v 24.8669796 16.9512558 0.9417032
v 24.6888905 16.9834404 0.91050905
v 24.6893082 16.9853954 0.91050905
v 25.5377655 16.6892052 0.360000014
v 25.4923096 16.7046223 0.360000014
v 25.5319424 16.6839695 0.54209739
v 25.4937458 16.6969242 0.54209739
v 25.5217304 16.6657963 0.706086516
v 25.4907951 16.6762886 0.706086516
v 25.5071316 16.6346874 0.835659921
v 25.4834576 16.6427174 0.835659921
v 25.4881458 16.5906448 0.917932451
v 25.4717312 16.5962105 0.917932451
v 25.4647732 16.5336647 0.944722712
v 25.4556198 16.536768 0.944722712
v 25.4370136 16.4637489 0.913366616
v 25.4351196 16.4643898 0.913366616
v 25.4162254 16.9686699 0.360000014
v 25.4569244 16.9941196 0.360000014
v 25.4146957 16.9783459 0.510669887
v 25.4488945 16.9997311 0.510669887
v 25.4036064 17.0033092 0.646356761
v 25.4313049 17.020628 0.646356761
v 25.3829594 17.04356 0.753567517
v 25.4041576 17.0568142 0.753567517
v 25.3527527 17.0990982 0.821640968
v 25.3674488 17.1082878 0.821640968
v 25.3129864 17.1699238 0.843807638
v 25.3211823 17.1750488 0.843807638
v 25.2636623 17.2560368 0.817863166
v 25.265358 17.2570972 0.817863166
v 25.670454 16.7256451 0.360000014
v 25.6386814 16.6896648 0.360000014
v 25.6803303 16.7118092 0.558948994
v 25.6536312 16.6815758 0.558948994
v 25.7150326 16.6760483 0.73811394
v 25.693409 16.6515617 0.73811394
v 25.7745628 16.6183624 0.879678249
v 25.7580128 16.5996246 0.879678249
v 25.8589191 16.5387535 0.969564438
v 25.8474445 16.5257607 0.969564438
v 25.9681015 16.4372177 0.998833954
v 25.9617023 16.4299717 0.998833954
v 26.1021099 16.3137589 0.964576125
v 26.1007862 16.3122597 0.964576125
v 25.8147984 16.9319344 0.360000014
v 25.8326473 16.8873768 0.360000014
v 25.825491 16.9320889 0.485712588
v 25.8404903 16.8946476 0.485712588
v 25.8547173 16.9396667 0.598923981
v 25.8668652 16.9093437 0.598923981
v 25.9024773 16.95467 0.688376188
v 25.9117756 16.9314632 0.688376188
v 25.9687729 16.9771004 0.745173752
v 25.9752178 16.96101 0.745173752
v 26.0536022 17.0069523 0.763668716
v 26.0571957 16.9979801 0.763668716
v 26.1569653 17.0442314 0.742021739
v 26.1577091 17.0423756 0.742021739
v 25.4743309 16.7884731 0.360000014
v 25.4823456 16.8358002 0.360000014
v 25.4636116 16.7941761 0.55740267
v 25.4703465 16.8339443 0.55740267
v 25.4301758 16.8037262 0.735175133
v 25.4356308 16.8359356 0.735175133
v 25.3740234 16.8171253 0.8756392
v 25.3781986 16.841774 0.8756392
v 25.2951546 16.8343697 0.964826763
v 25.298048 16.8514595 0.964826763
v 25.1935673 16.8554611 0.993868768
v 25.1951828 16.8649921 0.993868768
v 25.0692635 16.8804016 0.959877193
v 25.0695992 16.8823738 0.959877193
v 25.732851 16.6513863 0.360000014
v 25.6989384 16.6174145 0.360000014
v 25.7378387 16.6409893 0.585573554
v 25.7093449 16.6124439 0.585573554
v 25.7582226 16.6152267 0.788715482
v 25.7351456 16.5921059 0.788715482
v 25.7940006 16.5740948 0.94922483
v 25.7763386 16.5564022 0.94922483
v 25.8451748 16.5175972 1.05114019
v 25.8329277 16.5053291 1.05114019
v 25.9117413 16.4457321 1.08432662
v 25.9049129 16.4388905 1.08432662
v 25.9937038 16.3584995 1.0454843
v 25.9922905 16.3570843 1.0454843
v 25.4744282 17.0332432 0.360000014
v 25.5213184 17.043499 0.360000014
v 25.47616 17.0432644 0.489481837
v 25.5155621 17.0518799 0.489481837
v 25.4738693 17.0716877 0.606087685
v 25.5057812 17.0786648 0.606087685
v 25.4675522 17.1185131 0.698221922
v 25.4919758 17.1238537 0.698221922
v 25.4572124 17.1837406 0.75672245
v 25.4741459 17.1874428 0.75672245
v 25.4428482 17.2673721 0.775771916
v 25.4522915 17.2694359 0.775771916
v 25.4244595 17.3694057 0.753475904
v 25.4264145 17.369833 0.753475904
v 25.5085182 16.8833561 0.360000014
v 25.5555515 16.8929405 0.360000014
v 25.5109978 16.8903847 0.536651671
v 25.5505199 16.8984375 0.536651671
v 25.5109253 16.9099369 0.695736706
v 25.5429344 16.91646 0.695736706
v 25.5083008 16.9420166 0.821435153
v 25.5327969 16.9470081 0.821435153
v 25.5031223 16.9866199 0.901247323
v 25.5201054 16.9900818 0.901247323
v 25.4953918 17.0437489 0.927236378
v 25.5048637 17.0456791 0.927236378
v 25.4851074 17.1134033 0.896818042
v 25.4870663 17.113802 0.896818042
v 25.6956978 17.0276127 0.360000014
v 25.7336674 16.9982471 0.360000014
v 25.7056141 17.0341663 0.504718184
v 25.7375183 17.009491 0.504718184
v 25.7292957 17.0585194 0.635045171
v 25.7551346 17.0385361 0.635045171
v 25.7667427 17.1006737 0.738021016
v 25.7865181 17.0853786 0.738021016
v 25.8179569 17.1606255 0.803405404
v 25.8316669 17.1500206 0.803405404
v 25.8829365 17.2383766 0.824696481
v 25.890583 17.2324619 0.824696481
v 25.9616814 17.3339252 0.799776852
v 25.9632645 17.3327026 0.799776852
v 25.7722187 16.9435749 0.360000014
v 25.7945042 16.9010601 0.360000014
v 25.7855778 16.9462471 0.570615888
v 25.8043022 16.9105244 0.570615888
v 25.8220921 16.9610596 0.760287523
v 25.8372574 16.9321251 0.760287523
v 25.8817635 16.9880085 0.910153568
v 25.8933697 16.9658661 0.910153568
v 25.964592 17.0270939 1.00531089
v 25.9726391 17.0117416 1.00531089
v 26.0705776 17.0783195 1.03629684
v 26.0750637 17.0697575 1.03629684
v 26.1997185 17.1416817 1.00003004
v 26.2006474 17.1399097 1.00003004
v 25.6388969 16.5349922 0.360000014
v 25.5922451 16.5236912 0.360000014
v 25.6383286 16.521059 0.46946618
v 25.5991287 16.5115623 0.46946618
v 25.6440735 16.4810658 0.568046808
v 25.6123238 16.4733753 0.568046808
v 25.6561317 16.4150124 0.645938635
v 25.631834 16.4091263 0.645938635
v 25.6745033 16.322897 0.695396066
v 25.6576576 16.3188152 0.695396066
v 25.6991882 16.2047215 0.711500764
v 25.6897945 16.202446 0.711500764
v 25.7301884 16.0604839 0.692651331
v 25.7282448 16.0600147 0.692651331
v 25.404953 16.683012 0.360000014
v 25.3798809 16.7239437 0.360000014
v 25.395525 16.6817322 0.55573678
v 25.3744583 16.7161274 0.55573678
v 25.3712482 16.6713581 0.732008934
v 25.354187 16.6992149 0.732008934
v 25.3321228 16.6518879 0.871287584
v 25.3190651 16.6732082 0.871287584
v 25.2781487 16.6233234 0.959722459
v 25.2690945 16.6381035 0.959722459
v 25.2093239 16.5856628 0.988519371
v 25.2042732 16.5939064 0.988519371
v 25.1256485 16.5389061 0.954814672
v 25.1246052 16.5406113 0.954814672
v 25.2779884 16.8245335 0.360000014
v 25.2864857 16.8717747 0.360000014
v 25.2659454 16.8305931 0.534969687
v 25.2730846 16.8702888 0.534969687
v 25.2284622 16.8412285 0.69253993
v 25.2342434 16.8733807 0.69253993
v 25.165535 16.8564396 0.817041516
v 25.16996 16.8810463 0.817041516
v 25.0771656 16.8762264 0.896093726
v 25.0802326 16.8932877 0.896093726
v 24.9633541 16.900589 0.921835363
v 24.965065 16.9101028 0.921835363
v 24.8241005 16.9295273 0.891706645
v 24.8244534 16.9314957 0.891706645
v 25.750246 16.9769402 0.360000014
v 25.7786694 16.938261 0.360000014
v 25.7629814 16.9815426 0.523093879
v 25.7868652 16.9490414 0.523093879
v 25.7966461 17.0015259 0.669969261
v 25.8159904 16.9752026 0.669969261
v 25.8512402 17.0368881 0.786020517
v 25.866045 17.0167427 0.786020517
v 25.9267654 17.0876331 0.859707177
v 25.9370308 17.0736656 0.859707177
v 26.0232201 17.153759 0.883701682
v 26.0289459 17.1459694 0.883701682
v 26.1406059 17.2352657 0.855617881
v 26.1417904 17.233654 0.855617881
v 25.6492805 16.8340931 0.360000014
v 25.6540775 16.7863331 0.360000014
v 25.6648083 16.8318005 0.543487906
v 25.6688404 16.7916679 0.543487906
v 25.7106285 16.83255 0.708729267
v 25.713892 16.8000469 0.708729267
v 25.7867355 16.8363419 0.839292109
v 25.7892342 16.8114662 0.839292109
v 25.8931351 16.8431759 0.922192872
v 25.8948669 16.8259296 0.922192872
v 26.0298233 16.853054 0.949187756
v 26.0307903 16.8434353 0.949187756
v 26.196804 16.8659725 0.917592227
v 26.1970024 16.8639832 0.917592227
v 25.7287006 16.8433437 0.360000014
v 25.7338295 16.7956181 0.360000014
v 25.7379456 16.8404808 0.524006248
v 25.7422562 16.8003788 0.524006248
v 25.7648602 16.8395176 0.671703219
v 25.7683506 16.8070393 0.671703219
v 25.8094463 16.8404541 0.78840369
v 25.8121166 16.8155975 0.78840369
v 25.8717003 16.8432903 0.862502515
v 25.8735523 16.8260555 0.862502515
v 25.9516258 16.8480244 0.88663125
v 25.9526596 16.8384132 0.88663125
v 26.049221 16.8546562 0.858390331
v 26.0494347 16.8526688 0.858390331
v 25.5384827 16.6914291 0.360000014
v 25.4930325 16.7068615 0.360000014
v 25.532465 16.685627 0.496629775
v 25.4942722 16.6985931 0.496629775
v 25.5216694 16.6657524 0.619672716
v 25.490736 16.6762562 0.619672716
v 25.5060959 16.6318092 0.716893196
v 25.4824238 16.6398468 0.716893196
v 25.4857464 16.5837936 0.778623223
v 25.4693317 16.5893669 0.778623223
v 25.4606171 16.5217075 0.798724294
v 25.4514637 16.5248165 0.798724294
v 25.4307117 16.4455509 0.775197446
v 25.4288177 16.4461956 0.775197446
v 25.7271767 16.7405014 0.360000014
v 25.7061787 16.6973362 0.360000014
v 25.7342148 16.7328129 0.48668623
v 25.7165718 16.6965446 0.48668623
v 25.7586842 16.7166481 0.600774467
v 25.7443943 16.687273 0.600774467
v 25.8005848 16.6920013 0.690919459
v 25.7896481 16.6695213 0.690919459
v 25.8599148 16.6588783 0.748156905
v 25.8523331 16.6432915 0.748156905
v 25.936676 16.6172733 0.766795099
v 25.9324474 16.6085815 0.766795099
v 26.0308685 16.5671902 0.744980454
v 26.029995 16.5653915 0.744980454
v 25.7405853 16.6148129 0.360000014
v 25.7041626 16.5835495 0.360000014
v 25.7478218 16.6004963 0.536385894
v 25.7172165 16.5742264 0.536385894
v 25.7753506 16.5625381 0.695231497
v 25.7505646 16.5412617 0.695231497
v 25.8231735 16.5009403 0.820740819
v 25.804203 16.4846573 0.820740819
v 25.8912868 16.4157009 0.900432885
v 25.8781338 16.4044113 0.900432885
v 25.9796925 16.3068199 0.92638284
v 25.9723568 16.3005238 0.92638284
v 26.0883904 16.1742992 0.89601028
v 26.0868721 16.1729965 0.89601028
v 25.4961815 16.5946903 0.360000014
v 25.4514236 16.6120338 0.360000014
v 25.4869537 16.5814838 0.560337782
v 25.4493446 16.596056 0.560337782
v 25.4664154 16.539093 0.740753412
v 25.435955 16.5508957 0.740753412
v 25.4345703 16.4675179 0.883305967
v 25.4112587 16.4765511 0.883305967
v 25.3914146 16.3667603 0.973819613
v 25.3752518 16.373024 0.973819613
v 25.3369522 16.2368183 1.0032934
v 25.3279381 16.2403126 1.0032934
v 25.2711792 16.0776939 0.968796492
v 25.2693157 16.0784168 0.968796492
v 25.7449341 16.6982937 0.360000014
v 25.7182178 16.6584148 0.360000014
v 25.7521477 16.6888447 0.506196737
v 25.7296982 16.6553364 0.506196737
v 25.778059 16.666872 0.637855291
v 25.7598763 16.6397324 0.637855291
v 25.8226662 16.6323738 0.741883159
v 25.8087521 16.6116047 0.741883159
v 25.8859711 16.58535 0.807935596
v 25.8763237 16.5709496 0.807935596
v 25.9679699 16.5257988 0.82944417
v 25.9625912 16.5177689 0.82944417
v 26.0686684 16.4537239 0.804269969
v 26.0675545 16.4520626 0.804269969
v 25.4352455 16.8190308 0.360000014
v 25.4526997 16.8637447 0.360000014
v 25.4240322 16.8275223 0.549901307
v 25.4386997 16.8650951 0.549901307
v 25.3876095 16.8458557 0.720918298
v 25.3994865 16.8762856 0.720918298
v 25.3259716 16.8740311 0.85604465
v 25.335062 16.8973179 0.85604465
v 25.2391224 16.9120464 0.941843033
v 25.2454262 16.9281921 0.941843033
v 25.1270618 16.9599037 0.969781399
v 25.1305771 16.9689083 0.969781399
v 24.98979 17.0176029 0.937081575
v 24.9905167 17.0194664 0.937081575
v 25.3120995 16.8475704 0.360000014
v 25.3261204 16.8934765 0.360000014
v 25.3060398 16.8534298 0.500241637
v 25.3178215 16.892004 0.500241637
v 25.2856197 16.8636742 0.626537263
v 25.2951622 16.8949165 0.626537263
v 25.2508411 16.8783054 0.726327717
v 25.2581444 16.9022141 0.726327717
v 25.201704 16.8973217 0.7896896
v 25.206768 16.9139004 0.7896896
v 25.1382065 16.9207249 0.810322046
v 25.1410313 16.9299698 0.810322046
v 25.0603504 16.9485149 0.786173284
v 25.0609341 16.9504261 0.786173284
v 25.3844566 16.8707027 0.360000014
v 25.4090271 16.9119377 0.360000014
v 25.3801823 16.8777122 0.475055903
v 25.4008274 16.9123611 0.475055903
v 25.3634357 16.8921528 0.578670382
v 25.3801575 16.9202156 0.578670382
v 25.3342171 16.9140263 0.660539687
v 25.3470135 16.935503 0.660539687
v 25.2925243 16.9433308 0.712522507
v 25.3013973 16.9582214 0.712522507
v 25.2383595 16.9800682 0.72944963
v 25.243309 16.9883728 0.72944963
v 25.1717243 17.0242367 0.709637702
v 25.1727467 17.0259552 0.709637702
v 25.4220905 16.6096725 0.360000014
v 25.385273 16.6404686 0.360000014
v 25.4085445 16.599453 0.528508246
v 25.3776073 16.62533 0.528508246
v 25.3737869 16.5638733 0.680259585
v 25.3487301 16.5848331 0.680259585
v 25.3178177 16.5029354 0.800163448
v 25.2986412 16.5189743 0.800163448
v 25.2406368 16.4166374 0.876296341
v 25.2273407 16.4277573 0.876296341
v 25.1422443 16.3049793 0.901087344
v 25.1348286 16.311182 0.901087344
v 25.0226402 16.167963 0.872071266
v 25.0211048 16.1692467 0.872071266
v 25.6650314 16.851368 0.360000014
v 25.6758957 16.8046131 0.360000014
v 25.6764412 16.8500843 0.541807652
v 25.6855698 16.8107967 0.541807652
v 25.7089329 16.8536987 0.705535889
v 25.7163258 16.8218784 0.705535889
v 25.7625065 16.8622112 0.834903181
v 25.7681656 16.8378601 0.834903181
v 25.8371639 16.8756237 0.917044818
v 25.8410873 16.8587399 0.917044818
v 25.9329052 16.8939342 0.943792462
v 25.9350929 16.8845196 0.943792462
v 26.0497284 16.9171448 0.912486255
v 26.0501804 16.9151955 0.912486255
v 25.4796429 16.8481407 0.360000014
v 25.5168056 16.878521 0.360000014
v 25.4727097 16.8626766 0.579340637
v 25.5039368 16.8882065 0.579340637
v 25.4459743 16.9014378 0.776869476
v 25.4712639 16.9221134 0.776869476
v 25.399435 16.9644184 0.932943702
v 25.4187908 16.9802418 0.932943702
v 25.3330936 17.0516224 1.03204298
v 25.3465137 17.0625935 1.03204298
v 25.2469482 17.1630497 1.06431246
v 25.2544327 17.1691666 1.06431246
v 25.1410027 17.2986965 1.02654338
v 25.1425514 17.299963 1.02654338
v 25.6465664 16.8457947 0.360000014
v 25.6568699 16.798914 0.360000014
v 25.659687 16.8447533 0.571909785
v 25.6683445 16.8053589 0.571909785
v 25.697401 16.8491173 0.762746751
v 25.7044125 16.8172112 0.762746751
v 25.7597103 16.8588848 0.913533509
v 25.7650776 16.8344669 0.913533509
v 25.8466148 16.8740578 1.00927544
v 25.8503361 16.8571301 1.00927544
v 25.9581146 16.8946362 1.04045177
v 25.9601898 16.8851948 1.04045177
v 26.0942078 16.92062 1.00396216
v 26.0946369 16.9186668 1.00396216
v 25.8572845 16.8365917 0.360000014
v 25.8592453 16.7886333 0.360000014
v 25.8732376 16.8334084 0.586180031
v 25.8748875 16.793108 0.586180031
v 25.9207897 16.8315182 0.789868116
v 25.9221249 16.7988777 0.789868116
v 25.9999352 16.8309193 0.950809062
v 26.0009575 16.8059406 0.950809062
v 26.1106777 16.8316135 1.0529983
v 26.1113853 16.8142948 1.0529983
v 26.2530155 16.833601 1.08627415
v 26.2534103 16.8239422 1.08627415
v 26.4269485 16.8368797 1.04732728
v 26.4270306 16.8348827 1.04732728
v 25.5809212 16.7451534 0.360000014
v 25.5332794 16.7392998 0.360000014
v 25.5781078 16.7366047 0.584854662
v 25.5380764 16.7316856 0.584854662
v 25.577282 16.7118969 0.787349164
v 25.5448608 16.7079124 0.787349164
v 25.5784435 16.6710281 0.947346926
v 25.5536289 16.6679783 0.947346926
v 25.5815887 16.6139984 1.04893744
v 25.5643845 16.6118851 1.04893744
v 25.5867195 16.5408077 1.08201826
v 25.5771255 16.539629 1.08201826
v 25.5938377 16.451458 1.04329956
v 25.5918522 16.4512138 1.04329956
v 25.6514244 16.7625771 0.360000014
v 25.625227 16.7223568 0.360000014
v 25.6634521 16.7501678 0.539507389
v 25.6414375 16.7163715 0.539507389
v 25.7037163 16.7193661 0.701164067
v 25.6858864 16.6919937 0.701164067
v 25.7722168 16.6701698 0.828894556
v 25.7585716 16.6492233 0.828894556
v 25.8689556 16.6025829 0.909996927
v 25.8594952 16.5880585 0.909996927
v 25.9939308 16.5166016 0.936406136
v 25.9886551 16.5085011 0.936406136
v 26.1471443 16.4122257 0.905496061
v 26.1460533 16.4105492 0.905496061
v 25.4170208 16.6571007 0.360000014
v 25.3861694 16.6938725 0.360000014
v 25.4083214 16.6548061 0.502171636
v 25.3823967 16.6857052 0.502171636
v 25.3871498 16.642046 0.630205333
v 25.3661518 16.6670704 0.630205333
v 25.3535042 16.6188221 0.731369138
v 25.3374348 16.6379738 0.731369138
v 25.3073864 16.5851326 0.795602977
v 25.2962456 16.5984116 0.795602977
v 25.2487984 16.5409794 0.81651938
v 25.2425842 16.5483856 0.81651938
v 25.1777363 16.4863625 0.792038262
v 25.1764507 16.4878941 0.792038262
v 25.3349648 17.0064926 0.360000014
v 25.3708897 17.0383263 0.360000014
v 25.3334827 17.0139465 0.525849521
v 25.3636703 17.0406952 0.525849521
v 25.3232956 17.0312233 0.675206482
v 25.347744 17.052887 0.675206482
v 25.3044052 17.058321 0.793218553
v 25.3231163 17.0749016 0.793218553
v 25.2768116 17.0952435 0.868150234
v 25.2897854 17.1067371 0.868150234
v 25.2405148 17.1419868 0.892550111
v 25.2477493 17.1483974 0.892550111
v 25.1955128 17.1985531 0.863991797
v 25.19701 17.1998806 0.863991797
v 25.4825478 16.6488514 0.360000014
v 25.4420147 16.6745625 0.360000014
v 25.4741096 16.6427059 0.506965935
v 25.4400501 16.6643105 0.506965935
v 25.4552708 16.6201611 0.639317214
v 25.4276848 16.6376591 0.639317214
v 25.4260292 16.5812168 0.743892491
v 25.4049168 16.5946083 0.743892491
v 25.386385 16.5258751 0.810292423
v 25.371748 16.5351601 0.810292423
v 25.33634 16.454134 0.831914186
v 25.3281784 16.4593124 0.831914186
v 25.2758942 16.3659954 0.806607485
v 25.2742062 16.3670654 0.806607485
v 25.3000641 16.6647301 0.360000014
v 25.2808628 16.7087231 0.360000014
v 25.2898083 16.6644363 0.521307349
v 25.273674 16.7014027 0.521307349
v 25.2621059 16.6565285 0.666573822
v 25.2490387 16.6864681 0.666573822
v 25.2169571 16.6410065 0.781353831
v 25.2069569 16.6639194 0.781353831
v 25.1543636 16.6178684 0.854233325
v 25.1474285 16.6337547 0.854233325
v 25.0743217 16.5871181 0.877964914
v 25.0704556 16.5959778 0.877964914
v 24.9768372 16.5487537 0.850188792
v 24.9760361 16.5505867 0.850188792
v 25.6293869 17.0079823 0.360000014
v 25.6721249 16.9861298 0.360000014
v 25.6369858 17.0144215 0.520344973
v 25.6728973 16.9960594 0.520344973
v 25.6529541 17.0372295 0.664744854
v 25.6820393 17.0223579 0.664744854
v 25.6772919 17.0764084 0.778840125
v 25.6995506 17.0650272 0.778840125
v 25.7099991 17.1319561 0.851284802
v 25.7254314 17.1240654 0.851284802
v 25.7510757 17.2038727 0.87487489
v 25.7596836 17.1994724 0.87487489
v 25.8005238 17.29216 0.847264409
v 25.8023033 17.2912483 0.847264409
v 25.5491772 16.936594 0.360000014
v 25.5964813 16.9284458 0.360000014
v 25.5551472 16.9486694 0.581962407
v 25.5948963 16.9418221 0.581962407
v 25.5655022 16.9861965 0.781852365
v 25.5976944 16.9806499 0.781852365
v 25.5802422 17.0491753 0.939792156
v 25.6048794 17.0449314 0.939792156
v 25.5993652 17.1376076 1.0400759
v 25.6164474 17.1346645 1.0400759
v 25.6228752 17.2514896 1.07273114
v 25.6324005 17.2498493 1.07273114
v 25.6507683 17.3908253 1.03451061
v 25.6527386 17.3904858 1.03451061
v 25.5129375 16.7265301 0.360000014
v 25.4782505 16.7597084 0.360000014
v 25.5047283 16.7234955 0.480298251
v 25.4755821 16.7513733 0.480298251
v 25.4856434 16.7090874 0.588633776
v 25.462038 16.7316685 0.588633776
v 25.4556828 16.6833115 0.674233317
v 25.4376163 16.700592 0.674233317
v 25.4148464 16.646162 0.728584647
v 25.402319 16.658144 0.728584647
v 25.3631325 16.5976429 0.746283054
v 25.3561459 16.6043262 0.746283054
v 25.3005428 16.5377541 0.725568414
v 25.2990971 16.5391369 0.725568414
v 25.4980431 16.8173828 0.360000014
v 25.5316753 16.8516312 0.360000014
v 25.4911423 16.8295307 0.552081227
v 25.5194016 16.8583088 0.552081227
v 25.4650688 16.860508 0.725061417
v 25.487957 16.8838158 0.725061417
v 25.4198208 16.9103107 0.86173892
v 25.4373379 16.9281483 0.86173892
v 25.3554001 16.978941 0.94852221
v 25.3675442 16.9913082 0.94852221
v 25.2718067 17.0663986 0.976781309
v 25.2785797 17.0732975 0.976781309
v 25.1690388 17.1726856 0.943706095
v 25.1704407 17.1741123 0.943706095
v 25.5472279 17.1016178 0.360000014
v 25.595108 17.098238 0.360000014
v 25.5519009 17.1133842 0.559097052
v 25.5921345 17.1105442 0.559097052
v 25.5582733 17.1492214 0.738395393
v 25.5908585 17.1469212 0.738395393
v 25.5663433 17.2091312 0.880065143
v 25.5912819 17.2073727 0.880065143
v 25.5761147 17.2931137 0.970018208
v 25.5934048 17.291893 0.970018208
v 25.5875835 17.4011688 0.99930948
v 25.5972252 17.4004879 0.99930948
v 25.6007519 17.5332947 0.9650262
v 25.602747 17.5331535 0.9650262
v 25.3451958 16.9186707 0.360000014
v 25.3733482 16.9575481 0.360000014
v 25.3397999 16.9273109 0.477815419
v 25.3634567 16.95998 0.477815419
v 25.3191166 16.9470234 0.583914936
v 25.3382759 16.9734802 0.583914936
v 25.283144 16.9778042 0.667747796
v 25.2978058 16.9980526 0.667747796
v 25.2318821 17.0196571 0.720977426
v 25.2420483 17.0336952 0.720977426
v 25.1653309 17.0725803 0.738310516
v 25.1710014 17.08041 0.738310516
v 25.0834923 17.1365738 0.718023419
v 25.0846653 17.138195 0.718023419
v 25.6357059 16.8805141 0.360000014
v 25.660738 16.8395576 0.360000014
v 25.6434937 16.8807812 0.56810075
v 25.6645279 16.8463669 0.56810075
v 25.662859 16.8881264 0.75550741
v 25.6798954 16.8602524 0.75550741
v 25.6938038 16.9025459 0.903583765
v 25.7068424 16.881216 0.903583765
v 25.7363262 16.9240437 0.997604728
v 25.7453651 16.909256 0.997604728
v 25.7904243 16.9526196 1.02822065
v 25.7954655 16.9443703 1.02822065
v 25.856102 16.9882698 0.992386937
v 25.8571453 16.9865646 0.992386937
v 25.3657856 16.726162 0.360000014
v 25.353447 16.7725487 0.360000014
v 25.3569641 16.7277813 0.506914616
v 25.3465958 16.7667599 0.506914616
v 25.3324661 16.7252312 0.639219642
v 25.32407 16.7568016 0.639219642
v 25.2922955 16.7185135 0.743758321
v 25.2858696 16.742672 0.743758321
v 25.2364521 16.7076244 0.810135067
v 25.2319965 16.7243748 0.810135067
v 25.1649323 16.6925659 0.83174926
v 25.1624489 16.7019081 0.83174926
v 25.0777397 16.6733379 0.80645144
v 25.0772266 16.6752701 0.80645144
v 25.4396515 16.9303093 0.360000014
v 25.4802799 16.9558735 0.360000014
v 25.4352055 16.9445763 0.517736316
v 25.4693432 16.9660549 0.517736316
v 25.4153767 16.9832878 0.65978694
v 25.4430256 17.0006847 0.65978694
v 25.3801632 17.0464497 0.772025943
v 25.4013233 17.059763 0.772025943
v 25.3295689 17.134058 0.843292058
v 25.3442402 17.1432896 0.843292058
v 25.2635918 17.2461147 0.866498291
v 25.2717724 17.2512627 0.866498291
v 25.1822319 17.3826199 0.839337051
v 25.1839237 17.3836842 0.839337051
v 25.306612 16.620224 0.360000014
v 25.2812462 16.6609745 0.360000014
v 25.2989216 16.6199532 0.473379821
v 25.277607 16.6541939 0.473379821
v 25.2799015 16.612627 0.575484812
v 25.2626381 16.6403599 0.575484812
v 25.2495518 16.5982513 0.656161487
v 25.2363396 16.6194744 0.656161487
v 25.2078724 16.5768204 0.70738709
v 25.1987114 16.5915356 0.70738709
v 25.1548634 16.5483379 0.724067569
v 25.1497536 16.5565453 0.724067569
v 25.0905247 16.512804 0.704544246
v 25.0894661 16.5145016 0.704544246
v 25.7569733 16.9314442 0.360000014
v 25.778616 16.8886013 0.360000014
v 25.7737026 16.9356003 0.490917146
v 25.7918873 16.899601 0.490917146
v 25.8204288 16.9549122 0.608815551
v 25.8351593 16.9257545 0.608815551
v 25.8971558 16.9893761 0.701971114
v 25.9084282 16.967062 0.701971114
v 26.0038815 17.0389957 0.7611202
v 26.0116978 17.0235252 0.7611202
v 26.1406059 17.1037712 0.780380785
v 26.1449661 17.0951424 0.780380785
v 26.3073311 17.1837006 0.757837653
v 26.3082333 17.1819153 0.757837653
v 25.5010033 16.5981083 0.360000014
v 25.4559765 16.6147404 0.360000014
v 25.4940472 16.5903416 0.51407975
v 25.456213 16.6043167 0.51407975
v 25.4803715 16.5643826 0.652837396
v 25.449728 16.5757027 0.652837396
v 25.4599762 16.5202351 0.762474537
v 25.4365253 16.5288982 0.762474537
v 25.4328613 16.4578972 0.83208859
v 25.4166012 16.4639034 0.83208859
v 25.399025 16.377367 0.854756892
v 25.3899574 16.3807163 0.854756892
v 25.358469 16.2786484 0.828225315
v 25.3565941 16.2793407 0.828225315
v 25.6352863 16.5560207 0.360000014
v 25.5886993 16.5444565 0.360000014
v 25.6347694 16.5421848 0.50521487
v 25.5956249 16.5324688 0.50521487
v 25.6406631 16.5025272 0.63598913
v 25.6089592 16.4946594 0.63598913
v 25.6529655 16.437048 0.739318371
v 25.6287022 16.4310265 0.739318371
v 25.6716785 16.3457451 0.80492717
v 25.6548557 16.3415699 0.80492717
v 25.6968002 16.2286205 0.826291263
v 25.687418 16.2262917 0.826291263
v 25.7283306 16.0856743 0.801286161
v 25.7263889 16.0851917 0.801286161
v 25.497715 16.8519611 0.360000014
v 25.5407906 16.8731365 0.360000014
v 25.4964085 16.863306 0.478217512
v 25.5326061 16.8810997 0.478217512
v 25.4856129 16.893959 0.584679186
v 25.5149288 16.9083691 0.584679186
v 25.4653244 16.9439201 0.668798149
v 25.4877605 16.9549484 0.668798149
v 25.435545 17.0131874 0.722209454
v 25.4511013 17.020834 0.722209454
v 25.3962765 17.1017647 0.739601672
v 25.4049511 17.1060276 0.739601672
v 25.3475151 17.2096481 0.719245374
v 25.3493099 17.2105312 0.719245374
v 25.433075 16.5408001 0.360000014
v 25.3911419 16.5641594 0.360000014
v 25.4264069 16.5367088 0.508044541
v 25.3911724 16.5563374 0.508044541
v 25.4131031 16.5207043 0.641367137
v 25.3845673 16.536602 0.641367137
v 25.3931618 16.4927845 0.746709824
v 25.3713226 16.5049515 0.746709824
v 25.3665848 16.4529533 0.813597083
v 25.3514423 16.4613895 0.813597083
v 25.3333702 16.4012089 0.835377514
v 25.3249245 16.4059124 0.835377514
v 25.2935181 16.3375492 0.809885144
v 25.2917709 16.3385239 0.809885144
v 25.5752678 17.0949116 0.360000014
v 25.6226025 17.0869503 0.360000014
v 25.5815735 17.1092892 0.531951606
v 25.6213474 17.1025982 0.531951606
v 25.5929298 17.1536922 0.686803877
v 25.6251431 17.1482735 0.686803877
v 25.6093369 17.2281227 0.809157908
v 25.6339893 17.2239761 0.809157908
v 25.6307926 17.3325787 0.886846542
v 25.6478863 17.3297024 0.886846542
v 25.6573009 17.4670601 0.912144184
v 25.6668339 17.465456 0.912144184
v 25.6888599 17.6315689 0.88253516
v 25.6908321 17.631237 0.88253516
v 25.5208473 16.7729015 0.360000014
v 25.515976 16.8206539 0.360000014
v 25.5142956 16.7760849 0.563395023
v 25.5102005 16.8162098 0.563395023
v 25.4954147 16.7780132 0.746563971
v 25.4920998 16.8105106 0.746563971
v 25.4642086 16.7786827 0.891291976
v 25.4616699 16.8035526 0.891291976
v 25.4206734 16.7780933 0.983186901
v 25.4189148 16.7953377 0.983186901
v 25.3648129 16.776247 1.01311052
v 25.3638325 16.7858639 1.01311052
v 25.2966251 16.7731438 0.978087068
v 25.2964211 16.7751331 0.978087068
v 25.3967514 16.5518417 0.360000014
v 25.3581257 16.5803375 0.360000014
v 25.3898983 16.5490112 0.471208662
v 25.3574409 16.5729542 0.471208662
v 25.3755093 16.5359612 0.571358442
v 25.3492222 16.5553551 0.571358442
v 25.3535824 16.5126972 0.650490165
v 25.3334637 16.5275383 0.650490165
v 25.3241196 16.4792175 0.700734794
v 25.3101711 16.4895077 0.700734794
v 25.2871189 16.4355202 0.717095912
v 25.2793407 16.4412594 0.717095912
v 25.2425823 16.3816071 0.697946429
v 25.2409725 16.3827953 0.697946429
v 25.3226433 16.5811176 0.360000014
v 25.292078 16.6181297 0.360000014
v 25.3136272 16.5786457 0.521866202
v 25.2879448 16.609745 0.521866202
v 25.2914639 16.5653133 0.667635977
v 25.2706623 16.5905018 0.667635977
v 25.2561512 16.5411224 0.782813668
v 25.2402325 16.5604 0.782813668
v 25.2076893 16.506073 0.855945647
v 25.1966534 16.5194397 0.855945647
v 25.14608 16.4601669 0.87975949
v 25.139925 16.4676208 0.87975949
v 25.0713215 16.4034004 0.851887107
v 25.0700474 16.4049435 0.851887107
v 25.8012009 16.696249 0.360000014
v 25.7790318 16.6536751 0.360000014
v 25.8081036 16.6883335 0.572647393
v 25.7894745 16.6525593 0.572647393
v 25.8323479 16.6713848 0.764148533
v 25.8172607 16.6424122 0.764148533
v 25.8739376 16.6454067 0.91546011
v 25.8623905 16.6232319 0.91546011
v 25.9328709 16.6103954 1.01153529
v 25.9248657 16.5950222 1.01153529
v 26.0091476 16.5663528 1.0428201
v 26.0046825 16.5577793 1.0428201
v 26.1027679 16.513279 1.00620353
v 26.1018448 16.5115051 1.00620353
v 25.5023842 17.0112038 0.360000014
v 25.5500908 17.0165043 0.360000014
v 25.5053253 17.0194492 0.497867703
v 25.5454121 17.0239029 0.497867703
v 25.5065269 17.0433388 0.62202549
v 25.5389938 17.0469456 0.62202549
v 25.5059929 17.0828743 0.720126748
v 25.5308399 17.0856342 0.720126748
v 25.5037174 17.1380539 0.782416105
v 25.5209446 17.139967 0.782416105
v 25.4997044 17.2088776 0.802699268
v 25.5093117 17.2099457 0.802699268
v 25.4939537 17.2953472 0.778959274
v 25.4959412 17.2955666 0.778959274
v 25.3374081 16.6157684 0.360000014
v 25.3091812 16.6545925 0.360000014
v 25.3218517 16.6091976 0.515374601
v 25.2981358 16.6418209 0.515374601
v 25.2796955 16.5832882 0.655298293
v 25.2604866 16.6097107 0.655298293
v 25.2109375 16.5380383 0.765856802
v 25.1962357 16.55826 0.765856802
v 25.1155758 16.4734478 0.836055815
v 25.1053848 16.4874687 0.836055815
v 24.9936142 16.3895187 0.858914614
v 24.9879303 16.397337 0.858914614
v 24.8450508 16.2862473 0.832160056
v 24.843874 16.2878647 0.832160056
v 25.5423126 16.8937511 0.360000014
v 25.5895691 16.8853378 0.360000014
v 25.5474777 16.9008999 0.540058017
v 25.5871868 16.8938313 0.540058017
v 25.5554295 16.923687 0.702210546
v 25.5875893 16.9179611 0.702210546
v 25.566164 16.9621143 0.830332816
v 25.5907764 16.9577332 0.830332816
v 25.5796814 17.0161839 0.911683917
v 25.5967464 17.0131454 0.911683917
v 25.5959854 17.0858898 0.938174188
v 25.6055012 17.0841961 0.938174188
v 25.6150723 17.1712379 0.907169282
v 25.6170406 17.170887 0.907169282
v 25.586195 16.6742649 0.360000014
v 25.5384159 16.6696739 0.360000014
v 25.5829945 16.6674995 0.584074199
v 25.5428467 16.663641 0.584074199
v 25.5810242 16.6479321 0.785865843
v 25.5485077 16.6448059 0.785865843
v 25.5802841 16.6155663 0.945308268
v 25.5553989 16.6131725 0.945308268
v 25.5807743 16.5703983 1.04654622
v 25.5635204 16.5687408 1.04654622
v 25.5824966 16.5124321 1.07951212
v 25.5728741 16.511507 1.07951212
v 25.5854473 16.4416637 1.04092789
v 25.583456 16.441473 1.04092789
v 25.5421047 16.5875893 0.360000014
v 25.4946461 16.5947762 0.360000014
v 25.5360279 16.5730686 0.580560267
v 25.4961491 16.5791073 0.580560267
v 25.5253792 16.5283604 0.779187441
v 25.493082 16.5332508 0.779187441
v 25.5101604 16.4534626 0.93612951
v 25.4854412 16.4572067 0.93612951
v 25.4903679 16.3483772 1.03577983
v 25.4732304 16.3509712 1.03577983
v 25.4660034 16.2131023 1.06822872
v 25.4564457 16.21455 1.06822872
v 25.437067 16.0476398 1.0302496
v 25.435091 16.0479393 1.0302496
v 25.3143826 16.8992672 0.360000014
v 25.3370895 16.9415569 0.360000014
v 25.3048973 16.9087105 0.486325949
v 25.3239784 16.9442463 0.486325949
v 25.2728157 16.9302864 0.600089729
v 25.288269 16.9590683 0.600089729
v 25.2181377 16.963995 0.689978361
v 25.2299652 16.986021 0.689978361
v 25.1408634 17.0098381 0.747053087
v 25.1490631 17.0251083 0.747053087
v 25.0409927 17.067812 0.765638232
v 25.0455666 17.0763283 0.765638232
v 24.9185257 17.1379185 0.743885636
v 24.9194717 17.139679 0.743885636
v 25.4827061 16.6340237 0.360000014
v 25.44104 16.6578579 0.360000014
v 25.4759274 16.6298962 0.546613157
v 25.440918 16.6499233 0.546613157
v 25.4622517 16.6137085 0.714668989
v 25.433897 16.6299286 0.714668989
v 25.4416752 16.5854588 0.847455621
v 25.4199753 16.5978718 0.847455621
v 25.4141998 16.5451469 0.931768417
v 25.3991547 16.5537548 0.931768417
v 25.3798256 16.492775 0.959223032
v 25.3714352 16.4975758 0.959223032
v 25.3385506 16.4283428 0.927089393
v 25.3368149 16.4293346 0.927089393
v 25.4538727 16.6816463 0.360000014
v 25.4218407 16.7173958 0.360000014
v 25.4408703 16.6751442 0.539849102
v 25.4139557 16.705183 0.539849102
v 25.4069786 16.6499252 0.701813519
v 25.3851795 16.6742554 0.701813519
v 25.3521996 16.6059914 0.829787135
v 25.335516 16.6246109 0.829787135
v 25.2765312 16.5433407 0.911043942
v 25.2649651 16.5562496 0.911043942
v 25.1799736 16.4619751 0.937503397
v 25.1735229 16.4691753 0.937503397
v 25.0625286 16.3618927 0.906534493
v 25.0611935 16.3633823 0.906534493
v 25.6049805 16.7645588 0.360000014
v 25.5659847 16.7365704 0.360000014
v 25.6105595 16.7502117 0.469499648
v 25.5777931 16.7266922 0.469499648
v 25.6335278 16.7116356 0.568110347
v 25.6069908 16.6925888 0.568110347
v 25.6738853 16.6488361 0.646026075
v 25.6535759 16.6342583 0.646026075
v 25.7316303 16.5618076 0.695498586
v 25.7175503 16.5517006 0.695498586
v 25.8067646 16.4505539 0.711608231
v 25.798912 16.4449177 0.711608231
v 25.8992882 16.3150749 0.692753017
v 25.8976631 16.3139076 0.692753017
v 25.73279 16.9529724 0.360000014
v 25.7597313 16.9132462 0.360000014
v 25.7400188 16.9532433 0.54412365
v 25.7626572 16.9198627 0.54412365
v 25.7574005 16.9603996 0.709937513
v 25.7757359 16.9333649 0.709937513
v 25.7849369 16.9744434 0.840952694
v 25.7989693 16.9537525 0.840952694
v 25.8226261 16.9953728 0.924140692
v 25.8323555 16.9810276 0.924140692
v 25.8704681 17.0231895 0.951229095
v 25.8758945 17.0151901 0.951229095
v 25.9284668 17.0578938 0.919524133
v 25.9295883 17.0562382 0.919524133
v 25.60256 16.7892113 0.360000014
v 25.5728951 16.7514744 0.360000014
v 25.6114597 16.7773399 0.510778904
v 25.5865345 16.7456303 0.510778904
v 25.6429024 16.7477474 0.646564007
v 25.622715 16.722065 0.646564007
v 25.6968861 16.7004375 0.753852427
v 25.6814365 16.6807823 0.753852427
v 25.7734089 16.6354084 0.821975112
v 25.7626972 16.6217804 0.821975112
v 25.8724747 16.55266 0.844157815
v 25.8665009 16.5450611 0.844157815
v 25.9940796 16.4521942 0.818194568
v 25.9928436 16.4506226 0.818194568
v 25.5693417 16.6978798 0.360000014
v 25.5213928 16.700079 0.360000014
v 25.564867 16.6839638 0.567500889
v 25.5245762 16.685812 0.567500889
v 25.5590992 16.6418629 0.754367352
v 25.5264664 16.6433601 0.754367352
v 25.5520382 16.5715809 0.902016878
v 25.5270653 16.5727253 0.902016878
v 25.5436859 16.473114 0.995766878
v 25.526371 16.4739075 0.995766878
v 25.5340405 16.3464642 1.02629447
v 25.5243835 16.3469067 1.02629447
v 25.5231037 16.1916294 0.990564108
v 25.5211048 16.191721 0.990564108
v 25.4118614 16.5473633 0.360000014
v 25.3718109 16.573822 0.360000014
v 25.4039288 16.5423107 0.492116749
v 25.3702755 16.5645428 0.492116749
v 25.386528 16.5229263 0.611095428
v 25.359272 16.5409317 0.611095428
v 25.3596573 16.4892082 0.70510453
v 25.3387985 16.5029888 0.70510453
v 25.3233185 16.4411583 0.764795601
v 25.308857 16.4507122 0.764795601
v 25.2775135 16.3787766 0.784232676
v 25.2694473 16.3841057 0.784232676
v 25.2222366 16.302063 0.761482954
v 25.2205677 16.3031654 0.761482954
v 25.7594013 16.8108997 0.360000014
v 25.7563934 16.7629929 0.360000014
v 25.7750225 16.806078 0.475510329
v 25.7724953 16.7658234 0.475510329
v 25.8223629 16.799263 0.579533994
v 25.8203144 16.7666607 0.579533994
v 25.9014225 16.7904587 0.661726654
v 25.8998566 16.7655087 0.661726654
v 26.0122032 16.7796612 0.713914812
v 26.011116 16.7623634 0.713914812
v 26.1547031 16.7668743 0.730908811
v 26.1540985 16.757225 0.730908811
v 26.3289242 16.7520924 0.711018622
v 26.3288002 16.7500973 0.711018622
v 25.5920773 16.8484592 0.360000014
v 25.6139221 16.8057175 0.360000014
v 25.6032829 16.8498802 0.49931705
v 25.6216393 16.8139668 0.49931705
v 25.6334095 16.8609734 0.624780059
v 25.6482754 16.8318863 0.624780059
v 25.6824551 16.8817368 0.723912656
v 25.6938324 16.8594742 0.723912656
v 25.7504234 16.9121685 0.78685683
v 25.7583122 16.8967342 0.78685683
v 25.8373108 16.9522724 0.807353258
v 25.841711 16.9436646 0.807353258
v 25.943121 17.0020466 0.7833637
v 25.9440308 17.000267 0.7833637
v 25.712019 16.8458786 0.360000014
v 25.7183819 16.7983017 0.360000014
v 25.7257519 16.8438473 0.472092718
v 25.7310982 16.8038692 0.472092718
v 25.765934 16.8453522 0.573038638
v 25.7702637 16.812973 0.573038638
v 25.8325634 16.8503933 0.652799428
v 25.8358765 16.8256149 0.652799428
v 25.9256439 16.8589725 0.703443527
v 25.9279404 16.8417912 0.703443527
v 26.0451717 16.871088 0.719934642
v 26.0464535 16.8615055 0.719934642
v 26.1911488 16.8867397 0.700632989
v 26.1914139 16.8847561 0.700632989
v 25.4425201 17.0393658 0.360000014
v 25.4879227 17.0549412 0.360000014
v 25.4416656 17.0536709 0.470831573
v 25.4798164 17.0667572 0.470831573
v 25.4318523 17.0940971 0.570641756
v 25.4627514 17.1046963 0.570641756
v 25.4130764 17.1606426 0.649505138
v 25.4367256 17.1687546 0.649505138
v 25.3853436 17.2533112 0.699579418
v 25.4017391 17.2589359 0.699579418
v 25.3486481 17.3721008 0.715885043
v 25.3577919 17.3752365 0.715885043
v 25.3029938 17.5170097 0.69680053
v 25.3048859 17.5176582 0.69680053
v 25.4469852 16.7948055 0.360000014
v 25.4557896 16.8419914 0.360000014
v 25.4315186 16.80159 0.546578348
v 25.4389172 16.841238 0.546578348
v 25.3837128 16.8144073 0.714602828
v 25.3897038 16.8465214 0.714602828
v 25.303566 16.8332596 0.847364724
v 25.3081493 16.8578358 0.847364724
v 25.1910782 16.8581467 0.931661785
v 25.1942577 16.875185 0.931661785
v 25.0462513 16.8890648 0.959111333
v 25.0480251 16.8985672 0.959111333
v 24.8690853 16.9260178 0.926983654
v 24.8694515 16.9279842 0.926983654
v 25.7933445 16.9441452 0.360000014
v 25.8142147 16.900919 0.360000014
v 25.8068085 16.9463882 0.529152334
v 25.8243446 16.9100666 0.529152334
v 25.8438644 16.9600239 0.681483746
v 25.8580685 16.9306068 0.681483746
v 25.9045162 16.9850502 0.801845968
v 25.9153862 16.9625378 0.801845968
v 25.98876 17.0214691 0.878269851
v 25.9962959 17.0058613 0.878269851
v 26.0965977 17.0692806 0.903155684
v 26.1008015 17.0605755 0.903155684
v 26.2280293 17.1284809 0.874028683
v 26.228899 17.1266804 0.874028683
v 25.6165485 17.0877914 0.360000014
v 25.662281 17.0732136 0.360000014
v 25.624115 17.0989056 0.581148386
v 25.6625423 17.0866566 0.581148386
v 25.6395092 17.1345768 0.780305147
v 25.6706333 17.1246567 0.780305147
v 25.6627312 17.1948071 0.937665701
v 25.6865501 17.1872139 0.937665701
v 25.6937828 17.2795925 1.03758168
v 25.7102966 17.2743282 1.03758168
v 25.7326603 17.388937 1.07011712
v 25.7418709 17.3859997 1.07011712
v 25.7793674 17.5228367 1.03203678
v 25.7812729 17.5222301 1.03203678
v 25.3077774 16.8673191 0.360000014
v 25.3249874 16.9121284 0.360000014
v 25.2940865 16.8766842 0.478492707
v 25.308548 16.9143353 0.478492707
v 25.250267 16.8976212 0.585202157
v 25.2619781 16.9281158 0.585202157
v 25.1763172 16.9301281 0.669516981
v 25.1852798 16.9534664 0.669516981
v 25.072237 16.9742069 0.723052561
v 25.0784512 16.9903889 0.723052561
v 24.9380283 17.0298595 0.740485311
v 24.941494 17.0388832 0.740485311
v 24.7736893 17.0970821 0.720081568
v 24.7744064 17.0989494 0.720081568
v 25.7701626 16.8381081 0.360000014
v 25.773222 16.7902069 0.360000014
v 25.7773533 16.8347263 0.536645591
v 25.7799244 16.7944756 0.536645591
v 25.7984333 16.8322315 0.695725024
v 25.8005142 16.7996311 0.695725024
v 25.8334026 16.8306236 0.82141912
v 25.8349972 16.8056736 0.82141912
v 25.8822651 16.8299026 0.901228547
v 25.8833694 16.8126049 0.901228547
v 25.9450169 16.8300686 0.927216709
v 25.9456329 16.8204212 0.927216709
v 26.0216579 16.8311214 0.896799445
v 26.0217857 16.8291264 0.896799445
v 25.477993 16.917263 0.360000014
v 25.5226517 16.9348621 0.360000014
v 25.4764957 16.9315186 0.570204914
v 25.5140209 16.9463062 0.570204914
v 25.4648685 16.9714775 0.759506464
v 25.4952602 16.9834538 0.759506464
v 25.4431133 17.037138 0.909080088
v 25.4663734 17.0463047 0.909080088
v 25.4112301 17.1285019 1.0040518
v 25.4273567 17.1348572 1.0040518
v 25.3692188 17.2455654 1.0349772
v 25.378212 17.2491093 1.0349772
v 25.3170776 17.3883324 0.998781204
v 25.3189392 17.3890667 0.998781204
v 25.7375336 17.0035839 0.360000014
v 25.7698841 16.9681244 0.360000014
v 25.7511997 17.0108643 0.510926723
v 25.7783852 16.9810696 0.510926723
v 25.7870331 17.0383682 0.646844864
v 25.8090515 17.0142365 0.646844864
v 25.8450336 17.0860958 0.754238427
v 25.8618832 17.0676289 0.754238427
v 25.9252014 17.1540489 0.822427869
v 25.9368839 17.141243 0.822427869
v 26.0275364 17.2422237 0.844632268
v 26.03405 17.2350826 0.844632268
v 26.1520367 17.3506241 0.81864363
v 26.1533852 17.3491459 0.81864363
v 25.8190365 16.7731609 0.360000014
v 25.810051 16.7260094 0.360000014
v 25.8314514 16.7668915 0.491918713
v 25.8239002 16.727272 0.491918713
v 25.8701305 16.755619 0.610719085
v 25.8640137 16.7235298 0.610719085
v 25.9350719 16.7393398 0.70458734
v 25.9303932 16.7147827 0.70458734
v 26.0262794 16.7180557 0.764188886
v 26.023035 16.7010288 0.764188886
v 26.1437492 16.6917667 0.783596873
v 26.1419411 16.682272 0.783596873
v 26.2874851 16.6604729 0.760881245
v 26.2871113 16.6585083 0.760881245
v 25.6684895 16.6774158 0.360000014
v 25.6296253 16.6492462 0.360000014
v 25.6720181 16.6660156 0.516030848
v 25.6393604 16.6423454 0.516030848
v 25.6888084 16.6363182 0.65654552
v 25.6623592 16.6171474 0.65654552
v 25.7188625 16.5883198 0.767570972
v 25.6986198 16.5736485 0.767570972
v 25.7621803 16.5220242 0.838066518
v 25.7481441 16.5118523 0.838066518
v 25.8187599 16.4374294 0.861021876
v 25.8109322 16.4317551 0.861021876
v 25.8886032 16.3345337 0.834154308
v 25.8869839 16.3333607 0.834154308
v 25.5374546 16.9656162 0.360000014
v 25.5853386 16.9622879 0.360000014
v 25.5421638 16.9780827 0.482872158
v 25.5823994 16.9752865 0.482872158
v 25.5486431 17.016016 0.593525589
v 25.5812302 17.0137501 0.593525589
v 25.5568924 17.0794125 0.680956602
v 25.5818329 17.0776787 0.680956602
v 25.5669117 17.1682758 0.736470878
v 25.5842037 17.1670742 0.736470878
v 25.578701 17.2826023 0.754547894
v 25.5883446 17.2819328 0.754547894
v 25.5922623 17.4223957 0.733390033
v 25.5942574 17.4222565 0.733390033
v 25.4449139 16.6683807 0.360000014
v 25.4120522 16.703371 0.360000014
v 25.4326534 16.6621265 0.577927649
v 25.4050426 16.6915264 0.577927649
v 25.401123 16.6377735 0.774184048
v 25.3787613 16.6615849 0.774184048
v 25.3503227 16.5953217 0.929252863
v 25.3332081 16.6135464 0.929252863
v 25.2802525 16.5347729 1.02771366
v 25.2683849 16.5474072 1.02771366
v 25.1909103 16.4561253 1.05977535
v 25.1842918 16.463171 1.05977535
v 25.0822964 16.3593788 1.02224946
v 25.0809288 16.3608379 1.02224946
v 25.5123272 16.6708336 0.360000014
v 25.4693851 16.692276 0.360000014
v 25.5057278 16.6661949 0.56440556
v 25.4696426 16.6842136 0.56440556
v 25.4927845 16.6488552 0.748484492
v 25.4635601 16.6634502 0.748484492
v 25.4735012 16.6188164 0.893931508
v 25.4511337 16.6299839 0.893931508
v 25.4478741 16.5760746 0.986282945
v 25.4323654 16.5838184 0.986282945
v 25.415905 16.5206337 1.01635528
v 25.4072571 16.5249519 1.01635528
v 25.377594 16.4524899 0.981157839
v 25.3758049 16.4533844 0.981157839
v 11.101079 20.1617107 1.46001744
v 11.0609837 19.9481564 1.71459877
v 10.8855524 19.8199482 1.96917999
v 10.9256477 20.0335045 1.71459877
v 10.9933157 19.9908295 1.73459876
v 11.0989466 20.1617279 1.44654953
v 11.2724257 20.0308895 1.70113087
v 11.3092985 19.8167553 1.95571208
v 11.1358194 19.9475918 1.70113087
v 11.2041225 19.9892406 1.72113085
v 11.1019802 20.1604156 1.37567687
v 10.9207115 20.0406036 1.63025808
v 10.7065592 20.0773735 1.88483942
v 10.8878279 20.1971874 1.63025808
v 10.9042692 20.1188946 1.65025806
v 11.098032 20.160471 1.39170325
v 11.3131161 20.1913319 1.64628458
v 11.4910164 20.0665722 1.90086579
v 11.2759333 20.0357113 1.64628458
v 11.2945242 20.1135216 1.66628456
v 11.0993357 20.1580887 1.49683821
v 11.0901194 20.3751793 1.75141954
v 11.232028 20.5397243 2.00600076
v 11.2412443 20.3226337 1.75141954
v 11.1656818 20.3489075 1.77141953
v 11.0995607 20.161974 1.38667703
v 11.221549 19.9821644 1.64125824
v 11.1873617 19.7675838 1.89583957
v 11.0653725 19.9473953 1.64125824
v 11.1434612 19.9647789 1.66125834
v 11.1020145 20.1598129 1.46271944
v 10.8934832 20.0987568 1.71730077
v 10.6996851 20.1970177 1.97188199
v 10.9082165 20.2580757 1.71730077
v 10.9008493 20.1784153 1.73730075
v 11.0982361 20.1590099 1.43318355
v 11.2352428 20.3276577 1.68776476
v 11.4505682 20.3567867 1.94234598
v 11.3135614 20.1881371 1.68776476
v 11.2744017 20.2578983 1.70776474
v 11.0979776 20.1599312 1.46525979
v 11.2971735 20.2467327 1.71984112
v 11.501792 20.1736279 1.97442234
v 11.302597 20.0868263 1.71984112
v 11.2998848 20.1667786 1.7398411
v 11.101963 20.1595116 1.42147887
v 10.8865948 20.1307087 1.67606008
v 10.7098951 20.2571621 1.93064141
v 10.9252634 20.285965 1.67606008
v 10.9059286 20.2083359 1.69606006
v 11.1002216 20.1620102 1.41413903
v 11.1575813 19.9524326 1.66872036
v 11.0559053 19.7604027 1.92330158
v 10.9985466 19.9699821 1.66872036
v 11.078064 19.9612064 1.68872035
v 11.1020231 20.1599522 1.43420804
v 10.8981457 20.0848007 1.68878925
v 10.6980915 20.1696053 1.94337046
v 10.901969 20.2447567 1.68878925
v 10.9000568 20.1647778 1.70878923
v 9.90087128 23.2981739 1.39160335
v 9.7417078 23.4460945 1.64618456
v 9.72696686 23.6628799 1.9007659
v 9.88612938 23.5149593 1.64618456
v 9.81391907 23.4805279 1.66618454
v 9.8994751 23.2980461 1.4645468
v 9.87467575 23.5139122 1.71912813
v 10.0043888 23.6882343 1.97370934
v 10.0291882 23.4723682 1.71912813
v 9.95193195 23.4931393 1.73912811
v 9.89959526 23.3019829 1.4103564
v 10.0183611 23.1200256 1.66493773
v 9.98035526 22.9060898 1.91951895
v 9.86159039 23.0880451 1.66493773
v 9.93997574 23.1040363 1.68493772
v 9.89797878 23.2999115 1.47687507
v 10.0963306 23.3886242 1.73145628
v 10.3016424 23.3174896 1.98603749
v 10.1032906 23.2287769 1.73145628
v 10.0998106 23.3087006 1.75145626
v 9.9016161 23.2987823 1.47714162
v 9.69209576 23.3563557 1.73172283
v 9.57879448 23.5417633 1.98630416
v 9.78831482 23.4841919 1.73172283
v 9.74020576 23.4202728 1.75172281
v 9.89978313 23.2979889 1.44774866
v 9.84186363 23.5074139 1.70232999
v 9.94302464 23.6997147 1.95691121
v 10.0009451 23.4902897 1.70232999
v 9.92140388 23.4988518 1.72232997
v 9.8989172 23.2982903 1.37266231
v 9.93946934 23.5117588 1.62724352
v 10.1151743 23.6395912 1.88182485
v 10.0746222 23.4261227 1.62724352
v 10.0070457 23.4689407 1.64724362
v 9.89797783 23.2999496 1.47362375
v 10.0979214 23.3850117 1.72820497
v 10.3018961 23.3101273 1.98278618
v 10.1019516 23.2250633 1.72820497
v 10.0999365 23.3050385 1.74820495
v 9.89948177 23.3019562 1.40578532
v 10.0285578 23.127161 1.66036654
v 10.0029707 22.9113865 1.91494775
v 9.87389469 23.0861816 1.66036654
v 9.95122623 23.1066723 1.68036652
v 9.90096855 23.2982235 1.3944881
v 9.73403072 23.4373112 1.64906943
v 9.70757484 23.6529808 1.90365064
v 9.87451267 23.5138931 1.64906943
v 9.8042717 23.4756012 1.66906941
v 9.89891338 23.3017063 1.37211621
v 10.0748758 23.1742287 1.62669742
v 10.1158581 22.9608421 1.88127863
v 9.93989563 23.0883198 1.62669742
v 10.0073862 23.1312752 1.6466974
v 9.8984108 23.298748 1.47659671
v 10.0075598 23.4866295 1.73117793
v 10.2157478 23.5488491 1.98575914
v 10.1065989 23.3609657 1.73117793
v 10.0570793 23.4237976 1.75117791
f 1 2 4
f 1 4 3
f 3 4 6
f 3 6 5
f 5 6 8
f 5 8 7
f 7 8 10
f 7 10 9
f 9 10 12
f 9 12 11
f 11 12 14
f 11 14 13
f 15 16 18
f 15 18 17
f 17 18 20
f 17 20 19
f 19 20 22
f 19 22 21
f 21 22 24
f 21 24 23
f 23 24 26
f 23 26 25
f 25 26 28
f 25 28 27
f 29 30 32
f 29 32 31
f 31 32 34
f 31 34 33
f 33 34 36
f 33 36 35
f 35 36 38
f 35 38 37
f 37 38 40
f 37 40 39
f 39 40 42
f 39 42 41
f 43 44 46
f 43 46 45
f 45 46 48
f 45 48 47
f 47 48 50
f 47 50 49
f 49 50 52
f 49 52 51
f 51 52 54
f 51 54 53
f 53 54 56
f 53 56 55
f 57 58 60
f 57 60 59
f 59 60 62
f 59 62 61
f 61 62 64
f 61 64 63
f 63 64 66
f 63 66 65
f 65 66 68
f 65 68 67
f 67 68 70
f 67 70 69
f 71 72 74
f 71 74 73
f 73 74 76
f 73 76 75
f 75 76 78
f 75 78 77
f 77 78 80
f 77 80 79
f 79 80 82
f 79 82 81
f 81 82 84
f 81 84 83
f 85 86 88
f 85 88 87
f 87 88 90
f 87 90 89
f 89 90 92
f 89 92 91
f 91 92 94
f 91 94 93
f 93 94 96
f 93 96 95
f 95 96 98
f 95 98 97
f 99 100 102
f 99 102 101
f 101 102 104
f 101 104 103
f 103 104 106
f 103 106 105
f 105 106 108
f 105 108 107
f 107 108 110
f 107 110 109
f 109 110 112
f 109 112 111
f 113 114 116
f 113 116 115
f 115 116 118
f 115 118 117
f 117 118 120
f 117 120 119
f 119 120 122
f 119 122 121
f 121 122 124
f 121 124 123
f 123 124 126
f 123 126 125
f 127 128 130
f 127 130 129
f 129 130 132
f 129 132 131
f 131 132 134
f 131 134 133
f 133 134 136
f 133 136 135
f 135 136 138
f 135 138 137
f 137 138 140
f 137 140 139
f 141 142 144
f 141 144 143
f 143 144 146
f 143 146 145
f 145 146 148
f 145 148 147
f 147 148 150
f 147 150 149
f 149 150 152
f 149 152 151
f 151 152 154
f 151 154 153
f 155 156 158
f 155 158 157
f 157 158 160
f 157 160 159
f 159 160 162
f 159 162 161
f 161 162 164
f 161 164 163
f 163 164 166
f 163 166 165
f 165 166 168
f 165 168 167
f 169 170 172
f 169 172 171
f 171 172 174
f 171 174 173
f 173 174 176
f 173 176 175
f 175 176 178
f 175 178 177
f 177 178 180
f 177 180 179
f 179 180 182
f 179 182 181
f 183 184 186
f 183 186 185
f 185 186 188
f 185 188 187
f 187 188 190
f 187 190 189
f 189 190 192
f 189 192 191
f 191 192 194
f 191 194 193
f 193 194 196
f 193 196 195
f 197 198 200
f 197 200 199
f 199 200 202
f 199 202 201
f 201 202 204
f 201 204 203
f 203 204 206
f 203 206 205
f 205 206 208
f 205 208 207
f 207 208 210
f 207 210 209
f 211 212 214
f 211 214 213
f 213 214 216
f 213 216 215
f 215 216 218
f 215 218 217
f 217 218 220
f 217 220 219
f 219 220 222
f 219 222 221
f 221 222 224
f 221 224 223
f 225 226 228
f 225 228 227
f 227 228 230
f 227 230 229
f 229 230 232
f 229 232 231
f 231 232 234
f 231 234 233
f 233 234 236
f 233 236 235
f 235 236 238
f 235 238 237
f 239 240 242
f 239 242 241
f 241 242 244
f 241 244 243
f 243 244 246
f 243 246 245
f 245 246 248
f 245 248 247
f 247 248 250
f 247 250 249
f 249 250 252
f 249 252 251
f 253 254 256
f 253 256 255
f 255 256 258
f 255 258 257
f 257 258 260
f 257 260 259
f 259 260 262
f 259 262 261
f 261 262 264
f 261 264 263
f 263 264 266
f 263 266 265
f 267 268 270
f 267 270 269
f 269 270 272
f 269 272 271
f 271 272 274
f 271 274 273
f 273 274 276
f 273 276 275
f 275 276 278
f 275 278 277
f 277 278 280
f 277 280 279
f 281 282 284
f 281 284 283
f 283 284 286
f 283 286 285
f 285 286 288
f 285 288 287
f 287 288 290
f 287 290 289
f 289 290 292
f 289 292 291
f 291 292 294
f 291 294 293
f 295 296 298
f 295 298 297
f 297 298 300
f 297 300 299
f 299 300 302
f 299 302 301
f 301 302 304
f 301 304 303
f 303 304 306
f 303 306 305
f 305 306 308
f 305 308 307
f 309 310 312
f 309 312 311
f 311 312 314
f 311 314 313
f 313 314 316
f 313 316 315
f 315 316 318
f 315 318 317
f 317 318 320
f 317 320 319
f 319 320 322
f 319 322 321
f 323 324 326
f 323 326 325
f 325 326 328
f 325 328 327
f 327 328 330
f 327 330 329
f 329 330 332
f 329 332 331
f 331 332 334
f 331 334 333
f 333 334 336
f 333 336 335
f 337 338 340
f 337 340 339
f 339 340 342
f 339 342 341
f 341 342 344
f 341 344 343
f 343 344 346
f 343 346 345
f 345 346 348
f 345 348 347
f 347 348 350
f 347 350 349
f 351 352 354
f 351 354 353
f 353 354 356
f 353 356 355
f 355 356 358
f 355 358 357
f 357 358 360
f 357 360 359
f 359 360 362
f 359 362 361
f 361 362 364
f 361 364 363
f 365 366 368
f 365 368 367
f 367 368 370
f 367 370 369
f 369 370 372
f 369 372 371
f 371 372 374
f 371 374 373
f 373 374 376
f 373 376 375
f 375 376 378
f 375 378 377
f 379 380 382
f 379 382 381
f 381 382 384
f 381 384 383
f 383 384 386
f 383 386 385
f 385 386 388
f 385 388 387
f 387 388 390
f 387 390 389
f 389 390 392
f 389 392 391
f 393 394 396
f 393 396 395
f 395 396 398
f 395 398 397
f 397 398 400
f 397 400 399
f 399 400 402
f 399 402 401
f 401 402 404
f 401 404 403
f 403 404 406
f 403 406 405
f 407 408 410
f 407 410 409
f 409 410 412
f 409 412 411
f 411 412 414
f 411 414 413
f 413 414 416
f 413 416 415
f 415 416 418
f 415 418 417
f 417 418 420
f 417 420 419
f 421 422 424
f 421 424 423
f 423 424 426
f 423 426 425
f 425 426 428
f 425 428 427
f 427 428 430
f 427 430 429
f 429 430 432
f 429 432 431
f 431 432 434
f 431 434 433
f 435 436 438
f 435 438 437
f 437 438 440
f 437 440 439
f 439 440 442
f 439 442 441
f 441 442 444
f 441 444 443
f 443 444 446
f 443 446 445
f 445 446 448
f 445 448 447
f 449 450 452
f 449 452 451
f 451 452 454
f 451 454 453
f 453 454 456
f 453 456 455
f 455 456 458
f 455 458 457
f 457 458 460
f 457 460 459
f 459 460 462
f 459 462 461
f 463 464 466
f 463 466 465
f 465 466 468
f 465 468 467
f 467 468 470
f 467 470 469
f 469 470 472
f 469 472 471
f 471 472 474
f 471 474 473
f 473 474 476
f 473 476 475
f 477 478 480
f 477 480 479
f 479 480 482
f 479 482 481
f 481 482 484
f 481 484 483
f 483 484 486
f 483 486 485
f 485 486 488
f 485 488 487
f 487 488 490
f 487 490 489
f 491 492 494
f 491 494 493
f 493 494 496
f 493 496 495
f 495 496 498
f 495 498 497
f 497 498 500
f 497 500 499
f 499 500 502
f 499 502 501
f 501 502 504
f 501 504 503
f 505 506 508
f 505 508 507
f 507 508 510
f 507 510 509
f 509 510 512
f 509 512 511
f 511 512 514
f 511 514 513
f 513 514 516
f 513 516 515
f 515 516 518
f 515 518 517
f 519 520 522
f 519 522 521
f 521 522 524
f 521 524 523
f 523 524 526
f 523 526 525
f 525 526 528
f 525 528 527
f 527 528 530
f 527 530 529
f 529 530 532
f 529 532 531
f 533 534 536
f 533 536 535
f 535 536 538
f 535 538 537
f 537 538 540
f 537 540 539
f 539 540 542
f 539 542 541
f 541 542 544
f 541 544 543
f 543 544 546
f 543 546 545
f 547 548 550
f 547 550 549
f 549 550 552
f 549 552 551
f 551 552 554
f 551 554 553
f 553 554 556
f 553 556 555
f 555 556 558
f 555 558 557
f 557 558 560
f 557 560 559
f 561 562 564
f 561 564 563
f 563 564 566
f 563 566 565
f 565 566 568
f 565 568 567
f 567 568 570
f 567 570 569
f 569 570 572
f 569 572 571
f 571 572 574
f 571 574 573
f 575 576 578
f 575 578 577
f 577 578 580
f 577 580 579
f 579 580 582
f 579 582 581
f 581 582 584
f 581 584 583
f 583 584 586
f 583 586 585
f 585 586 588
f 585 588 587
f 589 590 592
f 589 592 591
f 591 592 594
f 591 594 593
f 593 594 596
f 593 596 595
f 595 596 598
f 595 598 597
f 597 598 600
f 597 600 599
f 599 600 602
f 599 602 601
f 603 604 606
f 603 606 605
f 605 606 608
f 605 608 607
f 607 608 610
f 607 610 609
f 609 610 612
f 609 612 611
f 611 612 614
f 611 614 613
f 613 614 616
f 613 616 615
f 617 618 620
f 617 620 619
f 619 620 622
f 619 622 621
f 621 622 624
f 621 624 623
f 623 624 626
f 623 626 625
f 625 626 628
f 625 628 627
f 627 628 630
f 627 630 629
f 631 632 634
f 631 634 633
f 633 634 636
f 633 636 635
f 635 636 638
f 635 638 637
f 637 638 640
f 637 640 639
f 639 640 642
f 639 642 641
f 641 642 644
f 641 644 643
f 645 646 648
f 645 648 647
f 647 648 650
f 647 650 649
f 649 650 652
f 649 652 651
f 651 652 654
f 651 654 653
f 653 654 656
f 653 656 655
f 655 656 658
f 655 658 657
f 659 660 662
f 659 662 661
f 661 662 664
f 661 664 663
f 663 664 666
f 663 666 665
f 665 666 668
f 665 668 667
f 667 668 670
f 667 670 669
f 669 670 672
f 669 672 671
f 673 674 676
f 673 676 675
f 675 676 678
f 675 678 677
f 677 678 680
f 677 680 679
f 679 680 682
f 679 682 681
f 681 682 684
f 681 684 683
f 683 684 686
f 683 686 685
f 687 688 690
f 687 690 689
f 689 690 692
f 689 692 691
f 691 692 694
f 691 694 693
f 693 694 696
f 693 696 695
f 695 696 698
f 695 698 697
f 697 698 700
f 697 700 699
f 701 702 704
f 701 704 703
f 703 704 706
f 703 706 705
f 705 706 708
f 705 708 707
f 707 708 710
f 707 710 709
f 709 710 712
f 709 712 711
f 711 712 714
f 711 714 713
f 715 716 718
f 715 718 717
f 717 718 720
f 717 720 719
f 719 720 722
f 719 722 721
f 721 722 724
f 721 724 723
f 723 724 726
f 723 726 725
f 725 726 728
f 725 728 727
f 729 730 732
f 729 732 731
f 731 732 734
f 731 734 733
f 733 734 736
f 733 736 735
f 735 736 738
f 735 738 737
f 737 738 740
f 737 740 739
f 739 740 742
f 739 742 741
f 743 744 746
f 743 746 745
f 745 746 748
f 745 748 747
f 747 748 750
f 747 750 749
f 749 750 752
f 749 752 751
f 751 752 754
f 751 754 753
f 753 754 756
f 753 756 755
f 757 758 760
f 757 760 759
f 759 760 762
f 759 762 761
f 761 762 764
f 761 764 763
f 763 764 766
f 763 766 765
f 765 766 768
f 765 768 767
f 767 768 770
f 767 770 769
f 771 772 774
f 771 774 773
f 773 774 776
f 773 776 775
f 775 776 778
f 775 778 777
f 777 778 780
f 777 780 779
f 779 780 782
f 779 782 781
f 781 782 784
f 781 784 783
f 785 786 788
f 785 788 787
f 787 788 790
f 787 790 789
f 789 790 792
f 789 792 791
f 791 792 794
f 791 794 793
f 793 794 796
f 793 796 795
f 795 796 798
f 795 798 797
f 799 800 802
f 799 802 801
f 801 802 804
f 801 804 803
f 803 804 806
f 803 806 805
f 805 806 808
f 805 808 807
f 807 808 810
f 807 810 809
f 809 810 812
f 809 812 811
f 813 814 816
f 813 816 815
f 815 816 818
f 815 818 817
f 817 818 820
f 817 820 819
f 819 820 822
f 819 822 821
f 821 822 824
f 821 824 823
f 823 824 826
f 823 826 825
f 827 828 830
f 827 830 829
f 829 830 832
f 829 832 831
f 831 832 834
f 831 834 833
f 833 834 836
f 833 836 835
f 835 836 838
f 835 838 837
f 837 838 840
f 837 840 839
f 841 842 844
f 841 844 843
f 843 844 846
f 843 846 845
f 845 846 848
f 845 848 847
f 847 848 850
f 847 850 849
f 849 850 852
f 849 852 851
f 851 852 854
f 851 854 853
f 855 856 858
f 855 858 857
f 857 858 860
f 857 860 859
f 859 860 862
f 859 862 861
f 861 862 864
f 861 864 863
f 863 864 866
f 863 866 865
f 865 866 868
f 865 868 867
f 869 870 872
f 869 872 871
f 871 872 874
f 871 874 873
f 873 874 876
f 873 876 875
f 875 876 878
f 875 878 877
f 877 878 880
f 877 880 879
f 879 880 882
f 879 882 881
f 883 884 886
f 883 886 885
f 885 886 888
f 885 888 887
f 887 888 890
f 887 890 889
f 889 890 892
f 889 892 891
f 891 892 894
f 891 894 893
f 893 894 896
f 893 896 895
f 897 898 900
f 897 900 899
f 899 900 902
f 899 902 901
f 901 902 904
f 901 904 903
f 903 904 906
f 903 906 905
f 905 906 908
f 905 908 907
f 907 908 910
f 907 910 909
f 911 912 914
f 911 914 913
f 913 914 916
f 913 916 915
f 915 916 918
f 915 918 917
f 917 918 920
f 917 920 919
f 919 920 922
f 919 922 921
f 921 922 924
f 921 924 923
f 925 926 928
f 925 928 927
f 927 928 930
f 927 930 929
f 929 930 932
f 929 932 931
f 931 932 934
f 931 934 933
f 933 934 936
f 933 936 935
f 935 936 938
f 935 938 937
f 939 940 942
f 939 942 941
f 941 942 944
f 941 944 943
f 943 944 946
f 943 946 945
f 945 946 948
f 945 948 947
f 947 948 950
f 947 950 949
f 949 950 952
f 949 952 951
f 953 954 956
f 953 956 955
f 955 956 958
f 955 958 957
f 957 958 960
f 957 960 959
f 959 960 962
f 959 962 961
f 961 962 964
f 961 964 963
f 963 964 966
f 963 966 965
f 967 968 970
f 967 970 969
f 969 970 972
f 969 972 971
f 971 972 974
f 971 974 973
f 973 974 976
f 973 976 975
f 975 976 978
f 975 978 977
f 977 978 980
f 977 980 979
f 981 982 984
f 981 984 983
f 983 984 986
f 983 986 985
f 985 986 988
f 985 988 987
f 987 988 990
f 987 990 989
f 989 990 992
f 989 992 991
f 991 992 994
f 991 994 993
f 995 996 998
f 995 998 997
f 997 998 1000
f 997 1000 999
f 999 1000 1002
f 999 1002 1001
f 1001 1002 1004
f 1001 1004 1003
f 1003 1004 1006
f 1003 1006 1005
f 1005 1006 1008
f 1005 1008 1007
f 1009 1010 1012
f 1009 1012 1011
f 1011 1012 1014
f 1011 1014 1013
f 1013 1014 1016
f 1013 1016 1015
f 1015 1016 1018
f 1015 1018 1017
f 1017 1018 1020
f 1017 1020 1019
f 1019 1020 1022
f 1019 1022 1021
f 1023 1024 1026
f 1023 1026 1025
f 1025 1026 1028
f 1025 1028 1027
f 1027 1028 1030
f 1027 1030 1029
f 1029 1030 1032
f 1029 1032 1031
f 1031 1032 1034
f 1031 1034 1033
f 1033 1034 1036
f 1033 1036 1035
f 1037 1038 1040
f 1037 1040 1039
f 1039 1040 1042
f 1039 1042 1041
f 1041 1042 1044
f 1041 1044 1043
f 1043 1044 1046
f 1043 1046 1045
f 1045 1046 1048
f 1045 1048 1047
f 1047 1048 1050
f 1047 1050 1049
f 1051 1052 1054
f 1051 1054 1053
f 1053 1054 1056
f 1053 1056 1055
f 1055 1056 1058
f 1055 1058 1057
f 1057 1058 1060
f 1057 1060 1059
f 1059 1060 1062
f 1059 1062 1061
f 1061 1062 1064
f 1061 1064 1063
f 1065 1066 1068
f 1065 1068 1067
f 1067 1068 1070
f 1067 1070 1069
f 1069 1070 1072
f 1069 1072 1071
f 1071 1072 1074
f 1071 1074 1073
f 1073 1074 1076
f 1073 1076 1075
f 1075 1076 1078
f 1075 1078 1077
f 1079 1080 1082
f 1079 1082 1081
f 1081 1082 1084
f 1081 1084 1083
f 1083 1084 1086
f 1083 1086 1085
f 1085 1086 1088
f 1085 1088 1087
f 1087 1088 1090
f 1087 1090 1089
f 1089 1090 1092
f 1089 1092 1091
f 1093 1094 1096
f 1093 1096 1095
f 1095 1096 1098
f 1095 1098 1097
f 1097 1098 1100
f 1097 1100 1099
f 1099 1100 1102
f 1099 1102 1101
f 1101 1102 1104
f 1101 1104 1103
f 1103 1104 1106
f 1103 1106 1105
f 1107 1108 1110
f 1107 1110 1109
f 1109 1110 1112
f 1109 1112 1111
f 1111 1112 1114
f 1111 1114 1113
f 1113 1114 1116
f 1113 1116 1115
f 1115 1116 1118
f 1115 1118 1117
f 1117 1118 1120
f 1117 1120 1119
f 1121 1122 1124
f 1121 1124 1123
f 1123 1124 1126
f 1123 1126 1125
f 1125 1126 1128
f 1125 1128 1127
f 1127 1128 1130
f 1127 1130 1129
f 1129 1130 1132
f 1129 1132 1131
f 1131 1132 1134
f 1131 1134 1133
f 1135 1136 1138
f 1135 1138 1137
f 1137 1138 1140
f 1137 1140 1139
f 1139 1140 1142
f 1139 1142 1141
f 1141 1142 1144
f 1141 1144 1143
f 1143 1144 1146
f 1143 1146 1145
f 1145 1146 1148
f 1145 1148 1147
f 1149 1150 1152
f 1149 1152 1151
f 1151 1152 1154
f 1151 1154 1153
f 1153 1154 1156
f 1153 1156 1155
f 1155 1156 1158
f 1155 1158 1157
f 1157 1158 1160
f 1157 1160 1159
f 1159 1160 1162
f 1159 1162 1161
f 1163 1164 1166
f 1163 1166 1165
f 1165 1166 1168
f 1165 1168 1167
f 1167 1168 1170
f 1167 1170 1169
f 1169 1170 1172
f 1169 1172 1171
f 1171 1172 1174
f 1171 1174 1173
f 1173 1174 1176
f 1173 1176 1175
f 1177 1178 1180
f 1177 1180 1179
f 1179 1180 1182
f 1179 1182 1181
f 1181 1182 1184
f 1181 1184 1183
f 1183 1184 1186
f 1183 1186 1185
f 1185 1186 1188
f 1185 1188 1187
f 1187 1188 1190
f 1187 1190 1189
f 1191 1192 1194
f 1191 1194 1193
f 1193 1194 1196
f 1193 1196 1195
f 1195 1196 1198
f 1195 1198 1197
f 1197 1198 1200
f 1197 1200 1199
f 1199 1200 1202
f 1199 1202 1201
f 1201 1202 1204
f 1201 1204 1203
f 1205 1206 1208
f 1205 1208 1207
f 1207 1208 1210
f 1207 1210 1209
f 1209 1210 1212
f 1209 1212 1211
f 1211 1212 1214
f 1211 1214 1213
f 1213 1214 1216
f 1213 1216 1215
f 1215 1216 1218
f 1215 1218 1217
f 1219 1220 1222
f 1219 1222 1221
f 1221 1222 1224
f 1221 1224 1223
f 1223 1224 1226
f 1223 1226 1225
f 1225 1226 1228
f 1225 1228 1227
f 1227 1228 1230
f 1227 1230 1229
f 1229 1230 1232
f 1229 1232 1231
f 1233 1234 1236
f 1233 1236 1235
f 1235 1236 1238
f 1235 1238 1237
f 1237 1238 1240
f 1237 1240 1239
f 1239 1240 1242
f 1239 1242 1241
f 1241 1242 1244
f 1241 1244 1243
f 1243 1244 1246
f 1243 1246 1245
f 1247 1248 1250
f 1247 1250 1249
f 1249 1250 1252
f 1249 1252 1251
f 1251 1252 1254
f 1251 1254 1253
f 1253 1254 1256
f 1253 1256 1255
f 1255 1256 1258
f 1255 1258 1257
f 1257 1258 1260
f 1257 1260 1259
f 1261 1262 1264
f 1261 1264 1263
f 1263 1264 1266
f 1263 1266 1265
f 1265 1266 1268
f 1265 1268 1267
f 1267 1268 1270
f 1267 1270 1269
f 1269 1270 1272
f 1269 1272 1271
f 1271 1272 1274
f 1271 1274 1273
f 1275 1276 1278
f 1275 1278 1277
f 1277 1278 1280
f 1277 1280 1279
f 1279 1280 1282
f 1279 1282 1281
f 1281 1282 1284
f 1281 1284 1283
f 1283 1284 1286
f 1283 1286 1285
f 1285 1286 1288
f 1285 1288 1287
f 1289 1290 1292
f 1289 1292 1291
f 1291 1292 1294
f 1291 1294 1293
f 1293 1294 1296
f 1293 1296 1295
f 1295 1296 1298
f 1295 1298 1297
f 1297 1298 1300
f 1297 1300 1299
f 1299 1300 1302
f 1299 1302 1301
f 1303 1304 1306
f 1303 1306 1305
f 1305 1306 1308
f 1305 1308 1307
f 1307 1308 1310
f 1307 1310 1309
f 1309 1310 1312
f 1309 1312 1311
f 1311 1312 1314
f 1311 1314 1313
f 1313 1314 1316
f 1313 1316 1315
f 1317 1318 1320
f 1317 1320 1319
f 1319 1320 1322
f 1319 1322 1321
f 1321 1322 1324
f 1321 1324 1323
f 1323 1324 1326
f 1323 1326 1325
f 1325 1326 1328
f 1325 1328 1327
f 1327 1328 1330
f 1327 1330 1329
f 1331 1332 1334
f 1331 1334 1333
f 1333 1334 1336
f 1333 1336 1335
f 1335 1336 1338
f 1335 1338 1337
f 1337 1338 1340
f 1337 1340 1339
f 1339 1340 1342
f 1339 1342 1341
f 1341 1342 1344
f 1341 1344 1343
f 1345 1346 1348
f 1345 1348 1347
f 1347 1348 1350
f 1347 1350 1349
f 1349 1350 1352
f 1349 1352 1351
f 1351 1352 1354
f 1351 1354 1353
f 1353 1354 1356
f 1353 1356 1355
f 1355 1356 1358
f 1355 1358 1357
f 1359 1360 1362
f 1359 1362 1361
f 1361 1362 1364
f 1361 1364 1363
f 1363 1364 1366
f 1363 1366 1365
f 1365 1366 1368
f 1365 1368 1367
f 1367 1368 1370
f 1367 1370 1369
f 1369 1370 1372
f 1369 1372 1371
f 1373 1374 1376
f 1373 1376 1375
f 1375 1376 1378
f 1375 1378 1377
f 1377 1378 1380
f 1377 1380 1379
f 1379 1380 1382
f 1379 1382 1381
f 1381 1382 1384
f 1381 1384 1383
f 1383 1384 1386
f 1383 1386 1385
f 1387 1388 1390
f 1387 1390 1389
f 1389 1390 1392
f 1389 1392 1391
f 1391 1392 1394
f 1391 1394 1393
f 1393 1394 1396
f 1393 1396 1395
f 1395 1396 1398
f 1395 1398 1397
f 1397 1398 1400
f 1397 1400 1399
f 1401 1402 1404
f 1401 1404 1403
f 1403 1404 1406
f 1403 1406 1405
f 1405 1406 1408
f 1405 1408 1407
f 1407 1408 1410
f 1407 1410 1409
f 1409 1410 1412
f 1409 1412 1411
f 1411 1412 1414
f 1411 1414 1413
f 1415 1416 1418
f 1415 1418 1417
f 1417 1418 1420
f 1417 1420 1419
f 1419 1420 1422
f 1419 1422 1421
f 1421 1422 1424
f 1421 1424 1423
f 1423 1424 1426
f 1423 1426 1425
f 1425 1426 1428
f 1425 1428 1427
f 1429 1430 1432
f 1429 1432 1431
f 1431 1432 1434
f 1431 1434 1433
f 1433 1434 1436
f 1433 1436 1435
f 1435 1436 1438
f 1435 1438 1437
f 1437 1438 1440
f 1437 1440 1439
f 1439 1440 1442
f 1439 1442 1441
f 1443 1444 1446
f 1443 1446 1445
f 1445 1446 1448
f 1445 1448 1447
f 1447 1448 1450
f 1447 1450 1449
f 1449 1450 1452
f 1449 1452 1451
f 1451 1452 1454
f 1451 1454 1453
f 1453 1454 1456
f 1453 1456 1455
f 1457 1458 1460
f 1457 1460 1459
f 1459 1460 1462
f 1459 1462 1461
f 1461 1462 1464
f 1461 1464 1463
f 1463 1464 1466
f 1463 1466 1465
f 1465 1466 1468
f 1465 1468 1467
f 1467 1468 1470
f 1467 1470 1469
f 1471 1472 1474
f 1471 1474 1473
f 1473 1474 1476
f 1473 1476 1475
f 1475 1476 1478
f 1475 1478 1477
f 1477 1478 1480
f 1477 1480 1479
f 1479 1480 1482
f 1479 1482 1481
f 1481 1482 1484
f 1481 1484 1483
f 1485 1486 1488
f 1485 1488 1487
f 1487 1488 1490
f 1487 1490 1489
f 1489 1490 1492
f 1489 1492 1491
f 1491 1492 1494
f 1491 1494 1493
f 1493 1494 1496
f 1493 1496 1495
f 1495 1496 1498
f 1495 1498 1497
f 1499 1500 1502
f 1499 1502 1501
f 1501 1502 1504
f 1501 1504 1503
f 1503 1504 1506
f 1503 1506 1505
f 1505 1506 1508
f 1505 1508 1507
f 1507 1508 1510
f 1507 1510 1509
f 1509 1510 1512
f 1509 1512 1511
f 1513 1514 1516
f 1513 1516 1515
f 1515 1516 1518
f 1515 1518 1517
f 1517 1518 1520
f 1517 1520 1519
f 1519 1520 1522
f 1519 1522 1521
f 1521 1522 1524
f 1521 1524 1523
f 1523 1524 1526
f 1523 1526 1525
f 1527 1528 1530
f 1527 1530 1529
f 1529 1530 1532
f 1529 1532 1531
f 1531 1532 1534
f 1531 1534 1533
f 1533 1534 1536
f 1533 1536 1535
f 1535 1536 1538
f 1535 1538 1537
f 1537 1538 1540
f 1537 1540 1539
f 1541 1542 1544
f 1541 1544 1543
f 1543 1544 1546
f 1543 1546 1545
f 1545 1546 1548
f 1545 1548 1547
f 1547 1548 1550
f 1547 1550 1549
f 1549 1550 1552
f 1549 1552 1551
f 1551 1552 1554
f 1551 1554 1553
f 1555 1556 1558
f 1555 1558 1557
f 1557 1558 1560
f 1557 1560 1559
f 1559 1560 1562
f 1559 1562 1561
f 1561 1562 1564
f 1561 1564 1563
f 1563 1564 1566
f 1563 1566 1565
f 1565 1566 1568
f 1565 1568 1567
f 1569 1570 1572
f 1569 1572 1571
f 1571 1572 1574
f 1571 1574 1573
f 1573 1574 1576
f 1573 1576 1575
f 1575 1576 1578
f 1575 1578 1577
f 1577 1578 1580
f 1577 1580 1579
f 1579 1580 1582
f 1579 1582 1581
f 1583 1584 1586
f 1583 1586 1585
f 1585 1586 1588
f 1585 1588 1587
f 1587 1588 1590
f 1587 1590 1589
f 1589 1590 1592
f 1589 1592 1591
f 1591 1592 1594
f 1591 1594 1593
f 1593 1594 1596
f 1593 1596 1595
f 1597 1598 1600
f 1597 1600 1599
f 1599 1600 1602
f 1599 1602 1601
f 1601 1602 1604
f 1601 1604 1603
f 1603 1604 1606
f 1603 1606 1605
f 1605 1606 1608
f 1605 1608 1607
f 1607 1608 1610
f 1607 1610 1609
f 1611 1612 1614
f 1611 1614 1613
f 1613 1614 1616
f 1613 1616 1615
f 1615 1616 1618
f 1615 1618 1617
f 1617 1618 1620
f 1617 1620 1619
f 1619 1620 1622
f 1619 1622 1621
f 1621 1622 1624
f 1621 1624 1623
f 1625 1626 1628
f 1625 1628 1627
f 1627 1628 1630
f 1627 1630 1629
f 1629 1630 1632
f 1629 1632 1631
f 1631 1632 1634
f 1631 1634 1633
f 1633 1634 1636
f 1633 1636 1635
f 1635 1636 1638
f 1635 1638 1637
f 1639 1640 1642
f 1639 1642 1641
f 1641 1642 1644
f 1641 1644 1643
f 1643 1644 1646
f 1643 1646 1645
f 1645 1646 1648
f 1645 1648 1647
f 1647 1648 1650
f 1647 1650 1649
f 1649 1650 1652
f 1649 1652 1651
f 1653 1654 1656
f 1653 1656 1655
f 1655 1656 1658
f 1655 1658 1657
f 1657 1658 1660
f 1657 1660 1659
f 1659 1660 1662
f 1659 1662 1661
f 1661 1662 1664
f 1661 1664 1663
f 1663 1664 1666
f 1663 1666 1665
f 1667 1668 1670
f 1667 1670 1669
f 1669 1670 1672
f 1669 1672 1671
f 1671 1672 1674
f 1671 1674 1673
f 1673 1674 1676
f 1673 1676 1675
f 1675 1676 1678
f 1675 1678 1677
f 1677 1678 1680
f 1677 1680 1679
f 1681 1682 1684
f 1681 1684 1683
f 1683 1684 1686
f 1683 1686 1685
f 1685 1686 1688
f 1685 1688 1687
f 1687 1688 1690
f 1687 1690 1689
f 1689 1690 1692
f 1689 1692 1691
f 1691 1692 1694
f 1691 1694 1693
f 1695 1696 1698
f 1695 1698 1697
f 1697 1698 1700
f 1697 1700 1699
f 1699 1700 1702
f 1699 1702 1701
f 1701 1702 1704
f 1701 1704 1703
f 1703 1704 1706
f 1703 1706 1705
f 1705 1706 1708
f 1705 1708 1707
f 1709 1710 1712
f 1709 1712 1711
f 1711 1712 1714
f 1711 1714 1713
f 1713 1714 1716
f 1713 1716 1715
f 1715 1716 1718
f 1715 1718 1717
f 1717 1718 1720
f 1717 1720 1719
f 1719 1720 1722
f 1719 1722 1721
f 1723 1724 1726
f 1723 1726 1725
f 1725 1726 1728
f 1725 1728 1727
f 1727 1728 1730
f 1727 1730 1729
f 1729 1730 1732
f 1729 1732 1731
f 1731 1732 1734
f 1731 1734 1733
f 1733 1734 1736
f 1733 1736 1735
f 1737 1738 1740
f 1737 1740 1739
f 1739 1740 1742
f 1739 1742 1741
f 1741 1742 1744
f 1741 1744 1743
f 1743 1744 1746
f 1743 1746 1745
f 1745 1746 1748
f 1745 1748 1747
f 1747 1748 1750
f 1747 1750 1749
f 1751 1752 1754
f 1751 1754 1753
f 1753 1754 1756
f 1753 1756 1755
f 1755 1756 1758
f 1755 1758 1757
f 1757 1758 1760
f 1757 1760 1759
f 1759 1760 1762
f 1759 1762 1761
f 1761 1762 1764
f 1761 1764 1763
f 1765 1766 1768
f 1765 1768 1767
f 1767 1768 1770
f 1767 1770 1769
f 1769 1770 1772
f 1769 1772 1771
f 1771 1772 1774
f 1771 1774 1773
f 1773 1774 1776
f 1773 1776 1775
f 1775 1776 1778
f 1775 1778 1777
f 1779 1780 1782
f 1779 1782 1781
f 1781 1782 1784
f 1781 1784 1783
f 1783 1784 1786
f 1783 1786 1785
f 1785 1786 1788
f 1785 1788 1787
f 1787 1788 1790
f 1787 1790 1789
f 1789 1790 1792
f 1789 1792 1791
f 1793 1794 1796
f 1793 1796 1795
f 1795 1796 1798
f 1795 1798 1797
f 1797 1798 1800
f 1797 1800 1799
f 1799 1800 1802
f 1799 1802 1801
f 1801 1802 1804
f 1801 1804 1803
f 1803 1804 1806
f 1803 1806 1805
f 1807 1808 1810
f 1807 1810 1809
f 1809 1810 1812
f 1809 1812 1811
f 1811 1812 1814
f 1811 1814 1813
f 1813 1814 1816
f 1813 1816 1815
f 1815 1816 1818
f 1815 1818 1817
f 1817 1818 1820
f 1817 1820 1819
f 1821 1822 1824
f 1821 1824 1823
f 1823 1824 1826
f 1823 1826 1825
f 1825 1826 1828
f 1825 1828 1827
f 1827 1828 1830
f 1827 1830 1829
f 1829 1830 1832
f 1829 1832 1831
f 1831 1832 1834
f 1831 1834 1833
f 1835 1836 1838
f 1835 1838 1837
f 1837 1838 1840
f 1837 1840 1839
f 1839 1840 1842
f 1839 1842 1841
f 1841 1842 1844
f 1841 1844 1843
f 1843 1844 1846
f 1843 1846 1845
f 1845 1846 1848
f 1845 1848 1847
f 1849 1850 1852
f 1849 1852 1851
f 1851 1852 1854
f 1851 1854 1853
f 1853 1854 1856
f 1853 1856 1855
f 1855 1856 1858
f 1855 1858 1857
f 1857 1858 1860
f 1857 1860 1859
f 1859 1860 1862
f 1859 1862 1861
f 1863 1864 1866
f 1863 1866 1865
f 1865 1866 1868
f 1865 1868 1867
f 1867 1868 1870
f 1867 1870 1869
f 1869 1870 1872
f 1869 1872 1871
f 1871 1872 1874
f 1871 1874 1873
f 1873 1874 1876
f 1873 1876 1875
f 1877 1878 1880
f 1877 1880 1879
f 1879 1880 1882
f 1879 1882 1881
f 1881 1882 1884
f 1881 1884 1883
f 1883 1884 1886
f 1883 1886 1885
f 1885 1886 1888
f 1885 1888 1887
f 1887 1888 1890
f 1887 1890 1889
f 1891 1892 1894
f 1891 1894 1893
f 1893 1894 1896
f 1893 1896 1895
f 1895 1896 1898
f 1895 1898 1897
f 1897 1898 1900
f 1897 1900 1899
f 1899 1900 1902
f 1899 1902 1901
f 1901 1902 1904
f 1901 1904 1903
f 1905 1906 1908
f 1905 1908 1907
f 1907 1908 1910
f 1907 1910 1909
f 1909 1910 1912
f 1909 1912 1911
f 1911 1912 1914
f 1911 1914 1913
f 1913 1914 1916
f 1913 1916 1915
f 1915 1916 1918
f 1915 1918 1917
f 1919 1920 1922
f 1919 1922 1921
f 1921 1922 1924
f 1921 1924 1923
f 1923 1924 1926
f 1923 1926 1925
f 1925 1926 1928
f 1925 1928 1927
f 1927 1928 1930
f 1927 1930 1929
f 1929 1930 1932
f 1929 1932 1931
f 1933 1934 1936
f 1933 1936 1935
f 1935 1936 1938
f 1935 1938 1937
f 1937 1938 1940
f 1937 1940 1939
f 1939 1940 1942
f 1939 1942 1941
f 1941 1942 1944
f 1941 1944 1943
f 1943 1944 1946
f 1943 1946 1945
f 1947 1948 1950
f 1947 1950 1949
f 1949 1950 1952
f 1949 1952 1951
f 1951 1952 1954
f 1951 1954 1953
f 1953 1954 1956
f 1953 1956 1955
f 1955 1956 1958
f 1955 1958 1957
f 1957 1958 1960
f 1957 1960 1959
f 1961 1962 1964
f 1961 1964 1963
f 1963 1964 1966
f 1963 1966 1965
f 1965 1966 1968
f 1965 1968 1967
f 1967 1968 1970
f 1967 1970 1969
f 1969 1970 1972
f 1969 1972 1971
f 1971 1972 1974
f 1971 1974 1973
f 1975 1976 1978
f 1975 1978 1977
f 1977 1978 1980
f 1977 1980 1979
f 1979 1980 1982
f 1979 1982 1981
f 1981 1982 1984
f 1981 1984 1983
f 1983 1984 1986
f 1983 1986 1985
f 1985 1986 1988
f 1985 1988 1987
f 1989 1990 1992
f 1989 1992 1991
f 1991 1992 1994
f 1991 1994 1993
f 1993 1994 1996
f 1993 1996 1995
f 1995 1996 1998
f 1995 1998 1997
f 1997 1998 2000
f 1997 2000 1999
f 1999 2000 2002
f 1999 2002 2001
f 2003 2004 2006
f 2003 2006 2005
f 2005 2006 2008
f 2005 2008 2007
f 2007 2008 2010
f 2007 2010 2009
f 2009 2010 2012
f 2009 2012 2011
f 2011 2012 2014
f 2011 2014 2013
f 2013 2014 2016
f 2013 2016 2015
f 2017 2018 2020
f 2017 2020 2019
f 2019 2020 2022
f 2019 2022 2021
f 2021 2022 2024
f 2021 2024 2023
f 2023 2024 2026
f 2023 2026 2025
f 2025 2026 2028
f 2025 2028 2027
f 2027 2028 2030
f 2027 2030 2029
f 2031 2032 2034
f 2031 2034 2033
f 2033 2034 2036
f 2033 2036 2035
f 2035 2036 2038
f 2035 2038 2037
f 2037 2038 2040
f 2037 2040 2039
f 2039 2040 2042
f 2039 2042 2041
f 2041 2042 2044
f 2041 2044 2043
f 2045 2046 2048
f 2045 2048 2047
f 2047 2048 2050
f 2047 2050 2049
f 2049 2050 2052
f 2049 2052 2051
f 2051 2052 2054
f 2051 2054 2053
f 2053 2054 2056
f 2053 2056 2055
f 2055 2056 2058
f 2055 2058 2057
f 2059 2060 2062
f 2059 2062 2061
f 2061 2062 2064
f 2061 2064 2063
f 2063 2064 2066
f 2063 2066 2065
f 2065 2066 2068
f 2065 2068 2067
f 2067 2068 2070
f 2067 2070 2069
f 2069 2070 2072
f 2069 2072 2071
f 2073 2074 2076
f 2073 2076 2075
f 2075 2076 2078
f 2075 2078 2077
f 2077 2078 2080
f 2077 2080 2079
f 2079 2080 2082
f 2079 2082 2081
f 2081 2082 2084
f 2081 2084 2083
f 2083 2084 2086
f 2083 2086 2085
f 2087 2088 2090
f 2087 2090 2089
f 2089 2090 2092
f 2089 2092 2091
f 2091 2092 2094
f 2091 2094 2093
f 2093 2094 2096
f 2093 2096 2095
f 2095 2096 2098
f 2095 2098 2097
f 2097 2098 2100
f 2097 2100 2099
f 2101 2102 2104
f 2101 2104 2103
f 2103 2104 2106
f 2103 2106 2105
f 2105 2106 2108
f 2105 2108 2107
f 2107 2108 2110
f 2107 2110 2109
f 2109 2110 2112
f 2109 2112 2111
f 2111 2112 2114
f 2111 2114 2113
f 2115 2116 2118
f 2115 2118 2117
f 2117 2118 2120
f 2117 2120 2119
f 2119 2120 2122
f 2119 2122 2121
f 2121 2122 2124
f 2121 2124 2123
f 2123 2124 2126
f 2123 2126 2125
f 2125 2126 2128
f 2125 2128 2127
f 2129 2130 2132
f 2129 2132 2131
f 2131 2132 2134
f 2131 2134 2133
f 2133 2134 2136
f 2133 2136 2135
f 2135 2136 2138
f 2135 2138 2137
f 2137 2138 2140
f 2137 2140 2139
f 2139 2140 2142
f 2139 2142 2141
f 2143 2144 2146
f 2143 2146 2145
f 2145 2146 2148
f 2145 2148 2147
f 2147 2148 2150
f 2147 2150 2149
f 2149 2150 2152
f 2149 2152 2151
f 2151 2152 2154
f 2151 2154 2153
f 2153 2154 2156
f 2153 2156 2155
f 2157 2158 2160
f 2157 2160 2159
f 2159 2160 2162
f 2159 2162 2161
f 2161 2162 2164
f 2161 2164 2163
f 2163 2164 2166
f 2163 2166 2165
f 2165 2166 2168
f 2165 2168 2167
f 2167 2168 2170
f 2167 2170 2169
f 2171 2172 2174
f 2171 2174 2173
f 2173 2174 2176
f 2173 2176 2175
f 2175 2176 2178
f 2175 2178 2177
f 2177 2178 2180
f 2177 2180 2179
f 2179 2180 2182
f 2179 2182 2181
f 2181 2182 2184
f 2181 2184 2183
f 2185 2186 2188
f 2185 2188 2187
f 2187 2188 2190
f 2187 2190 2189
f 2189 2190 2192
f 2189 2192 2191
f 2191 2192 2194
f 2191 2194 2193
f 2193 2194 2196
f 2193 2196 2195
f 2195 2196 2198
f 2195 2198 2197
f 2199 2200 2202
f 2199 2202 2201
f 2201 2202 2204
f 2201 2204 2203
f 2203 2204 2206
f 2203 2206 2205
f 2205 2206 2208
f 2205 2208 2207
f 2207 2208 2210
f 2207 2210 2209
f 2209 2210 2212
f 2209 2212 2211
f 2213 2214 2216
f 2213 2216 2215
f 2215 2216 2218
f 2215 2218 2217
f 2217 2218 2220
f 2217 2220 2219
f 2219 2220 2222
f 2219 2222 2221
f 2221 2222 2224
f 2221 2224 2223
f 2223 2224 2226
f 2223 2226 2225
f 2227 2228 2230
f 2227 2230 2229
f 2229 2230 2232
f 2229 2232 2231
f 2231 2232 2234
f 2231 2234 2233
f 2233 2234 2236
f 2233 2236 2235
f 2235 2236 2238
f 2235 2238 2237
f 2237 2238 2240
f 2237 2240 2239
f 2241 2242 2244
f 2241 2244 2243
f 2243 2244 2246
f 2243 2246 2245
f 2245 2246 2248
f 2245 2248 2247
f 2247 2248 2250
f 2247 2250 2249
f 2249 2250 2252
f 2249 2252 2251
f 2251 2252 2254
f 2251 2254 2253
f 2255 2256 2258
f 2255 2258 2257
f 2257 2258 2260
f 2257 2260 2259
f 2259 2260 2262
f 2259 2262 2261
f 2261 2262 2264
f 2261 2264 2263
f 2263 2264 2266
f 2263 2266 2265
f 2265 2266 2268
f 2265 2268 2267
f 2269 2270 2272
f 2269 2272 2271
f 2271 2272 2274
f 2271 2274 2273
f 2273 2274 2276
f 2273 2276 2275
f 2275 2276 2278
f 2275 2278 2277
f 2277 2278 2280
f 2277 2280 2279
f 2279 2280 2282
f 2279 2282 2281
f 2283 2284 2286
f 2283 2286 2285
f 2285 2286 2288
f 2285 2288 2287
f 2287 2288 2290
f 2287 2290 2289
f 2289 2290 2292
f 2289 2292 2291
f 2291 2292 2294
f 2291 2294 2293
f 2293 2294 2296
f 2293 2296 2295
f 2297 2298 2300
f 2297 2300 2299
f 2299 2300 2302
f 2299 2302 2301
f 2301 2302 2304
f 2301 2304 2303
f 2303 2304 2306
f 2303 2306 2305
f 2305 2306 2308
f 2305 2308 2307
f 2307 2308 2310
f 2307 2310 2309
f 2311 2312 2314
f 2311 2314 2313
f 2313 2314 2316
f 2313 2316 2315
f 2315 2316 2318
f 2315 2318 2317
f 2317 2318 2320
f 2317 2320 2319
f 2319 2320 2322
f 2319 2322 2321
f 2321 2322 2324
f 2321 2324 2323
f 2325 2326 2328
f 2325 2328 2327
f 2327 2328 2330
f 2327 2330 2329
f 2329 2330 2332
f 2329 2332 2331
f 2331 2332 2334
f 2331 2334 2333
f 2333 2334 2336
f 2333 2336 2335
f 2335 2336 2338
f 2335 2338 2337
f 2339 2340 2342
f 2339 2342 2341
f 2341 2342 2344
f 2341 2344 2343
f 2343 2344 2346
f 2343 2346 2345
f 2345 2346 2348
f 2345 2348 2347
f 2347 2348 2350
f 2347 2350 2349
f 2349 2350 2352
f 2349 2352 2351
f 2353 2354 2356
f 2353 2356 2355
f 2355 2356 2358
f 2355 2358 2357
f 2357 2358 2360
f 2357 2360 2359
f 2359 2360 2362
f 2359 2362 2361
f 2361 2362 2364
f 2361 2364 2363
f 2363 2364 2366
f 2363 2366 2365
f 2367 2368 2370
f 2367 2370 2369
f 2369 2370 2372
f 2369 2372 2371
f 2371 2372 2374
f 2371 2374 2373
f 2373 2374 2376
f 2373 2376 2375
f 2375 2376 2378
f 2375 2378 2377
f 2377 2378 2380
f 2377 2380 2379
f 2381 2382 2384
f 2381 2384 2383
f 2383 2384 2386
f 2383 2386 2385
f 2385 2386 2388
f 2385 2388 2387
f 2387 2388 2390
f 2387 2390 2389
f 2389 2390 2392
f 2389 2392 2391
f 2391 2392 2394
f 2391 2394 2393
f 2395 2396 2398
f 2395 2398 2397
f 2397 2398 2400
f 2397 2400 2399
f 2399 2400 2402
f 2399 2402 2401
f 2401 2402 2404
f 2401 2404 2403
f 2403 2404 2406
f 2403 2406 2405
f 2405 2406 2408
f 2405 2408 2407
f 2409 2410 2412
f 2409 2412 2411
f 2411 2412 2414
f 2411 2414 2413
f 2413 2414 2416
f 2413 2416 2415
f 2415 2416 2418
f 2415 2418 2417
f 2417 2418 2420
f 2417 2420 2419
f 2419 2420 2422
f 2419 2422 2421
f 2423 2424 2426
f 2423 2426 2425
f 2425 2426 2428
f 2425 2428 2427
f 2427 2428 2430
f 2427 2430 2429
f 2429 2430 2432
f 2429 2432 2431
f 2431 2432 2434
f 2431 2434 2433
f 2433 2434 2436
f 2433 2436 2435
f 2437 2438 2440
f 2437 2440 2439
f 2439 2440 2442
f 2439 2442 2441
f 2441 2442 2444
f 2441 2444 2443
f 2443 2444 2446
f 2443 2446 2445
f 2445 2446 2448
f 2445 2448 2447
f 2447 2448 2450
f 2447 2450 2449
f 2451 2452 2454
f 2451 2454 2453
f 2453 2454 2456
f 2453 2456 2455
f 2455 2456 2458
f 2455 2458 2457
f 2457 2458 2460
f 2457 2460 2459
f 2459 2460 2462
f 2459 2462 2461
f 2461 2462 2464
f 2461 2464 2463
f 2465 2466 2468
f 2465 2468 2467
f 2467 2468 2470
f 2467 2470 2469
f 2469 2470 2472
f 2469 2472 2471
f 2471 2472 2474
f 2471 2474 2473
f 2473 2474 2476
f 2473 2476 2475
f 2475 2476 2478
f 2475 2478 2477
f 2479 2480 2482
f 2479 2482 2481
f 2481 2482 2484
f 2481 2484 2483
f 2483 2484 2486
f 2483 2486 2485
f 2485 2486 2488
f 2485 2488 2487
f 2487 2488 2490
f 2487 2490 2489
f 2489 2490 2492
f 2489 2492 2491
f 2493 2494 2496
f 2493 2496 2495
f 2495 2496 2498
f 2495 2498 2497
f 2497 2498 2500
f 2497 2500 2499
f 2499 2500 2502
f 2499 2502 2501
f 2501 2502 2504
f 2501 2504 2503
f 2503 2504 2506
f 2503 2506 2505
f 2507 2508 2510
f 2507 2510 2509
f 2509 2510 2512
f 2509 2512 2511
f 2511 2512 2514
f 2511 2514 2513
f 2513 2514 2516
f 2513 2516 2515
f 2515 2516 2518
f 2515 2518 2517
f 2517 2518 2520
f 2517 2520 2519
f 2521 2522 2524
f 2521 2524 2523
f 2523 2524 2526
f 2523 2526 2525
f 2525 2526 2528
f 2525 2528 2527
f 2527 2528 2530
f 2527 2530 2529
f 2529 2530 2532
f 2529 2532 2531
f 2531 2532 2534
f 2531 2534 2533
f 2535 2536 2538
f 2535 2538 2537
f 2537 2538 2540
f 2537 2540 2539
f 2539 2540 2542
f 2539 2542 2541
f 2541 2542 2544
f 2541 2544 2543
f 2543 2544 2546
f 2543 2546 2545
f 2545 2546 2548
f 2545 2548 2547
f 2549 2550 2552
f 2549 2552 2551
f 2551 2552 2554
f 2551 2554 2553
f 2553 2554 2556
f 2553 2556 2555
f 2555 2556 2558
f 2555 2558 2557
f 2557 2558 2560
f 2557 2560 2559
f 2559 2560 2562
f 2559 2562 2561
f 2563 2564 2566
f 2563 2566 2565
f 2565 2566 2568
f 2565 2568 2567
f 2567 2568 2570
f 2567 2570 2569
f 2569 2570 2572
f 2569 2572 2571
f 2571 2572 2574
f 2571 2574 2573
f 2573 2574 2576
f 2573 2576 2575
f 2577 2578 2580
f 2577 2580 2579
f 2579 2580 2582
f 2579 2582 2581
f 2581 2582 2584
f 2581 2584 2583
f 2583 2584 2586
f 2583 2586 2585
f 2585 2586 2588
f 2585 2588 2587
f 2587 2588 2590
f 2587 2590 2589
f 2591 2592 2594
f 2591 2594 2593
f 2593 2594 2596
f 2593 2596 2595
f 2595 2596 2598
f 2595 2598 2597
f 2597 2598 2600
f 2597 2600 2599
f 2599 2600 2602
f 2599 2602 2601
f 2601 2602 2604
f 2601 2604 2603
f 2605 2606 2608
f 2605 2608 2607
f 2607 2608 2610
f 2607 2610 2609
f 2609 2610 2612
f 2609 2612 2611
f 2611 2612 2614
f 2611 2614 2613
f 2613 2614 2616
f 2613 2616 2615
f 2615 2616 2618
f 2615 2618 2617
f 2619 2620 2622
f 2619 2622 2621
f 2621 2622 2624
f 2621 2624 2623
f 2623 2624 2626
f 2623 2626 2625
f 2625 2626 2628
f 2625 2628 2627
f 2627 2628 2630
f 2627 2630 2629
f 2629 2630 2632
f 2629 2632 2631
f 2633 2634 2636
f 2633 2636 2635
f 2635 2636 2638
f 2635 2638 2637
f 2637 2638 2640
f 2637 2640 2639
f 2639 2640 2642
f 2639 2642 2641
f 2641 2642 2644
f 2641 2644 2643
f 2643 2644 2646
f 2643 2646 2645
f 2647 2648 2650
f 2647 2650 2649
f 2649 2650 2652
f 2649 2652 2651
f 2651 2652 2654
f 2651 2654 2653
f 2653 2654 2656
f 2653 2656 2655
f 2655 2656 2658
f 2655 2658 2657
f 2657 2658 2660
f 2657 2660 2659
f 2661 2662 2664
f 2661 2664 2663
f 2663 2664 2666
f 2663 2666 2665
f 2665 2666 2668
f 2665 2668 2667
f 2667 2668 2670
f 2667 2670 2669
f 2669 2670 2672
f 2669 2672 2671
f 2671 2672 2674
f 2671 2674 2673
f 2675 2676 2678
f 2675 2678 2677
f 2677 2678 2680
f 2677 2680 2679
f 2679 2680 2682
f 2679 2682 2681
f 2681 2682 2684
f 2681 2684 2683
f 2683 2684 2686
f 2683 2686 2685
f 2685 2686 2688
f 2685 2688 2687
f 2689 2690 2692
f 2689 2692 2691
f 2691 2692 2694
f 2691 2694 2693
f 2693 2694 2696
f 2693 2696 2695
f 2695 2696 2698
f 2695 2698 2697
f 2697 2698 2700
f 2697 2700 2699
f 2699 2700 2702
f 2699 2702 2701
f 2703 2704 2706
f 2703 2706 2705
f 2705 2706 2708
f 2705 2708 2707
f 2707 2708 2710
f 2707 2710 2709
f 2709 2710 2712
f 2709 2712 2711
f 2711 2712 2714
f 2711 2714 2713
f 2713 2714 2716
f 2713 2716 2715
f 2717 2718 2720
f 2717 2720 2719
f 2719 2720 2722
f 2719 2722 2721
f 2721 2722 2724
f 2721 2724 2723
f 2723 2724 2726
f 2723 2726 2725
f 2725 2726 2728
f 2725 2728 2727
f 2727 2728 2730
f 2727 2730 2729
f 2731 2732 2734
f 2731 2734 2733
f 2733 2734 2736
f 2733 2736 2735
f 2735 2736 2738
f 2735 2738 2737
f 2737 2738 2740
f 2737 2740 2739
f 2739 2740 2742
f 2739 2742 2741
f 2741 2742 2744
f 2741 2744 2743
f 2745 2746 2748
f 2745 2748 2747
f 2747 2748 2750
f 2747 2750 2749
f 2749 2750 2752
f 2749 2752 2751
f 2751 2752 2754
f 2751 2754 2753
f 2753 2754 2756
f 2753 2756 2755
f 2755 2756 2758
f 2755 2758 2757
f 2759 2760 2762
f 2759 2762 2761
f 2761 2762 2764
f 2761 2764 2763
f 2763 2764 2766
f 2763 2766 2765
f 2765 2766 2768
f 2765 2768 2767
f 2767 2768 2770
f 2767 2770 2769
f 2769 2770 2772
f 2769 2772 2771
f 2773 2774 2776
f 2773 2776 2775
f 2775 2776 2778
f 2775 2778 2777
f 2777 2778 2780
f 2777 2780 2779
f 2779 2780 2782
f 2779 2782 2781
f 2781 2782 2784
f 2781 2784 2783
f 2783 2784 2786
f 2783 2786 2785
f 2787 2788 2790
f 2787 2790 2789
f 2789 2790 2792
f 2789 2792 2791
f 2791 2792 2794
f 2791 2794 2793
f 2793 2794 2796
f 2793 2796 2795
f 2795 2796 2798
f 2795 2798 2797
f 2797 2798 2800
f 2797 2800 2799
f 2801 2802 2804
f 2801 2804 2803
f 2803 2804 2806
f 2803 2806 2805
f 2805 2806 2808
f 2805 2808 2807
f 2807 2808 2810
f 2807 2810 2809
f 2809 2810 2812
f 2809 2812 2811
f 2811 2812 2814
f 2811 2814 2813
f 2815 2816 2818
f 2815 2818 2817
f 2817 2818 2820
f 2817 2820 2819
f 2819 2820 2822
f 2819 2822 2821
f 2821 2822 2824
f 2821 2824 2823
f 2823 2824 2826
f 2823 2826 2825
f 2825 2826 2828
f 2825 2828 2827
f 2829 2830 2832
f 2829 2832 2831
f 2831 2832 2834
f 2831 2834 2833
f 2833 2834 2836
f 2833 2836 2835
f 2835 2836 2838
f 2835 2838 2837
f 2837 2838 2840
f 2837 2840 2839
f 2839 2840 2842
f 2839 2842 2841
f 2843 2844 2846
f 2843 2846 2845
f 2845 2846 2848
f 2845 2848 2847
f 2847 2848 2850
f 2847 2850 2849
f 2849 2850 2852
f 2849 2852 2851
f 2851 2852 2854
f 2851 2854 2853
f 2853 2854 2856
f 2853 2856 2855
f 2857 2858 2860
f 2857 2860 2859
f 2859 2860 2862
f 2859 2862 2861
f 2861 2862 2864
f 2861 2864 2863
f 2863 2864 2866
f 2863 2866 2865
f 2865 2866 2868
f 2865 2868 2867
f 2867 2868 2870
f 2867 2870 2869
f 2871 2872 2874
f 2871 2874 2873
f 2873 2874 2876
f 2873 2876 2875
f 2875 2876 2878
f 2875 2878 2877
f 2877 2878 2880
f 2877 2880 2879
f 2879 2880 2882
f 2879 2882 2881
f 2881 2882 2884
f 2881 2884 2883
f 2885 2886 2888
f 2885 2888 2887
f 2887 2888 2890
f 2887 2890 2889
f 2889 2890 2892
f 2889 2892 2891
f 2891 2892 2894
f 2891 2894 2893
f 2893 2894 2896
f 2893 2896 2895
f 2895 2896 2898
f 2895 2898 2897
f 2899 2900 2902
f 2899 2902 2901
f 2901 2902 2904
f 2901 2904 2903
f 2903 2904 2906
f 2903 2906 2905
f 2905 2906 2908
f 2905 2908 2907
f 2907 2908 2910
f 2907 2910 2909
f 2909 2910 2912
f 2909 2912 2911
f 2913 2914 2916
f 2913 2916 2915
f 2915 2916 2918
f 2915 2918 2917
f 2917 2918 2920
f 2917 2920 2919
f 2919 2920 2922
f 2919 2922 2921
f 2921 2922 2924
f 2921 2924 2923
f 2923 2924 2926
f 2923 2926 2925
f 2927 2928 2930
f 2927 2930 2929
f 2929 2930 2932
f 2929 2932 2931
f 2931 2932 2934
f 2931 2934 2933
f 2933 2934 2936
f 2933 2936 2935
f 2935 2936 2938
f 2935 2938 2937
f 2937 2938 2940
f 2937 2940 2939
f 2941 2942 2944
f 2941 2944 2943
f 2943 2944 2946
f 2943 2946 2945
f 2945 2946 2948
f 2945 2948 2947
f 2947 2948 2950
f 2947 2950 2949
f 2949 2950 2952
f 2949 2952 2951
f 2951 2952 2954
f 2951 2954 2953
f 2955 2956 2958
f 2955 2958 2957
f 2957 2958 2960
f 2957 2960 2959
f 2959 2960 2962
f 2959 2962 2961
f 2961 2962 2964
f 2961 2964 2963
f 2963 2964 2966
f 2963 2966 2965
f 2965 2966 2968
f 2965 2968 2967
f 2969 2970 2972
f 2969 2972 2971
f 2971 2972 2974
f 2971 2974 2973
f 2973 2974 2976
f 2973 2976 2975
f 2975 2976 2978
f 2975 2978 2977
f 2977 2978 2980
f 2977 2980 2979
f 2979 2980 2982
f 2979 2982 2981
f 2983 2984 2986
f 2983 2986 2985
f 2985 2986 2988
f 2985 2988 2987
f 2987 2988 2990
f 2987 2990 2989
f 2989 2990 2992
f 2989 2992 2991
f 2991 2992 2994
f 2991 2994 2993
f 2993 2994 2996
f 2993 2996 2995
f 2997 2998 3000
f 2997 3000 2999
f 2999 3000 3002
f 2999 3002 3001
f 3001 3002 3004
f 3001 3004 3003
f 3003 3004 3006
f 3003 3006 3005
f 3005 3006 3008
f 3005 3008 3007
f 3007 3008 3010
f 3007 3010 3009
f 3011 3012 3014
f 3011 3014 3013
f 3013 3014 3016
f 3013 3016 3015
f 3015 3016 3018
f 3015 3018 3017
f 3017 3018 3020
f 3017 3020 3019
f 3019 3020 3022
f 3019 3022 3021
f 3021 3022 3024
f 3021 3024 3023
f 3025 3026 3028
f 3025 3028 3027
f 3027 3028 3030
f 3027 3030 3029
f 3029 3030 3032
f 3029 3032 3031
f 3031 3032 3034
f 3031 3034 3033
f 3033 3034 3036
f 3033 3036 3035
f 3035 3036 3038
f 3035 3038 3037
f 3039 3040 3042
f 3039 3042 3041
f 3041 3042 3044
f 3041 3044 3043
f 3043 3044 3046
f 3043 3046 3045
f 3045 3046 3048
f 3045 3048 3047
f 3047 3048 3050
f 3047 3050 3049
f 3049 3050 3052
f 3049 3052 3051
f 3053 3054 3056
f 3053 3056 3055
f 3055 3056 3058
f 3055 3058 3057
f 3057 3058 3060
f 3057 3060 3059
f 3059 3060 3062
f 3059 3062 3061
f 3061 3062 3064
f 3061 3064 3063
f 3063 3064 3066
f 3063 3066 3065
f 3067 3068 3070
f 3067 3070 3069
f 3069 3070 3072
f 3069 3072 3071
f 3071 3072 3074
f 3071 3074 3073
f 3073 3074 3076
f 3073 3076 3075
f 3075 3076 3078
f 3075 3078 3077
f 3077 3078 3080
f 3077 3080 3079
f 3081 3082 3084
f 3081 3084 3083
f 3083 3084 3086
f 3083 3086 3085
f 3085 3086 3088
f 3085 3088 3087
f 3087 3088 3090
f 3087 3090 3089
f 3089 3090 3092
f 3089 3092 3091
f 3091 3092 3094
f 3091 3094 3093
f 3095 3096 3098
f 3095 3098 3097
f 3097 3098 3100
f 3097 3100 3099
f 3099 3100 3102
f 3099 3102 3101
f 3101 3102 3104
f 3101 3104 3103
f 3103 3104 3106
f 3103 3106 3105
f 3105 3106 3108
f 3105 3108 3107
f 3109 3110 3112
f 3109 3112 3111
f 3111 3112 3114
f 3111 3114 3113
f 3113 3114 3116
f 3113 3116 3115
f 3115 3116 3118
f 3115 3118 3117
f 3117 3118 3120
f 3117 3120 3119
f 3119 3120 3122
f 3119 3122 3121
f 3123 3124 3126
f 3123 3126 3125
f 3125 3126 3128
f 3125 3128 3127
f 3127 3128 3130
f 3127 3130 3129
f 3129 3130 3132
f 3129 3132 3131
f 3131 3132 3134
f 3131 3134 3133
f 3133 3134 3136
f 3133 3136 3135
f 3137 3138 3140
f 3137 3140 3139
f 3139 3140 3142
f 3139 3142 3141
f 3141 3142 3144
f 3141 3144 3143
f 3143 3144 3146
f 3143 3146 3145
f 3145 3146 3148
f 3145 3148 3147
f 3147 3148 3150
f 3147 3150 3149
f 3151 3152 3154
f 3151 3154 3153
f 3153 3154 3156
f 3153 3156 3155
f 3155 3156 3158
f 3155 3158 3157
f 3157 3158 3160
f 3157 3160 3159
f 3159 3160 3162
f 3159 3162 3161
f 3161 3162 3164
f 3161 3164 3163
f 3165 3166 3168
f 3165 3168 3167
f 3167 3168 3170
f 3167 3170 3169
f 3169 3170 3172
f 3169 3172 3171
f 3171 3172 3174
f 3171 3174 3173
f 3173 3174 3176
f 3173 3176 3175
f 3175 3176 3178
f 3175 3178 3177
f 3179 3180 3182
f 3179 3182 3181
f 3181 3182 3184
f 3181 3184 3183
f 3183 3184 3186
f 3183 3186 3185
f 3185 3186 3188
f 3185 3188 3187
f 3187 3188 3190
f 3187 3190 3189
f 3189 3190 3192
f 3189 3192 3191
f 3193 3194 3196
f 3193 3196 3195
f 3195 3196 3198
f 3195 3198 3197
f 3197 3198 3200
f 3197 3200 3199
f 3199 3200 3202
f 3199 3202 3201
f 3201 3202 3204
f 3201 3204 3203
f 3203 3204 3206
f 3203 3206 3205
f 3207 3208 3210
f 3207 3210 3209
f 3209 3210 3212
f 3209 3212 3211
f 3211 3212 3214
f 3211 3214 3213
f 3213 3214 3216
f 3213 3216 3215
f 3215 3216 3218
f 3215 3218 3217
f 3217 3218 3220
f 3217 3220 3219
f 3221 3222 3224
f 3221 3224 3223
f 3223 3224 3226
f 3223 3226 3225
f 3225 3226 3228
f 3225 3228 3227
f 3227 3228 3230
f 3227 3230 3229
f 3229 3230 3232
f 3229 3232 3231
f 3231 3232 3234
f 3231 3234 3233
f 3235 3236 3238
f 3235 3238 3237
f 3237 3238 3240
f 3237 3240 3239
f 3239 3240 3242
f 3239 3242 3241
f 3241 3242 3244
f 3241 3244 3243
f 3243 3244 3246
f 3243 3246 3245
f 3245 3246 3248
f 3245 3248 3247
f 3249 3250 3252
f 3249 3252 3251
f 3251 3252 3254
f 3251 3254 3253
f 3253 3254 3256
f 3253 3256 3255
f 3255 3256 3258
f 3255 3258 3257
f 3257 3258 3260
f 3257 3260 3259
f 3259 3260 3262
f 3259 3262 3261
f 3263 3264 3266
f 3263 3266 3265
f 3265 3266 3268
f 3265 3268 3267
f 3267 3268 3270
f 3267 3270 3269
f 3269 3270 3272
f 3269 3272 3271
f 3271 3272 3274
f 3271 3274 3273
f 3273 3274 3276
f 3273 3276 3275
f 3277 3278 3280
f 3277 3280 3279
f 3279 3280 3282
f 3279 3282 3281
f 3281 3282 3284
f 3281 3284 3283
f 3283 3284 3286
f 3283 3286 3285
f 3285 3286 3288
f 3285 3288 3287
f 3287 3288 3290
f 3287 3290 3289
f 3291 3292 3294
f 3291 3294 3293
f 3293 3294 3296
f 3293 3296 3295
f 3295 3296 3298
f 3295 3298 3297
f 3297 3298 3300
f 3297 3300 3299
f 3299 3300 3302
f 3299 3302 3301
f 3301 3302 3304
f 3301 3304 3303
f 3305 3306 3308
f 3305 3308 3307
f 3307 3308 3310
f 3307 3310 3309
f 3309 3310 3312
f 3309 3312 3311
f 3311 3312 3314
f 3311 3314 3313
f 3313 3314 3316
f 3313 3316 3315
f 3315 3316 3318
f 3315 3318 3317
f 3319 3320 3322
f 3319 3322 3321
f 3321 3322 3324
f 3321 3324 3323
f 3323 3324 3326
f 3323 3326 3325
f 3325 3326 3328
f 3325 3328 3327
f 3327 3328 3330
f 3327 3330 3329
f 3329 3330 3332
f 3329 3332 3331
f 3333 3334 3336
f 3333 3336 3335
f 3335 3336 3338
f 3335 3338 3337
f 3337 3338 3340
f 3337 3340 3339
f 3339 3340 3342
f 3339 3342 3341
f 3341 3342 3344
f 3341 3344 3343
f 3343 3344 3346
f 3343 3346 3345
f 3347 3348 3350
f 3347 3350 3349
f 3349 3350 3352
f 3349 3352 3351
f 3351 3352 3354
f 3351 3354 3353
f 3353 3354 3356
f 3353 3356 3355
f 3355 3356 3358
f 3355 3358 3357
f 3357 3358 3360
f 3357 3360 3359
f 3361 3362 3364
f 3361 3364 3363
f 3363 3364 3366
f 3363 3366 3365
f 3365 3366 3368
f 3365 3368 3367
f 3367 3368 3370
f 3367 3370 3369
f 3369 3370 3372
f 3369 3372 3371
f 3371 3372 3374
f 3371 3374 3373
f 3375 3376 3378
f 3375 3378 3377
f 3377 3378 3380
f 3377 3380 3379
f 3379 3380 3382
f 3379 3382 3381
f 3381 3382 3384
f 3381 3384 3383
f 3383 3384 3386
f 3383 3386 3385
f 3385 3386 3388
f 3385 3388 3387
f 3389 3390 3392
f 3389 3392 3391
f 3391 3392 3394
f 3391 3394 3393
f 3393 3394 3396
f 3393 3396 3395
f 3395 3396 3398
f 3395 3398 3397
f 3397 3398 3400
f 3397 3400 3399
f 3399 3400 3402
f 3399 3402 3401
f 3403 3404 3406
f 3403 3406 3405
f 3405 3406 3408
f 3405 3408 3407
f 3407 3408 3410
f 3407 3410 3409
f 3409 3410 3412
f 3409 3412 3411
f 3411 3412 3414
f 3411 3414 3413
f 3413 3414 3416
f 3413 3416 3415
f 3417 3418 3420
f 3417 3420 3419
f 3419 3420 3422
f 3419 3422 3421
f 3421 3422 3424
f 3421 3424 3423
f 3423 3424 3426
f 3423 3426 3425
f 3425 3426 3428
f 3425 3428 3427
f 3427 3428 3430
f 3427 3430 3429
f 3431 3432 3434
f 3431 3434 3433
f 3433 3434 3436
f 3433 3436 3435
f 3435 3436 3438
f 3435 3438 3437
f 3437 3438 3440
f 3437 3440 3439
f 3439 3440 3442
f 3439 3442 3441
f 3441 3442 3444
f 3441 3444 3443
f 3445 3446 3448
f 3445 3448 3447
f 3447 3448 3450
f 3447 3450 3449
f 3449 3450 3452
f 3449 3452 3451
f 3451 3452 3454
f 3451 3454 3453
f 3453 3454 3456
f 3453 3456 3455
f 3455 3456 3458
f 3455 3458 3457
f 3459 3460 3462
f 3459 3462 3461
f 3461 3462 3464
f 3461 3464 3463
f 3463 3464 3466
f 3463 3466 3465
f 3465 3466 3468
f 3465 3468 3467
f 3467 3468 3470
f 3467 3470 3469
f 3469 3470 3472
f 3469 3472 3471
f 3473 3474 3476
f 3473 3476 3475
f 3475 3476 3478
f 3475 3478 3477
f 3477 3478 3480
f 3477 3480 3479
f 3479 3480 3482
f 3479 3482 3481
f 3481 3482 3484
f 3481 3484 3483
f 3483 3484 3486
f 3483 3486 3485
f 3487 3488 3490
f 3487 3490 3489
f 3489 3490 3492
f 3489 3492 3491
f 3491 3492 3494
f 3491 3494 3493
f 3493 3494 3496
f 3493 3496 3495
f 3495 3496 3498
f 3495 3498 3497
f 3497 3498 3500
f 3497 3500 3499
f 3501 3502 3504
f 3501 3504 3503
f 3503 3504 3506
f 3503 3506 3505
f 3505 3506 3508
f 3505 3508 3507
f 3507 3508 3510
f 3507 3510 3509
f 3509 3510 3512
f 3509 3512 3511
f 3511 3512 3514
f 3511 3514 3513
f 3515 3516 3518
f 3515 3518 3517
f 3517 3518 3520
f 3517 3520 3519
f 3519 3520 3522
f 3519 3522 3521
f 3521 3522 3524
f 3521 3524 3523
f 3523 3524 3526
f 3523 3526 3525
f 3525 3526 3528
f 3525 3528 3527
f 3529 3530 3532
f 3529 3532 3531
f 3531 3532 3534
f 3531 3534 3533
f 3533 3534 3536
f 3533 3536 3535
f 3535 3536 3538
f 3535 3538 3537
f 3537 3538 3540
f 3537 3540 3539
f 3539 3540 3542
f 3539 3542 3541
f 3543 3544 3546
f 3543 3546 3545
f 3545 3546 3548
f 3545 3548 3547
f 3547 3548 3550
f 3547 3550 3549
f 3549 3550 3552
f 3549 3552 3551
f 3551 3552 3554
f 3551 3554 3553
f 3553 3554 3556
f 3553 3556 3555
f 3557 3558 3560
f 3557 3560 3559
f 3559 3560 3562
f 3559 3562 3561
f 3561 3562 3564
f 3561 3564 3563
f 3563 3564 3566
f 3563 3566 3565
f 3565 3566 3568
f 3565 3568 3567
f 3567 3568 3570
f 3567 3570 3569
f 3571 3572 3574
f 3571 3574 3573
f 3573 3574 3576
f 3573 3576 3575
f 3575 3576 3578
f 3575 3578 3577
f 3577 3578 3580
f 3577 3580 3579
f 3579 3580 3582
f 3579 3582 3581
f 3581 3582 3584
f 3581 3584 3583
f 3585 3586 3588
f 3585 3588 3587
f 3587 3588 3590
f 3587 3590 3589
f 3589 3590 3592
f 3589 3592 3591
f 3591 3592 3594
f 3591 3594 3593
f 3593 3594 3596
f 3593 3596 3595
f 3595 3596 3598
f 3595 3598 3597
f 3599 3600 3602
f 3599 3602 3601
f 3601 3602 3604
f 3601 3604 3603
f 3603 3604 3606
f 3603 3606 3605
f 3605 3606 3608
f 3605 3608 3607
f 3607 3608 3610
f 3607 3610 3609
f 3609 3610 3612
f 3609 3612 3611
f 3613 3614 3616
f 3613 3616 3615
f 3615 3616 3618
f 3615 3618 3617
f 3617 3618 3620
f 3617 3620 3619
f 3619 3620 3622
f 3619 3622 3621
f 3621 3622 3624
f 3621 3624 3623
f 3623 3624 3626
f 3623 3626 3625
f 3627 3628 3630
f 3627 3630 3629
f 3629 3630 3632
f 3629 3632 3631
f 3631 3632 3634
f 3631 3634 3633
f 3633 3634 3636
f 3633 3636 3635
f 3635 3636 3638
f 3635 3638 3637
f 3637 3638 3640
f 3637 3640 3639
f 3641 3642 3644
f 3641 3644 3643
f 3643 3644 3646
f 3643 3646 3645
f 3645 3646 3648
f 3645 3648 3647
f 3647 3648 3650
f 3647 3650 3649
f 3649 3650 3652
f 3649 3652 3651
f 3651 3652 3654
f 3651 3654 3653
f 3655 3656 3658
f 3655 3658 3657
f 3657 3658 3660
f 3657 3660 3659
f 3659 3660 3662
f 3659 3662 3661
f 3661 3662 3664
f 3661 3664 3663
f 3663 3664 3666
f 3663 3666 3665
f 3665 3666 3668
f 3665 3668 3667
f 3669 3670 3672
f 3669 3672 3671
f 3671 3672 3674
f 3671 3674 3673
f 3673 3674 3676
f 3673 3676 3675
f 3675 3676 3678
f 3675 3678 3677
f 3677 3678 3680
f 3677 3680 3679
f 3679 3680 3682
f 3679 3682 3681
f 3683 3684 3686
f 3683 3686 3685
f 3685 3686 3688
f 3685 3688 3687
f 3687 3688 3690
f 3687 3690 3689
f 3689 3690 3692
f 3689 3692 3691
f 3691 3692 3694
f 3691 3694 3693
f 3693 3694 3696
f 3693 3696 3695
f 3697 3698 3700
f 3697 3700 3699
f 3699 3700 3702
f 3699 3702 3701
f 3701 3702 3704
f 3701 3704 3703
f 3703 3704 3706
f 3703 3706 3705
f 3705 3706 3708
f 3705 3708 3707
f 3707 3708 3710
f 3707 3710 3709
f 3711 3712 3714
f 3711 3714 3713
f 3713 3714 3716
f 3713 3716 3715
f 3715 3716 3718
f 3715 3718 3717
f 3717 3718 3720
f 3717 3720 3719
f 3719 3720 3722
f 3719 3722 3721
f 3721 3722 3724
f 3721 3724 3723
f 3725 3726 3728
f 3725 3728 3727
f 3727 3728 3730
f 3727 3730 3729
f 3729 3730 3732
f 3729 3732 3731
f 3731 3732 3734
f 3731 3734 3733
f 3733 3734 3736
f 3733 3736 3735
f 3735 3736 3738
f 3735 3738 3737
f 3739 3740 3742
f 3739 3742 3741
f 3741 3742 3744
f 3741 3744 3743
f 3743 3744 3746
f 3743 3746 3745
f 3745 3746 3748
f 3745 3748 3747
f 3747 3748 3750
f 3747 3750 3749
f 3749 3750 3752
f 3749 3752 3751
f 3753 3754 3756
f 3753 3756 3755
f 3755 3756 3758
f 3755 3758 3757
f 3757 3758 3760
f 3757 3760 3759
f 3759 3760 3762
f 3759 3762 3761
f 3761 3762 3764
f 3761 3764 3763
f 3763 3764 3766
f 3763 3766 3765
f 3767 3768 3770
f 3767 3770 3769
f 3769 3770 3772
f 3769 3772 3771
f 3771 3772 3774
f 3771 3774 3773
f 3773 3774 3776
f 3773 3776 3775
f 3775 3776 3778
f 3775 3778 3777
f 3777 3778 3780
f 3777 3780 3779
f 3781 3782 3784
f 3781 3784 3783
f 3783 3784 3786
f 3783 3786 3785
f 3785 3786 3788
f 3785 3788 3787
f 3787 3788 3790
f 3787 3790 3789
f 3789 3790 3792
f 3789 3792 3791
f 3791 3792 3794
f 3791 3794 3793
f 3795 3796 3798
f 3795 3798 3797
f 3797 3798 3800
f 3797 3800 3799
f 3799 3800 3802
f 3799 3802 3801
f 3801 3802 3804
f 3801 3804 3803
f 3803 3804 3806
f 3803 3806 3805
f 3805 3806 3808
f 3805 3808 3807
f 3809 3810 3812
f 3809 3812 3811
f 3811 3812 3814
f 3811 3814 3813
f 3813 3814 3816
f 3813 3816 3815
f 3815 3816 3818
f 3815 3818 3817
f 3817 3818 3820
f 3817 3820 3819
f 3819 3820 3822
f 3819 3822 3821
f 3823 3824 3826
f 3823 3826 3825
f 3825 3826 3828
f 3825 3828 3827
f 3827 3828 3830
f 3827 3830 3829
f 3829 3830 3832
f 3829 3832 3831
f 3831 3832 3834
f 3831 3834 3833
f 3833 3834 3836
f 3833 3836 3835
f 3837 3838 3840
f 3837 3840 3839
f 3839 3840 3842
f 3839 3842 3841
f 3841 3842 3844
f 3841 3844 3843
f 3843 3844 3846
f 3843 3846 3845
f 3845 3846 3848
f 3845 3848 3847
f 3847 3848 3850
f 3847 3850 3849
f 3851 3852 3854
f 3851 3854 3853
f 3853 3854 3856
f 3853 3856 3855
f 3855 3856 3858
f 3855 3858 3857
f 3857 3858 3860
f 3857 3860 3859
f 3859 3860 3862
f 3859 3862 3861
f 3861 3862 3864
f 3861 3864 3863
f 3865 3866 3868
f 3865 3868 3867
f 3867 3868 3870
f 3867 3870 3869
f 3869 3870 3872
f 3869 3872 3871
f 3871 3872 3874
f 3871 3874 3873
f 3873 3874 3876
f 3873 3876 3875
f 3875 3876 3878
f 3875 3878 3877
f 3879 3880 3882
f 3879 3882 3881
f 3881 3882 3884
f 3881 3884 3883
f 3883 3884 3886
f 3883 3886 3885
f 3885 3886 3888
f 3885 3888 3887
f 3887 3888 3890
f 3887 3890 3889
f 3889 3890 3892
f 3889 3892 3891
f 3893 3894 3896
f 3893 3896 3895
f 3895 3896 3898
f 3895 3898 3897
f 3897 3898 3900
f 3897 3900 3899
f 3899 3900 3902
f 3899 3902 3901
f 3901 3902 3904
f 3901 3904 3903
f 3903 3904 3906
f 3903 3906 3905
f 3907 3908 3910
f 3907 3910 3909
f 3909 3910 3912
f 3909 3912 3911
f 3911 3912 3914
f 3911 3914 3913
f 3913 3914 3916
f 3913 3916 3915
f 3915 3916 3918
f 3915 3918 3917
f 3917 3918 3920
f 3917 3920 3919
f 3921 3922 3924
f 3921 3924 3923
f 3923 3924 3926
f 3923 3926 3925
f 3925 3926 3928
f 3925 3928 3927
f 3927 3928 3930
f 3927 3930 3929
f 3929 3930 3932
f 3929 3932 3931
f 3931 3932 3934
f 3931 3934 3933
f 3935 3936 3938
f 3935 3938 3937
f 3937 3938 3940
f 3937 3940 3939
f 3939 3940 3942
f 3939 3942 3941
f 3941 3942 3944
f 3941 3944 3943
f 3943 3944 3946
f 3943 3946 3945
f 3945 3946 3948
f 3945 3948 3947
f 3949 3950 3952
f 3949 3952 3951
f 3951 3952 3954
f 3951 3954 3953
f 3953 3954 3956
f 3953 3956 3955
f 3955 3956 3958
f 3955 3958 3957
f 3957 3958 3960
f 3957 3960 3959
f 3959 3960 3962
f 3959 3962 3961
f 3963 3964 3966
f 3963 3966 3965
f 3965 3966 3968
f 3965 3968 3967
f 3967 3968 3970
f 3967 3970 3969
f 3969 3970 3972
f 3969 3972 3971
f 3971 3972 3974
f 3971 3974 3973
f 3973 3974 3976
f 3973 3976 3975
f 3977 3978 3980
f 3977 3980 3979
f 3979 3980 3982
f 3979 3982 3981
f 3981 3982 3984
f 3981 3984 3983
f 3983 3984 3986
f 3983 3986 3985
f 3985 3986 3988
f 3985 3988 3987
f 3987 3988 3990
f 3987 3990 3989
f 3991 3992 3994
f 3991 3994 3993
f 3993 3994 3996
f 3993 3996 3995
f 3995 3996 3998
f 3995 3998 3997
f 3997 3998 4000
f 3997 4000 3999
f 3999 4000 4002
f 3999 4002 4001
f 4001 4002 4004
f 4001 4004 4003
f 4005 4006 4008
f 4005 4008 4007
f 4007 4008 4010
f 4007 4010 4009
f 4009 4010 4012
f 4009 4012 4011
f 4011 4012 4014
f 4011 4014 4013
f 4013 4014 4016
f 4013 4016 4015
f 4015 4016 4018
f 4015 4018 4017
f 4019 4020 4022
f 4019 4022 4021
f 4021 4022 4024
f 4021 4024 4023
f 4023 4024 4026
f 4023 4026 4025
f 4025 4026 4028
f 4025 4028 4027
f 4027 4028 4030
f 4027 4030 4029
f 4029 4030 4032
f 4029 4032 4031
f 4033 4034 4036
f 4033 4036 4035
f 4035 4036 4038
f 4035 4038 4037
f 4037 4038 4040
f 4037 4040 4039
f 4039 4040 4042
f 4039 4042 4041
f 4041 4042 4044
f 4041 4044 4043
f 4043 4044 4046
f 4043 4046 4045
f 4047 4048 4050
f 4047 4050 4049
f 4049 4050 4052
f 4049 4052 4051
f 4051 4052 4054
f 4051 4054 4053
f 4053 4054 4056
f 4053 4056 4055
f 4055 4056 4058
f 4055 4058 4057
f 4057 4058 4060
f 4057 4060 4059
f 4061 4062 4064
f 4061 4064 4063
f 4063 4064 4066
f 4063 4066 4065
f 4065 4066 4068
f 4065 4068 4067
f 4067 4068 4070
f 4067 4070 4069
f 4069 4070 4072
f 4069 4072 4071
f 4071 4072 4074
f 4071 4074 4073
f 4075 4076 4078
f 4075 4078 4077
f 4077 4078 4080
f 4077 4080 4079
f 4079 4080 4082
f 4079 4082 4081
f 4081 4082 4084
f 4081 4084 4083
f 4083 4084 4086
f 4083 4086 4085
f 4085 4086 4088
f 4085 4088 4087
f 4089 4090 4092
f 4089 4092 4091
f 4091 4092 4094
f 4091 4094 4093
f 4093 4094 4096
f 4093 4096 4095
f 4095 4096 4098
f 4095 4098 4097
f 4097 4098 4100
f 4097 4100 4099
f 4099 4100 4102
f 4099 4102 4101
f 4103 4104 4106
f 4103 4106 4105
f 4105 4106 4108
f 4105 4108 4107
f 4107 4108 4110
f 4107 4110 4109
f 4109 4110 4112
f 4109 4112 4111
f 4111 4112 4114
f 4111 4114 4113
f 4113 4114 4116
f 4113 4116 4115
f 4117 4118 4120
f 4117 4120 4119
f 4119 4120 4122
f 4119 4122 4121
f 4121 4122 4124
f 4121 4124 4123
f 4123 4124 4126
f 4123 4126 4125
f 4125 4126 4128
f 4125 4128 4127
f 4127 4128 4130
f 4127 4130 4129
f 4131 4132 4134
f 4131 4134 4133
f 4133 4134 4136
f 4133 4136 4135
f 4135 4136 4138
f 4135 4138 4137
f 4137 4138 4140
f 4137 4140 4139
f 4139 4140 4142
f 4139 4142 4141
f 4141 4142 4144
f 4141 4144 4143
f 4145 4146 4148
f 4145 4148 4147
f 4147 4148 4150
f 4147 4150 4149
f 4149 4150 4152
f 4149 4152 4151
f 4151 4152 4154
f 4151 4154 4153
f 4153 4154 4156
f 4153 4156 4155
f 4155 4156 4158
f 4155 4158 4157
f 4159 4160 4162
f 4159 4162 4161
f 4161 4162 4164
f 4161 4164 4163
f 4163 4164 4166
f 4163 4166 4165
f 4165 4166 4168
f 4165 4168 4167
f 4167 4168 4170
f 4167 4170 4169
f 4169 4170 4172
f 4169 4172 4171
f 4173 4174 4176
f 4173 4176 4175
f 4175 4176 4178
f 4175 4178 4177
f 4177 4178 4180
f 4177 4180 4179
f 4179 4180 4182
f 4179 4182 4181
f 4181 4182 4184
f 4181 4184 4183
f 4183 4184 4186
f 4183 4186 4185
f 4187 4188 4190
f 4187 4190 4189
f 4189 4190 4192
f 4189 4192 4191
f 4191 4192 4194
f 4191 4194 4193
f 4193 4194 4196
f 4193 4196 4195
f 4195 4196 4198
f 4195 4198 4197
f 4197 4198 4200
f 4197 4200 4199
f 4201 4202 4204
f 4201 4204 4203
f 4203 4204 4206
f 4203 4206 4205
f 4205 4206 4208
f 4205 4208 4207
f 4207 4208 4210
f 4207 4210 4209
f 4209 4210 4212
f 4209 4212 4211
f 4211 4212 4214
f 4211 4214 4213
f 4215 4216 4218
f 4215 4218 4217
f 4217 4218 4220
f 4217 4220 4219
f 4219 4220 4222
f 4219 4222 4221
f 4221 4222 4224
f 4221 4224 4223
f 4223 4224 4226
f 4223 4226 4225
f 4225 4226 4228
f 4225 4228 4227
f 4229 4230 4232
f 4229 4232 4231
f 4231 4232 4234
f 4231 4234 4233
f 4233 4234 4236
f 4233 4236 4235
f 4235 4236 4238
f 4235 4238 4237
f 4237 4238 4240
f 4237 4240 4239
f 4239 4240 4242
f 4239 4242 4241
f 4243 4244 4246
f 4243 4246 4245
f 4245 4246 4248
f 4245 4248 4247
f 4247 4248 4250
f 4247 4250 4249
f 4249 4250 4252
f 4249 4252 4251
f 4251 4252 4254
f 4251 4254 4253
f 4253 4254 4256
f 4253 4256 4255
f 4257 4258 4260
f 4257 4260 4259
f 4259 4260 4262
f 4259 4262 4261
f 4261 4262 4264
f 4261 4264 4263
f 4263 4264 4266
f 4263 4266 4265
f 4265 4266 4268
f 4265 4268 4267
f 4267 4268 4270
f 4267 4270 4269
f 4271 4272 4274
f 4271 4274 4273
f 4273 4274 4276
f 4273 4276 4275
f 4275 4276 4278
f 4275 4278 4277
f 4277 4278 4280
f 4277 4280 4279
f 4279 4280 4282
f 4279 4282 4281
f 4281 4282 4284
f 4281 4284 4283
f 4285 4286 4288
f 4285 4288 4287
f 4287 4288 4290
f 4287 4290 4289
f 4289 4290 4292
f 4289 4292 4291
f 4291 4292 4294
f 4291 4294 4293
f 4293 4294 4296
f 4293 4296 4295
f 4295 4296 4298
f 4295 4298 4297
f 4299 4300 4302
f 4299 4302 4301
f 4301 4302 4304
f 4301 4304 4303
f 4303 4304 4306
f 4303 4306 4305
f 4305 4306 4308
f 4305 4308 4307
f 4307 4308 4310
f 4307 4310 4309
f 4309 4310 4312
f 4309 4312 4311
f 4313 4314 4316
f 4313 4316 4315
f 4315 4316 4318
f 4315 4318 4317
f 4317 4318 4320
f 4317 4320 4319
f 4319 4320 4322
f 4319 4322 4321
f 4321 4322 4324
f 4321 4324 4323
f 4323 4324 4326
f 4323 4326 4325
f 4327 4328 4330
f 4327 4330 4329
f 4329 4330 4332
f 4329 4332 4331
f 4331 4332 4334
f 4331 4334 4333
f 4333 4334 4336
f 4333 4336 4335
f 4335 4336 4338
f 4335 4338 4337
f 4337 4338 4340
f 4337 4340 4339
f 4341 4342 4344
f 4341 4344 4343
f 4343 4344 4346
f 4343 4346 4345
f 4345 4346 4348
f 4345 4348 4347
f 4347 4348 4350
f 4347 4350 4349
f 4349 4350 4352
f 4349 4352 4351
f 4351 4352 4354
f 4351 4354 4353
f 4355 4356 4358
f 4355 4358 4357
f 4357 4358 4360
f 4357 4360 4359
f 4359 4360 4362
f 4359 4362 4361
f 4361 4362 4364
f 4361 4364 4363
f 4363 4364 4366
f 4363 4366 4365
f 4365 4366 4368
f 4365 4368 4367
f 4369 4370 4372
f 4369 4372 4371
f 4371 4372 4374
f 4371 4374 4373
f 4373 4374 4376
f 4373 4376 4375
f 4375 4376 4378
f 4375 4378 4377
f 4377 4378 4380
f 4377 4380 4379
f 4379 4380 4382
f 4379 4382 4381
f 4383 4384 4386
f 4383 4386 4385
f 4385 4386 4388
f 4385 4388 4387
f 4387 4388 4390
f 4387 4390 4389
f 4389 4390 4392
f 4389 4392 4391
f 4391 4392 4394
f 4391 4394 4393
f 4393 4394 4396
f 4393 4396 4395
f 4397 4398 4400
f 4397 4400 4399
f 4399 4400 4402
f 4399 4402 4401
f 4401 4402 4404
f 4401 4404 4403
f 4403 4404 4406
f 4403 4406 4405
f 4405 4406 4408
f 4405 4408 4407
f 4407 4408 4410
f 4407 4410 4409
f 4411 4412 4414
f 4411 4414 4413
f 4413 4414 4416
f 4413 4416 4415
f 4415 4416 4418
f 4415 4418 4417
f 4417 4418 4420
f 4417 4420 4419
f 4419 4420 4422
f 4419 4422 4421
f 4421 4422 4424
f 4421 4424 4423
f 4425 4426 4428
f 4425 4428 4427
f 4427 4428 4430
f 4427 4430 4429
f 4429 4430 4432
f 4429 4432 4431
f 4431 4432 4434
f 4431 4434 4433
f 4433 4434 4436
f 4433 4436 4435
f 4435 4436 4438
f 4435 4438 4437
f 4439 4440 4442
f 4439 4442 4441
f 4441 4442 4444
f 4441 4444 4443
f 4443 4444 4446
f 4443 4446 4445
f 4445 4446 4448
f 4445 4448 4447
f 4447 4448 4450
f 4447 4450 4449
f 4449 4450 4452
f 4449 4452 4451
f 4453 4454 4456
f 4453 4456 4455
f 4455 4456 4458
f 4455 4458 4457
f 4457 4458 4460
f 4457 4460 4459
f 4459 4460 4462
f 4459 4462 4461
f 4461 4462 4464
f 4461 4464 4463
f 4463 4464 4466
f 4463 4466 4465
f 4467 4468 4470
f 4467 4470 4469
f 4469 4470 4472
f 4469 4472 4471
f 4471 4472 4474
f 4471 4474 4473
f 4473 4474 4476
f 4473 4476 4475
f 4475 4476 4478
f 4475 4478 4477
f 4477 4478 4480
f 4477 4480 4479
f 4481 4482 4484
f 4481 4484 4483
f 4483 4484 4486
f 4483 4486 4485
f 4485 4486 4488
f 4485 4488 4487
f 4487 4488 4490
f 4487 4490 4489
f 4489 4490 4492
f 4489 4492 4491
f 4491 4492 4494
f 4491 4494 4493
f 4495 4496 4498
f 4495 4498 4497
f 4497 4498 4500
f 4497 4500 4499
f 4499 4500 4502
f 4499 4502 4501
f 4501 4502 4504
f 4501 4504 4503
f 4503 4504 4506
f 4503 4506 4505
f 4505 4506 4508
f 4505 4508 4507
f 4509 4510 4512
f 4509 4512 4511
f 4511 4512 4514
f 4511 4514 4513
f 4513 4514 4516
f 4513 4516 4515
f 4515 4516 4518
f 4515 4518 4517
f 4517 4518 4520
f 4517 4520 4519
f 4519 4520 4522
f 4519 4522 4521
f 4523 4524 4526
f 4523 4526 4525
f 4525 4526 4528
f 4525 4528 4527
f 4527 4528 4530
f 4527 4530 4529
f 4529 4530 4532
f 4529 4532 4531
f 4531 4532 4534
f 4531 4534 4533
f 4533 4534 4536
f 4533 4536 4535
f 4537 4538 4540
f 4537 4540 4539
f 4539 4540 4542
f 4539 4542 4541
f 4541 4542 4544
f 4541 4544 4543
f 4543 4544 4546
f 4543 4546 4545
f 4545 4546 4548
f 4545 4548 4547
f 4547 4548 4550
f 4547 4550 4549
f 4551 4552 4554
f 4551 4554 4553
f 4553 4554 4556
f 4553 4556 4555
f 4555 4556 4558
f 4555 4558 4557
f 4557 4558 4560
f 4557 4560 4559
f 4559 4560 4562
f 4559 4562 4561
f 4561 4562 4564
f 4561 4564 4563
f 4565 4566 4568
f 4565 4568 4567
f 4567 4568 4570
f 4567 4570 4569
f 4569 4570 4572
f 4569 4572 4571
f 4571 4572 4574
f 4571 4574 4573
f 4573 4574 4576
f 4573 4576 4575
f 4575 4576 4578
f 4575 4578 4577
f 4579 4580 4582
f 4579 4582 4581
f 4581 4582 4584
f 4581 4584 4583
f 4583 4584 4586
f 4583 4586 4585
f 4585 4586 4588
f 4585 4588 4587
f 4587 4588 4590
f 4587 4590 4589
f 4589 4590 4592
f 4589 4592 4591
f 4593 4594 4596
f 4593 4596 4595
f 4595 4596 4598
f 4595 4598 4597
f 4597 4598 4600
f 4597 4600 4599
f 4599 4600 4602
f 4599 4602 4601
f 4601 4602 4604
f 4601 4604 4603
f 4603 4604 4606
f 4603 4606 4605
f 4607 4608 4610
f 4607 4610 4609
f 4609 4610 4612
f 4609 4612 4611
f 4611 4612 4614
f 4611 4614 4613
f 4613 4614 4616
f 4613 4616 4615
f 4615 4616 4618
f 4615 4618 4617
f 4617 4618 4620
f 4617 4620 4619
f 4621 4622 4624
f 4621 4624 4623
f 4623 4624 4626
f 4623 4626 4625
f 4625 4626 4628
f 4625 4628 4627
f 4627 4628 4630
f 4627 4630 4629
f 4629 4630 4632
f 4629 4632 4631
f 4631 4632 4634
f 4631 4634 4633
f 4635 4636 4638
f 4635 4638 4637
f 4637 4638 4640
f 4637 4640 4639
f 4639 4640 4642
f 4639 4642 4641
f 4641 4642 4644
f 4641 4644 4643
f 4643 4644 4646
f 4643 4646 4645
f 4645 4646 4648
f 4645 4648 4647
f 4649 4650 4652
f 4649 4652 4651
f 4651 4652 4654
f 4651 4654 4653
f 4653 4654 4656
f 4653 4656 4655
f 4655 4656 4658
f 4655 4658 4657
f 4657 4658 4660
f 4657 4660 4659
f 4659 4660 4662
f 4659 4662 4661
f 4663 4664 4666
f 4663 4666 4665
f 4665 4666 4668
f 4665 4668 4667
f 4667 4668 4670
f 4667 4670 4669
f 4669 4670 4672
f 4669 4672 4671
f 4671 4672 4674
f 4671 4674 4673
f 4673 4674 4676
f 4673 4676 4675
f 4677 4678 4680
f 4677 4680 4679
f 4679 4680 4682
f 4679 4682 4681
f 4681 4682 4684
f 4681 4684 4683
f 4683 4684 4686
f 4683 4686 4685
f 4685 4686 4688
f 4685 4688 4687
f 4687 4688 4690
f 4687 4690 4689
f 4691 4692 4694
f 4691 4694 4693
f 4693 4694 4696
f 4693 4696 4695
f 4695 4696 4698
f 4695 4698 4697
f 4697 4698 4700
f 4697 4700 4699
f 4699 4700 4702
f 4699 4702 4701
f 4701 4702 4704
f 4701 4704 4703
f 4705 4706 4708
f 4705 4708 4707
f 4707 4708 4710
f 4707 4710 4709
f 4709 4710 4712
f 4709 4712 4711
f 4711 4712 4714
f 4711 4714 4713
f 4713 4714 4716
f 4713 4716 4715
f 4715 4716 4718
f 4715 4718 4717
f 4719 4720 4722
f 4719 4722 4721
f 4721 4722 4724
f 4721 4724 4723
f 4723 4724 4726
f 4723 4726 4725
f 4725 4726 4728
f 4725 4728 4727
f 4727 4728 4730
f 4727 4730 4729
f 4729 4730 4732
f 4729 4732 4731
f 4733 4734 4736
f 4733 4736 4735
f 4735 4736 4738
f 4735 4738 4737
f 4737 4738 4740
f 4737 4740 4739
f 4739 4740 4742
f 4739 4742 4741
f 4741 4742 4744
f 4741 4744 4743
f 4743 4744 4746
f 4743 4746 4745
f 4747 4748 4750
f 4747 4750 4749
f 4749 4750 4752
f 4749 4752 4751
f 4751 4752 4754
f 4751 4754 4753
f 4753 4754 4756
f 4753 4756 4755
f 4755 4756 4758
f 4755 4758 4757
f 4757 4758 4760
f 4757 4760 4759
f 4761 4762 4764
f 4761 4764 4763
f 4763 4764 4766
f 4763 4766 4765
f 4765 4766 4768
f 4765 4768 4767
f 4767 4768 4770
f 4767 4770 4769
f 4769 4770 4772
f 4769 4772 4771
f 4771 4772 4774
f 4771 4774 4773
f 4775 4776 4778
f 4775 4778 4777
f 4777 4778 4780
f 4777 4780 4779
f 4779 4780 4782
f 4779 4782 4781
f 4781 4782 4784
f 4781 4784 4783
f 4783 4784 4786
f 4783 4786 4785
f 4785 4786 4788
f 4785 4788 4787
f 4789 4790 4792
f 4789 4792 4791
f 4791 4792 4794
f 4791 4794 4793
f 4793 4794 4796
f 4793 4796 4795
f 4795 4796 4798
f 4795 4798 4797
f 4797 4798 4800
f 4797 4800 4799
f 4799 4800 4802
f 4799 4802 4801
f 4803 4804 4806
f 4803 4806 4805
f 4805 4806 4808
f 4805 4808 4807
f 4807 4808 4810
f 4807 4810 4809
f 4809 4810 4812
f 4809 4812 4811
f 4811 4812 4814
f 4811 4814 4813
f 4813 4814 4816
f 4813 4816 4815
f 4817 4818 4820
f 4817 4820 4819
f 4819 4820 4822
f 4819 4822 4821
f 4821 4822 4824
f 4821 4824 4823
f 4823 4824 4826
f 4823 4826 4825
f 4825 4826 4828
f 4825 4828 4827
f 4827 4828 4830
f 4827 4830 4829
f 4831 4832 4834
f 4831 4834 4833
f 4833 4834 4836
f 4833 4836 4835
f 4835 4836 4838
f 4835 4838 4837
f 4837 4838 4840
f 4837 4840 4839
f 4839 4840 4842
f 4839 4842 4841
f 4841 4842 4844
f 4841 4844 4843
f 4845 4846 4848
f 4845 4848 4847
f 4847 4848 4850
f 4847 4850 4849
f 4849 4850 4852
f 4849 4852 4851
f 4851 4852 4854
f 4851 4854 4853
f 4853 4854 4856
f 4853 4856 4855
f 4855 4856 4858
f 4855 4858 4857
f 4859 4860 4862
f 4859 4862 4861
f 4861 4862 4864
f 4861 4864 4863
f 4863 4864 4866
f 4863 4866 4865
f 4865 4866 4868
f 4865 4868 4867
f 4867 4868 4870
f 4867 4870 4869
f 4869 4870 4872
f 4869 4872 4871
f 4873 4874 4876
f 4873 4876 4875
f 4875 4876 4878
f 4875 4878 4877
f 4877 4878 4880
f 4877 4880 4879
f 4879 4880 4882
f 4879 4882 4881
f 4881 4882 4884
f 4881 4884 4883
f 4883 4884 4886
f 4883 4886 4885
f 4887 4888 4890
f 4887 4890 4889
f 4889 4890 4892
f 4889 4892 4891
f 4891 4892 4894
f 4891 4894 4893
f 4893 4894 4896
f 4893 4896 4895
f 4895 4896 4898
f 4895 4898 4897
f 4897 4898 4900
f 4897 4900 4899
f 4901 4902 4904
f 4901 4904 4903
f 4903 4904 4906
f 4903 4906 4905
f 4905 4906 4908
f 4905 4908 4907
f 4907 4908 4910
f 4907 4910 4909
f 4909 4910 4912
f 4909 4912 4911
f 4911 4912 4914
f 4911 4914 4913
f 4915 4916 4919
f 4916 4917 4919
f 4917 4918 4919
f 4918 4915 4919
f 4920 4921 4924
f 4921 4922 4924
f 4922 4923 4924
f 4923 4920 4924
f 4925 4926 4929
f 4926 4927 4929
f 4927 4928 4929
f 4928 4925 4929
f 4930 4931 4934
f 4931 4932 4934
f 4932 4933 4934
f 4933 4930 4934
f 4935 4936 4939
f 4936 4937 4939
f 4937 4938 4939
f 4938 4935 4939
f 4940 4941 4944
f 4941 4942 4944
f 4942 4943 4944
f 4943 4940 4944
f 4945 4946 4949
f 4946 4947 4949
f 4947 4948 4949
f 4948 4945 4949
f 4950 4951 4954
f 4951 4952 4954
f 4952 4953 4954
f 4953 4950 4954
f 4955 4956 4959
f 4956 4957 4959
f 4957 4958 4959
f 4958 4955 4959
f 4960 4961 4964
f 4961 4962 4964
f 4962 4963 4964
f 4963 4960 4964
f 4965 4966 4969
f 4966 4967 4969
f 4967 4968 4969
f 4968 4965 4969
f 4970 4971 4974
f 4971 4972 4974
f 4972 4973 4974
f 4973 4970 4974
f 4975 4976 4979
f 4976 4977 4979
f 4977 4978 4979
f 4978 4975 4979
f 4980 4981 4984
f 4981 4982 4984
f 4982 4983 4984
f 4983 4980 4984
f 4985 4986 4989
f 4986 4987 4989
f 4987 4988 4989
f 4988 4985 4989
f 4990 4991 4994
f 4991 4992 4994
f 4992 4993 4994
f 4993 4990 4994
f 4995 4996 4999
f 4996 4997 4999
f 4997 4998 4999
f 4998 4995 4999
f 5000 5001 5004
f 5001 5002 5004
f 5002 5003 5004
f 5003 5000 5004
f 5005 5006 5009
f 5006 5007 5009
f 5007 5008 5009
f 5008 5005 5009
f 5010 5011 5014
f 5011 5012 5014
f 5012 5013 5014
f 5013 5010 5014
f 5015 5016 5019
f 5016 5017 5019
f 5017 5018 5019
f 5018 5015 5019
f 5020 5021 5024
f 5021 5022 5024
f 5022 5023 5024
f 5023 5020 5024
f 5025 5026 5029
f 5026 5027 5029
f 5027 5028 5029
f 5028 5025 5029
f 5030 5031 5034
f 5031 5032 5034
f 5032 5033 5034
f 5033 5030 5034
