# Frozen M4 display cutaway. World coordinates: Z up, metres.
v 17.1599998 25.0499992 0.0250000004
v 17.159914 25.0513058 0.0250000004
v 17.1596584 25.0525875 0.0250000004
v 17.1592388 25.0538273 0.0250000004
v 17.1586609 25.0550003 0.0250000004
v 17.1579342 25.0560875 0.0250000004
v 17.1570702 25.0570717 0.0250000004
v 17.1560879 25.0579338 0.0250000004
v 17.1550007 25.0586605 0.0250000004
v 17.1538277 25.0592384 0.0250000004
v 17.1525879 25.05966 0.0250000004
v 17.1513062 25.0599136 0.0250000004
v 17.1499996 25.0599995 0.0250000004
v 17.148695 25.0599136 0.0250000004
v 17.1474113 25.05966 0.0250000004
v 17.1461735 25.0592384 0.0250000004
v 17.1450005 25.0586605 0.0250000004
v 17.1439133 25.0579338 0.0250000004
v 17.1429291 25.0570717 0.0250000004
v 17.142067 25.0560875 0.0250000004
v 17.1413403 25.0550003 0.0250000004
v 17.1407604 25.0538273 0.0250000004
v 17.1403408 25.0525875 0.0250000004
v 17.1400852 25.0513058 0.0250000004
v 17.1399994 25.0499992 0.0250000004
v 17.1400852 25.0486946 0.0250000004
v 17.1403408 25.047411 0.0250000004
v 17.1407604 25.0461731 0.0250000004
v 17.1413403 25.0450001 0.0250000004
v 17.142067 25.0439129 0.0250000004
v 17.1429291 25.0429287 0.0250000004
v 17.1439133 25.0420666 0.0250000004
v 17.1450005 25.0413399 0.0250000004
v 17.1461735 25.0407619 0.0250000004
v 17.1474113 25.0403404 0.0250000004
v 17.148695 25.0400848 0.0250000004
v 17.1499996 25.0400009 0.0250000004
v 17.1513062 25.0400848 0.0250000004
v 17.1525879 25.0403404 0.0250000004
v 17.1538277 25.0407619 0.0250000004
v 17.1550007 25.0413399 0.0250000004
v 17.1560879 25.0420666 0.0250000004
v 17.1570702 25.0429287 0.0250000004
v 17.1579342 25.0439129 0.0250000004
v 17.1586609 25.0450001 0.0250000004
v 17.1592388 25.0461731 0.0250000004
v 17.1596584 25.047411 0.0250000004
v 17.159914 25.0486946 0.0250000004
v 17.4500008 25.0499992 0.0399999991
v 17.4474335 25.0891571 0.0399999991
v 17.4397774 25.1276455 0.0399999991
v 17.4271641 25.1648045 0.0399999991
v 17.4098072 25.2000008 0.0399999991
v 17.3880062 25.2326279 0.0399999991
v 17.3621311 25.2621326 0.0399999991
v 17.3326283 25.2880058 0.0399999991
v 17.2999992 25.3098068 0.0399999991
v 17.2648048 25.3271637 0.0399999991
v 17.2276459 25.339777 0.0399999991
v 17.1891575 25.3474331 0.0399999991
v 17.1499996 25.3500004 0.0399999991
v 17.1108418 25.3474331 0.0399999991
v 17.0723534 25.339777 0.0399999991
v 17.0351944 25.3271637 0.0399999991
v 17 25.3098068 0.0399999991
v 16.967371 25.2880058 0.0399999991
v 16.9378681 25.2621326 0.0399999991
v 16.9119949 25.2326279 0.0399999991
v 16.890192 25.2000008 0.0399999991
v 16.8728371 25.1648045 0.0399999991
v 16.8602219 25.1276455 0.0399999991
v 16.8525658 25.0891571 0.0399999991
v 16.8500004 25.0499992 0.0399999991
v 16.8525658 25.0108414 0.0399999991
v 16.8602219 24.9723549 0.0399999991
v 16.8728371 24.9351959 0.0399999991
v 16.890192 24.8999996 0.0399999991
v 16.9119949 24.8673725 0.0399999991
v 16.9378681 24.8378677 0.0399999991
v 16.967371 24.8119946 0.0399999991
v 17 24.7901917 0.0399999991
v 17.0351944 24.7728367 0.0399999991
v 17.0723534 24.7602215 0.0399999991
v 17.1108418 24.7525673 0.0399999991
v 17.1499996 24.75 0.0399999991
v 17.1891575 24.7525673 0.0399999991
v 17.2276459 24.7602215 0.0399999991
v 17.2648048 24.7728367 0.0399999991
v 17.2999992 24.7901917 0.0399999991
v 17.3326283 24.8119946 0.0399999991
v 17.3621311 24.8378677 0.0399999991
v 17.3880062 24.8673725 0.0399999991
v 17.4098072 24.8999996 0.0399999991
v 17.4271641 24.9351959 0.0399999991
v 17.4397774 24.9723549 0.0399999991
v 17.4474335 25.0108414 0.0399999991
v 17.6573009 25.0499992 0.159999996
v 17.6529598 25.1162167 0.159999996
v 17.6400146 25.1812992 0.159999996
v 17.6186848 25.2441349 0.159999996
v 17.5893345 25.3036499 0.159999996
v 17.5524673 25.3588238 0.159999996
v 17.5087147 25.4087162 0.159999996
v 17.4588242 25.4524689 0.159999996
v 17.4036503 25.4893341 0.159999996
v 17.3441353 25.5186844 0.159999996
v 17.2812996 25.5400143 0.159999996
v 17.2162151 25.5529594 0.159999996
v 17.1499996 25.5573006 0.159999996
v 17.0837841 25.5529594 0.159999996
v 17.0187016 25.5400143 0.159999996
v 16.955864 25.5186844 0.159999996
v 16.8963509 25.4893341 0.159999996
v 16.8411751 25.4524689 0.159999996
v 16.7912846 25.4087162 0.159999996
v 16.7475319 25.3588238 0.159999996
v 16.7106647 25.3036499 0.159999996
v 16.6813164 25.2441349 0.159999996
v 16.6599865 25.1812992 0.159999996
v 16.6470394 25.1162167 0.159999996
v 16.6427002 25.0499992 0.159999996
v 16.6470394 24.9837837 0.159999996
v 16.6599865 24.9187012 0.159999996
v 16.6813164 24.8558655 0.159999996
v 16.7106647 24.7963505 0.159999996
v 16.7475319 24.7411747 0.159999996
v 16.7912846 24.6912842 0.159999996
v 16.8411751 24.6475315 0.159999996
v 16.8963509 24.6106644 0.159999996
v 16.955864 24.581316 0.159999996
v 17.0187016 24.5599861 0.159999996
v 17.0837841 24.5470409 0.159999996
v 17.1499996 24.5426998 0.159999996
v 17.2162151 24.5470409 0.159999996
v 17.2812996 24.5599861 0.159999996
v 17.3441353 24.581316 0.159999996
v 17.4036503 24.6106644 0.159999996
v 17.4588242 24.6475315 0.159999996
v 17.5087147 24.6912842 0.159999996
v 17.5524673 24.7411747 0.159999996
v 17.5893345 24.7963505 0.159999996
v 17.6186848 24.8558655 0.159999996
v 17.6400146 24.9187012 0.159999996
v 17.6529598 24.9837837 0.159999996
v 17.7199993 25.0499992 0.360000014
v 17.7151241 25.1243992 0.360000014
v 17.7005768 25.1975269 0.360000014
v 17.6766109 25.2681293 0.360000014
v 17.6436348 25.3349991 0.360000014
v 17.602211 25.3969936 0.360000014
v 17.553051 25.4530506 0.360000014
v 17.496994 25.5022106 0.360000014
v 17.4349995 25.5436344 0.360000014
v 17.3681297 25.5766106 0.360000014
v 17.2975273 25.6005783 0.360000014
v 17.2243996 25.6151237 0.360000014
v 17.1499996 25.6200008 0.360000014
v 17.0755997 25.6151237 0.360000014
v 17.0024738 25.6005783 0.360000014
v 16.9318695 25.5766106 0.360000014
v 16.8649998 25.5436344 0.360000014
v 16.8030052 25.5022106 0.360000014
v 16.7469482 25.4530506 0.360000014
v 16.6977882 25.3969936 0.360000014
v 16.6563663 25.3349991 0.360000014
v 16.6233883 25.2681293 0.360000014
v 16.5994225 25.1975269 0.360000014
v 16.584877 25.1243992 0.360000014
v 16.5799999 25.0499992 0.360000014
v 16.584877 24.9755993 0.360000014
v 16.5994225 24.9024734 0.360000014
v 16.6233883 24.831871 0.360000014
v 16.6563663 24.7649994 0.360000014
v 16.6977882 24.7030067 0.360000014
v 16.7469482 24.6469498 0.360000014
v 16.8030052 24.5977879 0.360000014
v 16.8649998 24.556366 0.360000014
v 16.9318695 24.5233879 0.360000014
v 17.0024738 24.4994221 0.360000014
v 17.0755997 24.4848766 0.360000014
v 17.1499996 24.4799995 0.360000014
v 17.2243996 24.4848766 0.360000014
v 17.2975273 24.4994221 0.360000014
v 17.3681297 24.5233879 0.360000014
v 17.4349995 24.556366 0.360000014
v 17.496994 24.5977879 0.360000014
v 17.553051 24.6469498 0.360000014
v 17.602211 24.7030067 0.360000014
v 17.6436348 24.7649994 0.360000014
v 17.6766109 24.831871 0.360000014
v 17.7005768 24.9024734 0.360000014
v 17.7151241 24.9755993 0.360000014
v 17.7028999 25.0499992 0.430000007
v 17.6981697 25.1221676 0.430000007
v 17.6840611 25.1931019 0.430000007
v 17.6608124 25.2615852 0.430000007
v 17.6288261 25.3264503 0.430000007
v 17.5886459 25.3865833 0.430000007
v 17.5409584 25.4409599 0.430000007
v 17.4865837 25.4886456 0.430000007
v 17.4264507 25.5288258 0.430000007
v 17.3615856 25.5608139 0.430000007
v 17.2931004 25.5840607 0.430000007
v 17.222168 25.5981693 0.430000007
v 17.1499996 25.6028996 0.430000007
v 17.0778313 25.5981693 0.430000007
v 17.0068989 25.5840607 0.430000007
v 16.9384136 25.5608139 0.430000007
v 16.8735504 25.5288258 0.430000007
v 16.8134155 25.4886456 0.430000007
v 16.7590408 25.4409599 0.430000007
v 16.7113552 25.3865833 0.430000007
v 16.671175 25.3264503 0.430000007
v 16.6391869 25.2615852 0.430000007
v 16.6159401 25.1931019 0.430000007
v 16.6018295 25.1221676 0.430000007
v 16.5970993 25.0499992 0.430000007
v 16.6018295 24.9778328 0.430000007
v 16.6159401 24.9068985 0.430000007
v 16.6391869 24.8384151 0.430000007
v 16.671175 24.77355 0.430000007
v 16.7113552 24.7134151 0.430000007
v 16.7590408 24.6590405 0.430000007
v 16.8134155 24.6113548 0.430000007
v 16.8735504 24.5711746 0.430000007
v 16.9384136 24.5391865 0.430000007
v 17.0068989 24.5159397 0.430000007
v 17.0778313 24.5018311 0.430000007
v 17.1499996 24.4971008 0.430000007
v 17.222168 24.5018311 0.430000007
v 17.2931004 24.5159397 0.430000007
v 17.3615856 24.5391865 0.430000007
v 17.4264507 24.5711746 0.430000007
v 17.4865837 24.6113548 0.430000007
v 17.5409584 24.6590405 0.430000007
v 17.5886459 24.7134151 0.430000007
v 17.6288261 24.77355 0.430000007
v 17.6608124 24.8384151 0.430000007
v 17.6840611 24.9068985 0.430000007
v 17.6981697 24.9778328 0.430000007
v 17.6630001 25.0499992 0.430000007
v 17.6586113 25.1169605 0.430000007
v 17.6455193 25.1827736 0.430000007
v 17.623951 25.2463169 0.430000007
v 17.5942707 25.3064995 0.430000007
v 17.5569897 25.3622952 0.430000007
v 17.5127449 25.4127464 0.430000007
v 17.4622955 25.4569912 0.430000007
v 17.4064999 25.4942703 0.430000007
v 17.3463173 25.5239506 0.430000007
v 17.282774 25.5455208 0.430000007
v 17.216959 25.5586109 0.430000007
v 17.1499996 25.5629997 0.430000007
v 17.0830402 25.5586109 0.430000007
v 17.0172253 25.5455208 0.430000007
v 16.9536839 25.5239506 0.430000007
v 16.8934994 25.4942703 0.430000007
v 16.8377056 25.4569912 0.430000007
v 16.7872543 25.4127464 0.430000007
v 16.7430096 25.3622952 0.430000007
v 16.7057285 25.3064995 0.430000007
v 16.6760502 25.2463169 0.430000007
v 16.65448 25.1827736 0.430000007
v 16.6413879 25.1169605 0.430000007
v 16.6369991 25.0499992 0.430000007
v 16.6413879 24.9830399 0.430000007
v 16.65448 24.9172249 0.430000007
v 16.6760502 24.8536835 0.430000007
v 16.7057285 24.7935009 0.430000007
v 16.7430096 24.7377052 0.430000007
v 16.7872543 24.687254 0.430000007
v 16.8377056 24.6430092 0.430000007
v 16.8934994 24.6057281 0.430000007
v 16.9536839 24.5760498 0.430000007
v 17.0172253 24.5544796 0.430000007
v 17.0830402 24.5413895 0.430000007
v 17.1499996 24.5370007 0.430000007
v 17.216959 24.5413895 0.430000007
v 17.282774 24.5544796 0.430000007
v 17.3463173 24.5760498 0.430000007
v 17.4064999 24.6057281 0.430000007
v 17.4622955 24.6430092 0.430000007
v 17.5127449 24.687254 0.430000007
v 17.5569897 24.7377052 0.430000007
v 17.5942707 24.7935009 0.430000007
v 17.623951 24.8536835 0.430000007
v 17.6455193 24.9172249 0.430000007
v 17.6586113 24.9830399 0.430000007
v 17.6287994 25.0499992 0.340000004
v 17.6247044 25.1124954 0.340000004
v 17.6124859 25.1739235 0.340000004
v 17.5923538 25.2332287 0.340000004
v 17.5646534 25.2894001 0.340000004
v 17.5298576 25.3414745 0.340000004
v 17.4885635 25.3885632 0.340000004
v 17.4414749 25.4298573 0.340000004
v 17.3894005 25.464653 0.340000004
v 17.3332291 25.4923534 0.340000004
v 17.273922 25.5124855 0.340000004
v 17.2124958 25.524704 0.340000004
v 17.1499996 25.5287991 0.340000004
v 17.0875034 25.524704 0.340000004
v 17.0260773 25.5124855 0.340000004
v 16.9667721 25.4923534 0.340000004
v 16.9106007 25.464653 0.340000004
v 16.8585243 25.4298573 0.340000004
v 16.8114376 25.3885632 0.340000004
v 16.7701416 25.3414745 0.340000004
v 16.7353477 25.2894001 0.340000004
v 16.7076473 25.2332287 0.340000004
v 16.6875153 25.1739235 0.340000004
v 16.6752968 25.1124954 0.340000004
v 16.6711998 25.0499992 0.340000004
v 16.6752968 24.987505 0.340000004
v 16.6875153 24.9260769 0.340000004
v 16.7076473 24.8667717 0.340000004
v 16.7353477 24.8106003 0.340000004
v 16.7701416 24.7585258 0.340000004
v 16.8114376 24.7114372 0.340000004
v 16.8585243 24.6701431 0.340000004
v 16.9106007 24.6353474 0.340000004
v 16.9667721 24.6076469 0.340000004
v 17.0260773 24.5875149 0.340000004
v 17.0875034 24.5752964 0.340000004
v 17.1499996 24.5711994 0.340000004
v 17.2124958 24.5752964 0.340000004
v 17.273922 24.5875149 0.340000004
v 17.3332291 24.6076469 0.340000004
v 17.3894005 24.6353474 0.340000004
v 17.4414749 24.6701431 0.340000004
v 17.4885635 24.7114372 0.340000004
v 17.5298576 24.7585258 0.340000004
v 17.5646534 24.8106003 0.340000004
v 17.5923538 24.8667717 0.340000004
v 17.6124859 24.9260769 0.340000004
v 17.6247044 24.987505 0.340000004
v 17.1599998 25.0499992 0.129999995
v 17.159914 25.0513058 0.129999995
v 17.1596584 25.0525875 0.129999995
v 17.1592388 25.0538273 0.129999995
v 17.1586609 25.0550003 0.129999995
v 17.1579342 25.0560875 0.129999995
v 17.1570702 25.0570717 0.129999995
v 17.1560879 25.0579338 0.129999995
v 17.1550007 25.0586605 0.129999995
v 17.1538277 25.0592384 0.129999995
v 17.1525879 25.05966 0.129999995
v 17.1513062 25.0599136 0.129999995
v 17.1499996 25.0599995 0.129999995
v 17.148695 25.0599136 0.129999995
v 17.1474113 25.05966 0.129999995
v 17.1461735 25.0592384 0.129999995
v 17.1450005 25.0586605 0.129999995
v 17.1439133 25.0579338 0.129999995
v 17.1429291 25.0570717 0.129999995
v 17.142067 25.0560875 0.129999995
v 17.1413403 25.0550003 0.129999995
v 17.1407604 25.0538273 0.129999995
v 17.1403408 25.0525875 0.129999995
v 17.1400852 25.0513058 0.129999995
v 17.1399994 25.0499992 0.129999995
v 17.1400852 25.0486946 0.129999995
v 17.1403408 25.047411 0.129999995
v 17.1407604 25.0461731 0.129999995
v 17.1413403 25.0450001 0.129999995
v 17.142067 25.0439129 0.129999995
v 17.1429291 25.0429287 0.129999995
v 17.1439133 25.0420666 0.129999995
v 17.1450005 25.0413399 0.129999995
v 17.1461735 25.0407619 0.129999995
v 17.1474113 25.0403404 0.129999995
v 17.148695 25.0400848 0.129999995
v 17.1499996 25.0400009 0.129999995
v 17.1513062 25.0400848 0.129999995
v 17.1525879 25.0403404 0.129999995
v 17.1538277 25.0407619 0.129999995
v 17.1550007 25.0413399 0.129999995
v 17.1560879 25.0420666 0.129999995
v 17.1570702 25.0429287 0.129999995
v 17.1579342 25.0439129 0.129999995
v 17.1586609 25.0450001 0.129999995
v 17.1592388 25.0461731 0.129999995
v 17.1596584 25.047411 0.129999995
v 17.159914 25.0486946 0.129999995
v 10.0600004 24.6000004 0.0250000004
v 10.0599146 24.601305 0.0250000004
v 10.059659 24.6025887 0.0250000004
v 10.0592384 24.6038265 0.0250000004
v 10.0586605 24.6049995 0.0250000004
v 10.0579338 24.6060867 0.0250000004
v 10.0570707 24.6070709 0.0250000004
v 10.0560875 24.607933 0.0250000004
v 10.0550003 24.6086597 0.0250000004
v 10.0538273 24.6092396 0.0250000004
v 10.0525885 24.6096592 0.0250000004
v 10.0513048 24.6099148 0.0250000004
v 10.0500002 24.6100006 0.0250000004
v 10.0486946 24.6099148 0.0250000004
v 10.0474119 24.6096592 0.0250000004
v 10.0461731 24.6092396 0.0250000004
v 10.0450001 24.6086597 0.0250000004
v 10.0439119 24.607933 0.0250000004
v 10.0429287 24.6070709 0.0250000004
v 10.0420666 24.6060867 0.0250000004
v 10.0413399 24.6049995 0.0250000004
v 10.040761 24.6038265 0.0250000004
v 10.0403404 24.6025887 0.0250000004
v 10.0400858 24.601305 0.0250000004
v 10.04 24.6000004 0.0250000004
v 10.0400858 24.5986938 0.0250000004
v 10.0403404 24.5974121 0.0250000004
v 10.040761 24.5961723 0.0250000004
v 10.0413399 24.5949993 0.0250000004
v 10.0420666 24.5939121 0.0250000004
v 10.0429287 24.5929298 0.0250000004
v 10.0439119 24.5920658 0.0250000004
v 10.0450001 24.5913391 0.0250000004
v 10.0461731 24.5907612 0.0250000004
v 10.0474119 24.5903416 0.0250000004
v 10.0486946 24.590086 0.0250000004
v 10.0500002 24.5900002 0.0250000004
v 10.0513048 24.590086 0.0250000004
v 10.0525885 24.5903416 0.0250000004
v 10.0538273 24.5907612 0.0250000004
v 10.0550003 24.5913391 0.0250000004
v 10.0560875 24.5920658 0.0250000004
v 10.0570707 24.5929298 0.0250000004
v 10.0579338 24.5939121 0.0250000004
v 10.0586605 24.5949993 0.0250000004
v 10.0592384 24.5961723 0.0250000004
v 10.059659 24.5974121 0.0250000004
v 10.0599146 24.5986938 0.0250000004
v 10.3500004 24.6000004 0.0399999991
v 10.3474331 24.6391582 0.0399999991
v 10.3397779 24.6776466 0.0399999991
v 10.3271637 24.7148056 0.0399999991
v 10.3098078 24.75 0.0399999991
v 10.2880058 24.782629 0.0399999991
v 10.2621317 24.8121319 0.0399999991
v 10.2326288 24.8380051 0.0399999991
v 10.1999998 24.859808 0.0399999991
v 10.1648054 24.8771629 0.0399999991
v 10.1276455 24.8897781 0.0399999991
v 10.0891581 24.8974342 0.0399999991
v 10.0500002 24.8999996 0.0399999991
v 10.0108423 24.8974342 0.0399999991
v 9.97235394 24.8897781 0.0399999991
v 9.93519497 24.8771629 0.0399999991
v 9.89999962 24.859808 0.0399999991
v 9.86737156 24.8380051 0.0399999991
v 9.83786774 24.8121319 0.0399999991
v 9.8119936 24.782629 0.0399999991
v 9.7901926 24.75 0.0399999991
v 9.77283573 24.7148056 0.0399999991
v 9.76022243 24.6776466 0.0399999991
v 9.75256634 24.6391582 0.0399999991
v 9.75 24.6000004 0.0399999991
v 9.75256634 24.5608425 0.0399999991
v 9.76022243 24.5223541 0.0399999991
v 9.77283573 24.4851952 0.0399999991
v 9.7901926 24.4500008 0.0399999991
v 9.8119936 24.4173717 0.0399999991
v 9.83786774 24.3878689 0.0399999991
v 9.86737156 24.3619938 0.0399999991
v 9.89999962 24.3401928 0.0399999991
v 9.93519497 24.3228359 0.0399999991
v 9.97235394 24.3102226 0.0399999991
v 10.0108423 24.3025665 0.0399999991
v 10.0500002 24.2999992 0.0399999991
v 10.0891581 24.3025665 0.0399999991
v 10.1276455 24.3102226 0.0399999991
v 10.1648054 24.3228359 0.0399999991
v 10.1999998 24.3401928 0.0399999991
v 10.2326288 24.3619938 0.0399999991
v 10.2621317 24.3878689 0.0399999991
v 10.2880058 24.4173717 0.0399999991
v 10.3098078 24.4500008 0.0399999991
v 10.3271637 24.4851952 0.0399999991
v 10.3397779 24.5223541 0.0399999991
v 10.3474331 24.5608425 0.0399999991
v 10.4771996 24.6000004 0.159999996
v 10.4735451 24.6557617 0.159999996
v 10.4626436 24.7105675 0.159999996
v 10.4446812 24.763483 0.159999996
v 10.4199657 24.8136005 0.159999996
v 10.3889208 24.8600636 0.159999996
v 10.3520756 24.9020767 0.159999996
v 10.3100624 24.938921 0.159999996
v 10.2636003 24.9699669 0.159999996
v 10.2134819 24.9946804 0.159999996
v 10.1605673 25.0126438 0.159999996
v 10.1057606 25.0235443 0.159999996
v 10.0500002 25.0272007 0.159999996
v 9.99423885 25.0235443 0.159999996
v 9.93943214 25.0126438 0.159999996
v 9.88651752 24.9946804 0.159999996
v 9.83640003 24.9699669 0.159999996
v 9.78993702 24.938921 0.159999996
v 9.74792385 24.9020767 0.159999996
v 9.7110796 24.8600636 0.159999996
v 9.68003368 24.8136005 0.159999996
v 9.65531826 24.763483 0.159999996
v 9.63735676 24.7105675 0.159999996
v 9.62645435 24.6557617 0.159999996
v 9.62279987 24.6000004 0.159999996
v 9.62645435 24.544239 0.159999996
v 9.63735676 24.4894333 0.159999996
v 9.65531826 24.4365177 0.159999996
v 9.68003368 24.3864002 0.159999996
v 9.7110796 24.3399372 0.159999996
v 9.74792385 24.297924 0.159999996
v 9.78993702 24.2610798 0.159999996
v 9.83640003 24.2300339 0.159999996
v 9.88651752 24.2053185 0.159999996
v 9.93943214 24.1873569 0.159999996
v 9.99423885 24.1764545 0.159999996
v 10.0500002 24.1728001 0.159999996
v 10.1057606 24.1764545 0.159999996
v 10.1605673 24.1873569 0.159999996
v 10.2134819 24.2053185 0.159999996
v 10.2636003 24.2300339 0.159999996
v 10.3100624 24.2610798 0.159999996
v 10.3520756 24.297924 0.159999996
v 10.3889208 24.3399372 0.159999996
v 10.4199657 24.3864002 0.159999996
v 10.4446812 24.4365177 0.159999996
v 10.4626436 24.4894333 0.159999996
v 10.4735451 24.544239 0.159999996
v 10.5299997 24.6000004 0.360000014
v 10.5258932 24.662653 0.360000014
v 10.5136442 24.7242336 0.360000014
v 10.4934626 24.7836876 0.360000014
v 10.4656925 24.8400002 0.360000014
v 10.43081 24.8922062 0.360000014
v 10.389411 24.9394112 0.360000014
v 10.342205 24.9808102 0.360000014
v 10.29 25.0156918 0.360000014
v 10.2336884 25.0434628 0.360000014
v 10.1742334 25.0636444 0.360000014
v 10.1126528 25.0758934 0.360000014
v 10.0500002 25.0799999 0.360000014
v 9.9873476 25.0758934 0.360000014
v 9.92576694 25.0636444 0.360000014
v 9.86631203 25.0434628 0.360000014
v 9.81000042 25.0156918 0.360000014
v 9.75779438 24.9808102 0.360000014
v 9.71058846 24.9394112 0.360000014
v 9.66919041 24.8922062 0.360000014
v 9.63430786 24.8400002 0.360000014
v 9.60653782 24.7836876 0.360000014
v 9.58635521 24.7242336 0.360000014
v 9.57410622 24.662653 0.360000014
v 9.56999969 24.6000004 0.360000014
v 9.57410622 24.5373478 0.360000014
v 9.58635521 24.4757671 0.360000014
v 9.60653782 24.4163113 0.360000014
v 9.63430786 24.3600006 0.360000014
v 9.66919041 24.3077946 0.360000014
v 9.71058846 24.2605896 0.360000014
v 9.75779438 24.2191906 0.360000014
v 9.81000042 24.1843071 0.360000014
v 9.86631203 24.156538 0.360000014
v 9.92576694 24.1363564 0.360000014
v 9.9873476 24.1241074 0.360000014
v 10.0500002 24.1200008 0.360000014
v 10.1126528 24.1241074 0.360000014
v 10.1742334 24.1363564 0.360000014
v 10.2336884 24.156538 0.360000014
v 10.29 24.1843071 0.360000014
v 10.342205 24.2191906 0.360000014
v 10.389411 24.2605896 0.360000014
v 10.43081 24.3077946 0.360000014
v 10.4656925 24.3600006 0.360000014
v 10.4934626 24.4163113 0.360000014
v 10.5136442 24.4757671 0.360000014
v 10.5258932 24.5373478 0.360000014
v 10.5156002 24.6000004 0.430000007
v 10.5116167 24.6607723 0.430000007
v 10.4997349 24.7205067 0.430000007
v 10.4801579 24.7781773 0.430000007
v 10.4532213 24.8327999 0.430000007
v 10.419385 24.88344 0.430000007
v 10.3792286 24.9292297 0.430000007
v 10.3334389 24.9693851 0.430000007
v 10.2827997 25.0032215 0.430000007
v 10.2281771 25.030159 0.430000007
v 10.1705065 25.0497341 0.430000007
v 10.1107731 25.0616169 0.430000007
v 10.0500002 25.0655994 0.430000007
v 9.98922729 25.0616169 0.430000007
v 9.9294939 25.0497341 0.430000007
v 9.87182236 25.030159 0.430000007
v 9.81719971 25.0032215 0.430000007
v 9.76656055 24.9693851 0.430000007
v 9.72077084 24.9292297 0.430000007
v 9.68061447 24.88344 0.430000007
v 9.64677811 24.8327999 0.430000007
v 9.61984158 24.7781773 0.430000007
v 9.60026455 24.7205067 0.430000007
v 9.58838367 24.6607723 0.430000007
v 9.58440018 24.6000004 0.430000007
v 9.58838367 24.5392265 0.430000007
v 9.60026455 24.4794941 0.430000007
v 9.61984158 24.4218235 0.430000007
v 9.64677811 24.3672009 0.430000007
v 9.68061447 24.3165607 0.430000007
v 9.72077084 24.270771 0.430000007
v 9.76656055 24.2306156 0.430000007
v 9.81719971 24.1967793 0.430000007
v 9.87182236 24.1698418 0.430000007
v 9.9294939 24.1502647 0.430000007
v 9.98922729 24.1383839 0.430000007
v 10.0500002 24.1343994 0.430000007
v 10.1107731 24.1383839 0.430000007
v 10.1705065 24.1502647 0.430000007
v 10.2281771 24.1698418 0.430000007
v 10.2827997 24.1967793 0.430000007
v 10.3334389 24.2306156 0.430000007
v 10.3792286 24.270771 0.430000007
v 10.419385 24.3165607 0.430000007
v 10.4532213 24.3672009 0.430000007
v 10.4801579 24.4218235 0.430000007
v 10.4997349 24.4794941 0.430000007
v 10.5116167 24.5392265 0.430000007
v 10.4820004 24.6000004 0.430000007
v 10.4783039 24.6563873 0.430000007
v 10.4672804 24.7118092 0.430000007
v 10.4491158 24.7653198 0.430000007
v 10.4241228 24.816 0.430000007
v 10.3927288 24.8629856 0.430000007
v 10.3554697 24.9054699 0.430000007
v 10.3129845 24.942728 0.430000007
v 10.2659998 24.974123 0.430000007
v 10.2153196 24.9991169 0.430000007
v 10.1618099 25.0172806 0.430000007
v 10.1063871 25.0283051 0.430000007
v 10.0500002 25.0319996 0.430000007
v 9.99361229 25.0283051 0.430000007
v 9.93819046 25.0172806 0.430000007
v 9.88468075 24.9991169 0.430000007
v 9.83399963 24.974123 0.430000007
v 9.78701496 24.942728 0.430000007
v 9.74452972 24.9054699 0.430000007
v 9.70727158 24.8629856 0.430000007
v 9.67587662 24.816 0.430000007
v 9.65088367 24.7653198 0.430000007
v 9.63271999 24.7118092 0.430000007
v 9.62169552 24.6563873 0.430000007
v 9.61800003 24.6000004 0.430000007
v 9.62169552 24.5436134 0.430000007
v 9.63271999 24.4881897 0.430000007
v 9.65088367 24.4346809 0.430000007
v 9.67587662 24.3840008 0.430000007
v 9.70727158 24.3370152 0.430000007
v 9.74452972 24.294529 0.430000007
v 9.78701496 24.2572708 0.430000007
v 9.83399963 24.2258778 0.430000007
v 9.88468075 24.2008839 0.430000007
v 9.93819046 24.1827202 0.430000007
v 9.99361229 24.1716957 0.430000007
v 10.0500002 24.1679993 0.430000007
v 10.1063871 24.1716957 0.430000007
v 10.1618099 24.1827202 0.430000007
v 10.2153196 24.2008839 0.430000007
v 10.2659998 24.2258778 0.430000007
v 10.3129845 24.2572708 0.430000007
v 10.3554697 24.294529 0.430000007
v 10.3927288 24.3370152 0.430000007
v 10.4241228 24.3840008 0.430000007
v 10.4491158 24.4346809 0.430000007
v 10.4672804 24.4881897 0.430000007
v 10.4783039 24.5436134 0.430000007
v 10.4532003 24.6000004 0.340000004
v 10.4497509 24.6526279 0.340000004
v 10.4394617 24.7043552 0.340000004
v 10.4225082 24.7542973 0.340000004
v 10.3991814 24.8015995 0.340000004
v 10.3698797 24.8454533 0.340000004
v 10.3351059 24.8851051 0.340000004
v 10.2954531 24.9198799 0.340000004
v 10.2516003 24.9491806 0.340000004
v 10.204298 24.9725075 0.340000004
v 10.154356 24.9894619 0.340000004
v 10.1026278 24.9997501 0.340000004
v 10.0500002 25.0032005 0.340000004
v 9.99737167 24.9997501 0.340000004
v 9.94564438 24.9894619 0.340000004
v 9.89570236 24.9725075 0.340000004
v 9.84840012 24.9491806 0.340000004
v 9.80454731 24.9198799 0.340000004
v 9.76489449 24.8851051 0.340000004
v 9.73011971 24.8454533 0.340000004
v 9.70081902 24.8015995 0.340000004
v 9.67749214 24.7542973 0.340000004
v 9.66053867 24.7043552 0.340000004
v 9.65024948 24.6526279 0.340000004
v 9.64680004 24.6000004 0.340000004
v 9.65024948 24.5473709 0.340000004
v 9.66053867 24.4956436 0.340000004
v 9.67749214 24.4457016 0.340000004
v 9.70081902 24.3983994 0.340000004
v 9.73011971 24.3545475 0.340000004
v 9.76489449 24.3148937 0.340000004
v 9.80454731 24.2801208 0.340000004
v 9.84840012 24.2508183 0.340000004
v 9.89570236 24.2274914 0.340000004
v 9.94564438 24.2105389 0.340000004
v 9.99737167 24.2002487 0.340000004
v 10.0500002 24.1968002 0.340000004
v 10.1026278 24.2002487 0.340000004
v 10.154356 24.2105389 0.340000004
v 10.204298 24.2274914 0.340000004
v 10.2516003 24.2508183 0.340000004
v 10.2954531 24.2801208 0.340000004
v 10.3351059 24.3148937 0.340000004
v 10.3698797 24.3545475 0.340000004
v 10.3991814 24.3983994 0.340000004
v 10.4225082 24.4457016 0.340000004
v 10.4394617 24.4956436 0.340000004
v 10.4497509 24.5473709 0.340000004
v 10.0600004 24.6000004 0.129999995
v 10.0599146 24.601305 0.129999995
v 10.059659 24.6025887 0.129999995
v 10.0592384 24.6038265 0.129999995
v 10.0586605 24.6049995 0.129999995
v 10.0579338 24.6060867 0.129999995
v 10.0570707 24.6070709 0.129999995
v 10.0560875 24.607933 0.129999995
v 10.0550003 24.6086597 0.129999995
v 10.0538273 24.6092396 0.129999995
v 10.0525885 24.6096592 0.129999995
v 10.0513048 24.6099148 0.129999995
v 10.0500002 24.6100006 0.129999995
v 10.0486946 24.6099148 0.129999995
v 10.0474119 24.6096592 0.129999995
v 10.0461731 24.6092396 0.129999995
v 10.0450001 24.6086597 0.129999995
v 10.0439119 24.607933 0.129999995
v 10.0429287 24.6070709 0.129999995
v 10.0420666 24.6060867 0.129999995
v 10.0413399 24.6049995 0.129999995
v 10.040761 24.6038265 0.129999995
v 10.0403404 24.6025887 0.129999995
v 10.0400858 24.601305 0.129999995
v 10.04 24.6000004 0.129999995
v 10.0400858 24.5986938 0.129999995
v 10.0403404 24.5974121 0.129999995
v 10.040761 24.5961723 0.129999995
v 10.0413399 24.5949993 0.129999995
v 10.0420666 24.5939121 0.129999995
v 10.0429287 24.5929298 0.129999995
v 10.0439119 24.5920658 0.129999995
v 10.0450001 24.5913391 0.129999995
v 10.0461731 24.5907612 0.129999995
v 10.0474119 24.5903416 0.129999995
v 10.0486946 24.590086 0.129999995
v 10.0500002 24.5900002 0.129999995
v 10.0513048 24.590086 0.129999995
v 10.0525885 24.5903416 0.129999995
v 10.0538273 24.5907612 0.129999995
v 10.0550003 24.5913391 0.129999995
v 10.0560875 24.5920658 0.129999995
v 10.0570707 24.5929298 0.129999995
v 10.0579338 24.5939121 0.129999995
v 10.0586605 24.5949993 0.129999995
v 10.0592384 24.5961723 0.129999995
v 10.059659 24.5974121 0.129999995
v 10.0599146 24.5986938 0.129999995
v 25.5599995 16.7999992 0.0250000004
v 25.5599136 16.8013058 0.0250000004
v 25.55966 16.8025875 0.0250000004
v 25.5592384 16.8038273 0.0250000004
v 25.5586605 16.8050003 0.0250000004
v 25.5579338 16.8060875 0.0250000004
v 25.5570717 16.8070717 0.0250000004
v 25.5560875 16.8079338 0.0250000004
v 25.5550003 16.8086605 0.0250000004
v 25.5538273 16.8092384 0.0250000004
v 25.5525875 16.80966 0.0250000004
v 25.5513058 16.8099136 0.0250000004
v 25.5499992 16.8099995 0.0250000004
v 25.5486946 16.8099136 0.0250000004
v 25.547411 16.80966 0.0250000004
v 25.5461731 16.8092384 0.0250000004
v 25.5450001 16.8086605 0.0250000004
v 25.5439129 16.8079338 0.0250000004
v 25.5429287 16.8070717 0.0250000004
v 25.5420666 16.8060875 0.0250000004
v 25.5413399 16.8050003 0.0250000004
v 25.5407619 16.8038273 0.0250000004
v 25.5403404 16.8025875 0.0250000004
v 25.5400848 16.8013058 0.0250000004
v 25.5400009 16.7999992 0.0250000004
v 25.5400848 16.7986946 0.0250000004
v 25.5403404 16.797411 0.0250000004
v 25.5407619 16.7961731 0.0250000004
v 25.5413399 16.7950001 0.0250000004
v 25.5420666 16.7939129 0.0250000004
v 25.5429287 16.7929287 0.0250000004
v 25.5439129 16.7920666 0.0250000004
v 25.5450001 16.7913399 0.0250000004
v 25.5461731 16.7907619 0.0250000004
v 25.547411 16.7903404 0.0250000004
v 25.5486946 16.7900848 0.0250000004
v 25.5499992 16.7900009 0.0250000004
v 25.5513058 16.7900848 0.0250000004
v 25.5525875 16.7903404 0.0250000004
v 25.5538273 16.7907619 0.0250000004
v 25.5550003 16.7913399 0.0250000004
v 25.5560875 16.7920666 0.0250000004
v 25.5570717 16.7929287 0.0250000004
v 25.5579338 16.7939129 0.0250000004
v 25.5586605 16.7950001 0.0250000004
v 25.5592384 16.7961731 0.0250000004
v 25.55966 16.797411 0.0250000004
v 25.5599136 16.7986946 0.0250000004
v 25.8500004 16.7999992 0.0399999991
v 25.8474331 16.8391571 0.0399999991
v 25.839777 16.8776455 0.0399999991
v 25.8271637 16.9148045 0.0399999991
v 25.8098068 16.9500008 0.0399999991
v 25.7880058 16.9826279 0.0399999991
v 25.7621326 17.0121326 0.0399999991
v 25.7326279 17.0380058 0.0399999991
v 25.7000008 17.0598068 0.0399999991
v 25.6648045 17.0771637 0.0399999991
v 25.6276455 17.089777 0.0399999991
v 25.5891571 17.0974331 0.0399999991
v 25.5499992 17.1000004 0.0399999991
v 25.5108414 17.0974331 0.0399999991
v 25.4723549 17.089777 0.0399999991
v 25.4351959 17.0771637 0.0399999991
v 25.3999996 17.0598068 0.0399999991
v 25.3673725 17.0380058 0.0399999991
v 25.3378677 17.0121326 0.0399999991
v 25.3119946 16.9826279 0.0399999991
v 25.2901917 16.9500008 0.0399999991
v 25.2728367 16.9148045 0.0399999991
v 25.2602215 16.8776455 0.0399999991
v 25.2525673 16.8391571 0.0399999991
v 25.25 16.7999992 0.0399999991
v 25.2525673 16.7608414 0.0399999991
v 25.2602215 16.7223549 0.0399999991
v 25.2728367 16.6851959 0.0399999991
v 25.2901917 16.6499996 0.0399999991
v 25.3119946 16.6173725 0.0399999991
v 25.3378677 16.5878677 0.0399999991
v 25.3673725 16.5619946 0.0399999991
v 25.3999996 16.5401917 0.0399999991
v 25.4351959 16.5228367 0.0399999991
v 25.4723549 16.5102215 0.0399999991
v 25.5108414 16.5025673 0.0399999991
v 25.5499992 16.5 0.0399999991
v 25.5891571 16.5025673 0.0399999991
v 25.6276455 16.5102215 0.0399999991
v 25.6648045 16.5228367 0.0399999991
v 25.7000008 16.5401917 0.0399999991
v 25.7326279 16.5619946 0.0399999991
v 25.7621326 16.5878677 0.0399999991
v 25.7880058 16.6173725 0.0399999991
v 25.8098068 16.6499996 0.0399999991
v 25.8271637 16.6851959 0.0399999991
v 25.839777 16.7223549 0.0399999991
v 25.8474331 16.7608414 0.0399999991
v 25.9505005 16.7999992 0.159999996
v 25.947073 16.8522758 0.159999996
v 25.9368534 16.9036579 0.159999996
v 25.9200134 16.9532642 0.159999996
v 25.896843 17.0002499 0.159999996
v 25.8677387 17.0438099 0.159999996
v 25.8331966 17.0831966 0.159999996
v 25.7938099 17.1177387 0.159999996
v 25.7502499 17.146843 0.159999996
v 25.7032642 17.1700134 0.159999996
v 25.6536579 17.1868534 0.159999996
v 25.6022758 17.197073 0.159999996
v 25.5499992 17.2005005 0.159999996
v 25.4977245 17.197073 0.159999996
v 25.4463425 17.1868534 0.159999996
v 25.3967361 17.1700134 0.159999996
v 25.3497505 17.146843 0.159999996
v 25.3061905 17.1177387 0.159999996
v 25.2668037 17.0831966 0.159999996
v 25.2322617 17.0438099 0.159999996
v 25.2031574 17.0002499 0.159999996
v 25.179987 16.9532642 0.159999996
v 25.163147 16.9036579 0.159999996
v 25.1529255 16.8522758 0.159999996
v 25.1494999 16.7999992 0.159999996
v 25.1529255 16.7477245 0.159999996
v 25.163147 16.6963425 0.159999996
v 25.179987 16.6467361 0.159999996
v 25.2031574 16.5997505 0.159999996
v 25.2322617 16.5561905 0.159999996
v 25.2668037 16.5168037 0.159999996
v 25.3061905 16.4822617 0.159999996
v 25.3497505 16.4531574 0.159999996
v 25.3967361 16.429987 0.159999996
v 25.4463425 16.413147 0.159999996
v 25.4977245 16.4029255 0.159999996
v 25.5499992 16.3994999 0.159999996
v 25.6022758 16.4029255 0.159999996
v 25.6536579 16.413147 0.159999996
v 25.7032642 16.429987 0.159999996
v 25.7502499 16.4531574 0.159999996
v 25.7938099 16.4822617 0.159999996
v 25.8331966 16.5168037 0.159999996
v 25.8677387 16.5561905 0.159999996
v 25.896843 16.5997505 0.159999996
v 25.9200134 16.6467361 0.159999996
v 25.9368534 16.6963425 0.159999996
v 25.947073 16.7477245 0.159999996
v 26 16.7999992 0.360000014
v 25.996151 16.858736 0.360000014
v 25.9846668 16.9164677 0.360000014
v 25.9657459 16.972208 0.360000014
v 25.9397106 17.0249996 0.360000014
v 25.9070091 17.0739422 0.360000014
v 25.8681984 17.1181984 0.360000014
v 25.8239422 17.1570091 0.360000014
v 25.7749996 17.1897106 0.360000014
v 25.722208 17.2157459 0.360000014
v 25.6664677 17.2346668 0.360000014
v 25.608736 17.246151 0.360000014
v 25.5499992 17.25 0.360000014
v 25.4912624 17.246151 0.360000014
v 25.4335308 17.2346668 0.360000014
v 25.3777924 17.2157459 0.360000014
v 25.3250008 17.1897106 0.360000014
v 25.2760582 17.1570091 0.360000014
v 25.231802 17.1181984 0.360000014
v 25.1929913 17.0739422 0.360000014
v 25.1602879 17.0249996 0.360000014
v 25.1342545 16.972208 0.360000014
v 25.1153336 16.9164677 0.360000014
v 25.1038494 16.858736 0.360000014
v 25.1000004 16.7999992 0.360000014
v 25.1038494 16.7412624 0.360000014
v 25.1153336 16.6835308 0.360000014
v 25.1342545 16.6277924 0.360000014
v 25.1602879 16.5750008 0.360000014
v 25.1929913 16.5260582 0.360000014
v 25.231802 16.481802 0.360000014
v 25.2760582 16.4429913 0.360000014
v 25.3250008 16.4102879 0.360000014
v 25.3777924 16.3842545 0.360000014
v 25.4335308 16.3653336 0.360000014
v 25.4912624 16.3538494 0.360000014
v 25.5499992 16.3500004 0.360000014
v 25.608736 16.3538494 0.360000014
v 25.6664677 16.3653336 0.360000014
v 25.722208 16.3842545 0.360000014
v 25.7749996 16.4102879 0.360000014
v 25.8239422 16.4429913 0.360000014
v 25.8681984 16.481802 0.360000014
v 25.9070091 16.5260582 0.360000014
v 25.9397106 16.5750008 0.360000014
v 25.9657459 16.6277924 0.360000014
v 25.9846668 16.6835308 0.360000014
v 25.996151 16.7412624 0.360000014
v 25.9864998 16.7999992 0.430000007
v 25.9827652 16.8569756 0.430000007
v 25.9716263 16.9129753 0.430000007
v 25.9532738 16.967041 0.430000007
v 25.9280205 17.0182495 0.430000007
v 25.8962994 17.0657234 0.430000007
v 25.8586521 17.1086521 0.430000007
v 25.8157234 17.1462994 0.430000007
v 25.7682495 17.1780205 0.430000007
v 25.717041 17.2032738 0.430000007
v 25.6629753 17.2216263 0.430000007
v 25.6069756 17.2327652 0.430000007
v 25.5499992 17.2364998 0.430000007
v 25.4930248 17.2327652 0.430000007
v 25.4370251 17.2216263 0.430000007
v 25.3829594 17.2032738 0.430000007
v 25.3317509 17.1780205 0.430000007
v 25.2842751 17.1462994 0.430000007
v 25.2413483 17.1086521 0.430000007
v 25.203701 17.0657234 0.430000007
v 25.1719799 17.0182495 0.430000007
v 25.1467266 16.967041 0.430000007
v 25.1283741 16.9129753 0.430000007
v 25.1172352 16.8569756 0.430000007
v 25.1135006 16.7999992 0.430000007
v 25.1172352 16.7430248 0.430000007
v 25.1283741 16.6870251 0.430000007
v 25.1467266 16.6329594 0.430000007
v 25.1719799 16.5817509 0.430000007
v 25.203701 16.5342751 0.430000007
v 25.2413483 16.4913483 0.430000007
v 25.2842751 16.453701 0.430000007
v 25.3317509 16.4219799 0.430000007
v 25.3829594 16.3967266 0.430000007
v 25.4370251 16.3783741 0.430000007
v 25.4930248 16.3672352 0.430000007
v 25.5499992 16.3635006 0.430000007
v 25.6069756 16.3672352 0.430000007
v 25.6629753 16.3783741 0.430000007
v 25.717041 16.3967266 0.430000007
v 25.7682495 16.4219799 0.430000007
v 25.8157234 16.453701 0.430000007
v 25.8586521 16.4913483 0.430000007
v 25.8962994 16.5342751 0.430000007
v 25.9280205 16.5817509 0.430000007
v 25.9532738 16.6329594 0.430000007
v 25.9716263 16.6870251 0.430000007
v 25.9827652 16.7430248 0.430000007
v 25.9549999 16.7999992 0.430000007
v 25.9515343 16.8528633 0.430000007
v 25.9412003 16.9048214 0.430000007
v 25.9241714 16.9549866 0.430000007
v 25.9007397 17.0025005 0.430000007
v 25.8713074 17.0465488 0.430000007
v 25.8363781 17.0863781 0.430000007
v 25.7965488 17.1213074 0.430000007
v 25.7525005 17.1507397 0.430000007
v 25.7049866 17.1741714 0.430000007
v 25.6548214 17.1912003 0.430000007
v 25.6028633 17.2015343 0.430000007
v 25.5499992 17.2049999 0.430000007
v 25.4971371 17.2015343 0.430000007
v 25.445179 17.1912003 0.430000007
v 25.3950138 17.1741714 0.430000007
v 25.3474998 17.1507397 0.430000007
v 25.3034515 17.1213074 0.430000007
v 25.2636223 17.0863781 0.430000007
v 25.2286911 17.0465488 0.430000007
v 25.1992588 17.0025005 0.430000007
v 25.1758289 16.9549866 0.430000007
v 25.1588001 16.9048214 0.430000007
v 25.1484642 16.8528633 0.430000007
v 25.1450005 16.7999992 0.430000007
v 25.1484642 16.7471371 0.430000007
v 25.1588001 16.695179 0.430000007
v 25.1758289 16.6450138 0.430000007
v 25.1992588 16.5974998 0.430000007
v 25.2286911 16.5534515 0.430000007
v 25.2636223 16.5136223 0.430000007
v 25.3034515 16.4786911 0.430000007
v 25.3474998 16.4492588 0.430000007
v 25.3950138 16.4258289 0.430000007
v 25.445179 16.4088001 0.430000007
v 25.4971371 16.3984642 0.430000007
v 25.5499992 16.3950005 0.430000007
v 25.6028633 16.3984642 0.430000007
v 25.6548214 16.4088001 0.430000007
v 25.7049866 16.4258289 0.430000007
v 25.7525005 16.4492588 0.430000007
v 25.7965488 16.4786911 0.430000007
v 25.8363781 16.5136223 0.430000007
v 25.8713074 16.5534515 0.430000007
v 25.9007397 16.5974998 0.430000007
v 25.9241714 16.6450138 0.430000007
v 25.9412003 16.695179 0.430000007
v 25.9515343 16.7471371 0.430000007
v 25.9279995 16.7999992 0.340000004
v 25.9247665 16.8493385 0.340000004
v 25.9151192 16.8978329 0.340000004
v 25.8992271 16.9446545 0.340000004
v 25.8773575 16.9890003 0.340000004
v 25.8498878 17.0301113 0.340000004
v 25.8172855 17.0672855 0.340000004
v 25.7801113 17.0998878 0.340000004
v 25.7390003 17.1273575 0.340000004
v 25.6946545 17.1492271 0.340000004
v 25.6478329 17.1651192 0.340000004
v 25.5993385 17.1747665 0.340000004
v 25.5499992 17.1779995 0.340000004
v 25.5006618 17.1747665 0.340000004
v 25.4521656 17.1651192 0.340000004
v 25.4053459 17.1492271 0.340000004
v 25.3610001 17.1273575 0.340000004
v 25.3198891 17.0998878 0.340000004
v 25.2827129 17.0672855 0.340000004
v 25.2501125 17.0301113 0.340000004
v 25.2226429 16.9890003 0.340000004
v 25.2007732 16.9446545 0.340000004
v 25.1848793 16.8978329 0.340000004
v 25.1752338 16.8493385 0.340000004
v 25.1720009 16.7999992 0.340000004
v 25.1752338 16.7506618 0.340000004
v 25.1848793 16.7021656 0.340000004
v 25.2007732 16.6553459 0.340000004
v 25.2226429 16.6110001 0.340000004
v 25.2501125 16.5698891 0.340000004
v 25.2827129 16.5327129 0.340000004
v 25.3198891 16.5001125 0.340000004
v 25.3610001 16.4726429 0.340000004
v 25.4053459 16.4507732 0.340000004
v 25.4521656 16.4348793 0.340000004
v 25.5006618 16.4252338 0.340000004
v 25.5499992 16.4220009 0.340000004
v 25.5993385 16.4252338 0.340000004
v 25.6478329 16.4348793 0.340000004
v 25.6946545 16.4507732 0.340000004
v 25.7390003 16.4726429 0.340000004
v 25.7801113 16.5001125 0.340000004
v 25.8172855 16.5327129 0.340000004
v 25.8498878 16.5698891 0.340000004
v 25.8773575 16.6110001 0.340000004
v 25.8992271 16.6553459 0.340000004
v 25.9151192 16.7021656 0.340000004
v 25.9247665 16.7506618 0.340000004
v 25.5599995 16.7999992 0.129999995
v 25.5599136 16.8013058 0.129999995
v 25.55966 16.8025875 0.129999995
v 25.5592384 16.8038273 0.129999995
v 25.5586605 16.8050003 0.129999995
v 25.5579338 16.8060875 0.129999995
v 25.5570717 16.8070717 0.129999995
v 25.5560875 16.8079338 0.129999995
v 25.5550003 16.8086605 0.129999995
v 25.5538273 16.8092384 0.129999995
v 25.5525875 16.80966 0.129999995
v 25.5513058 16.8099136 0.129999995
v 25.5499992 16.8099995 0.129999995
v 25.5486946 16.8099136 0.129999995
v 25.547411 16.80966 0.129999995
v 25.5461731 16.8092384 0.129999995
v 25.5450001 16.8086605 0.129999995
v 25.5439129 16.8079338 0.129999995
v 25.5429287 16.8070717 0.129999995
v 25.5420666 16.8060875 0.129999995
v 25.5413399 16.8050003 0.129999995
v 25.5407619 16.8038273 0.129999995
v 25.5403404 16.8025875 0.129999995
v 25.5400848 16.8013058 0.129999995
v 25.5400009 16.7999992 0.129999995
v 25.5400848 16.7986946 0.129999995
v 25.5403404 16.797411 0.129999995
v 25.5407619 16.7961731 0.129999995
v 25.5413399 16.7950001 0.129999995
v 25.5420666 16.7939129 0.129999995
v 25.5429287 16.7929287 0.129999995
v 25.5439129 16.7920666 0.129999995
v 25.5450001 16.7913399 0.129999995
v 25.5461731 16.7907619 0.129999995
v 25.547411 16.7903404 0.129999995
v 25.5486946 16.7900848 0.129999995
v 25.5499992 16.7900009 0.129999995
v 25.5513058 16.7900848 0.129999995
v 25.5525875 16.7903404 0.129999995
v 25.5538273 16.7907619 0.129999995
v 25.5550003 16.7913399 0.129999995
v 25.5560875 16.7920666 0.129999995
v 25.5570717 16.7929287 0.129999995
v 25.5579338 16.7939129 0.129999995
v 25.5586605 16.7950001 0.129999995
v 25.5592384 16.7961731 0.129999995
v 25.55966 16.797411 0.129999995
v 25.5599136 16.7986946 0.129999995
v 15.9200001 18.7000008 0.0250000004
v 15.9188881 18.7169685 0.0250000004
v 15.9155703 18.7336464 0.0250000004
v 15.9101048 18.7497482 0.0250000004
v 15.9025831 18.7649994 0.0250000004
v 15.893136 18.7791386 0.0250000004
v 15.8819237 18.7919235 0.0250000004
v 15.8691387 18.8031368 0.0250000004
v 15.8549995 18.8125839 0.0250000004
v 15.8397484 18.8201046 0.0250000004
v 15.8236465 18.8255711 0.0250000004
v 15.8069687 18.8288879 0.0250000004
v 15.79 18.8299999 0.0250000004
v 15.7730312 18.8288879 0.0250000004
v 15.7563534 18.8255711 0.0250000004
v 15.7402515 18.8201046 0.0250000004
v 15.7250004 18.8125839 0.0250000004
v 15.7108612 18.8031368 0.0250000004
v 15.6980762 18.7919235 0.0250000004
v 15.6868639 18.7791386 0.0250000004
v 15.6774168 18.7649994 0.0250000004
v 15.6698961 18.7497482 0.0250000004
v 15.6644297 18.7336464 0.0250000004
v 15.6611118 18.7169685 0.0250000004
v 15.6599998 18.7000008 0.0250000004
v 15.6611118 18.6830311 0.0250000004
v 15.6644297 18.6663532 0.0250000004
v 15.6698961 18.6502514 0.0250000004
v 15.6774168 18.6350002 0.0250000004
v 15.6868639 18.6208611 0.0250000004
v 15.6980762 18.6080761 0.0250000004
v 15.7108612 18.5968647 0.0250000004
v 15.7250004 18.5874176 0.0250000004
v 15.7402515 18.579895 0.0250000004
v 15.7563534 18.5744305 0.0250000004
v 15.7730312 18.5711117 0.0250000004
v 15.79 18.5699997 0.0250000004
v 15.8069687 18.5711117 0.0250000004
v 15.8236465 18.5744305 0.0250000004
v 15.8397484 18.579895 0.0250000004
v 15.8549995 18.5874176 0.0250000004
v 15.8691387 18.5968647 0.0250000004
v 15.8819237 18.6080761 0.0250000004
v 15.893136 18.6208611 0.0250000004
v 15.9025831 18.6350002 0.0250000004
v 15.9101048 18.6502514 0.0250000004
v 15.9155703 18.6663532 0.0250000004
v 15.9188881 18.6830311 0.0250000004
v 16.0300007 18.7000008 0.0799999982
v 16.0279465 18.7313271 0.0799999982
v 16.021822 18.7621174 0.0799999982
v 16.0117302 18.7918434 0.0799999982
v 15.9978456 18.8199997 0.0799999982
v 15.9804049 18.8461037 0.0799999982
v 15.9597054 18.8697052 0.0799999982
v 15.9361029 18.8904057 0.0799999982
v 15.9099998 18.9078465 0.0799999982
v 15.8818436 18.9217319 0.0799999982
v 15.8521166 18.9318218 0.0799999982
v 15.8213263 18.9379463 0.0799999982
v 15.79 18.9400005 0.0799999982
v 15.7586737 18.9379463 0.0799999982
v 15.7278833 18.9318218 0.0799999982
v 15.6981564 18.9217319 0.0799999982
v 15.6700001 18.9078465 0.0799999982
v 15.6438971 18.8904057 0.0799999982
v 15.6202946 18.8697052 0.0799999982
v 15.5995951 18.8461037 0.0799999982
v 15.5821543 18.8199997 0.0799999982
v 15.5682688 18.7918434 0.0799999982
v 15.5581779 18.7621174 0.0799999982
v 15.5520535 18.7313271 0.0799999982
v 15.5500002 18.7000008 0.0799999982
v 15.5520535 18.6686745 0.0799999982
v 15.5581779 18.6378841 0.0799999982
v 15.5682688 18.6081562 0.0799999982
v 15.5821543 18.5799999 0.0799999982
v 15.5995951 18.5538979 0.0799999982
v 15.6202946 18.5302944 0.0799999982
v 15.6438971 18.5095959 0.0799999982
v 15.6700001 18.4921532 0.0799999982
v 15.6981564 18.4782696 0.0799999982
v 15.7278833 18.4681778 0.0799999982
v 15.7586737 18.4620533 0.0799999982
v 15.79 18.4599991 0.0799999982
v 15.8213263 18.4620533 0.0799999982
v 15.8521166 18.4681778 0.0799999982
v 15.8818436 18.4782696 0.0799999982
v 15.9099998 18.4921532 0.0799999982
v 15.9361029 18.5095959 0.0799999982
v 15.9597054 18.5302944 0.0799999982
v 15.9804049 18.5538979 0.0799999982
v 15.9978456 18.5799999 0.0799999982
v 16.0117302 18.6081562 0.0799999982
v 16.021822 18.6378841 0.0799999982
v 16.0279465 18.6686745 0.0799999982
v 16.1000004 18.7000008 0.289999992
v 16.0973473 18.7404633 0.289999992
v 16.0894375 18.7802334 0.289999992
v 16.0764027 18.8186321 0.289999992
v 16.0584679 18.8549995 0.289999992
v 16.0359402 18.8887157 0.289999992
v 16.009203 18.9192028 0.289999992
v 15.9787159 18.94594 0.289999992
v 15.9449997 18.9684677 0.289999992
v 15.9086323 18.9864025 0.289999992
v 15.8702335 18.9994373 0.289999992
v 15.8304634 19.0073471 0.289999992
v 15.79 19.0100002 0.289999992
v 15.7495365 19.0073471 0.289999992
v 15.7097664 18.9994373 0.289999992
v 15.6713686 18.9864025 0.289999992
v 15.6350002 18.9684677 0.289999992
v 15.601284 18.94594 0.289999992
v 15.570797 18.9192028 0.289999992
v 15.5440607 18.8887157 0.289999992
v 15.5215321 18.8549995 0.289999992
v 15.5035973 18.8186321 0.289999992
v 15.4905634 18.7802334 0.289999992
v 15.4826517 18.7404633 0.289999992
v 15.4799995 18.7000008 0.289999992
v 15.4826517 18.6595364 0.289999992
v 15.4905634 18.6197662 0.289999992
v 15.5035973 18.5813675 0.289999992
v 15.5215321 18.5450001 0.289999992
v 15.5440607 18.5112839 0.289999992
v 15.570797 18.4807968 0.289999992
v 15.601284 18.4540596 0.289999992
v 15.6350002 18.4315319 0.289999992
v 15.6713686 18.4135971 0.289999992
v 15.7097664 18.4005623 0.289999992
v 15.7495365 18.3926525 0.289999992
v 15.79 18.3899994 0.289999992
v 15.8304634 18.3926525 0.289999992
v 15.8702335 18.4005623 0.289999992
v 15.9086323 18.4135971 0.289999992
v 15.9449997 18.4315319 0.289999992
v 15.9787159 18.4540596 0.289999992
v 16.009203 18.4807968 0.289999992
v 16.0359402 18.5112839 0.289999992
v 16.0584679 18.5450001 0.289999992
v 16.0764027 18.5813675 0.289999992
v 16.0894375 18.6197662 0.289999992
v 16.0973473 18.6595364 0.289999992
v 16.0699997 18.7000008 0.540000021
v 16.0676041 18.7365475 0.540000021
v 16.0604591 18.7724686 0.540000021
v 16.048687 18.8071518 0.540000021
v 16.0324879 18.8400002 0.540000021
v 16.0121384 18.8704529 0.540000021
v 15.9879894 18.8979893 0.540000021
v 15.960453 18.9221382 0.540000021
v 15.9300003 18.9424877 0.540000021
v 15.897151 18.9586868 0.540000021
v 15.8624697 18.970459 0.540000021
v 15.8265476 18.9776039 0.540000021
v 15.79 18.9799995 0.540000021
v 15.7534523 18.9776039 0.540000021
v 15.7175303 18.970459 0.540000021
v 15.6828489 18.9586868 0.540000021
v 15.6499996 18.9424877 0.540000021
v 15.6195469 18.9221382 0.540000021
v 15.5920105 18.8979893 0.540000021
v 15.5678606 18.8704529 0.540000021
v 15.547513 18.8400002 0.540000021
v 15.5313139 18.8071518 0.540000021
v 15.5195408 18.7724686 0.540000021
v 15.5123959 18.7365475 0.540000021
v 15.5100002 18.7000008 0.540000021
v 15.5123959 18.6634521 0.540000021
v 15.5195408 18.6275311 0.540000021
v 15.5313139 18.5928478 0.540000021
v 15.547513 18.5599995 0.540000021
v 15.5678606 18.5295467 0.540000021
v 15.5920105 18.5020103 0.540000021
v 15.6195469 18.4778614 0.540000021
v 15.6499996 18.4575138 0.540000021
v 15.6828489 18.4413128 0.540000021
v 15.7175303 18.4295406 0.540000021
v 15.7534523 18.4223957 0.540000021
v 15.79 18.4200001 0.540000021
v 15.8265476 18.4223957 0.540000021
v 15.8624697 18.4295406 0.540000021
v 15.897151 18.4413128 0.540000021
v 15.9300003 18.4575138 0.540000021
v 15.960453 18.4778614 0.540000021
v 15.9879894 18.5020103 0.540000021
v 16.0121384 18.5295467 0.540000021
v 16.0324879 18.5599995 0.540000021
v 16.048687 18.5928478 0.540000021
v 16.0604591 18.6275311 0.540000021
v 16.0676041 18.6634521 0.540000021
v 16 18.7000008 0.660000026
v 15.9982033 18.7274113 0.660000026
v 15.9928446 18.7543526 0.660000026
v 15.9840145 18.7803631 0.660000026
v 15.9718657 18.8050003 0.660000026
v 15.956604 18.8278408 0.660000026
v 15.9384928 18.8484917 0.660000026
v 15.91784 18.8666039 0.660000026
v 15.8950005 18.8818645 0.660000026
v 15.8703632 18.8940144 0.660000026
v 15.8443518 18.9028435 0.660000026
v 15.8174105 18.9082031 0.660000026
v 15.79 18.9099998 0.660000026
v 15.7625895 18.9082031 0.660000026
v 15.7356482 18.9028435 0.660000026
v 15.7096367 18.8940144 0.660000026
v 15.6850004 18.8818645 0.660000026
v 15.6621599 18.8666039 0.660000026
v 15.6415071 18.8484917 0.660000026
v 15.6233959 18.8278408 0.660000026
v 15.6081343 18.8050003 0.660000026
v 15.5959854 18.7803631 0.660000026
v 15.5871553 18.7543526 0.660000026
v 15.5817966 18.7274113 0.660000026
v 15.5799999 18.7000008 0.660000026
v 15.5817966 18.6725903 0.660000026
v 15.5871553 18.645647 0.660000026
v 15.5959854 18.6196365 0.660000026
v 15.6081343 18.5949993 0.660000026
v 15.6233959 18.5721607 0.660000026
v 15.6415071 18.5515079 0.660000026
v 15.6621599 18.5333958 0.660000026
v 15.6850004 18.5181351 0.660000026
v 15.7096367 18.5059853 0.660000026
v 15.7356482 18.4971561 0.660000026
v 15.7625895 18.4917965 0.660000026
v 15.79 18.4899998 0.660000026
v 15.8174105 18.4917965 0.660000026
v 15.8443518 18.4971561 0.660000026
v 15.8703632 18.5059853 0.660000026
v 15.8950005 18.5181351 0.660000026
v 15.91784 18.5333958 0.660000026
v 15.9384928 18.5515079 0.660000026
v 15.956604 18.5721607 0.660000026
v 15.9718657 18.5949993 0.660000026
v 15.9840145 18.6196365 0.660000026
v 15.9928446 18.645647 0.660000026
v 15.9982033 18.6725903 0.660000026
v 15.9700003 18.7000008 0.699999988
v 15.9684601 18.7234955 0.699999988
v 15.9638662 18.7465878 0.699999988
v 15.9562979 18.7688828 0.699999988
v 15.9458847 18.7900009 0.699999988
v 15.9328032 18.8095779 0.699999988
v 15.9172792 18.82728 0.699999988
v 15.8995771 18.842804 0.699999988
v 15.8800001 18.8558846 0.699999988
v 15.8588829 18.8662987 0.699999988
v 15.836587 18.873867 0.699999988
v 15.8134947 18.8784599 0.699999988
v 15.79 18.8799992 0.699999988
v 15.7665052 18.8784599 0.699999988
v 15.743413 18.873867 0.699999988
v 15.721117 18.8662987 0.699999988
v 15.6999998 18.8558846 0.699999988
v 15.6804228 18.842804 0.699999988
v 15.6627207 18.82728 0.699999988
v 15.6471968 18.8095779 0.699999988
v 15.6341152 18.7900009 0.699999988
v 15.623702 18.7688828 0.699999988
v 15.6161337 18.7465878 0.699999988
v 15.6115398 18.7234955 0.699999988
v 15.6099997 18.7000008 0.699999988
v 15.6115398 18.676506 0.699999988
v 15.6161337 18.6534119 0.699999988
v 15.623702 18.6311169 0.699999988
v 15.6341152 18.6100006 0.699999988
v 15.6471968 18.5904236 0.699999988
v 15.6627207 18.5727215 0.699999988
v 15.6804228 18.5571957 0.699999988
v 15.6999998 18.5441151 0.699999988
v 15.721117 18.5337009 0.699999988
v 15.743413 18.5261326 0.699999988
v 15.7665052 18.5215397 0.699999988
v 15.79 18.5200005 0.699999988
v 15.8134947 18.5215397 0.699999988
v 15.836587 18.5261326 0.699999988
v 15.8588829 18.5337009 0.699999988
v 15.8800001 18.5441151 0.699999988
v 15.8995771 18.5571957 0.699999988
v 15.9172792 18.5727215 0.699999988
v 15.9328032 18.5904236 0.699999988
v 15.9458847 18.6100006 0.699999988
v 15.9562979 18.6311169 0.699999988
v 15.9638662 18.6534119 0.699999988
v 15.9684601 18.676506 0.699999988
v 15.96 18.7000008 0.660000026
v 15.9585457 18.7221889 0.660000026
v 15.9542074 18.7439995 0.660000026
v 15.9470596 18.7650566 0.660000026
v 15.9372244 18.7849998 0.660000026
v 15.9248705 18.8034897 0.660000026
v 15.9102077 18.8202076 0.660000026
v 15.8934898 18.8348694 0.660000026
v 15.875 18.8472252 0.660000026
v 15.8550558 18.8570595 0.660000026
v 15.8339996 18.8642082 0.660000026
v 15.8121891 18.8685455 0.660000026
v 15.79 18.8700008 0.660000026
v 15.7678108 18.8685455 0.660000026
v 15.7460003 18.8642082 0.660000026
v 15.7249441 18.8570595 0.660000026
v 15.7049999 18.8472252 0.660000026
v 15.6865101 18.8348694 0.660000026
v 15.6697922 18.8202076 0.660000026
v 15.6551304 18.8034897 0.660000026
v 15.6427755 18.7849998 0.660000026
v 15.6329403 18.7650566 0.660000026
v 15.6257925 18.7439995 0.660000026
v 15.6214542 18.7221889 0.660000026
v 15.6199999 18.7000008 0.660000026
v 15.6214542 18.6778107 0.660000026
v 15.6257925 18.6560001 0.660000026
v 15.6329403 18.634943 0.660000026
v 15.6427755 18.6149998 0.660000026
v 15.6551304 18.5965099 0.660000026
v 15.6697922 18.579792 0.660000026
v 15.6865101 18.5651302 0.660000026
v 15.7049999 18.5527763 0.660000026
v 15.7249441 18.5429401 0.660000026
v 15.7460003 18.5357933 0.660000026
v 15.7678108 18.5314541 0.660000026
v 15.79 18.5300007 0.660000026
v 15.8121891 18.5314541 0.660000026
v 15.8339996 18.5357933 0.660000026
v 15.8550558 18.5429401 0.660000026
v 15.875 18.5527763 0.660000026
v 15.8934898 18.5651302 0.660000026
v 15.9102077 18.579792 0.660000026
v 15.9248705 18.5965099 0.660000026
v 15.9372244 18.6149998 0.660000026
v 15.9470596 18.634943 0.660000026
v 15.9542074 18.6560001 0.660000026
v 15.9585457 18.6778107 0.660000026
v 26.2800007 24.2999992 0.0250000004
v 26.2788887 24.3169689 0.0250000004
v 26.2755699 24.3336468 0.0250000004
v 26.2701035 24.3497486 0.0250000004
v 26.2625828 24.3649998 0.0250000004
v 26.2531357 24.3791389 0.0250000004
v 26.2419243 24.3919239 0.0250000004
v 26.2291393 24.4031353 0.0250000004
v 26.2150002 24.4125824 0.0250000004
v 26.199749 24.420105 0.0250000004
v 26.1836472 24.4255695 0.0250000004
v 26.1669693 24.4288883 0.0250000004
v 26.1499996 24.4300003 0.0250000004
v 26.1330318 24.4288883 0.0250000004
v 26.116354 24.4255695 0.0250000004
v 26.1002502 24.420105 0.0250000004
v 26.0849991 24.4125824 0.0250000004
v 26.0708618 24.4031353 0.0250000004
v 26.0580769 24.3919239 0.0250000004
v 26.0468636 24.3791389 0.0250000004
v 26.0374165 24.3649998 0.0250000004
v 26.0298958 24.3497486 0.0250000004
v 26.0244293 24.3336468 0.0250000004
v 26.0211124 24.3169689 0.0250000004
v 26.0200005 24.2999992 0.0250000004
v 26.0211124 24.2830315 0.0250000004
v 26.0244293 24.2663536 0.0250000004
v 26.0298958 24.2502518 0.0250000004
v 26.0374165 24.2350006 0.0250000004
v 26.0468636 24.2208614 0.0250000004
v 26.0580769 24.2080765 0.0250000004
v 26.0708618 24.1968632 0.0250000004
v 26.0849991 24.1874161 0.0250000004
v 26.1002502 24.1798954 0.0250000004
v 26.116354 24.1744289 0.0250000004
v 26.1330318 24.1711121 0.0250000004
v 26.1499996 24.1700001 0.0250000004
v 26.1669693 24.1711121 0.0250000004
v 26.1836472 24.1744289 0.0250000004
v 26.199749 24.1798954 0.0250000004
v 26.2150002 24.1874161 0.0250000004
v 26.2291393 24.1968632 0.0250000004
v 26.2419243 24.2080765 0.0250000004
v 26.2531357 24.2208614 0.0250000004
v 26.2625828 24.2350006 0.0250000004
v 26.2701035 24.2502518 0.0250000004
v 26.2755699 24.2663536 0.0250000004
v 26.2788887 24.2830315 0.0250000004
v 26.3899994 24.2999992 0.0799999982
v 26.3879471 24.3313255 0.0799999982
v 26.3818226 24.3621159 0.0799999982
v 26.3717308 24.3918438 0.0799999982
v 26.3578453 24.4200001 0.0799999982
v 26.3404045 24.4461021 0.0799999982
v 26.319706 24.4697056 0.0799999982
v 26.2961025 24.4904041 0.0799999982
v 26.2700005 24.5078468 0.0799999982
v 26.2418442 24.5217304 0.0799999982
v 26.2121162 24.5318222 0.0799999982
v 26.1813259 24.5379467 0.0799999982
v 26.1499996 24.5400009 0.0799999982
v 26.1186733 24.5379467 0.0799999982
v 26.087883 24.5318222 0.0799999982
v 26.0581551 24.5217304 0.0799999982
v 26.0300007 24.5078468 0.0799999982
v 26.0038967 24.4904041 0.0799999982
v 25.9802952 24.4697056 0.0799999982
v 25.9595947 24.4461021 0.0799999982
v 25.9421539 24.4200001 0.0799999982
v 25.9282684 24.3918438 0.0799999982
v 25.9181786 24.3621159 0.0799999982
v 25.9120541 24.3313255 0.0799999982
v 25.9099998 24.2999992 0.0799999982
v 25.9120541 24.2686729 0.0799999982
v 25.9181786 24.2378826 0.0799999982
v 25.9282684 24.2081566 0.0799999982
v 25.9421539 24.1800003 0.0799999982
v 25.9595947 24.1538963 0.0799999982
v 25.9802952 24.1302948 0.0799999982
v 26.0038967 24.1095943 0.0799999982
v 26.0300007 24.0921535 0.0799999982
v 26.0581551 24.0782681 0.0799999982
v 26.087883 24.0681782 0.0799999982
v 26.1186733 24.0620537 0.0799999982
v 26.1499996 24.0599995 0.0799999982
v 26.1813259 24.0620537 0.0799999982
v 26.2121162 24.0681782 0.0799999982
v 26.2418442 24.0782681 0.0799999982
v 26.2700005 24.0921535 0.0799999982
v 26.2961025 24.1095943 0.0799999982
v 26.319706 24.1302948 0.0799999982
v 26.3404045 24.1538963 0.0799999982
v 26.3578453 24.1800003 0.0799999982
v 26.3717308 24.2081566 0.0799999982
v 26.3818226 24.2378826 0.0799999982
v 26.3879471 24.2686729 0.0799999982
v 26.4599991 24.2999992 0.289999992
v 26.4573479 24.3404636 0.289999992
v 26.4494362 24.3802338 0.289999992
v 26.4364033 24.4186325 0.289999992
v 26.4184685 24.4549999 0.289999992
v 26.3959389 24.4887161 0.289999992
v 26.3692036 24.5192032 0.289999992
v 26.3387165 24.5459404 0.289999992
v 26.3050003 24.5684681 0.289999992
v 26.268631 24.5864029 0.289999992
v 26.2302341 24.5994377 0.289999992
v 26.190464 24.6073475 0.289999992
v 26.1499996 24.6100006 0.289999992
v 26.1095371 24.6073475 0.289999992
v 26.069767 24.5994377 0.289999992
v 26.0313683 24.5864029 0.289999992
v 25.9950008 24.5684681 0.289999992
v 25.9612846 24.5459404 0.289999992
v 25.9307976 24.5192032 0.289999992
v 25.9040604 24.4887161 0.289999992
v 25.8815327 24.4549999 0.289999992
v 25.8635979 24.4186325 0.289999992
v 25.850563 24.3802338 0.289999992
v 25.8426514 24.3404636 0.289999992
v 25.8400002 24.2999992 0.289999992
v 25.8426514 24.2595367 0.289999992
v 25.850563 24.2197666 0.289999992
v 25.8635979 24.1813679 0.289999992
v 25.8815327 24.1450005 0.289999992
v 25.9040604 24.1112843 0.289999992
v 25.9307976 24.0807972 0.289999992
v 25.9612846 24.05406 0.289999992
v 25.9950008 24.0315323 0.289999992
v 26.0313683 24.0135975 0.289999992
v 26.069767 24.0005627 0.289999992
v 26.1095371 23.9926529 0.289999992
v 26.1499996 23.9899998 0.289999992
v 26.190464 23.9926529 0.289999992
v 26.2302341 24.0005627 0.289999992
v 26.268631 24.0135975 0.289999992
v 26.3050003 24.0315323 0.289999992
v 26.3387165 24.05406 0.289999992
v 26.3692036 24.0807972 0.289999992
v 26.3959389 24.1112843 0.289999992
v 26.4184685 24.1450005 0.289999992
v 26.4364033 24.1813679 0.289999992
v 26.4494362 24.2197666 0.289999992
v 26.4573479 24.2595367 0.289999992
v 26.4300003 24.2999992 0.540000021
v 26.4276047 24.3365479 0.540000021
v 26.4204597 24.3724689 0.540000021
v 26.4086857 24.4071522 0.540000021
v 26.3924866 24.4400005 0.540000021
v 26.372139 24.4704533 0.540000021
v 26.34799 24.4979897 0.540000021
v 26.3204536 24.5221386 0.540000021
v 26.2900009 24.5424862 0.540000021
v 26.2571507 24.5586872 0.540000021
v 26.2224693 24.5704594 0.540000021
v 26.1865482 24.5776043 0.540000021
v 26.1499996 24.5799999 0.540000021
v 26.1134529 24.5776043 0.540000021
v 26.0775299 24.5704594 0.540000021
v 26.0428486 24.5586872 0.540000021
v 26.0100002 24.5424862 0.540000021
v 25.9795475 24.5221386 0.540000021
v 25.9520092 24.4979897 0.540000021
v 25.9278603 24.4704533 0.540000021
v 25.9075127 24.4400005 0.540000021
v 25.8913136 24.4071522 0.540000021
v 25.8795414 24.3724689 0.540000021
v 25.8723946 24.3365479 0.540000021
v 25.8700008 24.2999992 0.540000021
v 25.8723946 24.2634525 0.540000021
v 25.8795414 24.2275314 0.540000021
v 25.8913136 24.1928482 0.540000021
v 25.9075127 24.1599998 0.540000021
v 25.9278603 24.1295471 0.540000021
v 25.9520092 24.1020107 0.540000021
v 25.9795475 24.0778618 0.540000021
v 26.0100002 24.0575123 0.540000021
v 26.0428486 24.0413132 0.540000021
v 26.0775299 24.029541 0.540000021
v 26.1134529 24.0223961 0.540000021
v 26.1499996 24.0200005 0.540000021
v 26.1865482 24.0223961 0.540000021
v 26.2224693 24.029541 0.540000021
v 26.2571507 24.0413132 0.540000021
v 26.2900009 24.0575123 0.540000021
v 26.3204536 24.0778618 0.540000021
v 26.34799 24.1020107 0.540000021
v 26.372139 24.1295471 0.540000021
v 26.3924866 24.1599998 0.540000021
v 26.4086857 24.1928482 0.540000021
v 26.4204597 24.2275314 0.540000021
v 26.4276047 24.2634525 0.540000021
v 26.3600006 24.2999992 0.660000026
v 26.3582039 24.3274097 0.660000026
v 26.3528442 24.354353 0.660000026
v 26.3440151 24.3803635 0.660000026
v 26.3318653 24.4050007 0.660000026
v 26.3166046 24.4278393 0.660000026
v 26.2984924 24.4484921 0.660000026
v 26.2778397 24.4666042 0.660000026
v 26.2549992 24.4818649 0.660000026
v 26.2303638 24.4940147 0.660000026
v 26.2043514 24.5028439 0.660000026
v 26.1774101 24.5082035 0.660000026
v 26.1499996 24.5100002 0.660000026
v 26.1225891 24.5082035 0.660000026
v 26.0956478 24.5028439 0.660000026
v 26.0696373 24.4940147 0.660000026
v 26.0450001 24.4818649 0.660000026
v 26.0221596 24.4666042 0.660000026
v 26.0015068 24.4484921 0.660000026
v 25.9833965 24.4278393 0.660000026
v 25.9681339 24.4050007 0.660000026
v 25.955986 24.3803635 0.660000026
v 25.947155 24.354353 0.660000026
v 25.9417973 24.3274097 0.660000026
v 25.9400005 24.2999992 0.660000026
v 25.9417973 24.2725887 0.660000026
v 25.947155 24.2456474 0.660000026
v 25.955986 24.2196369 0.660000026
v 25.9681339 24.1949997 0.660000026
v 25.9833965 24.1721592 0.660000026
v 26.0015068 24.1515083 0.660000026
v 26.0221596 24.1333961 0.660000026
v 26.0450001 24.1181355 0.660000026
v 26.0696373 24.1059856 0.660000026
v 26.0956478 24.0971565 0.660000026
v 26.1225891 24.0917969 0.660000026
v 26.1499996 24.0900002 0.660000026
v 26.1774101 24.0917969 0.660000026
v 26.2043514 24.0971565 0.660000026
v 26.2303638 24.1059856 0.660000026
v 26.2549992 24.1181355 0.660000026
v 26.2778397 24.1333961 0.660000026
v 26.2984924 24.1515083 0.660000026
v 26.3166046 24.1721592 0.660000026
v 26.3318653 24.1949997 0.660000026
v 26.3440151 24.2196369 0.660000026
v 26.3528442 24.2456474 0.660000026
v 26.3582039 24.2725887 0.660000026
v 26.3299999 24.2999992 0.699999988
v 26.3284607 24.323494 0.699999988
v 26.3238659 24.3465881 0.699999988
v 26.3162975 24.3688831 0.699999988
v 26.3058853 24.3899994 0.699999988
v 26.2928028 24.4095764 0.699999988
v 26.2772789 24.4272785 0.699999988
v 26.2595768 24.4428043 0.699999988
v 26.2399998 24.4558849 0.699999988
v 26.2188835 24.4662991 0.699999988
v 26.1965866 24.4738674 0.699999988
v 26.1734943 24.4784603 0.699999988
v 26.1499996 24.4799995 0.699999988
v 26.1265049 24.4784603 0.699999988
v 26.1034126 24.4738674 0.699999988
v 26.0811176 24.4662991 0.699999988
v 26.0599995 24.4558849 0.699999988
v 26.0404224 24.4428043 0.699999988
v 26.0227203 24.4272785 0.699999988
v 26.0071964 24.4095764 0.699999988
v 25.9941158 24.3899994 0.699999988
v 25.9837017 24.3688831 0.699999988
v 25.9761333 24.3465881 0.699999988
v 25.9715405 24.323494 0.699999988
v 25.9699993 24.2999992 0.699999988
v 25.9715405 24.2765045 0.699999988
v 25.9761333 24.2534122 0.699999988
v 25.9837017 24.2311172 0.699999988
v 25.9941158 24.2099991 0.699999988
v 26.0071964 24.1904221 0.699999988
v 26.0227203 24.17272 0.699999988
v 26.0404224 24.157196 0.699999988
v 26.0599995 24.1441154 0.699999988
v 26.0811176 24.1337013 0.699999988
v 26.1034126 24.126133 0.699999988
v 26.1265049 24.1215401 0.699999988
v 26.1499996 24.1200008 0.699999988
v 26.1734943 24.1215401 0.699999988
v 26.1965866 24.126133 0.699999988
v 26.2188835 24.1337013 0.699999988
v 26.2399998 24.1441154 0.699999988
v 26.2595768 24.157196 0.699999988
v 26.2772789 24.17272 0.699999988
v 26.2928028 24.1904221 0.699999988
v 26.3058853 24.2099991 0.699999988
v 26.3162975 24.2311172 0.699999988
v 26.3238659 24.2534122 0.699999988
v 26.3284607 24.2765045 0.699999988
v 26.3199997 24.2999992 0.660000026
v 26.3185463 24.3221893 0.660000026
v 26.3142071 24.3439999 0.660000026
v 26.3070602 24.365057 0.660000026
v 26.297224 24.3850002 0.660000026
v 26.2848701 24.4034901 0.660000026
v 26.2702084 24.420208 0.660000026
v 26.2534885 24.4348698 0.660000026
v 26.2350006 24.4472237 0.660000026
v 26.2150555 24.4570599 0.660000026
v 26.1939983 24.4642067 0.660000026
v 26.1721897 24.4685459 0.660000026
v 26.1499996 24.4699993 0.660000026
v 26.1278114 24.4685459 0.660000026
v 26.1060009 24.4642067 0.660000026
v 26.0849438 24.4570599 0.660000026
v 26.0650005 24.4472237 0.660000026
v 26.0465107 24.4348698 0.660000026
v 26.0297928 24.420208 0.660000026
v 26.0151291 24.4034901 0.660000026
v 26.0027752 24.3850002 0.660000026
v 25.9929409 24.365057 0.660000026
v 25.9857922 24.3439999 0.660000026
v 25.9814548 24.3221893 0.660000026
v 25.9799995 24.2999992 0.660000026
v 25.9814548 24.2778111 0.660000026
v 25.9857922 24.2560005 0.660000026
v 25.9929409 24.2349434 0.660000026
v 26.0027752 24.2150002 0.660000026
v 26.0151291 24.1965103 0.660000026
v 26.0297928 24.1797924 0.660000026
v 26.0465107 24.1651306 0.660000026
v 26.0650005 24.1527748 0.660000026
v 26.0849438 24.1429405 0.660000026
v 26.1060009 24.1357918 0.660000026
v 26.1278114 24.1314545 0.660000026
v 26.1499996 24.1299992 0.660000026
v 26.1721897 24.1314545 0.660000026
v 26.1939983 24.1357918 0.660000026
v 26.2150555 24.1429405 0.660000026
v 26.2350006 24.1527748 0.660000026
v 26.2534885 24.1651306 0.660000026
v 26.2702084 24.1797924 0.660000026
v 26.2848701 24.1965103 0.660000026
v 26.297224 24.2150002 0.660000026
v 26.3070602 24.2349434 0.660000026
v 26.3142071 24.2560005 0.660000026
v 26.3185463 24.2778111 0.660000026
v 26.2800007 19.2000008 0.0250000004
v 26.2788887 19.2169685 0.0250000004
v 26.2755699 19.2336464 0.0250000004
v 26.2701035 19.2497482 0.0250000004
v 26.2625828 19.2649994 0.0250000004
v 26.2531357 19.2791386 0.0250000004
v 26.2419243 19.2919235 0.0250000004
v 26.2291393 19.3031368 0.0250000004
v 26.2150002 19.3125839 0.0250000004
v 26.199749 19.3201046 0.0250000004
v 26.1836472 19.3255711 0.0250000004
v 26.1669693 19.3288879 0.0250000004
v 26.1499996 19.3299999 0.0250000004
v 26.1330318 19.3288879 0.0250000004
v 26.116354 19.3255711 0.0250000004
v 26.1002502 19.3201046 0.0250000004
v 26.0849991 19.3125839 0.0250000004
v 26.0708618 19.3031368 0.0250000004
v 26.0580769 19.2919235 0.0250000004
v 26.0468636 19.2791386 0.0250000004
v 26.0374165 19.2649994 0.0250000004
v 26.0298958 19.2497482 0.0250000004
v 26.0244293 19.2336464 0.0250000004
v 26.0211124 19.2169685 0.0250000004
v 26.0200005 19.2000008 0.0250000004
v 26.0211124 19.1830311 0.0250000004
v 26.0244293 19.1663532 0.0250000004
v 26.0298958 19.1502514 0.0250000004
v 26.0374165 19.1350002 0.0250000004
v 26.0468636 19.1208611 0.0250000004
v 26.0580769 19.1080761 0.0250000004
v 26.0708618 19.0968647 0.0250000004
v 26.0849991 19.0874176 0.0250000004
v 26.1002502 19.079895 0.0250000004
v 26.116354 19.0744305 0.0250000004
v 26.1330318 19.0711117 0.0250000004
v 26.1499996 19.0699997 0.0250000004
v 26.1669693 19.0711117 0.0250000004
v 26.1836472 19.0744305 0.0250000004
v 26.199749 19.079895 0.0250000004
v 26.2150002 19.0874176 0.0250000004
v 26.2291393 19.0968647 0.0250000004
v 26.2419243 19.1080761 0.0250000004
v 26.2531357 19.1208611 0.0250000004
v 26.2625828 19.1350002 0.0250000004
v 26.2701035 19.1502514 0.0250000004
v 26.2755699 19.1663532 0.0250000004
v 26.2788887 19.1830311 0.0250000004
v 26.3899994 19.2000008 0.0799999982
v 26.3879471 19.2313271 0.0799999982
v 26.3818226 19.2621174 0.0799999982
v 26.3717308 19.2918434 0.0799999982
v 26.3578453 19.3199997 0.0799999982
v 26.3404045 19.3461037 0.0799999982
v 26.319706 19.3697052 0.0799999982
v 26.2961025 19.3904057 0.0799999982
v 26.2700005 19.4078465 0.0799999982
v 26.2418442 19.4217319 0.0799999982
v 26.2121162 19.4318218 0.0799999982
v 26.1813259 19.4379463 0.0799999982
v 26.1499996 19.4400005 0.0799999982
v 26.1186733 19.4379463 0.0799999982
v 26.087883 19.4318218 0.0799999982
v 26.0581551 19.4217319 0.0799999982
v 26.0300007 19.4078465 0.0799999982
v 26.0038967 19.3904057 0.0799999982
v 25.9802952 19.3697052 0.0799999982
v 25.9595947 19.3461037 0.0799999982
v 25.9421539 19.3199997 0.0799999982
v 25.9282684 19.2918434 0.0799999982
v 25.9181786 19.2621174 0.0799999982
v 25.9120541 19.2313271 0.0799999982
v 25.9099998 19.2000008 0.0799999982
v 25.9120541 19.1686745 0.0799999982
v 25.9181786 19.1378841 0.0799999982
v 25.9282684 19.1081562 0.0799999982
v 25.9421539 19.0799999 0.0799999982
v 25.9595947 19.0538979 0.0799999982
v 25.9802952 19.0302944 0.0799999982
v 26.0038967 19.0095959 0.0799999982
v 26.0300007 18.9921532 0.0799999982
v 26.0581551 18.9782696 0.0799999982
v 26.087883 18.9681778 0.0799999982
v 26.1186733 18.9620533 0.0799999982
v 26.1499996 18.9599991 0.0799999982
v 26.1813259 18.9620533 0.0799999982
v 26.2121162 18.9681778 0.0799999982
v 26.2418442 18.9782696 0.0799999982
v 26.2700005 18.9921532 0.0799999982
v 26.2961025 19.0095959 0.0799999982
v 26.319706 19.0302944 0.0799999982
v 26.3404045 19.0538979 0.0799999982
v 26.3578453 19.0799999 0.0799999982
v 26.3717308 19.1081562 0.0799999982
v 26.3818226 19.1378841 0.0799999982
v 26.3879471 19.1686745 0.0799999982
v 26.4599991 19.2000008 0.289999992
v 26.4573479 19.2404633 0.289999992
v 26.4494362 19.2802334 0.289999992
v 26.4364033 19.3186321 0.289999992
v 26.4184685 19.3549995 0.289999992
v 26.3959389 19.3887157 0.289999992
v 26.3692036 19.4192028 0.289999992
v 26.3387165 19.44594 0.289999992
v 26.3050003 19.4684677 0.289999992
v 26.268631 19.4864025 0.289999992
v 26.2302341 19.4994373 0.289999992
v 26.190464 19.5073471 0.289999992
v 26.1499996 19.5100002 0.289999992
v 26.1095371 19.5073471 0.289999992
v 26.069767 19.4994373 0.289999992
v 26.0313683 19.4864025 0.289999992
v 25.9950008 19.4684677 0.289999992
v 25.9612846 19.44594 0.289999992
v 25.9307976 19.4192028 0.289999992
v 25.9040604 19.3887157 0.289999992
v 25.8815327 19.3549995 0.289999992
v 25.8635979 19.3186321 0.289999992
v 25.850563 19.2802334 0.289999992
v 25.8426514 19.2404633 0.289999992
v 25.8400002 19.2000008 0.289999992
v 25.8426514 19.1595364 0.289999992
v 25.850563 19.1197662 0.289999992
v 25.8635979 19.0813675 0.289999992
v 25.8815327 19.0450001 0.289999992
v 25.9040604 19.0112839 0.289999992
v 25.9307976 18.9807968 0.289999992
v 25.9612846 18.9540596 0.289999992
v 25.9950008 18.9315319 0.289999992
v 26.0313683 18.9135971 0.289999992
v 26.069767 18.9005623 0.289999992
v 26.1095371 18.8926525 0.289999992
v 26.1499996 18.8899994 0.289999992
v 26.190464 18.8926525 0.289999992
v 26.2302341 18.9005623 0.289999992
v 26.268631 18.9135971 0.289999992
v 26.3050003 18.9315319 0.289999992
v 26.3387165 18.9540596 0.289999992
v 26.3692036 18.9807968 0.289999992
v 26.3959389 19.0112839 0.289999992
v 26.4184685 19.0450001 0.289999992
v 26.4364033 19.0813675 0.289999992
v 26.4494362 19.1197662 0.289999992
v 26.4573479 19.1595364 0.289999992
v 26.4300003 19.2000008 0.540000021
v 26.4276047 19.2365475 0.540000021
v 26.4204597 19.2724686 0.540000021
v 26.4086857 19.3071518 0.540000021
v 26.3924866 19.3400002 0.540000021
v 26.372139 19.3704529 0.540000021
v 26.34799 19.3979893 0.540000021
v 26.3204536 19.4221382 0.540000021
v 26.2900009 19.4424877 0.540000021
v 26.2571507 19.4586868 0.540000021
v 26.2224693 19.470459 0.540000021
v 26.1865482 19.4776039 0.540000021
v 26.1499996 19.4799995 0.540000021
v 26.1134529 19.4776039 0.540000021
v 26.0775299 19.470459 0.540000021
v 26.0428486 19.4586868 0.540000021
v 26.0100002 19.4424877 0.540000021
v 25.9795475 19.4221382 0.540000021
v 25.9520092 19.3979893 0.540000021
v 25.9278603 19.3704529 0.540000021
v 25.9075127 19.3400002 0.540000021
v 25.8913136 19.3071518 0.540000021
v 25.8795414 19.2724686 0.540000021
v 25.8723946 19.2365475 0.540000021
v 25.8700008 19.2000008 0.540000021
v 25.8723946 19.1634521 0.540000021
v 25.8795414 19.1275311 0.540000021
v 25.8913136 19.0928478 0.540000021
v 25.9075127 19.0599995 0.540000021
v 25.9278603 19.0295467 0.540000021
v 25.9520092 19.0020103 0.540000021
v 25.9795475 18.9778614 0.540000021
v 26.0100002 18.9575138 0.540000021
v 26.0428486 18.9413128 0.540000021
v 26.0775299 18.9295406 0.540000021
v 26.1134529 18.9223957 0.540000021
v 26.1499996 18.9200001 0.540000021
v 26.1865482 18.9223957 0.540000021
v 26.2224693 18.9295406 0.540000021
v 26.2571507 18.9413128 0.540000021
v 26.2900009 18.9575138 0.540000021
v 26.3204536 18.9778614 0.540000021
v 26.34799 19.0020103 0.540000021
v 26.372139 19.0295467 0.540000021
v 26.3924866 19.0599995 0.540000021
v 26.4086857 19.0928478 0.540000021
v 26.4204597 19.1275311 0.540000021
v 26.4276047 19.1634521 0.540000021
v 26.3600006 19.2000008 0.660000026
v 26.3582039 19.2274113 0.660000026
v 26.3528442 19.2543526 0.660000026
v 26.3440151 19.2803631 0.660000026
v 26.3318653 19.3050003 0.660000026
v 26.3166046 19.3278408 0.660000026
v 26.2984924 19.3484917 0.660000026
v 26.2778397 19.3666039 0.660000026
v 26.2549992 19.3818645 0.660000026
v 26.2303638 19.3940144 0.660000026
v 26.2043514 19.4028435 0.660000026
v 26.1774101 19.4082031 0.660000026
v 26.1499996 19.4099998 0.660000026
v 26.1225891 19.4082031 0.660000026
v 26.0956478 19.4028435 0.660000026
v 26.0696373 19.3940144 0.660000026
v 26.0450001 19.3818645 0.660000026
v 26.0221596 19.3666039 0.660000026
v 26.0015068 19.3484917 0.660000026
v 25.9833965 19.3278408 0.660000026
v 25.9681339 19.3050003 0.660000026
v 25.955986 19.2803631 0.660000026
v 25.947155 19.2543526 0.660000026
v 25.9417973 19.2274113 0.660000026
v 25.9400005 19.2000008 0.660000026
v 25.9417973 19.1725903 0.660000026
v 25.947155 19.145647 0.660000026
v 25.955986 19.1196365 0.660000026
v 25.9681339 19.0949993 0.660000026
v 25.9833965 19.0721607 0.660000026
v 26.0015068 19.0515079 0.660000026
v 26.0221596 19.0333958 0.660000026
v 26.0450001 19.0181351 0.660000026
v 26.0696373 19.0059853 0.660000026
v 26.0956478 18.9971561 0.660000026
v 26.1225891 18.9917965 0.660000026
v 26.1499996 18.9899998 0.660000026
v 26.1774101 18.9917965 0.660000026
v 26.2043514 18.9971561 0.660000026
v 26.2303638 19.0059853 0.660000026
v 26.2549992 19.0181351 0.660000026
v 26.2778397 19.0333958 0.660000026
v 26.2984924 19.0515079 0.660000026
v 26.3166046 19.0721607 0.660000026
v 26.3318653 19.0949993 0.660000026
v 26.3440151 19.1196365 0.660000026
v 26.3528442 19.145647 0.660000026
v 26.3582039 19.1725903 0.660000026
v 26.3299999 19.2000008 0.699999988
v 26.3284607 19.2234955 0.699999988
v 26.3238659 19.2465878 0.699999988
v 26.3162975 19.2688828 0.699999988
v 26.3058853 19.2900009 0.699999988
v 26.2928028 19.3095779 0.699999988
v 26.2772789 19.32728 0.699999988
v 26.2595768 19.342804 0.699999988
v 26.2399998 19.3558846 0.699999988
v 26.2188835 19.3662987 0.699999988
v 26.1965866 19.373867 0.699999988
v 26.1734943 19.3784599 0.699999988
v 26.1499996 19.3799992 0.699999988
v 26.1265049 19.3784599 0.699999988
v 26.1034126 19.373867 0.699999988
v 26.0811176 19.3662987 0.699999988
v 26.0599995 19.3558846 0.699999988
v 26.0404224 19.342804 0.699999988
v 26.0227203 19.32728 0.699999988
v 26.0071964 19.3095779 0.699999988
v 25.9941158 19.2900009 0.699999988
v 25.9837017 19.2688828 0.699999988
v 25.9761333 19.2465878 0.699999988
v 25.9715405 19.2234955 0.699999988
v 25.9699993 19.2000008 0.699999988
v 25.9715405 19.176506 0.699999988
v 25.9761333 19.1534119 0.699999988
v 25.9837017 19.1311169 0.699999988
v 25.9941158 19.1100006 0.699999988
v 26.0071964 19.0904236 0.699999988
v 26.0227203 19.0727215 0.699999988
v 26.0404224 19.0571957 0.699999988
v 26.0599995 19.0441151 0.699999988
v 26.0811176 19.0337009 0.699999988
v 26.1034126 19.0261326 0.699999988
v 26.1265049 19.0215397 0.699999988
v 26.1499996 19.0200005 0.699999988
v 26.1734943 19.0215397 0.699999988
v 26.1965866 19.0261326 0.699999988
v 26.2188835 19.0337009 0.699999988
v 26.2399998 19.0441151 0.699999988
v 26.2595768 19.0571957 0.699999988
v 26.2772789 19.0727215 0.699999988
v 26.2928028 19.0904236 0.699999988
v 26.3058853 19.1100006 0.699999988
v 26.3162975 19.1311169 0.699999988
v 26.3238659 19.1534119 0.699999988
v 26.3284607 19.176506 0.699999988
v 26.3199997 19.2000008 0.660000026
v 26.3185463 19.2221889 0.660000026
v 26.3142071 19.2439995 0.660000026
v 26.3070602 19.2650566 0.660000026
v 26.297224 19.2849998 0.660000026
v 26.2848701 19.3034897 0.660000026
v 26.2702084 19.3202076 0.660000026
v 26.2534885 19.3348694 0.660000026
v 26.2350006 19.3472252 0.660000026
v 26.2150555 19.3570595 0.660000026
v 26.1939983 19.3642082 0.660000026
v 26.1721897 19.3685455 0.660000026
v 26.1499996 19.3700008 0.660000026
v 26.1278114 19.3685455 0.660000026
v 26.1060009 19.3642082 0.660000026
v 26.0849438 19.3570595 0.660000026
v 26.0650005 19.3472252 0.660000026
v 26.0465107 19.3348694 0.660000026
v 26.0297928 19.3202076 0.660000026
v 26.0151291 19.3034897 0.660000026
v 26.0027752 19.2849998 0.660000026
v 25.9929409 19.2650566 0.660000026
v 25.9857922 19.2439995 0.660000026
v 25.9814548 19.2221889 0.660000026
v 25.9799995 19.2000008 0.660000026
v 25.9814548 19.1778107 0.660000026
v 25.9857922 19.1560001 0.660000026
v 25.9929409 19.134943 0.660000026
v 26.0027752 19.1149998 0.660000026
v 26.0151291 19.0965099 0.660000026
v 26.0297928 19.079792 0.660000026
v 26.0465107 19.0651302 0.660000026
v 26.0650005 19.0527763 0.660000026
v 26.0849438 19.0429401 0.660000026
v 26.1060009 19.0357933 0.660000026
v 26.1278114 19.0314541 0.660000026
v 26.1499996 19.0300007 0.660000026
v 26.1721897 19.0314541 0.660000026
v 26.1939983 19.0357933 0.660000026
v 26.2150555 19.0429401 0.660000026
v 26.2350006 19.0527763 0.660000026
v 26.2534885 19.0651302 0.660000026
v 26.2702084 19.079792 0.660000026
v 26.2848701 19.0965099 0.660000026
v 26.297224 19.1149998 0.660000026
v 26.3070602 19.134943 0.660000026
v 26.3142071 19.1560001 0.660000026
v 26.3185463 19.1778107 0.660000026
f 1 2 50
f 1 50 49
f 2 3 51
f 2 51 50
f 3 4 52
f 3 52 51
f 4 5 53
f 4 53 52
f 5 6 54
f 5 54 53
f 6 7 55
f 6 55 54
f 7 8 56
f 7 56 55
f 8 9 57
f 8 57 56
f 9 10 58
f 9 58 57
f 10 11 59
f 10 59 58
f 11 12 60
f 11 60 59
f 12 13 61
f 12 61 60
f 13 14 62
f 13 62 61
f 14 15 63
f 14 63 62
f 15 16 64
f 15 64 63
f 16 17 65
f 16 65 64
f 17 18 66
f 17 66 65
f 18 19 67
f 18 67 66
f 19 20 68
f 19 68 67
f 20 21 69
f 20 69 68
f 21 22 70
f 21 70 69
f 22 23 71
f 22 71 70
f 23 24 72
f 23 72 71
f 24 25 73
f 24 73 72
f 25 26 74
f 25 74 73
f 26 27 75
f 26 75 74
f 27 28 76
f 27 76 75
f 28 29 77
f 28 77 76
f 29 30 78
f 29 78 77
f 30 31 79
f 30 79 78
f 31 32 80
f 31 80 79
f 32 33 81
f 32 81 80
f 33 34 82
f 33 82 81
f 34 35 83
f 34 83 82
f 35 36 84
f 35 84 83
f 36 37 85
f 36 85 84
f 37 38 86
f 37 86 85
f 38 39 87
f 38 87 86
f 39 40 88
f 39 88 87
f 40 41 89
f 40 89 88
f 41 42 90
f 41 90 89
f 42 43 91
f 42 91 90
f 43 44 92
f 43 92 91
f 44 45 93
f 44 93 92
f 45 46 94
f 45 94 93
f 46 47 95
f 46 95 94
f 47 48 96
f 47 96 95
f 48 1 49
f 48 49 96
f 49 50 98
f 49 98 97
f 50 51 99
f 50 99 98
f 51 52 100
f 51 100 99
f 52 53 101
f 52 101 100
f 53 54 102
f 53 102 101
f 54 55 103
f 54 103 102
f 55 56 104
f 55 104 103
f 56 57 105
f 56 105 104
f 57 58 106
f 57 106 105
f 58 59 107
f 58 107 106
f 59 60 108
f 59 108 107
f 60 61 109
f 60 109 108
f 61 62 110
f 61 110 109
f 62 63 111
f 62 111 110
f 63 64 112
f 63 112 111
f 64 65 113
f 64 113 112
f 65 66 114
f 65 114 113
f 66 67 115
f 66 115 114
f 67 68 116
f 67 116 115
f 68 69 117
f 68 117 116
f 69 70 118
f 69 118 117
f 70 71 119
f 70 119 118
f 71 72 120
f 71 120 119
f 72 73 121
f 72 121 120
f 73 74 122
f 73 122 121
f 74 75 123
f 74 123 122
f 75 76 124
f 75 124 123
f 76 77 125
f 76 125 124
f 77 78 126
f 77 126 125
f 78 79 127
f 78 127 126
f 79 80 128
f 79 128 127
f 80 81 129
f 80 129 128
f 81 82 130
f 81 130 129
f 82 83 131
f 82 131 130
f 83 84 132
f 83 132 131
f 84 85 133
f 84 133 132
f 85 86 134
f 85 134 133
f 86 87 135
f 86 135 134
f 87 88 136
f 87 136 135
f 88 89 137
f 88 137 136
f 89 90 138
f 89 138 137
f 90 91 139
f 90 139 138
f 91 92 140
f 91 140 139
f 92 93 141
f 92 141 140
f 93 94 142
f 93 142 141
f 94 95 143
f 94 143 142
f 95 96 144
f 95 144 143
f 96 49 97
f 96 97 144
f 97 98 146
f 97 146 145
f 98 99 147
f 98 147 146
f 99 100 148
f 99 148 147
f 100 101 149
f 100 149 148
f 101 102 150
f 101 150 149
f 102 103 151
f 102 151 150
f 103 104 152
f 103 152 151
f 104 105 153
f 104 153 152
f 105 106 154
f 105 154 153
f 106 107 155
f 106 155 154
f 107 108 156
f 107 156 155
f 108 109 157
f 108 157 156
f 109 110 158
f 109 158 157
f 110 111 159
f 110 159 158
f 111 112 160
f 111 160 159
f 112 113 161
f 112 161 160
f 113 114 162
f 113 162 161
f 114 115 163
f 114 163 162
f 115 116 164
f 115 164 163
f 116 117 165
f 116 165 164
f 117 118 166
f 117 166 165
f 118 119 167
f 118 167 166
f 119 120 168
f 119 168 167
f 120 121 169
f 120 169 168
f 121 122 170
f 121 170 169
f 122 123 171
f 122 171 170
f 123 124 172
f 123 172 171
f 124 125 173
f 124 173 172
f 125 126 174
f 125 174 173
f 126 127 175
f 126 175 174
f 127 128 176
f 127 176 175
f 128 129 177
f 128 177 176
f 129 130 178
f 129 178 177
f 130 131 179
f 130 179 178
f 131 132 180
f 131 180 179
f 132 133 181
f 132 181 180
f 133 134 182
f 133 182 181
f 134 135 183
f 134 183 182
f 135 136 184
f 135 184 183
f 136 137 185
f 136 185 184
f 137 138 186
f 137 186 185
f 138 139 187
f 138 187 186
f 139 140 188
f 139 188 187
f 140 141 189
f 140 189 188
f 141 142 190
f 141 190 189
f 142 143 191
f 142 191 190
f 143 144 192
f 143 192 191
f 144 97 145
f 144 145 192
f 145 146 194
f 145 194 193
f 146 147 195
f 146 195 194
f 147 148 196
f 147 196 195
f 148 149 197
f 148 197 196
f 149 150 198
f 149 198 197
f 150 151 199
f 150 199 198
f 151 152 200
f 151 200 199
f 152 153 201
f 152 201 200
f 153 154 202
f 153 202 201
f 154 155 203
f 154 203 202
f 155 156 204
f 155 204 203
f 156 157 205
f 156 205 204
f 157 158 206
f 157 206 205
f 158 159 207
f 158 207 206
f 159 160 208
f 159 208 207
f 160 161 209
f 160 209 208
f 161 162 210
f 161 210 209
f 162 163 211
f 162 211 210
f 163 164 212
f 163 212 211
f 164 165 213
f 164 213 212
f 165 166 214
f 165 214 213
f 166 167 215
f 166 215 214
f 167 168 216
f 167 216 215
f 168 169 217
f 168 217 216
f 169 170 218
f 169 218 217
f 170 171 219
f 170 219 218
f 171 172 220
f 171 220 219
f 172 173 221
f 172 221 220
f 173 174 222
f 173 222 221
f 174 175 223
f 174 223 222
f 175 176 224
f 175 224 223
f 176 177 225
f 176 225 224
f 177 178 226
f 177 226 225
f 178 179 227
f 178 227 226
f 179 180 228
f 179 228 227
f 180 181 229
f 180 229 228
f 181 182 230
f 181 230 229
f 182 183 231
f 182 231 230
f 183 184 232
f 183 232 231
f 184 185 233
f 184 233 232
f 185 186 234
f 185 234 233
f 186 187 235
f 186 235 234
f 187 188 236
f 187 236 235
f 188 189 237
f 188 237 236
f 189 190 238
f 189 238 237
f 190 191 239
f 190 239 238
f 191 192 240
f 191 240 239
f 192 145 193
f 192 193 240
f 193 194 242
f 193 242 241
f 194 195 243
f 194 243 242
f 195 196 244
f 195 244 243
f 196 197 245
f 196 245 244
f 197 198 246
f 197 246 245
f 198 199 247
f 198 247 246
f 199 200 248
f 199 248 247
f 200 201 249
f 200 249 248
f 201 202 250
f 201 250 249
f 202 203 251
f 202 251 250
f 203 204 252
f 203 252 251
f 204 205 253
f 204 253 252
f 205 206 254
f 205 254 253
f 206 207 255
f 206 255 254
f 207 208 256
f 207 256 255
f 208 209 257
f 208 257 256
f 209 210 258
f 209 258 257
f 210 211 259
f 210 259 258
f 211 212 260
f 211 260 259
f 212 213 261
f 212 261 260
f 213 214 262
f 213 262 261
f 214 215 263
f 214 263 262
f 215 216 264
f 215 264 263
f 216 217 265
f 216 265 264
f 217 218 266
f 217 266 265
f 218 219 267
f 218 267 266
f 219 220 268
f 219 268 267
f 220 221 269
f 220 269 268
f 221 222 270
f 221 270 269
f 222 223 271
f 222 271 270
f 223 224 272
f 223 272 271
f 224 225 273
f 224 273 272
f 225 226 274
f 225 274 273
f 226 227 275
f 226 275 274
f 227 228 276
f 227 276 275
f 228 229 277
f 228 277 276
f 229 230 278
f 229 278 277
f 230 231 279
f 230 279 278
f 231 232 280
f 231 280 279
f 232 233 281
f 232 281 280
f 233 234 282
f 233 282 281
f 234 235 283
f 234 283 282
f 235 236 284
f 235 284 283
f 236 237 285
f 236 285 284
f 237 238 286
f 237 286 285
f 238 239 287
f 238 287 286
f 239 240 288
f 239 288 287
f 240 193 241
f 240 241 288
f 241 242 290
f 241 290 289
f 242 243 291
f 242 291 290
f 243 244 292
f 243 292 291
f 244 245 293
f 244 293 292
f 245 246 294
f 245 294 293
f 246 247 295
f 246 295 294
f 247 248 296
f 247 296 295
f 248 249 297
f 248 297 296
f 249 250 298
f 249 298 297
f 250 251 299
f 250 299 298
f 251 252 300
f 251 300 299
f 252 253 301
f 252 301 300
f 253 254 302
f 253 302 301
f 254 255 303
f 254 303 302
f 255 256 304
f 255 304 303
f 256 257 305
f 256 305 304
f 257 258 306
f 257 306 305
f 258 259 307
f 258 307 306
f 259 260 308
f 259 308 307
f 260 261 309
f 260 309 308
f 261 262 310
f 261 310 309
f 262 263 311
f 262 311 310
f 263 264 312
f 263 312 311
f 264 265 313
f 264 313 312
f 265 266 314
f 265 314 313
f 266 267 315
f 266 315 314
f 267 268 316
f 267 316 315
f 268 269 317
f 268 317 316
f 269 270 318
f 269 318 317
f 270 271 319
f 270 319 318
f 271 272 320
f 271 320 319
f 272 273 321
f 272 321 320
f 273 274 322
f 273 322 321
f 274 275 323
f 274 323 322
f 275 276 324
f 275 324 323
f 276 277 325
f 276 325 324
f 277 278 326
f 277 326 325
f 278 279 327
f 278 327 326
f 279 280 328
f 279 328 327
f 280 281 329
f 280 329 328
f 281 282 330
f 281 330 329
f 282 283 331
f 282 331 330
f 283 284 332
f 283 332 331
f 284 285 333
f 284 333 332
f 285 286 334
f 285 334 333
f 286 287 335
f 286 335 334
f 287 288 336
f 287 336 335
f 288 241 289
f 288 289 336
f 289 290 338
f 289 338 337
f 290 291 339
f 290 339 338
f 291 292 340
f 291 340 339
f 292 293 341
f 292 341 340
f 293 294 342
f 293 342 341
f 294 295 343
f 294 343 342
f 295 296 344
f 295 344 343
f 296 297 345
f 296 345 344
f 297 298 346
f 297 346 345
f 298 299 347
f 298 347 346
f 299 300 348
f 299 348 347
f 300 301 349
f 300 349 348
f 301 302 350
f 301 350 349
f 302 303 351
f 302 351 350
f 303 304 352
f 303 352 351
f 304 305 353
f 304 353 352
f 305 306 354
f 305 354 353
f 306 307 355
f 306 355 354
f 307 308 356
f 307 356 355
f 308 309 357
f 308 357 356
f 309 310 358
f 309 358 357
f 310 311 359
f 310 359 358
f 311 312 360
f 311 360 359
f 312 313 361
f 312 361 360
f 313 314 362
f 313 362 361
f 314 315 363
f 314 363 362
f 315 316 364
f 315 364 363
f 316 317 365
f 316 365 364
f 317 318 366
f 317 366 365
f 318 319 367
f 318 367 366
f 319 320 368
f 319 368 367
f 320 321 369
f 320 369 368
f 321 322 370
f 321 370 369
f 322 323 371
f 322 371 370
f 323 324 372
f 323 372 371
f 324 325 373
f 324 373 372
f 325 326 374
f 325 374 373
f 326 327 375
f 326 375 374
f 327 328 376
f 327 376 375
f 328 329 377
f 328 377 376
f 329 330 378
f 329 378 377
f 330 331 379
f 330 379 378
f 331 332 380
f 331 380 379
f 332 333 381
f 332 381 380
f 333 334 382
f 333 382 381
f 334 335 383
f 334 383 382
f 335 336 384
f 335 384 383
f 336 289 337
f 336 337 384
f 385 386 434
f 385 434 433
f 386 387 435
f 386 435 434
f 387 388 436
f 387 436 435
f 388 389 437
f 388 437 436
f 389 390 438
f 389 438 437
f 390 391 439
f 390 439 438
f 391 392 440
f 391 440 439
f 392 393 441
f 392 441 440
f 393 394 442
f 393 442 441
f 394 395 443
f 394 443 442
f 395 396 444
f 395 444 443
f 396 397 445
f 396 445 444
f 397 398 446
f 397 446 445
f 398 399 447
f 398 447 446
f 399 400 448
f 399 448 447
f 400 401 449
f 400 449 448
f 401 402 450
f 401 450 449
f 402 403 451
f 402 451 450
f 403 404 452
f 403 452 451
f 404 405 453
f 404 453 452
f 405 406 454
f 405 454 453
f 406 407 455
f 406 455 454
f 407 408 456
f 407 456 455
f 408 409 457
f 408 457 456
f 409 410 458
f 409 458 457
f 410 411 459
f 410 459 458
f 411 412 460
f 411 460 459
f 412 413 461
f 412 461 460
f 413 414 462
f 413 462 461
f 414 415 463
f 414 463 462
f 415 416 464
f 415 464 463
f 416 417 465
f 416 465 464
f 417 418 466
f 417 466 465
f 418 419 467
f 418 467 466
f 419 420 468
f 419 468 467
f 420 421 469
f 420 469 468
f 421 422 470
f 421 470 469
f 422 423 471
f 422 471 470
f 423 424 472
f 423 472 471
f 424 425 473
f 424 473 472
f 425 426 474
f 425 474 473
f 426 427 475
f 426 475 474
f 427 428 476
f 427 476 475
f 428 429 477
f 428 477 476
f 429 430 478
f 429 478 477
f 430 431 479
f 430 479 478
f 431 432 480
f 431 480 479
f 432 385 433
f 432 433 480
f 433 434 482
f 433 482 481
f 434 435 483
f 434 483 482
f 435 436 484
f 435 484 483
f 436 437 485
f 436 485 484
f 437 438 486
f 437 486 485
f 438 439 487
f 438 487 486
f 439 440 488
f 439 488 487
f 440 441 489
f 440 489 488
f 441 442 490
f 441 490 489
f 442 443 491
f 442 491 490
f 443 444 492
f 443 492 491
f 444 445 493
f 444 493 492
f 445 446 494
f 445 494 493
f 446 447 495
f 446 495 494
f 447 448 496
f 447 496 495
f 448 449 497
f 448 497 496
f 449 450 498
f 449 498 497
f 450 451 499
f 450 499 498
f 451 452 500
f 451 500 499
f 452 453 501
f 452 501 500
f 453 454 502
f 453 502 501
f 454 455 503
f 454 503 502
f 455 456 504
f 455 504 503
f 456 457 505
f 456 505 504
f 457 458 506
f 457 506 505
f 458 459 507
f 458 507 506
f 459 460 508
f 459 508 507
f 460 461 509
f 460 509 508
f 461 462 510
f 461 510 509
f 462 463 511
f 462 511 510
f 463 464 512
f 463 512 511
f 464 465 513
f 464 513 512
f 465 466 514
f 465 514 513
f 466 467 515
f 466 515 514
f 467 468 516
f 467 516 515
f 468 469 517
f 468 517 516
f 469 470 518
f 469 518 517
f 470 471 519
f 470 519 518
f 471 472 520
f 471 520 519
f 472 473 521
f 472 521 520
f 473 474 522
f 473 522 521
f 474 475 523
f 474 523 522
f 475 476 524
f 475 524 523
f 476 477 525
f 476 525 524
f 477 478 526
f 477 526 525
f 478 479 527
f 478 527 526
f 479 480 528
f 479 528 527
f 480 433 481
f 480 481 528
f 481 482 530
f 481 530 529
f 482 483 531
f 482 531 530
f 483 484 532
f 483 532 531
f 484 485 533
f 484 533 532
f 485 486 534
f 485 534 533
f 486 487 535
f 486 535 534
f 487 488 536
f 487 536 535
f 488 489 537
f 488 537 536
f 489 490 538
f 489 538 537
f 490 491 539
f 490 539 538
f 491 492 540
f 491 540 539
f 492 493 541
f 492 541 540
f 493 494 542
f 493 542 541
f 494 495 543
f 494 543 542
f 495 496 544
f 495 544 543
f 496 497 545
f 496 545 544
f 497 498 546
f 497 546 545
f 498 499 547
f 498 547 546
f 499 500 548
f 499 548 547
f 500 501 549
f 500 549 548
f 501 502 550
f 501 550 549
f 502 503 551
f 502 551 550
f 503 504 552
f 503 552 551
f 504 505 553
f 504 553 552
f 505 506 554
f 505 554 553
f 506 507 555
f 506 555 554
f 507 508 556
f 507 556 555
f 508 509 557
f 508 557 556
f 509 510 558
f 509 558 557
f 510 511 559
f 510 559 558
f 511 512 560
f 511 560 559
f 512 513 561
f 512 561 560
f 513 514 562
f 513 562 561
f 514 515 563
f 514 563 562
f 515 516 564
f 515 564 563
f 516 517 565
f 516 565 564
f 517 518 566
f 517 566 565
f 518 519 567
f 518 567 566
f 519 520 568
f 519 568 567
f 520 521 569
f 520 569 568
f 521 522 570
f 521 570 569
f 522 523 571
f 522 571 570
f 523 524 572
f 523 572 571
f 524 525 573
f 524 573 572
f 525 526 574
f 525 574 573
f 526 527 575
f 526 575 574
f 527 528 576
f 527 576 575
f 528 481 529
f 528 529 576
f 529 530 578
f 529 578 577
f 530 531 579
f 530 579 578
f 531 532 580
f 531 580 579
f 532 533 581
f 532 581 580
f 533 534 582
f 533 582 581
f 534 535 583
f 534 583 582
f 535 536 584
f 535 584 583
f 536 537 585
f 536 585 584
f 537 538 586
f 537 586 585
f 538 539 587
f 538 587 586
f 539 540 588
f 539 588 587
f 540 541 589
f 540 589 588
f 541 542 590
f 541 590 589
f 542 543 591
f 542 591 590
f 543 544 592
f 543 592 591
f 544 545 593
f 544 593 592
f 545 546 594
f 545 594 593
f 546 547 595
f 546 595 594
f 547 548 596
f 547 596 595
f 548 549 597
f 548 597 596
f 549 550 598
f 549 598 597
f 550 551 599
f 550 599 598
f 551 552 600
f 551 600 599
f 552 553 601
f 552 601 600
f 553 554 602
f 553 602 601
f 554 555 603
f 554 603 602
f 555 556 604
f 555 604 603
f 556 557 605
f 556 605 604
f 557 558 606
f 557 606 605
f 558 559 607
f 558 607 606
f 559 560 608
f 559 608 607
f 560 561 609
f 560 609 608
f 561 562 610
f 561 610 609
f 562 563 611
f 562 611 610
f 563 564 612
f 563 612 611
f 564 565 613
f 564 613 612
f 565 566 614
f 565 614 613
f 566 567 615
f 566 615 614
f 567 568 616
f 567 616 615
f 568 569 617
f 568 617 616
f 569 570 618
f 569 618 617
f 570 571 619
f 570 619 618
f 571 572 620
f 571 620 619
f 572 573 621
f 572 621 620
f 573 574 622
f 573 622 621
f 574 575 623
f 574 623 622
f 575 576 624
f 575 624 623
f 576 529 577
f 576 577 624
f 577 578 626
f 577 626 625
f 578 579 627
f 578 627 626
f 579 580 628
f 579 628 627
f 580 581 629
f 580 629 628
f 581 582 630
f 581 630 629
f 582 583 631
f 582 631 630
f 583 584 632
f 583 632 631
f 584 585 633
f 584 633 632
f 585 586 634
f 585 634 633
f 586 587 635
f 586 635 634
f 587 588 636
f 587 636 635
f 588 589 637
f 588 637 636
f 589 590 638
f 589 638 637
f 590 591 639
f 590 639 638
f 591 592 640
f 591 640 639
f 592 593 641
f 592 641 640
f 593 594 642
f 593 642 641
f 594 595 643
f 594 643 642
f 595 596 644
f 595 644 643
f 596 597 645
f 596 645 644
f 597 598 646
f 597 646 645
f 598 599 647
f 598 647 646
f 599 600 648
f 599 648 647
f 600 601 649
f 600 649 648
f 601 602 650
f 601 650 649
f 602 603 651
f 602 651 650
f 603 604 652
f 603 652 651
f 604 605 653
f 604 653 652
f 605 606 654
f 605 654 653
f 606 607 655
f 606 655 654
f 607 608 656
f 607 656 655
f 608 609 657
f 608 657 656
f 609 610 658
f 609 658 657
f 610 611 659
f 610 659 658
f 611 612 660
f 611 660 659
f 612 613 661
f 612 661 660
f 613 614 662
f 613 662 661
f 614 615 663
f 614 663 662
f 615 616 664
f 615 664 663
f 616 617 665
f 616 665 664
f 617 618 666
f 617 666 665
f 618 619 667
f 618 667 666
f 619 620 668
f 619 668 667
f 620 621 669
f 620 669 668
f 621 622 670
f 621 670 669
f 622 623 671
f 622 671 670
f 623 624 672
f 623 672 671
f 624 577 625
f 624 625 672
f 625 626 674
f 625 674 673
f 626 627 675
f 626 675 674
f 627 628 676
f 627 676 675
f 628 629 677
f 628 677 676
f 629 630 678
f 629 678 677
f 630 631 679
f 630 679 678
f 631 632 680
f 631 680 679
f 632 633 681
f 632 681 680
f 633 634 682
f 633 682 681
f 634 635 683
f 634 683 682
f 635 636 684
f 635 684 683
f 636 637 685
f 636 685 684
f 637 638 686
f 637 686 685
f 638 639 687
f 638 687 686
f 639 640 688
f 639 688 687
f 640 641 689
f 640 689 688
f 641 642 690
f 641 690 689
f 642 643 691
f 642 691 690
f 643 644 692
f 643 692 691
f 644 645 693
f 644 693 692
f 645 646 694
f 645 694 693
f 646 647 695
f 646 695 694
f 647 648 696
f 647 696 695
f 648 649 697
f 648 697 696
f 649 650 698
f 649 698 697
f 650 651 699
f 650 699 698
f 651 652 700
f 651 700 699
f 652 653 701
f 652 701 700
f 653 654 702
f 653 702 701
f 654 655 703
f 654 703 702
f 655 656 704
f 655 704 703
f 656 657 705
f 656 705 704
f 657 658 706
f 657 706 705
f 658 659 707
f 658 707 706
f 659 660 708
f 659 708 707
f 660 661 709
f 660 709 708
f 661 662 710
f 661 710 709
f 662 663 711
f 662 711 710
f 663 664 712
f 663 712 711
f 664 665 713
f 664 713 712
f 665 666 714
f 665 714 713
f 666 667 715
f 666 715 714
f 667 668 716
f 667 716 715
f 668 669 717
f 668 717 716
f 669 670 718
f 669 718 717
f 670 671 719
f 670 719 718
f 671 672 720
f 671 720 719
f 672 625 673
f 672 673 720
f 673 674 722
f 673 722 721
f 674 675 723
f 674 723 722
f 675 676 724
f 675 724 723
f 676 677 725
f 676 725 724
f 677 678 726
f 677 726 725
f 678 679 727
f 678 727 726
f 679 680 728
f 679 728 727
f 680 681 729
f 680 729 728
f 681 682 730
f 681 730 729
f 682 683 731
f 682 731 730
f 683 684 732
f 683 732 731
f 684 685 733
f 684 733 732
f 685 686 734
f 685 734 733
f 686 687 735
f 686 735 734
f 687 688 736
f 687 736 735
f 688 689 737
f 688 737 736
f 689 690 738
f 689 738 737
f 690 691 739
f 690 739 738
f 691 692 740
f 691 740 739
f 692 693 741
f 692 741 740
f 693 694 742
f 693 742 741
f 694 695 743
f 694 743 742
f 695 696 744
f 695 744 743
f 696 697 745
f 696 745 744
f 697 698 746
f 697 746 745
f 698 699 747
f 698 747 746
f 699 700 748
f 699 748 747
f 700 701 749
f 700 749 748
f 701 702 750
f 701 750 749
f 702 703 751
f 702 751 750
f 703 704 752
f 703 752 751
f 704 705 753
f 704 753 752
f 705 706 754
f 705 754 753
f 706 707 755
f 706 755 754
f 707 708 756
f 707 756 755
f 708 709 757
f 708 757 756
f 709 710 758
f 709 758 757
f 710 711 759
f 710 759 758
f 711 712 760
f 711 760 759
f 712 713 761
f 712 761 760
f 713 714 762
f 713 762 761
f 714 715 763
f 714 763 762
f 715 716 764
f 715 764 763
f 716 717 765
f 716 765 764
f 717 718 766
f 717 766 765
f 718 719 767
f 718 767 766
f 719 720 768
f 719 768 767
f 720 673 721
f 720 721 768
f 769 770 818
f 769 818 817
f 770 771 819
f 770 819 818
f 771 772 820
f 771 820 819
f 772 773 821
f 772 821 820
f 773 774 822
f 773 822 821
f 774 775 823
f 774 823 822
f 775 776 824
f 775 824 823
f 776 777 825
f 776 825 824
f 777 778 826
f 777 826 825
f 778 779 827
f 778 827 826
f 779 780 828
f 779 828 827
f 780 781 829
f 780 829 828
f 781 782 830
f 781 830 829
f 782 783 831
f 782 831 830
f 783 784 832
f 783 832 831
f 784 785 833
f 784 833 832
f 785 786 834
f 785 834 833
f 786 787 835
f 786 835 834
f 787 788 836
f 787 836 835
f 788 789 837
f 788 837 836
f 789 790 838
f 789 838 837
f 790 791 839
f 790 839 838
f 791 792 840
f 791 840 839
f 792 793 841
f 792 841 840
f 793 794 842
f 793 842 841
f 794 795 843
f 794 843 842
f 795 796 844
f 795 844 843
f 796 797 845
f 796 845 844
f 797 798 846
f 797 846 845
f 798 799 847
f 798 847 846
f 799 800 848
f 799 848 847
f 800 801 849
f 800 849 848
f 801 802 850
f 801 850 849
f 802 803 851
f 802 851 850
f 803 804 852
f 803 852 851
f 804 805 853
f 804 853 852
f 805 806 854
f 805 854 853
f 806 807 855
f 806 855 854
f 807 808 856
f 807 856 855
f 808 809 857
f 808 857 856
f 809 810 858
f 809 858 857
f 810 811 859
f 810 859 858
f 811 812 860
f 811 860 859
f 812 813 861
f 812 861 860
f 813 814 862
f 813 862 861
f 814 815 863
f 814 863 862
f 815 816 864
f 815 864 863
f 816 769 817
f 816 817 864
f 817 818 866
f 817 866 865
f 818 819 867
f 818 867 866
f 819 820 868
f 819 868 867
f 820 821 869
f 820 869 868
f 821 822 870
f 821 870 869
f 822 823 871
f 822 871 870
f 823 824 872
f 823 872 871
f 824 825 873
f 824 873 872
f 825 826 874
f 825 874 873
f 826 827 875
f 826 875 874
f 827 828 876
f 827 876 875
f 828 829 877
f 828 877 876
f 829 830 878
f 829 878 877
f 830 831 879
f 830 879 878
f 831 832 880
f 831 880 879
f 832 833 881
f 832 881 880
f 833 834 882
f 833 882 881
f 834 835 883
f 834 883 882
f 835 836 884
f 835 884 883
f 836 837 885
f 836 885 884
f 837 838 886
f 837 886 885
f 838 839 887
f 838 887 886
f 839 840 888
f 839 888 887
f 840 841 889
f 840 889 888
f 841 842 890
f 841 890 889
f 842 843 891
f 842 891 890
f 843 844 892
f 843 892 891
f 844 845 893
f 844 893 892
f 845 846 894
f 845 894 893
f 846 847 895
f 846 895 894
f 847 848 896
f 847 896 895
f 848 849 897
f 848 897 896
f 849 850 898
f 849 898 897
f 850 851 899
f 850 899 898
f 851 852 900
f 851 900 899
f 852 853 901
f 852 901 900
f 853 854 902
f 853 902 901
f 854 855 903
f 854 903 902
f 855 856 904
f 855 904 903
f 856 857 905
f 856 905 904
f 857 858 906
f 857 906 905
f 858 859 907
f 858 907 906
f 859 860 908
f 859 908 907
f 860 861 909
f 860 909 908
f 861 862 910
f 861 910 909
f 862 863 911
f 862 911 910
f 863 864 912
f 863 912 911
f 864 817 865
f 864 865 912
f 865 866 914
f 865 914 913
f 866 867 915
f 866 915 914
f 867 868 916
f 867 916 915
f 868 869 917
f 868 917 916
f 869 870 918
f 869 918 917
f 870 871 919
f 870 919 918
f 871 872 920
f 871 920 919
f 872 873 921
f 872 921 920
f 873 874 922
f 873 922 921
f 874 875 923
f 874 923 922
f 875 876 924
f 875 924 923
f 876 877 925
f 876 925 924
f 877 878 926
f 877 926 925
f 878 879 927
f 878 927 926
f 879 880 928
f 879 928 927
f 880 881 929
f 880 929 928
f 881 882 930
f 881 930 929
f 882 883 931
f 882 931 930
f 883 884 932
f 883 932 931
f 884 885 933
f 884 933 932
f 885 886 934
f 885 934 933
f 886 887 935
f 886 935 934
f 887 888 936
f 887 936 935
f 888 889 937
f 888 937 936
f 889 890 938
f 889 938 937
f 890 891 939
f 890 939 938
f 891 892 940
f 891 940 939
f 892 893 941
f 892 941 940
f 893 894 942
f 893 942 941
f 894 895 943
f 894 943 942
f 895 896 944
f 895 944 943
f 896 897 945
f 896 945 944
f 897 898 946
f 897 946 945
f 898 899 947
f 898 947 946
f 899 900 948
f 899 948 947
f 900 901 949
f 900 949 948
f 901 902 950
f 901 950 949
f 902 903 951
f 902 951 950
f 903 904 952
f 903 952 951
f 904 905 953
f 904 953 952
f 905 906 954
f 905 954 953
f 906 907 955
f 906 955 954
f 907 908 956
f 907 956 955
f 908 909 957
f 908 957 956
f 909 910 958
f 909 958 957
f 910 911 959
f 910 959 958
f 911 912 960
f 911 960 959
f 912 865 913
f 912 913 960
f 913 914 962
f 913 962 961
f 914 915 963
f 914 963 962
f 915 916 964
f 915 964 963
f 916 917 965
f 916 965 964
f 917 918 966
f 917 966 965
f 918 919 967
f 918 967 966
f 919 920 968
f 919 968 967
f 920 921 969
f 920 969 968
f 921 922 970
f 921 970 969
f 922 923 971
f 922 971 970
f 923 924 972
f 923 972 971
f 924 925 973
f 924 973 972
f 925 926 974
f 925 974 973
f 926 927 975
f 926 975 974
f 927 928 976
f 927 976 975
f 928 929 977
f 928 977 976
f 929 930 978
f 929 978 977
f 930 931 979
f 930 979 978
f 931 932 980
f 931 980 979
f 932 933 981
f 932 981 980
f 933 934 982
f 933 982 981
f 934 935 983
f 934 983 982
f 935 936 984
f 935 984 983
f 936 937 985
f 936 985 984
f 937 938 986
f 937 986 985
f 938 939 987
f 938 987 986
f 939 940 988
f 939 988 987
f 940 941 989
f 940 989 988
f 941 942 990
f 941 990 989
f 942 943 991
f 942 991 990
f 943 944 992
f 943 992 991
f 944 945 993
f 944 993 992
f 945 946 994
f 945 994 993
f 946 947 995
f 946 995 994
f 947 948 996
f 947 996 995
f 948 949 997
f 948 997 996
f 949 950 998
f 949 998 997
f 950 951 999
f 950 999 998
f 951 952 1000
f 951 1000 999
f 952 953 1001
f 952 1001 1000
f 953 954 1002
f 953 1002 1001
f 954 955 1003
f 954 1003 1002
f 955 956 1004
f 955 1004 1003
f 956 957 1005
f 956 1005 1004
f 957 958 1006
f 957 1006 1005
f 958 959 1007
f 958 1007 1006
f 959 960 1008
f 959 1008 1007
f 960 913 961
f 960 961 1008
f 961 962 1010
f 961 1010 1009
f 962 963 1011
f 962 1011 1010
f 963 964 1012
f 963 1012 1011
f 964 965 1013
f 964 1013 1012
f 965 966 1014
f 965 1014 1013
f 966 967 1015
f 966 1015 1014
f 967 968 1016
f 967 1016 1015
f 968 969 1017
f 968 1017 1016
f 969 970 1018
f 969 1018 1017
f 970 971 1019
f 970 1019 1018
f 971 972 1020
f 971 1020 1019
f 972 973 1021
f 972 1021 1020
f 973 974 1022
f 973 1022 1021
f 974 975 1023
f 974 1023 1022
f 975 976 1024
f 975 1024 1023
f 976 977 1025
f 976 1025 1024
f 977 978 1026
f 977 1026 1025
f 978 979 1027
f 978 1027 1026
f 979 980 1028
f 979 1028 1027
f 980 981 1029
f 980 1029 1028
f 981 982 1030
f 981 1030 1029
f 982 983 1031
f 982 1031 1030
f 983 984 1032
f 983 1032 1031
f 984 985 1033
f 984 1033 1032
f 985 986 1034
f 985 1034 1033
f 986 987 1035
f 986 1035 1034
f 987 988 1036
f 987 1036 1035
f 988 989 1037
f 988 1037 1036
f 989 990 1038
f 989 1038 1037
f 990 991 1039
f 990 1039 1038
f 991 992 1040
f 991 1040 1039
f 992 993 1041
f 992 1041 1040
f 993 994 1042
f 993 1042 1041
f 994 995 1043
f 994 1043 1042
f 995 996 1044
f 995 1044 1043
f 996 997 1045
f 996 1045 1044
f 997 998 1046
f 997 1046 1045
f 998 999 1047
f 998 1047 1046
f 999 1000 1048
f 999 1048 1047
f 1000 1001 1049
f 1000 1049 1048
f 1001 1002 1050
f 1001 1050 1049
f 1002 1003 1051
f 1002 1051 1050
f 1003 1004 1052
f 1003 1052 1051
f 1004 1005 1053
f 1004 1053 1052
f 1005 1006 1054
f 1005 1054 1053
f 1006 1007 1055
f 1006 1055 1054
f 1007 1008 1056
f 1007 1056 1055
f 1008 961 1009
f 1008 1009 1056
f 1009 1010 1058
f 1009 1058 1057
f 1010 1011 1059
f 1010 1059 1058
f 1011 1012 1060
f 1011 1060 1059
f 1012 1013 1061
f 1012 1061 1060
f 1013 1014 1062
f 1013 1062 1061
f 1014 1015 1063
f 1014 1063 1062
f 1015 1016 1064
f 1015 1064 1063
f 1016 1017 1065
f 1016 1065 1064
f 1017 1018 1066
f 1017 1066 1065
f 1018 1019 1067
f 1018 1067 1066
f 1019 1020 1068
f 1019 1068 1067
f 1020 1021 1069
f 1020 1069 1068
f 1021 1022 1070
f 1021 1070 1069
f 1022 1023 1071
f 1022 1071 1070
f 1023 1024 1072
f 1023 1072 1071
f 1024 1025 1073
f 1024 1073 1072
f 1025 1026 1074
f 1025 1074 1073
f 1026 1027 1075
f 1026 1075 1074
f 1027 1028 1076
f 1027 1076 1075
f 1028 1029 1077
f 1028 1077 1076
f 1029 1030 1078
f 1029 1078 1077
f 1030 1031 1079
f 1030 1079 1078
f 1031 1032 1080
f 1031 1080 1079
f 1032 1033 1081
f 1032 1081 1080
f 1033 1034 1082
f 1033 1082 1081
f 1034 1035 1083
f 1034 1083 1082
f 1035 1036 1084
f 1035 1084 1083
f 1036 1037 1085
f 1036 1085 1084
f 1037 1038 1086
f 1037 1086 1085
f 1038 1039 1087
f 1038 1087 1086
f 1039 1040 1088
f 1039 1088 1087
f 1040 1041 1089
f 1040 1089 1088
f 1041 1042 1090
f 1041 1090 1089
f 1042 1043 1091
f 1042 1091 1090
f 1043 1044 1092
f 1043 1092 1091
f 1044 1045 1093
f 1044 1093 1092
f 1045 1046 1094
f 1045 1094 1093
f 1046 1047 1095
f 1046 1095 1094
f 1047 1048 1096
f 1047 1096 1095
f 1048 1049 1097
f 1048 1097 1096
f 1049 1050 1098
f 1049 1098 1097
f 1050 1051 1099
f 1050 1099 1098
f 1051 1052 1100
f 1051 1100 1099
f 1052 1053 1101
f 1052 1101 1100
f 1053 1054 1102
f 1053 1102 1101
f 1054 1055 1103
f 1054 1103 1102
f 1055 1056 1104
f 1055 1104 1103
f 1056 1009 1057
f 1056 1057 1104
f 1057 1058 1106
f 1057 1106 1105
f 1058 1059 1107
f 1058 1107 1106
f 1059 1060 1108
f 1059 1108 1107
f 1060 1061 1109
f 1060 1109 1108
f 1061 1062 1110
f 1061 1110 1109
f 1062 1063 1111
f 1062 1111 1110
f 1063 1064 1112
f 1063 1112 1111
f 1064 1065 1113
f 1064 1113 1112
f 1065 1066 1114
f 1065 1114 1113
f 1066 1067 1115
f 1066 1115 1114
f 1067 1068 1116
f 1067 1116 1115
f 1068 1069 1117
f 1068 1117 1116
f 1069 1070 1118
f 1069 1118 1117
f 1070 1071 1119
f 1070 1119 1118
f 1071 1072 1120
f 1071 1120 1119
f 1072 1073 1121
f 1072 1121 1120
f 1073 1074 1122
f 1073 1122 1121
f 1074 1075 1123
f 1074 1123 1122
f 1075 1076 1124
f 1075 1124 1123
f 1076 1077 1125
f 1076 1125 1124
f 1077 1078 1126
f 1077 1126 1125
f 1078 1079 1127
f 1078 1127 1126
f 1079 1080 1128
f 1079 1128 1127
f 1080 1081 1129
f 1080 1129 1128
f 1081 1082 1130
f 1081 1130 1129
f 1082 1083 1131
f 1082 1131 1130
f 1083 1084 1132
f 1083 1132 1131
f 1084 1085 1133
f 1084 1133 1132
f 1085 1086 1134
f 1085 1134 1133
f 1086 1087 1135
f 1086 1135 1134
f 1087 1088 1136
f 1087 1136 1135
f 1088 1089 1137
f 1088 1137 1136
f 1089 1090 1138
f 1089 1138 1137
f 1090 1091 1139
f 1090 1139 1138
f 1091 1092 1140
f 1091 1140 1139
f 1092 1093 1141
f 1092 1141 1140
f 1093 1094 1142
f 1093 1142 1141
f 1094 1095 1143
f 1094 1143 1142
f 1095 1096 1144
f 1095 1144 1143
f 1096 1097 1145
f 1096 1145 1144
f 1097 1098 1146
f 1097 1146 1145
f 1098 1099 1147
f 1098 1147 1146
f 1099 1100 1148
f 1099 1148 1147
f 1100 1101 1149
f 1100 1149 1148
f 1101 1102 1150
f 1101 1150 1149
f 1102 1103 1151
f 1102 1151 1150
f 1103 1104 1152
f 1103 1152 1151
f 1104 1057 1105
f 1104 1105 1152
f 1153 1154 1202
f 1153 1202 1201
f 1154 1155 1203
f 1154 1203 1202
f 1155 1156 1204
f 1155 1204 1203
f 1156 1157 1205
f 1156 1205 1204
f 1157 1158 1206
f 1157 1206 1205
f 1158 1159 1207
f 1158 1207 1206
f 1159 1160 1208
f 1159 1208 1207
f 1160 1161 1209
f 1160 1209 1208
f 1161 1162 1210
f 1161 1210 1209
f 1162 1163 1211
f 1162 1211 1210
f 1163 1164 1212
f 1163 1212 1211
f 1164 1165 1213
f 1164 1213 1212
f 1165 1166 1214
f 1165 1214 1213
f 1166 1167 1215
f 1166 1215 1214
f 1167 1168 1216
f 1167 1216 1215
f 1168 1169 1217
f 1168 1217 1216
f 1169 1170 1218
f 1169 1218 1217
f 1170 1171 1219
f 1170 1219 1218
f 1171 1172 1220
f 1171 1220 1219
f 1172 1173 1221
f 1172 1221 1220
f 1173 1174 1222
f 1173 1222 1221
f 1174 1175 1223
f 1174 1223 1222
f 1175 1176 1224
f 1175 1224 1223
f 1176 1177 1225
f 1176 1225 1224
f 1177 1178 1226
f 1177 1226 1225
f 1178 1179 1227
f 1178 1227 1226
f 1179 1180 1228
f 1179 1228 1227
f 1180 1181 1229
f 1180 1229 1228
f 1181 1182 1230
f 1181 1230 1229
f 1182 1183 1231
f 1182 1231 1230
f 1183 1184 1232
f 1183 1232 1231
f 1184 1185 1233
f 1184 1233 1232
f 1185 1186 1234
f 1185 1234 1233
f 1186 1187 1235
f 1186 1235 1234
f 1187 1188 1236
f 1187 1236 1235
f 1188 1189 1237
f 1188 1237 1236
f 1189 1190 1238
f 1189 1238 1237
f 1190 1191 1239
f 1190 1239 1238
f 1191 1192 1240
f 1191 1240 1239
f 1192 1193 1241
f 1192 1241 1240
f 1193 1194 1242
f 1193 1242 1241
f 1194 1195 1243
f 1194 1243 1242
f 1195 1196 1244
f 1195 1244 1243
f 1196 1197 1245
f 1196 1245 1244
f 1197 1198 1246
f 1197 1246 1245
f 1198 1199 1247
f 1198 1247 1246
f 1199 1200 1248
f 1199 1248 1247
f 1200 1153 1201
f 1200 1201 1248
f 1201 1202 1250
f 1201 1250 1249
f 1202 1203 1251
f 1202 1251 1250
f 1203 1204 1252
f 1203 1252 1251
f 1204 1205 1253
f 1204 1253 1252
f 1205 1206 1254
f 1205 1254 1253
f 1206 1207 1255
f 1206 1255 1254
f 1207 1208 1256
f 1207 1256 1255
f 1208 1209 1257
f 1208 1257 1256
f 1209 1210 1258
f 1209 1258 1257
f 1210 1211 1259
f 1210 1259 1258
f 1211 1212 1260
f 1211 1260 1259
f 1212 1213 1261
f 1212 1261 1260
f 1213 1214 1262
f 1213 1262 1261
f 1214 1215 1263
f 1214 1263 1262
f 1215 1216 1264
f 1215 1264 1263
f 1216 1217 1265
f 1216 1265 1264
f 1217 1218 1266
f 1217 1266 1265
f 1218 1219 1267
f 1218 1267 1266
f 1219 1220 1268
f 1219 1268 1267
f 1220 1221 1269
f 1220 1269 1268
f 1221 1222 1270
f 1221 1270 1269
f 1222 1223 1271
f 1222 1271 1270
f 1223 1224 1272
f 1223 1272 1271
f 1224 1225 1273
f 1224 1273 1272
f 1225 1226 1274
f 1225 1274 1273
f 1226 1227 1275
f 1226 1275 1274
f 1227 1228 1276
f 1227 1276 1275
f 1228 1229 1277
f 1228 1277 1276
f 1229 1230 1278
f 1229 1278 1277
f 1230 1231 1279
f 1230 1279 1278
f 1231 1232 1280
f 1231 1280 1279
f 1232 1233 1281
f 1232 1281 1280
f 1233 1234 1282
f 1233 1282 1281
f 1234 1235 1283
f 1234 1283 1282
f 1235 1236 1284
f 1235 1284 1283
f 1236 1237 1285
f 1236 1285 1284
f 1237 1238 1286
f 1237 1286 1285
f 1238 1239 1287
f 1238 1287 1286
f 1239 1240 1288
f 1239 1288 1287
f 1240 1241 1289
f 1240 1289 1288
f 1241 1242 1290
f 1241 1290 1289
f 1242 1243 1291
f 1242 1291 1290
f 1243 1244 1292
f 1243 1292 1291
f 1244 1245 1293
f 1244 1293 1292
f 1245 1246 1294
f 1245 1294 1293
f 1246 1247 1295
f 1246 1295 1294
f 1247 1248 1296
f 1247 1296 1295
f 1248 1201 1249
f 1248 1249 1296
f 1249 1250 1298
f 1249 1298 1297
f 1250 1251 1299
f 1250 1299 1298
f 1251 1252 1300
f 1251 1300 1299
f 1252 1253 1301
f 1252 1301 1300
f 1253 1254 1302
f 1253 1302 1301
f 1254 1255 1303
f 1254 1303 1302
f 1255 1256 1304
f 1255 1304 1303
f 1256 1257 1305
f 1256 1305 1304
f 1257 1258 1306
f 1257 1306 1305
f 1258 1259 1307
f 1258 1307 1306
f 1259 1260 1308
f 1259 1308 1307
f 1260 1261 1309
f 1260 1309 1308
f 1261 1262 1310
f 1261 1310 1309
f 1262 1263 1311
f 1262 1311 1310
f 1263 1264 1312
f 1263 1312 1311
f 1264 1265 1313
f 1264 1313 1312
f 1265 1266 1314
f 1265 1314 1313
f 1266 1267 1315
f 1266 1315 1314
f 1267 1268 1316
f 1267 1316 1315
f 1268 1269 1317
f 1268 1317 1316
f 1269 1270 1318
f 1269 1318 1317
f 1270 1271 1319
f 1270 1319 1318
f 1271 1272 1320
f 1271 1320 1319
f 1272 1273 1321
f 1272 1321 1320
f 1273 1274 1322
f 1273 1322 1321
f 1274 1275 1323
f 1274 1323 1322
f 1275 1276 1324
f 1275 1324 1323
f 1276 1277 1325
f 1276 1325 1324
f 1277 1278 1326
f 1277 1326 1325
f 1278 1279 1327
f 1278 1327 1326
f 1279 1280 1328
f 1279 1328 1327
f 1280 1281 1329
f 1280 1329 1328
f 1281 1282 1330
f 1281 1330 1329
f 1282 1283 1331
f 1282 1331 1330
f 1283 1284 1332
f 1283 1332 1331
f 1284 1285 1333
f 1284 1333 1332
f 1285 1286 1334
f 1285 1334 1333
f 1286 1287 1335
f 1286 1335 1334
f 1287 1288 1336
f 1287 1336 1335
f 1288 1289 1337
f 1288 1337 1336
f 1289 1290 1338
f 1289 1338 1337
f 1290 1291 1339
f 1290 1339 1338
f 1291 1292 1340
f 1291 1340 1339
f 1292 1293 1341
f 1292 1341 1340
f 1293 1294 1342
f 1293 1342 1341
f 1294 1295 1343
f 1294 1343 1342
f 1295 1296 1344
f 1295 1344 1343
f 1296 1249 1297
f 1296 1297 1344
f 1297 1298 1346
f 1297 1346 1345
f 1298 1299 1347
f 1298 1347 1346
f 1299 1300 1348
f 1299 1348 1347
f 1300 1301 1349
f 1300 1349 1348
f 1301 1302 1350
f 1301 1350 1349
f 1302 1303 1351
f 1302 1351 1350
f 1303 1304 1352
f 1303 1352 1351
f 1304 1305 1353
f 1304 1353 1352
f 1305 1306 1354
f 1305 1354 1353
f 1306 1307 1355
f 1306 1355 1354
f 1307 1308 1356
f 1307 1356 1355
f 1308 1309 1357
f 1308 1357 1356
f 1309 1310 1358
f 1309 1358 1357
f 1310 1311 1359
f 1310 1359 1358
f 1311 1312 1360
f 1311 1360 1359
f 1312 1313 1361
f 1312 1361 1360
f 1313 1314 1362
f 1313 1362 1361
f 1314 1315 1363
f 1314 1363 1362
f 1315 1316 1364
f 1315 1364 1363
f 1316 1317 1365
f 1316 1365 1364
f 1317 1318 1366
f 1317 1366 1365
f 1318 1319 1367
f 1318 1367 1366
f 1319 1320 1368
f 1319 1368 1367
f 1320 1321 1369
f 1320 1369 1368
f 1321 1322 1370
f 1321 1370 1369
f 1322 1323 1371
f 1322 1371 1370
f 1323 1324 1372
f 1323 1372 1371
f 1324 1325 1373
f 1324 1373 1372
f 1325 1326 1374
f 1325 1374 1373
f 1326 1327 1375
f 1326 1375 1374
f 1327 1328 1376
f 1327 1376 1375
f 1328 1329 1377
f 1328 1377 1376
f 1329 1330 1378
f 1329 1378 1377
f 1330 1331 1379
f 1330 1379 1378
f 1331 1332 1380
f 1331 1380 1379
f 1332 1333 1381
f 1332 1381 1380
f 1333 1334 1382
f 1333 1382 1381
f 1334 1335 1383
f 1334 1383 1382
f 1335 1336 1384
f 1335 1384 1383
f 1336 1337 1385
f 1336 1385 1384
f 1337 1338 1386
f 1337 1386 1385
f 1338 1339 1387
f 1338 1387 1386
f 1339 1340 1388
f 1339 1388 1387
f 1340 1341 1389
f 1340 1389 1388
f 1341 1342 1390
f 1341 1390 1389
f 1342 1343 1391
f 1342 1391 1390
f 1343 1344 1392
f 1343 1392 1391
f 1344 1297 1345
f 1344 1345 1392
f 1345 1346 1394
f 1345 1394 1393
f 1346 1347 1395
f 1346 1395 1394
f 1347 1348 1396
f 1347 1396 1395
f 1348 1349 1397
f 1348 1397 1396
f 1349 1350 1398
f 1349 1398 1397
f 1350 1351 1399
f 1350 1399 1398
f 1351 1352 1400
f 1351 1400 1399
f 1352 1353 1401
f 1352 1401 1400
f 1353 1354 1402
f 1353 1402 1401
f 1354 1355 1403
f 1354 1403 1402
f 1355 1356 1404
f 1355 1404 1403
f 1356 1357 1405
f 1356 1405 1404
f 1357 1358 1406
f 1357 1406 1405
f 1358 1359 1407
f 1358 1407 1406
f 1359 1360 1408
f 1359 1408 1407
f 1360 1361 1409
f 1360 1409 1408
f 1361 1362 1410
f 1361 1410 1409
f 1362 1363 1411
f 1362 1411 1410
f 1363 1364 1412
f 1363 1412 1411
f 1364 1365 1413
f 1364 1413 1412
f 1365 1366 1414
f 1365 1414 1413
f 1366 1367 1415
f 1366 1415 1414
f 1367 1368 1416
f 1367 1416 1415
f 1368 1369 1417
f 1368 1417 1416
f 1369 1370 1418
f 1369 1418 1417
f 1370 1371 1419
f 1370 1419 1418
f 1371 1372 1420
f 1371 1420 1419
f 1372 1373 1421
f 1372 1421 1420
f 1373 1374 1422
f 1373 1422 1421
f 1374 1375 1423
f 1374 1423 1422
f 1375 1376 1424
f 1375 1424 1423
f 1376 1377 1425
f 1376 1425 1424
f 1377 1378 1426
f 1377 1426 1425
f 1378 1379 1427
f 1378 1427 1426
f 1379 1380 1428
f 1379 1428 1427
f 1380 1381 1429
f 1380 1429 1428
f 1381 1382 1430
f 1381 1430 1429
f 1382 1383 1431
f 1382 1431 1430
f 1383 1384 1432
f 1383 1432 1431
f 1384 1385 1433
f 1384 1433 1432
f 1385 1386 1434
f 1385 1434 1433
f 1386 1387 1435
f 1386 1435 1434
f 1387 1388 1436
f 1387 1436 1435
f 1388 1389 1437
f 1388 1437 1436
f 1389 1390 1438
f 1389 1438 1437
f 1390 1391 1439
f 1390 1439 1438
f 1391 1392 1440
f 1391 1440 1439
f 1392 1345 1393
f 1392 1393 1440
f 1393 1394 1442
f 1393 1442 1441
f 1394 1395 1443
f 1394 1443 1442
f 1395 1396 1444
f 1395 1444 1443
f 1396 1397 1445
f 1396 1445 1444
f 1397 1398 1446
f 1397 1446 1445
f 1398 1399 1447
f 1398 1447 1446
f 1399 1400 1448
f 1399 1448 1447
f 1400 1401 1449
f 1400 1449 1448
f 1401 1402 1450
f 1401 1450 1449
f 1402 1403 1451
f 1402 1451 1450
f 1403 1404 1452
f 1403 1452 1451
f 1404 1405 1453
f 1404 1453 1452
f 1405 1406 1454
f 1405 1454 1453
f 1406 1407 1455
f 1406 1455 1454
f 1407 1408 1456
f 1407 1456 1455
f 1408 1409 1457
f 1408 1457 1456
f 1409 1410 1458
f 1409 1458 1457
f 1410 1411 1459
f 1410 1459 1458
f 1411 1412 1460
f 1411 1460 1459
f 1412 1413 1461
f 1412 1461 1460
f 1413 1414 1462
f 1413 1462 1461
f 1414 1415 1463
f 1414 1463 1462
f 1415 1416 1464
f 1415 1464 1463
f 1416 1417 1465
f 1416 1465 1464
f 1417 1418 1466
f 1417 1466 1465
f 1418 1419 1467
f 1418 1467 1466
f 1419 1420 1468
f 1419 1468 1467
f 1420 1421 1469
f 1420 1469 1468
f 1421 1422 1470
f 1421 1470 1469
f 1422 1423 1471
f 1422 1471 1470
f 1423 1424 1472
f 1423 1472 1471
f 1424 1425 1473
f 1424 1473 1472
f 1425 1426 1474
f 1425 1474 1473
f 1426 1427 1475
f 1426 1475 1474
f 1427 1428 1476
f 1427 1476 1475
f 1428 1429 1477
f 1428 1477 1476
f 1429 1430 1478
f 1429 1478 1477
f 1430 1431 1479
f 1430 1479 1478
f 1431 1432 1480
f 1431 1480 1479
f 1432 1433 1481
f 1432 1481 1480
f 1433 1434 1482
f 1433 1482 1481
f 1434 1435 1483
f 1434 1483 1482
f 1435 1436 1484
f 1435 1484 1483
f 1436 1437 1485
f 1436 1485 1484
f 1437 1438 1486
f 1437 1486 1485
f 1438 1439 1487
f 1438 1487 1486
f 1439 1440 1488
f 1439 1488 1487
f 1440 1393 1441
f 1440 1441 1488
f 1489 1490 1538
f 1489 1538 1537
f 1490 1491 1539
f 1490 1539 1538
f 1491 1492 1540
f 1491 1540 1539
f 1492 1493 1541
f 1492 1541 1540
f 1493 1494 1542
f 1493 1542 1541
f 1494 1495 1543
f 1494 1543 1542
f 1495 1496 1544
f 1495 1544 1543
f 1496 1497 1545
f 1496 1545 1544
f 1497 1498 1546
f 1497 1546 1545
f 1498 1499 1547
f 1498 1547 1546
f 1499 1500 1548
f 1499 1548 1547
f 1500 1501 1549
f 1500 1549 1548
f 1501 1502 1550
f 1501 1550 1549
f 1502 1503 1551
f 1502 1551 1550
f 1503 1504 1552
f 1503 1552 1551
f 1504 1505 1553
f 1504 1553 1552
f 1505 1506 1554
f 1505 1554 1553
f 1506 1507 1555
f 1506 1555 1554
f 1507 1508 1556
f 1507 1556 1555
f 1508 1509 1557
f 1508 1557 1556
f 1509 1510 1558
f 1509 1558 1557
f 1510 1511 1559
f 1510 1559 1558
f 1511 1512 1560
f 1511 1560 1559
f 1512 1513 1561
f 1512 1561 1560
f 1513 1514 1562
f 1513 1562 1561
f 1514 1515 1563
f 1514 1563 1562
f 1515 1516 1564
f 1515 1564 1563
f 1516 1517 1565
f 1516 1565 1564
f 1517 1518 1566
f 1517 1566 1565
f 1518 1519 1567
f 1518 1567 1566
f 1519 1520 1568
f 1519 1568 1567
f 1520 1521 1569
f 1520 1569 1568
f 1521 1522 1570
f 1521 1570 1569
f 1522 1523 1571
f 1522 1571 1570
f 1523 1524 1572
f 1523 1572 1571
f 1524 1525 1573
f 1524 1573 1572
f 1525 1526 1574
f 1525 1574 1573
f 1526 1527 1575
f 1526 1575 1574
f 1527 1528 1576
f 1527 1576 1575
f 1528 1529 1577
f 1528 1577 1576
f 1529 1530 1578
f 1529 1578 1577
f 1530 1531 1579
f 1530 1579 1578
f 1531 1532 1580
f 1531 1580 1579
f 1532 1533 1581
f 1532 1581 1580
f 1533 1534 1582
f 1533 1582 1581
f 1534 1535 1583
f 1534 1583 1582
f 1535 1536 1584
f 1535 1584 1583
f 1536 1489 1537
f 1536 1537 1584
f 1537 1538 1586
f 1537 1586 1585
f 1538 1539 1587
f 1538 1587 1586
f 1539 1540 1588
f 1539 1588 1587
f 1540 1541 1589
f 1540 1589 1588
f 1541 1542 1590
f 1541 1590 1589
f 1542 1543 1591
f 1542 1591 1590
f 1543 1544 1592
f 1543 1592 1591
f 1544 1545 1593
f 1544 1593 1592
f 1545 1546 1594
f 1545 1594 1593
f 1546 1547 1595
f 1546 1595 1594
f 1547 1548 1596
f 1547 1596 1595
f 1548 1549 1597
f 1548 1597 1596
f 1549 1550 1598
f 1549 1598 1597
f 1550 1551 1599
f 1550 1599 1598
f 1551 1552 1600
f 1551 1600 1599
f 1552 1553 1601
f 1552 1601 1600
f 1553 1554 1602
f 1553 1602 1601
f 1554 1555 1603
f 1554 1603 1602
f 1555 1556 1604
f 1555 1604 1603
f 1556 1557 1605
f 1556 1605 1604
f 1557 1558 1606
f 1557 1606 1605
f 1558 1559 1607
f 1558 1607 1606
f 1559 1560 1608
f 1559 1608 1607
f 1560 1561 1609
f 1560 1609 1608
f 1561 1562 1610
f 1561 1610 1609
f 1562 1563 1611
f 1562 1611 1610
f 1563 1564 1612
f 1563 1612 1611
f 1564 1565 1613
f 1564 1613 1612
f 1565 1566 1614
f 1565 1614 1613
f 1566 1567 1615
f 1566 1615 1614
f 1567 1568 1616
f 1567 1616 1615
f 1568 1569 1617
f 1568 1617 1616
f 1569 1570 1618
f 1569 1618 1617
f 1570 1571 1619
f 1570 1619 1618
f 1571 1572 1620
f 1571 1620 1619
f 1572 1573 1621
f 1572 1621 1620
f 1573 1574 1622
f 1573 1622 1621
f 1574 1575 1623
f 1574 1623 1622
f 1575 1576 1624
f 1575 1624 1623
f 1576 1577 1625
f 1576 1625 1624
f 1577 1578 1626
f 1577 1626 1625
f 1578 1579 1627
f 1578 1627 1626
f 1579 1580 1628
f 1579 1628 1627
f 1580 1581 1629
f 1580 1629 1628
f 1581 1582 1630
f 1581 1630 1629
f 1582 1583 1631
f 1582 1631 1630
f 1583 1584 1632
f 1583 1632 1631
f 1584 1537 1585
f 1584 1585 1632
f 1585 1586 1634
f 1585 1634 1633
f 1586 1587 1635
f 1586 1635 1634
f 1587 1588 1636
f 1587 1636 1635
f 1588 1589 1637
f 1588 1637 1636
f 1589 1590 1638
f 1589 1638 1637
f 1590 1591 1639
f 1590 1639 1638
f 1591 1592 1640
f 1591 1640 1639
f 1592 1593 1641
f 1592 1641 1640
f 1593 1594 1642
f 1593 1642 1641
f 1594 1595 1643
f 1594 1643 1642
f 1595 1596 1644
f 1595 1644 1643
f 1596 1597 1645
f 1596 1645 1644
f 1597 1598 1646
f 1597 1646 1645
f 1598 1599 1647
f 1598 1647 1646
f 1599 1600 1648
f 1599 1648 1647
f 1600 1601 1649
f 1600 1649 1648
f 1601 1602 1650
f 1601 1650 1649
f 1602 1603 1651
f 1602 1651 1650
f 1603 1604 1652
f 1603 1652 1651
f 1604 1605 1653
f 1604 1653 1652
f 1605 1606 1654
f 1605 1654 1653
f 1606 1607 1655
f 1606 1655 1654
f 1607 1608 1656
f 1607 1656 1655
f 1608 1609 1657
f 1608 1657 1656
f 1609 1610 1658
f 1609 1658 1657
f 1610 1611 1659
f 1610 1659 1658
f 1611 1612 1660
f 1611 1660 1659
f 1612 1613 1661
f 1612 1661 1660
f 1613 1614 1662
f 1613 1662 1661
f 1614 1615 1663
f 1614 1663 1662
f 1615 1616 1664
f 1615 1664 1663
f 1616 1617 1665
f 1616 1665 1664
f 1617 1618 1666
f 1617 1666 1665
f 1618 1619 1667
f 1618 1667 1666
f 1619 1620 1668
f 1619 1668 1667
f 1620 1621 1669
f 1620 1669 1668
f 1621 1622 1670
f 1621 1670 1669
f 1622 1623 1671
f 1622 1671 1670
f 1623 1624 1672
f 1623 1672 1671
f 1624 1625 1673
f 1624 1673 1672
f 1625 1626 1674
f 1625 1674 1673
f 1626 1627 1675
f 1626 1675 1674
f 1627 1628 1676
f 1627 1676 1675
f 1628 1629 1677
f 1628 1677 1676
f 1629 1630 1678
f 1629 1678 1677
f 1630 1631 1679
f 1630 1679 1678
f 1631 1632 1680
f 1631 1680 1679
f 1632 1585 1633
f 1632 1633 1680
f 1633 1634 1682
f 1633 1682 1681
f 1634 1635 1683
f 1634 1683 1682
f 1635 1636 1684
f 1635 1684 1683
f 1636 1637 1685
f 1636 1685 1684
f 1637 1638 1686
f 1637 1686 1685
f 1638 1639 1687
f 1638 1687 1686
f 1639 1640 1688
f 1639 1688 1687
f 1640 1641 1689
f 1640 1689 1688
f 1641 1642 1690
f 1641 1690 1689
f 1642 1643 1691
f 1642 1691 1690
f 1643 1644 1692
f 1643 1692 1691
f 1644 1645 1693
f 1644 1693 1692
f 1645 1646 1694
f 1645 1694 1693
f 1646 1647 1695
f 1646 1695 1694
f 1647 1648 1696
f 1647 1696 1695
f 1648 1649 1697
f 1648 1697 1696
f 1649 1650 1698
f 1649 1698 1697
f 1650 1651 1699
f 1650 1699 1698
f 1651 1652 1700
f 1651 1700 1699
f 1652 1653 1701
f 1652 1701 1700
f 1653 1654 1702
f 1653 1702 1701
f 1654 1655 1703
f 1654 1703 1702
f 1655 1656 1704
f 1655 1704 1703
f 1656 1657 1705
f 1656 1705 1704
f 1657 1658 1706
f 1657 1706 1705
f 1658 1659 1707
f 1658 1707 1706
f 1659 1660 1708
f 1659 1708 1707
f 1660 1661 1709
f 1660 1709 1708
f 1661 1662 1710
f 1661 1710 1709
f 1662 1663 1711
f 1662 1711 1710
f 1663 1664 1712
f 1663 1712 1711
f 1664 1665 1713
f 1664 1713 1712
f 1665 1666 1714
f 1665 1714 1713
f 1666 1667 1715
f 1666 1715 1714
f 1667 1668 1716
f 1667 1716 1715
f 1668 1669 1717
f 1668 1717 1716
f 1669 1670 1718
f 1669 1718 1717
f 1670 1671 1719
f 1670 1719 1718
f 1671 1672 1720
f 1671 1720 1719
f 1672 1673 1721
f 1672 1721 1720
f 1673 1674 1722
f 1673 1722 1721
f 1674 1675 1723
f 1674 1723 1722
f 1675 1676 1724
f 1675 1724 1723
f 1676 1677 1725
f 1676 1725 1724
f 1677 1678 1726
f 1677 1726 1725
f 1678 1679 1727
f 1678 1727 1726
f 1679 1680 1728
f 1679 1728 1727
f 1680 1633 1681
f 1680 1681 1728
f 1681 1682 1730
f 1681 1730 1729
f 1682 1683 1731
f 1682 1731 1730
f 1683 1684 1732
f 1683 1732 1731
f 1684 1685 1733
f 1684 1733 1732
f 1685 1686 1734
f 1685 1734 1733
f 1686 1687 1735
f 1686 1735 1734
f 1687 1688 1736
f 1687 1736 1735
f 1688 1689 1737
f 1688 1737 1736
f 1689 1690 1738
f 1689 1738 1737
f 1690 1691 1739
f 1690 1739 1738
f 1691 1692 1740
f 1691 1740 1739
f 1692 1693 1741
f 1692 1741 1740
f 1693 1694 1742
f 1693 1742 1741
f 1694 1695 1743
f 1694 1743 1742
f 1695 1696 1744
f 1695 1744 1743
f 1696 1697 1745
f 1696 1745 1744
f 1697 1698 1746
f 1697 1746 1745
f 1698 1699 1747
f 1698 1747 1746
f 1699 1700 1748
f 1699 1748 1747
f 1700 1701 1749
f 1700 1749 1748
f 1701 1702 1750
f 1701 1750 1749
f 1702 1703 1751
f 1702 1751 1750
f 1703 1704 1752
f 1703 1752 1751
f 1704 1705 1753
f 1704 1753 1752
f 1705 1706 1754
f 1705 1754 1753
f 1706 1707 1755
f 1706 1755 1754
f 1707 1708 1756
f 1707 1756 1755
f 1708 1709 1757
f 1708 1757 1756
f 1709 1710 1758
f 1709 1758 1757
f 1710 1711 1759
f 1710 1759 1758
f 1711 1712 1760
f 1711 1760 1759
f 1712 1713 1761
f 1712 1761 1760
f 1713 1714 1762
f 1713 1762 1761
f 1714 1715 1763
f 1714 1763 1762
f 1715 1716 1764
f 1715 1764 1763
f 1716 1717 1765
f 1716 1765 1764
f 1717 1718 1766
f 1717 1766 1765
f 1718 1719 1767
f 1718 1767 1766
f 1719 1720 1768
f 1719 1768 1767
f 1720 1721 1769
f 1720 1769 1768
f 1721 1722 1770
f 1721 1770 1769
f 1722 1723 1771
f 1722 1771 1770
f 1723 1724 1772
f 1723 1772 1771
f 1724 1725 1773
f 1724 1773 1772
f 1725 1726 1774
f 1725 1774 1773
f 1726 1727 1775
f 1726 1775 1774
f 1727 1728 1776
f 1727 1776 1775
f 1728 1681 1729
f 1728 1729 1776
f 1729 1730 1778
f 1729 1778 1777
f 1730 1731 1779
f 1730 1779 1778
f 1731 1732 1780
f 1731 1780 1779
f 1732 1733 1781
f 1732 1781 1780
f 1733 1734 1782
f 1733 1782 1781
f 1734 1735 1783
f 1734 1783 1782
f 1735 1736 1784
f 1735 1784 1783
f 1736 1737 1785
f 1736 1785 1784
f 1737 1738 1786
f 1737 1786 1785
f 1738 1739 1787
f 1738 1787 1786
f 1739 1740 1788
f 1739 1788 1787
f 1740 1741 1789
f 1740 1789 1788
f 1741 1742 1790
f 1741 1790 1789
f 1742 1743 1791
f 1742 1791 1790
f 1743 1744 1792
f 1743 1792 1791
f 1744 1745 1793
f 1744 1793 1792
f 1745 1746 1794
f 1745 1794 1793
f 1746 1747 1795
f 1746 1795 1794
f 1747 1748 1796
f 1747 1796 1795
f 1748 1749 1797
f 1748 1797 1796
f 1749 1750 1798
f 1749 1798 1797
f 1750 1751 1799
f 1750 1799 1798
f 1751 1752 1800
f 1751 1800 1799
f 1752 1753 1801
f 1752 1801 1800
f 1753 1754 1802
f 1753 1802 1801
f 1754 1755 1803
f 1754 1803 1802
f 1755 1756 1804
f 1755 1804 1803
f 1756 1757 1805
f 1756 1805 1804
f 1757 1758 1806
f 1757 1806 1805
f 1758 1759 1807
f 1758 1807 1806
f 1759 1760 1808
f 1759 1808 1807
f 1760 1761 1809
f 1760 1809 1808
f 1761 1762 1810
f 1761 1810 1809
f 1762 1763 1811
f 1762 1811 1810
f 1763 1764 1812
f 1763 1812 1811
f 1764 1765 1813
f 1764 1813 1812
f 1765 1766 1814
f 1765 1814 1813
f 1766 1767 1815
f 1766 1815 1814
f 1767 1768 1816
f 1767 1816 1815
f 1768 1769 1817
f 1768 1817 1816
f 1769 1770 1818
f 1769 1818 1817
f 1770 1771 1819
f 1770 1819 1818
f 1771 1772 1820
f 1771 1820 1819
f 1772 1773 1821
f 1772 1821 1820
f 1773 1774 1822
f 1773 1822 1821
f 1774 1775 1823
f 1774 1823 1822
f 1775 1776 1824
f 1775 1824 1823
f 1776 1729 1777
f 1776 1777 1824
f 1825 1826 1874
f 1825 1874 1873
f 1826 1827 1875
f 1826 1875 1874
f 1827 1828 1876
f 1827 1876 1875
f 1828 1829 1877
f 1828 1877 1876
f 1829 1830 1878
f 1829 1878 1877
f 1830 1831 1879
f 1830 1879 1878
f 1831 1832 1880
f 1831 1880 1879
f 1832 1833 1881
f 1832 1881 1880
f 1833 1834 1882
f 1833 1882 1881
f 1834 1835 1883
f 1834 1883 1882
f 1835 1836 1884
f 1835 1884 1883
f 1836 1837 1885
f 1836 1885 1884
f 1837 1838 1886
f 1837 1886 1885
f 1838 1839 1887
f 1838 1887 1886
f 1839 1840 1888
f 1839 1888 1887
f 1840 1841 1889
f 1840 1889 1888
f 1841 1842 1890
f 1841 1890 1889
f 1842 1843 1891
f 1842 1891 1890
f 1843 1844 1892
f 1843 1892 1891
f 1844 1845 1893
f 1844 1893 1892
f 1845 1846 1894
f 1845 1894 1893
f 1846 1847 1895
f 1846 1895 1894
f 1847 1848 1896
f 1847 1896 1895
f 1848 1849 1897
f 1848 1897 1896
f 1849 1850 1898
f 1849 1898 1897
f 1850 1851 1899
f 1850 1899 1898
f 1851 1852 1900
f 1851 1900 1899
f 1852 1853 1901
f 1852 1901 1900
f 1853 1854 1902
f 1853 1902 1901
f 1854 1855 1903
f 1854 1903 1902
f 1855 1856 1904
f 1855 1904 1903
f 1856 1857 1905
f 1856 1905 1904
f 1857 1858 1906
f 1857 1906 1905
f 1858 1859 1907
f 1858 1907 1906
f 1859 1860 1908
f 1859 1908 1907
f 1860 1861 1909
f 1860 1909 1908
f 1861 1862 1910
f 1861 1910 1909
f 1862 1863 1911
f 1862 1911 1910
f 1863 1864 1912
f 1863 1912 1911
f 1864 1865 1913
f 1864 1913 1912
f 1865 1866 1914
f 1865 1914 1913
f 1866 1867 1915
f 1866 1915 1914
f 1867 1868 1916
f 1867 1916 1915
f 1868 1869 1917
f 1868 1917 1916
f 1869 1870 1918
f 1869 1918 1917
f 1870 1871 1919
f 1870 1919 1918
f 1871 1872 1920
f 1871 1920 1919
f 1872 1825 1873
f 1872 1873 1920
f 1873 1874 1922
f 1873 1922 1921
f 1874 1875 1923
f 1874 1923 1922
f 1875 1876 1924
f 1875 1924 1923
f 1876 1877 1925
f 1876 1925 1924
f 1877 1878 1926
f 1877 1926 1925
f 1878 1879 1927
f 1878 1927 1926
f 1879 1880 1928
f 1879 1928 1927
f 1880 1881 1929
f 1880 1929 1928
f 1881 1882 1930
f 1881 1930 1929
f 1882 1883 1931
f 1882 1931 1930
f 1883 1884 1932
f 1883 1932 1931
f 1884 1885 1933
f 1884 1933 1932
f 1885 1886 1934
f 1885 1934 1933
f 1886 1887 1935
f 1886 1935 1934
f 1887 1888 1936
f 1887 1936 1935
f 1888 1889 1937
f 1888 1937 1936
f 1889 1890 1938
f 1889 1938 1937
f 1890 1891 1939
f 1890 1939 1938
f 1891 1892 1940
f 1891 1940 1939
f 1892 1893 1941
f 1892 1941 1940
f 1893 1894 1942
f 1893 1942 1941
f 1894 1895 1943
f 1894 1943 1942
f 1895 1896 1944
f 1895 1944 1943
f 1896 1897 1945
f 1896 1945 1944
f 1897 1898 1946
f 1897 1946 1945
f 1898 1899 1947
f 1898 1947 1946
f 1899 1900 1948
f 1899 1948 1947
f 1900 1901 1949
f 1900 1949 1948
f 1901 1902 1950
f 1901 1950 1949
f 1902 1903 1951
f 1902 1951 1950
f 1903 1904 1952
f 1903 1952 1951
f 1904 1905 1953
f 1904 1953 1952
f 1905 1906 1954
f 1905 1954 1953
f 1906 1907 1955
f 1906 1955 1954
f 1907 1908 1956
f 1907 1956 1955
f 1908 1909 1957
f 1908 1957 1956
f 1909 1910 1958
f 1909 1958 1957
f 1910 1911 1959
f 1910 1959 1958
f 1911 1912 1960
f 1911 1960 1959
f 1912 1913 1961
f 1912 1961 1960
f 1913 1914 1962
f 1913 1962 1961
f 1914 1915 1963
f 1914 1963 1962
f 1915 1916 1964
f 1915 1964 1963
f 1916 1917 1965
f 1916 1965 1964
f 1917 1918 1966
f 1917 1966 1965
f 1918 1919 1967
f 1918 1967 1966
f 1919 1920 1968
f 1919 1968 1967
f 1920 1873 1921
f 1920 1921 1968
f 1921 1922 1970
f 1921 1970 1969
f 1922 1923 1971
f 1922 1971 1970
f 1923 1924 1972
f 1923 1972 1971
f 1924 1925 1973
f 1924 1973 1972
f 1925 1926 1974
f 1925 1974 1973
f 1926 1927 1975
f 1926 1975 1974
f 1927 1928 1976
f 1927 1976 1975
f 1928 1929 1977
f 1928 1977 1976
f 1929 1930 1978
f 1929 1978 1977
f 1930 1931 1979
f 1930 1979 1978
f 1931 1932 1980
f 1931 1980 1979
f 1932 1933 1981
f 1932 1981 1980
f 1933 1934 1982
f 1933 1982 1981
f 1934 1935 1983
f 1934 1983 1982
f 1935 1936 1984
f 1935 1984 1983
f 1936 1937 1985
f 1936 1985 1984
f 1937 1938 1986
f 1937 1986 1985
f 1938 1939 1987
f 1938 1987 1986
f 1939 1940 1988
f 1939 1988 1987
f 1940 1941 1989
f 1940 1989 1988
f 1941 1942 1990
f 1941 1990 1989
f 1942 1943 1991
f 1942 1991 1990
f 1943 1944 1992
f 1943 1992 1991
f 1944 1945 1993
f 1944 1993 1992
f 1945 1946 1994
f 1945 1994 1993
f 1946 1947 1995
f 1946 1995 1994
f 1947 1948 1996
f 1947 1996 1995
f 1948 1949 1997
f 1948 1997 1996
f 1949 1950 1998
f 1949 1998 1997
f 1950 1951 1999
f 1950 1999 1998
f 1951 1952 2000
f 1951 2000 1999
f 1952 1953 2001
f 1952 2001 2000
f 1953 1954 2002
f 1953 2002 2001
f 1954 1955 2003
f 1954 2003 2002
f 1955 1956 2004
f 1955 2004 2003
f 1956 1957 2005
f 1956 2005 2004
f 1957 1958 2006
f 1957 2006 2005
f 1958 1959 2007
f 1958 2007 2006
f 1959 1960 2008
f 1959 2008 2007
f 1960 1961 2009
f 1960 2009 2008
f 1961 1962 2010
f 1961 2010 2009
f 1962 1963 2011
f 1962 2011 2010
f 1963 1964 2012
f 1963 2012 2011
f 1964 1965 2013
f 1964 2013 2012
f 1965 1966 2014
f 1965 2014 2013
f 1966 1967 2015
f 1966 2015 2014
f 1967 1968 2016
f 1967 2016 2015
f 1968 1921 1969
f 1968 1969 2016
f 1969 1970 2018
f 1969 2018 2017
f 1970 1971 2019
f 1970 2019 2018
f 1971 1972 2020
f 1971 2020 2019
f 1972 1973 2021
f 1972 2021 2020
f 1973 1974 2022
f 1973 2022 2021
f 1974 1975 2023
f 1974 2023 2022
f 1975 1976 2024
f 1975 2024 2023
f 1976 1977 2025
f 1976 2025 2024
f 1977 1978 2026
f 1977 2026 2025
f 1978 1979 2027
f 1978 2027 2026
f 1979 1980 2028
f 1979 2028 2027
f 1980 1981 2029
f 1980 2029 2028
f 1981 1982 2030
f 1981 2030 2029
f 1982 1983 2031
f 1982 2031 2030
f 1983 1984 2032
f 1983 2032 2031
f 1984 1985 2033
f 1984 2033 2032
f 1985 1986 2034
f 1985 2034 2033
f 1986 1987 2035
f 1986 2035 2034
f 1987 1988 2036
f 1987 2036 2035
f 1988 1989 2037
f 1988 2037 2036
f 1989 1990 2038
f 1989 2038 2037
f 1990 1991 2039
f 1990 2039 2038
f 1991 1992 2040
f 1991 2040 2039
f 1992 1993 2041
f 1992 2041 2040
f 1993 1994 2042
f 1993 2042 2041
f 1994 1995 2043
f 1994 2043 2042
f 1995 1996 2044
f 1995 2044 2043
f 1996 1997 2045
f 1996 2045 2044
f 1997 1998 2046
f 1997 2046 2045
f 1998 1999 2047
f 1998 2047 2046
f 1999 2000 2048
f 1999 2048 2047
f 2000 2001 2049
f 2000 2049 2048
f 2001 2002 2050
f 2001 2050 2049
f 2002 2003 2051
f 2002 2051 2050
f 2003 2004 2052
f 2003 2052 2051
f 2004 2005 2053
f 2004 2053 2052
f 2005 2006 2054
f 2005 2054 2053
f 2006 2007 2055
f 2006 2055 2054
f 2007 2008 2056
f 2007 2056 2055
f 2008 2009 2057
f 2008 2057 2056
f 2009 2010 2058
f 2009 2058 2057
f 2010 2011 2059
f 2010 2059 2058
f 2011 2012 2060
f 2011 2060 2059
f 2012 2013 2061
f 2012 2061 2060
f 2013 2014 2062
f 2013 2062 2061
f 2014 2015 2063
f 2014 2063 2062
f 2015 2016 2064
f 2015 2064 2063
f 2016 1969 2017
f 2016 2017 2064
f 2017 2018 2066
f 2017 2066 2065
f 2018 2019 2067
f 2018 2067 2066
f 2019 2020 2068
f 2019 2068 2067
f 2020 2021 2069
f 2020 2069 2068
f 2021 2022 2070
f 2021 2070 2069
f 2022 2023 2071
f 2022 2071 2070
f 2023 2024 2072
f 2023 2072 2071
f 2024 2025 2073
f 2024 2073 2072
f 2025 2026 2074
f 2025 2074 2073
f 2026 2027 2075
f 2026 2075 2074
f 2027 2028 2076
f 2027 2076 2075
f 2028 2029 2077
f 2028 2077 2076
f 2029 2030 2078
f 2029 2078 2077
f 2030 2031 2079
f 2030 2079 2078
f 2031 2032 2080
f 2031 2080 2079
f 2032 2033 2081
f 2032 2081 2080
f 2033 2034 2082
f 2033 2082 2081
f 2034 2035 2083
f 2034 2083 2082
f 2035 2036 2084
f 2035 2084 2083
f 2036 2037 2085
f 2036 2085 2084
f 2037 2038 2086
f 2037 2086 2085
f 2038 2039 2087
f 2038 2087 2086
f 2039 2040 2088
f 2039 2088 2087
f 2040 2041 2089
f 2040 2089 2088
f 2041 2042 2090
f 2041 2090 2089
f 2042 2043 2091
f 2042 2091 2090
f 2043 2044 2092
f 2043 2092 2091
f 2044 2045 2093
f 2044 2093 2092
f 2045 2046 2094
f 2045 2094 2093
f 2046 2047 2095
f 2046 2095 2094
f 2047 2048 2096
f 2047 2096 2095
f 2048 2049 2097
f 2048 2097 2096
f 2049 2050 2098
f 2049 2098 2097
f 2050 2051 2099
f 2050 2099 2098
f 2051 2052 2100
f 2051 2100 2099
f 2052 2053 2101
f 2052 2101 2100
f 2053 2054 2102
f 2053 2102 2101
f 2054 2055 2103
f 2054 2103 2102
f 2055 2056 2104
f 2055 2104 2103
f 2056 2057 2105
f 2056 2105 2104
f 2057 2058 2106
f 2057 2106 2105
f 2058 2059 2107
f 2058 2107 2106
f 2059 2060 2108
f 2059 2108 2107
f 2060 2061 2109
f 2060 2109 2108
f 2061 2062 2110
f 2061 2110 2109
f 2062 2063 2111
f 2062 2111 2110
f 2063 2064 2112
f 2063 2112 2111
f 2064 2017 2065
f 2064 2065 2112
f 2065 2066 2114
f 2065 2114 2113
f 2066 2067 2115
f 2066 2115 2114
f 2067 2068 2116
f 2067 2116 2115
f 2068 2069 2117
f 2068 2117 2116
f 2069 2070 2118
f 2069 2118 2117
f 2070 2071 2119
f 2070 2119 2118
f 2071 2072 2120
f 2071 2120 2119
f 2072 2073 2121
f 2072 2121 2120
f 2073 2074 2122
f 2073 2122 2121
f 2074 2075 2123
f 2074 2123 2122
f 2075 2076 2124
f 2075 2124 2123
f 2076 2077 2125
f 2076 2125 2124
f 2077 2078 2126
f 2077 2126 2125
f 2078 2079 2127
f 2078 2127 2126
f 2079 2080 2128
f 2079 2128 2127
f 2080 2081 2129
f 2080 2129 2128
f 2081 2082 2130
f 2081 2130 2129
f 2082 2083 2131
f 2082 2131 2130
f 2083 2084 2132
f 2083 2132 2131
f 2084 2085 2133
f 2084 2133 2132
f 2085 2086 2134
f 2085 2134 2133
f 2086 2087 2135
f 2086 2135 2134
f 2087 2088 2136
f 2087 2136 2135
f 2088 2089 2137
f 2088 2137 2136
f 2089 2090 2138
f 2089 2138 2137
f 2090 2091 2139
f 2090 2139 2138
f 2091 2092 2140
f 2091 2140 2139
f 2092 2093 2141
f 2092 2141 2140
f 2093 2094 2142
f 2093 2142 2141
f 2094 2095 2143
f 2094 2143 2142
f 2095 2096 2144
f 2095 2144 2143
f 2096 2097 2145
f 2096 2145 2144
f 2097 2098 2146
f 2097 2146 2145
f 2098 2099 2147
f 2098 2147 2146
f 2099 2100 2148
f 2099 2148 2147
f 2100 2101 2149
f 2100 2149 2148
f 2101 2102 2150
f 2101 2150 2149
f 2102 2103 2151
f 2102 2151 2150
f 2103 2104 2152
f 2103 2152 2151
f 2104 2105 2153
f 2104 2153 2152
f 2105 2106 2154
f 2105 2154 2153
f 2106 2107 2155
f 2106 2155 2154
f 2107 2108 2156
f 2107 2156 2155
f 2108 2109 2157
f 2108 2157 2156
f 2109 2110 2158
f 2109 2158 2157
f 2110 2111 2159
f 2110 2159 2158
f 2111 2112 2160
f 2111 2160 2159
f 2112 2065 2113
f 2112 2113 2160
