# Frozen M4 display cutaway. World coordinates: Z up, metres.
v 15.8199997 23.4527832 0.0349999964
v 15.8199997 23.4608004 0.0429999977
v 15.8199997 23.4584522 0.0373431444
v 15.8199997 23.4527832 0.224999994
v 15.8199997 23.4608004 0.216999993
v 15.8199997 23.4584522 0.222656846
v 15.8660471 23.4497651 0.0349999964
v 15.8670935 23.4577137 0.0429999977
v 15.866787 23.4553856 0.0373431444
v 15.8660471 23.4497651 0.224999994
v 15.8670935 23.4577137 0.216999993
v 15.866787 23.4553856 0.222656846
v 15.9113066 23.4407624 0.0349999964
v 15.9133816 23.4485064 0.0429999977
v 15.9127739 23.4462382 0.0373431444
v 15.9113066 23.4407624 0.224999994
v 15.9133816 23.4485064 0.216999993
v 15.9127739 23.4462382 0.222656846
v 15.955004 23.4259291 0.0349999964
v 15.9580719 23.4333361 0.0429999977
v 15.9571733 23.4311666 0.0373431444
v 15.955004 23.4259291 0.224999994
v 15.9580719 23.4333361 0.216999993
v 15.9571733 23.4311666 0.222656846
v 15.996391 23.4055194 0.0349999964
v 16.0003997 23.4124624 0.0429999977
v 15.9992256 23.4104288 0.0373431444
v 15.996391 23.4055194 0.224999994
v 16.0003997 23.4124624 0.216999993
v 15.9992256 23.4104288 0.222656846
v 16.0347603 23.3798818 0.0349999964
v 16.0396408 23.3862423 0.0429999977
v 16.0382113 23.3843793 0.0373431444
v 16.0347603 23.3798818 0.224999994
v 16.0396408 23.3862423 0.216999993
v 16.0382113 23.3843793 0.222656846
v 16.0694548 23.3494555 0.0349999964
v 16.0751238 23.3551245 0.0429999977
v 16.0734634 23.3534641 0.0373431444
v 16.0694548 23.3494555 0.224999994
v 16.0751238 23.3551245 0.216999993
v 16.0734634 23.3534641 0.222656846
v 16.0998811 23.314761 0.0349999964
v 16.1062416 23.3196415 0.0429999977
v 16.1043786 23.318212 0.0373431444
v 16.0998811 23.314761 0.224999994
v 16.1062416 23.3196415 0.216999993
v 16.1043786 23.318212 0.222656846
v 16.1255187 23.2763917 0.0349999964
v 16.1324617 23.2804004 0.0429999977
v 16.1304281 23.2792263 0.0373431444
v 16.1255187 23.2763917 0.224999994
v 16.1324617 23.2804004 0.216999993
v 16.1304281 23.2792263 0.222656846
v 16.1459284 23.2350047 0.0349999964
v 16.1533354 23.2380726 0.0429999977
v 16.151166 23.237174 0.0373431444
v 16.1459284 23.2350047 0.224999994
v 16.1533354 23.2380726 0.216999993
v 16.151166 23.237174 0.222656846
v 16.1607617 23.1913073 0.0349999964
v 16.1685057 23.1933823 0.0429999977
v 16.1662375 23.1927745 0.0373431444
v 16.1607617 23.1913073 0.224999994
v 16.1685057 23.1933823 0.216999993
v 16.1662375 23.1927745 0.222656846
v 16.1697644 23.1460477 0.0349999964
v 16.177713 23.1470942 0.0429999977
v 16.1753849 23.1467877 0.0373431444
v 16.1697644 23.1460477 0.224999994
v 16.177713 23.1470942 0.216999993
v 16.1753849 23.1467877 0.222656846
v 16.1727825 23.1000004 0.0349999964
v 16.1807997 23.1000004 0.0429999977
v 16.1784515 23.1000004 0.0373431444
v 16.1727825 23.1000004 0.224999994
v 16.1807997 23.1000004 0.216999993
v 16.1784515 23.1000004 0.222656846
v 16.1697644 23.053953 0.0349999964
v 16.177713 23.0529065 0.0429999977
v 16.1753849 23.053213 0.0373431444
v 16.1697644 23.053953 0.224999994
v 16.177713 23.0529065 0.216999993
v 16.1753849 23.053213 0.222656846
v 16.1607617 23.0086934 0.0349999964
v 16.1685057 23.0066185 0.0429999977
v 16.1662375 23.0072262 0.0373431444
v 16.1607617 23.0086934 0.224999994
v 16.1685057 23.0066185 0.216999993
v 16.1662375 23.0072262 0.222656846
v 16.1459284 22.9649961 0.0349999964
v 16.1533354 22.9619282 0.0429999977
v 16.151166 22.9628268 0.0373431444
v 16.1459284 22.9649961 0.224999994
v 16.1533354 22.9619282 0.216999993
v 16.151166 22.9628268 0.222656846
v 16.1255187 22.9236091 0.0349999964
v 16.1324617 22.9196004 0.0429999977
v 16.1304281 22.9207745 0.0373431444
v 16.1255187 22.9236091 0.224999994
v 16.1324617 22.9196004 0.216999993
v 16.1304281 22.9207745 0.222656846
v 16.0998811 22.8852397 0.0349999964
v 16.1062416 22.8803593 0.0429999977
v 16.1043786 22.8817887 0.0373431444
v 16.0998811 22.8852397 0.224999994
v 16.1062416 22.8803593 0.216999993
v 16.1043786 22.8817887 0.222656846
v 16.0694548 22.8505453 0.0349999964
v 16.0751238 22.8448763 0.0429999977
v 16.0734634 22.8465367 0.0373431444
v 16.0694548 22.8505453 0.224999994
v 16.0751238 22.8448763 0.216999993
v 16.0734634 22.8465367 0.222656846
v 16.0347603 22.820119 0.0349999964
v 16.0396408 22.8137585 0.0429999977
v 16.0382113 22.8156215 0.0373431444
v 16.0347603 22.820119 0.224999994
v 16.0396408 22.8137585 0.216999993
v 16.0382113 22.8156215 0.222656846
v 15.996391 22.7944814 0.0349999964
v 16.0003997 22.7875384 0.0429999977
v 15.9992256 22.789572 0.0373431444
v 15.996391 22.7944814 0.224999994
v 16.0003997 22.7875384 0.216999993
v 15.9992256 22.789572 0.222656846
v 15.955004 22.7740716 0.0349999964
v 15.9580719 22.7666647 0.0429999977
v 15.9571733 22.7688341 0.0373431444
v 15.955004 22.7740716 0.224999994
v 15.9580719 22.7666647 0.216999993
v 15.9571733 22.7688341 0.222656846
v 15.9113066 22.7592384 0.0349999964
v 15.9133816 22.7514943 0.0429999977
v 15.9127739 22.7537625 0.0373431444
v 15.9113066 22.7592384 0.224999994
v 15.9133816 22.7514943 0.216999993
v 15.9127739 22.7537625 0.222656846
v 15.8660471 22.7502356 0.0349999964
v 15.8670935 22.7422871 0.0429999977
v 15.866787 22.7446151 0.0373431444
v 15.8660471 22.7502356 0.224999994
v 15.8670935 22.7422871 0.216999993
v 15.866787 22.7446151 0.222656846
v 15.8199997 22.7472176 0.0349999964
v 15.8199997 22.7392004 0.0429999977
v 15.8199997 22.7415486 0.0373431444
v 15.8199997 22.7472176 0.224999994
v 15.8199997 22.7392004 0.216999993
v 15.8199997 22.7415486 0.222656846
v 15.7739523 22.7502356 0.0349999964
v 15.7729058 22.7422871 0.0429999977
v 15.7732124 22.7446151 0.0373431444
v 15.7739523 22.7502356 0.224999994
v 15.7729058 22.7422871 0.216999993
v 15.7732124 22.7446151 0.222656846
v 15.7286928 22.7592384 0.0349999964
v 15.7266178 22.7514943 0.0429999977
v 15.7272255 22.7537625 0.0373431444
v 15.7286928 22.7592384 0.224999994
v 15.7266178 22.7514943 0.216999993
v 15.7272255 22.7537625 0.222656846
v 15.6849954 22.7740716 0.0349999964
v 15.6819275 22.7666647 0.0429999977
v 15.6828261 22.7688341 0.0373431444
v 15.6849954 22.7740716 0.224999994
v 15.6819275 22.7666647 0.216999993
v 15.6828261 22.7688341 0.222656846
v 15.6436084 22.7944814 0.0349999964
v 15.6395997 22.7875384 0.0429999977
v 15.6407738 22.789572 0.0373431444
v 15.6436084 22.7944814 0.224999994
v 15.6395997 22.7875384 0.216999993
v 15.6407738 22.789572 0.222656846
v 15.605239 22.820119 0.0349999964
v 15.6003586 22.8137585 0.0429999977
v 15.601788 22.8156215 0.0373431444
v 15.605239 22.820119 0.224999994
v 15.6003586 22.8137585 0.216999993
v 15.601788 22.8156215 0.222656846
v 15.5705446 22.8505453 0.0349999964
v 15.5648756 22.8448763 0.0429999977
v 15.566536 22.8465367 0.0373431444
v 15.5705446 22.8505453 0.224999994
v 15.5648756 22.8448763 0.216999993
v 15.566536 22.8465367 0.222656846
v 15.5401183 22.8852397 0.0349999964
v 15.5337578 22.8803593 0.0429999977
v 15.5356208 22.8817887 0.0373431444
v 15.5401183 22.8852397 0.224999994
v 15.5337578 22.8803593 0.216999993
v 15.5356208 22.8817887 0.222656846
v 15.5144807 22.9236091 0.0349999964
v 15.5075377 22.9196004 0.0429999977
v 15.5095713 22.9207745 0.0373431444
v 15.5144807 22.9236091 0.224999994
v 15.5075377 22.9196004 0.216999993
v 15.5095713 22.9207745 0.222656846
v 15.4940709 22.9649961 0.0349999964
v 15.486664 22.9619282 0.0429999977
v 15.4888334 22.9628268 0.0373431444
v 15.4940709 22.9649961 0.224999994
v 15.486664 22.9619282 0.216999993
v 15.4888334 22.9628268 0.222656846
v 15.4792377 23.0086934 0.0349999964
v 15.4714937 23.0066185 0.0429999977
v 15.4737619 23.0072262 0.0373431444
v 15.4792377 23.0086934 0.224999994
v 15.4714937 23.0066185 0.216999993
v 15.4737619 23.0072262 0.222656846
v 15.470235 23.053953 0.0349999964
v 15.4622864 23.0529065 0.0429999977
v 15.4646145 23.053213 0.0373431444
v 15.470235 23.053953 0.224999994
v 15.4622864 23.0529065 0.216999993
v 15.4646145 23.053213 0.222656846
v 15.4672169 23.1000004 0.0349999964
v 15.4591997 23.1000004 0.0429999977
v 15.4615479 23.1000004 0.0373431444
v 15.4672169 23.1000004 0.224999994
v 15.4591997 23.1000004 0.216999993
v 15.4615479 23.1000004 0.222656846
v 15.470235 23.1460477 0.0349999964
v 15.4622864 23.1470942 0.0429999977
v 15.4646145 23.1467877 0.0373431444
v 15.470235 23.1460477 0.224999994
v 15.4622864 23.1470942 0.216999993
v 15.4646145 23.1467877 0.222656846
v 15.4792377 23.1913073 0.0349999964
v 15.4714937 23.1933823 0.0429999977
v 15.4737619 23.1927745 0.0373431444
v 15.4792377 23.1913073 0.224999994
v 15.4714937 23.1933823 0.216999993
v 15.4737619 23.1927745 0.222656846
v 15.4940709 23.2350047 0.0349999964
v 15.486664 23.2380726 0.0429999977
v 15.4888334 23.237174 0.0373431444
v 15.4940709 23.2350047 0.224999994
v 15.486664 23.2380726 0.216999993
v 15.4888334 23.237174 0.222656846
v 15.5144807 23.2763917 0.0349999964
v 15.5075377 23.2804004 0.0429999977
v 15.5095713 23.2792263 0.0373431444
v 15.5144807 23.2763917 0.224999994
v 15.5075377 23.2804004 0.216999993
v 15.5095713 23.2792263 0.222656846
v 15.5401183 23.314761 0.0349999964
v 15.5337578 23.3196415 0.0429999977
v 15.5356208 23.318212 0.0373431444
v 15.5401183 23.314761 0.224999994
v 15.5337578 23.3196415 0.216999993
v 15.5356208 23.318212 0.222656846
v 15.5705446 23.3494555 0.0349999964
v 15.5648756 23.3551245 0.0429999977
v 15.566536 23.3534641 0.0373431444
v 15.5705446 23.3494555 0.224999994
v 15.5648756 23.3551245 0.216999993
v 15.566536 23.3534641 0.222656846
v 15.605239 23.3798818 0.0349999964
v 15.6003586 23.3862423 0.0429999977
v 15.601788 23.3843793 0.0373431444
v 15.605239 23.3798818 0.224999994
v 15.6003586 23.3862423 0.216999993
v 15.601788 23.3843793 0.222656846
v 15.6436084 23.4055194 0.0349999964
v 15.6395997 23.4124624 0.0429999977
v 15.6407738 23.4104288 0.0373431444
v 15.6436084 23.4055194 0.224999994
v 15.6395997 23.4124624 0.216999993
v 15.6407738 23.4104288 0.222656846
v 15.6849954 23.4259291 0.0349999964
v 15.6819275 23.4333361 0.0429999977
v 15.6828261 23.4311666 0.0373431444
v 15.6849954 23.4259291 0.224999994
v 15.6819275 23.4333361 0.216999993
v 15.6828261 23.4311666 0.222656846
v 15.7286928 23.4407624 0.0349999964
v 15.7266178 23.4485064 0.0429999977
v 15.7272255 23.4462382 0.0373431444
v 15.7286928 23.4407624 0.224999994
v 15.7266178 23.4485064 0.216999993
v 15.7272255 23.4462382 0.222656846
v 15.7739523 23.4497651 0.0349999964
v 15.7729058 23.4577137 0.0429999977
v 15.7732124 23.4553856 0.0373431444
v 15.7739523 23.4497651 0.224999994
v 15.7729058 23.4577137 0.216999993
v 15.7732124 23.4553856 0.222656846
v 16.6800003 23.4227825 0.0349999964
v 16.6800003 23.4307997 0.0429999977
v 16.6800003 23.4284515 0.0373431444
v 16.6800003 23.4227825 0.224999994
v 16.6800003 23.4307997 0.216999993
v 16.6800003 23.4284515 0.222656846
v 16.7260477 23.4197644 0.0349999964
v 16.7270942 23.427713 0.0429999977
v 16.7267876 23.4253849 0.0373431444
v 16.7260477 23.4197644 0.224999994
v 16.7270942 23.427713 0.216999993
v 16.7267876 23.4253849 0.222656846
v 16.7713072 23.4107617 0.0349999964
v 16.7733822 23.4185057 0.0429999977
v 16.7727745 23.4162375 0.0373431444
v 16.7713072 23.4107617 0.224999994
v 16.7733822 23.4185057 0.216999993
v 16.7727745 23.4162375 0.222656846
v 16.8150046 23.3959284 0.0349999964
v 16.8180725 23.4033354 0.0429999977
v 16.8171739 23.401166 0.0373431444
v 16.8150046 23.3959284 0.224999994
v 16.8180725 23.4033354 0.216999993
v 16.8171739 23.401166 0.222656846
v 16.8563916 23.3755187 0.0349999964
v 16.8604003 23.3824617 0.0429999977
v 16.8592262 23.3804281 0.0373431444
v 16.8563916 23.3755187 0.224999994
v 16.8604003 23.3824617 0.216999993
v 16.8592262 23.3804281 0.222656846
v 16.894761 23.3498811 0.0349999964
v 16.8996414 23.3562416 0.0429999977
v 16.898212 23.3543786 0.0373431444
v 16.894761 23.3498811 0.224999994
v 16.8996414 23.3562416 0.216999993
v 16.898212 23.3543786 0.222656846
v 16.9294554 23.3194548 0.0349999964
v 16.9351244 23.3251238 0.0429999977
v 16.933464 23.3234634 0.0373431444
v 16.9294554 23.3194548 0.224999994
v 16.9351244 23.3251238 0.216999993
v 16.933464 23.3234634 0.222656846
v 16.9598817 23.2847603 0.0349999964
v 16.9662422 23.2896408 0.0429999977
v 16.9643792 23.2882113 0.0373431444
v 16.9598817 23.2847603 0.224999994
v 16.9662422 23.2896408 0.216999993
v 16.9643792 23.2882113 0.222656846
v 16.9855193 23.246391 0.0349999964
v 16.9924623 23.2503997 0.0429999977
v 16.9904287 23.2492256 0.0373431444
v 16.9855193 23.246391 0.224999994
v 16.9924623 23.2503997 0.216999993
v 16.9904287 23.2492256 0.222656846
v 17.0059291 23.205004 0.0349999964
v 17.013336 23.2080719 0.0429999977
v 17.0111666 23.2071733 0.0373431444
v 17.0059291 23.205004 0.224999994
v 17.013336 23.2080719 0.216999993
v 17.0111666 23.2071733 0.222656846
v 17.0207623 23.1613066 0.0349999964
v 17.0285063 23.1633816 0.0429999977
v 17.0262381 23.1627739 0.0373431444
v 17.0207623 23.1613066 0.224999994
v 17.0285063 23.1633816 0.216999993
v 17.0262381 23.1627739 0.222656846
v 17.029765 23.1160471 0.0349999964
v 17.0377136 23.1170935 0.0429999977
v 17.0353855 23.116787 0.0373431444
v 17.029765 23.1160471 0.224999994
v 17.0377136 23.1170935 0.216999993
v 17.0353855 23.116787 0.222656846
v 17.0327831 23.0699997 0.0349999964
v 17.0408003 23.0699997 0.0429999977
v 17.0384521 23.0699997 0.0373431444
v 17.0327831 23.0699997 0.224999994
v 17.0408003 23.0699997 0.216999993
v 17.0384521 23.0699997 0.222656846
v 17.029765 23.0239523 0.0349999964
v 17.0377136 23.0229058 0.0429999977
v 17.0353855 23.0232124 0.0373431444
v 17.029765 23.0239523 0.224999994
v 17.0377136 23.0229058 0.216999993
v 17.0353855 23.0232124 0.222656846
v 17.0207623 22.9786928 0.0349999964
v 17.0285063 22.9766178 0.0429999977
v 17.0262381 22.9772255 0.0373431444
v 17.0207623 22.9786928 0.224999994
v 17.0285063 22.9766178 0.216999993
v 17.0262381 22.9772255 0.222656846
v 17.0059291 22.9349954 0.0349999964
v 17.013336 22.9319275 0.0429999977
v 17.0111666 22.9328261 0.0373431444
v 17.0059291 22.9349954 0.224999994
v 17.013336 22.9319275 0.216999993
v 17.0111666 22.9328261 0.222656846
v 16.9855193 22.8936084 0.0349999964
v 16.9924623 22.8895997 0.0429999977
v 16.9904287 22.8907738 0.0373431444
v 16.9855193 22.8936084 0.224999994
v 16.9924623 22.8895997 0.216999993
v 16.9904287 22.8907738 0.222656846
v 16.9598817 22.855239 0.0349999964
v 16.9662422 22.8503586 0.0429999977
v 16.9643792 22.851788 0.0373431444
v 16.9598817 22.855239 0.224999994
v 16.9662422 22.8503586 0.216999993
v 16.9643792 22.851788 0.222656846
v 16.9294554 22.8205446 0.0349999964
v 16.9351244 22.8148756 0.0429999977
v 16.933464 22.816536 0.0373431444
v 16.9294554 22.8205446 0.224999994
v 16.9351244 22.8148756 0.216999993
v 16.933464 22.816536 0.222656846
v 16.894761 22.7901183 0.0349999964
v 16.8996414 22.7837578 0.0429999977
v 16.898212 22.7856208 0.0373431444
v 16.894761 22.7901183 0.224999994
v 16.8996414 22.7837578 0.216999993
v 16.898212 22.7856208 0.222656846
v 16.8563916 22.7644807 0.0349999964
v 16.8604003 22.7575377 0.0429999977
v 16.8592262 22.7595713 0.0373431444
v 16.8563916 22.7644807 0.224999994
v 16.8604003 22.7575377 0.216999993
v 16.8592262 22.7595713 0.222656846
v 16.8150046 22.7440709 0.0349999964
v 16.8180725 22.736664 0.0429999977
v 16.8171739 22.7388334 0.0373431444
v 16.8150046 22.7440709 0.224999994
v 16.8180725 22.736664 0.216999993
v 16.8171739 22.7388334 0.222656846
v 16.7713072 22.7292377 0.0349999964
v 16.7733822 22.7214937 0.0429999977
v 16.7727745 22.7237619 0.0373431444
v 16.7713072 22.7292377 0.224999994
v 16.7733822 22.7214937 0.216999993
v 16.7727745 22.7237619 0.222656846
v 16.7260477 22.720235 0.0349999964
v 16.7270942 22.7122864 0.0429999977
v 16.7267876 22.7146145 0.0373431444
v 16.7260477 22.720235 0.224999994
v 16.7270942 22.7122864 0.216999993
v 16.7267876 22.7146145 0.222656846
v 16.6800003 22.7172169 0.0349999964
v 16.6800003 22.7091997 0.0429999977
v 16.6800003 22.7115479 0.0373431444
v 16.6800003 22.7172169 0.224999994
v 16.6800003 22.7091997 0.216999993
v 16.6800003 22.7115479 0.222656846
v 16.6339529 22.720235 0.0349999964
v 16.6329065 22.7122864 0.0429999977
v 16.633213 22.7146145 0.0373431444
v 16.6339529 22.720235 0.224999994
v 16.6329065 22.7122864 0.216999993
v 16.633213 22.7146145 0.222656846
v 16.5886934 22.7292377 0.0349999964
v 16.5866184 22.7214937 0.0429999977
v 16.5872261 22.7237619 0.0373431444
v 16.5886934 22.7292377 0.224999994
v 16.5866184 22.7214937 0.216999993
v 16.5872261 22.7237619 0.222656846
v 16.544996 22.7440709 0.0349999964
v 16.5419281 22.736664 0.0429999977
v 16.5428267 22.7388334 0.0373431444
v 16.544996 22.7440709 0.224999994
v 16.5419281 22.736664 0.216999993
v 16.5428267 22.7388334 0.222656846
v 16.503609 22.7644807 0.0349999964
v 16.4996003 22.7575377 0.0429999977
v 16.5007744 22.7595713 0.0373431444
v 16.503609 22.7644807 0.224999994
v 16.4996003 22.7575377 0.216999993
v 16.5007744 22.7595713 0.222656846
v 16.4652397 22.7901183 0.0349999964
v 16.4603592 22.7837578 0.0429999977
v 16.4617887 22.7856208 0.0373431444
v 16.4652397 22.7901183 0.224999994
v 16.4603592 22.7837578 0.216999993
v 16.4617887 22.7856208 0.222656846
v 16.4305452 22.8205446 0.0349999964
v 16.4248762 22.8148756 0.0429999977
v 16.4265366 22.816536 0.0373431444
v 16.4305452 22.8205446 0.224999994
v 16.4248762 22.8148756 0.216999993
v 16.4265366 22.816536 0.222656846
v 16.4001189 22.855239 0.0349999964
v 16.3937584 22.8503586 0.0429999977
v 16.3956214 22.851788 0.0373431444
v 16.4001189 22.855239 0.224999994
v 16.3937584 22.8503586 0.216999993
v 16.3956214 22.851788 0.222656846
v 16.3744813 22.8936084 0.0349999964
v 16.3675383 22.8895997 0.0429999977
v 16.3695719 22.8907738 0.0373431444
v 16.3744813 22.8936084 0.224999994
v 16.3675383 22.8895997 0.216999993
v 16.3695719 22.8907738 0.222656846
v 16.3540716 22.9349954 0.0349999964
v 16.3466646 22.9319275 0.0429999977
v 16.348834 22.9328261 0.0373431444
v 16.3540716 22.9349954 0.224999994
v 16.3466646 22.9319275 0.216999993
v 16.348834 22.9328261 0.222656846
v 16.3392383 22.9786928 0.0349999964
v 16.3314943 22.9766178 0.0429999977
v 16.3337625 22.9772255 0.0373431444
v 16.3392383 22.9786928 0.224999994
v 16.3314943 22.9766178 0.216999993
v 16.3337625 22.9772255 0.222656846
v 16.3302356 23.0239523 0.0349999964
v 16.322287 23.0229058 0.0429999977
v 16.3246151 23.0232124 0.0373431444
v 16.3302356 23.0239523 0.224999994
v 16.322287 23.0229058 0.216999993
v 16.3246151 23.0232124 0.222656846
v 16.3272175 23.0699997 0.0349999964
v 16.3192003 23.0699997 0.0429999977
v 16.3215485 23.0699997 0.0373431444
v 16.3272175 23.0699997 0.224999994
v 16.3192003 23.0699997 0.216999993
v 16.3215485 23.0699997 0.222656846
v 16.3302356 23.1160471 0.0349999964
v 16.322287 23.1170935 0.0429999977
v 16.3246151 23.116787 0.0373431444
v 16.3302356 23.1160471 0.224999994
v 16.322287 23.1170935 0.216999993
v 16.3246151 23.116787 0.222656846
v 16.3392383 23.1613066 0.0349999964
v 16.3314943 23.1633816 0.0429999977
v 16.3337625 23.1627739 0.0373431444
v 16.3392383 23.1613066 0.224999994
v 16.3314943 23.1633816 0.216999993
v 16.3337625 23.1627739 0.222656846
v 16.3540716 23.205004 0.0349999964
v 16.3466646 23.2080719 0.0429999977
v 16.348834 23.2071733 0.0373431444
v 16.3540716 23.205004 0.224999994
v 16.3466646 23.2080719 0.216999993
v 16.348834 23.2071733 0.222656846
v 16.3744813 23.246391 0.0349999964
v 16.3675383 23.2503997 0.0429999977
v 16.3695719 23.2492256 0.0373431444
v 16.3744813 23.246391 0.224999994
v 16.3675383 23.2503997 0.216999993
v 16.3695719 23.2492256 0.222656846
v 16.4001189 23.2847603 0.0349999964
v 16.3937584 23.2896408 0.0429999977
v 16.3956214 23.2882113 0.0373431444
v 16.4001189 23.2847603 0.224999994
v 16.3937584 23.2896408 0.216999993
v 16.3956214 23.2882113 0.222656846
v 16.4305452 23.3194548 0.0349999964
v 16.4248762 23.3251238 0.0429999977
v 16.4265366 23.3234634 0.0373431444
v 16.4305452 23.3194548 0.224999994
v 16.4248762 23.3251238 0.216999993
v 16.4265366 23.3234634 0.222656846
v 16.4652397 23.3498811 0.0349999964
v 16.4603592 23.3562416 0.0429999977
v 16.4617887 23.3543786 0.0373431444
v 16.4652397 23.3498811 0.224999994
v 16.4603592 23.3562416 0.216999993
v 16.4617887 23.3543786 0.222656846
v 16.503609 23.3755187 0.0349999964
v 16.4996003 23.3824617 0.0429999977
v 16.5007744 23.3804281 0.0373431444
v 16.503609 23.3755187 0.224999994
v 16.4996003 23.3824617 0.216999993
v 16.5007744 23.3804281 0.222656846
v 16.544996 23.3959284 0.0349999964
v 16.5419281 23.4033354 0.0429999977
v 16.5428267 23.401166 0.0373431444
v 16.544996 23.3959284 0.224999994
v 16.5419281 23.4033354 0.216999993
v 16.5428267 23.401166 0.222656846
v 16.5886934 23.4107617 0.0349999964
v 16.5866184 23.4185057 0.0429999977
v 16.5872261 23.4162375 0.0373431444
v 16.5886934 23.4107617 0.224999994
v 16.5866184 23.4185057 0.216999993
v 16.5872261 23.4162375 0.222656846
v 16.6339529 23.4197644 0.0349999964
v 16.6329065 23.427713 0.0429999977
v 16.633213 23.4253849 0.0373431444
v 16.6339529 23.4197644 0.224999994
v 16.6329065 23.427713 0.216999993
v 16.633213 23.4253849 0.222656846
v 17.1499996 22.6501826 0.0349999964
v 17.1499996 22.6581998 0.0429999977
v 17.1499996 22.6558516 0.0373431444
v 17.1499996 22.6501826 0.224999994
v 17.1499996 22.6581998 0.216999993
v 17.1499996 22.6558516 0.222656846
v 17.2035392 22.6466734 0.0349999964
v 17.2045857 22.654622 0.0429999977
v 17.2042792 22.652294 0.0373431444
v 17.2035392 22.6466734 0.224999994
v 17.2045857 22.654622 0.216999993
v 17.2042792 22.652294 0.222656846
v 17.2561628 22.6362059 0.0349999964
v 17.2582377 22.6439499 0.0429999977
v 17.25763 22.6416817 0.0373431444
v 17.2561628 22.6362059 0.224999994
v 17.2582377 22.6439499 0.216999993
v 17.25763 22.6416817 0.222656846
v 17.3069699 22.6189592 0.0349999964
v 17.3100378 22.6263662 0.0429999977
v 17.3091393 22.6241967 0.0373431444
v 17.3069699 22.6189592 0.224999994
v 17.3100378 22.6263662 0.216999993
v 17.3091393 22.6241967 0.222656846
v 17.3550909 22.5952286 0.0349999964
v 17.3590996 22.6021716 0.0429999977
v 17.3579255 22.600138 0.0373431444
v 17.3550909 22.5952286 0.224999994
v 17.3590996 22.6021716 0.216999993
v 17.3579255 22.600138 0.222656846
v 17.3997031 22.5654197 0.0349999964
v 17.4045836 22.5717801 0.0429999977
v 17.4031541 22.5699172 0.0373431444
v 17.3997031 22.5654197 0.224999994
v 17.4045836 22.5717801 0.216999993
v 17.4031541 22.5699172 0.222656846
v 17.4400427 22.5300428 0.0349999964
v 17.4457117 22.5357118 0.0429999977
v 17.4440513 22.5340514 0.0373431444
v 17.4400427 22.5300428 0.224999994
v 17.4457117 22.5357118 0.216999993
v 17.4440513 22.5340514 0.222656846
v 17.4754195 22.4897032 0.0349999964
v 17.48178 22.4945838 0.0429999977
v 17.479917 22.4931543 0.0373431444
v 17.4754195 22.4897032 0.224999994
v 17.48178 22.4945838 0.216999993
v 17.479917 22.4931543 0.222656846
v 17.5052284 22.4450911 0.0349999964
v 17.5121714 22.4490998 0.0429999977
v 17.5101379 22.4479256 0.0373431444
v 17.5052284 22.4450911 0.224999994
v 17.5121714 22.4490998 0.216999993
v 17.5101379 22.4479256 0.222656846
v 17.5289591 22.3969701 0.0349999964
v 17.536366 22.400038 0.0429999977
v 17.5341966 22.3991394 0.0373431444
v 17.5289591 22.3969701 0.224999994
v 17.536366 22.400038 0.216999993
v 17.5341966 22.3991394 0.222656846
v 17.5462058 22.3461629 0.0349999964
v 17.5539498 22.3482379 0.0429999977
v 17.5516816 22.3476301 0.0373431444
v 17.5462058 22.3461629 0.224999994
v 17.5539498 22.3482379 0.216999993
v 17.5516816 22.3476301 0.222656846
v 17.5566733 22.2935393 0.0349999964
v 17.5646219 22.2945858 0.0429999977
v 17.5622938 22.2942793 0.0373431444
v 17.5566733 22.2935393 0.224999994
v 17.5646219 22.2945858 0.216999993
v 17.5622938 22.2942793 0.222656846
v 17.5601824 22.2399998 0.0349999964
v 17.5681996 22.2399998 0.0429999977
v 17.5658514 22.2399998 0.0373431444
v 17.5601824 22.2399998 0.224999994
v 17.5681996 22.2399998 0.216999993
v 17.5658514 22.2399998 0.222656846
v 17.5566733 22.1864602 0.0349999964
v 17.5646219 22.1854137 0.0429999977
v 17.5622938 22.1857202 0.0373431444
v 17.5566733 22.1864602 0.224999994
v 17.5646219 22.1854137 0.216999993
v 17.5622938 22.1857202 0.222656846
v 17.5462058 22.1338366 0.0349999964
v 17.5539498 22.1317616 0.0429999977
v 17.5516816 22.1323694 0.0373431444
v 17.5462058 22.1338366 0.224999994
v 17.5539498 22.1317616 0.216999993
v 17.5516816 22.1323694 0.222656846
v 17.5289591 22.0830294 0.0349999964
v 17.536366 22.0799616 0.0429999977
v 17.5341966 22.0808601 0.0373431444
v 17.5289591 22.0830294 0.224999994
v 17.536366 22.0799616 0.216999993
v 17.5341966 22.0808601 0.222656846
v 17.5052284 22.0349085 0.0349999964
v 17.5121714 22.0308998 0.0429999977
v 17.5101379 22.0320739 0.0373431444
v 17.5052284 22.0349085 0.224999994
v 17.5121714 22.0308998 0.216999993
v 17.5101379 22.0320739 0.222656846
v 17.4754195 21.9902963 0.0349999964
v 17.48178 21.9854158 0.0429999977
v 17.479917 21.9868453 0.0373431444
v 17.4754195 21.9902963 0.224999994
v 17.48178 21.9854158 0.216999993
v 17.479917 21.9868453 0.222656846
v 17.4400427 21.9499567 0.0349999964
v 17.4457117 21.9442877 0.0429999977
v 17.4440513 21.9459481 0.0373431444
v 17.4400427 21.9499567 0.224999994
v 17.4457117 21.9442877 0.216999993
v 17.4440513 21.9459481 0.222656846
v 17.3997031 21.9145799 0.0349999964
v 17.4045836 21.9082194 0.0429999977
v 17.4031541 21.9100824 0.0373431444
v 17.3997031 21.9145799 0.224999994
v 17.4045836 21.9082194 0.216999993
v 17.4031541 21.9100824 0.222656846
v 17.3550909 21.884771 0.0349999964
v 17.3590996 21.877828 0.0429999977
v 17.3579255 21.8798615 0.0373431444
v 17.3550909 21.884771 0.224999994
v 17.3590996 21.877828 0.216999993
v 17.3579255 21.8798615 0.222656846
v 17.3069699 21.8610403 0.0349999964
v 17.3100378 21.8536334 0.0429999977
v 17.3091393 21.8558028 0.0373431444
v 17.3069699 21.8610403 0.224999994
v 17.3100378 21.8536334 0.216999993
v 17.3091393 21.8558028 0.222656846
v 17.2561628 21.8437936 0.0349999964
v 17.2582377 21.8360496 0.0429999977
v 17.25763 21.8383178 0.0373431444
v 17.2561628 21.8437936 0.224999994
v 17.2582377 21.8360496 0.216999993
v 17.25763 21.8383178 0.222656846
v 17.2035392 21.8333261 0.0349999964
v 17.2045857 21.8253775 0.0429999977
v 17.2042792 21.8277056 0.0373431444
v 17.2035392 21.8333261 0.224999994
v 17.2045857 21.8253775 0.216999993
v 17.2042792 21.8277056 0.222656846
v 17.1499996 21.829817 0.0349999964
v 17.1499996 21.8217998 0.0429999977
v 17.1499996 21.824148 0.0373431444
v 17.1499996 21.829817 0.224999994
v 17.1499996 21.8217998 0.216999993
v 17.1499996 21.824148 0.222656846
v 17.0964601 21.8333261 0.0349999964
v 17.0954136 21.8253775 0.0429999977
v 17.0957201 21.8277056 0.0373431444
v 17.0964601 21.8333261 0.224999994
v 17.0954136 21.8253775 0.216999993
v 17.0957201 21.8277056 0.222656846
v 17.0438365 21.8437936 0.0349999964
v 17.0417615 21.8360496 0.0429999977
v 17.0423692 21.8383178 0.0373431444
v 17.0438365 21.8437936 0.224999994
v 17.0417615 21.8360496 0.216999993
v 17.0423692 21.8383178 0.222656846
v 16.9930293 21.8610403 0.0349999964
v 16.9899614 21.8536334 0.0429999977
v 16.99086 21.8558028 0.0373431444
v 16.9930293 21.8610403 0.224999994
v 16.9899614 21.8536334 0.216999993
v 16.99086 21.8558028 0.222656846
v 16.9449083 21.884771 0.0349999964
v 16.9408996 21.877828 0.0429999977
v 16.9420737 21.8798615 0.0373431444
v 16.9449083 21.884771 0.224999994
v 16.9408996 21.877828 0.216999993
v 16.9420737 21.8798615 0.222656846
v 16.9002962 21.9145799 0.0349999964
v 16.8954156 21.9082194 0.0429999977
v 16.8968451 21.9100824 0.0373431444
v 16.9002962 21.9145799 0.224999994
v 16.8954156 21.9082194 0.216999993
v 16.8968451 21.9100824 0.222656846
v 16.8599566 21.9499567 0.0349999964
v 16.8542876 21.9442877 0.0429999977
v 16.855948 21.9459481 0.0373431444
v 16.8599566 21.9499567 0.224999994
v 16.8542876 21.9442877 0.216999993
v 16.855948 21.9459481 0.222656846
v 16.8245797 21.9902963 0.0349999964
v 16.8182193 21.9854158 0.0429999977
v 16.8200822 21.9868453 0.0373431444
v 16.8245797 21.9902963 0.224999994
v 16.8182193 21.9854158 0.216999993
v 16.8200822 21.9868453 0.222656846
v 16.7947708 22.0349085 0.0349999964
v 16.7878278 22.0308998 0.0429999977
v 16.7898614 22.0320739 0.0373431444
v 16.7947708 22.0349085 0.224999994
v 16.7878278 22.0308998 0.216999993
v 16.7898614 22.0320739 0.222656846
v 16.7710402 22.0830294 0.0349999964
v 16.7636332 22.0799616 0.0429999977
v 16.7658027 22.0808601 0.0373431444
v 16.7710402 22.0830294 0.224999994
v 16.7636332 22.0799616 0.216999993
v 16.7658027 22.0808601 0.222656846
v 16.7537935 22.1338366 0.0349999964
v 16.7460495 22.1317616 0.0429999977
v 16.7483177 22.1323694 0.0373431444
v 16.7537935 22.1338366 0.224999994
v 16.7460495 22.1317616 0.216999993
v 16.7483177 22.1323694 0.222656846
v 16.7433259 22.1864602 0.0349999964
v 16.7353774 22.1854137 0.0429999977
v 16.7377054 22.1857202 0.0373431444
v 16.7433259 22.1864602 0.224999994
v 16.7353774 22.1854137 0.216999993
v 16.7377054 22.1857202 0.222656846
v 16.7398168 22.2399998 0.0349999964
v 16.7317996 22.2399998 0.0429999977
v 16.7341478 22.2399998 0.0373431444
v 16.7398168 22.2399998 0.224999994
v 16.7317996 22.2399998 0.216999993
v 16.7341478 22.2399998 0.222656846
v 16.7433259 22.2935393 0.0349999964
v 16.7353774 22.2945858 0.0429999977
v 16.7377054 22.2942793 0.0373431444
v 16.7433259 22.2935393 0.224999994
v 16.7353774 22.2945858 0.216999993
v 16.7377054 22.2942793 0.222656846
v 16.7537935 22.3461629 0.0349999964
v 16.7460495 22.3482379 0.0429999977
v 16.7483177 22.3476301 0.0373431444
v 16.7537935 22.3461629 0.224999994
v 16.7460495 22.3482379 0.216999993
v 16.7483177 22.3476301 0.222656846
v 16.7710402 22.3969701 0.0349999964
v 16.7636332 22.400038 0.0429999977
v 16.7658027 22.3991394 0.0373431444
v 16.7710402 22.3969701 0.224999994
v 16.7636332 22.400038 0.216999993
v 16.7658027 22.3991394 0.222656846
v 16.7947708 22.4450911 0.0349999964
v 16.7878278 22.4490998 0.0429999977
v 16.7898614 22.4479256 0.0373431444
v 16.7947708 22.4450911 0.224999994
v 16.7878278 22.4490998 0.216999993
v 16.7898614 22.4479256 0.222656846
v 16.8245797 22.4897032 0.0349999964
v 16.8182193 22.4945838 0.0429999977
v 16.8200822 22.4931543 0.0373431444
v 16.8245797 22.4897032 0.224999994
v 16.8182193 22.4945838 0.216999993
v 16.8200822 22.4931543 0.222656846
v 16.8599566 22.5300428 0.0349999964
v 16.8542876 22.5357118 0.0429999977
v 16.855948 22.5340514 0.0373431444
v 16.8599566 22.5300428 0.224999994
v 16.8542876 22.5357118 0.216999993
v 16.855948 22.5340514 0.222656846
v 16.9002962 22.5654197 0.0349999964
v 16.8954156 22.5717801 0.0429999977
v 16.8968451 22.5699172 0.0373431444
v 16.9002962 22.5654197 0.224999994
v 16.8954156 22.5717801 0.216999993
v 16.8968451 22.5699172 0.222656846
v 16.9449083 22.5952286 0.0349999964
v 16.9408996 22.6021716 0.0429999977
v 16.9420737 22.600138 0.0373431444
v 16.9449083 22.5952286 0.224999994
v 16.9408996 22.6021716 0.216999993
v 16.9420737 22.600138 0.222656846
v 16.9930293 22.6189592 0.0349999964
v 16.9899614 22.6263662 0.0429999977
v 16.99086 22.6241967 0.0373431444
v 16.9930293 22.6189592 0.224999994
v 16.9899614 22.6263662 0.216999993
v 16.99086 22.6241967 0.222656846
v 17.0438365 22.6362059 0.0349999964
v 17.0417615 22.6439499 0.0429999977
v 17.0423692 22.6416817 0.0373431444
v 17.0438365 22.6362059 0.224999994
v 17.0417615 22.6439499 0.216999993
v 17.0423692 22.6416817 0.222656846
v 17.0964601 22.6466734 0.0349999964
v 17.0954136 22.654622 0.0429999977
v 17.0957201 22.652294 0.0373431444
v 17.0964601 22.6466734 0.224999994
v 17.0954136 22.654622 0.216999993
v 17.0957201 22.652294 0.222656846
v 16.6800003 21.6809825 0.0349999964
v 16.6800003 21.6889997 0.0429999977
v 16.6800003 21.6866515 0.0373431444
v 16.6800003 21.6809825 0.224999994
v 16.6800003 21.6889997 0.216999993
v 16.6800003 21.6866515 0.222656846
v 16.727118 21.6778943 0.0349999964
v 16.7281645 21.6858428 0.0429999977
v 16.727858 21.6835148 0.0373431444
v 16.727118 21.6778943 0.224999994
v 16.7281645 21.6858428 0.216999993
v 16.727858 21.6835148 0.222656846
v 16.7734296 21.6686823 0.0349999964
v 16.7755045 21.6764263 0.0429999977
v 16.7748968 21.6741582 0.0373431444
v 16.7734296 21.6686823 0.224999994
v 16.7755045 21.6764263 0.216999993
v 16.7748968 21.6741582 0.222656846
v 16.8181426 21.6535043 0.0349999964
v 16.8212105 21.6609112 0.0429999977
v 16.8203119 21.6587417 0.0373431444
v 16.8181426 21.6535043 0.224999994
v 16.8212105 21.6609112 0.216999993
v 16.8203119 21.6587417 0.222656846
v 16.8604917 21.63262 0.0349999964
v 16.8645003 21.6395631 0.0429999977
v 16.8633262 21.6375295 0.0373431444
v 16.8604917 21.63262 0.224999994
v 16.8645003 21.6395631 0.216999993
v 16.8633262 21.6375295 0.222656846
v 16.8997526 21.6063867 0.0349999964
v 16.9046333 21.6127471 0.0429999977
v 16.9032038 21.6108842 0.0373431444
v 16.8997526 21.6063867 0.224999994
v 16.9046333 21.6127471 0.216999993
v 16.9032038 21.6108842 0.222656846
v 16.9352537 21.5752531 0.0349999964
v 16.9409227 21.5809221 0.0429999977
v 16.9392623 21.5792617 0.0373431444
v 16.9352537 21.5752531 0.224999994
v 16.9409227 21.5809221 0.216999993
v 16.9392623 21.5792617 0.222656846
v 16.9663873 21.539752 0.0349999964
v 16.9727477 21.5446327 0.0429999977
v 16.9708848 21.5432031 0.0373431444
v 16.9663873 21.539752 0.224999994
v 16.9727477 21.5446327 0.216999993
v 16.9708848 21.5432031 0.222656846
v 16.9926206 21.5004911 0.0349999964
v 16.9995637 21.5044997 0.0429999977
v 16.9975301 21.5033256 0.0373431444
v 16.9926206 21.5004911 0.224999994
v 16.9995637 21.5044997 0.216999993
v 16.9975301 21.5033256 0.222656846
v 17.0135049 21.458142 0.0349999964
v 17.0209118 21.4612099 0.0429999977
v 17.0187424 21.4603113 0.0373431444
v 17.0135049 21.458142 0.224999994
v 17.0209118 21.4612099 0.216999993
v 17.0187424 21.4603113 0.222656846
v 17.0286829 21.4134289 0.0349999964
v 17.0364269 21.4155039 0.0429999977
v 17.0341588 21.4148962 0.0373431444
v 17.0286829 21.4134289 0.224999994
v 17.0364269 21.4155039 0.216999993
v 17.0341588 21.4148962 0.222656846
v 17.0378949 21.3671174 0.0349999964
v 17.0458435 21.3681639 0.0429999977
v 17.0435154 21.3678574 0.0373431444
v 17.0378949 21.3671174 0.224999994
v 17.0458435 21.3681639 0.216999993
v 17.0435154 21.3678574 0.222656846
v 17.0409831 21.3199997 0.0349999964
v 17.0490003 21.3199997 0.0429999977
v 17.0466521 21.3199997 0.0373431444
v 17.0409831 21.3199997 0.224999994
v 17.0490003 21.3199997 0.216999993
v 17.0466521 21.3199997 0.222656846
v 17.0378949 21.272882 0.0349999964
v 17.0458435 21.2718355 0.0429999977
v 17.0435154 21.272142 0.0373431444
v 17.0378949 21.272882 0.224999994
v 17.0458435 21.2718355 0.216999993
v 17.0435154 21.272142 0.222656846
v 17.0286829 21.2265704 0.0349999964
v 17.0364269 21.2244955 0.0429999977
v 17.0341588 21.2251032 0.0373431444
v 17.0286829 21.2265704 0.224999994
v 17.0364269 21.2244955 0.216999993
v 17.0341588 21.2251032 0.222656846
v 17.0135049 21.1818574 0.0349999964
v 17.0209118 21.1787895 0.0429999977
v 17.0187424 21.1796881 0.0373431444
v 17.0135049 21.1818574 0.224999994
v 17.0209118 21.1787895 0.216999993
v 17.0187424 21.1796881 0.222656846
v 16.9926206 21.1395083 0.0349999964
v 16.9995637 21.1354997 0.0429999977
v 16.9975301 21.1366738 0.0373431444
v 16.9926206 21.1395083 0.224999994
v 16.9995637 21.1354997 0.216999993
v 16.9975301 21.1366738 0.222656846
v 16.9663873 21.1002474 0.0349999964
v 16.9727477 21.0953667 0.0429999977
v 16.9708848 21.0967962 0.0373431444
v 16.9663873 21.1002474 0.224999994
v 16.9727477 21.0953667 0.216999993
v 16.9708848 21.0967962 0.222656846
v 16.9352537 21.0647463 0.0349999964
v 16.9409227 21.0590773 0.0429999977
v 16.9392623 21.0607377 0.0373431444
v 16.9352537 21.0647463 0.224999994
v 16.9409227 21.0590773 0.216999993
v 16.9392623 21.0607377 0.222656846
v 16.8997526 21.0336127 0.0349999964
v 16.9046333 21.0272523 0.0429999977
v 16.9032038 21.0291152 0.0373431444
v 16.8997526 21.0336127 0.224999994
v 16.9046333 21.0272523 0.216999993
v 16.9032038 21.0291152 0.222656846
v 16.8604917 21.0073794 0.0349999964
v 16.8645003 21.0004363 0.0429999977
v 16.8633262 21.0024699 0.0373431444
v 16.8604917 21.0073794 0.224999994
v 16.8645003 21.0004363 0.216999993
v 16.8633262 21.0024699 0.222656846
v 16.8181426 20.9864951 0.0349999964
v 16.8212105 20.9790882 0.0429999977
v 16.8203119 20.9812576 0.0373431444
v 16.8181426 20.9864951 0.224999994
v 16.8212105 20.9790882 0.216999993
v 16.8203119 20.9812576 0.222656846
v 16.7734296 20.9713171 0.0349999964
v 16.7755045 20.9635731 0.0429999977
v 16.7748968 20.9658412 0.0373431444
v 16.7734296 20.9713171 0.224999994
v 16.7755045 20.9635731 0.216999993
v 16.7748968 20.9658412 0.222656846
v 16.727118 20.9621051 0.0349999964
v 16.7281645 20.9541565 0.0429999977
v 16.727858 20.9564846 0.0373431444
v 16.727118 20.9621051 0.224999994
v 16.7281645 20.9541565 0.216999993
v 16.727858 20.9564846 0.222656846
v 16.6800003 20.9590169 0.0349999964
v 16.6800003 20.9509997 0.0429999977
v 16.6800003 20.9533479 0.0373431444
v 16.6800003 20.9590169 0.224999994
v 16.6800003 20.9509997 0.216999993
v 16.6800003 20.9533479 0.222656846
v 16.6328826 20.9621051 0.0349999964
v 16.6318361 20.9541565 0.0429999977
v 16.6321426 20.9564846 0.0373431444
v 16.6328826 20.9621051 0.224999994
v 16.6318361 20.9541565 0.216999993
v 16.6321426 20.9564846 0.222656846
v 16.5865711 20.9713171 0.0349999964
v 16.5844961 20.9635731 0.0429999977
v 16.5851038 20.9658412 0.0373431444
v 16.5865711 20.9713171 0.224999994
v 16.5844961 20.9635731 0.216999993
v 16.5851038 20.9658412 0.222656846
v 16.541858 20.9864951 0.0349999964
v 16.5387901 20.9790882 0.0429999977
v 16.5396887 20.9812576 0.0373431444
v 16.541858 20.9864951 0.224999994
v 16.5387901 20.9790882 0.216999993
v 16.5396887 20.9812576 0.222656846
v 16.4995089 21.0073794 0.0349999964
v 16.4955003 21.0004363 0.0429999977
v 16.4966744 21.0024699 0.0373431444
v 16.4995089 21.0073794 0.224999994
v 16.4955003 21.0004363 0.216999993
v 16.4966744 21.0024699 0.222656846
v 16.460248 21.0336127 0.0349999964
v 16.4553673 21.0272523 0.0429999977
v 16.4567969 21.0291152 0.0373431444
v 16.460248 21.0336127 0.224999994
v 16.4553673 21.0272523 0.216999993
v 16.4567969 21.0291152 0.222656846
v 16.4247469 21.0647463 0.0349999964
v 16.4190779 21.0590773 0.0429999977
v 16.4207383 21.0607377 0.0373431444
v 16.4247469 21.0647463 0.224999994
v 16.4190779 21.0590773 0.216999993
v 16.4207383 21.0607377 0.222656846
v 16.3936133 21.1002474 0.0349999964
v 16.3872529 21.0953667 0.0429999977
v 16.3891158 21.0967962 0.0373431444
v 16.3936133 21.1002474 0.224999994
v 16.3872529 21.0953667 0.216999993
v 16.3891158 21.0967962 0.222656846
v 16.36738 21.1395083 0.0349999964
v 16.3604369 21.1354997 0.0429999977
v 16.3624705 21.1366738 0.0373431444
v 16.36738 21.1395083 0.224999994
v 16.3604369 21.1354997 0.216999993
v 16.3624705 21.1366738 0.222656846
v 16.3464957 21.1818574 0.0349999964
v 16.3390888 21.1787895 0.0429999977
v 16.3412583 21.1796881 0.0373431444
v 16.3464957 21.1818574 0.224999994
v 16.3390888 21.1787895 0.216999993
v 16.3412583 21.1796881 0.222656846
v 16.3313177 21.2265704 0.0349999964
v 16.3235737 21.2244955 0.0429999977
v 16.3258418 21.2251032 0.0373431444
v 16.3313177 21.2265704 0.224999994
v 16.3235737 21.2244955 0.216999993
v 16.3258418 21.2251032 0.222656846
v 16.3221057 21.272882 0.0349999964
v 16.3141572 21.2718355 0.0429999977
v 16.3164852 21.272142 0.0373431444
v 16.3221057 21.272882 0.224999994
v 16.3141572 21.2718355 0.216999993
v 16.3164852 21.272142 0.222656846
v 16.3190175 21.3199997 0.0349999964
v 16.3110003 21.3199997 0.0429999977
v 16.3133485 21.3199997 0.0373431444
v 16.3190175 21.3199997 0.224999994
v 16.3110003 21.3199997 0.216999993
v 16.3133485 21.3199997 0.222656846
v 16.3221057 21.3671174 0.0349999964
v 16.3141572 21.3681639 0.0429999977
v 16.3164852 21.3678574 0.0373431444
v 16.3221057 21.3671174 0.224999994
v 16.3141572 21.3681639 0.216999993
v 16.3164852 21.3678574 0.222656846
v 16.3313177 21.4134289 0.0349999964
v 16.3235737 21.4155039 0.0429999977
v 16.3258418 21.4148962 0.0373431444
v 16.3313177 21.4134289 0.224999994
v 16.3235737 21.4155039 0.216999993
v 16.3258418 21.4148962 0.222656846
v 16.3464957 21.458142 0.0349999964
v 16.3390888 21.4612099 0.0429999977
v 16.3412583 21.4603113 0.0373431444
v 16.3464957 21.458142 0.224999994
v 16.3390888 21.4612099 0.216999993
v 16.3412583 21.4603113 0.222656846
v 16.36738 21.5004911 0.0349999964
v 16.3604369 21.5044997 0.0429999977
v 16.3624705 21.5033256 0.0373431444
v 16.36738 21.5004911 0.224999994
v 16.3604369 21.5044997 0.216999993
v 16.3624705 21.5033256 0.222656846
v 16.3936133 21.539752 0.0349999964
v 16.3872529 21.5446327 0.0429999977
v 16.3891158 21.5432031 0.0373431444
v 16.3936133 21.539752 0.224999994
v 16.3872529 21.5446327 0.216999993
v 16.3891158 21.5432031 0.222656846
v 16.4247469 21.5752531 0.0349999964
v 16.4190779 21.5809221 0.0429999977
v 16.4207383 21.5792617 0.0373431444
v 16.4247469 21.5752531 0.224999994
v 16.4190779 21.5809221 0.216999993
v 16.4207383 21.5792617 0.222656846
v 16.460248 21.6063867 0.0349999964
v 16.4553673 21.6127471 0.0429999977
v 16.4567969 21.6108842 0.0373431444
v 16.460248 21.6063867 0.224999994
v 16.4553673 21.6127471 0.216999993
v 16.4567969 21.6108842 0.222656846
v 16.4995089 21.63262 0.0349999964
v 16.4955003 21.6395631 0.0429999977
v 16.4966744 21.6375295 0.0373431444
v 16.4995089 21.63262 0.224999994
v 16.4955003 21.6395631 0.216999993
v 16.4966744 21.6375295 0.222656846
v 16.541858 21.6535043 0.0349999964
v 16.5387901 21.6609112 0.0429999977
v 16.5396887 21.6587417 0.0373431444
v 16.541858 21.6535043 0.224999994
v 16.5387901 21.6609112 0.216999993
v 16.5396887 21.6587417 0.222656846
v 16.5865711 21.6686823 0.0349999964
v 16.5844961 21.6764263 0.0429999977
v 16.5851038 21.6741582 0.0373431444
v 16.5865711 21.6686823 0.224999994
v 16.5844961 21.6764263 0.216999993
v 16.5851038 21.6741582 0.222656846
v 16.6328826 21.6778943 0.0349999964
v 16.6318361 21.6858428 0.0429999977
v 16.6321426 21.6835148 0.0373431444
v 16.6328826 21.6778943 0.224999994
v 16.6318361 21.6858428 0.216999993
v 16.6321426 21.6835148 0.222656846
v 15.8699999 21.8245824 0.0349999964
v 15.8699999 21.8325996 0.0429999977
v 15.8699999 21.8302514 0.0373431444
v 15.8699999 21.8245824 0.224999994
v 15.8699999 21.8325996 0.216999993
v 15.8699999 21.8302514 0.222656846
v 15.9149769 21.8216344 0.0349999964
v 15.9160234 21.829583 0.0429999977
v 15.9157169 21.827255 0.0373431444
v 15.9149769 21.8216344 0.224999994
v 15.9160234 21.829583 0.216999993
v 15.9157169 21.827255 0.222656846
v 15.9591845 21.812841 0.0349999964
v 15.9612595 21.820585 0.0429999977
v 15.9606517 21.8183168 0.0373431444
v 15.9591845 21.812841 0.224999994
v 15.9612595 21.820585 0.216999993
v 15.9606517 21.8183168 0.222656846
v 16.0018662 21.7983525 0.0349999964
v 16.0049341 21.8057595 0.0429999977
v 16.0040355 21.80359 0.0373431444
v 16.0018662 21.7983525 0.224999994
v 16.0049341 21.8057595 0.216999993
v 16.0040355 21.80359 0.222656846
v 16.0422913 21.7784171 0.0349999964
v 16.0462999 21.7853601 0.0429999977
v 16.0451258 21.7833266 0.0373431444
v 16.0422913 21.7784171 0.224999994
v 16.0462999 21.7853601 0.216999993
v 16.0451258 21.7833266 0.222656846
v 16.0797687 21.7533755 0.0349999964
v 16.0846492 21.7597359 0.0429999977
v 16.0832197 21.757873 0.0373431444
v 16.0797687 21.7533755 0.224999994
v 16.0846492 21.7597359 0.216999993
v 16.0832197 21.757873 0.222656846
v 16.1136567 21.7236564 0.0349999964
v 16.1193257 21.7293254 0.0429999977
v 16.1176653 21.727665 0.0373431444
v 16.1136567 21.7236564 0.224999994
v 16.1193257 21.7293254 0.216999993
v 16.1176653 21.727665 0.222656846
v 16.1433758 21.6897683 0.0349999964
v 16.1497363 21.6946488 0.0429999977
v 16.1478733 21.6932194 0.0373431444
v 16.1433758 21.6897683 0.224999994
v 16.1497363 21.6946488 0.216999993
v 16.1478733 21.6932194 0.222656846
v 16.1684174 21.6522909 0.0349999964
v 16.1753604 21.6562995 0.0429999977
v 16.1733269 21.6551255 0.0373431444
v 16.1684174 21.6522909 0.224999994
v 16.1753604 21.6562995 0.216999993
v 16.1733269 21.6551255 0.222656846
v 16.1883529 21.6118658 0.0349999964
v 16.1957598 21.6149337 0.0429999977
v 16.1935903 21.6140352 0.0373431444
v 16.1883529 21.6118658 0.224999994
v 16.1957598 21.6149337 0.216999993
v 16.1935903 21.6140352 0.222656846
v 16.2028413 21.5691842 0.0349999964
v 16.2105853 21.5712591 0.0429999977
v 16.2083172 21.5706514 0.0373431444
v 16.2028413 21.5691842 0.224999994
v 16.2105853 21.5712591 0.216999993
v 16.2083172 21.5706514 0.222656846
v 16.2116348 21.5249766 0.0349999964
v 16.2195834 21.5260231 0.0429999977
v 16.2172553 21.5257166 0.0373431444
v 16.2116348 21.5249766 0.224999994
v 16.2195834 21.5260231 0.216999993
v 16.2172553 21.5257166 0.222656846
v 16.2145827 21.4799995 0.0349999964
v 16.2225999 21.4799995 0.0429999977
v 16.2202517 21.4799995 0.0373431444
v 16.2145827 21.4799995 0.224999994
v 16.2225999 21.4799995 0.216999993
v 16.2202517 21.4799995 0.222656846
v 16.2116348 21.4350225 0.0349999964
v 16.2195834 21.433976 0.0429999977
v 16.2172553 21.4342825 0.0373431444
v 16.2116348 21.4350225 0.224999994
v 16.2195834 21.433976 0.216999993
v 16.2172553 21.4342825 0.222656846
v 16.2028413 21.3908149 0.0349999964
v 16.2105853 21.3887399 0.0429999977
v 16.2083172 21.3893477 0.0373431444
v 16.2028413 21.3908149 0.224999994
v 16.2105853 21.3887399 0.216999993
v 16.2083172 21.3893477 0.222656846
v 16.1883529 21.3481333 0.0349999964
v 16.1957598 21.3450654 0.0429999977
v 16.1935903 21.3459639 0.0373431444
v 16.1883529 21.3481333 0.224999994
v 16.1957598 21.3450654 0.216999993
v 16.1935903 21.3459639 0.222656846
v 16.1684174 21.3077082 0.0349999964
v 16.1753604 21.3036995 0.0429999977
v 16.1733269 21.3048736 0.0373431444
v 16.1684174 21.3077082 0.224999994
v 16.1753604 21.3036995 0.216999993
v 16.1733269 21.3048736 0.222656846
v 16.1433758 21.2702308 0.0349999964
v 16.1497363 21.2653503 0.0429999977
v 16.1478733 21.2667797 0.0373431444
v 16.1433758 21.2702308 0.224999994
v 16.1497363 21.2653503 0.216999993
v 16.1478733 21.2667797 0.222656846
v 16.1136567 21.2363427 0.0349999964
v 16.1193257 21.2306737 0.0429999977
v 16.1176653 21.2323341 0.0373431444
v 16.1136567 21.2363427 0.224999994
v 16.1193257 21.2306737 0.216999993
v 16.1176653 21.2323341 0.222656846
v 16.0797687 21.2066236 0.0349999964
v 16.0846492 21.2002631 0.0429999977
v 16.0832197 21.2021261 0.0373431444
v 16.0797687 21.2066236 0.224999994
v 16.0846492 21.2002631 0.216999993
v 16.0832197 21.2021261 0.222656846
v 16.0422913 21.181582 0.0349999964
v 16.0462999 21.174639 0.0429999977
v 16.0451258 21.1766725 0.0373431444
v 16.0422913 21.181582 0.224999994
v 16.0462999 21.174639 0.216999993
v 16.0451258 21.1766725 0.222656846
v 16.0018662 21.1616466 0.0349999964
v 16.0049341 21.1542396 0.0429999977
v 16.0040355 21.1564091 0.0373431444
v 16.0018662 21.1616466 0.224999994
v 16.0049341 21.1542396 0.216999993
v 16.0040355 21.1564091 0.222656846
v 15.9591845 21.1471581 0.0349999964
v 15.9612595 21.1394141 0.0429999977
v 15.9606517 21.1416823 0.0373431444
v 15.9591845 21.1471581 0.224999994
v 15.9612595 21.1394141 0.216999993
v 15.9606517 21.1416823 0.222656846
v 15.9149769 21.1383646 0.0349999964
v 15.9160234 21.1304161 0.0429999977
v 15.9157169 21.1327441 0.0373431444
v 15.9149769 21.1383646 0.224999994
v 15.9160234 21.1304161 0.216999993
v 15.9157169 21.1327441 0.222656846
v 15.8699999 21.1354167 0.0349999964
v 15.8699999 21.1273995 0.0429999977
v 15.8699999 21.1297477 0.0373431444
v 15.8699999 21.1354167 0.224999994
v 15.8699999 21.1273995 0.216999993
v 15.8699999 21.1297477 0.222656846
v 15.8250228 21.1383646 0.0349999964
v 15.8239763 21.1304161 0.0429999977
v 15.8242829 21.1327441 0.0373431444
v 15.8250228 21.1383646 0.224999994
v 15.8239763 21.1304161 0.216999993
v 15.8242829 21.1327441 0.222656846
v 15.7808153 21.1471581 0.0349999964
v 15.7787403 21.1394141 0.0429999977
v 15.779348 21.1416823 0.0373431444
v 15.7808153 21.1471581 0.224999994
v 15.7787403 21.1394141 0.216999993
v 15.779348 21.1416823 0.222656846
v 15.7381336 21.1616466 0.0349999964
v 15.7350657 21.1542396 0.0429999977
v 15.7359643 21.1564091 0.0373431444
v 15.7381336 21.1616466 0.224999994
v 15.7350657 21.1542396 0.216999993
v 15.7359643 21.1564091 0.222656846
v 15.6977085 21.181582 0.0349999964
v 15.6936999 21.174639 0.0429999977
v 15.694874 21.1766725 0.0373431444
v 15.6977085 21.181582 0.224999994
v 15.6936999 21.174639 0.216999993
v 15.694874 21.1766725 0.222656846
v 15.6602311 21.2066236 0.0349999964
v 15.6553506 21.2002631 0.0429999977
v 15.6567801 21.2021261 0.0373431444
v 15.6602311 21.2066236 0.224999994
v 15.6553506 21.2002631 0.216999993
v 15.6567801 21.2021261 0.222656846
v 15.626343 21.2363427 0.0349999964
v 15.620674 21.2306737 0.0429999977
v 15.6223344 21.2323341 0.0373431444
v 15.626343 21.2363427 0.224999994
v 15.620674 21.2306737 0.216999993
v 15.6223344 21.2323341 0.222656846
v 15.596624 21.2702308 0.0349999964
v 15.5902635 21.2653503 0.0429999977
v 15.5921264 21.2667797 0.0373431444
v 15.596624 21.2702308 0.224999994
v 15.5902635 21.2653503 0.216999993
v 15.5921264 21.2667797 0.222656846
v 15.5715823 21.3077082 0.0349999964
v 15.5646393 21.3036995 0.0429999977
v 15.5666729 21.3048736 0.0373431444
v 15.5715823 21.3077082 0.224999994
v 15.5646393 21.3036995 0.216999993
v 15.5666729 21.3048736 0.222656846
v 15.5516469 21.3481333 0.0349999964
v 15.54424 21.3450654 0.0429999977
v 15.5464094 21.3459639 0.0373431444
v 15.5516469 21.3481333 0.224999994
v 15.54424 21.3450654 0.216999993
v 15.5464094 21.3459639 0.222656846
v 15.5371585 21.3908149 0.0349999964
v 15.5294144 21.3887399 0.0429999977
v 15.5316826 21.3893477 0.0373431444
v 15.5371585 21.3908149 0.224999994
v 15.5294144 21.3887399 0.216999993
v 15.5316826 21.3893477 0.222656846
v 15.528365 21.4350225 0.0349999964
v 15.5204164 21.433976 0.0429999977
v 15.5227445 21.4342825 0.0373431444
v 15.528365 21.4350225 0.224999994
v 15.5204164 21.433976 0.216999993
v 15.5227445 21.4342825 0.222656846
v 15.5254171 21.4799995 0.0349999964
v 15.5173999 21.4799995 0.0429999977
v 15.5197481 21.4799995 0.0373431444
v 15.5254171 21.4799995 0.224999994
v 15.5173999 21.4799995 0.216999993
v 15.5197481 21.4799995 0.222656846
v 15.528365 21.5249766 0.0349999964
v 15.5204164 21.5260231 0.0429999977
v 15.5227445 21.5257166 0.0373431444
v 15.528365 21.5249766 0.224999994
v 15.5204164 21.5260231 0.216999993
v 15.5227445 21.5257166 0.222656846
v 15.5371585 21.5691842 0.0349999964
v 15.5294144 21.5712591 0.0429999977
v 15.5316826 21.5706514 0.0373431444
v 15.5371585 21.5691842 0.224999994
v 15.5294144 21.5712591 0.216999993
v 15.5316826 21.5706514 0.222656846
v 15.5516469 21.6118658 0.0349999964
v 15.54424 21.6149337 0.0429999977
v 15.5464094 21.6140352 0.0373431444
v 15.5516469 21.6118658 0.224999994
v 15.54424 21.6149337 0.216999993
v 15.5464094 21.6140352 0.222656846
v 15.5715823 21.6522909 0.0349999964
v 15.5646393 21.6562995 0.0429999977
v 15.5666729 21.6551255 0.0373431444
v 15.5715823 21.6522909 0.224999994
v 15.5646393 21.6562995 0.216999993
v 15.5666729 21.6551255 0.222656846
v 15.596624 21.6897683 0.0349999964
v 15.5902635 21.6946488 0.0429999977
v 15.5921264 21.6932194 0.0373431444
v 15.596624 21.6897683 0.224999994
v 15.5902635 21.6946488 0.216999993
v 15.5921264 21.6932194 0.222656846
v 15.626343 21.7236564 0.0349999964
v 15.620674 21.7293254 0.0429999977
v 15.6223344 21.727665 0.0373431444
v 15.626343 21.7236564 0.224999994
v 15.620674 21.7293254 0.216999993
v 15.6223344 21.727665 0.222656846
v 15.6602311 21.7533755 0.0349999964
v 15.6553506 21.7597359 0.0429999977
v 15.6567801 21.757873 0.0373431444
v 15.6602311 21.7533755 0.224999994
v 15.6553506 21.7597359 0.216999993
v 15.6567801 21.757873 0.222656846
v 15.6977085 21.7784171 0.0349999964
v 15.6936999 21.7853601 0.0429999977
v 15.694874 21.7833266 0.0373431444
v 15.6977085 21.7784171 0.224999994
v 15.6936999 21.7853601 0.216999993
v 15.694874 21.7833266 0.222656846
v 15.7381336 21.7983525 0.0349999964
v 15.7350657 21.8057595 0.0429999977
v 15.7359643 21.80359 0.0373431444
v 15.7381336 21.7983525 0.224999994
v 15.7350657 21.8057595 0.216999993
v 15.7359643 21.80359 0.222656846
v 15.7808153 21.812841 0.0349999964
v 15.7787403 21.820585 0.0429999977
v 15.779348 21.8183168 0.0373431444
v 15.7808153 21.812841 0.224999994
v 15.7787403 21.820585 0.216999993
v 15.779348 21.8183168 0.222656846
v 15.8250228 21.8216344 0.0349999964
v 15.8239763 21.829583 0.0429999977
v 15.8242829 21.827255 0.0373431444
v 15.8250228 21.8216344 0.224999994
v 15.8239763 21.829583 0.216999993
v 15.8242829 21.827255 0.222656846
v 12.7919998 20.778182 0.0349999964
v 12.7919998 20.7861992 0.0429999977
v 12.7919998 20.783851 0.0373431444
v 12.7919998 20.778182 0.224999994
v 12.7919998 20.7861992 0.216999993
v 12.7919998 20.783851 0.222656846
v 12.8294847 20.7757252 0.0349999964
v 12.8305312 20.7836737 0.0429999977
v 12.8302246 20.7813457 0.0373431444
v 12.8294847 20.7757252 0.224999994
v 12.8305312 20.7836737 0.216999993
v 12.8302246 20.7813457 0.222656846
v 12.8663282 20.7683965 0.0349999964
v 12.8684032 20.7761405 0.0429999977
v 12.8677955 20.7738723 0.0373431444
v 12.8663282 20.7683965 0.224999994
v 12.8684032 20.7761405 0.216999993
v 12.8677955 20.7738723 0.222656846
v 12.9019001 20.7563215 0.0349999964
v 12.904968 20.7637284 0.0429999977
v 12.9040694 20.761559 0.0373431444
v 12.9019001 20.7563215 0.224999994
v 12.904968 20.7637284 0.216999993
v 12.9040694 20.761559 0.222656846
v 12.9355912 20.7397069 0.0349999964
v 12.9395998 20.7466499 0.0429999977
v 12.9384257 20.7446164 0.0373431444
v 12.9355912 20.7397069 0.224999994
v 12.9395998 20.7466499 0.216999993
v 12.9384257 20.7446164 0.222656846
v 12.9668256 20.7188367 0.0349999964
v 12.9717062 20.7251971 0.0429999977
v 12.9702767 20.7233341 0.0373431444
v 12.9668256 20.7188367 0.224999994
v 12.9717062 20.7251971 0.216999993
v 12.9702767 20.7233341 0.222656846
v 12.9950687 20.6940681 0.0349999964
v 13.0007377 20.6997371 0.0429999977
v 12.9990773 20.6980767 0.0373431444
v 12.9950687 20.6940681 0.224999994
v 13.0007377 20.6997371 0.216999993
v 12.9990773 20.6980767 0.222656846
v 13.0198372 20.6658251 0.0349999964
v 13.0261977 20.6707056 0.0429999977
v 13.0243347 20.6692761 0.0373431444
v 13.0198372 20.6658251 0.224999994
v 13.0261977 20.6707056 0.216999993
v 13.0243347 20.6692761 0.222656846
v 13.0407075 20.6345906 0.0349999964
v 13.0476505 20.6385992 0.0429999977
v 13.045617 20.6374251 0.0373431444
v 13.0407075 20.6345906 0.224999994
v 13.0476505 20.6385992 0.216999993
v 13.045617 20.6374251 0.222656846
v 13.0573221 20.6008995 0.0349999964
v 13.064729 20.6039674 0.0429999977
v 13.0625596 20.6030688 0.0373431444
v 13.0573221 20.6008995 0.224999994
v 13.064729 20.6039674 0.216999993
v 13.0625596 20.6030688 0.222656846
v 13.0693971 20.5653276 0.0349999964
v 13.0771411 20.5674026 0.0429999977
v 13.0748729 20.5667949 0.0373431444
v 13.0693971 20.5653276 0.224999994
v 13.0771411 20.5674026 0.216999993
v 13.0748729 20.5667949 0.222656846
v 13.0767258 20.5284841 0.0349999964
v 13.0846743 20.5295306 0.0429999977
v 13.0823463 20.529224 0.0373431444
v 13.0767258 20.5284841 0.224999994
v 13.0846743 20.5295306 0.216999993
v 13.0823463 20.529224 0.222656846
v 13.0791826 20.4909992 0.0349999964
v 13.0871998 20.4909992 0.0429999977
v 13.0848516 20.4909992 0.0373431444
v 13.0791826 20.4909992 0.224999994
v 13.0871998 20.4909992 0.216999993
v 13.0848516 20.4909992 0.222656846
v 13.0767258 20.4535144 0.0349999964
v 13.0846743 20.4524679 0.0429999977
v 13.0823463 20.4527744 0.0373431444
v 13.0767258 20.4535144 0.224999994
v 13.0846743 20.4524679 0.216999993
v 13.0823463 20.4527744 0.222656846
v 13.0693971 20.4166708 0.0349999964
v 13.0771411 20.4145958 0.0429999977
v 13.0748729 20.4152036 0.0373431444
v 13.0693971 20.4166708 0.224999994
v 13.0771411 20.4145958 0.216999993
v 13.0748729 20.4152036 0.222656846
v 13.0573221 20.3810989 0.0349999964
v 13.064729 20.3780311 0.0429999977
v 13.0625596 20.3789296 0.0373431444
v 13.0573221 20.3810989 0.224999994
v 13.064729 20.3780311 0.216999993
v 13.0625596 20.3789296 0.222656846
v 13.0407075 20.3474078 0.0349999964
v 13.0476505 20.3433992 0.0429999977
v 13.045617 20.3445733 0.0373431444
v 13.0407075 20.3474078 0.224999994
v 13.0476505 20.3433992 0.216999993
v 13.045617 20.3445733 0.222656846
v 13.0198372 20.3161734 0.0349999964
v 13.0261977 20.3112929 0.0429999977
v 13.0243347 20.3127224 0.0373431444
v 13.0198372 20.3161734 0.224999994
v 13.0261977 20.3112929 0.216999993
v 13.0243347 20.3127224 0.222656846
v 12.9950687 20.2879303 0.0349999964
v 13.0007377 20.2822613 0.0429999977
v 12.9990773 20.2839217 0.0373431444
v 12.9950687 20.2879303 0.224999994
v 13.0007377 20.2822613 0.216999993
v 12.9990773 20.2839217 0.222656846
v 12.9668256 20.2631618 0.0349999964
v 12.9717062 20.2568013 0.0429999977
v 12.9702767 20.2586643 0.0373431444
v 12.9668256 20.2631618 0.224999994
v 12.9717062 20.2568013 0.216999993
v 12.9702767 20.2586643 0.222656846
v 12.9355912 20.2422916 0.0349999964
v 12.9395998 20.2353485 0.0429999977
v 12.9384257 20.2373821 0.0373431444
v 12.9355912 20.2422916 0.224999994
v 12.9395998 20.2353485 0.216999993
v 12.9384257 20.2373821 0.222656846
v 12.9019001 20.225677 0.0349999964
v 12.904968 20.21827 0.0429999977
v 12.9040694 20.2204395 0.0373431444
v 12.9019001 20.225677 0.224999994
v 12.904968 20.21827 0.216999993
v 12.9040694 20.2204395 0.222656846
v 12.8663282 20.2136019 0.0349999964
v 12.8684032 20.2058579 0.0429999977
v 12.8677955 20.2081261 0.0373431444
v 12.8663282 20.2136019 0.224999994
v 12.8684032 20.2058579 0.216999993
v 12.8677955 20.2081261 0.222656846
v 12.8294847 20.2062733 0.0349999964
v 12.8305312 20.1983247 0.0429999977
v 12.8302246 20.2006528 0.0373431444
v 12.8294847 20.2062733 0.224999994
v 12.8305312 20.1983247 0.216999993
v 12.8302246 20.2006528 0.222656846
v 12.7919998 20.2038164 0.0349999964
v 12.7919998 20.1957992 0.0429999977
v 12.7919998 20.1981474 0.0373431444
v 12.7919998 20.2038164 0.224999994
v 12.7919998 20.1957992 0.216999993
v 12.7919998 20.1981474 0.222656846
v 12.754515 20.2062733 0.0349999964
v 12.7534685 20.1983247 0.0429999977
v 12.753775 20.2006528 0.0373431444
v 12.754515 20.2062733 0.224999994
v 12.7534685 20.1983247 0.216999993
v 12.753775 20.2006528 0.222656846
v 12.7176714 20.2136019 0.0349999964
v 12.7155964 20.2058579 0.0429999977
v 12.7162042 20.2081261 0.0373431444
v 12.7176714 20.2136019 0.224999994
v 12.7155964 20.2058579 0.216999993
v 12.7162042 20.2081261 0.222656846
v 12.6820995 20.225677 0.0349999964
v 12.6790317 20.21827 0.0429999977
v 12.6799302 20.2204395 0.0373431444
v 12.6820995 20.225677 0.224999994
v 12.6790317 20.21827 0.216999993
v 12.6799302 20.2204395 0.222656846
v 12.6484084 20.2422916 0.0349999964
v 12.6443998 20.2353485 0.0429999977
v 12.6455739 20.2373821 0.0373431444
v 12.6484084 20.2422916 0.224999994
v 12.6443998 20.2353485 0.216999993
v 12.6455739 20.2373821 0.222656846
v 12.617174 20.2631618 0.0349999964
v 12.6122935 20.2568013 0.0429999977
v 12.613723 20.2586643 0.0373431444
v 12.617174 20.2631618 0.224999994
v 12.6122935 20.2568013 0.216999993
v 12.613723 20.2586643 0.222656846
v 12.5889309 20.2879303 0.0349999964
v 12.5832619 20.2822613 0.0429999977
v 12.5849223 20.2839217 0.0373431444
v 12.5889309 20.2879303 0.224999994
v 12.5832619 20.2822613 0.216999993
v 12.5849223 20.2839217 0.222656846
v 12.5641624 20.3161734 0.0349999964
v 12.5578019 20.3112929 0.0429999977
v 12.5596649 20.3127224 0.0373431444
v 12.5641624 20.3161734 0.224999994
v 12.5578019 20.3112929 0.216999993
v 12.5596649 20.3127224 0.222656846
v 12.5432922 20.3474078 0.0349999964
v 12.5363491 20.3433992 0.0429999977
v 12.5383827 20.3445733 0.0373431444
v 12.5432922 20.3474078 0.224999994
v 12.5363491 20.3433992 0.216999993
v 12.5383827 20.3445733 0.222656846
v 12.5266775 20.3810989 0.0349999964
v 12.5192706 20.3780311 0.0429999977
v 12.5214401 20.3789296 0.0373431444
v 12.5266775 20.3810989 0.224999994
v 12.5192706 20.3780311 0.216999993
v 12.5214401 20.3789296 0.222656846
v 12.5146025 20.4166708 0.0349999964
v 12.5068585 20.4145958 0.0429999977
v 12.5091267 20.4152036 0.0373431444
v 12.5146025 20.4166708 0.224999994
v 12.5068585 20.4145958 0.216999993
v 12.5091267 20.4152036 0.222656846
v 12.5072739 20.4535144 0.0349999964
v 12.4993253 20.4524679 0.0429999977
v 12.5016534 20.4527744 0.0373431444
v 12.5072739 20.4535144 0.224999994
v 12.4993253 20.4524679 0.216999993
v 12.5016534 20.4527744 0.222656846
v 12.504817 20.4909992 0.0349999964
v 12.4967998 20.4909992 0.0429999977
v 12.499148 20.4909992 0.0373431444
v 12.504817 20.4909992 0.224999994
v 12.4967998 20.4909992 0.216999993
v 12.499148 20.4909992 0.222656846
v 12.5072739 20.5284841 0.0349999964
v 12.4993253 20.5295306 0.0429999977
v 12.5016534 20.529224 0.0373431444
v 12.5072739 20.5284841 0.224999994
v 12.4993253 20.5295306 0.216999993
v 12.5016534 20.529224 0.222656846
v 12.5146025 20.5653276 0.0349999964
v 12.5068585 20.5674026 0.0429999977
v 12.5091267 20.5667949 0.0373431444
v 12.5146025 20.5653276 0.224999994
v 12.5068585 20.5674026 0.216999993
v 12.5091267 20.5667949 0.222656846
v 12.5266775 20.6008995 0.0349999964
v 12.5192706 20.6039674 0.0429999977
v 12.5214401 20.6030688 0.0373431444
v 12.5266775 20.6008995 0.224999994
v 12.5192706 20.6039674 0.216999993
v 12.5214401 20.6030688 0.222656846
v 12.5432922 20.6345906 0.0349999964
v 12.5363491 20.6385992 0.0429999977
v 12.5383827 20.6374251 0.0373431444
v 12.5432922 20.6345906 0.224999994
v 12.5363491 20.6385992 0.216999993
v 12.5383827 20.6374251 0.222656846
v 12.5641624 20.6658251 0.0349999964
v 12.5578019 20.6707056 0.0429999977
v 12.5596649 20.6692761 0.0373431444
v 12.5641624 20.6658251 0.224999994
v 12.5578019 20.6707056 0.216999993
v 12.5596649 20.6692761 0.222656846
v 12.5889309 20.6940681 0.0349999964
v 12.5832619 20.6997371 0.0429999977
v 12.5849223 20.6980767 0.0373431444
v 12.5889309 20.6940681 0.224999994
v 12.5832619 20.6997371 0.216999993
v 12.5849223 20.6980767 0.222656846
v 12.617174 20.7188367 0.0349999964
v 12.6122935 20.7251971 0.0429999977
v 12.613723 20.7233341 0.0373431444
v 12.617174 20.7188367 0.224999994
v 12.6122935 20.7251971 0.216999993
v 12.613723 20.7233341 0.222656846
v 12.6484084 20.7397069 0.0349999964
v 12.6443998 20.7466499 0.0429999977
v 12.6455739 20.7446164 0.0373431444
v 12.6484084 20.7397069 0.224999994
v 12.6443998 20.7466499 0.216999993
v 12.6455739 20.7446164 0.222656846
v 12.6820995 20.7563215 0.0349999964
v 12.6790317 20.7637284 0.0429999977
v 12.6799302 20.761559 0.0373431444
v 12.6820995 20.7563215 0.224999994
v 12.6790317 20.7637284 0.216999993
v 12.6799302 20.761559 0.222656846
v 12.7176714 20.7683965 0.0349999964
v 12.7155964 20.7761405 0.0429999977
v 12.7162042 20.7738723 0.0373431444
v 12.7176714 20.7683965 0.224999994
v 12.7155964 20.7761405 0.216999993
v 12.7162042 20.7738723 0.222656846
v 12.754515 20.7757252 0.0349999964
v 12.7534685 20.7836737 0.0429999977
v 12.753775 20.7813457 0.0373431444
v 12.754515 20.7757252 0.224999994
v 12.7534685 20.7836737 0.216999993
v 12.753775 20.7813457 0.222656846
v 13.3959999 20.7256225 0.0349999964
v 13.3959999 20.7336397 0.0429999977
v 13.3959999 20.7312915 0.0373431444
v 13.3959999 20.7256225 0.224999994
v 13.3959999 20.7336397 0.216999993
v 13.3959999 20.7312915 0.222656846
v 13.4326285 20.7232217 0.0349999964
v 13.433675 20.7311703 0.0429999977
v 13.4333685 20.7288423 0.0373431444
v 13.4326285 20.7232217 0.224999994
v 13.433675 20.7311703 0.216999993
v 13.4333685 20.7288423 0.222656846
v 13.4686305 20.7160605 0.0349999964
v 13.4707054 20.7238045 0.0429999977
v 13.4700977 20.7215363 0.0373431444
v 13.4686305 20.7160605 0.224999994
v 13.4707054 20.7238045 0.216999993
v 13.4700977 20.7215363 0.222656846
v 13.5033898 20.7042613 0.0349999964
v 13.5064577 20.7116683 0.0429999977
v 13.5055591 20.7094988 0.0373431444
v 13.5033898 20.7042613 0.224999994
v 13.5064577 20.7116683 0.216999993
v 13.5055591 20.7094988 0.222656846
v 13.5363113 20.6880262 0.0349999964
v 13.5403199 20.6949693 0.0429999977
v 13.5391458 20.6929356 0.0373431444
v 13.5363113 20.6880262 0.224999994
v 13.5403199 20.6949693 0.216999993
v 13.5391458 20.6929357 0.222656846
v 13.5668323 20.6676327 0.0349999964
v 13.5717128 20.6739932 0.0429999977
v 13.5702834 20.6721302 0.0373431444
v 13.5668323 20.6676327 0.224999994
v 13.5717128 20.6739932 0.216999993
v 13.5702834 20.6721302 0.222656846
v 13.5944302 20.64343 0.0349999964
v 13.6000992 20.649099 0.0429999977
v 13.5984388 20.6474386 0.0373431444
v 13.5944302 20.64343 0.224999994
v 13.6000992 20.649099 0.216999993
v 13.5984388 20.6474386 0.222656846
v 13.6186329 20.6158321 0.0349999964
v 13.6249934 20.6207126 0.0429999977
v 13.6231305 20.6192831 0.0373431444
v 13.6186329 20.6158321 0.224999994
v 13.6249934 20.6207126 0.216999993
v 13.6231305 20.6192831 0.222656846
v 13.6390264 20.5853111 0.0349999964
v 13.6459695 20.5893197 0.0429999977
v 13.6439359 20.5881456 0.0373431444
v 13.6390264 20.5853111 0.224999994
v 13.6459695 20.5893197 0.216999993
v 13.6439359 20.5881456 0.222656846
v 13.6552615 20.5523895 0.0349999964
v 13.6626685 20.5554574 0.0429999977
v 13.660499 20.5545589 0.0373431444
v 13.6552615 20.5523895 0.224999994
v 13.6626685 20.5554574 0.216999993
v 13.660499 20.5545589 0.222656846
v 13.6670607 20.5176303 0.0349999964
v 13.6748047 20.5197052 0.0429999977
v 13.6725366 20.5190975 0.0373431444
v 13.6670607 20.5176303 0.224999994
v 13.6748047 20.5197052 0.216999993
v 13.6725366 20.5190975 0.222656846
v 13.674222 20.4816283 0.0349999964
v 13.6821705 20.4826748 0.0429999977
v 13.6798425 20.4823683 0.0373431444
v 13.674222 20.4816283 0.224999994
v 13.6821705 20.4826748 0.216999993
v 13.6798425 20.4823683 0.222656846
v 13.6766227 20.4449997 0.0349999964
v 13.6846399 20.4449997 0.0429999977
v 13.6822917 20.4449997 0.0373431444
v 13.6766227 20.4449997 0.224999994
v 13.6846399 20.4449997 0.216999993
v 13.6822917 20.4449997 0.222656846
v 13.674222 20.4083711 0.0349999964
v 13.6821705 20.4073246 0.0429999977
v 13.6798425 20.4076311 0.0373431444
v 13.674222 20.4083711 0.224999994
v 13.6821705 20.4073246 0.216999993
v 13.6798425 20.4076311 0.222656846
v 13.6670607 20.3723691 0.0349999964
v 13.6748047 20.3702942 0.0429999977
v 13.6725366 20.3709019 0.0373431444
v 13.6670607 20.3723691 0.224999994
v 13.6748047 20.3702942 0.216999993
v 13.6725366 20.3709019 0.222656846
v 13.6552615 20.3376098 0.0349999964
v 13.6626685 20.3345419 0.0429999977
v 13.660499 20.3354405 0.0373431444
v 13.6552615 20.3376098 0.224999994
v 13.6626685 20.3345419 0.216999993
v 13.660499 20.3354405 0.222656846
v 13.6390264 20.3046883 0.0349999964
v 13.6459695 20.3006797 0.0429999977
v 13.6439359 20.3018538 0.0373431444
v 13.6390264 20.3046883 0.224999994
v 13.6459695 20.3006797 0.216999993
v 13.6439359 20.3018538 0.222656846
v 13.6186329 20.2741673 0.0349999964
v 13.6249934 20.2692868 0.0429999977
v 13.6231305 20.2707162 0.0373431444
v 13.6186329 20.2741673 0.224999994
v 13.6249934 20.2692868 0.216999993
v 13.6231305 20.2707162 0.222656846
v 13.5944302 20.2465694 0.0349999964
v 13.6000992 20.2409004 0.0429999977
v 13.5984388 20.2425608 0.0373431444
v 13.5944302 20.2465694 0.224999994
v 13.6000992 20.2409004 0.216999993
v 13.5984388 20.2425608 0.222656846
v 13.5668323 20.2223667 0.0349999964
v 13.5717128 20.2160062 0.0429999977
v 13.5702834 20.2178691 0.0373431444
v 13.5668323 20.2223667 0.224999994
v 13.5717128 20.2160062 0.216999993
v 13.5702834 20.2178691 0.222656846
v 13.5363113 20.2019732 0.0349999964
v 13.5403199 20.1950301 0.0429999977
v 13.5391458 20.1970637 0.0373431444
v 13.5363113 20.2019732 0.224999994
v 13.5403199 20.1950301 0.216999993
v 13.5391458 20.1970637 0.222656846
v 13.5033898 20.1857381 0.0349999964
v 13.5064577 20.1783311 0.0429999977
v 13.5055591 20.1805006 0.0373431444
v 13.5033898 20.1857381 0.224999994
v 13.5064577 20.1783311 0.216999993
v 13.5055591 20.1805006 0.222656846
v 13.4686305 20.1739389 0.0349999964
v 13.4707054 20.1661949 0.0429999977
v 13.4700977 20.1684631 0.0373431444
v 13.4686305 20.1739389 0.224999994
v 13.4707054 20.1661949 0.216999993
v 13.4700977 20.1684631 0.222656846
v 13.4326285 20.1667776 0.0349999964
v 13.433675 20.1588291 0.0429999977
v 13.4333685 20.1611571 0.0373431444
v 13.4326285 20.1667776 0.224999994
v 13.433675 20.1588291 0.216999993
v 13.4333685 20.1611571 0.222656846
v 13.3959999 20.1643769 0.0349999964
v 13.3959999 20.1563597 0.0429999977
v 13.3959999 20.1587079 0.0373431444
v 13.3959999 20.1643769 0.224999994
v 13.3959999 20.1563597 0.216999993
v 13.3959999 20.1587079 0.222656846
v 13.3593713 20.1667776 0.0349999964
v 13.3583248 20.1588291 0.0429999977
v 13.3586313 20.1611571 0.0373431444
v 13.3593713 20.1667776 0.224999994
v 13.3583248 20.1588291 0.216999993
v 13.3586313 20.1611571 0.222656846
v 13.3233693 20.1739389 0.0349999964
v 13.3212944 20.1661949 0.0429999977
v 13.3219021 20.1684631 0.0373431444
v 13.3233693 20.1739389 0.224999994
v 13.3212944 20.1661949 0.216999993
v 13.3219021 20.1684631 0.222656846
v 13.2886101 20.1857381 0.0349999964
v 13.2855422 20.1783311 0.0429999977
v 13.2864407 20.1805006 0.0373431444
v 13.2886101 20.1857381 0.224999994
v 13.2855422 20.1783311 0.216999993
v 13.2864407 20.1805006 0.222656846
v 13.2556885 20.2019732 0.0349999964
v 13.2516799 20.1950301 0.0429999977
v 13.252854 20.1970637 0.0373431444
v 13.2556885 20.2019732 0.224999994
v 13.2516799 20.1950301 0.216999993
v 13.252854 20.1970637 0.222656846
v 13.2251675 20.2223667 0.0349999964
v 13.220287 20.2160062 0.0429999977
v 13.2217165 20.2178691 0.0373431444
v 13.2251675 20.2223667 0.224999994
v 13.220287 20.2160062 0.216999993
v 13.2217165 20.2178691 0.222656846
v 13.1975696 20.2465694 0.0349999964
v 13.1919006 20.2409004 0.0429999977
v 13.193561 20.2425608 0.0373431444
v 13.1975696 20.2465694 0.224999994
v 13.1919006 20.2409004 0.216999993
v 13.193561 20.2425608 0.222656846
v 13.1733669 20.2741673 0.0349999964
v 13.1670064 20.2692868 0.0429999977
v 13.1688694 20.2707162 0.0373431444
v 13.1733669 20.2741673 0.224999994
v 13.1670064 20.2692868 0.216999993
v 13.1688694 20.2707162 0.222656846
v 13.1529734 20.3046883 0.0349999964
v 13.1460304 20.3006797 0.0429999977
v 13.1480639 20.3018538 0.0373431444
v 13.1529734 20.3046883 0.224999994
v 13.1460304 20.3006797 0.216999993
v 13.148064 20.3018538 0.222656846
v 13.1367383 20.3376098 0.0349999964
v 13.1293313 20.3345419 0.0429999977
v 13.1315008 20.3354405 0.0373431444
v 13.1367383 20.3376098 0.224999994
v 13.1293313 20.3345419 0.216999993
v 13.1315008 20.3354405 0.222656846
v 13.1249391 20.3723691 0.0349999964
v 13.1171951 20.3702942 0.0429999977
v 13.1194633 20.3709019 0.0373431444
v 13.1249391 20.3723691 0.224999994
v 13.1171951 20.3702942 0.216999993
v 13.1194633 20.3709019 0.222656846
v 13.1177779 20.4083711 0.0349999964
v 13.1098293 20.4073246 0.0429999977
v 13.1121573 20.4076311 0.0373431444
v 13.1177779 20.4083711 0.224999994
v 13.1098293 20.4073246 0.216999993
v 13.1121573 20.4076311 0.222656846
v 13.1153771 20.4449997 0.0349999964
v 13.1073599 20.4449997 0.0429999977
v 13.1097081 20.4449997 0.0373431444
v 13.1153771 20.4449997 0.224999994
v 13.1073599 20.4449997 0.216999993
v 13.1097081 20.4449997 0.222656846
v 13.1177779 20.4816283 0.0349999964
v 13.1098293 20.4826748 0.0429999977
v 13.1121573 20.4823683 0.0373431444
v 13.1177779 20.4816283 0.224999994
v 13.1098293 20.4826748 0.216999993
v 13.1121573 20.4823683 0.222656846
v 13.1249391 20.5176303 0.0349999964
v 13.1171951 20.5197052 0.0429999977
v 13.1194633 20.5190975 0.0373431444
v 13.1249391 20.5176303 0.224999994
v 13.1171951 20.5197052 0.216999993
v 13.1194633 20.5190975 0.222656846
v 13.1367383 20.5523895 0.0349999964
v 13.1293313 20.5554574 0.0429999977
v 13.1315008 20.5545589 0.0373431444
v 13.1367383 20.5523895 0.224999994
v 13.1293313 20.5554574 0.216999993
v 13.1315008 20.5545589 0.222656846
v 13.1529734 20.5853111 0.0349999964
v 13.1460304 20.5893197 0.0429999977
v 13.148064 20.5881456 0.0373431444
v 13.1529734 20.5853111 0.224999994
v 13.1460304 20.5893197 0.216999993
v 13.1480639 20.5881456 0.222656846
v 13.1733669 20.6158321 0.0349999964
v 13.1670064 20.6207126 0.0429999977
v 13.1688694 20.6192831 0.0373431444
v 13.1733669 20.6158321 0.224999994
v 13.1670064 20.6207126 0.216999993
v 13.1688694 20.6192831 0.222656846
v 13.1975696 20.64343 0.0349999964
v 13.1919006 20.649099 0.0429999977
v 13.193561 20.6474386 0.0373431444
v 13.1975696 20.64343 0.224999994
v 13.1919006 20.649099 0.216999993
v 13.193561 20.6474386 0.222656846
v 13.2251675 20.6676327 0.0349999964
v 13.220287 20.6739932 0.0429999977
v 13.2217165 20.6721302 0.0373431444
v 13.2251675 20.6676327 0.224999994
v 13.220287 20.6739932 0.216999993
v 13.2217165 20.6721302 0.222656846
v 13.2556885 20.6880262 0.0349999964
v 13.2516799 20.6949693 0.0429999977
v 13.252854 20.6929357 0.0373431444
v 13.2556885 20.6880262 0.224999994
v 13.2516799 20.6949693 0.216999993
v 13.252854 20.6929356 0.222656846
v 13.2886101 20.7042613 0.0349999964
v 13.2855422 20.7116683 0.0429999977
v 13.2864407 20.7094988 0.0373431444
v 13.2886101 20.7042613 0.224999994
v 13.2855422 20.7116683 0.216999993
v 13.2864407 20.7094988 0.222656846
v 13.3233693 20.7160605 0.0349999964
v 13.3212944 20.7238045 0.0429999977
v 13.3219021 20.7215363 0.0373431444
v 13.3233693 20.7160605 0.224999994
v 13.3212944 20.7238045 0.216999993
v 13.3219021 20.7215363 0.222656846
v 13.3593713 20.7232217 0.0349999964
v 13.3583248 20.7311703 0.0429999977
v 13.3586313 20.7288423 0.0373431444
v 13.3593713 20.7232217 0.224999994
v 13.3583248 20.7311703 0.216999993
v 13.3586313 20.7288423 0.222656846
v 12.3009996 21.0947838 0.0349999964
v 12.3009996 21.1028009 0.0429999977
v 12.3009996 21.1004528 0.0373431444
v 12.3009996 21.0947838 0.224999994
v 12.3009996 21.1028009 0.216999993
v 12.3009996 21.1004528 0.222656846
v 12.3416954 21.0921164 0.0349999964
v 12.3427419 21.100065 0.0429999977
v 12.3424354 21.097737 0.0373431444
v 12.3416954 21.0921164 0.224999994
v 12.3427419 21.100065 0.216999993
v 12.3424354 21.097737 0.222656846
v 12.381695 21.08416 0.0349999964
v 12.38377 21.091904 0.0429999977
v 12.3831622 21.0896358 0.0373431444
v 12.381695 21.08416 0.224999994
v 12.38377 21.091904 0.216999993
v 12.3831622 21.0896358 0.222656846
v 12.4203139 21.0710506 0.0349999964
v 12.4233818 21.0784576 0.0429999977
v 12.4224832 21.0762881 0.0373431444
v 12.4203139 21.0710506 0.224999994
v 12.4233818 21.0784576 0.216999993
v 12.4224832 21.0762881 0.222656846
v 12.4568911 21.0530128 0.0349999964
v 12.4608996 21.0599559 0.0429999977
v 12.4597256 21.0579223 0.0373431444
v 12.4568911 21.0530128 0.224999994
v 12.4608996 21.0599559 0.216999993
v 12.4597256 21.0579223 0.222656846
v 12.490801 21.0303549 0.0349999964
v 12.4956815 21.0367153 0.0429999977
v 12.4942521 21.0348524 0.0373431444
v 12.490801 21.0303549 0.224999994
v 12.4956815 21.0367153 0.216999993
v 12.4942521 21.0348524 0.222656846
v 12.5214634 21.0034647 0.0349999964
v 12.5271324 21.0091337 0.0429999977
v 12.525472 21.0074733 0.0373431444
v 12.5214634 21.0034647 0.224999994
v 12.5271324 21.0091337 0.216999993
v 12.525472 21.0074733 0.222656846
v 12.5483536 20.9728023 0.0349999964
v 12.554714 20.9776828 0.0429999977
v 12.5528511 20.9762534 0.0373431444
v 12.5483536 20.9728023 0.224999994
v 12.554714 20.9776828 0.216999993
v 12.5528511 20.9762534 0.222656846
v 12.5710115 20.9388924 0.0349999964
v 12.5779546 20.9429009 0.0429999977
v 12.575921 20.9417269 0.0373431444
v 12.5710115 20.9388924 0.224999994
v 12.5779546 20.9429009 0.216999993
v 12.575921 20.9417269 0.222656846
v 12.5890493 20.9023152 0.0349999964
v 12.5964563 20.9053831 0.0429999977
v 12.5942868 20.9044845 0.0373431444
v 12.5890493 20.9023152 0.224999994
v 12.5964563 20.9053831 0.216999993
v 12.5942868 20.9044845 0.222656846
v 12.6021587 20.8636963 0.0349999964
v 12.6099027 20.8657713 0.0429999977
v 12.6076345 20.8651635 0.0373431444
v 12.6021587 20.8636963 0.224999994
v 12.6099027 20.8657713 0.216999993
v 12.6076345 20.8651635 0.222656846
v 12.6101151 20.8236967 0.0349999964
v 12.6180637 20.8247432 0.0429999977
v 12.6157357 20.8244367 0.0373431444
v 12.6101151 20.8236967 0.224999994
v 12.6180637 20.8247432 0.216999993
v 12.6157357 20.8244367 0.222656846
v 12.6127824 20.7830009 0.0349999964
v 12.6207996 20.7830009 0.0429999977
v 12.6184514 20.7830009 0.0373431444
v 12.6127824 20.7830009 0.224999994
v 12.6207996 20.7830009 0.216999993
v 12.6184514 20.7830009 0.222656846
v 12.6101151 20.7423052 0.0349999964
v 12.6180637 20.7412587 0.0429999977
v 12.6157357 20.7415652 0.0373431444
v 12.6101151 20.7423052 0.224999994
v 12.6180637 20.7412587 0.216999993
v 12.6157357 20.7415652 0.222656846
v 12.6021587 20.7023056 0.0349999964
v 12.6099027 20.7002306 0.0429999977
v 12.6076345 20.7008384 0.0373431444
v 12.6021587 20.7023056 0.224999994
v 12.6099027 20.7002306 0.216999993
v 12.6076345 20.7008384 0.222656846
v 12.5890493 20.6636867 0.0349999964
v 12.5964563 20.6606188 0.0429999977
v 12.5942868 20.6615173 0.0373431444
v 12.5890493 20.6636867 0.224999994
v 12.5964563 20.6606188 0.216999993
v 12.5942868 20.6615173 0.222656846
v 12.5710115 20.6271095 0.0349999964
v 12.5779546 20.623101 0.0429999977
v 12.575921 20.624275 0.0373431444
v 12.5710115 20.6271095 0.224999994
v 12.5779546 20.623101 0.216999993
v 12.575921 20.624275 0.222656846
v 12.5483536 20.5931996 0.0349999964
v 12.554714 20.588319 0.0429999977
v 12.5528511 20.5897485 0.0373431444
v 12.5483536 20.5931996 0.224999994
v 12.554714 20.588319 0.216999993
v 12.5528511 20.5897485 0.222656846
v 12.5214634 20.5625372 0.0349999964
v 12.5271324 20.5568682 0.0429999977
v 12.525472 20.5585286 0.0373431444
v 12.5214634 20.5625372 0.224999994
v 12.5271324 20.5568682 0.216999993
v 12.525472 20.5585286 0.222656846
v 12.490801 20.535647 0.0349999964
v 12.4956815 20.5292866 0.0429999977
v 12.4942521 20.5311495 0.0373431444
v 12.490801 20.535647 0.224999994
v 12.4956815 20.5292866 0.216999993
v 12.4942521 20.5311495 0.222656846
v 12.4568911 20.5129891 0.0349999964
v 12.4608996 20.506046 0.0429999977
v 12.4597256 20.5080796 0.0373431444
v 12.4568911 20.5129891 0.224999994
v 12.4608996 20.506046 0.216999993
v 12.4597256 20.5080796 0.222656846
v 12.4203139 20.4949512 0.0349999964
v 12.4233818 20.4875443 0.0429999977
v 12.4224832 20.4897138 0.0373431444
v 12.4203139 20.4949512 0.224999994
v 12.4233818 20.4875443 0.216999993
v 12.4224832 20.4897138 0.222656846
v 12.381695 20.4818419 0.0349999964
v 12.38377 20.4740979 0.0429999977
v 12.3831622 20.476366 0.0373431444
v 12.381695 20.4818419 0.224999994
v 12.38377 20.4740979 0.216999993
v 12.3831622 20.476366 0.222656846
v 12.3416954 20.4738854 0.0349999964
v 12.3427419 20.4659369 0.0429999977
v 12.3424354 20.4682649 0.0373431444
v 12.3416954 20.4738854 0.224999994
v 12.3427419 20.4659369 0.216999993
v 12.3424354 20.4682649 0.222656846
v 12.3009996 20.4712181 0.0349999964
v 12.3009996 20.463201 0.0429999977
v 12.3009996 20.4655491 0.0373431444
v 12.3009996 20.4712181 0.224999994
v 12.3009996 20.463201 0.216999993
v 12.3009996 20.4655491 0.222656846
v 12.2603039 20.4738854 0.0349999964
v 12.2592574 20.4659369 0.0429999977
v 12.2595639 20.4682649 0.0373431444
v 12.2603039 20.4738854 0.224999994
v 12.2592574 20.4659369 0.216999993
v 12.2595639 20.4682649 0.222656846
v 12.2203043 20.4818419 0.0349999964
v 12.2182293 20.4740979 0.0429999977
v 12.2188371 20.476366 0.0373431444
v 12.2203043 20.4818419 0.224999994
v 12.2182293 20.4740979 0.216999993
v 12.2188371 20.476366 0.222656846
v 12.1816854 20.4949512 0.0349999964
v 12.1786175 20.4875443 0.0429999977
v 12.179516 20.4897138 0.0373431444
v 12.1816854 20.4949512 0.224999994
v 12.1786175 20.4875443 0.216999993
v 12.179516 20.4897138 0.222656846
v 12.1451082 20.5129891 0.0349999964
v 12.1410996 20.506046 0.0429999977
v 12.1422737 20.5080796 0.0373431444
v 12.1451082 20.5129891 0.224999994
v 12.1410996 20.506046 0.216999993
v 12.1422737 20.5080796 0.222656846
v 12.1111983 20.535647 0.0349999964
v 12.1063177 20.5292866 0.0429999977
v 12.1077472 20.5311495 0.0373431444
v 12.1111983 20.535647 0.224999994
v 12.1063177 20.5292866 0.216999993
v 12.1077472 20.5311495 0.222656846
v 12.0805359 20.5625372 0.0349999964
v 12.0748669 20.5568682 0.0429999977
v 12.0765273 20.5585286 0.0373431444
v 12.0805359 20.5625372 0.224999994
v 12.0748669 20.5568682 0.216999993
v 12.0765273 20.5585286 0.222656846
v 12.0536457 20.5931996 0.0349999964
v 12.0472853 20.588319 0.0429999977
v 12.0491482 20.5897485 0.0373431444
v 12.0536457 20.5931996 0.224999994
v 12.0472853 20.588319 0.216999993
v 12.0491482 20.5897485 0.222656846
v 12.0309878 20.6271095 0.0349999964
v 12.0240447 20.623101 0.0429999977
v 12.0260783 20.624275 0.0373431444
v 12.0309878 20.6271095 0.224999994
v 12.0240447 20.623101 0.216999993
v 12.0260783 20.624275 0.222656846
v 12.0129499 20.6636867 0.0349999964
v 12.005543 20.6606188 0.0429999977
v 12.0077125 20.6615173 0.0373431444
v 12.0129499 20.6636867 0.224999994
v 12.005543 20.6606188 0.216999993
v 12.0077125 20.6615173 0.222656846
v 11.9998406 20.7023056 0.0349999964
v 11.9920966 20.7002306 0.0429999977
v 11.9943647 20.7008384 0.0373431444
v 11.9998406 20.7023056 0.224999994
v 11.9920966 20.7002306 0.216999993
v 11.9943647 20.7008384 0.222656846
v 11.9918841 20.7423052 0.0349999964
v 11.9839356 20.7412587 0.0429999977
v 11.9862636 20.7415652 0.0373431444
v 11.9918841 20.7423052 0.224999994
v 11.9839356 20.7412587 0.216999993
v 11.9862636 20.7415652 0.222656846
v 11.9892168 20.7830009 0.0349999964
v 11.9811997 20.7830009 0.0429999977
v 11.9835478 20.7830009 0.0373431444
v 11.9892168 20.7830009 0.224999994
v 11.9811997 20.7830009 0.216999993
v 11.9835478 20.7830009 0.222656846
v 11.9918841 20.8236967 0.0349999964
v 11.9839356 20.8247432 0.0429999977
v 11.9862636 20.8244367 0.0373431444
v 11.9918841 20.8236967 0.224999994
v 11.9839356 20.8247432 0.216999993
v 11.9862636 20.8244367 0.222656846
v 11.9998406 20.8636963 0.0349999964
v 11.9920966 20.8657713 0.0429999977
v 11.9943647 20.8651635 0.0373431444
v 11.9998406 20.8636963 0.224999994
v 11.9920966 20.8657713 0.216999993
v 11.9943647 20.8651635 0.222656846
v 12.0129499 20.9023152 0.0349999964
v 12.005543 20.9053831 0.0429999977
v 12.0077125 20.9044845 0.0373431444
v 12.0129499 20.9023152 0.224999994
v 12.005543 20.9053831 0.216999993
v 12.0077125 20.9044845 0.222656846
v 12.0309878 20.9388924 0.0349999964
v 12.0240447 20.9429009 0.0429999977
v 12.0260783 20.9417269 0.0373431444
v 12.0309878 20.9388924 0.224999994
v 12.0240447 20.9429009 0.216999993
v 12.0260783 20.9417269 0.222656846
v 12.0536457 20.9728023 0.0349999964
v 12.0472853 20.9776828 0.0429999977
v 12.0491482 20.9762534 0.0373431444
v 12.0536457 20.9728023 0.224999994
v 12.0472853 20.9776828 0.216999993
v 12.0491482 20.9762534 0.222656846
v 12.0805359 21.0034647 0.0349999964
v 12.0748669 21.0091337 0.0429999977
v 12.0765273 21.0074733 0.0373431444
v 12.0805359 21.0034647 0.224999994
v 12.0748669 21.0091337 0.216999993
v 12.0765273 21.0074733 0.222656846
v 12.1111983 21.0303549 0.0349999964
v 12.1063177 21.0367153 0.0429999977
v 12.1077472 21.0348524 0.0373431444
v 12.1111983 21.0303549 0.224999994
v 12.1063177 21.0367153 0.216999993
v 12.1077472 21.0348524 0.222656846
v 12.1451082 21.0530128 0.0349999964
v 12.1410996 21.0599559 0.0429999977
v 12.1422737 21.0579223 0.0373431444
v 12.1451082 21.0530128 0.224999994
v 12.1410996 21.0599559 0.216999993
v 12.1422737 21.0579223 0.222656846
v 12.1816854 21.0710506 0.0349999964
v 12.1786175 21.0784576 0.0429999977
v 12.179516 21.0762881 0.0373431444
v 12.1816854 21.0710506 0.224999994
v 12.1786175 21.0784576 0.216999993
v 12.179516 21.0762881 0.222656846
v 12.2203043 21.08416 0.0349999964
v 12.2182293 21.091904 0.0429999977
v 12.2188371 21.0896358 0.0373431444
v 12.2203043 21.08416 0.224999994
v 12.2182293 21.091904 0.216999993
v 12.2188371 21.0896358 0.222656846
v 12.2603039 21.0921164 0.0349999964
v 12.2592574 21.100065 0.0429999977
v 12.2595639 21.097737 0.0373431444
v 12.2603039 21.0921164 0.224999994
v 12.2592574 21.100065 0.216999993
v 12.2595639 21.097737 0.222656846
v 12.1660004 21.963183 0.0349999964
v 12.1660004 21.9712002 0.0429999977
v 12.1660004 21.968852 0.0373431444
v 12.1660004 21.963183 0.224999994
v 12.1660004 21.9712002 0.216999993
v 12.1660004 21.968852 0.222656846
v 12.2088368 21.9603754 0.0349999964
v 12.2098833 21.968324 0.0429999977
v 12.2095768 21.9659959 0.0373431444
v 12.2088368 21.9603754 0.224999994
v 12.2098833 21.968324 0.216999993
v 12.2095768 21.9659959 0.222656846
v 12.2509404 21.9520005 0.0349999964
v 12.2530153 21.9597445 0.0429999977
v 12.2524076 21.9574763 0.0373431444
v 12.2509404 21.9520005 0.224999994
v 12.2530153 21.9597445 0.216999993
v 12.2524076 21.9574763 0.222656846
v 12.2915906 21.9382016 0.0349999964
v 12.2946585 21.9456085 0.0429999977
v 12.29376 21.9434391 0.0373431444
v 12.2915906 21.9382016 0.224999994
v 12.2946585 21.9456085 0.216999993
v 12.29376 21.9434391 0.222656846
v 12.3300917 21.9192149 0.0349999964
v 12.3341004 21.926158 0.0429999977
v 12.3329263 21.9241244 0.0373431444
v 12.3300917 21.9192149 0.224999994
v 12.3341004 21.926158 0.216999993
v 12.3329263 21.9241244 0.222656846
v 12.3657854 21.8953651 0.0349999964
v 12.370666 21.9017256 0.0429999977
v 12.3692365 21.8998627 0.0373431444
v 12.3657854 21.8953651 0.224999994
v 12.370666 21.9017256 0.216999993
v 12.3692365 21.8998627 0.222656846
v 12.3980607 21.8670605 0.0349999964
v 12.4037297 21.8727295 0.0429999977
v 12.4020693 21.8710691 0.0373431444
v 12.3980607 21.8670605 0.224999994
v 12.4037297 21.8727295 0.216999993
v 12.4020693 21.8710691 0.222656846
v 12.4263653 21.8347853 0.0349999964
v 12.4327258 21.8396658 0.0429999977
v 12.4308628 21.8382363 0.0373431444
v 12.4263653 21.8347853 0.224999994
v 12.4327258 21.8396658 0.216999993
v 12.4308628 21.8382363 0.222656846
v 12.4502151 21.7990916 0.0349999964
v 12.4571581 21.8031002 0.0429999977
v 12.4551246 21.8019261 0.0373431444
v 12.4502151 21.7990916 0.224999994
v 12.4571581 21.8031002 0.216999993
v 12.4551246 21.8019261 0.222656846
v 12.4692017 21.7605905 0.0349999964
v 12.4766087 21.7636584 0.0429999977
v 12.4744392 21.7627598 0.0373431444
v 12.4692017 21.7605905 0.224999994
v 12.4766087 21.7636584 0.216999993
v 12.4744392 21.7627598 0.222656846
v 12.4830006 21.7199402 0.0349999964
v 12.4907446 21.7220152 0.0429999977
v 12.4884765 21.7214074 0.0373431444
v 12.4830006 21.7199402 0.224999994
v 12.4907446 21.7220152 0.216999993
v 12.4884765 21.7214074 0.222656846
v 12.4913756 21.6778366 0.0349999964
v 12.4993241 21.6788831 0.0429999977
v 12.4969961 21.6785766 0.0373431444
v 12.4913756 21.6778366 0.224999994
v 12.4993241 21.6788831 0.216999993
v 12.4969961 21.6785766 0.222656846
v 12.4941832 21.6350002 0.0349999964
v 12.5022004 21.6350002 0.0429999977
v 12.4998522 21.6350002 0.0373431444
v 12.4941832 21.6350002 0.224999994
v 12.5022004 21.6350002 0.216999993
v 12.4998522 21.6350002 0.222656846
v 12.4913756 21.5921638 0.0349999964
v 12.4993241 21.5911173 0.0429999977
v 12.4969961 21.5914238 0.0373431444
v 12.4913756 21.5921638 0.224999994
v 12.4993241 21.5911173 0.216999993
v 12.4969961 21.5914238 0.222656846
v 12.4830006 21.5500602 0.0349999964
v 12.4907446 21.5479853 0.0429999977
v 12.4884765 21.548593 0.0373431444
v 12.4830006 21.5500602 0.224999994
v 12.4907446 21.5479853 0.216999993
v 12.4884765 21.548593 0.222656846
v 12.4692017 21.5094099 0.0349999964
v 12.4766087 21.5063421 0.0429999977
v 12.4744392 21.5072406 0.0373431444
v 12.4692017 21.5094099 0.224999994
v 12.4766087 21.5063421 0.216999993
v 12.4744392 21.5072406 0.222656846
v 12.4502151 21.4709089 0.0349999964
v 12.4571581 21.4669002 0.0429999977
v 12.4551246 21.4680743 0.0373431444
v 12.4502151 21.4709089 0.224999994
v 12.4571581 21.4669002 0.216999993
v 12.4551246 21.4680743 0.222656846
v 12.4263653 21.4352152 0.0349999964
v 12.4327258 21.4303346 0.0429999977
v 12.4308628 21.4317641 0.0373431444
v 12.4263653 21.4352152 0.224999994
v 12.4327258 21.4303346 0.216999993
v 12.4308628 21.4317641 0.222656846
v 12.3980607 21.4029399 0.0349999964
v 12.4037297 21.3972709 0.0429999977
v 12.4020693 21.3989313 0.0373431444
v 12.3980607 21.4029399 0.224999994
v 12.4037297 21.3972709 0.216999993
v 12.4020693 21.3989313 0.222656846
v 12.3657854 21.3746353 0.0349999964
v 12.370666 21.3682748 0.0429999977
v 12.3692365 21.3701378 0.0373431444
v 12.3657854 21.3746353 0.224999994
v 12.370666 21.3682748 0.216999993
v 12.3692365 21.3701378 0.222656846
v 12.3300917 21.3507855 0.0349999964
v 12.3341004 21.3438425 0.0429999977
v 12.3329263 21.345876 0.0373431444
v 12.3300917 21.3507855 0.224999994
v 12.3341004 21.3438425 0.216999993
v 12.3329263 21.345876 0.222656846
v 12.2915906 21.3317989 0.0349999964
v 12.2946585 21.3243919 0.0429999977
v 12.29376 21.3265614 0.0373431444
v 12.2915906 21.3317989 0.224999994
v 12.2946585 21.3243919 0.216999993
v 12.29376 21.3265614 0.222656846
v 12.2509404 21.318 0.0349999964
v 12.2530153 21.310256 0.0429999977
v 12.2524076 21.3125241 0.0373431444
v 12.2509404 21.318 0.224999994
v 12.2530153 21.310256 0.216999993
v 12.2524076 21.3125241 0.222656846
v 12.2088368 21.309625 0.0349999964
v 12.2098833 21.3016765 0.0429999977
v 12.2095768 21.3040045 0.0373431444
v 12.2088368 21.309625 0.224999994
v 12.2098833 21.3016765 0.216999993
v 12.2095768 21.3040045 0.222656846
v 12.1660004 21.3068174 0.0349999964
v 12.1660004 21.2988002 0.0429999977
v 12.1660004 21.3011484 0.0373431444
v 12.1660004 21.3068174 0.224999994
v 12.1660004 21.2988002 0.216999993
v 12.1660004 21.3011484 0.222656846
v 12.123164 21.309625 0.0349999964
v 12.1221175 21.3016765 0.0429999977
v 12.122424 21.3040045 0.0373431444
v 12.123164 21.309625 0.224999994
v 12.1221175 21.3016765 0.216999993
v 12.122424 21.3040045 0.222656846
v 12.0810604 21.318 0.0349999964
v 12.0789854 21.310256 0.0429999977
v 12.0795932 21.3125241 0.0373431444
v 12.0810604 21.318 0.224999994
v 12.0789854 21.310256 0.216999993
v 12.0795932 21.3125241 0.222656846
v 12.0404101 21.3317989 0.0349999964
v 12.0373422 21.3243919 0.0429999977
v 12.0382408 21.3265614 0.0373431444
v 12.0404101 21.3317989 0.224999994
v 12.0373422 21.3243919 0.216999993
v 12.0382408 21.3265614 0.222656846
v 12.001909 21.3507855 0.0349999964
v 11.9979004 21.3438425 0.0429999977
v 11.9990745 21.345876 0.0373431444
v 12.001909 21.3507855 0.224999994
v 11.9979004 21.3438425 0.216999993
v 11.9990745 21.345876 0.222656846
v 11.9662153 21.3746353 0.0349999964
v 11.9613348 21.3682748 0.0429999977
v 11.9627643 21.3701378 0.0373431444
v 11.9662153 21.3746353 0.224999994
v 11.9613348 21.3682748 0.216999993
v 11.9627643 21.3701378 0.222656846
v 11.9339401 21.4029399 0.0349999964
v 11.9282711 21.3972709 0.0429999977
v 11.9299315 21.3989313 0.0373431444
v 11.9339401 21.4029399 0.224999994
v 11.9282711 21.3972709 0.216999993
v 11.9299315 21.3989313 0.222656846
v 11.9056354 21.4352152 0.0349999964
v 11.899275 21.4303346 0.0429999977
v 11.9011379 21.4317641 0.0373431444
v 11.9056354 21.4352152 0.224999994
v 11.899275 21.4303346 0.216999993
v 11.9011379 21.4317641 0.222656846
v 11.8817857 21.4709089 0.0349999964
v 11.8748426 21.4669002 0.0429999977
v 11.8768762 21.4680743 0.0373431444
v 11.8817857 21.4709089 0.224999994
v 11.8748426 21.4669002 0.216999993
v 11.8768762 21.4680743 0.222656846
v 11.862799 21.5094099 0.0349999964
v 11.8553921 21.5063421 0.0429999977
v 11.8575615 21.5072406 0.0373431444
v 11.862799 21.5094099 0.224999994
v 11.8553921 21.5063421 0.216999993
v 11.8575615 21.5072406 0.222656846
v 11.8490001 21.5500602 0.0349999964
v 11.8412561 21.5479853 0.0429999977
v 11.8435243 21.548593 0.0373431444
v 11.8490001 21.5500602 0.224999994
v 11.8412561 21.5479853 0.216999993
v 11.8435243 21.548593 0.222656846
v 11.8406252 21.5921638 0.0349999964
v 11.8326766 21.5911173 0.0429999977
v 11.8350047 21.5914238 0.0373431444
v 11.8406252 21.5921638 0.224999994
v 11.8326766 21.5911173 0.216999993
v 11.8350047 21.5914238 0.222656846
v 11.8378175 21.6350002 0.0349999964
v 11.8298004 21.6350002 0.0429999977
v 11.8321486 21.6350002 0.0373431444
v 11.8378175 21.6350002 0.224999994
v 11.8298004 21.6350002 0.216999993
v 11.8321486 21.6350002 0.222656846
v 11.8406252 21.6778366 0.0349999964
v 11.8326766 21.6788831 0.0429999977
v 11.8350047 21.6785766 0.0373431444
v 11.8406252 21.6778366 0.224999994
v 11.8326766 21.6788831 0.216999993
v 11.8350047 21.6785766 0.222656846
v 11.8490001 21.7199402 0.0349999964
v 11.8412561 21.7220152 0.0429999977
v 11.8435243 21.7214074 0.0373431444
v 11.8490001 21.7199402 0.224999994
v 11.8412561 21.7220152 0.216999993
v 11.8435243 21.7214074 0.222656846
v 11.862799 21.7605905 0.0349999964
v 11.8553921 21.7636584 0.0429999977
v 11.8575615 21.7627598 0.0373431444
v 11.862799 21.7605905 0.224999994
v 11.8553921 21.7636584 0.216999993
v 11.8575615 21.7627598 0.222656846
v 11.8817857 21.7990916 0.0349999964
v 11.8748426 21.8031002 0.0429999977
v 11.8768762 21.8019261 0.0373431444
v 11.8817857 21.7990916 0.224999994
v 11.8748426 21.8031002 0.216999993
v 11.8768762 21.8019261 0.222656846
v 11.9056354 21.8347853 0.0349999964
v 11.899275 21.8396658 0.0429999977
v 11.9011379 21.8382363 0.0373431444
v 11.9056354 21.8347853 0.224999994
v 11.899275 21.8396658 0.216999993
v 11.9011379 21.8382363 0.222656846
v 11.9339401 21.8670605 0.0349999964
v 11.9282711 21.8727295 0.0429999977
v 11.9299315 21.8710691 0.0373431444
v 11.9339401 21.8670605 0.224999994
v 11.9282711 21.8727295 0.216999993
v 11.9299315 21.8710691 0.222656846
v 11.9662153 21.8953651 0.0349999964
v 11.9613348 21.9017256 0.0429999977
v 11.9627643 21.8998627 0.0373431444
v 11.9662153 21.8953651 0.224999994
v 11.9613348 21.9017256 0.216999993
v 11.9627643 21.8998627 0.222656846
v 12.001909 21.9192149 0.0349999964
v 11.9979004 21.926158 0.0429999977
v 11.9990745 21.9241244 0.0373431444
v 12.001909 21.9192149 0.224999994
v 11.9979004 21.926158 0.216999993
v 11.9990745 21.9241244 0.222656846
v 12.0404101 21.9382016 0.0349999964
v 12.0373422 21.9456085 0.0429999977
v 12.0382408 21.9434391 0.0373431444
v 12.0404101 21.9382016 0.224999994
v 12.0373422 21.9456085 0.216999993
v 12.0382408 21.9434391 0.222656846
v 12.0810604 21.9520005 0.0349999964
v 12.0789854 21.9597445 0.0429999977
v 12.0795932 21.9574763 0.0373431444
v 12.0810604 21.9520005 0.224999994
v 12.0789854 21.9597445 0.216999993
v 12.0795932 21.9574763 0.222656846
v 12.123164 21.9603754 0.0349999964
v 12.1221175 21.968324 0.0429999977
v 12.122424 21.9659959 0.0373431444
v 12.123164 21.9603754 0.224999994
v 12.1221175 21.968324 0.216999993
v 12.122424 21.9659959 0.222656846
v 16.1200008 22.5019828 0.0174999982
v 16.1200008 22.51 0.0254999986
v 16.1200008 22.5076518 0.0198431462
v 16.1200008 22.5019828 0.0625
v 16.1200008 22.51 0.0544999996
v 16.1200008 22.5076518 0.060156852
v 16.1528912 22.4998271 0.0174999982
v 16.1539376 22.5077757 0.0254999986
v 16.1536311 22.5054476 0.0198431462
v 16.1528912 22.4998271 0.0625
v 16.1539376 22.5077757 0.0544999996
v 16.1536311 22.5054476 0.060156852
v 16.1852188 22.4933967 0.0174999982
v 16.1872938 22.5011407 0.0254999986
v 16.186686 22.4988725 0.0198431462
v 16.1852188 22.4933967 0.0625
v 16.1872938 22.5011407 0.0544999996
v 16.186686 22.4988725 0.060156852
v 16.2164305 22.4828018 0.0174999982
v 16.2194985 22.4902087 0.0254999986
v 16.2185999 22.4880392 0.0198431462
v 16.2164305 22.4828018 0.0625
v 16.2194985 22.4902087 0.0544999996
v 16.2185999 22.4880392 0.060156852
v 16.2459922 22.4682235 0.0174999982
v 16.2500008 22.4751666 0.0254999986
v 16.2488268 22.473133 0.0198431462
v 16.2459922 22.4682235 0.0625
v 16.2500008 22.4751666 0.0544999996
v 16.2488267 22.473133 0.060156852
v 16.2733983 22.4499114 0.0174999982
v 16.2782788 22.4562719 0.0254999986
v 16.2768493 22.4544089 0.0198431462
v 16.2733983 22.4499114 0.0625
v 16.2782788 22.4562719 0.0544999996
v 16.2768493 22.4544089 0.060156852
v 16.2981796 22.4281788 0.0174999982
v 16.3038486 22.4338478 0.0254999986
v 16.3021882 22.4321873 0.0198431462
v 16.2981796 22.4281788 0.0625
v 16.3038486 22.4338478 0.0544999996
v 16.3021882 22.4321873 0.060156852
v 16.3199122 22.4033974 0.0174999982
v 16.3262727 22.408278 0.0254999986
v 16.3244097 22.4068485 0.0198431462
v 16.3199122 22.4033974 0.0625
v 16.3262727 22.408278 0.0544999996
v 16.3244097 22.4068485 0.060156852
v 16.3382244 22.3759914 0.0174999982
v 16.3451674 22.38 0.0254999986
v 16.3431339 22.3788259 0.0198431462
v 16.3382244 22.3759914 0.0625
v 16.3451674 22.38 0.0544999996
v 16.3431339 22.3788259 0.060156852
v 16.3528026 22.3464296 0.0174999982
v 16.3602095 22.3494977 0.0254999986
v 16.3580401 22.3485991 0.0198431462
v 16.3528026 22.3464296 0.0625
v 16.3602095 22.3494977 0.0544999996
v 16.3580401 22.3485991 0.060156852
v 16.3633976 22.315218 0.0174999982
v 16.3711416 22.317293 0.0254999986
v 16.3688734 22.3166852 0.0198431462
v 16.3633976 22.315218 0.0625
v 16.3711416 22.317293 0.0544999996
v 16.3688734 22.3166852 0.060156852
v 16.3698279 22.2828903 0.0174999982
v 16.3777765 22.2839368 0.0254999986
v 16.3754484 22.2836303 0.0198431462
v 16.3698279 22.2828903 0.0625
v 16.3777765 22.2839368 0.0544999996
v 16.3754484 22.2836303 0.060156852
v 16.3719836 22.25 0.0174999982
v 16.3800008 22.25 0.0254999986
v 16.3776526 22.25 0.0198431462
v 16.3719836 22.25 0.0625
v 16.3800008 22.25 0.0544999996
v 16.3776526 22.25 0.060156852
v 16.3698279 22.2171097 0.0174999982
v 16.3777765 22.2160632 0.0254999986
v 16.3754484 22.2163697 0.0198431462
v 16.3698279 22.2171097 0.0625
v 16.3777765 22.2160632 0.0544999996
v 16.3754484 22.2163697 0.060156852
v 16.3633976 22.184782 0.0174999982
v 16.3711416 22.182707 0.0254999986
v 16.3688734 22.1833148 0.0198431462
v 16.3633976 22.184782 0.0625
v 16.3711416 22.182707 0.0544999996
v 16.3688734 22.1833148 0.060156852
v 16.3528026 22.1535704 0.0174999982
v 16.3602095 22.1505023 0.0254999986
v 16.3580401 22.1514009 0.0198431462
v 16.3528026 22.1535704 0.0625
v 16.3602095 22.1505023 0.0544999996
v 16.3580401 22.1514009 0.060156852
v 16.3382244 22.1240086 0.0174999982
v 16.3451674 22.12 0.0254999986
v 16.3431339 22.1211741 0.0198431462
v 16.3382244 22.1240086 0.0625
v 16.3451674 22.12 0.0544999996
v 16.3431339 22.1211741 0.060156852
v 16.3199122 22.0966026 0.0174999982
v 16.3262727 22.091722 0.0254999986
v 16.3244097 22.0931515 0.0198431462
v 16.3199122 22.0966026 0.0625
v 16.3262727 22.091722 0.0544999996
v 16.3244097 22.0931515 0.060156852
v 16.2981796 22.0718212 0.0174999982
v 16.3038486 22.0661522 0.0254999986
v 16.3021882 22.0678127 0.0198431462
v 16.2981796 22.0718212 0.0625
v 16.3038486 22.0661522 0.0544999996
v 16.3021882 22.0678127 0.060156852
v 16.2733983 22.0500886 0.0174999982
v 16.2782788 22.0437281 0.0254999986
v 16.2768493 22.0455911 0.0198431462
v 16.2733983 22.0500886 0.0625
v 16.2782788 22.0437281 0.0544999996
v 16.2768493 22.0455911 0.060156852
v 16.2459922 22.0317765 0.0174999982
v 16.2500008 22.0248334 0.0254999986
v 16.2488267 22.026867 0.0198431462
v 16.2459922 22.0317765 0.0625
v 16.2500008 22.0248334 0.0544999996
v 16.2488268 22.026867 0.060156852
v 16.2164305 22.0171982 0.0174999982
v 16.2194985 22.0097913 0.0254999986
v 16.2185999 22.0119608 0.0198431462
v 16.2164305 22.0171982 0.0625
v 16.2194985 22.0097913 0.0544999996
v 16.2185999 22.0119608 0.060156852
v 16.1852188 22.0066033 0.0174999982
v 16.1872938 21.9988593 0.0254999986
v 16.186686 22.0011275 0.0198431462
v 16.1852188 22.0066033 0.0625
v 16.1872938 21.9988593 0.0544999996
v 16.186686 22.0011275 0.060156852
v 16.1528912 22.0001729 0.0174999982
v 16.1539376 21.9922243 0.0254999986
v 16.1536311 21.9945524 0.0198431462
v 16.1528912 22.0001729 0.0625
v 16.1539376 21.9922243 0.0544999996
v 16.1536311 21.9945524 0.060156852
v 16.1200008 21.9980172 0.0174999982
v 16.1200008 21.99 0.0254999986
v 16.1200008 21.9923482 0.0198431462
v 16.1200008 21.9980172 0.0625
v 16.1200008 21.99 0.0544999996
v 16.1200008 21.9923482 0.060156852
v 16.0871105 22.0001729 0.0174999982
v 16.086064 21.9922243 0.0254999986
v 16.0863705 21.9945524 0.0198431462
v 16.0871105 22.0001729 0.0625
v 16.086064 21.9922243 0.0544999996
v 16.0863705 21.9945524 0.060156852
v 16.0547829 22.0066033 0.0174999982
v 16.0527079 21.9988593 0.0254999986
v 16.0533156 22.0011275 0.0198431462
v 16.0547829 22.0066033 0.0625
v 16.0527079 21.9988593 0.0544999996
v 16.0533156 22.0011275 0.060156852
v 16.0235712 22.0171982 0.0174999982
v 16.0205031 22.0097913 0.0254999986
v 16.0214018 22.0119608 0.0198431462
v 16.0235712 22.0171982 0.0625
v 16.0205031 22.0097913 0.0544999996
v 16.0214018 22.0119608 0.060156852
v 15.9940095 22.0317765 0.0174999982
v 15.9900008 22.0248334 0.0254999986
v 15.9911749 22.026867 0.0198431462
v 15.9940095 22.0317765 0.0625
v 15.9900008 22.0248334 0.0544999996
v 15.9911749 22.026867 0.060156852
v 15.9666034 22.0500886 0.0174999982
v 15.9617229 22.0437281 0.0254999986
v 15.9631524 22.0455911 0.0198431462
v 15.9666034 22.0500886 0.0625
v 15.9617229 22.0437281 0.0544999996
v 15.9631524 22.0455911 0.060156852
v 15.9418221 22.0718212 0.0174999982
v 15.9361531 22.0661522 0.0254999986
v 15.9378135 22.0678127 0.0198431462
v 15.9418221 22.0718212 0.0625
v 15.9361531 22.0661522 0.0544999996
v 15.9378135 22.0678127 0.060156852
v 15.9200894 22.0966026 0.0174999982
v 15.913729 22.091722 0.0254999986
v 15.9155919 22.0931515 0.0198431462
v 15.9200894 22.0966026 0.0625
v 15.913729 22.091722 0.0544999996
v 15.9155919 22.0931515 0.060156852
v 15.9017773 22.1240086 0.0174999982
v 15.8948343 22.12 0.0254999986
v 15.8968678 22.1211741 0.0198431462
v 15.9017773 22.1240086 0.0625
v 15.8948343 22.12 0.0544999996
v 15.8968678 22.1211741 0.060156852
v 15.8871991 22.1535704 0.0174999982
v 15.8797922 22.1505023 0.0254999986
v 15.8819616 22.1514009 0.0198431462
v 15.8871991 22.1535704 0.0625
v 15.8797922 22.1505023 0.0544999996
v 15.8819616 22.1514009 0.060156852
v 15.8766041 22.184782 0.0174999982
v 15.8688601 22.182707 0.0254999986
v 15.8711283 22.1833148 0.0198431462
v 15.8766041 22.184782 0.0625
v 15.8688601 22.182707 0.0544999996
v 15.8711283 22.1833148 0.060156852
v 15.8701737 22.2171097 0.0174999982
v 15.8622252 22.2160632 0.0254999986
v 15.8645533 22.2163697 0.0198431462
v 15.8701737 22.2171097 0.0625
v 15.8622252 22.2160632 0.0544999996
v 15.8645533 22.2163697 0.060156852
v 15.868018 22.25 0.0174999982
v 15.8600008 22.25 0.0254999986
v 15.862349 22.25 0.0198431462
v 15.868018 22.25 0.0625
v 15.8600008 22.25 0.0544999996
v 15.862349 22.25 0.060156852
v 15.8701737 22.2828903 0.0174999982
v 15.8622252 22.2839368 0.0254999986
v 15.8645533 22.2836303 0.0198431462
v 15.8701737 22.2828903 0.0625
v 15.8622252 22.2839368 0.0544999996
v 15.8645533 22.2836303 0.060156852
v 15.8766041 22.315218 0.0174999982
v 15.8688601 22.317293 0.0254999986
v 15.8711283 22.3166852 0.0198431462
v 15.8766041 22.315218 0.0625
v 15.8688601 22.317293 0.0544999996
v 15.8711283 22.3166852 0.060156852
v 15.8871991 22.3464296 0.0174999982
v 15.8797922 22.3494977 0.0254999986
v 15.8819616 22.3485991 0.0198431462
v 15.8871991 22.3464296 0.0625
v 15.8797922 22.3494977 0.0544999996
v 15.8819616 22.3485991 0.060156852
v 15.9017773 22.3759914 0.0174999982
v 15.8948343 22.38 0.0254999986
v 15.8968678 22.3788259 0.0198431462
v 15.9017773 22.3759914 0.0625
v 15.8948343 22.38 0.0544999996
v 15.8968678 22.3788259 0.060156852
v 15.9200894 22.4033974 0.0174999982
v 15.913729 22.408278 0.0254999986
v 15.9155919 22.4068485 0.0198431462
v 15.9200894 22.4033974 0.0625
v 15.913729 22.408278 0.0544999996
v 15.9155919 22.4068485 0.060156852
v 15.9418221 22.4281788 0.0174999982
v 15.9361531 22.4338478 0.0254999986
v 15.9378135 22.4321873 0.0198431462
v 15.9418221 22.4281788 0.0625
v 15.9361531 22.4338478 0.0544999996
v 15.9378135 22.4321873 0.060156852
v 15.9666034 22.4499114 0.0174999982
v 15.9617229 22.4562719 0.0254999986
v 15.9631524 22.4544089 0.0198431462
v 15.9666034 22.4499114 0.0625
v 15.9617229 22.4562719 0.0544999996
v 15.9631524 22.4544089 0.060156852
v 15.9940095 22.4682235 0.0174999982
v 15.9900008 22.4751666 0.0254999986
v 15.9911749 22.473133 0.0198431462
v 15.9940095 22.4682235 0.0625
v 15.9900008 22.4751666 0.0544999996
v 15.9911749 22.473133 0.060156852
v 16.0235712 22.4828018 0.0174999982
v 16.0205031 22.4902087 0.0254999986
v 16.0214018 22.4880392 0.0198431462
v 16.0235712 22.4828018 0.0625
v 16.0205031 22.4902087 0.0544999996
v 16.0214018 22.4880392 0.060156852
v 16.0547829 22.4933967 0.0174999982
v 16.0527079 22.5011407 0.0254999986
v 16.0533156 22.4988725 0.0198431462
v 16.0547829 22.4933967 0.0625
v 16.0527079 22.5011407 0.0544999996
v 16.0533156 22.4988725 0.060156852
v 16.0871105 22.4998271 0.0174999982
v 16.086064 22.5077757 0.0254999986
v 16.0863705 22.5054476 0.0198431462
v 16.0871105 22.4998271 0.0625
v 16.086064 22.5077757 0.0544999996
v 16.0863705 22.5054476 0.060156852
v 16.2000008 22.25 0.435000002
v 16.199316 22.2604427 0.435000002
v 16.1972733 22.2707062 0.435000002
v 16.1939106 22.2806149 0.435000002
v 16.1892815 22.2900009 0.435000002
v 16.1834679 22.2987003 0.435000002
v 16.176569 22.3065681 0.435000002
v 16.1687012 22.3134689 0.435000002
v 16.1599998 22.3192825 0.435000002
v 16.1506138 22.3239098 0.435000002
v 16.1407051 22.3272743 0.435000002
v 16.1304417 22.3293152 0.435000002
v 16.1200008 22.3299999 0.435000002
v 16.1095581 22.3293152 0.435000002
v 16.0992947 22.3272743 0.435000002
v 16.089386 22.3239098 0.435000002
v 16.0799999 22.3192825 0.435000002
v 16.0712986 22.3134689 0.435000002
v 16.0634308 22.3065681 0.435000002
v 16.0565319 22.2987003 0.435000002
v 16.0507183 22.2900009 0.435000002
v 16.0460892 22.2806149 0.435000002
v 16.0427265 22.2707062 0.435000002
v 16.0406837 22.2604427 0.435000002
v 16.0400009 22.25 0.435000002
v 16.0406837 22.2395573 0.435000002
v 16.0427265 22.2292938 0.435000002
v 16.0460892 22.2193851 0.435000002
v 16.0507183 22.2099991 0.435000002
v 16.0565319 22.2012997 0.435000002
v 16.0634308 22.1934319 0.435000002
v 16.0712986 22.1865311 0.435000002
v 16.0799999 22.1807175 0.435000002
v 16.089386 22.1760902 0.435000002
v 16.0992947 22.1727257 0.435000002
v 16.1095581 22.1706848 0.435000002
v 16.1200008 22.1700001 0.435000002
v 16.1304417 22.1706848 0.435000002
v 16.1407051 22.1727257 0.435000002
v 16.1506138 22.1760902 0.435000002
v 16.1599998 22.1807175 0.435000002
v 16.1687012 22.1865311 0.435000002
v 16.176569 22.1934319 0.435000002
v 16.1834679 22.2012997 0.435000002
v 16.1892815 22.2099991 0.435000002
v 16.1939106 22.2193851 0.435000002
v 16.1972733 22.2292938 0.435000002
v 16.199316 22.2395573 0.435000002
v 16.2800007 22.25 0.460000008
v 16.2786312 22.2708836 0.460000008
v 16.2745476 22.2914104 0.460000008
v 16.2678204 22.3112297 0.460000008
v 16.258564 22.3299999 0.460000008
v 16.2469368 22.3474026 0.460000008
v 16.2331371 22.3631363 0.460000008
v 16.2174015 22.376936 0.460000008
v 16.2000008 22.3885632 0.460000008
v 16.1812286 22.3978214 0.460000008
v 16.1614113 22.4045486 0.460000008
v 16.1408844 22.4086304 0.460000008
v 16.1200008 22.4099998 0.460000008
v 16.0991154 22.4086304 0.460000008
v 16.0785885 22.4045486 0.460000008
v 16.0587711 22.3978214 0.460000008
v 16.0400009 22.3885632 0.460000008
v 16.0225983 22.376936 0.460000008
v 16.0068626 22.3631363 0.460000008
v 15.9930639 22.3474026 0.460000008
v 15.9814358 22.3299999 0.460000008
v 15.9721794 22.3112297 0.460000008
v 15.9654522 22.2914104 0.460000008
v 15.9613686 22.2708836 0.460000008
v 15.96 22.25 0.460000008
v 15.9613686 22.2291164 0.460000008
v 15.9654522 22.2085896 0.460000008
v 15.9721794 22.1887703 0.460000008
v 15.9814358 22.1700001 0.460000008
v 15.9930639 22.1525974 0.460000008
v 16.0068626 22.1368637 0.460000008
v 16.0225983 22.123064 0.460000008
v 16.0400009 22.1114368 0.460000008
v 16.0587711 22.1021786 0.460000008
v 16.0785885 22.0954514 0.460000008
v 16.0991154 22.0913696 0.460000008
v 16.1200008 22.0900002 0.460000008
v 16.1408844 22.0913696 0.460000008
v 16.1614113 22.0954514 0.460000008
v 16.1812286 22.1021786 0.460000008
v 16.2000008 22.1114368 0.460000008
v 16.2174015 22.123064 0.460000008
v 16.2331371 22.1368637 0.460000008
v 16.2469368 22.1525974 0.460000008
v 16.258564 22.1700001 0.460000008
v 16.2678204 22.1887703 0.460000008
v 16.2745476 22.2085896 0.460000008
v 16.2786312 22.2291164 0.460000008
v 16.2900009 22.25 0.540000021
v 16.2885456 22.2721901 0.540000021
v 16.2842083 22.2939987 0.540000021
v 16.2770596 22.3150558 0.540000021
v 16.2672253 22.3349991 0.540000021
v 16.2548695 22.3534889 0.540000021
v 16.2402077 22.3702087 0.540000021
v 16.2234898 22.3848705 0.540000021
v 16.2049999 22.3972244 0.540000021
v 16.1850567 22.4070587 0.540000021
v 16.1639996 22.4142075 0.540000021
v 16.142189 22.4185448 0.540000021
v 16.1200008 22.4200001 0.540000021
v 16.0978107 22.4185448 0.540000021
v 16.0760002 22.4142075 0.540000021
v 16.0549431 22.4070587 0.540000021
v 16.0349998 22.3972244 0.540000021
v 16.01651 22.3848705 0.540000021
v 15.9997921 22.3702087 0.540000021
v 15.9851303 22.3534889 0.540000021
v 15.9727755 22.3349991 0.540000021
v 15.9629402 22.3150558 0.540000021
v 15.9557924 22.2939987 0.540000021
v 15.9514542 22.2721901 0.540000021
v 15.9499998 22.25 0.540000021
v 15.9514542 22.2278099 0.540000021
v 15.9557924 22.2060013 0.540000021
v 15.9629402 22.1849442 0.540000021
v 15.9727755 22.1650009 0.540000021
v 15.9851303 22.1465111 0.540000021
v 15.9997921 22.1297913 0.540000021
v 16.01651 22.1151295 0.540000021
v 16.0349998 22.1027756 0.540000021
v 16.0549431 22.0929413 0.540000021
v 16.0760002 22.0857925 0.540000021
v 16.0978107 22.0814552 0.540000021
v 16.1200008 22.0799999 0.540000021
v 16.142189 22.0814552 0.540000021
v 16.1639996 22.0857925 0.540000021
v 16.1850567 22.0929413 0.540000021
v 16.2049999 22.1027756 0.540000021
v 16.2234898 22.1151295 0.540000021
v 16.2402077 22.1297913 0.540000021
v 16.2548695 22.1465111 0.540000021
v 16.2672253 22.1650009 0.540000021
v 16.2770596 22.1849442 0.540000021
v 16.2842083 22.2060013 0.540000021
v 16.2885456 22.2278099 0.540000021
v 16.2700005 22.25 0.560000002
v 16.2687168 22.2695789 0.560000002
v 16.2648888 22.2888222 0.560000002
v 16.2585812 22.3074017 0.560000002
v 16.2499046 22.3250008 0.560000002
v 16.2390022 22.3413143 0.560000002
v 16.2260666 22.3560658 0.560000002
v 16.2113152 22.3690033 0.560000002
v 16.1949997 22.3799038 0.560000002
v 16.1774025 22.3885822 0.560000002
v 16.158823 22.3948879 0.560000002
v 16.1395798 22.398716 0.560000002
v 16.1200008 22.3999996 0.560000002
v 16.1004219 22.398716 0.560000002
v 16.0811768 22.3948879 0.560000002
v 16.0625973 22.3885822 0.560000002
v 16.0450001 22.3799038 0.560000002
v 16.0286865 22.3690033 0.560000002
v 16.0139332 22.3560658 0.560000002
v 16.0009975 22.3413143 0.560000002
v 15.9900961 22.3250008 0.560000002
v 15.9814177 22.3074017 0.560000002
v 15.975111 22.2888222 0.560000002
v 15.971283 22.2695789 0.560000002
v 15.9700003 22.25 0.560000002
v 15.971283 22.2304211 0.560000002
v 15.975111 22.2111778 0.560000002
v 15.9814177 22.1925983 0.560000002
v 15.9900961 22.1749992 0.560000002
v 16.0009975 22.1586857 0.560000002
v 16.0139332 22.1439342 0.560000002
v 16.0286865 22.1309967 0.560000002
v 16.0450001 22.1200962 0.560000002
v 16.0625973 22.1114178 0.560000002
v 16.0811768 22.1051121 0.560000002
v 16.1004219 22.101284 0.560000002
v 16.1200008 22.1000004 0.560000002
v 16.1395798 22.101284 0.560000002
v 16.158823 22.1051121 0.560000002
v 16.1774025 22.1114178 0.560000002
v 16.1949997 22.1200962 0.560000002
v 16.2113152 22.1309967 0.560000002
v 16.2260666 22.1439342 0.560000002
v 16.2390022 22.1586857 0.560000002
v 16.2499046 22.1749992 0.560000002
v 16.2585812 22.1925983 0.560000002
v 16.2648888 22.2111778 0.560000002
v 16.2687168 22.2304211 0.560000002
v 16.25 22.25 0.49000001
v 16.248888 22.2669678 0.49000001
v 16.2455711 22.2836456 0.49000001
v 16.2401047 22.2997494 0.49000001
v 16.232584 22.3150005 0.49000001
v 16.223135 22.3291397 0.49000001
v 16.2119236 22.3419247 0.49000001
v 16.1991386 22.3531361 0.49000001
v 16.1849995 22.3625832 0.49000001
v 16.1697483 22.3701038 0.49000001
v 16.1536465 22.3755703 0.49000001
v 16.1369686 22.3788872 0.49000001
v 16.1200008 22.3799992 0.49000001
v 16.1030312 22.3788872 0.49000001
v 16.0863533 22.3755703 0.49000001
v 16.0702515 22.3701038 0.49000001
v 16.0550003 22.3625832 0.49000001
v 16.0408611 22.3531361 0.49000001
v 16.0280762 22.3419247 0.49000001
v 16.0168648 22.3291397 0.49000001
v 16.0074158 22.3150005 0.49000001
v 15.999896 22.2997494 0.49000001
v 15.9944296 22.2836456 0.49000001
v 15.9911118 22.2669678 0.49000001
v 15.9899998 22.25 0.49000001
v 15.9911118 22.2330322 0.49000001
v 15.9944296 22.2163544 0.49000001
v 15.999896 22.2002506 0.49000001
v 16.0074158 22.1849995 0.49000001
v 16.0168648 22.1708603 0.49000001
v 16.0280762 22.1580753 0.49000001
v 16.0408611 22.1468639 0.49000001
v 16.0550003 22.1374168 0.49000001
v 16.0702515 22.1298962 0.49000001
v 16.0863533 22.1244297 0.49000001
v 16.1030312 22.1211128 0.49000001
v 16.1200008 22.1200008 0.49000001
v 16.1369686 22.1211128 0.49000001
v 16.1536465 22.1244297 0.49000001
v 16.1697483 22.1298962 0.49000001
v 16.1849995 22.1374168 0.49000001
v 16.1991386 22.1468639 0.49000001
v 16.2119236 22.1580753 0.49000001
v 16.223135 22.1708603 0.49000001
v 16.232584 22.1849995 0.49000001
v 16.2401047 22.2002506 0.49000001
v 16.2455711 22.2163544 0.49000001
v 16.248888 22.2330322 0.49000001
v 16.1299992 22.25 0.469999999
v 16.1299152 22.2513046 0.469999999
v 16.1296597 22.2525883 0.469999999
v 16.1292381 22.2538261 0.469999999
v 16.1286602 22.2549992 0.469999999
v 16.1279335 22.2560883 0.469999999
v 16.1270714 22.2570705 0.469999999
v 16.1260872 22.2579327 0.469999999
v 16.125 22.2586594 0.469999999
v 16.123827 22.2592392 0.469999999
v 16.1225891 22.2596588 0.469999999
v 16.1213055 22.2599144 0.469999999
v 16.1200008 22.2600002 0.469999999
v 16.1186943 22.2599144 0.469999999
v 16.1174126 22.2596588 0.469999999
v 16.1161728 22.2592392 0.469999999
v 16.1149998 22.2586594 0.469999999
v 16.1139126 22.2579327 0.469999999
v 16.1129284 22.2570705 0.469999999
v 16.1120663 22.2560883 0.469999999
v 16.1113396 22.2549992 0.469999999
v 16.1107616 22.2538261 0.469999999
v 16.1103401 22.2525883 0.469999999
v 16.1100864 22.2513046 0.469999999
v 16.1100006 22.25 0.469999999
v 16.1100864 22.2486954 0.469999999
v 16.1103401 22.2474117 0.469999999
v 16.1107616 22.2461739 0.469999999
v 16.1113396 22.2450008 0.469999999
v 16.1120663 22.2439117 0.469999999
v 16.1129284 22.2429295 0.469999999
v 16.1139126 22.2420673 0.469999999
v 16.1149998 22.2413406 0.469999999
v 16.1161728 22.2407608 0.469999999
v 16.1174126 22.2403412 0.469999999
v 16.1186943 22.2400856 0.469999999
v 16.1200008 22.2399998 0.469999999
v 16.1213055 22.2400856 0.469999999
v 16.1225891 22.2403412 0.469999999
v 16.123827 22.2407608 0.469999999
v 16.125 22.2413406 0.469999999
v 16.1260872 22.2420673 0.469999999
v 16.1270714 22.2429295 0.469999999
v 16.1279335 22.2439117 0.469999999
v 16.1286602 22.2450008 0.469999999
v 16.1292381 22.2461739 0.469999999
v 16.1296597 22.2474117 0.469999999
v 16.1299152 22.2486954 0.469999999
v 13.0258102 21.8376724 0.0174999982
v 13.0258102 21.8456895 0.0254999986
v 13.0258102 21.8433414 0.0198431462
v 13.0258102 21.8376724 0.0625
v 13.0258102 21.8456895 0.0544999996
v 13.0258102 21.8433414 0.060156852
v 13.0587006 21.8355166 0.0174999982
v 13.0597471 21.8434652 0.0254999986
v 13.0594405 21.8411371 0.0198431462
v 13.0587006 21.8355166 0.0625
v 13.0597471 21.8434652 0.0544999996
v 13.0594405 21.8411371 0.060156852
v 13.0910282 21.8290863 0.0174999982
v 13.0931032 21.8368303 0.0254999986
v 13.0924954 21.8345621 0.0198431462
v 13.0910282 21.8290863 0.0625
v 13.0931032 21.8368303 0.0544999996
v 13.0924954 21.8345621 0.060156852
v 13.1222399 21.8184913 0.0174999982
v 13.1253079 21.8258982 0.0254999986
v 13.1244093 21.8237288 0.0198431462
v 13.1222399 21.8184913 0.0625
v 13.1253079 21.8258982 0.0544999996
v 13.1244093 21.8237288 0.060156852
v 13.1518016 21.8039131 0.0174999982
v 13.1558102 21.8108561 0.0254999986
v 13.1546362 21.8088226 0.0198431462
v 13.1518016 21.8039131 0.0625
v 13.1558102 21.8108561 0.0544999996
v 13.1546361 21.8088226 0.060156852
v 13.1792077 21.7856009 0.0174999982
v 13.1840882 21.7919614 0.0254999986
v 13.1826587 21.7900984 0.0198431462
v 13.1792077 21.7856009 0.0625
v 13.1840882 21.7919614 0.0544999996
v 13.1826587 21.7900984 0.060156852
v 13.203989 21.7638683 0.0174999982
v 13.209658 21.7695373 0.0254999986
v 13.2079976 21.7678769 0.0198431462
v 13.203989 21.7638683 0.0625
v 13.209658 21.7695373 0.0544999996
v 13.2079976 21.7678769 0.060156852
v 13.2257216 21.739087 0.0174999982
v 13.2320821 21.7439675 0.0254999986
v 13.2302191 21.742538 0.0198431462
v 13.2257216 21.739087 0.0625
v 13.2320821 21.7439675 0.0544999996
v 13.2302191 21.742538 0.060156852
v 13.2440338 21.7116809 0.0174999982
v 13.2509768 21.7156895 0.0254999986
v 13.2489433 21.7145154 0.0198431462
v 13.2440338 21.7116809 0.0625
v 13.2509768 21.7156895 0.0544999996
v 13.2489433 21.7145155 0.060156852
v 13.258612 21.6821192 0.0174999982
v 13.2660189 21.6851872 0.0254999986
v 13.2638495 21.6842886 0.0198431462
v 13.258612 21.6821192 0.0625
v 13.2660189 21.6851872 0.0544999996
v 13.2638495 21.6842886 0.060156852
v 13.269207 21.6509075 0.0174999982
v 13.276951 21.6529825 0.0254999986
v 13.2746828 21.6523747 0.0198431462
v 13.269207 21.6509075 0.0625
v 13.276951 21.6529825 0.0544999996
v 13.2746828 21.6523747 0.060156852
v 13.2756373 21.6185799 0.0174999982
v 13.2835859 21.6196264 0.0254999986
v 13.2812578 21.6193198 0.0198431462
v 13.2756373 21.6185799 0.0625
v 13.2835859 21.6196264 0.0544999996
v 13.2812578 21.6193198 0.060156852
v 13.277793 21.5856895 0.0174999982
v 13.2858102 21.5856895 0.0254999986
v 13.283462 21.5856895 0.0198431462
v 13.277793 21.5856895 0.0625
v 13.2858102 21.5856895 0.0544999996
v 13.283462 21.5856895 0.060156852
v 13.2756373 21.5527992 0.0174999982
v 13.2835859 21.5517527 0.0254999986
v 13.2812578 21.5520592 0.0198431462
v 13.2756373 21.5527992 0.0625
v 13.2835859 21.5517527 0.0544999996
v 13.2812578 21.5520592 0.060156852
v 13.269207 21.5204716 0.0174999982
v 13.276951 21.5183966 0.0254999986
v 13.2746828 21.5190043 0.0198431462
v 13.269207 21.5204716 0.0625
v 13.276951 21.5183966 0.0544999996
v 13.2746828 21.5190043 0.060156852
v 13.258612 21.4892599 0.0174999982
v 13.2660189 21.4861918 0.0254999986
v 13.2638495 21.4870905 0.0198431462
v 13.258612 21.4892599 0.0625
v 13.2660189 21.4861918 0.0544999996
v 13.2638495 21.4870905 0.060156852
v 13.2440338 21.4596982 0.0174999982
v 13.2509768 21.4556895 0.0254999986
v 13.2489433 21.4568636 0.0198431462
v 13.2440338 21.4596982 0.0625
v 13.2509768 21.4556895 0.0544999996
v 13.2489433 21.4568636 0.060156852
v 13.2257216 21.4322921 0.0174999982
v 13.2320821 21.4274116 0.0254999986
v 13.2302191 21.4288411 0.0198431462
v 13.2257216 21.4322921 0.0625
v 13.2320821 21.4274116 0.0544999996
v 13.2302191 21.4288411 0.060156852
v 13.203989 21.4075108 0.0174999982
v 13.209658 21.4018418 0.0254999986
v 13.2079976 21.4035022 0.0198431462
v 13.203989 21.4075108 0.0625
v 13.209658 21.4018418 0.0544999996
v 13.2079976 21.4035022 0.060156852
v 13.1792077 21.3857781 0.0174999982
v 13.1840882 21.3794177 0.0254999986
v 13.1826587 21.3812806 0.0198431462
v 13.1792077 21.3857781 0.0625
v 13.1840882 21.3794177 0.0544999996
v 13.1826587 21.3812806 0.060156852
v 13.1518016 21.367466 0.0174999982
v 13.1558102 21.360523 0.0254999986
v 13.1546361 21.3625565 0.0198431462
v 13.1518016 21.367466 0.0625
v 13.1558102 21.360523 0.0544999996
v 13.1546362 21.3625565 0.060156852
v 13.1222399 21.3528878 0.0174999982
v 13.1253079 21.3454809 0.0254999986
v 13.1244093 21.3476503 0.0198431462
v 13.1222399 21.3528878 0.0625
v 13.1253079 21.3454809 0.0544999996
v 13.1244093 21.3476503 0.060156852
v 13.0910282 21.3422928 0.0174999982
v 13.0931032 21.3345488 0.0254999986
v 13.0924954 21.336817 0.0198431462
v 13.0910282 21.3422928 0.0625
v 13.0931032 21.3345488 0.0544999996
v 13.0924954 21.336817 0.060156852
v 13.0587006 21.3358624 0.0174999982
v 13.0597471 21.3279139 0.0254999986
v 13.0594405 21.330242 0.0198431462
v 13.0587006 21.3358624 0.0625
v 13.0597471 21.3279139 0.0544999996
v 13.0594405 21.330242 0.060156852
v 13.0258102 21.3337067 0.0174999982
v 13.0258102 21.3256896 0.0254999986
v 13.0258102 21.3280377 0.0198431462
v 13.0258102 21.3337067 0.0625
v 13.0258102 21.3256896 0.0544999996
v 13.0258102 21.3280377 0.060156852
v 12.9929199 21.3358624 0.0174999982
v 12.9918734 21.3279139 0.0254999986
v 12.9921799 21.330242 0.0198431462
v 12.9929199 21.3358624 0.0625
v 12.9918734 21.3279139 0.0544999996
v 12.9921799 21.330242 0.060156852
v 12.9605923 21.3422928 0.0174999982
v 12.9585173 21.3345488 0.0254999986
v 12.959125 21.336817 0.0198431462
v 12.9605923 21.3422928 0.0625
v 12.9585173 21.3345488 0.0544999996
v 12.959125 21.336817 0.060156852
v 12.9293806 21.3528878 0.0174999982
v 12.9263125 21.3454809 0.0254999986
v 12.9272112 21.3476503 0.0198431462
v 12.9293806 21.3528878 0.0625
v 12.9263125 21.3454809 0.0544999996
v 12.9272112 21.3476503 0.060156852
v 12.8998189 21.367466 0.0174999982
v 12.8958102 21.360523 0.0254999986
v 12.8969843 21.3625565 0.0198431462
v 12.8998189 21.367466 0.0625
v 12.8958102 21.360523 0.0544999996
v 12.8969843 21.3625565 0.060156852
v 12.8724128 21.3857781 0.0174999982
v 12.8675323 21.3794177 0.0254999986
v 12.8689618 21.3812806 0.0198431462
v 12.8724128 21.3857781 0.0625
v 12.8675323 21.3794177 0.0544999996
v 12.8689618 21.3812806 0.060156852
v 12.8476315 21.4075108 0.0174999982
v 12.8419625 21.4018418 0.0254999986
v 12.8436229 21.4035022 0.0198431462
v 12.8476315 21.4075108 0.0625
v 12.8419625 21.4018418 0.0544999996
v 12.8436229 21.4035022 0.060156852
v 12.8258988 21.4322921 0.0174999982
v 12.8195384 21.4274116 0.0254999986
v 12.8214013 21.4288411 0.0198431462
v 12.8258988 21.4322921 0.0625
v 12.8195384 21.4274116 0.0544999996
v 12.8214013 21.4288411 0.060156852
v 12.8075867 21.4596982 0.0174999982
v 12.8006437 21.4556895 0.0254999986
v 12.8026772 21.4568636 0.0198431462
v 12.8075867 21.4596982 0.0625
v 12.8006437 21.4556895 0.0544999996
v 12.8026772 21.4568636 0.060156852
v 12.7930085 21.4892599 0.0174999982
v 12.7856016 21.4861918 0.0254999986
v 12.787771 21.4870905 0.0198431462
v 12.7930085 21.4892599 0.0625
v 12.7856016 21.4861918 0.0544999996
v 12.787771 21.4870905 0.060156852
v 12.7824135 21.5204716 0.0174999982
v 12.7746695 21.5183966 0.0254999986
v 12.7769377 21.5190043 0.0198431462
v 12.7824135 21.5204716 0.0625
v 12.7746695 21.5183966 0.0544999996
v 12.7769377 21.5190043 0.060156852
v 12.7759831 21.5527992 0.0174999982
v 12.7680346 21.5517527 0.0254999986
v 12.7703627 21.5520592 0.0198431462
v 12.7759831 21.5527992 0.0625
v 12.7680346 21.5517527 0.0544999996
v 12.7703627 21.5520592 0.060156852
v 12.7738274 21.5856895 0.0174999982
v 12.7658103 21.5856895 0.0254999986
v 12.7681584 21.5856895 0.0198431462
v 12.7738274 21.5856895 0.0625
v 12.7658103 21.5856895 0.0544999996
v 12.7681584 21.5856895 0.060156852
v 12.7759831 21.6185799 0.0174999982
v 12.7680346 21.6196264 0.0254999986
v 12.7703627 21.6193198 0.0198431462
v 12.7759831 21.6185799 0.0625
v 12.7680346 21.6196264 0.0544999996
v 12.7703627 21.6193198 0.060156852
v 12.7824135 21.6509075 0.0174999982
v 12.7746695 21.6529825 0.0254999986
v 12.7769377 21.6523747 0.0198431462
v 12.7824135 21.6509075 0.0625
v 12.7746695 21.6529825 0.0544999996
v 12.7769377 21.6523747 0.060156852
v 12.7930085 21.6821192 0.0174999982
v 12.7856016 21.6851872 0.0254999986
v 12.787771 21.6842886 0.0198431462
v 12.7930085 21.6821192 0.0625
v 12.7856016 21.6851872 0.0544999996
v 12.787771 21.6842886 0.060156852
v 12.8075867 21.7116809 0.0174999982
v 12.8006437 21.7156895 0.0254999986
v 12.8026772 21.7145155 0.0198431462
v 12.8075867 21.7116809 0.0625
v 12.8006437 21.7156895 0.0544999996
v 12.8026772 21.7145154 0.060156852
v 12.8258988 21.739087 0.0174999982
v 12.8195384 21.7439675 0.0254999986
v 12.8214013 21.742538 0.0198431462
v 12.8258988 21.739087 0.0625
v 12.8195384 21.7439675 0.0544999996
v 12.8214013 21.742538 0.060156852
v 12.8476315 21.7638683 0.0174999982
v 12.8419625 21.7695373 0.0254999986
v 12.8436229 21.7678769 0.0198431462
v 12.8476315 21.7638683 0.0625
v 12.8419625 21.7695373 0.0544999996
v 12.8436229 21.7678769 0.060156852
v 12.8724128 21.7856009 0.0174999982
v 12.8675323 21.7919614 0.0254999986
v 12.8689618 21.7900984 0.0198431462
v 12.8724128 21.7856009 0.0625
v 12.8675323 21.7919614 0.0544999996
v 12.8689618 21.7900984 0.060156852
v 12.8998189 21.8039131 0.0174999982
v 12.8958102 21.8108561 0.0254999986
v 12.8969843 21.8088226 0.0198431462
v 12.8998189 21.8039131 0.0625
v 12.8958102 21.8108561 0.0544999996
v 12.8969843 21.8088226 0.060156852
v 12.9293806 21.8184913 0.0174999982
v 12.9263125 21.8258982 0.0254999986
v 12.9272112 21.8237288 0.0198431462
v 12.9293806 21.8184913 0.0625
v 12.9263125 21.8258982 0.0544999996
v 12.9272112 21.8237288 0.060156852
v 12.9605923 21.8290863 0.0174999982
v 12.9585173 21.8368303 0.0254999986
v 12.959125 21.8345621 0.0198431462
v 12.9605923 21.8290863 0.0625
v 12.9585173 21.8368303 0.0544999996
v 12.959125 21.8345621 0.060156852
v 12.9929199 21.8355166 0.0174999982
v 12.9918734 21.8434652 0.0254999986
v 12.9921799 21.8411371 0.0198431462
v 12.9929199 21.8355166 0.0625
v 12.9918734 21.8434652 0.0544999996
v 12.9921799 21.8411371 0.060156852
f 2 8 9
f 2 9 3
f 3 9 7
f 3 7 1
f 11 5 6
f 11 6 12
f 12 6 4
f 12 4 10
f 8 14 15
f 8 15 9
f 9 15 13
f 9 13 7
f 17 11 12
f 17 12 18
f 18 12 10
f 18 10 16
f 14 20 21
f 14 21 15
f 15 21 19
f 15 19 13
f 23 17 18
f 23 18 24
f 24 18 16
f 24 16 22
f 20 26 27
f 20 27 21
f 21 27 25
f 21 25 19
f 29 23 24
f 29 24 30
f 30 24 22
f 30 22 28
f 26 32 33
f 26 33 27
f 27 33 31
f 27 31 25
f 35 29 30
f 35 30 36
f 36 30 28
f 36 28 34
f 32 38 39
f 32 39 33
f 33 39 37
f 33 37 31
f 41 35 36
f 41 36 42
f 42 36 34
f 42 34 40
f 38 44 45
f 38 45 39
f 39 45 43
f 39 43 37
f 47 41 42
f 47 42 48
f 48 42 40
f 48 40 46
f 44 50 51
f 44 51 45
f 45 51 49
f 45 49 43
f 53 47 48
f 53 48 54
f 54 48 46
f 54 46 52
f 50 56 57
f 50 57 51
f 51 57 55
f 51 55 49
f 59 53 54
f 59 54 60
f 60 54 52
f 60 52 58
f 56 62 63
f 56 63 57
f 57 63 61
f 57 61 55
f 65 59 60
f 65 60 66
f 66 60 58
f 66 58 64
f 62 68 69
f 62 69 63
f 63 69 67
f 63 67 61
f 71 65 66
f 71 66 72
f 72 66 64
f 72 64 70
f 68 74 75
f 68 75 69
f 69 75 73
f 69 73 67
f 77 71 72
f 77 72 78
f 78 72 70
f 78 70 76
f 74 80 81
f 74 81 75
f 75 81 79
f 75 79 73
f 83 77 78
f 83 78 84
f 84 78 76
f 84 76 82
f 80 86 87
f 80 87 81
f 81 87 85
f 81 85 79
f 89 83 84
f 89 84 90
f 90 84 82
f 90 82 88
f 86 92 93
f 86 93 87
f 87 93 91
f 87 91 85
f 95 89 90
f 95 90 96
f 96 90 88
f 96 88 94
f 92 98 99
f 92 99 93
f 93 99 97
f 93 97 91
f 101 95 96
f 101 96 102
f 102 96 94
f 102 94 100
f 98 104 105
f 98 105 99
f 99 105 103
f 99 103 97
f 107 101 102
f 107 102 108
f 108 102 100
f 108 100 106
f 104 110 111
f 104 111 105
f 105 111 109
f 105 109 103
f 113 107 108
f 113 108 114
f 114 108 106
f 114 106 112
f 110 116 117
f 110 117 111
f 111 117 115
f 111 115 109
f 119 113 114
f 119 114 120
f 120 114 112
f 120 112 118
f 116 122 123
f 116 123 117
f 117 123 121
f 117 121 115
f 125 119 120
f 125 120 126
f 126 120 118
f 126 118 124
f 122 128 129
f 122 129 123
f 123 129 127
f 123 127 121
f 131 125 126
f 131 126 132
f 132 126 124
f 132 124 130
f 128 134 135
f 128 135 129
f 129 135 133
f 129 133 127
f 137 131 132
f 137 132 138
f 138 132 130
f 138 130 136
f 134 140 141
f 134 141 135
f 135 141 139
f 135 139 133
f 143 137 138
f 143 138 144
f 144 138 136
f 144 136 142
f 140 146 147
f 140 147 141
f 141 147 145
f 141 145 139
f 149 143 144
f 149 144 150
f 150 144 142
f 150 142 148
f 146 152 153
f 146 153 147
f 147 153 151
f 147 151 145
f 155 149 150
f 155 150 156
f 156 150 148
f 156 148 154
f 152 158 159
f 152 159 153
f 153 159 157
f 153 157 151
f 161 155 156
f 161 156 162
f 162 156 154
f 162 154 160
f 158 164 165
f 158 165 159
f 159 165 163
f 159 163 157
f 167 161 162
f 167 162 168
f 168 162 160
f 168 160 166
f 164 170 171
f 164 171 165
f 165 171 169
f 165 169 163
f 173 167 168
f 173 168 174
f 174 168 166
f 174 166 172
f 170 176 177
f 170 177 171
f 171 177 175
f 171 175 169
f 179 173 174
f 179 174 180
f 180 174 172
f 180 172 178
f 176 182 183
f 176 183 177
f 177 183 181
f 177 181 175
f 185 179 180
f 185 180 186
f 186 180 178
f 186 178 184
f 182 188 189
f 182 189 183
f 183 189 187
f 183 187 181
f 191 185 186
f 191 186 192
f 192 186 184
f 192 184 190
f 188 194 195
f 188 195 189
f 189 195 193
f 189 193 187
f 197 191 192
f 197 192 198
f 198 192 190
f 198 190 196
f 194 200 201
f 194 201 195
f 195 201 199
f 195 199 193
f 203 197 198
f 203 198 204
f 204 198 196
f 204 196 202
f 200 206 207
f 200 207 201
f 201 207 205
f 201 205 199
f 209 203 204
f 209 204 210
f 210 204 202
f 210 202 208
f 206 212 213
f 206 213 207
f 207 213 211
f 207 211 205
f 215 209 210
f 215 210 216
f 216 210 208
f 216 208 214
f 212 218 219
f 212 219 213
f 213 219 217
f 213 217 211
f 221 215 216
f 221 216 222
f 222 216 214
f 222 214 220
f 218 224 225
f 218 225 219
f 219 225 223
f 219 223 217
f 227 221 222
f 227 222 228
f 228 222 220
f 228 220 226
f 224 230 231
f 224 231 225
f 225 231 229
f 225 229 223
f 233 227 228
f 233 228 234
f 234 228 226
f 234 226 232
f 230 236 237
f 230 237 231
f 231 237 235
f 231 235 229
f 239 233 234
f 239 234 240
f 240 234 232
f 240 232 238
f 236 242 243
f 236 243 237
f 237 243 241
f 237 241 235
f 245 239 240
f 245 240 246
f 246 240 238
f 246 238 244
f 242 248 249
f 242 249 243
f 243 249 247
f 243 247 241
f 251 245 246
f 251 246 252
f 252 246 244
f 252 244 250
f 248 254 255
f 248 255 249
f 249 255 253
f 249 253 247
f 257 251 252
f 257 252 258
f 258 252 250
f 258 250 256
f 254 260 261
f 254 261 255
f 255 261 259
f 255 259 253
f 263 257 258
f 263 258 264
f 264 258 256
f 264 256 262
f 260 266 267
f 260 267 261
f 261 267 265
f 261 265 259
f 269 263 264
f 269 264 270
f 270 264 262
f 270 262 268
f 266 272 273
f 266 273 267
f 267 273 271
f 267 271 265
f 275 269 270
f 275 270 276
f 276 270 268
f 276 268 274
f 272 278 279
f 272 279 273
f 273 279 277
f 273 277 271
f 281 275 276
f 281 276 282
f 282 276 274
f 282 274 280
f 278 284 285
f 278 285 279
f 279 285 283
f 279 283 277
f 287 281 282
f 287 282 288
f 288 282 280
f 288 280 286
f 284 2 3
f 284 3 285
f 285 3 1
f 285 1 283
f 5 287 288
f 5 288 6
f 6 288 286
f 6 286 4
f 283 1 7
f 7 13 19
f 19 25 31
f 31 37 43
f 43 49 55
f 55 61 67
f 67 73 79
f 79 85 91
f 91 97 103
f 103 109 115
f 115 121 127
f 127 133 139
f 139 145 151
f 151 157 163
f 163 169 175
f 175 181 187
f 187 193 199
f 199 205 211
f 211 217 223
f 223 229 235
f 235 241 247
f 247 253 259
f 259 265 271
f 271 277 283
f 283 7 19
f 19 31 43
f 43 55 67
f 67 79 91
f 91 103 115
f 115 127 139
f 139 151 163
f 163 175 187
f 187 199 211
f 211 223 235
f 235 247 259
f 259 271 283
f 283 19 43
f 43 67 91
f 91 115 139
f 139 163 187
f 187 211 235
f 235 259 283
f 283 43 91
f 91 139 187
f 187 235 283
f 91 187 283
f 2 5 11
f 2 11 8
f 284 287 5
f 284 5 2
f 16 10 4
f 4 286 280
f 280 274 268
f 268 262 256
f 256 250 244
f 244 238 232
f 232 226 220
f 220 214 208
f 208 202 196
f 196 190 184
f 184 178 172
f 172 166 160
f 160 154 148
f 148 142 136
f 136 130 124
f 124 118 112
f 112 106 100
f 100 94 88
f 88 82 76
f 76 70 64
f 64 58 52
f 52 46 40
f 40 34 28
f 28 22 16
f 16 4 280
f 280 268 256
f 256 244 232
f 232 220 208
f 208 196 184
f 184 172 160
f 160 148 136
f 136 124 112
f 112 100 88
f 88 76 64
f 64 52 40
f 40 28 16
f 16 280 256
f 256 232 208
f 208 184 160
f 160 136 112
f 112 88 64
f 64 40 16
f 16 256 208
f 208 160 112
f 112 64 16
f 208 112 16
f 8 11 17
f 8 17 14
f 14 17 23
f 14 23 20
f 20 23 29
f 20 29 26
f 26 29 35
f 26 35 32
f 32 35 41
f 32 41 38
f 38 41 47
f 38 47 44
f 44 47 53
f 44 53 50
f 50 53 59
f 50 59 56
f 56 59 65
f 56 65 62
f 62 65 71
f 62 71 68
f 68 71 77
f 68 77 74
f 74 77 83
f 74 83 80
f 80 83 89
f 80 89 86
f 86 89 95
f 86 95 92
f 92 95 101
f 92 101 98
f 98 101 107
f 98 107 104
f 104 107 113
f 104 113 110
f 110 113 119
f 110 119 116
f 116 119 125
f 116 125 122
f 122 125 131
f 122 131 128
f 128 131 137
f 128 137 134
f 134 137 143
f 134 143 140
f 140 143 149
f 140 149 146
f 146 149 155
f 146 155 152
f 152 155 161
f 152 161 158
f 158 161 167
f 158 167 164
f 164 167 173
f 164 173 170
f 170 173 179
f 170 179 176
f 176 179 185
f 176 185 182
f 182 185 191
f 182 191 188
f 188 191 197
f 188 197 194
f 194 197 203
f 194 203 200
f 200 203 209
f 200 209 206
f 206 209 215
f 206 215 212
f 212 215 221
f 212 221 218
f 218 221 227
f 218 227 224
f 224 227 233
f 224 233 230
f 230 233 239
f 230 239 236
f 236 239 245
f 236 245 242
f 242 245 251
f 242 251 248
f 248 251 257
f 248 257 254
f 254 257 263
f 254 263 260
f 260 263 269
f 260 269 266
f 266 269 275
f 266 275 272
f 272 275 281
f 272 281 278
f 278 281 287
f 278 287 284
f 290 296 297
f 290 297 291
f 291 297 295
f 291 295 289
f 299 293 294
f 299 294 300
f 300 294 292
f 300 292 298
f 296 302 303
f 296 303 297
f 297 303 301
f 297 301 295
f 305 299 300
f 305 300 306
f 306 300 298
f 306 298 304
f 302 308 309
f 302 309 303
f 303 309 307
f 303 307 301
f 311 305 306
f 311 306 312
f 312 306 304
f 312 304 310
f 308 314 315
f 308 315 309
f 309 315 313
f 309 313 307
f 317 311 312
f 317 312 318
f 318 312 310
f 318 310 316
f 314 320 321
f 314 321 315
f 315 321 319
f 315 319 313
f 323 317 318
f 323 318 324
f 324 318 316
f 324 316 322
f 320 326 327
f 320 327 321
f 321 327 325
f 321 325 319
f 329 323 324
f 329 324 330
f 330 324 322
f 330 322 328
f 326 332 333
f 326 333 327
f 327 333 331
f 327 331 325
f 335 329 330
f 335 330 336
f 336 330 328
f 336 328 334
f 332 338 339
f 332 339 333
f 333 339 337
f 333 337 331
f 341 335 336
f 341 336 342
f 342 336 334
f 342 334 340
f 338 344 345
f 338 345 339
f 339 345 343
f 339 343 337
f 347 341 342
f 347 342 348
f 348 342 340
f 348 340 346
f 344 350 351
f 344 351 345
f 345 351 349
f 345 349 343
f 353 347 348
f 353 348 354
f 354 348 346
f 354 346 352
f 350 356 357
f 350 357 351
f 351 357 355
f 351 355 349
f 359 353 354
f 359 354 360
f 360 354 352
f 360 352 358
f 356 362 363
f 356 363 357
f 357 363 361
f 357 361 355
f 365 359 360
f 365 360 366
f 366 360 358
f 366 358 364
f 362 368 369
f 362 369 363
f 363 369 367
f 363 367 361
f 371 365 366
f 371 366 372
f 372 366 364
f 372 364 370
f 368 374 375
f 368 375 369
f 369 375 373
f 369 373 367
f 377 371 372
f 377 372 378
f 378 372 370
f 378 370 376
f 374 380 381
f 374 381 375
f 375 381 379
f 375 379 373
f 383 377 378
f 383 378 384
f 384 378 376
f 384 376 382
f 380 386 387
f 380 387 381
f 381 387 385
f 381 385 379
f 389 383 384
f 389 384 390
f 390 384 382
f 390 382 388
f 386 392 393
f 386 393 387
f 387 393 391
f 387 391 385
f 395 389 390
f 395 390 396
f 396 390 388
f 396 388 394
f 392 398 399
f 392 399 393
f 393 399 397
f 393 397 391
f 401 395 396
f 401 396 402
f 402 396 394
f 402 394 400
f 398 404 405
f 398 405 399
f 399 405 403
f 399 403 397
f 407 401 402
f 407 402 408
f 408 402 400
f 408 400 406
f 404 410 411
f 404 411 405
f 405 411 409
f 405 409 403
f 413 407 408
f 413 408 414
f 414 408 406
f 414 406 412
f 410 416 417
f 410 417 411
f 411 417 415
f 411 415 409
f 419 413 414
f 419 414 420
f 420 414 412
f 420 412 418
f 416 422 423
f 416 423 417
f 417 423 421
f 417 421 415
f 425 419 420
f 425 420 426
f 426 420 418
f 426 418 424
f 422 428 429
f 422 429 423
f 423 429 427
f 423 427 421
f 431 425 426
f 431 426 432
f 432 426 424
f 432 424 430
f 428 434 435
f 428 435 429
f 429 435 433
f 429 433 427
f 437 431 432
f 437 432 438
f 438 432 430
f 438 430 436
f 434 440 441
f 434 441 435
f 435 441 439
f 435 439 433
f 443 437 438
f 443 438 444
f 444 438 436
f 444 436 442
f 440 446 447
f 440 447 441
f 441 447 445
f 441 445 439
f 449 443 444
f 449 444 450
f 450 444 442
f 450 442 448
f 446 452 453
f 446 453 447
f 447 453 451
f 447 451 445
f 455 449 450
f 455 450 456
f 456 450 448
f 456 448 454
f 452 458 459
f 452 459 453
f 453 459 457
f 453 457 451
f 461 455 456
f 461 456 462
f 462 456 454
f 462 454 460
f 458 464 465
f 458 465 459
f 459 465 463
f 459 463 457
f 467 461 462
f 467 462 468
f 468 462 460
f 468 460 466
f 464 470 471
f 464 471 465
f 465 471 469
f 465 469 463
f 473 467 468
f 473 468 474
f 474 468 466
f 474 466 472
f 470 476 477
f 470 477 471
f 471 477 475
f 471 475 469
f 479 473 474
f 479 474 480
f 480 474 472
f 480 472 478
f 476 482 483
f 476 483 477
f 477 483 481
f 477 481 475
f 485 479 480
f 485 480 486
f 486 480 478
f 486 478 484
f 482 488 489
f 482 489 483
f 483 489 487
f 483 487 481
f 491 485 486
f 491 486 492
f 492 486 484
f 492 484 490
f 488 494 495
f 488 495 489
f 489 495 493
f 489 493 487
f 497 491 492
f 497 492 498
f 498 492 490
f 498 490 496
f 494 500 501
f 494 501 495
f 495 501 499
f 495 499 493
f 503 497 498
f 503 498 504
f 504 498 496
f 504 496 502
f 500 506 507
f 500 507 501
f 501 507 505
f 501 505 499
f 509 503 504
f 509 504 510
f 510 504 502
f 510 502 508
f 506 512 513
f 506 513 507
f 507 513 511
f 507 511 505
f 515 509 510
f 515 510 516
f 516 510 508
f 516 508 514
f 512 518 519
f 512 519 513
f 513 519 517
f 513 517 511
f 521 515 516
f 521 516 522
f 522 516 514
f 522 514 520
f 518 524 525
f 518 525 519
f 519 525 523
f 519 523 517
f 527 521 522
f 527 522 528
f 528 522 520
f 528 520 526
f 524 530 531
f 524 531 525
f 525 531 529
f 525 529 523
f 533 527 528
f 533 528 534
f 534 528 526
f 534 526 532
f 530 536 537
f 530 537 531
f 531 537 535
f 531 535 529
f 539 533 534
f 539 534 540
f 540 534 532
f 540 532 538
f 536 542 543
f 536 543 537
f 537 543 541
f 537 541 535
f 545 539 540
f 545 540 546
f 546 540 538
f 546 538 544
f 542 548 549
f 542 549 543
f 543 549 547
f 543 547 541
f 551 545 546
f 551 546 552
f 552 546 544
f 552 544 550
f 548 554 555
f 548 555 549
f 549 555 553
f 549 553 547
f 557 551 552
f 557 552 558
f 558 552 550
f 558 550 556
f 554 560 561
f 554 561 555
f 555 561 559
f 555 559 553
f 563 557 558
f 563 558 564
f 564 558 556
f 564 556 562
f 560 566 567
f 560 567 561
f 561 567 565
f 561 565 559
f 569 563 564
f 569 564 570
f 570 564 562
f 570 562 568
f 566 572 573
f 566 573 567
f 567 573 571
f 567 571 565
f 575 569 570
f 575 570 576
f 576 570 568
f 576 568 574
f 572 290 291
f 572 291 573
f 573 291 289
f 573 289 571
f 293 575 576
f 293 576 294
f 294 576 574
f 294 574 292
f 571 289 295
f 295 301 307
f 307 313 319
f 319 325 331
f 331 337 343
f 343 349 355
f 355 361 367
f 367 373 379
f 379 385 391
f 391 397 403
f 403 409 415
f 415 421 427
f 427 433 439
f 439 445 451
f 451 457 463
f 463 469 475
f 475 481 487
f 487 493 499
f 499 505 511
f 511 517 523
f 523 529 535
f 535 541 547
f 547 553 559
f 559 565 571
f 571 295 307
f 307 319 331
f 331 343 355
f 355 367 379
f 379 391 403
f 403 415 427
f 427 439 451
f 451 463 475
f 475 487 499
f 499 511 523
f 523 535 547
f 547 559 571
f 571 307 331
f 331 355 379
f 379 403 427
f 427 451 475
f 475 499 523
f 523 547 571
f 571 331 379
f 379 427 475
f 475 523 571
f 379 475 571
f 290 293 299
f 290 299 296
f 572 575 293
f 572 293 290
f 304 298 292
f 292 574 568
f 568 562 556
f 556 550 544
f 544 538 532
f 532 526 520
f 520 514 508
f 508 502 496
f 496 490 484
f 484 478 472
f 472 466 460
f 460 454 448
f 448 442 436
f 436 430 424
f 424 418 412
f 412 406 400
f 400 394 388
f 388 382 376
f 376 370 364
f 364 358 352
f 352 346 340
f 340 334 328
f 328 322 316
f 316 310 304
f 304 292 568
f 568 556 544
f 544 532 520
f 520 508 496
f 496 484 472
f 472 460 448
f 448 436 424
f 424 412 400
f 400 388 376
f 376 364 352
f 352 340 328
f 328 316 304
f 304 568 544
f 544 520 496
f 496 472 448
f 448 424 400
f 400 376 352
f 352 328 304
f 304 544 496
f 496 448 400
f 400 352 304
f 496 400 304
f 296 299 305
f 296 305 302
f 302 305 311
f 302 311 308
f 308 311 317
f 308 317 314
f 314 317 323
f 314 323 320
f 320 323 329
f 320 329 326
f 326 329 335
f 326 335 332
f 332 335 341
f 332 341 338
f 338 341 347
f 338 347 344
f 344 347 353
f 344 353 350
f 350 353 359
f 350 359 356
f 356 359 365
f 356 365 362
f 362 365 371
f 362 371 368
f 368 371 377
f 368 377 374
f 374 377 383
f 374 383 380
f 380 383 389
f 380 389 386
f 386 389 395
f 386 395 392
f 392 395 401
f 392 401 398
f 398 401 407
f 398 407 404
f 404 407 413
f 404 413 410
f 410 413 419
f 410 419 416
f 416 419 425
f 416 425 422
f 422 425 431
f 422 431 428
f 428 431 437
f 428 437 434
f 434 437 443
f 434 443 440
f 440 443 449
f 440 449 446
f 446 449 455
f 446 455 452
f 452 455 461
f 452 461 458
f 458 461 467
f 458 467 464
f 464 467 473
f 464 473 470
f 470 473 479
f 470 479 476
f 476 479 485
f 476 485 482
f 482 485 491
f 482 491 488
f 488 491 497
f 488 497 494
f 494 497 503
f 494 503 500
f 500 503 509
f 500 509 506
f 506 509 515
f 506 515 512
f 512 515 521
f 512 521 518
f 518 521 527
f 518 527 524
f 524 527 533
f 524 533 530
f 530 533 539
f 530 539 536
f 536 539 545
f 536 545 542
f 542 545 551
f 542 551 548
f 548 551 557
f 548 557 554
f 554 557 563
f 554 563 560
f 560 563 569
f 560 569 566
f 566 569 575
f 566 575 572
f 578 584 585
f 578 585 579
f 579 585 583
f 579 583 577
f 587 581 582
f 587 582 588
f 588 582 580
f 588 580 586
f 584 590 591
f 584 591 585
f 585 591 589
f 585 589 583
f 593 587 588
f 593 588 594
f 594 588 586
f 594 586 592
f 590 596 597
f 590 597 591
f 591 597 595
f 591 595 589
f 599 593 594
f 599 594 600
f 600 594 592
f 600 592 598
f 596 602 603
f 596 603 597
f 597 603 601
f 597 601 595
f 605 599 600
f 605 600 606
f 606 600 598
f 606 598 604
f 602 608 609
f 602 609 603
f 603 609 607
f 603 607 601
f 611 605 606
f 611 606 612
f 612 606 604
f 612 604 610
f 608 614 615
f 608 615 609
f 609 615 613
f 609 613 607
f 617 611 612
f 617 612 618
f 618 612 610
f 618 610 616
f 614 620 621
f 614 621 615
f 615 621 619
f 615 619 613
f 623 617 618
f 623 618 624
f 624 618 616
f 624 616 622
f 620 626 627
f 620 627 621
f 621 627 625
f 621 625 619
f 629 623 624
f 629 624 630
f 630 624 622
f 630 622 628
f 626 632 633
f 626 633 627
f 627 633 631
f 627 631 625
f 635 629 630
f 635 630 636
f 636 630 628
f 636 628 634
f 632 638 639
f 632 639 633
f 633 639 637
f 633 637 631
f 641 635 636
f 641 636 642
f 642 636 634
f 642 634 640
f 638 644 645
f 638 645 639
f 639 645 643
f 639 643 637
f 647 641 642
f 647 642 648
f 648 642 640
f 648 640 646
f 644 650 651
f 644 651 645
f 645 651 649
f 645 649 643
f 653 647 648
f 653 648 654
f 654 648 646
f 654 646 652
f 650 656 657
f 650 657 651
f 651 657 655
f 651 655 649
f 659 653 654
f 659 654 660
f 660 654 652
f 660 652 658
f 656 662 663
f 656 663 657
f 657 663 661
f 657 661 655
f 665 659 660
f 665 660 666
f 666 660 658
f 666 658 664
f 662 668 669
f 662 669 663
f 663 669 667
f 663 667 661
f 671 665 666
f 671 666 672
f 672 666 664
f 672 664 670
f 668 674 675
f 668 675 669
f 669 675 673
f 669 673 667
f 677 671 672
f 677 672 678
f 678 672 670
f 678 670 676
f 674 680 681
f 674 681 675
f 675 681 679
f 675 679 673
f 683 677 678
f 683 678 684
f 684 678 676
f 684 676 682
f 680 686 687
f 680 687 681
f 681 687 685
f 681 685 679
f 689 683 684
f 689 684 690
f 690 684 682
f 690 682 688
f 686 692 693
f 686 693 687
f 687 693 691
f 687 691 685
f 695 689 690
f 695 690 696
f 696 690 688
f 696 688 694
f 692 698 699
f 692 699 693
f 693 699 697
f 693 697 691
f 701 695 696
f 701 696 702
f 702 696 694
f 702 694 700
f 698 704 705
f 698 705 699
f 699 705 703
f 699 703 697
f 707 701 702
f 707 702 708
f 708 702 700
f 708 700 706
f 704 710 711
f 704 711 705
f 705 711 709
f 705 709 703
f 713 707 708
f 713 708 714
f 714 708 706
f 714 706 712
f 710 716 717
f 710 717 711
f 711 717 715
f 711 715 709
f 719 713 714
f 719 714 720
f 720 714 712
f 720 712 718
f 716 722 723
f 716 723 717
f 717 723 721
f 717 721 715
f 725 719 720
f 725 720 726
f 726 720 718
f 726 718 724
f 722 728 729
f 722 729 723
f 723 729 727
f 723 727 721
f 731 725 726
f 731 726 732
f 732 726 724
f 732 724 730
f 728 734 735
f 728 735 729
f 729 735 733
f 729 733 727
f 737 731 732
f 737 732 738
f 738 732 730
f 738 730 736
f 734 740 741
f 734 741 735
f 735 741 739
f 735 739 733
f 743 737 738
f 743 738 744
f 744 738 736
f 744 736 742
f 740 746 747
f 740 747 741
f 741 747 745
f 741 745 739
f 749 743 744
f 749 744 750
f 750 744 742
f 750 742 748
f 746 752 753
f 746 753 747
f 747 753 751
f 747 751 745
f 755 749 750
f 755 750 756
f 756 750 748
f 756 748 754
f 752 758 759
f 752 759 753
f 753 759 757
f 753 757 751
f 761 755 756
f 761 756 762
f 762 756 754
f 762 754 760
f 758 764 765
f 758 765 759
f 759 765 763
f 759 763 757
f 767 761 762
f 767 762 768
f 768 762 760
f 768 760 766
f 764 770 771
f 764 771 765
f 765 771 769
f 765 769 763
f 773 767 768
f 773 768 774
f 774 768 766
f 774 766 772
f 770 776 777
f 770 777 771
f 771 777 775
f 771 775 769
f 779 773 774
f 779 774 780
f 780 774 772
f 780 772 778
f 776 782 783
f 776 783 777
f 777 783 781
f 777 781 775
f 785 779 780
f 785 780 786
f 786 780 778
f 786 778 784
f 782 788 789
f 782 789 783
f 783 789 787
f 783 787 781
f 791 785 786
f 791 786 792
f 792 786 784
f 792 784 790
f 788 794 795
f 788 795 789
f 789 795 793
f 789 793 787
f 797 791 792
f 797 792 798
f 798 792 790
f 798 790 796
f 794 800 801
f 794 801 795
f 795 801 799
f 795 799 793
f 803 797 798
f 803 798 804
f 804 798 796
f 804 796 802
f 800 806 807
f 800 807 801
f 801 807 805
f 801 805 799
f 809 803 804
f 809 804 810
f 810 804 802
f 810 802 808
f 806 812 813
f 806 813 807
f 807 813 811
f 807 811 805
f 815 809 810
f 815 810 816
f 816 810 808
f 816 808 814
f 812 818 819
f 812 819 813
f 813 819 817
f 813 817 811
f 821 815 816
f 821 816 822
f 822 816 814
f 822 814 820
f 818 824 825
f 818 825 819
f 819 825 823
f 819 823 817
f 827 821 822
f 827 822 828
f 828 822 820
f 828 820 826
f 824 830 831
f 824 831 825
f 825 831 829
f 825 829 823
f 833 827 828
f 833 828 834
f 834 828 826
f 834 826 832
f 830 836 837
f 830 837 831
f 831 837 835
f 831 835 829
f 839 833 834
f 839 834 840
f 840 834 832
f 840 832 838
f 836 842 843
f 836 843 837
f 837 843 841
f 837 841 835
f 845 839 840
f 845 840 846
f 846 840 838
f 846 838 844
f 842 848 849
f 842 849 843
f 843 849 847
f 843 847 841
f 851 845 846
f 851 846 852
f 852 846 844
f 852 844 850
f 848 854 855
f 848 855 849
f 849 855 853
f 849 853 847
f 857 851 852
f 857 852 858
f 858 852 850
f 858 850 856
f 854 860 861
f 854 861 855
f 855 861 859
f 855 859 853
f 863 857 858
f 863 858 864
f 864 858 856
f 864 856 862
f 860 578 579
f 860 579 861
f 861 579 577
f 861 577 859
f 581 863 864
f 581 864 582
f 582 864 862
f 582 862 580
f 859 577 583
f 583 589 595
f 595 601 607
f 607 613 619
f 619 625 631
f 631 637 643
f 643 649 655
f 655 661 667
f 667 673 679
f 679 685 691
f 691 697 703
f 703 709 715
f 715 721 727
f 727 733 739
f 739 745 751
f 751 757 763
f 763 769 775
f 775 781 787
f 787 793 799
f 799 805 811
f 811 817 823
f 823 829 835
f 835 841 847
f 847 853 859
f 859 583 595
f 595 607 619
f 619 631 643
f 643 655 667
f 667 679 691
f 691 703 715
f 715 727 739
f 739 751 763
f 763 775 787
f 787 799 811
f 811 823 835
f 835 847 859
f 859 595 619
f 619 643 667
f 667 691 715
f 715 739 763
f 763 787 811
f 811 835 859
f 859 619 667
f 667 715 763
f 763 811 859
f 667 763 859
f 578 581 587
f 578 587 584
f 860 863 581
f 860 581 578
f 592 586 580
f 580 862 856
f 856 850 844
f 844 838 832
f 832 826 820
f 820 814 808
f 808 802 796
f 796 790 784
f 784 778 772
f 772 766 760
f 760 754 748
f 748 742 736
f 736 730 724
f 724 718 712
f 712 706 700
f 700 694 688
f 688 682 676
f 676 670 664
f 664 658 652
f 652 646 640
f 640 634 628
f 628 622 616
f 616 610 604
f 604 598 592
f 592 580 856
f 856 844 832
f 832 820 808
f 808 796 784
f 784 772 760
f 760 748 736
f 736 724 712
f 712 700 688
f 688 676 664
f 664 652 640
f 640 628 616
f 616 604 592
f 592 856 832
f 832 808 784
f 784 760 736
f 736 712 688
f 688 664 640
f 640 616 592
f 592 832 784
f 784 736 688
f 688 640 592
f 784 688 592
f 584 587 593
f 584 593 590
f 590 593 599
f 590 599 596
f 596 599 605
f 596 605 602
f 602 605 611
f 602 611 608
f 608 611 617
f 608 617 614
f 614 617 623
f 614 623 620
f 620 623 629
f 620 629 626
f 626 629 635
f 626 635 632
f 632 635 641
f 632 641 638
f 638 641 647
f 638 647 644
f 644 647 653
f 644 653 650
f 650 653 659
f 650 659 656
f 656 659 665
f 656 665 662
f 662 665 671
f 662 671 668
f 668 671 677
f 668 677 674
f 674 677 683
f 674 683 680
f 680 683 689
f 680 689 686
f 686 689 695
f 686 695 692
f 692 695 701
f 692 701 698
f 698 701 707
f 698 707 704
f 704 707 713
f 704 713 710
f 710 713 719
f 710 719 716
f 716 719 725
f 716 725 722
f 722 725 731
f 722 731 728
f 728 731 737
f 728 737 734
f 734 737 743
f 734 743 740
f 740 743 749
f 740 749 746
f 746 749 755
f 746 755 752
f 752 755 761
f 752 761 758
f 758 761 767
f 758 767 764
f 764 767 773
f 764 773 770
f 770 773 779
f 770 779 776
f 776 779 785
f 776 785 782
f 782 785 791
f 782 791 788
f 788 791 797
f 788 797 794
f 794 797 803
f 794 803 800
f 800 803 809
f 800 809 806
f 806 809 815
f 806 815 812
f 812 815 821
f 812 821 818
f 818 821 827
f 818 827 824
f 824 827 833
f 824 833 830
f 830 833 839
f 830 839 836
f 836 839 845
f 836 845 842
f 842 845 851
f 842 851 848
f 848 851 857
f 848 857 854
f 854 857 863
f 854 863 860
f 866 872 873
f 866 873 867
f 867 873 871
f 867 871 865
f 875 869 870
f 875 870 876
f 876 870 868
f 876 868 874
f 872 878 879
f 872 879 873
f 873 879 877
f 873 877 871
f 881 875 876
f 881 876 882
f 882 876 874
f 882 874 880
f 878 884 885
f 878 885 879
f 879 885 883
f 879 883 877
f 887 881 882
f 887 882 888
f 888 882 880
f 888 880 886
f 884 890 891
f 884 891 885
f 885 891 889
f 885 889 883
f 893 887 888
f 893 888 894
f 894 888 886
f 894 886 892
f 890 896 897
f 890 897 891
f 891 897 895
f 891 895 889
f 899 893 894
f 899 894 900
f 900 894 892
f 900 892 898
f 896 902 903
f 896 903 897
f 897 903 901
f 897 901 895
f 905 899 900
f 905 900 906
f 906 900 898
f 906 898 904
f 902 908 909
f 902 909 903
f 903 909 907
f 903 907 901
f 911 905 906
f 911 906 912
f 912 906 904
f 912 904 910
f 908 914 915
f 908 915 909
f 909 915 913
f 909 913 907
f 917 911 912
f 917 912 918
f 918 912 910
f 918 910 916
f 914 920 921
f 914 921 915
f 915 921 919
f 915 919 913
f 923 917 918
f 923 918 924
f 924 918 916
f 924 916 922
f 920 926 927
f 920 927 921
f 921 927 925
f 921 925 919
f 929 923 924
f 929 924 930
f 930 924 922
f 930 922 928
f 926 932 933
f 926 933 927
f 927 933 931
f 927 931 925
f 935 929 930
f 935 930 936
f 936 930 928
f 936 928 934
f 932 938 939
f 932 939 933
f 933 939 937
f 933 937 931
f 941 935 936
f 941 936 942
f 942 936 934
f 942 934 940
f 938 944 945
f 938 945 939
f 939 945 943
f 939 943 937
f 947 941 942
f 947 942 948
f 948 942 940
f 948 940 946
f 944 950 951
f 944 951 945
f 945 951 949
f 945 949 943
f 953 947 948
f 953 948 954
f 954 948 946
f 954 946 952
f 950 956 957
f 950 957 951
f 951 957 955
f 951 955 949
f 959 953 954
f 959 954 960
f 960 954 952
f 960 952 958
f 956 962 963
f 956 963 957
f 957 963 961
f 957 961 955
f 965 959 960
f 965 960 966
f 966 960 958
f 966 958 964
f 962 968 969
f 962 969 963
f 963 969 967
f 963 967 961
f 971 965 966
f 971 966 972
f 972 966 964
f 972 964 970
f 968 974 975
f 968 975 969
f 969 975 973
f 969 973 967
f 977 971 972
f 977 972 978
f 978 972 970
f 978 970 976
f 974 980 981
f 974 981 975
f 975 981 979
f 975 979 973
f 983 977 978
f 983 978 984
f 984 978 976
f 984 976 982
f 980 986 987
f 980 987 981
f 981 987 985
f 981 985 979
f 989 983 984
f 989 984 990
f 990 984 982
f 990 982 988
f 986 992 993
f 986 993 987
f 987 993 991
f 987 991 985
f 995 989 990
f 995 990 996
f 996 990 988
f 996 988 994
f 992 998 999
f 992 999 993
f 993 999 997
f 993 997 991
f 1001 995 996
f 1001 996 1002
f 1002 996 994
f 1002 994 1000
f 998 1004 1005
f 998 1005 999
f 999 1005 1003
f 999 1003 997
f 1007 1001 1002
f 1007 1002 1008
f 1008 1002 1000
f 1008 1000 1006
f 1004 1010 1011
f 1004 1011 1005
f 1005 1011 1009
f 1005 1009 1003
f 1013 1007 1008
f 1013 1008 1014
f 1014 1008 1006
f 1014 1006 1012
f 1010 1016 1017
f 1010 1017 1011
f 1011 1017 1015
f 1011 1015 1009
f 1019 1013 1014
f 1019 1014 1020
f 1020 1014 1012
f 1020 1012 1018
f 1016 1022 1023
f 1016 1023 1017
f 1017 1023 1021
f 1017 1021 1015
f 1025 1019 1020
f 1025 1020 1026
f 1026 1020 1018
f 1026 1018 1024
f 1022 1028 1029
f 1022 1029 1023
f 1023 1029 1027
f 1023 1027 1021
f 1031 1025 1026
f 1031 1026 1032
f 1032 1026 1024
f 1032 1024 1030
f 1028 1034 1035
f 1028 1035 1029
f 1029 1035 1033
f 1029 1033 1027
f 1037 1031 1032
f 1037 1032 1038
f 1038 1032 1030
f 1038 1030 1036
f 1034 1040 1041
f 1034 1041 1035
f 1035 1041 1039
f 1035 1039 1033
f 1043 1037 1038
f 1043 1038 1044
f 1044 1038 1036
f 1044 1036 1042
f 1040 1046 1047
f 1040 1047 1041
f 1041 1047 1045
f 1041 1045 1039
f 1049 1043 1044
f 1049 1044 1050
f 1050 1044 1042
f 1050 1042 1048
f 1046 1052 1053
f 1046 1053 1047
f 1047 1053 1051
f 1047 1051 1045
f 1055 1049 1050
f 1055 1050 1056
f 1056 1050 1048
f 1056 1048 1054
f 1052 1058 1059
f 1052 1059 1053
f 1053 1059 1057
f 1053 1057 1051
f 1061 1055 1056
f 1061 1056 1062
f 1062 1056 1054
f 1062 1054 1060
f 1058 1064 1065
f 1058 1065 1059
f 1059 1065 1063
f 1059 1063 1057
f 1067 1061 1062
f 1067 1062 1068
f 1068 1062 1060
f 1068 1060 1066
f 1064 1070 1071
f 1064 1071 1065
f 1065 1071 1069
f 1065 1069 1063
f 1073 1067 1068
f 1073 1068 1074
f 1074 1068 1066
f 1074 1066 1072
f 1070 1076 1077
f 1070 1077 1071
f 1071 1077 1075
f 1071 1075 1069
f 1079 1073 1074
f 1079 1074 1080
f 1080 1074 1072
f 1080 1072 1078
f 1076 1082 1083
f 1076 1083 1077
f 1077 1083 1081
f 1077 1081 1075
f 1085 1079 1080
f 1085 1080 1086
f 1086 1080 1078
f 1086 1078 1084
f 1082 1088 1089
f 1082 1089 1083
f 1083 1089 1087
f 1083 1087 1081
f 1091 1085 1086
f 1091 1086 1092
f 1092 1086 1084
f 1092 1084 1090
f 1088 1094 1095
f 1088 1095 1089
f 1089 1095 1093
f 1089 1093 1087
f 1097 1091 1092
f 1097 1092 1098
f 1098 1092 1090
f 1098 1090 1096
f 1094 1100 1101
f 1094 1101 1095
f 1095 1101 1099
f 1095 1099 1093
f 1103 1097 1098
f 1103 1098 1104
f 1104 1098 1096
f 1104 1096 1102
f 1100 1106 1107
f 1100 1107 1101
f 1101 1107 1105
f 1101 1105 1099
f 1109 1103 1104
f 1109 1104 1110
f 1110 1104 1102
f 1110 1102 1108
f 1106 1112 1113
f 1106 1113 1107
f 1107 1113 1111
f 1107 1111 1105
f 1115 1109 1110
f 1115 1110 1116
f 1116 1110 1108
f 1116 1108 1114
f 1112 1118 1119
f 1112 1119 1113
f 1113 1119 1117
f 1113 1117 1111
f 1121 1115 1116
f 1121 1116 1122
f 1122 1116 1114
f 1122 1114 1120
f 1118 1124 1125
f 1118 1125 1119
f 1119 1125 1123
f 1119 1123 1117
f 1127 1121 1122
f 1127 1122 1128
f 1128 1122 1120
f 1128 1120 1126
f 1124 1130 1131
f 1124 1131 1125
f 1125 1131 1129
f 1125 1129 1123
f 1133 1127 1128
f 1133 1128 1134
f 1134 1128 1126
f 1134 1126 1132
f 1130 1136 1137
f 1130 1137 1131
f 1131 1137 1135
f 1131 1135 1129
f 1139 1133 1134
f 1139 1134 1140
f 1140 1134 1132
f 1140 1132 1138
f 1136 1142 1143
f 1136 1143 1137
f 1137 1143 1141
f 1137 1141 1135
f 1145 1139 1140
f 1145 1140 1146
f 1146 1140 1138
f 1146 1138 1144
f 1142 1148 1149
f 1142 1149 1143
f 1143 1149 1147
f 1143 1147 1141
f 1151 1145 1146
f 1151 1146 1152
f 1152 1146 1144
f 1152 1144 1150
f 1148 866 867
f 1148 867 1149
f 1149 867 865
f 1149 865 1147
f 869 1151 1152
f 869 1152 870
f 870 1152 1150
f 870 1150 868
f 1147 865 871
f 871 877 883
f 883 889 895
f 895 901 907
f 907 913 919
f 919 925 931
f 931 937 943
f 943 949 955
f 955 961 967
f 967 973 979
f 979 985 991
f 991 997 1003
f 1003 1009 1015
f 1015 1021 1027
f 1027 1033 1039
f 1039 1045 1051
f 1051 1057 1063
f 1063 1069 1075
f 1075 1081 1087
f 1087 1093 1099
f 1099 1105 1111
f 1111 1117 1123
f 1123 1129 1135
f 1135 1141 1147
f 1147 871 883
f 883 895 907
f 907 919 931
f 931 943 955
f 955 967 979
f 979 991 1003
f 1003 1015 1027
f 1027 1039 1051
f 1051 1063 1075
f 1075 1087 1099
f 1099 1111 1123
f 1123 1135 1147
f 1147 883 907
f 907 931 955
f 955 979 1003
f 1003 1027 1051
f 1051 1075 1099
f 1099 1123 1147
f 1147 907 955
f 955 1003 1051
f 1051 1099 1147
f 955 1051 1147
f 866 869 875
f 866 875 872
f 1148 1151 869
f 1148 869 866
f 880 874 868
f 868 1150 1144
f 1144 1138 1132
f 1132 1126 1120
f 1120 1114 1108
f 1108 1102 1096
f 1096 1090 1084
f 1084 1078 1072
f 1072 1066 1060
f 1060 1054 1048
f 1048 1042 1036
f 1036 1030 1024
f 1024 1018 1012
f 1012 1006 1000
f 1000 994 988
f 988 982 976
f 976 970 964
f 964 958 952
f 952 946 940
f 940 934 928
f 928 922 916
f 916 910 904
f 904 898 892
f 892 886 880
f 880 868 1144
f 1144 1132 1120
f 1120 1108 1096
f 1096 1084 1072
f 1072 1060 1048
f 1048 1036 1024
f 1024 1012 1000
f 1000 988 976
f 976 964 952
f 952 940 928
f 928 916 904
f 904 892 880
f 880 1144 1120
f 1120 1096 1072
f 1072 1048 1024
f 1024 1000 976
f 976 952 928
f 928 904 880
f 880 1120 1072
f 1072 1024 976
f 976 928 880
f 1072 976 880
f 872 875 881
f 872 881 878
f 878 881 887
f 878 887 884
f 884 887 893
f 884 893 890
f 890 893 899
f 890 899 896
f 896 899 905
f 896 905 902
f 902 905 911
f 902 911 908
f 908 911 917
f 908 917 914
f 914 917 923
f 914 923 920
f 920 923 929
f 920 929 926
f 926 929 935
f 926 935 932
f 932 935 941
f 932 941 938
f 938 941 947
f 938 947 944
f 944 947 953
f 944 953 950
f 950 953 959
f 950 959 956
f 956 959 965
f 956 965 962
f 962 965 971
f 962 971 968
f 968 971 977
f 968 977 974
f 974 977 983
f 974 983 980
f 980 983 989
f 980 989 986
f 986 989 995
f 986 995 992
f 992 995 1001
f 992 1001 998
f 998 1001 1007
f 998 1007 1004
f 1004 1007 1013
f 1004 1013 1010
f 1010 1013 1019
f 1010 1019 1016
f 1016 1019 1025
f 1016 1025 1022
f 1022 1025 1031
f 1022 1031 1028
f 1028 1031 1037
f 1028 1037 1034
f 1034 1037 1043
f 1034 1043 1040
f 1040 1043 1049
f 1040 1049 1046
f 1046 1049 1055
f 1046 1055 1052
f 1052 1055 1061
f 1052 1061 1058
f 1058 1061 1067
f 1058 1067 1064
f 1064 1067 1073
f 1064 1073 1070
f 1070 1073 1079
f 1070 1079 1076
f 1076 1079 1085
f 1076 1085 1082
f 1082 1085 1091
f 1082 1091 1088
f 1088 1091 1097
f 1088 1097 1094
f 1094 1097 1103
f 1094 1103 1100
f 1100 1103 1109
f 1100 1109 1106
f 1106 1109 1115
f 1106 1115 1112
f 1112 1115 1121
f 1112 1121 1118
f 1118 1121 1127
f 1118 1127 1124
f 1124 1127 1133
f 1124 1133 1130
f 1130 1133 1139
f 1130 1139 1136
f 1136 1139 1145
f 1136 1145 1142
f 1142 1145 1151
f 1142 1151 1148
f 1154 1160 1161
f 1154 1161 1155
f 1155 1161 1159
f 1155 1159 1153
f 1163 1157 1158
f 1163 1158 1164
f 1164 1158 1156
f 1164 1156 1162
f 1160 1166 1167
f 1160 1167 1161
f 1161 1167 1165
f 1161 1165 1159
f 1169 1163 1164
f 1169 1164 1170
f 1170 1164 1162
f 1170 1162 1168
f 1166 1172 1173
f 1166 1173 1167
f 1167 1173 1171
f 1167 1171 1165
f 1175 1169 1170
f 1175 1170 1176
f 1176 1170 1168
f 1176 1168 1174
f 1172 1178 1179
f 1172 1179 1173
f 1173 1179 1177
f 1173 1177 1171
f 1181 1175 1176
f 1181 1176 1182
f 1182 1176 1174
f 1182 1174 1180
f 1178 1184 1185
f 1178 1185 1179
f 1179 1185 1183
f 1179 1183 1177
f 1187 1181 1182
f 1187 1182 1188
f 1188 1182 1180
f 1188 1180 1186
f 1184 1190 1191
f 1184 1191 1185
f 1185 1191 1189
f 1185 1189 1183
f 1193 1187 1188
f 1193 1188 1194
f 1194 1188 1186
f 1194 1186 1192
f 1190 1196 1197
f 1190 1197 1191
f 1191 1197 1195
f 1191 1195 1189
f 1199 1193 1194
f 1199 1194 1200
f 1200 1194 1192
f 1200 1192 1198
f 1196 1202 1203
f 1196 1203 1197
f 1197 1203 1201
f 1197 1201 1195
f 1205 1199 1200
f 1205 1200 1206
f 1206 1200 1198
f 1206 1198 1204
f 1202 1208 1209
f 1202 1209 1203
f 1203 1209 1207
f 1203 1207 1201
f 1211 1205 1206
f 1211 1206 1212
f 1212 1206 1204
f 1212 1204 1210
f 1208 1214 1215
f 1208 1215 1209
f 1209 1215 1213
f 1209 1213 1207
f 1217 1211 1212
f 1217 1212 1218
f 1218 1212 1210
f 1218 1210 1216
f 1214 1220 1221
f 1214 1221 1215
f 1215 1221 1219
f 1215 1219 1213
f 1223 1217 1218
f 1223 1218 1224
f 1224 1218 1216
f 1224 1216 1222
f 1220 1226 1227
f 1220 1227 1221
f 1221 1227 1225
f 1221 1225 1219
f 1229 1223 1224
f 1229 1224 1230
f 1230 1224 1222
f 1230 1222 1228
f 1226 1232 1233
f 1226 1233 1227
f 1227 1233 1231
f 1227 1231 1225
f 1235 1229 1230
f 1235 1230 1236
f 1236 1230 1228
f 1236 1228 1234
f 1232 1238 1239
f 1232 1239 1233
f 1233 1239 1237
f 1233 1237 1231
f 1241 1235 1236
f 1241 1236 1242
f 1242 1236 1234
f 1242 1234 1240
f 1238 1244 1245
f 1238 1245 1239
f 1239 1245 1243
f 1239 1243 1237
f 1247 1241 1242
f 1247 1242 1248
f 1248 1242 1240
f 1248 1240 1246
f 1244 1250 1251
f 1244 1251 1245
f 1245 1251 1249
f 1245 1249 1243
f 1253 1247 1248
f 1253 1248 1254
f 1254 1248 1246
f 1254 1246 1252
f 1250 1256 1257
f 1250 1257 1251
f 1251 1257 1255
f 1251 1255 1249
f 1259 1253 1254
f 1259 1254 1260
f 1260 1254 1252
f 1260 1252 1258
f 1256 1262 1263
f 1256 1263 1257
f 1257 1263 1261
f 1257 1261 1255
f 1265 1259 1260
f 1265 1260 1266
f 1266 1260 1258
f 1266 1258 1264
f 1262 1268 1269
f 1262 1269 1263
f 1263 1269 1267
f 1263 1267 1261
f 1271 1265 1266
f 1271 1266 1272
f 1272 1266 1264
f 1272 1264 1270
f 1268 1274 1275
f 1268 1275 1269
f 1269 1275 1273
f 1269 1273 1267
f 1277 1271 1272
f 1277 1272 1278
f 1278 1272 1270
f 1278 1270 1276
f 1274 1280 1281
f 1274 1281 1275
f 1275 1281 1279
f 1275 1279 1273
f 1283 1277 1278
f 1283 1278 1284
f 1284 1278 1276
f 1284 1276 1282
f 1280 1286 1287
f 1280 1287 1281
f 1281 1287 1285
f 1281 1285 1279
f 1289 1283 1284
f 1289 1284 1290
f 1290 1284 1282
f 1290 1282 1288
f 1286 1292 1293
f 1286 1293 1287
f 1287 1293 1291
f 1287 1291 1285
f 1295 1289 1290
f 1295 1290 1296
f 1296 1290 1288
f 1296 1288 1294
f 1292 1298 1299
f 1292 1299 1293
f 1293 1299 1297
f 1293 1297 1291
f 1301 1295 1296
f 1301 1296 1302
f 1302 1296 1294
f 1302 1294 1300
f 1298 1304 1305
f 1298 1305 1299
f 1299 1305 1303
f 1299 1303 1297
f 1307 1301 1302
f 1307 1302 1308
f 1308 1302 1300
f 1308 1300 1306
f 1304 1310 1311
f 1304 1311 1305
f 1305 1311 1309
f 1305 1309 1303
f 1313 1307 1308
f 1313 1308 1314
f 1314 1308 1306
f 1314 1306 1312
f 1310 1316 1317
f 1310 1317 1311
f 1311 1317 1315
f 1311 1315 1309
f 1319 1313 1314
f 1319 1314 1320
f 1320 1314 1312
f 1320 1312 1318
f 1316 1322 1323
f 1316 1323 1317
f 1317 1323 1321
f 1317 1321 1315
f 1325 1319 1320
f 1325 1320 1326
f 1326 1320 1318
f 1326 1318 1324
f 1322 1328 1329
f 1322 1329 1323
f 1323 1329 1327
f 1323 1327 1321
f 1331 1325 1326
f 1331 1326 1332
f 1332 1326 1324
f 1332 1324 1330
f 1328 1334 1335
f 1328 1335 1329
f 1329 1335 1333
f 1329 1333 1327
f 1337 1331 1332
f 1337 1332 1338
f 1338 1332 1330
f 1338 1330 1336
f 1334 1340 1341
f 1334 1341 1335
f 1335 1341 1339
f 1335 1339 1333
f 1343 1337 1338
f 1343 1338 1344
f 1344 1338 1336
f 1344 1336 1342
f 1340 1346 1347
f 1340 1347 1341
f 1341 1347 1345
f 1341 1345 1339
f 1349 1343 1344
f 1349 1344 1350
f 1350 1344 1342
f 1350 1342 1348
f 1346 1352 1353
f 1346 1353 1347
f 1347 1353 1351
f 1347 1351 1345
f 1355 1349 1350
f 1355 1350 1356
f 1356 1350 1348
f 1356 1348 1354
f 1352 1358 1359
f 1352 1359 1353
f 1353 1359 1357
f 1353 1357 1351
f 1361 1355 1356
f 1361 1356 1362
f 1362 1356 1354
f 1362 1354 1360
f 1358 1364 1365
f 1358 1365 1359
f 1359 1365 1363
f 1359 1363 1357
f 1367 1361 1362
f 1367 1362 1368
f 1368 1362 1360
f 1368 1360 1366
f 1364 1370 1371
f 1364 1371 1365
f 1365 1371 1369
f 1365 1369 1363
f 1373 1367 1368
f 1373 1368 1374
f 1374 1368 1366
f 1374 1366 1372
f 1370 1376 1377
f 1370 1377 1371
f 1371 1377 1375
f 1371 1375 1369
f 1379 1373 1374
f 1379 1374 1380
f 1380 1374 1372
f 1380 1372 1378
f 1376 1382 1383
f 1376 1383 1377
f 1377 1383 1381
f 1377 1381 1375
f 1385 1379 1380
f 1385 1380 1386
f 1386 1380 1378
f 1386 1378 1384
f 1382 1388 1389
f 1382 1389 1383
f 1383 1389 1387
f 1383 1387 1381
f 1391 1385 1386
f 1391 1386 1392
f 1392 1386 1384
f 1392 1384 1390
f 1388 1394 1395
f 1388 1395 1389
f 1389 1395 1393
f 1389 1393 1387
f 1397 1391 1392
f 1397 1392 1398
f 1398 1392 1390
f 1398 1390 1396
f 1394 1400 1401
f 1394 1401 1395
f 1395 1401 1399
f 1395 1399 1393
f 1403 1397 1398
f 1403 1398 1404
f 1404 1398 1396
f 1404 1396 1402
f 1400 1406 1407
f 1400 1407 1401
f 1401 1407 1405
f 1401 1405 1399
f 1409 1403 1404
f 1409 1404 1410
f 1410 1404 1402
f 1410 1402 1408
f 1406 1412 1413
f 1406 1413 1407
f 1407 1413 1411
f 1407 1411 1405
f 1415 1409 1410
f 1415 1410 1416
f 1416 1410 1408
f 1416 1408 1414
f 1412 1418 1419
f 1412 1419 1413
f 1413 1419 1417
f 1413 1417 1411
f 1421 1415 1416
f 1421 1416 1422
f 1422 1416 1414
f 1422 1414 1420
f 1418 1424 1425
f 1418 1425 1419
f 1419 1425 1423
f 1419 1423 1417
f 1427 1421 1422
f 1427 1422 1428
f 1428 1422 1420
f 1428 1420 1426
f 1424 1430 1431
f 1424 1431 1425
f 1425 1431 1429
f 1425 1429 1423
f 1433 1427 1428
f 1433 1428 1434
f 1434 1428 1426
f 1434 1426 1432
f 1430 1436 1437
f 1430 1437 1431
f 1431 1437 1435
f 1431 1435 1429
f 1439 1433 1434
f 1439 1434 1440
f 1440 1434 1432
f 1440 1432 1438
f 1436 1154 1155
f 1436 1155 1437
f 1437 1155 1153
f 1437 1153 1435
f 1157 1439 1440
f 1157 1440 1158
f 1158 1440 1438
f 1158 1438 1156
f 1435 1153 1159
f 1159 1165 1171
f 1171 1177 1183
f 1183 1189 1195
f 1195 1201 1207
f 1207 1213 1219
f 1219 1225 1231
f 1231 1237 1243
f 1243 1249 1255
f 1255 1261 1267
f 1267 1273 1279
f 1279 1285 1291
f 1291 1297 1303
f 1303 1309 1315
f 1315 1321 1327
f 1327 1333 1339
f 1339 1345 1351
f 1351 1357 1363
f 1363 1369 1375
f 1375 1381 1387
f 1387 1393 1399
f 1399 1405 1411
f 1411 1417 1423
f 1423 1429 1435
f 1435 1159 1171
f 1171 1183 1195
f 1195 1207 1219
f 1219 1231 1243
f 1243 1255 1267
f 1267 1279 1291
f 1291 1303 1315
f 1315 1327 1339
f 1339 1351 1363
f 1363 1375 1387
f 1387 1399 1411
f 1411 1423 1435
f 1435 1171 1195
f 1195 1219 1243
f 1243 1267 1291
f 1291 1315 1339
f 1339 1363 1387
f 1387 1411 1435
f 1435 1195 1243
f 1243 1291 1339
f 1339 1387 1435
f 1243 1339 1435
f 1154 1157 1163
f 1154 1163 1160
f 1436 1439 1157
f 1436 1157 1154
f 1168 1162 1156
f 1156 1438 1432
f 1432 1426 1420
f 1420 1414 1408
f 1408 1402 1396
f 1396 1390 1384
f 1384 1378 1372
f 1372 1366 1360
f 1360 1354 1348
f 1348 1342 1336
f 1336 1330 1324
f 1324 1318 1312
f 1312 1306 1300
f 1300 1294 1288
f 1288 1282 1276
f 1276 1270 1264
f 1264 1258 1252
f 1252 1246 1240
f 1240 1234 1228
f 1228 1222 1216
f 1216 1210 1204
f 1204 1198 1192
f 1192 1186 1180
f 1180 1174 1168
f 1168 1156 1432
f 1432 1420 1408
f 1408 1396 1384
f 1384 1372 1360
f 1360 1348 1336
f 1336 1324 1312
f 1312 1300 1288
f 1288 1276 1264
f 1264 1252 1240
f 1240 1228 1216
f 1216 1204 1192
f 1192 1180 1168
f 1168 1432 1408
f 1408 1384 1360
f 1360 1336 1312
f 1312 1288 1264
f 1264 1240 1216
f 1216 1192 1168
f 1168 1408 1360
f 1360 1312 1264
f 1264 1216 1168
f 1360 1264 1168
f 1160 1163 1169
f 1160 1169 1166
f 1166 1169 1175
f 1166 1175 1172
f 1172 1175 1181
f 1172 1181 1178
f 1178 1181 1187
f 1178 1187 1184
f 1184 1187 1193
f 1184 1193 1190
f 1190 1193 1199
f 1190 1199 1196
f 1196 1199 1205
f 1196 1205 1202
f 1202 1205 1211
f 1202 1211 1208
f 1208 1211 1217
f 1208 1217 1214
f 1214 1217 1223
f 1214 1223 1220
f 1220 1223 1229
f 1220 1229 1226
f 1226 1229 1235
f 1226 1235 1232
f 1232 1235 1241
f 1232 1241 1238
f 1238 1241 1247
f 1238 1247 1244
f 1244 1247 1253
f 1244 1253 1250
f 1250 1253 1259
f 1250 1259 1256
f 1256 1259 1265
f 1256 1265 1262
f 1262 1265 1271
f 1262 1271 1268
f 1268 1271 1277
f 1268 1277 1274
f 1274 1277 1283
f 1274 1283 1280
f 1280 1283 1289
f 1280 1289 1286
f 1286 1289 1295
f 1286 1295 1292
f 1292 1295 1301
f 1292 1301 1298
f 1298 1301 1307
f 1298 1307 1304
f 1304 1307 1313
f 1304 1313 1310
f 1310 1313 1319
f 1310 1319 1316
f 1316 1319 1325
f 1316 1325 1322
f 1322 1325 1331
f 1322 1331 1328
f 1328 1331 1337
f 1328 1337 1334
f 1334 1337 1343
f 1334 1343 1340
f 1340 1343 1349
f 1340 1349 1346
f 1346 1349 1355
f 1346 1355 1352
f 1352 1355 1361
f 1352 1361 1358
f 1358 1361 1367
f 1358 1367 1364
f 1364 1367 1373
f 1364 1373 1370
f 1370 1373 1379
f 1370 1379 1376
f 1376 1379 1385
f 1376 1385 1382
f 1382 1385 1391
f 1382 1391 1388
f 1388 1391 1397
f 1388 1397 1394
f 1394 1397 1403
f 1394 1403 1400
f 1400 1403 1409
f 1400 1409 1406
f 1406 1409 1415
f 1406 1415 1412
f 1412 1415 1421
f 1412 1421 1418
f 1418 1421 1427
f 1418 1427 1424
f 1424 1427 1433
f 1424 1433 1430
f 1430 1433 1439
f 1430 1439 1436
f 1442 1448 1449
f 1442 1449 1443
f 1443 1449 1447
f 1443 1447 1441
f 1451 1445 1446
f 1451 1446 1452
f 1452 1446 1444
f 1452 1444 1450
f 1448 1454 1455
f 1448 1455 1449
f 1449 1455 1453
f 1449 1453 1447
f 1457 1451 1452
f 1457 1452 1458
f 1458 1452 1450
f 1458 1450 1456
f 1454 1460 1461
f 1454 1461 1455
f 1455 1461 1459
f 1455 1459 1453
f 1463 1457 1458
f 1463 1458 1464
f 1464 1458 1456
f 1464 1456 1462
f 1460 1466 1467
f 1460 1467 1461
f 1461 1467 1465
f 1461 1465 1459
f 1469 1463 1464
f 1469 1464 1470
f 1470 1464 1462
f 1470 1462 1468
f 1466 1472 1473
f 1466 1473 1467
f 1467 1473 1471
f 1467 1471 1465
f 1475 1469 1470
f 1475 1470 1476
f 1476 1470 1468
f 1476 1468 1474
f 1472 1478 1479
f 1472 1479 1473
f 1473 1479 1477
f 1473 1477 1471
f 1481 1475 1476
f 1481 1476 1482
f 1482 1476 1474
f 1482 1474 1480
f 1478 1484 1485
f 1478 1485 1479
f 1479 1485 1483
f 1479 1483 1477
f 1487 1481 1482
f 1487 1482 1488
f 1488 1482 1480
f 1488 1480 1486
f 1484 1490 1491
f 1484 1491 1485
f 1485 1491 1489
f 1485 1489 1483
f 1493 1487 1488
f 1493 1488 1494
f 1494 1488 1486
f 1494 1486 1492
f 1490 1496 1497
f 1490 1497 1491
f 1491 1497 1495
f 1491 1495 1489
f 1499 1493 1494
f 1499 1494 1500
f 1500 1494 1492
f 1500 1492 1498
f 1496 1502 1503
f 1496 1503 1497
f 1497 1503 1501
f 1497 1501 1495
f 1505 1499 1500
f 1505 1500 1506
f 1506 1500 1498
f 1506 1498 1504
f 1502 1508 1509
f 1502 1509 1503
f 1503 1509 1507
f 1503 1507 1501
f 1511 1505 1506
f 1511 1506 1512
f 1512 1506 1504
f 1512 1504 1510
f 1508 1514 1515
f 1508 1515 1509
f 1509 1515 1513
f 1509 1513 1507
f 1517 1511 1512
f 1517 1512 1518
f 1518 1512 1510
f 1518 1510 1516
f 1514 1520 1521
f 1514 1521 1515
f 1515 1521 1519
f 1515 1519 1513
f 1523 1517 1518
f 1523 1518 1524
f 1524 1518 1516
f 1524 1516 1522
f 1520 1526 1527
f 1520 1527 1521
f 1521 1527 1525
f 1521 1525 1519
f 1529 1523 1524
f 1529 1524 1530
f 1530 1524 1522
f 1530 1522 1528
f 1526 1532 1533
f 1526 1533 1527
f 1527 1533 1531
f 1527 1531 1525
f 1535 1529 1530
f 1535 1530 1536
f 1536 1530 1528
f 1536 1528 1534
f 1532 1538 1539
f 1532 1539 1533
f 1533 1539 1537
f 1533 1537 1531
f 1541 1535 1536
f 1541 1536 1542
f 1542 1536 1534
f 1542 1534 1540
f 1538 1544 1545
f 1538 1545 1539
f 1539 1545 1543
f 1539 1543 1537
f 1547 1541 1542
f 1547 1542 1548
f 1548 1542 1540
f 1548 1540 1546
f 1544 1550 1551
f 1544 1551 1545
f 1545 1551 1549
f 1545 1549 1543
f 1553 1547 1548
f 1553 1548 1554
f 1554 1548 1546
f 1554 1546 1552
f 1550 1556 1557
f 1550 1557 1551
f 1551 1557 1555
f 1551 1555 1549
f 1559 1553 1554
f 1559 1554 1560
f 1560 1554 1552
f 1560 1552 1558
f 1556 1562 1563
f 1556 1563 1557
f 1557 1563 1561
f 1557 1561 1555
f 1565 1559 1560
f 1565 1560 1566
f 1566 1560 1558
f 1566 1558 1564
f 1562 1568 1569
f 1562 1569 1563
f 1563 1569 1567
f 1563 1567 1561
f 1571 1565 1566
f 1571 1566 1572
f 1572 1566 1564
f 1572 1564 1570
f 1568 1574 1575
f 1568 1575 1569
f 1569 1575 1573
f 1569 1573 1567
f 1577 1571 1572
f 1577 1572 1578
f 1578 1572 1570
f 1578 1570 1576
f 1574 1580 1581
f 1574 1581 1575
f 1575 1581 1579
f 1575 1579 1573
f 1583 1577 1578
f 1583 1578 1584
f 1584 1578 1576
f 1584 1576 1582
f 1580 1586 1587
f 1580 1587 1581
f 1581 1587 1585
f 1581 1585 1579
f 1589 1583 1584
f 1589 1584 1590
f 1590 1584 1582
f 1590 1582 1588
f 1586 1592 1593
f 1586 1593 1587
f 1587 1593 1591
f 1587 1591 1585
f 1595 1589 1590
f 1595 1590 1596
f 1596 1590 1588
f 1596 1588 1594
f 1592 1598 1599
f 1592 1599 1593
f 1593 1599 1597
f 1593 1597 1591
f 1601 1595 1596
f 1601 1596 1602
f 1602 1596 1594
f 1602 1594 1600
f 1598 1604 1605
f 1598 1605 1599
f 1599 1605 1603
f 1599 1603 1597
f 1607 1601 1602
f 1607 1602 1608
f 1608 1602 1600
f 1608 1600 1606
f 1604 1610 1611
f 1604 1611 1605
f 1605 1611 1609
f 1605 1609 1603
f 1613 1607 1608
f 1613 1608 1614
f 1614 1608 1606
f 1614 1606 1612
f 1610 1616 1617
f 1610 1617 1611
f 1611 1617 1615
f 1611 1615 1609
f 1619 1613 1614
f 1619 1614 1620
f 1620 1614 1612
f 1620 1612 1618
f 1616 1622 1623
f 1616 1623 1617
f 1617 1623 1621
f 1617 1621 1615
f 1625 1619 1620
f 1625 1620 1626
f 1626 1620 1618
f 1626 1618 1624
f 1622 1628 1629
f 1622 1629 1623
f 1623 1629 1627
f 1623 1627 1621
f 1631 1625 1626
f 1631 1626 1632
f 1632 1626 1624
f 1632 1624 1630
f 1628 1634 1635
f 1628 1635 1629
f 1629 1635 1633
f 1629 1633 1627
f 1637 1631 1632
f 1637 1632 1638
f 1638 1632 1630
f 1638 1630 1636
f 1634 1640 1641
f 1634 1641 1635
f 1635 1641 1639
f 1635 1639 1633
f 1643 1637 1638
f 1643 1638 1644
f 1644 1638 1636
f 1644 1636 1642
f 1640 1646 1647
f 1640 1647 1641
f 1641 1647 1645
f 1641 1645 1639
f 1649 1643 1644
f 1649 1644 1650
f 1650 1644 1642
f 1650 1642 1648
f 1646 1652 1653
f 1646 1653 1647
f 1647 1653 1651
f 1647 1651 1645
f 1655 1649 1650
f 1655 1650 1656
f 1656 1650 1648
f 1656 1648 1654
f 1652 1658 1659
f 1652 1659 1653
f 1653 1659 1657
f 1653 1657 1651
f 1661 1655 1656
f 1661 1656 1662
f 1662 1656 1654
f 1662 1654 1660
f 1658 1664 1665
f 1658 1665 1659
f 1659 1665 1663
f 1659 1663 1657
f 1667 1661 1662
f 1667 1662 1668
f 1668 1662 1660
f 1668 1660 1666
f 1664 1670 1671
f 1664 1671 1665
f 1665 1671 1669
f 1665 1669 1663
f 1673 1667 1668
f 1673 1668 1674
f 1674 1668 1666
f 1674 1666 1672
f 1670 1676 1677
f 1670 1677 1671
f 1671 1677 1675
f 1671 1675 1669
f 1679 1673 1674
f 1679 1674 1680
f 1680 1674 1672
f 1680 1672 1678
f 1676 1682 1683
f 1676 1683 1677
f 1677 1683 1681
f 1677 1681 1675
f 1685 1679 1680
f 1685 1680 1686
f 1686 1680 1678
f 1686 1678 1684
f 1682 1688 1689
f 1682 1689 1683
f 1683 1689 1687
f 1683 1687 1681
f 1691 1685 1686
f 1691 1686 1692
f 1692 1686 1684
f 1692 1684 1690
f 1688 1694 1695
f 1688 1695 1689
f 1689 1695 1693
f 1689 1693 1687
f 1697 1691 1692
f 1697 1692 1698
f 1698 1692 1690
f 1698 1690 1696
f 1694 1700 1701
f 1694 1701 1695
f 1695 1701 1699
f 1695 1699 1693
f 1703 1697 1698
f 1703 1698 1704
f 1704 1698 1696
f 1704 1696 1702
f 1700 1706 1707
f 1700 1707 1701
f 1701 1707 1705
f 1701 1705 1699
f 1709 1703 1704
f 1709 1704 1710
f 1710 1704 1702
f 1710 1702 1708
f 1706 1712 1713
f 1706 1713 1707
f 1707 1713 1711
f 1707 1711 1705
f 1715 1709 1710
f 1715 1710 1716
f 1716 1710 1708
f 1716 1708 1714
f 1712 1718 1719
f 1712 1719 1713
f 1713 1719 1717
f 1713 1717 1711
f 1721 1715 1716
f 1721 1716 1722
f 1722 1716 1714
f 1722 1714 1720
f 1718 1724 1725
f 1718 1725 1719
f 1719 1725 1723
f 1719 1723 1717
f 1727 1721 1722
f 1727 1722 1728
f 1728 1722 1720
f 1728 1720 1726
f 1724 1442 1443
f 1724 1443 1725
f 1725 1443 1441
f 1725 1441 1723
f 1445 1727 1728
f 1445 1728 1446
f 1446 1728 1726
f 1446 1726 1444
f 1723 1441 1447
f 1447 1453 1459
f 1459 1465 1471
f 1471 1477 1483
f 1483 1489 1495
f 1495 1501 1507
f 1507 1513 1519
f 1519 1525 1531
f 1531 1537 1543
f 1543 1549 1555
f 1555 1561 1567
f 1567 1573 1579
f 1579 1585 1591
f 1591 1597 1603
f 1603 1609 1615
f 1615 1621 1627
f 1627 1633 1639
f 1639 1645 1651
f 1651 1657 1663
f 1663 1669 1675
f 1675 1681 1687
f 1687 1693 1699
f 1699 1705 1711
f 1711 1717 1723
f 1723 1447 1459
f 1459 1471 1483
f 1483 1495 1507
f 1507 1519 1531
f 1531 1543 1555
f 1555 1567 1579
f 1579 1591 1603
f 1603 1615 1627
f 1627 1639 1651
f 1651 1663 1675
f 1675 1687 1699
f 1699 1711 1723
f 1723 1459 1483
f 1483 1507 1531
f 1531 1555 1579
f 1579 1603 1627
f 1627 1651 1675
f 1675 1699 1723
f 1723 1483 1531
f 1531 1579 1627
f 1627 1675 1723
f 1531 1627 1723
f 1442 1445 1451
f 1442 1451 1448
f 1724 1727 1445
f 1724 1445 1442
f 1456 1450 1444
f 1444 1726 1720
f 1720 1714 1708
f 1708 1702 1696
f 1696 1690 1684
f 1684 1678 1672
f 1672 1666 1660
f 1660 1654 1648
f 1648 1642 1636
f 1636 1630 1624
f 1624 1618 1612
f 1612 1606 1600
f 1600 1594 1588
f 1588 1582 1576
f 1576 1570 1564
f 1564 1558 1552
f 1552 1546 1540
f 1540 1534 1528
f 1528 1522 1516
f 1516 1510 1504
f 1504 1498 1492
f 1492 1486 1480
f 1480 1474 1468
f 1468 1462 1456
f 1456 1444 1720
f 1720 1708 1696
f 1696 1684 1672
f 1672 1660 1648
f 1648 1636 1624
f 1624 1612 1600
f 1600 1588 1576
f 1576 1564 1552
f 1552 1540 1528
f 1528 1516 1504
f 1504 1492 1480
f 1480 1468 1456
f 1456 1720 1696
f 1696 1672 1648
f 1648 1624 1600
f 1600 1576 1552
f 1552 1528 1504
f 1504 1480 1456
f 1456 1696 1648
f 1648 1600 1552
f 1552 1504 1456
f 1648 1552 1456
f 1448 1451 1457
f 1448 1457 1454
f 1454 1457 1463
f 1454 1463 1460
f 1460 1463 1469
f 1460 1469 1466
f 1466 1469 1475
f 1466 1475 1472
f 1472 1475 1481
f 1472 1481 1478
f 1478 1481 1487
f 1478 1487 1484
f 1484 1487 1493
f 1484 1493 1490
f 1490 1493 1499
f 1490 1499 1496
f 1496 1499 1505
f 1496 1505 1502
f 1502 1505 1511
f 1502 1511 1508
f 1508 1511 1517
f 1508 1517 1514
f 1514 1517 1523
f 1514 1523 1520
f 1520 1523 1529
f 1520 1529 1526
f 1526 1529 1535
f 1526 1535 1532
f 1532 1535 1541
f 1532 1541 1538
f 1538 1541 1547
f 1538 1547 1544
f 1544 1547 1553
f 1544 1553 1550
f 1550 1553 1559
f 1550 1559 1556
f 1556 1559 1565
f 1556 1565 1562
f 1562 1565 1571
f 1562 1571 1568
f 1568 1571 1577
f 1568 1577 1574
f 1574 1577 1583
f 1574 1583 1580
f 1580 1583 1589
f 1580 1589 1586
f 1586 1589 1595
f 1586 1595 1592
f 1592 1595 1601
f 1592 1601 1598
f 1598 1601 1607
f 1598 1607 1604
f 1604 1607 1613
f 1604 1613 1610
f 1610 1613 1619
f 1610 1619 1616
f 1616 1619 1625
f 1616 1625 1622
f 1622 1625 1631
f 1622 1631 1628
f 1628 1631 1637
f 1628 1637 1634
f 1634 1637 1643
f 1634 1643 1640
f 1640 1643 1649
f 1640 1649 1646
f 1646 1649 1655
f 1646 1655 1652
f 1652 1655 1661
f 1652 1661 1658
f 1658 1661 1667
f 1658 1667 1664
f 1664 1667 1673
f 1664 1673 1670
f 1670 1673 1679
f 1670 1679 1676
f 1676 1679 1685
f 1676 1685 1682
f 1682 1685 1691
f 1682 1691 1688
f 1688 1691 1697
f 1688 1697 1694
f 1694 1697 1703
f 1694 1703 1700
f 1700 1703 1709
f 1700 1709 1706
f 1706 1709 1715
f 1706 1715 1712
f 1712 1715 1721
f 1712 1721 1718
f 1718 1721 1727
f 1718 1727 1724
f 1730 1736 1737
f 1730 1737 1731
f 1731 1737 1735
f 1731 1735 1729
f 1739 1733 1734
f 1739 1734 1740
f 1740 1734 1732
f 1740 1732 1738
f 1736 1742 1743
f 1736 1743 1737
f 1737 1743 1741
f 1737 1741 1735
f 1745 1739 1740
f 1745 1740 1746
f 1746 1740 1738
f 1746 1738 1744
f 1742 1748 1749
f 1742 1749 1743
f 1743 1749 1747
f 1743 1747 1741
f 1751 1745 1746
f 1751 1746 1752
f 1752 1746 1744
f 1752 1744 1750
f 1748 1754 1755
f 1748 1755 1749
f 1749 1755 1753
f 1749 1753 1747
f 1757 1751 1752
f 1757 1752 1758
f 1758 1752 1750
f 1758 1750 1756
f 1754 1760 1761
f 1754 1761 1755
f 1755 1761 1759
f 1755 1759 1753
f 1763 1757 1758
f 1763 1758 1764
f 1764 1758 1756
f 1764 1756 1762
f 1760 1766 1767
f 1760 1767 1761
f 1761 1767 1765
f 1761 1765 1759
f 1769 1763 1764
f 1769 1764 1770
f 1770 1764 1762
f 1770 1762 1768
f 1766 1772 1773
f 1766 1773 1767
f 1767 1773 1771
f 1767 1771 1765
f 1775 1769 1770
f 1775 1770 1776
f 1776 1770 1768
f 1776 1768 1774
f 1772 1778 1779
f 1772 1779 1773
f 1773 1779 1777
f 1773 1777 1771
f 1781 1775 1776
f 1781 1776 1782
f 1782 1776 1774
f 1782 1774 1780
f 1778 1784 1785
f 1778 1785 1779
f 1779 1785 1783
f 1779 1783 1777
f 1787 1781 1782
f 1787 1782 1788
f 1788 1782 1780
f 1788 1780 1786
f 1784 1790 1791
f 1784 1791 1785
f 1785 1791 1789
f 1785 1789 1783
f 1793 1787 1788
f 1793 1788 1794
f 1794 1788 1786
f 1794 1786 1792
f 1790 1796 1797
f 1790 1797 1791
f 1791 1797 1795
f 1791 1795 1789
f 1799 1793 1794
f 1799 1794 1800
f 1800 1794 1792
f 1800 1792 1798
f 1796 1802 1803
f 1796 1803 1797
f 1797 1803 1801
f 1797 1801 1795
f 1805 1799 1800
f 1805 1800 1806
f 1806 1800 1798
f 1806 1798 1804
f 1802 1808 1809
f 1802 1809 1803
f 1803 1809 1807
f 1803 1807 1801
f 1811 1805 1806
f 1811 1806 1812
f 1812 1806 1804
f 1812 1804 1810
f 1808 1814 1815
f 1808 1815 1809
f 1809 1815 1813
f 1809 1813 1807
f 1817 1811 1812
f 1817 1812 1818
f 1818 1812 1810
f 1818 1810 1816
f 1814 1820 1821
f 1814 1821 1815
f 1815 1821 1819
f 1815 1819 1813
f 1823 1817 1818
f 1823 1818 1824
f 1824 1818 1816
f 1824 1816 1822
f 1820 1826 1827
f 1820 1827 1821
f 1821 1827 1825
f 1821 1825 1819
f 1829 1823 1824
f 1829 1824 1830
f 1830 1824 1822
f 1830 1822 1828
f 1826 1832 1833
f 1826 1833 1827
f 1827 1833 1831
f 1827 1831 1825
f 1835 1829 1830
f 1835 1830 1836
f 1836 1830 1828
f 1836 1828 1834
f 1832 1838 1839
f 1832 1839 1833
f 1833 1839 1837
f 1833 1837 1831
f 1841 1835 1836
f 1841 1836 1842
f 1842 1836 1834
f 1842 1834 1840
f 1838 1844 1845
f 1838 1845 1839
f 1839 1845 1843
f 1839 1843 1837
f 1847 1841 1842
f 1847 1842 1848
f 1848 1842 1840
f 1848 1840 1846
f 1844 1850 1851
f 1844 1851 1845
f 1845 1851 1849
f 1845 1849 1843
f 1853 1847 1848
f 1853 1848 1854
f 1854 1848 1846
f 1854 1846 1852
f 1850 1856 1857
f 1850 1857 1851
f 1851 1857 1855
f 1851 1855 1849
f 1859 1853 1854
f 1859 1854 1860
f 1860 1854 1852
f 1860 1852 1858
f 1856 1862 1863
f 1856 1863 1857
f 1857 1863 1861
f 1857 1861 1855
f 1865 1859 1860
f 1865 1860 1866
f 1866 1860 1858
f 1866 1858 1864
f 1862 1868 1869
f 1862 1869 1863
f 1863 1869 1867
f 1863 1867 1861
f 1871 1865 1866
f 1871 1866 1872
f 1872 1866 1864
f 1872 1864 1870
f 1868 1874 1875
f 1868 1875 1869
f 1869 1875 1873
f 1869 1873 1867
f 1877 1871 1872
f 1877 1872 1878
f 1878 1872 1870
f 1878 1870 1876
f 1874 1880 1881
f 1874 1881 1875
f 1875 1881 1879
f 1875 1879 1873
f 1883 1877 1878
f 1883 1878 1884
f 1884 1878 1876
f 1884 1876 1882
f 1880 1886 1887
f 1880 1887 1881
f 1881 1887 1885
f 1881 1885 1879
f 1889 1883 1884
f 1889 1884 1890
f 1890 1884 1882
f 1890 1882 1888
f 1886 1892 1893
f 1886 1893 1887
f 1887 1893 1891
f 1887 1891 1885
f 1895 1889 1890
f 1895 1890 1896
f 1896 1890 1888
f 1896 1888 1894
f 1892 1898 1899
f 1892 1899 1893
f 1893 1899 1897
f 1893 1897 1891
f 1901 1895 1896
f 1901 1896 1902
f 1902 1896 1894
f 1902 1894 1900
f 1898 1904 1905
f 1898 1905 1899
f 1899 1905 1903
f 1899 1903 1897
f 1907 1901 1902
f 1907 1902 1908
f 1908 1902 1900
f 1908 1900 1906
f 1904 1910 1911
f 1904 1911 1905
f 1905 1911 1909
f 1905 1909 1903
f 1913 1907 1908
f 1913 1908 1914
f 1914 1908 1906
f 1914 1906 1912
f 1910 1916 1917
f 1910 1917 1911
f 1911 1917 1915
f 1911 1915 1909
f 1919 1913 1914
f 1919 1914 1920
f 1920 1914 1912
f 1920 1912 1918
f 1916 1922 1923
f 1916 1923 1917
f 1917 1923 1921
f 1917 1921 1915
f 1925 1919 1920
f 1925 1920 1926
f 1926 1920 1918
f 1926 1918 1924
f 1922 1928 1929
f 1922 1929 1923
f 1923 1929 1927
f 1923 1927 1921
f 1931 1925 1926
f 1931 1926 1932
f 1932 1926 1924
f 1932 1924 1930
f 1928 1934 1935
f 1928 1935 1929
f 1929 1935 1933
f 1929 1933 1927
f 1937 1931 1932
f 1937 1932 1938
f 1938 1932 1930
f 1938 1930 1936
f 1934 1940 1941
f 1934 1941 1935
f 1935 1941 1939
f 1935 1939 1933
f 1943 1937 1938
f 1943 1938 1944
f 1944 1938 1936
f 1944 1936 1942
f 1940 1946 1947
f 1940 1947 1941
f 1941 1947 1945
f 1941 1945 1939
f 1949 1943 1944
f 1949 1944 1950
f 1950 1944 1942
f 1950 1942 1948
f 1946 1952 1953
f 1946 1953 1947
f 1947 1953 1951
f 1947 1951 1945
f 1955 1949 1950
f 1955 1950 1956
f 1956 1950 1948
f 1956 1948 1954
f 1952 1958 1959
f 1952 1959 1953
f 1953 1959 1957
f 1953 1957 1951
f 1961 1955 1956
f 1961 1956 1962
f 1962 1956 1954
f 1962 1954 1960
f 1958 1964 1965
f 1958 1965 1959
f 1959 1965 1963
f 1959 1963 1957
f 1967 1961 1962
f 1967 1962 1968
f 1968 1962 1960
f 1968 1960 1966
f 1964 1970 1971
f 1964 1971 1965
f 1965 1971 1969
f 1965 1969 1963
f 1973 1967 1968
f 1973 1968 1974
f 1974 1968 1966
f 1974 1966 1972
f 1970 1976 1977
f 1970 1977 1971
f 1971 1977 1975
f 1971 1975 1969
f 1979 1973 1974
f 1979 1974 1980
f 1980 1974 1972
f 1980 1972 1978
f 1976 1982 1983
f 1976 1983 1977
f 1977 1983 1981
f 1977 1981 1975
f 1985 1979 1980
f 1985 1980 1986
f 1986 1980 1978
f 1986 1978 1984
f 1982 1988 1989
f 1982 1989 1983
f 1983 1989 1987
f 1983 1987 1981
f 1991 1985 1986
f 1991 1986 1992
f 1992 1986 1984
f 1992 1984 1990
f 1988 1994 1995
f 1988 1995 1989
f 1989 1995 1993
f 1989 1993 1987
f 1997 1991 1992
f 1997 1992 1998
f 1998 1992 1990
f 1998 1990 1996
f 1994 2000 2001
f 1994 2001 1995
f 1995 2001 1999
f 1995 1999 1993
f 2003 1997 1998
f 2003 1998 2004
f 2004 1998 1996
f 2004 1996 2002
f 2000 2006 2007
f 2000 2007 2001
f 2001 2007 2005
f 2001 2005 1999
f 2009 2003 2004
f 2009 2004 2010
f 2010 2004 2002
f 2010 2002 2008
f 2006 2012 2013
f 2006 2013 2007
f 2007 2013 2011
f 2007 2011 2005
f 2015 2009 2010
f 2015 2010 2016
f 2016 2010 2008
f 2016 2008 2014
f 2012 1730 1731
f 2012 1731 2013
f 2013 1731 1729
f 2013 1729 2011
f 1733 2015 2016
f 1733 2016 1734
f 1734 2016 2014
f 1734 2014 1732
f 2011 1729 1735
f 1735 1741 1747
f 1747 1753 1759
f 1759 1765 1771
f 1771 1777 1783
f 1783 1789 1795
f 1795 1801 1807
f 1807 1813 1819
f 1819 1825 1831
f 1831 1837 1843
f 1843 1849 1855
f 1855 1861 1867
f 1867 1873 1879
f 1879 1885 1891
f 1891 1897 1903
f 1903 1909 1915
f 1915 1921 1927
f 1927 1933 1939
f 1939 1945 1951
f 1951 1957 1963
f 1963 1969 1975
f 1975 1981 1987
f 1987 1993 1999
f 1999 2005 2011
f 2011 1735 1747
f 1747 1759 1771
f 1771 1783 1795
f 1795 1807 1819
f 1819 1831 1843
f 1843 1855 1867
f 1867 1879 1891
f 1891 1903 1915
f 1915 1927 1939
f 1939 1951 1963
f 1963 1975 1987
f 1987 1999 2011
f 2011 1747 1771
f 1771 1795 1819
f 1819 1843 1867
f 1867 1891 1915
f 1915 1939 1963
f 1963 1987 2011
f 2011 1771 1819
f 1819 1867 1915
f 1915 1963 2011
f 1819 1915 2011
f 1730 1733 1739
f 1730 1739 1736
f 2012 2015 1733
f 2012 1733 1730
f 1744 1738 1732
f 1732 2014 2008
f 2008 2002 1996
f 1996 1990 1984
f 1984 1978 1972
f 1972 1966 1960
f 1960 1954 1948
f 1948 1942 1936
f 1936 1930 1924
f 1924 1918 1912
f 1912 1906 1900
f 1900 1894 1888
f 1888 1882 1876
f 1876 1870 1864
f 1864 1858 1852
f 1852 1846 1840
f 1840 1834 1828
f 1828 1822 1816
f 1816 1810 1804
f 1804 1798 1792
f 1792 1786 1780
f 1780 1774 1768
f 1768 1762 1756
f 1756 1750 1744
f 1744 1732 2008
f 2008 1996 1984
f 1984 1972 1960
f 1960 1948 1936
f 1936 1924 1912
f 1912 1900 1888
f 1888 1876 1864
f 1864 1852 1840
f 1840 1828 1816
f 1816 1804 1792
f 1792 1780 1768
f 1768 1756 1744
f 1744 2008 1984
f 1984 1960 1936
f 1936 1912 1888
f 1888 1864 1840
f 1840 1816 1792
f 1792 1768 1744
f 1744 1984 1936
f 1936 1888 1840
f 1840 1792 1744
f 1936 1840 1744
f 1736 1739 1745
f 1736 1745 1742
f 1742 1745 1751
f 1742 1751 1748
f 1748 1751 1757
f 1748 1757 1754
f 1754 1757 1763
f 1754 1763 1760
f 1760 1763 1769
f 1760 1769 1766
f 1766 1769 1775
f 1766 1775 1772
f 1772 1775 1781
f 1772 1781 1778
f 1778 1781 1787
f 1778 1787 1784
f 1784 1787 1793
f 1784 1793 1790
f 1790 1793 1799
f 1790 1799 1796
f 1796 1799 1805
f 1796 1805 1802
f 1802 1805 1811
f 1802 1811 1808
f 1808 1811 1817
f 1808 1817 1814
f 1814 1817 1823
f 1814 1823 1820
f 1820 1823 1829
f 1820 1829 1826
f 1826 1829 1835
f 1826 1835 1832
f 1832 1835 1841
f 1832 1841 1838
f 1838 1841 1847
f 1838 1847 1844
f 1844 1847 1853
f 1844 1853 1850
f 1850 1853 1859
f 1850 1859 1856
f 1856 1859 1865
f 1856 1865 1862
f 1862 1865 1871
f 1862 1871 1868
f 1868 1871 1877
f 1868 1877 1874
f 1874 1877 1883
f 1874 1883 1880
f 1880 1883 1889
f 1880 1889 1886
f 1886 1889 1895
f 1886 1895 1892
f 1892 1895 1901
f 1892 1901 1898
f 1898 1901 1907
f 1898 1907 1904
f 1904 1907 1913
f 1904 1913 1910
f 1910 1913 1919
f 1910 1919 1916
f 1916 1919 1925
f 1916 1925 1922
f 1922 1925 1931
f 1922 1931 1928
f 1928 1931 1937
f 1928 1937 1934
f 1934 1937 1943
f 1934 1943 1940
f 1940 1943 1949
f 1940 1949 1946
f 1946 1949 1955
f 1946 1955 1952
f 1952 1955 1961
f 1952 1961 1958
f 1958 1961 1967
f 1958 1967 1964
f 1964 1967 1973
f 1964 1973 1970
f 1970 1973 1979
f 1970 1979 1976
f 1976 1979 1985
f 1976 1985 1982
f 1982 1985 1991
f 1982 1991 1988
f 1988 1991 1997
f 1988 1997 1994
f 1994 1997 2003
f 1994 2003 2000
f 2000 2003 2009
f 2000 2009 2006
f 2006 2009 2015
f 2006 2015 2012
f 2018 2024 2025
f 2018 2025 2019
f 2019 2025 2023
f 2019 2023 2017
f 2027 2021 2022
f 2027 2022 2028
f 2028 2022 2020
f 2028 2020 2026
f 2024 2030 2031
f 2024 2031 2025
f 2025 2031 2029
f 2025 2029 2023
f 2033 2027 2028
f 2033 2028 2034
f 2034 2028 2026
f 2034 2026 2032
f 2030 2036 2037
f 2030 2037 2031
f 2031 2037 2035
f 2031 2035 2029
f 2039 2033 2034
f 2039 2034 2040
f 2040 2034 2032
f 2040 2032 2038
f 2036 2042 2043
f 2036 2043 2037
f 2037 2043 2041
f 2037 2041 2035
f 2045 2039 2040
f 2045 2040 2046
f 2046 2040 2038
f 2046 2038 2044
f 2042 2048 2049
f 2042 2049 2043
f 2043 2049 2047
f 2043 2047 2041
f 2051 2045 2046
f 2051 2046 2052
f 2052 2046 2044
f 2052 2044 2050
f 2048 2054 2055
f 2048 2055 2049
f 2049 2055 2053
f 2049 2053 2047
f 2057 2051 2052
f 2057 2052 2058
f 2058 2052 2050
f 2058 2050 2056
f 2054 2060 2061
f 2054 2061 2055
f 2055 2061 2059
f 2055 2059 2053
f 2063 2057 2058
f 2063 2058 2064
f 2064 2058 2056
f 2064 2056 2062
f 2060 2066 2067
f 2060 2067 2061
f 2061 2067 2065
f 2061 2065 2059
f 2069 2063 2064
f 2069 2064 2070
f 2070 2064 2062
f 2070 2062 2068
f 2066 2072 2073
f 2066 2073 2067
f 2067 2073 2071
f 2067 2071 2065
f 2075 2069 2070
f 2075 2070 2076
f 2076 2070 2068
f 2076 2068 2074
f 2072 2078 2079
f 2072 2079 2073
f 2073 2079 2077
f 2073 2077 2071
f 2081 2075 2076
f 2081 2076 2082
f 2082 2076 2074
f 2082 2074 2080
f 2078 2084 2085
f 2078 2085 2079
f 2079 2085 2083
f 2079 2083 2077
f 2087 2081 2082
f 2087 2082 2088
f 2088 2082 2080
f 2088 2080 2086
f 2084 2090 2091
f 2084 2091 2085
f 2085 2091 2089
f 2085 2089 2083
f 2093 2087 2088
f 2093 2088 2094
f 2094 2088 2086
f 2094 2086 2092
f 2090 2096 2097
f 2090 2097 2091
f 2091 2097 2095
f 2091 2095 2089
f 2099 2093 2094
f 2099 2094 2100
f 2100 2094 2092
f 2100 2092 2098
f 2096 2102 2103
f 2096 2103 2097
f 2097 2103 2101
f 2097 2101 2095
f 2105 2099 2100
f 2105 2100 2106
f 2106 2100 2098
f 2106 2098 2104
f 2102 2108 2109
f 2102 2109 2103
f 2103 2109 2107
f 2103 2107 2101
f 2111 2105 2106
f 2111 2106 2112
f 2112 2106 2104
f 2112 2104 2110
f 2108 2114 2115
f 2108 2115 2109
f 2109 2115 2113
f 2109 2113 2107
f 2117 2111 2112
f 2117 2112 2118
f 2118 2112 2110
f 2118 2110 2116
f 2114 2120 2121
f 2114 2121 2115
f 2115 2121 2119
f 2115 2119 2113
f 2123 2117 2118
f 2123 2118 2124
f 2124 2118 2116
f 2124 2116 2122
f 2120 2126 2127
f 2120 2127 2121
f 2121 2127 2125
f 2121 2125 2119
f 2129 2123 2124
f 2129 2124 2130
f 2130 2124 2122
f 2130 2122 2128
f 2126 2132 2133
f 2126 2133 2127
f 2127 2133 2131
f 2127 2131 2125
f 2135 2129 2130
f 2135 2130 2136
f 2136 2130 2128
f 2136 2128 2134
f 2132 2138 2139
f 2132 2139 2133
f 2133 2139 2137
f 2133 2137 2131
f 2141 2135 2136
f 2141 2136 2142
f 2142 2136 2134
f 2142 2134 2140
f 2138 2144 2145
f 2138 2145 2139
f 2139 2145 2143
f 2139 2143 2137
f 2147 2141 2142
f 2147 2142 2148
f 2148 2142 2140
f 2148 2140 2146
f 2144 2150 2151
f 2144 2151 2145
f 2145 2151 2149
f 2145 2149 2143
f 2153 2147 2148
f 2153 2148 2154
f 2154 2148 2146
f 2154 2146 2152
f 2150 2156 2157
f 2150 2157 2151
f 2151 2157 2155
f 2151 2155 2149
f 2159 2153 2154
f 2159 2154 2160
f 2160 2154 2152
f 2160 2152 2158
f 2156 2162 2163
f 2156 2163 2157
f 2157 2163 2161
f 2157 2161 2155
f 2165 2159 2160
f 2165 2160 2166
f 2166 2160 2158
f 2166 2158 2164
f 2162 2168 2169
f 2162 2169 2163
f 2163 2169 2167
f 2163 2167 2161
f 2171 2165 2166
f 2171 2166 2172
f 2172 2166 2164
f 2172 2164 2170
f 2168 2174 2175
f 2168 2175 2169
f 2169 2175 2173
f 2169 2173 2167
f 2177 2171 2172
f 2177 2172 2178
f 2178 2172 2170
f 2178 2170 2176
f 2174 2180 2181
f 2174 2181 2175
f 2175 2181 2179
f 2175 2179 2173
f 2183 2177 2178
f 2183 2178 2184
f 2184 2178 2176
f 2184 2176 2182
f 2180 2186 2187
f 2180 2187 2181
f 2181 2187 2185
f 2181 2185 2179
f 2189 2183 2184
f 2189 2184 2190
f 2190 2184 2182
f 2190 2182 2188
f 2186 2192 2193
f 2186 2193 2187
f 2187 2193 2191
f 2187 2191 2185
f 2195 2189 2190
f 2195 2190 2196
f 2196 2190 2188
f 2196 2188 2194
f 2192 2198 2199
f 2192 2199 2193
f 2193 2199 2197
f 2193 2197 2191
f 2201 2195 2196
f 2201 2196 2202
f 2202 2196 2194
f 2202 2194 2200
f 2198 2204 2205
f 2198 2205 2199
f 2199 2205 2203
f 2199 2203 2197
f 2207 2201 2202
f 2207 2202 2208
f 2208 2202 2200
f 2208 2200 2206
f 2204 2210 2211
f 2204 2211 2205
f 2205 2211 2209
f 2205 2209 2203
f 2213 2207 2208
f 2213 2208 2214
f 2214 2208 2206
f 2214 2206 2212
f 2210 2216 2217
f 2210 2217 2211
f 2211 2217 2215
f 2211 2215 2209
f 2219 2213 2214
f 2219 2214 2220
f 2220 2214 2212
f 2220 2212 2218
f 2216 2222 2223
f 2216 2223 2217
f 2217 2223 2221
f 2217 2221 2215
f 2225 2219 2220
f 2225 2220 2226
f 2226 2220 2218
f 2226 2218 2224
f 2222 2228 2229
f 2222 2229 2223
f 2223 2229 2227
f 2223 2227 2221
f 2231 2225 2226
f 2231 2226 2232
f 2232 2226 2224
f 2232 2224 2230
f 2228 2234 2235
f 2228 2235 2229
f 2229 2235 2233
f 2229 2233 2227
f 2237 2231 2232
f 2237 2232 2238
f 2238 2232 2230
f 2238 2230 2236
f 2234 2240 2241
f 2234 2241 2235
f 2235 2241 2239
f 2235 2239 2233
f 2243 2237 2238
f 2243 2238 2244
f 2244 2238 2236
f 2244 2236 2242
f 2240 2246 2247
f 2240 2247 2241
f 2241 2247 2245
f 2241 2245 2239
f 2249 2243 2244
f 2249 2244 2250
f 2250 2244 2242
f 2250 2242 2248
f 2246 2252 2253
f 2246 2253 2247
f 2247 2253 2251
f 2247 2251 2245
f 2255 2249 2250
f 2255 2250 2256
f 2256 2250 2248
f 2256 2248 2254
f 2252 2258 2259
f 2252 2259 2253
f 2253 2259 2257
f 2253 2257 2251
f 2261 2255 2256
f 2261 2256 2262
f 2262 2256 2254
f 2262 2254 2260
f 2258 2264 2265
f 2258 2265 2259
f 2259 2265 2263
f 2259 2263 2257
f 2267 2261 2262
f 2267 2262 2268
f 2268 2262 2260
f 2268 2260 2266
f 2264 2270 2271
f 2264 2271 2265
f 2265 2271 2269
f 2265 2269 2263
f 2273 2267 2268
f 2273 2268 2274
f 2274 2268 2266
f 2274 2266 2272
f 2270 2276 2277
f 2270 2277 2271
f 2271 2277 2275
f 2271 2275 2269
f 2279 2273 2274
f 2279 2274 2280
f 2280 2274 2272
f 2280 2272 2278
f 2276 2282 2283
f 2276 2283 2277
f 2277 2283 2281
f 2277 2281 2275
f 2285 2279 2280
f 2285 2280 2286
f 2286 2280 2278
f 2286 2278 2284
f 2282 2288 2289
f 2282 2289 2283
f 2283 2289 2287
f 2283 2287 2281
f 2291 2285 2286
f 2291 2286 2292
f 2292 2286 2284
f 2292 2284 2290
f 2288 2294 2295
f 2288 2295 2289
f 2289 2295 2293
f 2289 2293 2287
f 2297 2291 2292
f 2297 2292 2298
f 2298 2292 2290
f 2298 2290 2296
f 2294 2300 2301
f 2294 2301 2295
f 2295 2301 2299
f 2295 2299 2293
f 2303 2297 2298
f 2303 2298 2304
f 2304 2298 2296
f 2304 2296 2302
f 2300 2018 2019
f 2300 2019 2301
f 2301 2019 2017
f 2301 2017 2299
f 2021 2303 2304
f 2021 2304 2022
f 2022 2304 2302
f 2022 2302 2020
f 2299 2017 2023
f 2023 2029 2035
f 2035 2041 2047
f 2047 2053 2059
f 2059 2065 2071
f 2071 2077 2083
f 2083 2089 2095
f 2095 2101 2107
f 2107 2113 2119
f 2119 2125 2131
f 2131 2137 2143
f 2143 2149 2155
f 2155 2161 2167
f 2167 2173 2179
f 2179 2185 2191
f 2191 2197 2203
f 2203 2209 2215
f 2215 2221 2227
f 2227 2233 2239
f 2239 2245 2251
f 2251 2257 2263
f 2263 2269 2275
f 2275 2281 2287
f 2287 2293 2299
f 2299 2023 2035
f 2035 2047 2059
f 2059 2071 2083
f 2083 2095 2107
f 2107 2119 2131
f 2131 2143 2155
f 2155 2167 2179
f 2179 2191 2203
f 2203 2215 2227
f 2227 2239 2251
f 2251 2263 2275
f 2275 2287 2299
f 2299 2035 2059
f 2059 2083 2107
f 2107 2131 2155
f 2155 2179 2203
f 2203 2227 2251
f 2251 2275 2299
f 2299 2059 2107
f 2107 2155 2203
f 2203 2251 2299
f 2107 2203 2299
f 2018 2021 2027
f 2018 2027 2024
f 2300 2303 2021
f 2300 2021 2018
f 2032 2026 2020
f 2020 2302 2296
f 2296 2290 2284
f 2284 2278 2272
f 2272 2266 2260
f 2260 2254 2248
f 2248 2242 2236
f 2236 2230 2224
f 2224 2218 2212
f 2212 2206 2200
f 2200 2194 2188
f 2188 2182 2176
f 2176 2170 2164
f 2164 2158 2152
f 2152 2146 2140
f 2140 2134 2128
f 2128 2122 2116
f 2116 2110 2104
f 2104 2098 2092
f 2092 2086 2080
f 2080 2074 2068
f 2068 2062 2056
f 2056 2050 2044
f 2044 2038 2032
f 2032 2020 2296
f 2296 2284 2272
f 2272 2260 2248
f 2248 2236 2224
f 2224 2212 2200
f 2200 2188 2176
f 2176 2164 2152
f 2152 2140 2128
f 2128 2116 2104
f 2104 2092 2080
f 2080 2068 2056
f 2056 2044 2032
f 2032 2296 2272
f 2272 2248 2224
f 2224 2200 2176
f 2176 2152 2128
f 2128 2104 2080
f 2080 2056 2032
f 2032 2272 2224
f 2224 2176 2128
f 2128 2080 2032
f 2224 2128 2032
f 2024 2027 2033
f 2024 2033 2030
f 2030 2033 2039
f 2030 2039 2036
f 2036 2039 2045
f 2036 2045 2042
f 2042 2045 2051
f 2042 2051 2048
f 2048 2051 2057
f 2048 2057 2054
f 2054 2057 2063
f 2054 2063 2060
f 2060 2063 2069
f 2060 2069 2066
f 2066 2069 2075
f 2066 2075 2072
f 2072 2075 2081
f 2072 2081 2078
f 2078 2081 2087
f 2078 2087 2084
f 2084 2087 2093
f 2084 2093 2090
f 2090 2093 2099
f 2090 2099 2096
f 2096 2099 2105
f 2096 2105 2102
f 2102 2105 2111
f 2102 2111 2108
f 2108 2111 2117
f 2108 2117 2114
f 2114 2117 2123
f 2114 2123 2120
f 2120 2123 2129
f 2120 2129 2126
f 2126 2129 2135
f 2126 2135 2132
f 2132 2135 2141
f 2132 2141 2138
f 2138 2141 2147
f 2138 2147 2144
f 2144 2147 2153
f 2144 2153 2150
f 2150 2153 2159
f 2150 2159 2156
f 2156 2159 2165
f 2156 2165 2162
f 2162 2165 2171
f 2162 2171 2168
f 2168 2171 2177
f 2168 2177 2174
f 2174 2177 2183
f 2174 2183 2180
f 2180 2183 2189
f 2180 2189 2186
f 2186 2189 2195
f 2186 2195 2192
f 2192 2195 2201
f 2192 2201 2198
f 2198 2201 2207
f 2198 2207 2204
f 2204 2207 2213
f 2204 2213 2210
f 2210 2213 2219
f 2210 2219 2216
f 2216 2219 2225
f 2216 2225 2222
f 2222 2225 2231
f 2222 2231 2228
f 2228 2231 2237
f 2228 2237 2234
f 2234 2237 2243
f 2234 2243 2240
f 2240 2243 2249
f 2240 2249 2246
f 2246 2249 2255
f 2246 2255 2252
f 2252 2255 2261
f 2252 2261 2258
f 2258 2261 2267
f 2258 2267 2264
f 2264 2267 2273
f 2264 2273 2270
f 2270 2273 2279
f 2270 2279 2276
f 2276 2279 2285
f 2276 2285 2282
f 2282 2285 2291
f 2282 2291 2288
f 2288 2291 2297
f 2288 2297 2294
f 2294 2297 2303
f 2294 2303 2300
f 2306 2312 2313
f 2306 2313 2307
f 2307 2313 2311
f 2307 2311 2305
f 2315 2309 2310
f 2315 2310 2316
f 2316 2310 2308
f 2316 2308 2314
f 2312 2318 2319
f 2312 2319 2313
f 2313 2319 2317
f 2313 2317 2311
f 2321 2315 2316
f 2321 2316 2322
f 2322 2316 2314
f 2322 2314 2320
f 2318 2324 2325
f 2318 2325 2319
f 2319 2325 2323
f 2319 2323 2317
f 2327 2321 2322
f 2327 2322 2328
f 2328 2322 2320
f 2328 2320 2326
f 2324 2330 2331
f 2324 2331 2325
f 2325 2331 2329
f 2325 2329 2323
f 2333 2327 2328
f 2333 2328 2334
f 2334 2328 2326
f 2334 2326 2332
f 2330 2336 2337
f 2330 2337 2331
f 2331 2337 2335
f 2331 2335 2329
f 2339 2333 2334
f 2339 2334 2340
f 2340 2334 2332
f 2340 2332 2338
f 2336 2342 2343
f 2336 2343 2337
f 2337 2343 2341
f 2337 2341 2335
f 2345 2339 2340
f 2345 2340 2346
f 2346 2340 2338
f 2346 2338 2344
f 2342 2348 2349
f 2342 2349 2343
f 2343 2349 2347
f 2343 2347 2341
f 2351 2345 2346
f 2351 2346 2352
f 2352 2346 2344
f 2352 2344 2350
f 2348 2354 2355
f 2348 2355 2349
f 2349 2355 2353
f 2349 2353 2347
f 2357 2351 2352
f 2357 2352 2358
f 2358 2352 2350
f 2358 2350 2356
f 2354 2360 2361
f 2354 2361 2355
f 2355 2361 2359
f 2355 2359 2353
f 2363 2357 2358
f 2363 2358 2364
f 2364 2358 2356
f 2364 2356 2362
f 2360 2366 2367
f 2360 2367 2361
f 2361 2367 2365
f 2361 2365 2359
f 2369 2363 2364
f 2369 2364 2370
f 2370 2364 2362
f 2370 2362 2368
f 2366 2372 2373
f 2366 2373 2367
f 2367 2373 2371
f 2367 2371 2365
f 2375 2369 2370
f 2375 2370 2376
f 2376 2370 2368
f 2376 2368 2374
f 2372 2378 2379
f 2372 2379 2373
f 2373 2379 2377
f 2373 2377 2371
f 2381 2375 2376
f 2381 2376 2382
f 2382 2376 2374
f 2382 2374 2380
f 2378 2384 2385
f 2378 2385 2379
f 2379 2385 2383
f 2379 2383 2377
f 2387 2381 2382
f 2387 2382 2388
f 2388 2382 2380
f 2388 2380 2386
f 2384 2390 2391
f 2384 2391 2385
f 2385 2391 2389
f 2385 2389 2383
f 2393 2387 2388
f 2393 2388 2394
f 2394 2388 2386
f 2394 2386 2392
f 2390 2396 2397
f 2390 2397 2391
f 2391 2397 2395
f 2391 2395 2389
f 2399 2393 2394
f 2399 2394 2400
f 2400 2394 2392
f 2400 2392 2398
f 2396 2402 2403
f 2396 2403 2397
f 2397 2403 2401
f 2397 2401 2395
f 2405 2399 2400
f 2405 2400 2406
f 2406 2400 2398
f 2406 2398 2404
f 2402 2408 2409
f 2402 2409 2403
f 2403 2409 2407
f 2403 2407 2401
f 2411 2405 2406
f 2411 2406 2412
f 2412 2406 2404
f 2412 2404 2410
f 2408 2414 2415
f 2408 2415 2409
f 2409 2415 2413
f 2409 2413 2407
f 2417 2411 2412
f 2417 2412 2418
f 2418 2412 2410
f 2418 2410 2416
f 2414 2420 2421
f 2414 2421 2415
f 2415 2421 2419
f 2415 2419 2413
f 2423 2417 2418
f 2423 2418 2424
f 2424 2418 2416
f 2424 2416 2422
f 2420 2426 2427
f 2420 2427 2421
f 2421 2427 2425
f 2421 2425 2419
f 2429 2423 2424
f 2429 2424 2430
f 2430 2424 2422
f 2430 2422 2428
f 2426 2432 2433
f 2426 2433 2427
f 2427 2433 2431
f 2427 2431 2425
f 2435 2429 2430
f 2435 2430 2436
f 2436 2430 2428
f 2436 2428 2434
f 2432 2438 2439
f 2432 2439 2433
f 2433 2439 2437
f 2433 2437 2431
f 2441 2435 2436
f 2441 2436 2442
f 2442 2436 2434
f 2442 2434 2440
f 2438 2444 2445
f 2438 2445 2439
f 2439 2445 2443
f 2439 2443 2437
f 2447 2441 2442
f 2447 2442 2448
f 2448 2442 2440
f 2448 2440 2446
f 2444 2450 2451
f 2444 2451 2445
f 2445 2451 2449
f 2445 2449 2443
f 2453 2447 2448
f 2453 2448 2454
f 2454 2448 2446
f 2454 2446 2452
f 2450 2456 2457
f 2450 2457 2451
f 2451 2457 2455
f 2451 2455 2449
f 2459 2453 2454
f 2459 2454 2460
f 2460 2454 2452
f 2460 2452 2458
f 2456 2462 2463
f 2456 2463 2457
f 2457 2463 2461
f 2457 2461 2455
f 2465 2459 2460
f 2465 2460 2466
f 2466 2460 2458
f 2466 2458 2464
f 2462 2468 2469
f 2462 2469 2463
f 2463 2469 2467
f 2463 2467 2461
f 2471 2465 2466
f 2471 2466 2472
f 2472 2466 2464
f 2472 2464 2470
f 2468 2474 2475
f 2468 2475 2469
f 2469 2475 2473
f 2469 2473 2467
f 2477 2471 2472
f 2477 2472 2478
f 2478 2472 2470
f 2478 2470 2476
f 2474 2480 2481
f 2474 2481 2475
f 2475 2481 2479
f 2475 2479 2473
f 2483 2477 2478
f 2483 2478 2484
f 2484 2478 2476
f 2484 2476 2482
f 2480 2486 2487
f 2480 2487 2481
f 2481 2487 2485
f 2481 2485 2479
f 2489 2483 2484
f 2489 2484 2490
f 2490 2484 2482
f 2490 2482 2488
f 2486 2492 2493
f 2486 2493 2487
f 2487 2493 2491
f 2487 2491 2485
f 2495 2489 2490
f 2495 2490 2496
f 2496 2490 2488
f 2496 2488 2494
f 2492 2498 2499
f 2492 2499 2493
f 2493 2499 2497
f 2493 2497 2491
f 2501 2495 2496
f 2501 2496 2502
f 2502 2496 2494
f 2502 2494 2500
f 2498 2504 2505
f 2498 2505 2499
f 2499 2505 2503
f 2499 2503 2497
f 2507 2501 2502
f 2507 2502 2508
f 2508 2502 2500
f 2508 2500 2506
f 2504 2510 2511
f 2504 2511 2505
f 2505 2511 2509
f 2505 2509 2503
f 2513 2507 2508
f 2513 2508 2514
f 2514 2508 2506
f 2514 2506 2512
f 2510 2516 2517
f 2510 2517 2511
f 2511 2517 2515
f 2511 2515 2509
f 2519 2513 2514
f 2519 2514 2520
f 2520 2514 2512
f 2520 2512 2518
f 2516 2522 2523
f 2516 2523 2517
f 2517 2523 2521
f 2517 2521 2515
f 2525 2519 2520
f 2525 2520 2526
f 2526 2520 2518
f 2526 2518 2524
f 2522 2528 2529
f 2522 2529 2523
f 2523 2529 2527
f 2523 2527 2521
f 2531 2525 2526
f 2531 2526 2532
f 2532 2526 2524
f 2532 2524 2530
f 2528 2534 2535
f 2528 2535 2529
f 2529 2535 2533
f 2529 2533 2527
f 2537 2531 2532
f 2537 2532 2538
f 2538 2532 2530
f 2538 2530 2536
f 2534 2540 2541
f 2534 2541 2535
f 2535 2541 2539
f 2535 2539 2533
f 2543 2537 2538
f 2543 2538 2544
f 2544 2538 2536
f 2544 2536 2542
f 2540 2546 2547
f 2540 2547 2541
f 2541 2547 2545
f 2541 2545 2539
f 2549 2543 2544
f 2549 2544 2550
f 2550 2544 2542
f 2550 2542 2548
f 2546 2552 2553
f 2546 2553 2547
f 2547 2553 2551
f 2547 2551 2545
f 2555 2549 2550
f 2555 2550 2556
f 2556 2550 2548
f 2556 2548 2554
f 2552 2558 2559
f 2552 2559 2553
f 2553 2559 2557
f 2553 2557 2551
f 2561 2555 2556
f 2561 2556 2562
f 2562 2556 2554
f 2562 2554 2560
f 2558 2564 2565
f 2558 2565 2559
f 2559 2565 2563
f 2559 2563 2557
f 2567 2561 2562
f 2567 2562 2568
f 2568 2562 2560
f 2568 2560 2566
f 2564 2570 2571
f 2564 2571 2565
f 2565 2571 2569
f 2565 2569 2563
f 2573 2567 2568
f 2573 2568 2574
f 2574 2568 2566
f 2574 2566 2572
f 2570 2576 2577
f 2570 2577 2571
f 2571 2577 2575
f 2571 2575 2569
f 2579 2573 2574
f 2579 2574 2580
f 2580 2574 2572
f 2580 2572 2578
f 2576 2582 2583
f 2576 2583 2577
f 2577 2583 2581
f 2577 2581 2575
f 2585 2579 2580
f 2585 2580 2586
f 2586 2580 2578
f 2586 2578 2584
f 2582 2588 2589
f 2582 2589 2583
f 2583 2589 2587
f 2583 2587 2581
f 2591 2585 2586
f 2591 2586 2592
f 2592 2586 2584
f 2592 2584 2590
f 2588 2306 2307
f 2588 2307 2589
f 2589 2307 2305
f 2589 2305 2587
f 2309 2591 2592
f 2309 2592 2310
f 2310 2592 2590
f 2310 2590 2308
f 2587 2305 2311
f 2311 2317 2323
f 2323 2329 2335
f 2335 2341 2347
f 2347 2353 2359
f 2359 2365 2371
f 2371 2377 2383
f 2383 2389 2395
f 2395 2401 2407
f 2407 2413 2419
f 2419 2425 2431
f 2431 2437 2443
f 2443 2449 2455
f 2455 2461 2467
f 2467 2473 2479
f 2479 2485 2491
f 2491 2497 2503
f 2503 2509 2515
f 2515 2521 2527
f 2527 2533 2539
f 2539 2545 2551
f 2551 2557 2563
f 2563 2569 2575
f 2575 2581 2587
f 2587 2311 2323
f 2323 2335 2347
f 2347 2359 2371
f 2371 2383 2395
f 2395 2407 2419
f 2419 2431 2443
f 2443 2455 2467
f 2467 2479 2491
f 2491 2503 2515
f 2515 2527 2539
f 2539 2551 2563
f 2563 2575 2587
f 2587 2323 2347
f 2347 2371 2395
f 2395 2419 2443
f 2443 2467 2491
f 2491 2515 2539
f 2539 2563 2587
f 2587 2347 2395
f 2395 2443 2491
f 2491 2539 2587
f 2395 2491 2587
f 2306 2309 2315
f 2306 2315 2312
f 2588 2591 2309
f 2588 2309 2306
f 2320 2314 2308
f 2308 2590 2584
f 2584 2578 2572
f 2572 2566 2560
f 2560 2554 2548
f 2548 2542 2536
f 2536 2530 2524
f 2524 2518 2512
f 2512 2506 2500
f 2500 2494 2488
f 2488 2482 2476
f 2476 2470 2464
f 2464 2458 2452
f 2452 2446 2440
f 2440 2434 2428
f 2428 2422 2416
f 2416 2410 2404
f 2404 2398 2392
f 2392 2386 2380
f 2380 2374 2368
f 2368 2362 2356
f 2356 2350 2344
f 2344 2338 2332
f 2332 2326 2320
f 2320 2308 2584
f 2584 2572 2560
f 2560 2548 2536
f 2536 2524 2512
f 2512 2500 2488
f 2488 2476 2464
f 2464 2452 2440
f 2440 2428 2416
f 2416 2404 2392
f 2392 2380 2368
f 2368 2356 2344
f 2344 2332 2320
f 2320 2584 2560
f 2560 2536 2512
f 2512 2488 2464
f 2464 2440 2416
f 2416 2392 2368
f 2368 2344 2320
f 2320 2560 2512
f 2512 2464 2416
f 2416 2368 2320
f 2512 2416 2320
f 2312 2315 2321
f 2312 2321 2318
f 2318 2321 2327
f 2318 2327 2324
f 2324 2327 2333
f 2324 2333 2330
f 2330 2333 2339
f 2330 2339 2336
f 2336 2339 2345
f 2336 2345 2342
f 2342 2345 2351
f 2342 2351 2348
f 2348 2351 2357
f 2348 2357 2354
f 2354 2357 2363
f 2354 2363 2360
f 2360 2363 2369
f 2360 2369 2366
f 2366 2369 2375
f 2366 2375 2372
f 2372 2375 2381
f 2372 2381 2378
f 2378 2381 2387
f 2378 2387 2384
f 2384 2387 2393
f 2384 2393 2390
f 2390 2393 2399
f 2390 2399 2396
f 2396 2399 2405
f 2396 2405 2402
f 2402 2405 2411
f 2402 2411 2408
f 2408 2411 2417
f 2408 2417 2414
f 2414 2417 2423
f 2414 2423 2420
f 2420 2423 2429
f 2420 2429 2426
f 2426 2429 2435
f 2426 2435 2432
f 2432 2435 2441
f 2432 2441 2438
f 2438 2441 2447
f 2438 2447 2444
f 2444 2447 2453
f 2444 2453 2450
f 2450 2453 2459
f 2450 2459 2456
f 2456 2459 2465
f 2456 2465 2462
f 2462 2465 2471
f 2462 2471 2468
f 2468 2471 2477
f 2468 2477 2474
f 2474 2477 2483
f 2474 2483 2480
f 2480 2483 2489
f 2480 2489 2486
f 2486 2489 2495
f 2486 2495 2492
f 2492 2495 2501
f 2492 2501 2498
f 2498 2501 2507
f 2498 2507 2504
f 2504 2507 2513
f 2504 2513 2510
f 2510 2513 2519
f 2510 2519 2516
f 2516 2519 2525
f 2516 2525 2522
f 2522 2525 2531
f 2522 2531 2528
f 2528 2531 2537
f 2528 2537 2534
f 2534 2537 2543
f 2534 2543 2540
f 2540 2543 2549
f 2540 2549 2546
f 2546 2549 2555
f 2546 2555 2552
f 2552 2555 2561
f 2552 2561 2558
f 2558 2561 2567
f 2558 2567 2564
f 2564 2567 2573
f 2564 2573 2570
f 2570 2573 2579
f 2570 2579 2576
f 2576 2579 2585
f 2576 2585 2582
f 2582 2585 2591
f 2582 2591 2588
f 2594 2600 2601
f 2594 2601 2595
f 2595 2601 2599
f 2595 2599 2593
f 2603 2597 2598
f 2603 2598 2604
f 2604 2598 2596
f 2604 2596 2602
f 2600 2606 2607
f 2600 2607 2601
f 2601 2607 2605
f 2601 2605 2599
f 2609 2603 2604
f 2609 2604 2610
f 2610 2604 2602
f 2610 2602 2608
f 2606 2612 2613
f 2606 2613 2607
f 2607 2613 2611
f 2607 2611 2605
f 2615 2609 2610
f 2615 2610 2616
f 2616 2610 2608
f 2616 2608 2614
f 2612 2618 2619
f 2612 2619 2613
f 2613 2619 2617
f 2613 2617 2611
f 2621 2615 2616
f 2621 2616 2622
f 2622 2616 2614
f 2622 2614 2620
f 2618 2624 2625
f 2618 2625 2619
f 2619 2625 2623
f 2619 2623 2617
f 2627 2621 2622
f 2627 2622 2628
f 2628 2622 2620
f 2628 2620 2626
f 2624 2630 2631
f 2624 2631 2625
f 2625 2631 2629
f 2625 2629 2623
f 2633 2627 2628
f 2633 2628 2634
f 2634 2628 2626
f 2634 2626 2632
f 2630 2636 2637
f 2630 2637 2631
f 2631 2637 2635
f 2631 2635 2629
f 2639 2633 2634
f 2639 2634 2640
f 2640 2634 2632
f 2640 2632 2638
f 2636 2642 2643
f 2636 2643 2637
f 2637 2643 2641
f 2637 2641 2635
f 2645 2639 2640
f 2645 2640 2646
f 2646 2640 2638
f 2646 2638 2644
f 2642 2648 2649
f 2642 2649 2643
f 2643 2649 2647
f 2643 2647 2641
f 2651 2645 2646
f 2651 2646 2652
f 2652 2646 2644
f 2652 2644 2650
f 2648 2654 2655
f 2648 2655 2649
f 2649 2655 2653
f 2649 2653 2647
f 2657 2651 2652
f 2657 2652 2658
f 2658 2652 2650
f 2658 2650 2656
f 2654 2660 2661
f 2654 2661 2655
f 2655 2661 2659
f 2655 2659 2653
f 2663 2657 2658
f 2663 2658 2664
f 2664 2658 2656
f 2664 2656 2662
f 2660 2666 2667
f 2660 2667 2661
f 2661 2667 2665
f 2661 2665 2659
f 2669 2663 2664
f 2669 2664 2670
f 2670 2664 2662
f 2670 2662 2668
f 2666 2672 2673
f 2666 2673 2667
f 2667 2673 2671
f 2667 2671 2665
f 2675 2669 2670
f 2675 2670 2676
f 2676 2670 2668
f 2676 2668 2674
f 2672 2678 2679
f 2672 2679 2673
f 2673 2679 2677
f 2673 2677 2671
f 2681 2675 2676
f 2681 2676 2682
f 2682 2676 2674
f 2682 2674 2680
f 2678 2684 2685
f 2678 2685 2679
f 2679 2685 2683
f 2679 2683 2677
f 2687 2681 2682
f 2687 2682 2688
f 2688 2682 2680
f 2688 2680 2686
f 2684 2690 2691
f 2684 2691 2685
f 2685 2691 2689
f 2685 2689 2683
f 2693 2687 2688
f 2693 2688 2694
f 2694 2688 2686
f 2694 2686 2692
f 2690 2696 2697
f 2690 2697 2691
f 2691 2697 2695
f 2691 2695 2689
f 2699 2693 2694
f 2699 2694 2700
f 2700 2694 2692
f 2700 2692 2698
f 2696 2702 2703
f 2696 2703 2697
f 2697 2703 2701
f 2697 2701 2695
f 2705 2699 2700
f 2705 2700 2706
f 2706 2700 2698
f 2706 2698 2704
f 2702 2708 2709
f 2702 2709 2703
f 2703 2709 2707
f 2703 2707 2701
f 2711 2705 2706
f 2711 2706 2712
f 2712 2706 2704
f 2712 2704 2710
f 2708 2714 2715
f 2708 2715 2709
f 2709 2715 2713
f 2709 2713 2707
f 2717 2711 2712
f 2717 2712 2718
f 2718 2712 2710
f 2718 2710 2716
f 2714 2720 2721
f 2714 2721 2715
f 2715 2721 2719
f 2715 2719 2713
f 2723 2717 2718
f 2723 2718 2724
f 2724 2718 2716
f 2724 2716 2722
f 2720 2726 2727
f 2720 2727 2721
f 2721 2727 2725
f 2721 2725 2719
f 2729 2723 2724
f 2729 2724 2730
f 2730 2724 2722
f 2730 2722 2728
f 2726 2732 2733
f 2726 2733 2727
f 2727 2733 2731
f 2727 2731 2725
f 2735 2729 2730
f 2735 2730 2736
f 2736 2730 2728
f 2736 2728 2734
f 2732 2738 2739
f 2732 2739 2733
f 2733 2739 2737
f 2733 2737 2731
f 2741 2735 2736
f 2741 2736 2742
f 2742 2736 2734
f 2742 2734 2740
f 2738 2744 2745
f 2738 2745 2739
f 2739 2745 2743
f 2739 2743 2737
f 2747 2741 2742
f 2747 2742 2748
f 2748 2742 2740
f 2748 2740 2746
f 2744 2750 2751
f 2744 2751 2745
f 2745 2751 2749
f 2745 2749 2743
f 2753 2747 2748
f 2753 2748 2754
f 2754 2748 2746
f 2754 2746 2752
f 2750 2756 2757
f 2750 2757 2751
f 2751 2757 2755
f 2751 2755 2749
f 2759 2753 2754
f 2759 2754 2760
f 2760 2754 2752
f 2760 2752 2758
f 2756 2762 2763
f 2756 2763 2757
f 2757 2763 2761
f 2757 2761 2755
f 2765 2759 2760
f 2765 2760 2766
f 2766 2760 2758
f 2766 2758 2764
f 2762 2768 2769
f 2762 2769 2763
f 2763 2769 2767
f 2763 2767 2761
f 2771 2765 2766
f 2771 2766 2772
f 2772 2766 2764
f 2772 2764 2770
f 2768 2774 2775
f 2768 2775 2769
f 2769 2775 2773
f 2769 2773 2767
f 2777 2771 2772
f 2777 2772 2778
f 2778 2772 2770
f 2778 2770 2776
f 2774 2780 2781
f 2774 2781 2775
f 2775 2781 2779
f 2775 2779 2773
f 2783 2777 2778
f 2783 2778 2784
f 2784 2778 2776
f 2784 2776 2782
f 2780 2786 2787
f 2780 2787 2781
f 2781 2787 2785
f 2781 2785 2779
f 2789 2783 2784
f 2789 2784 2790
f 2790 2784 2782
f 2790 2782 2788
f 2786 2792 2793
f 2786 2793 2787
f 2787 2793 2791
f 2787 2791 2785
f 2795 2789 2790
f 2795 2790 2796
f 2796 2790 2788
f 2796 2788 2794
f 2792 2798 2799
f 2792 2799 2793
f 2793 2799 2797
f 2793 2797 2791
f 2801 2795 2796
f 2801 2796 2802
f 2802 2796 2794
f 2802 2794 2800
f 2798 2804 2805
f 2798 2805 2799
f 2799 2805 2803
f 2799 2803 2797
f 2807 2801 2802
f 2807 2802 2808
f 2808 2802 2800
f 2808 2800 2806
f 2804 2810 2811
f 2804 2811 2805
f 2805 2811 2809
f 2805 2809 2803
f 2813 2807 2808
f 2813 2808 2814
f 2814 2808 2806
f 2814 2806 2812
f 2810 2816 2817
f 2810 2817 2811
f 2811 2817 2815
f 2811 2815 2809
f 2819 2813 2814
f 2819 2814 2820
f 2820 2814 2812
f 2820 2812 2818
f 2816 2822 2823
f 2816 2823 2817
f 2817 2823 2821
f 2817 2821 2815
f 2825 2819 2820
f 2825 2820 2826
f 2826 2820 2818
f 2826 2818 2824
f 2822 2828 2829
f 2822 2829 2823
f 2823 2829 2827
f 2823 2827 2821
f 2831 2825 2826
f 2831 2826 2832
f 2832 2826 2824
f 2832 2824 2830
f 2828 2834 2835
f 2828 2835 2829
f 2829 2835 2833
f 2829 2833 2827
f 2837 2831 2832
f 2837 2832 2838
f 2838 2832 2830
f 2838 2830 2836
f 2834 2840 2841
f 2834 2841 2835
f 2835 2841 2839
f 2835 2839 2833
f 2843 2837 2838
f 2843 2838 2844
f 2844 2838 2836
f 2844 2836 2842
f 2840 2846 2847
f 2840 2847 2841
f 2841 2847 2845
f 2841 2845 2839
f 2849 2843 2844
f 2849 2844 2850
f 2850 2844 2842
f 2850 2842 2848
f 2846 2852 2853
f 2846 2853 2847
f 2847 2853 2851
f 2847 2851 2845
f 2855 2849 2850
f 2855 2850 2856
f 2856 2850 2848
f 2856 2848 2854
f 2852 2858 2859
f 2852 2859 2853
f 2853 2859 2857
f 2853 2857 2851
f 2861 2855 2856
f 2861 2856 2862
f 2862 2856 2854
f 2862 2854 2860
f 2858 2864 2865
f 2858 2865 2859
f 2859 2865 2863
f 2859 2863 2857
f 2867 2861 2862
f 2867 2862 2868
f 2868 2862 2860
f 2868 2860 2866
f 2864 2870 2871
f 2864 2871 2865
f 2865 2871 2869
f 2865 2869 2863
f 2873 2867 2868
f 2873 2868 2874
f 2874 2868 2866
f 2874 2866 2872
f 2870 2876 2877
f 2870 2877 2871
f 2871 2877 2875
f 2871 2875 2869
f 2879 2873 2874
f 2879 2874 2880
f 2880 2874 2872
f 2880 2872 2878
f 2876 2594 2595
f 2876 2595 2877
f 2877 2595 2593
f 2877 2593 2875
f 2597 2879 2880
f 2597 2880 2598
f 2598 2880 2878
f 2598 2878 2596
f 2875 2593 2599
f 2599 2605 2611
f 2611 2617 2623
f 2623 2629 2635
f 2635 2641 2647
f 2647 2653 2659
f 2659 2665 2671
f 2671 2677 2683
f 2683 2689 2695
f 2695 2701 2707
f 2707 2713 2719
f 2719 2725 2731
f 2731 2737 2743
f 2743 2749 2755
f 2755 2761 2767
f 2767 2773 2779
f 2779 2785 2791
f 2791 2797 2803
f 2803 2809 2815
f 2815 2821 2827
f 2827 2833 2839
f 2839 2845 2851
f 2851 2857 2863
f 2863 2869 2875
f 2875 2599 2611
f 2611 2623 2635
f 2635 2647 2659
f 2659 2671 2683
f 2683 2695 2707
f 2707 2719 2731
f 2731 2743 2755
f 2755 2767 2779
f 2779 2791 2803
f 2803 2815 2827
f 2827 2839 2851
f 2851 2863 2875
f 2875 2611 2635
f 2635 2659 2683
f 2683 2707 2731
f 2731 2755 2779
f 2779 2803 2827
f 2827 2851 2875
f 2875 2635 2683
f 2683 2731 2779
f 2779 2827 2875
f 2683 2779 2875
f 2594 2597 2603
f 2594 2603 2600
f 2876 2879 2597
f 2876 2597 2594
f 2608 2602 2596
f 2596 2878 2872
f 2872 2866 2860
f 2860 2854 2848
f 2848 2842 2836
f 2836 2830 2824
f 2824 2818 2812
f 2812 2806 2800
f 2800 2794 2788
f 2788 2782 2776
f 2776 2770 2764
f 2764 2758 2752
f 2752 2746 2740
f 2740 2734 2728
f 2728 2722 2716
f 2716 2710 2704
f 2704 2698 2692
f 2692 2686 2680
f 2680 2674 2668
f 2668 2662 2656
f 2656 2650 2644
f 2644 2638 2632
f 2632 2626 2620
f 2620 2614 2608
f 2608 2596 2872
f 2872 2860 2848
f 2848 2836 2824
f 2824 2812 2800
f 2800 2788 2776
f 2776 2764 2752
f 2752 2740 2728
f 2728 2716 2704
f 2704 2692 2680
f 2680 2668 2656
f 2656 2644 2632
f 2632 2620 2608
f 2608 2872 2848
f 2848 2824 2800
f 2800 2776 2752
f 2752 2728 2704
f 2704 2680 2656
f 2656 2632 2608
f 2608 2848 2800
f 2800 2752 2704
f 2704 2656 2608
f 2800 2704 2608
f 2600 2603 2609
f 2600 2609 2606
f 2606 2609 2615
f 2606 2615 2612
f 2612 2615 2621
f 2612 2621 2618
f 2618 2621 2627
f 2618 2627 2624
f 2624 2627 2633
f 2624 2633 2630
f 2630 2633 2639
f 2630 2639 2636
f 2636 2639 2645
f 2636 2645 2642
f 2642 2645 2651
f 2642 2651 2648
f 2648 2651 2657
f 2648 2657 2654
f 2654 2657 2663
f 2654 2663 2660
f 2660 2663 2669
f 2660 2669 2666
f 2666 2669 2675
f 2666 2675 2672
f 2672 2675 2681
f 2672 2681 2678
f 2678 2681 2687
f 2678 2687 2684
f 2684 2687 2693
f 2684 2693 2690
f 2690 2693 2699
f 2690 2699 2696
f 2696 2699 2705
f 2696 2705 2702
f 2702 2705 2711
f 2702 2711 2708
f 2708 2711 2717
f 2708 2717 2714
f 2714 2717 2723
f 2714 2723 2720
f 2720 2723 2729
f 2720 2729 2726
f 2726 2729 2735
f 2726 2735 2732
f 2732 2735 2741
f 2732 2741 2738
f 2738 2741 2747
f 2738 2747 2744
f 2744 2747 2753
f 2744 2753 2750
f 2750 2753 2759
f 2750 2759 2756
f 2756 2759 2765
f 2756 2765 2762
f 2762 2765 2771
f 2762 2771 2768
f 2768 2771 2777
f 2768 2777 2774
f 2774 2777 2783
f 2774 2783 2780
f 2780 2783 2789
f 2780 2789 2786
f 2786 2789 2795
f 2786 2795 2792
f 2792 2795 2801
f 2792 2801 2798
f 2798 2801 2807
f 2798 2807 2804
f 2804 2807 2813
f 2804 2813 2810
f 2810 2813 2819
f 2810 2819 2816
f 2816 2819 2825
f 2816 2825 2822
f 2822 2825 2831
f 2822 2831 2828
f 2828 2831 2837
f 2828 2837 2834
f 2834 2837 2843
f 2834 2843 2840
f 2840 2843 2849
f 2840 2849 2846
f 2846 2849 2855
f 2846 2855 2852
f 2852 2855 2861
f 2852 2861 2858
f 2858 2861 2867
f 2858 2867 2864
f 2864 2867 2873
f 2864 2873 2870
f 2870 2873 2879
f 2870 2879 2876
f 2881 2882 2930
f 2881 2930 2929
f 2882 2883 2931
f 2882 2931 2930
f 2883 2884 2932
f 2883 2932 2931
f 2884 2885 2933
f 2884 2933 2932
f 2885 2886 2934
f 2885 2934 2933
f 2886 2887 2935
f 2886 2935 2934
f 2887 2888 2936
f 2887 2936 2935
f 2888 2889 2937
f 2888 2937 2936
f 2889 2890 2938
f 2889 2938 2937
f 2890 2891 2939
f 2890 2939 2938
f 2891 2892 2940
f 2891 2940 2939
f 2892 2893 2941
f 2892 2941 2940
f 2893 2894 2942
f 2893 2942 2941
f 2894 2895 2943
f 2894 2943 2942
f 2895 2896 2944
f 2895 2944 2943
f 2896 2897 2945
f 2896 2945 2944
f 2897 2898 2946
f 2897 2946 2945
f 2898 2899 2947
f 2898 2947 2946
f 2899 2900 2948
f 2899 2948 2947
f 2900 2901 2949
f 2900 2949 2948
f 2901 2902 2950
f 2901 2950 2949
f 2902 2903 2951
f 2902 2951 2950
f 2903 2904 2952
f 2903 2952 2951
f 2904 2905 2953
f 2904 2953 2952
f 2905 2906 2954
f 2905 2954 2953
f 2906 2907 2955
f 2906 2955 2954
f 2907 2908 2956
f 2907 2956 2955
f 2908 2909 2957
f 2908 2957 2956
f 2909 2910 2958
f 2909 2958 2957
f 2910 2911 2959
f 2910 2959 2958
f 2911 2912 2960
f 2911 2960 2959
f 2912 2913 2961
f 2912 2961 2960
f 2913 2914 2962
f 2913 2962 2961
f 2914 2915 2963
f 2914 2963 2962
f 2915 2916 2964
f 2915 2964 2963
f 2916 2917 2965
f 2916 2965 2964
f 2917 2918 2966
f 2917 2966 2965
f 2918 2919 2967
f 2918 2967 2966
f 2919 2920 2968
f 2919 2968 2967
f 2920 2921 2969
f 2920 2969 2968
f 2921 2922 2970
f 2921 2970 2969
f 2922 2923 2971
f 2922 2971 2970
f 2923 2924 2972
f 2923 2972 2971
f 2924 2925 2973
f 2924 2973 2972
f 2925 2926 2974
f 2925 2974 2973
f 2926 2927 2975
f 2926 2975 2974
f 2927 2928 2976
f 2927 2976 2975
f 2928 2881 2929
f 2928 2929 2976
f 2929 2930 2978
f 2929 2978 2977
f 2930 2931 2979
f 2930 2979 2978
f 2931 2932 2980
f 2931 2980 2979
f 2932 2933 2981
f 2932 2981 2980
f 2933 2934 2982
f 2933 2982 2981
f 2934 2935 2983
f 2934 2983 2982
f 2935 2936 2984
f 2935 2984 2983
f 2936 2937 2985
f 2936 2985 2984
f 2937 2938 2986
f 2937 2986 2985
f 2938 2939 2987
f 2938 2987 2986
f 2939 2940 2988
f 2939 2988 2987
f 2940 2941 2989
f 2940 2989 2988
f 2941 2942 2990
f 2941 2990 2989
f 2942 2943 2991
f 2942 2991 2990
f 2943 2944 2992
f 2943 2992 2991
f 2944 2945 2993
f 2944 2993 2992
f 2945 2946 2994
f 2945 2994 2993
f 2946 2947 2995
f 2946 2995 2994
f 2947 2948 2996
f 2947 2996 2995
f 2948 2949 2997
f 2948 2997 2996
f 2949 2950 2998
f 2949 2998 2997
f 2950 2951 2999
f 2950 2999 2998
f 2951 2952 3000
f 2951 3000 2999
f 2952 2953 3001
f 2952 3001 3000
f 2953 2954 3002
f 2953 3002 3001
f 2954 2955 3003
f 2954 3003 3002
f 2955 2956 3004
f 2955 3004 3003
f 2956 2957 3005
f 2956 3005 3004
f 2957 2958 3006
f 2957 3006 3005
f 2958 2959 3007
f 2958 3007 3006
f 2959 2960 3008
f 2959 3008 3007
f 2960 2961 3009
f 2960 3009 3008
f 2961 2962 3010
f 2961 3010 3009
f 2962 2963 3011
f 2962 3011 3010
f 2963 2964 3012
f 2963 3012 3011
f 2964 2965 3013
f 2964 3013 3012
f 2965 2966 3014
f 2965 3014 3013
f 2966 2967 3015
f 2966 3015 3014
f 2967 2968 3016
f 2967 3016 3015
f 2968 2969 3017
f 2968 3017 3016
f 2969 2970 3018
f 2969 3018 3017
f 2970 2971 3019
f 2970 3019 3018
f 2971 2972 3020
f 2971 3020 3019
f 2972 2973 3021
f 2972 3021 3020
f 2973 2974 3022
f 2973 3022 3021
f 2974 2975 3023
f 2974 3023 3022
f 2975 2976 3024
f 2975 3024 3023
f 2976 2929 2977
f 2976 2977 3024
f 2977 2978 3026
f 2977 3026 3025
f 2978 2979 3027
f 2978 3027 3026
f 2979 2980 3028
f 2979 3028 3027
f 2980 2981 3029
f 2980 3029 3028
f 2981 2982 3030
f 2981 3030 3029
f 2982 2983 3031
f 2982 3031 3030
f 2983 2984 3032
f 2983 3032 3031
f 2984 2985 3033
f 2984 3033 3032
f 2985 2986 3034
f 2985 3034 3033
f 2986 2987 3035
f 2986 3035 3034
f 2987 2988 3036
f 2987 3036 3035
f 2988 2989 3037
f 2988 3037 3036
f 2989 2990 3038
f 2989 3038 3037
f 2990 2991 3039
f 2990 3039 3038
f 2991 2992 3040
f 2991 3040 3039
f 2992 2993 3041
f 2992 3041 3040
f 2993 2994 3042
f 2993 3042 3041
f 2994 2995 3043
f 2994 3043 3042
f 2995 2996 3044
f 2995 3044 3043
f 2996 2997 3045
f 2996 3045 3044
f 2997 2998 3046
f 2997 3046 3045
f 2998 2999 3047
f 2998 3047 3046
f 2999 3000 3048
f 2999 3048 3047
f 3000 3001 3049
f 3000 3049 3048
f 3001 3002 3050
f 3001 3050 3049
f 3002 3003 3051
f 3002 3051 3050
f 3003 3004 3052
f 3003 3052 3051
f 3004 3005 3053
f 3004 3053 3052
f 3005 3006 3054
f 3005 3054 3053
f 3006 3007 3055
f 3006 3055 3054
f 3007 3008 3056
f 3007 3056 3055
f 3008 3009 3057
f 3008 3057 3056
f 3009 3010 3058
f 3009 3058 3057
f 3010 3011 3059
f 3010 3059 3058
f 3011 3012 3060
f 3011 3060 3059
f 3012 3013 3061
f 3012 3061 3060
f 3013 3014 3062
f 3013 3062 3061
f 3014 3015 3063
f 3014 3063 3062
f 3015 3016 3064
f 3015 3064 3063
f 3016 3017 3065
f 3016 3065 3064
f 3017 3018 3066
f 3017 3066 3065
f 3018 3019 3067
f 3018 3067 3066
f 3019 3020 3068
f 3019 3068 3067
f 3020 3021 3069
f 3020 3069 3068
f 3021 3022 3070
f 3021 3070 3069
f 3022 3023 3071
f 3022 3071 3070
f 3023 3024 3072
f 3023 3072 3071
f 3024 2977 3025
f 3024 3025 3072
f 3025 3026 3074
f 3025 3074 3073
f 3026 3027 3075
f 3026 3075 3074
f 3027 3028 3076
f 3027 3076 3075
f 3028 3029 3077
f 3028 3077 3076
f 3029 3030 3078
f 3029 3078 3077
f 3030 3031 3079
f 3030 3079 3078
f 3031 3032 3080
f 3031 3080 3079
f 3032 3033 3081
f 3032 3081 3080
f 3033 3034 3082
f 3033 3082 3081
f 3034 3035 3083
f 3034 3083 3082
f 3035 3036 3084
f 3035 3084 3083
f 3036 3037 3085
f 3036 3085 3084
f 3037 3038 3086
f 3037 3086 3085
f 3038 3039 3087
f 3038 3087 3086
f 3039 3040 3088
f 3039 3088 3087
f 3040 3041 3089
f 3040 3089 3088
f 3041 3042 3090
f 3041 3090 3089
f 3042 3043 3091
f 3042 3091 3090
f 3043 3044 3092
f 3043 3092 3091
f 3044 3045 3093
f 3044 3093 3092
f 3045 3046 3094
f 3045 3094 3093
f 3046 3047 3095
f 3046 3095 3094
f 3047 3048 3096
f 3047 3096 3095
f 3048 3049 3097
f 3048 3097 3096
f 3049 3050 3098
f 3049 3098 3097
f 3050 3051 3099
f 3050 3099 3098
f 3051 3052 3100
f 3051 3100 3099
f 3052 3053 3101
f 3052 3101 3100
f 3053 3054 3102
f 3053 3102 3101
f 3054 3055 3103
f 3054 3103 3102
f 3055 3056 3104
f 3055 3104 3103
f 3056 3057 3105
f 3056 3105 3104
f 3057 3058 3106
f 3057 3106 3105
f 3058 3059 3107
f 3058 3107 3106
f 3059 3060 3108
f 3059 3108 3107
f 3060 3061 3109
f 3060 3109 3108
f 3061 3062 3110
f 3061 3110 3109
f 3062 3063 3111
f 3062 3111 3110
f 3063 3064 3112
f 3063 3112 3111
f 3064 3065 3113
f 3064 3113 3112
f 3065 3066 3114
f 3065 3114 3113
f 3066 3067 3115
f 3066 3115 3114
f 3067 3068 3116
f 3067 3116 3115
f 3068 3069 3117
f 3068 3117 3116
f 3069 3070 3118
f 3069 3118 3117
f 3070 3071 3119
f 3070 3119 3118
f 3071 3072 3120
f 3071 3120 3119
f 3072 3025 3073
f 3072 3073 3120
f 3073 3074 3122
f 3073 3122 3121
f 3074 3075 3123
f 3074 3123 3122
f 3075 3076 3124
f 3075 3124 3123
f 3076 3077 3125
f 3076 3125 3124
f 3077 3078 3126
f 3077 3126 3125
f 3078 3079 3127
f 3078 3127 3126
f 3079 3080 3128
f 3079 3128 3127
f 3080 3081 3129
f 3080 3129 3128
f 3081 3082 3130
f 3081 3130 3129
f 3082 3083 3131
f 3082 3131 3130
f 3083 3084 3132
f 3083 3132 3131
f 3084 3085 3133
f 3084 3133 3132
f 3085 3086 3134
f 3085 3134 3133
f 3086 3087 3135
f 3086 3135 3134
f 3087 3088 3136
f 3087 3136 3135
f 3088 3089 3137
f 3088 3137 3136
f 3089 3090 3138
f 3089 3138 3137
f 3090 3091 3139
f 3090 3139 3138
f 3091 3092 3140
f 3091 3140 3139
f 3092 3093 3141
f 3092 3141 3140
f 3093 3094 3142
f 3093 3142 3141
f 3094 3095 3143
f 3094 3143 3142
f 3095 3096 3144
f 3095 3144 3143
f 3096 3097 3145
f 3096 3145 3144
f 3097 3098 3146
f 3097 3146 3145
f 3098 3099 3147
f 3098 3147 3146
f 3099 3100 3148
f 3099 3148 3147
f 3100 3101 3149
f 3100 3149 3148
f 3101 3102 3150
f 3101 3150 3149
f 3102 3103 3151
f 3102 3151 3150
f 3103 3104 3152
f 3103 3152 3151
f 3104 3105 3153
f 3104 3153 3152
f 3105 3106 3154
f 3105 3154 3153
f 3106 3107 3155
f 3106 3155 3154
f 3107 3108 3156
f 3107 3156 3155
f 3108 3109 3157
f 3108 3157 3156
f 3109 3110 3158
f 3109 3158 3157
f 3110 3111 3159
f 3110 3159 3158
f 3111 3112 3160
f 3111 3160 3159
f 3112 3113 3161
f 3112 3161 3160
f 3113 3114 3162
f 3113 3162 3161
f 3114 3115 3163
f 3114 3163 3162
f 3115 3116 3164
f 3115 3164 3163
f 3116 3117 3165
f 3116 3165 3164
f 3117 3118 3166
f 3117 3166 3165
f 3118 3119 3167
f 3118 3167 3166
f 3119 3120 3168
f 3119 3168 3167
f 3120 3073 3121
f 3120 3121 3168
f 3170 3176 3177
f 3170 3177 3171
f 3171 3177 3175
f 3171 3175 3169
f 3179 3173 3174
f 3179 3174 3180
f 3180 3174 3172
f 3180 3172 3178
f 3176 3182 3183
f 3176 3183 3177
f 3177 3183 3181
f 3177 3181 3175
f 3185 3179 3180
f 3185 3180 3186
f 3186 3180 3178
f 3186 3178 3184
f 3182 3188 3189
f 3182 3189 3183
f 3183 3189 3187
f 3183 3187 3181
f 3191 3185 3186
f 3191 3186 3192
f 3192 3186 3184
f 3192 3184 3190
f 3188 3194 3195
f 3188 3195 3189
f 3189 3195 3193
f 3189 3193 3187
f 3197 3191 3192
f 3197 3192 3198
f 3198 3192 3190
f 3198 3190 3196
f 3194 3200 3201
f 3194 3201 3195
f 3195 3201 3199
f 3195 3199 3193
f 3203 3197 3198
f 3203 3198 3204
f 3204 3198 3196
f 3204 3196 3202
f 3200 3206 3207
f 3200 3207 3201
f 3201 3207 3205
f 3201 3205 3199
f 3209 3203 3204
f 3209 3204 3210
f 3210 3204 3202
f 3210 3202 3208
f 3206 3212 3213
f 3206 3213 3207
f 3207 3213 3211
f 3207 3211 3205
f 3215 3209 3210
f 3215 3210 3216
f 3216 3210 3208
f 3216 3208 3214
f 3212 3218 3219
f 3212 3219 3213
f 3213 3219 3217
f 3213 3217 3211
f 3221 3215 3216
f 3221 3216 3222
f 3222 3216 3214
f 3222 3214 3220
f 3218 3224 3225
f 3218 3225 3219
f 3219 3225 3223
f 3219 3223 3217
f 3227 3221 3222
f 3227 3222 3228
f 3228 3222 3220
f 3228 3220 3226
f 3224 3230 3231
f 3224 3231 3225
f 3225 3231 3229
f 3225 3229 3223
f 3233 3227 3228
f 3233 3228 3234
f 3234 3228 3226
f 3234 3226 3232
f 3230 3236 3237
f 3230 3237 3231
f 3231 3237 3235
f 3231 3235 3229
f 3239 3233 3234
f 3239 3234 3240
f 3240 3234 3232
f 3240 3232 3238
f 3236 3242 3243
f 3236 3243 3237
f 3237 3243 3241
f 3237 3241 3235
f 3245 3239 3240
f 3245 3240 3246
f 3246 3240 3238
f 3246 3238 3244
f 3242 3248 3249
f 3242 3249 3243
f 3243 3249 3247
f 3243 3247 3241
f 3251 3245 3246
f 3251 3246 3252
f 3252 3246 3244
f 3252 3244 3250
f 3248 3254 3255
f 3248 3255 3249
f 3249 3255 3253
f 3249 3253 3247
f 3257 3251 3252
f 3257 3252 3258
f 3258 3252 3250
f 3258 3250 3256
f 3254 3260 3261
f 3254 3261 3255
f 3255 3261 3259
f 3255 3259 3253
f 3263 3257 3258
f 3263 3258 3264
f 3264 3258 3256
f 3264 3256 3262
f 3260 3266 3267
f 3260 3267 3261
f 3261 3267 3265
f 3261 3265 3259
f 3269 3263 3264
f 3269 3264 3270
f 3270 3264 3262
f 3270 3262 3268
f 3266 3272 3273
f 3266 3273 3267
f 3267 3273 3271
f 3267 3271 3265
f 3275 3269 3270
f 3275 3270 3276
f 3276 3270 3268
f 3276 3268 3274
f 3272 3278 3279
f 3272 3279 3273
f 3273 3279 3277
f 3273 3277 3271
f 3281 3275 3276
f 3281 3276 3282
f 3282 3276 3274
f 3282 3274 3280
f 3278 3284 3285
f 3278 3285 3279
f 3279 3285 3283
f 3279 3283 3277
f 3287 3281 3282
f 3287 3282 3288
f 3288 3282 3280
f 3288 3280 3286
f 3284 3290 3291
f 3284 3291 3285
f 3285 3291 3289
f 3285 3289 3283
f 3293 3287 3288
f 3293 3288 3294
f 3294 3288 3286
f 3294 3286 3292
f 3290 3296 3297
f 3290 3297 3291
f 3291 3297 3295
f 3291 3295 3289
f 3299 3293 3294
f 3299 3294 3300
f 3300 3294 3292
f 3300 3292 3298
f 3296 3302 3303
f 3296 3303 3297
f 3297 3303 3301
f 3297 3301 3295
f 3305 3299 3300
f 3305 3300 3306
f 3306 3300 3298
f 3306 3298 3304
f 3302 3308 3309
f 3302 3309 3303
f 3303 3309 3307
f 3303 3307 3301
f 3311 3305 3306
f 3311 3306 3312
f 3312 3306 3304
f 3312 3304 3310
f 3308 3314 3315
f 3308 3315 3309
f 3309 3315 3313
f 3309 3313 3307
f 3317 3311 3312
f 3317 3312 3318
f 3318 3312 3310
f 3318 3310 3316
f 3314 3320 3321
f 3314 3321 3315
f 3315 3321 3319
f 3315 3319 3313
f 3323 3317 3318
f 3323 3318 3324
f 3324 3318 3316
f 3324 3316 3322
f 3320 3326 3327
f 3320 3327 3321
f 3321 3327 3325
f 3321 3325 3319
f 3329 3323 3324
f 3329 3324 3330
f 3330 3324 3322
f 3330 3322 3328
f 3326 3332 3333
f 3326 3333 3327
f 3327 3333 3331
f 3327 3331 3325
f 3335 3329 3330
f 3335 3330 3336
f 3336 3330 3328
f 3336 3328 3334
f 3332 3338 3339
f 3332 3339 3333
f 3333 3339 3337
f 3333 3337 3331
f 3341 3335 3336
f 3341 3336 3342
f 3342 3336 3334
f 3342 3334 3340
f 3338 3344 3345
f 3338 3345 3339
f 3339 3345 3343
f 3339 3343 3337
f 3347 3341 3342
f 3347 3342 3348
f 3348 3342 3340
f 3348 3340 3346
f 3344 3350 3351
f 3344 3351 3345
f 3345 3351 3349
f 3345 3349 3343
f 3353 3347 3348
f 3353 3348 3354
f 3354 3348 3346
f 3354 3346 3352
f 3350 3356 3357
f 3350 3357 3351
f 3351 3357 3355
f 3351 3355 3349
f 3359 3353 3354
f 3359 3354 3360
f 3360 3354 3352
f 3360 3352 3358
f 3356 3362 3363
f 3356 3363 3357
f 3357 3363 3361
f 3357 3361 3355
f 3365 3359 3360
f 3365 3360 3366
f 3366 3360 3358
f 3366 3358 3364
f 3362 3368 3369
f 3362 3369 3363
f 3363 3369 3367
f 3363 3367 3361
f 3371 3365 3366
f 3371 3366 3372
f 3372 3366 3364
f 3372 3364 3370
f 3368 3374 3375
f 3368 3375 3369
f 3369 3375 3373
f 3369 3373 3367
f 3377 3371 3372
f 3377 3372 3378
f 3378 3372 3370
f 3378 3370 3376
f 3374 3380 3381
f 3374 3381 3375
f 3375 3381 3379
f 3375 3379 3373
f 3383 3377 3378
f 3383 3378 3384
f 3384 3378 3376
f 3384 3376 3382
f 3380 3386 3387
f 3380 3387 3381
f 3381 3387 3385
f 3381 3385 3379
f 3389 3383 3384
f 3389 3384 3390
f 3390 3384 3382
f 3390 3382 3388
f 3386 3392 3393
f 3386 3393 3387
f 3387 3393 3391
f 3387 3391 3385
f 3395 3389 3390
f 3395 3390 3396
f 3396 3390 3388
f 3396 3388 3394
f 3392 3398 3399
f 3392 3399 3393
f 3393 3399 3397
f 3393 3397 3391
f 3401 3395 3396
f 3401 3396 3402
f 3402 3396 3394
f 3402 3394 3400
f 3398 3404 3405
f 3398 3405 3399
f 3399 3405 3403
f 3399 3403 3397
f 3407 3401 3402
f 3407 3402 3408
f 3408 3402 3400
f 3408 3400 3406
f 3404 3410 3411
f 3404 3411 3405
f 3405 3411 3409
f 3405 3409 3403
f 3413 3407 3408
f 3413 3408 3414
f 3414 3408 3406
f 3414 3406 3412
f 3410 3416 3417
f 3410 3417 3411
f 3411 3417 3415
f 3411 3415 3409
f 3419 3413 3414
f 3419 3414 3420
f 3420 3414 3412
f 3420 3412 3418
f 3416 3422 3423
f 3416 3423 3417
f 3417 3423 3421
f 3417 3421 3415
f 3425 3419 3420
f 3425 3420 3426
f 3426 3420 3418
f 3426 3418 3424
f 3422 3428 3429
f 3422 3429 3423
f 3423 3429 3427
f 3423 3427 3421
f 3431 3425 3426
f 3431 3426 3432
f 3432 3426 3424
f 3432 3424 3430
f 3428 3434 3435
f 3428 3435 3429
f 3429 3435 3433
f 3429 3433 3427
f 3437 3431 3432
f 3437 3432 3438
f 3438 3432 3430
f 3438 3430 3436
f 3434 3440 3441
f 3434 3441 3435
f 3435 3441 3439
f 3435 3439 3433
f 3443 3437 3438
f 3443 3438 3444
f 3444 3438 3436
f 3444 3436 3442
f 3440 3446 3447
f 3440 3447 3441
f 3441 3447 3445
f 3441 3445 3439
f 3449 3443 3444
f 3449 3444 3450
f 3450 3444 3442
f 3450 3442 3448
f 3446 3452 3453
f 3446 3453 3447
f 3447 3453 3451
f 3447 3451 3445
f 3455 3449 3450
f 3455 3450 3456
f 3456 3450 3448
f 3456 3448 3454
f 3452 3170 3171
f 3452 3171 3453
f 3453 3171 3169
f 3453 3169 3451
f 3173 3455 3456
f 3173 3456 3174
f 3174 3456 3454
f 3174 3454 3172
f 3451 3169 3175
f 3175 3181 3187
f 3187 3193 3199
f 3199 3205 3211
f 3211 3217 3223
f 3223 3229 3235
f 3235 3241 3247
f 3247 3253 3259
f 3259 3265 3271
f 3271 3277 3283
f 3283 3289 3295
f 3295 3301 3307
f 3307 3313 3319
f 3319 3325 3331
f 3331 3337 3343
f 3343 3349 3355
f 3355 3361 3367
f 3367 3373 3379
f 3379 3385 3391
f 3391 3397 3403
f 3403 3409 3415
f 3415 3421 3427
f 3427 3433 3439
f 3439 3445 3451
f 3451 3175 3187
f 3187 3199 3211
f 3211 3223 3235
f 3235 3247 3259
f 3259 3271 3283
f 3283 3295 3307
f 3307 3319 3331
f 3331 3343 3355
f 3355 3367 3379
f 3379 3391 3403
f 3403 3415 3427
f 3427 3439 3451
f 3451 3187 3211
f 3211 3235 3259
f 3259 3283 3307
f 3307 3331 3355
f 3355 3379 3403
f 3403 3427 3451
f 3451 3211 3259
f 3259 3307 3355
f 3355 3403 3451
f 3259 3355 3451
f 3170 3173 3179
f 3170 3179 3176
f 3452 3455 3173
f 3452 3173 3170
f 3184 3178 3172
f 3172 3454 3448
f 3448 3442 3436
f 3436 3430 3424
f 3424 3418 3412
f 3412 3406 3400
f 3400 3394 3388
f 3388 3382 3376
f 3376 3370 3364
f 3364 3358 3352
f 3352 3346 3340
f 3340 3334 3328
f 3328 3322 3316
f 3316 3310 3304
f 3304 3298 3292
f 3292 3286 3280
f 3280 3274 3268
f 3268 3262 3256
f 3256 3250 3244
f 3244 3238 3232
f 3232 3226 3220
f 3220 3214 3208
f 3208 3202 3196
f 3196 3190 3184
f 3184 3172 3448
f 3448 3436 3424
f 3424 3412 3400
f 3400 3388 3376
f 3376 3364 3352
f 3352 3340 3328
f 3328 3316 3304
f 3304 3292 3280
f 3280 3268 3256
f 3256 3244 3232
f 3232 3220 3208
f 3208 3196 3184
f 3184 3448 3424
f 3424 3400 3376
f 3376 3352 3328
f 3328 3304 3280
f 3280 3256 3232
f 3232 3208 3184
f 3184 3424 3376
f 3376 3328 3280
f 3280 3232 3184
f 3376 3280 3184
f 3176 3179 3185
f 3176 3185 3182
f 3182 3185 3191
f 3182 3191 3188
f 3188 3191 3197
f 3188 3197 3194
f 3194 3197 3203
f 3194 3203 3200
f 3200 3203 3209
f 3200 3209 3206
f 3206 3209 3215
f 3206 3215 3212
f 3212 3215 3221
f 3212 3221 3218
f 3218 3221 3227
f 3218 3227 3224
f 3224 3227 3233
f 3224 3233 3230
f 3230 3233 3239
f 3230 3239 3236
f 3236 3239 3245
f 3236 3245 3242
f 3242 3245 3251
f 3242 3251 3248
f 3248 3251 3257
f 3248 3257 3254
f 3254 3257 3263
f 3254 3263 3260
f 3260 3263 3269
f 3260 3269 3266
f 3266 3269 3275
f 3266 3275 3272
f 3272 3275 3281
f 3272 3281 3278
f 3278 3281 3287
f 3278 3287 3284
f 3284 3287 3293
f 3284 3293 3290
f 3290 3293 3299
f 3290 3299 3296
f 3296 3299 3305
f 3296 3305 3302
f 3302 3305 3311
f 3302 3311 3308
f 3308 3311 3317
f 3308 3317 3314
f 3314 3317 3323
f 3314 3323 3320
f 3320 3323 3329
f 3320 3329 3326
f 3326 3329 3335
f 3326 3335 3332
f 3332 3335 3341
f 3332 3341 3338
f 3338 3341 3347
f 3338 3347 3344
f 3344 3347 3353
f 3344 3353 3350
f 3350 3353 3359
f 3350 3359 3356
f 3356 3359 3365
f 3356 3365 3362
f 3362 3365 3371
f 3362 3371 3368
f 3368 3371 3377
f 3368 3377 3374
f 3374 3377 3383
f 3374 3383 3380
f 3380 3383 3389
f 3380 3389 3386
f 3386 3389 3395
f 3386 3395 3392
f 3392 3395 3401
f 3392 3401 3398
f 3398 3401 3407
f 3398 3407 3404
f 3404 3407 3413
f 3404 3413 3410
f 3410 3413 3419
f 3410 3419 3416
f 3416 3419 3425
f 3416 3425 3422
f 3422 3425 3431
f 3422 3431 3428
f 3428 3431 3437
f 3428 3437 3434
f 3434 3437 3443
f 3434 3443 3440
f 3440 3443 3449
f 3440 3449 3446
f 3446 3449 3455
f 3446 3455 3452
