# Frozen M4 display cutaway. World coordinates: Z up, metres.
v 25.1499996 18.361982 0.0250000004
v 25.1499996 18.3699992 0.0329999998
v 25.1499996 18.367651 0.0273431446
v 25.1499996 18.361982 0.084999999
v 25.1499996 18.3699992 0.0769999996
v 25.1499996 18.367651 0.0826568548
v 25.1802794 18.3599974 0.0250000004
v 25.1813259 18.3679459 0.0329999998
v 25.1810194 18.3656179 0.0273431446
v 25.1802794 18.3599974 0.084999999
v 25.1813259 18.3679459 0.0769999996
v 25.1810194 18.3656179 0.0826568548
v 25.2100412 18.3540774 0.0250000004
v 25.2121162 18.3618214 0.0329999998
v 25.2115084 18.3595532 0.0273431446
v 25.2100412 18.3540774 0.084999999
v 25.2121162 18.3618214 0.0769999996
v 25.2115084 18.3595532 0.0826568548
v 25.2387756 18.3443234 0.0250000004
v 25.2418436 18.3517302 0.0329999998
v 25.240945 18.3495608 0.0273431446
v 25.2387756 18.3443234 0.084999999
v 25.2418436 18.3517302 0.0769999996
v 25.240945 18.3495608 0.0826568548
v 25.265991 18.3309022 0.0250000004
v 25.2699996 18.3378453 0.0329999998
v 25.2688255 18.3358117 0.0273431446
v 25.265991 18.3309022 0.084999999
v 25.2699996 18.3378453 0.0769999996
v 25.2688255 18.3358117 0.0826568548
v 25.2912218 18.3140435 0.0250000004
v 25.2961024 18.3204039 0.0329999998
v 25.2946729 18.318541 0.0273431446
v 25.2912218 18.3140435 0.084999999
v 25.2961024 18.3204039 0.0769999996
v 25.2946729 18.318541 0.0826568548
v 25.3140362 18.2940358 0.0250000004
v 25.3197052 18.2997048 0.0329999998
v 25.3180448 18.2980444 0.0273431446
v 25.3140362 18.2940358 0.084999999
v 25.3197052 18.2997048 0.0769999996
v 25.3180448 18.2980444 0.0826568548
v 25.3340439 18.2712214 0.0250000004
v 25.3404044 18.2761019 0.0329999998
v 25.3385415 18.2746724 0.0273431446
v 25.3340439 18.2712214 0.084999999
v 25.3404044 18.2761019 0.0769999996
v 25.3385415 18.2746724 0.0826568548
v 25.3509026 18.2459906 0.0250000004
v 25.3578457 18.2499992 0.0329999998
v 25.3558121 18.2488251 0.0273431446
v 25.3509026 18.2459906 0.084999999
v 25.3578457 18.2499992 0.0769999996
v 25.3558121 18.2488251 0.0826568548
v 25.3643238 18.2187751 0.0250000004
v 25.3717307 18.2218432 0.0329999998
v 25.3695613 18.2209446 0.0273431446
v 25.3643238 18.2187751 0.084999999
v 25.3717307 18.2218432 0.0769999996
v 25.3695613 18.2209446 0.0826568548
v 25.3740778 18.1900408 0.0250000004
v 25.3818218 18.1921157 0.0329999998
v 25.3795536 18.191508 0.0273431446
v 25.3740778 18.1900408 0.084999999
v 25.3818218 18.1921157 0.0769999996
v 25.3795536 18.191508 0.0826568548
v 25.3799978 18.160279 0.0250000004
v 25.3879464 18.1613254 0.0329999998
v 25.3856183 18.1610189 0.0273431446
v 25.3799978 18.160279 0.084999999
v 25.3879464 18.1613254 0.0769999996
v 25.3856183 18.1610189 0.0826568548
v 25.3819825 18.1299992 0.0250000004
v 25.3899996 18.1299992 0.0329999998
v 25.3876514 18.1299992 0.0273431446
v 25.3819825 18.1299992 0.084999999
v 25.3899996 18.1299992 0.0769999996
v 25.3876514 18.1299992 0.0826568548
v 25.3799978 18.0997194 0.0250000004
v 25.3879464 18.0986729 0.0329999998
v 25.3856183 18.0989794 0.0273431446
v 25.3799978 18.0997194 0.084999999
v 25.3879464 18.0986729 0.0769999996
v 25.3856183 18.0989794 0.0826568548
v 25.3740778 18.0699576 0.0250000004
v 25.3818218 18.0678826 0.0329999998
v 25.3795536 18.0684903 0.0273431446
v 25.3740778 18.0699576 0.084999999
v 25.3818218 18.0678826 0.0769999996
v 25.3795536 18.0684903 0.0826568548
v 25.3643238 18.0412232 0.0250000004
v 25.3717307 18.0381551 0.0329999998
v 25.3695613 18.0390537 0.0273431446
v 25.3643238 18.0412232 0.084999999
v 25.3717307 18.0381551 0.0769999996
v 25.3695613 18.0390537 0.0826568548
v 25.3509026 18.0140077 0.0250000004
v 25.3578457 18.0099992 0.0329999998
v 25.3558121 18.0111732 0.0273431446
v 25.3509026 18.0140077 0.084999999
v 25.3578457 18.0099992 0.0769999996
v 25.3558121 18.0111732 0.0826568548
v 25.3340439 17.988777 0.0250000004
v 25.3404044 17.9838964 0.0329999998
v 25.3385415 17.9853259 0.0273431446
v 25.3340439 17.988777 0.084999999
v 25.3404044 17.9838964 0.0769999996
v 25.3385415 17.9853259 0.0826568548
v 25.3140362 17.9659625 0.0250000004
v 25.3197052 17.9602935 0.0329999998
v 25.3180448 17.961954 0.0273431446
v 25.3140362 17.9659625 0.084999999
v 25.3197052 17.9602935 0.0769999996
v 25.3180448 17.961954 0.0826568548
v 25.2912218 17.9459548 0.0250000004
v 25.2961024 17.9395944 0.0329999998
v 25.2946729 17.9414573 0.0273431446
v 25.2912218 17.9459548 0.084999999
v 25.2961024 17.9395944 0.0769999996
v 25.2946729 17.9414573 0.0826568548
v 25.265991 17.9290961 0.0250000004
v 25.2699996 17.9221531 0.0329999998
v 25.2688255 17.9241866 0.0273431446
v 25.265991 17.9290961 0.084999999
v 25.2699996 17.9221531 0.0769999996
v 25.2688255 17.9241866 0.0826568548
v 25.2387756 17.915675 0.0250000004
v 25.2418436 17.9082681 0.0329999998
v 25.240945 17.9104375 0.0273431446
v 25.2387756 17.915675 0.084999999
v 25.2418436 17.9082681 0.0769999996
v 25.240945 17.9104375 0.0826568548
v 25.2100412 17.905921 0.0250000004
v 25.2121162 17.898177 0.0329999998
v 25.2115084 17.9004451 0.0273431446
v 25.2100412 17.905921 0.084999999
v 25.2121162 17.898177 0.0769999996
v 25.2115084 17.9004451 0.0826568548
v 25.1802794 17.900001 0.0250000004
v 25.1813259 17.8920524 0.0329999998
v 25.1810194 17.8943805 0.0273431446
v 25.1802794 17.900001 0.084999999
v 25.1813259 17.8920524 0.0769999996
v 25.1810194 17.8943805 0.0826568548
v 25.1499996 17.8980163 0.0250000004
v 25.1499996 17.8899992 0.0329999998
v 25.1499996 17.8923473 0.0273431446
v 25.1499996 17.8980163 0.084999999
v 25.1499996 17.8899992 0.0769999996
v 25.1499996 17.8923473 0.0826568548
v 25.1197198 17.900001 0.0250000004
v 25.1186733 17.8920524 0.0329999998
v 25.1189798 17.8943805 0.0273431446
v 25.1197198 17.900001 0.084999999
v 25.1186733 17.8920524 0.0769999996
v 25.1189798 17.8943805 0.0826568548
v 25.089958 17.905921 0.0250000004
v 25.087883 17.898177 0.0329999998
v 25.0884908 17.9004451 0.0273431446
v 25.089958 17.905921 0.084999999
v 25.087883 17.898177 0.0769999996
v 25.0884908 17.9004451 0.0826568548
v 25.0612237 17.915675 0.0250000004
v 25.0581556 17.9082681 0.0329999998
v 25.0590542 17.9104375 0.0273431446
v 25.0612237 17.915675 0.084999999
v 25.0581556 17.9082681 0.0769999996
v 25.0590542 17.9104375 0.0826568548
v 25.0340082 17.9290961 0.0250000004
v 25.0299996 17.9221531 0.0329999998
v 25.0311737 17.9241866 0.0273431446
v 25.0340082 17.9290961 0.084999999
v 25.0299996 17.9221531 0.0769999996
v 25.0311737 17.9241866 0.0826568548
v 25.0087774 17.9459548 0.0250000004
v 25.0038969 17.9395944 0.0329999998
v 25.0053263 17.9414573 0.0273431446
v 25.0087774 17.9459548 0.084999999
v 25.0038969 17.9395944 0.0769999996
v 25.0053263 17.9414573 0.0826568548
v 24.985963 17.9659625 0.0250000004
v 24.980294 17.9602935 0.0329999998
v 24.9819544 17.961954 0.0273431446
v 24.985963 17.9659625 0.084999999
v 24.980294 17.9602935 0.0769999996
v 24.9819544 17.961954 0.0826568548
v 24.9659553 17.988777 0.0250000004
v 24.9595948 17.9838964 0.0329999998
v 24.9614578 17.9853259 0.0273431446
v 24.9659553 17.988777 0.084999999
v 24.9595948 17.9838964 0.0769999996
v 24.9614578 17.9853259 0.0826568548
v 24.9490966 18.0140077 0.0250000004
v 24.9421535 18.0099992 0.0329999998
v 24.9441871 18.0111732 0.0273431446
v 24.9490966 18.0140077 0.084999999
v 24.9421535 18.0099992 0.0769999996
v 24.9441871 18.0111732 0.0826568548
v 24.9356754 18.0412232 0.0250000004
v 24.9282685 18.0381551 0.0329999998
v 24.930438 18.0390537 0.0273431446
v 24.9356754 18.0412232 0.084999999
v 24.9282685 18.0381551 0.0769999996
v 24.930438 18.0390537 0.0826568548
v 24.9259214 18.0699576 0.0250000004
v 24.9181774 18.0678826 0.0329999998
v 24.9204456 18.0684903 0.0273431446
v 24.9259214 18.0699576 0.084999999
v 24.9181774 18.0678826 0.0769999996
v 24.9204456 18.0684903 0.0826568548
v 24.9200014 18.0997194 0.0250000004
v 24.9120529 18.0986729 0.0329999998
v 24.9143809 18.0989794 0.0273431446
v 24.9200014 18.0997194 0.084999999
v 24.9120529 18.0986729 0.0769999996
v 24.9143809 18.0989794 0.0826568548
v 24.9180168 18.1299992 0.0250000004
v 24.9099996 18.1299992 0.0329999998
v 24.9123478 18.1299992 0.0273431446
v 24.9180168 18.1299992 0.084999999
v 24.9099996 18.1299992 0.0769999996
v 24.9123478 18.1299992 0.0826568548
v 24.9200014 18.160279 0.0250000004
v 24.9120529 18.1613254 0.0329999998
v 24.9143809 18.1610189 0.0273431446
v 24.9200014 18.160279 0.084999999
v 24.9120529 18.1613254 0.0769999996
v 24.9143809 18.1610189 0.0826568548
v 24.9259214 18.1900408 0.0250000004
v 24.9181774 18.1921157 0.0329999998
v 24.9204456 18.191508 0.0273431446
v 24.9259214 18.1900408 0.084999999
v 24.9181774 18.1921157 0.0769999996
v 24.9204456 18.191508 0.0826568548
v 24.9356754 18.2187751 0.0250000004
v 24.9282685 18.2218432 0.0329999998
v 24.930438 18.2209446 0.0273431446
v 24.9356754 18.2187751 0.084999999
v 24.9282685 18.2218432 0.0769999996
v 24.930438 18.2209446 0.0826568548
v 24.9490966 18.2459906 0.0250000004
v 24.9421535 18.2499992 0.0329999998
v 24.9441871 18.2488251 0.0273431446
v 24.9490966 18.2459906 0.084999999
v 24.9421535 18.2499992 0.0769999996
v 24.9441871 18.2488251 0.0826568548
v 24.9659553 18.2712214 0.0250000004
v 24.9595948 18.2761019 0.0329999998
v 24.9614578 18.2746724 0.0273431446
v 24.9659553 18.2712214 0.084999999
v 24.9595948 18.2761019 0.0769999996
v 24.9614578 18.2746724 0.0826568548
v 24.985963 18.2940358 0.0250000004
v 24.980294 18.2997048 0.0329999998
v 24.9819544 18.2980444 0.0273431446
v 24.985963 18.2940358 0.084999999
v 24.980294 18.2997048 0.0769999996
v 24.9819544 18.2980444 0.0826568548
v 25.0087774 18.3140435 0.0250000004
v 25.0038969 18.3204039 0.0329999998
v 25.0053263 18.318541 0.0273431446
v 25.0087774 18.3140435 0.084999999
v 25.0038969 18.3204039 0.0769999996
v 25.0053263 18.318541 0.0826568548
v 25.0340082 18.3309022 0.0250000004
v 25.0299996 18.3378453 0.0329999998
v 25.0311737 18.3358117 0.0273431446
v 25.0340082 18.3309022 0.084999999
v 25.0299996 18.3378453 0.0769999996
v 25.0311737 18.3358117 0.0826568548
v 25.0612237 18.3443234 0.0250000004
v 25.0581556 18.3517302 0.0329999998
v 25.0590542 18.3495608 0.0273431446
v 25.0612237 18.3443234 0.084999999
v 25.0581556 18.3517302 0.0769999996
v 25.0590542 18.3495608 0.0826568548
v 25.089958 18.3540774 0.0250000004
v 25.087883 18.3618214 0.0329999998
v 25.0884908 18.3595532 0.0273431446
v 25.089958 18.3540774 0.084999999
v 25.087883 18.3618214 0.0769999996
v 25.0884908 18.3595532 0.0826568548
v 25.1197198 18.3599974 0.0250000004
v 25.1186733 18.3679459 0.0329999998
v 25.1189798 18.3656179 0.0273431446
v 25.1197198 18.3599974 0.084999999
v 25.1186733 18.3679459 0.0769999996
v 25.1189798 18.3656179 0.0826568548
v 25.1499996 18.146982 0.0600000024
v 25.1499996 18.1549992 0.0680000186
v 25.1499996 18.152651 0.0623431802
v 25.1499996 18.146982 1.66000003
v 25.1499996 18.1549992 1.65200001
v 25.1499996 18.152651 1.65765685
v 25.1522163 18.1468367 0.0600000024
v 25.1532628 18.1547853 0.0680000186
v 25.1529563 18.1524572 0.0623431802
v 25.1522163 18.1468367 1.66000003
v 25.1532628 18.1547853 1.65200001
v 25.1529563 18.1524572 1.65765685
v 25.1543951 18.1464033 0.0600000024
v 25.1564701 18.1541473 0.0680000186
v 25.1558623 18.1518791 0.0623431802
v 25.1543951 18.1464033 1.66000003
v 25.1564701 18.1541473 1.65200001
v 25.1558623 18.1518791 1.65765685
v 25.1564987 18.1456893 0.0600000024
v 25.1595667 18.1530961 0.0680000186
v 25.1586681 18.1509267 0.0623431802
v 25.1564987 18.1456893 1.66000003
v 25.1595667 18.1530961 1.65200001
v 25.1586681 18.1509267 1.65765685
v 25.158491 18.1447067 0.0600000024
v 25.1624996 18.1516498 0.0680000186
v 25.1613255 18.1496162 0.0623431802
v 25.158491 18.1447067 1.66000003
v 25.1624996 18.1516498 1.65200001
v 25.1613255 18.1496162 1.65765685
v 25.1603381 18.1434725 0.0600000024
v 25.1652187 18.149833 0.0680000186
v 25.1637892 18.1479701 0.0623431802
v 25.1603381 18.1434725 1.66000003
v 25.1652187 18.149833 1.65200001
v 25.1637892 18.1479701 1.65765685
v 25.1620083 18.1420078 0.0600000024
v 25.1676773 18.1476768 0.0680000186
v 25.1660169 18.1460164 0.0623431802
v 25.1620083 18.1420078 1.66000003
v 25.1676773 18.1476768 1.65200001
v 25.1660169 18.1460164 1.65765685
v 25.163473 18.1403377 0.0600000024
v 25.1698335 18.1452182 0.0680000186
v 25.1679705 18.1437887 0.0623431802
v 25.163473 18.1403377 1.66000003
v 25.1698335 18.1452182 1.65200001
v 25.1679705 18.1437887 1.65765685
v 25.1647072 18.1384906 0.0600000024
v 25.1716503 18.1424992 0.0680000186
v 25.1696167 18.1413251 0.0623431802
v 25.1647072 18.1384906 1.66000003
v 25.1716503 18.1424992 1.65200001
v 25.1696167 18.1413251 1.65765685
v 25.1656897 18.1364982 0.0600000024
v 25.1730966 18.1395662 0.0680000186
v 25.1709272 18.1386676 0.0623431802
v 25.1656897 18.1364982 1.66000003
v 25.1730966 18.1395662 1.65200001
v 25.1709272 18.1386676 1.65765685
v 25.1664038 18.1343946 0.0600000024
v 25.1741478 18.1364696 0.0680000186
v 25.1718796 18.1358619 0.0623431802
v 25.1664038 18.1343946 1.66000003
v 25.1741478 18.1364696 1.65200001
v 25.1718796 18.1358619 1.65765685
v 25.1668372 18.1322159 0.0600000024
v 25.1747857 18.1332623 0.0680000186
v 25.1724577 18.1329558 0.0623431802
v 25.1668372 18.1322159 1.66000003
v 25.1747857 18.1332623 1.65200001
v 25.1724577 18.1329558 1.65765685
v 25.1669825 18.1299992 0.0600000024
v 25.1749996 18.1299992 0.0680000186
v 25.1726514 18.1299992 0.0623431802
v 25.1669825 18.1299992 1.66000003
v 25.1749996 18.1299992 1.65200001
v 25.1726514 18.1299992 1.65765685
v 25.1668372 18.1277824 0.0600000024
v 25.1747857 18.126736 0.0680000186
v 25.1724577 18.1270425 0.0623431802
v 25.1668372 18.1277824 1.66000003
v 25.1747857 18.126736 1.65200001
v 25.1724577 18.1270425 1.65765685
v 25.1664038 18.1256037 0.0600000024
v 25.1741478 18.1235287 0.0680000186
v 25.1718796 18.1241364 0.0623431802
v 25.1664038 18.1256037 1.66000003
v 25.1741478 18.1235287 1.65200001
v 25.1718796 18.1241364 1.65765685
v 25.1656897 18.1235001 0.0600000024
v 25.1730966 18.1204321 0.0680000186
v 25.1709272 18.1213307 0.0623431802
v 25.1656897 18.1235001 1.66000003
v 25.1730966 18.1204321 1.65200001
v 25.1709272 18.1213307 1.65765685
v 25.1647072 18.1215077 0.0600000024
v 25.1716503 18.1174992 0.0680000186
v 25.1696167 18.1186732 0.0623431802
v 25.1647072 18.1215077 1.66000003
v 25.1716503 18.1174992 1.65200001
v 25.1696167 18.1186732 1.65765685
v 25.163473 18.1196607 0.0600000024
v 25.1698335 18.1147801 0.0680000186
v 25.1679705 18.1162096 0.0623431802
v 25.163473 18.1196607 1.66000003
v 25.1698335 18.1147801 1.65200001
v 25.1679705 18.1162096 1.65765685
v 25.1620083 18.1179905 0.0600000024
v 25.1676773 18.1123215 0.0680000186
v 25.1660169 18.1139819 0.0623431802
v 25.1620083 18.1179905 1.66000003
v 25.1676773 18.1123215 1.65200001
v 25.1660169 18.1139819 1.65765685
v 25.1603381 18.1165258 0.0600000024
v 25.1652187 18.1101653 0.0680000186
v 25.1637892 18.1120283 0.0623431802
v 25.1603381 18.1165258 1.66000003
v 25.1652187 18.1101653 1.65200001
v 25.1637892 18.1120283 1.65765685
v 25.158491 18.1152916 0.0600000024
v 25.1624996 18.1083485 0.0680000186
v 25.1613255 18.1103821 0.0623431802
v 25.158491 18.1152916 1.66000003
v 25.1624996 18.1083485 1.65200001
v 25.1613255 18.1103821 1.65765685
v 25.1564987 18.1143091 0.0600000024
v 25.1595667 18.1069022 0.0680000186
v 25.1586681 18.1090716 0.0623431802
v 25.1564987 18.1143091 1.66000003
v 25.1595667 18.1069022 1.65200001
v 25.1586681 18.1090716 1.65765685
v 25.1543951 18.113595 0.0600000024
v 25.1564701 18.105851 0.0680000186
v 25.1558623 18.1081192 0.0623431802
v 25.1543951 18.113595 1.66000003
v 25.1564701 18.105851 1.65200001
v 25.1558623 18.1081192 1.65765685
v 25.1522163 18.1131616 0.0600000024
v 25.1532628 18.105213 0.0680000186
v 25.1529563 18.1075411 0.0623431802
v 25.1522163 18.1131616 1.66000003
v 25.1532628 18.105213 1.65200001
v 25.1529563 18.1075411 1.65765685
v 25.1499996 18.1130163 0.0600000024
v 25.1499996 18.1049992 0.0680000186
v 25.1499996 18.1073473 0.0623431802
v 25.1499996 18.1130163 1.66000003
v 25.1499996 18.1049992 1.65200001
v 25.1499996 18.1073473 1.65765685
v 25.1477829 18.1131616 0.0600000024
v 25.1467365 18.105213 0.0680000186
v 25.147043 18.1075411 0.0623431802
v 25.1477829 18.1131616 1.66000003
v 25.1467365 18.105213 1.65200001
v 25.147043 18.1075411 1.65765685
v 25.1456041 18.113595 0.0600000024
v 25.1435291 18.105851 0.0680000186
v 25.1441369 18.1081192 0.0623431802
v 25.1456041 18.113595 1.66000003
v 25.1435291 18.105851 1.65200001
v 25.1441369 18.1081192 1.65765685
v 25.1435006 18.1143091 0.0600000024
v 25.1404325 18.1069022 0.0680000186
v 25.1413311 18.1090716 0.0623431802
v 25.1435006 18.1143091 1.66000003
v 25.1404325 18.1069022 1.65200001
v 25.1413311 18.1090716 1.65765685
v 25.1415082 18.1152916 0.0600000024
v 25.1374996 18.1083485 0.0680000186
v 25.1386737 18.1103821 0.0623431802
v 25.1415082 18.1152916 1.66000003
v 25.1374996 18.1083485 1.65200001
v 25.1386737 18.1103821 1.65765685
v 25.1396611 18.1165258 0.0600000024
v 25.1347806 18.1101653 0.0680000186
v 25.1362101 18.1120283 0.0623431802
v 25.1396611 18.1165258 1.66000003
v 25.1347806 18.1101653 1.65200001
v 25.1362101 18.1120283 1.65765685
v 25.1379909 18.1179905 0.0600000024
v 25.1323219 18.1123215 0.0680000186
v 25.1339824 18.1139819 0.0623431802
v 25.1379909 18.1179905 1.66000003
v 25.1323219 18.1123215 1.65200001
v 25.1339824 18.1139819 1.65765685
v 25.1365262 18.1196607 0.0600000024
v 25.1301658 18.1147801 0.0680000186
v 25.1320287 18.1162096 0.0623431802
v 25.1365262 18.1196607 1.66000003
v 25.1301658 18.1147801 1.65200001
v 25.1320287 18.1162096 1.65765685
v 25.1352921 18.1215077 0.0600000024
v 25.128349 18.1174992 0.0680000186
v 25.1303826 18.1186732 0.0623431802
v 25.1352921 18.1215077 1.66000003
v 25.128349 18.1174992 1.65200001
v 25.1303826 18.1186732 1.65765685
v 25.1343095 18.1235001 0.0600000024
v 25.1269026 18.1204321 0.0680000186
v 25.1290721 18.1213307 0.0623431802
v 25.1343095 18.1235001 1.66000003
v 25.1269026 18.1204321 1.65200001
v 25.1290721 18.1213307 1.65765685
v 25.1335955 18.1256037 0.0600000024
v 25.1258515 18.1235287 0.0680000186
v 25.1281196 18.1241364 0.0623431802
v 25.1335955 18.1256037 1.66000003
v 25.1258515 18.1235287 1.65200001
v 25.1281196 18.1241364 1.65765685
v 25.1331621 18.1277824 0.0600000024
v 25.1252135 18.126736 0.0680000186
v 25.1275416 18.1270425 0.0623431802
v 25.1331621 18.1277824 1.66000003
v 25.1252135 18.126736 1.65200001
v 25.1275416 18.1270425 1.65765685
v 25.1330168 18.1299992 0.0600000024
v 25.1249996 18.1299992 0.0680000186
v 25.1273478 18.1299992 0.0623431802
v 25.1330168 18.1299992 1.66000003
v 25.1249996 18.1299992 1.65200001
v 25.1273478 18.1299992 1.65765685
v 25.1331621 18.1322159 0.0600000024
v 25.1252135 18.1332623 0.0680000186
v 25.1275416 18.1329558 0.0623431802
v 25.1331621 18.1322159 1.66000003
v 25.1252135 18.1332623 1.65200001
v 25.1275416 18.1329558 1.65765685
v 25.1335955 18.1343946 0.0600000024
v 25.1258515 18.1364696 0.0680000186
v 25.1281196 18.1358619 0.0623431802
v 25.1335955 18.1343946 1.66000003
v 25.1258515 18.1364696 1.65200001
v 25.1281196 18.1358619 1.65765685
v 25.1343095 18.1364982 0.0600000024
v 25.1269026 18.1395662 0.0680000186
v 25.1290721 18.1386676 0.0623431802
v 25.1343095 18.1364982 1.66000003
v 25.1269026 18.1395662 1.65200001
v 25.1290721 18.1386676 1.65765685
v 25.1352921 18.1384906 0.0600000024
v 25.128349 18.1424992 0.0680000186
v 25.1303826 18.1413251 0.0623431802
v 25.1352921 18.1384906 1.66000003
v 25.128349 18.1424992 1.65200001
v 25.1303826 18.1413251 1.65765685
v 25.1365262 18.1403377 0.0600000024
v 25.1301658 18.1452182 0.0680000186
v 25.1320287 18.1437887 0.0623431802
v 25.1365262 18.1403377 1.66000003
v 25.1301658 18.1452182 1.65200001
v 25.1320287 18.1437887 1.65765685
v 25.1379909 18.1420078 0.0600000024
v 25.1323219 18.1476768 0.0680000186
v 25.1339824 18.1460164 0.0623431802
v 25.1379909 18.1420078 1.66000003
v 25.1323219 18.1476768 1.65200001
v 25.1339824 18.1460164 1.65765685
v 25.1396611 18.1434725 0.0600000024
v 25.1347806 18.149833 0.0680000186
v 25.1362101 18.1479701 0.0623431802
v 25.1396611 18.1434725 1.66000003
v 25.1347806 18.149833 1.65200001
v 25.1362101 18.1479701 1.65765685
v 25.1415082 18.1447067 0.0600000024
v 25.1374996 18.1516498 0.0680000186
v 25.1386737 18.1496162 0.0623431802
v 25.1415082 18.1447067 1.66000003
v 25.1374996 18.1516498 1.65200001
v 25.1386737 18.1496162 1.65765685
v 25.1435006 18.1456893 0.0600000024
v 25.1404325 18.1530961 0.0680000186
v 25.1413311 18.1509267 0.0623431802
v 25.1435006 18.1456893 1.66000003
v 25.1404325 18.1530961 1.65200001
v 25.1413311 18.1509267 1.65765685
v 25.1456041 18.1464033 0.0600000024
v 25.1435291 18.1541473 0.0680000186
v 25.1441369 18.1518791 0.0623431802
v 25.1456041 18.1464033 1.66000003
v 25.1435291 18.1541473 1.65200001
v 25.1441369 18.1518791 1.65765685
v 25.1477829 18.1468367 0.0600000024
v 25.1467365 18.1547853 0.0680000186
v 25.147043 18.1524572 0.0623431802
v 25.1477829 18.1468367 1.66000003
v 25.1467365 18.1547853 1.65200001
v 25.147043 18.1524572 1.65765685
v 18.7999992 18.0319821 0.0250000004
v 18.7999992 18.0399992 0.0329999998
v 18.7999992 18.0376511 0.0273431446
v 18.7999992 18.0319821 0.084999999
v 18.7999992 18.0399992 0.0769999996
v 18.7999992 18.0376511 0.0826568548
v 18.830279 18.0299974 0.0250000004
v 18.8313255 18.037946 0.0329999998
v 18.831019 18.0356179 0.0273431446
v 18.830279 18.0299974 0.084999999
v 18.8313255 18.037946 0.0769999996
v 18.831019 18.0356179 0.0826568548
v 18.8600408 18.0240774 0.0250000004
v 18.8621158 18.0318214 0.0329999998
v 18.8615081 18.0295533 0.0273431446
v 18.8600408 18.0240774 0.084999999
v 18.8621158 18.0318214 0.0769999996
v 18.8615081 18.0295533 0.0826568548
v 18.8887752 18.0143234 0.0250000004
v 18.8918433 18.0217303 0.0329999998
v 18.8909447 18.0195609 0.0273431446
v 18.8887752 18.0143234 0.084999999
v 18.8918433 18.0217303 0.0769999996
v 18.8909447 18.0195609 0.0826568548
v 18.9159907 18.0009023 0.0250000004
v 18.9199992 18.0078453 0.0329999998
v 18.9188251 18.0058118 0.0273431446
v 18.9159907 18.0009023 0.084999999
v 18.9199992 18.0078453 0.0769999996
v 18.9188251 18.0058118 0.0826568548
v 18.9412214 17.9840436 0.0250000004
v 18.946102 17.990404 0.0329999998
v 18.9446725 17.9885411 0.0273431446
v 18.9412214 17.9840436 0.084999999
v 18.946102 17.990404 0.0769999996
v 18.9446725 17.9885411 0.0826568548
v 18.9640359 17.9640359 0.0250000004
v 18.9697049 17.9697049 0.0329999998
v 18.9680444 17.9680444 0.0273431446
v 18.9640359 17.9640359 0.084999999
v 18.9697049 17.9697049 0.0769999996
v 18.9680444 17.9680444 0.0826568548
v 18.9840436 17.9412214 0.0250000004
v 18.990404 17.946102 0.0329999998
v 18.9885411 17.9446725 0.0273431446
v 18.9840436 17.9412214 0.084999999
v 18.990404 17.946102 0.0769999996
v 18.9885411 17.9446725 0.0826568548
v 19.0009023 17.9159907 0.0250000004
v 19.0078453 17.9199992 0.0329999998
v 19.0058118 17.9188251 0.0273431446
v 19.0009023 17.9159907 0.084999999
v 19.0078453 17.9199992 0.0769999996
v 19.0058118 17.9188251 0.0826568548
v 19.0143234 17.8887752 0.0250000004
v 19.0217303 17.8918433 0.0329999998
v 19.0195609 17.8909447 0.0273431446
v 19.0143234 17.8887752 0.084999999
v 19.0217303 17.8918433 0.0769999996
v 19.0195609 17.8909447 0.0826568548
v 19.0240774 17.8600408 0.0250000004
v 19.0318214 17.8621158 0.0329999998
v 19.0295533 17.8615081 0.0273431446
v 19.0240774 17.8600408 0.084999999
v 19.0318214 17.8621158 0.0769999996
v 19.0295533 17.8615081 0.0826568548
v 19.0299974 17.830279 0.0250000004
v 19.037946 17.8313255 0.0329999998
v 19.0356179 17.831019 0.0273431446
v 19.0299974 17.830279 0.084999999
v 19.037946 17.8313255 0.0769999996
v 19.0356179 17.831019 0.0826568548
v 19.0319821 17.7999992 0.0250000004
v 19.0399992 17.7999992 0.0329999998
v 19.0376511 17.7999992 0.0273431446
v 19.0319821 17.7999992 0.084999999
v 19.0399992 17.7999992 0.0769999996
v 19.0376511 17.7999992 0.0826568548
v 19.0299974 17.7697194 0.0250000004
v 19.037946 17.768673 0.0329999998
v 19.0356179 17.7689795 0.0273431446
v 19.0299974 17.7697194 0.084999999
v 19.037946 17.768673 0.0769999996
v 19.0356179 17.7689795 0.0826568548
v 19.0240774 17.7399576 0.0250000004
v 19.0318214 17.7378827 0.0329999998
v 19.0295533 17.7384904 0.0273431446
v 19.0240774 17.7399576 0.084999999
v 19.0318214 17.7378827 0.0769999996
v 19.0295533 17.7384904 0.0826568548
v 19.0143234 17.7112233 0.0250000004
v 19.0217303 17.7081552 0.0329999998
v 19.0195609 17.7090538 0.0273431446
v 19.0143234 17.7112233 0.084999999
v 19.0217303 17.7081552 0.0769999996
v 19.0195609 17.7090538 0.0826568548
v 19.0009023 17.6840078 0.0250000004
v 19.0078453 17.6799992 0.0329999998
v 19.0058118 17.6811733 0.0273431446
v 19.0009023 17.6840078 0.084999999
v 19.0078453 17.6799992 0.0769999996
v 19.0058118 17.6811733 0.0826568548
v 18.9840436 17.658777 0.0250000004
v 18.990404 17.6538965 0.0329999998
v 18.9885411 17.655326 0.0273431446
v 18.9840436 17.658777 0.084999999
v 18.990404 17.6538965 0.0769999996
v 18.9885411 17.655326 0.0826568548
v 18.9640359 17.6359626 0.0250000004
v 18.9697049 17.6302936 0.0329999998
v 18.9680444 17.631954 0.0273431446
v 18.9640359 17.6359626 0.084999999
v 18.9697049 17.6302936 0.0769999996
v 18.9680444 17.631954 0.0826568548
v 18.9412214 17.6159549 0.0250000004
v 18.946102 17.6095944 0.0329999998
v 18.9446725 17.6114574 0.0273431446
v 18.9412214 17.6159549 0.084999999
v 18.946102 17.6095944 0.0769999996
v 18.9446725 17.6114574 0.0826568548
v 18.9159907 17.5990962 0.0250000004
v 18.9199992 17.5921531 0.0329999998
v 18.9188251 17.5941867 0.0273431446
v 18.9159907 17.5990962 0.084999999
v 18.9199992 17.5921531 0.0769999996
v 18.9188251 17.5941867 0.0826568548
v 18.8887752 17.585675 0.0250000004
v 18.8918433 17.5782682 0.0329999998
v 18.8909447 17.5804376 0.0273431446
v 18.8887752 17.585675 0.084999999
v 18.8918433 17.5782682 0.0769999996
v 18.8909447 17.5804376 0.0826568548
v 18.8600408 17.575921 0.0250000004
v 18.8621158 17.568177 0.0329999998
v 18.8615081 17.5704452 0.0273431446
v 18.8600408 17.575921 0.084999999
v 18.8621158 17.568177 0.0769999996
v 18.8615081 17.5704452 0.0826568548
v 18.830279 17.570001 0.0250000004
v 18.8313255 17.5620525 0.0329999998
v 18.831019 17.5643805 0.0273431446
v 18.830279 17.570001 0.084999999
v 18.8313255 17.5620525 0.0769999996
v 18.831019 17.5643805 0.0826568548
v 18.7999992 17.5680164 0.0250000004
v 18.7999992 17.5599992 0.0329999998
v 18.7999992 17.5623474 0.0273431446
v 18.7999992 17.5680164 0.084999999
v 18.7999992 17.5599992 0.0769999996
v 18.7999992 17.5623474 0.0826568548
v 18.7697194 17.570001 0.0250000004
v 18.768673 17.5620525 0.0329999998
v 18.7689795 17.5643805 0.0273431446
v 18.7697194 17.570001 0.084999999
v 18.768673 17.5620525 0.0769999996
v 18.7689795 17.5643805 0.0826568548
v 18.7399576 17.575921 0.0250000004
v 18.7378827 17.568177 0.0329999998
v 18.7384904 17.5704452 0.0273431446
v 18.7399576 17.575921 0.084999999
v 18.7378827 17.568177 0.0769999996
v 18.7384904 17.5704452 0.0826568548
v 18.7112233 17.585675 0.0250000004
v 18.7081552 17.5782682 0.0329999998
v 18.7090538 17.5804376 0.0273431446
v 18.7112233 17.585675 0.084999999
v 18.7081552 17.5782682 0.0769999996
v 18.7090538 17.5804376 0.0826568548
v 18.6840078 17.5990962 0.0250000004
v 18.6799992 17.5921531 0.0329999998
v 18.6811733 17.5941867 0.0273431446
v 18.6840078 17.5990962 0.084999999
v 18.6799992 17.5921531 0.0769999996
v 18.6811733 17.5941867 0.0826568548
v 18.658777 17.6159549 0.0250000004
v 18.6538965 17.6095944 0.0329999998
v 18.655326 17.6114574 0.0273431446
v 18.658777 17.6159549 0.084999999
v 18.6538965 17.6095944 0.0769999996
v 18.655326 17.6114574 0.0826568548
v 18.6359626 17.6359626 0.0250000004
v 18.6302936 17.6302936 0.0329999998
v 18.631954 17.631954 0.0273431446
v 18.6359626 17.6359626 0.084999999
v 18.6302936 17.6302936 0.0769999996
v 18.631954 17.631954 0.0826568548
v 18.6159549 17.658777 0.0250000004
v 18.6095944 17.6538965 0.0329999998
v 18.6114574 17.655326 0.0273431446
v 18.6159549 17.658777 0.084999999
v 18.6095944 17.6538965 0.0769999996
v 18.6114574 17.655326 0.0826568548
v 18.5990962 17.6840078 0.0250000004
v 18.5921531 17.6799992 0.0329999998
v 18.5941867 17.6811733 0.0273431446
v 18.5990962 17.6840078 0.084999999
v 18.5921531 17.6799992 0.0769999996
v 18.5941867 17.6811733 0.0826568548
v 18.585675 17.7112233 0.0250000004
v 18.5782682 17.7081552 0.0329999998
v 18.5804376 17.7090538 0.0273431446
v 18.585675 17.7112233 0.084999999
v 18.5782682 17.7081552 0.0769999996
v 18.5804376 17.7090538 0.0826568548
v 18.575921 17.7399576 0.0250000004
v 18.568177 17.7378827 0.0329999998
v 18.5704452 17.7384904 0.0273431446
v 18.575921 17.7399576 0.084999999
v 18.568177 17.7378827 0.0769999996
v 18.5704452 17.7384904 0.0826568548
v 18.570001 17.7697194 0.0250000004
v 18.5620525 17.768673 0.0329999998
v 18.5643805 17.7689795 0.0273431446
v 18.570001 17.7697194 0.084999999
v 18.5620525 17.768673 0.0769999996
v 18.5643805 17.7689795 0.0826568548
v 18.5680164 17.7999992 0.0250000004
v 18.5599992 17.7999992 0.0329999998
v 18.5623474 17.7999992 0.0273431446
v 18.5680164 17.7999992 0.084999999
v 18.5599992 17.7999992 0.0769999996
v 18.5623474 17.7999992 0.0826568548
v 18.570001 17.830279 0.0250000004
v 18.5620525 17.8313255 0.0329999998
v 18.5643805 17.831019 0.0273431446
v 18.570001 17.830279 0.084999999
v 18.5620525 17.8313255 0.0769999996
v 18.5643805 17.831019 0.0826568548
v 18.575921 17.8600408 0.0250000004
v 18.568177 17.8621158 0.0329999998
v 18.5704452 17.8615081 0.0273431446
v 18.575921 17.8600408 0.084999999
v 18.568177 17.8621158 0.0769999996
v 18.5704452 17.8615081 0.0826568548
v 18.585675 17.8887752 0.0250000004
v 18.5782682 17.8918433 0.0329999998
v 18.5804376 17.8909447 0.0273431446
v 18.585675 17.8887752 0.084999999
v 18.5782682 17.8918433 0.0769999996
v 18.5804376 17.8909447 0.0826568548
v 18.5990962 17.9159907 0.0250000004
v 18.5921531 17.9199992 0.0329999998
v 18.5941867 17.9188251 0.0273431446
v 18.5990962 17.9159907 0.084999999
v 18.5921531 17.9199992 0.0769999996
v 18.5941867 17.9188251 0.0826568548
v 18.6159549 17.9412214 0.0250000004
v 18.6095944 17.946102 0.0329999998
v 18.6114574 17.9446725 0.0273431446
v 18.6159549 17.9412214 0.084999999
v 18.6095944 17.946102 0.0769999996
v 18.6114574 17.9446725 0.0826568548
v 18.6359626 17.9640359 0.0250000004
v 18.6302936 17.9697049 0.0329999998
v 18.631954 17.9680444 0.0273431446
v 18.6359626 17.9640359 0.084999999
v 18.6302936 17.9697049 0.0769999996
v 18.631954 17.9680444 0.0826568548
v 18.658777 17.9840436 0.0250000004
v 18.6538965 17.990404 0.0329999998
v 18.655326 17.9885411 0.0273431446
v 18.658777 17.9840436 0.084999999
v 18.6538965 17.990404 0.0769999996
v 18.655326 17.9885411 0.0826568548
v 18.6840078 18.0009023 0.0250000004
v 18.6799992 18.0078453 0.0329999998
v 18.6811733 18.0058118 0.0273431446
v 18.6840078 18.0009023 0.084999999
v 18.6799992 18.0078453 0.0769999996
v 18.6811733 18.0058118 0.0826568548
v 18.7112233 18.0143234 0.0250000004
v 18.7081552 18.0217303 0.0329999998
v 18.7090538 18.0195609 0.0273431446
v 18.7112233 18.0143234 0.084999999
v 18.7081552 18.0217303 0.0769999996
v 18.7090538 18.0195609 0.0826568548
v 18.7399576 18.0240774 0.0250000004
v 18.7378827 18.0318214 0.0329999998
v 18.7384904 18.0295533 0.0273431446
v 18.7399576 18.0240774 0.084999999
v 18.7378827 18.0318214 0.0769999996
v 18.7384904 18.0295533 0.0826568548
v 18.7697194 18.0299974 0.0250000004
v 18.768673 18.037946 0.0329999998
v 18.7689795 18.0356179 0.0273431446
v 18.7697194 18.0299974 0.084999999
v 18.768673 18.037946 0.0769999996
v 18.7689795 18.0356179 0.0826568548
v 18.7999992 17.8169821 0.0600000024
v 18.7999992 17.8249992 0.0680000186
v 18.7999992 17.8226511 0.0623431802
v 18.7999992 17.8169821 1.66000003
v 18.7999992 17.8249992 1.65200001
v 18.7999992 17.8226511 1.65765685
v 18.802216 17.8168368 0.0600000024
v 18.8032624 17.8247854 0.0680000186
v 18.8029559 17.8224573 0.0623431802
v 18.802216 17.8168368 1.66000003
v 18.8032624 17.8247854 1.65200001
v 18.8029559 17.8224573 1.65765685
v 18.8043947 17.8164034 0.0600000024
v 18.8064697 17.8241474 0.0680000186
v 18.805862 17.8218792 0.0623431802
v 18.8043947 17.8164034 1.66000003
v 18.8064697 17.8241474 1.65200001
v 18.805862 17.8218792 1.65765685
v 18.8064983 17.8156893 0.0600000024
v 18.8095663 17.8230962 0.0680000186
v 18.8086677 17.8209268 0.0623431802
v 18.8064983 17.8156893 1.66000003
v 18.8095663 17.8230962 1.65200001
v 18.8086677 17.8209268 1.65765685
v 18.8084906 17.8147068 0.0600000024
v 18.8124992 17.8216499 0.0680000186
v 18.8113251 17.8196163 0.0623431802
v 18.8084906 17.8147068 1.66000003
v 18.8124992 17.8216499 1.65200001
v 18.8113251 17.8196163 1.65765685
v 18.8103377 17.8134726 0.0600000024
v 18.8152183 17.8198331 0.0680000186
v 18.8137888 17.8179701 0.0623431802
v 18.8103377 17.8134726 1.66000003
v 18.8152183 17.8198331 1.65200001
v 18.8137888 17.8179701 1.65765685
v 18.8120079 17.8120079 0.0600000024
v 18.8176769 17.8176769 0.0680000186
v 18.8160165 17.8160165 0.0623431802
v 18.8120079 17.8120079 1.66000003
v 18.8176769 17.8176769 1.65200001
v 18.8160165 17.8160165 1.65765685
v 18.8134726 17.8103377 0.0600000024
v 18.8198331 17.8152183 0.0680000186
v 18.8179701 17.8137888 0.0623431802
v 18.8134726 17.8103377 1.66000003
v 18.8198331 17.8152183 1.65200001
v 18.8179701 17.8137888 1.65765685
v 18.8147068 17.8084906 0.0600000024
v 18.8216499 17.8124992 0.0680000186
v 18.8196163 17.8113251 0.0623431802
v 18.8147068 17.8084906 1.66000003
v 18.8216499 17.8124992 1.65200001
v 18.8196163 17.8113251 1.65765685
v 18.8156893 17.8064983 0.0600000024
v 18.8230962 17.8095663 0.0680000186
v 18.8209268 17.8086677 0.0623431802
v 18.8156893 17.8064983 1.66000003
v 18.8230962 17.8095663 1.65200001
v 18.8209268 17.8086677 1.65765685
v 18.8164034 17.8043947 0.0600000024
v 18.8241474 17.8064697 0.0680000186
v 18.8218792 17.805862 0.0623431802
v 18.8164034 17.8043947 1.66000003
v 18.8241474 17.8064697 1.65200001
v 18.8218792 17.805862 1.65765685
v 18.8168368 17.802216 0.0600000024
v 18.8247854 17.8032624 0.0680000186
v 18.8224573 17.8029559 0.0623431802
v 18.8168368 17.802216 1.66000003
v 18.8247854 17.8032624 1.65200001
v 18.8224573 17.8029559 1.65765685
v 18.8169821 17.7999992 0.0600000024
v 18.8249992 17.7999992 0.0680000186
v 18.8226511 17.7999992 0.0623431802
v 18.8169821 17.7999992 1.66000003
v 18.8249992 17.7999992 1.65200001
v 18.8226511 17.7999992 1.65765685
v 18.8168368 17.7977825 0.0600000024
v 18.8247854 17.7967361 0.0680000186
v 18.8224573 17.7970426 0.0623431802
v 18.8168368 17.7977825 1.66000003
v 18.8247854 17.7967361 1.65200001
v 18.8224573 17.7970426 1.65765685
v 18.8164034 17.7956038 0.0600000024
v 18.8241474 17.7935288 0.0680000186
v 18.8218792 17.7941365 0.0623431802
v 18.8164034 17.7956038 1.66000003
v 18.8241474 17.7935288 1.65200001
v 18.8218792 17.7941365 1.65765685
v 18.8156893 17.7935002 0.0600000024
v 18.8230962 17.7904322 0.0680000186
v 18.8209268 17.7913308 0.0623431802
v 18.8156893 17.7935002 1.66000003
v 18.8230962 17.7904322 1.65200001
v 18.8209268 17.7913308 1.65765685
v 18.8147068 17.7915078 0.0600000024
v 18.8216499 17.7874992 0.0680000186
v 18.8196163 17.7886733 0.0623431802
v 18.8147068 17.7915078 1.66000003
v 18.8216499 17.7874992 1.65200001
v 18.8196163 17.7886733 1.65765685
v 18.8134726 17.7896607 0.0600000024
v 18.8198331 17.7847802 0.0680000186
v 18.8179701 17.7862097 0.0623431802
v 18.8134726 17.7896607 1.66000003
v 18.8198331 17.7847802 1.65200001
v 18.8179701 17.7862097 1.65765685
v 18.8120079 17.7879906 0.0600000024
v 18.8176769 17.7823216 0.0680000186
v 18.8160165 17.783982 0.0623431802
v 18.8120079 17.7879906 1.66000003
v 18.8176769 17.7823216 1.65200001
v 18.8160165 17.783982 1.65765685
v 18.8103377 17.7865259 0.0600000024
v 18.8152183 17.7801654 0.0680000186
v 18.8137888 17.7820283 0.0623431802
v 18.8103377 17.7865259 1.66000003
v 18.8152183 17.7801654 1.65200001
v 18.8137888 17.7820283 1.65765685
v 18.8084906 17.7852917 0.0600000024
v 18.8124992 17.7783486 0.0680000186
v 18.8113251 17.7803822 0.0623431802
v 18.8084906 17.7852917 1.66000003
v 18.8124992 17.7783486 1.65200001
v 18.8113251 17.7803822 1.65765685
v 18.8064983 17.7843091 0.0600000024
v 18.8095663 17.7769022 0.0680000186
v 18.8086677 17.7790717 0.0623431802
v 18.8064983 17.7843091 1.66000003
v 18.8095663 17.7769022 1.65200001
v 18.8086677 17.7790717 1.65765685
v 18.8043947 17.7835951 0.0600000024
v 18.8064697 17.7758511 0.0680000186
v 18.805862 17.7781193 0.0623431802
v 18.8043947 17.7835951 1.66000003
v 18.8064697 17.7758511 1.65200001
v 18.805862 17.7781193 1.65765685
v 18.802216 17.7831617 0.0600000024
v 18.8032624 17.7752131 0.0680000186
v 18.8029559 17.7775412 0.0623431802
v 18.802216 17.7831617 1.66000003
v 18.8032624 17.7752131 1.65200001
v 18.8029559 17.7775412 1.65765685
v 18.7999992 17.7830164 0.0600000024
v 18.7999992 17.7749992 0.0680000186
v 18.7999992 17.7773474 0.0623431802
v 18.7999992 17.7830164 1.66000003
v 18.7999992 17.7749992 1.65200001
v 18.7999992 17.7773474 1.65765685
v 18.7977825 17.7831617 0.0600000024
v 18.7967361 17.7752131 0.0680000186
v 18.7970426 17.7775412 0.0623431802
v 18.7977825 17.7831617 1.66000003
v 18.7967361 17.7752131 1.65200001
v 18.7970426 17.7775412 1.65765685
v 18.7956038 17.7835951 0.0600000024
v 18.7935288 17.7758511 0.0680000186
v 18.7941365 17.7781193 0.0623431802
v 18.7956038 17.7835951 1.66000003
v 18.7935288 17.7758511 1.65200001
v 18.7941365 17.7781193 1.65765685
v 18.7935002 17.7843091 0.0600000024
v 18.7904322 17.7769022 0.0680000186
v 18.7913308 17.7790717 0.0623431802
v 18.7935002 17.7843091 1.66000003
v 18.7904322 17.7769022 1.65200001
v 18.7913308 17.7790717 1.65765685
v 18.7915078 17.7852917 0.0600000024
v 18.7874992 17.7783486 0.0680000186
v 18.7886733 17.7803822 0.0623431802
v 18.7915078 17.7852917 1.66000003
v 18.7874992 17.7783486 1.65200001
v 18.7886733 17.7803822 1.65765685
v 18.7896607 17.7865259 0.0600000024
v 18.7847802 17.7801654 0.0680000186
v 18.7862097 17.7820283 0.0623431802
v 18.7896607 17.7865259 1.66000003
v 18.7847802 17.7801654 1.65200001
v 18.7862097 17.7820283 1.65765685
v 18.7879906 17.7879906 0.0600000024
v 18.7823216 17.7823216 0.0680000186
v 18.783982 17.783982 0.0623431802
v 18.7879906 17.7879906 1.66000003
v 18.7823216 17.7823216 1.65200001
v 18.783982 17.783982 1.65765685
v 18.7865259 17.7896607 0.0600000024
v 18.7801654 17.7847802 0.0680000186
v 18.7820283 17.7862097 0.0623431802
v 18.7865259 17.7896607 1.66000003
v 18.7801654 17.7847802 1.65200001
v 18.7820283 17.7862097 1.65765685
v 18.7852917 17.7915078 0.0600000024
v 18.7783486 17.7874992 0.0680000186
v 18.7803822 17.7886733 0.0623431802
v 18.7852917 17.7915078 1.66000003
v 18.7783486 17.7874992 1.65200001
v 18.7803822 17.7886733 1.65765685
v 18.7843091 17.7935002 0.0600000024
v 18.7769022 17.7904322 0.0680000186
v 18.7790717 17.7913308 0.0623431802
v 18.7843091 17.7935002 1.66000003
v 18.7769022 17.7904322 1.65200001
v 18.7790717 17.7913308 1.65765685
v 18.7835951 17.7956038 0.0600000024
v 18.7758511 17.7935288 0.0680000186
v 18.7781193 17.7941365 0.0623431802
v 18.7835951 17.7956038 1.66000003
v 18.7758511 17.7935288 1.65200001
v 18.7781193 17.7941365 1.65765685
v 18.7831617 17.7977825 0.0600000024
v 18.7752131 17.7967361 0.0680000186
v 18.7775412 17.7970426 0.0623431802
v 18.7831617 17.7977825 1.66000003
v 18.7752131 17.7967361 1.65200001
v 18.7775412 17.7970426 1.65765685
v 18.7830164 17.7999992 0.0600000024
v 18.7749992 17.7999992 0.0680000186
v 18.7773474 17.7999992 0.0623431802
v 18.7830164 17.7999992 1.66000003
v 18.7749992 17.7999992 1.65200001
v 18.7773474 17.7999992 1.65765685
v 18.7831617 17.802216 0.0600000024
v 18.7752131 17.8032624 0.0680000186
v 18.7775412 17.8029559 0.0623431802
v 18.7831617 17.802216 1.66000003
v 18.7752131 17.8032624 1.65200001
v 18.7775412 17.8029559 1.65765685
v 18.7835951 17.8043947 0.0600000024
v 18.7758511 17.8064697 0.0680000186
v 18.7781193 17.805862 0.0623431802
v 18.7835951 17.8043947 1.66000003
v 18.7758511 17.8064697 1.65200001
v 18.7781193 17.805862 1.65765685
v 18.7843091 17.8064983 0.0600000024
v 18.7769022 17.8095663 0.0680000186
v 18.7790717 17.8086677 0.0623431802
v 18.7843091 17.8064983 1.66000003
v 18.7769022 17.8095663 1.65200001
v 18.7790717 17.8086677 1.65765685
v 18.7852917 17.8084906 0.0600000024
v 18.7783486 17.8124992 0.0680000186
v 18.7803822 17.8113251 0.0623431802
v 18.7852917 17.8084906 1.66000003
v 18.7783486 17.8124992 1.65200001
v 18.7803822 17.8113251 1.65765685
v 18.7865259 17.8103377 0.0600000024
v 18.7801654 17.8152183 0.0680000186
v 18.7820283 17.8137888 0.0623431802
v 18.7865259 17.8103377 1.66000003
v 18.7801654 17.8152183 1.65200001
v 18.7820283 17.8137888 1.65765685
v 18.7879906 17.8120079 0.0600000024
v 18.7823216 17.8176769 0.0680000186
v 18.783982 17.8160165 0.0623431802
v 18.7879906 17.8120079 1.66000003
v 18.7823216 17.8176769 1.65200001
v 18.783982 17.8160165 1.65765685
v 18.7896607 17.8134726 0.0600000024
v 18.7847802 17.8198331 0.0680000186
v 18.7862097 17.8179701 0.0623431802
v 18.7896607 17.8134726 1.66000003
v 18.7847802 17.8198331 1.65200001
v 18.7862097 17.8179701 1.65765685
v 18.7915078 17.8147068 0.0600000024
v 18.7874992 17.8216499 0.0680000186
v 18.7886733 17.8196163 0.0623431802
v 18.7915078 17.8147068 1.66000003
v 18.7874992 17.8216499 1.65200001
v 18.7886733 17.8196163 1.65765685
v 18.7935002 17.8156893 0.0600000024
v 18.7904322 17.8230962 0.0680000186
v 18.7913308 17.8209268 0.0623431802
v 18.7935002 17.8156893 1.66000003
v 18.7904322 17.8230962 1.65200001
v 18.7913308 17.8209268 1.65765685
v 18.7956038 17.8164034 0.0600000024
v 18.7935288 17.8241474 0.0680000186
v 18.7941365 17.8218792 0.0623431802
v 18.7956038 17.8164034 1.66000003
v 18.7935288 17.8241474 1.65200001
v 18.7941365 17.8218792 1.65765685
v 18.7977825 17.8168368 0.0600000024
v 18.7967361 17.8247854 0.0680000186
v 18.7970426 17.8224573 0.0623431802
v 18.7977825 17.8168368 1.66000003
v 18.7967361 17.8247854 1.65200001
v 18.7970426 17.8224573 1.65765685
v 9.80000019 20.2319828 0.0250000004
v 9.80000019 20.24 0.0329999998
v 9.80000019 20.2376518 0.0273431446
v 9.80000019 20.2319828 0.084999999
v 9.80000019 20.24 0.0769999996
v 9.80000019 20.2376518 0.0826568548
v 9.83027999 20.2299982 0.0250000004
v 9.83132648 20.2379468 0.0329999998
v 9.83101997 20.2356187 0.0273431446
v 9.83027999 20.2299982 0.084999999
v 9.83132648 20.2379468 0.0769999996
v 9.83101997 20.2356187 0.0826568548
v 9.86004178 20.2240782 0.0250000004
v 9.86211676 20.2318222 0.0329999998
v 9.86150901 20.229554 0.0273431446
v 9.86004178 20.2240782 0.084999999
v 9.86211676 20.2318222 0.0769999996
v 9.86150901 20.229554 0.0826568548
v 9.88877615 20.2143242 0.0250000004
v 9.89184422 20.2217311 0.0329999998
v 9.89094561 20.2195617 0.0273431446
v 9.88877615 20.2143242 0.084999999
v 9.89184422 20.2217311 0.0769999996
v 9.89094561 20.2195617 0.0826568548
v 9.9159916 20.200903 0.0250000004
v 9.92000019 20.2078461 0.0329999998
v 9.9188261 20.2058125 0.0273431446
v 9.9159916 20.200903 0.084999999
v 9.92000019 20.2078461 0.0769999996
v 9.9188261 20.2058125 0.0826568548
v 9.9412224 20.1840443 0.0250000004
v 9.94610293 20.1904048 0.0329999998
v 9.94467346 20.1885419 0.0273431446
v 9.9412224 20.1840443 0.084999999
v 9.94610293 20.1904048 0.0769999996
v 9.94467346 20.1885419 0.0826568548
v 9.96403681 20.1640366 0.0250000004
v 9.96970581 20.1697056 0.0329999998
v 9.9680454 20.1680452 0.0273431446
v 9.96403681 20.1640366 0.084999999
v 9.96970581 20.1697056 0.0769999996
v 9.9680454 20.1680452 0.0826568548
v 9.98404452 20.1412222 0.0250000004
v 9.99040498 20.1461027 0.0329999998
v 9.98854205 20.1446733 0.0273431446
v 9.98404452 20.1412222 0.084999999
v 9.99040498 20.1461027 0.0769999996
v 9.98854205 20.1446733 0.0826568548
v 10.0009032 20.1159914 0.0250000004
v 10.0078463 20.12 0.0329999998
v 10.0058127 20.1188259 0.0273431446
v 10.0009032 20.1159914 0.084999999
v 10.0078463 20.12 0.0769999996
v 10.0058127 20.1188259 0.0826568548
v 10.0143244 20.088776 0.0250000004
v 10.0217313 20.091844 0.0329999998
v 10.0195619 20.0909454 0.0273431446
v 10.0143244 20.088776 0.084999999
v 10.0217313 20.091844 0.0769999996
v 10.0195619 20.0909454 0.0826568548
v 10.0240784 20.0600416 0.0250000004
v 10.0318224 20.0621166 0.0329999998
v 10.0295542 20.0615088 0.0273431446
v 10.0240784 20.0600416 0.084999999
v 10.0318224 20.0621166 0.0769999996
v 10.0295542 20.0615088 0.0826568548
v 10.0299984 20.0302798 0.0250000004
v 10.037947 20.0313263 0.0329999998
v 10.0356189 20.0310198 0.0273431446
v 10.0299984 20.0302798 0.084999999
v 10.037947 20.0313263 0.0769999996
v 10.0356189 20.0310198 0.0826568548
v 10.031983 20 0.0250000004
v 10.0400002 20 0.0329999998
v 10.037652 20 0.0273431446
v 10.031983 20 0.084999999
v 10.0400002 20 0.0769999996
v 10.037652 20 0.0826568548
v 10.0299984 19.9697202 0.0250000004
v 10.037947 19.9686737 0.0329999998
v 10.0356189 19.9689802 0.0273431446
v 10.0299984 19.9697202 0.084999999
v 10.037947 19.9686737 0.0769999996
v 10.0356189 19.9689802 0.0826568548
v 10.0240784 19.9399584 0.0250000004
v 10.0318224 19.9378834 0.0329999998
v 10.0295542 19.9384912 0.0273431446
v 10.0240784 19.9399584 0.084999999
v 10.0318224 19.9378834 0.0769999996
v 10.0295542 19.9384912 0.0826568548
v 10.0143244 19.911224 0.0250000004
v 10.0217313 19.908156 0.0329999998
v 10.0195619 19.9090546 0.0273431446
v 10.0143244 19.911224 0.084999999
v 10.0217313 19.908156 0.0769999996
v 10.0195619 19.9090546 0.0826568548
v 10.0009032 19.8840086 0.0250000004
v 10.0078463 19.88 0.0329999998
v 10.0058127 19.8811741 0.0273431446
v 10.0009032 19.8840086 0.084999999
v 10.0078463 19.88 0.0769999996
v 10.0058127 19.8811741 0.0826568548
v 9.98404452 19.8587778 0.0250000004
v 9.99040498 19.8538973 0.0329999998
v 9.98854205 19.8553267 0.0273431446
v 9.98404452 19.8587778 0.084999999
v 9.99040498 19.8538973 0.0769999996
v 9.98854205 19.8553267 0.0826568548
v 9.96403681 19.8359634 0.0250000004
v 9.96970581 19.8302944 0.0329999998
v 9.9680454 19.8319548 0.0273431446
v 9.96403681 19.8359634 0.084999999
v 9.96970581 19.8302944 0.0769999996
v 9.9680454 19.8319548 0.0826568548
v 9.9412224 19.8159557 0.0250000004
v 9.94610293 19.8095952 0.0329999998
v 9.94467346 19.8114581 0.0273431446
v 9.9412224 19.8159557 0.084999999
v 9.94610293 19.8095952 0.0769999996
v 9.94467346 19.8114581 0.0826568548
v 9.9159916 19.799097 0.0250000004
v 9.92000019 19.7921539 0.0329999998
v 9.9188261 19.7941875 0.0273431446
v 9.9159916 19.799097 0.084999999
v 9.92000019 19.7921539 0.0769999996
v 9.9188261 19.7941875 0.0826568548
v 9.88877615 19.7856758 0.0250000004
v 9.89184422 19.7782689 0.0329999998
v 9.89094561 19.7804383 0.0273431446
v 9.88877615 19.7856758 0.084999999
v 9.89184422 19.7782689 0.0769999996
v 9.89094561 19.7804383 0.0826568548
v 9.86004178 19.7759218 0.0250000004
v 9.86211676 19.7681778 0.0329999998
v 9.86150901 19.770446 0.0273431446
v 9.86004178 19.7759218 0.084999999
v 9.86211676 19.7681778 0.0769999996
v 9.86150901 19.770446 0.0826568548
v 9.83027999 19.7700018 0.0250000004
v 9.83132648 19.7620532 0.0329999998
v 9.83101997 19.7643813 0.0273431446
v 9.83027999 19.7700018 0.084999999
v 9.83132648 19.7620532 0.0769999996
v 9.83101997 19.7643813 0.0826568548
v 9.80000019 19.7680172 0.0250000004
v 9.80000019 19.76 0.0329999998
v 9.80000019 19.7623482 0.0273431446
v 9.80000019 19.7680172 0.084999999
v 9.80000019 19.76 0.0769999996
v 9.80000019 19.7623482 0.0826568548
v 9.76972039 19.7700018 0.0250000004
v 9.7686739 19.7620532 0.0329999998
v 9.76898041 19.7643813 0.0273431446
v 9.76972039 19.7700018 0.084999999
v 9.7686739 19.7620532 0.0769999996
v 9.76898041 19.7643813 0.0826568548
v 9.7399586 19.7759218 0.0250000004
v 9.73788362 19.7681778 0.0329999998
v 9.73849137 19.770446 0.0273431446
v 9.7399586 19.7759218 0.084999999
v 9.73788362 19.7681778 0.0769999996
v 9.73849137 19.770446 0.0826568548
v 9.71122424 19.7856758 0.0250000004
v 9.70815616 19.7782689 0.0329999998
v 9.70905478 19.7804383 0.0273431446
v 9.71122424 19.7856758 0.084999999
v 9.70815616 19.7782689 0.0769999996
v 9.70905478 19.7804383 0.0826568548
v 9.68400878 19.799097 0.0250000004
v 9.68000019 19.7921539 0.0329999998
v 9.68117428 19.7941875 0.0273431446
v 9.68400878 19.799097 0.084999999
v 9.68000019 19.7921539 0.0769999996
v 9.68117428 19.7941875 0.0826568548
v 9.65877798 19.8159557 0.0250000004
v 9.65389745 19.8095952 0.0329999998
v 9.65532692 19.8114581 0.0273431446
v 9.65877798 19.8159557 0.084999999
v 9.65389745 19.8095952 0.0769999996
v 9.65532692 19.8114581 0.0826568548
v 9.63596357 19.8359634 0.0250000004
v 9.63029458 19.8302944 0.0329999998
v 9.63195498 19.8319548 0.0273431446
v 9.63596357 19.8359634 0.084999999
v 9.63029458 19.8302944 0.0769999996
v 9.63195498 19.8319548 0.0826568548
v 9.61595586 19.8587778 0.0250000004
v 9.6095954 19.8538973 0.0329999998
v 9.61145833 19.8553267 0.0273431446
v 9.61595586 19.8587778 0.084999999
v 9.6095954 19.8538973 0.0769999996
v 9.61145833 19.8553267 0.0826568548
v 9.59909718 19.8840086 0.0250000004
v 9.5921541 19.88 0.0329999998
v 9.59418768 19.8811741 0.0273431446
v 9.59909718 19.8840086 0.084999999
v 9.5921541 19.88 0.0769999996
v 9.59418768 19.8811741 0.0826568548
v 9.58567598 19.911224 0.0250000004
v 9.57826911 19.908156 0.0329999998
v 9.58043852 19.9090546 0.0273431446
v 9.58567598 19.911224 0.084999999
v 9.57826911 19.908156 0.0769999996
v 9.58043852 19.9090546 0.0826568548
v 9.57592198 19.9399584 0.0250000004
v 9.568178 19.9378834 0.0329999998
v 9.57044616 19.9384912 0.0273431446
v 9.57592198 19.9399584 0.084999999
v 9.568178 19.9378834 0.0769999996
v 9.57044616 19.9384912 0.0826568548
v 9.57000199 19.9697202 0.0250000004
v 9.56205343 19.9686737 0.0329999998
v 9.56438148 19.9689802 0.0273431446
v 9.57000199 19.9697202 0.084999999
v 9.56205343 19.9686737 0.0769999996
v 9.56438148 19.9689802 0.0826568548
v 9.56801735 20 0.0250000004
v 9.5600002 20 0.0329999998
v 9.56234837 20 0.0273431446
v 9.56801735 20 0.084999999
v 9.5600002 20 0.0769999996
v 9.56234837 20 0.0826568548
v 9.57000199 20.0302798 0.0250000004
v 9.56205343 20.0313263 0.0329999998
v 9.56438148 20.0310198 0.0273431446
v 9.57000199 20.0302798 0.084999999
v 9.56205343 20.0313263 0.0769999996
v 9.56438148 20.0310198 0.0826568548
v 9.57592198 20.0600416 0.0250000004
v 9.568178 20.0621166 0.0329999998
v 9.57044616 20.0615088 0.0273431446
v 9.57592198 20.0600416 0.084999999
v 9.568178 20.0621166 0.0769999996
v 9.57044616 20.0615088 0.0826568548
v 9.58567598 20.088776 0.0250000004
v 9.57826911 20.091844 0.0329999998
v 9.58043852 20.0909454 0.0273431446
v 9.58567598 20.088776 0.084999999
v 9.57826911 20.091844 0.0769999996
v 9.58043852 20.0909454 0.0826568548
v 9.59909718 20.1159914 0.0250000004
v 9.5921541 20.12 0.0329999998
v 9.59418768 20.1188259 0.0273431446
v 9.59909718 20.1159914 0.084999999
v 9.5921541 20.12 0.0769999996
v 9.59418768 20.1188259 0.0826568548
v 9.61595586 20.1412222 0.0250000004
v 9.6095954 20.1461027 0.0329999998
v 9.61145833 20.1446733 0.0273431446
v 9.61595586 20.1412222 0.084999999
v 9.6095954 20.1461027 0.0769999996
v 9.61145833 20.1446733 0.0826568548
v 9.63596357 20.1640366 0.0250000004
v 9.63029458 20.1697056 0.0329999998
v 9.63195498 20.1680452 0.0273431446
v 9.63596357 20.1640366 0.084999999
v 9.63029458 20.1697056 0.0769999996
v 9.63195498 20.1680452 0.0826568548
v 9.65877798 20.1840443 0.0250000004
v 9.65389745 20.1904048 0.0329999998
v 9.65532692 20.1885419 0.0273431446
v 9.65877798 20.1840443 0.084999999
v 9.65389745 20.1904048 0.0769999996
v 9.65532692 20.1885419 0.0826568548
v 9.68400878 20.200903 0.0250000004
v 9.68000019 20.2078461 0.0329999998
v 9.68117428 20.2058125 0.0273431446
v 9.68400878 20.200903 0.084999999
v 9.68000019 20.2078461 0.0769999996
v 9.68117428 20.2058125 0.0826568548
v 9.71122424 20.2143242 0.0250000004
v 9.70815616 20.2217311 0.0329999998
v 9.70905478 20.2195617 0.0273431446
v 9.71122424 20.2143242 0.084999999
v 9.70815616 20.2217311 0.0769999996
v 9.70905478 20.2195617 0.0826568548
v 9.7399586 20.2240782 0.0250000004
v 9.73788362 20.2318222 0.0329999998
v 9.73849137 20.229554 0.0273431446
v 9.7399586 20.2240782 0.084999999
v 9.73788362 20.2318222 0.0769999996
v 9.73849137 20.229554 0.0826568548
v 9.76972039 20.2299982 0.0250000004
v 9.7686739 20.2379468 0.0329999998
v 9.76898041 20.2356187 0.0273431446
v 9.76972039 20.2299982 0.084999999
v 9.7686739 20.2379468 0.0769999996
v 9.76898041 20.2356187 0.0826568548
v 9.80000019 20.0169828 0.0600000024
v 9.80000019 20.025 0.0680000186
v 9.80000019 20.0226518 0.0623431802
v 9.80000019 20.0169828 1.66000003
v 9.80000019 20.025 1.65200001
v 9.80000019 20.0226518 1.65765685
v 9.80221691 20.0168375 0.0600000024
v 9.80326335 20.0247861 0.0680000186
v 9.80295685 20.022458 0.0623431802
v 9.80221691 20.0168375 1.66000003
v 9.80326335 20.0247861 1.65200001
v 9.80295685 20.022458 1.65765685
v 9.80439567 20.0164042 0.0600000024
v 9.80647067 20.0241481 0.0680000186
v 9.80586292 20.02188 0.0623431802
v 9.80439567 20.0164042 1.66000003
v 9.80647067 20.0241481 1.65200001
v 9.80586292 20.02188 1.65765685
v 9.80649924 20.0156901 0.0600000024
v 9.80956728 20.023097 0.0680000186
v 9.80866867 20.0209276 0.0623431802
v 9.80649924 20.0156901 1.66000003
v 9.80956728 20.023097 1.65200001
v 9.80866867 20.0209276 1.65765685
v 9.8084916 20.0147076 0.0600000024
v 9.81250019 20.0216506 0.0680000186
v 9.8113261 20.0196171 0.0623431802
v 9.8084916 20.0147076 1.66000003
v 9.81250019 20.0216506 1.65200001
v 9.8113261 20.0196171 1.65765685
v 9.81033869 20.0134734 0.0600000024
v 9.81521923 20.0198338 0.0680000186
v 9.81378975 20.0179709 0.0623431802
v 9.81033869 20.0134734 1.66000003
v 9.81521923 20.0198338 1.65200001
v 9.81378975 20.0179709 1.65765685
v 9.81200887 20.0120087 0.0600000024
v 9.81767786 20.0176777 0.0680000186
v 9.81601745 20.0160173 0.0623431802
v 9.81200887 20.0120087 1.66000003
v 9.81767786 20.0176777 1.65200001
v 9.81601745 20.0160173 1.65765685
v 9.81347358 20.0103385 0.0600000024
v 9.81983402 20.015219 0.0680000186
v 9.81797109 20.0137896 0.0623431802
v 9.81347358 20.0103385 1.66000003
v 9.81983402 20.015219 1.65200001
v 9.81797109 20.0137896 1.65765685
v 9.81470776 20.0084914 0.0600000024
v 9.82165083 20.0125 0.0680000186
v 9.81961725 20.0113259 0.0623431802
v 9.81470776 20.0084914 1.66000003
v 9.82165083 20.0125 1.65200001
v 9.81961725 20.0113259 1.65765685
v 9.81569028 20.0064991 0.0600000024
v 9.82309718 20.0095671 0.0680000186
v 9.82092775 20.0086685 0.0623431802
v 9.81569028 20.0064991 1.66000003
v 9.82309718 20.0095671 1.65200001
v 9.82092775 20.0086685 1.65765685
v 9.81640435 20.0043955 0.0600000024
v 9.82414834 20.0064705 0.0680000186
v 9.82188017 20.0058627 0.0623431802
v 9.81640435 20.0043955 1.66000003
v 9.82414834 20.0064705 1.65200001
v 9.82188017 20.0058627 1.65765685
v 9.81683773 20.0022167 0.0600000024
v 9.82478631 20.0032632 0.0680000186
v 9.82245823 20.0029567 0.0623431802
v 9.81683773 20.0022167 1.66000003
v 9.82478631 20.0032632 1.65200001
v 9.82245823 20.0029567 1.65765685
v 9.81698303 20 0.0600000024
v 9.82500019 20 0.0680000186
v 9.82265202 20 0.0623431802
v 9.81698303 20 1.66000003
v 9.82500019 20 1.65200001
v 9.82265202 20 1.65765685
v 9.81683773 19.9977833 0.0600000024
v 9.82478631 19.9967368 0.0680000186
v 9.82245823 19.9970433 0.0623431802
v 9.81683773 19.9977833 1.66000003
v 9.82478631 19.9967368 1.65200001
v 9.82245823 19.9970433 1.65765685
v 9.81640435 19.9956045 0.0600000024
v 9.82414834 19.9935295 0.0680000186
v 9.82188017 19.9941373 0.0623431802
v 9.81640435 19.9956045 1.66000003
v 9.82414834 19.9935295 1.65200001
v 9.82188017 19.9941373 1.65765685
v 9.81569028 19.9935009 0.0600000024
v 9.82309718 19.9904329 0.0680000186
v 9.82092775 19.9913315 0.0623431802
v 9.81569028 19.9935009 1.66000003
v 9.82309718 19.9904329 1.65200001
v 9.82092775 19.9913315 1.65765685
v 9.81470776 19.9915086 0.0600000024
v 9.82165083 19.9875 0.0680000186
v 9.81961725 19.9886741 0.0623431802
v 9.81470776 19.9915086 1.66000003
v 9.82165083 19.9875 1.65200001
v 9.81961725 19.9886741 1.65765685
v 9.81347358 19.9896615 0.0600000024
v 9.81983402 19.984781 0.0680000186
v 9.81797109 19.9862104 0.0623431802
v 9.81347358 19.9896615 1.66000003
v 9.81983402 19.984781 1.65200001
v 9.81797109 19.9862104 1.65765685
v 9.81200887 19.9879913 0.0600000024
v 9.81767786 19.9823223 0.0680000186
v 9.81601745 19.9839827 0.0623431802
v 9.81200887 19.9879913 1.66000003
v 9.81767786 19.9823223 1.65200001
v 9.81601745 19.9839827 1.65765685
v 9.81033869 19.9865266 0.0600000024
v 9.81521923 19.9801662 0.0680000186
v 9.81378975 19.9820291 0.0623431802
v 9.81033869 19.9865266 1.66000003
v 9.81521923 19.9801662 1.65200001
v 9.81378975 19.9820291 1.65765685
v 9.8084916 19.9852924 0.0600000024
v 9.81250019 19.9783494 0.0680000186
v 9.8113261 19.9803829 0.0623431802
v 9.8084916 19.9852924 1.66000003
v 9.81250019 19.9783494 1.65200001
v 9.8113261 19.9803829 1.65765685
v 9.80649924 19.9843099 0.0600000024
v 9.80956728 19.976903 0.0680000186
v 9.80866867 19.9790724 0.0623431802
v 9.80649924 19.9843099 1.66000003
v 9.80956728 19.976903 1.65200001
v 9.80866867 19.9790724 1.65765685
v 9.80439567 19.9835958 0.0600000024
v 9.80647067 19.9758519 0.0680000186
v 9.80586292 19.97812 0.0623431802
v 9.80439567 19.9835958 1.66000003
v 9.80647067 19.9758519 1.65200001
v 9.80586292 19.97812 1.65765685
v 9.80221691 19.9831625 0.0600000024
v 9.80326335 19.9752139 0.0680000186
v 9.80295685 19.977542 0.0623431802
v 9.80221691 19.9831625 1.66000003
v 9.80326335 19.9752139 1.65200001
v 9.80295685 19.977542 1.65765685
v 9.80000019 19.9830172 0.0600000024
v 9.80000019 19.975 0.0680000186
v 9.80000019 19.9773482 0.0623431802
v 9.80000019 19.9830172 1.66000003
v 9.80000019 19.975 1.65200001
v 9.80000019 19.9773482 1.65765685
v 9.79778347 19.9831625 0.0600000024
v 9.79673704 19.9752139 0.0680000186
v 9.79704353 19.977542 0.0623431802
v 9.79778347 19.9831625 1.66000003
v 9.79673704 19.9752139 1.65200001
v 9.79704353 19.977542 1.65765685
v 9.79560471 19.9835958 0.0600000024
v 9.79352971 19.9758519 0.0680000186
v 9.79413747 19.97812 0.0623431802
v 9.79560471 19.9835958 1.66000003
v 9.79352971 19.9758519 1.65200001
v 9.79413747 19.97812 1.65765685
v 9.79350114 19.9843099 0.0600000024
v 9.7904331 19.976903 0.0680000186
v 9.79133171 19.9790724 0.0623431802
v 9.79350114 19.9843099 1.66000003
v 9.7904331 19.976903 1.65200001
v 9.79133171 19.9790724 1.65765685
v 9.79150878 19.9852924 0.0600000024
v 9.78750019 19.9783494 0.0680000186
v 9.78867428 19.9803829 0.0623431802
v 9.79150878 19.9852924 1.66000003
v 9.78750019 19.9783494 1.65200001
v 9.78867428 19.9803829 1.65765685
v 9.7896617 19.9865266 0.0600000024
v 9.78478116 19.9801662 0.0680000186
v 9.78621063 19.9820291 0.0623431802
v 9.78966169 19.9865266 1.66000003
v 9.78478116 19.9801662 1.65200001
v 9.78621063 19.9820291 1.65765685
v 9.78799151 19.9879913 0.0600000024
v 9.78232252 19.9823223 0.0680000186
v 9.78398293 19.9839827 0.0623431802
v 9.78799151 19.9879913 1.66000003
v 9.78232252 19.9823223 1.65200001
v 9.78398293 19.9839827 1.65765685
v 9.7865268 19.9896615 0.0600000024
v 9.78016636 19.984781 0.0680000186
v 9.78202929 19.9862104 0.0623431802
v 9.7865268 19.9896615 1.66000003
v 9.78016636 19.984781 1.65200001
v 9.78202929 19.9862104 1.65765685
v 9.78529262 19.9915086 0.0600000024
v 9.77834956 19.9875 0.0680000186
v 9.78038313 19.9886741 0.0623431802
v 9.78529262 19.9915086 1.66000003
v 9.77834956 19.9875 1.65200001
v 9.78038313 19.9886741 1.65765685
v 9.7843101 19.9935009 0.0600000024
v 9.7769032 19.9904329 0.0680000186
v 9.77907263 19.9913315 0.0623431802
v 9.7843101 19.9935009 1.66000003
v 9.7769032 19.9904329 1.65200001
v 9.77907263 19.9913315 1.65765685
v 9.78359603 19.9956045 0.0600000024
v 9.77585205 19.9935295 0.0680000186
v 9.77812021 19.9941373 0.0623431802
v 9.78359603 19.9956045 1.66000003
v 9.77585205 19.9935295 1.65200001
v 9.77812021 19.9941373 1.65765685
v 9.78316265 19.9977833 0.0600000024
v 9.77521407 19.9967368 0.0680000186
v 9.77754215 19.9970433 0.0623431802
v 9.78316265 19.9977833 1.66000003
v 9.77521407 19.9967368 1.65200001
v 9.77754215 19.9970433 1.65765685
v 9.78301735 20 0.0600000024
v 9.77500019 20 0.0680000186
v 9.77734836 20 0.0623431802
v 9.78301735 20 1.66000003
v 9.77500019 20 1.65200001
v 9.77734836 20 1.65765685
v 9.78316265 20.0022167 0.0600000024
v 9.77521407 20.0032632 0.0680000186
v 9.77754215 20.0029567 0.0623431802
v 9.78316265 20.0022167 1.66000003
v 9.77521407 20.0032632 1.65200001
v 9.77754215 20.0029567 1.65765685
v 9.78359603 20.0043955 0.0600000024
v 9.77585205 20.0064705 0.0680000186
v 9.77812021 20.0058627 0.0623431802
v 9.78359603 20.0043955 1.66000003
v 9.77585205 20.0064705 1.65200001
v 9.77812021 20.0058627 1.65765685
v 9.7843101 20.0064991 0.0600000024
v 9.7769032 20.0095671 0.0680000186
v 9.77907263 20.0086685 0.0623431802
v 9.7843101 20.0064991 1.66000003
v 9.7769032 20.0095671 1.65200001
v 9.77907263 20.0086685 1.65765685
v 9.78529262 20.0084914 0.0600000024
v 9.77834956 20.0125 0.0680000186
v 9.78038313 20.0113259 0.0623431802
v 9.78529262 20.0084914 1.66000003
v 9.77834956 20.0125 1.65200001
v 9.78038313 20.0113259 1.65765685
v 9.7865268 20.0103385 0.0600000024
v 9.78016636 20.015219 0.0680000186
v 9.78202929 20.0137896 0.0623431802
v 9.7865268 20.0103385 1.66000003
v 9.78016636 20.015219 1.65200001
v 9.78202929 20.0137896 1.65765685
v 9.78799151 20.0120087 0.0600000024
v 9.78232252 20.0176777 0.0680000186
v 9.78398293 20.0160173 0.0623431802
v 9.78799151 20.0120087 1.66000003
v 9.78232252 20.0176777 1.65200001
v 9.78398293 20.0160173 1.65765685
v 9.78966169 20.0134734 0.0600000024
v 9.78478116 20.0198338 0.0680000186
v 9.78621063 20.0179709 0.0623431802
v 9.7896617 20.0134734 1.66000003
v 9.78478116 20.0198338 1.65200001
v 9.78621063 20.0179709 1.65765685
v 9.79150878 20.0147076 0.0600000024
v 9.78750019 20.0216506 0.0680000186
v 9.78867428 20.0196171 0.0623431802
v 9.79150878 20.0147076 1.66000003
v 9.78750019 20.0216506 1.65200001
v 9.78867428 20.0196171 1.65765685
v 9.79350114 20.0156901 0.0600000024
v 9.7904331 20.023097 0.0680000186
v 9.79133171 20.0209276 0.0623431802
v 9.79350114 20.0156901 1.66000003
v 9.7904331 20.023097 1.65200001
v 9.79133171 20.0209276 1.65765685
v 9.79560471 20.0164042 0.0600000024
v 9.79352971 20.0241481 0.0680000186
v 9.79413747 20.02188 0.0623431802
v 9.79560471 20.0164042 1.66000003
v 9.79352971 20.0241481 1.65200001
v 9.79413747 20.02188 1.65765685
v 9.79778347 20.0168375 0.0600000024
v 9.79673704 20.0247861 0.0680000186
v 9.79704353 20.022458 0.0623431802
v 9.79778347 20.0168375 1.66000003
v 9.79673704 20.0247861 1.65200001
v 9.79704353 20.022458 1.65765685
f 2 8 9
f 2 9 3
f 3 9 7
f 3 7 1
f 11 5 6
f 11 6 12
f 12 6 4
f 12 4 10
f 8 14 15
f 8 15 9
f 9 15 13
f 9 13 7
f 17 11 12
f 17 12 18
f 18 12 10
f 18 10 16
f 14 20 21
f 14 21 15
f 15 21 19
f 15 19 13
f 23 17 18
f 23 18 24
f 24 18 16
f 24 16 22
f 20 26 27
f 20 27 21
f 21 27 25
f 21 25 19
f 29 23 24
f 29 24 30
f 30 24 22
f 30 22 28
f 26 32 33
f 26 33 27
f 27 33 31
f 27 31 25
f 35 29 30
f 35 30 36
f 36 30 28
f 36 28 34
f 32 38 39
f 32 39 33
f 33 39 37
f 33 37 31
f 41 35 36
f 41 36 42
f 42 36 34
f 42 34 40
f 38 44 45
f 38 45 39
f 39 45 43
f 39 43 37
f 47 41 42
f 47 42 48
f 48 42 40
f 48 40 46
f 44 50 51
f 44 51 45
f 45 51 49
f 45 49 43
f 53 47 48
f 53 48 54
f 54 48 46
f 54 46 52
f 50 56 57
f 50 57 51
f 51 57 55
f 51 55 49
f 59 53 54
f 59 54 60
f 60 54 52
f 60 52 58
f 56 62 63
f 56 63 57
f 57 63 61
f 57 61 55
f 65 59 60
f 65 60 66
f 66 60 58
f 66 58 64
f 62 68 69
f 62 69 63
f 63 69 67
f 63 67 61
f 71 65 66
f 71 66 72
f 72 66 64
f 72 64 70
f 68 74 75
f 68 75 69
f 69 75 73
f 69 73 67
f 77 71 72
f 77 72 78
f 78 72 70
f 78 70 76
f 74 80 81
f 74 81 75
f 75 81 79
f 75 79 73
f 83 77 78
f 83 78 84
f 84 78 76
f 84 76 82
f 80 86 87
f 80 87 81
f 81 87 85
f 81 85 79
f 89 83 84
f 89 84 90
f 90 84 82
f 90 82 88
f 86 92 93
f 86 93 87
f 87 93 91
f 87 91 85
f 95 89 90
f 95 90 96
f 96 90 88
f 96 88 94
f 92 98 99
f 92 99 93
f 93 99 97
f 93 97 91
f 101 95 96
f 101 96 102
f 102 96 94
f 102 94 100
f 98 104 105
f 98 105 99
f 99 105 103
f 99 103 97
f 107 101 102
f 107 102 108
f 108 102 100
f 108 100 106
f 104 110 111
f 104 111 105
f 105 111 109
f 105 109 103
f 113 107 108
f 113 108 114
f 114 108 106
f 114 106 112
f 110 116 117
f 110 117 111
f 111 117 115
f 111 115 109
f 119 113 114
f 119 114 120
f 120 114 112
f 120 112 118
f 116 122 123
f 116 123 117
f 117 123 121
f 117 121 115
f 125 119 120
f 125 120 126
f 126 120 118
f 126 118 124
f 122 128 129
f 122 129 123
f 123 129 127
f 123 127 121
f 131 125 126
f 131 126 132
f 132 126 124
f 132 124 130
f 128 134 135
f 128 135 129
f 129 135 133
f 129 133 127
f 137 131 132
f 137 132 138
f 138 132 130
f 138 130 136
f 134 140 141
f 134 141 135
f 135 141 139
f 135 139 133
f 143 137 138
f 143 138 144
f 144 138 136
f 144 136 142
f 140 146 147
f 140 147 141
f 141 147 145
f 141 145 139
f 149 143 144
f 149 144 150
f 150 144 142
f 150 142 148
f 146 152 153
f 146 153 147
f 147 153 151
f 147 151 145
f 155 149 150
f 155 150 156
f 156 150 148
f 156 148 154
f 152 158 159
f 152 159 153
f 153 159 157
f 153 157 151
f 161 155 156
f 161 156 162
f 162 156 154
f 162 154 160
f 158 164 165
f 158 165 159
f 159 165 163
f 159 163 157
f 167 161 162
f 167 162 168
f 168 162 160
f 168 160 166
f 164 170 171
f 164 171 165
f 165 171 169
f 165 169 163
f 173 167 168
f 173 168 174
f 174 168 166
f 174 166 172
f 170 176 177
f 170 177 171
f 171 177 175
f 171 175 169
f 179 173 174
f 179 174 180
f 180 174 172
f 180 172 178
f 176 182 183
f 176 183 177
f 177 183 181
f 177 181 175
f 185 179 180
f 185 180 186
f 186 180 178
f 186 178 184
f 182 188 189
f 182 189 183
f 183 189 187
f 183 187 181
f 191 185 186
f 191 186 192
f 192 186 184
f 192 184 190
f 188 194 195
f 188 195 189
f 189 195 193
f 189 193 187
f 197 191 192
f 197 192 198
f 198 192 190
f 198 190 196
f 194 200 201
f 194 201 195
f 195 201 199
f 195 199 193
f 203 197 198
f 203 198 204
f 204 198 196
f 204 196 202
f 200 206 207
f 200 207 201
f 201 207 205
f 201 205 199
f 209 203 204
f 209 204 210
f 210 204 202
f 210 202 208
f 206 212 213
f 206 213 207
f 207 213 211
f 207 211 205
f 215 209 210
f 215 210 216
f 216 210 208
f 216 208 214
f 212 218 219
f 212 219 213
f 213 219 217
f 213 217 211
f 221 215 216
f 221 216 222
f 222 216 214
f 222 214 220
f 218 224 225
f 218 225 219
f 219 225 223
f 219 223 217
f 227 221 222
f 227 222 228
f 228 222 220
f 228 220 226
f 224 230 231
f 224 231 225
f 225 231 229
f 225 229 223
f 233 227 228
f 233 228 234
f 234 228 226
f 234 226 232
f 230 236 237
f 230 237 231
f 231 237 235
f 231 235 229
f 239 233 234
f 239 234 240
f 240 234 232
f 240 232 238
f 236 242 243
f 236 243 237
f 237 243 241
f 237 241 235
f 245 239 240
f 245 240 246
f 246 240 238
f 246 238 244
f 242 248 249
f 242 249 243
f 243 249 247
f 243 247 241
f 251 245 246
f 251 246 252
f 252 246 244
f 252 244 250
f 248 254 255
f 248 255 249
f 249 255 253
f 249 253 247
f 257 251 252
f 257 252 258
f 258 252 250
f 258 250 256
f 254 260 261
f 254 261 255
f 255 261 259
f 255 259 253
f 263 257 258
f 263 258 264
f 264 258 256
f 264 256 262
f 260 266 267
f 260 267 261
f 261 267 265
f 261 265 259
f 269 263 264
f 269 264 270
f 270 264 262
f 270 262 268
f 266 272 273
f 266 273 267
f 267 273 271
f 267 271 265
f 275 269 270
f 275 270 276
f 276 270 268
f 276 268 274
f 272 278 279
f 272 279 273
f 273 279 277
f 273 277 271
f 281 275 276
f 281 276 282
f 282 276 274
f 282 274 280
f 278 284 285
f 278 285 279
f 279 285 283
f 279 283 277
f 287 281 282
f 287 282 288
f 288 282 280
f 288 280 286
f 284 2 3
f 284 3 285
f 285 3 1
f 285 1 283
f 5 287 288
f 5 288 6
f 6 288 286
f 6 286 4
f 283 1 7
f 7 13 19
f 19 25 31
f 31 37 43
f 43 49 55
f 55 61 67
f 67 73 79
f 79 85 91
f 91 97 103
f 103 109 115
f 115 121 127
f 127 133 139
f 139 145 151
f 151 157 163
f 163 169 175
f 175 181 187
f 187 193 199
f 199 205 211
f 211 217 223
f 223 229 235
f 235 241 247
f 247 253 259
f 259 265 271
f 271 277 283
f 283 7 19
f 19 31 43
f 43 55 67
f 67 79 91
f 91 103 115
f 115 127 139
f 139 151 163
f 163 175 187
f 187 199 211
f 211 223 235
f 235 247 259
f 259 271 283
f 283 19 43
f 43 67 91
f 91 115 139
f 139 163 187
f 187 211 235
f 235 259 283
f 283 43 91
f 91 139 187
f 187 235 283
f 91 187 283
f 2 5 11
f 2 11 8
f 284 287 5
f 284 5 2
f 16 10 4
f 4 286 280
f 280 274 268
f 268 262 256
f 256 250 244
f 244 238 232
f 232 226 220
f 220 214 208
f 208 202 196
f 196 190 184
f 184 178 172
f 172 166 160
f 160 154 148
f 148 142 136
f 136 130 124
f 124 118 112
f 112 106 100
f 100 94 88
f 88 82 76
f 76 70 64
f 64 58 52
f 52 46 40
f 40 34 28
f 28 22 16
f 16 4 280
f 280 268 256
f 256 244 232
f 232 220 208
f 208 196 184
f 184 172 160
f 160 148 136
f 136 124 112
f 112 100 88
f 88 76 64
f 64 52 40
f 40 28 16
f 16 280 256
f 256 232 208
f 208 184 160
f 160 136 112
f 112 88 64
f 64 40 16
f 16 256 208
f 208 160 112
f 112 64 16
f 208 112 16
f 8 11 17
f 8 17 14
f 14 17 23
f 14 23 20
f 20 23 29
f 20 29 26
f 26 29 35
f 26 35 32
f 32 35 41
f 32 41 38
f 38 41 47
f 38 47 44
f 44 47 53
f 44 53 50
f 50 53 59
f 50 59 56
f 56 59 65
f 56 65 62
f 62 65 71
f 62 71 68
f 68 71 77
f 68 77 74
f 74 77 83
f 74 83 80
f 80 83 89
f 80 89 86
f 86 89 95
f 86 95 92
f 92 95 101
f 92 101 98
f 98 101 107
f 98 107 104
f 104 107 113
f 104 113 110
f 110 113 119
f 110 119 116
f 116 119 125
f 116 125 122
f 122 125 131
f 122 131 128
f 128 131 137
f 128 137 134
f 134 137 143
f 134 143 140
f 140 143 149
f 140 149 146
f 146 149 155
f 146 155 152
f 152 155 161
f 152 161 158
f 158 161 167
f 158 167 164
f 164 167 173
f 164 173 170
f 170 173 179
f 170 179 176
f 176 179 185
f 176 185 182
f 182 185 191
f 182 191 188
f 188 191 197
f 188 197 194
f 194 197 203
f 194 203 200
f 200 203 209
f 200 209 206
f 206 209 215
f 206 215 212
f 212 215 221
f 212 221 218
f 218 221 227
f 218 227 224
f 224 227 233
f 224 233 230
f 230 233 239
f 230 239 236
f 236 239 245
f 236 245 242
f 242 245 251
f 242 251 248
f 248 251 257
f 248 257 254
f 254 257 263
f 254 263 260
f 260 263 269
f 260 269 266
f 266 269 275
f 266 275 272
f 272 275 281
f 272 281 278
f 278 281 287
f 278 287 284
f 290 296 297
f 290 297 291
f 291 297 295
f 291 295 289
f 299 293 294
f 299 294 300
f 300 294 292
f 300 292 298
f 296 302 303
f 296 303 297
f 297 303 301
f 297 301 295
f 305 299 300
f 305 300 306
f 306 300 298
f 306 298 304
f 302 308 309
f 302 309 303
f 303 309 307
f 303 307 301
f 311 305 306
f 311 306 312
f 312 306 304
f 312 304 310
f 308 314 315
f 308 315 309
f 309 315 313
f 309 313 307
f 317 311 312
f 317 312 318
f 318 312 310
f 318 310 316
f 314 320 321
f 314 321 315
f 315 321 319
f 315 319 313
f 323 317 318
f 323 318 324
f 324 318 316
f 324 316 322
f 320 326 327
f 320 327 321
f 321 327 325
f 321 325 319
f 329 323 324
f 329 324 330
f 330 324 322
f 330 322 328
f 326 332 333
f 326 333 327
f 327 333 331
f 327 331 325
f 335 329 330
f 335 330 336
f 336 330 328
f 336 328 334
f 332 338 339
f 332 339 333
f 333 339 337
f 333 337 331
f 341 335 336
f 341 336 342
f 342 336 334
f 342 334 340
f 338 344 345
f 338 345 339
f 339 345 343
f 339 343 337
f 347 341 342
f 347 342 348
f 348 342 340
f 348 340 346
f 344 350 351
f 344 351 345
f 345 351 349
f 345 349 343
f 353 347 348
f 353 348 354
f 354 348 346
f 354 346 352
f 350 356 357
f 350 357 351
f 351 357 355
f 351 355 349
f 359 353 354
f 359 354 360
f 360 354 352
f 360 352 358
f 356 362 363
f 356 363 357
f 357 363 361
f 357 361 355
f 365 359 360
f 365 360 366
f 366 360 358
f 366 358 364
f 362 368 369
f 362 369 363
f 363 369 367
f 363 367 361
f 371 365 366
f 371 366 372
f 372 366 364
f 372 364 370
f 368 374 375
f 368 375 369
f 369 375 373
f 369 373 367
f 377 371 372
f 377 372 378
f 378 372 370
f 378 370 376
f 374 380 381
f 374 381 375
f 375 381 379
f 375 379 373
f 383 377 378
f 383 378 384
f 384 378 376
f 384 376 382
f 380 386 387
f 380 387 381
f 381 387 385
f 381 385 379
f 389 383 384
f 389 384 390
f 390 384 382
f 390 382 388
f 386 392 393
f 386 393 387
f 387 393 391
f 387 391 385
f 395 389 390
f 395 390 396
f 396 390 388
f 396 388 394
f 392 398 399
f 392 399 393
f 393 399 397
f 393 397 391
f 401 395 396
f 401 396 402
f 402 396 394
f 402 394 400
f 398 404 405
f 398 405 399
f 399 405 403
f 399 403 397
f 407 401 402
f 407 402 408
f 408 402 400
f 408 400 406
f 404 410 411
f 404 411 405
f 405 411 409
f 405 409 403
f 413 407 408
f 413 408 414
f 414 408 406
f 414 406 412
f 410 416 417
f 410 417 411
f 411 417 415
f 411 415 409
f 419 413 414
f 419 414 420
f 420 414 412
f 420 412 418
f 416 422 423
f 416 423 417
f 417 423 421
f 417 421 415
f 425 419 420
f 425 420 426
f 426 420 418
f 426 418 424
f 422 428 429
f 422 429 423
f 423 429 427
f 423 427 421
f 431 425 426
f 431 426 432
f 432 426 424
f 432 424 430
f 428 434 435
f 428 435 429
f 429 435 433
f 429 433 427
f 437 431 432
f 437 432 438
f 438 432 430
f 438 430 436
f 434 440 441
f 434 441 435
f 435 441 439
f 435 439 433
f 443 437 438
f 443 438 444
f 444 438 436
f 444 436 442
f 440 446 447
f 440 447 441
f 441 447 445
f 441 445 439
f 449 443 444
f 449 444 450
f 450 444 442
f 450 442 448
f 446 452 453
f 446 453 447
f 447 453 451
f 447 451 445
f 455 449 450
f 455 450 456
f 456 450 448
f 456 448 454
f 452 458 459
f 452 459 453
f 453 459 457
f 453 457 451
f 461 455 456
f 461 456 462
f 462 456 454
f 462 454 460
f 458 464 465
f 458 465 459
f 459 465 463
f 459 463 457
f 467 461 462
f 467 462 468
f 468 462 460
f 468 460 466
f 464 470 471
f 464 471 465
f 465 471 469
f 465 469 463
f 473 467 468
f 473 468 474
f 474 468 466
f 474 466 472
f 470 476 477
f 470 477 471
f 471 477 475
f 471 475 469
f 479 473 474
f 479 474 480
f 480 474 472
f 480 472 478
f 476 482 483
f 476 483 477
f 477 483 481
f 477 481 475
f 485 479 480
f 485 480 486
f 486 480 478
f 486 478 484
f 482 488 489
f 482 489 483
f 483 489 487
f 483 487 481
f 491 485 486
f 491 486 492
f 492 486 484
f 492 484 490
f 488 494 495
f 488 495 489
f 489 495 493
f 489 493 487
f 497 491 492
f 497 492 498
f 498 492 490
f 498 490 496
f 494 500 501
f 494 501 495
f 495 501 499
f 495 499 493
f 503 497 498
f 503 498 504
f 504 498 496
f 504 496 502
f 500 506 507
f 500 507 501
f 501 507 505
f 501 505 499
f 509 503 504
f 509 504 510
f 510 504 502
f 510 502 508
f 506 512 513
f 506 513 507
f 507 513 511
f 507 511 505
f 515 509 510
f 515 510 516
f 516 510 508
f 516 508 514
f 512 518 519
f 512 519 513
f 513 519 517
f 513 517 511
f 521 515 516
f 521 516 522
f 522 516 514
f 522 514 520
f 518 524 525
f 518 525 519
f 519 525 523
f 519 523 517
f 527 521 522
f 527 522 528
f 528 522 520
f 528 520 526
f 524 530 531
f 524 531 525
f 525 531 529
f 525 529 523
f 533 527 528
f 533 528 534
f 534 528 526
f 534 526 532
f 530 536 537
f 530 537 531
f 531 537 535
f 531 535 529
f 539 533 534
f 539 534 540
f 540 534 532
f 540 532 538
f 536 542 543
f 536 543 537
f 537 543 541
f 537 541 535
f 545 539 540
f 545 540 546
f 546 540 538
f 546 538 544
f 542 548 549
f 542 549 543
f 543 549 547
f 543 547 541
f 551 545 546
f 551 546 552
f 552 546 544
f 552 544 550
f 548 554 555
f 548 555 549
f 549 555 553
f 549 553 547
f 557 551 552
f 557 552 558
f 558 552 550
f 558 550 556
f 554 560 561
f 554 561 555
f 555 561 559
f 555 559 553
f 563 557 558
f 563 558 564
f 564 558 556
f 564 556 562
f 560 566 567
f 560 567 561
f 561 567 565
f 561 565 559
f 569 563 564
f 569 564 570
f 570 564 562
f 570 562 568
f 566 572 573
f 566 573 567
f 567 573 571
f 567 571 565
f 575 569 570
f 575 570 576
f 576 570 568
f 576 568 574
f 572 290 291
f 572 291 573
f 573 291 289
f 573 289 571
f 293 575 576
f 293 576 294
f 294 576 574
f 294 574 292
f 571 289 295
f 295 301 307
f 307 313 319
f 319 325 331
f 331 337 343
f 343 349 355
f 355 361 367
f 367 373 379
f 379 385 391
f 391 397 403
f 403 409 415
f 415 421 427
f 427 433 439
f 439 445 451
f 451 457 463
f 463 469 475
f 475 481 487
f 487 493 499
f 499 505 511
f 511 517 523
f 523 529 535
f 535 541 547
f 547 553 559
f 559 565 571
f 571 295 307
f 307 319 331
f 331 343 355
f 355 367 379
f 379 391 403
f 403 415 427
f 427 439 451
f 451 463 475
f 475 487 499
f 499 511 523
f 523 535 547
f 547 559 571
f 571 307 331
f 331 355 379
f 379 403 427
f 427 451 475
f 475 499 523
f 523 547 571
f 571 331 379
f 379 427 475
f 475 523 571
f 379 475 571
f 290 293 299
f 290 299 296
f 572 575 293
f 572 293 290
f 304 298 292
f 292 574 568
f 568 562 556
f 556 550 544
f 544 538 532
f 532 526 520
f 520 514 508
f 508 502 496
f 496 490 484
f 484 478 472
f 472 466 460
f 460 454 448
f 448 442 436
f 436 430 424
f 424 418 412
f 412 406 400
f 400 394 388
f 388 382 376
f 376 370 364
f 364 358 352
f 352 346 340
f 340 334 328
f 328 322 316
f 316 310 304
f 304 292 568
f 568 556 544
f 544 532 520
f 520 508 496
f 496 484 472
f 472 460 448
f 448 436 424
f 424 412 400
f 400 388 376
f 376 364 352
f 352 340 328
f 328 316 304
f 304 568 544
f 544 520 496
f 496 472 448
f 448 424 400
f 400 376 352
f 352 328 304
f 304 544 496
f 496 448 400
f 400 352 304
f 496 400 304
f 296 299 305
f 296 305 302
f 302 305 311
f 302 311 308
f 308 311 317
f 308 317 314
f 314 317 323
f 314 323 320
f 320 323 329
f 320 329 326
f 326 329 335
f 326 335 332
f 332 335 341
f 332 341 338
f 338 341 347
f 338 347 344
f 344 347 353
f 344 353 350
f 350 353 359
f 350 359 356
f 356 359 365
f 356 365 362
f 362 365 371
f 362 371 368
f 368 371 377
f 368 377 374
f 374 377 383
f 374 383 380
f 380 383 389
f 380 389 386
f 386 389 395
f 386 395 392
f 392 395 401
f 392 401 398
f 398 401 407
f 398 407 404
f 404 407 413
f 404 413 410
f 410 413 419
f 410 419 416
f 416 419 425
f 416 425 422
f 422 425 431
f 422 431 428
f 428 431 437
f 428 437 434
f 434 437 443
f 434 443 440
f 440 443 449
f 440 449 446
f 446 449 455
f 446 455 452
f 452 455 461
f 452 461 458
f 458 461 467
f 458 467 464
f 464 467 473
f 464 473 470
f 470 473 479
f 470 479 476
f 476 479 485
f 476 485 482
f 482 485 491
f 482 491 488
f 488 491 497
f 488 497 494
f 494 497 503
f 494 503 500
f 500 503 509
f 500 509 506
f 506 509 515
f 506 515 512
f 512 515 521
f 512 521 518
f 518 521 527
f 518 527 524
f 524 527 533
f 524 533 530
f 530 533 539
f 530 539 536
f 536 539 545
f 536 545 542
f 542 545 551
f 542 551 548
f 548 551 557
f 548 557 554
f 554 557 563
f 554 563 560
f 560 563 569
f 560 569 566
f 566 569 575
f 566 575 572
f 578 584 585
f 578 585 579
f 579 585 583
f 579 583 577
f 587 581 582
f 587 582 588
f 588 582 580
f 588 580 586
f 584 590 591
f 584 591 585
f 585 591 589
f 585 589 583
f 593 587 588
f 593 588 594
f 594 588 586
f 594 586 592
f 590 596 597
f 590 597 591
f 591 597 595
f 591 595 589
f 599 593 594
f 599 594 600
f 600 594 592
f 600 592 598
f 596 602 603
f 596 603 597
f 597 603 601
f 597 601 595
f 605 599 600
f 605 600 606
f 606 600 598
f 606 598 604
f 602 608 609
f 602 609 603
f 603 609 607
f 603 607 601
f 611 605 606
f 611 606 612
f 612 606 604
f 612 604 610
f 608 614 615
f 608 615 609
f 609 615 613
f 609 613 607
f 617 611 612
f 617 612 618
f 618 612 610
f 618 610 616
f 614 620 621
f 614 621 615
f 615 621 619
f 615 619 613
f 623 617 618
f 623 618 624
f 624 618 616
f 624 616 622
f 620 626 627
f 620 627 621
f 621 627 625
f 621 625 619
f 629 623 624
f 629 624 630
f 630 624 622
f 630 622 628
f 626 632 633
f 626 633 627
f 627 633 631
f 627 631 625
f 635 629 630
f 635 630 636
f 636 630 628
f 636 628 634
f 632 638 639
f 632 639 633
f 633 639 637
f 633 637 631
f 641 635 636
f 641 636 642
f 642 636 634
f 642 634 640
f 638 644 645
f 638 645 639
f 639 645 643
f 639 643 637
f 647 641 642
f 647 642 648
f 648 642 640
f 648 640 646
f 644 650 651
f 644 651 645
f 645 651 649
f 645 649 643
f 653 647 648
f 653 648 654
f 654 648 646
f 654 646 652
f 650 656 657
f 650 657 651
f 651 657 655
f 651 655 649
f 659 653 654
f 659 654 660
f 660 654 652
f 660 652 658
f 656 662 663
f 656 663 657
f 657 663 661
f 657 661 655
f 665 659 660
f 665 660 666
f 666 660 658
f 666 658 664
f 662 668 669
f 662 669 663
f 663 669 667
f 663 667 661
f 671 665 666
f 671 666 672
f 672 666 664
f 672 664 670
f 668 674 675
f 668 675 669
f 669 675 673
f 669 673 667
f 677 671 672
f 677 672 678
f 678 672 670
f 678 670 676
f 674 680 681
f 674 681 675
f 675 681 679
f 675 679 673
f 683 677 678
f 683 678 684
f 684 678 676
f 684 676 682
f 680 686 687
f 680 687 681
f 681 687 685
f 681 685 679
f 689 683 684
f 689 684 690
f 690 684 682
f 690 682 688
f 686 692 693
f 686 693 687
f 687 693 691
f 687 691 685
f 695 689 690
f 695 690 696
f 696 690 688
f 696 688 694
f 692 698 699
f 692 699 693
f 693 699 697
f 693 697 691
f 701 695 696
f 701 696 702
f 702 696 694
f 702 694 700
f 698 704 705
f 698 705 699
f 699 705 703
f 699 703 697
f 707 701 702
f 707 702 708
f 708 702 700
f 708 700 706
f 704 710 711
f 704 711 705
f 705 711 709
f 705 709 703
f 713 707 708
f 713 708 714
f 714 708 706
f 714 706 712
f 710 716 717
f 710 717 711
f 711 717 715
f 711 715 709
f 719 713 714
f 719 714 720
f 720 714 712
f 720 712 718
f 716 722 723
f 716 723 717
f 717 723 721
f 717 721 715
f 725 719 720
f 725 720 726
f 726 720 718
f 726 718 724
f 722 728 729
f 722 729 723
f 723 729 727
f 723 727 721
f 731 725 726
f 731 726 732
f 732 726 724
f 732 724 730
f 728 734 735
f 728 735 729
f 729 735 733
f 729 733 727
f 737 731 732
f 737 732 738
f 738 732 730
f 738 730 736
f 734 740 741
f 734 741 735
f 735 741 739
f 735 739 733
f 743 737 738
f 743 738 744
f 744 738 736
f 744 736 742
f 740 746 747
f 740 747 741
f 741 747 745
f 741 745 739
f 749 743 744
f 749 744 750
f 750 744 742
f 750 742 748
f 746 752 753
f 746 753 747
f 747 753 751
f 747 751 745
f 755 749 750
f 755 750 756
f 756 750 748
f 756 748 754
f 752 758 759
f 752 759 753
f 753 759 757
f 753 757 751
f 761 755 756
f 761 756 762
f 762 756 754
f 762 754 760
f 758 764 765
f 758 765 759
f 759 765 763
f 759 763 757
f 767 761 762
f 767 762 768
f 768 762 760
f 768 760 766
f 764 770 771
f 764 771 765
f 765 771 769
f 765 769 763
f 773 767 768
f 773 768 774
f 774 768 766
f 774 766 772
f 770 776 777
f 770 777 771
f 771 777 775
f 771 775 769
f 779 773 774
f 779 774 780
f 780 774 772
f 780 772 778
f 776 782 783
f 776 783 777
f 777 783 781
f 777 781 775
f 785 779 780
f 785 780 786
f 786 780 778
f 786 778 784
f 782 788 789
f 782 789 783
f 783 789 787
f 783 787 781
f 791 785 786
f 791 786 792
f 792 786 784
f 792 784 790
f 788 794 795
f 788 795 789
f 789 795 793
f 789 793 787
f 797 791 792
f 797 792 798
f 798 792 790
f 798 790 796
f 794 800 801
f 794 801 795
f 795 801 799
f 795 799 793
f 803 797 798
f 803 798 804
f 804 798 796
f 804 796 802
f 800 806 807
f 800 807 801
f 801 807 805
f 801 805 799
f 809 803 804
f 809 804 810
f 810 804 802
f 810 802 808
f 806 812 813
f 806 813 807
f 807 813 811
f 807 811 805
f 815 809 810
f 815 810 816
f 816 810 808
f 816 808 814
f 812 818 819
f 812 819 813
f 813 819 817
f 813 817 811
f 821 815 816
f 821 816 822
f 822 816 814
f 822 814 820
f 818 824 825
f 818 825 819
f 819 825 823
f 819 823 817
f 827 821 822
f 827 822 828
f 828 822 820
f 828 820 826
f 824 830 831
f 824 831 825
f 825 831 829
f 825 829 823
f 833 827 828
f 833 828 834
f 834 828 826
f 834 826 832
f 830 836 837
f 830 837 831
f 831 837 835
f 831 835 829
f 839 833 834
f 839 834 840
f 840 834 832
f 840 832 838
f 836 842 843
f 836 843 837
f 837 843 841
f 837 841 835
f 845 839 840
f 845 840 846
f 846 840 838
f 846 838 844
f 842 848 849
f 842 849 843
f 843 849 847
f 843 847 841
f 851 845 846
f 851 846 852
f 852 846 844
f 852 844 850
f 848 854 855
f 848 855 849
f 849 855 853
f 849 853 847
f 857 851 852
f 857 852 858
f 858 852 850
f 858 850 856
f 854 860 861
f 854 861 855
f 855 861 859
f 855 859 853
f 863 857 858
f 863 858 864
f 864 858 856
f 864 856 862
f 860 578 579
f 860 579 861
f 861 579 577
f 861 577 859
f 581 863 864
f 581 864 582
f 582 864 862
f 582 862 580
f 859 577 583
f 583 589 595
f 595 601 607
f 607 613 619
f 619 625 631
f 631 637 643
f 643 649 655
f 655 661 667
f 667 673 679
f 679 685 691
f 691 697 703
f 703 709 715
f 715 721 727
f 727 733 739
f 739 745 751
f 751 757 763
f 763 769 775
f 775 781 787
f 787 793 799
f 799 805 811
f 811 817 823
f 823 829 835
f 835 841 847
f 847 853 859
f 859 583 595
f 595 607 619
f 619 631 643
f 643 655 667
f 667 679 691
f 691 703 715
f 715 727 739
f 739 751 763
f 763 775 787
f 787 799 811
f 811 823 835
f 835 847 859
f 859 595 619
f 619 643 667
f 667 691 715
f 715 739 763
f 763 787 811
f 811 835 859
f 859 619 667
f 667 715 763
f 763 811 859
f 667 763 859
f 578 581 587
f 578 587 584
f 860 863 581
f 860 581 578
f 592 586 580
f 580 862 856
f 856 850 844
f 844 838 832
f 832 826 820
f 820 814 808
f 808 802 796
f 796 790 784
f 784 778 772
f 772 766 760
f 760 754 748
f 748 742 736
f 736 730 724
f 724 718 712
f 712 706 700
f 700 694 688
f 688 682 676
f 676 670 664
f 664 658 652
f 652 646 640
f 640 634 628
f 628 622 616
f 616 610 604
f 604 598 592
f 592 580 856
f 856 844 832
f 832 820 808
f 808 796 784
f 784 772 760
f 760 748 736
f 736 724 712
f 712 700 688
f 688 676 664
f 664 652 640
f 640 628 616
f 616 604 592
f 592 856 832
f 832 808 784
f 784 760 736
f 736 712 688
f 688 664 640
f 640 616 592
f 592 832 784
f 784 736 688
f 688 640 592
f 784 688 592
f 584 587 593
f 584 593 590
f 590 593 599
f 590 599 596
f 596 599 605
f 596 605 602
f 602 605 611
f 602 611 608
f 608 611 617
f 608 617 614
f 614 617 623
f 614 623 620
f 620 623 629
f 620 629 626
f 626 629 635
f 626 635 632
f 632 635 641
f 632 641 638
f 638 641 647
f 638 647 644
f 644 647 653
f 644 653 650
f 650 653 659
f 650 659 656
f 656 659 665
f 656 665 662
f 662 665 671
f 662 671 668
f 668 671 677
f 668 677 674
f 674 677 683
f 674 683 680
f 680 683 689
f 680 689 686
f 686 689 695
f 686 695 692
f 692 695 701
f 692 701 698
f 698 701 707
f 698 707 704
f 704 707 713
f 704 713 710
f 710 713 719
f 710 719 716
f 716 719 725
f 716 725 722
f 722 725 731
f 722 731 728
f 728 731 737
f 728 737 734
f 734 737 743
f 734 743 740
f 740 743 749
f 740 749 746
f 746 749 755
f 746 755 752
f 752 755 761
f 752 761 758
f 758 761 767
f 758 767 764
f 764 767 773
f 764 773 770
f 770 773 779
f 770 779 776
f 776 779 785
f 776 785 782
f 782 785 791
f 782 791 788
f 788 791 797
f 788 797 794
f 794 797 803
f 794 803 800
f 800 803 809
f 800 809 806
f 806 809 815
f 806 815 812
f 812 815 821
f 812 821 818
f 818 821 827
f 818 827 824
f 824 827 833
f 824 833 830
f 830 833 839
f 830 839 836
f 836 839 845
f 836 845 842
f 842 845 851
f 842 851 848
f 848 851 857
f 848 857 854
f 854 857 863
f 854 863 860
f 866 872 873
f 866 873 867
f 867 873 871
f 867 871 865
f 875 869 870
f 875 870 876
f 876 870 868
f 876 868 874
f 872 878 879
f 872 879 873
f 873 879 877
f 873 877 871
f 881 875 876
f 881 876 882
f 882 876 874
f 882 874 880
f 878 884 885
f 878 885 879
f 879 885 883
f 879 883 877
f 887 881 882
f 887 882 888
f 888 882 880
f 888 880 886
f 884 890 891
f 884 891 885
f 885 891 889
f 885 889 883
f 893 887 888
f 893 888 894
f 894 888 886
f 894 886 892
f 890 896 897
f 890 897 891
f 891 897 895
f 891 895 889
f 899 893 894
f 899 894 900
f 900 894 892
f 900 892 898
f 896 902 903
f 896 903 897
f 897 903 901
f 897 901 895
f 905 899 900
f 905 900 906
f 906 900 898
f 906 898 904
f 902 908 909
f 902 909 903
f 903 909 907
f 903 907 901
f 911 905 906
f 911 906 912
f 912 906 904
f 912 904 910
f 908 914 915
f 908 915 909
f 909 915 913
f 909 913 907
f 917 911 912
f 917 912 918
f 918 912 910
f 918 910 916
f 914 920 921
f 914 921 915
f 915 921 919
f 915 919 913
f 923 917 918
f 923 918 924
f 924 918 916
f 924 916 922
f 920 926 927
f 920 927 921
f 921 927 925
f 921 925 919
f 929 923 924
f 929 924 930
f 930 924 922
f 930 922 928
f 926 932 933
f 926 933 927
f 927 933 931
f 927 931 925
f 935 929 930
f 935 930 936
f 936 930 928
f 936 928 934
f 932 938 939
f 932 939 933
f 933 939 937
f 933 937 931
f 941 935 936
f 941 936 942
f 942 936 934
f 942 934 940
f 938 944 945
f 938 945 939
f 939 945 943
f 939 943 937
f 947 941 942
f 947 942 948
f 948 942 940
f 948 940 946
f 944 950 951
f 944 951 945
f 945 951 949
f 945 949 943
f 953 947 948
f 953 948 954
f 954 948 946
f 954 946 952
f 950 956 957
f 950 957 951
f 951 957 955
f 951 955 949
f 959 953 954
f 959 954 960
f 960 954 952
f 960 952 958
f 956 962 963
f 956 963 957
f 957 963 961
f 957 961 955
f 965 959 960
f 965 960 966
f 966 960 958
f 966 958 964
f 962 968 969
f 962 969 963
f 963 969 967
f 963 967 961
f 971 965 966
f 971 966 972
f 972 966 964
f 972 964 970
f 968 974 975
f 968 975 969
f 969 975 973
f 969 973 967
f 977 971 972
f 977 972 978
f 978 972 970
f 978 970 976
f 974 980 981
f 974 981 975
f 975 981 979
f 975 979 973
f 983 977 978
f 983 978 984
f 984 978 976
f 984 976 982
f 980 986 987
f 980 987 981
f 981 987 985
f 981 985 979
f 989 983 984
f 989 984 990
f 990 984 982
f 990 982 988
f 986 992 993
f 986 993 987
f 987 993 991
f 987 991 985
f 995 989 990
f 995 990 996
f 996 990 988
f 996 988 994
f 992 998 999
f 992 999 993
f 993 999 997
f 993 997 991
f 1001 995 996
f 1001 996 1002
f 1002 996 994
f 1002 994 1000
f 998 1004 1005
f 998 1005 999
f 999 1005 1003
f 999 1003 997
f 1007 1001 1002
f 1007 1002 1008
f 1008 1002 1000
f 1008 1000 1006
f 1004 1010 1011
f 1004 1011 1005
f 1005 1011 1009
f 1005 1009 1003
f 1013 1007 1008
f 1013 1008 1014
f 1014 1008 1006
f 1014 1006 1012
f 1010 1016 1017
f 1010 1017 1011
f 1011 1017 1015
f 1011 1015 1009
f 1019 1013 1014
f 1019 1014 1020
f 1020 1014 1012
f 1020 1012 1018
f 1016 1022 1023
f 1016 1023 1017
f 1017 1023 1021
f 1017 1021 1015
f 1025 1019 1020
f 1025 1020 1026
f 1026 1020 1018
f 1026 1018 1024
f 1022 1028 1029
f 1022 1029 1023
f 1023 1029 1027
f 1023 1027 1021
f 1031 1025 1026
f 1031 1026 1032
f 1032 1026 1024
f 1032 1024 1030
f 1028 1034 1035
f 1028 1035 1029
f 1029 1035 1033
f 1029 1033 1027
f 1037 1031 1032
f 1037 1032 1038
f 1038 1032 1030
f 1038 1030 1036
f 1034 1040 1041
f 1034 1041 1035
f 1035 1041 1039
f 1035 1039 1033
f 1043 1037 1038
f 1043 1038 1044
f 1044 1038 1036
f 1044 1036 1042
f 1040 1046 1047
f 1040 1047 1041
f 1041 1047 1045
f 1041 1045 1039
f 1049 1043 1044
f 1049 1044 1050
f 1050 1044 1042
f 1050 1042 1048
f 1046 1052 1053
f 1046 1053 1047
f 1047 1053 1051
f 1047 1051 1045
f 1055 1049 1050
f 1055 1050 1056
f 1056 1050 1048
f 1056 1048 1054
f 1052 1058 1059
f 1052 1059 1053
f 1053 1059 1057
f 1053 1057 1051
f 1061 1055 1056
f 1061 1056 1062
f 1062 1056 1054
f 1062 1054 1060
f 1058 1064 1065
f 1058 1065 1059
f 1059 1065 1063
f 1059 1063 1057
f 1067 1061 1062
f 1067 1062 1068
f 1068 1062 1060
f 1068 1060 1066
f 1064 1070 1071
f 1064 1071 1065
f 1065 1071 1069
f 1065 1069 1063
f 1073 1067 1068
f 1073 1068 1074
f 1074 1068 1066
f 1074 1066 1072
f 1070 1076 1077
f 1070 1077 1071
f 1071 1077 1075
f 1071 1075 1069
f 1079 1073 1074
f 1079 1074 1080
f 1080 1074 1072
f 1080 1072 1078
f 1076 1082 1083
f 1076 1083 1077
f 1077 1083 1081
f 1077 1081 1075
f 1085 1079 1080
f 1085 1080 1086
f 1086 1080 1078
f 1086 1078 1084
f 1082 1088 1089
f 1082 1089 1083
f 1083 1089 1087
f 1083 1087 1081
f 1091 1085 1086
f 1091 1086 1092
f 1092 1086 1084
f 1092 1084 1090
f 1088 1094 1095
f 1088 1095 1089
f 1089 1095 1093
f 1089 1093 1087
f 1097 1091 1092
f 1097 1092 1098
f 1098 1092 1090
f 1098 1090 1096
f 1094 1100 1101
f 1094 1101 1095
f 1095 1101 1099
f 1095 1099 1093
f 1103 1097 1098
f 1103 1098 1104
f 1104 1098 1096
f 1104 1096 1102
f 1100 1106 1107
f 1100 1107 1101
f 1101 1107 1105
f 1101 1105 1099
f 1109 1103 1104
f 1109 1104 1110
f 1110 1104 1102
f 1110 1102 1108
f 1106 1112 1113
f 1106 1113 1107
f 1107 1113 1111
f 1107 1111 1105
f 1115 1109 1110
f 1115 1110 1116
f 1116 1110 1108
f 1116 1108 1114
f 1112 1118 1119
f 1112 1119 1113
f 1113 1119 1117
f 1113 1117 1111
f 1121 1115 1116
f 1121 1116 1122
f 1122 1116 1114
f 1122 1114 1120
f 1118 1124 1125
f 1118 1125 1119
f 1119 1125 1123
f 1119 1123 1117
f 1127 1121 1122
f 1127 1122 1128
f 1128 1122 1120
f 1128 1120 1126
f 1124 1130 1131
f 1124 1131 1125
f 1125 1131 1129
f 1125 1129 1123
f 1133 1127 1128
f 1133 1128 1134
f 1134 1128 1126
f 1134 1126 1132
f 1130 1136 1137
f 1130 1137 1131
f 1131 1137 1135
f 1131 1135 1129
f 1139 1133 1134
f 1139 1134 1140
f 1140 1134 1132
f 1140 1132 1138
f 1136 1142 1143
f 1136 1143 1137
f 1137 1143 1141
f 1137 1141 1135
f 1145 1139 1140
f 1145 1140 1146
f 1146 1140 1138
f 1146 1138 1144
f 1142 1148 1149
f 1142 1149 1143
f 1143 1149 1147
f 1143 1147 1141
f 1151 1145 1146
f 1151 1146 1152
f 1152 1146 1144
f 1152 1144 1150
f 1148 866 867
f 1148 867 1149
f 1149 867 865
f 1149 865 1147
f 869 1151 1152
f 869 1152 870
f 870 1152 1150
f 870 1150 868
f 1147 865 871
f 871 877 883
f 883 889 895
f 895 901 907
f 907 913 919
f 919 925 931
f 931 937 943
f 943 949 955
f 955 961 967
f 967 973 979
f 979 985 991
f 991 997 1003
f 1003 1009 1015
f 1015 1021 1027
f 1027 1033 1039
f 1039 1045 1051
f 1051 1057 1063
f 1063 1069 1075
f 1075 1081 1087
f 1087 1093 1099
f 1099 1105 1111
f 1111 1117 1123
f 1123 1129 1135
f 1135 1141 1147
f 1147 871 883
f 883 895 907
f 907 919 931
f 931 943 955
f 955 967 979
f 979 991 1003
f 1003 1015 1027
f 1027 1039 1051
f 1051 1063 1075
f 1075 1087 1099
f 1099 1111 1123
f 1123 1135 1147
f 1147 883 907
f 907 931 955
f 955 979 1003
f 1003 1027 1051
f 1051 1075 1099
f 1099 1123 1147
f 1147 907 955
f 955 1003 1051
f 1051 1099 1147
f 955 1051 1147
f 866 869 875
f 866 875 872
f 1148 1151 869
f 1148 869 866
f 880 874 868
f 868 1150 1144
f 1144 1138 1132
f 1132 1126 1120
f 1120 1114 1108
f 1108 1102 1096
f 1096 1090 1084
f 1084 1078 1072
f 1072 1066 1060
f 1060 1054 1048
f 1048 1042 1036
f 1036 1030 1024
f 1024 1018 1012
f 1012 1006 1000
f 1000 994 988
f 988 982 976
f 976 970 964
f 964 958 952
f 952 946 940
f 940 934 928
f 928 922 916
f 916 910 904
f 904 898 892
f 892 886 880
f 880 868 1144
f 1144 1132 1120
f 1120 1108 1096
f 1096 1084 1072
f 1072 1060 1048
f 1048 1036 1024
f 1024 1012 1000
f 1000 988 976
f 976 964 952
f 952 940 928
f 928 916 904
f 904 892 880
f 880 1144 1120
f 1120 1096 1072
f 1072 1048 1024
f 1024 1000 976
f 976 952 928
f 928 904 880
f 880 1120 1072
f 1072 1024 976
f 976 928 880
f 1072 976 880
f 872 875 881
f 872 881 878
f 878 881 887
f 878 887 884
f 884 887 893
f 884 893 890
f 890 893 899
f 890 899 896
f 896 899 905
f 896 905 902
f 902 905 911
f 902 911 908
f 908 911 917
f 908 917 914
f 914 917 923
f 914 923 920
f 920 923 929
f 920 929 926
f 926 929 935
f 926 935 932
f 932 935 941
f 932 941 938
f 938 941 947
f 938 947 944
f 944 947 953
f 944 953 950
f 950 953 959
f 950 959 956
f 956 959 965
f 956 965 962
f 962 965 971
f 962 971 968
f 968 971 977
f 968 977 974
f 974 977 983
f 974 983 980
f 980 983 989
f 980 989 986
f 986 989 995
f 986 995 992
f 992 995 1001
f 992 1001 998
f 998 1001 1007
f 998 1007 1004
f 1004 1007 1013
f 1004 1013 1010
f 1010 1013 1019
f 1010 1019 1016
f 1016 1019 1025
f 1016 1025 1022
f 1022 1025 1031
f 1022 1031 1028
f 1028 1031 1037
f 1028 1037 1034
f 1034 1037 1043
f 1034 1043 1040
f 1040 1043 1049
f 1040 1049 1046
f 1046 1049 1055
f 1046 1055 1052
f 1052 1055 1061
f 1052 1061 1058
f 1058 1061 1067
f 1058 1067 1064
f 1064 1067 1073
f 1064 1073 1070
f 1070 1073 1079
f 1070 1079 1076
f 1076 1079 1085
f 1076 1085 1082
f 1082 1085 1091
f 1082 1091 1088
f 1088 1091 1097
f 1088 1097 1094
f 1094 1097 1103
f 1094 1103 1100
f 1100 1103 1109
f 1100 1109 1106
f 1106 1109 1115
f 1106 1115 1112
f 1112 1115 1121
f 1112 1121 1118
f 1118 1121 1127
f 1118 1127 1124
f 1124 1127 1133
f 1124 1133 1130
f 1130 1133 1139
f 1130 1139 1136
f 1136 1139 1145
f 1136 1145 1142
f 1142 1145 1151
f 1142 1151 1148
f 1154 1160 1161
f 1154 1161 1155
f 1155 1161 1159
f 1155 1159 1153
f 1163 1157 1158
f 1163 1158 1164
f 1164 1158 1156
f 1164 1156 1162
f 1160 1166 1167
f 1160 1167 1161
f 1161 1167 1165
f 1161 1165 1159
f 1169 1163 1164
f 1169 1164 1170
f 1170 1164 1162
f 1170 1162 1168
f 1166 1172 1173
f 1166 1173 1167
f 1167 1173 1171
f 1167 1171 1165
f 1175 1169 1170
f 1175 1170 1176
f 1176 1170 1168
f 1176 1168 1174
f 1172 1178 1179
f 1172 1179 1173
f 1173 1179 1177
f 1173 1177 1171
f 1181 1175 1176
f 1181 1176 1182
f 1182 1176 1174
f 1182 1174 1180
f 1178 1184 1185
f 1178 1185 1179
f 1179 1185 1183
f 1179 1183 1177
f 1187 1181 1182
f 1187 1182 1188
f 1188 1182 1180
f 1188 1180 1186
f 1184 1190 1191
f 1184 1191 1185
f 1185 1191 1189
f 1185 1189 1183
f 1193 1187 1188
f 1193 1188 1194
f 1194 1188 1186
f 1194 1186 1192
f 1190 1196 1197
f 1190 1197 1191
f 1191 1197 1195
f 1191 1195 1189
f 1199 1193 1194
f 1199 1194 1200
f 1200 1194 1192
f 1200 1192 1198
f 1196 1202 1203
f 1196 1203 1197
f 1197 1203 1201
f 1197 1201 1195
f 1205 1199 1200
f 1205 1200 1206
f 1206 1200 1198
f 1206 1198 1204
f 1202 1208 1209
f 1202 1209 1203
f 1203 1209 1207
f 1203 1207 1201
f 1211 1205 1206
f 1211 1206 1212
f 1212 1206 1204
f 1212 1204 1210
f 1208 1214 1215
f 1208 1215 1209
f 1209 1215 1213
f 1209 1213 1207
f 1217 1211 1212
f 1217 1212 1218
f 1218 1212 1210
f 1218 1210 1216
f 1214 1220 1221
f 1214 1221 1215
f 1215 1221 1219
f 1215 1219 1213
f 1223 1217 1218
f 1223 1218 1224
f 1224 1218 1216
f 1224 1216 1222
f 1220 1226 1227
f 1220 1227 1221
f 1221 1227 1225
f 1221 1225 1219
f 1229 1223 1224
f 1229 1224 1230
f 1230 1224 1222
f 1230 1222 1228
f 1226 1232 1233
f 1226 1233 1227
f 1227 1233 1231
f 1227 1231 1225
f 1235 1229 1230
f 1235 1230 1236
f 1236 1230 1228
f 1236 1228 1234
f 1232 1238 1239
f 1232 1239 1233
f 1233 1239 1237
f 1233 1237 1231
f 1241 1235 1236
f 1241 1236 1242
f 1242 1236 1234
f 1242 1234 1240
f 1238 1244 1245
f 1238 1245 1239
f 1239 1245 1243
f 1239 1243 1237
f 1247 1241 1242
f 1247 1242 1248
f 1248 1242 1240
f 1248 1240 1246
f 1244 1250 1251
f 1244 1251 1245
f 1245 1251 1249
f 1245 1249 1243
f 1253 1247 1248
f 1253 1248 1254
f 1254 1248 1246
f 1254 1246 1252
f 1250 1256 1257
f 1250 1257 1251
f 1251 1257 1255
f 1251 1255 1249
f 1259 1253 1254
f 1259 1254 1260
f 1260 1254 1252
f 1260 1252 1258
f 1256 1262 1263
f 1256 1263 1257
f 1257 1263 1261
f 1257 1261 1255
f 1265 1259 1260
f 1265 1260 1266
f 1266 1260 1258
f 1266 1258 1264
f 1262 1268 1269
f 1262 1269 1263
f 1263 1269 1267
f 1263 1267 1261
f 1271 1265 1266
f 1271 1266 1272
f 1272 1266 1264
f 1272 1264 1270
f 1268 1274 1275
f 1268 1275 1269
f 1269 1275 1273
f 1269 1273 1267
f 1277 1271 1272
f 1277 1272 1278
f 1278 1272 1270
f 1278 1270 1276
f 1274 1280 1281
f 1274 1281 1275
f 1275 1281 1279
f 1275 1279 1273
f 1283 1277 1278
f 1283 1278 1284
f 1284 1278 1276
f 1284 1276 1282
f 1280 1286 1287
f 1280 1287 1281
f 1281 1287 1285
f 1281 1285 1279
f 1289 1283 1284
f 1289 1284 1290
f 1290 1284 1282
f 1290 1282 1288
f 1286 1292 1293
f 1286 1293 1287
f 1287 1293 1291
f 1287 1291 1285
f 1295 1289 1290
f 1295 1290 1296
f 1296 1290 1288
f 1296 1288 1294
f 1292 1298 1299
f 1292 1299 1293
f 1293 1299 1297
f 1293 1297 1291
f 1301 1295 1296
f 1301 1296 1302
f 1302 1296 1294
f 1302 1294 1300
f 1298 1304 1305
f 1298 1305 1299
f 1299 1305 1303
f 1299 1303 1297
f 1307 1301 1302
f 1307 1302 1308
f 1308 1302 1300
f 1308 1300 1306
f 1304 1310 1311
f 1304 1311 1305
f 1305 1311 1309
f 1305 1309 1303
f 1313 1307 1308
f 1313 1308 1314
f 1314 1308 1306
f 1314 1306 1312
f 1310 1316 1317
f 1310 1317 1311
f 1311 1317 1315
f 1311 1315 1309
f 1319 1313 1314
f 1319 1314 1320
f 1320 1314 1312
f 1320 1312 1318
f 1316 1322 1323
f 1316 1323 1317
f 1317 1323 1321
f 1317 1321 1315
f 1325 1319 1320
f 1325 1320 1326
f 1326 1320 1318
f 1326 1318 1324
f 1322 1328 1329
f 1322 1329 1323
f 1323 1329 1327
f 1323 1327 1321
f 1331 1325 1326
f 1331 1326 1332
f 1332 1326 1324
f 1332 1324 1330
f 1328 1334 1335
f 1328 1335 1329
f 1329 1335 1333
f 1329 1333 1327
f 1337 1331 1332
f 1337 1332 1338
f 1338 1332 1330
f 1338 1330 1336
f 1334 1340 1341
f 1334 1341 1335
f 1335 1341 1339
f 1335 1339 1333
f 1343 1337 1338
f 1343 1338 1344
f 1344 1338 1336
f 1344 1336 1342
f 1340 1346 1347
f 1340 1347 1341
f 1341 1347 1345
f 1341 1345 1339
f 1349 1343 1344
f 1349 1344 1350
f 1350 1344 1342
f 1350 1342 1348
f 1346 1352 1353
f 1346 1353 1347
f 1347 1353 1351
f 1347 1351 1345
f 1355 1349 1350
f 1355 1350 1356
f 1356 1350 1348
f 1356 1348 1354
f 1352 1358 1359
f 1352 1359 1353
f 1353 1359 1357
f 1353 1357 1351
f 1361 1355 1356
f 1361 1356 1362
f 1362 1356 1354
f 1362 1354 1360
f 1358 1364 1365
f 1358 1365 1359
f 1359 1365 1363
f 1359 1363 1357
f 1367 1361 1362
f 1367 1362 1368
f 1368 1362 1360
f 1368 1360 1366
f 1364 1370 1371
f 1364 1371 1365
f 1365 1371 1369
f 1365 1369 1363
f 1373 1367 1368
f 1373 1368 1374
f 1374 1368 1366
f 1374 1366 1372
f 1370 1376 1377
f 1370 1377 1371
f 1371 1377 1375
f 1371 1375 1369
f 1379 1373 1374
f 1379 1374 1380
f 1380 1374 1372
f 1380 1372 1378
f 1376 1382 1383
f 1376 1383 1377
f 1377 1383 1381
f 1377 1381 1375
f 1385 1379 1380
f 1385 1380 1386
f 1386 1380 1378
f 1386 1378 1384
f 1382 1388 1389
f 1382 1389 1383
f 1383 1389 1387
f 1383 1387 1381
f 1391 1385 1386
f 1391 1386 1392
f 1392 1386 1384
f 1392 1384 1390
f 1388 1394 1395
f 1388 1395 1389
f 1389 1395 1393
f 1389 1393 1387
f 1397 1391 1392
f 1397 1392 1398
f 1398 1392 1390
f 1398 1390 1396
f 1394 1400 1401
f 1394 1401 1395
f 1395 1401 1399
f 1395 1399 1393
f 1403 1397 1398
f 1403 1398 1404
f 1404 1398 1396
f 1404 1396 1402
f 1400 1406 1407
f 1400 1407 1401
f 1401 1407 1405
f 1401 1405 1399
f 1409 1403 1404
f 1409 1404 1410
f 1410 1404 1402
f 1410 1402 1408
f 1406 1412 1413
f 1406 1413 1407
f 1407 1413 1411
f 1407 1411 1405
f 1415 1409 1410
f 1415 1410 1416
f 1416 1410 1408
f 1416 1408 1414
f 1412 1418 1419
f 1412 1419 1413
f 1413 1419 1417
f 1413 1417 1411
f 1421 1415 1416
f 1421 1416 1422
f 1422 1416 1414
f 1422 1414 1420
f 1418 1424 1425
f 1418 1425 1419
f 1419 1425 1423
f 1419 1423 1417
f 1427 1421 1422
f 1427 1422 1428
f 1428 1422 1420
f 1428 1420 1426
f 1424 1430 1431
f 1424 1431 1425
f 1425 1431 1429
f 1425 1429 1423
f 1433 1427 1428
f 1433 1428 1434
f 1434 1428 1426
f 1434 1426 1432
f 1430 1436 1437
f 1430 1437 1431
f 1431 1437 1435
f 1431 1435 1429
f 1439 1433 1434
f 1439 1434 1440
f 1440 1434 1432
f 1440 1432 1438
f 1436 1154 1155
f 1436 1155 1437
f 1437 1155 1153
f 1437 1153 1435
f 1157 1439 1440
f 1157 1440 1158
f 1158 1440 1438
f 1158 1438 1156
f 1435 1153 1159
f 1159 1165 1171
f 1171 1177 1183
f 1183 1189 1195
f 1195 1201 1207
f 1207 1213 1219
f 1219 1225 1231
f 1231 1237 1243
f 1243 1249 1255
f 1255 1261 1267
f 1267 1273 1279
f 1279 1285 1291
f 1291 1297 1303
f 1303 1309 1315
f 1315 1321 1327
f 1327 1333 1339
f 1339 1345 1351
f 1351 1357 1363
f 1363 1369 1375
f 1375 1381 1387
f 1387 1393 1399
f 1399 1405 1411
f 1411 1417 1423
f 1423 1429 1435
f 1435 1159 1171
f 1171 1183 1195
f 1195 1207 1219
f 1219 1231 1243
f 1243 1255 1267
f 1267 1279 1291
f 1291 1303 1315
f 1315 1327 1339
f 1339 1351 1363
f 1363 1375 1387
f 1387 1399 1411
f 1411 1423 1435
f 1435 1171 1195
f 1195 1219 1243
f 1243 1267 1291
f 1291 1315 1339
f 1339 1363 1387
f 1387 1411 1435
f 1435 1195 1243
f 1243 1291 1339
f 1339 1387 1435
f 1243 1339 1435
f 1154 1157 1163
f 1154 1163 1160
f 1436 1439 1157
f 1436 1157 1154
f 1168 1162 1156
f 1156 1438 1432
f 1432 1426 1420
f 1420 1414 1408
f 1408 1402 1396
f 1396 1390 1384
f 1384 1378 1372
f 1372 1366 1360
f 1360 1354 1348
f 1348 1342 1336
f 1336 1330 1324
f 1324 1318 1312
f 1312 1306 1300
f 1300 1294 1288
f 1288 1282 1276
f 1276 1270 1264
f 1264 1258 1252
f 1252 1246 1240
f 1240 1234 1228
f 1228 1222 1216
f 1216 1210 1204
f 1204 1198 1192
f 1192 1186 1180
f 1180 1174 1168
f 1168 1156 1432
f 1432 1420 1408
f 1408 1396 1384
f 1384 1372 1360
f 1360 1348 1336
f 1336 1324 1312
f 1312 1300 1288
f 1288 1276 1264
f 1264 1252 1240
f 1240 1228 1216
f 1216 1204 1192
f 1192 1180 1168
f 1168 1432 1408
f 1408 1384 1360
f 1360 1336 1312
f 1312 1288 1264
f 1264 1240 1216
f 1216 1192 1168
f 1168 1408 1360
f 1360 1312 1264
f 1264 1216 1168
f 1360 1264 1168
f 1160 1163 1169
f 1160 1169 1166
f 1166 1169 1175
f 1166 1175 1172
f 1172 1175 1181
f 1172 1181 1178
f 1178 1181 1187
f 1178 1187 1184
f 1184 1187 1193
f 1184 1193 1190
f 1190 1193 1199
f 1190 1199 1196
f 1196 1199 1205
f 1196 1205 1202
f 1202 1205 1211
f 1202 1211 1208
f 1208 1211 1217
f 1208 1217 1214
f 1214 1217 1223
f 1214 1223 1220
f 1220 1223 1229
f 1220 1229 1226
f 1226 1229 1235
f 1226 1235 1232
f 1232 1235 1241
f 1232 1241 1238
f 1238 1241 1247
f 1238 1247 1244
f 1244 1247 1253
f 1244 1253 1250
f 1250 1253 1259
f 1250 1259 1256
f 1256 1259 1265
f 1256 1265 1262
f 1262 1265 1271
f 1262 1271 1268
f 1268 1271 1277
f 1268 1277 1274
f 1274 1277 1283
f 1274 1283 1280
f 1280 1283 1289
f 1280 1289 1286
f 1286 1289 1295
f 1286 1295 1292
f 1292 1295 1301
f 1292 1301 1298
f 1298 1301 1307
f 1298 1307 1304
f 1304 1307 1313
f 1304 1313 1310
f 1310 1313 1319
f 1310 1319 1316
f 1316 1319 1325
f 1316 1325 1322
f 1322 1325 1331
f 1322 1331 1328
f 1328 1331 1337
f 1328 1337 1334
f 1334 1337 1343
f 1334 1343 1340
f 1340 1343 1349
f 1340 1349 1346
f 1346 1349 1355
f 1346 1355 1352
f 1352 1355 1361
f 1352 1361 1358
f 1358 1361 1367
f 1358 1367 1364
f 1364 1367 1373
f 1364 1373 1370
f 1370 1373 1379
f 1370 1379 1376
f 1376 1379 1385
f 1376 1385 1382
f 1382 1385 1391
f 1382 1391 1388
f 1388 1391 1397
f 1388 1397 1394
f 1394 1397 1403
f 1394 1403 1400
f 1400 1403 1409
f 1400 1409 1406
f 1406 1409 1415
f 1406 1415 1412
f 1412 1415 1421
f 1412 1421 1418
f 1418 1421 1427
f 1418 1427 1424
f 1424 1427 1433
f 1424 1433 1430
f 1430 1433 1439
f 1430 1439 1436
f 1442 1448 1449
f 1442 1449 1443
f 1443 1449 1447
f 1443 1447 1441
f 1451 1445 1446
f 1451 1446 1452
f 1452 1446 1444
f 1452 1444 1450
f 1448 1454 1455
f 1448 1455 1449
f 1449 1455 1453
f 1449 1453 1447
f 1457 1451 1452
f 1457 1452 1458
f 1458 1452 1450
f 1458 1450 1456
f 1454 1460 1461
f 1454 1461 1455
f 1455 1461 1459
f 1455 1459 1453
f 1463 1457 1458
f 1463 1458 1464
f 1464 1458 1456
f 1464 1456 1462
f 1460 1466 1467
f 1460 1467 1461
f 1461 1467 1465
f 1461 1465 1459
f 1469 1463 1464
f 1469 1464 1470
f 1470 1464 1462
f 1470 1462 1468
f 1466 1472 1473
f 1466 1473 1467
f 1467 1473 1471
f 1467 1471 1465
f 1475 1469 1470
f 1475 1470 1476
f 1476 1470 1468
f 1476 1468 1474
f 1472 1478 1479
f 1472 1479 1473
f 1473 1479 1477
f 1473 1477 1471
f 1481 1475 1476
f 1481 1476 1482
f 1482 1476 1474
f 1482 1474 1480
f 1478 1484 1485
f 1478 1485 1479
f 1479 1485 1483
f 1479 1483 1477
f 1487 1481 1482
f 1487 1482 1488
f 1488 1482 1480
f 1488 1480 1486
f 1484 1490 1491
f 1484 1491 1485
f 1485 1491 1489
f 1485 1489 1483
f 1493 1487 1488
f 1493 1488 1494
f 1494 1488 1486
f 1494 1486 1492
f 1490 1496 1497
f 1490 1497 1491
f 1491 1497 1495
f 1491 1495 1489
f 1499 1493 1494
f 1499 1494 1500
f 1500 1494 1492
f 1500 1492 1498
f 1496 1502 1503
f 1496 1503 1497
f 1497 1503 1501
f 1497 1501 1495
f 1505 1499 1500
f 1505 1500 1506
f 1506 1500 1498
f 1506 1498 1504
f 1502 1508 1509
f 1502 1509 1503
f 1503 1509 1507
f 1503 1507 1501
f 1511 1505 1506
f 1511 1506 1512
f 1512 1506 1504
f 1512 1504 1510
f 1508 1514 1515
f 1508 1515 1509
f 1509 1515 1513
f 1509 1513 1507
f 1517 1511 1512
f 1517 1512 1518
f 1518 1512 1510
f 1518 1510 1516
f 1514 1520 1521
f 1514 1521 1515
f 1515 1521 1519
f 1515 1519 1513
f 1523 1517 1518
f 1523 1518 1524
f 1524 1518 1516
f 1524 1516 1522
f 1520 1526 1527
f 1520 1527 1521
f 1521 1527 1525
f 1521 1525 1519
f 1529 1523 1524
f 1529 1524 1530
f 1530 1524 1522
f 1530 1522 1528
f 1526 1532 1533
f 1526 1533 1527
f 1527 1533 1531
f 1527 1531 1525
f 1535 1529 1530
f 1535 1530 1536
f 1536 1530 1528
f 1536 1528 1534
f 1532 1538 1539
f 1532 1539 1533
f 1533 1539 1537
f 1533 1537 1531
f 1541 1535 1536
f 1541 1536 1542
f 1542 1536 1534
f 1542 1534 1540
f 1538 1544 1545
f 1538 1545 1539
f 1539 1545 1543
f 1539 1543 1537
f 1547 1541 1542
f 1547 1542 1548
f 1548 1542 1540
f 1548 1540 1546
f 1544 1550 1551
f 1544 1551 1545
f 1545 1551 1549
f 1545 1549 1543
f 1553 1547 1548
f 1553 1548 1554
f 1554 1548 1546
f 1554 1546 1552
f 1550 1556 1557
f 1550 1557 1551
f 1551 1557 1555
f 1551 1555 1549
f 1559 1553 1554
f 1559 1554 1560
f 1560 1554 1552
f 1560 1552 1558
f 1556 1562 1563
f 1556 1563 1557
f 1557 1563 1561
f 1557 1561 1555
f 1565 1559 1560
f 1565 1560 1566
f 1566 1560 1558
f 1566 1558 1564
f 1562 1568 1569
f 1562 1569 1563
f 1563 1569 1567
f 1563 1567 1561
f 1571 1565 1566
f 1571 1566 1572
f 1572 1566 1564
f 1572 1564 1570
f 1568 1574 1575
f 1568 1575 1569
f 1569 1575 1573
f 1569 1573 1567
f 1577 1571 1572
f 1577 1572 1578
f 1578 1572 1570
f 1578 1570 1576
f 1574 1580 1581
f 1574 1581 1575
f 1575 1581 1579
f 1575 1579 1573
f 1583 1577 1578
f 1583 1578 1584
f 1584 1578 1576
f 1584 1576 1582
f 1580 1586 1587
f 1580 1587 1581
f 1581 1587 1585
f 1581 1585 1579
f 1589 1583 1584
f 1589 1584 1590
f 1590 1584 1582
f 1590 1582 1588
f 1586 1592 1593
f 1586 1593 1587
f 1587 1593 1591
f 1587 1591 1585
f 1595 1589 1590
f 1595 1590 1596
f 1596 1590 1588
f 1596 1588 1594
f 1592 1598 1599
f 1592 1599 1593
f 1593 1599 1597
f 1593 1597 1591
f 1601 1595 1596
f 1601 1596 1602
f 1602 1596 1594
f 1602 1594 1600
f 1598 1604 1605
f 1598 1605 1599
f 1599 1605 1603
f 1599 1603 1597
f 1607 1601 1602
f 1607 1602 1608
f 1608 1602 1600
f 1608 1600 1606
f 1604 1610 1611
f 1604 1611 1605
f 1605 1611 1609
f 1605 1609 1603
f 1613 1607 1608
f 1613 1608 1614
f 1614 1608 1606
f 1614 1606 1612
f 1610 1616 1617
f 1610 1617 1611
f 1611 1617 1615
f 1611 1615 1609
f 1619 1613 1614
f 1619 1614 1620
f 1620 1614 1612
f 1620 1612 1618
f 1616 1622 1623
f 1616 1623 1617
f 1617 1623 1621
f 1617 1621 1615
f 1625 1619 1620
f 1625 1620 1626
f 1626 1620 1618
f 1626 1618 1624
f 1622 1628 1629
f 1622 1629 1623
f 1623 1629 1627
f 1623 1627 1621
f 1631 1625 1626
f 1631 1626 1632
f 1632 1626 1624
f 1632 1624 1630
f 1628 1634 1635
f 1628 1635 1629
f 1629 1635 1633
f 1629 1633 1627
f 1637 1631 1632
f 1637 1632 1638
f 1638 1632 1630
f 1638 1630 1636
f 1634 1640 1641
f 1634 1641 1635
f 1635 1641 1639
f 1635 1639 1633
f 1643 1637 1638
f 1643 1638 1644
f 1644 1638 1636
f 1644 1636 1642
f 1640 1646 1647
f 1640 1647 1641
f 1641 1647 1645
f 1641 1645 1639
f 1649 1643 1644
f 1649 1644 1650
f 1650 1644 1642
f 1650 1642 1648
f 1646 1652 1653
f 1646 1653 1647
f 1647 1653 1651
f 1647 1651 1645
f 1655 1649 1650
f 1655 1650 1656
f 1656 1650 1648
f 1656 1648 1654
f 1652 1658 1659
f 1652 1659 1653
f 1653 1659 1657
f 1653 1657 1651
f 1661 1655 1656
f 1661 1656 1662
f 1662 1656 1654
f 1662 1654 1660
f 1658 1664 1665
f 1658 1665 1659
f 1659 1665 1663
f 1659 1663 1657
f 1667 1661 1662
f 1667 1662 1668
f 1668 1662 1660
f 1668 1660 1666
f 1664 1670 1671
f 1664 1671 1665
f 1665 1671 1669
f 1665 1669 1663
f 1673 1667 1668
f 1673 1668 1674
f 1674 1668 1666
f 1674 1666 1672
f 1670 1676 1677
f 1670 1677 1671
f 1671 1677 1675
f 1671 1675 1669
f 1679 1673 1674
f 1679 1674 1680
f 1680 1674 1672
f 1680 1672 1678
f 1676 1682 1683
f 1676 1683 1677
f 1677 1683 1681
f 1677 1681 1675
f 1685 1679 1680
f 1685 1680 1686
f 1686 1680 1678
f 1686 1678 1684
f 1682 1688 1689
f 1682 1689 1683
f 1683 1689 1687
f 1683 1687 1681
f 1691 1685 1686
f 1691 1686 1692
f 1692 1686 1684
f 1692 1684 1690
f 1688 1694 1695
f 1688 1695 1689
f 1689 1695 1693
f 1689 1693 1687
f 1697 1691 1692
f 1697 1692 1698
f 1698 1692 1690
f 1698 1690 1696
f 1694 1700 1701
f 1694 1701 1695
f 1695 1701 1699
f 1695 1699 1693
f 1703 1697 1698
f 1703 1698 1704
f 1704 1698 1696
f 1704 1696 1702
f 1700 1706 1707
f 1700 1707 1701
f 1701 1707 1705
f 1701 1705 1699
f 1709 1703 1704
f 1709 1704 1710
f 1710 1704 1702
f 1710 1702 1708
f 1706 1712 1713
f 1706 1713 1707
f 1707 1713 1711
f 1707 1711 1705
f 1715 1709 1710
f 1715 1710 1716
f 1716 1710 1708
f 1716 1708 1714
f 1712 1718 1719
f 1712 1719 1713
f 1713 1719 1717
f 1713 1717 1711
f 1721 1715 1716
f 1721 1716 1722
f 1722 1716 1714
f 1722 1714 1720
f 1718 1724 1725
f 1718 1725 1719
f 1719 1725 1723
f 1719 1723 1717
f 1727 1721 1722
f 1727 1722 1728
f 1728 1722 1720
f 1728 1720 1726
f 1724 1442 1443
f 1724 1443 1725
f 1725 1443 1441
f 1725 1441 1723
f 1445 1727 1728
f 1445 1728 1446
f 1446 1728 1726
f 1446 1726 1444
f 1723 1441 1447
f 1447 1453 1459
f 1459 1465 1471
f 1471 1477 1483
f 1483 1489 1495
f 1495 1501 1507
f 1507 1513 1519
f 1519 1525 1531
f 1531 1537 1543
f 1543 1549 1555
f 1555 1561 1567
f 1567 1573 1579
f 1579 1585 1591
f 1591 1597 1603
f 1603 1609 1615
f 1615 1621 1627
f 1627 1633 1639
f 1639 1645 1651
f 1651 1657 1663
f 1663 1669 1675
f 1675 1681 1687
f 1687 1693 1699
f 1699 1705 1711
f 1711 1717 1723
f 1723 1447 1459
f 1459 1471 1483
f 1483 1495 1507
f 1507 1519 1531
f 1531 1543 1555
f 1555 1567 1579
f 1579 1591 1603
f 1603 1615 1627
f 1627 1639 1651
f 1651 1663 1675
f 1675 1687 1699
f 1699 1711 1723
f 1723 1459 1483
f 1483 1507 1531
f 1531 1555 1579
f 1579 1603 1627
f 1627 1651 1675
f 1675 1699 1723
f 1723 1483 1531
f 1531 1579 1627
f 1627 1675 1723
f 1531 1627 1723
f 1442 1445 1451
f 1442 1451 1448
f 1724 1727 1445
f 1724 1445 1442
f 1456 1450 1444
f 1444 1726 1720
f 1720 1714 1708
f 1708 1702 1696
f 1696 1690 1684
f 1684 1678 1672
f 1672 1666 1660
f 1660 1654 1648
f 1648 1642 1636
f 1636 1630 1624
f 1624 1618 1612
f 1612 1606 1600
f 1600 1594 1588
f 1588 1582 1576
f 1576 1570 1564
f 1564 1558 1552
f 1552 1546 1540
f 1540 1534 1528
f 1528 1522 1516
f 1516 1510 1504
f 1504 1498 1492
f 1492 1486 1480
f 1480 1474 1468
f 1468 1462 1456
f 1456 1444 1720
f 1720 1708 1696
f 1696 1684 1672
f 1672 1660 1648
f 1648 1636 1624
f 1624 1612 1600
f 1600 1588 1576
f 1576 1564 1552
f 1552 1540 1528
f 1528 1516 1504
f 1504 1492 1480
f 1480 1468 1456
f 1456 1720 1696
f 1696 1672 1648
f 1648 1624 1600
f 1600 1576 1552
f 1552 1528 1504
f 1504 1480 1456
f 1456 1696 1648
f 1648 1600 1552
f 1552 1504 1456
f 1648 1552 1456
f 1448 1451 1457
f 1448 1457 1454
f 1454 1457 1463
f 1454 1463 1460
f 1460 1463 1469
f 1460 1469 1466
f 1466 1469 1475
f 1466 1475 1472
f 1472 1475 1481
f 1472 1481 1478
f 1478 1481 1487
f 1478 1487 1484
f 1484 1487 1493
f 1484 1493 1490
f 1490 1493 1499
f 1490 1499 1496
f 1496 1499 1505
f 1496 1505 1502
f 1502 1505 1511
f 1502 1511 1508
f 1508 1511 1517
f 1508 1517 1514
f 1514 1517 1523
f 1514 1523 1520
f 1520 1523 1529
f 1520 1529 1526
f 1526 1529 1535
f 1526 1535 1532
f 1532 1535 1541
f 1532 1541 1538
f 1538 1541 1547
f 1538 1547 1544
f 1544 1547 1553
f 1544 1553 1550
f 1550 1553 1559
f 1550 1559 1556
f 1556 1559 1565
f 1556 1565 1562
f 1562 1565 1571
f 1562 1571 1568
f 1568 1571 1577
f 1568 1577 1574
f 1574 1577 1583
f 1574 1583 1580
f 1580 1583 1589
f 1580 1589 1586
f 1586 1589 1595
f 1586 1595 1592
f 1592 1595 1601
f 1592 1601 1598
f 1598 1601 1607
f 1598 1607 1604
f 1604 1607 1613
f 1604 1613 1610
f 1610 1613 1619
f 1610 1619 1616
f 1616 1619 1625
f 1616 1625 1622
f 1622 1625 1631
f 1622 1631 1628
f 1628 1631 1637
f 1628 1637 1634
f 1634 1637 1643
f 1634 1643 1640
f 1640 1643 1649
f 1640 1649 1646
f 1646 1649 1655
f 1646 1655 1652
f 1652 1655 1661
f 1652 1661 1658
f 1658 1661 1667
f 1658 1667 1664
f 1664 1667 1673
f 1664 1673 1670
f 1670 1673 1679
f 1670 1679 1676
f 1676 1679 1685
f 1676 1685 1682
f 1682 1685 1691
f 1682 1691 1688
f 1688 1691 1697
f 1688 1697 1694
f 1694 1697 1703
f 1694 1703 1700
f 1700 1703 1709
f 1700 1709 1706
f 1706 1709 1715
f 1706 1715 1712
f 1712 1715 1721
f 1712 1721 1718
f 1718 1721 1727
f 1718 1727 1724
