time_s,qpos_0,qpos_1,qpos_2,qpos_3,qpos_4,qpos_5,qpos_6,qpos_7,qpos_8,qpos_9,qpos_10,qpos_11,qpos_12,qpos_13,qpos_14,qpos_15,qpos_16,qpos_17,qpos_18,qvel_0,qvel_1,qvel_2,qvel_3,qvel_4,qvel_5,qvel_6,qvel_7,qvel_8,qvel_9,qvel_10,qvel_11,qvel_12,qvel_13,qvel_14,qvel_15,qvel_16,qvel_17
0.002,11.9914131164946,24.144958496093782,0.8409607858899374,1.0,-4.499812708592955e-12,8.883076764596433e-10,1.7396758947990646e-13,-0.09999999950349846,7.281619972721033e-11,-5.8119263752653975e-11,0.3000000068492162,-0.1999999999764139,-4.883641072700039e-12,-0.09999999950353931,-6.659194379410316e-11,4.202955582455204e-11,0.3000000068489467,-0.19999999997610982,5.5601224341666816e-12,1.9761061196771117e-08,1.6745897435447068e-11,-0.019607621275427662,-4.4998127085929545e-09,8.883076764596432e-07,1.7396758947990643e-10,9.933088299476368e-07,3.640809986360516e-08,-2.9059631876326988e-08,-2.535856382454682e-06,1.5019091687022979e-06,-2.4418205363500193e-09,9.932884046861547e-07,-3.329597189705158e-08,2.101477791227602e-08,-2.5359911439810646e-06,1.5020612138414436e-06,2.7800612170833406e-09
0.052000000000000005,11.99011555480444,24.14673144253146,0.8273784789610067,0.9999764459475391,0.005468268364588282,0.004058827311442798,0.0008552847928648267,-0.13032927850494136,-0.007894097521095886,0.02560462767775647,0.3539405264485431,-0.20724072081683467,0.011255700004349943,-0.1090178629697696,-0.03800292829430221,-0.01452575880053692,0.2847965469184448,-0.15539634542592964,0.03757008389619925,-0.028961862802816728,0.031151822436639245,-0.46884626038852695,0.14347099846186195,0.18354782430078762,0.16225780334736611,-0.9392910799601402,-0.19378843050457922,0.22894900506542754,1.8006838646586762,0.8661776327694732,-0.3801268884240737,0.19900775271503332,-0.30313707759329717,0.3747521928178258,-0.422434701423818,-3.284680741701527,0.5843292822586545
0.10200000000000001,11.987684239359123,24.14841345629932,0.8175422253156922,0.9999360852828337,-0.002058716720247879,0.01111430940218573,0.00024323079471443409,-0.16569222790239646,0.009432739379966965,0.031626512468214324,0.39787407417219267,-0.25800637118178993,0.0017563700487663813,-0.1777566701125204,-0.02365491389976353,-0.01072837400957268,0.39357501977589104,-0.24169880556416495,0.038968873787588176,-0.03008366326788831,0.0644387404147527,-0.01941015484279252,-0.05063285341191,0.1402048834954452,-0.024636424782567546,-0.6687439574070847,-0.02201330168247827,0.03579651573815116,1.0073510534078878,-0.5307784906092572,0.14866958256893897,-1.0201472692326374,-0.014453994902543017,0.19938501774035636,1.63730633683028,-0.3524003105445193,0.1703004549859295
0.152,11.985656387201969,24.15046559715351,0.8168297934689697,0.9998656145337121,-0.0006090208781504718,0.016204127856379515,-0.0024100222208377374,-0.19410319692258526,0.004685761248745194,0.03788963890666049,0.42791664789436984,-0.2658356909883209,0.01986136896393179,-0.25201456165488134,-0.027110773362166163,0.005813129635341522,0.5276128603237596,-0.3352445653681649,0.07677116390174178,-0.04218617080807491,-0.0029890392074332335,-0.0006970874135578307,0.030694089112284807,0.19495121428464948,-0.17335284889945105,-0.3530995563812527,0.03506626901850787,0.17232514945866437,0.18245985924144092,0.0538748673223897,0.37928230695294185,-1.8715751541548928,0.16735410849024124,0.5945031658113694,3.874343038157494,-2.7509995294931686,-0.19807792435870775
0.202,11.98433654336465,24.14818279267721,0.8174725071245783,0.9998099014119115,-0.0012738054380624251,0.01861049160171224,-0.0056734522780379,-0.20095834797756043,0.01215226844114702,0.042497436594749714,0.42817279733550995,-0.261111871882883,0.030916598677566614,-0.32328387364764494,-0.022783149107861847,0.012624699097732847,0.6699222476278013,-0.43770932183663513,0.05977601065284265,-0.013685487572155777,-0.07784625742388761,0.015873566561551655,-0.03045683874631804,0.03270791853638868,-0.033157943203117615,-0.024565636613082066,0.16918419912399374,-0.011354134546663603,-0.06970338278189162,0.09537762264104599,0.10462859362552637,-0.9189417834136723,0.035544855784093346,-0.03356740560547034,1.6229440066881486,-1.3396970503516914,-0.21784643466089298
0.252,11.983761069328875,24.14312262439834,0.8181796491401799,0.9997706340555653,2.8943045004002814e-05,0.02022994476190895,-0.007030489126831121,-0.20107919899911234,0.018380396004320093,0.04617346228384765,0.41982027401235855,-0.2563861912993331,0.042779190543099734,-0.3624226442829916,-0.024377486486433828,0.008249601300698808,0.7281752801522197,-0.4640641381293206,0.055114493687607,-0.007696260539047686,-0.12370006309236439,0.013658682367265302,0.12663555542428695,0.08995812899518289,-0.05349334732084619,0.00971341882562365,0.0695970950232109,0.10963654273163055,-0.2351102943130719,0.11363780889938534,0.3894448296474527,-0.5892564950571522,-0.10288930963710204,-0.21194123316651928,0.6246420187745015,-0.0885879469997993,-0.03182404089500077
0.302,11.983656504660754,24.13571851811391,0.8186017718637679,0.9996907613107177,0.005404560730721176,0.02273640178269475,-0.00849873562833773,-0.19983532000552728,0.018407067265309877,0.05311489890439623,0.4060499506791745,-0.2493915351024963,0.06600149208669147,-0.37887760982835034,-0.03240121664434108,-0.009063743482786074,0.7273688059167905,-0.45031292316405686,0.055793740486467604,0.0025878557251527374,-0.170165636625103,-0.0017072281313489442,0.3064478970038931,0.106624101704753,-0.05969388155655088,0.029370883605868956,-0.06875529587730202,0.17198175030383064,-0.2755492674634851,0.14193514910191296,0.4802884472207213,-0.10279515655551967,-0.18232169770911966,-0.3999874243731409,-0.52551487911649,0.5412508039572097,0.05913645047722476
0.352,11.98430569586006,24.12632654837265,0.8171775415897884,0.9995258065242024,0.016396555262361917,0.02426464114074199,-0.009515369566187544,-0.19827371725429505,0.008632572313427364,0.06266825500260771,0.3987431993291298,-0.24627015491006424,0.08380223896769383,-0.35808622890602443,-0.04749703219999347,-0.03690225559336562,0.6377345856562346,-0.3689167449661631,0.07818838491347921,0.02550877819302458,-0.199458760460969,-0.06898327402945494,0.5915007792726238,-0.0028156779000788595,0.01827384455441821,0.0016393639363938128,-0.34830970369276104,0.19271209521808744,0.11627000140719515,-0.0944732404444627,0.07745902954909803,1.0366054436512513,-0.39157033839024136,-0.5042864621729656,-3.2847918853740863,2.662668862965436,0.8577322840822663
0.402,11.985406662964966,24.11613478510541,0.8129742915888256,0.9991988573476975,0.031222431140607,0.023094038212044393,-0.009667919516876103,-0.20561402115135097,-0.00906332277256777,0.06597874096462922,0.42329052943577894,-0.25672978475613883,0.07988228080833525,-0.32763652395159193,-0.0579690884807334,-0.03607544921135522,0.542059475259084,-0.25830370059183067,0.026885565175566298,0.017924651168306577,-0.2094119077009995,0.0037690745001762588,0.2672963245749018,-0.07338103445621114,-0.09196313769911829,-0.11247266370396818,-0.04898023848187822,-0.3395852046899638,0.41707602026067675,0.11424546457645349,0.15204397757364674,-0.0936459249128665,0.16518692697410953,0.12201034659202932,0.36739422483681106,-0.2104164251075907,-1.7242758819317974
0.452,11.985602224774198,24.10807566854616,0.815396001861729,0.999002099905894,0.037116560807932845,0.022872275694275686,-0.00969661291229573,-0.24293406721324334,-0.024856433058280523,0.03532296843923476,0.5039542616817392,-0.2968810760473323,0.07354962989107683,-0.3284413884523591,-0.05616788768236708,-0.03343774430309926,0.5459427885124606,-0.26587551765413964,-0.021611403334910097,-0.0067466528248987835,-0.1223293763914291,0.06178804299152654,0.20018757002946708,0.032053055969677606,0.05121032053069029,-1.2376960290058805,-0.5615513055395238,-0.8629192175989568,2.648057235594993,-2.180578100142174,-0.6918582637776246,0.08087786371524688,-0.022476564727125697,0.008067723672572755,-0.2412264533349725,0.08456949812240283,-0.6337254188374842
0.502,11.9855005764108,24.103302591803452,0.8179990695530636,0.9988725905376062,0.04090967939403093,0.022337252235115176,-0.008999620389474541,-0.29748341955099344,-0.04831723777935979,0.007562490833713564,0.615237401200248,-0.3921019390373962,0.036573075241642466,-0.31963683618901634,-0.05704422099898558,-0.0337698501711175,0.5302083221938829,-0.2588332830602508,-0.04371597654390412,0.0037469050844616313,-0.07491495166178233,0.03983615029025642,0.10276150233197878,-0.06461911584326055,0.012741151506708386,-0.842514170613558,-0.3122113255717078,-0.2460169361060602,1.5842764624829933,-1.3918850015184245,-0.6368894391613449,0.23134695764136645,-0.0008636699608832292,-0.02059003833291518,-0.30905842998640487,0.13602125173795512,-0.29986970104577215
0.552,11.985870828029817,24.100489727323062,0.8194423987993013,0.998875833962296,0.04200501887534169,0.020210450593627624,-0.008613036759084034,-0.3271899075756441,-0.05696054673986106,0.004189608420546453,0.6665359938400971,-0.42844964564939475,0.011534459008944729,-0.306985745479407,-0.05604534849346073,-0.03682298586930716,0.5156952340513462,-0.2529240032926768,-0.0541934267862899,0.010724972592613331,-0.039005492827829724,0.021823125667501466,-0.006048873709111582,-0.09647807918361793,0.022841647096918927,-0.34683397988781606,-0.08463027665533038,0.029297314763821393,0.49838677361306366,-0.1855281959434695,-0.3746588402179726,0.27332639549763005,0.041689020129278775,-0.08691949925038128,-0.28913873497165754,0.1124732904876848,-0.14998026205465023
0.602,11.986463967317885,24.09944804791149,0.8203402637388597,0.9989909799632167,0.0404360971920864,0.01781883338325172,-0.008027027648159449,-0.3346089333117296,-0.058680964793998404,0.007708646338688811,0.6757459287885467,-0.4284425178901718,-0.005544306374389481,-0.2925766282283754,-0.05231675145827124,-0.04231432828441141,0.49980962748819413,-0.24651327022931932,-0.06052183434424855,0.011250192391576245,-0.004251744526315708,0.015133358447845042,-0.11642633027464813,-0.08565501606311329,0.03084822699976495,-0.013308683495179517,-0.004796329479465091,0.08716346497336326,0.019462696866982876,0.10530734035109088,-0.3153496806478821,0.2942650724740666,0.10780530502599726,-0.13092634950038445,-0.35337257903860847,0.1507892578616847,-0.10516095566144891
0.652,11.986979586237595,24.100050870474508,0.8211469995633017,0.9992065122459821,0.03583284314644608,0.015910229546635752,-0.0070155422480906145,-0.32928754228821255,-0.05769830704300289,0.011874497922863094,0.6705531496758046,-0.4177165404455211,-0.026556338415098104,-0.2756932777296063,-0.04441749342109637,-0.05043620783557337,0.4765099701394496,-0.235923445793178,-0.0652668222415521,0.009907078724892729,0.02682744895009801,0.0173716255142614,-0.24677781746192878,-0.07065067963414079,0.04391405725541695,0.23681524071132143,0.04670357442492237,0.08842113401260855,-0.2960469062235162,0.2998702575972206,-0.44676114296722025,0.3845583448393293,0.20737134606289265,-0.18483786697204646,-0.5778417142442007,0.27085017348310536,-0.07071993780895652
0.7020000000000001,11.987403648052002,24.10219999439056,0.8219323310835798,0.9994848445774642,0.028066538926866606,0.014414535662482686,-0.005876735000301917,-0.3110486584406368,-0.054208664600932675,0.016643366322928985,0.6416011560307409,-0.3974947440288108,-0.04338687325273501,-0.25507000438443383,-0.03139219061630813,-0.06030941863107333,0.44315171207727894,-0.21992722929956754,-0.06678917522021041,0.005658748015991112,0.05803856960593475,0.011130278767715829,-0.370702351357862,-0.0443164328187558,0.04284941633874989,0.4386469816286752,0.08214414395837337,0.08726159922984515,-0.7797576939643481,0.4482969999422345,-0.22221533729116785,0.41089050343584915,0.30957792244018045,-0.207496429020718,-0.7135661805714051,0.3498995785704887,-0.0009338112761470519
0.752,11.987783646065607,24.105904817753153,0.8222320420226533,0.9997542105731788,0.0170850208089259,0.013201457701141506,-0.005034085788300439,-0.27858576309053973,-0.048631921479950435,0.022516653984025765,0.5698912410497294,-0.3568283242959381,-0.04678816031483601,-0.23234324525450514,-0.012627391203391063,-0.07050905178104898,0.4035447152808634,-0.20063988652135775,-0.06418591716651328,0.00898569698782063,0.08889510494295788,-0.003812100296559081,-0.5070204502507285,-0.05450106652239298,0.011897294105996924,0.8344281248737758,0.13476980440018232,0.12255211133171574,-2.069156641269992,1.175784955722571,0.024696499286206028,0.4608147365783412,0.4401565742175607,-0.1967049566514075,-0.7987606013774067,0.3872421086841466,0.10675914329441892
0.802,11.988156115912306,24.110817230031426,0.8202945028488412,0.9999127107652984,0.001135236422496971,0.011940964612125215,-0.005540347677654817,-0.2303125651883068,-0.0382269077923683,0.019627785002285854,0.43598761677890585,-0.26848595273051146,-0.0472251962708858,-0.21663515608759448,0.01654783337421571,-0.08015689867806527,0.3779427324345545,-0.18834366649884185,-0.055635073499292115,0.002195337137235793,0.09864940603016671,-0.0875239146443714,-0.8149100025153412,-0.04629810905548,-0.07632439236750639,0.8919115372635891,0.32280665889792826,-0.4980593120009542,-2.711287768000823,2.667714491247726,0.3408207562828557,0.08429576622494984,0.7895056250938466,-0.2095186056672383,-0.08321905548428567,0.0388633204579214,0.21438645192664937
0.852,11.987817076612933,24.115854692488586,0.8186383170185637,0.9998443427931955,-0.011622184879237147,0.012112265574803117,-0.00543212902283427,-0.23019252829705866,-0.028846783996160152,0.002843121850712015,0.4205273529569375,-0.20845931556515362,0.03626124278572165,-0.2285934241718178,0.04423503732403166,-0.06790140924933809,0.41112167418752144,-0.24572485533326696,-0.03153900476816086,-0.020643083410379987,0.08833666820573316,0.02263217418847904,-0.2662826105180461,0.08547933059783477,-0.01334480001126297,-0.34814421322495326,0.12201103825825424,-0.10286688443571028,0.5006838611045861,-0.4600624107260485,0.6565750018631229,-1.0099321615778756,0.625947917809924,1.387112974124523,2.585195447280663,-3.0774221629563843,0.3601008706206968
0.902,11.987429355980824,24.11883862899504,0.8205461431511618,0.9997457136582902,-0.017501792994488858,0.012796619969629214,-0.006200143644026221,-0.23377467100443497,-0.020886646945317253,-0.0011505352053052123,0.4254767780435082,-0.21771286688041253,0.056068646685495487,-0.2866301262459102,0.06798802913132446,-0.009562981445354278,0.5714281097955247,-0.36452299941161914,-0.021962382355765565,0.002232853317872252,0.03392731604568157,0.041614202601363025,-0.23735172597075152,0.005987468379587051,-0.01804658898609002,0.036110540029477535,0.2065208528842889,-0.09836448419744158,-0.06341456475354076,-0.02663161451961346,0.22270138302475334,-1.032360030711971,0.2735346280476412,0.6517940559672855,2.635671757841778,-1.5344041442514522,0.17956181585313521
0.9520000000000001,11.987676783116113,24.119503830659625,0.8220797770768039,0.9996325880170525,-0.022679724476747876,0.013334405343854586,-0.006520176846833288,-0.2338957575560979,-0.010456799600759617,-0.0055487027264798676,0.4245773132442327,-0.21793215988157383,0.06293241752398096,-0.3328725638744619,0.07638229527118487,0.014778365100882025,0.6677969143459992,-0.40472330450422156,-0.008267787690363411,0.006559830037148648,-0.002929075551717473,0.019776834617015505,-0.16430276067311042,0.03521258274617936,-0.006570155111732096,-0.04315145736269399,0.18612183669334395,-0.0765903221859919,0.028595548850497733,-0.0016283754553363095,0.07965239173797958,-0.8009980033995423,0.03883938923477652,0.2805106071421081,1.2399956013187352,-0.30057733920817437,0.3119484515850066
1.002,11.988028316604419,24.118592744980013,0.8225446152370991,0.9995575363407487,-0.025125398933311897,0.014473182136808415,-0.006631204392079234,-0.23731883755655325,-0.00352838378572504,-0.007908122715145842,0.4274213544714947,-0.21860367822144086,0.06541199261891183,-0.36666114469146643,0.07398261722881294,0.02088688011509485,0.7050448726311337,-0.41135518989888387,0.007348758270833658,0.007055854677633491,-0.03146065708743012,0.0006763510409937014,-0.0277817845727572,0.05253450404876652,-0.00715978650285423,-0.07897680955789588,0.0850919850695917,-0.011446781580160516,0.06091680606330344,-0.01750221773080745,0.028227680129590316,-0.5650914336773696,-0.10686819164834403,0.008215601262060668,0.4126181669553127,-0.06503335685503019,0.28723292569710945
1.052,11.988310376559353,24.11633864183248,0.8222758684288922,0.9995627388119741,-0.023751722907924065,0.016175550012614115,-0.006966951944732563,-0.2412303525492941,-0.0024983107300465424,-0.006173185429774218,0.4281913416573495,-0.21821361877170403,0.06660748668228159,-0.3895842105057805,0.0652837516201637,0.012620681754088774,0.7189247320297859,-0.41698839813545735,0.021286903265351053,0.005391044035466246,-0.05781857179385765,-0.008864443420337945,0.12939401551074176,0.07924462449259634,-0.02001791132620568,-0.056457281971675405,-0.034036923648354284,0.08094342947831439,-0.0536419893527575,0.04110026451484207,0.010936764951478785,-0.32245150859788246,-0.22693109101144815,-0.32410549768522545,0.12404058346964413,-0.11596881483732774,0.21757136125193088
1.102,11.988609422959456,24.112721148762674,0.8217416027880063,0.9996287856759685,-0.018560253936503356,0.01830382641567315,-0.007923241782620542,-0.24202735763293853,-0.007008428356819461,0.00010512661021686086,0.4206224125210409,-0.21386874527174388,0.06647947959446233,-0.39572080668761633,0.05410858082384365,-0.006309940085820449,0.7138510894392722,-0.416845241341931,0.027878238883824125,0.0054244555800787905,-0.08607489603242478,-0.013739609282840919,0.2787579396459543,0.1010456061460594,-0.04632140799287281,0.003342211093072981,-0.1400850603179653,0.16596634999359244,-0.22097505796916092,0.12062709596524887,-0.018275032001966698,0.05378595792635602,-0.19286671733414706,-0.3709374388935621,-0.308240099094906,0.09821564602708746,0.07068849668125365
1.1520000000000001,11.989084064304084,24.10773953821076,0.8207589953766747,0.9997062427133637,-0.009588856505939467,0.020301511723887493,-0.009128566840578592,-0.2394066836355424,-0.01750981625365744,0.009674692472010476,0.40717100290823394,-0.20703515658264074,0.06411679508003568,-0.3736790373612406,0.042903875359077574,-0.030125122969738342,0.6603744633344277,-0.37853347979453916,0.031845209313377885,0.015328812700872009,-0.11086621721148329,-0.030239126283477375,0.44313543521345233,0.051019624941131485,-0.024023549935930134,0.09215567338668318,-0.29280563159812795,0.2073699371403821,-0.25734120514595876,0.1169402307211381,-0.09426867526928422,0.884832593105942,-0.25418130765223795,-0.5357068262615347,-2.0113853613965578,1.499506474353113,0.1797325431556238
1.202,11.990278042432925,24.1020802862948,0.817340338941644,0.9997473475462286,0.005791739369256295,0.0197913058019176,-0.008944330271972157,-0.2367371527934247,-0.042370412429327306,0.021411551319886205,0.40718579279185724,-0.20926061211576386,0.05498753783195331,-0.30279518084313845,0.026325741991830118,-0.04360464721407631,0.5051547449967861,-0.27456490016080765,0.05375541933040903,0.030782254833554974,-0.10586137106526351,-0.12359693685363966,0.8474579954661817,-0.08468069550996751,0.0775057920105832,-0.04829281846104768,-0.7860604771656999,0.2872055455894543,0.3878626178519157,-0.2739132075720203,-0.23525079304244143,1.7926919099408396,-0.525688018848942,0.15357163779089936,-3.6629557709960445,2.1853597692656366,0.5673662530192278
1.252,11.990921965291385,24.09624082347529,0.8151651099156203,0.9996328281030409,0.01731564014190847,0.017820177040819087,-0.010808278097123206,-0.24636024765786116,-0.05907478138134819,0.02631082417321115,0.4421562075612608,-0.22665277531527825,0.0546872414833177,-0.2845710207043077,0.02144584161779889,-0.029537265572774838,0.46942602292357444,-0.2190567007260664,-0.03884512209951324,-0.0030807911709341525,-0.10623612905980676,0.025100140290780615,0.20798298222487932,-0.028214042247096827,-0.04963692937218979,-0.7735146410297106,-0.14424483846047076,-0.1671750897439325,2.140770060616547,-1.2501389249654646,0.09993011336355707,-0.1807817962262268,0.007255470717145211,0.09928492853237801,0.4583341307408349,-0.41361702362436764,-1.0146638021097165
1.302,11.990849000066563,24.09240212229356,0.8169256865624472,0.9995436826868305,0.022355285821398556,0.017073541621568128,-0.011007350870595404,-0.2958773974796998,-0.06690477324325857,0.01899321575328849,0.5731602977176831,-0.31625164592913296,0.04073194374596699,-0.286448262984551,0.017838989169203595,-0.025662470923857934,0.4775035685397928,-0.2280703784128411,-0.06910339513936464,0.005264732598188389,-0.05521602210060075,0.032854072997658954,0.19127418151723236,-0.050344495376648896,-0.004315289112970674,-0.8685442267923925,-0.11474656969758812,-0.1562613329777763,2.155607107456653,-1.6823077143869107,-0.43040731987219355,0.06377699109181181,-0.10771170870159467,0.07752519319945773,0.015101541595987407,-0.054395088218807675,-0.355717028512801
1.352,11.991405163848148,24.09047478443177,0.8180665172698173,0.9994752914030061,0.026210848049188686,0.015473082834834876,-0.011077771752667033,-0.3283914170728821,-0.06784144957691014,0.014270701199969118,0.6516373171536893,-0.37589248567899425,0.017613638796070172,-0.2819805076055091,0.012360310232121297,-0.0232420409835196,0.4778097815360989,-0.2299276067357315,-0.0793703413603798,0.015513045015095497,-0.023122240467874706,0.015791686681432732,0.12182845909628895,-0.06301082129520655,0.0063446529911143044,-0.4318727252949251,0.04821984837462952,-0.022175116833628362,1.0083276491569861,-0.6422726116254832,-0.3811862236890087,0.09827564052867846,-0.1093228250850624,0.02529454056199708,0.0009116241535972264,-0.02607095818603452,-0.08981544298801948
1.4020000000000001,11.992322363933416,24.090114964050542,0.8186819326776912,0.9994480100018743,0.028039739689566055,0.014073376004885218,-0.010926499405590264,-0.33953290671874575,-0.06448414022228043,0.014009306524097017,0.680856240276896,-0.3916193031874158,0.0020437369710826574,-0.2764786961158901,0.008149184393540558,-0.02293231671820105,0.4760249678999235,-0.23036144046728804,-0.08162479528251941,0.01966192702709791,0.007219956237819953,0.01051007128806181,0.024290663210352306,-0.04305062322821503,0.008936644868373192,-0.06174737929361518,0.0693554298336193,-0.0015448007254398619,0.3009444919441318,-0.12816680865168467,-0.261277144690268,0.12120782836389031,-0.051879207807252144,-0.009759644660049641,-0.08559151027176196,0.01636912439270645,-0.025544364464330983
1.452,11.993253253444138,24.091178593731655,0.8193022204855543,0.9994900403960688,0.026983000265091074,0.013415245933459186,-0.0105644698070461,-0.3366927265140426,-0.0610405991613172,0.013822848892098496,0.6875385064679916,-0.39497974041888734,-0.016526911515912766,-0.268599640097646,0.00808941327632601,-0.024889958859760423,0.46565749830621594,-0.2259812108674943,-0.08310414024397418,0.017727999459779705,0.033932768242527556,0.01502500229938068,-0.10580498042372907,-0.01667308153692508,0.01848280999868879,0.1754519663699927,0.07029980970212685,-0.005261403135024729,-0.043298150034923516,-0.02670427506688833,-0.44434459035315454,0.2056323769601313,0.04925231782101297,-0.06462963966990745,-0.3360215593426126,0.1589493543531256,-0.02130486715322065
1.502,11.994061341914026,24.093533831589465,0.8201269155531127,0.999607850704867,0.022561323045575798,0.013165430530720114,-0.010089744821839637,-0.32063833051304075,-0.05710613049850922,0.013562443063029778,0.6702580862179673,-0.39265308707404295,-0.036145549130876045,-0.2556221525146725,0.013619539986739206,-0.029193617810253442,0.4421824383942174,-0.21450116544334713,-0.08310729404788658,0.013290014635883123,0.05895586131935833,0.015139590748279787,-0.24492817051218718,-0.0025082806841588514,0.017208814548249518,0.42772470652743955,0.0915996722651841,-0.0032468277240289725,-0.6072254708228998,0.12402914413717386,-0.30661582893282197,0.2896016084339329,0.16950426735360502,-0.10735791576042773,-0.5648392968927389,0.28199679152563106,0.022835410305203273
1.552,11.997247684534615,24.097743493989224,0.8209973924492848,0.9996418409101687,0.015565603769792434,0.007526321738531055,-0.020426853945186067,-0.24830963851433654,-0.05598342506308492,0.01749420682812759,0.568941204194713,-0.401794943339018,-0.033686018895315514,-0.2238051403233836,0.0330560141998018,-0.01049993312864839,0.40795130651198613,-0.20416586882456397,-0.0790788961178084,0.08672168092324299,0.09449263425345857,0.011406925641069512,-0.38779462042226837,-0.2835482885990227,-0.5216786655872496,1.7444788385469936,0.010422167232257707,0.03311439172386616,-2.6332797573962217,0.08474999211280515,0.2666917956715467,0.7598127454519885,0.5357003514272797,0.4227429306091498,-0.7905522061111123,0.2510373014269498,0.08925023642980126
1.602,12.001828462808243,24.102652471986037,0.8194396280039465,0.9994008071254052,0.0021338638136008804,0.002460992876767412,-0.0344589154845794,-0.16363379399954806,-0.05319258011269051,0.007879094547960987,0.41856211624855244,-0.3504159124893542,-0.010624450457265323,-0.19906783631500335,0.06683829741479984,0.008242159118884148,0.38871754902070527,-0.19791500793651196,-0.06913236644852166,0.08967248276629183,0.10198175288219614,-0.05702712872270843,-0.5383641441795862,-0.15217159105067007,-0.5290511111590216,0.9868008757275195,0.008211817507513609,-0.5612288653682939,-1.925475123399258,3.524888143975411,1.5476395640181866,0.2001001028899057,0.6430486076269121,0.31015744465430983,0.0670342003488167,-0.06627847044714436,0.29038552591573813
1.6520000000000001,12.007183539436497,24.10721691272127,0.8193555524800575,0.9987996158347126,-0.006525533343761309,0.00027038553300284904,-0.04854556328516787,-0.1345583052470876,-0.04234537264791616,0.013868477193443269,0.3772821614361799,-0.24057640306903713,0.039323042698562585,-0.22502588894735925,0.06953385452465526,-0.006569720816102193,0.4833043410604245,-0.34414278821290206,-0.028601343449363555,0.12013938699841922,0.0736796674426947,0.04335166268518346,-0.17678229251605418,-0.03923501534110288,-0.626342000246675,0.432788747551721,0.22403220772910232,0.45027517071786904,-0.2017643150811361,-0.3407606962983147,0.6950324393727966,-1.3151265216593688,-0.20383212386634203,-0.227879298881903,3.852138837500291,-3.4927845666991337,1.20729103961239
1.702,12.014618288994853,24.10905102600715,0.8216105883142866,0.9978898352708147,-0.011488615127333792,-0.0012427573118396823,-0.06389322295757649,-0.10675298588677468,-0.027018296529575905,0.03633325339771799,0.36287187900603063,-0.25796534525221,0.059037009251522075,-0.29287406809763616,0.06873353234017775,0.007465913343717554,0.6597541673883806,-0.44008123956081374,0.016161194501969105,0.17263408595752083,0.006029119934774575,0.03840361880831182,-0.2238738293793539,-0.06296421885169098,-0.5767517006417417,0.5847347597479482,0.36982737435140306,0.40872031404799997,-0.28627623260695145,-0.29684665016330164,0.20443514747200067,-1.1873458674366226,-0.009940911387820479,0.2605450866065462,2.3531794450715564,-0.9408101028416017,0.6493681633053462
1.752,12.02424727595184,24.108340125545975,0.8228400093995285,0.996682412433221,-0.015778935986323128,-0.0016504705542708577,-0.07982775126724019,-0.07678410449437932,-0.009554201369848187,0.06142164155766049,0.34645540372897415,-0.2708912822850768,0.06387707329433506,-0.35571037348134565,0.06605008099854918,0.019143671893440812,0.7464947961931895,-0.4503995593333035,0.03715005555517373,0.21176767156617102,-0.032452490918913175,0.011877340853933988,-0.11830165603320189,0.01988870847760153,-0.6582005990823938,0.596785437698937,0.3071412272342304,0.5480503757376252,-0.33842872657999495,-0.255361864813053,0.01788473825234248,-1.2554343494858724,-0.1435513721101124,0.05750885509821956,1.1105760861136293,0.07138108914771384,0.33594041846736644
1.802,12.035953451735088,24.10578414905484,0.8227973755804684,0.9951997940776722,-0.01667954768497282,-0.00035006857159653175,-0.09643153015885914,-0.04615350223030794,0.001854733176056964,0.0908925048395972,0.3275573675526079,-0.28405552466887846,0.06253292916129594,-0.4165223486258587,0.05539820544952516,0.013586156331009713,0.7812632796803572,-0.4454268214129403,0.04942947912067282,0.25485211673646563,-0.06907913169050715,-0.012294617679545478,0.02483088958264669,0.0977488818906579,-0.6617273606493774,0.6246051393474734,0.15469864171670475,0.6128994836706538,-0.41480280087776106,-0.27148060017423453,-0.0702457974159427,-1.1533238920184583,-0.25670876432487416,-0.2555017525095718,0.4079223338179832,0.08659735037124008,0.15751191747481227
1.852,12.049835349944995,24.101406680200743,0.8216796995199047,0.9934709377442971,-0.013850790446123511,0.0025497887945039126,-0.11321285279767675,-0.012216441553600474,0.005369887579878356,0.12431754609260393,0.30067839633446203,-0.29543367580969365,0.05798440883115258,-0.4684032051989143,0.037080319261903395,-0.013287092508571316,0.7950054893735538,-0.43700820194531387,0.04880296381268989,0.29928297314533636,-0.10684539010661348,-0.03145175437999798,0.1526591089301523,0.16238147832294617,-0.6695503193649076,0.7336499176430141,0.007170147259754468,0.6952720625058755,-0.6320065381391872,-0.19956763491841953,-0.10758605224336035,-0.8499569811843583,-0.4335997999224324,-0.7552206761032811,0.07450227496207493,0.3502633443128536,-0.1973894329850944
1.9020000000000001,12.06587284936159,24.09480798352849,0.8194625453724157,0.9915484656724044,-0.008898212981431518,0.006031476414477698,-0.12929069309389404,0.025726496246214862,0.003955125771931781,0.15830417113950157,0.26952823433101425,-0.30701579559269526,0.051898944660845325,-0.49565805431389365,0.01724068342006378,-0.05415897144629325,0.7843676841658997,-0.40539141703407444,0.03256872650351014,0.33837958632802495,-0.1562582889713355,-0.05887118637430599,0.20353506779340938,0.17360454050396784,-0.6157514449342425,0.7510122005245838,-0.051868472844181696,0.6506611212477095,-0.5457194713463233,-0.2963552906902651,-0.1305368268683114,-0.25119469528022337,-0.31198024446562495,-0.7860624979718497,-0.46561390995462476,0.7970919674114874,-0.3565766662030713
1.952,12.083571270124756,24.085614907910273,0.8155845054167197,0.989591100012826,-0.0027377047294589486,0.008885522269892018,-0.14360712810376886,0.061093884140748275,0.0003609888939462377,0.18856712944333517,0.2527530233376594,-0.3265818139594877,0.047114377578694695,-0.4848455183056098,0.007452457954367534,-0.09776552493045518,0.7268825236648359,-0.33743035813200545,0.010442275558378072,0.36447764770227986,-0.2099084140950355,-0.10062289894240664,0.2737963204176759,0.1210319637900988,-0.5115897031735847,0.585809274234734,-0.09567783954039957,0.5018004701231435,0.03525724605893988,-0.5466705268620203,-0.10710884438733119,0.6819281590688632,-0.009570804803175965,-0.8543063105199714,-1.86368596028555,1.7656546841958576,-0.4874999710211148
2.0020000000000002,12.102347950870577,24.074403941363716,0.8094964439146742,0.9880632443139883,0.010019546278019435,0.008449679027735489,-0.1534901848732628,0.06622933049809843,-0.015676971190546275,0.19454524100525739,0.3119698622584712,-0.35751734743948804,0.03639579555821612,-0.42351663060628386,0.015588015075578214,-0.11985502795691579,0.592549726929035,-0.2323665138786345,-0.013590210864152403,0.3926244982242372,-0.22683245997455495,-0.14076084042850798,0.8557319658797714,-0.02945176538013425,-0.27891188752573925,-0.41430193827334666,-0.6835508597463199,-0.25757876554726106,2.4409195690886083,-0.5268359571868995,-0.24206571304277708,1.7246827623231284,0.20042301231378562,0.11648184234035067,-3.270333875359715,2.1157960725189238,-0.39935204701961813
2.052,12.1200322713634,24.063291265873982,0.8054248463344573,0.9869240750872936,0.029204773079241953,0.005843692027406357,-0.1584102348523242,-0.015474262863988345,-0.04909962175791916,0.13402469826080995,0.5366075976698343,-0.37115834922780555,0.02234171442386582,-0.3850961826659511,0.024754595484664944,-0.06711709693054785,0.5425243834450167,-0.17925314284514696,-0.08994256993337525,0.3099676211468738,-0.2072770785769896,0.023651937003352174,0.48548457321255467,0.07830465572377969,-0.2856775345231657,-2.3804214832331896,-0.8208229688694968,-2.4122090196110864,5.411254367567921,-1.3323747553270906,-0.372276936554267,-0.15305398157480318,-0.11002092801707755,0.550845030077039,1.2433648797025354,-1.276535900997186,-0.750396506373035
2.102,12.135934297497952,24.05317010916623,0.8078360794523722,0.9855655148205381,0.03826198504835926,0.004055420755957443,-0.16486415638087978,-0.11316180122034905,-0.07439846625566718,0.056014768772882216,0.7247091541175389,-0.4825758885680322,0.005236625027749495,-0.37178381047592685,0.02160836597879233,-0.04539386664566526,0.5758407032251678,-0.2305167879545482,-0.10981955577666012,0.3313143992419595,-0.2029681534492355,0.0565371029476681,0.286635706003122,-0.10778412728396536,-0.3093853342341621,-1.4390791220786385,-0.08840645225351756,-0.7573181768268419,1.9939825405229963,-1.9484728421596769,-0.24744916193752708,0.6081479198813455,0.03428784479290387,0.4221442784919986,0.19300702508185252,-0.7591273297915976,-0.2540651483480168
2.152,12.152995383461507,24.04334578759972,0.8104603027774128,0.9839959372901527,0.04336301565138149,-8.639311367958533e-06,-0.17283415228320573,-0.1743119038426281,-0.07205379954362656,0.03244385922515366,0.7754475678948916,-0.5275529186652705,0.006006223285516317,-0.3343269891678457,0.02458079370448537,-0.025937049511151628,0.5755015255897431,-0.2616470475361031,-0.11790549073112312,0.34804228932292586,-0.1870744398485405,0.045461242490007936,0.19216895703920867,-0.14235758288347033,-0.3331937352237755,-1.1041563854374605,0.09803026116708802,-0.2389243061688153,0.3611196784335909,-0.16898122973320376,0.09725693670247876,0.7954524392026978,0.07179834318651664,0.3758860966953932,-0.09494262209355064,-0.5281517895718306,-0.09419215280573599
2.202,12.170708868864198,24.034476555631844,0.812344702619554,0.9823777739439827,0.04603733684079111,-0.0036499354330571687,-0.18111087998463404,-0.22654595197833763,-0.06887420798704363,0.024892493120312314,0.7796956451572621,-0.5229888601319851,0.006915435798002366,-0.29323023164892,0.02950976858493067,-0.008742759580461733,0.5679416142163835,-0.2860690316972516,-0.12156018670688071,0.3603296155883392,-0.16910400941543532,0.031933082442698955,0.07363290602146237,-0.13892719284124116,-0.3209319220130257,-0.9966939439583896,0.012801963814794058,-0.11134904121928957,-0.04521244863984846,0.2443000457359809,-0.03517677642047391,0.8578473948380927,0.12769291610659916,0.30787584904696896,-0.2154613145289861,-0.4625444491083583,-0.06324657771484192
2.2520000000000002,12.189006421328196,24.02641397987432,0.8138927413767069,0.9809403325867769,0.045606944222960855,-0.006450538133067045,-0.18877092228672823,-0.2743804338803325,-0.06995176920845117,0.02207848748804579,0.7740993445715275,-0.497749530403024,-0.0040495032917115936,-0.2474455074571101,0.03789813476039378,0.004894120892735468,0.5501692910741238,-0.3056358730905326,-0.1247510551633538,0.3722988888289163,-0.1547860578881639,0.030959885031535097,-0.05575931995173328,-0.12056992376980637,-0.28886207351319887,-0.8929730463521592,-0.0542457963489021,-0.016926548819186735,-0.19055194178040688,0.6807170175623145,-0.31441722561903684,0.9818619415919531,0.20017399332949723,0.23982089879997365,-0.4979358605133696,-0.32495735313795754,-0.057016909093737994
2.302,12.20801056898518,24.01898593557721,0.8153614232705373,0.9797409308776565,0.04237178705524322,-0.008203997808663184,-0.19556337705379373,-0.313084376306523,-0.07408277324686048,0.02231500218350868,0.7561483876229402,-0.4588766314629186,-0.01775757306541726,-0.19544205917192062,0.04930209444446136,0.015490782686804814,0.5182206999227014,-0.3187425994753189,-0.12663694164983677,0.3865948749892496,-0.14285957100530497,0.025271951624356664,-0.1635836060095292,-0.08359431207014134,-0.25674374884747647,-0.6612878114781725,-0.0926123601789414,0.03172168479775452,-0.5160026796839609,0.7885640781620421,-0.20750497666093706,1.0681299608973625,0.2529978056521071,0.18941137140837505,-0.7403361880052536,-0.21576407045571197,-0.02051875555982121
2.352,12.22777672284784,24.012037688089325,0.8163849244156804,0.9787447337349339,0.03680933537716059,-0.008341933797907798,-0.20157934208578276,-0.3322973507977966,-0.07665182581214532,0.028176709757258996,0.6987887811768861,-0.402359955135834,-0.021090000129903308,-0.1399340630641076,0.06338783317709076,0.02387735966868199,0.47471416468923816,-0.32617568860327123,-0.12598085464005185,0.4028662479470256,-0.134457023808896,0.011654381794591774,-0.26204135225798286,-0.03241821495974167,-0.22961771018354074,-0.08636782656205608,-0.016120583495960267,0.2130196023598961,-1.859982965442065,1.3821678196241367,0.06682709039743089,1.1130279703358539,0.3038138609321899,0.15197053421208453,-0.929121640248638,-0.11351224505804859,0.06616081747102331
2.402,12.248103941495506,24.005699786927405,0.8156443717595592,0.9779195340236905,0.02900788601956662,-0.0064561881566794835,-0.20685803140813638,-0.3190152098287439,-0.07734838404830144,0.043822083539832496,0.5637131746331393,-0.3218942737841867,-0.01131429474572056,-0.09108713277749034,0.08041056835656997,0.0294454924280546,0.43827497488834455,-0.33524889496412086,-0.11643901722651341,0.40504406136046867,-0.11979157937946028,-0.05208858310365133,-0.4079161469737598,0.035432105269608244,-0.18866129027942186,0.5318974106088815,-0.026905312632533995,0.3350237664182412,-3.249393449712653,1.6604813738710642,0.21974996762935725,0.7635917593915631,0.41426392089435776,0.03485478842461669,-0.37237148308275153,-0.31293962838389283,0.3208601278678469
2.452,12.267549448728493,23.999125627473013,0.8110836467215075,0.9763731431096995,0.012909519352614508,-0.0029550516563325475,-0.21568518121066976,-0.27880956535840745,-0.06690568636871977,0.02723636474610033,0.4259740483652301,-0.1628844924159178,0.025065143401020538,-0.09464799916315049,0.11073381089167006,-0.004487174914137106,0.5008782355911098,-0.3490847614820351,-0.08942397589232103,0.3558518685004276,-0.1354368589135523,-0.10089426811743489,-0.7579414270019433,0.03242827517979727,-0.41825428478990084,0.2359546910970012,0.32176562762372013,-1.046893739562358,-0.14438997176912985,4.378367069000141,0.810842895434416,-1.2233269885962488,0.5783544235416695,-1.3936038748466644,3.304445345389109,-0.16601263676315786,0.6777363837142
2.5020000000000002,12.284550906644329,23.99272098037663,0.8104009860466748,0.9749465802116137,0.00367140653457301,0.000736436716730447,-0.22240760816280378,-0.28078290590367294,-0.04974498710296017,0.01710058261313856,0.4838293485928512,-0.20258530157314372,0.05168565846438072,-0.18264733963023455,0.11540606469274133,-0.03451762925445674,0.7149226907891075,-0.39168076731453744,-0.04131131024964118,0.34925017363592475,-0.15259888007402644,0.02907395488167762,-0.2927365541415923,-0.06992849406108187,-0.2696903590420372,0.3989235839165061,0.3493702894786376,-0.0331792068958077,0.7885357047179365,-1.4541065264481936,0.3926060512163776,-1.6230333927185674,0.01755635620344342,0.28094309202110107,3.645001466545578,-1.2177850755265036,0.6101643840514152
2.552,12.301970757510764,23.983731722275778,0.8122025076104672,0.9732275956504406,-0.0043320376758764975,9.959542350102908e-05,-0.22980267751875477,-0.25017152563427353,-0.028511807866534167,0.017447012606098652,0.5060215779390083,-0.2609534568329824,0.06909618771237022,-0.26200695780290634,0.11246404698428053,-0.011332030427870947,0.8410227690536278,-0.429907621755197,-0.018757180073353218,0.3506007717179714,-0.20452919362748948,0.040375922032651425,-0.3033479158264314,-0.1195251393971572,-0.2943409997322539,0.7867195789613054,0.4557859936779955,0.0037729806633589546,0.15824642426330696,-0.9200928938237485,0.1903508622339053,-1.4801570141478753,-0.17734725962846865,0.4609245543003801,1.3622899220793954,-0.25299219709758186,0.5064915572888616
2.602,12.31951847608049,23.972529647413012,0.8140391325231815,0.9715413094888522,-0.010797300814790724,-0.0007031285535598969,-0.2366229233655073,-0.2073218153952706,-0.0074052711527535856,0.019413259808377156,0.5033867530638457,-0.2972710167031189,0.07037605283789483,-0.33494918405032176,0.09633765998961831,0.006234173493332495,0.8671696775900974,-0.43358926043344365,0.010070668077603241,0.35048367197045877,-0.23973926658738734,0.03039214949268743,-0.16796875107198805,-0.04534123399151882,-0.27981211755498314,0.8861303794862213,0.3666128245772194,0.09881684534359071,-0.21051535832529888,-0.5914765812196039,-0.06797895740129659,-1.4729559466574655,-0.4275435347905849,0.2595484765374723,0.012519159542874862,-0.007018699905688467,0.5636129457256994
2.652,12.33703168875195,23.959930656894088,0.815191487534252,0.9696348134049798,-0.011715476948051069,2.8330347057120972e-05,-0.24427663709483305,-0.16158842736165194,0.0064083647199770655,0.031751099242276294,0.48231452629224375,-0.3185689093845429,0.0625632665206237,-0.4065295677621127,0.06728603113872049,0.007897514859807057,0.8534906852017388,-0.4329948982675013,0.036718375516548184,0.35100202625120497,-0.2638738937362772,0.0158744124842338,0.06914353391752362,0.08340411531967881,-0.3401447763603138,0.9336825856560617,0.17845020064654968,0.3703833379897664,-0.5850497262257474,-0.31630167784699026,-0.10801056458599284,-1.3149116084868724,-0.7291452834497512,-0.24383787416401662,-0.5272160806763336,0.07680201849060492,0.3484822845539049
2.702,12.354669063675844,23.945842561156415,0.8154577214989948,0.9675026444618939,-0.006805179721946438,0.00211504544069251,-0.2527604578864686,-0.11439693533520079,0.00996063436662376,0.05368834410937063,0.4477923969300525,-0.3325784704338425,0.06414215761886274,-0.45873578543344157,0.028301405627038805,-0.016756345965719954,0.8145881603560956,-0.414846460989706,0.0447254861408666,0.35352377133536295,-0.30071473576453317,-0.007819575962140363,0.24864546469903837,0.17436189511523073,-0.35494837209713975,0.9318081044183308,-0.017717595341407814,0.4795755374327236,-0.727857214469375,-0.2868800319825309,0.17380454608656984,-0.7694261828652322,-0.7287007139888735,-0.6062687354715808,-0.944553088821896,0.5847789413905153,0.04666740440605561
2.7520000000000002,12.372548939793278,23.929695934753923,0.8139850345564947,0.9652734433416964,0.002314771694884034,0.004192798545893469,-0.26119770644402157,-0.06776915390755334,0.0038714620008371476,0.07817801913131439,0.4134985082648018,-0.34893597262164255,0.07939889331867103,-0.47056183062564444,-0.005480606305540656,-0.05855740002345125,0.7299408620981517,-0.3428372497086343,0.04540254466795485,0.3597315921285318,-0.34397666159687595,-0.061580110769261696,0.40609798471949426,0.15690427947310434,-0.31553037096584363,0.8730477400551897,-0.21475439416667708,0.45547359720296526,-0.4837168982802725,-0.43695872412244235,0.31329922979373587,0.3337053926960409,-0.5301786713806559,-0.9118042755947149,-2.57776166180106,2.1252186962852804,0.015116695321419652
2.802,12.390638431430652,23.911882529581735,0.8079609091663987,0.9639290010973663,0.017337533289408385,0.0023313888004933584,-0.26558398936896016,-0.0447658617443029,-0.0167952449850255,0.09610816316775536,0.4394444593836288,-0.3736240849818275,0.06439353828225455,-0.42262478873267545,-0.018850082752336232,-0.07505049713453657,0.5570229170412153,-0.22478995184817874,0.04413196128547133,0.3659406361632162,-0.3561105248941331,-0.17551138167605268,0.8590806489949171,-0.005498099158214637,-0.06409656891887407,-0.04630388542497343,-0.7446446060473408,0.000533145541184844,1.6996509272592728,-0.4404072347556931,-0.8647159210490472,1.1279656973663965,-0.03800275473141058,0.7673339870962615,-2.913181145580177,3.7667908077646968,-1.0959376905473162
2.852,12.407020559629322,23.895160955059158,0.8042498657586459,0.962739547419064,0.031292302428983024,-0.001016039006756143,-0.26861184506414504,-0.09153610184363996,-0.04512173426811218,0.06243593649238326,0.5959672491612831,-0.38149775473998204,0.0436034930408616,-0.4147534092543666,-0.015057416960055943,-0.03410752217942276,0.5814262749995015,-0.17294924644406676,-0.03810807792131385,0.30416853244517367,-0.30256444651036035,0.018154382568275895,0.3269657308975572,0.05657761212042364,-0.12607449359504347,-1.458588016095537,-0.6055122760090551,-1.2243705047600428,3.7749651716132258,-1.6809111402537997,0.02081186408461649,-0.00596138492448826,-0.046251697580239594,0.29802509822730733,1.272303206267084,-1.689782533773022,-0.9333274263007525
2.902,12.42268344378211,23.880862087332076,0.8066938565992451,0.9620522681384511,0.036724422848527456,-0.003001849370699585,-0.27036593542171417,-0.15495487858247228,-0.06569696541520333,0.029462274254952542,0.7243506522720928,-0.4904685797014731,0.037535401865103075,-0.39204709138109306,-0.016617556985294647,-0.024445342256053014,0.6079299679628895,-0.23344589352471207,-0.06737833725719417,0.3266990299209558,-0.2767672502965816,0.06448375753113271,0.15489637399130202,-0.11003412730844034,-0.06839757305700367,-1.0036477148782585,-0.22536739620102725,-0.30374305608753294,1.47848801067027,-1.7506722136706612,-0.18922860627847587,0.8065554649225222,0.006486858449397221,0.14163174489322058,0.0323979028113058,-0.8525225247114447,-0.36581855131311997
2.952,12.439583818928707,23.867614077632204,0.8098524100561418,0.9614885661076501,0.038112552057528976,-0.006983656620691189,-0.2720999800810722,-0.19965019918983426,-0.07112755530361986,0.023366006842999852,0.7668384179941888,-0.5350843547312325,0.027551965186397933,-0.3449244194137209,-0.015278329675527993,-0.01919358766864774,0.59917368956679,-0.2671826231858659,-0.07897412998763144,0.34682159123587236,-0.253492957653479,0.0574836949831741,0.04528352193705211,-0.14662371914595493,-0.06004898168306938,-0.8434673654714391,-0.034235138691379875,-0.03295456007536504,0.43154670911254533,-0.22674449591352602,-0.23507017125492405,1.0037696628375448,0.04242330508283234,0.06709263309838387,-0.29207583091698414,-0.5596497403332563,-0.13487343205420532
3.0020000000000002,12.457368845180827,23.855591357943716,0.8122735901252851,0.9610965093867869,0.03710459006549944,-0.01004749140692529,-0.27352476479659243,-0.2412230224216004,-0.07136824935924384,0.021379484305489416,0.7782493373278416,-0.5314540388437244,0.0117351881494362,-0.29433744821264957,-0.012221676979781354,-0.017269487000210706,0.5817238414198411,-0.29271253014534143,-0.0824133568886545,0.36416245910600376,-0.22821469638075725,0.04054951417313841,-0.048028539895625916,-0.11305161915837482,-0.05178552911065898,-0.8259782057706108,0.013021444308294635,-0.05479440016728104,0.10985065263272817,0.26187730445464324,-0.35012798407773,1.0123721589347336,0.07852643074875577,0.020808122410719946,-0.39628749386144824,-0.47750170650321483,-0.018808131558458348
3.052,12.475971103159473,23.844801627049,0.814101136379774,0.9609026305311338,0.034059297462153575,-0.011382357018878029,-0.2745478844271532,-0.2837003272883842,-0.06891398646806614,0.01784221203791493,0.7816622498740177,-0.5037882174266007,-0.012370717562283426,-0.2426128934246651,-0.006860872691767668,-0.01782477823934995,0.5561718344652687,-0.3128326270167244,-0.0823811880204179,0.3797958243100473,-0.20468547688551333,0.03351718908350484,-0.1514842828834179,-0.06300478294030706,-0.025907244348688952,-0.8495714183253256,0.08709881772272175,-0.061624809059390225,-0.007180279432640884,0.7480811153341099,-0.5087665631770898,1.060742837190558,0.133263488385127,-0.0394134390438156,-0.624397861932601,-0.3317307483376991,0.01772177932919849
3.102,12.495435437665208,23.83518945828035,0.8155602561681286,0.960904300385714,0.029133665606723775,-0.01091974431521326,-0.2751270873844421,-0.3223966993851386,-0.06314899588599712,0.016864491724455415,0.7683697074781581,-0.4601513926367953,-0.0328901089635189,-0.18865612397632966,0.000907251240691816,-0.020569185712050388,0.5197170556455689,-0.3262976561736583,-0.08048588989105256,0.39755848205796424,-0.18014654299519603,0.0225114470228517,-0.23270690128000085,-0.008556186128510859,-0.016119038825298797,-0.6906522049995459,0.12445270316921773,0.002930579222598605,-0.5259475875873976,0.8992114508883382,-0.3034793004132005,1.0749189166113697,0.17505269760479492,-0.06560931529758941,-0.7942806107554709,-0.23008026220780833,0.052261474661116726
3.152,12.515839198374863,23.826721844761458,0.8162309029808715,0.9609916705864534,0.022483954675239906,-0.008763048915142528,-0.27552257587959833,-0.34298486927555594,-0.05454477478659768,0.024511013050050903,0.7028186277191016,-0.39263456523769313,-0.04168808911300818,-0.134105223858338,0.011181277123661192,-0.024516831244691725,0.4761984513360077,-0.3355602998474671,-0.07647118615907171,0.4177595589804792,-0.1582746380151693,-0.0011113914334579568,-0.3199404542344721,0.023930855978499258,-0.020128684963950434,-0.10607127255658742,0.196265220333347,0.31696921095782815,-2.1322333979951344,1.7151118429503827,-0.0420032025678559,1.0683549811072144,0.23270652630807043,-0.07817886248468407,-0.8594032615308841,-0.18665793982387663,0.11762105202242704
3.202,12.537014711239184,23.819513678536957,0.8141972741141612,0.960821609211032,0.013297711801680007,-0.005197533359729961,-0.27679955162705194,-0.33046041070657073,-0.048065983547801755,0.04067860280161642,0.5534273544136525,-0.28820928440756394,-0.04461272350091007,-0.09080268568098818,0.02579853249514487,-0.02968457665970357,0.45231802279688,-0.3525676869219206,-0.06724955381868412,0.42329437372524464,-0.13362936904004602,-0.09397943724731006,-0.5176887655123298,0.03357247516797791,-0.10243287817459407,0.5279288421251637,0.06687109092991904,0.1422486139356104,-3.4935863855321996,2.225122465552938,-0.12939384058516418,0.5711291355287409,0.411644673553564,-0.19273631659524834,0.1119565104481008,-0.5566897938998981,0.23948446435203694
3.2520000000000002,12.556741198246181,23.81262764390852,0.809162633486363,0.9596280721975645,-0.0029704870038581117,0.00029558868454121966,-0.2812562032821259,-0.31280370083466924,-0.035572163973081085,0.015934755799874658,0.4894116588170175,-0.16438147461929792,0.009111659646449251,-0.11215348831984163,0.056843151853527736,-0.04120201671607054,0.5555420966340421,-0.36714313209752897,-0.055078125790910634,0.34904827174542546,-0.11833174453551307,-0.031349647807575126,-0.48855918803777876,0.16044311616147175,-0.11013287575349724,-0.3917346244218184,0.30405596111596933,-0.24980572450976163,1.6077835865594012,-1.2648218726346063,1.154955565831255,-1.651901457917435,0.4303924899176454,0.06994686555321866,4.376904657061767,-0.10123214058184134,0.6309968266539536
3.302,12.574079373479908,23.805697123292916,0.809556422518623,0.9587981641085035,-0.010092711661638406,0.003782974642544419,-0.2838836148430089,-0.3079611741434715,-0.025392399338205453,0.009844884338750269,0.5389034455871954,-0.23296191867917299,0.04520865149493432,-0.1940304243138864,0.06927027169951235,-0.019217534657596617,0.7580829574360689,-0.4099493314281899,-0.02791459572332487,0.3462638020062482,-0.1704556946504531,0.029364743275768275,-0.29429695804447803,-0.049715424844492165,-0.14198812243423858,0.48378097155218736,0.26560073487988645,-0.07977603886170924,0.5116205517364796,-1.1175869806702032,0.4587511563716178,-1.3745900812019824,0.20926869676083637,0.49136545253616165,2.7959335229467133,-1.1731927911466689,0.3743850793348067
3.352,12.591244530897066,23.795755884535254,0.8114249464487545,0.9577734907972159,-0.017537022417056913,0.003772354432282887,-0.28696369546146056,-0.2743992216715486,-0.011124178955703556,0.0046449873658355265,0.5505109255460849,-0.2787599464526561,0.06342546939500776,-0.25611446351443357,0.07492152179889966,-0.0036984647375191996,0.8383047897427335,-0.4412740188384813,-0.010324699123259968,0.33963328476033516,-0.2217488008001058,0.040858259171585344,-0.2566746928789317,-0.08954437630940731,-0.1268385675311648,0.7897936423351446,0.28734164285546704,-0.10172895468621299,0.01864042383889091,-0.7524339790995322,0.24333676323111658,-1.21431405377662,0.08080919855215513,0.2739484281350556,0.7438789840023612,-0.11234521334493588,0.3787544405970072
3.402,12.60806886614814,23.78369313150588,0.8132715292980761,0.9568051320681152,-0.022434037144752294,0.003345700005731424,-0.2898438536815561,-0.2316503361738655,0.0011540614142709028,0.0016252060462717851,0.5429786658614303,-0.31006945975570205,0.0676721994858275,-0.32036769787412744,0.07695798868674113,0.00873002823681818,0.852819282447767,-0.44037768544493494,0.009985068933332989,0.3343243340808556,-0.2577352375348668,0.030928633612853446,-0.10146278684172261,-0.046939520096322296,-0.12046611008772581,0.8981343294416496,0.19043365567306283,-0.007286665248610987,-0.2831650486898209,-0.5379773000403179,-0.013642065039663018,-1.354796112769211,-0.0034523599625509247,0.21054774075507715,0.032133095752976765,0.07133022030766883,0.38942680550699815
3.452,12.62469591120688,23.770171958380978,0.8144908269558848,0.9556667237995083,-0.022120598489960643,0.0032900357941086367,-0.2936000132991015,-0.18502651383940139,0.00732281796985925,0.008060022797379116,0.5196053553430509,-0.3297729430499112,0.061962778039402165,-0.38911027187308594,0.0711364680055922,0.012348576049286958,0.8466224461127737,-0.4351421482397922,0.029773406814823603,0.3323245406281337,-0.2818372545783252,0.018034652075526854,0.11455334455789581,0.051579444578035774,-0.18654314792154222,0.9663220303111766,0.05290942304618203,0.24568444960924044,-0.6334814131696737,-0.2796852854870559,-0.1604055457384113,-1.2974746571700244,-0.26359398281474694,-0.14600282656052188,-0.3393392017270045,0.14015447546547885,0.30163811595250045
3.5020000000000002,12.641311952887355,23.755363428618,0.8149471719573442,0.954258183685398,-0.016520588339941838,0.004088737297321277,-0.2984990305807729,-0.13636341368893992,0.005326620887920993,0.0236098073066279,0.482682630324276,-0.3426406881875553,0.06103799280660256,-0.4419645151566819,0.05125533649822661,-0.00824782354640134,0.8144905674993931,-0.4181365851393488,0.037826425427082595,0.3312288372959882,-0.31091531387880017,-0.0020733628425343674,0.2757119951952312,0.14711446332159514,-0.21198099065740564,0.9588284867259144,-0.1107610977512295,0.35560788562956963,-0.7966724031475931,-0.23301183652064786,0.045151879392497915,-0.8083770884422483,-0.44926331461255126,-0.5650453638164789,-0.8597847732292644,0.49949033467629583,0.06932799188118165
3.552,12.65797094468168,23.738926296298015,0.8139610825487062,0.9527554977485623,-0.007059362765437713,0.0052723066412649795,-0.3036104900854318,-0.0882019876170081,-0.004041066682021334,0.042658323313564304,0.4422335709102106,-0.35385806674782866,0.06526352720070872,-0.4579586849032326,0.0266999458558011,-0.04826804831567625,0.7361087884196154,-0.35364285533215084,0.0387460336351249,0.3340162398219064,-0.34512248568915505,-0.046675002069479034,0.41051634573246953,0.16022802631484126,-0.19150244572607958,0.9170379317875644,-0.26084304552705295,0.3752382111652636,-0.6811378207460476,-0.28941049875098185,0.07013064817724372,0.19947900437613025,-0.4516986563871141,-0.9147654501532605,-2.3832662756482583,1.9788502487609747,0.008669084642472652
3.602,12.674774935701905,23.721231869482352,0.8090401683658307,0.9520959909221474,0.00755629018023612,0.003491646729810022,-0.30568600712463345,-0.05974377782293748,-0.025998207008862437,0.06528277656910662,0.44995568515414525,-0.37439349953551193,0.06010505978696519,-0.41683098034172017,0.011751240227009102,-0.07327231032741276,0.5684467078292232,-0.24140593432316437,0.042360835006011135,0.3450603072824716,-0.35399595181325727,-0.15507756292297567,0.8402227809477717,0.02294412818171697,0.022040865832188842,0.15534034542865566,-0.7829981840097859,0.32665263469609035,1.189971617543118,-0.49848886970840606,-0.17799672242306672,1.321914135160169,-0.2176098653851482,0.16782893826878548,-3.8921500176582637,2.094887332027981,0.11558781716545233
3.652,12.690691976432664,23.704326904641338,0.8048611358222695,0.9518952754870704,0.023252339048930423,-0.0015604536617263706,-0.30553605060371936,-0.09312213090572152,-0.05705500898614019,0.06148853062061689,0.5852202038820823,-0.3799005454511922,0.04470153262640999,-0.39457657644827643,0.010333278319007475,-0.03270528195972051,0.554642302692001,-0.1623329899210068,-0.040214874810301414,0.2914554147020639,-0.30797600481090054,0.01940261950881254,0.3744241621209601,0.05593900513497796,-0.05963088512115875,-1.3018159580307749,-0.6048701375162486,-0.8040990148513786,3.6099926047739492,-0.8647174372680791,-0.09121632045882225,0.0032989580202779315,-0.13649450552441578,0.31072991461097405,1.268009119209243,-1.593809148162736,-1.0015291102829227
3.702,12.705591352265332,23.689689998072463,0.8073242880661002,0.9517978111147853,0.02943505564859213,-0.0037730310348504537,-0.30528719018799033,-0.15538206532072102,-0.0778056711939244,0.036602127894738885,0.7222675631132045,-0.47662780865029636,0.03809976138311902,-0.3738553409166521,0.004104209595786899,-0.024086027686573298,0.584871767832552,-0.2245582000712142,-0.0700647049640702,0.31029232396100026,-0.28661300495611747,0.06289402637360654,0.1796032259136353,-0.09099090891604972,0.010499854053354197,-1.010936311623244,-0.1608165082874086,-0.18058832686567025,1.685370665501171,-1.8515228946620441,-0.17482901139715204,0.7584495437288328,-0.07453627019842364,0.12066039955669194,0.10369256781934079,-0.8961181183738712,-0.37164921976614507
3.7520000000000002,12.721735161963348,23.675823394033806,0.8103794234083088,0.9517739030278689,0.0314736844675452,-0.00758888773523911,-0.30508728830299625,-0.20051306371856262,-0.08001891629256792,0.0310564826089581,0.7725325398830798,-0.5266404373570744,0.029368400658544343,-0.32879345556303796,0.0013905526822123823,-0.02000404229413754,0.578948633972785,-0.26029393594820727,-0.08150224740368361,0.3333166735754997,-0.26723294864609654,0.05514987650684253,0.07892481835180402,-0.12354356409001659,0.013606038679094849,-0.8544053152278057,0.02367795728260003,-0.08529984542002773,0.5364474683162979,-0.32064862559500795,-0.19668918283389905,0.9609279471021317,-0.04122735321125597,0.04874943734526038,-0.23700162899044636,-0.5974048142345462,-0.12018796819371558
3.802,12.738933249588325,23.66302954004454,0.812670735072129,0.9518267486717418,0.0313505733634308,-0.010395933315236278,-0.30485227017896516,-0.2427885350396833,-0.07657550563311476,0.02670912612167518,0.787205780267961,-0.5265991820709568,0.015901019677303473,-0.28030236653873974,0.00046089983593424074,-0.018898146494749742,0.5642211605018043,-0.28756594712349054,-0.08398732562475256,0.3542901153332193,-0.24503287775674798,0.03776188022197395,-0.011117274308172652,-0.09148902368385445,0.00992440641287972,-0.8409699215135208,0.09589268142957123,-0.09167459697089791,0.14219254887734667,0.20792979457840535,-0.3043746592488059,0.9725172402837098,0.0003322553361119853,0.005734801580748493,-0.34022986175713665,-0.5133434350758956,-0.002461121842961902
3.852,12.757134901998107,23.65133900237428,0.8143513651372104,0.9520495646682067,0.02928446290048413,-0.011518976791192358,-0.3043211458663214,-0.28625183957869915,-0.07030479437299178,0.02129392410515191,0.7915734386476838,-0.5011092057397285,-0.0063351911185880894,-0.2302767909160651,0.001862167358927936,-0.0204895153135275,0.5413922872921261,-0.3095070519290408,-0.0826878443856965,0.37347873787207636,-0.22353763224933326,0.030518750580427384,-0.11348954003581828,-0.0458570533603344,0.037818034842049535,-0.8727464983117234,0.15390684328921928,-0.09544423393059706,0.0014331665841254993,0.711603670392834,-0.4913006114675288,1.031781030371753,0.0540744035614839,-0.06368116750868838,-0.5724450605189266,-0.36750160878831967,0.050461935675597536
3.902,12.776358522129659,23.640757635432557,0.8156524302608176,0.952464421308153,0.0253644281876706,-0.010848630871644144,-0.3033982187374333,-0.3263294522550486,-0.06177586716849965,0.019211713036442975,0.778718539063782,-0.4590619308076772,-0.027310058560209956,-0.17762842997451833,0.005831318203228766,-0.024569438760477427,0.5074380948608488,-0.3247411780609243,-0.07949965902593663,0.3940466385619484,-0.19987790993790888,0.01914812724604672,-0.1965860135521833,0.00619365042868888,0.04253785244901859,-0.7195006059943959,0.1709399329489271,-0.0028761504246257673,-0.5179972929791994,0.8726365228434764,-0.3298581614425573,1.0510566051009143,0.1029554589059242,-0.09334608835551622,-0.7448762874879785,-0.26588511321239994,0.07181955408504098
3.952,12.796611788728072,23.631285363837957,0.8161203939767218,0.9529301263030338,0.019642540692235932,-0.008423005992751934,-0.3024357749164011,-0.3484638954949934,-0.05144503231975622,0.026391504706252667,0.7131956498927984,-0.39222334824890764,-0.03864673098140232,-0.12435791280282461,0.01287539013917665,-0.030078448956837974,0.4665020801536089,-0.3358068941477593,-0.07487286102078929,0.41520227599776416,-0.17879678886299363,-0.0057728907879906356,-0.2923344175393696,0.03863529109407086,0.032129983932323865,-0.1364115526333204,0.22674111615261275,0.31775984609205604,-2.1421272012331447,1.716071416674973,-0.09556418040405171,1.041520943745062,0.1765342625117587,-0.11080547058408821,-0.805989317869921,-0.22327930169039062,0.12544337467759484
4.002,12.817685598894508,23.623032540658343,0.8138772721436741,0.9530848475308306,0.011118680055411745,-0.004457044157988182,-0.30246616855167874,-0.3376364850309118,-0.043844099276609476,0.04268410323635902,0.5634665938405433,-0.2869304824142131,-0.043798670102022895,-0.08274112787009268,0.02515237567932297,-0.0373007346497481,0.44609648218943204,-0.35420855330436496,-0.06558120613585153,0.421891305790022,-0.15521893554660696,-0.09549812787223319,-0.5098960130622673,0.04303130171217533,-0.04741287137199392,0.49604341014617875,0.08232070235533619,0.13618804715397367,-3.501530164278627,2.261614092924028,-0.18922998557135304,0.5248122227964056,0.37858510686959335,-0.23620909592034695,0.21615644049840077,-0.5539695077832157,0.24005453233625754
4.0520000000000005,12.83740093509856,23.615102005894826,0.8087343019091787,0.9521176979159082,-0.005100133452957251,0.0015950705433514516,-0.3056850236829335,-0.3190510550499095,-0.032295205977691345,0.016329855116252977,0.49577340907003004,-0.16119501606064565,0.016434981119673713,-0.10678734880125071,0.05560549660731928,-0.04828121878701974,0.5560370142723244,-0.3681014817028493,-0.053874096480685585,0.34822733009798823,-0.1363516948374505,-0.03298619694694789,-0.4964252155729057,0.17074279508289542,-0.053213759247354234,-0.4129969958847541,0.27644019767347416,-0.3080440828389876,1.6422701816946137,-1.4065181486433724,1.1518866643087564,-1.713151003546638,0.43438236682068393,0.15447694571345505,4.5047878839083335,-0.032258818286740244,0.5656117607286113
4.102,12.854635642877376,23.607339663278715,0.8091524468088404,0.9516705827244334,-0.011908081316959234,0.005379432729087014,-0.3068425675811605,-0.31539914465118174,-0.024158597086384626,0.00766020906451422,0.5470764679858169,-0.2339895239257378,0.047708451399889176,-0.190293722862564,0.06912883818124768,-0.01943200239694035,0.7609249454981432,-0.41033740267267377,-0.02849001929293917,0.3428282948122739,-0.18670477351373765,0.0300449390079343,-0.2828790253177212,-0.050613932308016876,-0.08859500173338329,0.479745861244463,0.22431029076748094,-0.11822628472727745,0.5233138774095547,-1.1531430507092741,0.4022986828166412,-1.395477349054944,0.23376055137442833,0.5991859922365492,2.8228298227510735,-1.1929950418497606,0.3571718351769932
4.152,12.871531950568782,23.596582909906058,0.8110746360024683,0.9510104860649665,-0.019245794422570656,0.005452129422600673,-0.3085108248931946,-0.2817466377310251,-0.011614257788025115,0.00016316386164796454,0.5585629217815038,-0.27995864534449083,0.06371184005206963,-0.25280067515852805,0.07508595165123484,-0.0029971056488980736,0.8406050484522869,-0.4431064082993304,-0.011395395269140627,0.33280206211989943,-0.23786964285607554,0.042284018738729584,-0.2548678038466246,-0.09541637486351515,-0.06947649200453045,0.7947230434900324,0.2573986648404275,-0.1491013419969973,0.015412259600418263,-0.7518640230647918,0.23332323005586164,-1.218034209782704,0.08617111124015772,0.26326768300708625,0.7238424648867445,-0.1251498039300021,0.3752016256368946
4.202,12.887951406921852,23.58373983877164,0.8129879997663716,0.9503894714212904,-0.024208266653271766,0.004955770455480552,-0.31007942978597774,-0.23874384667685977,-0.0005693379053617682,-0.005099683614729414,0.5510930222382083,-0.31120316325822867,0.06825896178115344,-0.3172803987907471,0.07778266925585521,0.00920785471864998,0.854239840592789,-0.4423971675293808,0.008764086339799889,0.3253716426263489,-0.2725568574040521,0.03189950322552543,-0.10071875173394033,-0.05789791473648877,-0.07302889781939903,0.9043305448551368,0.16964861082613145,-0.04624416610368289,-0.278040981040193,-0.5387745741088849,-0.002352672846012128,-1.361892605062774,0.010218614364295248,0.2109785707231313,0.021001885519069934,0.07580198839859835,0.3857052043768083
4.252,12.904077759422817,23.56950256481749,0.8142314994485356,0.9495789878722527,-0.02403822151874237,0.004641706103747133,-0.3125705748501781,-0.19219181822142406,0.004645438935572704,-0.0011063253102561814,0.528728389805484,-0.33150706607349595,0.06384892194286182,-0.3863592681140797,0.07300798795690999,0.013365840620097528,0.8473486561661309,-0.4365960458549907,0.02859118882821355,0.32145394763594937,-0.2953760415907685,0.018554460904941453,0.11255646402226943,0.039277302990588486,-0.1354244954027261,0.956193582421764,0.02801792333229643,0.1901180281221172,-0.5949622811997887,-0.3229568243404636,-0.05667018851222808,-1.308201157735102,-0.23580751912049389,-0.11826693194090986,-0.34981172347279216,0.15296909982858095,0.31042088911919796
4.3020000000000005,12.920096345557605,23.554053627213843,0.8147133890192879,0.9484667566575561,-0.018565302806300987,0.005109031913918888,-0.3162910666460708,-0.14402655588869154,0.002043666737370742,0.011993802227064043,0.4932334823179436,-0.3451625486864523,0.06381894084308028,-0.4400478467233332,0.05472533082172779,-0.005452987377302025,0.8152206098164596,-0.41969128181155446,0.037213703441647795,0.3184209528454849,-0.3226063418533409,-0.0014701290148776349,0.2745654627568103,0.13837781341534144,-0.1654374254350104,0.9466112480070901,-0.11918434295273206,0.31065029269684113,-0.7724372202902909,-0.23986630075045567,0.0352191851647423,-0.8305841072636904,-0.420657552545447,-0.5310710173640368,-0.8500404354892155,0.48613380410885426,0.0798683874326106
4.352,12.936054165923629,23.537091988911037,0.8138085364383066,0.9472535175270531,-0.00912823390367467,0.006063410453963956,-0.32029780506911315,-0.09690070812906999,-0.007760379240042779,0.02874448950212142,0.4539637467035349,-0.3566017155050514,0.06832185220639801,-0.4575107350114415,0.031280509258148355,-0.044198963989240864,0.7379959245070044,-0.357217689489367,0.038376984884594185,0.3189372444562282,-0.35461502121029437,-0.043448760603491766,0.40912618106070137,0.1627309851704496,-0.14677559982873906,0.8899733197394466,-0.27074942413546876,0.3297885433491225,-0.6622358310862908,-0.28850842061074344,0.1009260321846305,0.16397947983834052,-0.4369205345596377,-0.8998971148337931,-2.3424477693790893,1.927499475339767,0.00972301032736318
4.402,12.952065629351253,23.51894827919615,0.8091451472970466,0.9468872561236679,0.005347039972170556,0.004281672597706808,-0.3214927691782436,-0.06939762620784395,-0.02976258505968256,0.05003453218570731,0.46082251979453187,-0.3762173509400211,0.06478249240350724,-0.4181000280999627,0.01642421207614828,-0.07049794769988517,0.5723584212059826,-0.24567226510891188,0.04187047815915247,0.3287198353659615,-0.3629170825573187,-0.14764757071251686,0.8258645494062168,0.03526199068271202,0.057255599671355135,0.13740291127322268,-0.7643732797956987,0.36998584554281594,1.1607309945978008,-0.4423872610940554,-0.19065643731163331,1.298807728656541,-0.23090545791298958,0.08974467484198308,-3.875864533573679,2.1170594618966856,0.11625485875273599
4.452,12.967349409606307,23.50158775687953,0.8048389113367536,0.9469247764076244,0.021282083269425985,-0.001068617638710717,-0.3207481859861812,-0.10076226892866691,-0.06052164781736128,0.05369750483881585,0.5913834969121237,-0.3803063006681284,0.047065948179395495,-0.39393342532777853,0.014810991731977027,-0.029435545697725732,0.5481587123523899,-0.15755321365757932,-0.03168594709720693,0.28007372385742496,-0.31761767543212294,0.018426246834230667,0.37896585563647345,0.05527921144564439,-0.04394285377881539,-1.2205381524514833,-0.5474726022692586,-0.5612097916674319,3.4636525033439947,-0.7344760887031303,-0.1902089158969058,-0.007621191898704121,-0.13704904434084628,0.29882599183542274,1.2780763223650025,-1.5071878668093306,-1.1465682462173132
4.502,12.981706299598217,23.48648543783494,0.8073077153943801,0.9470852208424204,0.027498530221490798,-0.003448168786444663,-0.3197835602865513,-0.16008964667254735,-0.07901056299675839,0.03656391611987787,0.7244200454380221,-0.47509271765016414,0.03992354896257704,-0.37363219168233636,0.007884486128858868,-0.02213236011004681,0.5795782550443916,-0.21962387888544066,-0.06675186875467054,0.29982152496178993,-0.2956627438298571,0.06326039367988955,0.18400589078269564,-0.09163713970517304,0.04620488118625747,-0.9666439656612966,-0.12999644259245877,-0.08942578391942937,1.645526269443899,-1.8570329389219005,-0.15235929571634554,0.7531064649330841,-0.09509765721241821,0.09402956796536839,0.12456921956447392,-0.9098396772135909,-0.4284423304419967
4.5520000000000005,12.997368964328173,23.472160966085667,0.8104017117413107,0.9473711274049073,0.02957536969923701,-0.007410136725252637,-0.31868218390807834,-0.20315789676096727,-0.08050057890234981,0.03289988884634198,0.7736081988637435,-0.5256552018608963,0.03186386994959689,-0.3284811776984082,0.004020225441790706,-0.019406467087086033,0.5742428918040845,-0.2559471324652036,-0.0797098754695351,0.32429915185983765,-0.2764210998073987,0.056107874600010155,0.08396210429657305,-0.12532731695243457,0.05233785868028641,-0.8196689172111042,0.03095813790540997,-0.07829582818854079,0.5336614659606549,-0.33825000253688714,-0.19245351030571067,0.9651008356243199,-0.06491802922335199,0.021131313578132607,-0.23025790281268502,-0.6080049859099049,-0.1328852182057991
4.602,13.014149119428005,23.458903263405606,0.812738435263428,0.9477055797220343,0.02952064152817005,-0.010304399430407883,-0.3176105874177821,-0.24393973707182923,-0.07657155203991496,0.028453214900307198,0.7885264642690394,-0.5263065133907766,0.01852574640413601,-0.2798160454685732,0.0020375373861749755,-0.019505347200753097,0.5597734017054417,-0.28366604723467104,-0.08244348991325308,0.3464299069032795,-0.25463603414032326,0.038483339750407713,-0.007854829611486678,-0.09180123407373339,0.04143367958598799,-0.8157970121385009,0.11081116989660217,-0.1020125585602973,0.15334476144091638,0.19472484576696344,-0.30271665412172183,0.9760704762205993,-0.015335437431273417,-0.015726158983596823,-0.3376534381034321,-0.5198105525041146,-0.003813522228871592
4.652,13.03199137977956,23.446729955128003,0.8144391339789147,0.9482120527447583,0.02753716662933762,-0.011445177338919988,-0.31623506351965625,-0.28642266094180346,-0.06948529577731614,0.02257438744949465,0.7933184565895197,-0.5016020370075621,-0.0037194930473544137,-0.2296668662176033,0.0024847130377598364,-0.022458542345801073,0.5371909646887694,-0.3060222496880965,-0.08104302703358084,0.3670110375749449,-0.23322524504328657,0.030688007524393525,-0.10792953510937514,-0.04497043909315202,0.07499522196477051,-0.8567555108674926,0.17200409826131868,-0.09931850581653669,0.007099189672251334,0.693116181948793,-0.49410783160630645,1.0336692797357785,0.03352912743276196,-0.09233718755477485,-0.5654818090576588,-0.3770465113937385,0.05565817255536342
4.702,13.050927132476975,23.435670335208158,0.8157354404897772,0.9489144063864072,0.023781217482198306,-0.010761561580159115,-0.3144520501439812,-0.326061051653228,-0.06014319351869152,0.020361218719739112,0.781003448804893,-0.46038559794295614,-0.024997908864884767,-0.17702358339177096,0.005445702255145086,-0.027929860853839285,0.5037061300043807,-0.32174720686550046,-0.07750640938839821,0.38891896743343685,-0.20926869911831902,0.018868105356117982,-0.18946520303539913,0.008467825851293312,0.07726367135733161,-0.7170493975145399,0.18511480659404142,-0.0039872167629004165,-0.5047274048189754,0.8599239165328845,-0.3379074003088812,1.0490801979146045,0.0835290302091436,-0.11998999620747137,-0.7334633085037003,-0.275816640153424,0.07904464457156454
4.752,13.070945642246445,23.425738262764945,0.8161858040475458,0.9496425563736502,0.01826510563539481,-0.008268766418936304,-0.31269318595414597,-0.34841166091166936,-0.04929762395382807,0.027321115200782013,0.7160675529972569,-0.3938178611696082,-0.03718145917635253,-0.12393018970827081,0.011610450410621245,-0.034777592047294796,0.46337214223436435,-0.3332755872891297,-0.07265544228411651,0.41095734254278443,-0.18787986912599874,-0.006072034930644409,-0.2860833269368162,0.041955957942493176,0.06379171586714652,-0.14530884334242142,0.23552346288645992,0.3148624515884179,-2.1331360073732855,1.718012143072704,-0.11828841457939497,1.0381371433116393,0.16133956620867335,-0.13660400407838855,-0.795579850487791,-0.23134925744199097,0.1268442275629488
4.8020000000000005,13.091840300755132,23.417047576177445,0.8139373073279814,0.9500073340901308,0.009959921237404055,-0.004199021085661028,-0.31204043546602805,-0.3384153079287712,-0.04149644780990557,0.043568134755087175,0.5671685161223491,-0.28834943214900915,-0.04303982983158444,-0.08220374856827531,0.02322884305152318,-0.04281690672128054,0.44289379836413334,-0.3520981379844542,-0.06353413426461135,0.4190286854409732,-0.16335991722939783,-0.09581359127697708,-0.49992723051965815,0.04639773844149166,-0.018430187244463932,0.4715330716186522,0.07597001569838993,0.13819543210873383,-3.4820481881764933,2.2676277633288913,-0.2033405509283151,0.5401098749140353,0.3640826776510676,-0.23481677980596455,0.18970791000894988,-0.5713394762866212,0.23306213113318291
4.852,13.11144149401496,23.40876251350226,0.8087541253871348,0.9491724249823139,-0.005972115854654927,0.001996929290586489,-0.3146935870951609,-0.3201273103221319,-0.030781242004041528,0.01702943953180026,0.4988247822851805,-0.16172223521160775,0.016019391603310285,-0.10550288021696841,0.053037311533182606,-0.05254967949161152,0.551708154817574,-0.36743814630293625,-0.05207135098596235,0.3458717473668565,-0.1425151660232292,-0.0341507110800672,-0.49512196704677774,0.17412596192794855,-0.03414925406811838,-0.4072203663811147,0.26282960941450917,-0.32463751896203763,1.6209179575809707,-1.4334661065158953,1.179769198506508,-1.7172744995115048,0.4360510932566773,0.20688848869114362,4.5147655652115,-0.05147023093948429,0.5329137505488677
4.902,13.128500369907583,23.400709650177056,0.8091138664616174,0.9488781896855867,-0.012628097994674707,0.005924961679568337,-0.3153341197985648,-0.31665942568830757,-0.02343812844056061,0.007505531633251487,0.549667304397565,-0.2352548608622956,0.04801807041183043,-0.1898598442493358,0.06789635700716638,-0.019759757618629796,0.7592009767536473,-0.40926742650245407,-0.028224572571400274,0.33879217571059494,-0.19236140637727767,0.029180558249424254,-0.27715144082646753,-0.04830777014884384,-0.06726326152667048,0.4769174659313699,0.20699673229545926,-0.132770672018125,0.5156320511521187,-1.1562070893784313,0.41017124346474904,-1.4083646073666518,0.25849821840228077,0.650473221905549,2.8736315575097984,-1.2189421772301743,0.3471547244022933
4.952,13.14517197228911,23.38967046903118,0.8110141773785364,0.9483665893742838,-0.019847027428204933,0.006059236726022326,-0.3164967508698166,-0.28310698250486294,-0.011585074624000059,-0.0007014333216745609,0.5607752830838622,-0.28093429475406045,0.06381831877016403,-0.2526331855759243,0.07464663247655332,-0.002490482695898088,0.8403391589844356,-0.44336821825541145,-0.011568062616968616,0.32804293249913874,-0.24347184085057455,0.04219351136107965,-0.2513531497664839,-0.09591603945763416,-0.048877073153122855,0.7938445134267016,0.2448194750493008,-0.16462914793833267,0.009347567856297586,-0.7445998937861315,0.23034970184110323,-1.2170273651390475,0.09592424514921415,0.2597309584358073,0.736885042578746,-0.14070673205695605,0.36667123929553685
5.002,13.16133960533425,23.37655355526415,0.812932772218317,0.9478905939033943,-0.02476091327691073,0.005554651383616789,-0.317583792110318,-0.24013726132299362,-0.0010928936110326365,-0.0067588608892787845,0.5531194249960821,-0.311899945567578,0.0684835287959158,-0.3169476571713186,0.07781197333125915,0.00945842657837337,0.8542543016758881,-0.443043603873379,0.008237305532172482,0.32014531861622914,-0.2778273145574456,0.032039645529087286,-0.09832836712810798,-0.06043108504925071,-0.05340881482096801,0.903867425398463,0.15939217323289104,-0.06248105129639722,-0.28014879864385267,-0.5340701733724822,0.001179390413317681,-1.3577266000000774,0.016203248644867455,0.20327731799683077,0.022560174822397656,0.07356820877323178,0.3801253084344413
5.0520000000000005,13.177190768491048,23.36206097916373,0.814178228283676,0.9472169749565491,-0.024591203297697223,0.005167902043304012,-0.31960689583143764,-0.19372097857881143,0.0036775001815098256,-0.003671239040388744,0.5309466587125319,-0.3322656376332254,0.06475527623264969,-0.38585893320001374,0.0735459385041673,0.013695652412768624,0.8473535817804142,-0.43716074205557137,0.02792045477971441,0.31569371586103334,-0.30033258041097755,0.018609979303056298,0.11265273133225676,0.035835317115826965,-0.11656479963092038,0.9515883634900458,0.02019967873862056,0.1706567063753237,-0.5863507582654391,-0.3304260057596803,-0.03339777424173135,-1.3060076507637217,-0.22371154689141753,-0.11133079358681297,-0.3512236295381783,0.15638606212994371,0.3116624282359583
5.102,13.192907253359184,23.34637921127331,0.8146578931431777,0.9462311289648193,-0.0191433553724553,0.005528642617191602,-0.32287709214786225,-0.14583878693176583,0.0008450611225082934,0.008497768785505124,0.4958726338728126,-0.34598034931518096,0.06486543373328162,-0.439556056085068,0.05581768175974365,-0.0046779298447902785,0.8152445652171996,-0.42021761057968965,0.036709570471204885,0.3121360696368008,-0.3268963895820672,-0.0015476691445061735,0.27452806423055054,0.1355120549189636,-0.14692702236392266,0.9394354062491672,-0.12277248235679197,0.2922644631986849,-0.7629064703167585,-0.24019228047229946,0.032275996752323254,-0.8325728174191273,-0.41137066778679754,-0.5216396312450475,-0.8487863088094447,0.48452920919462694,0.0840146510357306
5.152,13.20853197920877,23.32922262104887,0.8137573432018294,0.9451484327755738,-0.009715102441560078,0.006391801307458125,-0.3264340694266956,-0.0992229791504172,-0.009098189205509952,0.024310966821556253,0.4571515724521398,-0.3574230411137458,0.06919718741089168,-0.4572159528342216,0.032738802335542126,-0.04300240145925016,0.7381480724326023,-0.35815816945742207,0.03801771403729055,0.3119263763469433,-0.35815271963475187,-0.0431174263013868,0.4086331605622327,0.16275815111554875,-0.12756017944443512,0.877173226769764,-0.27263355148286395,0.3117792340242247,-0.6506891078013247,-0.28741014959493105,0.09666506461923041,0.1582523998747483,-0.4314625239584082,-0.8924960343805417,-2.3367863268550755,1.9157503696421,0.012040539573283155
5.202,13.224184591325784,23.310916751547868,0.8091570055055842,0.9449272467260668,0.0047500670147829546,0.004561137468533007,-0.32721419786287276,-0.07249407040110606,-0.031255809234365425,0.04503876739701481,0.4645782325751196,-0.37684295484067754,0.06680989085205398,-0.41805317364519834,0.01785589246415587,-0.06938989208089309,0.572754930418078,-0.24682304680598327,0.04189200404032916,0.321463370068765,-0.3661448005413445,-0.14573815414157426,0.8238501313399966,0.03772908550437197,0.07537134732151456,0.12229979538540695,-0.7605841483472511,0.37855068473069897,1.167775671037089,-0.41973219333653766,-0.2107912164140422,1.296276148826733,-0.23645082377523632,0.07643632252499849,-3.8732924590724345,2.12103609133945,0.12498036771039281
5.252,13.23916102126739,23.293394610697344,0.8048643464457642,0.9451224343600485,0.02065453421103569,-0.0009101221146797503,-0.3260615677500146,-0.10378471520482228,-0.06178438741065998,0.05034209955646006,0.5944967301448956,-0.38020827158916537,0.04824380206944533,-0.3932013941403732,0.016023470056917278,-0.028828227359619856,0.5475246477115969,-0.15875438751696297,-0.03247841503502722,0.2748234667281652,-0.32083798753399806,0.017408148026669033,0.3800923692794569,0.05207577509428525,-0.029265406725825487,-1.204334173642595,-0.5250642169020585,-0.48381168727793106,3.432997312630326,-0.7215911608818251,-0.2153569517245466,0.0010066262367295822,-0.14583433881646843,0.2872161278969151,1.2657968000046,-1.472703192359015,-1.1180470596275538
5.3020000000000005,13.253262432042868,23.278124575015834,0.807280920486852,0.9454332847104219,0.026843307626241528,-0.003393646821741942,-0.3246903511941732,-0.16242626488953357,-0.07906972945956442,0.0360747041980989,0.7263237526475904,-0.4748600720259015,0.040881017993123166,-0.37276610727494747,0.00861027813216755,-0.022299567679007988,0.5789464892864973,-0.22000774611920912,-0.06645836499070398,0.2949302927477346,-0.29902601208292673,0.06246457902413398,0.18449939586901568,-0.09359102162498988,0.06563584623265568,-0.9547615523964088,-0.11123993962793598,-0.05289970698069286,1.6289169248231865,-1.8607510148961315,-0.14854192119015822,0.7542286236125322,-0.10564488004430651,0.07722261232535492,0.12869582995087833,-0.9058338830858677,-0.41680977230334476
5.352,13.268699720530202,23.263635926270492,0.8103598527599226,0.9458954151716477,0.02891261471871761,-0.00741165996586533,-0.32309594792249163,-0.20498896301590705,-0.08009508119045491,0.03331990613114105,0.7750105815155096,-0.5256469725035958,0.03293965891066542,-0.32749579504918913,0.004194460187710396,-0.02044350371218802,0.5736471616542662,-0.2562711154726003,-0.07912023976204542,0.32027987891306026,-0.2795747920766485,0.056198150749717686,0.08596279280045065,-0.12588247393862945,0.07067383040324118,-0.8095985316872393,0.03369392463851815,-0.0698136070463017,0.5287177997381017,-0.3437934815493047,-0.19284347537757446,0.9679942919194987,-0.0746338254934827,0.007939601591260632,-0.23175006124660671,-0.6079918377528015,-0.1289675080746045
5.402,13.285294576002443,23.25021633184282,0.8127111981978857,0.9463971922728689,0.028879284991435796,-0.010331918723252646,-0.3215456309949021,-0.24540676386186838,-0.07613867866741106,0.028874694640680303,0.7900386489360096,-0.5264370738007476,0.01953834861976691,-0.27861866328100143,0.001703317530399858,-0.021373830836739362,0.5589617986076609,-0.28397867249058967,-0.08173752678941208,0.3430025088664001,-0.2579788443761646,0.0388572600442278,-0.0063891808272254075,-0.09120374919063864,0.06351694043634078,-0.8101575083412058,0.11205236561681957,-0.103342682270323,0.15707408644525656,0.192924105958783,-0.3040551909897366,0.98104552026643,-0.025718831112454304,-0.034807909926691055,-0.3435757404173864,-0.5194069199097083,-0.002703883243900583
5.452,13.302980520276407,23.23786510211782,0.8144246422348035,0.947080914436421,0.026904482564253037,-0.011461277831070085,-0.3196600216459679,-0.2875938716734383,-0.06882915988041796,0.02306431979762946,0.7948904057101555,-0.5017652127222053,-0.0027742547445858785,-0.22818986890491091,0.0017593552694448445,-0.02529160372010833,0.5360107256661164,-0.3062909830767115,-0.08027294605705487,0.36425773395919636,-0.23676026822686588,0.03081072209598517,-0.10644809076977793,-0.04352878117825345,0.09754125926345975,-0.8519337048189508,0.1754805286000025,-0.09641037442732547,0.007084961440830864,0.6937550952827305,-0.4954251249980817,1.038466876693411,0.02469884801444016,-0.11255952627534004,-0.5714000974005103,-0.3772539324514273,0.05809401626525049
5.502,13.32179844108002,23.226633162568078,0.8157212907035906,0.947961837451266,0.023221389524342786,-0.010751378399972845,-0.3173539501362428,-0.32706858708548964,-0.05938826557955879,0.021037295247862565,0.7825686119949831,-0.4604768741579252,-0.024140493645912784,-0.1753698169104574,0.00427542971276078,-0.031726147267832766,0.5023121953983359,-0.3220570581293506,-0.07659631516693391,0.3869076451210393,-0.21260033480077503,0.01876784104958868,-0.18607118411443274,0.010951706085512906,0.09829146932642123,-0.7154730915825341,0.1844953964722616,-0.002609741760824443,-0.504588517010818,0.8616472919752757,-0.3398992585948614,1.051328503840765,0.07494419628242176,-0.13791104655130376,-0.7362649359613667,-0.2770181187075301,0.08189084946680815
5.5520000000000005,13.341729360279821,23.216541797286933,0.8161628419638131,0.948838192568536,0.017820477950015633,-0.008210040054522215,-0.31515251884002077,-0.34948573754481027,-0.048543330856132966,0.02829141219212822,0.7177640177687353,-0.3937810806854835,-0.036557646168364315,-0.12223193322225975,0.010079139036531029,-0.03935945748963464,0.46187750807365524,-0.33362454946722236,-0.07165681973950357,0.4094695000583041,-0.19093437824893156,-0.006269864883618796,-0.28227921630928604,0.04506363230940939,0.07975765558164251,-0.14931070344798797,0.23412456513136437,0.320653710746412,-2.1262657542667847,1.7202456172275011,-0.12522496155764104,1.0384608574047762,0.15561283954695476,-0.149681000144257,-0.7974715878198139,-0.23143307134948365,0.127446616517113
5.602,13.362561777765688,23.207709436332,0.8139141645742566,0.9493028355074211,0.00963046547266265,-0.004074498249519845,-0.31418908175868315,-0.3399942393117935,-0.04098262884616657,0.044589652936426485,0.5697430166010152,-0.28832169430729737,-0.042800220144486686,-0.080510028610813,0.02151693789018866,-0.04761554527253596,0.4412742337161305,-0.3523593782340751,-0.06259934140658281,0.4180800206320307,-0.16601333087948283,-0.09537514967935538,-0.49671242312322905,0.049306810385518506,-0.0077759630951006395,0.4576483126906511,0.06835472692630604,0.1364212599123043,-3.4604422014888496,2.2682648801143808,-0.21252232145246716,0.5409666942986049,0.3629817441130402,-0.22359829058391878,0.18556745007394626,-0.5668373854856601,0.23138763273300533
5.652,13.382100783589175,23.199353435541568,0.8086827034311915,0.9485265407131461,-0.006303744377918804,0.002184204100382775,-0.316627373456589,-0.3232237167052178,-0.030527582254386468,0.017991020887405333,0.4980991234889035,-0.1628458431588912,0.009777166287548805,-0.10401672843367608,0.05151831161221805,-0.055715176275904534,0.5504112037845652,-0.3678100090996272,-0.05118120094619144,0.34522378153464117,-0.1431910509451419,-0.033808484058540665,-0.4973634420799228,0.16758366802827965,-0.027363468647217597,-0.44339735749903797,0.2590336945863399,-0.3264021550566594,1.668883878913081,-1.2970954908317298,1.2540797219499804,-1.70966110647491,0.43666206804115404,0.23516186326393174,4.496591856006531,-0.02105332061923197,0.5217500960970687
5.702,13.39908139407937,23.191269653477722,0.8090197623383678,0.9482921510717983,-0.01311421850555721,0.006088576882932487,-0.3170693027086515,-0.3207386924716259,-0.023291497496335113,0.008151364015242928,0.5502440607697202,-0.23269967470626718,0.04687675337801914,-0.18853134077681272,0.06722325919701866,-0.021256606282625354,0.7580239561836513,-0.40873492462446637,-0.027904669263241904,0.3371222791585786,-0.19237786020875905,0.02836450054417155,-0.2796019527753218,-0.05077728001926415,-0.0582009386884153,0.4624598055168991,0.2018514734972865,-0.13942877214732272,0.5373864533871856,-1.1297748834625665,0.4708039718486288,-1.4091767677369798,0.26353540067306697,0.658610382657262,2.8734153407925405,-1.2261343213153804,0.3421699307644054
5.752,13.415663652986947,23.18025557204116,0.8108835107684377,0.9478185413157385,-0.02035635651962233,0.00619810701139609,-0.3180993790575944,-0.28784271012609064,-0.011668897292539913,-0.0002131184431109062,0.562391124989661,-0.27787738464216133,0.06422380934195956,-0.25127204904830674,0.0739623067543946,-0.004036325656277103,0.8395474521656476,-0.4433434175639626,-0.012025188917739769,0.32629689548538165,-0.24268838572738327,0.041985959178840106,-0.25022425198217096,-0.09806108345251838,-0.04457370562994739,0.7846291628289424,0.23845970592369373,-0.16810816837397607,0.024957928734188894,-0.7412701333785943,0.24792333781607523,-1.21169224588875,0.09159871120633103,0.25132855418856226,0.7451960796241911,-0.14833776303794038,0.3507389094576962
5.8020000000000005,13.43174631748088,23.167172690904476,0.812833871733369,0.9473778014981213,-0.025269564266079486,0.005610697283675146,-0.3190693818378381,-0.24511364223804677,-0.0015105988595408833,-0.006524150576174045,0.5553205227233428,-0.30900127178967907,0.06955291937542611,-0.31511223973056485,0.07717789400865814,0.007820213071270276,0.8537671779674667,-0.4429376822854558,0.0073091252290916914,0.31857832345563625,-0.2773533805483002,0.033423842816178134,-0.09722402806506908,-0.06564538731070226,-0.04732736635049598,0.9045204163509224,0.1525644458919245,-0.07011281115638282,-0.2746087438066271,-0.5379875336355762,0.006804468009852821,-1.3456749257364014,0.01995652847208846,0.20404679935713815,0.02633645505645761,0.08175907751442674,0.3754123592400136
5.852,13.447525574749834,23.152684554492165,0.8141782559578352,0.9467605373374723,-0.025149706418368983,0.00507274883812503,-0.3209146996115258,-0.1984396865027009,0.0030021037930769157,-0.003946100714245669,0.5331521912938575,-0.3294559051506644,0.06587126514904337,-0.38364941637983596,0.07361263225392252,0.012813733128381076,0.8472758584747734,-0.43645736476732727,0.027170383658624928,0.31434456762569224,-0.3005536584158319,0.020942737262903268,0.11160694929082275,0.028517304235115764,-0.10894334336148995,0.960128744771866,0.01922335874022886,0.160875182418821,-0.5916794192953411,-0.32394279613326926,-0.05298678320364018,-1.3041601227038662,-0.2006310416153288,-0.08435303381540618,-0.3377199985656034,0.16129274711134314,0.3241944438837717
5.902,13.46318035453938,23.137000953964648,0.8147827593377424,0.9458333249834391,-0.01977671279768408,0.005273459939343871,-0.32400678017899287,-0.15013814589942198,7.385355466252492e-05,0.007694981021896461,0.49778471666889673,-0.3430551074768492,0.06551910658566719,-0.4374179321904638,0.056922636906330475,-0.004319250045406275,0.8156406928245801,-0.4199551893582897,0.036394615020587835,0.3109126041314723,-0.32665413329724685,0.0009048863745420527,0.2733741597200152,0.12967299154719425,-0.13906453016936057,0.9466679502148401,-0.12384398529790615,0.28230569522782595,-0.7699731453839972,-0.2376604778981523,0.015680386095493246,-0.8349253909711177,-0.3976479168460143,-0.5071366424284902,-0.845701850030197,0.4676094998356068,0.08708469412183137
5.952,13.478745074754016,23.119872525096163,0.8140257769686368,0.944819801405716,-0.01040804394173484,0.006035403528963525,-0.32736949979680846,-0.1032240406288147,-0.00994208147122894,0.02300642671546888,0.4585838216376354,-0.35416739343662657,0.06927988469294231,-0.4551353342323689,0.03424329891049354,-0.04205138624073852,0.7386092357108179,-0.35929805341267884,0.037596830561113494,0.3107834892927279,-0.35743024130660217,-0.03963505462837939,0.4066869434097147,0.1600293070194649,-0.11992542161811884,0.8856240139616018,-0.27449445317312354,0.2981034959892855,-0.6692394397734547,-0.27748755751622933,0.0927049491225636,0.1570750098755932,-0.42881709961614106,-0.8848118703265554,-2.3297715149657754,1.8773441066497092,0.009529237424432763
6.002,13.494319470787072,23.101597772737385,0.8095746483791855,0.9446430622018152,0.003839790760733752,0.004298340997928658,-0.3280491812298209,-0.07507661693978888,-0.03188986877274972,0.042592367018967556,0.46259076811701394,-0.3738372013186072,0.06734558118454372,-0.41634264026950807,0.019330148239702166,-0.06914178071932743,0.5744120793531591,-0.24986234818023975,0.04136396410672734,0.31895968569267635,-0.36533803079070726,-0.1434193416109081,0.8058352895372614,0.04548734624909723,0.07984078990020363,0.16529821387849958,-0.7425082733512315,0.3836919130297494,1.0550634523523814,-0.4469094805388548,-0.18086375882641123,1.2818471055308647,-0.24289596585430273,0.031369867657968835,-3.8448418910307334,2.0936261101213836,0.12541423260806414
6.0520000000000005,13.509212956774869,23.08412995070551,0.8048910225306083,0.945033656724916,0.020200122567669558,-0.0012395981968235479,-0.3263461446098202,-0.10514675157880522,-0.06370835162974708,0.04833989520122277,0.5894774808013508,-0.37934115741395613,0.049208923726503935,-0.39125723060315987,0.016507457067612957,-0.02855204687141657,0.541993910277187,-0.15383849700310623,-0.0273076687712713,0.2710924600588983,-0.3206069340061458,0.011415164662579462,0.39205823363531955,0.05482332083684694,-0.011529811021604358,-1.197576722091344,-0.49898810756756334,-0.379160812706345,3.4072165843229465,-0.5639855756358253,-0.2702753174752353,-0.08175602074939414,-0.15574679575161193,0.28361015257316446,1.4079611606094946,-1.469835934728146,-1.2406769345839197
6.102,13.523040388337813,23.06890798101308,0.807187568125391,0.9454792610925358,0.02649087616212432,-0.003502080721173316,-0.3245842506263946,-0.16489906735271934,-0.07967466283162704,0.037085558980078634,0.7233968626125712,-0.47134098992914636,0.04021286998792334,-0.37366401676338873,0.00895945599712301,-0.022813668735401183,0.5773938537338454,-0.2167006020540167,-0.06543050003949401,0.28834617504676435,-0.296985297703824,0.06133197171895409,0.1840229147382406,-0.07922208449922993,0.08130350270214791,-0.9882737341630993,-0.09477455231394011,-0.026535691876682328,1.6896384574907959,-1.8802469009996996,-0.16735421188274474,0.7110301135583332,-0.10851647718129503,0.06142509466406538,0.16696814926702092,-0.9208811831185487,-0.4619919303967897
6.152,13.538040736723387,23.054588612968246,0.81020326075476,0.9460837802146436,0.0286940829522444,-0.007024881446670579,-0.32257213372974514,-0.20975026815932363,-0.08000546854853738,0.03420135628692815,0.7754456161875816,-0.522753136585238,0.030757986620547684,-0.3308671274313362,0.004360777687878287,-0.021922335639314495,0.5734444599017217,-0.2529637736290066,-0.07923473726186739,0.3095160130035485,-0.27476560799733424,0.05446339763090638,0.08562974570525857,-0.0997692378780633,0.08652148637016392,-0.857164395509904,0.04855389083268526,-0.08393291760787508,0.5760847828899229,-0.3427181390546345,-0.23170468462837862,0.9070866987882024,-0.07971898902910107,-0.01158536131159221,-0.2032061835924789,-0.5982795396720259,-0.1377953594499714
6.202,13.553959061456226,23.04150343384291,0.8124282977157953,0.9467100904934791,0.028928190687879083,-0.009251005769816592,-0.32065180996464393,-0.25224477647927507,-0.0752776769960671,0.028672252349803435,0.7910874820218559,-0.522991438386649,0.015054781575412304,-0.28586496705964803,0.0015613955186505627,-0.023826409866394494,0.5608338124153053,-0.2801054444525583,-0.08198594620020334,0.32652018134645194,-0.24942484650006302,0.035657653016981775,-0.0049955010103607655,-0.05807694595660802,0.07904779942157888,-0.8447904268849376,0.12900789551418168,-0.12693648179238903,0.1406514300893322,0.21242390639418424,-0.3525771615345878,0.8886911051770312,-0.03250508859286015,-0.05655213328777109,-0.2894236607315626,-0.5089614287018146,-0.0030189671156206086
6.252,13.570603434067918,23.02973412150697,0.8139503959215978,0.9475204155910033,0.027308415792181646,-0.009502480044192116,-0.31838501117072787,-0.2958922667001337,-0.06749347538779209,0.021364159500857238,0.7940667334627974,-0.4965399780936278,-0.010856933297793773,-0.2412927605424248,0.0012625230539066866,-0.028903266325339877,0.5416517562087719,-0.3018958792671232,-0.0809459765813834,0.33913909875641646,-0.22207202365602183,0.026754549324088817,-0.10426276862301503,-0.0021926342877208907,0.11123996717282249,-0.8735575258174351,0.17743073147246846,-0.13163352750310756,-0.04306688366593362,0.7406615719598402,-0.5823741239039765,0.9007077677151,0.018145722984857334,-0.13685413503428026,-0.47768895551478957,-0.36679945692515004,0.0371610179459333
6.3020000000000005,13.587935657287737,23.01940938595736,0.8150895290014962,0.9484880647734405,0.024007402420362617,-0.00788702249271617,-0.31580346813732363,-0.33548650981171735,-0.05809940999427415,0.018105213701078267,0.7784443588870908,-0.4538461517735019,-0.036525534026102355,-0.19606227243425536,0.0035171775201322205,-0.036404513043654205,0.5133795644148351,-0.31732487809102977,-0.07871963450604268,0.3529336155400011,-0.19133632127041728,0.016978086423285882,-0.18387279043611204,0.04985966899506727,0.10434637088615036,-0.7048499636311317,0.18747227882787712,-0.0072576408839493955,-0.5699032417623074,0.8707636627277257,-0.41712944378551775,0.8886102268346746,0.07216377448284378,-0.15591121490844276,-0.6203484111288006,-0.2695559553674498,0.05158947131060901
6.352,13.605971022633774,23.010533501401476,0.815550748406775,0.9493600934437022,0.018935781182131718,-0.004460756066295182,-0.31358723000610883,-0.35732105256884356,-0.047079465336018464,0.024971998732000095,0.7116858508821107,-0.3873294392935551,-0.0521435091598506,-0.15149910083878537,0.009350675098442854,-0.044586558797764055,0.47890302858012984,-0.3284140889095592,-0.07485322914410006,0.3683167823537496,-0.164175437948722,-0.0032949885294137515,-0.2830664497819191,0.08151015822972313,0.07277298310546493,-0.14510351833826968,0.24019729631516087,0.30213426525240583,-2.126344671963857,1.7177394932588135,-0.17320846988009211,0.8633853540873477,0.15937115557264317,-0.15798055651835788,-0.6812636222152809,-0.214835810378543,0.11101931370262055
6.402,13.624646123291415,23.003128883809925,0.8136352163619194,0.9497490512635399,0.010982790038345744,0.00042605734870704325,-0.3128193351155184,-0.34857585357915755,-0.03903922715649066,0.03941609468278797,0.5660746487878363,-0.27723286464388697,-0.06196270111840877,-0.1173844767846906,0.021080401777860514,-0.05262523233904682,0.4617312552948748,-0.34535140085431265,-0.06620013629931587,0.3740459726500288,-0.1358774388682048,-0.08615653101175975,-0.4915220151932536,0.07582703620518047,-0.02214253796338127,0.41955990192568726,0.07835232146664325,0.0926854819974248,-3.35791336824074,2.4755492618288093,-0.3091225764063527,0.42735045792811205,0.3660477170114638,-0.19722432492743938,0.18043578125201373,-0.5190145733988513,0.2339038029744936
6.452,13.641931521646736,22.99636015000815,0.8090002249405184,0.9491297739806349,-0.003916025663631261,0.00698248311313108,-0.31478338872317396,-0.33357836612939495,-0.02848262627095745,0.01728192804444239,0.49458240156855576,-0.15964941958704645,0.0057603453526880975,-0.1399101763482733,0.04968129055659381,-0.05855526133267072,0.5571443340805806,-0.3587486104975213,-0.05321851473662986,0.29459429714215346,-0.11304641167833047,-0.022766838780343263,-0.4755625650821562,0.19332197765787812,-0.0017867415330516828,-0.4537688410973894,0.25272430474051916,-0.2895147163377196,1.4546183492631313,-1.2843016394410018,1.4299627308376666,-1.605331507899518,0.5073423171639702,0.5226695946500747,4.019371281794403,0.008849242735713976,0.6147592746471129
6.502,13.656058810212153,22.989791401346842,0.8096493559510164,0.9489063246901084,-0.010797181801277566,0.011232666825392812,-0.3151730239475613,-0.3342476756123423,-0.019422140613001928,0.008048713745663159,0.5406129008047939,-0.22019422094720467,0.0423632073005858,-0.21955307316405756,0.07032411812266656,-0.014382102135525777,0.7503403691639258,-0.39816938414084796,-0.030565195748309036,0.27713209324841326,-0.16097942318610037,0.03623953158782443,-0.2873103199089526,-0.05151083607150311,-0.04611219896545973,0.4011033805340076,0.2288111759436491,-0.15493162361202212,0.42490462233361787,-0.9300993725670854,0.4294239444662927,-1.2650618138338137,0.2864779280255716,0.6551575853571993,2.657844870557554,-1.3152582952846175,0.3988377413601985
6.5520000000000005,13.66942431374658,22.98054559537755,0.81186403888808,0.9485644319754238,-0.017991843949451435,0.011407091970632586,-0.3158665702400506,-0.30589772445232455,-0.006707588755470252,-0.0004745962999824951,0.5486442288204028,-0.255971158133736,0.05715300276940923,-0.27432982129027866,0.07672904062357873,0.002785899827227591,0.8238812038805953,-0.43613337110662176,-0.01134209686931648,0.2569646093112667,-0.20302284689896197,0.04698705440515056,-0.24551450414801462,-0.08622604010962345,-0.024922523668083202,0.6497665531131999,0.25632745401486234,-0.1679276845273744,-0.012515121925150424,-0.5660069663869851,0.1946324990468783,-1.0333174782385977,0.05097820679755829,0.22413417380363762,0.614705259413715,-0.2328878524157173,0.38449246377839835
6.602,13.681683965235214,22.969745392724093,0.8139332272467524,0.9483087388614609,-0.022576204485280166,0.011302560602197868,-0.31634333075609095,-0.2727227278563985,0.004216143541603966,-0.006515657558926008,0.542731581304978,-0.2794075989375809,0.061564803886987624,-0.32805454400295664,0.07740897076797111,0.013477154564274922,0.8330394600525407,-0.4392180186929549,0.007829063941967822,0.23440582395771173,-0.22583988764836585,0.03370880112981733,-0.09213423500259843,-0.032743961013254864,-0.027894033991267334,0.6588962869444344,0.16928517520507863,-0.06150011441659672,-0.194398291523828,-0.3977838760059435,0.015383627811662649,-1.1177995249837072,-0.024769475304053996,0.19072394029671033,-0.05771224784705417,0.0019088479350344947,0.349014936559106
6.652,13.692836404266481,22.9581649854337,0.8152135977796393,0.9479797820235105,-0.02208062929569797,0.01151852060406876,-0.3173548524406974,-0.2408554316679029,0.008812206038037805,-0.004623506280539493,0.528138358692888,-0.2947099188859013,0.06170027618978746,-0.38227550685763517,0.07019909598497598,0.01535333652648128,0.8201927075811295,-0.4381476585533437,0.023815647066928392,0.21371798430590938,-0.23710603545251838,0.01885659318438396,0.11525781495701665,0.05815223083097238,-0.05379945477120325,0.6249538519612207,0.016181887689019146,0.12433681444349692,-0.38652056642678784,-0.23392241386843263,0.003154212491302118,-0.9860071983071617,-0.2779387128736277,-0.1636777902158731,-0.4683597937151838,0.07636567399059419,0.22168615645000908
6.702,13.703057017194935,22.945850599009677,0.8158153753408999,0.947550153092754,-0.016403159985947897,0.012169381531010187,-0.3189538365806659,-0.21015175536390945,0.005836752485222175,0.004760693921284745,0.50474877332449,-0.30398381687637166,0.06317401583399163,-0.4211316878414104,0.052085865428514774,-0.002149768273109519,0.7858690798078429,-0.42527565040954224,0.03076086963908811,0.19549663895857086,-0.25619649994077875,0.004185280801858518,0.28637604041618214,0.1349083214735017,-0.07092204044562948,0.5932812162680661,-0.12479753996886243,0.2338539573058085,-0.5152522954762915,-0.1591732663919007,0.05799025214391747,-0.5698631997714487,-0.3778976852135107,-0.4376446541359583,-0.831784038751676,0.39673877880634884,0.08754014198934666
6.752,13.7125559949983,22.93237799620483,0.8153905459938994,0.9471001975088981,-0.006545562151778579,0.012653710950560651,-0.32062166971978423,-0.18063493300524724,-0.004212020748494492,0.0177240575889964,0.47841039697500753,-0.3116354374257265,0.06584747761098977,-0.42818110228254297,0.03166331888438695,-0.033021829153849463,0.7108481285239686,-0.3685296807049349,0.03559229522630215,0.18630259132527624,-0.2821467007192888,-0.028908694854443414,0.44560498373433993,0.13709782480494215,-0.042030686100582255,0.5628423462656146,-0.2831944396639118,0.2590294286528915,-0.4383131949853991,-0.20460387171015562,0.013561989749518085,0.340986780916195,-0.3984403034663825,-0.7136027910609414,-2.3302046390068014,1.8668890828902318,0.1527658661198797
6.8020000000000005,13.721896330443345,22.917900962535956,0.8110733197028354,0.9473842835505399,0.008154515686965983,0.009820227598978697,-0.3198438467209356,-0.16060413837088847,-0.027516725093498052,0.029976047779731025,0.4802594058246826,-0.3331455830707065,0.056811261770701664,-0.38152985314985194,0.015612582126533372,-0.050800167245007834,0.544224604439028,-0.25131354885688906,0.04900473440702891,0.18832563294783464,-0.28695367051212545,-0.159061748231518,0.7842636523152982,0.019456392265893498,0.15788331445417222,0.16052686793204748,-0.7284349707496992,0.21796648641917774,0.6657679003922108,-0.7491306161342335,-0.2324300783257109,1.2281618306467104,-0.2945403488176518,0.30869791211061814,-3.4358810818609404,3.111853394868808,-0.19939532299031032
6.852,13.730173507809333,22.904552285802954,0.8077093247518561,0.9477711015969217,0.020928884543814263,0.005557571091923336,-0.31821538959181045,-0.17945062354871485,-0.04955358260661482,0.03595944785325654,0.5634322455651655,-0.34932178800096164,0.045479262004016856,-0.3683749138126535,0.010356174079643236,-0.027306168287480545,0.5402653953469592,-0.1859098709348427,-0.034791168622723724,0.15008937146576865,-0.23604673500658638,0.027319760699671874,0.3003000132846044,0.037060946048763074,0.051764376850735545,-1.0025706455421866,-0.3577949013570056,-0.2928774015338506,2.8171918612965423,-0.736408747873475,0.012736580625484365,-0.001840777731646431,-0.12879234041994947,0.1316424142364046,0.8706286191976714,-1.2556374397780867,-0.8737407786955671
6.902,13.738412800917166,22.8937497775878,0.8101635861728145,0.9482672925005585,0.026244744449732106,0.002847041014375937,-0.3163735920077578,-0.22834675294437837,-0.06400298587647055,0.02671242129770927,0.6845964437334022,-0.43562769721435635,0.040596506261026934,-0.3510980494418848,0.0036156692636062555,-0.023386293626378334,0.5562457231825172,-0.22894441064576743,-0.061765051403256735,0.1959882468728379,-0.21239534235513013,0.059672693036301766,0.19819810961014342,-0.2023159813761786,-0.018659637831163034,-0.4757572681974516,-0.16606588527111157,-0.03595197207236876,1.3695404235981847,-1.8978439255613655,-0.17213186887218632,0.7324321158502065,-0.0800828185501326,0.16217580626481448,-0.04682036936322451,-0.62078425083401,-0.31105715975241854
6.952,13.749066435595866,22.883490679229855,0.8132518885452488,0.9484326589262038,0.027662799795265175,-0.0028289574469756718,-0.3157566436188187,-0.25118210581471867,-0.06784582862458619,0.02462891832361852,0.7341188835694762,-0.49437167291752526,0.032207370468107614,-0.3077799924804992,2.71621771483121e-05,-0.020244763090606775,0.5413904399954974,-0.25200189271656426,-0.07128609070518724,0.231198733134233,-0.19699897355054005,0.05886062654786949,0.08168318410064497,-0.1872201658232721,0.028841396800653136,-0.3975426742592178,-0.024408225733934273,-0.001618293744470702,0.5998361953821365,-0.48022165684377477,-0.13170438103592763,0.9159022073500098,-0.05721942495975177,0.03987330693634194,-0.4038646296475807,-0.3544796208893296,-0.13127624428810747
7.002,13.761486588715183,22.87412607871935,0.8157202587632316,0.9485466385558635,0.02729381539687941,-0.00682522365330578,-0.3153850637673507,-0.2705878329047055,-0.06806045438015312,0.022086708989940848,0.7523661101769282,-0.4981394573258992,0.02292425913920228,-0.2632462581874807,-0.001824567113112969,-0.01895239700475975,0.5206856540437528,-0.2676441788789337,-0.07486213851227415,0.2639227894659712,-0.17848794899126325,0.040253207564057855,-0.004704423910736862,-0.1273378314218449,0.013668909257550236,-0.3860974919915528,0.01110880821869576,-0.10631767348380483,0.20434717979324366,0.1431103076832766,-0.23340784243729018,0.8644307247111518,-0.01942097717923654,0.012085455275770469,-0.4128748977942107,-0.29950965148926334,-0.013996994628519954
7.0520000000000005,13.775391274638228,22.865675707412752,0.8174289908354189,0.9487092422930761,0.025210504759746427,-0.008565640766102669,-0.31502671924096204,-0.2913300985608372,-0.0647173012590221,0.01752221150511552,0.7566942687104788,-0.47952633605250583,0.001987127416516742,-0.22038250479958665,-0.0011991236072663894,-0.019433242985053556,0.4971402679060452,-0.28069331286369253,-0.07428312054579232,0.2908890049665067,-0.16037597632445744,0.029177158799254338,-0.10829117256132359,-0.06269958602561165,0.02325573843794013,-0.4288760003369484,0.12091909454624356,-0.05775889280088191,-0.0409196971304311,0.5172020013630342,-0.5078978479895502,0.8615360015658527,0.044679402695623496,-0.03214486523117447,-0.5389146208735281,-0.21776916833806292,0.04160922869898609
7.102,13.790574355356043,22.858209505465002,0.8185484852805619,0.9489663674399811,0.021159277738090183,-0.00800529623221304,-0.3145648322136532,-0.31123953414765726,-0.05729544052542725,0.01670168741173468,0.7407044328719569,-0.44721859252874213,-0.021275018756890363,-0.1777990227708237,0.002732550223895428,-0.021846852880534447,0.46734329411711184,-0.2894641123525037,-0.07048570371775888,0.31391437450183063,-0.13809730590790278,0.013475993313228686,-0.21175845360719742,0.0054275774240677135,0.021071799458913312,-0.3655687845385228,0.15626625514637077,0.0012277696485055332,-0.5898354822974647,0.703531286175565,-0.3890150190598731,0.8213185847403567,0.11326390005295664,-0.06379181613632146,-0.6176486885688766,-0.15394952038252807,0.09846527189054823
7.152,13.806825130649731,22.851831323780512,0.8186328130449501,0.9492276361976014,0.01484589718838899,-0.005254800957436118,-0.3141956095846707,-0.3172123462537199,-0.047990438887015235,0.02175322038737571,0.6673073491617963,-0.3862125797283213,-0.03849893269407747,-0.13766861184337975,0.01080702732079899,-0.026077873609433075,0.43601278487148926,-0.2964094669376026,-0.0643665320332389,0.3349139785889244,-0.11721888805460717,-0.014867431043555665,-0.3327196252811443,0.03882970741884389,0.007938822894609439,0.160973918866136,0.20559792476939848,0.2177542814354571,-2.3818160883647708,1.6633248057243257,-0.26242001131151654,0.7524488979337001,0.2093274883533509,-0.09453771121771155,-0.553689627383727,-0.17545365667771493,0.1454512117743565
7.202,13.82383352406824,22.846521987865884,0.8157301426648478,0.9491917002791539,0.004774304027381639,-0.000856505281700777,-0.314661069312562,-0.2932407889227922,-0.03881331711123228,0.030046891770446168,0.5044036591778824,-0.280231657487049,-0.05336552087151356,-0.10974704310293609,0.026796720519981002,-0.030909106375882855,0.4281607137908994,-0.31571515669118083,-0.055442661354349124,0.3378227137391526,-0.0991669102998151,-0.11928098475886556,-0.5965130685076313,0.03192014227179153,-0.060570111048992424,0.6911541793958706,0.19887762740125295,-0.053733819966514475,-3.6857054407825736,2.299642566338487,-0.40684837647406463,0.29049499745534,0.5075151497795491,-0.10187876050413675,0.4076525839522752,-0.688091083262671,0.21443941002016711
7.252,13.839252860124118,22.8418654108226,0.8121942388538483,0.9482763687658902,-0.007778027074783042,0.004929042366779451,-0.3173123623125129,-0.2830889848971214,-0.02643141739249523,0.016247998919098474,0.4869863171088482,-0.1940489487536219,0.021116417226374234,-0.14237148547628548,0.04985041296908487,-0.034970930809282444,0.5361714585587394,-0.33091029147647893,-0.04210035766990877,0.26844386122373365,-0.0772436274195854,0.005752402810696983,-0.32209963017308707,0.19129844760589207,-0.10244235983942594,-0.22074436154999136,0.17162693453555747,-0.08891316921505656,0.9815463951712338,-1.3677756521285112,0.9031377392132475,-1.8213418367635292,0.3585921868615705,0.5199340414359959,4.580829087646398,-0.4632102127568162,0.5176380564210237
7.3020000000000005,13.852556312293771,22.836300823433273,0.813757359318349,0.9472049746102622,-0.013331821877508598,0.008357837668394793,-0.3202423225442051,-0.2716526622466865,-0.017785231203065473,0.013782561376970787,0.5082107906690476,-0.24439033656679762,0.04938699224051334,-0.22433611433996817,0.06609035107432862,-0.003952890557578381,0.7317776997559676,-0.3961151364517249,-0.022994216627683046,0.26177287915844727,-0.14671975186239747,0.0448656637903719,-0.27525853572870707,-0.02848508524228651,-0.12918082494142175,0.5062213962699872,0.2578815379005656,-0.06484533427677915,0.1025053204555294,-0.7186497945865921,0.3479498058092892,-1.3224813001524154,0.3182871410835691,0.4796388498874946,2.484721027010378,-1.355150757498147,0.30798628697032104
7.352,13.865371855388915,22.827727979712765,0.8158926300900782,0.9461125776636414,-0.01985995514357022,0.009103002075079037,-0.32310015153443594,-0.24135532377690622,-0.003989495673536875,0.010720530126176317,0.5068137791517044,-0.2730579902643786,0.060867420496998934,-0.2843844619292803,0.07726524558466819,0.012049917689344884,0.8013311759517516,-0.42878907180018655,-0.00656652399827151,0.24940164923091307,-0.18953715449256933,0.037094221110188064,-0.22007386754718014,-0.044512211291103033,-0.12345362182872689,0.635859709805437,0.27133523970588835,-0.03810749610709392,-0.10656149073022686,-0.4762662630494456,0.1322149005786574,-1.1760791081374797,0.15631581199312589,0.23995621068344403,0.6019518197072693,-0.12449952405979761,0.36263030735486085
7.402,13.877475023014869,22.81757805068251,0.8172355810662921,0.945023250776368,-0.023324298384946925,0.009850547468766927,-0.326021470629591,-0.20997920181681892,0.006884884975194166,0.011561865905508745,0.4986436531006853,-0.2940000519800192,0.06347674561529333,-0.3447511877333662,0.08055226999006684,0.01966118447444286,0.8112103522267918,-0.4299589649918359,0.01226394378571079,0.23530125482060307,-0.21390288123283296,0.016474860193166324,-0.05788421443017973,0.01781744867234315,-0.13397461696606858,0.6135576227668967,0.15745364913845725,0.08051034449085653,-0.20863723989324176,-0.37782816992932394,0.006202688519210493,-1.2258147469891334,-0.011653824774338316,0.07126494462623477,-0.028372780493100935,0.007324248242628598,0.34859448058538023
7.452,13.888914680659934,22.806474398323513,0.817637772652496,0.9437334328829263,-0.021711510645877147,0.010993798069514634,-0.3298104825024338,-0.17988629080828888,0.01066933610019915,0.020527354439598435,0.48337773384236904,-0.3094306782151503,0.06374193328498097,-0.40286517167727975,0.07241228619657343,0.012917550183434653,0.8008063242301701,-0.42798377126159015,0.02720850972310059,0.22409093405600083,-0.2312371063278636,0.00201072609446776,0.1359445561272448,0.10848488854721942,-0.17271020127837494,0.6091586252432981,-0.0008414306923560117,0.25070415320381406,-0.4100641857490581,-0.2515646772357201,0.008579440349489896,-1.0329347027869025,-0.31065217577961196,-0.3724198633099388,-0.3952677952561523,0.12375321565068709,0.2052837481888032
7.502,13.89988208115673,22.794200364336337,0.8174503051263867,0.9422908655289355,-0.015587373672509628,0.012508724710404298,-0.3341982799609272,-0.14885749706614815,0.007255283402977053,0.035250923259043984,0.4584083527348136,-0.31983249546619774,0.06494914293489473,-0.44281645127434655,0.054322166377320256,-0.012249428073642423,0.7715581636914215,-0.4111664983212394,0.03352187901773339,0.21442209606105816,-0.2598907834621552,-0.0111687287333513,0.274690104219934,0.17210680506195103,-0.18600653893080063,0.6157454513607414,-0.12451573477123483,0.3203255450414809,-0.5442020647467891,-0.18540866984772467,0.035592218759127096,-0.5716659804820561,-0.3494666757985618,-0.5380994508400461,-0.714007927137772,0.4947417271564319,0.07278460000265284
7.5520000000000005,13.910507049842737,22.78035883797227,0.8162307400350022,0.9407946823098976,-0.006156190937695976,0.013673479932929642,-0.3386450988824144,-0.11757724417825972,-0.0022965289714624547,0.0519501262793271,0.43134687182209325,-0.32941221797100007,0.06707367093713379,-0.44961560545500595,0.03540300765669881,-0.04841932613938731,0.7036912325709981,-0.34836836053212084,0.03510975689818271,0.2110041988457253,-0.29276433617966485,-0.045035422806594484,0.4042753170104388,0.15762137509110669,-0.16249197607303958,0.6009848378159041,-0.25996816373128784,0.3212942392276632,-0.42590651083392744,-0.25916661505758504,0.018237476359484087,0.34728696271445875,-0.35517533538165424,-0.8227888342368658,-2.1639124770316256,1.9747757904107484,0.02174129304976612
7.602,13.921098822823657,22.765215795066275,0.8114704051478105,0.9401652811462509,0.007677258898735063,0.011226744000019486,-0.3404471530827524,-0.09877095488512909,-0.02424757788860227,0.06640981693721311,0.44087339243217705,-0.3522978104819378,0.06175878291740697,-0.4030244288377279,0.023761159295808645,-0.06970073694770139,0.5462708280286838,-0.22881092782547888,0.038882872775770023,0.21792224910948685,-0.3033064395178262,-0.15584393474050454,0.7909142960568971,0.015177108515890155,0.05345567367221582,0.058770480286004075,-0.739963412446956,0.21629601556709366,1.021743176233478,-0.6371463826440442,-0.23635122651631965,1.379580267001875,-0.20939391778219033,0.19373920514709905,-3.6874044011357,2.337723732282697,0.10745643176756171
7.652,13.930547707083027,22.75114755612496,0.8071132808477515,0.9399191233284242,0.022410446519256968,0.006213508982219369,-0.3406041775939664,-0.13449607439398514,-0.05273705486084717,0.06179771452602675,0.56170137853017,-0.3649722785415855,0.04326412798331364,-0.384366774838904,0.02190014569160359,-0.03352241224565229,0.5234615498436007,-0.15697864757235905,-0.04631175236858138,0.16164177016856066,-0.2478200030245663,0.017673814072228095,0.3471677801966919,0.07242389479080212,-0.060548810376261475,-1.405356351071821,-0.5405031475186167,-0.8192537235817462,3.4898046685845783,-0.5759277980059175,-0.21467890650282173,-0.18098919171278033,-0.11474345363723387,0.2658390761431377,1.1637477928712585,-1.3370809678336972,-0.9926543599823385
7.702,13.938958346060492,22.739678231587863,0.8092325304321233,0.9398738689137831,0.02873781278269156,0.004135971113503281,-0.3402853837478947,-0.20243708251134684,-0.07081665281404895,0.03690615305192369,0.7032767724750372,-0.44789784755467854,0.030990724266213264,-0.37525022323594276,0.015066263436243373,-0.026095614278040812,0.5521032985888547,-0.2055310156915023,-0.07505508301676221,0.17787518306803818,-0.21973286389802113,0.051292706672392344,0.20530480502609647,-0.06141594200762259,0.01984253737639109,-1.1125273856774083,-0.1253839028723758,-0.19200234297487498,1.8277393650506282,-1.6812043099450986,-0.25717434654271315,0.46559351714638836,-0.11390203307253755,0.10802303149463836,0.1477410321006729,-0.6546976686737059,-0.3430570229595614
7.752,13.948273865685174,22.729254469770723,0.8116145064386416,0.9399877013618632,0.03156385216392791,0.0008387807564426541,-0.3397442287543042,-0.2485214906457173,-0.07078481898783891,0.030784021747852768,0.7559081672410157,-0.4977034547836639,0.016850359549110152,-0.34673595669461105,0.010176828625035956,-0.022994692111122865,0.5509269395821117,-0.23085938959260735,-0.0845754456413538,0.1932459522764277,-0.19610154599272409,0.041776313137900326,0.10776522528369768,-0.08655414245913305,0.028904823758925394,-0.7741605736317145,0.06726273771612767,-0.09056892234500627,0.44031707612633286,-0.3548644984476206,-0.28531038372780043,0.602917333143179,-0.08781945244976369,0.02733266031387469,-0.10500896984329036,-0.4091298162279605,-0.08137327246747028
7.8020000000000005,13.958678482449592,22.72017628191297,0.8133736996906817,0.939040960386077,0.03275263878425547,-0.002337905287513391,-0.34223365347190626,-0.273285847680308,-0.06707971847990689,0.030434971835173012,0.7491938288272486,-0.50283623251107,0.0005328577776252338,-0.316442001157955,0.009272179216924241,-0.014582678691484123,0.5455213501028999,-0.250167251045493,-0.08664368424846909,0.23894569007692665,-0.16566463449007526,0.0301929595299052,0.13792067328709118,-0.17399147726511416,-0.5203332249169031,0.023738547719827384,0.008647913022244252,0.21702968413268411,-0.8341872345796699,-0.08581156479934625,-0.3626483480368759,0.5943451728295521,0.13474747619127259,0.6470881721901248,-0.02952630836910556,-0.4082259159832927,-0.02247015737889138
7.852,13.970945664088829,22.71208314979613,0.8149391572128073,0.9347173503851507,0.03146659846696949,-0.0054408339271543905,-0.3539544114657409,-0.28137616590864845,-0.07183946031710874,0.013873852198213152,0.7363535139909202,-0.49115568723572917,-0.02151478029565026,-0.28184561031489025,0.020255983478951082,0.01048342737693914,0.5320164031002336,-0.2643716918079517,-0.08951342705408608,0.25607710562625957,-0.15472750056749862,0.03344620224757321,-0.07385890878434717,-0.1294225060865215,-0.5529192737336444,-0.21984258318073369,-0.08024481572087395,-0.3822473489486492,-0.08851890536870172,0.37967804318178866,-0.44477138823721984,0.7297509690241095,0.2872888984763892,0.5169196892817255,-0.41126232597166423,-0.17736779137192238,-0.060037796286121464
7.902,13.98435224431152,22.70459999041672,0.8166008547908323,0.929645703766032,0.027140085930207565,-0.00658569640159881,-0.3673947601803369,-0.29110806551008056,-0.07198784459840121,-0.001265121988829388,0.7238459700548083,-0.47058710174258184,-0.04009354497499968,-0.24284092059234283,0.036619281764706135,0.036054758444165474,0.5057930730047946,-0.2694825846442631,-0.0905863456302045,0.27864588866751355,-0.1455332252059875,0.03011798752644817,-0.2073862289419717,-0.11853877726634317,-0.5722345106737108,-0.1639384263607655,0.057634258104167675,-0.24812996877174473,-0.42228426806927477,0.4161016105082369,-0.3007641790297061,0.8226605482809317,0.35843638909857395,0.4879572762002757,-0.6080902559994154,-0.05518119614396378,0.00791527106679742
7.952,13.998906475686063,22.697467099829872,0.8177470283235857,0.9243647791806976,0.019895086872917533,-0.006256915105134369,-0.3809393541522158,-0.28711144886702705,-0.06437044284604093,-0.003652013433232055,0.6582308781845466,-0.43132725817017353,-0.05061869800167695,-0.20048574256477258,0.05609684787158022,0.06004084696748417,0.4727701435203259,-0.270871548670721,-0.08674946523072545,0.30302769086887704,-0.1424182803924447,0.010590150277968016,-0.34187052510135085,-0.11419426414320627,-0.5732813004759746,0.39660924268963593,0.22078340123777948,0.08741500564933227,-2.3313802792945766,1.1884369770981302,-0.11468984169680939,0.8624345761956064,0.425902910720203,0.45237503571956916,-0.6557084579763336,-0.041349464991546805,0.14455740231961567
8.002,14.014336459376326,22.69019705949134,0.8161855480451434,0.9192630276886931,0.007988303495918097,-0.004015683957651856,-0.3935423067653936,-0.24801690173425267,-0.04825620371037544,0.0028699073143975975,0.4888417943002465,-0.34225698809495786,-0.053653731976601955,-0.16413784089768854,0.08331502630843293,0.07825935556057978,0.45530501621445096,-0.2817229285262352,-0.07605344193793838,0.30479369030839193,-0.15141003619927423,-0.08640676202608027,-0.6403812029128787,-0.10304411143264583,-0.492131572548209,0.8597677729330533,0.48295115904392444,0.011547576546386176,-2.6575507458055503,3.5480715140602808,0.6201286856068366,0.5186778902614094,0.7216811710256872,0.23414719436585657,0.08954739774839882,-0.46024524716013204,0.2475851779091454
8.052,14.029210975257486,22.682968868293624,0.8135911972146505,0.9139046275213156,-0.0008242241554614645,-0.0003725424922845963,-0.4059279660996013,-0.2210627856593477,-0.031342235714151144,0.016647184496478982,0.45814581956756434,-0.22683633211577509,0.013987644835730461,-0.179828983949836,0.08363484670603229,0.03228388105323342,0.5355973512972653,-0.3319400403577094,-0.04029125507803185,0.27613121813989727,-0.1376294779044116,0.00715344801501837,-0.1361381942338291,0.12563041042580733,-0.5904470244811255,0.2085244147848434,0.15777313869985826,0.4400939442780074,0.47072846310578104,-1.0396915947305416,0.9740152887360267,-1.4207623593446381,-0.6886457853925586,-1.8831383664502712,3.9256256690341136,-1.9336795081021865,1.0933814749505937
8.102,14.042150940647609,22.673728665922543,0.8150848506237115,0.9074758590367463,-0.004829801619131015,0.0021488352381205562,-0.42007097113340125,-0.19486754953339697,-0.016186347597953295,0.03816993634963739,0.46551560964720406,-0.27280024187241236,0.04367961458132359,-0.25296045995530836,0.07266947512988536,0.005988982107107227,0.7254668974512127,-0.4056993999134011,-0.007195158325065266,0.24560055756196503,-0.22362835335151793,0.037612833624894204,-0.2463729495642192,-0.02660302963117481,-0.5905162067222841,0.7038417181422256,0.4074695240162771,0.3642001881704716,-0.05674031172960974,-0.715974088395767,0.3161146985591542,-1.262607564316571,-0.03958841496476208,-0.007960286030317579,2.526008807365993,-1.0680457991066443,0.46716141584880877
8.152000000000001,14.05395981745194,22.661291193982393,0.8166915842338943,0.9006764753635222,-0.010102304753534335,0.003901750122153047,-0.4343553919446537,-0.15488812628349585,0.0051678610702443626,0.06013908686331791,0.4546338020271026,-0.30194350981428536,0.050830781048510784,-0.3172931798350895,0.07214170055500055,0.016167165693393413,0.8096623518564681,-0.4298236165335836,0.015314989888437207,0.22855496287418944,-0.2691993289380473,0.02513738884453005,-0.18218333940175452,0.0035342438137514597,-0.6348315951700181,0.8453522996365426,0.4031276218595417,0.47750583833681054,-0.3393357340115607,-0.4885990510426888,0.024065504692214162,-1.2745141624660532,-0.09619227826476369,0.1237513914542216,0.8640952918775527,-0.18342909424341733,0.44781547381505843
8.202,14.065062137594703,22.646892938503285,0.8174241527056622,0.893652581263875,-0.012025485621702536,0.006004210890241902,-0.44855813575005155,-0.11182245254904885,0.021376093277306246,0.0865606991866203,0.432219728907526,-0.3229035131987471,0.049472289556792726,-0.3813167637131551,0.06218997220289119,0.014689725191917281,0.8279648284997307,-0.4346395878520144,0.032407728289307505,0.21611669478079162,-0.3051374975369509,0.0037727538998699305,-0.03195573375197844,0.09659953653798048,-0.6224194042626116,0.860068976953192,0.2385688007644931,0.5630415270666889,-0.529139714462679,-0.3688093931313109,-0.06255696921985913,-1.2729898876075774,-0.288205745449537,-0.1897598489912583,0.056538556487657446,-0.07280230959375297,0.23742596820136833
8.252,14.075744434382884,22.63062610133808,0.8172019083093814,0.8864082836927215,-0.009094847086679448,0.008232657511148555,-0.46274167924199144,-0.06552039291760695,0.02760805563855285,0.11853754499964023,0.39601208841368324,-0.33648212545032813,0.04599876064765459,-0.44151390448366373,0.04054157244588595,-0.008609529695681479,0.8237796455436627,-0.43488351742357617,0.03620558915984244,0.2117305541654857,-0.3473448888921913,-0.012272535526920123,0.1422361382331891,0.1683207656261155,-0.6353651191313233,1.0027716692373545,0.023853318860309974,0.6846295993916941,-0.8983150822327364,-0.19316067246573243,-0.06858305743726453,-1.069312849670589,-0.5244944153170855,-0.6744785021746353,-0.23157461587615988,0.12278775339386504,-0.023861233952566303
8.302,14.086117414177489,22.61183270800825,0.8159418912712885,0.8791451644890438,-0.0027951608965820535,0.009739091191056991,-0.4764463421350488,-0.012577839865537432,0.02473844626049962,0.15290071557260407,0.34691663257038685,-0.34440249911754073,0.0443990280618262,-0.4827553357281363,0.015182506511108926,-0.04686972767827943,0.802307239679318,-0.41064737957472125,0.029245690023500227,0.2014487063384989,-0.4025829872791561,-0.041789748713578836,0.23825165063109263,0.1835401448888987,-0.593820922474076,1.0743153465479163,-0.11688579506789837,0.6714619922665465,-0.9783884157244763,-0.1714614703451973,-0.002976008448671131,-0.5862249420371304,-0.43326132726369504,-0.7740916433300117,-0.5943178427986787,0.7375130780390884,-0.1941646881512979
8.352,14.095824559911355,22.5902343173203,0.8125361166459147,0.8722949241131224,0.005118422885494145,0.009684239668448042,-0.48885742565260526,0.040795978522298014,0.016410466042546527,0.18522831376941223,0.30529131118893266,-0.3556266344233888,0.041362910991154654,-0.4889373856533577,-0.0010776814330711937,-0.0925574875347804,0.7366758848764079,-0.3330361053678176,0.0139344049670525,0.18476030488615203,-0.4558054334201514,-0.09797302335341057,0.34758710873859544,0.11871034725226572,-0.5034898507479628,0.8899710916328895,-0.20857825995217752,0.5592485357801797,-0.3465091984680649,-0.2933205953767136,-0.33847586200962454,0.37060146002104405,-0.1310037049830575,-0.9032909612833279,-2.1717433266732082,2.2285852220717404,-0.39130333630745284
8.402000000000001,14.105127142559404,22.566640767086945,0.8061399652683656,0.8675290154847158,0.019072364232935228,0.002944464736975529,-0.4970120545239299,0.05079549846757366,-0.00849819770907247,0.18560814602844466,0.36724774242986497,-0.37608054959212084,0.026912395205259478,-0.4378675799070248,0.0029112010195504637,-0.11031185241646384,0.5755477270872292,-0.2045932792693195,-0.0034362355281522556,0.1997305046148645,-0.4843499524285796,-0.16436643798041473,0.9913758053612554,-0.07251344158278505,-0.21077858537602184,-0.49934181070962674,-0.895490995159429,-0.493047170169493,2.898150169359078,-0.3632417235772674,-0.3234354421609887,1.6137453468077358,0.15202754056345125,0.4312528533113741,-3.8652397281180497,2.378808432409662,-0.2522355592837031
8.452,14.113311716488372,22.544779229180165,0.8025534063889439,0.8642489001737983,0.034755297076392085,-0.005557461386338038,-0.5018316674906541,-0.03492166774878131,-0.04767184737498861,0.10692451654016978,0.5996099005193073,-0.38337793876023407,0.02338630927913753,-0.42448422260675683,0.005396842292611255,-0.061694288137934046,0.5858338353560261,-0.18368348472295581,-0.08413399599701053,0.14431009658883684,-0.39379889027121207,0.01584465364294923,0.42991961531089523,0.08150326873088205,-0.2623541872100663,-2.2750284533223373,-0.9107663417544757,-2.4211864389643907,4.970591269430507,-2.1123114802533474,-0.06954538555338785,-0.16468275680874436,-0.1215136136224009,0.505956618338295,1.4609599220876286,-1.6417032438413819,-0.6436298442567135
8.502,14.120838391717877,22.525059719694923,0.8047703965065564,0.860631113601791,0.041266754433164396,-0.009649760889795191,-0.5074623369215325,-0.12375893328564296,-0.0705365831500444,0.038637464773129696,0.7490141937155792,-0.5032746558923359,0.007969849017659349,-0.407347091658747,0.004039238504857373,-0.04065557465841211,0.6197165935607174,-0.24221653067659668,-0.10324301370031573,0.15829035454509524,-0.39835020986453307,0.059037723281897984,0.22143829460371736,-0.11028848049471807,-0.2955335213891564,-1.3608621941170378,-0.0999444121037475,-0.7107769294718508,1.4539190415147307,-1.7322695663636987,-0.2948949774837344,0.7133043001662617,0.05991153711463931,0.38142415808823943,0.1410612119371479,-0.8362130618588011,-0.23625481269591275
8.552,14.129308676580708,22.505330637515634,0.8076788182880823,0.8563623579113347,0.043090531426508316,-0.014623470091602,-0.5143664765285536,-0.183839731782809,-0.06843637896282606,0.021317896801433017,0.784789201605311,-0.5415828536130587,0.004634937267101823,-0.3647606509509498,0.008369010862625476,-0.022410677982363514,0.6165255287877982,-0.27580106694850787,-0.10971945409265639,0.17914972970180554,-0.3879831643588811,0.05316499316854865,0.1222132359976544,-0.15521739372086352,-0.32143928123902565,-1.1382778609886937,0.07829156619742378,-0.16331950753488958,0.2868383238466737,-0.11336713520182345,-0.0017000909924579921,0.9066511841014542,0.0968677852011342,0.3389068991665262,-0.17320977520973196,-0.5569348173323868,-0.06252924448477552
8.602,14.138780820188902,22.48626176197763,0.8099997565882596,0.8521795093589795,0.042616017558746236,-0.018407262400313935,-0.521186273387017,-0.23850392998886502,-0.06634983388090725,0.015379716014377801,0.7897799621817047,-0.5325682228045806,0.0002048490500178146,-0.31793213619160515,0.014116837678603387,-0.007278886962352564,0.6043382712543944,-0.3011244490576475,-0.11140108848666347,0.19876798890085398,-0.3758077110059986,0.04088999558258477,0.010098759847596225,-0.14958704287105914,-0.30110607557639774,-1.0531846615543696,0.0054460399859543275,-0.09023871175903186,0.008871803624155152,0.32460019088779063,-0.1708125558002167,0.9645049990947087,0.13464729070496667,0.26829775478983275,-0.31232726190640836,-0.47161439662661425,-0.01553935733567571
8.652000000000001,14.149142504236742,22.467717013389763,0.8119875035027913,0.8485448188106652,0.03980324122573175,-0.02025540739268963,-0.5272353468128409,-0.28933825999823015,-0.06655696860082741,0.012392543280586879,0.7879176417941708,-0.5037698428904989,-0.017433035945755758,-0.2671585640457743,0.02233731993393296,0.003906798866536453,0.5816147719438389,-0.3208576879235496,-0.11207797839363962,0.21554245038045966,-0.36777987300473425,0.03947124061656025,-0.11357570876158891,-0.1229135248458131,-0.25466871963335114,-0.948565338835584,-0.006159676627434182,-0.0258341799368675,-0.13129876637591703,0.7547773026720817,-0.4221839853067647,1.0710698907214382,0.19046084539318459,0.18592476743724135,-0.5953983847548692,-0.3223910356156639,-0.008216659014819548
8.702,14.160410254090532,22.449423635509177,0.8138535165698436,0.8455306792688428,0.03502071648576784,-0.020040729647649934,-0.5324000272231217,-0.32991714684390006,-0.06698694537646827,0.01236731920430938,0.7699503496642005,-0.4607511680772707,-0.03467968016429447,-0.2113318191427226,0.03294551380656868,0.011744250492923223,0.5451701350212158,-0.33363997767778886,-0.11197858735459304,0.23407737703602352,-0.36370885793537394,0.03234058835798021,-0.21240559796951336,-0.07875710666069415,-0.21889035510613433,-0.6833146791860045,-0.004098357179868556,0.02439469743785653,-0.5659474965341638,0.8708404498102258,-0.2505673516868366,1.1326512848287602,0.2319915708044606,0.13358948106763982,-0.8210166369155248,-0.20769275401342094,0.014053980454830011
8.752,14.172624698241775,22.431215158662578,0.8151493475419831,0.8429990442928056,0.02889351730187218,-0.017559814002154377,-0.5368514030079007,-0.34900385509436904,-0.06534431651873226,0.018944310435200454,0.7067521385016861,-0.39846956699657976,-0.03953161950828177,-0.15327389535545902,0.04559043812715864,0.017375560891968074,0.4987459607894873,-0.34112995244443745,-0.10904450712858772,0.25402971174050865,-0.3634826806418744,0.014525219020389866,-0.3006862990865903,-0.02918445235923284,-0.19375067797838857,-0.0634961965469707,0.06407835544805625,0.265230577180172,-2.019283363834351,1.532813064539132,0.010943924214898253,1.1476267183263509,0.27131333709698346,0.10042435367165256,-0.9562728207906949,-0.12967791004357238,0.11093553987279445
8.802,14.1857634965086,22.413319980166648,0.8142023321342217,0.8405657416922636,0.021319983453743547,-0.012580699335165943,-0.5411436206804113,-0.3329252826316662,-0.06329175159584109,0.036210889823280634,0.561990549375933,-0.30713664360945886,-0.035566712020680145,-0.10486485421510092,0.061210862619270924,0.019730588778716654,0.46592084685328694,-0.35289593517110046,-0.09861954905710654,0.26621467546332495,-0.35039059387115423,-0.06465081529207146,-0.46481288691537104,0.01889555336054948,-0.21516795361110008,0.6256475467388087,0.010637048719932313,0.28821298297003706,-3.452145217134479,1.917873448872323,0.05040695297594287,0.6894966679670136,0.3988094067987598,-0.08651839101107588,-0.15059211920176307,-0.394144994600145,0.31249854778144187
8.852,14.197867749507225,22.396009119513717,0.8093340079439999,0.8361432727545081,0.006664116885040101,-0.003333856511316817,-0.5484604838767176,-0.29831934869876947,-0.04960972678470484,0.019609229339714335,0.45355266884205037,-0.14715196954073115,0.00911692253506351,-0.11547023584301798,0.0920090045598238,-0.006935529361651262,0.5485190639963597,-0.36615259909011094,-0.08002000782071253,0.21755199457068874,-0.30909004584962907,-0.05614944125358154,-0.5622214080145786,0.10796741895919768,-0.2708270209685191,-0.23068457619272906,0.4020699362727051,-0.28923498612096693,1.2290550138586074,0.2722690850237127,0.9965406551462005,-1.4182714459424606,0.19936761308366857,-1.2267081026268254,3.7408703819626195,-0.231790019347977,1.0256185177959012
8.902000000000001,14.208057952644836,22.380295599396376,0.8096661531683219,0.8330236651034761,0.0010020448647565586,0.0023061952991774858,-0.553231642937118,-0.295745886267654,-0.03655418268055745,0.016954439161204968,0.5077753950348655,-0.21490175325926528,0.04187208085731276,-0.19776205905769895,0.0958718014978793,-0.021944830639935554,0.7457366386660105,-0.4031888708121936,-0.03423132355804371,0.18885111458123452,-0.3418216832630894,0.03265432175252516,-0.2722319267854706,-0.07496047505546383,-0.302593337933616,0.4978316130346627,0.3225712633270171,0.05767427584716926,0.6262844553452113,-1.3330499617290308,0.4690343664139572,-1.4655594577683755,0.08274618304486868,0.29711501746048136,3.1491175160286224,-0.9690961536749173,0.45189384460312904
8.952,14.216356429595807,22.362115219816303,0.8116343547726443,0.8290618780456309,-0.0066297600155532,0.004468514444523364,-0.5590997058059012,-0.26212586313090225,-0.017432447310493718,0.017530511087827036,0.5244130934220567,-0.26878836107292053,0.06192875567627299,-0.2657775712884342,0.09667199901706447,-0.007692355432147049,0.8425480222674906,-0.4333589966948557,-0.013186638646131149,0.14952015734055393,-0.3820368550106956,0.04230906678099367,-0.28765058816590144,-0.11027055965084742,-0.27772817087226687,0.8187760518718091,0.4009094172561797,0.009672232716898294,0.07921969199772744,-0.8601498271123454,0.23215100510517558,-1.3055986645650135,-0.0440443462934505,0.3357405271636348,0.9906143917818715,-0.14760100317134014,0.4566750878505279
9.002,14.223109630330429,22.342321415368268,0.8135057653598313,0.8252800762086618,-0.012412124691199362,0.005886427555289459,-0.5645565383062282,-0.21830291384152004,0.0007879504123746512,0.019903928190875757,0.5189700322516975,-0.303175944750075,0.06440190075035651,-0.3329425881220378,0.0899787468572107,0.007120275854492975,0.8615908577316216,-0.43509257910415455,0.011325013734237837,0.12368398907732071,-0.4070082285655447,0.030870337842174387,-0.14187060411362984,-0.04304113795113772,-0.2640707013833251,0.9102170078229278,0.30451803546194645,0.10816634189119509,-0.2597186618679793,-0.5673194028546912,-0.054319616218473865,-1.391833425569361,-0.2284812275936617,0.22690377345433843,0.020474179570278972,0.005887762488046458,0.4668261828916528
9.052,14.22884120475951,22.321531457633863,0.8147113044625233,0.8210284364152082,-0.012652373664264062,0.006478972099116085,-0.5707103003790951,-0.17106360143551164,0.011840398550396054,0.032481782211380775,0.4956231336754411,-0.32354374702965816,0.056975803047804204,-0.4017210709587997,0.07081736412113038,0.008613831091775553,0.8513326464522045,-0.4338187328789799,0.03350514421361195,0.10699117437515925,-0.42494263618357686,0.017291203330765212,0.08513222365019119,0.07263909621355726,-0.32268180096481774,0.9760502886402455,0.13224079705129776,0.36685729586667043,-0.6441618931454371,-0.2931686905779748,-0.16286492693000232,-1.274482418013205,-0.550039349375123,-0.23702374673302373,-0.44756135459142665,0.09554266226174249,0.29436801697424175
9.102,14.233685772625291,22.299605976126486,0.8150858104907102,0.8163204110685479,-0.007284775324058648,0.006288267491056489,-0.5775191565769184,-0.12166669535546316,0.01337995844781742,0.054276503335862064,0.4579242558120867,-0.33624925384168164,0.05551263642006687,-0.452775650629513,0.03874257024289158,-0.015555858735202906,0.8151758812524126,-0.41599363715621823,0.04040697148061547,0.08544233842607711,-0.4523239896735426,-0.004619567374215953,0.2548159782083398,0.1626211758773784,-0.3349844048747697,0.97603012934927,-0.053044021282694954,0.475851936240858,-0.7966771459704156,-0.25435114729884906,0.10821153026010259,-0.7642257573644103,-0.6322982268014431,-0.599363802726702,-0.90987825625523,0.5591224277317159,0.043320188435973926
9.152000000000001,14.237435592746383,22.276038789246694,0.8138939389817909,0.8114893483497663,0.0018847374457661567,0.004740181174205125,-0.5843449460396376,-0.07221929192676865,0.005581261798449673,0.07888275559927603,0.4187552210504725,-0.35031985437628893,0.06873395564638049,-0.4656149166542334,0.007407383228730155,-0.05725749804158757,0.7332068822327077,-0.34580180249062864,0.04099887337851611,0.06379156313327274,-0.4884286842646248,-0.05310297725753908,0.4062381785373009,0.14942552615895346,-0.3079124094008373,0.9438581211112125,-0.24922602418862486,0.46235467711604433,-0.6183015973518768,-0.37691644723818013,0.317697137349273,0.28651077646766665,-0.5270141442799994,-0.9302307324733634,-2.4977889230952064,2.098182678484867,0.0077626084981928245
9.202,14.240282431123521,22.251092203315473,0.8083732689763306,0.8087197847396255,0.015032584296154769,-0.0020472340708702066,-0.5879984183760463,-0.044251170552729126,-0.016008821790709723,0.09880730301941033,0.43408496429021814,-0.3725199657837986,0.057332681684568,-0.42066733685608343,-0.007117360541404842,-0.07780094887010812,0.5623898069410285,-0.23089499591754142,0.041407724835773825,0.061405343633534684,-0.5034120357813875,-0.1695163336031962,0.8543406968508551,-0.0010837660916287438,-0.04970557615949551,0.07685363178964369,-0.7746334673601809,0.06693414168709233,1.4439588398972696,-0.41887190420663845,-0.7888702040731073,1.2321525432637546,-0.11774939628512451,0.5353233157790848,-3.375696408046896,2.9478100726024614,-0.5717842754359611
9.252,14.242613170368674,22.227887645336157,0.8045865003860573,0.8068320822787479,0.027319152944630967,-0.010616505091113965,-0.5900533405614944,-0.0881107752503615,-0.046970781300095,0.06679995586439716,0.5866322020755954,-0.3787740024939926,0.03668305129721094,-0.4077731505164901,-0.006098637126066339,-0.03812990897319174,0.5757447329632595,-0.17789654261412038,-0.04691681480179558,0.04667797184188929,-0.4230344889394301,0.016842687071437976,0.34757148720165193,0.05680978472958663,-0.12394533839389336,-1.5292413054678209,-0.6719548068217026,-1.3060908843751884,3.966500172645114,-1.4079040314367057,0.07412230728317927,0.01052856339265374,-0.09257594610473766,0.3289502899601604,1.2259152944232972,-1.5540329445023695,-0.8399773651057374
9.302,14.245700493134025,22.207070343852802,0.8068475322173778,0.8056174211170445,0.03207103856003196,-0.014513581690104757,-0.5913893600876919,-0.15635909192163858,-0.06917379976964637,0.030703653546943183,0.7265407861116749,-0.48429630630324516,0.03337210151085948,-0.38608539783735163,-0.009592253060665029,-0.02727993251178071,0.6032887152499603,-0.2356642366634031,-0.07248827361839452,0.07565224753357568,-0.4195052346525999,0.05960105782427645,0.16423907249210842,-0.10640285929034596,-0.07260401172546667,-1.0776557461690834,-0.20101340391135225,-0.30849433234759716,1.6315364271240078,-1.8082000301441212,-0.15908396091503751,0.7779261141217,-0.01728427184385091,0.16661167930863555,0.07544784526202535,-0.8438575585782803,-0.32273530251971183
9.352,14.250252065001481,22.18612145786448,0.8097967709745169,0.8044476685853532,0.032244619338592545,-0.018789826456313163,-0.5928500446597281,-0.20393454397556487,-0.07295290347366934,0.024018093991651165,0.7732232087060428,-0.5315042559865185,0.02470458504908913,-0.34023930727709645,-0.009495862330891459,-0.020975573161924985,0.5965166956972211,-0.2697776580799096,-0.08241994690512085,0.10505974716379424,-0.4168621218597566,0.05438179788800901,0.05920167445164212,-0.1417120718080507,-0.06200473493107587,-0.8853884664958476,-0.007124233553594619,-0.053828548702286025,0.45852556058680033,-0.2644360054717267,-0.20608694687437382,0.9812453535371196,0.01396092282024189,0.08912294835333175,-0.25572827767414447,-0.5757414335803317,-0.10501044843594048
9.402000000000001,14.256263056198106,22.16543831386303,0.812119214565366,0.8035465371977846,0.030576167272542615,-0.021442725446665752,-0.5940692468709268,-0.2470555227347146,-0.07217569931740365,0.020995637304246483,0.7847237193719062,-0.5289455669815276,0.010232681557776228,-0.2904319480676185,-0.007897852634223282,-0.017991689641263634,0.5804218709032902,-0.296018339741536,-0.08461228788956712,0.13421304046912996,-0.4107630317461652,0.039307020996009655,-0.03447964993809534,-0.11012128150220027,-0.05386375418397709,-0.848555045631415,0.037143027381498536,-0.06265387533725165,0.09787077762889788,0.2523074127811742,-0.3279553148451778,1.0030108927422272,0.05149335779096205,0.040058479611999334,-0.37781796290889497,-0.48866124596679533,-0.00410718370556937
9.452,14.263655431823333,22.14507338122262,0.8138991319201104,0.803005606813462,0.027528213603644467,-0.021767686496007892,-0.5949372745983793,-0.2902361588656469,-0.06870225134908575,0.01712877602598184,0.7871142827407213,-0.5012768176704839,-0.013107648835141879,-0.23891706125692413,-0.003879853022343636,-0.017826479868276967,0.555518581277673,-0.3166029452317731,-0.08381089397841722,0.1607634258422112,-0.40447848437986494,0.03265307922663947,-0.13960598093110874,-0.06154550725638449,-0.026082412434817858,-0.8567215361178846,0.10161727893828562,-0.06761307174802843,-0.030318909887718837,0.7542187930218832,-0.5034806327941953,1.0584675045437435,0.10711629782170853,-0.025378299477903075,-0.6138164749753715,-0.3394920148055114,0.035741507896253195
9.502,14.272444292845954,22.12499246226955,0.8153060766935241,0.802780266391924,0.023327660561822103,-0.019722416564960946,-0.5954919734381499,-0.3289646381149575,-0.06245325661362631,0.01592655183029091,0.7725259073606576,-0.4573347920922433,-0.033826657690191234,-0.18510796971369503,0.0026666616792864017,-0.0199277392915085,0.5196088415466625,-0.33047283231157093,-0.08126839769146742,0.1895872006283696,-0.39814476414137995,0.021173474360128248,-0.22342207065474345,-0.005961029229980147,-0.01754622592270406,-0.6860568030376666,0.13160927593091767,0.0023569018711576475,-0.5525009370338996,0.9030930716628225,-0.31311089483893734,1.070943721684506,0.1526783779973468,-0.05465847649400483,-0.7822601679783783,-0.23905167410271103,0.061390930117574204
9.552,14.282651132821979,22.105141102705534,0.8158747915905014,0.8026850624816806,0.018051381503254527,-0.015412168562040324,-0.5959306194137194,-0.34895900444855305,-0.05351324489734382,0.023976779713881412,0.7052919010451875,-0.38961945079208027,-0.043327583602207766,-0.1309135768643338,0.011967813095070891,-0.023384751517151192,0.47697050993925244,-0.3403152147730317,-0.07686180650801881,0.21825534535210414,-0.39497043838193535,-0.00404100390564318,-0.31471777287771285,0.027677992532790397,-0.023169313975747563,-0.0894362385126016,0.2008740674811531,0.3304222737726566,-2.1709063442965153,1.722233184456597,-0.05138229099622889,1.0559196357493796,0.21586930378592803,-0.06959530728983293,-0.8329888906156561,-0.2024008521087336,0.12620397748354592
9.602,14.294200858264338,22.08573187223148,0.8136532187052967,0.8019913786647849,0.010713139405052221,-0.008764215132327518,-0.5971752219613262,-0.33511073343520154,-0.046858230339514195,0.04019489907274014,0.5534136871728096,-0.28398791013239383,-0.04735972898888669,-0.08913356124124774,0.026109457279187606,-0.02858522579504961,0.45631520096330974,-0.35796271073110747,-0.06716440650926943,0.23613801641947513,-0.3808421281420702,-0.09684243771693749,-0.535491259571522,0.03203487351403948,-0.11191090859358205,0.5664277966644884,0.0824986235645298,0.1184609906134463,-3.5424476316286775,2.2637843339501162,-0.17166405614807898,0.5092917620134546,0.4209090015327047,-0.20598821719084232,0.24557757886469497,-0.5391373479881987,0.2521186649101332
9.652000000000001,14.304734106200709,22.067462385283005,0.8088421268789326,0.7993803350666411,-0.00263287691875045,0.002220820939897828,-0.600815459040651,-0.3160502420675401,-0.033849507658308,0.015672192342618498,0.49451604855772036,-0.16696154821730025,0.016851016537779272,-0.11369706418630939,0.05639611991268349,-0.04104385018926517,0.565718617502772,-0.3692294576949974,-0.055144339056218634,0.18934434776770684,-0.3200290785327266,-0.023624230686205217,-0.47683830122577436,0.17137235523680822,-0.10403633795306673,-0.3529203976968519,0.29758595193745246,-0.23627536139626387,1.54112699354568,-1.386893839165198,1.04036485229765,-1.7034426846710207,0.35905134140393713,0.09877604930778622,4.457219682248874,-0.0755450513285926,0.6036588260621345
9.702,14.31337938390796,22.05067710772851,0.8094972078322178,0.7976828528588527,-0.0081473832288482,0.008036018381115348,-0.6029685802842986,-0.3096948240708692,-0.023249427129751483,0.009489236305530292,0.5418156384174171,-0.23569467859238444,0.04622372253881503,-0.19546708848126515,0.0672469246479274,-0.016697286245166063,0.765300874552103,-0.4127422450305758,-0.027655784010727925,0.1502167133501527,-0.35959089619023726,0.03310598031739814,-0.3057774150822867,-0.05097202313358325,-0.13990191883338945,0.5030941569739276,0.2800157027442713,-0.08849156535366906,0.48580970569727433,-1.102717330304495,0.3775044274423238,-1.3657798932730763,0.2043908618798742,0.5257002491243761,2.691535204614592,-1.1414159411727463,0.3889261108636649
9.752,14.319835236313814,22.031715669761578,0.8114986760566282,0.7957493999703917,-0.015367575716162126,0.010697523710455521,-0.6053365122391303,-0.27511809842050133,-0.00856763714222086,0.003732994444864318,0.5523040865151491,-0.28083568248467206,0.061919190013352866,-0.2568767378027724,0.07270444589708212,-0.0010306327763459815,0.8400506945447234,-0.44190656540400325,-0.009039527454162685,0.11092116388999344,-0.3936660102428626,0.042249017401302776,-0.2632212862502873,-0.0927201657129768,-0.11980804989207675,0.8038473981394634,0.2929518097055714,-0.10923588601310279,0.005229017200628124,-0.7467979644542603,0.21969244380169886,-1.2098196223873503,0.08608740306910537,0.2672955387389112,0.6580646531316732,-0.09728204875894353,0.39286270891213404
9.802,14.324618501346986,22.011425031302366,0.8133587041444572,0.7939071137573741,-0.020175457637170952,0.01200262818329852,-0.6075856997586926,-0.2318591868893808,0.0037785639979684205,0.0006251098216682421,0.5443581820447734,-0.31201754700588386,0.06571949935936675,-0.32127422288206,0.07517177304069017,0.010692356342351356,0.8519236033066845,-0.4402415856548471,0.011408132011361146,0.08320416417082444,-0.4163608676566263,0.030265404626030706,-0.09895128192335738,-0.04836488483442917,-0.11636818476475483,0.9049573839978162,0.1872241788265917,-0.0052359734496263185,-0.28751124387303045,-0.537260132828397,-0.014172531862616376,-1.3619111875103258,0.005825960823293113,0.19084673859070905,0.007595188730753622,0.07856533200782195,0.3845360478597474
9.852,14.328290554714368,21.99020130763693,0.814521042490348,0.7915493057298918,-0.019821339034174226,0.01174983709916203,-0.6106707397981036,-0.18496856671081657,0.009715076906923817,0.007384157241359547,0.5208846831967805,-0.3318092254085173,0.06036458934726954,-0.39015331847264434,0.07012520970195882,0.013630073039720381,0.8447735159360097,-0.43489798154048553,0.030419320151607993,0.06586000838903,-0.4327651091507909,0.016672020722217455,0.12178514503032145,0.05073400819932739,-0.18493808435804304,0.9701476020688627,0.04154232658452759,0.2502357855350946,-0.6308075821165638,-0.2936959837577808,-0.11903008536321438,-1.2948587008881853,-0.25036238634771346,-0.16410180978117517,-0.3554658028940228,0.1449434560531454,0.28048202177028736
9.902000000000001,14.331096890225451,21.968016299770152,0.8149112839838194,0.7885362571024276,-0.014177915438961346,0.010392688062996832,-0.6147369762618202,-0.13600900091711396,0.007243532485149977,0.023141949220027713,0.4838875218333616,-0.34496947282532686,0.06037524313863646,-0.44278870174697016,0.05098962868146053,-0.0078878327837236,0.8123606192452286,-0.4174545486131126,0.037820888535444984,0.04544273928023831,-0.45422588045014106,-0.003332350551494093,0.2834394907111792,0.1453907871961161,-0.210353017817427,0.965976169335958,-0.12010746084058789,0.35954303720388475,-0.8003849846170704,-0.23419286150127583,0.05946588509110355,-0.8038256735860055,-0.4309493657883887,-0.5750334762804711,-0.8562255423380744,0.5094006352736852,0.0632209569683692
9.952,14.332852603922525,21.944562051573783,0.8138555637007165,0.7853592583441261,-0.004787371243213332,0.008010805297150222,-0.6189699050908983,-0.08739140408599215,-0.002557147363007094,0.04246988702056232,0.4431966998065227,-0.3563097256571553,0.06528981693333147,-0.4585619474650041,0.02727761718430817,-0.04821279599989962,0.7342298260399354,-0.35232452246131474,0.03870347292650555,0.0250083327983557,-0.4820347842222109,-0.048328332415841425,0.41895814140196086,0.1574702463513193,-0.18977970120473428,0.926890565960636,-0.2708724559649559,0.38015859273959524,-0.6851335134140962,-0.29376044669963297,0.08686759456127763,0.20460133254804885,-0.4386145349076587,-0.9188557029924441,-2.3831918582383382,1.997384183267805,0.009264245779756352
10.002,14.333913302395057,21.920064816194447,0.8088700303708471,0.78404399929603,0.008471379383803096,0.0009376521322561991,-0.6206467301997995,-0.05922113209833525,-0.02525029783297818,0.06512900770982978,0.4522061496060234,-0.3761299035748994,0.059451411176861244,-0.41701079965166404,0.012646287012004187,-0.07285634339184506,0.565894681823423,-0.23922792621803912,0.04282757400784177,0.028286750754487337,-0.4961156975945035,-0.1562040707533721,0.8570219012786975,0.018089331736678062,0.02577959110354346,0.1357326427209836,-0.8035913534965368,0.32232910152531047,1.2467687461584622,-0.4784661294691377,-0.1820010302040227,1.3339187145691953,-0.21489323718836667,0.19130880057993416,-3.9111752794321863,2.1042272261440425,0.13075957532168792
10.052,14.334812860452208,21.896772127355028,0.8047384077065727,0.7838537942877483,0.021480089100230724,-0.009432077359588759,-0.6205021118978008,-0.0930183571120786,-0.05670370745562691,0.06115751478874672,0.5885771186437602,-0.38110149725989195,0.04437319167287852,-0.3962230370506114,0.01139022758043803,-0.031072833319224436,0.555476869898399,-0.16111205914876325,-0.035961598062984185,0.01738399295733764,-0.42581376726517317,0.020313915446282103,0.3774517349840772,0.055463634467116024,-0.05912224302922737,-1.2932361030726525,-0.6078438000516332,-0.80871602182587,3.590316908138943,-0.952787149341567,-0.08990739206434707,-0.0010477729838397586,-0.13409222409248364,0.31055267403481523,1.2897509283647504,-1.6356582391614394,-1.0941437806492555
10.102,14.336420343638586,21.875833771667363,0.8072469388218293,0.783827861005331,0.026561262826989927,-0.013714931232066248,-0.6202582400018092,-0.15456141006982638,-0.0773137396835481,0.036374958314173436,0.7230874346065859,-0.47850062799962917,0.03786610127188891,-0.37529229511081674,0.0052683888920586576,-0.02234727540157733,0.5857160098307457,-0.2243157062856717,-0.06936967322143818,0.04540487887375196,-0.42220665144497005,0.06374807181255056,0.1828292076854033,-0.09060840633711854,0.008829916831184467,-0.99931620953203,-0.16435384374185805,-0.19237363321628265,1.6376568473034436,-1.8182080771770146,-0.16936753715101546,0.764082213724526,-0.07429869881880817,0.12386981134471976,0.09965255667914948,-0.9045701768473157,-0.4092142394398739
10.152000000000001,14.339466030386603,21.854671162298658,0.8103297995702659,0.783819805042866,0.027198872464284558,-0.01805093484212409,-0.6201297431268397,-0.19941731466880033,-0.07962482116007108,0.030764052245276695,0.7718562625004015,-0.5271804010490557,0.029485031547247343,-0.3300769545881732,0.002543734033347817,-0.01799871539884084,0.5797660371811066,-0.2602914609962685,-0.08172109811308599,0.07526214163323033,-0.42228793288992067,0.055429838695289176,0.08170025224963337,-0.12355987917679341,0.00996437558501731,-0.8557479066479228,0.021735368014071662,-0.08310295240008576,0.5263406384952676,-0.30453682114305164,-0.19240737084495765,0.962481555799253,-0.04152681316612706,0.05395847652239766,-0.23540670465842187,-0.600616139304454,-0.12677133461581583
10.202,14.343995029481038,21.833641243216164,0.8126294089826934,0.783902622946513,0.026132357889043487,-0.020672084804776687,-0.619989066450819,-0.2419584394301487,-0.07635419709468393,0.02657451018479314,0.7865743001729071,-0.5268214196678629,0.016070752335986427,-0.2815050984825915,0.0016058952946543157,-0.01668989793329888,0.5651292635957424,-0.28771440933682835,-0.08434766791261526,0.10531593641027276,-0.4191346205368235,0.037879604205082545,-0.009884415181493893,-0.09211981341918088,0.0077393869389660586,-0.8486061546423618,0.09115630565360007,-0.08811831488543162,0.14836798496396142,0.20924050978953063,-0.30501412743555945,0.9746434601140023,0.0003744103490635693,0.008312527541068624,-0.3390090715389312,-0.5160352170844551,-0.003705155312641602
10.252,14.349988906773472,21.812789692693038,0.8143147848596557,0.7842498792633239,0.023805594540234856,-0.021024505242860668,-0.6196316572959631,-0.285813897346426,-0.07037502195132699,0.021306988468116076,0.7912960246974738,-0.5013778573764137,-0.006245738900994995,-0.23136414325014884,0.003057827155221712,-0.018122369385877458,0.5423350414187115,-0.30976904833371927,-0.08318107005188077,0.13357828445947706,-0.4154657498418422,0.030608545227470384,-0.11315722706281911,-0.04695179636474682,0.03437075204231238,-0.8803410838030548,0.14703127917228398,-0.0946116063875535,0.0076117595536533,0.7111244645077686,-0.49279133596477853,1.0343803899576034,0.05561061014692324,-0.06051760989247747,-0.5723893531828577,-0.3695128469668789,0.046945126304287224
10.302,14.35746207993929,21.79210395859824,0.815621230635204,0.7849151351986076,0.020352023397130506,-0.01904202747196949,-0.6189761117115526,-0.3262753166993063,-0.06214720479014943,0.019232413121209175,0.7788495966386869,-0.45932225790187625,-0.02723095206949763,-0.17855077755812598,0.007118927336949362,-0.02207173929208009,0.5083263512799086,-0.3250875261658537,-0.08018720814434628,0.16421132103127342,-0.41118297695816947,0.019323403902020163,-0.19673029135535341,0.004677475051249125,0.0397674710981883,-0.726376038460819,0.16596116121879478,-0.0029094233144918175,-0.5098920130438035,0.8731206468749526,-0.3289766047594069,1.0553476696148345,0.10476942166629342,-0.09119747731217075,-0.747597073966716,-0.2669234192757517,0.06792477695075345
10.352,14.366421737340156,21.771573827728496,0.8161050345231967,0.785664135436307,0.01583184278027818,-0.014789495822521556,-0.6182737984555196,-0.34874052180438947,-0.05202074471667921,0.026357183816842687,0.7138386993800269,-0.39257423681888776,-0.038309323189761775,-0.1250096977897028,0.014213937197069208,-0.027519550920181834,0.46713141504986927,-0.33615344047052653,-0.07571602440007151,0.19367533450903915,-0.4093046308059357,-0.00527961599359947,-0.291643220752809,0.03723213696236138,0.031369607721385855,-0.14195881438148128,0.22429099047770898,0.3173573602907522,-2.1318100169649465,1.7124349342675653,-0.08667849967791433,1.0481949020007364,0.17674108495648688,-0.11067619023481742,-0.8136292830910717,-0.22199665579200148,0.12303607836488246
10.402000000000001,14.376788330244414,21.751419854438677,0.8139078907742625,0.7858141086490088,0.009271411931441932,-0.008120788928162589,-0.6183399391565654,-0.3381441012677604,-0.04441824707392726,0.042974177659819146,0.5645355342419904,-0.28758441251168987,-0.04287133351456882,-0.08303818994088635,0.026418971887973774,-0.034908440112334786,0.44621379853631227,-0.35432356372497836,-0.06645228125258612,0.2140971344574213,-0.39595992529894486,-0.09380528687650995,-0.5068827524261776,0.04293568422522873,-0.044515583336652655,0.49287054342776304,0.08352853348761716,0.1511859628353778,-3.4955504304664293,2.253462007002362,-0.16783164765772535,0.5317323468158923,0.3741787457017856,-0.24904027138328383,0.20438155073480227,-0.5430806473379984,0.2405733957107544
10.452,14.386367036476708,21.732381635858165,0.8088231271071792,0.7838048444511266,-0.0037638096643850677,0.0032100286662864693,-0.6209875161931332,-0.3186206587237354,-0.03275703619531825,0.01722815788330878,0.49533704088054964,-0.16226097233316353,0.017133879205209437,-0.10662214094879667,0.05628435754894642,-0.04727824691548179,0.5550863957211483,-0.3682934051016921,-0.05489142125881994,0.17283818843267748,-0.3330427648639864,-0.03299948034264268,-0.49706911301845125,0.17167551582613194,-0.05910166670204133,-0.3911127118523113,0.28057116783456176,-0.3026676498938607,1.5984796230466416,-1.372595709591138,1.1470961809062155,-1.7186852892253657,0.3534027642778567,0.055340638738201664,4.461157406900158,-0.06542110512704494,0.5389674971759945
10.502,14.394189557055913,21.715151743224975,0.8092061802706652,0.7829896103906523,-0.008885448305327647,0.00926775333971521,-0.6219022652931419,-0.31489547813977,-0.024255496193305567,0.008319802350858725,0.5462855132487122,-0.23435041543195678,0.047864722441150705,-0.19122840865939061,0.06816342349841133,-0.018690756977105497,0.7604994458602842,-0.4099770056233003,-0.028606169463056646,0.13367440357376903,-0.36727695109523073,0.02943414772022019,-0.2898629669463669,-0.050665946056890655,-0.08565555749495343,0.47669540300212454,0.23313242541083307,-0.12543713105481183,0.530431872994682,-1.152381286924117,0.3910306758827191,-1.418305565851904,0.22645812370730664,0.6301237560363,2.8483148582686737,-1.1932654790789543,0.37726552950825415
10.552,14.39974381768182,21.695862114907364,0.8111039237078967,0.7818745042071655,-0.015862150649485547,0.012012311799291629,-0.623118252190391,-0.2814185051180548,-0.011328112699848894,0.00038224103119235644,0.558230163944335,-0.28046213403668846,0.06340664826923924,-0.2543447659773019,0.07374025444798366,-0.0016804096299385077,0.8402144416614336,-0.4428791222559929,-0.010695836773851383,0.09220419095224598,-0.3997774675681391,0.04191696826968776,-0.26007913722214177,-0.09582111130278706,-0.06391234156441213,0.7924368872576605,0.2640395251199438,-0.15677857295667838,0.022989233227722807,-0.7558485348868433,0.22677537679271884,-1.224134093626846,0.07942129893583014,0.26378289601373767,0.7146110699343338,-0.12514413101895938,0.3825673573987713
10.602,14.403560534325056,21.675295573195893,0.8130005281854014,0.7808181800372334,-0.020744515928827114,0.01334935680313568,-0.6242711185495954,-0.23848899333499277,-2.6186444544899247e-05,-0.005188560939763727,0.5510262199348163,-0.3119043975590343,0.06777485747798889,-0.318954534171159,0.07622204449582895,0.010262703697838492,0.8534202090475493,-0.44216446674462945,0.009551899126109452,0.06368674256923057,-0.4212850983410419,0.03158452403664765,-0.10227673080830393,-0.05727661491269794,-0.06904179478015564,0.903821637270113,0.17347105912147087,-0.05068155122955844,-0.2751985930674816,-0.541820669631278,-0.003981267434877481,-1.3622330479014766,0.00969331439575008,0.204627486627218,0.016313382211746656,0.0759740357985655,0.38424716779106977
10.652000000000001,14.406233157322955,21.65386106349881,0.8142258923711148,0.779239456698868,-0.02068407541670743,0.013016584439408188,-0.6262496360696262,-0.1919310686000496,0.005324921928809477,-0.0013584992059650347,0.5287304311183373,-0.33230722943536395,0.06334246787487355,-0.3878818207559314,0.07159957399218404,0.014109476174315542,0.8463335703235833,-0.4363641780677553,0.029104570283601312,0.045617742179550475,-0.43605439989228134,0.018089572489126782,0.11374871170179751,0.04018736235038763,-0.13196549605379068,0.9567361646669039,0.029459303839128766,0.18752236073451112,-0.5943166159225958,-0.3243747616835069,-0.056153590189129875,-1.302253212041621,-0.23120421048126105,-0.12544070661762058,-0.35330263683084073,0.15480098974152248,0.30150587273579244
10.702,14.408022724590932,21.631579626694187,0.814677748599051,0.7769429718366531,-0.01534162817730955,0.011514093281238163,-0.6292786970924809,-0.14375638017136336,0.002754520612194371,0.011656352962970493,0.493336033039817,-0.34603106209278733,0.06349344173595195,-0.4411760786806152,0.05358282627119598,-0.005087749660052965,0.8140521160075608,-0.41918735599623314,0.03739380507979993,0.025308392498295695,-0.45465348842127606,-0.002159272587027363,0.2777623413117025,0.1387710631921322,-0.16247546298705862,0.9465527947264158,-0.11948605922381121,0.3097009639028398,-0.7691115461471179,-0.24134218523608822,0.04422012922889928,-0.821454168864707,-0.4144163769473399,-0.5365923301264863,-0.852745267272666,0.49360155751121565,0.07613656431847125
10.752,14.408766323933706,21.608194414798493,0.8137173203297857,0.774444269279017,-0.0061009790749455076,0.009023524830504216,-0.63254836007601,-0.09661114296346365,-0.0070400870644799635,0.028457535070922024,0.45433356445742507,-0.3576430418753485,0.06819441683858102,-0.4580712368463422,0.030450259069244888,-0.04402011022232068,0.7363835348077626,-0.3560105585902859,0.03860698748665048,0.004476306442797397,-0.4791688444850687,-0.045514535396996826,0.41305026096898023,0.16127755043915035,-0.14330757688077683,0.8938186597311673,-0.2639628919608061,0.3382998938305843,-0.6597899985500537,-0.2854343398153515,0.049617603190924085,0.17763745253637994,-0.4294543110311793,-0.9007018608661989,-2.35998849306491,1.9485037519095036,0.01676595488500864
10.802,14.408811178326255,21.583891836720444,0.8089279250024054,0.7737503746447282,0.0069804260031536775,0.002047660739747166,-0.6334488444029658,-0.06968004671753963,-0.029344701772607732,0.04989037056199949,0.4630198165640891,-0.3773130655562414,0.0634978447483015,-0.41780893392201696,0.015654724825522114,-0.06955541656701535,0.5692388453469798,-0.24363173140658084,0.04312279711773553,0.007870676257967443,-0.49183818644335464,-0.1507750582846077,0.8411789744449147,0.029132656336762798,0.0634233918043964,0.11603768475162644,-0.7815241984633405,0.36309657909612214,1.2245409403370346,-0.44902595317424404,-0.18012064127876087,1.319715601036499,-0.233656505451521,0.12326882200707981,-3.908839163012729,2.1192130253421184,0.1438305822263961
10.852,14.408844298989047,21.56068697507298,0.8048024595865946,0.7741409793023865,0.019768889644745293,-0.008514120023475853,-0.6326471725434187,-0.10217764674311239,-0.0596425733614956,0.052619061323201155,0.596136093856709,-0.38051448488678924,0.04669035175412586,-0.3942168508649905,0.013512484551312678,-0.030092671257810153,0.5533633482294663,-0.16300403619873396,-0.0384458411093964,0.0022404037678278245,-0.42534814162184215,0.017723766860278444,0.3785504428378217,0.048975296168751695,-0.035056288717668804,-1.2345176523090367,-0.5482075541630641,-0.5764338198772488,3.491286351238705,-0.8397831246036169,-0.1383977000847929,0.026400513599242413,-0.1512030018992111,0.29128093245592485,1.2451932674439457,-1.5472000057183959,-0.9903643537669335
10.902000000000001,14.409714937539265,21.539768200080918,0.8071878578344696,0.7746078580689542,0.024682329478060743,-0.01295763443347835,-0.6318271508405228,-0.16161115499962328,-0.07789081562237454,0.03506279942695729,0.7280967915991964,-0.47651793147043625,0.04014028121184159,-0.37298144129532174,0.006469896164873018,-0.022722018838907298,0.5835498556974402,-0.22448066813668388,-0.0679802859471153,0.031138026031170846,-0.42192667815755336,0.06188860569015737,0.18196798376557236,-0.09324125922993665,0.04241637146917227,-0.9669613200455041,-0.1299447179338531,-0.10432866299950991,1.6160565085209622,-1.8430747755528596,-0.1584735955357577,0.7639046742752722,-0.09303070956441817,0.09486200782052433,0.11042154250350297,-0.8976028771801731,-0.37006474238076337
10.952,14.412083407064575,21.51859521419568,0.8102311702351953,0.7751945388863429,0.025229191186499387,-0.017334681347961053,-0.6309805255437212,-0.20506037972349872,-0.07940978606195867,0.03120298387791604,0.7762148449105153,-0.5265655426461358,0.03160661033040743,-0.3276213146785326,0.002767072048296503,-0.019943107007691748,0.5777453699032735,-0.2604152275988369,-0.07943511864992314,0.06237004746204916,-0.4230838432965601,0.05547490751334564,0.0819331782899489,-0.12302529643874618,0.04838077449950809,-0.8298031810393548,0.029088558886496363,-0.07859595563375929,0.5188155066263118,-0.3301085723790546,-0.20468623380388914,0.968556028638858,-0.06090968213430046,0.021592378735690414,-0.23950201063746432,-0.6025732646651152,-0.12045549369532843
11.002,14.416004544550006,21.49749259306069,0.8125506942107259,0.7758259461277247,0.02416443975451432,-0.01995633635470134,-0.6301681726378051,-0.24639820172308183,-0.07565781746308047,0.026817259002368293,0.7907554798242886,-0.5268521977650795,0.01764496098130176,-0.2787226763343688,0.0009692882163246542,-0.020001424830426398,0.5627284869113829,-0.2878837134885189,-0.08187683497066212,0.09359304313589645,-0.4212611143194435,0.0383139389756668,-0.009034375438060665,-0.08990844691457776,0.037728318372650775,-0.8274352535088575,0.10660805009735495,-0.09854454912819016,0.1509626687766447,0.20388342615238822,-0.3133491878788554,0.9815399526769812,-0.012183116589340732,-0.014542767040472308,-0.34964224940408173,-0.5148036462379983,-0.00202314174151721
11.052,14.421446839930134,21.476507524442283,0.8142500581244606,0.7767460249933937,0.021921951372477457,-0.020282704472489553,-0.6291054383839548,-0.28944217387759014,-0.06878854170512388,0.021238053342867994,0.7955019212958089,-0.5014749105667814,-0.004983947114339847,-0.22825556472794004,0.0015085020421401808,-0.022945525662729123,0.5394942313310391,-0.3099613152692582,-0.08042729145825132,0.12325105645162857,-0.4186633142463737,0.030735106311425953,-0.10843627884416492,-0.04316048548037062,0.07300643883921176,-0.866695713900357,0.16843995235259446,-0.0903020186149046,0.004920712425464738,0.7103356492027435,-0.497924239731117,1.040362559612705,0.034965463029444914,-0.09263323872870592,-0.579477956834546,-0.3707537727935905,0.055179598245300554
11.102,14.428446896663784,21.455642826783468,0.8155461749990685,0.778006940467568,0.018673599998308078,-0.01828166892534808,-0.6277119385742973,-0.3293814034566426,-0.05968642789612786,0.019424327121715924,0.7827307824265332,-0.45938713673326403,-0.02630983938639546,-0.1752958620277546,0.004517906925026384,-0.028445512860520678,0.5053314867423069,-0.3253964924102873,-0.07698798127840753,0.15554052573601443,-0.41503540832350977,0.018719232598702455,-0.18954010511500427,0.010465250942577973,0.07600909098151103,-0.7192726917871758,0.1776140456373032,-0.000919394010272022,-0.51870335901565,0.8748516180052542,-0.337280584390444,1.054842554903502,0.08433028428688498,-0.12069767980781113,-0.7457551194997962,-0.2710189891344799,0.0763852837076954
11.152000000000001,14.437004370177725,21.43491307747356,0.8159734412996976,0.7792677031143636,0.014415338317284247,-0.01397336173379101,-0.6263695315593817,-0.3516618140162893,-0.04897709587029363,0.02724026175875995,0.7170499038203761,-0.39215766675469443,-0.03831796550408965,-0.1219763060601186,0.010746373581633707,-0.03525465159828788,0.46451191865299496,-0.3367499538706013,-0.07223811958892881,0.18621699412727463,-0.41339923417765995,-0.0069249468382330485,-0.28610374767659413,0.04400638229627035,0.06057207567786457,-0.14283858171759492,0.23176174601796753,0.33431536464080513,-2.144200708234751,1.7284651707477852,-0.11198649096809613,1.0401072125589368,0.16259816488460185,-0.1356590287791994,-0.8007413562407184,-0.22950877524212657,0.12543844099081267
11.202,14.44702957043342,21.41454325216994,0.8136708824592449,0.7797736939193329,0.008042260300469907,-0.007178088047127368,-0.6259686760315135,-0.34144319736296724,-0.04148367458643028,0.043904623731044735,0.5678085083984001,-0.2860019023137855,-0.04415499854408274,-0.08057369364114897,0.022564174970671563,-0.04324745427137113,0.4446955573198028,-0.35534957137699563,-0.06307842082046354,0.20762389222984257,-0.40064321061031827,-0.09612403585141807,-0.5096339668852881,0.04563720087583023,-0.023673935748996924,0.48010877590803575,0.0744600538994105,0.13109515281126025,-3.483946939443171,2.2862293830228553,-0.20918641171509086,0.5191372515234064,0.37587715947312583,-0.23680207372744666,0.2357396669290338,-0.5503946986433371,0.23882994615220907
11.252,14.456310412304232,21.395367829190658,0.8087240081521894,0.7781788376236453,-0.004591224318709089,0.004259367343644755,-0.6280115246743485,-0.32354473629511066,-0.030550214581040906,0.018148492364702343,0.5013861635199974,-0.16792965034255483,0.01549675205527764,-0.10526218914172485,0.0519734835356304,-0.05307211292034428,0.5553958129892606,-0.36869456538941836,-0.0510894213692728,0.16649271610439623,-0.3352217446523617,-0.027290441882231883,-0.4879918310032398,0.17746439745034012,-0.032815126270601506,-0.37338057564718125,0.2662129220921621,-0.307484380819455,1.5305536432480447,-1.3129943103471395,1.1550897606250867,-1.7462509543001379,0.397736660738399,0.2146523739279008,4.515857008088186,-0.06591120122766904,0.5767024040579284
11.302,14.463770857912568,21.378028126381558,0.8091822066416192,0.7776838694122303,-0.009709058532698513,0.01037077254733334,-0.6284950123232493,-0.3189704242643603,-0.022383054484245463,0.008433368787111399,0.5496709742478413,-0.23513377747694122,0.04764722344914624,-0.19052148923449885,0.0668980783171591,-0.01909205206548577,0.7618867465909692,-0.41110860947353706,-0.027598225443909698,0.12648125770839871,-0.36851752360340656,0.02940372552254078,-0.2905112089757296,-0.05117124599279756,-0.0596302764248833,0.4785369700925281,0.22145388381281308,-0.14682147142855737,0.5083263030883498,-1.095244096642015,0.40983847290124137,-1.4162528808201,0.25963549020884086,0.6512882541444167,2.8148286745161757,-1.2054954354869982,0.3456014292914045
11.352,14.46899251001141,21.35870236984413,0.8110679086330953,0.7769180465564749,-0.01664015281328997,0.013037373285837903,-0.6292467569618677,-0.2853749363585242,-0.010206888409252471,-0.00029005941817670177,0.5610699054167206,-0.2796103179136774,0.06352755903781691,-0.2532509619103293,0.07334539530462933,-0.002059082732832539,0.8401775792119858,-0.4436587233183088,-0.01133128085152815,0.08571588948607435,-0.3998237375209154,0.0416249387158838,-0.254042520252418,-0.09992069544068534,-0.04190449853475837,0.7915360205478128,0.24626677050355927,-0.17242338066215024,0.020697248697610894,-0.7393135507015938,0.23440423170883024,-1.2162033621651056,0.08783224993079834,0.24961525431346984,0.6924943445959831,-0.11969842841190048,0.35738695883081556
11.402000000000001,14.472485671178989,21.338150643737613,0.812966157915708,0.77618928005395,-0.021454647202000396,0.014209684952683847,-0.6299745903576701,-0.24247182424080338,0.00019020647997872457,-0.006616513690622883,0.5539389775308541,-0.31081212237919975,0.0683914077041383,-0.3174924190481635,0.07627021114191193,0.009437693276164606,0.8528422608828813,-0.44250369215757046,0.00814141407330887,0.05725157506531053,-0.42081242941240454,0.03189308714666735,-0.09486668969283206,-0.0637352915428509,-0.04749129076197556,0.9049194698103583,0.15514069060272603,-0.06678976527606578,-0.27359997146210097,-0.5408566962399582,0.0035579214296968817,-1.3552244227684136,0.015530008829554874,0.19625479402910753,0.01315566761209034,0.08563838593647395,0.375669972353189
11.452,14.474826743970471,21.316739652173638,0.8142214473134769,0.7749430063345287,-0.02139562280013231,0.013659896833777557,-0.6315211567926188,-0.1958432471439131,0.00476873351376085,-0.00370896361955075,0.5318068937875099,-0.3313086274026677,0.06450809662101617,-0.38624426052809885,0.07238161129593293,0.013699277762077251,0.845927994017349,-0.4361339765016748,0.027725367486011336,0.038779115551406895,-0.43559361588647166,0.018966424196725156,0.11736351351533812,0.03261293909517999,-0.11142920594612467,0.9585562066533172,0.018810240641499033,0.16911085112723903,-0.5907347599110593,-0.32487020572876585,-0.053504041509389574,-1.30230133265882,-0.20929331677569835,-0.10469145748561315,-0.3448139707354375,0.16105197703192956,0.31245162141715255
11.502,14.476279693533868,21.294495997524695,0.8147231104882894,0.7729455579791943,-0.016105174063968813,0.011942670674548371,-0.6341554702009284,-0.147618341077971,0.0017663788202397623,0.008400561047680563,0.4965650514558928,-0.3449854398942042,0.0644698025199731,-0.439639359896288,0.055333770197033026,-0.0043754665601050775,0.8140360179126401,-0.41915451195988046,0.03651553624555227,0.018710290874702308,-0.45349439882607934,-0.0011243465327690151,0.2805909839454424,0.1328397925900555,-0.1431135712251446,0.9457620604379808,-0.1262249135901635,0.29258796804597165,-0.7657036700963122,-0.24005503801591543,0.03416538300275007,-0.8236667887179053,-0.4010829287747355,-0.5192861301215566,-0.8485114116713768,0.4833900631334764,0.08297028466853004
11.552,14.476700687304064,21.271194164579942,0.8138374270888742,0.7707317859355581,-0.006889825423515428,0.00928264293426172,-0.6370548461430728,-0.10066772366162949,-0.008371553494668714,0.024284104092250264,0.4577240957551251,-0.35645760309987,0.06908421548634149,-0.45660616485361377,0.03257461288076853,-0.04255548123364112,0.736489819779917,-0.3570530410095916,0.03789671385206692,-0.001667366866338161,-0.47706956622890834,-0.04311210340124299,0.4159243075206892,0.15937835871751937,-0.12615326949802944,0.8861107693100666,-0.27772260519892533,0.31211860427367794,-0.6543814153618024,-0.29119785312360125,0.10743924486524961,0.1765117953661266,-0.42932013410191744,-0.8888596846533943,-2.355335768791333,1.9183276121633317,0.022721368053479032
11.602,14.476422283397762,21.24701068949082,0.8091706343357344,0.7702592585805579,0.006120355708552992,0.0023069612999001396,-0.6376973371016151,-0.07341829774058728,-0.030771222744896472,0.04497161658364301,0.4647893409583474,-0.3760706080871674,0.06551995305661908,-0.41654696643949,0.017547989726534978,-0.06845568584678917,0.5700166974671054,-0.24599634581261423,0.04291364579790732,0.0010594400972266612,-0.4889425783904961,-0.14848836375379193,0.8322686538199298,0.03518423220349625,0.07676466657231774,0.1314671683631906,-0.7698466947809092,0.37972609702921656,1.1629153200066449,-0.44666269338526127,-0.1866090185917464,1.3118100726485848,-0.24487665773168987,0.09211828671410628,-3.892898228758101,2.1041607493434555,0.15501268536197893
11.652000000000001,14.47614397900901,21.223921933818712,0.8048664966980184,0.7707545516695403,0.019097737595335153,-0.008373803661107635,-0.6367908423585181,-0.10398951813499661,-0.061204894020832366,0.05032024982816673,0.5934374613256229,-0.38038303526934686,0.04778625030263305,-0.3928758371157372,0.015551068858274742,-0.027995820432958354,0.5468751430321982,-0.15756613521524596,-0.029735097808100706,-0.004770540921840475,-0.42323069724199597,0.018946533221884103,0.3761329114039968,0.05376790006784802,-0.03315378062142537,-1.1870008411707056,-0.5217222111438012,-0.4858237122014793,3.3966789664137536,-0.7510250896089975,-0.18937194712915903,-0.011147990171485954,-0.1367388034768631,0.284201729343407,1.2879738962732525,-1.4964841809613088,-1.164149419795633
11.702,14.476708716007664,21.20309377620856,0.807365516168298,0.7714644096083192,0.024015496213593064,-0.012824645105331241,-0.6356897428205249,-0.16183875475794254,-0.07871455220379964,0.03605219251354635,0.7239420884055549,-0.4749428221041026,0.0410238864294298,-0.37241978156368394,0.008472008245545287,-0.021420206408558483,0.5782476500134988,-0.2192815531767624,-0.06565739765713824,0.025461885395629463,-0.4202786265467999,0.063900590017417,0.1843698062612079,-0.09217538602830207,0.06085022894996124,-0.9441733774390083,-0.12323548935766798,-0.058925011326489196,1.6198746417289713,-1.840805137194393,-0.14225952732872468,0.7580687658893924,-0.10071309514135031,0.08060083444054111,0.11949808427891781,-0.906008792536824,-0.4388128978597949
11.752,14.478801480843112,21.18197029413312,0.8104855181359141,0.7723601153503388,0.024555006841020313,-0.01729062384430902,-0.6344745370636425,-0.2040003023941835,-0.08019386110894262,0.033169597521579025,0.7727819976448448,-0.5251911110056567,0.03309367906640217,-0.32701585340397016,0.004313163240988514,-0.019335594541084102,0.572643071385733,-0.2554846785429339,-0.07895076321139462,0.057084121660641446,-0.42233845673947984,0.056476946835801914,0.08564048951269346,-0.12479009003330051,0.06490544037860918,-0.8046819887595708,0.026565032300304173,-0.07227787345877891,0.5378033979050718,-0.3396309803351555,-0.19670685428691598,0.9684890502541014,-0.0699982987724553,0.01182794015697845,-0.23434670379740066,-0.6070190614446256,-0.13631625002271322
11.802,14.482454099390468,21.160893893610897,0.8128331155985408,0.7732663523981098,0.023518529777195832,-0.01998252401108498,-0.6333298711889308,-0.24422141124657348,-0.07645465483067629,0.028767541886926883,0.7881799046897427,-0.5259356267635259,0.0195135799880402,-0.27821641603274266,0.002070054386678495,-0.019997365333525946,0.5579889517009594,-0.28320045575121977,-0.08179500242797624,0.08815241032099515,-0.4209572371261471,0.038557387871900606,-0.006487123000563756,-0.0898332879777674,0.05566260150034222,-0.8073184888156882,0.10930765717615774,-0.10154348054186327,0.16325079126275766,0.1923887459323768,-0.30680000088775594,0.978046599840027,-0.02047791716575234,-0.028188334041408455,-0.34079528954003185,-0.5203794327876615,-0.004840175452979866
11.852,14.487622203721816,21.139909512067213,0.8145287895233407,0.774447271025298,0.02130709220327295,-0.020324196053009877,-0.6319528141231023,-0.2863536571189092,-0.06928531835652971,0.02303877706006461,0.7933148540797034,-0.5013836550028283,-0.002841436282490075,-0.22797582862965804,0.0023333098106756273,-0.023574561624585065,0.5352501996358807,-0.30559518951915937,-0.08045373807773012,0.11789648103696156,-0.4188712691143698,0.030454422853375324,-0.10625780821813487,-0.04238933860814239,0.08929618556152646,-0.8515397214667491,0.17369349906562562,-0.09531972835441158,0.010750141433491909,0.6901835698317382,-0.49448642810058563,1.0348423141400995,0.029339651833944456,-0.10511420448677632,-0.5673794747532825,-0.3786795000157,0.05523989203766139
11.902000000000001,14.494361874089178,21.119026234504908,0.8158073573781321,0.7759585206371767,0.018119307451028313,-0.01834219934334752,-0.6302567958152514,-0.32589875878601277,-0.05991984745732678,0.020987636653316537,0.7812794250911942,-0.46027649207959254,-0.024117577386256497,-0.17531029083867494,0.005084733971529414,-0.02966457239810308,0.5017316660075517,-0.3214315767900888,-0.07692595803368014,0.15049167438434857,-0.41552340010585087,0.01843928131453191,-0.18658650571698188,0.011314788890081591,0.09100114043558571,-0.7177257852766371,0.18359662600239013,-0.0030708233728887124,-0.4985703227978572,0.8586070477890834,-0.33781238735395386,1.049079596673381,0.0794215322387648,-0.13175457851342373,-0.7332954601663969,-0.27840956751464613,0.07868265849371746
11.952,14.502673095365695,21.098270672532,0.8162356048925267,0.7774658861402198,0.013948434938687623,-0.014053515103720207,-0.6286133436097201,-0.348456309112354,-0.04913009927015483,0.028118112165511213,0.7168023719354386,-0.39377452566517823,-0.03633744521026216,-0.12222886936810644,0.011068753661589027,-0.03707535817324806,0.4613921082972544,-0.3330703835864904,-0.0721305253988032,0.18138641912725958,-0.4140810229633953,-0.00645290938909596,-0.2827850699765708,0.044747195926008315,0.0760224366092191,-0.15182562827017773,0.23439745083012184,0.3191559643144449,-2.1207481254089635,1.7162498603935852,-0.11893683952723622,1.0386224756864681,0.15839925566154922,-0.14731650518346312,-0.7967829709306384,-0.23280703381269358,0.1248157710716793
12.002,14.512473241257062,21.077866558086328,0.8139863699572913,0.7782265871367822,0.0077284051516580245,-0.007303813231038942,-0.6278935460247498,-0.3390719227485042,-0.04141671894088074,0.04462053252351827,0.5689522133959802,-0.2885314821815337,-0.042057734734828885,-0.08041560970725528,0.022582770328081706,-0.04547472688595857,0.44068195280239925,-0.35184397289078534,-0.06313770967623811,0.2039703040014554,-0.4010261691984888,-0.09511609457723015,-0.4962438894480461,0.04936715400258587,-0.006602519109172156,0.4557514814056597,0.07313428002666732,0.14643384173333088,-3.4578891429263128,2.2623429925911385,-0.19667828873347637,0.5438691702916372,0.3625534504780576,-0.23479538680963868,0.18087477822361867,-0.5662980942602729,0.23020658027325808
12.052,14.521616782914974,21.0586656555562,0.8087608407096415,0.7766848556591682,-0.004979841023334571,0.004150738700171861,-0.6298560212789289,-0.32212253869282037,-0.030763433201284055,0.018298691966222014,0.49722838442523787,-0.16360297181100808,0.01045173210153214,-0.10367050282689659,0.05222512155284364,-0.054896958270234365,0.5489498451172826,-0.36790085563331976,-0.051565715043588985,0.1654461126094498,-0.33548976303729655,-0.03368689005310834,-0.495342052935967,0.16900721275670233,-0.030402515363684372,-0.44053713888449003,0.2601711390620233,-0.32222084092851316,1.6601989135492388,-1.2798563058025978,1.241617929046114,-1.7149569855439766,0.37214711015778784,0.14124597944557013,4.43758713183282,-0.06472362351397934,0.5333559640441049
12.102,14.529026771557563,21.04137622010249,0.8090840029113645,0.7763414104025057,-0.009988882210350996,0.010241724855226104,-0.6301502549380007,-0.31975584385528594,-0.023414937258152618,0.008267773476567184,0.5494409288647307,-0.23305909410157116,0.04706886199006046,-0.18918462444062822,0.06656025912868713,-0.021153966495491006,0.75659252880591,-0.4087982299410218,-0.027865559949492646,0.1255668943267389,-0.36762079887188126,0.028047063892205522,-0.28258794894435396,-0.05081664144859005,-0.05272178208877373,0.4597302401825163,0.20507092745794692,-0.1468413842871745,0.5426000308811463,-1.1286555532263736,0.4630458842766746,-1.430339493129318,0.25795279321861286,0.6786669520676799,2.8948920975106063,-1.2248167330121136,0.3494865430626799
12.152000000000001,14.53417464114524,21.02210586011359,0.8109329896169292,0.775665800046101,-0.01678018239511049,0.012941993811425804,-0.6307879968054365,-0.287007444920463,-0.011692007689734735,-0.0005781929749486876,0.561863025451102,-0.2783424219491087,0.0642528859124939,-0.2525814023459844,0.0730332180943438,-0.003478278144490302,0.8385215879749788,-0.44349060608591867,-0.011703922646743947,0.08409838939754859,-0.39907525600327753,0.04174375197938369,-0.25261104819405034,-0.09737122410688025,-0.03562970387825717,0.7822069142533956,0.24021961221631746,-0.1777663945878546,0.02919076564408108,-0.744289073624714,0.24637005398344747,-1.2196392972486356,0.08815715561653323,0.25604552906526934,0.747614186325042,-0.14734117153737053,0.3527566585603755
12.202,14.537578795907098,21.00157531446124,0.812871292942447,0.7750552998332773,-0.02159337262867794,0.014166985385844856,-0.6313654290376899,-0.24436387847320298,-0.0014753243826670318,-0.007369642924599763,0.5549112925411548,-0.30957065978650516,0.06948153997107324,-0.3166138815604638,0.07613020964517114,0.008418170220603635,0.8527824004584295,-0.4429794317184527,0.007637970272002327,0.055409642098229975,-0.4206669212203789,0.0331778171328927,-0.09772625540652682,-0.0641578668777433,-0.038531952784249646,0.903463302879303,0.1533002779176448,-0.07915714368277046,-0.27362874516964186,-0.5395583947512479,0.00559544976987232,-1.3465867995882548,0.019545822416689736,0.20380150412543396,0.027348090711147636,0.0847468416926675,0.37457717348368924
12.252,14.53982649536878,20.980163599597937,0.8141959455185392,0.7739536660050444,-0.021636905310775806,0.013649829026382574,-0.6327252558365878,-0.19772481517940485,0.0031045138968739177,-0.005159793660953282,0.5327765474751247,-0.33001729748361663,0.06549680237340257,-0.38506582984770843,0.07262648706991179,0.013353606896750532,0.8463685251592097,-0.43634828486421534,0.027414741843231488,0.03687306622735713,-0.43564622277384174,0.02027449497166217,0.11243919101711579,0.030140357100981965,-0.10146481396537663,0.9590814790873453,0.022044501313432253,0.15520670756916413,-0.5908214847408156,-0.31981261460392224,-0.07053233509680956,-1.300407293067372,-0.19810020442289655,-0.08623422024044958,-0.3358847947164607,0.16531490265916063,0.3209699579524624
12.302,14.541193799815574,20.957929259808857,0.8147578400470472,0.7721021247145684,-0.016469349524154298,0.011959425358153974,-0.6351724503491969,-0.14957002607800493,0.00021901976245154665,0.0062622185072856275,0.49769601756101933,-0.3437330450888035,0.06524321197395745,-0.4385451520773329,0.056030963613620144,-0.0039006999349614755,0.8147143292155486,-0.4195158437873813,0.036504859058951504,0.017186358230352833,-0.45301363261841965,-7.87811270729355e-05,0.27628956720167774,0.1312401808767117,-0.13388841044291233,0.9427289595165742,-0.12372750194304612,0.2797627964385996,-0.7612508402530894,-0.24168586138425105,0.027638124727623017,-0.8274576776430467,-0.39645179262639163,-0.5097454490486989,-0.8480116640830925,0.4756951895032374,0.0857625267900218
12.352,14.541545584492106,20.934670046410993,0.8139310220823319,0.7700355364975492,-0.007338055080808432,0.0093495822718213,-0.6378902811533543,-0.10289180171879818,-0.009801456475505965,0.021498011518419555,0.4590826317288579,-0.35517958279115347,0.06951271473726896,-0.4557778306917755,0.033387985145577566,-0.041776826688278215,0.7372075688880151,-0.3581440567969129,0.03781455129670357,-0.0029685583608925255,-0.47592325309381844,-0.04166506376240726,0.41158202360465945,0.16042232601223447,-0.11711623236106775,0.879709145745785,-0.2755092740939789,0.2974306969584128,-0.6524986360508964,-0.28861968299025026,0.10091203628999124,0.16902730694284152,-0.4280736227537686,-0.8854484827843826,-2.348551826358244,1.89806390012463,0.017852829444915373
12.402000000000001,14.541191960390663,20.910555110339168,0.8093729188082239,0.7696680432373499,0.005582885994744077,0.002532937905254499,-0.6384148485340294,-0.07576594050607031,-0.03209702927125139,0.04132512932542346,0.4655298444516378,-0.3748856624998997,0.06728343650596925,-0.41621345607299653,0.018325900149570175,-0.06822587027850026,0.571520810108549,-0.2479008913618595,0.042599485115508,-0.000820751268373963,-0.4872880498914342,-0.1458258580556732,0.8211206577612591,0.041027154934239196,0.0827865543507566,0.13457557555903904,-0.755749654337656,0.3865307455174138,1.132217867311172,-0.4376628001378374,-0.20054825355355882,1.3006444798703853,-0.24712657323626502,0.062119541168384335,-3.87453237968069,2.097679209853265,0.14943439890267934
12.452,14.540858299227315,20.88749344266895,0.8050744309959722,0.7703602706942269,0.018551248865919325,-0.008127874671485059,-0.6372870955501586,-0.10587097769922739,-0.062374460497199254,0.04778256793802998,0.5929227474219586,-0.37881001303143064,0.048932233040082034,-0.3910783449822094,0.016171922458503435,-0.02834047356646849,0.5456745490639401,-0.15916480305897457,-0.03131065153242713,-0.0055394135493832455,-0.42316729139029724,0.017085262744898445,0.3801900631549297,0.05103830834229251,-0.024899497478328984,-1.1781115702849945,-0.5068991657985359,-0.42338250447037223,3.395010097006392,-0.6847977109009149,-0.21759835622954524,0.009064845126728272,-0.14591657042016798,0.282453947830328,1.2509034226962983,-1.4416268868736632,-1.124809135132206
12.502,14.541367445164973,20.866687865385597,0.8074605941096735,0.7712231518257813,0.023478058026779828,-0.012616718805035319,-0.6360066424855904,-0.16377929895412496,-0.07906890631788469,0.03550174154372425,0.7246818661228631,-0.47301151285228255,0.04157547806174187,-0.3705583671148063,0.00870813353941882,-0.0221402400231707,0.5768916320135276,-0.2196974336632077,-0.06564381515121465,0.02426975365502718,-0.41976505599213376,0.06168225178181638,0.1846713289665976,-0.09231888614532806,0.07198145988686591,-0.9450045642491713,-0.10719743641690575,-0.03303377468977131,1.6437148710202738,-1.8705106813172045,-0.14882991659825776,0.7524175651035215,-0.10748279559382082,0.07056350826586587,0.13139572009137737,-0.9024830619632817,-0.4223948472708814
12.552,14.54341038257316,20.845590058669345,0.810501494811114,0.7723235477816253,0.02404262757658846,-0.017075241574343734,-0.634544502557855,-0.20592193586234397,-0.0800422632687092,0.03326207088234393,0.7742127805170227,-0.5244321577836155,0.033377324893707,-0.3254202183340853,0.00419725427535324,-0.020611095655577182,0.5717625081015447,-0.2559608705046808,-0.07856206046153102,0.0563573652823243,-0.42198116894122684,0.055528566858268215,0.08671697362454266,-0.12340190021147979,0.07671053230509453,-0.8006334442027394,0.03299961609047577,-0.06601088969715037,0.5417157812705836,-0.356111716742737,-0.19971029625023795,0.9650831041283716,-0.0762292258867257,0.002696032861482804,-0.2282140095920067,-0.6103051851915275,-0.13186677828023735
12.602,14.547035846929093,20.824525307906764,0.8128232206393202,0.7734282757365892,0.02305020167344993,-0.01976040952562174,-0.6331563130138717,-0.2459311455699221,-0.0760997374681786,0.02884608351272517,0.7896961517507419,-0.525558094442094,0.019751909872607436,-0.27669088989937807,0.001630673370954811,-0.02178313729185211,0.557223481180617,-0.2838013551805148,-0.0812553349096019,0.08774911475975404,-0.4208316492140979,0.03830343313512785,-0.005120980968564721,-0.0879350718498313,0.0692495973129562,-0.8030880672848323,0.11304345390927585,-0.10328668080313559,0.16268973139110476,0.18737743429213008,-0.30635036014089584,0.9781160570062736,-0.0273617841415831,-0.03966363148670254,-0.34113856877414733,-0.5219922381533971,-0.003308000949715207
12.652000000000001,14.552189624913776,20.803540287472277,0.8145094207341765,0.7748206060511291,0.02088385673835908,-0.020089824213930272,-0.6315166600568395,-0.28784547154453644,-0.06868935549347754,0.02311490768994452,0.7947442012122408,-0.5011143454858759,-0.0025731939638658375,-0.22638977543965108,0.0016033694856278794,-0.025937100054946056,0.5343725607857095,-0.3062294168628157,-0.07981056964904662,0.11782611957047946,-0.41892400832970866,0.030262589609034815,-0.10451473639988619,-0.04019482711157129,0.10318173176518258,-0.8482436062229597,0.1775939592591854,-0.09379842271662558,0.00928939243942032,0.6904039112038882,-0.494328609956467,1.0359417755331228,0.02288978816754653,-0.11713344694265994,-0.5695273203467167,-0.3793643629734759,0.05796592440324853
12.702,14.55893884065071,20.782654263845824,0.8157765613565295,0.7765420772433773,0.017774138465659457,-0.018108536270838006,-0.6295542575397863,-0.32724891093744846,-0.05921097769172026,0.021192635865861262,0.7825660323718941,-0.45994051821388365,-0.023897928602772112,-0.17369587818635948,0.004024722249054735,-0.03259781891363266,0.5007861824386908,-0.322110728558935,-0.07615421676142597,0.15091173240269778,-0.41553734637546097,0.018139147716639277,-0.18363979914822284,0.013949067783269969,0.10378595666101474,-0.7157171729272264,0.18341214678757556,-0.0018989245890724399,-0.5019044098903812,0.8601502160322257,-0.33955077641248343,1.0487734700456415,0.07301169992235639,-0.14234351935184708,-0.7335303587941341,-0.27965530391949334,0.08103529206869044
12.752,14.56728098604954,20.76190271848215,0.8161840981239917,0.7782148812918656,0.013699881491905055,-0.013815848818813644,-0.6276966099194833,-0.3497776054855814,-0.0483990322040442,0.02865272398714476,0.7179554452265595,-0.3933251750064821,-0.03633725263695666,-0.1207021751528579,0.009749016890277556,-0.04044736800797899,0.46050299718439386,-0.33381513196368773,-0.07128137611175983,0.18219294495424831,-0.4139085916735705,-0.00697369989148524,-0.2800318605503621,0.04784461785722239,0.08475074653700777,-0.153022696668554,0.23322519422159024,0.3260012914068123,-2.1205238620494056,1.7187823180767188,-0.12500202547050895,1.0357803335141753,0.15441296155950376,-0.15428654940256734,-0.7943183913418314,-0.23417279227599688,0.12554163064698498
12.802,14.577128025636004,20.74151095320316,0.8139090940847389,0.7790693393367977,0.007542202166008848,-0.007048178136736676,-0.6268527760780567,-0.34059550748205975,-0.04088948312130122,0.04518363821942301,0.5704269670240252,-0.2879057030698808,-0.04247201336003198,-0.07913142310250414,0.0211860086269154,-0.04889507266818577,0.44012787432566314,-0.3525964928002354,-0.06231096279073829,0.2049280810666222,-0.4008569479209289,-0.09532597443500877,-0.4968799976903373,0.051038034589921046,-0.0027231592427069875,0.45047701530859163,0.06833706721132132,0.14038387015666043,-3.4483281861097477,2.268928077800826,-0.20882401993298452,0.5364909572879931,0.3651188431951456,-0.225109515359673,0.19432707144235503,-0.5620581257672349,0.23049936731804507
12.852,14.586320200413176,20.722305747401695,0.8086804469793532,0.7775597075548316,-0.0052121599476729384,0.00443578073751166,-0.6287718651666709,-0.32359962340991455,-0.03050093225469388,0.018266409170975734,0.49854623360349537,-0.16262644512710578,0.010071486370813919,-0.10276075791593901,0.05104680251003681,-0.05730059321881948,0.5491887980358335,-0.3683620434638925,-0.05071841307795096,0.16611897174460613,-0.3354728443922576,-0.03351584157365547,-0.49769978172339824,0.17014415310362668,-0.027846118298871708,-0.4389717246357979,0.2589876594912662,-0.3285517069597033,1.658689500255986,-1.306426897433819,1.2620991612027184,-1.7222080677855012,0.3816773445541352,0.17564269262786686,4.45062547921835,-0.056906594878480765,0.5358916193140814
12.902000000000001,14.593766796039976,20.705027656110037,0.809018045169641,0.7772739461653905,-0.01022911828010614,0.010540815308670749,-0.6289908337681257,-0.32121317979683406,-0.023260723491274685,0.008008209304062862,0.5507266718929809,-0.2328613521045991,0.0471295916316949,-0.18853666892300303,0.06610271969051451,-0.021562339893591558,0.7570862039424711,-0.4091052999171292,-0.027579938872349795,0.1265271744086899,-0.3672594781439245,0.028211497461033082,-0.28168002148699134,-0.050705793423152755,-0.049667456429327336,0.45990952579375216,0.20241906998343795,-0.14890518692131674,0.5421501743325153,-1.1354622470911628,0.467317056068751,-1.434584829895508,0.267240233247051,0.7018086437584214,2.8980002393594475,-1.2201771051252717,0.341863535082122
12.952,14.598965343584533,20.685776461691187,0.8108805051444032,0.7766483208586977,-0.01701875287559688,0.013209575554092825,-0.6295659257548848,-0.2884083858721121,-0.011627233197532543,-0.000937287875761191,0.5630487615969626,-0.27817271010931377,0.06422867874269197,-0.2520247159709273,0.07279397339408471,-0.0035632863557222582,0.8389543554915173,-0.44371574054186913,-0.011703114710700853,0.08516666681347378,-0.3986515075918843,0.04207526729698723,-0.2519727069536958,-0.09858059288516308,-0.032692510673547524,0.7838315921904553,0.23853940411931232,-0.17996401066154152,0.027166606376579302,-0.7427562180513646,0.24406478678209392,-1.2202731466838517,0.0908766443544439,0.25546257277667106,0.7450429566920796,-0.1467913617884444,0.34988703469656346
13.002,14.602425246832658,20.665270713043512,0.812837127953326,0.7760813560128441,-0.021848854352833215,0.014384119436868783,-0.6300900360430715,-0.24567837732152042,-0.0014895153180093865,-0.007823576970518768,0.5560369691128181,-0.309347865702202,0.06948452579590961,-0.31605499243409,0.07605912781419187,0.008289030553525817,0.8530596962808253,-0.4431749659023738,0.0075525874795074185,0.05659391114975383,-0.42009270388339076,0.03353378795123475,-0.09698108658921648,-0.06636975185568716,-0.035882056888515194,0.9053225486330467,0.15160681527115638,-0.0809704426650894,-0.274357173555979,-0.5387628418730174,0.006680694885819108,-1.346211567111721,0.02233811628788997,0.2020104175246954,0.02472850711222098,0.08545291401045697,0.37326659025686754
13.052,14.604735104930661,20.64389131061531,0.8141800559150232,0.7750275319087953,-0.02191458997306702,0.01381232873541508,-0.6313963059003251,-0.19896930569357113,0.002980881607637281,-0.0057412758635419425,0.5339238578333524,-0.3298753561426601,0.06585669287029469,-0.384477364740407,0.07274102439113238,0.013255508452921365,0.8464580487145493,-0.4364692384216102,0.027273900826360328,0.038145373531434934,-0.43496124809828,0.020741991070971525,0.11303731213061052,0.027696272001431897,-0.09833192753333855,0.960074502592838,0.018593057313410155,0.1510186513951923,-0.5890576288500732,-0.3256892275337835,-0.05245291487143038,-1.299873372561486,-0.19297492496256982,-0.08253621963515105,-0.3394956959547451,0.1669398302323276,0.3210464364979067
13.102,14.606166933285293,20.621692864983004,0.814764882901677,0.773241003164645,-0.016774253118667263,0.012081471683900646,-0.6337752073875995,-0.15074554279165844,2.270611270419298e-05,0.0054768463825545675,0.49881295602731995,-0.3435758565216868,0.06561076562253522,-0.43797898651580475,0.056425222072145974,-0.003780706886099821,0.8147463882269125,-0.4196870882160787,0.036394094636541335,0.018538851394342123,-0.45224357107119373,0.00037181881431778713,0.2765041612670924,0.12916316780086792,-0.12966966339511543,0.9437492242017869,-0.12468530219781977,0.27534336949515303,-0.7623956069120311,-0.24028009395310632,0.021997596858736885,-0.8287512015530968,-0.39091659078244334,-0.5049073454155458,-0.8474896696279333,0.47277499723860056,0.08622761780992227
13.152000000000001,14.606590868186924,20.598475382669942,0.813967424334058,0.7712620254785738,-0.0076582948079780555,0.009459902978643386,-0.6364014054124608,-0.10406854404537282,-0.010052049527499354,0.02044772491349943,0.4601322815726605,-0.35490968091110664,0.06965285496159368,-0.4552972058853525,0.03400130622450616,-0.041427507630131075,0.7373517791057951,-0.3586945378196944,0.03768642251552517,-0.001449325736278977,-0.4750600806986886,-0.040866142949809704,0.4114517603414521,0.15962214614408404,-0.11144228659982569,0.8793214871753277,-0.276680363745944,0.29102431533650136,-0.6554479377044587,-0.2848817534437519,0.0975081785006687,0.16696133923884787,-0.4251633434558893,-0.8817481839143103,-2.3438293635278615,1.8870205680726484,0.016630389622218508
13.202,14.606311224949527,20.574406235603785,0.8094513415253348,0.7709909035313214,0.005245320603210618,0.0027052295100117745,-0.6368188086237905,-0.07678041097123596,-0.03232188959340475,0.03995668987971431,0.4659206198450266,-0.37455779508464027,0.06754201758968227,-0.4158668156796501,0.018990241959569814,-0.06799829839532148,0.5720273674379168,-0.24890114200294597,0.04247955670246324,0.0005853834726215542,-0.48617993747837907,-0.14498128658063508,0.8173853466682799,0.0428628778215942,0.08891104577027065,0.14111023907524986,-0.7522543845272687,0.387488361960771,1.1088273343601034,-0.4396108731714456,-0.1927435110047818,1.2973447176132662,-0.248690717747736,0.051146847969016564,-3.867919617822305,2.093474839072001,0.15107146958171397
13.252,14.606058550866463,20.551383035706777,0.8051580242061556,0.7718346430155731,0.018251481712204524,-0.007924038644913431,-0.635511901436854,-0.10656087230976104,-0.06263891470183844,0.046724535983066605,0.5924016920025182,-0.3784467700928464,0.049407476008351194,-0.3901720214950442,0.01647824983478811,-0.02869006035534947,0.5450466510924146,-0.1598375113983815,-0.031391697080948744,-0.0040647150710838836,-0.4225489071631089,0.016496480106822874,0.38224647613193374,0.050473350464911776,-0.014763809824413419,-1.1761027865765985,-0.5015925411494452,-0.39988028531444764,3.3944316262250127,-0.6562079614007426,-0.22324319503453666,0.017864001939589445,-0.15381501348184248,0.27518488573741584,1.2332382168629352,-1.4170330848986548,-1.1183289935575986
13.302,14.606634984695983,20.53061991326517,0.8075040305985759,0.7728831405643823,0.02320989543676344,-0.012420347531140224,-0.6340021188863303,-0.16462469801036111,-0.07900563082704141,0.03529808706016512,0.7248373557596888,-0.47242632355967457,0.04205251853320186,-0.36960610489702167,0.008624727451513148,-0.022981483290778433,0.5761384216033428,-0.21986487650594475,-0.06540951283883874,0.025623760665553993,-0.4188603862711619,0.06082124755705229,0.18523606153735608,-0.09225732021874077,0.08561598556852448,-0.9479587589048551,-0.10166548653159731,-0.02409913767723168,1.6583760305582622,-1.8814994578469533,-0.14823143804722133,0.750615714963005,-0.11527887610607451,0.05876924611744563,0.1361134988416466,-0.9015784975524023,-0.4188996315611692
13.352,14.60875258535933,20.509568187111523,0.8105152512485424,0.774204277147581,0.02379933375948097,-0.01688806935091417,-0.6322627002066419,-0.20682341102576696,-0.07972094703069901,0.03349200655103322,0.7748694543340914,-0.5243021022393842,0.03382761295212852,-0.32452228025409685,0.003738005248969726,-0.022064089344651393,0.5711802939693044,-0.2561774015559874,-0.07822747337432795,0.057967012485532696,-0.42108981934506734,0.0552148363360413,0.08719620255582888,-0.1230600332638712,0.09208657329374284,-0.8002124523935592,0.03610637432670082,-0.061720858909971955,0.548730355910844,-0.3618351745547631,-0.19984146152348792,0.9656266318970326,-0.08397108326929896,-0.011157233295800718,-0.22688500031874437,-0.6122615843820126,-0.12947945031969996
13.402000000000001,14.612466152914449,20.488547694060426,0.8128313732598562,0.7755587332123933,0.02282891369864323,-0.01958572123218516,-0.6305583966304322,-0.24676339149976143,-0.07569764712643236,0.0292037037732182,0.7905546380488981,-0.5255722668673491,0.020224714603135248,-0.275710663299016,0.0007901751219923484,-0.023952727622944568,0.5566142232687534,-0.28409761719975496,-0.08080343583938429,0.08960851839619896,-0.41995924814376034,0.03831984133404403,-0.00441283296756483,-0.0872166192838736,0.08677633094241906,-0.8007438164136762,0.11464306108388175,-0.09953060662052954,0.16331880908084853,0.18473592151565452,-0.30572026980237094,0.9807993194844793,-0.035138886214582506,-0.05554677474837949,-0.3432923167479285,-0.523217770745064,-0.001910664843480259
13.452,14.61771897948281,20.467604896004683,0.8145198350678752,0.7772326107754169,0.020683369346447898,-0.01992535976628049,-0.6285575924431196,-0.2885336602112333,-0.06820939918855899,0.023705452649420575,0.7955751717857106,-0.5011653127380377,-0.002070066924898757,-0.2252352210041513,0.00039968402797979803,-0.028944196622981706,0.5335912128793334,-0.3065712641589518,-0.07924766944114084,0.11995916077197984,-0.4180514040579307,0.03028005078999416,-0.10353524842841254,-0.03881623159252077,0.12171677159927735,-0.845692696617277,0.17843004412021088,-0.08900541702527713,0.008584284550073274,0.6920891796746121,-0.4939302348538281,1.0393251059100095,0.016022238403712977,-0.13421253891423346,-0.5732598577298956,-0.3802477673245751,0.06050469615155047
13.502,14.624585137100839,20.446766828256752,0.8157845636754242,0.7792267097939508,0.01761396741733732,-0.017953666430114767,-0.6262372942880611,-0.3278521781063915,-0.058760320882735105,0.021964212433799136,0.7833659531419537,-0.45985582940176345,-0.023406977075512266,-0.17240391961421841,0.0025072385478607092,-0.03642338299548991,0.4998438081304113,-0.32250059456413716,-0.07546861904081545,0.15343932740541066,-0.41446228681125385,0.01801575235691402,-0.18169299535288186,0.01606544904056909,0.12067859328119111,-0.7152683295571319,0.18109974346630175,-0.000759902342607956,-0.5017721831502175,0.8630666588443655,-0.34030454204771216,1.0506723317642859,0.06741661273351328,-0.1575592811103822,-0.7360030631817892,-0.28063681373944216,0.08339343738529059
13.552,14.633063529348718,20.426077485473037,0.8161837376503497,0.7811171000300439,0.013597965791608223,-0.013667251234465381,-0.6240868349922779,-0.35048985629628493,-0.048012812062238855,0.02963717934716642,0.718928207073073,-0.3931175931002477,-0.03598203846552943,-0.11937092804682113,0.008024299966897843,-0.044918262548528966,0.4594506734955426,-0.3342216276432593,-0.07052111010068081,0.1851156628699108,-0.4125087999954102,-0.007140428339632606,-0.27783405873108646,0.050583888369179486,0.09660539540567381,-0.1578930674204873,0.23105645363365107,0.3292070660797195,-2.112108724034095,1.7199343410888643,-0.1295914413847183,1.0360204939600293,0.15172621957490773,-0.16436714256014498,-0.7966326844928079,-0.23363802938172432,0.12613565816466255
13.602,14.643063846725013,20.40577168108748,0.8139112947713515,0.782093664702952,0.0074952575088960294,-0.006891384597777052,-0.623077707484955,-0.3418235019085987,-0.04075139689689183,0.045963672037561035,0.5721194132609075,-0.28738499774141674,-0.042595091127660446,-0.07797873598435436,0.019423989769424516,-0.05346000209801077,0.439163023009963,-0.3528388807948937,-0.06165066178239155,0.20798095321078652,-0.39870769618996577,-0.09478739149006334,-0.4961636004151076,0.05641682040333767,0.0017023608043337992,0.4345527344353626,0.06195101075300974,0.1275638992074015,-3.4364325744658557,2.2885683629816875,-0.2249211055731741,0.5235836756198256,0.36718628089267086,-0.21447348357727958,0.20763503791450505,-0.5530543042505063,0.22594529397029547
13.652000000000001,14.652377095394938,20.38666750484254,0.8086355500992124,0.7805525666720021,-0.00533801004755503,0.004761997925235912,-0.6250492138113943,-0.3244261060753096,-0.030529593391575138,0.01817714272934745,0.49800527784840964,-0.1587929882012608,0.013107508006734353,-0.10300741260846939,0.049906492492858986,-0.06045653267984437,0.5500774792164889,-0.36818739644175885,-0.05022845814664974,0.16685440496891576,-0.33183547415067904,-0.034770312888629064,-0.5062635627971782,0.18432240296389532,-0.027660745757159735,-0.45872061735094294,0.2675162053826518,-0.3381553924621815,1.667269488122402,-1.3750583356460155,1.2735823714832115,-1.7641677431100047,0.4091738396807082,0.24349106103710538,4.4828137189032,-0.030356247413547074,0.5438785182198154
13.702,14.659859796352157,20.36964687668514,0.809014489921157,0.7802950186440165,-0.010194051389731697,0.011102833689810717,-0.6252299515215616,-0.323287403066732,-0.023088412128333242,0.007705223876527413,0.5507680068649925,-0.23092335086414315,0.04759430556243376,-0.1903908697883803,0.06680972895701653,-0.01994093088266851,0.757861221652576,-0.407889028764844,-0.02699859272410586,0.12733277520347333,-0.36125100412092315,0.030081334351220686,-0.27902084135916133,-0.04228851575048035,-0.047890757249787023,0.4461567946523756,0.20330544985184545,-0.1498612257069921,0.5337045430232664,-1.1381640107417903,0.4298994945736103,-1.4575964846148124,0.2939258816291027,0.766779896038364,2.8849090383609384,-1.2129933707132303,0.3541370931107255
13.752,14.665062309781817,20.350796436614925,0.8109887739527788,0.779766388854019,-0.01683444350803307,0.013927612671297364,-0.6256892215234456,-0.29135871416286807,-0.011183464094858143,-0.0012947601641446719,0.5622112208599231,-0.27490538047005136,0.06252952948400173,-0.25483938114039306,0.07425562311631778,-0.00034633421072514123,0.8383225280631253,-0.4426164622333066,-0.010180959782116762,0.08467433176132688,-0.38821306633553176,0.043966395061561414,-0.2531604106312482,-0.08686894587075597,-0.024191835181829987,0.7558542860857926,0.2476423155498702,-0.179638432595875,0.013826616173033355,-0.7009190017604645,0.1934495345958614,-1.2367156563774295,0.09930271837987713,0.27315842559772363,0.7118408531200358,-0.16240246259732952,0.36926789629770923
13.802,14.668466755014107,20.33102721049829,0.8129881981087465,0.7793162618373055,-0.021440453354778816,0.015443695435039848,-0.626073448779917,-0.25121138246909763,-0.00047220484367742035,-0.007843293160707176,0.5555840021974588,-0.3041825408377661,0.06653717392589016,-0.3193127364267507,0.07773804699563565,0.012165538250323885,0.8505018806918928,-0.44360788806061874,0.009683603156976169,0.05488932723331869,-0.4004765068153605,0.033236746916675684,-0.09904781131659304,-0.04282396497633057,-0.031048615901626664,0.8278195026965156,0.16400579096175727,-0.06788536059219091,-0.24504539836730668,-0.5039755313961733,0.004774526866962322,-1.3452003802563954,0.02251399271045866,0.2109129591472651,-0.016645919448193113,0.038167340188213994,0.3770454492589681
13.852,14.670648616350338,20.310952221997866,0.8142613335529105,0.7784382963312545,-0.021104594360583574,0.015506457193845599,-0.627174588680906,-0.21015257418702502,0.00417693286195506,-0.0056295515196622585,0.5368180639265601,-0.32400081185980667,0.06593893514611693,-0.38587658883563436,0.07334252544234499,0.015694412583935887,0.839361127362594,-0.43956054027227054,0.0275524655394248,0.034589718536634985,-0.4031954833751537,0.018520445382220523,0.10834006403766938,0.05997705976988232,-0.07576171301767913,0.8217798793286508,0.018705764677480464,0.13972017734955816,-0.49848158262683123,-0.3111850740266469,-0.011146465778372642,-1.2344723980731596,-0.23364663816212422,-0.1457895224488938,-0.4582329115285921,0.14769906698290128,0.24768534254548358
13.902000000000001,14.671824205862068,20.29057781421611,0.8147747574539576,0.7771204647388466,-0.015583854109256369,0.014460664827870909,-0.6289926994392832,-0.16942856798029352,0.0012621222219654838,0.004578409832705426,0.5069567289368024,-0.3368071202434358,0.06661886950721588,-0.43631176886393724,0.05616835748111186,-0.002823009822964977,0.8040720754346097,-0.4223949623150546,0.034720122337942486,0.011967210734524435,-0.41213214429871975,0.0007505278222018151,0.27310526952953557,0.15322309420743888,-0.09619358696175419,0.7922449122454533,-0.1252821966857267,0.24628596693091548,-0.6542409791182981,-0.2236248738086471,0.04255949924303648,-0.7836702010353966,-0.37741153087543466,-0.4902603891275972,-0.8651029127869149,0.4881643137126544,0.07964795718281342
13.952,14.67184980087889,20.269534033796432,0.8140704322917972,0.7757035631756911,-0.006177304616613007,0.012342421673968377,-0.6309465013861575,-0.13035413581979993,-0.008705422971181806,0.017846819379204074,0.4736994160558498,-0.3476418474340299,0.07006525623172423,-0.45324089264398765,0.03548089120551989,-0.03830185271170445,0.7284083177122673,-0.359938214478592,0.03707541089131874,-0.010116812816630271,-0.42911439526628664,-0.03730395648486499,0.41187795164811286,0.1747068897134368,-0.07277103533552318,0.7313622072262593,-0.2738315873130862,0.2573072230061534,-0.5515370230415231,-0.27464485043267434,0.05487731091929157,0.14851080171437017,-0.38823145909723894,-0.8299659809255656,-2.2954918930622474,1.9772809824319666,0.04364148479888152
14.002,14.67112798675594,20.247818453763173,0.8097124172703525,0.7759705184516877,0.0068794503829926945,0.005826572717763773,-0.630704747648701,-0.10886743296091521,-0.030876250384717863,0.03511267230562561,0.48224361018800843,-0.36747755394138315,0.06558944286667653,-0.4149886412164453,0.02167497671072497,-0.06215108309522135,0.5630784956748738,-0.23910860669121287,0.04296467294150714,-0.008776236006816962,-0.4379943500199593,-0.14546752879584093,0.8094230842491716,0.04365008319110876,0.13622176254328988,0.0585260788629062,-0.7464384880372069,0.33843090117586017,1.1078110381323665,-0.48366830294707996,-0.2326470972115839,1.2704620537993665,-0.24584845537481437,0.10699089569472087,-3.894417257179647,2.3876314973293162,0.17486488612450024
14.052,14.670407034627873,20.227418286865646,0.8053202568988318,0.7769801668540406,0.019760426602072192,-0.00405891331250165,-0.6292017729462406,-0.14003343657304218,-0.059574437530214665,0.042092726018803345,0.6016691817375158,-0.37476465540079174,0.04605949567789361,-0.394418395292176,0.018453707253360235,-0.026010771310784695,0.538782080784792,-0.1542715012380886,-0.03402364755584331,-0.014191855066084214,-0.3650248337551965,0.013991323343832025,0.3567899140339878,0.08227815372915137,-0.004607390392034005,-1.211160641409658,-0.46165516820351415,-0.4048383434077382,3.2195146713874245,-0.6780430008816565,-0.257409990852186,-0.1206471571534711,-0.14171083457822162,0.22916346540838192,1.2577352671109674,-1.424100942679145,-1.0521325424162833
14.102,14.670508580030546,20.209782657489512,0.8075188647937782,0.7782123881179753,0.025111190522097853,-0.00775140719107816,-0.6274510520963674,-0.19944212731849081,-0.07344826400918382,0.03218268607896119,0.7271465158388528,-0.4617899482974108,0.03588728992399968,-0.3810089881218959,0.010441766371559224,-0.021743921058311896,0.5699607549173901,-0.20972859419930784,-0.06562811914096765,0.016513266958905173,-0.3497352618046317,0.05707030936623014,0.18872537181766041,-0.05194902149069968,0.10195750973100268,-0.9844768426326842,-0.0741058815082838,-0.027542930404766373,1.5867078524023595,-1.709761894848773,-0.2013572126065709,0.5821715104903957,-0.13547159335228412,0.033510246755840196,0.14844345870961137,-0.7828042544335132,-0.3871789380478961
14.152000000000001,14.672118065537788,20.192560665249108,0.8102783903784886,0.7797373918024553,0.02657266827633917,-0.011428098479555292,-0.6254381597655525,-0.2418712070407622,-0.07266020450865202,0.030349126906206385,0.772834306817393,-0.5105524923107295,0.023109134804196893,-0.34607509874009595,0.0044132014226430025,-0.021969065387783142,0.5672953400425776,-0.24043613698190172,-0.07674985978760676,0.04632284633737092,-0.3376213620760839,0.04955019605895463,0.09222846664987233,-0.07501070090590432,0.10771744009939697,-0.7616646391332137,0.0670008864308945,-0.06862251857594057,0.41537799337106474,-0.3347563586588205,-0.3047305198835001,0.7377367393283302,-0.10973173833840119,-0.04068431019683761,-0.15666114104431073,-0.5016585318589507,-0.10164396977413612
14.202,14.67515643409939,20.176106703626825,0.8123156623125181,0.7814170082052021,0.02637310473308603,-0.013338639709338284,-0.6233089116361751,-0.27698425541581606,-0.06770634381022837,0.024834780366696167,0.7799539867301004,-0.5101860732567667,0.004945581345392092,-0.309526006903678,0.00018477247300386244,-0.025663119084158217,0.557383076309169,-0.2629067761974893,-0.07880501911689759,0.07402658361497197,-0.32046856408819074,0.03287322269410679,-0.005959154283482079,-0.045961148031194145,0.11161996488984094,-0.6652827369155495,0.12250994399516126,-0.13523176739519407,0.005716501004053903,0.22404298941600145,-0.3827353247327454,0.7162918051178938,-0.057773167813734955,-0.09881283822754827,-0.22742714878299392,-0.41576644678214614,-0.007485352471269675
14.252,14.679513887434888,20.160641954795256,0.8137734562817588,0.7834320636327442,0.024758324567754494,-0.012862080520737465,-0.6208508628659667,-0.30943320159908017,-0.06073124789500254,0.01708244431357327,0.7764549379179055,-0.4848375602348958,-0.022321450597058964,-0.27369990970941727,-0.0010597057707820922,-0.032818398928316755,0.5416745039997182,-0.2800923062626208,-0.07894935968075804,0.09981851944017,-0.2991463111708037,0.02711256204695975,-0.11224813358108088,-0.0020990036231738223,0.13855521162491635,-0.6075030548176471,0.15331736030011844,-0.14011446038642403,-0.18629934149545568,0.6696874598577112,-0.6088323076855446,0.7242273951319129,0.004395311520657501,-0.17650958410277856,-0.40266410937139874,-0.27740095820213734,0.002322440135918035
14.302,14.684694986547823,20.147115922612446,0.8147707801683816,0.7878191214038242,0.022977998327555062,-0.007867719005394609,-0.6154276095049834,-0.34881144909001266,-0.04762030231876715,0.016724985005212935,0.761906182795204,-0.43636249252095893,-0.05418144257550977,-0.24520739338680414,-0.0013140646625769109,-0.051045992125199516,0.5203281940765541,-0.289229801401834,-0.08080227383517827,0.11053510513493547,-0.2443129318422359,0.00809264488710308,-0.21565467307975159,0.20811140201846315,0.2802448447087502,-0.7797468278715944,0.457351633748704,0.3518671746997597,-0.6640194673159218,0.989643168587363,-0.5987860751302257,0.38469594061860274,0.027719571947481217,-0.3588686550298242,-0.33982242723017375,-0.1589482668774642,-0.04576902482324431
14.352,14.690841238844133,20.135579713681487,0.8149969630147877,0.7933407645156864,0.02066630550334364,0.00011924459514746116,-0.608426923266251,-0.37494181850787317,-0.0281616674188349,0.030410023376398893,0.690087314844411,-0.3604391305369309,-0.07312099537297415,-0.22286310331225503,0.0007514026329691123,-0.07383185794559702,0.4974412096972412,-0.29623691901247357,-0.07905546737622432,0.13640767034297424,-0.2191980807174483,-0.0010476419585250321,-0.32078504398502633,0.19235875743609374,0.3570391503763364,-0.23374158077010268,0.4140874858569597,0.4776190109707431,-2.1849021144377034,2.00756229898031,-0.11759781180555438,0.47702284356693,0.08030009335463924,-0.4681991551609511,-0.5141790595580392,-0.13036988467080177,0.11730695014212923
14.402000000000001,14.698518004123123,20.1252742422375,0.8137673349348987,0.7985579944588462,0.015443424192205547,0.009179158532512083,-0.6016497097013518,-0.373789646900845,-0.015213833517721228,0.049432945183618175,0.5557617576490512,-0.23173392383390773,-0.08185312229752065,-0.20231277426776212,0.008167055660623602,-0.09616035519188597,0.4804057293624982,-0.3071479809766511,-0.06915354626418603,0.16695786390341552,-0.19423368618992576,-0.06223440463058459,-0.48962776174003547,0.12886872874366503,0.2818137168066818,0.1989759051429073,0.08934567996129805,0.10893633056498898,-2.8582293066552156,2.928732020912803,-0.34284714430589347,0.28997794358864704,0.2619033624606989,-0.40428657576894206,-0.02979054147501045,-0.38015227250494327,0.27048461045166516
14.452,14.706161958100298,20.116639418373122,0.8104439268676475,0.8029461920423989,0.005963944108539577,0.01935354387249133,-0.5957073815178535,-0.3664808416101612,-0.01245024572753801,0.03160031076827704,0.49037326438886353,-0.1576443047920616,0.0025613785411102035,-0.20923874415119367,0.0284911471858686,-0.10011168115664723,0.5201286701479032,-0.32057170945582614,-0.05419469630980524,0.11821067609849574,-0.12499128442752475,-0.01593688186094051,-0.46578838412700885,0.1922162048015748,0.3778514633199075,-0.409233675074928,0.043300648948482026,-0.5792871110188681,0.7102080820692758,-0.61606589428785,1.834034346867983,-1.0382736805733186,0.5504835927580296,0.9089511614478413,2.12783871081593,0.12002645607530071,0.2894664340504851
14.502,14.710258517659623,20.11114661056656,0.8106557431469551,0.8082625206737286,0.0007685884359368208,0.027124731061196755,-0.588196698316835,-0.38182319104084494,-0.009578614738398243,0.005950562813356859,0.5220222972049424,-0.184049207795997,0.03665941226961173,-0.2819309396844362,0.06135404164941082,-0.023970493571740047,0.6882332060922346,-0.36624456353526635,-0.046835624096924953,0.05546573579388154,-0.11901082895630995,0.02209733672543842,-0.31496502434175777,-0.00908030709102708,0.3158061247230823,-0.003542357166734275,0.1035524893086253,-0.44645732717615055,0.35593524220780737,-0.4062788849630118,0.3192246786906235,-1.1728576465392604,0.5244535938992693,1.1683345464957213,2.862603415596384,-1.655676568439891,0.2099037195750102
14.552,14.711884901836388,20.104815851998005,0.8123645125429622,0.8132150337059505,-0.005368195382405653,0.030263662437705317,-0.5811511009787589,-0.3740226724994689,-0.005040959132159069,-0.01765304887498725,0.5275026260489442,-0.19741477349601774,0.04814664014672346,-0.3242791617951772,0.07166061432528335,0.001822891538628953,0.7744989897875847,-0.431973731665961,-0.0307927023054954,0.011138871591431804,-0.13005172432125528,0.04105842525410128,-0.24275611016682902,-0.056133742890049645,0.35755282522651316,0.2333343043147963,0.07689187302943458,-0.48477894629505774,-0.05746188002939874,-0.1434451884315474,0.16234433782199092,-0.6550124366004378,0.03319691790300117,0.19177422864729698,0.8909869918822996,-0.742974108836542,0.3209909789253378
14.602,14.711410690798639,20.09838792331575,0.8143433584470853,0.8185165163311904,-0.009247888704645784,0.031853062712148425,-0.5735246912238521,-0.36155188193744225,-0.003146971333282142,-0.040395164703482964,0.5198854106964157,-0.20016012222409768,0.05339850908484917,-0.35361032393366615,0.07166159713361392,0.01027002564749661,0.7969507107600188,-0.44996279868889927,-0.015382459481422613,-0.02726002007349194,-0.1256354212032579,0.03486646794020859,-0.09530388805537943,-0.0386051371873545,0.36483379766285384,0.25005366651489896,-0.0024254679350247696,-0.40531000754361124,-0.20785442833277,0.0012720651581739724,0.0600508835317014,-0.5406057853794082,-0.014005159118614956,0.16380031388020025,0.1622723111925679,-0.13123377772950698,0.2779841357186738
14.652000000000001,14.709242440969627,20.09246411619977,0.8156947920245742,0.8235597613625932,-0.009102243762638485,0.03133718578344194,-0.5662900753236361,-0.34972787998972943,-0.006580483888902514,-0.05626217094452998,0.506739570615204,-0.19682333202008934,0.05630031376218015,-0.37686943845987747,0.06763940154340824,0.014012596237160328,0.7943269279324446,-0.45246345522568726,-0.0005526035807249462,-0.05742326348511182,-0.11161329684528708,0.02013280180816454,0.1088784722697301,-0.009079167498984672,0.33886485968470487,0.22528152111436595,-0.13391737272784068,-0.2291134558204333,-0.3131578937719703,0.12028011438100136,0.08638236791802462,-0.35275447254146175,-0.1479537520540796,-0.017743123320970187,-0.27930268640051925,-0.013755015031252406,0.25783377923299794
14.702,14.705608925107677,20.0872461961633,0.8163717135876801,0.8280919938783676,-0.004296283821741295,0.028431809484047374,-0.559854288033357,-0.3389948106685346,-0.017223615324693443,-0.06317495724412334,0.48874343590891967,-0.1890562569566972,0.06569708228043894,-0.3851877975493091,0.0570087806933672,0.007920556515470351,0.7668541947448447,-0.449066531423595,0.00855601947170221,-0.08778648723849317,-0.09725856024378554,0.00609495392865643,0.3161820136956689,0.022738381628196178,0.2962578916780927,0.19653880861984452,-0.28130300993787866,-0.058485904955587205,-0.39765693445481637,0.18272194139822426,0.24891881159677384,-0.0044413751892583096,-0.2474979844756809,-0.19287245462152075,-0.7403258708258341,0.15855377540238383,0.12577435610296303
14.752,14.700507613967748,20.082476907150795,0.816184078134376,0.8323330600603306,0.004872413391850317,0.02291112278682737,-0.5537806579964593,-0.3280742125408788,-0.03589444925508941,-0.06419125261686397,0.4659536936585589,-0.17817464636114033,0.07552025080401198,-0.36465531501528003,0.041880430538861944,-0.008042779098196302,0.6884380839743218,-0.4098800886588757,0.0179843869760658,-0.11286661014229983,-0.09580723883120393,-0.02000598173288136,0.5272544490752238,-0.00342740165513411,0.32545823503329485,0.23127388611382924,-0.4739141826470196,0.0081539462855444,-0.45436732275917807,0.21796229532839134,0.052932930805004566,0.894502155317309,-0.3348564376589381,-0.35763665164202857,-2.6008085161857326,1.4878708123147917,0.35428261676261436
14.802,14.694866037026843,20.077745103764283,0.8127480045316691,0.8368827150329188,0.0190834324059667,0.012023371560139998,-0.5469173451473835,-0.319245689547709,-0.06873979065320471,-0.06030297747861891,0.4539977726899337,-0.17329269199931013,0.05438775668751409,-0.2982051697140588,0.021645046350263326,-0.010444349793765103,0.5163669006388362,-0.2884490047289152,0.03618442055813846,-0.11466305853105646,-0.08531267221540198,-0.10105149955826728,0.8016797210099295,-0.07059568373094267,0.2841352449255286,0.107866608518697,-0.7135090777382682,0.17288910671359226,-0.06683841039117114,0.0010682161061657354,-0.7772346197325551,0.8204175988152616,-0.30603220765464695,0.5891031955207783,-2.2501277223724228,4.936366796501381,-1.18711402329606
14.852,14.689113668808249,20.073319713324825,0.8133058921613507,0.8387736913873786,0.026712138782819434,0.005207210157754115,-0.5437996333581061,-0.31539105501981285,-0.07247704249313462,-0.03302266409765906,0.4619006171852861,-0.19789132229188794,0.062143218273075944,-0.2927550719074439,0.013701470668954586,-0.006716063423733695,0.5135061161220941,-0.2556613892534025,-0.03091459601440706,-0.1010160490134503,-0.07914028418221315,0.05657822243596894,0.23411623383769867,-0.007316279731945017,0.23849298889015272,-0.47150695672194176,0.2964319995900234,1.1777035957876136,1.6083906453963688,-1.7862095462973546,0.18944116189956156,0.07733485482733349,-0.14569501526070225,-0.1569223969041893,0.07864732704900868,-0.30966099575163397,-0.8782900993276541
14.902000000000001,14.685415359402551,20.069752646227467,0.8160112347483112,0.8423626007097798,0.030903323654030136,0.002256357029890182,-0.5380196486798063,-0.3475068479418203,-0.06586264125237422,-0.00207075811062518,0.5681129326515664,-0.2859300824275092,0.05164489915275162,-0.28384928072541893,0.004493913692996357,-0.016179519199796998,0.5067556736906762,-0.26144956814477,-0.059272975865017556,-0.05029470099867252,-0.06995748885197131,0.045414634369115185,0.1716994737944366,-0.02748302968399564,0.28227803406242385,-0.5106481627511661,0.012111589722988059,0.13977215913062171,1.8022099254019173,-1.424794928678774,-0.42411413990008706,0.2511327230023247,-0.20119154391076421,-0.20222206769812628,-0.20593575384068113,-0.03626031744677208,-0.3532505027896144
14.952,14.68382667327593,20.066523861620514,0.8175230546945157,0.8461624269472972,0.03348522731847692,-0.00018318481906889824,-0.5318720271055921,-0.3659342541230419,-0.06500049699151335,0.0001539989337178294,0.6385114504302439,-0.33978025426705005,0.024336048785557205,-0.2731893640319817,-0.005726741728680902,-0.027940375140664758,0.49993224657196716,-0.2640214818106039,-0.07011502282725532,-0.015985116702815504,-0.06023370125163759,0.018856943144068116,0.09230628325218583,-0.013869613546122267,0.2990563496939951,-0.20749936106709527,0.05065366293803148,0.03355234988816663,1.0217916691530269,-0.7043681476762257,-0.531874334571391,0.19204636269985506,-0.19329757934747221,-0.26367516689689713,-0.09451859980683994,-0.06426934887340413,-0.11175711598081026
15.002,14.683785685390976,20.0638560338054,0.818152005552413,0.8501107712053375,0.03434505598077311,-0.0009134644050145124,-0.5254819306057295,-0.36870978711082747,-0.06104495488643984,0.0028586538608578846,0.6733271823461996,-0.36228177161287517,0.00040746333742700794,-0.26432756473805225,-0.013761026479389624,-0.042152779698745965,0.494954979167103,-0.2669597704828968,-0.07373675492913527,0.01247104701996607,-0.04537998966919217,0.009097354916535766,-0.01024974121167295,0.022401696561630442,0.30105406550889274,0.05676748028852953,0.08949352009521293,0.06323873836080324,0.45763167623786766,-0.27987873571695193,-0.4181655948392511,0.16423372884535747,-0.12620063682013724,-0.29830773255253723,-0.12472367922116465,-0.04045213364469645,-0.050504775452197836
15.052,14.685050894502817,20.06203771012038,0.8186624603321744,0.8541490065920951,0.033186442458135255,0.0005752528046421769,-0.5189680179538244,-0.36098304482696075,-0.055780586106960496,0.006585240972195117,0.6871317641890744,-0.3729487357662355,-0.025761747468130716,-0.25455550079202593,-0.017431786755910086,-0.0583929228601213,0.48352886540801554,-0.26584652079138826,-0.0759955177434587,0.03715868034612732,-0.027666914618426283,0.012276588430001008,-0.1361362926428027,0.044749092498854316,0.3018525708108702,0.25495327167266685,0.11779943071529457,0.0869128273496183,0.05156668258032176,-0.12092492338468021,-0.5633015027258802,0.23255252464868337,-0.021929949955712805,-0.34221372654938265,-0.3380898504846306,0.08742709318517536,-0.028940502522914285
15.102,14.687554253979437,20.061207042525222,0.8193433418587919,0.8580809628106633,0.029677923993165198,0.003987954711479662,-0.5126405936975728,-0.3423825143779613,-0.0496807979227485,0.01195908215979773,0.671494326248482,-0.3719471614333405,-0.04929687458753122,-0.24126134139682753,-0.015875570084919247,-0.07590517726083149,0.4613937801226601,-0.2583461307791027,-0.07608109123518843,0.06118021686550792,-0.00497026918753541,0.012223216639020179,-0.25315833784630914,0.06279807149825553,0.2849713977803961,0.4477980189339132,0.12234965357409176,0.11797434709018943,-0.6156149460847716,0.12722941121044923,-0.35671334179709796,0.27654277852772646,0.0828163984587133,-0.3557249399691334,-0.5109523522952951,0.1950251481556992,0.024145258784590107
15.152000000000001,14.691297753136219,20.061416662647197,0.8198219031204909,0.8616904466579351,0.023455732598146456,0.00889040454307315,-0.5068139337605009,-0.3093587502732609,-0.04240529516159351,0.021719914534510176,0.6034118471670243,-0.34215484210054703,-0.05910878552654907,-0.2247841441518296,-0.00850036558677785,-0.09373226874102897,0.4315738430290903,-0.24642748256728347,-0.07229068027040546,0.0874267898911393,0.013276897165538154,0.0024745230733317905,-0.38404618928200734,0.03115861526622698,0.24676613480806964,0.8467187664070005,0.1572410294269439,0.25049607401153723,-2.0533048399460294,1.0264456360012821,-0.04903875229456713,0.3524590479605531,0.21177526384102693,-0.35305788615244604,-0.6190672542809333,0.2494390026747883,0.11910007669635392
15.202,14.696080972039042,20.062627269946425,0.8185071063745316,0.8644676258747788,0.012923979908624017,0.015390994483862263,-0.502286583382977,-0.2610942513257438,-0.03384892933563794,0.028109507726782647,0.4714674209781791,-0.26064817256799866,-0.06667568010577987,-0.2119907209208003,0.008432512220642306,-0.11079214888303124,0.41130767699932974,-0.23933484360505872,-0.0640703296512518,0.09602949558496295,0.03328824126051978,-0.07080359927411743,-0.6645014312127695,-0.002751211274807275,0.13345794453331894,0.9799485312067067,0.23962010511503687,-0.1450045521358203,-2.8819326859775405,2.0273315412793123,-0.3347933792141071,0.08539297162691294,0.5361327533168689,-0.3295279554065387,-0.0502128070236262,-0.03711044307259363,0.19588291804145705
15.252,14.70016352140831,20.06515586283242,0.8168066508186747,0.8670377101767178,0.002975949345889146,0.02214299550740759,-0.49774133905771195,-0.2572963426990641,-0.029025954318138356,0.00874095752363627,0.4420641820308325,-0.2234165481658146,0.021172155631646813,-0.2215409735471978,0.029791113110155355,-0.09972646491921973,0.4340210915858552,-0.2514787671112205,-0.04725246969549788,0.05263085843426655,0.06622841293416339,0.006460868830791042,-0.2985007105826966,0.12911169588501517,0.22234166949728507,-0.5171866536045006,0.05345828550394762,-0.32358371056000773,0.6140266289010988,-0.3368264586010816,0.8698702355674136,-0.958054122646557,0.634126646509516,1.85811149612818,2.303277855443091,-1.591125109343995,0.351886030041846
15.302,14.701542845033597,20.067181216560932,0.818153910112187,0.8692587858347461,-0.0018605791858890093,0.02661772184034642,-0.4936367068788818,-0.2684759378139319,-0.02386526299195587,-0.00587516941258019,0.45278278200206545,-0.22900133325876287,0.04514930600388946,-0.28021369890083864,0.06030187665620886,-0.013409334002860955,0.5963616872333883,-0.35722958474340916,-0.037418938256246405,0.008082368478951302,0.012764947921863647,0.04067394014758681,-0.2643368619522894,-0.01110621630847088,0.15630403209116994,0.0016668447298445674,0.17605975928277592,-0.2894021829185232,-0.04037228428174469,0.01992474481717767,0.25132841180632914,-1.0319892302275215,0.4241146726343046,0.9962043779432969,2.79607100726356,-1.90210208126253,0.19387688844122938
15.352,14.701066135406068,20.066882886546356,0.8199566213216543,0.8713517181793166,-0.007311289175656968,0.029131808237262607,-0.48973877325097714,-0.267249478372724,-0.014617682849880725,-0.021174300606514804,0.45037738428022206,-0.22691238479748932,0.05364379131820598,-0.3241452835395411,0.07405512809185806,0.01808197293835684,0.6917341774548996,-0.41378522553845576,-0.01998138563126254,-0.023855270981108092,-0.01892573406032225,0.028277678043791696,-0.20490813601352764,-0.0197640133783811,0.18249217766410814,0.011711552511399648,0.1694031746412493,-0.3018087244320956,-0.02678273549184063,0.04805770890146334,0.11927175146869916,-0.7647673813479082,0.12184200404085477,0.33546327853006985,1.1409395073141033,-0.4683806129324438,0.351040751892022
15.402000000000001,14.699226915100887,20.06547588730912,0.8208207768836163,0.8735416469648262,-0.010218489618464329,0.030475611102824273,-0.4856869471334454,-0.2675972108471197,-0.008639589627781157,-0.03425135713350884,0.4502316122255889,-0.22487938128041654,0.057402775333208464,-0.35854077649778865,0.07418711386604236,0.02589420215330528,0.7246178602360147,-0.4232891470095403,-0.003803458285141824,-0.04811488922859626,-0.03532263612857921,0.007394044277780176,-0.05420880263967799,-0.009477227929694724,0.17107162094556333,-0.016964993166974463,0.06560494058459139,-0.2095649053494053,0.007228185398287017,0.03614545792802291,0.03992431894161956,-0.6189213631165815,-0.08074220929606184,0.028065085526530344,0.3420529344220933,-0.06234026544453563,0.28596264155546897
15.452,14.696215399410391,20.06348068699624,0.8207414496976443,0.8753824696409097,-0.009125467219979538,0.030134425842388537,-0.48240457509495954,-0.268970319405303,-0.008770424698713813,-0.040860973400837934,0.4495357448112265,-0.22219575585739657,0.059032422790580845,-0.385112103856387,0.06638689735714232,0.020608159555370563,0.7342132709937761,-0.42766374374706245,0.010743358459837713,-0.07098607294334294,-0.04473750591263511,-0.007654719727399651,0.1294800125644667,0.01705069491614154,0.13440569723372123,-0.01738857324999267,-0.06498163984390057,-0.06451998455639413,-0.0654402481403276,0.07965691442000565,0.018268787977984535,-0.40571876364000264,-0.2354680155706678,-0.26822329989507626,0.030085571072320454,-0.09560853547556475,0.2429735794732509
15.502,14.692029568842578,20.0609263111581,0.8201672217124619,0.8768755056637145,-0.0038460706660477565,0.028220489624102098,-0.47987306579220756,-0.26888945611220805,-0.01521288704486505,-0.04105951044010087,0.44233571912361075,-0.21627133497187268,0.05999539414412767,-0.3951643856519049,0.05372010980046638,0.003952831825883249,0.723758215099771,-0.4274137781325993,0.019019671613961467,-0.09655973091314397,-0.056779197377760396,-0.01569368793204081,0.30002961616658713,0.05027599239532132,0.11225818552855772,0.007092770462697283,-0.18453281521634926,0.049433735860092615,-0.20332968839632676,0.15030047777584857,0.02192757781992572,-0.011937980608179887,-0.2304299898453319,-0.3226980035176475,-0.41932906661436287,0.08796069488675425,0.10587881800443268
15.552,14.68669187805321,20.057624708117423,0.8190285816703998,0.8783199737821172,0.005355326517347083,0.024411126770598444,-0.47741956497724514,-0.2670522925848611,-0.028675266014860906,-0.03690570380068974,0.4303789628789571,-0.20813515339077718,0.06207447521924458,-0.3751089643130181,0.04040822906298862,-0.01655760852496748,0.6631308303798314,-0.3909662909957014,0.0267466734287674,-0.11343830753169526,-0.07571915588671704,-0.035578490669332705,0.49082912311767757,0.014782970283248903,0.14670832213328078,0.05911399706188513,-0.3700681432644706,0.1036145731393268,-0.21373705774845275,0.13641544246494552,0.01585083158061871,0.8856925906647058,-0.30221202951568066,-0.44154723376271604,-2.21881016087742,1.443777243547629,0.30931262643674784
15.602,14.68118911890216,20.053547169557486,0.8149822575105301,0.8803479039888661,0.019603769748993635,0.015407868630152192,-0.47367273273676386,-0.26603389565685165,-0.057134032869612106,-0.029623941495200704,0.43154046688504527,-0.20848303691573955,0.045011413935625466,-0.30620421982430496,0.021191382242902644,-0.022261545354223256,0.5030569696784715,-0.27668652119855497,0.045450165640527326,-0.11123713223244971,-0.0756036007451974,-0.11719017320839112,0.7841746209891968,-0.06788272113438869,0.14713799664053895,-0.07229025313095583,-0.6706605896287153,0.2301778884435247,0.26125416957147773,-0.14330326052218292,-0.6115613429999435,0.9781340232216611,-0.30893831364615465,0.5449298659080056,-2.533143745323546,4.623389692198948,-1.1642920776043204
15.652000000000001,14.675487366801338,20.049816979667042,0.8142186748584702,0.8806416278953949,0.027473681582553932,0.009083909093025568,-0.4728985119807837,-0.2728363225816351,-0.06429553872330473,-0.007188524799468989,0.4597951962883296,-0.2294867414097843,0.05527142935070963,-0.3015792676364677,0.016936348846254046,-0.013715671215463222,0.49562578246226513,-0.23224307658971352,-0.039005573033609436,-0.10299006547941143,-0.06007681801473695,0.04056702688443139,0.2097570775710375,-0.03279137300178075,0.1077413754023803,-0.6558866268164333,0.10310898434539625,0.7388385120892386,1.9736625783189223,-1.6277526135785747,0.23815087987327466,-0.05824226624958902,-0.060193325093938516,-0.03808128665458847,0.25727744024142074,-0.3798892726438998,-0.8227667947658684
15.702,14.671649579465319,20.047411960642755,0.8164915684573748,0.882083914952362,0.031175845934990454,0.006006143499359099,-0.47002123340634006,-0.31253333697543223,-0.06465372293400477,0.010630957339174293,0.5750364029005176,-0.31917718386516386,0.04695622174447795,-0.2972872712765944,0.01163562636201066,-0.016426745209459147,0.4939604644225282,-0.23852150610893524,-0.06514328301029954,-0.053624695946156146,-0.04357900735097564,0.04075275141544632,0.1631922031192387,-0.06539136092127826,0.13324442753054494,-0.6512465551823815,-0.0635892957592904,0.03536144711102765,1.876301306732547,-1.4969097044596482,-0.3645497844014192,0.18648786897452777,-0.12701854220614162,-0.06165563461444953,-0.1539751473763142,-0.005512887606937734,-0.32661290121832953
15.752,14.669859820169297,20.045545888948542,0.8179037776809769,0.8836539990949681,0.03324413808477702,0.0029144242290171877,-0.4669496153739541,-0.33674911370861854,-0.06554568225841051,0.01093515658719125,0.6448925452408847,-0.37134374165352163,0.02439710833558545,-0.28850625119033074,0.0049734274091729185,-0.02113660139555968,0.48820889390120387,-0.23852544188321897,-0.0753820528701177,-0.020196646888850405,-0.03181582219493086,0.01918893654229178,0.09163542477104983,-0.06614147599101372,0.15181401744648046,-0.302947356016736,0.020905023853672502,0.003042377458614527,0.9351418293550918,-0.5874272985718274,-0.4215299242534369,0.17050803830899175,-0.1306484243747524,-0.1239270536672079,-0.09195457386073531,-3.30438423070365e-05,-0.10919877420973755
15.802,14.669573857686293,20.044311271919675,0.8186233420310861,0.8854697029248947,0.03348532186371295,0.00108551002385744,-0.4634878208645511,-0.3432401451562352,-0.06303816891001733,0.011648288642182439,0.6739271534000958,-0.3872962442577958,0.0056152130852232685,-0.279820000943864,-0.00016666914141107817,-0.0286166104141851,0.4824953864141847,-0.2380956654491754,-0.07882484499789523,0.006482131960649191,-0.016723021410783686,0.0115347796296535,-0.009758326672169852,-0.038792658575056024,0.16349773561738842,-0.00334754111919415,0.06543308170118536,0.024717862735248827,0.3434269423515774,-0.15870223451766288,-0.32971814991915543,0.17235141628573222,-0.07164481452531948,-0.17004469785183834,-0.14958897455261644,0.026922637060529466,-0.047979420514973545
15.852,14.6704560938308,20.043920068869962,0.8192759801366836,0.8875033683939919,0.03151566883443453,0.0012992254217118087,-0.4597203995044591,-0.3380165335165169,-0.05910844284001534,0.012554695453406779,0.6828651854620412,-0.3924679509167388,-0.01620861535029654,-0.2693138437343229,-0.001162213722424705,-0.038674830257289496,0.4691592927381012,-0.23342677630999525,-0.0812047965377408,0.02799290787712671,0.0005182938867413671,0.015323318796367629,-0.13719668868584212,-0.014271891757850451,0.17436714096009448,0.21335021544083616,0.08666896618094004,0.011727817217455288,-0.009026338033425509,-0.04382127093801715,-0.4882617234671044,0.25461367666744184,0.02843180010791825,-0.22501142763786885,-0.3860805970213163,0.1588635589722131,-0.03388751924517977
15.902000000000001,14.672390781285747,20.044434304641854,0.8201016882636464,0.8895884108094592,0.026969780633342964,0.003314307562390327,-0.4559540609002963,-0.3207365251876195,-0.05406267741506855,0.013789353737381903,0.6662636225369503,-0.389914575305665,-0.03677964623040591,-0.25437587735043743,0.0030948391941528395,-0.050594505698038625,0.4439538734083009,-0.22228181207977496,-0.08155406544119176,0.04754645963801542,0.02053716882453232,0.01493786855913742,-0.2616395961298392,0.003527309008222618,0.16514985749578795,0.4365962005245904,0.1128627757397386,0.03302062773148709,-0.6059790840797904,0.1450455913999875,-0.3105155553487222,0.31814931726002005,0.13939389749042344,-0.2503602046342045,-0.5838207566397396,0.2691004770495496,0.016449283165344265
15.952,14.675356517318631,20.045850715717798,0.8207505630260706,0.8915035691935027,0.01953276340426979,0.006838730658929111,-0.4525407042819597,-0.2873293127745195,-0.04668139165587778,0.0187405740055228,0.5982272118460772,-0.3598138462158642,-0.04417134246595092,-0.23526678542494145,0.013488573302577633,-0.06335664601107019,0.4090809451552603,-0.20611106915748767,-0.0780365897427321,0.0700834807890939,0.03602561494129402,0.006813082234349117,-0.39963418497069436,-0.016011608869364608,0.13546841039874907,0.8715387535676127,0.17525266495922784,0.1528880107876214,-2.0730982208344546,1.026605129299097,-0.02213137563080033,0.41550363027094284,0.2765835293320641,-0.25599864093615227,-0.7508416852918661,0.3474682752682771,0.1175836123496521
16.002,14.679175554200492,20.048074836045128,0.8197199471411446,0.892853049086569,0.007744486018905469,0.012187536780184815,-0.450116562259545,-0.23724562730454493,-0.03561181430561976,0.022058788074631658,0.46356400368073075,-0.280749822849233,-0.04660722195957039,-0.21913875074711525,0.03392669627421567,-0.07645889257754454,0.3808274941261741,-0.19340194830260674,-0.06987505159051813,0.07504481970186265,0.05055783763792321,-0.06406888128568386,-0.6873164040139192,-0.021367264328482814,0.056616196400947984,1.018534539759947,0.32437121411356185,-0.15124925727465785,-2.9776596173723933,1.9126438436026298,-0.12601650907950931,0.1397763805672698,0.6069246805079798,-0.28157860029813525,-0.21522614953956376,0.08131248232629716,0.19193656292962047
16.052,14.682642127153192,20.051115643777823,0.8179234196320527,0.894245435146554,-0.0025242649684421815,0.017742450143551518,-0.44721799524261424,-0.23017271852302512,-0.02888451602089944,0.005119571966408524,0.4265002499370846,-0.22092625631767776,0.03022568062858766,-0.22652178200139697,0.05563526908136209,-0.0737807284772632,0.4014710695572535,-0.22118983999139097,-0.044227154643849326,0.04725264535908409,0.0698017168151597,0.012135910416069212,-0.22252445216649566,0.12047997510366386,0.12304586850891108,-0.4528247320738779,0.027370809773868306,-0.19443883920486424,0.5561177122127434,-0.3894407316417097,0.7572770479443801,-0.912489741208409,0.5233023656054925,1.0787209481904434,2.2074860232290923,-2.616298728388443,0.5379664155456205
16.102,14.683999595521197,20.053174152395844,0.8195518773515109,0.8949769366652403,-0.006478606090335109,0.021392678392597095,-0.4455520887748371,-0.23837216315746662,-0.023746502285287806,-0.003037843611015328,0.43374054917666827,-0.2279815540704522,0.05180228820271309,-0.2868397534485856,0.08156901348743255,-0.013950054311023008,0.5664411432237515,-0.3511843933706662,-0.03274791544622842,0.011697963558291925,0.014085750770285259,0.04056354722203302,-0.2225405724166445,0.011514198623985577,0.07480769387813563,0.0005148667763219383,0.1714186231326574,-0.1866821200843061,-0.055728876170884456,0.006323430163580242,0.22643469218415718,-1.1089472528841018,0.33239335660461894,0.7049642446135703,2.9408588768386354,-1.9556739017606295,0.1795059864798785
16.152,14.683917529164587,20.053009382355157,0.8211177279135707,0.8957448545147971,-0.010805916553571602,0.023724640180279467,-0.4438034804122419,-0.2383093563517235,-0.014652779502354156,-0.011806497585161831,0.4322757958910263,-0.22703282007403813,0.05905703036058905,-0.33511626866525107,0.09132538306777403,0.013463131602028493,0.675048051417894,-0.40740587890651375,-0.017559766031271157,-0.012998355471421929,-0.016019617756866455,0.02132966816899187,-0.16413174066791245,0.012952259937724853,0.08113159848359654,-0.027211042282671592,0.17003235499375552,-0.16796190079117682,0.014103451099049745,0.015033292247852681,0.09384493152130781,-0.8110280780571033,0.02826792219106014,0.3246942039539042,1.3715520850518705,-0.48716544119566485,0.3404028490368031
16.202,14.682716294547745,20.051696022896515,0.8216649454244308,0.8966030945203861,-0.012800669615277848,0.025375313505956818,-0.44192208274575256,-0.2409045371308509,-0.008283931902131683,-0.018756734822195177,0.43452274441042354,-0.22692491181743554,0.06208154061114238,-0.36893672573730446,0.08603257987580859,0.020950000293537628,0.7149374948416181,-0.41875759498501186,-0.0006638205668632201,-0.034027357252265,-0.03444060328705144,0.00196337327234446,-0.03486347135133935,0.03137197294799791,0.07535445512093568,-0.06844678883319906,0.07850873359774138,-0.10094342822578588,0.05798981902658974,-0.004797373797820553,0.033945585910094896,-0.5682696688579115,-0.2028507614294143,0.017790043619480583,0.41800032032606566,-0.1027212794088433,0.3116177244216028
16.252,14.680459383520452,20.04963209307955,0.8214085658196008,0.8972434581160198,-0.011091411024458262,0.025987175111879757,-0.44063116571481625,-0.24474102967158787,-0.007439504579576921,-0.02081908732219417,0.43583404233566214,-0.22620332578385954,0.06346422851888202,-0.3923539513482278,0.0721381018931235,0.01492467638152511,0.7275917988285566,-0.4248416258771919,0.015466516337155907,-0.05525928779340979,-0.04869724722624095,-0.009603747877518453,0.1249250427060852,0.0646718077115753,0.05066210473984392,-0.06662097750760637,-0.03906819986937526,0.003757500053282967,-0.02869357109691676,0.04295728407440537,0.011241250458859866,-0.3350127221259933,-0.3447272574213301,-0.2784572399685069,0.07736260908961691,-0.11419522132261777,0.27065964035320383
16.302,14.67712247950003,20.04672279142138,0.8207943205064265,0.8976815513086691,-0.005633889126539335,0.025453112901590417,-0.43987297118257906,-0.2466447684138114,-0.012196723623889936,-0.018249252402004333,0.4302035773123169,-0.22204208348615984,0.06357654351459545,-0.39925203516581936,0.05514691672242672,-0.0016659020651717319,0.7201569139327775,-0.42460804804424024,0.024374988862116784,-0.07807393620593435,-0.06659266561399306,-0.01557263554702852,0.2792314081964054,0.09026670290169829,0.02672929701040533,-0.022775031903878463,-0.1455867226535637,0.09966647790017696,-0.1754530001879024,0.11485940256470265,0.0012247982539583461,0.04244789810048009,-0.3039248567737929,-0.32532945225374665,-0.35657381211673744,0.10081336216950802,0.1092841626750049
16.352,14.672773059170122,20.042811142513653,0.8196831615459524,0.8980749372051156,0.003428434659304306,0.023187656425005348,-0.4392174695857738,-0.2460584337794143,-0.023257365613125854,-0.01190609394752039,0.4197628579897241,-0.2156373717372339,0.06347921985070021,-0.377238460943502,0.039099116340680466,-0.02299182509191967,0.66282128981287,-0.3859633261013261,0.031201488082197415,-0.09251450721039489,-0.08982525623934329,-0.0342999543322569,0.45542879403938497,0.04714642210698889,0.06276856818263649,0.0400978105942104,-0.31336575353017276,0.14294531300138658,-0.1814502278504157,0.10072629137714473,-0.0309565503154108,0.905754953214328,-0.3351572311251094,-0.46878353931305067,-2.1357231787625373,1.5185904382622706,0.25990518480070607
16.402,14.668352018703553,20.037949916220413,0.8157210207350922,0.8991945596989996,0.017494841943437665,0.015761514815826015,-0.4369149218827467,-0.24610242503634266,-0.049383082445569534,-0.0036275944632514607,0.4238623606241447,-0.2189757893929635,0.04826629327876519,-0.30526666568429295,0.019118943740159728,-0.030920104813366482,0.5021418655998697,-0.2757632603542637,0.05254712465457422,-0.0855325194209963,-0.09295429907084825,-0.1265781788020895,0.811201701506333,-0.06069525629010459,0.12450280383945721,-0.12604602352621125,-0.7293658329569862,0.23624306738960632,0.437179745642133,-0.2894027044879832,-0.3698653712482183,1.3591987405348864,-0.42438416257045536,0.42020157404297404,-3.1496962437527234,3.8376141536001587,-0.7204473655701482
16.452,14.663473459478427,20.033556107261905,0.8144917301001333,0.8989477968568346,0.025648852617887567,0.01016426528565081,-0.4371860960698916,-0.25649825169386076,-0.05991207932116748,0.009468661973998798,0.4584532486127662,-0.23647085162848527,0.054590944967993986,-0.2976661390130994,0.01596354660638398,-0.021318792022634276,0.4874843303413856,-0.22923159397640483,-0.03917134549823878,-0.09005469553532279,-0.0687471736233269,0.03408904448043412,0.20006726681573933,-0.025438674045640212,0.04953292585259901,-0.7632829843065426,-0.05660500774493159,0.24112382618888714,2.1512999188603477,-1.4105410337244804,0.1750808791613779,-0.11351641648648375,-0.028979863861635775,0.011040631853954659,0.33814866105785885,-0.3360879757390285,-0.8440591297258384
16.502,14.660181636573276,20.030913526742903,0.8164747686217623,0.8996502717628678,0.029460047361645435,0.0073629133449710235,-0.43555399393591004,-0.30209675947446646,-0.06501109471163655,0.013515220400329406,0.5817441448291791,-0.32662846058945366,0.04355201168969035,-0.29602643867950207,0.011732225096860028,-0.021460552639608256,0.4901387408062111,-0.23527343504161416,-0.06574533961901012,-0.04414448674922721,-0.04564834540575438,0.03546653784243339,0.16642630558663007,-0.06708753730296582,0.07160959546034804,-0.7571653795129939,-0.0868516632627023,-0.04410706881948457,1.980109403210434,-1.6092049012021816,-0.40504058491809936,0.14120990598177663,-0.10883076256824012,-0.006238890614817436,-0.07391575240296619,-0.021013667888824247,-0.32995247398716476
16.552,14.658811433398434,20.029047703799574,0.8176983216103795,0.9003880073028211,0.03174852585921046,0.004288715402297419,-0.4339067576464099,-0.33057501566556785,-0.06590140637791947,0.012185391578123993,0.6536414653841148,-0.38187862786653554,0.020691905725635718,-0.28905887899839006,0.005892786959305246,-0.023064299405087238,0.48739725168280057,-0.23613558487026987,-0.0754802827631623,-0.012575882182089809,-0.03030947350310729,0.017043728482311955,0.09899585772240097,-0.06974961218122286,0.08484187479782074,-0.3691120201555546,0.03358820973205762,-0.00901817291083823,0.9271248030347299,-0.5838866357222927,-0.40196141029702165,0.1457815577360876,-0.11534362878413021,-0.05909581306402591,-0.053694582377243436,-0.012602613008188466,-0.09210675841596594
