time_s,qpos_0,qpos_1,qpos_2,qpos_3,qpos_4,qpos_5,qpos_6,qpos_7,qpos_8,qpos_9,qpos_10,qpos_11,qpos_12,qpos_13,qpos_14,qpos_15,qpos_16,qpos_17,qpos_18,qvel_0,qvel_1,qvel_2,qvel_3,qvel_4,qvel_5,qvel_6,qvel_7,qvel_8,qvel_9,qvel_10,qvel_11,qvel_12,qvel_13,qvel_14,qvel_15,qvel_16,qvel_17
0.002,14.096306800881807,23.664939880371126,0.8409607858899374,1.0,-4.499812708592955e-12,8.883076764596433e-10,1.7396758947990646e-13,-0.09999999950349846,7.281619972721033e-11,-5.8119263752653975e-11,0.3000000068492162,-0.1999999999764139,-4.883641072700039e-12,-0.09999999950353931,-6.659194379410316e-11,4.202955582455204e-11,0.3000000068489467,-0.19999999997610982,5.5601224341666816e-12,1.9761061196771117e-08,1.6745897435447068e-11,-0.019607621275427662,-4.4998127085929545e-09,8.883076764596432e-07,1.7396758947990643e-10,9.933088299476368e-07,3.640809986360516e-08,-2.9059631876326988e-08,-2.535856382454682e-06,1.5019091687022979e-06,-2.4418205363500193e-09,9.932884046861547e-07,-3.329597189705158e-08,2.101477791227602e-08,-2.5359911439810646e-06,1.5020612138414436e-06,2.7800612170833406e-09
0.052000000000000005,14.095009239191647,23.666712826808805,0.8273784789610067,0.9999764459475391,0.005468268364588284,0.004058827311442794,0.0008552847928648328,-0.13032927850494136,-0.007894097521095895,0.025604627677756477,0.3539405264485431,-0.20724072081683476,0.01125570000434995,-0.10901786296976959,-0.03800292829430221,-0.014525758800536888,0.2847965469184448,-0.15539634542592964,0.03757008389619926,-0.028961862802816717,0.031151822436639245,-0.46884626038852695,0.143470998461862,0.18354782430078742,0.16225780334736659,-0.9392910799601403,-0.1937884305045794,0.22894900506542745,1.800683864658677,0.866177632769473,-0.38012688842407366,0.1990077527150334,-0.30313707759329667,0.3747521928178276,-0.42243470142381817,-3.284680741701527,0.5843292822586543
0.10200000000000001,14.09257792374633,23.668394840576664,0.8175422253156922,0.9999360852828337,-0.0020587167202478687,0.011114309402185725,0.00024323079471444685,-0.1656922279023965,0.009432739379966932,0.031626512468214345,0.3978740741721927,-0.25800637118178993,0.0017563700487663939,-0.1777566701125204,-0.023654913899763555,-0.010728374009572677,0.393575019775891,-0.24169880556416498,0.03896887378758818,-0.030083663267888243,0.06443874041475273,-0.019410154842792553,-0.05063285341190922,0.14020488349544477,-0.024636424782568157,-0.6687439574070845,-0.022013301682479086,0.03579651573815151,1.0073510534078887,-0.5307784906092559,0.14866958256893933,-1.0201472692326374,-0.014453994902544448,0.19938501774035344,1.637306336830281,-0.35240031054452614,0.17030045498593027
0.152,14.090550071589176,23.670446981430853,0.8168297934689697,0.9998656145337121,-0.0006090208781504524,0.016204127856379494,-0.0024100222208377404,-0.19410319692258515,0.004685761248745152,0.03788963890666056,0.42791664789436984,-0.2658356909883209,0.01986136896393181,-0.2520145616548813,-0.02711077336216618,0.005813129635341544,0.5276128603237596,-0.3352445653681649,0.07677116390174178,-0.0421861708080749,-0.0029890392074333506,-0.0006970874135578979,0.03069408911228455,0.1949512142846497,-0.17335284889945124,-0.35309955638125073,0.03506626901850829,0.17232514945866428,0.18245985924143712,0.05387486732238759,0.3792823069529416,-1.8715751541548933,0.16735410849024185,0.5945031658113683,3.8743430381574955,-2.7509995294931686,-0.19807792435870752
0.202,14.089230227751857,23.668164176954555,0.8174725071245783,0.9998099014119115,-0.0012738054380624026,0.01861049160171221,-0.005673452278037898,-0.20095834797756032,0.012152268441146977,0.04249743659474976,0.42817279733551,-0.26111187188288304,0.0309165986775667,-0.32328387364764494,-0.022783149107861837,0.012624699097732854,0.6699222476278013,-0.43770932183663513,0.059776010652842645,-0.01368548757215585,-0.0778462574238878,0.015873566561551693,-0.030456838746318562,0.032707918536389005,-0.033157943203117476,-0.02456563661308006,0.16918419912399463,-0.011354134546663607,-0.06970338278189678,0.09537762264104842,0.1046285936255259,-0.918941783413673,0.03554485578409481,-0.03356740560547076,1.622944006688149,-1.3396970503516916,-0.21784643466089315
0.252,14.088654753716082,23.663104008675685,0.8181796491401799,0.9997706340555653,2.8943045004012812e-05,0.020229944761908928,-0.00703048912683109,-0.20107919899911225,0.018380396004320065,0.046173462283847666,0.4198202740123585,-0.2563861912993331,0.042779190543100164,-0.36242264428299165,-0.024377486486433807,0.008249601300698736,0.7281752801522196,-0.4640641381293206,0.05511449368760701,-0.007696260539047847,-0.12370006309236464,0.013658682367265244,0.126635555424286,0.0899581289951836,-0.05349334732084451,0.009713418825621933,0.06959709502321224,0.10963654273162846,-0.23511029431307107,0.11363780889938564,0.3894448296474439,-0.5892564950571527,-0.1028893096371021,-0.21194123316652086,0.624642018774502,-0.08858794699979895,-0.03182404089500065
0.302,14.088550189047961,23.655699902391255,0.8186017718637679,0.9996907613107177,0.0054045607307211686,0.02273640178269475,-0.008498735628337658,-0.19983532000552726,0.018407067265309905,0.053114898904396156,0.40604995067917443,-0.24939153510249623,0.06600149208669158,-0.37887760982835045,-0.03240121664434105,-0.00906374348278611,0.7273688059167907,-0.45031292316405686,0.055793740486467604,0.0025878557251526597,-0.170165636625103,-0.00170722813134893,0.3064478970038925,0.10662410170475287,-0.05969388155654906,0.029370883605868276,-0.0687552958773017,0.17198175030382912,-0.2755492674634841,0.1419351491019123,0.4802884472207177,-0.10279515655551713,-0.18232169770911993,-0.39998742437313944,-0.5255148791164934,0.5412508039572098,0.05913645047722463
0.352,14.089199380247267,23.646307932649993,0.8171775415897884,0.9995258065242024,0.016396555262361907,0.024264641140741987,-0.009515369566187449,-0.19827371725429502,0.008632572313427376,0.06266825500260763,0.3987431993291298,-0.24627015491006424,0.08380223896769382,-0.3580862289060243,-0.04749703219999351,-0.036902255593365595,0.6377345856562346,-0.36891674496616317,0.07818838491347921,0.0255087781930245,-0.19945876046096894,-0.0689832740294549,0.5915007792726242,-0.0028156779000789696,0.018273844554417867,0.0016393639363944564,-0.3483097036927615,0.192712095218088,0.11627000140719373,-0.0944732404444612,0.0774590295490983,1.0366054436512515,-0.3915703383902424,-0.5042864621729639,-3.284791885374086,2.662668862965437,0.8577322840822661
0.402,14.090300347352173,23.636116169382753,0.8129742915888256,0.9991988573476975,0.031222431140606983,0.023094038212044393,-0.009667919516876029,-0.20561402115135094,-0.009063322772567743,0.0659787409646291,0.423290529435779,-0.25672978475613883,0.0798822808083352,-0.32763652395159193,-0.05796908848073342,-0.03607544921135514,0.5420594752590842,-0.2583037005918307,0.026885565175565937,0.017924651168306688,-0.2094119077009994,0.0037690745001768503,0.26729632457490005,-0.07338103445621166,-0.09196313769911882,-0.11247266370396748,-0.04898023848187673,-0.33958520468996667,0.41707602026067625,0.11424546457645547,0.1520439775736476,-0.09364592491286343,0.16518692697411216,0.12201034659203058,0.3673942248368069,-0.21041642510759145,-1.7242758819317956
0.452,14.090495909161405,23.628057052823504,0.815396001861729,0.999002099905894,0.0371165608079328,0.022872275694275707,-0.00969661291229566,-0.24293406721324337,-0.024856433058280426,0.035322968439234714,0.5039542616817392,-0.2968810760473323,0.07354962989107681,-0.32844138845235904,-0.05616788768236704,-0.033437744303099176,0.5459427885124605,-0.26587551765413964,-0.021611403334910136,-0.006746652824898943,-0.12232937639142887,0.06178804299152684,0.2001875700294665,0.03205305596967893,0.05121032053069036,-1.2376960290058827,-0.5615513055395238,-0.8629192175989554,2.648057235594994,-2.1805781001421733,-0.6918582637776242,0.08087786371524569,-0.0224765647271249,0.008067723672574153,-0.24122645333497358,0.08456949812240397,-0.6337254188374803
0.502,14.090394260798007,23.623283976080796,0.8179990695530636,0.9988725905376062,0.040909679394030875,0.022337252235115214,-0.008999620389474454,-0.2974834195509935,-0.04831723777935978,0.0075624908337135486,0.615237401200248,-0.3921019390373962,0.03657307524164246,-0.31963683618901634,-0.057044220998985574,-0.03376985017111742,0.5302083221938828,-0.2588332830602508,-0.04371597654390403,0.0037469050844615498,-0.07491495166178187,0.03983615029025667,0.10276150233197917,-0.06461911584325933,0.012741151506708057,-0.8425141706135598,-0.31221132557171055,-0.24601693610605951,1.5842764624829924,-1.3918850015184245,-0.6368894391613449,0.23134695764136104,-0.0008636699608845652,-0.020590038332914083,-0.3090584299863966,0.13602125173794985,-0.299869701045764
0.552,14.090764512417024,23.620471111600406,0.8194423987993014,0.998875833962296,0.0420050188753417,0.02021045059362763,-0.008613036759083923,-0.3271899075756442,-0.05696054673986127,0.004189608420546496,0.6665359938400971,-0.42844964564939475,0.011534459008944722,-0.3069857454794068,-0.05604534849346095,-0.03682298586930713,0.5156952340513458,-0.2529240032926765,-0.054193426786289516,0.01072497259261355,-0.03900549282782903,0.02182312566749965,-0.00604887370910797,-0.0964780791836185,0.022841647096918643,-0.3468339798878156,-0.08463027665533548,0.02929731476382472,0.4983867736130643,-0.1855281959434696,-0.37465884021797247,0.2733263954976341,0.041689020129272676,-0.08691949925037944,-0.28913873497166487,0.11247329048768875,-0.1499802620546343
0.602,14.091357651705092,23.619429432188834,0.8203402637388596,0.9989909799632167,0.04043609719208645,0.01781883338325175,-0.008027027648159393,-0.33460893331172964,-0.05868096479399866,0.007708646338688849,0.6757459287885466,-0.4284425178901718,-0.005544306374389487,-0.2925766282283758,-0.05231675145827153,-0.042314328284411236,0.49980962748819435,-0.2465132702293194,-0.06052183434424851,0.011250192391576049,-0.0042517445263156395,0.015133358447844997,-0.11642633027465238,-0.08565501606311283,0.03084822699976189,-0.013308683495178268,-0.004796329479460264,0.08716346497335728,0.019462696866979455,0.10530734035109111,-0.31534968064788205,0.2942650724740442,0.10780530502600476,-0.1309263495003832,-0.3533725790385653,0.15078925786167105,-0.10516095566148415
0.652,14.091873270624802,23.62003225475185,0.8211469995633016,0.9992065122459821,0.03583284314644594,0.015910229546635686,-0.007015542248090511,-0.32928754228821244,-0.0576983070430027,0.011874497922862898,0.6705531496758046,-0.4177165404455211,-0.026556338415098097,-0.2756932777296065,-0.04441749342109629,-0.050436207835573545,0.47650997013944985,-0.23592344579317798,-0.06526682224155235,0.009907078724893482,0.026827448950097893,0.01737162551426263,-0.2467778174619362,-0.07065067963414493,0.04391405725542026,0.23681524071132704,0.046703574424932164,0.08842113401261126,-0.2960469062235115,0.29987025759722097,-0.4467611429672201,0.3845583448393421,0.20737134606289895,-0.1848378669720539,-0.5778417142442127,0.27085017348311136,-0.07071993780895174
0.7020000000000001,14.092297332439209,23.622181378667904,0.8219323310835798,0.9994848445774642,0.028066538926866377,0.014414535662482573,-0.005876735000301757,-0.31104865844063645,-0.0542086646009324,0.016643366322928854,0.6416011560307409,-0.3974947440288108,-0.043386873252735006,-0.2550700043844336,-0.03139219061630791,-0.06030941863107367,0.44315171207727905,-0.21992722929956746,-0.0667891752202106,0.005658748015991312,0.05803856960593579,0.011130278767716103,-0.37070235135786067,-0.044316432818755726,0.0428494163387519,0.43864698162867244,0.08214414395836568,0.08726159922984598,-0.7797576939643442,0.4482969999422342,-0.22221533729116766,0.4108905034358543,0.3095779224401769,-0.20749642902071772,-0.7135661805714144,0.3498995785704877,-0.0009338112761403377
0.752,14.092677330452814,23.625886202030497,0.8222320420226533,0.9997542105731788,0.01708502080892574,0.013201457701141447,-0.005034085788300281,-0.2785857630905396,-0.04863192147995057,0.02251665398402583,0.5698912410497295,-0.356828324295938,-0.04678816031483601,-0.23234324525450498,-0.01262739120339105,-0.07050905178104917,0.4035447152808633,-0.20063988652135767,-0.06418591716651297,0.008985696987820395,0.08889510494295905,-0.00381210029656006,-0.507020450250725,-0.05450106652239051,0.01189729410599709,0.8344281248737699,0.1347698044001726,0.12255211133171658,-2.069156641269996,1.1757849557225697,0.024696499286205983,0.46081473657834415,0.44015657421755533,-0.19670495665140314,-0.7987606013774194,0.38724210868415276,0.10675914329443474
0.802,14.093049800299513,23.63079861430877,0.8202945028488411,0.9999127107652984,0.0011352364224967784,0.011940964612125238,-0.005540347677654708,-0.23031256518830692,-0.038226907792368474,0.019627785002285958,0.43598761677890596,-0.2684859527305113,-0.04722519627088584,-0.21663515608759476,0.01654783337421578,-0.08015689867806541,0.3779427324345546,-0.18834366649884174,-0.05563507349929207,0.0021953371372351225,0.09864940603016752,-0.08752391464436966,-0.8149100025153442,-0.04629810905547688,-0.07632439236750836,0.8919115372635738,0.32280665889792726,-0.4980593120009642,-2.7112877680008145,2.6677144912477733,0.3408207562828329,0.08429576622494,0.7895056250938501,-0.20951860566723857,-0.08321905548427574,0.03886332045792092,0.21438645192662759
0.852,14.09271076100014,23.63583607676593,0.8186383170185637,0.9998443427931955,-0.011622184879237378,0.012112265574803096,-0.005432129022834207,-0.2301925282970586,-0.028846783996160277,0.002843121850712217,0.42052735295693777,-0.2084593155651536,0.03626124278572201,-0.22859342417181774,0.04423503732403181,-0.06790140924933809,0.4111216741875213,-0.24572485533326707,-0.03153900476816079,-0.020643083410379667,0.08833666820573435,0.022632174188479817,-0.2662826105180462,0.08547933059783278,-0.013344800011264903,-0.3481442132249465,0.12201103825825299,-0.10286688443570688,0.5006838611045796,-0.4600624107260533,0.6565750018631397,-1.0099321615778696,0.6259479178099221,1.387112974124526,2.585195447280658,-3.0774221629563843,0.3601008706206958
0.902,14.092323040368031,23.638820013272383,0.8205461431511619,0.9997457136582901,-0.017501792994489167,0.01279661996962918,-0.006200143644026158,-0.23377467100443466,-0.020886646945317285,-0.0011505352053050347,0.4254767780435081,-0.21771286688041247,0.05606864668549611,-0.2866301262459101,0.06798802913132466,-0.009562981445354295,0.5714281097955247,-0.36452299941161925,-0.02196238235576554,0.0022328533178723005,0.03392731604568206,0.041614202601361,-0.23735172597076137,0.005987468379587234,-0.01804658898608967,0.03611054002949246,0.20652085288429886,-0.09836448419744627,-0.0634145647535723,-0.026631614519598716,0.22270138302475603,-1.0323600307119734,0.2735346280476516,0.6517940559672835,2.6356717578417848,-1.5344041442514498,0.17956181585313466
0.9520000000000001,14.09257046750332,23.63948521493697,0.8220797770768038,0.9996325880170523,-0.02267972447674838,0.013334405343854615,-0.00652017684683314,-0.2338957575560978,-0.01045679960075933,-0.005548702726479983,0.4245773132442324,-0.2179321598815737,0.06293241752398152,-0.332872563874462,0.07638229527118527,0.014778365100881777,0.6677969143459992,-0.4047233045042215,-0.008267787690363387,0.006559830037148243,-0.0029290755517158112,0.01977683461701531,-0.16430276067311084,0.035212582746182566,-0.006570155111728595,-0.043151457362705446,0.18612183669333932,-0.07659032218599507,0.028595548850511382,-0.0016283754553410418,0.07965239173799353,-0.8009980033995459,0.038839389234768346,0.28051060714210896,1.2399956013187332,-0.300577339208175,0.31194845158500645
1.002,14.092922000991626,23.638574129257357,0.8225446152370991,0.9995575363407486,-0.025125398933312386,0.014473182136808479,-0.006631204392079067,-0.2373188375565531,-0.003528383785724925,-0.00790812271514593,0.42742135447149426,-0.21860367822144067,0.06541199261891247,-0.3666611446914666,0.073982617228813,0.02088688011509484,0.7050448726311337,-0.4113551898988839,0.007348758270833661,0.00705585467763393,-0.03146065708742837,0.0006763510409932073,-0.027781784572759982,0.05253450404876599,-0.0071597865028546195,-0.07897680955788397,0.08509198506959319,-0.011446781580161162,0.060916806063281544,-0.0175022177307999,0.028227680129577427,-0.5650914336773669,-0.10686819164834778,0.008215601262061412,0.4126181669553122,-0.065033356855029,0.2872329256971094
1.052,14.09320406094656,23.636320026109825,0.8222758684288921,0.999562738811974,-0.023751722907924613,0.01617555001261423,-0.006966951944732332,-0.24123035254929423,-0.0024983107300465125,-0.006173185429774432,0.4281913416573493,-0.21821361877170395,0.06660748668228218,-0.38958421050578074,0.06528375162016353,0.012620681754088816,0.7189247320297858,-0.4169883981354574,0.021286903265351053,0.0053910440354661745,-0.05781857179385535,-0.00886444342033837,0.12939401551074112,0.07924462449259798,-0.020017911326202,-0.05645728197168678,-0.0340369236483595,0.0809434294783116,-0.05364198935273899,0.04110026451483245,0.010936764951486622,-0.32245150859788185,-0.226931091011454,-0.32410549768522384,0.12404058346964367,-0.1159688148373268,0.2175713612519308
1.102,14.093503107346663,23.632702533040018,0.8217416027880062,0.9996287856759684,-0.01856025393650386,0.018303826415673265,-0.007923241782620284,-0.2420273576329391,-0.007008428356819755,0.00010512661021670706,0.4206224125210414,-0.21386874527174413,0.06647947959446326,-0.3957208066876163,0.05410858082384323,-0.006309940085820225,0.7138510894392721,-0.416845241341931,0.027878238883824114,0.005424455580079275,-0.08607489603242206,-0.013739609282839042,0.27875793964595663,0.10104560614605833,-0.046321407992875145,0.0033422110930769007,-0.14008506031797116,0.16596634999359713,-0.22097505796916544,0.1206270959652542,-0.018275032001958937,0.05378595792636018,-0.1928667173341514,-0.37093743889356035,-0.30824009909490263,0.09821564602708797,0.07068849668125352
1.1520000000000001,14.093977748691291,23.627720922488106,0.8207589953766746,0.9997062427133636,-0.009588856505940019,0.020301511723887555,-0.009128566840578438,-0.23940668363554252,-0.017509816253657738,0.009674692472010554,0.4071710029082339,-0.20703515658264057,0.064116795080037,-0.3736790373612405,0.042903875359077304,-0.030125122969738224,0.6603744633344277,-0.37853347979453916,0.03184520931337788,0.015328812700872354,-0.11086621721148057,-0.030239126283476022,0.4431354352134502,0.051019624941130215,-0.024023549935932906,0.0921556733866834,-0.29280563159812906,0.20736993714038351,-0.25734120514595427,0.11694023072113173,-0.09426867526928369,0.8848325931059451,-0.25418130765223496,-0.5357068262615391,-2.011385361396557,1.4995064743531135,0.17973254315562406
1.202,14.095171726820132,23.622061670572144,0.817340338941644,0.9997473475462285,0.005791739369255617,0.019791305801917673,-0.00894433027197206,-0.23673715279342467,-0.042370412429327486,0.021411551319886327,0.4071857927918573,-0.20926061211576388,0.05498753783195469,-0.30279518084313833,0.026325741991830284,-0.0436046472140763,0.5051547449967861,-0.27456490016080765,0.053755419330409025,0.03078225483355499,-0.10586137106526053,-0.1235969368536392,0.847457995466177,-0.0846806955099664,0.07750579201058172,-0.04829281846104716,-0.7860604771656988,0.2872055455894546,0.38786261785191334,-0.273913207572024,-0.23525079304243815,1.7926919099408378,-0.5256880188489358,0.1535716377908934,-3.662955770996044,2.185359769265637,0.5673662530192284
1.252,14.095815649678592,23.616222207752635,0.8151651099156203,0.9996328281030408,0.017315640141907757,0.017820177040819198,-0.010808278097123054,-0.2463602476578612,-0.05907478138134858,0.026310824173211227,0.4421562075612607,-0.22665277531527825,0.05468724148331862,-0.2845710207043071,0.021445841617798923,-0.029537265572774696,0.4694260229235732,-0.21905670072606623,-0.038845122099512144,-0.0030807911709341243,-0.10623612905980179,0.025100140290776066,0.20798298222488126,-0.028214042247093885,-0.049636929372189886,-0.7735146410297158,-0.1442448384604798,-0.16717508974393333,2.1407700606165516,-1.2501389249654669,0.0999301133635489,-0.18078179622622223,0.007255470717136139,0.09928492853238406,0.45833413074081575,-0.4136170236243449,-1.014663802109701
1.302,14.09574268445377,23.612383506570904,0.8169256865624471,0.9995436826868304,0.022355285821397834,0.01707354162156831,-0.011007350870595298,-0.2958773974797,-0.06690477324325897,0.01899321575328869,0.573160297717683,-0.31625164592913296,0.04073194374596731,-0.2864482629845508,0.01783898916920332,-0.025662470923857563,0.4775035685397921,-0.22807037841284084,-0.06910339513936305,0.0052647325981885745,-0.05521602210059605,0.032854072997654284,0.19127418151722994,-0.05034449537664758,-0.004315289112969639,-0.8685442267923954,-0.1147465696975848,-0.15626133297777922,2.1556071074566567,-1.6823077143869112,-0.43040731987220127,0.06377699109180511,-0.10771170870159935,0.07752519319945893,0.015101541595998462,-0.05439508821881012,-0.35571702851279413
1.352,14.096298848235355,23.610456168709113,0.818066517269817,0.999475291403006,0.02621084804918777,0.015473082834835101,-0.011077771752666929,-0.3283914170728825,-0.06784144957690999,0.014270701199969048,0.6516373171536893,-0.37589248567899425,0.01761363879607028,-0.2819805076055092,0.012360310232121082,-0.023242040983519285,0.47780978153609877,-0.2299276067357316,-0.07937034136037775,0.01551304501509595,-0.02312224046787021,0.01579168668142878,0.12182845909627883,-0.06301082129520566,0.006344652991114591,-0.43187272529492327,0.04821984837464524,-0.022175116833632155,1.0083276491569841,-0.642272611625484,-0.3811862236890107,0.09827564052867536,-0.10932282508505956,0.025294540561992943,0.0009116241536029552,-0.026070958186037444,-0.08981544298800612
1.4020000000000001,14.097216048320623,23.610096348327886,0.8186819326776908,0.9994480100018742,0.028039739689564806,0.01407337600488546,-0.010926499405590161,-0.3395329067187458,-0.06448414022227934,0.01400930652409685,0.6808562402768958,-0.3916193031874158,0.002043736971082706,-0.2764786961158904,0.008149184393540728,-0.022932316718200913,0.47602496789992377,-0.2303614404672884,-0.08162479528251725,0.0196619270270992,0.007219956237825401,0.010510071288059539,0.024290663210341967,-0.04305062322821589,0.00893664486837535,-0.06174737929360946,0.06935542983362722,-0.0015448007254423317,0.3009444919441356,-0.12816680865168573,-0.261277144690268,0.12120782836390777,-0.05187920780725248,-0.0097596446600528,-0.08559151027179236,0.01636912439272068,-0.025544364464284746
1.452,14.098146937831347,23.611159978009,0.8193022204855539,0.9994900403960687,0.02698300026508958,0.013415245933459441,-0.010564469807045892,-0.3366927265140423,-0.06104059916131605,0.013822848892098234,0.6875385064679918,-0.3949797404188873,-0.01652691151591273,-0.268599640097646,0.008089413276326124,-0.024889958859760555,0.4656574983062158,-0.2259812108674945,-0.08310414024397113,0.01772799945978065,0.0339327682425343,0.015025002299378145,-0.10580498042373644,-0.016673081536923626,0.018482809998693166,0.1754519663699934,0.07029980970211995,-0.005261403135026093,-0.04329815003492474,-0.026704275066887787,-0.44434459035315466,0.2056323769601361,0.04925231782100807,-0.06462963966991046,-0.33602155934262196,0.15894935435312738,-0.021304867153200104
1.502,14.098955026301235,23.61351521586681,0.8201269155531122,0.9996078507048669,0.022561323045574087,0.013165430530720447,-0.01008974482183938,-0.3206383305130406,-0.05710613049850851,0.013562443063029514,0.6702580862179673,-0.39265308707404295,-0.03614554913087602,-0.25562215251467274,0.01361953998673922,-0.029193617810253574,0.44218243839421767,-0.2145011654433476,-0.08310729404788349,0.013290014635884176,0.05895586131936641,0.015139590748279537,-0.24492817051219862,-0.0025082806841567797,0.017208814548249695,0.4277247065274393,0.09159967226517728,-0.0032468277240285588,-0.6072254708228999,0.1240291441371733,-0.30661582893282235,0.2896016084339346,0.16950426735360669,-0.10735791576042726,-0.5648392968927436,0.28199679152562923,0.022835410305201663
1.552,14.100585293336424,23.61793726328673,0.8207141766866631,0.9995724096601882,0.016111282022126774,0.01140714417344394,-0.021570848373049296,-0.2671257059512353,-0.05935247902713792,0.012276090622008913,0.5840816541580681,-0.38656456406426193,-0.045040926319593326,-0.23882142535442538,0.03263453535704939,-0.00819288463191625,0.4138278136303504,-0.20013814260317234,-0.07905284012621491,0.04100022790694338,0.09972761457287865,0.004741229148043394,-0.35867165486865593,-0.09737633034767904,-0.5960262518294033,1.2666383095994558,-0.06630093016424257,-0.1412498314195491,-2.2924985209158306,0.5266217436170737,-0.04040438193216918,0.39498584448894397,0.5251121458619374,0.4832242910063687,-0.6694909897396595,0.3477306547489544,0.14466947842260702
1.602,14.102834199937112,23.623039095497916,0.8192314349194696,0.9992478329090476,0.002786575393731753,0.00969267062092337,-0.03744403237342104,-0.1978379878547802,-0.05603995399886045,0.0007741088149192657,0.43264524210183714,-0.31683084773693726,-0.04411455972001158,-0.224846813006372,0.06786203933324725,0.013356293897384883,0.3918341400538483,-0.18743386524044567,-0.06937985527183965,0.04187630191139413,0.09951128907427383,-0.07061863362820547,-0.6654168794646654,-0.06907225198380207,-0.6129105183381962,1.0702748947217984,0.14517275872808771,-0.5774874481555493,-2.6724732356092153,3.4246356315233735,1.10142824968259,0.06703710815247031,0.8383578956109689,0.31709760348224614,-0.04774194084741225,0.07625065069044373,0.24236029869273246
1.6520000000000001,14.105400492723403,23.627866188579155,0.8188349369001336,0.9985957030123342,-0.007360373609316196,0.008847264354056184,-0.05171240411239408,-0.17665808658359955,-0.04350273807582023,0.005549467591918941,0.3944821998032183,-0.22674067062501546,0.0344889637336561,-0.24276508444171696,0.08025018056252067,0.007441986875042123,0.4480697662718628,-0.28519919882494504,-0.031859252408218096,0.05131510606515008,0.08370395749443538,0.05316532319777884,-0.20444954502652812,0.005622337115587385,-0.636708858950712,0.2089178211478869,0.2780819860750452,0.48466877584336715,-0.052496608516057974,-0.4648188622691496,0.9412970584168444,-1.174815331793456,-0.15481991150372243,-0.3872167869487093,3.2705021928663465,-3.5419092228399305,1.1217186075230547
1.702,14.10868750268123,23.63037412740357,0.8215245108049894,0.9975905574125022,-0.013113195041719075,0.008099943551828812,-0.06764255163481656,-0.1599280571953373,-0.02492692698724933,0.02977747608565228,0.38612952526288713,-0.24247954723211612,0.060913431756449685,-0.30845150414382433,0.07710658401688544,0.008376629777343157,0.6228485027634332,-0.39615076922766423,0.012764355090957923,0.07752263343742602,0.023022158378695937,0.04451907636619274,-0.24586362769809747,-0.04909964452689087,-0.6198609370709421,0.34837146479499925,0.44087224775606204,0.4638307421637183,-0.13569547938256657,-0.23052099857011804,0.25111919027548424,-1.1430561001482888,-0.04852381847671038,0.17863220059032456,2.5480657807630904,-1.2227970208509702,0.679752676698085
1.752,14.112926370484233,23.63069376790561,0.822936841628074,0.9962693631107103,-0.018216692095504684,0.007819040190572982,-0.08399030221742942,-0.14456816379720125,-0.0034928879419320875,0.05638430124729237,0.38198731122435414,-0.25391280150459045,0.06699196185860605,-0.3611329788955508,0.06949397765566533,0.014651010055863946,0.7086989489864541,-0.42226509552198727,0.0376806176790778,0.09324793648474773,-0.008236809850457749,0.014843462298236262,-0.14432754898289926,0.011568307069888137,-0.6689209042985735,0.28362723781735344,0.39030060492645824,0.566342443165738,-0.05269212463291212,-0.2402025058017316,0.03011406440871159,-0.9307366927430992,-0.25855312639704897,0.008669220949839365,0.9642662823997098,-0.136331931370702,0.39235012775959544
1.802,14.118125214058812,23.629511520509354,0.8231432124488691,0.9946681121557412,-0.019877080977936192,0.008715345960585407,-0.10081810877574594,-0.13044133781327844,0.012255277940563402,0.08640549305520895,0.3784593736079214,-0.26618163649916154,0.0670631627083831,-0.40324078993256757,0.05378247266224221,0.009786133672794935,0.735821394682603,-0.42466465223459515,0.05240186090061019,0.11444731927782419,-0.03866738280551293,-0.004056697375134989,0.008178888571240201,0.0744392466326,-0.6777516494921796,0.2864802955560648,0.24207015254958505,0.625422437388988,-0.10163941072701606,-0.24222735604370146,-0.017118929157258503,-0.7700681215405987,-0.33543807690751065,-0.1883933290326722,0.2964321900019211,-0.020211513981423162,0.20708377263924532
1.852,14.124489978553623,23.62679659029941,0.8226882636212784,0.9927684799479017,-0.017347655514542912,0.010875571898042955,-0.11828578108112373,-0.1138938393980966,0.020100560631629488,0.12086660012800471,0.3675839339623127,-0.27596414352403476,0.06553988960251295,-0.4386595004939364,0.03408404412823887,-0.010255130927385985,0.7496192254317722,-0.42471639362593716,0.05597596806862225,0.14073348330698987,-0.07023409741134705,-0.01249180427245555,0.1697985914602123,0.13524684287860744,-0.7151258241892341,0.38985142177419974,0.08343765592359025,0.7368325327964603,-0.33517997421243645,-0.14950475500672974,-0.049612709418946535,-0.5961708035853487,-0.4270700718764399,-0.5722368305944174,0.20802518701484396,0.06070097243107048,-0.03147815318091157
1.9020000000000001,14.132335706781358,23.622261518951223,0.821843660790094,0.9905039020568132,-0.011429554742184806,0.013376069899656477,-0.13635419334461535,-0.09069902156858631,0.021139855011450243,0.15907805507290826,0.3460423613339396,-0.2821909378937371,0.061741727805127426,-0.45732199438628457,0.013823864092906674,-0.04343226862087626,0.7494708068856903,-0.40793339208687557,0.047792918357867746,0.17134295487133228,-0.11061847099022463,-0.023280699820871952,0.2780569080827111,0.14130443420238037,-0.7329467347962155,0.5180206473858574,-0.029020857097593986,0.7828602570228442,-0.47577398188213516,-0.12705249795526022,-0.09984572801390038,-0.15482714068867232,-0.3539214834885501,-0.6825474795753856,-0.20222951230271516,0.5410626481488782,-0.22874999266038148
1.952,14.141824403759887,23.615628911084965,0.8201819150832781,0.98778873393392,-0.003128849278847439,0.014659720273401077,-0.15507649730671144,-0.05992630364735285,0.016820464250730457,0.19968242811411355,0.3206393589143988,-0.28936134727486224,0.05569993163668364,-0.44524996580080933,-0.00360970734604809,-0.08585597385203364,0.7059604297319326,-0.3481785636250875,0.03293087339711841,0.2062641685836673,-0.15462971641635426,-0.04734265534786866,0.3795213092151718,0.05944506812954843,-0.7593031170678696,0.6787114901449861,-0.1371108939082853,0.8181358431091094,-0.4470967084699464,-0.2029066377990964,-0.1453808745660651,0.6517836184527903,-0.27085647186311745,-0.8996504056337582,-1.61144935669192,1.6892700607408606,-0.27515555783549844
2.0020000000000002,14.152686495460873,23.60679131013124,0.8159550009271604,0.9848421248738704,0.00838664498773411,0.012707104117498872,-0.1727836299095362,-0.030681345465992625,0.005199802668503743,0.23698117687140924,0.3181584783181503,-0.31072402276172784,0.045926565368966735,-0.3943109944272077,-0.00531900206851543,-0.11255983444170194,0.5912277449801373,-0.2558635756407603,0.01901411440609424,0.22403852940031432,-0.19203830152894094,-0.13446902558677368,0.6210261020336875,-0.06143326417589112,-0.6083156707105274,0.4192378120668062,-0.3848345677940541,0.6215648090333591,0.46704023619330803,-0.717746560652752,-0.23655900432635882,1.2718893361413641,0.14183462646710313,-0.06308015575224406,-2.6800450164228944,1.749676949482989,-0.3070280091021747
2.052,14.162791880253607,23.597439832437555,0.8094493699994171,0.982675623958704,0.025210957399407173,0.007813881432461865,-0.18344472999062983,-0.05683611257687653,-0.02519942302923824,0.19732168089213936,0.4279793646923199,-0.3520185897497842,0.03963012755643069,-0.35367249670982404,0.008160701338271162,-0.06157788442671556,0.5107395814775542,-0.174190122836191,-0.06410745892632601,0.15922838407785725,-0.1674493544026089,-0.01460978910369275,0.48360916510052193,-0.026334461802869448,-0.5190427614306298,-1.6014514804023452,-0.7438513339340228,-2.613264038689494,3.9555330967492046,-0.6802460063490929,-0.05448135981653019,-0.29975672558212574,0.06144572069504966,0.8189456989224319,1.1748608911965985,-0.9957539623977277,-1.0800839412191836
2.102,14.17060141526744,23.590074454899057,0.8111340330756105,0.9801103321775069,0.033202451361967214,0.005386624805411408,-0.19558199880269836,-0.15145192203748808,-0.06556165422233436,0.07103351749601021,0.6445970608572328,-0.42509647808737994,0.024254146035965634,-0.35351666024176176,0.012501708456335634,-0.02991980384432519,0.5423243924383846,-0.21497418118321426,-0.09000454778944439,0.16603834896091416,-0.14142973650753893,0.04852327964786411,0.24743528007620694,-0.09883339425449476,-0.4998450399276665,-1.5998719354221005,-0.4007573219527429,-1.3606054330418083,3.178663566463199,-2.194637567315279,-0.5194147457784208,0.30411894252202054,0.14842683576008261,0.5662949769814869,0.14821624422542803,-0.48590832544345003,-0.324089545004296
2.152,14.179514118769648,23.583330894769006,0.8133850279590757,0.9773505404321872,0.03743285103281167,0.002194298518068085,-0.20827839022443012,-0.216843257237982,-0.07259201776820763,0.030606477000607032,0.7420060643397262,-0.49967765196833547,0.006010572191059304,-0.33272561189900657,0.020943523795616606,-0.0029021344163904918,0.5403052371113097,-0.23145029467176742,-0.10016243557813664,0.19171594426821065,-0.12776641160143898,0.040956800197003346,0.16349440414914038,-0.12477132745722216,-0.5510377030785198,-1.0097312693383356,0.0421558676970601,-0.3775202358744155,0.8778543943054483,-0.6353272839807786,-0.1300916406757563,0.48378075252888103,0.18660756076679813,0.5524871805705812,-0.1271026234973177,-0.23667734800513132,-0.11100845429649192
2.202,14.189730196925142,23.577384713024124,0.815178754753348,0.9741629618397343,0.03960821473127271,-0.0011250421016839483,-0.2223430848614501,-0.2565121773216787,-0.06853352135613022,0.019618742845827066,0.7537038779393761,-0.5049786029418307,0.0028942126065236292,-0.3068228918610006,0.031237688091310948,0.024548801348821883,0.5323082128767004,-0.24140691738414527,-0.10411635357556834,0.21496061441977038,-0.11073489294952604,0.03169576961470287,0.06977920284426486,-0.1381466856776699,-0.5798846731386297,-0.646060093076607,0.07601705348189042,-0.14563732078206892,-0.11176072477405422,0.17328330382743853,-0.05334059328859551,0.5494741859899093,0.22761912509275878,0.5353439246987608,-0.19199364214723605,-0.18068636662568416,-0.05628514561597094
2.2520000000000002,14.201014340591577,23.572256575489465,0.816797594915755,0.9707460875605902,0.0389794406997037,-0.0040032636581529,-0.23688944798919984,-0.28256201742201664,-0.0667548690142147,0.013805001708326586,0.7392549604272414,-0.48459470895580603,-0.007176723879819986,-0.276183041498072,0.04463840284308354,0.051086523569149125,0.5173793010141722,-0.2478750307475534,-0.10645899776445875,0.23557733204375106,-0.09590967949600784,0.03361268509907026,-0.0562357755705787,-0.14489680357337034,-0.5999413832121488,-0.4079502181230063,0.0031222459592577362,-0.08383293451127252,-0.40128402883891284,0.5035836263924669,-0.30763212926908595,0.6796706624671336,0.30505465536068943,0.5211957788973077,-0.41027842302742545,-0.07923209687792766,-0.035814124371849665
2.302,14.213310502472183,23.5677340157748,0.8184418185056762,0.9671867944061109,0.03510182708017213,-0.006126300219268699,-0.2515552323202342,-0.2960982146739466,-0.06724182098542104,0.012143182160628364,0.7115391802070458,-0.4583297305532457,-0.02209330320617511,-0.23907343098985706,0.06182270764052989,0.07616058811941231,0.4912914018928686,-0.24955541597261272,-0.10735079428974668,0.2547174286447596,-0.08559430221535047,0.029384181864076667,-0.19313505514832582,-0.1330842668665535,-0.590649999676849,-0.1547311516334466,-0.024863793614719683,-0.006745413612302212,-0.6906355909224834,0.5053042873630443,-0.2523712920013231,0.7766522430666166,0.37704105311500136,0.47600512848118076,-0.5958846867290334,-0.0054154061447971745,-0.003794967132606961
2.352,14.226665971650247,23.56355215530141,0.8196582634200102,0.9635750051899836,0.02794439963158063,-0.006960760575811111,-0.2658831843395871,-0.2888673258808827,-0.0679731966607697,0.01325119692602431,0.641227562967607,-0.4195909914478353,-0.030910101380390173,-0.1977598552601415,0.08285809710751145,0.09927763540436417,0.4570663257230076,-0.24816927574467348,-0.10554117154324871,0.27914766962965987,-0.08232926063861788,0.015247000645770569,-0.33473625059454504,-0.11851111635445505,-0.5833970136843969,0.47277214898931325,0.005632966998264418,0.06661079012803892,-2.222810308507862,1.0230322533174445,-0.07915376801324331,0.8469622932131855,0.461011526021269,0.4468651171191434,-0.711332645971218,0.029261870175535946,0.08633002620493935
2.402,14.24103978373164,23.559349343099395,0.8188866345446394,0.9600359306687566,0.01659144239674085,-0.0059672591162339235,-0.2793208328836396,-0.2457781653509387,-0.06304812668959256,0.019130859650756605,0.479495027064145,-0.35354753826281754,-0.03287458469303404,-0.16041187399486534,0.11090863682247477,0.11797138394343952,0.43132256945412256,-0.2523738024275352,-0.09918923127639649,0.28795651165514796,-0.08917643525440551,-0.06242917950490953,-0.6078481412689175,-0.06982157027006222,-0.4904066104356082,1.1265209436079322,0.2480809256554933,0.08369640715477324,-3.8690805186008204,1.3846056525856947,-0.0409105437670997,0.5589756247017639,0.7269045839857283,0.23676351248867178,-0.1703873795105152,-0.27439640644709407,0.1307974650215153
2.452,14.255131142382902,23.554746699419667,0.815811662925597,0.9565612000912577,0.004127557910354948,-0.0028756917597324585,-0.29148818868450505,-0.20807738024205472,-0.04058810808693322,0.026687195425897384,0.39747949015473644,-0.17826824063437693,0.018330568927127873,-0.1635668319925284,0.1206949215151785,0.07714695778109297,0.47988269432899966,-0.3031944190765821,-0.05552862374720571,0.26490083319293417,-0.07299184065474906,-0.01327718156077337,-0.23349414792735335,0.1162365908014563,-0.5692340895706894,0.06630071077613856,0.30630959711113376,0.413362514517004,0.5159244743351508,-0.05626902502467357,0.9268406907390201,-1.2411298168041687,-1.05464962196191,-2.919351498851515,3.2208130515633306,-2.501582528213531,1.3740374978094592
2.5020000000000002,14.268107519395615,23.549204876355375,0.8171568750914334,0.9521382231433541,-0.00044604489643738666,-0.00022431092776916724,-0.30566739236950957,-0.19258160820179457,-0.02395282802766874,0.04611087690112543,0.4179132054598116,-0.22591018203494243,0.048238717736796895,-0.23668069662023367,0.08268873393557954,0.007651619016220833,0.6663388046937179,-0.39181065676651977,-0.009990636869790574,0.2564648852755094,-0.1487623717481217,0.03775523988181538,-0.2371023116058797,-0.02526944243765917,-0.6409033314592768,0.5445397193526386,0.44277491406394526,0.421490995250607,0.18120421742066986,-0.8937897837022307,0.33138872214217246,-1.4206375942141143,-0.3214960228582425,0.05971480502230751,3.1400030685977285,-0.8983389563127826,0.5602770799342559
2.552,14.28055111207761,23.540360114101645,0.8187697541823085,0.947131817373044,-0.006443283551451798,0.0014828349184722817,-0.32077656681452965,-0.1626638647199756,0.0006620809588086668,0.06729982961950932,0.4203588247056712,-0.2617348328403365,0.056666405984227654,-0.30436396017502143,0.06817027124057522,0.015134247808309265,0.7661780943993262,-0.4154688325812042,0.01743666249196167,0.2451799984346883,-0.19744992584328855,0.025387626057374327,-0.2130618853346694,0.014686363897053778,-0.6643831702505641,0.6614974268595376,0.48726680393782773,0.48403148784362904,-0.10181911110669824,-0.5729809322777333,0.01033034428154664,-1.3160652288681958,-0.3297796042634701,0.11874254431963106,1.1064437613773035,-0.16922818435444775,0.5072391361028347
2.602,14.292694228870698,23.529572474854167,0.8195233425782159,0.9414971048622616,-0.009079171655040968,0.003736220715651663,-0.3368780355452156,-0.12781837001231225,0.021198235833001556,0.09507372385785098,0.40858549401507777,-0.2855376672073242,0.052443342270100266,-0.36853398538789034,0.048162037343511606,0.012846649273560086,0.7917817238328796,-0.4198870480363962,0.037154477807352614,0.2411865605171473,-0.23243486696606563,0.005006499341955438,-0.04225963142724917,0.09884662356564444,-0.6963081348456285,0.7202733468906378,0.3209844223222876,0.6196867497424,-0.3450870945285809,-0.40847634012453393,-0.1277276504368784,-1.2508198655828984,-0.4487830541181614,-0.19981154916230323,0.1472083494630571,-0.05343860406533092,0.2794016388723638
2.652,14.304847405313486,23.51702477033264,0.8193274624200227,0.9351632170653378,-0.006352242952384213,0.006280328091541489,-0.35410445342659147,-0.08808936826665613,0.03124925476770542,0.13160889573443837,0.3817851557715948,-0.30137963399241596,0.04585929544038579,-0.42764979010404747,0.02062045319208916,-0.011152079334906074,0.7933540399422236,-0.41946794258150794,0.042209296678316216,0.2464867475058236,-0.27089713222650286,-0.012151822108959704,0.16351873522366958,0.1637364356684423,-0.757251290713112,0.8807714674854239,0.0870830999484473,0.8129854618051447,-0.7053379794017528,-0.2500832983271308,-0.10189364794001424,-1.05319701294883,-0.6202818223585996,-0.7062576622565178,-0.08116344404546379,0.16013574179562026,-0.014587813824937066
2.702,14.31734498357754,23.502070940354262,0.8181652793412376,0.9281899615712955,0.00046890187196676466,0.007888886590420158,-0.3720227692462852,-0.04021410850115399,0.030591716245623693,0.17425075486445565,0.3423538722593948,-0.3132373149417067,0.046652532184582776,-0.4670529961369907,-0.008212178642973479,-0.050747262153662535,0.7777559574907105,-0.3930904731670938,0.035619188527798294,0.2514880152765686,-0.326802101988808,-0.03688473960834899,0.28981247572934593,0.15842929937847186,-0.769869542843503,0.9961257071338697,-0.09320998441513172,0.8655157050864252,-0.7898400199240052,-0.26586879968431865,0.14783002557036157,-0.5279209399838161,-0.47990391047277187,-0.7881199646392912,-0.5129833762784604,0.7682794330482031,-0.18082684328074036
2.7520000000000002,14.330021599221464,23.484073006467593,0.815220264461452,0.9207033480626078,0.009318560730111215,0.007325300287851654,-0.3900831312270696,0.01318557340558496,0.022265166043753358,0.21786768468243792,0.3048963350673526,-0.3286541712107073,0.05533507335457782,-0.470673511080031,-0.026550492937103973,-0.09670273812970895,0.7179329746172876,-0.3200372320105258,0.023659394160677152,0.25039379102130876,-0.3901523724510048,-0.09014054936023305,0.38832693988146605,0.06720398556155725,-0.7596440624189725,1.0423762548486757,-0.21549141872315072,0.816649645409387,-0.5269128467310525,-0.42693017909575004,0.06783135665948517,0.3727550120530968,-0.1415512558243167,-0.8877593613478469,-1.9445840426922083,1.938713275287425,-0.27311618355313705
2.802,14.342311879142486,23.463653703001167,0.808207971906152,0.913977357116293,0.022667717159133464,0.0018595086307120479,-0.4051272732181343,0.04016886442974647,0.00026407162010510317,0.2193335985755367,0.33414158599976496,-0.3559371879421444,0.030191213352262346,-0.4282449767884122,-0.01873367615521434,-0.11284303595799271,0.5777292803757194,-0.21283691124737356,0.005909908710897037,0.25281093742042327,-0.41411314644732633,-0.19044225651713564,0.9097453782756293,-0.08208223687663346,-0.5440308442278022,-0.1250095793772042,-0.8367880180631377,-0.9921828293315597,2.0237341338585275,-0.5488753803618868,-1.0577081097497971,1.2820566030962273,0.2624385329537026,0.4045071188352391,-3.39587124779691,1.9937404360379671,-0.38140635347350443
2.852,14.352723632055737,23.445081984856387,0.8038705522858034,0.908331376767383,0.03845742687588144,-0.004794608828689886,-0.4164518555897374,-0.043263001474899726,-0.03715351508777555,0.11422440746169757,0.5586110307141439,-0.374822796978469,0.018710023288514982,-0.42101555366256477,-0.009687453116845286,-0.06009082369870775,0.5881037008717042,-0.18796998734008571,-0.08057306035954631,0.1839313165595611,-0.330227898080245,0.012990813225066341,0.43879111118540215,0.06304938000250924,-0.5063738249804866,-2.4097643956910475,-0.8911731479431813,-2.6464908808469643,5.398029679894348,-1.746331244798653,0.04564022326857732,-0.19738845920937606,0.01752547017865442,0.6898184166185539,1.3120939824060123,-1.450386935878252,-0.6774246453191912
2.902,14.36237591727251,23.428722318777176,0.8060015331213127,0.9026095521359121,0.04547241903976199,-0.008408705967891537,-0.4279690983746664,-0.13764265134004156,-0.06443762110271743,0.036983980063335316,0.7306452480201019,-0.48799504562022933,0.00430762765086338,-0.4071555631146566,-0.004501915193775539,-0.02960420436673169,0.6176006723703167,-0.2383662886853782,-0.10022640224399101,0.20334048940976027,-0.3316825538042234,0.05763365612034195,0.22360316503913946,-0.1335857186608225,-0.548563158266255,-1.3784209064641253,-0.1878232789801577,-0.7945353967164849,1.775476434332231,-1.7932612561553476,-0.31109853527562215,0.646980305461362,0.19978110177970504,0.572228980324098,0.08869796432894858,-0.698814524244963,-0.24576842973594382
2.952,14.37309730637198,23.41232577692195,0.8088963168020122,0.8961416818397974,0.047557789705472704,-0.01323714788452725,-0.44101374198946774,-0.19535768614391752,-0.06626270756901685,0.017131878488484648,0.77374112344076,-0.5318983669540596,0.0010431628207388875,-0.3681448932872264,0.006949584197609016,-0.0014848918021828047,0.6122292598177038,-0.26575048058828343,-0.10769804044455394,0.22405655572836713,-0.32188607500304117,0.054486609677138545,0.1173102566398192,-0.17047442793242729,-0.5913108706886063,-1.0202411414044301,0.012317002151504854,-0.1752889301328878,0.24474620251415072,-0.20565830872030605,0.0016742182214648702,0.8351440971476617,0.24465219279609765,0.5538237662569494,-0.21336135753157429,-0.4375365933651381,-0.09686661196885744
3.0020000000000002,14.38473791720332,23.396521673987685,0.8113068053194228,0.8894568828365403,0.0470631579528073,-0.016874832052241634,-0.45427607551072074,-0.242569287894801,-0.0662639217330938,0.011200233125319049,0.7735330669967989,-0.5270901543490578,-0.002523997506535862,-0.32486895096352003,0.02023468068083623,0.024508463408932982,0.5983716063741532,-0.28519124592427114,-0.11145512315670876,0.24084459217346454,-0.31123607065735376,0.04284370230601456,-0.006876763924620633,-0.16577552858361538,-0.5748793054122375,-0.8815302921851875,-0.017214536177306526,-0.08459189235773966,-0.13064673877578903,0.2811936520466724,-0.151950560297443,0.8940042616293394,0.2824054893386472,0.487076417510871,-0.3331141937624643,-0.36032294341642607,-0.054194551252089725
3.052,14.39718686297288,23.38115458915547,0.8133996511350624,0.8831005608311734,0.04387728495790124,-0.01893015341917567,-0.4667438618942041,-0.28366875245537737,-0.06791894762954061,0.007536088469499633,0.7640938703922538,-0.5002747698032517,-0.019341325094800715,-0.27733531770113234,0.035388412197429726,0.04715849872266002,0.5755796559363116,-0.3000839271555114,-0.11369343795058832,0.2568862810993219,-0.3050367153479468,0.04155381385003542,-0.13180662069935573,-0.15420653271346033,-0.5306821041462177,-0.745474665500038,-0.03465406198051934,-0.04033493554200131,-0.2603203892669852,0.679526043569632,-0.40475336854657523,1.0109372772761867,0.3198746553836042,0.42112510621326316,-0.5789182423657984,-0.2394216873810996,-0.03249233979710158
3.102,14.410490606504334,23.36593616691857,0.8153600167756527,0.8772935180874709,0.03823991495687217,-0.019311314471679584,-0.47803856032664843,-0.31429921973207886,-0.06944352148518391,0.007319178348452667,0.7420392609211215,-0.46319618309214394,-0.03559965126581826,-0.22411631166277002,0.051947603686005886,0.06651251925407942,0.5407412726907368,-0.3094853513636989,-0.1144126269197675,0.2740713179734131,-0.3037094236803932,0.03400649867215529,-0.24380451117411175,-0.12394713898299574,-0.4729523054038409,-0.4907280123945787,-0.025755069386723936,0.015255681238418334,-0.6098034186408782,0.7317575572311937,-0.23278284448415695,1.0892534620440533,0.34204313014523025,0.35321253730516844,-0.7774992923862472,-0.15378784824648048,-0.0015884718168492858
3.152,14.424698466356947,23.350600505340232,0.8167040632291138,0.8721091591722226,0.030620855531504447,-0.01764045292765612,-0.4880335973218897,-0.32327381433838476,-0.06865899812286198,0.012732572170212205,0.6762400180589799,-0.4109030314322916,-0.040587787288516856,-0.16777398935140345,0.06975869609653866,0.08286280980454008,0.4971897970555902,-0.31522203293068557,-0.11248402610685157,0.2934081999417866,-0.3090710957204653,0.014797641306245968,-0.34848801803698165,-0.0856996281102926,-0.4220553752787379,0.15428905684336744,0.05796612693815976,0.2160155470747215,-2.108422409862545,1.3069310174244095,-0.008815488952042937,1.1243249066173089,0.3700615417295436,0.3018737142796343,-0.8918305453619528,-0.11137936688771281,0.08941638862585777
3.202,14.439648753598064,23.335171105560562,0.8156359607062943,0.8676253399909225,0.020834846109710668,-0.013260492691331702,-0.49660481061584993,-0.2954070506612275,-0.06365548011221889,0.02721273461669607,0.5221753625709228,-0.330936261742562,-0.03734878145974518,-0.11924485087083923,0.09124955765924123,0.09462206924735529,0.4655506967808892,-0.32736247487565456,-0.1046235169957481,0.29757426498878764,-0.30625772768299553,-0.07321139382627342,-0.5471538269101394,-0.017984628150908115,-0.33134246149848756,0.8544088374084601,0.15267192045171735,0.2447231094384535,-3.69067273834369,1.6702214251899925,0.06447783035466034,0.7309730013601712,0.5511479189067104,0.11869881916131386,-0.20839052387503917,-0.4527601841688712,0.20985067294730936
3.2520000000000002,14.453378070591858,23.320155476681652,0.81115961563406,0.862401399140584,0.007050906238643282,-0.0052349007475936005,-0.5061488983448849,-0.2633074228271404,-0.04285028937957904,0.021991897438848974,0.44056233494727376,-0.1677566832995982,0.008663319388619369,-0.1256756498544211,0.11080792171040371,0.03423531307261052,0.5311847547768397,-0.3547569597335236,-0.07077745938452665,0.25351669851757996,-0.2663855377893126,-0.044718661698545076,-0.425106986937408,0.14132866599322574,-0.4504704373809507,-0.17467533707744948,0.38091385612176604,0.032177387094549974,1.1204430078576904,0.14062465012440262,0.9208752285491825,-1.3976956873572397,-0.2908426927416248,-2.5246792144633114,3.679565150925456,-1.215252588750061,1.439775518844357
3.302,14.465377832163966,23.30584211181074,0.8116880334884945,0.8568488158575026,0.002404289049581816,-0.0005062591034014541,-0.5155618972145656,-0.2543739609017236,-0.028406022279090913,0.030689450319980514,0.48454630060188736,-0.23160793291752343,0.042489581965989176,-0.20490692928388168,0.09864308605770475,-0.0143062627233675,0.7302378974102085,-0.404721155665324,-0.02736900005355674,0.2250429450022842,-0.31900552035432034,0.03450606508863559,-0.2467849903196541,-0.058186094989590154,-0.5026394048824833,0.5975328217679818,0.3675207863537382,0.25357407778812996,0.4367864136608708,-1.247844296963157,0.5137286768183849,-1.4694888498237046,-0.019417875438537992,0.19276474912316272,3.232622786747727,-0.7733343115408509,0.33170404773628165
3.352,14.475590400929136,23.28864380045871,0.8135305412303555,0.8508203482375533,-0.004485021029801384,0.0015430778596602541,-0.5254352848087104,-0.21722710910805593,-0.007402440615064312,0.04039380527857856,0.49357002639133735,-0.2814044202071233,0.0602705039244877,-0.27533892338191557,0.0963537376324069,0.0007909954338002573,0.8320042043235831,-0.4267984300610618,-0.007931982345560508,0.1899824410482971,-0.3626435727296689,0.034890243611019243,-0.2596891534030623,-0.06895484958688172,-0.4558874474554885,0.8519973650362133,0.43157177065471225,0.20729617218943971,-0.04076276172820765,-0.7839237927957379,0.13435325077537477,-1.4072264835249688,-0.12560937416003407,0.34426563545472255,1.111519598435056,-0.11370872183728613,0.4606729192811871
3.402,14.484476914711069,23.269786167330455,0.8149084883644471,0.8448691940886431,-0.008852073153458982,0.0034473584231184606,-0.5348885878393702,-0.1727788979099215,0.011562688837030545,0.053543990129499,0.4828057253585792,-0.312346489543068,0.0593478602278956,-0.3472625463301752,0.08315321158507935,0.011481322185306309,0.8546193329559367,-0.42942840108513025,0.016725324829688897,0.16748305532166544,-0.38930167868161997,0.019350601892339274,-0.10664726309040107,0.02285655242396489,-0.4486027434149673,0.9105197141249352,0.3098920641296238,0.3336410509516308,-0.3604607797513197,-0.49709798201111627,-0.11236205459582337,-1.46207832673278,-0.38259790624999607,0.07222305151121178,0.04222187796848294,-0.04644673359088276,0.46083100657954745
3.452,14.492428764187569,23.24973507829834,0.8154846116892411,0.8384397974703146,-0.007534979302841555,0.005067905302102354,-0.5449185686326841,-0.12537115924486417,0.02189564429540823,0.0767102016900886,0.45432893535954805,-0.3301687073339481,0.05171172601811533,-0.4175504557902344,0.05577248850753799,0.0018218349158563199,0.8437645634950222,-0.43029906052285527,0.034120492185353325,0.1518283676519724,-0.414931689260057,0.004915802512216431,0.10938407731466522,0.1350373220002913,-0.48619739528406447,0.9957191808869721,0.0974732754494049,0.55201801501382,-0.7491390042791096,-0.2674321305362002,-0.0810908050270997,-1.2668007015285565,-0.6985373062022374,-0.48833787053511707,-0.46440006184483534,0.08116952297065498,0.1668520866770181
3.5020000000000002,14.499484800020921,23.227932582472818,0.8152053503214075,0.8317691176171281,-0.0013760640897089115,0.005824690918229007,-0.5550894652231771,-0.07333315672565349,0.021667629383202772,0.10617492357762724,0.4110329944677998,-0.34203981353243634,0.053950791510354645,-0.4677611388418299,0.020707343424622576,-0.03052153389053509,0.8095875255643874,-0.4084982770376521,0.03695876590469288,0.12969079689864182,-0.4564760783459245,-0.019260819065598334,0.2560825770076399,0.18699126498786742,-0.481522074557148,1.053774106573236,-0.09225992485400293,0.6052652230657893,-0.9022809393179354,-0.24920923439679876,0.2000578302791385,-0.7482992017529949,-0.6342748891308763,-0.7032750181982886,-0.8329007030097342,0.7013445509309397,0.0027794446631173256
3.552,14.505402633073132,23.20385036074642,0.813046671391183,0.8251713815380187,0.007596821285666856,0.004738390697236862,-0.5648114969178581,-0.019368737186339777,0.012496337178699041,0.1362828315009647,0.3685719653995631,-0.3565381463429036,0.06840175998761397,-0.4794481131755495,-0.007424355309809034,-0.07571124806244844,0.729900121062275,-0.3291619254285548,0.03496255521235507,0.10474287278558185,-0.5029933206846503,-0.07751558196931455,0.38556112461236486,0.13192438960210562,-0.42283258912375027,0.9989558275737812,-0.24630381183744518,0.5758436815061961,-0.5646583162579321,-0.39769251915670606,0.20114321209054076,0.3110159792829163,-0.36937422922026963,-0.9202067977499372,-2.483475026746158,2.262284116452849,-0.09086485476084784
3.602,14.510372109634655,23.17809155598966,0.806558320810601,0.8208731190088397,0.020959514439911127,-0.0027477063601013593,-0.5707192579131192,0.0024483300865456733,-0.012424692491289791,0.14228384996079976,0.40471294592804696,-0.3764441448808399,0.043176031730485655,-0.4339182677516752,-0.012052914213366501,-0.08883904674218927,0.5617293449194557,-0.20274790668534798,0.02566076175441994,0.1056934496141443,-0.5200870955060544,-0.17802236634348584,0.9159095375657902,-0.04319929196760358,-0.16095956018645616,-0.23345717182679207,-0.886468792393451,-0.5507844734710317,2.2143670477018045,-0.2949314778666871,-1.0634720508133473,1.1387259408801005,0.1252820312850082,0.9901696703421831,-2.8822304297490073,3.8311309175950643,-1.2785681219455403
3.652,14.51450670175688,23.154724871030783,0.8031453990085782,0.8174011837488953,0.03370173503157149,-0.01045779706915753,-0.5749870714565906,-0.06719541268750114,-0.04803185523068986,0.07523239088615429,0.6032017387081423,-0.3830038699489333,0.029103720958613768,-0.42830861433182976,-0.009241003250398888,-0.04538553112530498,0.5931116104366667,-0.18144699203689896,-0.06458846798142198,0.07856758742683995,-0.42589934410296265,0.016804376467175,0.3447856646298069,0.07315520458344998,-0.19583680587727786,-1.9179601201731844,-0.7331577568484157,-1.736978933174056,4.474115744418228,-2.0188369380150863,0.08980656426495282,-0.03792708807620229,-0.07540194292223662,0.3900074659998529,1.2975567042437774,-1.6447818212179321,-0.6936967400244769
3.702,14.519026932723953,23.133544610610798,0.8054499147024806,0.8146734328936909,0.03835658766586591,-0.014338606420497136,-0.578472449029128,-0.14363899119036694,-0.06812696117383713,0.030151030580596264,0.7411577363252517,-0.49914786755399465,0.022726987523410694,-0.4062297145555814,-0.01041653660789032,-0.030233896525954766,0.6213329799729697,-0.24010956045338647,-0.08538035441667358,0.10219824835140001,-0.4265981791611324,0.061576098638010814,0.16448789594146213,-0.12248203451598517,-0.18516684712349968,-1.1692145831869143,-0.15395661662932114,-0.43378081885418396,1.4116504860501593,-1.7358582171224017,-0.20035628980294592,0.7980225254736996,0.032913736375287994,0.25786362628760906,0.0744438782785464,-0.8488943615681683,-0.2521985250051741
3.7520000000000002,14.524802455211276,23.112357296752055,0.8084879962410505,0.8117383781908022,0.038384119065124025,-0.01885694583183086,-0.5824533289197134,-0.1954402088244964,-0.06993889777875405,0.02046702054051014,0.7779582356915888,-0.5397165081189944,0.016212529981450896,-0.359711435809711,-0.007648205296937183,-0.018903694536093047,0.6149156358356904,-0.2743248023143596,-0.09255664917932788,0.12779967607833362,-0.4189681087129887,0.055822137270430124,0.05983921583951381,-0.1606104286524264,-0.18556995692812042,-0.9770742202943077,0.0006639318972169869,-0.0973938684177216,0.3200727955207027,-0.1389804620081462,-0.13727894488675746,0.987374373595908,0.06504905856337248,0.19243764424906254,-0.2415365816864172,-0.573909248089496,-0.07103435794895328
3.802,14.531832545284644,23.091679649298836,0.8108933763639337,0.8090751134060525,0.03642527174273932,-0.021815877750758703,-0.5861695385495685,-0.24300755611959846,-0.06975205363008975,0.01639072481685382,0.7850754639217697,-0.5324841605372161,0.0037458011965557265,-0.30950705734630374,-0.0035331364840360336,-0.010942262159887833,0.5994291466664352,-0.30038056162575133,-0.09398469813963899,0.1523496236131967,-0.40885518142701766,0.041461320944862406,-0.04101600546840154,-0.13576919191471606,-0.1697765883328856,-0.9293797734508096,0.007179353394806657,-0.07148698668024547,0.043999872658972136,0.3044189523394033,-0.3116549456341889,1.0150800217745217,0.10058054212786263,0.13380901561780903,-0.3705898772103416,-0.483014350932506,-0.0020318735163043196
3.852,14.54000313944825,23.071479846914805,0.8128257912288854,0.8069534468021794,0.03282600736146709,-0.022476670398435625,-0.5892736098134616,-0.2894104011434826,-0.06836663438579456,0.012547316182064535,0.7856357940050032,-0.5035826080035652,-0.019605951716541784,-0.2571461679074794,0.0028196077861863972,-0.006438628579281906,0.5745034101804305,-0.32059886631828843,-0.09355747749383204,0.17391339789993737,-0.40048371803868965,0.03665427936524993,-0.15339033160001816,-0.09225300952903735,-0.12678614884144962,-0.8985443877356248,0.05600919187153207,-0.05669557999795249,-0.06297223275962119,0.765824273169506,-0.5055164303657386,1.0828981332593244,0.1519554637789554,0.05448312947365144,-0.6235257870598523,-0.33075859656372014,0.01954696449944428
3.902,14.54932424353591,23.051590658151067,0.8144793501705192,0.805371979809166,0.02784180655656945,-0.02081080508035686,-0.591749709199623,-0.32881185505818245,-0.06430432818713319,0.011860986324702635,0.7694520302902979,-0.45944540412489865,-0.0397031282304019,-0.20166084994586872,0.01150581149764254,-0.004819462337947001,0.537554667451566,-0.33390018675542465,-0.09173279828467047,0.19796728945814154,-0.3946366110547985,0.026794226502925716,-0.24179727092016953,-0.039756680796362104,-0.10426600541717601,-0.6794553917492371,0.09163416842737378,0.0065996768787714225,-0.5724185822513315,0.9012276691076482,-0.2899634727777905,1.110494589369578,0.1934647211986867,0.015258704825575405,-0.8133184774188434,-0.22351777270863404,0.051221073299330656
3.952,14.559858342937515,23.031882957769565,0.8153767454902477,0.8040567172532874,0.021800711455019304,-0.0168406164386196,-0.5939140662232957,-0.3478785050500031,-0.05714883819074206,0.019515166709715124,0.7023692614405361,-0.3930157751543413,-0.04697558145330568,-0.14541203886762705,0.022603877564510412,-0.0046761471080325814,0.49289420920443094,-0.34273779869669646,-0.08742140857494965,0.2231544978397609,-0.3926705046197869,0.003496157002618535,-0.32892255598130216,0.00106182230152274,-0.10172956245056665,-0.0635427035543389,0.16838158429900763,0.3053101537119743,-2.1523758076958357,1.675458947449194,-0.026263384679795505,1.097694490544514,0.24570318137997696,-0.00038384573915168263,-0.8837389782214491,-0.17578256731983927,0.1301891105619454
4.002,14.571582638390579,23.012560787248756,0.8135645782683633,0.8023424437751412,0.014029614088133413,-0.010479157834515179,-0.5966070399321071,-0.33189051370748174,-0.05127930896135637,0.035684840557753596,0.5501495948781849,-0.29064173723811026,-0.04861859864527727,-0.10129638942054868,0.03774909397176764,-0.006999832423482562,0.4685509871944895,-0.35872140942503516,-0.07698722461959945,0.2388059587792124,-0.3789524728808716,-0.08927988907364048,-0.5308225821341691,0.019476165350801912,-0.17688242561249412,0.6219300346866331,0.07861406648866555,0.15458174104244293,-3.5729113597256004,2.180918953943985,-0.08833208078957112,0.5621026935026754,0.4211829164670101,-0.19169313483157116,0.13881107216645505,-0.5102182230414792,0.2772011665745358
4.0520000000000005,14.582241349409337,22.994346811561563,0.808655689562219,0.79875204880899,0.0003313831977913846,0.000268609289173875,-0.6016601886095406,-0.31176615581634015,-0.036909193972815814,0.013166140255697381,0.4843009915992328,-0.1587087063152185,0.0004764462607159759,-0.12202035322762063,0.06771209909221042,-0.025282906725217533,0.57067201454083,-0.37086028136328364,-0.06276073460146211,0.19554911344242668,-0.3209302771789282,-0.03006859879177847,-0.4796708828153821,0.14373374421508037,-0.18447158807921965,-0.3953319751211153,0.31526027312069804,-0.1711714059867781,1.6879711650704672,-1.2807885394800247,1.1857206905169049,-1.5907492762211315,0.240232202860411,-0.30864127052191004,4.236609411730926,-0.14872170078839309,0.7994310532088567
4.102,14.591141984086287,22.977507776274216,0.8092913312785392,0.7958954858201353,-0.005424865799376171,0.005933886788415043,-0.6053806533659414,-0.3059307933304614,-0.025149698309150908,0.010492896367665485,0.535890918265376,-0.23247297990234556,0.04041372636206573,-0.20060864949403678,0.07188371053247254,-0.017625751128450964,0.7644512953645596,-0.4122974150223004,-0.02855644492585974,0.15376649183353325,-0.3610540568124748,0.034189902969024646,-0.31515763791635704,-0.05546134461297422,-0.2195723346322774,0.5086792193347233,0.31400728825600366,-0.024268353064128098,0.5268092189327094,-1.1908614493931713,0.5047298401632014,-1.3454940624975065,0.12001774662925604,0.3859646202186441,2.706776486769416,-1.0612544027419404,0.4528992338559703
4.152,14.597709952723712,22.958480193161044,0.8113328203441229,0.7927675798573912,-0.01282557937503973,0.00886109608877882,-0.6093246670018,-0.2712642850849654,-0.008543149365668313,0.007889618725733835,0.5477119123285121,-0.2807692709648398,0.060227159700228385,-0.26204845622075973,0.0751581592580507,-0.0029661877787363466,0.8413354644362852,-0.4397987456641237,-0.0073470187213518,0.11257401105283973,-0.3953565519074654,0.042819973699762405,-0.27466005515413067,-0.08700513737062171,-0.19760112921356565,0.8112802396693297,0.33295745199989274,-0.04594286555900602,0.012601244410339666,-0.7783650212986611,0.23739250323211783,-1.2151215097771453,0.05692030378874508,0.30376279777647763,0.7037197236689979,-0.09049568083461278,0.42760924296720754
4.202,14.602540372569473,22.938089987317078,0.8132149577976363,0.7898090363042796,-0.017744377091970392,0.010524927248489305,-0.6130057496958216,-0.22759227934259096,0.005680284465177534,0.0077453820141239055,0.5395872709311204,-0.312580323227828,0.06358252692755317,-0.32652216741564655,0.07604487006764518,0.010399790398044227,0.854440202767848,-0.43855932265800646,0.014178337584560614,0.08338257213161708,-0.4185155499177185,0.0308270826801532,-0.11128766781120089,-0.03675783765182178,-0.1854635778708062,0.912574282415868,0.22269265855175885,0.05268448394296425,-0.2980700638246924,-0.5400519355747713,-0.03234492568257659,-1.360768988390616,-0.025876250260976917,0.21383899093049186,0.01655499232052522,0.06353725180724662,0.3959654296575934
4.252,14.60621269828569,22.916747970746552,0.8144184932362359,0.786355998782747,-0.017388871036347876,0.0106034620464969,-0.6174378000536551,-0.17993260189463026,0.013025326123776697,0.017718925414171985,0.51487500609482,-0.3321041669896583,0.0574286919403553,-0.3949202350615791,0.06852785459702587,0.012729336667779863,0.8470941475457631,-0.43437705024707035,0.032931130308146206,0.06525043011877868,-0.43535272230073635,0.01747367899370668,0.11460924258876437,0.0637555421174618,-0.2512121660141338,0.989724930737098,0.0664111273593177,0.31580246841129606,-0.6675163695762649,-0.27698851906023486,-0.15329922488487427,-1.2797121879296167,-0.3096288337298603,-0.20653427388132078,-0.3703003591545686,0.12757024921353802,0.25661369231855446
4.3020000000000005,14.608947390058754,22.894401111996814,0.8148373748670105,0.7823261939524621,-0.011707420991389949,0.009506588161128903,-0.6226863474744883,-0.12984890484895942,0.011412215788446386,0.03658275181616451,0.4760048982314755,-0.3446319062443391,0.05699670595155227,-0.4466477713760044,0.0469053976096065,-0.010725685467130801,0.8139056805134023,-0.41691914831114757,0.0390832160062715,0.04292306153152582,-0.45826075682155665,-0.002920999419652335,0.2766011305540285,0.15474262329096328,-0.2695419196007729,0.9912983658638258,-0.10798723062013432,0.4171924761151976,-0.8345115578743411,-0.23130708141376394,0.08360153916082039,-0.7847809076259317,-0.46663502499155785,-0.6066754197809037,-0.869066507490277,0.5225878801296729,0.04120427444032592
4.352,14.610532523022309,22.87068686293584,0.8137556035225606,0.7781678693364917,-0.0024018910048714194,0.00717909028833662,-0.6280107154456342,-0.07942468922812024,0.0019887785773160843,0.058758647831496806,0.43341003205984946,-0.3559828052228853,0.06312784621565753,-0.46147910123165253,0.02190821928146674,-0.052514165150664316,0.7351331252719039,-0.3498427901080288,0.03956822726384313,0.020803289895314516,-0.48826081992809306,-0.049396229156235955,0.4160427192072979,0.1551529075768134,-0.2468668957785104,0.9653975736348023,-0.2745801498075047,0.4279585417182768,-0.7109553009839493,-0.3090305525454909,0.17163988168928734,0.22666572987960218,-0.4544812117367248,-0.9440076012688229,-2.4086478917065457,2.0494497072966174,0.0034034643521429946
4.402,14.611306561024023,22.8458360212864,0.8086398938481654,0.7760507272695645,0.01063158363777003,-0.000161892239431663,-0.6305808528052814,-0.0497642574870165,-0.020296174296637846,0.08304394560574013,0.442615606950872,-0.3748256144015875,0.05251548747303862,-0.4191299455511503,0.007863426267674698,-0.07681747433552209,0.5660626060782199,-0.23537826731803177,0.04136201520571601,0.022096917155049623,-0.5038425070211279,-0.16031408527893676,0.8621132257870937,0.008402909643298595,-0.004654590786788572,0.14620092719453506,-0.8152318707488337,0.2556045280851895,1.2899010660562018,-0.474870581214277,-0.2565915317779461,1.3418837013199798,-0.1867921200861401,0.23692250254053154,-3.908186203499695,2.1132946682912346,0.059686157812080504
4.452,14.61187197354871,22.822372952769538,0.8045526651849095,0.775181290223946,0.023428359239668017,-0.010562063173333,-0.63121590766678,-0.08621816720565982,-0.0530895267109122,0.06996005586284748,0.5847095169485592,-0.3812907081268777,0.041447481347978744,-0.40129464588447444,0.00679547990514696,-0.03483667166030039,0.562104080225852,-0.1672560958555883,-0.039122694767441624,0.011474806792802513,-0.4278847754113951,0.019865336383822544,0.37857241418949006,0.05632288718788411,-0.08535190896218277,-1.3938266137501136,-0.6871088719392914,-1.1069124960897652,3.7662693000023175,-1.0561631550174004,-0.04370794972161289,-0.015672931028416732,-0.1341965474431203,0.3309445037871836,1.304843500633695,-1.5799723859009096,-1.081579729617628
4.502,14.613145462916572,22.801300551776063,0.8070176412919827,0.7746180083511474,0.028452833319747708,-0.014922281451362627,-0.6316127792646901,-0.15139316438019576,-0.07625845702054895,0.03636573204512916,0.7236491328167076,-0.4807724470355975,0.034910247477335135,-0.38052682513017394,0.0011767048528865734,-0.024625091658677056,0.5922022055720297,-0.2277403191858896,-0.07186437747490496,0.037489369066990096,-0.4255316196343956,0.06307214229113701,0.1797630117751509,-0.09433927836550804,-0.028007929312125413,-1.0509918381254326,-0.18855281529117351,-0.28727066951665703,1.6685668166334664,-1.8241854728252989,-0.18546479960440604,0.7659808340378487,-0.056719091393877395,0.15293677265345557,0.09677596067224763,-0.8771354630619529,-0.3970824372535451
4.5520000000000005,14.61575254193875,22.779949334386867,0.8100832996526982,0.7740130218908624,0.028868144324465515,-0.019258455152862425,-0.6322179877951599,-0.1981917457841925,-0.0788614537269849,0.029010216561419236,0.7723142490122356,-0.5292488025523978,0.02637079230934486,-0.33513262914441394,-0.0005424179765446823,-0.01884281602815751,0.5861674073059484,-0.26302239679241257,-0.08374762344964883,0.06590770453099873,-0.4264620351234163,0.05545405186778339,0.07534465747383758,-0.12968562148394003,-0.027030207221322173,-0.8847962665973758,0.02269904687152023,-0.08550158422173985,0.5061791070170942,-0.28964247229240275,-0.1848941232520904,0.9683930949359556,-0.0203509163234436,0.08197104931113981,-0.23783087794886773,-0.5946792760340073,-0.11845329827013393
4.602,14.619795948442663,22.758694863442862,0.8124044823051463,0.7735821069725004,0.027546208683403097,-0.021873379338078515,-0.6327191204914623,-0.24181562433891965,-0.07586345175002963,0.02504203292485571,0.7858395103211409,-0.528107070293513,0.01322968047287091,-0.28613592676978045,-0.0005964437119009339,-0.016323095944966053,0.5713069042396444,-0.29026002132949835,-0.08606629112421438,0.09508041444093089,-0.4239819856937756,0.03863167337372235,-0.01712244916818122,-0.09957031658301822,-0.01980874948311306,-0.8635763481184734,0.08301694959537566,-0.07813982478487509,0.12453475893783607,0.22307738683410316,-0.30250196668850327,0.9861154085811172,0.01672536812194165,0.028901612030990925,-0.34710412493431836,-0.5118816683972751,-0.001247943262749547
4.652,14.625258087451064,22.737587584091763,0.8141303756545673,0.7734442500657216,0.024972918100677942,-0.02218274115829636,-0.6329836264837451,-0.2859795321949479,-0.07046786128079649,0.020202993289257183,0.7893367215066367,-0.502013157310868,-0.009123562388197415,-0.23550470101984017,0.001766966047793468,-0.01650591645892496,0.5481073662820763,-0.3120531565771938,-0.08486466393333517,0.12258465545465162,-0.42079420052137134,0.031308721208026795,-0.12104649558662799,-0.05341829527625568,-0.002282415787750628,-0.8811446548526143,0.131526969882792,-0.09382253655746248,-0.009183709442686061,0.7246138812528301,-0.4949839170647775,1.0409573393721194,0.0759451723905053,-0.030050523546971068,-0.5783387108259967,-0.36387772829375703,0.045809012195879704
4.702,14.632152521452158,22.716615716945135,0.8154683148007214,0.7735232029294615,0.021315208287584677,-0.020095084703415884,-0.6330905969892184,-0.3262776398441062,-0.06294602676075574,0.017887748369121895,0.7761692823600115,-0.459305064762116,-0.03010447205910565,-0.18246717783406521,0.006857114552647799,-0.018879373337596764,0.5138659092943451,-0.3270883089870934,-0.08195588657250431,0.15207870712055496,-0.41732709711365434,0.019935547687468858,-0.20625437677978106,-0.0004847761997802849,0.0012682739256198,-0.7208911995073636,0.1573344351949489,-0.005048039879316642,-0.521643463473074,0.8839435166420044,-0.32659821963397656,1.058482310620732,0.1252718541861532,-0.059946479349120084,-0.752047440773258,-0.2609671316239838,0.06606412513099023
4.752,14.64048244609337,22.69574429244758,0.8159886124288005,0.7736999003354199,0.016615229637625115,-0.015698500331530592,-0.6331397598100997,-0.34826599081377635,-0.053255960211503306,0.024591575932945205,0.7105776933381968,-0.3922775534317896,-0.0407365789479929,-0.12871755671047092,0.014889120086596368,-0.02279084973394549,0.47241732518248664,-0.337872712577088,-0.07748349322901003,0.1806129565149677,-0.4168043888663251,-0.004528396399711171,-0.30130866747105356,0.031197151992611815,-0.0008039554200235733,-0.12983911468996484,0.2168659322590608,0.3074577858297065,-2.1435824789445084,1.7134801599260376,-0.07461019656295549,1.0540992214994005,0.1924542510824843,-0.08467928031644688,-0.8194360025585047,-0.21729443007718785,0.12473396571558804
4.8020000000000005,14.650181350378881,22.675185676695648,0.8138016002996907,0.7733601946301418,0.009923383849590102,-0.008861830564988139,-0.6338272665116572,-0.33656134885718175,-0.04568412488315621,0.041011182696967574,0.5598192293693184,-0.28704779704849953,-0.04505415242876952,-0.08669421746748922,0.02779930157593569,-0.029098968040049064,0.4516933008533954,-0.35590993550050487,-0.06797280286472848,0.20034888541905096,-0.40432020737440855,-0.09445318902758482,-0.5176402347531287,0.03706024572729799,-0.07920956038627411,0.5247097815778689,0.09171601194998523,0.14584857737717477,-3.5341136639057407,2.2588798476830827,-0.16587266173594784,0.5224834628198584,0.3893195644101097,-0.2373904324828445,0.2268389698351772,-0.5402309820783708,0.24793034245933732
4.852,14.659087512379879,22.65583177570499,0.8088296314683486,0.7709210892698857,-0.0028716594915734845,0.002652957973321388,-0.6369186678883649,-0.3182293980789169,-0.03323533055183339,0.015828769176363083,0.4940174220986112,-0.16250857833603805,0.007171070096924555,-0.11064147429536698,0.05753080010014524,-0.04228577547528757,0.5609189098938884,-0.36875661159857287,-0.05592090166742244,0.16230733117003443,-0.3404204601325925,-0.028903352887457066,-0.4862609094400852,0.16229754104538838,-0.08597145591973517,-0.38134477514824205,0.28056489921981137,-0.2637264066546287,1.6074346691419155,-1.3427742273734196,1.1899218930631965,-1.6876654890800091,0.34565014882835027,0.027921506244492536,4.422652851179963,-0.06454263827307918,0.576302133972073
4.902,14.66629821820567,22.638200742464118,0.8093170432764503,0.7695440057805912,-0.008126508645545531,0.008754383576909632,-0.6384820622324353,-0.3131315000653937,-0.023850662737095622,0.008569196026363218,0.5439440012826845,-0.233734537795288,0.044288196832685464,-0.1932928259480073,0.06842430000705955,-0.01843086364044284,0.762658132721853,-0.41113295499761693,-0.028026280273423635,0.11978261187055787,-0.37405493074391316,0.030602647119173466,-0.3016873461995902,-0.051225635666159945,-0.11535074657036128,0.4895120584279815,0.25493249680669594,-0.10437557500881385,0.5199559442051116,-1.1475808763349042,0.4702043990317539,-1.3860693475944326,0.20642246718621599,0.5438115689000786,2.7623791472939363,-1.1704161908015795,0.394743245450991
4.952,14.671132201890298,22.61863122670514,0.8112347415329204,0.7678832482207262,-0.015161982622680238,0.011753689718147298,-0.6403024927039915,-0.27921770345796765,-0.010069219866405044,0.0019139402628063572,0.5557212866868643,-0.28006200823869254,0.06210605938798303,-0.2555531465692125,0.0738672869131077,-0.0022954474542325933,0.8402420950445746,-0.442248810624572,-0.009778441376970738,0.07723832297159007,-0.4042950699938799,0.04167216712221157,-0.26308781841729106,-0.09293515938005036,-0.09613589701176757,0.7968991735095983,0.27785611625585016,-0.12943016858851666,0.02194836340687055,-0.7594376337930286,0.2418323327835124,-1.2178063810784174,0.08257161422405851,0.27332431126552953,0.6967168433402537,-0.10963758035279843,0.3843523774489623
5.002,14.67417556054368,22.59787510693131,0.8131063100144474,0.7662967801957403,-0.019970012362481634,0.013270604332130797,-0.6420391999936949,-0.23608825665640698,0.0017602848245140616,-0.0022016391837481565,0.5484008033998661,-0.31171920073053727,0.06658312907538505,-0.3200723003781456,0.07632670437971031,0.010052370931255524,0.8531894260184877,-0.4410825574968913,0.010485712836805884,0.047661882109303694,-0.4245395618652938,0.031012294308043684,-0.10155814963940488,-0.05232594117912141,-0.09952494431845979,0.9074860951230771,0.18161038989958742,-0.02080307823297568,-0.2792340642428908,-0.5454381144413287,-0.0064209366021979,-1.3622171492672477,0.006846941505366333,0.20798147199979752,0.01688270762763778,0.07620038892143896,0.38415276325879316
5.0520000000000005,14.6760231930296,22.57629318241003,0.8143113911538451,0.7641829857478529,-0.019805714659359413,0.0130026307096749,-0.6445642167813513,-0.1892144085605247,0.007427103879877433,0.003210966510490041,0.5255877735191943,-0.33205284720800504,0.061770551707688415,-0.38895065520769045,0.07135338180224794,0.013614136258821895,0.8462064533017354,-0.43558805551612767,0.029850667564656663,0.02859964308666321,-0.4388680590820687,0.01776634222793863,0.11556202595697755,0.04591353530789154,-0.16102362434131445,0.9658134340959615,0.03461612407294815,0.21920069162205022,-0.6105809976705922,-0.3168581280195599,-0.07379798368225135,-1.2993131100708553,-0.24197363709075978,-0.14002904274866584,-0.3518910288264399,0.14764504120681488,0.2924752166477268
5.102,14.676922969329418,22.553874167487002,0.8147555268339473,0.7613654907425412,-0.01440566727539939,0.011441282704364193,-0.6480618514515412,-0.14047343838467524,0.004962634463469228,0.01765388339800395,0.4893110598690401,-0.3456354090755416,0.061904749228032296,-0.442008063337226,0.05279812151620449,-0.006473552038988344,0.8139293719986385,-0.4184642717909564,0.03766607993619348,0.006705864195191369,-0.45733549119505656,-0.002225975623601358,0.2777837997208768,0.14293207677092112,-0.18868583543642503,0.9603381007824173,-0.11833612738529542,0.3357144495301348,-0.7887503591082207,-0.2386040357641573,0.04870382749800764,-0.8158673809554953,-0.42270767040400015,-0.5526252060709052,-0.8532551985466393,0.4973348683694683,0.06781282532743665
5.152,14.676697147569202,22.53034952271507,0.8137802526022806,0.7583567793163005,-0.0052151152147010904,0.008758600972615438,-0.6517599901400117,-0.09234879274116019,-0.004789323687890143,0.03575902566262093,0.4491230545181498,-0.35705266047128503,0.06653070952878917,-0.4586095085904526,0.029329611240629033,-0.046083500237423455,0.7362481517155144,-0.35454902129362464,0.038606974687888415,-0.015529067466733904,-0.48194812451739055,-0.046194572395528745,0.41236494221769227,0.16084353024758613,-0.16914308582058213,0.9171939482613558,-0.2641113707072393,0.36225319007800477,-0.6846425829295637,-0.2829750365849541,0.04654278673947153,0.1833968929686557,-0.4350805488299991,-0.912992331228637,-2.362206721277387,1.9687015723361265,0.008949749713668001
5.202,14.675710029523655,22.505898122595784,0.8089458944694856,0.7572365531620681,0.007649846892400018,0.0014106001840904299,-0.653094397927952,-0.06440975280084384,-0.02725824873482517,0.05744148872647871,0.45716610117289525,-0.3767542434586471,0.06166742791804751,-0.41817851560719504,0.014599056760720628,-0.07170667517965236,0.5691025453515229,-0.2416638861802423,0.042267588212211944,-0.013198320513882669,-0.49543162416514613,-0.1517370953615368,0.8433442420889153,0.026100299457479277,0.03951807743219283,0.1318888411901801,-0.7891888916866322,0.34232715603942665,1.222344913144925,-0.455954843352658,-0.17661729975771837,1.3190518628977428,-0.22540576637742984,0.13466892727202717,-3.9028047052649395,2.11932542939947,0.12375599143951076
5.252,14.674731991801506,22.48257161014494,0.8048086694843832,0.7573598089647354,0.020219569779915163,-0.009489397210507925,-0.6526156909724107,-0.09768828689756522,-0.058300289245785675,0.05709516088504504,0.5924385158837552,-0.3802448496389688,0.045448959467522455,-0.3948504062894886,0.01274678675923371,-0.031345482019771824,0.5539143878155659,-0.1623135568250003,-0.04028731180916981,-0.016374087453891725,-0.42697234584131155,0.01832250240630123,0.37989112053165025,0.053339677576081435,-0.05046948349857629,-1.2733257673899077,-0.5840818731557198,-0.6877198678372892,3.5629376554194527,-0.846744340689316,-0.12208656840320534,0.016567302980137078,-0.14769692822820202,0.3093252298879722,1.261917225371096,-1.5855775369435292,-0.9852201724543528
5.3020000000000005,14.674674446291263,22.461527631931148,0.8072182095745289,0.757538028806554,0.025086078427337,-0.014013150879383195,-0.6521583053089567,-0.15865810430984836,-0.0780698502861379,0.035628547567203274,0.7268445962342657,-0.47658020072384977,0.03866360301083358,-0.37387076353470017,0.005990078994332415,-0.02298954709037608,0.5844867429101402,-0.22473712971019294,-0.06947012800980608,0.01181227361141917,-0.4252068230543547,0.062078643295093015,0.18205731666795158,-0.09120027154402421,0.021209714616683042,-0.9908242045185784,-0.14622154104765536,-0.14581141453660212,1.6412473508562497,-1.8484357182961437,-0.1688717192324279,0.7608172904310635,-0.08476970468553506,0.11485062044720361,0.1137437378488463,-0.9051091856745743,-0.36452606831123774
5.352,14.676043428784062,22.440151743175964,0.8102504366545383,0.7577826968543275,0.025534841119014638,-0.018358913313653618,-0.6517486528863349,-0.20313845133590808,-0.07986866317366816,0.030786270474218294,0.7755433746209053,-0.5265623078468505,0.02998031927691164,-0.3286925619172304,0.0027425170117168266,-0.019216167162751333,0.5789386043245504,-0.2609277658405178,-0.08068156827450008,0.04196705527945276,-0.4278019734032923,0.05496126791371962,0.08132709103732946,-0.12234839147567758,0.0256264172405314,-0.8481626353723615,0.029364240465502622,-0.08403723235489752,0.5203287089277214,-0.3235750187710931,-0.20139889491931057,0.9641360317118951,-0.05175395869635223,0.04163828343254094,-0.2326615643936075,-0.6059433043904392,-0.11707251214114836
5.402,14.678923309907985,22.418779069241907,0.8125381331731608,0.7580995963588462,0.02438248203998993,-0.020914335871825764,-0.6513471325838213,-0.24532883341265882,-0.07606112172724387,0.026330062686973,0.7899434378665479,-0.5266336856186369,0.01620643861504007,-0.2799847680534998,0.001360841649312845,-0.01841215107801912,0.5642722910419852,-0.288544925022125,-0.0830279433333127,0.07245420789637312,-0.42731766548249345,0.03766034003377549,-0.010835797802881285,-0.09050816111343978,0.018115477966014613,-0.8421499521546197,0.10743858528193632,-0.09582714940323865,0.14414594310414122,0.20645043619174908,-0.3103056575478341,0.9783368259826293,-0.004491551145725861,0.0013684221581513293,-0.34270020269070106,-0.5177359422222522,-0.001296900623142689
5.452,14.683300566925912,22.397462345498322,0.8142087220096883,0.758703068390026,0.022092109539390316,-0.02115855652747459,-0.6507179943703206,-0.2890391762145241,-0.06935974701079996,0.0206649761914037,0.7945128665655069,-0.5010991079537521,-0.006335699049479826,-0.22969922326386416,0.002304302515083589,-0.020424279276122326,0.5414010461665454,-0.31074386829439293,-0.08158839998273014,0.10167489643995048,-0.42587387501726115,0.030260767183455238,-0.1107565169164149,-0.04463440962296614,0.05105502069310718,-0.8787261971003478,0.16319029571427968,-0.09544397129568132,0.0042067391000520735,0.7139874985132357,-0.49729841153920434,1.03699473125514,0.04331893214232344,-0.07354505111541931,-0.5730083093963492,-0.37240173062305576,0.05342896217414529
5.502,14.689204483815615,22.376195829837176,0.8154901784544066,0.7596605410418188,0.018820755575267984,-0.019048200698040904,-0.6497682722277186,-0.32940368639025747,-0.06044113096529482,0.018666762770411544,0.7816578401128009,-0.4588738369863819,-0.027609001521107703,-0.17683082979443182,0.005718236860212684,-0.025015353634548855,0.5074635209954641,-0.32623273919995754,-0.0782893022364012,0.13335646230833076,-0.42389543380211514,0.018593947482026398,-0.19306802627821212,0.007746114986446213,0.05572293691150768,-0.7241015926665014,0.1762510785595804,-0.0017898063101418635,-0.5215265398468144,0.8763851838856597,-0.3356503902699765,1.0546346485161786,0.09199907636538054,-0.10358042511417767,-0.743276928030184,-0.27150457245707743,0.07332022361296073
5.5520000000000005,14.696636611240391,22.35497829934384,0.8159156646288589,0.7606572168825251,0.014579757272259939,-0.014611648016961166,-0.6488254995178919,-0.3517157901824847,-0.049789585850484035,0.026353977691544225,0.7157563667064579,-0.39168210660899727,-0.03932573552877175,-0.1234735814749976,0.012268354684526769,-0.031020320721348492,0.46672220611620535,-0.33761570390898044,-0.0736140645608292,0.16347066906209404,-0.42401295555536306,-0.0069507487513888,-0.2894248275391454,0.04083480447825926,0.043225213069115996,-0.13949729665674102,0.23137765174172858,0.33169043352977695,-2.151672559133638,1.7267219352670682,-0.10306819432832928,1.0409780305587368,0.16758314390436735,-0.12107862675609612,-0.7987174705638811,-0.2305924180327553,0.1255579877270513
5.602,14.705522631764383,22.33403674757806,0.8136044505363753,0.7609199894097861,0.008299925874986423,-0.007630658895762495,-0.6487477583713847,-0.34100114580669916,-0.042177878161661374,0.042972250991658224,0.5656374912901637,-0.2854479669872374,-0.04488651703166671,-0.0822049015340343,0.024270430930590007,-0.038650030531081604,0.44735505640611845,-0.3562583044113864,-0.06431404505108987,0.18473712639820078,-0.4125237048189138,-0.09631752733424963,-0.51477923626723,0.04246280012762131,-0.03938424764348943,0.49595257471535004,0.08167099949383962,0.12972382942526167,-3.5056975205077316,2.288543204729343,-0.2032536215996311,0.5095178306206741,0.37963846404686946,-0.24435235262621166,0.25808868344629676,-0.5466864578430227,0.24362058079316373
5.652,14.713687639875197,22.31433867697212,0.8086685993678294,0.759094669545264,-0.004085184424486445,0.004181165421795685,-0.6509540012872637,-0.3231776426126158,-0.030728342919918165,0.017521013760039495,0.5000802294775295,-0.16776555139275404,0.015248305311472971,-0.10728955485820235,0.05379295326869566,-0.04958068852709859,0.5588880866844591,-0.3689810424207734,-0.052207029661049086,0.14725077279412427,-0.344927156062959,-0.02643071623630711,-0.48563991544219254,0.17448100037963715,-0.04148399562540747,-0.38296394584707044,0.2693230566443354,-0.29572616572155874,1.5600016056605444,-1.3127766721894227,1.1350273927405043,-1.739335788983783,0.3948165840940084,0.18270497772647504,4.508255355764838,-0.05941335904421935,0.5889026438343812
5.702,14.720156731971924,22.29653363952808,0.8091771004895698,0.7583780203063203,-0.009083279936751763,0.010374445234007306,-0.6516691209716338,-0.31845181334479505,-0.02223993036604077,0.008443935003443526,0.54883954599971,-0.23496146177391555,0.04711155166673605,-0.1917424184403159,0.06773189093244779,-0.018588223942545022,0.7634421888831564,-0.4116170201809349,-0.027806180525237253,0.10518834520118332,-0.3765392015876168,0.03030006399954517,-0.2927328456591874,-0.05327258345380916,-0.07293961492333732,0.48427459136520973,0.22947854821999641,-0.1363494555624347,0.5094527489393865,-1.0957743936125344,0.40784427948832214,-1.4024284551108512,0.2423266924532117,0.6081132287838084,2.774296547195695,-1.1900342000403232,0.3542557256947795
5.752,14.724259602166955,22.276876468894496,0.8110893059100316,0.7573650398263183,-0.015980614916916797,0.013245611069913121,-0.6526617578678404,-0.2845708185606469,-0.0097447796108258,0.00027470985637993294,0.5602310654470125,-0.2796370520062332,0.06318490368517236,-0.2540873866434251,0.07374270604299354,-0.0022715340095818596,0.8405563309956772,-0.44337573954361725,-0.011133575690135417,0.062477148435706904,-0.4052181629113206,0.04181001574114793,-0.2549400582090292,-0.09987539853646887,-0.05568870800263968,0.795979127554029,0.2521848530099246,-0.16039678162829496,0.019926453147376358,-0.7432994500274569,0.2366249163471978,-1.213374360922717,0.08407105577879026,0.25062928845833166,0.6809174173102959,-0.1134631282091181,0.3639092800773938
5.8020000000000005,14.726554709252529,22.256104746230307,0.8129859854817916,0.7563947702496475,-0.020752675820650057,0.014584612664210515,-0.6536234137932178,-0.24147885424388194,0.000906021960563451,-0.005432406545872838,0.5530047910273954,-0.31095840049831686,0.06798245169091677,-0.3182976667477268,0.0764776874250942,0.009363083269200493,0.8529593548198492,-0.44205343997831437,0.008551469878622125,0.03259905043447458,-0.4244359927450858,0.03175806963518207,-0.09516866808085421,-0.06185364102884853,-0.060669760195207055,0.9078769791769649,0.15970703132908298,-0.05419213625910012,-0.27592021736413097,-0.5426965264473721,0.0019931228016697514,-1.3556354042093464,0.013000389525910894,0.20035169946670017,0.011408937188990304,0.08545241819338222,0.3783262833357045
5.852,14.727638340234373,22.234541491548608,0.814235618151914,0.7548877205346523,-0.02067490240854999,0.014065737074338705,-0.6553771683824133,-0.19464928457011063,0.005683014357923655,-0.0018476919093658283,0.5306079028151092,-0.33138394169186675,0.06372980950170115,-0.38702485552461535,0.07231728423106494,0.013533582793427193,0.8460152490613412,-0.4358297477855705,0.028145479756330187,0.013098996583443635,-0.4382013434806677,0.018802149462796763,0.11765116309298505,0.03517099847043667,-0.12386867867953473,0.9633699391427034,0.023064902161380074,0.18341048675745192,-0.5987860199063612,-0.3187469333903515,-0.07109169958329443,-1.3009062772377278,-0.21645106320016289,-0.11100568547302524,-0.3450584646247098,0.1577178061077591,0.3095680610603333
5.902,14.727776055303373,22.212191573852035,0.814732383567755,0.7526088886559086,-0.015396747475963484,0.012221736004918708,-0.6581743158558424,-0.1461723799844612,0.0027591204559129843,0.010906848416031647,0.4950041403097799,-0.34502584459051233,0.06369887047555922,-0.4402960955865873,0.054910755869821797,-0.004903100462359112,0.814079965449747,-0.4188631519136117,0.03675225317007255,-0.008125770439413921,-0.45512833614889386,-0.0011894932440222612,0.280746743423944,0.13511160707287118,-0.15486507640104,0.9517361313177469,-0.12574010847744127,0.30488401386961783,-0.773620469555427,-0.23987420383908684,0.039991395604364585,-0.8204505113877891,-0.4076696865446518,-0.5262022369196363,-0.8495319871691686,0.48546700632634326,0.07961002260549097
5.952,14.7268165171912,22.188829229525258,0.8138364246447884,0.7501092425969588,-0.006252957952061631,0.009296583927385933,-0.6612190243896098,-0.09881845750434672,-0.007365014969794009,0.027404833039242703,0.45570704877212126,-0.3564736993996806,0.06846404509774838,-0.45708167291771806,0.031893268463336184,-0.0433866327420461,0.7364623709953195,-0.3563720789049319,0.037994846206001825,-0.030093198442509385,-0.4778340299501917,-0.04360273515900574,0.41523629430300885,0.15979570809157478,-0.13746049470901486,0.8963973737164808,-0.27454649755689026,0.3277120484180853,-0.6654248192018748,-0.28642635227949836,0.08822902711006242,0.1802903598200305,-0.43214714524292036,-0.8942240353150611,-2.358118835604174,1.929724932124519,0.018252619312198442
6.002,14.725093561983726,22.164613099235932,0.8091329396100692,0.7494457126902776,0.006520554507285714,0.0018932621778513664,-0.6620309823999213,-0.07118095083617108,-0.029760466894430928,0.04839755421132338,0.46266016565953405,-0.3760432789540195,0.06415746951586264,-0.4168771323821305,0.016895428365461037,-0.06924630631350984,0.5698540541652367,-0.24487050948631633,0.04268867473712001,-0.02813387590505841,-0.49018459872909836,-0.1492778562383373,0.8340334815931495,0.03350788933264895,0.06627138313650538,0.13705986124086691,-0.775433062706292,0.37006504492164805,1.167949830626755,-0.45464032522839404,-0.17073362649651935,1.3137105990216762,-0.24082144637458533,0.10036597487570972,-3.8945140562015177,2.1081795747418433,0.14814056460552352
6.0520000000000005,14.723426293660653,22.141506924810393,0.8048244086953239,0.7498040169192064,0.019166077475723055,-0.009187428491086736,-0.6613185229855107,-0.10209094862170776,-0.060469353900238824,0.052583232696987094,0.592308151880227,-0.3805673225816191,0.04703585821425089,-0.3935329889663252,0.015074054750333424,-0.0283132598408222,0.5474049235514333,-0.15713819734355397,-0.02978095805810282,-0.0302884460439757,-0.4232194156141203,0.01957568921831017,0.37524170580740135,0.056484448207512875,-0.041324510547031665,-1.2025689260845331,-0.5396088546708896,-0.5422829475238012,3.42200948025622,-0.7622019593561234,-0.17638638670516982,-0.01831662166169896,-0.13326912451148237,0.2912997865051915,1.3001930754558997,-1.5203837839893193,-1.1712260700196622
6.102,14.722741411344531,22.120621961329768,0.807354557017129,0.750391517883536,0.023958538109814503,-0.013762288355521705,-0.6604158975670583,-0.16049468742222298,-0.07880560847557506,0.03633681125132498,0.7234896282879966,-0.47527892023054624,0.0403584250355288,-0.3731638314840567,0.008175199005890903,-0.021276399933903782,0.5789379063102094,-0.21937266782890957,-0.0660386483691619,0.0001100771321759942,-0.4223171138688034,0.06438662104528983,0.18406387058434326,-0.09121456717052066,0.05033890254938853,-0.9534998137797464,-0.13374446335681273,-0.0810648946096382,1.6254671517214718,-1.8383546298429334,-0.14455031139040136,0.7581824242437734,-0.09664695946469484,0.09054543894395967,0.11871227116622389,-0.9091435530166544,-0.4417525760072942
6.152,14.7235425957982,22.099345398377313,0.8104845670399937,0.7511441522370901,0.024345998774345037,-0.018217040159948458,-0.659437543935371,-0.20307817541850975,-0.08047019292153151,0.03291895463083195,0.7724338596249355,-0.5253317754993695,0.03237816937257952,-0.32775578498059177,0.004245672873277278,-0.018707141411022664,0.5733389176315061,-0.25566689404925586,-0.07935706629441182,0.030921680598413343,-0.42629799798883317,0.05643565321602543,0.08413241494223403,-0.1246441138516784,0.05556484368478121,-0.8136257254542044,0.027073700744907874,-0.0770879277462924,0.5382785577242802,-0.33457569737872456,-0.19622779799321483,0.9684204392221714,-0.06609022996245656,0.01878806511853833,-0.23344506790693795,-0.608267731365988,-0.13638556898288684
6.202,14.725882099353246,22.078024049628134,0.8128230577326383,0.7519179314056442,0.023199481907493276,-0.02085008903213871,-0.6585183993308256,-0.24368298766954752,-0.07666011247518774,0.028487075088046338,0.78772758555556,-0.5259320589118219,0.018820182352513027,-0.2789956891547718,0.0022114322957625093,-0.01893190220814501,0.5588008677231657,-0.2834498226636678,-0.08218096853683865,0.061797805414169724,-0.42674746652786594,0.03830674840575876,-0.007666898352815334,-0.09035022085536017,0.044434055551416315,-0.8141049107920951,0.1100930910314826,-0.10165012815859047,0.16113179349251472,0.1946666552297104,-0.30672841474018464,0.976925721737643,-0.01615109484383851,-0.01824830012250568,-0.3377274655342804,-0.5217986523974526,-0.0044100325909411115
6.252,14.729731159160245,22.056708772016965,0.8145075836820038,0.7529653002699745,0.020958439766434866,-0.02111022530679583,-0.6573875255733108,-0.28616673136330656,-0.06954204508931124,0.022661384066181706,0.7928510018536831,-0.5012767130989354,-0.003558540313060478,-0.2288362934501074,0.002632349967508088,-0.022019149700308632,0.5362496206705545,-0.3059161205081283,-0.0808115092611094,0.09136530788563839,-0.4263394126332095,0.030275312330500754,-0.1076272876858927,-0.04319035357078378,0.07802224316614707,-0.8577439602775576,0.17304869234029385,-0.09803584105414008,0.010925173402345955,0.6920187170418952,-0.49530585309983244,1.0334971955964427,0.03297638869061633,-0.09512076666878187,-0.564353489332693,-0.3794083015073986,0.05507225591197008
6.3020000000000005,14.735136579987262,22.035400367782593,0.8157792310417427,0.7543536578165447,0.017791816198436006,-0.019005555069569323,-0.655951826807167,-0.32594383053398984,-0.060161871310756045,0.020491616994642532,0.7807699685328833,-0.4600883933360324,-0.024861494963857186,-0.17621590562410724,0.005567827742079991,-0.027639470236781732,0.5028446125920131,-0.3217714101820665,-0.07732347167857757,0.12373816783634528,-0.4250214754321835,0.018334995892199873,-0.18890817729555665,0.010109531704526612,0.08050535375497639,-0.7205401951565227,0.1852479184276865,-0.003745032131207165,-0.5009139123918817,0.8598082857415764,-0.338068446219081,1.048664185331741,0.08299963218060658,-0.12303422542734123,-0.7316295366057808,-0.27865151871739524,0.07762621719854582
6.352,14.742102160069345,22.01411734440969,0.8162013482682398,0.7557601713013502,0.013698370012238299,-0.014565034679011,-0.6545431826078111,-0.3485022638659438,-0.04929658950380072,0.02754477109519943,0.7160391357380369,-0.39352473257914544,-0.03701861276019821,-0.12313009022228341,0.011702904195276984,-0.03465531909264174,0.46259811259075034,-0.3334470644298597,-0.07255146068707172,0.15437594584307232,-0.4256257116430602,-0.006642608973887258,-0.28528252790284564,0.04304152662468675,0.0673953558955058,-0.14947406571069466,0.23616360864644062,0.31818155128427866,-2.128935756827972,1.7180374239680491,-0.11631977417227597,1.0384637809104622,0.1607114726880387,-0.14051088407126422,-0.7939212298328044,-0.23428961527039469,0.1250054211209604
6.402,14.750561069803666,21.993085888535962,0.8139331342783025,0.7564203857320538,0.007629215481233369,-0.007595563024139672,-0.65399717319149,-0.33879622362999606,-0.0414523887957102,0.04400576860307117,0.5674703540279248,-0.2880249580023698,-0.04267637527714389,-0.08142922763638234,0.023313657755603172,-0.04291584497466564,0.44227486387817033,-0.352323191279125,-0.06348799049707027,0.17730337634851243,-0.414149593430774,-0.0956653921267578,-0.5005004917462282,0.04724751249628621,-0.01307693290033723,0.4652497234186528,0.07754597795884967,0.14308126767353102,-3.4739258891871647,2.268953151920208,-0.19661560302008876,0.537830656438804,0.3648964058056732,-0.24082068668689458,0.19687365815754718,-0.5668542816385701,0.23290332077594642
6.452,14.758405858637877,21.97324557660969,0.8087596531762351,0.7547076459485379,-0.004702037473566534,0.004286579131835949,-0.6560303996231891,-0.32033737727430267,-0.030651139840633786,0.01738312435171049,0.4990264604156177,-0.16195372132051136,0.015476607519082407,-0.10481771842335665,0.052913135387191765,-0.053206431068054706,0.5509849673341667,-0.36800359600089605,-0.05182745585465986,0.1420219545759274,-0.34706746459304594,-0.03356669976199256,-0.494411649590751,0.17634630187097916,-0.03476144161730541,-0.4047120417930773,0.26298541387053564,-0.32296514026785267,1.6146493438255485,-1.4374174480011186,1.1817413670736276,-1.7289239191974832,0.381507377665928,0.1456982102454483,4.466646942695075,-0.09597246751441832,0.5448534691367043
6.502,14.76463953956718,21.955410660897634,0.809123131190654,0.7542570977001128,-0.009354663215913007,0.01053181635844488,-0.6564280628441421,-0.31692903564196706,-0.02326863287046683,0.007575833782404074,0.5499272234288146,-0.23555497107557236,0.047946328856059955,-0.19034705188144774,0.06697412762015997,-0.01978230271849385,0.7585656910608806,-0.40960236499938085,-0.027974094816025474,0.10027931560976784,-0.37721031631544827,0.029073463668950365,-0.28031751166895374,-0.04867339703602171,-0.060277140758535866,0.4754857874230678,0.20864994600273573,-0.1408858570212154,0.5202069141081223,-1.1588141658909705,0.41406476084570293,-1.431318148822666,0.2591102809612921,0.6815231109315001,2.890569053355991,-1.2120400958527404,0.3495199649597886
6.5520000000000005,14.768449661581467,21.93572657825523,0.8110195673448813,0.7534902497146673,-0.016023469515699464,0.01347101757890173,-0.6571257289857062,-0.2834191518838084,-0.011366804031348387,-0.00110654476199792,0.5612263452613274,-0.28134395578909444,0.06372394143690549,-0.25381203778268135,0.07361738973823327,-0.0019233212366748247,0.8398435854102896,-0.44357528192075,-0.011235241078026514,0.05621529255304959,-0.40601986702927434,0.0421580849580254,-0.2533129272540155,-0.09638362594494027,-0.0393473285714834,0.7937019072678168,0.24546735924073437,-0.17397515352964588,0.011958654910970533,-0.7464323365483723,0.2282047645015674,-1.2252539840515864,0.09435202353139291,0.26298984813264664,0.7340872967437565,-0.13799507156519158,0.3666293063501957
6.602,14.770423117102073,21.91491881785776,0.8129371254060132,0.7527849910156088,-0.020770416067995425,0.014908466523028794,-0.6577697809598146,-0.24041983429758684,-0.0008747665992449567,-0.0075986771271234765,0.553634424318218,-0.3123923974307371,0.06832516809563566,-0.3183136755796535,0.07677876562900748,0.009994977954560119,0.8535814387858774,-0.44310448474936964,0.008521869560539479,0.026196709683577755,-0.42492807830325147,0.032005241087406704,-0.09795907527065544,-0.06058637034741869,-0.04455871734733472,0.9052080796805061,0.15866195108096134,-0.07034102458834225,-0.2802043288346695,-0.5353853177177554,0.0007731050752692497,-1.3582662943601127,0.017276111960313714,0.2004739482361963,0.020578366254765713,0.07668487559930577,0.3785458670199346
6.652,14.771191914648446,21.89335504629125,0.8141762082989932,0.7515248761445139,-0.020743163051429606,0.01447387067063553,-0.6592196817377376,-0.19394118699187712,0.003865030143326417,-0.004878611993428327,0.5314737075331135,-0.33282620977291577,0.06460148119512775,-0.3870952899933283,0.0727344934998823,0.014177561733175857,0.8465800430901623,-0.4370430051046076,0.028055677471447202,0.0069436429264975435,-0.437757571628587,0.01835343397997221,0.11409379106388129,0.03583867809488756,-0.10845577361041774,0.952455444882608,0.019697247009952956,0.16379095813057543,-0.5853129272317753,-0.3319421293906763,-0.03311432455871081,-1.3009535887080554,-0.2174643684326484,-0.11203475980562196,-0.35322091442055514,0.16074735151870412,0.3074652341104383
6.702,14.771025758813218,21.871049395880966,0.8146343489259971,0.7494831691100403,-0.015530546454402267,0.012681808124719769,-0.6617196937452334,-0.14606702121461398,0.0009854821977030301,0.007003879811426767,0.4965531127268062,-0.34663707104195934,0.06487435276244645,-0.44045690035790075,0.05529043249272946,-0.004248318010494221,0.8143614724126613,-0.41982518574441624,0.036703350939714434,-0.014095683721283373,-0.4538353068415676,-0.002107357770162817,0.27750376630077994,0.1356224883121184,-0.1400326129360578,0.9381998963914494,-0.12419547437657959,0.2880522900191553,-0.757654183424825,-0.24278182072525178,0.04097286525741858,-0.8246793289608076,-0.4064726348165982,-0.5222326008652571,-0.8512909986464613,0.49042486508705363,0.08287341365977782
6.752,14.76976640993584,21.847779339124525,0.8136892357217778,0.7472252760317175,-0.006428672665444619,0.009802107550449071,-0.6644674391681303,-0.09958317794645506,-0.009040597356216514,0.022625144504826483,0.45823994169271726,-0.3583106281932924,0.06956181079103288,-0.4576487191656847,0.0324210225699134,-0.0425778500442876,0.7368981803671786,-0.35731719576813814,0.03815535253209797,-0.036059117170923756,-0.47542870113395314,-0.04446509434705599,0.4126380451912695,0.16262955251727257,-0.12105876831157446,0.8727968427917776,-0.27437579962628533,0.31069789401379294,-0.6370147288044893,-0.29571996784430477,0.10389131284632246,0.16911811365250987,-0.4278199070124184,-0.8907895576026941,-2.3504175040848168,1.928731822159607,0.021086722878390703
6.8020000000000005,14.767751851005482,21.82369294811183,0.8090092440416848,0.74684075772567,0.006354251260781503,0.002403288420225226,-0.664968217507747,-0.073530122938956,-0.03139908430528037,0.043591442466386465,0.467329917629906,-0.37753588642776575,0.06590820712810694,-0.41784279831126214,0.017545031567819683,-0.06837111349724193,0.5704695425012473,-0.24537266638601046,0.04282607783544113,-0.03385962713813505,-0.4878607501474047,-0.14765666759812882,0.83466084299827,0.034415389826150534,0.08254384635356027,0.10274458532158175,-0.7730748109213746,0.378301746079027,1.2188264355983303,-0.42297044575335196,-0.195883482659451,1.3113697912812339,-0.2381928450918309,0.10035115125547808,-3.8947963407200357,2.126278208801268,0.14641836463256244
6.852,14.765826762182156,21.800665648494878,0.8047195149809888,0.7474198251990939,0.018916599221030193,-0.008752672391620463,-0.6640249678282225,-0.10504271736615017,-0.06176075387171289,0.04929312566745439,0.5977839378572816,-0.38117117980380366,0.047903226588149994,-0.39429267364859344,0.01575455600490392,-0.02762780416534124,0.5478588086121627,-0.15746213843255308,-0.029236889448952554,-0.03492114471505421,-0.4222795626412338,0.018846023892736024,0.37452378457366753,0.05355636295949551,-0.030625161106986234,-1.189112069179198,-0.5165831856892906,-0.4727938386116566,3.3883447123330015,-0.7933530285295396,-0.19692246660976104,-0.014714657458038391,-0.13675405332504573,0.2801170818904397,1.3001527890212903,-1.5144387261162129,-1.1671743522377056
6.902,14.76491525884728,21.779815505136824,0.8072261571377705,0.7482311715257954,0.023632162255359808,-0.013396229235313492,-0.6628817209024139,-0.16253926403019747,-0.07881392793399417,0.035800505100797436,0.7264701459616595,-0.47634157668696486,0.04111647602479794,-0.3737358683391531,0.008597071112266317,-0.021236643278581893,0.5794476758109924,-0.21962479995708695,-0.06542932470884123,-0.004146292434647613,-0.4216853713784336,0.06433203816731908,0.1839702747731329,-0.09388257422288378,0.06520299208129218,-0.9372776326601756,-0.11591570513198585,-0.050602414423641405,1.5839461473096192,-1.8309416690443248,-0.13951401662796276,0.7628982602020283,-0.10323918811340181,0.07714533694650658,0.11823108243405031,-0.9095612101709941,-0.44111340985078484
6.952,14.765523306922244,21.758569252899797,0.810373369267811,0.7492395581045975,0.023978583841170152,-0.01791167215254913,-0.6616224634101366,-0.20447738391896983,-0.08004856614350156,0.0331651489718319,0.7739847484179465,-0.5260515603827571,0.0333411987725981,-0.32806108336291595,0.004296900577128345,-0.019300253284934926,0.5736973898045239,-0.2559068034887611,-0.0787149204556376,0.027446336164685992,-0.4257339779426063,0.057029616193801556,0.08557389197766165,-0.12635820628091085,0.06878764849367754,-0.8036986294165241,0.029433113403715024,-0.07038538476948364,0.5235098439743581,-0.33117638230965685,-0.19574450481799574,0.9737065411830743,-0.07270568650145132,0.00938643005245015,-0.23803802379929667,-0.6072462138560338,-0.13539773386040807
7.002,14.767696209463212,21.737271192316356,0.812745858544069,0.7502579979107882,0.02281602291644241,-0.020590316370332082,-0.6604304691191509,-0.24477329649665053,-0.07621123376630995,0.028735949507933928,0.7891173419741854,-0.5265645124241789,0.01970070575463878,-0.2790039882235257,0.0019130574036578458,-0.020134026393662796,0.558840885267614,-0.2836124117084672,-0.08151491492080207,0.05858081593256289,-0.42639705892602864,0.038996582770293164,-0.006850486896638342,-0.09118273363775567,0.06049739234478278,-0.8100361245783831,0.1110529680492423,-0.10272751622494251,0.16252982637184454,0.19597731166749482,-0.3091439526700708,0.9830652002397005,-0.0233862409602645,-0.03238885143649058,-0.3448860139203334,-0.5200870003305996,-0.004165522193464867
7.0520000000000005,14.771387478425117,21.71596294515906,0.814458180428846,0.7515639627649866,0.020558196085886916,-0.020863622872397007,-0.6590096203298719,-0.28704463727647994,-0.068924290142718,0.022936430454155533,0.7942619205486733,-0.501846145626619,-0.0028204046361216006,-0.22853444239868048,0.002070522536519139,-0.023931175960216808,0.5359025173579152,-0.3059841139739707,-0.08013567020749267,0.08843471634077603,-0.42633728796054454,0.03069724360595548,-0.10687355503188943,-0.04331767853715217,0.09426449476009995,-0.854186091832749,0.17574400411660968,-0.09664129520373183,0.010831431644966819,0.6935587396345702,-0.4980009769027716,1.038795467227508,0.02689660285459146,-0.10997833906041932,-0.5705412625243365,-0.3785242070904426,0.056240566680432064
7.102,14.776659629496887,21.69464785915846,0.8157455753239788,0.753215649684971,0.017421853700564212,-0.018779428785820253,-0.6572746740425659,-0.3266911660914757,-0.059447625857137885,0.02087717992140792,0.7821714829901997,-0.4605644462522408,-0.024241970440552717,-0.17570328512496192,0.004696456073901741,-0.030261244016437656,0.5022613760063688,-0.3218211721487904,-0.07655647896845864,0.12132007861123513,-0.42525764753765066,0.018558584310940436,-0.18679101166793124,0.010818836071017766,0.09579538089765653,-0.7191034901292453,0.18563052992073312,-0.0028623954669320497,-0.5009221904762524,0.8618206026552077,-0.3400648947450388,1.051825308033819,0.07697698028619082,-0.13635233395463897,-0.7351555126571733,-0.2785672314133401,0.07976193419341926
7.152,14.783515424739106,21.673349975023978,0.8161769001552502,0.7548490804952992,0.013393619670573169,-0.01435344357165958,-0.6556046486146632,-0.3492806515113683,-0.0485420553251383,0.028134508727848808,0.7175107088193993,-0.3938474570635899,-0.036579401439597065,-0.12250462842653981,0.010576093574377415,-0.037875855568856635,0.4618546680741841,-0.3334730954811412,-0.07171241179269364,0.1523959458356835,-0.4259912160716736,-0.006458506322396463,-0.2828963293439419,0.044391228690500266,0.07962449993672144,-0.1521804711188235,0.23593139426846013,0.32233133141015313,-2.124413496272345,1.7211338623909902,-0.12168938728953808,1.0404720552786504,0.15661938101994333,-0.15081131907748266,-0.7974711554513614,-0.23318349859821053,0.1256283115063859
7.202,14.791889811586062,21.65229893524543,0.8139221869607282,0.7556764316101123,0.0074031165943300075,-0.0073920132266207215,-0.6548615752310974,-0.3399302201609141,-0.04086145094389665,0.04466379788208015,0.5695742970213067,-0.28832206142371936,-0.042506005794755095,-0.08065577654324646,0.022032186173284504,-0.04634926229922442,0.441211409063857,-0.35226778339215536,-0.06269757589827231,0.17597860361663178,-0.4145616947432878,-0.09530479722921512,-0.49701162288565964,0.048810258091985075,-0.005166227356814736,0.4551331874807722,0.07104723755527398,0.1439432990445691,-3.458307900847981,2.2690365285304406,-0.20300943757866655,0.543292426194215,0.36260723455581045,-0.23256197222193062,0.1850130242214269,-0.5662524218584474,0.23094838448351443
7.252,14.799693348211846,21.63249422107481,0.808689843873892,0.7540883272654988,-0.0049151460467182434,0.004505370326805855,-0.6567391701881957,-0.3230990107285257,-0.0303485154164896,0.018180746791945143,0.498046042213797,-0.16320496955689903,0.010077322320945464,-0.10393312923475381,0.05176400131278789,-0.05543187757843558,0.5496193188533699,-0.368278979110358,-0.05102558375220282,0.14175529834411094,-0.34639838429202835,-0.03355959133106994,-0.49604133133283285,0.16895532799381666,-0.028233779218827394,-0.4441373982092139,0.2586809835725442,-0.3249517809083249,1.6689551732833028,-1.2947218208354454,1.2481647159578668,-1.7145917034915834,0.38575257065255597,0.1598658296299192,4.4340990641264275,-0.06685185879170406,0.5406377447687364
7.3020000000000005,14.805892837600418,21.614721242551813,0.80902396224892,0.7537528809729904,-0.009705851452771896,0.010746079731362062,-0.656998411446254,-0.32071827588923485,-0.02310873104945493,0.008127457378848861,0.5503663868132759,-0.23306784629119956,0.04693849540738191,-0.18937327543106636,0.06648023706981473,-0.021355572817419698,0.7570247329168057,-0.4090771499751283,-0.027752485664087525,0.09999569016231231,-0.3756189117415885,0.02821465867032599,-0.28123714042281994,-0.0515742723053959,-0.052030070626836684,0.4614321701825603,0.20242189124698365,-0.14633199964636806,0.5417270069384685,-1.1317653457400485,0.46646761826957717,-1.4280447848465954,0.2610311799355928,0.6774734818382607,2.889538966385714,-1.2198327342132333,0.34313406425985754
7.352,14.80970270175603,21.595134751350734,0.8108822014618889,0.7530598414465344,-0.016385054209900645,0.013645285785425725,-0.6576064258923371,-0.2878610138405714,-0.0115002779809367,-0.0006685203502072125,0.5626864927458233,-0.27838721800744193,0.06420578744299005,-0.2526694425611097,0.07307663553242594,-0.0037322994023363675,0.8388359044522753,-0.443621874776238,-0.011802292268433075,0.056411932639930024,-0.4040008582030437,0.041937066794073205,-0.2513410705320625,-0.09818788686438305,-0.035481366393722916,0.7843808412401816,0.2381069247501481,-0.17688793412736498,0.02698563718977079,-0.743906266645747,0.24724539274836937,-1.217702129496743,0.09045621149581592,0.2555922388212237,0.7468590607805904,-0.1464712995126355,0.3509065447516441
7.402,14.811682983907357,21.574416830386575,0.8128316350453617,0.7524335921827258,-0.021147663247725237,0.015003628787754965,-0.6581575471096257,-0.24510729779201978,-0.0013781533303966478,-0.00742654476037086,0.5556270428776482,-0.3095784335219071,0.06947790661345103,-0.31659992113127533,0.07628643826329366,0.008194426109359826,0.8530745014389605,-0.4430847662144083,0.007498992716698465,0.026249017760361572,-0.4234769347065087,0.03341556497140603,-0.09684260624953393,-0.06517250619814766,-0.038098680910154004,0.9056167598852966,0.15151060558062954,-0.07883784702676025,-0.2756341818242909,-0.5387298599121778,0.0061307133196500975,-1.3445020773184833,0.020894174767237345,0.20409354876755165,0.02695013296686706,0.085123665289148,0.37427685621685963
7.452,14.812445756388215,21.552903078832525,0.8141695021598716,0.7512965084482855,-0.021215172589967638,0.014461045490503798,-0.6594652007564271,-0.1983724051492867,0.0031269697257881586,-0.005225482606044422,0.5334081230883023,-0.3300029667927349,0.06555128851545056,-0.38496448094927,0.07286674360432675,0.013221870612757331,0.84662953070466,-0.43642107223545346,0.027279492981928756,0.0066351364799211495,-0.437093254619273,0.02057139554078097,0.11263231573238978,0.029167928547187652,-0.10063926788462939,0.9608549874197112,0.02099763587349472,0.1546334296875719,-0.592356151287123,-0.31944307404973316,-0.06990658195718377,-1.2990889590499213,-0.1960243180838721,-0.08323209441901416,-0.3363994210104113,0.1656116940000463,0.3217155202727762
7.502,14.81227746343036,21.530632055687345,0.8147469371787553,0.749375275695303,-0.016122751880840225,0.012571787028155219,-0.6618298143928659,-0.15012858442574858,0.0001845402871904096,0.006160590299946247,0.49823737223003006,-0.3436924955969028,0.06530908331704145,-0.4384057736212415,0.05632784283037612,-0.0038877947435585055,0.8149679833676147,-0.41963874170862586,0.036411845271268006,-0.013907870343761643,-0.4529801223297225,0.00022722461063244483,0.27628189924491753,0.13048660543613436,-0.13289738734836046,0.9442813354057851,-0.12492381216032662,0.27907244616199356,-0.7630757703213895,-0.24115287295002416,0.027662438839239134,-0.8271254819340249,-0.3964331237725023,-0.5075353294370494,-0.8481281313125248,0.4738366632334416,0.08641448410313417
7.5520000000000005,14.811040271632237,21.507413746564662,0.8139377703405615,0.7472354918894718,-0.007100511978604343,0.009641221227317939,-0.6644514649269616,-0.1033917012806575,-0.009891940144969405,0.02134473031987488,0.45951190153865146,-0.3550759316123858,0.06952824797401971,-0.4556528791510592,0.033667817714524644,-0.04166372257039083,0.7374982967981136,-0.35843634538299235,0.03771511879776057,-0.03545245427800174,-0.4743368200162659,-0.04122873006429004,0.41084311820758823,0.160420965515279,-0.11561683439912282,0.8804395881239148,-0.27627592446834326,0.29592837700118163,-0.655344332882423,-0.2862322752673777,0.09807452477322794,0.16787401280488573,-0.4283551336858618,-0.8840589306343699,-2.3459757656032667,1.89345671175098,0.016593961368043846
7.602,14.809035818398335,21.483394783008066,0.8094054570701693,0.7468688221686908,0.00554796553462435,0.0024176553385204104,-0.6649438604073592,-0.07614096475335304,-0.03219482058537923,0.04096317765017722,0.46557912644995,-0.37473268029442136,0.06735823908833488,-0.4162019667698185,0.018609343055904424,-0.0682254111012656,0.5720639108917546,-0.24835358375826072,0.04237858223209166,-0.03426362586137045,-0.4857191719911333,-0.14519992730011558,0.8181397140071643,0.04231450583041256,0.08375800721271244,0.13841341488754758,-0.7541276853351251,0.3854466682726404,1.120091272576944,-0.4377927940069843,-0.19568277298364667,1.2978295937649946,-0.2475014273738558,0.05429950420124338,-3.8695885106022057,2.096857755114702,0.14674441514958855
7.652,14.807128359745468,21.460417299175948,0.805113318017467,0.7476551243496979,0.01813887898964071,-0.008677319029815249,-0.6637827206526936,-0.1061213276425935,-0.06254386684134786,0.047470723519022054,0.5926420287074059,-0.37855328165925656,0.049155152925873365,-0.3907008651586953,0.016297427466696098,-0.028579739995074797,0.5455126454496679,-0.1595646640556195,-0.031579816087530466,-0.03436074998290424,-0.4217226590722028,0.01678493626902893,0.3811531328661018,0.050902110409500954,-0.02179736859921454,-1.1786899123649284,-0.5067185264022875,-0.41617240835894564,3.398705506656379,-0.6641954143217575,-0.2222214061491663,0.014289284109297938,-0.14973650053435927,0.2815081468666355,1.2411575716044072,-1.4316232026550968,-1.1181972744013267
7.702,14.806224426230854,21.439633343748998,0.807477366161794,0.7486151105388082,0.022916012788709403,-0.013340209406150452,-0.662474385500176,-0.1641874759500004,-0.07920123631781349,0.03540091457721173,0.7249493197333968,-0.4726043921262408,0.041688939307616885,-0.37015519270037667,0.008652623286943249,-0.022466211589002496,0.5766821985788437,-0.21991771500831445,-0.06560837509495002,-0.004183402338139068,-0.4202882211197412,0.061187462358675504,0.18478640730438659,-0.0921494600952039,0.0755612614852577,-0.9479760309405741,-0.10545036165424398,-0.030029264030137625,1.6536498331852039,-1.878396818642691,-0.15071786853397226,0.75106985408298,-0.11100568498463731,0.06821613402937637,0.1346213030343923,-0.9029131106329777,-0.4185115225110624
7.752,14.806833714595822,21.418450922815587,0.8104995432106491,0.7498346194048147,0.023327631786503898,-0.01780791886624498,-0.6609740866047035,-0.20643990595398373,-0.08003884629987587,0.03328020550490517,0.7747645100065018,-0.524329510282822,0.03338905429179658,-0.3250690565221597,0.003978677632423723,-0.021091303706888793,0.5716761453622521,-0.25624129067524215,-0.07839992063677867,0.027642831188738098,-0.42479989869069346,0.05528261303151889,0.0864564916625042,-0.12299090054188724,0.08115188165773216,-0.801755100783285,0.03586049058959174,-0.06486784806483704,0.5437705665233789,-0.35989410654843157,-0.20098986051247522,0.9647082590138353,-0.07934110624647868,-0.000826073972163967,-0.22672688337428476,-0.6118406590115438,-0.129811392412426
7.8020000000000005,14.809025889892686,21.397187537338112,0.8128131247517357,0.7510617765023916,0.022245028846273277,-0.02044786707802411,-0.6595401817180351,-0.2464892838677577,-0.07597835698211974,0.028848376284433753,0.790284379968883,-0.5255391367508717,0.019728610764404998,-0.27633700042866394,0.0012598634711342201,-0.02244137082991177,0.5571706373698552,-0.28414504916030014,-0.08099947987000974,0.05909925793786338,-0.4258907586458395,0.03818828039904541,-0.005275926183084006,-0.08743235456247307,0.07413070315839007,-0.8037160743470023,0.11538854274124023,-0.10394461463250573,0.16250437611364382,0.18631392563321894,-0.3067283785371957,0.9785775537327184,-0.030443791877389114,-0.04369770175554391,-0.34113119212599724,-0.5230133843028332,-0.0020788505174261437
7.852,14.812751315852154,21.37589504507066,0.8144941007349624,0.7525950246378648,0.020072775175823763,-0.020692848299733675,-0.657852277199308,-0.2884314530153963,-0.06844574584902101,0.023107187542539997,0.7953105841944103,-0.5011025701060879,-0.0026297602247912786,-0.22599979909015688,0.0010782380138057073,-0.026815044983690358,0.5343012837604302,-0.30661170929163417,-0.07945734570805991,0.08932768242123691,-0.4261055991435445,0.030148522100825626,-0.10456326878962599,-0.039556254134189235,0.10843528966037516,-0.848910556432014,0.18002123064045034,-0.09353394894108695,0.00885137817877775,0.691323597387858,-0.49532080996092087,1.0366522522965795,0.019862974604225463,-0.12173862047033024,-0.5700000565591141,-0.37994681842426953,0.06001164049477222
7.902,14.81808122695967,21.35459049297829,0.8157536313474981,0.7544657849216188,0.017043200433053008,-0.018595094228154842,-0.6558545045757095,-0.3278568847684908,-0.05886172635642203,0.021207711048080908,0.7830552689019314,-0.4598488490355671,-0.024026065163407568,-0.17328170347100064,0.003358488468112623,-0.03370067382924547,0.5007058881155878,-0.32252169206063813,-0.07571131057867123,0.12270494413214868,-0.42500261970577285,0.017932785947186287,-0.18355972811027488,0.01471934091934434,0.10849450946608538,-0.7160133410241438,0.18504662834494676,-0.0016285221213050796,-0.5043445707546803,0.8619088468463585,-0.3412215979656959,1.0488863314640213,0.07045871475170302,-0.1465961783874948,-0.733159306272094,-0.28038188602920466,0.08265569420976872
7.952,14.825016275392086,21.333311780209105,0.8161466699753902,0.7562638956881367,0.013131322374397946,-0.014149915491556959,-0.6539818562795794,-0.3503919161818727,-0.04795263667023046,0.02878789465074956,0.71825433084658,-0.39309116949466355,-0.036614234760692435,-0.12031796619502161,0.008986078221884103,-0.04172669999468747,0.4604893890008124,-0.33427437749405575,-0.07077744071310223,0.15416801164175464,-0.4254884841544458,-0.007359718187912042,-0.28015888629787833,0.04870670326402047,0.08763791683455391,-0.15319809282828875,0.23438898377981587,0.3285765294376839,-2.1245399603697317,1.7225011765610587,-0.12895235110456046,1.0344475250183902,0.1530166155370975,-0.1570556492434331,-0.7917472156691143,-0.23549443775254061,0.12632373854428644
8.002,14.833483287460462,21.31228993725743,0.8138466411704381,0.7571710387842053,0.007201715078592155,-0.007151737489981435,-0.6531378154549382,-0.3412274297025583,-0.040468828487487556,0.045246106463411484,0.5705746480835845,-0.287374638567489,-0.043064467368506935,-0.0789008081169467,0.020422186561923572,-0.050167059964770326,0.4404374367173094,-0.35311962188514445,-0.06179496237459351,0.17773138663986907,-0.41407773302301,-0.09585662394656541,-0.4992303533841931,0.05099426224157459,-0.002417191682207249,0.45032402070712496,0.06753119186141164,0.13379045518944674,-3.450281615161415,2.2773288331591277,-0.21821029195415592,0.5309819901775369,0.36755860092140236,-0.22050180547238019,0.20678884343904463,-0.5617666108607506,0.23163739327958494
8.052,14.841369393002623,21.292498260108193,0.8086027955285995,0.7555962714439463,-0.005192203996721503,0.00480029382790038,-0.6549994448675728,-0.32448917583919984,-0.03013094613747495,0.018016909597382284,0.4991194295562149,-0.16186503211639588,0.00951618176172663,-0.1028914676115924,0.0504911676634025,-0.058027771861957546,0.5502232906634059,-0.3687586936638278,-0.05009058425838562,0.14313830280414971,-0.3460594368151512,-0.03317240163517643,-0.4981994242195406,0.1704122662991921,-0.026934085759229842,-0.4470205999289317,0.2576656217755213,-0.3300064747927065,1.6765475934033156,-1.3291630966964414,1.2707855009013675,-1.7257195898695916,0.39606220111151547,0.20091836596741794,4.4556289058464165,-0.05883922953667331,0.5464123214878738
8.102,14.847642437327673,21.274741931188956,0.8089692455849355,0.755289576082801,-0.01000159860502396,0.0110478651126317,-0.6552217708245498,-0.32210272426078734,-0.022958669815572093,0.007822104643462786,0.5515302772746342,-0.23272382720078483,0.04696068270559898,-0.18858317672218747,0.06597145721020746,-0.0217809994061701,0.7576737011926401,-0.4095484147836337,-0.02736141223670138,0.10174246521199158,-0.3752223521793814,0.02867875959025405,-0.280557130822542,-0.05149006505223711,-0.05088926510133344,0.4623483633866164,0.20078617829234316,-0.14676576598699884,0.5409414872852889,-1.14004505595524,0.4724839206618258,-1.431672099543271,0.2701699527480627,0.7001332794834925,2.885901419404698,-1.211368354116168,0.3347647856625461
8.152000000000001,14.851543925356316,21.255175499347736,0.8108516692274809,0.7546173521902314,-0.01668505301863251,0.013911995948875369,-0.6558053957904639,-0.28914319566914304,-0.011389838231073991,-0.000985370517371963,0.5636955968087644,-0.2780754122615199,0.06414983944654021,-0.25198103949788775,0.07280085848640229,-0.003843470441223701,0.839228779943734,-0.443813825238472,-0.011743597018579192,0.05832621455026241,-0.4035599789814943,0.04239819480922995,-0.25074728045295697,-0.09927134976856745,-0.0345588111998915,0.7867231581670041,0.23734790525159755,-0.17718365860048238,0.023893818794357022,-0.7419519514098757,0.24429455327930852,-1.219272385950431,0.09401230610290255,0.25528040094526083,0.7423965308864753,-0.1435592218819399,0.3475810394267431
8.202,14.853623999063325,21.23448279784934,0.8128230000338055,0.7540030380586512,-0.021464790792758346,0.01521658771241144,-0.6563437642066362,-0.24627394336075645,-0.0013110048457828823,-0.00773171662325563,0.5565363548504018,-0.30919944187365017,0.06943755170337124,-0.3159601223200374,0.07622715570910817,0.008046408040921927,0.8532562615678075,-0.4431858896694477,0.007462627263701156,0.0283483557114004,-0.4229057974886912,0.033800876194115016,-0.0959281151181682,-0.06729186266761397,-0.03753216460198686,0.9080100445605541,0.15032423935530914,-0.07838565095423103,-0.2770080190061385,-0.5378228921164399,0.00718312755707585,-1.345018267289937,0.024549584340045123,0.20195843991415088,0.023640772255306742,0.08628284188035482,0.37291075043132693
8.252,14.854496262337578,21.213000335902958,0.8141814575496826,0.7528867866911045,-0.02155042487975274,0.014617100471985974,-0.6576347055829982,-0.1994455740947314,0.0030673091549363292,-0.00557353729243264,0.534319243398536,-0.32977383343225386,0.06609758623032187,-0.38432117202637206,0.07302181894095579,0.013065913353445589,0.8465877931611004,-0.4364315400248131,0.027172546798028555,0.008883712683012157,-0.4364550500716882,0.021173307293101868,0.11362079721467055,0.026812142221977413,-0.09952579405295785,0.962614787940674,0.016052680245713057,0.1517048472179464,-0.5910958516634387,-0.32896448493047503,-0.039239186603732865,-1.298691505866492,-0.1904650056041899,-0.0804444942576281,-0.3409624190240073,0.1672616448561205,0.3213416881545409
8.302,14.854438097863067,21.1907608576053,0.8147861573843554,0.7510089845822484,-0.016483461264320313,0.012692024408814848,-0.6599641756170515,-0.15107071744527892,5.248393248876419e-05,0.005672896874989437,0.49900523788208023,-0.343390267047499,0.06579392319703045,-0.4377847065746183,0.05680773635395644,-0.0038898802330565125,0.8148504869551625,-0.4197012633600635,0.03629869360245074,-0.01164612368613676,-0.45233309442118874,0.0007232749498507758,0.2763885406266689,0.1284897903228922,-0.12997320263419052,0.9466123837457472,-0.1256755263741471,0.27558628999317464,-0.7666678656670638,-0.23830129648404136,0.017275028967616297,-0.8284008292164695,-0.38941602588089547,-0.5030549949219921,-0.8474395544456642,0.47097008668849943,0.0860022339097796
8.352,14.853319773282804,21.167575619607923,0.8140089719702845,0.7489475498392171,-0.007479914441651185,0.009759895473142967,-0.6625151793809206,-0.10427431248453782,-0.010077634208568838,0.020616255181867642,0.46011051171815925,-0.35461453788370884,0.06965866258600502,-0.45510584082868255,0.03442793584327836,-0.04145075361095413,0.7375325792186269,-0.35890721845703616,0.037547188134691926,-0.03298211923767149,-0.4736972105337033,-0.0403426826860233,0.4103064247539388,0.1595724589258969,-0.11048929373190876,0.8813836754412461,-0.27759020685707414,0.2891811912674953,-0.660463171649674,-0.2818534280390494,0.09431695226483662,0.16615126044278322,-0.42447175135861215,-0.8806567296068624,-2.339681550765867,1.8809600072664419,0.013689319954335376
8.402000000000001,14.851435655597015,21.143590781119357,0.8095252498439667,0.74867646771556,0.005145532026019256,0.002622806769158832,-0.6629103944529554,-0.076764025014422,-0.032356731550498716,0.03980863465827905,0.46531592362243046,-0.37420370593706964,0.06761202006330691,-0.4157897414097117,0.019462388766532814,-0.06819894621690835,0.5726108239634942,-0.24936676812981862,0.042114376929685504,-0.03192682237210514,-0.48479828471962405,-0.1441282903087901,0.8134094517965573,0.04469692426635922,0.08981864645829653,0.14669427481641728,-0.7503397086276088,0.3843761143644992,1.0920134341771648,-0.4400246732273681,-0.18625731259783493,1.2940673769529383,-0.2486526816922078,0.04051639236433904,-3.859249439772683,2.0912890794549357,0.14654288599842993
8.452,14.849680052446816,21.12056576166533,0.8050131201147065,0.749920359590149,0.01796575260957035,-0.008762450322685827,-0.6612260623037294,-0.10611985055789161,-0.0636154208665771,0.04668796160128719,0.5915720871522112,-0.378848643544067,0.04978126429133397,-0.3891623730170966,0.0173236763107925,-0.02672988616208627,0.5441773610805858,-0.15429910762938892,-0.03268256313064547,-0.03212914380272373,-0.42277205263487583,0.013118326438343344,0.3916601681024209,0.046165375997178515,-0.0017776405594351063,-1.1536649936762153,-0.48655233801598124,-0.33750039629206785,3.3600577382470744,-0.6161070148568089,-0.23412490389227064,-0.018510143506898044,-0.1613079596882936,0.28819267948029986,1.3469193258606817,-1.5935972344674176,-1.0930120443765228
8.502,14.848843831429132,21.099776889851015,0.8073525957485346,0.7511169387188342,0.022777205335384146,-0.013341250019758362,-0.6596412315301913,-0.1638339788211043,-0.07922745195901681,0.036310066495471666,0.7237422479113912,-0.4715836725827918,0.041766385479196824,-0.3695250168608849,0.00957577219162473,-0.02102526750379347,0.5777523523312227,-0.22001049578778073,-0.0657921368627156,-0.002739277044274774,-0.4194041838319217,0.061825406816525576,0.18205995117958487,-0.08446065296690122,0.08953956181334737,-0.9564263111570167,-0.0969079718283754,-0.02683794338054646,1.6762913837045224,-1.876201837277891,-0.162680893462899,0.741481022055258,-0.11292883125268402,0.05630689327987498,0.14346426809154472,-0.9448313545536707,-0.4125477960630478
8.552,14.849521109833956,21.078769317456867,0.8103654693807548,0.7525488280766104,0.02348752918782082,-0.017473935786313562,-0.6578854451204319,-0.2079390760950568,-0.0799877709430755,0.033485288681557604,0.7758434928552084,-0.5229140878865273,0.03236380425110758,-0.3258080736894331,0.004669387737735281,-0.020222870668527303,0.5731730580945362,-0.2570090227151445,-0.07837480942166879,0.02867453291679033,-0.41900571413676113,0.054048215664351154,0.08753354673452654,-0.09896929542244828,0.09344741885144735,-0.855139240571269,0.03783607852734149,-0.08707939192399364,0.592322597239755,-0.3465522994407121,-0.2365806720923696,0.922213279123089,-0.08584639217220993,-0.013684740009892398,-0.21236351266368342,-0.6075459858764998,-0.12986904676321362
8.602,14.851734631638635,21.057944307185014,0.812556283430647,0.7539728587622585,0.02292112994716901,-0.019623574631933413,-0.6562122106228129,-0.2509468080070493,-0.07556530196853692,0.028056047704626743,0.7926937726307715,-0.5234499037909564,0.01631060245858723,-0.28007240922744997,0.00157972078471464,-0.022250307000067485,0.5601034984012381,-0.2845283630723405,-0.08094959348897494,0.05882414394980624,-0.41410292771071716,0.03478971963585954,-0.0030623201391703787,-0.05579133775767052,0.08572377398124623,-0.8642670365022559,0.1277873626287839,-0.1192206996638415,0.16658238341345077,0.20460588076307576,-0.3583710279003324,0.9038670367949263,-0.03783782742458332,-0.05888033118018844,-0.29912521152222327,-0.5161906895959902,-0.001136602536870577
8.652000000000001,14.855401727113971,21.037473986171083,0.8140309103261654,0.7557000850632202,0.021377146406776952,-0.019228912754631594,-0.6542863654098405,-0.2959552278376251,-0.06763250284789346,0.021289564443930094,0.7969948050213909,-0.49717704717463024,-0.009650540410723663,-0.2345715406458292,0.0010507881923682906,-0.02750765456562269,0.5402637315073193,-0.30662710608882615,-0.07972005206626818,0.08736285032665746,-0.4050472350842628,0.025691666778912763,-0.10304563376709396,-0.0005189512393173742,0.11874007720639682,-0.9060248041635408,0.18170179616750592,-0.11982727961356648,-0.021395822854760962,0.7456096263124927,-0.5785217178385098,0.9216496278649785,0.01332148875086346,-0.14152066567527943,-0.4929703907570853,-0.37243751219891746,0.04154216967125508
8.702,14.860598813293192,21.017479127939428,0.8151000978910331,0.7576976734978775,0.018998484891464537,-0.016474099236290847,-0.6521210755696258,-0.33731383533928777,-0.0580977761486704,0.01849727594244769,0.7821061574384085,-0.4539074321387619,-0.035152972239428724,-0.18827417742400737,0.003038080175385154,-0.03525914686646231,0.5112486124791363,-0.32238533331707275,-0.07737759041716866,0.11932761656682149,-0.3941101612967568,0.015155943924972824,-0.18177370947389787,0.0522662358922554,0.111272890836493,-0.7400607438861028,0.18739492818614575,-0.0040864329350000905,-0.5646530036687937,0.8849472062699152,-0.4154432397310038,0.9097035993735376,0.06675787833362817,-0.1605579239964436,-0.6338764077852147,-0.2775913731925774,0.05179803701085544
8.752,14.86733539363015,20.997970502469755,0.8154340812622095,0.7594287802809221,0.015697778548917123,-0.011357594885523596,-0.6503018625746638,-0.3607758898073604,-0.04684324048299173,0.026210051503304015,0.7150874708650982,-0.3863342013690753,-0.050762517133160524,-0.1428068509027616,0.008626802859289977,-0.043646133669034075,0.47635324482645514,-0.33396821616077,-0.07364824359803473,0.14969633408844477,-0.386360009030941,-0.006611792556401587,-0.2808253909263299,0.08507130289102993,0.07647626059537044,-0.17324941973448912,0.24433075957734607,0.32454756265442075,-2.1424372011304897,1.7453410976409027,-0.1710669157787952,0.8770777154204137,0.15486783259511522,-0.1614125897953693,-0.6807421881855815,-0.22731434415969834,0.10451447695544783
8.802,14.875563737224962,20.979031644206945,0.8133279781338849,0.7601048071361997,0.010216474801770802,-0.003733678269152537,-0.6497094469512107,-0.35305540405870456,-0.03878706100559045,0.04134956468849395,0.5681896604056592,-0.2744309928102872,-0.06040933901149728,-0.10893070183491753,0.02029447469667594,-0.051969276789578925,0.46112140388169237,-0.35133753375064647,-0.06494911627552244,0.17262363093497984,-0.37119194951116147,-0.08826246382894247,-0.5055634160149964,0.0759275970156304,-0.022759326238228808,0.41208652855907646,0.08620568871331796,0.09086025600074632,-3.3881830759928566,2.516744012586549,-0.30823028128456853,0.3894792149001517,0.3768732234982542,-0.2133529173637491,0.29087672662601377,-0.49463695537549796,0.24399632101630728
8.852,14.883177505475233,20.961452685827442,0.8086702197454823,0.758810224657365,-0.001450118540310004,0.008281621055126927,-0.6512575180866309,-0.3379176596087246,-0.027786592852045888,0.017884113874851258,0.4968585281887974,-0.1572184017527804,0.007700819915175148,-0.1344242906227678,0.04987176860402837,-0.05853221350094813,0.5636973510170892,-0.3624946267344521,-0.05167660128265487,0.13185541808550183,-0.29907874004035756,-0.021793714056820367,-0.4862312046694964,0.19574643488825808,0.00025899905962709817,-0.4585444291812546,0.2622224198458593,-0.30328523746261166,1.4972884735423713,-1.3316675642119016,1.398457444016003,-1.669247175490914,0.5215603719886118,0.5000731735085111,4.101282353962095,0.02373117088085193,0.6177426609638373
8.902000000000001,14.8887594204889,20.946235128827144,0.8093519543500809,0.7585262223500694,-0.0063283038295952575,0.014791182943010097,-0.6514438912793034,-0.338025797498923,-0.018788947246363683,0.008182668528211257,0.5443417690752448,-0.21985877898574677,0.043248869908716736,-0.21556236236690163,0.0705968875879205,-0.014757160037264927,0.7568234876266913,-0.40174227775432325,-0.029914454342073973,0.08743607081756491,-0.321448937065796,0.03612904410258684,-0.2886776176317515,-0.05595918630619908,-0.04182079209959629,0.41375926558115933,0.22607166145636226,-0.16018260440256582,0.4514053884533223,-0.967296643160906,0.4200864599229586,-1.2904366857833514,0.28706887042774043,0.6576619508637205,2.61488678704357,-1.2743535023976982,0.3781204774275021
8.952,14.891946605645737,20.929651496488447,0.8115603086442098,0.7580650006155338,-0.013033858087323973,0.0175889392313955,-0.6518114778076902,-0.3087887794082372,-0.00632270495615208,-0.0007227661085223413,0.5532947535602286,-0.25719288989036143,0.057930975219358485,-0.2714854157613961,0.07672605517584859,0.0018296608127713935,0.8281911921230669,-0.43781135571147706,-0.011694676022449458,0.04363588087162025,-0.33719085162654944,0.046933270900522274,-0.24606424418433373,-0.09192404044957062,-0.01787961569220928,0.6703805945159277,0.25108841309586977,-0.17495015268159347,-0.0008437483686019095,-0.5923467777651702,0.19386302782908899,-1.061767932676756,0.051170615500191634,0.22149883003364257,0.5878474934411956,-0.20615082069333304,0.37626273715770703
9.002,14.893254529145429,20.912736824122682,0.8136393791325329,0.7577496630142677,-0.017402466133676568,0.019109192020949826,-0.6520333129177812,-0.2743722005000591,0.004334371219162586,-0.007033017431282974,0.5475982565092697,-0.2817719961708768,0.06228329893220021,-0.32675710796588014,0.07761065125849691,0.012739297341936082,0.836627775823861,-0.4404084466514585,0.0075077958318228825,0.011569002115171282,-0.33792483443587373,0.03411322704457354,-0.09101341961833713,-0.03908793122742488,-0.021646239567207445,0.6872558878924221,0.16386984290559978,-0.06608883393879222,-0.19618061439048068,-0.41799417262408056,0.014326707668616582,-1.1490884802092256,-0.01701897484508531,0.2025860483208908,-0.06563686119290953,0.004614329623443384,0.35347337693813347
9.052,14.8932312657181,20.896027638774957,0.8149498819641943,0.7571486171454614,-0.01691330600750688,0.019015417793722865,-0.6527467545080122,-0.24103322833603644,0.008705238278847508,-0.0052917383644128565,0.5326174772077481,-0.29790582865733883,0.06237792705464364,-0.38257072423308447,0.07085906069659305,0.015337378848925911,0.8234185270685362,-0.4388435513625458,0.0237162773342577,-0.010758335936033432,-0.33174649761441777,0.019592111371556035,0.11628009651037075,0.05409574684204883,-0.04965686388655061,0.6563003632408881,0.012221239916287908,0.121907466548443,-0.3992550946729917,-0.24802383907635495,0.0021807960388305044,-1.0159925417023703,-0.26911952994329325,-0.14955023917111343,-0.475770152118528,0.09197757991137359,0.22462879511986533
9.102,14.892055223932482,20.879434865378983,0.8155877502741017,0.7562166931049934,-0.011435883461929022,0.01740841606184043,-0.6539896640536539,-0.20877129148930684,0.005540556005947352,0.004002587930622738,0.5084058048407417,-0.30776229986123443,0.06376010912993726,-0.4228174510581203,0.05299282965580302,-0.0017903060971764754,0.788714059728031,-0.4252553457432738,0.03071457245062173,-0.03654342383129929,-0.33273245310653127,0.004794349756015408,0.28651838482700703,0.13418131153248075,-0.06743650439083529,0.6240526665294136,-0.12860400884579762,0.23066233288620697,-0.5356427919317606,-0.1668014765981149,0.04787454381384229,-0.5958714312698257,-0.3752377718831616,-0.43553415960317715,-0.8385764794952628,0.40814799746831487,0.0874633895770571
9.152000000000001,14.889581418293186,20.862517793851634,0.8151921589802891,0.7552209812710435,-0.0021251860088013293,0.014162410057925272,-0.6553138020626315,-0.17780435464188016,-0.004702290058248189,0.01680969965799191,0.48103759448313765,-0.31581557318590836,0.06654216624073375,-0.431092550515735,0.03264450064381827,-0.03283187669958768,0.7136314238480311,-0.36816908457696573,0.03531399053406821,-0.060858762481885605,-0.3447944834292864,-0.028375869542194336,0.4428801879891633,0.1402732827699852,-0.04029362702454989,0.5909107840522445,-0.28420281420964666,0.2571750682605011,-0.46189771352101316,-0.20910728970896597,0.013220586968765977,0.316215787528646,-0.3958119481081186,-0.7220887077470151,-2.32083477880745,1.8681065032619775,0.1414592689545736
9.202,14.88629906342286,20.845006945228146,0.8109117768930968,0.7557983380663079,0.010407271755973743,0.0061420967842697885,-0.6546929322345688,-0.15675598045339692,-0.0280167095112335,0.02891709351244846,0.48221504011827815,-0.3375441617738845,0.0583856940247421,-0.3853896419335727,0.016886208156433144,-0.051697768942676116,0.5468219680492065,-0.25251530085708307,0.048925042165308054,-0.0616260761673245,-0.35206579741855126,-0.16099757123834824,0.7945684390381599,0.012591019130170035,0.16939528678926732,0.18433283244985432,-0.7446536751814656,0.23817840397093712,0.6793230322862942,-0.7616902693853905,-0.19797123893915508,1.3733544267786388,-0.33140944224486857,0.16582809776201282,-3.888752575171356,2.269116627841165,0.3388213574614629
9.252,14.883051496635744,20.82908225751254,0.8074213725561445,0.7567922755224246,0.020851473810669114,-0.0028981741386567427,-0.6533163616014649,-0.176017999361171,-0.05093721185174053,0.03513787218924756,0.568099430177543,-0.3527410127747579,0.0453421698555369,-0.37201869040654023,0.010737824707670365,-0.028567684570719842,0.5413930343712996,-0.1860237020635674,-0.029897358351169055,-0.05493751594792157,-0.28474378046744137,0.024813013837374685,0.3140660909011835,0.03510580274940142,0.04945901007470069,-1.0153638810085397,-0.36982181994775787,-0.29009417310545355,2.870170336515719,-0.7000444918062704,-0.0367494500129075,-0.002343043258298705,-0.1397751494982037,0.13801677332190831,0.891737394502653,-1.1572957947646156,-0.9962683569918699
9.302,14.88138670255041,20.81542448420011,0.8096903891715008,0.7585425436401744,0.025394173956582843,-0.006817547054569015,-0.651092824771641,-0.23177655071262995,-0.06519068682687724,0.025288405302364685,0.6973745234638473,-0.4353571436982868,0.03910153958583738,-0.35750775423577347,0.0027538817237814177,-0.02665285085845129,0.5593576663771183,-0.22649823250431445,-0.06124571241860915,-0.015442841284075848,-0.2714879677938977,0.05206620791095079,0.1848075351212174,-0.05693219950090783,0.12481721870171178,-0.9487845725266415,-0.14876016365853292,-0.09962144445056292,1.8156403289089789,-1.6808811575968634,-0.217400606302527,0.5194513715237659,-0.1510874992776584,-0.0011246396060445567,0.021987596009435815,-0.5564859462790606,-0.3846636537124941
9.352,14.88104202252155,20.801885377592548,0.8123438540516237,0.7638619081246655,0.025640243662068428,-0.010052940783722543,-0.6447918281140765,-0.2740725423000102,-0.06531491206731341,0.016430154889421008,0.7566872720605621,-0.48607620689819236,0.02753321355469972,-0.3222198620156646,-0.007453055752887227,-0.04077580376220831,0.5481794869037192,-0.24795862192483425,-0.07138793526296697,0.0014558820228964897,-0.2729369959491684,0.05391445583390942,0.020953097102485163,-0.11154640689355962,0.5546889663345864,-0.6576471143690392,0.28062087665355534,0.21525397129132828,0.41924098430368656,-0.4550682410623972,-0.054751331576084104,0.8590164844383844,-0.2678735042907624,-0.520238905766319,-0.37956371519469256,-0.3681633615383117,-0.06056279327103738
9.402000000000001,14.882062130898133,20.788167288041045,0.8147293523807612,0.7738043406662849,0.023358156329071587,-0.012553099252804475,-0.6328693851009625,-0.2978052426380319,-0.05004661250920388,0.031108793785658836,0.760108378506761,-0.49020045360939746,0.019263246443648414,-0.27667222599978003,-0.021108381436879386,-0.07032031183545623,0.5269381758785309,-0.26590182432186465,-0.0717938432152636,0.03948841786038436,-0.2710014885774965,0.03981927137282261,-0.03087897423274356,-0.08543441232525487,0.6317003474611262,-0.3864965466282259,0.2922706670641913,0.3584657110917494,-0.07132801528036142,0.13354052511636552,-0.20584411546333378,0.8703396327540762,-0.2537219276715303,-0.5868930244296986,-0.41760670040732983,-0.34921266931119865,0.021061563172750517
9.452,14.884869027861475,20.77457077843638,0.816654612340792,0.7849381196700685,0.020196637755159494,-0.01269195402181513,-0.6191148184426795,-0.31477002615439403,-0.03971280998642561,0.03794259770419495,0.7572398561918562,-0.46840166941126143,-0.001290338189282974,-0.22944284889093886,-0.03174098289761657,-0.10536837248916052,0.4984107894929503,-0.27966552973245407,-0.06961421653878476,0.07319579924740703,-0.26994298531040917,0.03535331042632495,-0.14186016220092051,-0.029581335676473954,0.7379642251488551,-0.3059488333193273,0.1583922093701498,0.060427428448540654,-0.11646591809376318,0.6219132524450132,-0.5127917033886238,0.9564273878896398,-0.1702215387007425,-0.7485451780575643,-0.6645317516559872,-0.21310927307834063,0.07128897394947444
9.502,14.889475728729261,20.761214618218524,0.8181305067099304,0.7964015629060519,0.01644029736159136,-0.010108598723739478,-0.6044601586997292,-0.3270036760841618,-0.031803649670042046,0.043441517825078296,0.740788548368284,-0.4323891897482048,-0.02391872398022507,-0.18202701217727021,-0.03749887214478327,-0.14356281545855437,0.4620667172741965,-0.2879142780818232,-0.06446295669843537,0.10972783984569211,-0.2635731838372987,0.021853383152699617,-0.22230616484631796,0.03828642247206372,0.7455791841941364,-0.19947778258283422,0.1489621393835003,0.14257418310079817,-0.5269630678234812,0.7446681251015707,-0.3726808309331934,0.9279807650268487,-0.06290609273867856,-0.772977765595982,-0.7595737546264184,-0.13697950821324242,0.13118793398901865
9.552,14.895926942606451,20.748160390797686,0.818711135862724,0.8074682038386191,0.011719122682326754,-0.005201436018043986,-0.5897717414530299,-0.3289219255374167,-0.02263407886092271,0.05909361016733941,0.6837609482970284,-0.3772597056488542,-0.03645258021244935,-0.1359798721129548,-0.03727134595027603,-0.18231696829561114,0.4226819208082545,-0.29345246157456456,-0.056016755055531046,0.14759396770080185,-0.25787316913900654,-0.0021524864959966057,-0.3169855787034098,0.06939553204329146,0.7175935185907556,0.1105973637168285,0.1785181848487189,0.42683071215801127,-1.7159706242879529,1.3595580450646798,-0.12611977210091063,0.8901885050835745,0.06727858635592722,-0.7657756922542764,-0.7554347601673194,-0.11909618801529798,0.2030152162996443
9.602,14.904271923040287,20.735621097887993,0.8170750742670508,0.8172076916515939,0.004720636973167811,0.001973135248999959,-0.5763205800848425,-0.31824486945110136,-0.018395741289730788,0.07558002320012319,0.5746497387158566,-0.29746068632481915,-0.04862993648818836,-0.09801751669927997,-0.029118632144294276,-0.21775382850260164,0.39687090756913057,-0.3051636466900719,-0.044276862000755424,0.18116192374452614,-0.24311080427935525,-0.07253275157225192,-0.5120699919370154,0.07457963149560527,0.5829341139505705,0.2517944679949014,-0.007125173512328195,0.08909050682452431,-2.4266256790081258,1.6973848963406764,-0.43042298703785775,0.5857846314741213,0.29879368056752836,-0.6310302168422746,-0.18036297973916743,-0.40277001579415067,0.25537442661797943
9.652000000000001,14.913094394366397,20.72376139732297,0.8118037232508624,0.8235586600613162,-0.008395279597071025,0.012076982490213715,-0.5670403858742572,-0.3077672936260474,-0.020724653105552982,0.03915967417528464,0.5021600631297813,-0.197535855675479,0.0073640056786597,-0.08946468393843036,-0.0006179660389962047,-0.21847855507098515,0.42946292771497574,-0.33200017633157736,-0.039770711314577316,0.15406632761392483,-0.2103827422588538,-0.05793002321945225,-0.6061703458552063,0.10166373201413645,0.5349625893468812,-0.36650920265898124,0.0406042618207887,-0.895705821656174,1.0821002935288497,-0.8664565831044202,2.71440774577992,-0.5691708056504005,0.773337612858495,1.4831045581656084,1.6720528629987343,-0.34363424631631245,-0.4426881387157628
9.702,14.919784087569143,20.714351059517927,0.8114448418850234,0.8319244131193867,-0.013288854422892238,0.02012593951381921,-0.5543646126537816,-0.3211455334878876,-0.02701536698865327,3.524437628483123e-05,0.5405831432938739,-0.2380117155695571,0.05775087448758039,-0.17055277721832213,0.03951329423285768,-0.07741348032968473,0.6295432506733208,-0.3868574869044421,-0.04070576123527229,0.12032493373133576,-0.2007904950752451,0.015764910312991046,-0.21218906259792503,0.04587648546492376,0.6189466400517047,0.0810211249828984,-0.20778534626452017,-0.7016615222640097,0.3247259119853596,-0.5647563085914958,0.5074675030687641,-1.7606425359854754,0.6322428591532899,2.395980641019137,4.3240611135493126,-1.6535335469388295,0.1508482945263949
9.752,14.924915616701444,20.703233639574332,0.8125925138744509,0.8395554044056496,-0.017524782226912995,0.023301148881566588,-0.5424911625104735,-0.30939471068410623,-0.03268105990460478,-0.03256053625756194,0.5495715337217768,-0.2611861589562928,0.07598546250625758,-0.2484603491007266,0.05880428374971458,-0.009654662102712954,0.7792592349145647,-0.45580563008354114,-0.023184147911293366,0.08997835728727392,-0.24540129925291093,0.032645829339468635,-0.21391183969132016,-0.050327492452104286,0.5683816754671149,0.39237383993280034,-0.07804572593597638,-0.6776085844120839,0.023118172757190025,-0.3718126622318127,0.26478757365185224,-1.2958520719774131,0.14240046835451714,0.5494767834117067,1.6278140239360812,-0.6730801024396048,0.35859416158436425
9.802,14.928872943101492,20.69001874130615,0.8143722980635989,0.8472445622767041,-0.021602566955089487,0.024375720339291067,-0.5302035505835927,-0.28517121168464066,-0.03712684437178944,-0.06643928579491831,0.5452158255562974,-0.27723501261317307,0.08546110904697515,-0.3091693955184813,0.06145241954243938,0.0054124226710892814,0.8195731728114508,-0.4657894074136563,-0.006784165200953844,0.07048919999949729,-0.2797465967937722,0.033791317220346256,-0.10463044374905911,-0.0779168793514826,0.5787421256405226,0.5465095053221273,-0.11177924400725142,-0.6539911780848006,-0.16374924145804745,-0.2865764126619205,0.11165503059308719,-1.191370644661363,0.012543239422444612,0.20745306394567928,0.29823459038454975,0.029722630611833573,0.2930289484806732
9.852,14.932050419734669,20.67545604951403,0.8155970398788944,0.85470226964137,-0.02232757421227725,0.023478304100902743,-0.5181064359146993,-0.25725566942876477,-0.04498216985878302,-0.09557789489338497,0.5348375946946088,-0.28936938242459753,0.0874589685791566,-0.36897003229700187,0.0600522603261517,0.013935242065452505,0.8218959211503447,-0.4544813353432294,0.010305387959968982,0.05855664842161421,-0.30098214102072157,0.01431743960667642,0.07908351923346651,-0.04568652859623756,0.550904249910841,0.5559903632855935,-0.20053004541937644,-0.5016753020655869,-0.23450330072860714,-0.20996783261432608,-0.006774314416135675,-1.1440238640722593,-0.09881869390434292,0.06865169041625672,-0.19372776662059044,0.3194231850379104,0.32651224656288347
9.902000000000001,14.934792188612418,20.659963714937373,0.8156437085992689,0.8614938775391737,-0.01841547485911785,0.021162680766212527,-0.5069924163052335,-0.23076794371572829,-0.057535173529405854,-0.11567400773583768,0.5228745558484473,-0.2992681076805514,0.08532785111503657,-0.416432227087525,0.051482606926430766,0.010829273646850393,0.7965600412074603,-0.43543505931686893,0.022113130999621717,0.051386461985226374,-0.316704052224741,-0.01285622638292398,0.2684617798501696,0.01945739725774873,0.4900160881435958,0.4872634643356628,-0.30719424051675165,-0.31122540197704035,-0.21721887562141734,-0.21765580568576462,-0.01828300853690799,-0.7320331136522669,-0.21930753203444764,-0.17067387743157533,-0.7458445202646047,0.40775395192946057,0.15184634400615815
9.952,14.937145577070217,20.6438213937893,0.814221102698843,0.8676774384345899,-0.009755262382601644,0.018139007665396507,-0.49670078929708633,-0.21026517130565514,-0.07671139674731725,-0.128381704884086,0.5155720779392592,-0.3109391644412619,0.0880084363409859,-0.4303916683397847,0.03746417923805202,-0.009005428130039596,0.7247773906396285,-0.3940224135689414,0.02521335013037278,0.04285886482470852,-0.328149632540472,-0.04806034216047033,0.43478360470449356,0.08552191349846748,0.4886145330144928,0.32368842076354803,-0.4616063698179404,-0.22241091877274663,-0.027591746402840324,-0.27590837449939026,0.05639209026504501,0.21235603368172704,-0.28441733664942187,-0.5247976685276301,-2.2111496327074844,1.2266906683972305,0.033711785331127245
10.002,14.939248306927954,20.627408230180233,0.8095059479438603,0.8742483741093666,0.0038615844158470065,0.012983921702069948,-0.48528989924596777,-0.2047727204966539,-0.10690836271797441,-0.13022212504438446,0.5357184389528223,-0.3320886092993174,0.08512073961859738,-0.39013137704552614,0.024626484494922787,-0.026287661323036667,0.5697281974354734,-0.3222198360417617,0.035889752027000274,0.046097884758584014,-0.32498771707354845,-0.1573373846585706,0.7419200932807375,0.04157330963820112,0.6213915774754749,-0.1218928285963962,-0.7624818797378192,0.36235373575139473,0.9423751272855514,-0.6472228577143869,-0.13749047184571717,1.286098882086534,-0.3156086303322072,-0.04428575954800005,-3.543775466114001,1.3489783472213366,0.37130929732282053
10.052,14.941411576594087,20.611759193876132,0.8051424447991304,0.8805378978198601,0.014990059097532022,0.005847758024758804,-0.47370255684059526,-0.22256043076697907,-0.11377024967963434,-0.05726644351215637,0.6104928016777651,-0.3594361194570033,0.0740038005201465,-0.37268834089364045,0.01335557312275323,-0.014769096931753909,0.5574211428577027,-0.2007596507665733,-0.01113348368786237,0.04999707328237242,-0.3042296246077001,0.0029226393394022653,0.26851656561751447,-0.07713062440912945,0.4649126596908666,-0.44018403241885423,0.5959000587093739,2.50363111813985,1.7597627332984052,-1.381494883098524,0.0457952416351812,0.13729481455654008,-0.2773900728405027,-0.2506988212598866,1.037448619844923,-1.1777639367654023,-0.9689080572102436
10.102,14.945093440717965,20.596912309391158,0.8070424970446557,0.8870316881954503,0.017017831854162342,0.0010935333608365907,-0.4613935215419713,-0.2493262680817162,-0.08766159470861482,0.0283161833786983,0.7104955104642007,-0.45593099356818706,0.07542444357266817,-0.34533572600682605,1.587684495699918e-05,-0.034559035164033206,0.5769782724701588,-0.2524761678187798,-0.04581339697315129,0.0990461666026497,-0.2950669302415687,0.057905022190645715,0.07964405357692973,-0.17804790469610224,0.6050661498195054,-0.49034458980083917,0.3314708886317716,0.7336825391453174,1.905622008071715,-1.6571534478713579,-0.10069780671750309,0.8873879580042751,-0.24677097604982398,-0.46894676258101137,-0.13146966923965261,-0.7147142636452976,-0.44504706684860756
10.152000000000001,14.951236641063463,20.582515175371732,0.8101405317315661,0.8942080391121393,0.016371517526946842,-0.0031008759668710822,-0.44734141410037687,-0.2727258306172326,-0.07531070035014417,0.040421146513503384,0.7797085968919534,-0.5082900609898726,0.059648076184770006,-0.29627446016523235,-0.012680045805150262,-0.06060764310216278,0.5587099122830544,-0.27907609845634934,-0.06101236215532589,0.14366863686811293,-0.2825762482061783,0.0605109241347997,0.021191937601324394,-0.12540592833546793,0.6595960020450479,-0.43624345853778945,0.23564674410314246,-0.0325024742558664,0.8904500089199716,-0.4881771872283613,-0.43586153374834635,1.0313221645537696,-0.25677530100800855,-0.5721573035165504,-0.5064752265976162,-0.4018753226723166,-0.15717564538584547
10.202,14.959513711376664,20.568715314248504,0.812777811016655,0.9016123108402895,0.01529656316773987,-0.005414173060068611,-0.4322406075631521,-0.29441905602885976,-0.06141052641757279,0.036187773270845054,0.8062783413086684,-0.5157166274114529,0.03500049057520831,-0.2448367594078651,-0.025279550911895047,-0.09066670157890334,0.5309010307525336,-0.29659208115667385,-0.062031206426145256,0.18575715326876263,-0.26924936917974446,0.04468675671184015,-0.017128191174026506,-0.05751196304304871,0.6802214255271614,-0.4498835976615264,0.31815673118696153,-0.07063342033350789,0.2910927144485914,0.023698475577589345,-0.4841920111952658,1.010670226836738,-0.24066549554418995,-0.6124197604370792,-0.5753099011782324,-0.33119423281307475,0.07164850557202679
10.252,14.969875262019427,20.555513042758776,0.8148179626099359,0.9093129937136726,0.013503388434081652,-0.005802580937589019,-0.4158531808448006,-0.31919322048714344,-0.0436296476736477,0.035003229298424934,0.8146561518152853,-0.49972180246725945,0.005771005780835603,-0.19175405184771846,-0.035797688517402594,-0.12476937119749357,0.4962901577815662,-0.3101739904743532,-0.05550323808005917,0.22786444300993713,-0.25791135259964965,0.03729046189013878,-0.09295847364170508,-0.0076259253695319835,0.754698302670579,-0.5307916953713813,0.3624204513761705,0.029587537632376485,0.02744141268595724,0.5552523544562076,-0.5838540807377949,1.0981281408726506,-0.17455347678910624,-0.7270170562913428,-0.791355454124388,-0.22993089784458315,0.1292397577265298
10.302,14.98244013397852,20.543090485296737,0.8163176682816746,0.9170332803508882,0.010835886823874716,-0.004359067322077795,-0.3986396177222119,-0.34537393642378095,-0.026670138058323124,0.041688668492186165,0.8035145070155348,-0.4632970353262794,-0.018973742685169204,-0.13622943525191114,-0.042559545542080225,-0.1616689492815915,0.4532752680829005,-0.31929171399215867,-0.04715515278974665,0.27212247910317205,-0.23786524987724994,0.01976124096697091,-0.14700849895940007,0.04987283128296367,0.7405297620070566,-0.5095716727204427,0.30052813727616506,0.21942811042397944,-0.47607720449723356,0.7963517611651395,-0.40069453599614674,1.0886070588042995,-0.0954669056179093,-0.7312145319336386,-0.8777653185140726,-0.1614415868268824,0.19441524818037761
10.352,14.997111775186404,20.531644314645302,0.8165861491503282,0.9241465991420321,0.006761074350884383,-0.0011312054627135052,-0.38197653271116,-0.36248445465827395,-0.011683343728824394,0.061335560063934466,0.7453497655643166,-0.400529377102464,-0.03537511175750551,-0.08140534735939706,-0.04351348787433236,-0.1986296919714831,0.4078472742491796,-0.3260678063641568,-0.036463193202086915,0.3127663263946263,-0.21893358891593165,-0.013720384011857238,-0.25547082534821586,0.07046189297842675,0.6923241445635077,-0.17351745747333627,0.25717855569569953,0.5113375315632582,-1.8060498097256878,1.5950262346642863,-0.21233305375927988,1.064047445782169,0.05762669325946966,-0.7173483009919067,-0.855179925014045,-0.15497694334867612,0.22327231867441735
10.402000000000001,15.013605571912239,20.521436030640736,0.8140103667457842,0.929906273079573,-0.0007588301514861674,0.0038269319203764994,-0.3677758856370778,-0.3645187493701908,-0.007179131438760135,0.07965517112394642,0.6296740570037594,-0.3067395305244619,-0.0506113687693066,-0.036446769341293636,-0.03450156105303088,-0.2285993496452335,0.3808706579335917,-0.34084242733575726,-0.025186758335255785,0.3416835436373728,-0.19169703020902115,-0.09746825257289722,-0.4961029844088391,0.06381291081973516,0.5032082880426592,0.04937649664377997,-0.06940634219682483,0.07063836030458581,-2.6175841217718236,2.002928092263513,-0.4779922833280914,0.6849051009903065,0.35528632251278897,-0.40503216800462566,-0.10684728852166134,-0.4815993845918041,0.2442646678641764
10.452,15.030191442090388,20.511956420798068,0.807756489270716,0.9330037766197283,-0.017376375273129442,0.010844657139954068,-0.359283186090316,-0.3567364205738207,-0.012878135339780604,0.03661299355696043,0.5428041929135704,-0.18371590572168672,0.004158088256803118,-0.03883284845919725,0.0018523768049669767,-0.19803791020912653,0.44655279750339233,-0.36636138365205584,-0.02771407120697797,0.29053469024081763,-0.16768887278250327,-0.05805071657404963,-0.6840318506330544,0.12348084929122041,0.4240044843523471,-0.35302895956029723,0.09892914679423667,-0.8996767378954066,1.2025980230210152,-1.0215905691770726,2.82312917599054,-1.257059902734755,0.8244039993202743,1.8456793613967342,3.1073721303819233,-0.00465915727756408,-0.5614499921516004
10.502,15.043429506374808,20.504321911999497,0.8079612079976674,0.9373446040507353,-0.024716923295224458,0.01770251695836059,-0.34707461424472763,-0.3642533274762062,-0.018258734186156752,0.00016671556375728825,0.5832237023425485,-0.23435743469741974,0.05994158012895336,-0.14471103416915707,0.03875681845036867,-0.065558276594015,0.684652567671643,-0.4014974299620804,-0.029029706469506273,0.26141337409678506,-0.1679695716649758,0.020315938576578648,-0.22733335893588702,0.010569934073966333,0.5424694820408874,0.20182116393639893,-0.19624756972169663,-0.6275723450893723,0.4419329184772601,-0.8006913962846337,0.576026798319366,-2.007185340976516,0.5300192322086353,2.0636874578891753,4.187618190224445,-1.5093572309144818,0.17409564564575997
10.552,15.056244064753301,20.494646380631377,0.809274164341792,0.941293309252753,-0.030406643948058323,0.018716241704635525,-0.3356963572281806,-0.3446241601986097,-0.02277998511040115,-0.028232690956476417,0.5965750700875081,-0.2680786697542641,0.07996415982441221,-0.2310252202926243,0.052129364301176206,-0.012281696563979734,0.8178449928896812,-0.46103614965147416,-0.0167911671601824,0.2545869790978315,-0.21829125341750347,0.03767797045480605,-0.22473531080157305,-0.1125481180562827,0.4738133611693698,0.5810597910453877,-0.04727005640337195,-0.581319704103723,0.06141931178105625,-0.5448476865087165,0.25080142025713176,-1.4566860032869113,0.0672220371480099,0.3664162199564961,1.3154504575680173,-0.4985673383530746,0.2641536041985399
10.602,15.068864560253463,20.482679871808095,0.8114162010170304,0.9450305093514364,-0.03531053646199453,0.017374553903353553,-0.32460534081618253,-0.30980832520282203,-0.025251905693864218,-0.05619687684508507,0.592040222424876,-0.29134812315231423,0.08713840276666757,-0.30018073880138385,0.05519721568347855,-0.0007630295660525236,0.8468426307378394,-0.4658769155214995,-0.0015361973379690052,0.25158807474467765,-0.2565125998966925,0.042971598335275356,-0.0996496574164913,-0.14343332284671695,0.4482980061960872,0.7801868665789559,-0.07123389400280365,-0.5154369733490896,-0.2066433615553461,-0.41074360240490004,0.06799698570535724,-1.3573038917518798,0.07331862114102582,0.19743292214608624,0.1312480592297274,0.09748436920187026,0.30306077426464584
10.652000000000001,15.081481665388273,20.46919132409074,0.8132858055709451,0.9484311862005137,-0.035972090881804406,0.014696199550504834,-0.3145923003486392,-0.26827210874710034,-0.03133093040296183,-0.0772897050724148,0.5756858975727879,-0.30851221560244235,0.08857323344843027,-0.36771846426813054,0.05734917180247223,0.008039053777591986,0.8427513061012026,-0.45135575526747707,0.01575560405091271,0.2537840483522602,-0.28150371932413487,0.03115409149010925,0.1041714637719464,-0.10322503663475997,0.3879973271196558,0.8629571316021141,-0.16610253839135175,-0.3313885016485628,-0.42692615022141644,-0.29155148837651046,0.00844074138612283,-1.2870911784872676,-0.006124872977886267,0.10087939969795105,-0.2995734245529083,0.37996314071218995,0.3301929685626757
10.702,15.094262501824321,20.454558073188725,0.8143594078398873,0.9513288964089441,-0.03154861574011949,0.012034104111796387,-0.3063220462853569,-0.22524705847296433,-0.04192729071596489,-0.0890392790855663,0.5504919779230543,-0.3209904841259849,0.0885707832198219,-0.42247672265801567,0.0539039135540175,0.0060258654852814834,0.8145090902493489,-0.42997858030485725,0.028083359693897865,0.2564384225693668,-0.30171035263282403,0.009929179959308556,0.285948735021821,-0.008510607625718696,0.310253637215543,0.830413433078202,-0.25519394399014284,-0.1493891436439864,-0.5444362685141338,-0.2269237109138235,-0.005196873025300684,-0.8835990600279668,-0.1207301684320097,-0.18009725757358785,-0.7648783189424678,0.44120471684346985,0.16479397603775023
10.752,15.107109778126688,20.43905709219443,0.8141194094804505,0.9537640766865738,-0.022480882232723595,0.010518362895283748,-0.29952973140950095,-0.1868248509545011,-0.05736440323471513,-0.09328984909779148,0.5239202448795928,-0.3314957390899497,0.08953195918594795,-0.4440487712937328,0.04366544841211567,-0.016968179021688595,0.7446279858288872,-0.3863319592659434,0.030800117372790443,0.25639518129222494,-0.3172081365943246,-0.02411061374041726,0.42995417641903405,0.08476296009383576,0.2849329070958645,0.6766752263490262,-0.3686715598189651,-0.04766829107944598,-0.43262801937505635,-0.23831641223823463,0.0559621713548757,0.05483334001597141,-0.23620608658448633,-0.657843179127798,-2.102902575326153,1.2841227733486285,0.0036396527971687314
10.802,15.119828255910921,20.423061767159215,0.8107846338021107,0.9563608347260503,-0.008837295310385435,0.009048066751542407,-0.2919143513117283,-0.16484022086515218,-0.08134394891024538,-0.0881121442633345,0.5241537649204733,-0.3497298098487354,0.09044534501181149,-0.4116491126935498,0.03493421369663472,-0.043637766487698286,0.5966496367719832,-0.3083899317857663,0.03322300079432544,0.25393552338602793,-0.316947313183565,-0.11996864281652642,0.6907740585805429,0.0861657136405087,0.4040679059271489,0.15076616492078854,-0.6205386954017382,0.44371244995880527,0.5884538201497145,-0.5094843771665282,-0.01623333838773752,1.1396405254996815,-0.15035248985781163,-0.22545941794063903,-3.504745399218252,1.5608112297265893,0.11822784558421447
10.852,15.13233403080272,20.40791595160369,0.8049033573479116,0.959311352501008,0.007961548340517106,0.0036354565870659883,-0.2822146809896868,-0.18214026798093183,-0.10918713525903466,-0.04558885993450979,0.6107792675936379,-0.3628922846785811,0.07834501990471171,-0.3744655124209125,0.02882155066191882,-0.014729200231575694,0.5191164924120518,-0.1513525883986784,-0.006390208576727297,0.23827687568683512,-0.2883608776315602,-0.03605228756318351,0.4485609389070055,-0.06715460604792946,0.23968477774413455,-0.5890254753441703,0.10706606949137042,1.7748975858636915,2.1855404101205687,0.08256670950961655,-0.669355402849431,-0.058492392891182354,-0.23216628438025977,0.20606532579773476,1.3688454039944076,-0.3034138957224896,-1.1732511935894003
10.902000000000001,15.14453374871695,20.394211860084617,0.8061855278027608,0.9614624868010029,0.012899733430062375,-0.00037586524971852686,-0.27463310448155576,-0.2150929793033161,-0.09267679077745952,0.02724018918539204,0.7174571892722592,-0.4460133004905025,0.06439091249373151,-0.35756996426444204,0.019123474458729424,-0.020633229105440284,0.5616511685818923,-0.21159719021630574,-0.047007967694521265,0.2616530631166268,-0.26213721471595475,0.05497809537878267,0.1385017151940138,-0.16119473015986296,0.35961918793281233,-0.5477543723163162,0.33199402999369,0.9297015558649432,1.7184707989770678,-2.1234613583720914,-0.14990029890944473,0.749404160704852,-0.1691049684327071,-0.2065150409223615,0.2265248772271654,-1.0114241286133088,-0.5450927290196018
10.952,15.158476598999396,20.381920972336307,0.8093598100987003,0.964093888618011,0.014159107833758457,-0.004827146375018499,-0.26513994842842314,-0.24218547592216924,-0.08280148789854631,0.0426322614051121,0.7825275697083672,-0.5115404400487454,0.05278386992888257,-0.3113977191804311,0.01024564853511664,-0.033716710183007335,0.5548459932894967,-0.24932206374544624,-0.06682623434252093,0.29471103050899455,-0.23137424274649793,0.06443008368684676,0.0674486591428025,-0.13568909759002012,0.4047304912885906,-0.5178365795560156,0.15825010174667434,-0.021441168851795516,0.8718117651093571,-0.6243252713335371,-0.27817567544682803,1.007333051964847,-0.1814576071321668,-0.2885665555974684,-0.3420955052407842,-0.5687060358353085,-0.23328125411804268
11.002,15.173989738373786,20.371105270735203,0.8121847850144003,0.96666129592978,0.014437848272352975,-0.007697226934329629,-0.2555352034185174,-0.26824858015846786,-0.07261710228479668,0.03682112389682541,0.8093351011336966,-0.5223987701463484,0.03603241581243816,-0.26117892098146595,0.0013924061345387637,-0.04882316784227793,0.5342403413015818,-0.2733614511965454,-0.07107404632553248,0.3246289008938051,-0.20265800468662967,0.04800846141075893,0.017386635278447932,-0.0703222541903769,0.38972335324141166,-0.531448578412171,0.2540870584391058,-0.14911560162214288,0.29367930147526494,-0.0022610678857580132,-0.3513467987253828,0.9887376494871852,-0.1647403237311139,-0.3055449026570297,-0.44621220222989844,-0.4446464311687297,0.012287069945108675
11.052,15.190991167156565,20.36164165711266,0.8143029589737784,0.9692021459714923,0.013506946987422976,-0.008731123103964494,-0.24574077829427382,-0.29698243893618975,-0.05747342626794974,0.029947423769679227,0.8172714405976375,-0.5081863488270951,0.011970220527308157,-0.2104343620339686,-0.005787264003580664,-0.06603393618727411,0.5069306629068854,-0.2920755062712127,-0.06543876687206096,0.35446195517958184,-0.1762585172296684,0.03746898380003673,-0.06075587055540754,-0.01721137819373179,0.41400761846437056,-0.6084101685014371,0.33351687346775133,-0.0963796642768568,0.020721361299294833,0.49342252099552136,-0.5147716689089127,1.0362908443190264,-0.11719972935760081,-0.369741970343733,-0.6357271838126808,-0.31816589842590104,0.16111671226397462
11.102,15.209495631320644,20.353644054332737,0.8158579300129457,0.9716898983309858,0.011145410333473944,-0.008015980306296066,-0.23586069059880482,-0.32716703802403574,-0.041527643704240204,0.028347962468007755,0.8057971484460276,-0.47542333289520994,-0.010562016062980404,-0.15823501530007386,-0.009810608830672139,-0.08478557478130903,0.4715769072602684,-0.3066338732699689,-0.05933378727721406,0.38304230464102274,-0.14346580813083484,0.02232981699589827,-0.12917053273096105,0.0439297605336418,0.3980953843792569,-0.5968680217319622,0.2777909176417644,0.004076761537555587,-0.4765143293226211,0.7332251850161796,-0.3699227295382037,1.02667542124766,-0.050406372377939795,-0.3756984478883132,-0.74864262239245,-0.2579677792110647,0.14102268483089656
11.152000000000001,15.229315483233679,20.34725749213713,0.816386196883335,0.9739675382336039,0.007062601551118452,-0.005460115088218498,-0.22651168020595788,-0.34737358551673936,-0.02729100438534917,0.037314374891597,0.7429360615400347,-0.412286908595957,-0.027600537129127356,-0.10690954934911752,-0.009747393896925893,-0.10428405570843875,0.4316223384288369,-0.31724990808979325,-0.051086956948623884,0.4084258948332224,-0.11242621021592969,-0.005812428541926672,-0.22990850193106982,0.07937382800153375,0.3594816243361012,-0.17208600542165786,0.27152522546264773,0.35717075087531897,-2.060218275474385,1.6984725243566738,-0.2732027902736777,0.9957367950570782,0.05446232131833761,-0.382096055376321,-0.7680630435521862,-0.2177374729030094,0.18043903143861237
11.202,15.250154323352625,20.342536380630857,0.8141821898414126,0.9756768458872765,-0.00024100930616007492,-0.0017084852882582047,-0.21920701492422343,-0.3432111408970912,-0.019860775840247525,0.05384113974344952,0.603383443638456,-0.30837948920335345,-0.04247408953458652,-0.06529363652462487,-0.0021598331896699454,-0.1207415853893696,0.4091439725796658,-0.33581915408214935,-0.04210264900770192,0.4202744005290768,-0.07999218265048019,-0.09499921316551393,-0.4431144599560238,0.07457911243079586,0.22665228032995938,0.27495116476500353,0.015673477135528843,0.12916271767449158,-3.234440107271721,2.236413599044902,-0.3812990556782408,0.6160492273915494,0.2942134839396343,-0.2642000952309753,0.002614406865130689,-0.6040151198648708,0.20056619646483628
11.252,15.270132438895919,20.33844141081137,0.8087649031155624,0.9761701263865075,-0.014985400443744565,0.003047321190643057,-0.2164671706232854,-0.3292894448416247,-0.01809521329818754,0.02296574081057099,0.5273588015241,-0.1840520575583134,0.014485483077632142,-0.07988939020736739,0.024521728736508614,-0.11374775664201704,0.4993604723655476,-0.3618531578303104,-0.033594789231959826,0.3462033452587873,-0.07002509620075714,-0.036885922353730935,-0.4863723307520111,0.20184794226466093,0.1691165434159068,-0.35935698390497256,0.13391447691981295,-0.5138498122716195,1.298340094418045,-1.2335611202234653,1.5682051523775067,-1.6588425384713386,0.515013155048194,0.9564953073748873,4.1774021283984135,-0.27834792954656873,0.11750431304073061
11.302,15.286836595742155,20.33415581441181,0.8089020170288344,0.9771498427727286,-0.02111502288063752,0.007503177887419791,-0.21136708092692674,-0.32975630668726585,-0.01785584461380073,0.0032973303121122247,0.5699042475840281,-0.24513273107642458,0.05213125536872649,-0.17677341890403758,0.05336602436651252,-0.032429062067962894,0.7271418427344412,-0.40190058332861317,-0.026369620699776306,0.33892783700468154,-0.11329005507949218,0.022100993506110136,-0.21593421020322623,-0.017600141238691584,0.16563343950515974,0.3877908220297617,0.03489783454901625,-0.29760692746806405,0.43123155777615263,-0.9776913007485346,0.4578889256751561,-1.6794562125061476,0.49104464878883464,1.305195712959382,3.5031639148242495,-1.4072003771913633,0.1958430845211509
11.352,15.303973292354408,20.32700761593555,0.8105958050540508,0.9779124175700662,-0.026918572091898747,0.006902635942265278,-0.20715947397077822,-0.29961152980710964,-0.013324939129639599,-0.012742110166243352,0.5781036950544572,-0.28376751972681286,0.06836037589119882,-0.24759618248480145,0.0663657963539939,-0.002738484321422638,0.8288161037057541,-0.44863059751509626,-0.014741633839722624,0.3457349852900857,-0.16710089801047728,0.04155294559754426,-0.20707479521188513,-0.10816035275402733,0.16686336658829048,0.7526988346347264,0.11445292208282055,-0.3295823006220505,-0.03826165802391902,-0.627855441139023,0.22725469456888422,-1.2775156731191069,0.1400922492100177,0.24905871473250002,0.9512340737758871,-0.30489622423772483,0.28041273487463436
11.402000000000001,15.321359356151046,20.317653166323026,0.812625163624788,0.9786498827147345,-0.030973625751930602,0.00518696847758559,-0.20312099086068586,-0.2581194219014257,-0.008664591009828908,-0.027574489440166477,0.569072189519979,-0.31078566084120784,0.07480057458062955,-0.312194122374298,0.07168263506197829,0.007205297255318718,0.8479593350269458,-0.45067273170442024,0.0018265654145032837,0.3500503829925922,-0.2033611532768179,0.035926825109802454,-0.0704710624689724,-0.09578041553235131,0.15248686221503335,0.8830262126754946,0.057333128965062395,-0.24786347271401063,-0.2919919570789168,-0.4774799106241661,0.03902510426641785,-1.3311234215342314,0.0693522830845297,0.17610875908676704,0.06041530289161143,0.09096885338140676,0.3333512886314633
11.452,15.338933926439799,20.306873902348354,0.8140311490793135,0.9792519058546225,-0.030434589749960064,0.003840012671370898,-0.2003114947513569,-0.21305490947877953,-0.008177494251515743,-0.03406926324618268,0.5481013339070965,-0.3300147011736064,0.07400272487293992,-0.38016807234151145,0.07127294106325018,0.013203040113072325,0.8428195078566009,-0.44142641106325387,0.021266370787989954,0.35357122511969186,-0.22626043134892218,0.02083739468956958,0.12492889501227028,-0.008671079567654935,0.07607588150762482,0.9121223270800806,-0.04097410961160972,-0.02504078448022461,-0.52816915576797,-0.3193593801869936,-0.014870980391983861,-1.3025587942196226,-0.1037440851784877,0.004976738064072155,-0.305654522244105,0.22759551369482695,0.3606287301658837
11.502,15.356726895195749,20.29500368207138,0.8145551252178383,0.9796630660006614,-0.02497057196097409,0.0038767647450484504,-0.19905204933694542,-0.16812373867331518,-0.013377436170923128,-0.031348231990359354,0.5176079114849093,-0.34352743852325135,0.07372791615524114,-0.4341679898538557,0.05937136020810522,0.0016811247393387404,0.8129638489418549,-0.4234968488119042,0.03300552272462553,0.3567689465500257,-0.2478914301827267,-0.0017892214000323385,0.2894189578759554,0.09744914036788913,0.033824892331897116,0.8591655355214022,-0.1586336332835946,0.1202824834836679,-0.6436188659311572,-0.24627831472055214,0.007109223320464288,-0.8412534670157482,-0.3207148846258558,-0.40596625544731085,-0.8183074225246173,0.46123042881145077,0.13285310199817546
11.552,15.374697740687694,20.282017426196237,0.8136553665540323,0.9799850294982602,-0.015443704985647542,0.005363034301225501,-0.19839876965015144,-0.1274477482527091,-0.024791414309206495,-0.02361231797755997,0.4866443330372168,-0.35554875779156164,0.07752427533748342,-0.4518637923882795,0.039637714724114134,-0.03154834502053916,0.7362169018811212,-0.36675652450395696,0.03616690901444173,0.36104385300323727,-0.2709409380205757,-0.04162943667771619,0.4254628483759536,0.15251012546190781,0.04472452272655409,0.7312159675643125,-0.29681741055192096,0.16783977509910122,-0.4813973068128925,-0.29595929047071734,0.0936518768243709,0.16473867857696742,-0.38914593040388634,-0.8050375933681589,-2.337750864176897,1.7473327984804954,0.06556550359622791
11.602,15.392825462676843,20.268251780603926,0.809205883156211,0.9807244056495469,-0.0006356153397830139,0.005611317032251497,-0.19531448814065402,-0.10757370459907181,-0.04715073653489259,-0.00534213428327608,0.4993229619359357,-0.3748206022340332,0.07570581524492075,-0.41239214744668606,0.025034932975433386,-0.05594136722604704,0.5717731191638373,-0.2631210419388057,0.045424196301037306,0.36905074069856725,-0.27151011923710067,-0.14322525335769126,0.8100004540515406,0.05163830462273403,0.2322700293906792,0.01749426001139215,-0.729461472929386,0.4743190895007427,1.1828843438885688,-0.4263197153217083,-0.16594045899943913,1.3097513028404106,-0.27086709355911504,0.035187528236481226,-3.8457060816140656,2.014632881649342,0.2720608659264319
11.652000000000001,15.410333481497759,20.25517280506875,0.8047475568263073,0.9814742206048757,0.01569507206359527,0.002142257504175506,-0.1909382877627099,-0.13501510829512645,-0.07396476766303699,0.018009928396219104,0.6166165088581166,-0.37982859236672156,0.059074594987517846,-0.3867297654936735,0.021314542873544208,-0.01959371910244188,0.5435178214905331,-0.15985370095025148,-0.0196187753429924,0.32608448084464225,-0.24220922023381566,0.010787609116186418,0.37739133471213143,0.014031268958381023,0.08706151491513717,-0.9473212794442143,-0.2793946145606668,0.2640055450301128,2.9255815992755863,-0.6921180752896067,-0.29812661604619783,0.024968983023562107,-0.17586207103315374,0.17369590161321918,1.2678556747013077,-1.3736793674380123,-1.185376517590439
11.702,15.426844705971316,20.243978558116353,0.8070184914139615,0.982197785047032,0.021810602049271804,-6.38822716426572e-05,-0.18657921804426286,-0.18283236529686178,-0.080189338735052,0.030620186646096486,0.7316463548140757,-0.47248419814052806,0.051347612863566594,-0.36512938334731027,0.012435436891827911,-0.019203830463648,0.5742447981988158,-0.21989682930859544,-0.05754399408069429,0.3429735876105103,-0.2107161712925866,0.06239475032067791,0.18006244930495796,-0.11100339169055767,0.1922124770729695,-0.7856561206762701,-0.00393239293257342,0.1967903937613186,1.494321589173508,-1.8268537795319493,-0.1290871831071139,0.7776307335892245,-0.14763286530475814,-0.040607211071291935,0.10191900856224437,-0.8916467623831204,-0.47254863122966095
11.752,15.444615152583497,20.23421581311678,0.8102141546778008,0.9830431309127058,0.02439810328414858,-0.003965129356048596,-0.18170088902003384,-0.218734834001943,-0.07889204456536228,0.033411094858775595,0.7791492485748122,-0.5239985369994744,0.04269993076428012,-0.31879368240750366,0.00558162812000643,-0.02318378318702956,0.5666436201673106,-0.254850407091825,-0.07208886564562146,0.36536983288411573,-0.18096888584873635,0.0600896329141264,0.08662060935135718,-0.12575687948898426,0.2052256946079245,-0.693860043536223,0.07196093777501207,-0.005543234613001437,0.5619915673200845,-0.39371634201564304,-0.2304394307911043,0.9913730961200685,-0.12427647432445679,-0.11218145764902242,-0.29243051440463574,-0.5758479349721143,-0.15624154698472156
11.802,15.463398622501852,20.22593449397672,0.8127831999983928,0.9839181401566123,0.024937094228323506,-0.006845158274999086,-0.17673816398953326,-0.253615433687651,-0.0731894896717202,0.031130002333156194,0.7958226535907181,-0.5264786745124052,0.027715033983110572,-0.2688602822536191,0.00046432661302908055,-0.030023560702713392,0.5489256410830954,-0.2809963760906635,-0.07548571823224745,0.38549076970754,-0.15123678167109308,0.043117728436794955,0.003962134648348296,-0.08225303641995041,0.1992744676852905,-0.7042907849988616,0.1432980835149691,-0.07617989860124183,0.18228195995108395,0.15273620872785457,-0.3257800379826832,0.9973635145011092,-0.0802330136723317,-0.15027305387819903,-0.3990718319292626,-0.49090276504812985,-0.007518518911694794
11.852,15.483157182101628,20.219097911655187,0.814675201598339,0.9848743297721066,0.023491042798605085,-0.008127412506991484,-0.17147790128794768,-0.29079934388780143,-0.06426588916192738,0.026502769955418642,0.8014609681288737,-0.5039803861390937,0.00475909314185872,-0.21767450193532412,-0.0020551108146261658,-0.03956986309078249,0.523471190282113,-0.30212116156983887,-0.07389164911735828,0.4043672882648595,-0.12294939639165509,0.03337798684105786,-0.09240533109477528,-0.030307542373386877,0.22581595802122523,-0.7632813539596524,0.20741670530214443,-0.07667963289178101,0.015026012350911668,0.6527065022534615,-0.5017859873012799,1.049062747561454,-0.021405076528006182,-0.22084056308929595,-0.6139526479466587,-0.35750896395212944,0.06811100763318101
11.902000000000001,15.503873778469508,20.213788763790802,0.816037237187611,0.9858961524691665,0.02021901016953474,-0.007756899391558925,-0.16595119368684455,-0.32703518186467573,-0.053866214214015266,0.025152047612602847,0.7898324172650197,-0.4643668175817792,-0.01702809353260141,-0.1646842882683672,-0.0018560680382581913,-0.05130889690972462,0.48840178286134317,-0.31723856233489445,-0.06927133113889632,0.4223183666635064,-0.08994506748658482,0.019065861165887158,-0.16495247217476194,0.02819028647865372,0.22190577237422593,-0.6762043276925708,0.19009369172189955,0.00267889949914419,-0.48527043921406665,0.8391290649681178,-0.3507780426513082,1.0472868077520818,0.028874837922590095,-0.24157204062206566,-0.7506704484526797,-0.2688669000932822,0.10485028348865272
11.952,15.52544092410032,20.21005730453988,0.8164643876968873,0.9868710720765268,0.015064413758386706,-0.005750885359589765,-0.16070307356807043,-0.3488535409867456,-0.04269428811167323,0.033697040183753676,0.726317132408703,-0.39813183868443397,-0.03092359374446613,-0.11200203054980734,0.001938424925672841,-0.06401851316225894,0.4475727625618257,-0.32846669700610315,-0.06354376554259157,0.4394139723462363,-0.05972052255457864,-0.006747973091562395,-0.26307223541708424,0.06425561503117438,0.19332385596469506,-0.16244203144999278,0.23627945930297323,0.3494500173376257,-2.0839795782286026,1.7220504485326478,-0.17070851779933427,1.029936523932119,0.12348688672169465,-0.2475115445154678,-0.8059310635952948,-0.22418530502345435,0.13142703837869998
12.002,15.547593008729326,20.207943168172893,0.8142145984339468,0.9875579068918461,0.006837348597112643,-0.002635705990841575,-0.1570849587117998,-0.34193601279445435,-0.03578932464931332,0.05076764447324748,0.5832130947791706,-0.29345920485020527,-0.03918925465968013,-0.06974321421888098,0.012266360720455092,-0.07506034097653357,0.4247187646426123,-0.34700551587965245,-0.055149014110181444,0.4424345825340944,-0.029283829054308756,-0.09580633215649967,-0.46876577904190747,0.06736228646385006,0.08928242172295645,0.37063427947768257,0.02929644360712916,0.14984209381633373,-3.330788530628608,2.2433539528738042,-0.24055808510697013,0.5911382609692336,0.3440128785792046,-0.19109980218181974,0.06336470161050567,-0.5901967706451288,0.20533397639241846
12.052,15.56854420676209,20.206051521263337,0.8087029695236368,0.9874480459106156,-0.009712353204758713,0.0011264578354304787,-0.1576412316473047,-0.3255780897651444,-0.028614568649707517,0.022360872375312892,0.5032008637434433,-0.16630204012282146,0.017897981664008973,-0.08998887327456762,0.04267172206586712,-0.0771001030283478,0.5270893538742467,-0.3667403724589404,-0.04429358505770166,0.3651152832473413,-0.030579357714200967,-0.04033179208547367,-0.5202292381382736,0.17965423803719627,0.04995435745084331,-0.4675371864495859,0.23712949859640894,-0.42553513325598147,1.6178866982201612,-1.1922583993250657,1.3909790140774714,-1.7161150596927415,0.5055425623815034,0.408088960969164,4.373956477244553,-0.027051782837192645,0.44566586153188137
12.102,15.586633243260962,20.203750594144662,0.8088115856491354,0.9876738177710016,-0.01672080468062828,0.004404493070369747,-0.1555681356232073,-0.3265643596116888,-0.024276004807275965,0.007767951374084153,0.5558542620423735,-0.23283469456847236,0.05260762853308301,-0.1805140399097375,0.06455622364380213,-0.026647620062434645,0.7439817169456051,-0.40440808826276126,-0.02797680045140975,0.370477782013844,-0.07307474275144361,0.02381876928260182,-0.24757872557327332,-0.042018805519937905,0.03573606327157946,0.41255304084351924,0.1268749064023777,-0.2039889879791553,0.5510775859820792,-1.0915780328549793,0.4308327736617225,-1.5331439943299194,0.35848142576146175,0.9074595816694313,3.1663395577536537,-1.317047838368168,0.2597801395250783
12.152000000000001,15.605402609071945,20.198692293539786,0.8105405964776184,0.9877348677307938,-0.023296155195600413,0.0033410241884826736,-0.1543565929246527,-0.29564323539208703,-0.015790721505031538,-0.004059614388531311,0.5684917031482946,-0.2763101349135046,0.06868679692606053,-0.24699781591183612,0.07300390859817249,-0.006155735935697076,0.8352237818169125,-0.4461950688866174,-0.015170236593487518,0.3791290620816804,-0.12404238040187203,0.04141289758409497,-0.23467860024519116,-0.10315192871571957,0.047683035085455995,0.7605197411206964,0.18250012258970447,-0.24599045983211043,0.029277647884614767,-0.7134558520108395,0.2419764365979827,-1.241689933532636,0.09188123747135066,0.22856757756877463,0.8604347717486571,-0.24381423778078085,0.3085962325990012
12.202,15.62449798928225,20.191514379178546,0.8125486850281234,0.9878162722578827,-0.027881385084081087,0.0017162342888635519,-0.15309701227718506,-0.253853568805819,-0.00798265778127484,-0.014713472786961015,0.5618491128310862,-0.3065382461093562,0.07477031775819983,-0.3110950557501791,0.07654032001808869,0.00501546715203304,0.8524520173817749,-0.4472740089800586,0.0030670640778671875,0.385038694302463,-0.15939420802965598,0.03571421597043428,-0.09561094385302714,-0.08016059381683156,0.044736030588752335,0.8909336241611236,0.11452582577295922,-0.16418334574864638,-0.26311338005259577,-0.5252859876510626,0.019751328081370752,-1.3363025920466522,0.03385071072262234,0.20861070173581966,0.04978932227585961,0.0901940526150528,0.36573811517351484
12.252,15.643848793175076,20.18293473649441,0.8139970657739793,0.9878714027780262,-0.027782353923959273,0.0008475689657918145,-0.15276620703109628,-0.20800902000563562,-0.0049950050963481546,-0.01705821865361441,0.540971099919398,-0.3269752314583523,0.0719491293288813,-0.3795051951242687,0.07419512639758441,0.011914623678056917,0.8469035396564557,-0.43900421240344506,0.023659750485434266,0.3896652359994372,-0.18215292663961904,0.022575311326519097,0.10455592271348951,0.010268939537039801,-0.012824183256802549,0.9353180775604436,-0.0004294102199114214,0.05401007140013195,-0.5506062933354169,-0.32334648069380195,-0.06556916981363897,-1.3120474696570943,-0.15437125354336637,-0.003438818081138993,-0.31202493442422735,0.2025028918295738,0.36382621337898463
12.302,15.663488217086863,20.17325328655439,0.8146689567503094,0.9878687630513621,-0.02274731610436409,0.0016264190847014577,-0.15360736101626432,-0.1613960047429804,-0.008622810210384805,-0.010544623982005872,0.5083479364634562,-0.3408738749433814,0.07116565599478061,-0.43415175644245896,0.059732671677497615,-0.0007855057999059399,0.8166435220540039,-0.4218649925434495,0.0347055610954226,0.3947880337861056,-0.20488134951669512,0.002048679398496745,0.26900916593096585,0.11465679018678102,-0.04744398593748238,0.9049452183004405,-0.13285314656183275,0.18935828103168276,-0.7069031563434639,-0.24725464113852572,0.0036694596000860866,-0.8559641959896267,-0.3692485298702095,-0.4401869194281627,-0.8290008996442809,0.45538396604311593,0.11337201268968462
12.352,15.683460743242536,20.162366672403657,0.8139953921616454,0.9878222353522679,-0.013753840101495626,0.0038789825107517755,-0.15492906996685124,-0.11732243132978971,-0.01890379375886079,0.0005047923899469631,0.4727128219208546,-0.3524115903701772,0.07429406838218505,-0.4529150135486686,0.03797361877188066,-0.035904404026872894,0.7399653385385602,-0.36380389167231597,0.03650081956988705,0.40306506101474077,-0.23017338346395205,-0.036768607544350705,0.40455699324960026,0.1594332123544968,-0.03627157284479923,0.818352099897023,-0.2764473866729637,0.22422501650373072,-0.5975271305532334,-0.28082855639310766,0.08442020486291796,0.13554672448003086,-0.41872714973962566,-0.8457921880023554,-2.318126366666639,1.7971432824006945,0.020828410882573978
12.402000000000001,15.703746273108617,20.150561970655964,0.8097704967231509,0.9880595173606016,0.0004145266239051195,0.004923072026786181,-0.15399344688210984,-0.09199196457630013,-0.04047685306044142,0.018171396627777538,0.47817511312029526,-0.3717758842882374,0.07262097022720768,-0.41524303292908926,0.023013945445014432,-0.06291606843665436,0.5769918501482103,-0.25774961970449,0.04180106063073841,0.4115520284248737,-0.2328433184040346,-0.1380635644456715,0.7842832302874052,0.05971332164353976,0.14141663142062275,0.1228595657565745,-0.7121033469743292,0.4245385824241946,1.0376872234837384,-0.4414909117815263,-0.15210288376235642,1.2682043400534937,-0.25925324005731887,-0.031159666461684825,-3.829950111128449,2.052989805690199,0.17060364240667822
12.452,15.723348144069673,20.139317660673218,0.8049558320811748,0.9884170401060515,0.01751501216453255,0.0021739839284437568,-0.15073238859232682,-0.11909856731439669,-0.07110535858871028,0.03266905987798079,0.5979553473445182,-0.377505337626457,0.05563009175039078,-0.3872612884420485,0.01960978396035222,-0.023456294062184628,0.5389861034711149,-0.1517997553941874,-0.023766819377611176,0.36169750298640585,-0.20866309318957,0.004724634693064487,0.40013526861243986,0.024466805312510026,0.029292759972579303,-1.0355110998419959,-0.37399556822684343,0.04352485032119831,3.133792617685319,-0.44225063533195696,-0.32127630336857904,-0.047588812957620866,-0.16906046304736344,0.26349714910027194,1.41271709049462,-1.457387680167098,-1.2057212166741609
12.502,15.74145183784492,20.12972379994122,0.8071014351546273,0.988712367695254,0.02384958019237454,0.00048280621780020556,-0.14791490252591127,-0.17182286951335943,-0.08163828753028077,0.034535429741834024,0.7236251752607263,-0.46822233988786854,0.04617009854619257,-0.3680583531910678,0.011840608302805774,-0.019700316810271786,0.5746105945794818,-0.21659436707677177,-0.06142407686044527,0.372447520883305,-0.17977095045670421,0.06107285642559312,0.17495848788153137,-0.10260529524886204,0.1251009426408618,-0.8666763466276877,-0.03162501054312818,0.09791154793096271,1.6264603349219147,-1.9191261828613726,-0.16036155417897505,0.7531031175682709,-0.11395458977094826,0.019468034192646647,0.1530534012394809,-0.9482556757632501,-0.4654172155274173
12.552,15.760581986243972,20.121516196254085,0.8102181513481405,0.9891029467105418,0.02650690073128059,-0.0031120666053274424,-0.14478625647343085,-0.21141991092917897,-0.08078906705797888,0.0346852657986417,0.7755762992476155,-0.5224785910729933,0.037464014658501174,-0.32271444022917734,0.006661833988102851,-0.020480835838771368,0.5690767964342408,-0.25352254691525317,-0.0755950434109899,0.39071154291507537,-0.14948633716345816,0.058385767823399416,0.085090093349855,-0.12216336206959214,0.13047098936365598,-0.7584570273176481,0.05977992160836541,-0.050674258305904586,0.608471246915155,-0.41262414468864866,-0.20722462535558642,0.9741010877755161,-0.09415038777267946,-0.044037551923848915,-0.25442949405805776,-0.6033438019395395,-0.15094061629305888
12.602,15.780520696319632,20.11481288242338,0.8127000386882152,0.9895276977968613,0.027115167729267284,-0.005878503847357743,-0.14165149545406974,-0.24923371829223698,-0.0756381176214213,0.030357779965977775,0.7932596249173545,-0.5251848691560043,0.023742462570232523,-0.27356391248285455,0.002957665131204922,-0.023928419676896857,0.5531299564559413,-0.280728649491638,-0.07885455450864498,0.4065025983357819,-0.1196504663993838,0.0414784547361767,0.0011502900894424261,-0.08236549024097484,0.12497810510630088,-0.7573349164997984,0.13771320758202424,-0.10451667060727918,0.1855201925817086,0.15396748391399898,-0.3042172766590256,0.9839090388113477,-0.05379596157644527,-0.08373171222501122,-0.36638115490719586,-0.509096648974969,-0.006449238335013954
12.652000000000001,15.801214864435082,20.109558842898693,0.8145236168779277,0.9900479668441158,0.025621501319392028,-0.007191192219766641,-0.13819134839935543,-0.2888204721488619,-0.06687490429324067,0.024593154916014343,0.7988268727009026,-0.5024073219982756,0.001532017317782991,-0.22300196461329408,0.0016841258590430343,-0.03016282686378908,0.5291767790020327,-0.3026359375914545,-0.07730009370592245,0.42103795316496656,-0.09105894550923274,0.03239438350344858,-0.09623747855448835,-0.033119573084442626,0.1547286900429551,-0.8057954510526896,0.2017978995339654,-0.09862232992195248,0.012633368141777703,0.6599201650366242,-0.494023114139013,1.0379427319178653,-0.0013269906393738483,-0.15700696235995454,-0.5856402632588609,-0.37202142564329743,0.0657894028503944
12.702,15.822656920028923,20.105840669847115,0.8158659069074271,0.9906612177892914,0.02221160323513085,-0.006988948501866764,-0.13434340642101553,-0.3266248935774727,-0.05649043730430219,0.022553927691306676,0.7869725711693407,-0.4626070859982912,-0.020045113487004402,-0.1703762327957982,0.002799336232366506,-0.03878490135891356,0.4952110633999111,-0.31833660969326166,-0.07300253743310799,0.4348763042072087,-0.05840892803198208,0.01912016320922216,-0.17195002882344107,0.022272774844927238,0.15433587357110087,-0.6957130707341339,0.19682536297956807,-0.0018843657120449675,-0.49185292055493257,0.8397267058133709,-0.34810506094330257,1.0438729930773807,0.04687497983116182,-0.18088782900395542,-0.7348333375117666,-0.2781312824281187,0.09555377428323845
12.752,15.844763064581612,20.10367726355227,0.8163084995700443,0.9912724564622178,0.016794924077408558,-0.005260546258175291,-0.13064904989191603,-0.3487447269849292,-0.045198089668519514,0.03012237627515277,0.7227348507502076,-0.3964964649275791,-0.03355059487797337,-0.11776602423044676,0.0073331800920116,-0.048617305949947086,0.45502456434408506,-0.3300055428648913,-0.06763136894804501,0.4485457048910654,-0.028510607342243272,-0.006368108713931772,-0.27033106303976845,0.057631811072508324,0.13359272060868335,-0.15437506965889514,0.24007777216822673,0.33001281328634824,-2.1137101835158645,1.7189792154108425,-0.15642923682907314,1.0285119561938867,0.13406110967960352,-0.19391824795654544,-0.7932607648032188,-0.2335266220259512,0.12941900373273982
12.802,15.867282184416494,20.103088203616476,0.8140641591643061,0.9916908020403675,0.00828023597957393,-0.0025064809072419965,-0.12835306149101772,-0.3403231256692136,-0.037652719346889414,0.04692915204682523,0.5763472123164841,-0.29126368373653744,-0.04093625226371214,-0.07602277511464522,0.01792314425731833,-0.05832157005788182,0.4336731508788129,-0.3489321309529707,-0.0589242373163446,0.4483044523146024,-0.0001278580879984081,-0.09558004124361354,-0.4809252569114978,0.06103470725542712,0.03698562837170132,0.42217606994417634,0.0560723323344754,0.15200974965856628,-3.4186106142408947,2.2620947803301528,-0.22409567294979355,0.5608116271087833,0.3471480039653341,-0.2150388998857433,0.13233211441114304,-0.584702879152699,0.21800284927413843
12.852,15.888507664468708,20.10254054273511,0.8087333617976128,0.9915011114377006,-0.0083295159411222,0.0007724245303621783,-0.12982899730929115,-0.32335461981637287,-0.028909621922668098,0.019286537175256673,0.5023246890968832,-0.16417517823484196,0.01450545708104779,-0.09798740052677392,0.047783019058144055,-0.06440563253058643,0.5392976131819848,-0.36673791406784595,-0.047104004137108114,0.3712244243433679,-0.006835174565535,-0.03679797024790594,-0.5037766766819419,0.18112414204492552,0.014524817554391797,-0.44398158563679285,0.24381907761613927,-0.3762791719463372,1.6262787088337893,-1.3225842434270254,1.2772337955504969,-1.7297261690479704,0.48713483386538137,0.31275508890849085,4.4389579934721635,-0.03818790428108751,0.5499727516367127
12.902000000000001,15.907086936829959,20.101322882312445,0.8089586824826145,0.9915167606511112,-0.015465687606230558,0.0036070275779716402,-0.129005097600234,-0.3219049885100987,-0.02338373319351421,0.007134627302808953,0.5538279473793624,-0.23445291372558877,0.049447296578770346,-0.18603007854890885,0.06694438522038053,-0.02336513778712634,0.7518066832600335,-0.40742516651887467,-0.027649200351286596,0.3815996200851016,-0.05256389358597649,0.026147702413052233,-0.25975646587770435,-0.04599844272033299,-0.005292687543494713,0.4492545956730633,0.15749005661703908,-0.1748364543790836,0.5281799576468036,-1.1257910408158567,0.4450324239357797,-1.475115328800785,0.3178633662169683,0.7638361585617941,3.0179377716439584,-1.2662352747806607,0.2881946662437326
12.952,15.926476576927133,20.097304965690093,0.810757389184158,0.9914124966267892,-0.022201194228789387,0.002328024275086299,-0.12885243036135502,-0.2894120457863072,-0.01361746478056084,-0.0029846017044625685,0.5654675162987982,-0.2790778250234559,0.06603553293975292,-0.2508335252698832,0.07486087555083175,-0.0046327783409189855,0.8381072288518842,-0.44497864860260194,-0.013694452375463297,0.39209996335800895,-0.10306163229282819,0.04153761859958411,-0.23916627722319897,-0.10016908175411056,0.004280135005084979,0.7814873663505661,0.2063844440486695,-0.20652867732054978,0.015997076435865225,-0.730108518244075,0.24502251513641363,-1.2310698359716479,0.09568061932144661,0.24300019937414147,0.7996610774549603,-0.18763066047118526,0.32952857267739405
13.002,15.946249909733227,20.09118663492004,0.8127112004625257,0.991326065125941,-0.026763036884255874,0.0007189932026318958,-0.1286695593659453,-0.2468456385815753,-0.0047846817714322296,-0.011477430894602337,0.5581896874328612,-0.3097328193444576,0.07163726977454098,-0.31500957781388533,0.07814055543476059,0.006928075348171602,0.8536762066667031,-0.4452620369675313,0.0052362181574521945,0.3989000156124669,-0.13803827661085058,0.033709574800769054,-0.09507060702811956,-0.07030051073332289,0.002528962839668296,0.8998872587374802,0.1315213432477859,-0.11830086122200704,-0.2732644025765182,-0.5308068082595349,0.011244387799479557,-1.3454270456355792,0.022157632326601243,0.20861635445459994,0.036913624650858096,0.08377429929920097,0.3745955004022036
13.052,15.966297750081008,20.08367217365375,0.8140499218471338,0.991240847396876,-0.02655859137673543,0.00012878811935538765,-0.12936849341948656,-0.20069202952089646,-0.0011012781329502236,-0.011375632783285359,0.5366845884656465,-0.33023888599783485,0.0685449014531639,-0.38360707449693415,0.07480825231258094,0.012950118498559888,0.8476016888154878,-0.43809187704242364,0.025531051949605876,0.4038057816320033,-0.16065062160040752,0.020519146033972303,0.10826613514691344,0.023989978945321695,-0.0572654064068891,0.9425216042234582,0.00733878189800092,0.10644843125690824,-0.5660060297261812,-0.3318442764558149,-0.03830255283136297,-1.3079051305915603,-0.1878106826927323,-0.04519564983124586,-0.3268325226610594,0.18056502681508854,0.33980324152906516
13.102,15.986667696367943,20.075045515522802,0.8146200992570172,0.9911044802416407,-0.021426348112397246,0.0013311636613330677,-0.13134324822701063,-0.1535408876419085,-0.00436439186057361,-0.0022778547099794135,0.5029335595739425,-0.34411661156496565,0.06825364146249588,-0.43765402310464796,0.0585389050379217,-0.0023836881475987996,0.8164081119725778,-0.42107935746264125,0.03549831031814146,0.410039823990596,-0.18456161248965655,8.873542396765324e-05,0.27053134587829325,0.12723098782368575,-0.09170759563473506,0.9190288906188491,-0.1274020810350367,0.2360566383341003,-0.7318200359300597,-0.24534572931463206,0.016210411939300607,-0.84034857578379,-0.394052884868906,-0.47774167173644766,-0.8419514248283774,0.470276143988589,0.09928441859114163
13.152000000000001,16.007454244998556,20.065134532488248,0.8138272203139648,0.9909344686247676,-0.012449256325256309,0.003978905362221682,-0.1337088748752895,-0.1084624052851199,-0.014436116455416651,0.010881312420882066,0.46601773329285695,-0.35570451722414054,0.07209035802781341,-0.45567082726628466,0.03592771026404216,-0.03908220407803481,0.7393278752820073,-0.36098055594755396,0.03715365531164484,0.42022343582122357,-0.2113439363901671,-0.04005313978909608,0.4045293096921243,0.16433817272356677,-0.07566512313405858,0.8402755213808454,-0.2722599192318539,0.2656325822407936,-0.6162370057449613,-0.2859303974340849,0.09046086099039512,0.14973039266584984,-0.42708995815600154,-0.8681988543597867,-2.329668877631624,1.8588714587860375,0.019838769331350637
13.202,16.028638926478184,20.054260499157337,0.809428462058608,0.9910277456158236,0.0018795916822074079,0.005259814193702816,-0.1335395406214011,-0.08294779180861865,-0.03620158014079958,0.030336160317724327,0.4731445461154349,-0.3748845251464805,0.06996720378480807,-0.41712035387116164,0.020891097265169155,-0.06581014135327479,0.574974501736877,-0.25178201391351174,0.041856002274296374,0.4305282461027336,-0.21399908331440845,-0.14112839313964787,0.8040232836377299,0.050764169829042576,0.1126846976522207,0.10997789186721682,-0.7369723339283688,0.4059007513841754,1.1232145823775208,-0.41967013565803807,-0.18110479369516666,1.286994993541792,-0.2522361147843308,0.017043558339583882,-3.8581134668698804,2.102719668039012,0.1500428062470878
13.252,16.048991460821455,20.043889002061416,0.8047805509699519,0.9911570191898522,0.018900293515479612,0.0029879456200519595,-0.13130732803879572,-0.11262698120093582,-0.06709331782202138,0.04041765557000967,0.5987402251226197,-0.3796245905331317,0.05206174833664197,-0.3913806986645671,0.017928868873983938,-0.026053831030983875,0.5419381927912713,-0.15490228546278234,-0.02540230289469597,0.373997843011823,-0.19165611074842512,0.010551001414700842,0.389157458593697,0.0393563882372129,-0.0002353567898846741,-1.1180497704595582,-0.4429405955780897,-0.19700949310054497,3.264732641573255,-0.5917904809170822,-0.2774180240487516,-0.0574191383220279,-0.15537600761231007,0.2690032214941336,1.393867180649074,-1.4281901961477548,-1.228739136702136
13.302,16.06772062019936,20.035152865984706,0.8070819524368196,0.9913061031246552,0.02535750882289606,0.001565077588640019,-0.12909979545393613,-0.16790315604684267,-0.08071469459230782,0.03522881883025856,0.7258701972846072,-0.4723913412224405,0.04370277496137666,-0.3721082731489446,0.010292111496305786,-0.021211465432145395,0.5766309094811641,-0.21698867957898937,-0.06340067025118667,0.38437312289531345,-0.16297177155272774,0.06272123677828421,0.1793264771012983,-0.10035087850232834,0.10147318414230694,-0.9019667462864872,-0.07543837521777148,0.016505704711758357,1.597357739154623,-1.8821997354301643,-0.14700570224515094,0.7551352983842181,-0.11180589639972059,0.04252744369064151,0.1458727514422487,-0.9196115272085476,-0.4617454859490833
13.352,16.087416963784605,20.02774841283223,0.8102366473774544,0.9915517920411054,0.02810191223798189,-0.002064045798494703,-0.1266138457815028,-0.20840171877105385,-0.08057964868716243,0.034527231359761615,0.7751461701472835,-0.5246151032254052,0.035712148547271484,-0.3264336445451976,0.005485571232788489,-0.020854868601096928,0.5711104608591479,-0.2533898887274926,-0.07738443356019176,0.4010571805981337,-0.13356519796741184,0.05843550406421764,0.08477933649299925,-0.12773842064412505,0.10381649869457818,-0.7733905143438561,0.04804841738820928,-0.05397553360457119,0.5577713313548937,-0.3737873768664662,-0.19534741443766607,0.9795794185665888,-0.08467842562474785,-0.02091937572994855,-0.24733567589236194,-0.6046087009748234,-0.14457007194623078
13.402000000000001,16.10781489254325,20.021836454906644,0.8127047415772631,0.9918332210463633,0.028681993103561523,-0.004953188224701009,-0.12417596718694353,-0.24703276604829696,-0.07604876952483916,0.030175868890988458,0.7912803983307025,-0.5262325845254728,0.022308055220274348,-0.2770372812710793,0.0023895513162594424,-0.02314534481055764,0.5555922029603285,-0.28084569533537,-0.08042014490761047,0.41461635124356416,-0.10393158411699031,0.041078265589621105,-0.0032460607664611812,-0.08924158531069888,0.09695566865380299,-0.7745407538098892,0.12464614495206366,-0.10504129332430738,0.1692776495186919,0.17774009191926232,-0.3026343964217083,0.9892637925378843,-0.03998350395410649,-0.0618499202170657,-0.3586760231888333,-0.5147504424275118,-0.005211886283902078
13.452,16.128855321590144,20.017367447513877,0.814509300742074,0.9922148443936177,0.027075892220262923,-0.006417443624970313,-0.12138951784542633,-0.28747778227739385,-0.06798632890603354,0.024270859168267888,0.7963956199631782,-0.5023997623146264,3.931263373823063e-05,-0.22627785076049065,0.0017784520955782877,-0.02833111814847063,0.5320126704440568,-0.3030074464679744,-0.07891958558957408,0.4269559347455768,-0.07542892674342098,0.032148941017482564,-0.1014972166884797,-0.0394001918682686,0.1285564227803651,-0.8209683487402955,0.18936531942862908,-0.10103071125552025,0.009035323598202884,0.675951118046597,-0.49605668825529214,1.0420727167044965,0.011391427655148677,-0.1366977699573527,-0.5795771016301946,-0.37641077884417057,0.06275402215589833
13.502,16.15054069417565,20.014419006562342,0.8158499377912114,0.9926931954313994,0.0234928389028302,-0.006385343188171788,-0.11818432068955723,-0.32584307518472305,-0.05799313135330964,0.022099104584349754,0.7843906273359419,-0.46199069484701133,-0.02150273842299436,-0.173418443899926,0.0035784204820282057,-0.03594250337887312,0.498171679031845,-0.31883743172173196,-0.0748498193167139,0.43889343834975186,-0.043246875215778004,0.01929800229447339,-0.1787855237949931,0.016457403885980146,0.1287410213084996,-0.7025479975305808,0.19326272822409155,-0.0031973087010146455,-0.49428963892107175,0.8477572967113506,-0.3451956981348305,1.0496867535902885,0.06046274187827311,-0.1610219362623023,-0.7353535794418805,-0.27942213786177417,0.0906024008574256
13.552,16.172814576284974,20.01300612798469,0.816311125875601,0.9931826781315403,0.017875092722676986,-0.0048707914923999335,-0.11508659483125734,-0.34809022137794554,-0.04685722272325948,0.029296188213877767,0.720134200170714,-0.3957050190041919,-0.034540491325712484,-0.12043198860852647,0.008714936531148009,-0.04479731309967624,0.457830991622894,-0.33052626981755046,-0.0696327372464191,0.4512648774424981,-0.013613397091661502,-0.005857603506162877,-0.27601563697132947,0.05149962634175735,0.11041461891118354,-0.15318939522721745,0.2389460049633203,0.3212210889283829,-2.1143808171312792,1.7182475551422831,-0.1429225518913157,1.0365357827097612,0.14423180114843068,-0.17478848464196714,-0.7976962822649261,-0.23314064626430486,0.12870592879301831
13.602,16.19543376189603,20.013141963723697,0.814088850463409,0.9935167515629421,0.00919189046258104,-0.0023670504467690257,-0.11328888112134466,-0.33933870701396407,-0.03918667091434206,0.04582354467670317,0.5733038646687364,-0.29050101063346645,-0.04134063597753367,-0.0783541586456954,0.01967011195897815,-0.053905567268958295,0.4363466916890986,-0.34943282841042594,-0.06077774514516959,0.44967340143095713,0.013848141087635173,-0.09529071377580196,-0.4851475292989744,0.05642425681049091,0.019590534784965898,0.43296368224072457,0.06275996920919458,0.14985810296242608,-3.4322990476773145,2.260664495739073,-0.21555139934013312,0.562815201860579,0.3517793222408436,-0.21756260253124932,0.1371252810614444,-0.5831259073784475,0.22207521620841392
13.652000000000001,16.21672410575412,20.013237972746662,0.8087642756477412,0.993311676315982,-0.007550775370693199,0.0005946623815249272,-0.11521521541137045,-0.3222362758713769,-0.029640468719437454,0.018911584606535817,0.49984589841834803,-0.16406479064555385,0.014690285070389589,-0.1004417392601885,0.04967392967908406,-0.060846527248962064,0.5423988562535358,-0.36700751300933093,-0.048910072346128416,0.3726940828468669,0.004671096270688043,-0.03674934851910362,-0.5030304290155273,0.17774178933640983,-0.0032430774615518822,-0.4473587965597802,0.25433333685934384,-0.3569755212069164,1.6470504917468414,-1.3057314956464157,1.2516037939054871,-1.7237805997950986,0.4703611415618228,0.2696798124087169,4.434927427971659,-0.05350966699652367,0.5577303610659758
13.702,16.235431121843778,20.012580031555537,0.8090001460987687,0.993260793675547,-0.014791534259588797,0.0032263578473180708,-0.11490777552590427,-0.3205877399430897,-0.023428989541185084,0.007693737956711766,0.5519416806898371,-0.2340459583658409,0.04889968095734726,-0.18768932557799778,0.06746720141614271,-0.022441960869301936,0.7533585037566801,-0.4077257661216886,-0.02808411633266742,0.3849423318213422,-0.04152010438869439,0.02665528346661899,-0.264780860885898,-0.0483152702468561,-0.026117540041336037,0.45483476311661303,0.1735288557956373,-0.1596040761779656,0.5343394910739315,-1.1269250618652116,0.4356931014652823,-1.4597588440340978,0.29379519316336933,0.7211724588397361,2.9784591417680764,-1.248445258860822,0.3120096445233981
13.752,16.25501925503245,20.009113949400593,0.8108116892335026,0.9931012912024005,-0.021618347476516822,0.0018365207870406977,-0.11523497583593534,-0.2878739849961046,-0.012976175513775156,-0.0016957876183618368,0.5638312166831739,-0.27895977577024217,0.06536046232289369,-0.25205992844679204,0.07480548238026785,-0.004322908779549049,0.8384518274964478,-0.44420801050361036,-0.01318314142960872,0.39651004350266567,-0.09205582356966834,0.04152266689206609,-0.24248918247000753,-0.09923328183044934,-0.012637523737559343,0.7839877596148848,0.21822316333595454,-0.19192666960804206,0.0197061276945153,-0.7367640305692974,0.2442967144815772,-1.2279452803955682,0.09185037049722918,0.2470748065268331,0.7873245328003886,-0.1735999344986187,0.34080606804047603
13.802,16.27503534678418,20.003548259354677,0.81275661786874,0.9929621556215766,-0.026201053142433043,0.00021589820420364508,-0.11549725410392155,-0.24517825552034833,-0.003612645187389744,-0.009344191878373147,0.5565785048434599,-0.30984804470113975,0.07077056525328666,-0.3162256882093549,0.07793096440346169,0.007432958184502261,0.8537487319232648,-0.4442779376257458,0.006007637057700207,0.4041080308922891,-0.12698866529572103,0.03347896784158263,-0.096103113328253,-0.06697482117669062,-0.014653657492156736,0.9022333854609205,0.14042211778786828,-0.10077745738399581,-0.27520181269847765,-0.5339543302478905,0.008382237839526841,-1.3461368694291005,0.019390622795045574,0.20962297311019942,0.03496877642542151,0.08226244633378443,0.37650567453942413
13.852,16.29536261617481,19.996588214926756,0.8140901442237785,0.9928266170914047,-0.02597468093892961,-0.00029524299265076907,-0.11670705709824444,-0.1987469569610465,0.0004917927254907446,-0.008167496639638767,0.53467205075865,-0.33027495102717236,0.06719916860897567,-0.38475134725630983,0.07427733812411504,0.012988346253741768,0.8475297864821945,-0.4374680691720422,0.026231075781137283,0.40973121867570983,-0.14952521859621049,0.02042190117929341,0.10924500168469058,0.027785193379049732,-0.07803011486164037,0.9501232257771636,0.014165655517251699,0.12889267366269874,-0.5783060845188418,-0.3264682314094279,-0.0526582066131633,-1.3034133871873905,-0.19885941046738223,-0.06502936498298507,-0.33219323023201736,0.17268727695898065,0.334894897540697
13.902000000000001,16.316048446330203,19.988508263878842,0.8146583917875619,0.9926537127362683,-0.020825594027085823,0.0010504403308727148,-0.11917968702522856,-0.1511769575819997,-0.002574691528190518,0.001955228944488072,0.5002958463339312,-0.3441034674880354,0.06698464477013005,-0.438486130360326,0.057580244058052704,-0.0032124156609013377,0.8160755786223507,-0.4205313547050194,0.035919108020813266,0.41678000238089624,-0.17389962393950692,6.825025134840667e-05,0.27102998623172836,0.13058356493033693,-0.11053975286117794,0.9284322833057302,-0.12479830371844049,0.25471358965031793,-0.7450287516954438,-0.2443219067902386,0.023363204264943874,-0.833448280240118,-0.3995011883644747,-0.4908635766612903,-0.845457317234677,0.47340060477277535,0.0944642699297625
13.952,16.337203209607566,19.979119307692233,0.8138530854045491,0.9924528906359452,-0.011867520439079226,0.003840730337528298,-0.1219904529766857,-0.1054741593766162,-0.012554042253289842,0.01597988981078923,0.4626501679163712,-0.35564165087616867,0.07103197742759972,-0.4561079117867832,0.03478825108809021,-0.040413435321993534,0.7387697215789121,-0.3597836081516998,0.037420388724553395,0.42815650066034583,-0.20108856002139558,-0.04069642077184579,0.4050093807326605,0.16437392103704673,-0.0924598124468394,0.8545710126889284,-0.27142367664653533,0.2804792932620284,-0.6297732643693178,-0.28634370044598845,0.09227454760469089,0.1588836658442113,-0.4292388279843649,-0.8753485284347299,-2.338329877231651,1.8789546924888223,0.01697048666614585
14.002,16.35880165906609,19.968749448436228,0.8093963776859058,0.9925032227475599,0.002497206148917783,0.005234216813448713,-0.12208079198427181,-0.07941240878852873,-0.03447632658509865,0.03554067536458382,0.46964436649374036,-0.3749711788692548,0.06879900146825838,-0.41705758169431767,0.01974407591298479,-0.06695931629310507,0.5738293799398669,-0.2498069257792248,0.041916243284795186,0.43897064185263224,-0.20379926680791477,-0.1427522048740668,0.8096841755410115,0.04726696541955608,0.10257238693283796,0.11922172068106937,-0.7438755965121128,0.39653151423013555,1.1287996920356083,-0.4247333749567775,-0.18990538727595094,1.2936579072603112,-0.24748012248578083,0.03958375353464717,-3.864637629333078,2.109863675404938,0.143569187854929
14.052,16.37959646723247,19.958848231775328,0.8049017976463043,0.9925994221120509,0.0194179103494608,0.0031116491682407713,-0.11983175547382005,-0.10903823023900874,-0.06525372088988932,0.044024663488667015,0.596086382216285,-0.37917602704866515,0.0508037595188023,-0.3901193379394174,0.017719425920370107,-0.02574123487346678,0.5448322184414476,-0.15439147904976502,-0.03235714577116001,0.3823146504096852,-0.18171855259470607,0.012569246655039744,0.38868292972688595,0.04343703503059388,-0.0006492308811296386,-1.1358351396842734,-0.46536774428507344,-0.2781798574986241,3.321071095527835,-0.6283215373622503,-0.2562212409939151,-0.013179984766073197,-0.15830697097166535,0.2841688497488279,1.3393668145707545,-1.581413711015383,-1.0827464919297034
14.102,16.398693876818808,19.950601506110793,0.8072328357933954,0.9926938439690466,0.025887066948705417,0.0019293479536356955,-0.11783492490440235,-0.1652730108987456,-0.07977977209830188,0.0357490298666492,0.7255909355545058,-0.47228018056672083,0.042577030069064124,-0.3700223371049972,0.010142221543095109,-0.020174145082578948,0.5781410611220271,-0.21987873100411803,-0.06519963976650757,0.391222905043973,-0.15310891282226635,0.06227901324525821,0.179391965522614,-0.09408507459525407,0.09071877434077942,-0.9196013169407158,-0.08426538229868177,-0.01266664647622768,1.6282567068467415,-1.879220193374979,-0.15705320978986537,0.7578815111006343,-0.11018404171719266,0.054231572382276196,0.13606428598819945,-0.9452801447836475,-0.40945088769248433
14.152000000000001,16.418678018843842,19.94370562903355,0.8103219221599436,0.9928832375144346,0.0287335829211096,-0.0014477773530928797,-0.11556453528702972,-0.20700217277748323,-0.0802056659384439,0.03363759694272926,0.7756103072122096,-0.5242001485250656,0.034230474821026424,-0.3247831362091901,0.005302633708889185,-0.01933864984948105,0.5727580097829891,-0.25702807268093797,-0.07767030140689911,0.4060921216290082,-0.12325557326571922,0.05660994709709603,0.08657270511241559,-0.11937681664931331,0.09478360149224314,-0.8006382293335569,0.038152737891417134,-0.07569877868354381,0.564535444090718,-0.36837962752368447,-0.2019249227204874,0.9672951038913942,-0.08521319269923086,-0.01133826649229113,-0.23897583964130922,-0.612018224253353,-0.13026893851591467
14.202,16.439289121369463,19.938314687248283,0.8126890043690305,0.9931117313489124,0.029399549369369685,-0.004151331901103741,-0.11334690996004856,-0.2471807345532934,-0.07594565282837741,0.028852839657351234,0.7920927229185467,-0.5257678545889688,0.02046320312438671,-0.27600184839813263,0.0022026068436797257,-0.02118735052250783,0.5577140286149767,-0.2847111005406721,-0.08034986654243836,0.4182163610503136,-0.09342407956260818,0.0390468273843187,-0.0027613516716877757,-0.08366603754161792,0.08781632265899049,-0.8073875914960528,0.12208403791579857,-0.1047237708221116,0.17559347913341222,0.17635534139201542,-0.3086582287994153,0.9784204932774562,-0.0393167667220457,-0.05363383392413351,-0.3495450348021393,-0.5182763679406789,-0.0024037804021663257
14.252,16.460477210675354,19.93437599115161,0.8144064504592438,0.993443773306602,0.02780942541674415,-0.005533251263660759,-0.11074966486082392,-0.2892622215172353,-0.06799966786381394,0.023200633633738525,0.7975266580160463,-0.5017515048965137,-0.001955279840096083,-0.22562500218766002,0.0016223218314029416,-0.026070382522400685,0.534442650670514,-0.3069665204228185,-0.07877064584798053,0.4293374647651333,-0.06469421564561265,0.030743076935462785,-0.10270365257504109,-0.0370186863042238,0.12156457405935307,-0.8511547103712049,0.18680252342623563,-0.0922913473697723,0.011753332912511646,0.6869427041221144,-0.49573133077052894,1.0373577621255496,0.011920759513550228,-0.13218265059953194,-0.5767409607983677,-0.3764930984010828,0.06149767059315997
14.302,16.482253075103714,19.931969506523274,0.815689570056271,0.9938735903871496,0.02418468160040085,-0.005503496154729784,-0.10770375590905831,-0.32880278002824803,-0.05819781047166386,0.02136790072328021,0.7853587200120064,-0.46060512286832705,-0.023405859183084965,-0.17287545713626515,0.0034714290418345222,-0.03349740267638156,0.5006040926861569,-0.3227599030276595,-0.07494051950947105,0.4402406859615232,-0.03233511323649362,0.018302441225032343,-0.1811599941681729,0.016400423857327047,0.12195800001115129,-0.7181401188304539,0.18747942338839133,-0.000978938484269094,-0.5039271813421659,0.8614487309829585,-0.34291188134082834,1.049418544880148,0.06180390169661147,-0.15748276876213793,-0.736739523939343,-0.2787615716628981,0.08431144931295485
14.352,16.504574155661064,19.931106987810065,0.8160970325953255,0.9943120180277042,0.018492093460454384,-0.0040565811601861995,-0.10481029259769552,-0.35144413499183624,-0.04714203581042864,0.02914437648968495,0.7204908626322866,-0.39376738083862667,-0.03616069987645021,-0.11989957559131706,0.008692608604666188,-0.0420808551195427,0.4602308122274381,-0.334438917447366,-0.06994310129171125,0.4518016335219961,-0.002496953668447297,-0.007135829050231518,-0.2783221663129853,0.05040942895980597,0.10069510650205238,-0.15520270490147986,0.2371292862227389,0.33396170863006996,-2.127017670932874,1.7260739633050808,-0.13319346956203498,1.034827159861839,0.14557598831898688,-0.16857179530263205,-0.7948769163933049,-0.23399989580335692,0.1271018357946149
14.402000000000001,16.527194515909574,19.93178593290041,0.8138095814557885,0.9946041380829105,0.009667098162820425,-0.0016659078968468282,-0.1032781703572375,-0.3424280811197307,-0.03957955754859938,0.04588820020146513,0.5727814569315187,-0.2878479902294565,-0.042723171801179814,-0.07845967176743568,0.019811875169813004,-0.051054822796654346,0.4400111778616592,-0.35316852715507185,-0.06098625027960913,0.4494789971031089,0.023831616057465265,-0.09544418835465725,-0.4976139549875111,0.05264688044832251,0.008663748048750777,0.4474170609816448,0.06729905250343662,0.1405579520755445,-3.4510373583041183,2.2818145577335,-0.21815386495794747,0.5314297292212771,0.3620984760064372,-0.2267228614930697,0.20325127410247307,-0.5583360728205333,0.23113470085840634
14.452,16.548480345614653,19.932356897981965,0.8085830901178468,0.994402659164327,-0.007308930180523159,0.0010738537861386267,-0.10539818700802105,-0.3255708481784169,-0.02961675485811557,0.01845792412284195,0.5005787876566918,-0.1617825073709189,0.00976055223000923,-0.1022733284413569,0.05005943957468551,-0.05859120234618922,0.5495105507253133,-0.3684152700186906,-0.0490051582550552,0.37364845071189895,0.013695164908352856,-0.03358987120597137,-0.5028964134741839,0.1711292911671541,-0.01160561285127673,-0.4426256756321862,0.2551685021771033,-0.3471503796252482,1.6615375957402232,-1.3360358824976741,1.275893650923638,-1.7262373443811097,0.4583992912867041,0.25337831865366045,4.462046760367834,-0.027051757614016528,0.5653475727309806
14.502,16.567280162178236,19.932114615963517,0.8089163223505521,0.9943138410851254,-0.01478476552916997,0.003462538671885786,-0.10540117153398604,-0.3231825193833839,-0.022925358016848318,0.00769745451697507,0.5526321997483942,-0.23277570468934963,0.047313115375572805,-0.18807171527587024,0.06710284458733184,-0.02207743247809195,0.757701289732468,-0.4091374909660246,-0.027523985128739513,0.3868083262802094,-0.03316507914185864,0.02791290173763215,-0.2753968342959369,-0.05198824613581349,-0.03795445136857014,0.4615923043870014,0.18693146619060225,-0.1544634163764746,0.5376245936569108,-1.139790175451498,0.4769121337307936,-1.4308739460337634,0.2822911782683465,0.6892637920439868,2.895581761031353,-1.228154977569906,0.3151044637544906
14.552,16.586967550987833,19.92908674553995,0.8107675925627684,0.9941275458894779,-0.021789327837009622,0.0019528592891995657,-0.10598034740824229,-0.2902739456332372,-0.012003545645238789,-0.0014384969334239168,0.5647385294848823,-0.2780729730720404,0.06475010366779121,-0.25144798611864355,0.07419584839128848,-0.004511835313957529,0.8397952819200166,-0.4441633939806647,-0.012648013843122167,0.3984385713488559,-0.08298932709780563,0.041953422964260356,-0.24702496047564085,-0.10091129728758039,-0.022755909125690105,0.78530808289777,0.2249770392242968,-0.1850879398176588,0.024377441837140544,-0.7406553787415504,0.24968718701628345,-1.2184126269687443,0.09430153968755832,0.2512740227362768,0.7516734836810954,-0.153537640363794,0.34021470033923584
14.602,16.6070832257046,19.92398549906662,0.8127254179951259,0.9939635679462553,-0.026412247265768515,0.00023885733805234695,-0.10648362191949047,-0.24750579708184361,-0.002439290397160459,-0.008642599118494968,0.5576991701357598,-0.309141749453837,0.07024000536941769,-0.3153981048256703,0.07752894434841838,0.007452223973597072,0.8541217111714102,-0.4437790407612296,0.006471842845232936,0.40619657490097416,-0.1174588820234338,0.033664027255119855,-0.09585327428252251,-0.06952992843159657,-0.0254144339941521,0.9049651691139061,0.14227368319817776,-0.08909387860279938,-0.27249603264918915,-0.5369943977758979,0.008893013315197977,-1.345056545753027,0.022582148416691625,0.20976139711925204,0.0267258661472487,0.08528385784563788,0.37427503149310554
14.652000000000001,16.627520443668836,19.917499600834457,0.8140788224322522,0.9938160724520622,-0.026168364369641334,-0.0003493829686379009,-0.10791065180840675,-0.2008829310477814,0.0016301140414336098,-0.006991745858680293,0.5358286728145188,-0.32975729541631554,0.06702991314739117,-0.3838557876702576,0.07409275267538389,0.01289997878359489,0.8475635153772941,-0.4369905081624752,0.026469360154475825,0.4121080392047716,-0.13999742843561808,0.021130967691722787,0.11107966320958487,0.02458741710023148,-0.08775126247872675,0.9566201284224689,0.01168955985938788,0.1393373195192231,-0.5813456951668686,-0.33099026007488336,-0.03814329769590041,-1.302266495946955,-0.19381166657528864,-0.06793687886747225,-0.33804240257668694,0.16923010645663428,0.33030866692563504
14.702,16.64833774236413,19.909892046414537,0.8146894306784248,0.9936417513937978,-0.020997699023053956,0.0009430704453626396,-0.11060866666286667,-0.1528553644062901,-0.0015214887412926166,0.003626592598274344,0.5010299332648882,-0.3434876034428746,0.06672024849484898,-0.4375809314544915,0.057729931486670306,-0.0034163086629035964,0.8160055087256399,-0.4203570658394222,0.035987848926409174,0.41966070653995335,-0.16451430035526324,0.0010140552972757223,0.27257744934760564,0.12703238888444587,-0.11877812852274326,0.9390384836538384,-0.126642889944001,0.26354876537842165,-0.7566507316309837,-0.24071021209759152,0.01515645190675564,-0.8345075383154523,-0.39193599987424443,-0.492156414537346,-0.844304178163943,0.4660670259171664,0.09173259895510806
14.752,16.669657053726386,19.90097277824467,0.8139457792663238,0.9934450401077046,-0.012039572500657738,0.0037120367638847187,-0.11361435544184165,-0.1065071590186178,-0.011627325529482072,0.018048144701285324,0.4625805351480787,-0.3547466364474078,0.07049362064650379,-0.45531447322451923,0.035257222037508654,-0.04059330126894188,0.7390163054443573,-0.36016838968798476,0.03732323863682363,0.4319021262643097,-0.19172137468844017,-0.039105162322210694,0.4059825686441364,0.16074867242137494,-0.10025332965764074,0.8714714825330634,-0.2750049883503624,0.28407506340806893,-0.6536213833212655,-0.2786866140071319,0.09157793246565012,0.15559212715551005,-0.42561575769316046,-0.8762593109253295,-2.3268829986918553,1.864262762201996,0.011192328628849951
14.802,16.6914477591742,19.891057615137324,0.8095549026673169,0.9934751368089353,0.0022343998570881984,0.005178136750841042,-0.11390938020871928,-0.07913575663129706,-0.03366122871902238,0.03700986682242716,0.4672735494656512,-0.3740659000543175,0.06851611901809282,-0.4165700331361266,0.020320666806464438,-0.06764673168846876,0.57492794256394,-0.2510105237040632,0.0414537457277506,0.44239493893522885,-0.1948247983134831,-0.14172999669943176,0.8031536499596005,0.04823772829718107,0.09542481074609754,0.14977611783960249,-0.7399612163523056,0.39145207304066987,1.066816802393779,-0.4344538860710825,-0.1777419724758023,1.2844569424430292,-0.24737941033338642,0.01818461849599974,-3.848373362876348,2.09552800749638,0.13571688031160345
14.852,16.712344659170842,19.881596249188537,0.8049097493390664,0.9935272257524996,0.019359165044770626,0.0032578370813810178,-0.11188503436501844,-0.10839972288786408,-0.06518276065514568,0.04476994861261335,0.5926245017684515,-0.3791290929328638,0.05082945159026242,-0.39070975946263514,0.017298321480524473,-0.027573215892586548,0.5417209042896594,-0.15484260564393326,-0.026612706547072967,0.383360492699089,-0.1747819962280401,0.011220197345491211,0.3921243137586354,0.042957539768083926,-0.0037786854513090114,-1.1452534412650848,-0.47617569277236077,-0.29059124001365066,3.327848208378512,-0.5595711900464921,-0.25762690207990957,-0.05627419263788093,-0.15955263990239277,0.2777606526134942,1.3896319715900085,-1.4455918121196276,-1.2284396365794898
14.902000000000001,16.731492116796822,19.87369443645338,0.807218780292732,0.9936136225905478,0.025914617431580567,0.002045014399347542,-0.10980081749226045,-0.1652775780139251,-0.08019743682516386,0.03656263881436257,0.723369448839787,-0.47165342847507863,0.042759240068195564,-0.37157766410923887,0.009519464544122768,-0.022313696109160862,0.5764683644049128,-0.2174105270556798,-0.06437796356076832,0.3921164090681948,-0.14628781646379638,0.06232411603011292,0.1815258163400821,-0.0973033565961177,0.09627183944238618,-0.9300838608354076,-0.09089169612660604,-0.006854608206192905,1.6501942535102094,-1.8960482991432999,-0.14882885952896402,0.7498780358194813,-0.11406663291045283,0.04936856762870616,0.15219881682255773,-0.92629361506693,-0.45688240055990786
14.952,16.75154165296157,19.867111496962035,0.8103413535850434,0.9938036984019257,0.02873701014078869,-0.0014797614914512291,-0.10736015833049956,-0.20692170815491706,-0.08053959878122204,0.034895687333607026,0.7742839693632443,-0.5242944931426982,0.03477480455406986,-0.32606706032542293,0.004643646584539021,-0.02187022273636235,0.5712375589610343,-0.254097050235221,-0.078127364400574,0.40748989586848783,-0.11718043433431834,0.057648663094442006,0.08434451237689122,-0.12641599305752235,0.10329229235459024,-0.7917843990174862,0.0411533728765682,-0.0673994470053932,0.5743286891783097,-0.37549157181437764,-0.19200803770220048,0.9772202019186405,-0.08599185404049002,-0.021207944697756425,-0.24125387171851592,-0.6096117643657125,-0.1397526389116903
15.002,16.772224465115684,19.862019278740622,0.8127679139684352,0.9940398468219687,0.02935185405483378,-0.004333239608228039,-0.10490221460101465,-0.2463480155294432,-0.07618675362385399,0.03035372916296786,0.790824793236354,-0.5259350982750114,0.0215559182526132,-0.27675003368721973,0.0015018927033108452,-0.024254515880896367,0.5560002694343735,-0.2817819969744509,-0.08097268606814621,0.4196390945799384,-0.08750537727808731,0.04026293567920451,-0.004751488459774809,-0.08874364545495331,0.09896132965983899,-0.7883182138848243,0.12242704526827095,-0.10372279173287373,0.17183582203507786,0.1775021713651747,-0.29960239804061095,0.988889025963846,-0.04048553876838306,-0.06545938549479331,-0.3541483703863672,-0.5190504404666998,-0.0031958291254430265
15.052,16.79347936802564,19.858376778381125,0.814535998031583,0.9943769662671194,0.027733148631584718,-0.005814231110498573,-0.10203683717644609,-0.28741660407588343,-0.06824976125233814,0.024650164913273948,0.795957771126574,-0.5019601896291179,-0.0005595475875894123,-0.22597900139057245,0.0008799867911321563,-0.029669389227376802,0.5325775716068047,-0.30412507210995965,-0.07936613997159096,0.4305726945236671,-0.05877469787399967,0.03151985115310847,-0.10335656707994773,-0.03888699936987245,0.13217765964692244,-0.8319989501012603,0.1861506342083649,-0.09636918100310074,0.00839646807566088,0.6821809086830195,-0.4931794800506813,1.0430510174518426,0.01153663778818027,-0.14204188146194638,-0.5779395550363232,-0.37940297591120675,0.06392017228933038
15.102,16.815264703670028,19.85627994011871,0.8158344089252758,0.9948013151917922,0.024131092733240374,-0.005732929893477785,-0.09876824981246078,-0.3266318105828694,-0.05847803469702581,0.02257602557456155,0.7838820562178981,-0.46070796383187324,-0.02240373530390422,-0.1735561028475305,0.0027065194679586784,-0.03747992939046547,0.49910275494047823,-0.3200392336154556,-0.07544014284266508,0.4388619911652347,-0.02574926820878565,0.018009593010873664,-0.17883600216129308,0.0271711760820222,0.12709532902893483,-0.7273021382138211,0.18819850893085388,-0.0039300882057753655,-0.49923772032367664,0.8691236545558625,-0.3603100920402922,1.0257802477559816,0.061253605956043664,-0.1613579802688289,-0.7171393884688759,-0.28135144364578935,0.08434769371645415
15.152000000000001,16.837386890216976,19.85577732852219,0.8161889162317228,0.9952142731917926,0.01856834355095696,-0.003868896261620428,-0.095858221842584,-0.35066064924743734,-0.0477952523889648,0.028929913413378402,0.7190899275409954,-0.3930322736746337,-0.03777497237159017,-0.12302970841139863,0.007885614563406163,-0.046057223763823714,0.4608491342642642,-0.33203407841515925,-0.07076773371210651,0.4454474117091207,0.005063590468885975,-0.008510065195679206,-0.27384006482999956,0.07537517093738005,0.09500376661454933,-0.19554439177675725,0.2322000172787996,0.2989546604353667,-2.133696972972312,1.7561982318324891,-0.20702429557028987,0.9661197340696638,0.1455831605065214,-0.16498771319123315,-0.7342337485108962,-0.2434598579301419,0.112905473671131
15.202,16.859590855288957,19.856840549503932,0.8138883022068523,0.9954684838388151,0.009856251113940631,-0.0009092295309142754,-0.09457550052360379,-0.3440281951310106,-0.03998501227082093,0.044152273464627564,0.5707433860957877,-0.28293087469422656,-0.04829577502414224,-0.08558989755627575,0.019119230207655994,-0.054593606384079174,0.4442838732883753,-0.3508593427488161,-0.06250535899813311,0.43991737997764785,0.031215610621059244,-0.09342403025581016,-0.4994857132598181,0.07702439116384086,-0.0034154795423140378,0.3940455714463772,0.0828493827935896,0.11091253430482233,-3.4568212683750597,2.422879501458115,-0.29905693554612145,0.44208066558102815,0.3683601114306754,-0.21730396825574946,0.2927551081018257,-0.5376180801629903,0.22533678324431794
15.252,16.88036736280547,19.857720827373278,0.8087859264939791,0.9952750636684435,-0.0071156763689097955,0.0022366983167523818,-0.09680863582464333,-0.32816026169981116,-0.028752956767032038,0.01857417420652212,0.49667245769325247,-0.15774012648957808,0.015601905399914488,-0.11258717474932801,0.05001476016019691,-0.060501044546756734,0.5556701848801191,-0.3643185464892531,-0.050128616007010546,0.3598525206466003,0.017140760912370885,-0.03169620426448601,-0.5067387621801674,0.19907611629858563,-0.009023683635863823,-0.46869010780655884,0.2774650170707139,-0.3306678735497874,1.6164875511105243,-1.3840111501525207,1.3191115334399108,-1.7650136013797773,0.530255937806509,0.4229189259761149,4.419185093615461,0.021080756667071945,0.6152967827863801
15.302,16.898357404593593,19.857676041245888,0.809219639285766,0.9951678185599663,-0.014619252500059758,0.004997609115719763,-0.09696553130913957,-0.3278563511521482,-0.020820887611713464,0.008246131330663847,0.5482148147747175,-0.22656402332131229,0.04722168347273599,-0.1984144816766642,0.0703018057058047,-0.017407678837119443,0.7588208164041549,-0.4048959431554258,-0.028119776687976397,0.3691824010868888,-0.028519846784385548,0.03149691943244717,-0.27375100119737045,-0.044960650410653356,-0.03978135027876174,0.4361494315856057,0.2009580231015632,-0.15379177365275387,0.5086365748313186,-1.0774205013604143,0.3853690834843696,-1.3990194406625862,0.3056893418547859,0.7260709061786784,2.7709291558627096,-1.2543457485994425,0.3504819966238292
15.352,16.916974827815427,19.854927041921187,0.8112376927403713,0.9949990634223707,-0.02152014042226421,0.0036515276554011157,-0.09747006561294802,-0.2967964766666738,-0.009231082887690836,-0.0006487100912925716,0.5589279042988612,-0.26830639627476977,0.06115895201136673,-0.26000226784813407,0.07744711405535662,0.0008199033216820844,0.835488831249908,-0.440595398760291,-0.011284273495626097,0.37263863999460645,-0.0762829375747402,0.044085537357206425,-0.24424711937306576,-0.08649564861891075,-0.016345032096089333,0.724758597853772,0.24002557817148062,-0.17586793496213415,0.013330337893181,-0.6656909928867795,0.18396131967110502,-1.1797849471341024,0.07724709616252709,0.24687752750055447,0.6614888240782101,-0.1889414957005359,0.3672282202091451
15.402000000000001,16.935469472475603,19.85025365899774,0.8132092771567954,0.9948582855712512,-0.026007513548527636,0.002477966033812223,-0.09784917247267712,-0.25899493392952844,0.0011122317270216497,-0.007028978964223486,0.5531173469618355,-0.2962021991179147,0.06516188761363614,-0.32145347803676305,0.07957895284646326,0.012594938973343186,0.846017325879233,-0.4426396862344233,0.008284466466451451,0.3666442072632178,-0.10715266237646975,0.03231700708844455,-0.09471602430532289,-0.03632763642602711,-0.02361730955353822,0.7659633505541271,0.15982999338548876,-0.06642451610968078,-0.21279249962730187,-0.48020006341147287,0.009685465032245114,-1.2786934342450154,0.002102342387627001,0.2138786177202246,-0.04253909488672852,0.011520801675263304,0.36886255978820864
15.452,16.95351214947128,19.844392009654406,0.8144339147669369,0.994757598605807,-0.02567163636910922,0.002818473531948806,-0.09894616369061844,-0.22139572893843773,0.00545723589183182,-0.005075138825219162,0.5366192097579278,-0.3151169291371894,0.06501442081524465,-0.38408056835001514,0.07363924654717308,0.015741371315946495,0.8335681778956705,-0.4399416810294099,0.02544305058891263,0.3567273282235484,-0.12596223991165562,0.01781313043088189,0.10983842861595083,0.06281969424108182,-0.0597198142126645,0.746030656505728,0.013043055864542567,0.12865793652077778,-0.44274964661223787,-0.29850388737609296,-0.002323316253418683,-1.1535528442329606,-0.2621922834823349,-0.14887104691779987,-0.47420600872580465,0.1285879869443303,0.23808628128293818
15.502,16.97123269941441,19.83749948373356,0.8149615373899906,0.9946865746837211,-0.020447481198130057,0.004979919955035065,-0.10077558758876562,-0.18450590438379333,0.002324043961513815,0.004464016181478049,0.5097076433601934,-0.32729592304979455,0.06612847995735877,-0.4309074467780281,0.05564008320658158,-0.0021053997154958063,0.7985142683358496,-0.423964811827114,0.032786193994473,0.3525322538351208,-0.15032013483497889,0.0020953393167484824,0.27481036747304594,0.15085510187497667,-0.07949166929257599,0.7169309256302222,-0.12759337695798886,0.2331966047046592,-0.5954808470152874,-0.21067681932601762,0.04752186008719157,-0.7210379153918033,-0.38368859161365176,-0.46385098501032707,-0.8479367451280001,0.4596393248103359,0.09002569747599576
15.552,16.988973247379747,19.82928062449287,0.8143878439283414,0.994606268169777,-0.011334506549565497,0.00822480535982279,-0.10277282157973777,-0.1489817785481271,-0.007733610759770711,0.017164426479533902,0.4791750466796736,-0.33741900061515223,0.06927521920160715,-0.4452157613659019,0.034898758794165964,-0.03564699631092303,0.7238350900187117,-0.3636628313751258,0.03625283196413744,0.35752547096128917,-0.17742658939741185,-0.03315562207384481,0.4188991466079945,0.16621619444517235,-0.05659105719408489,0.6706092152490486,-0.27692270427518856,0.24859317812373571,-0.5122150357921716,-0.25559584302129434,0.04001596969436773,0.19365843408424038,-0.3922938324324735,-0.7863753013921952,-2.281242454858665,1.933838345335499,0.07983496433829233
15.602,17.006985229311834,19.820087181853605,0.8100932699734329,0.9947122795152289,0.003104552660339213,0.009690801728336125,-0.10219555321176824,-0.12779159170416285,-0.030318732953923115,0.031127249355955244,0.4844941047017295,-0.3586368829649999,0.06450473534607333,-0.40533462666911735,0.020506000615869765,-0.05793595920047945,0.5591912253257355,-0.24466261928082014,0.0446648586395398,0.3641521455057329,-0.18046813164812286,-0.14997094613527215,0.7945006825793763,0.03990036968596481,0.15316467610246187,0.09266601994441226,-0.735502486378371,0.30142401681404574,0.9494500805555707,-0.583275627241477,-0.2297700669494827,1.2840106342193585,-0.27865464829318054,0.10963438475214289,-3.875617110179932,2.3472864527333486,0.22678078507198118
15.652000000000001,17.02371195932664,19.81143562601872,0.8059822616220924,0.9947601243277276,0.018353981187569982,0.008447201540047952,-0.10022011379055662,-0.15528011279381343,-0.05676360515292379,0.03817609099566421,0.5925935720381695,-0.3683842685249068,0.04589751395868674,-0.3864597663215329,0.016021070923139532,-0.026934470550921158,0.5412205040833359,-0.16588007850237468,-0.03607691625610512,0.29907039607009017,-0.15430219393725958,0.017007919423126384,0.33768724829954566,0.0655259685496153,0.013558424200788594,-1.1496295891937294,-0.42216504477136796,-0.3522694127627238,3.1028621067723328,-0.6366120675424363,-0.16370732421491424,-0.07329736335464006,-0.14176289083624,0.1973558986058731,1.1227213050003808,-1.386676263072746,-0.9429423255492722
15.702,17.03844112543632,19.804799663582514,0.8081643084594117,0.9948661149367031,0.024598135510126004,0.008133528367249737,-0.09782735198539534,-0.21369016854052514,-0.07042355063917871,0.02893909052648141,0.7197624807835395,-0.4526810011084485,0.03705594095544535,-0.3726827029613392,0.007948249030590002,-0.023516396056417564,0.5677319352702835,-0.21721440801784153,-0.06455190703004426,0.2979069383017589,-0.11696589423758647,0.054684555861073895,0.18577230373535333,-0.05292536640292082,0.11058344309873591,-0.9776773163569205,-0.09120550526962423,-0.03662541705277771,1.6749378475650507,-1.6920918679821204,-0.21451990179287678,0.5568227626852649,-0.14255920354837667,0.020641204774119886,0.102276415433331,-0.7074894627819335,-0.3558089291727295
15.752,17.05339686777151,19.799787967618112,0.8107513581234606,0.9950730715020939,0.027801534850418363,0.005994385165556251,-0.09497749405957216,-0.25550870705682777,-0.07016844887699322,0.026686814281393006,0.7692507692031869,-0.5029607677408806,0.021859713739061544,-0.34001563656935696,0.001400350854858956,-0.024640693794456787,0.5640899564150712,-0.24486867536606133,-0.07468457144665552,0.29886532123367554,-0.08440386350165274,0.04617950884942014,0.090874506906781,-0.06783604125228525,0.12401923600299634,-0.7282854507684867,0.06370439519154936,-0.06935466100626889,0.4478253580018641,-0.3631284642563522,-0.3546746728614023,0.6865440147171363,-0.12232267179191685,-0.06085144720667346,-0.16517070724843977,-0.45089027529905534,-0.08566975619734622
15.802,17.068252781192097,19.79641791334205,0.8126523613540089,0.9953530591832784,0.028691930190537618,0.004460873160488133,-0.09181046414801995,-0.2880214171388335,-0.06518341335274805,0.02157850688039263,0.7765394696866373,-0.5031626192441595,0.0022784380659224422,-0.3060596008596135,-0.00352491212580434,-0.02936687228448293,0.5539211750513101,-0.26494448846995605,-0.07628605125935374,0.2946704322918368,-0.05139589080639851,0.030762839297882302,-0.00622579555317351,-0.0384056208683568,0.13193088990193078,-0.6020419849689013,0.12381161290377311,-0.12195960127862468,-0.002482145173758949,0.21981427587499677,-0.394909893924051,0.6637896525274215,-0.07251660774874415,-0.12007199875966058,-0.23024501176280354,-0.36836207593901565,-0.005175856941516021
15.852,17.08275580370565,19.794696403427935,0.8140418373648735,0.9957313151631079,0.027081556331180392,0.004107400732009098,-0.08814117408710632,-0.3165910906392558,-0.05815911670690772,0.014888624793234698,0.7717877401147631,-0.4786164544479926,-0.025068583637307698,-0.2727152668136382,-0.0054624180071939,-0.037545708066921875,0.5380787143668257,-0.27982528067148627,-0.07639372523710163,0.2861824591974865,-0.018410921498190666,0.026235290516101125,-0.11452546600847648,0.0014329557883693,0.1572811488678189,-0.5186516492950005,0.15458637113240872,-0.11350416767686221,-0.22065984275962552,0.6424232291653101,-0.6072101406063503,0.6777608667789562,-0.006648832899070894,-0.19543556831252287,-0.40474283320483817,-0.23336068877980307,0.003232472802178288
15.902000000000001,17.09685953032581,19.794690357553936,0.8152593899337119,0.9961699021699543,0.023091328181419957,0.004839266753065208,-0.08419559412947111,-0.33743567879746345,-0.05002377731956346,0.012593389105124477,0.7484566363551394,-0.4419022902302575,-0.05144058503277239,-0.23859482918769132,-0.004095028612061469,-0.04807420120714608,0.5137597600765345,-0.28862559797617604,-0.07517395084525984,0.2774908128381984,0.016743635718726148,0.020443756110495027,-0.2096296428285008,0.04058286180406634,0.15355160482275226,-0.3277103780390424,0.16233661977353095,-0.0005992859592319782,-0.6865521123472239,0.7544924787974926,-0.41947775851357816,0.6691004183453713,0.06449976503692179,-0.21944406150040888,-0.5396996801292069,-0.1332181375367225,0.04873224239988091
15.952,17.111921042622807,19.79698026807987,0.8159090493615009,0.9955887871024982,0.018039089494039907,0.00393576365462975,-0.09198949945758782,-0.3157261302365079,-0.0502435916722225,0.01001032927419307,0.6549369257148607,-0.40453294487494285,-0.06724890085330075,-0.20367520159625938,0.007553387320205954,-0.03295327597804322,0.489960249055013,-0.2965855803594375,-0.0700729912986646,0.31048903852818116,0.05774053266862367,0.0028400935599005566,-0.28744455761327686,-0.08296080448444128,-0.4199697955802108,0.7159408424417965,-0.026323206068213083,-0.11478287630768642,-2.4386627992104644,1.1311806222680352,-0.15160399801377625,0.74730673489966,0.33937391357876945,0.3463920220502237,-0.536404039586464,-0.13604419796920858,0.16696590158926874
16.002,17.127607638135363,19.800065557167734,0.8141423117027908,0.9945952012627298,0.00689604058654174,0.003108909085789104,-0.10355271572332403,-0.2688574874659908,-0.043983295538599455,0.00826179697624067,0.5025928039607882,-0.3149331636716035,-0.06847749787925776,-0.1721796479119705,0.03247068316935968,-0.016686810335815587,0.4753270424147745,-0.309022957655605,-0.058358159317274075,0.31104412687092386,0.059515782985796996,-0.08521842562427431,-0.5908767848498371,-0.07859702150553464,-0.49850521718729524,0.8414819088002615,0.2650483133465876,-0.24005663150234843,-2.103118965116393,3.752927857725283,0.8019479775643455,0.4247180150698345,0.6696947069008128,0.29372545724103705,0.11841379494070314,-0.4449990713747,0.28334401607615534
16.052,17.14228108534202,19.802617116655163,0.8117060032146949,0.9932961208864175,-0.0028833352044280846,0.004107693860599521,-0.11548865511920349,-0.2484675277445755,-0.03274399097156775,0.010639343627201259,0.4910335821354684,-0.2408769821718896,0.0176769180308893,-0.18917257198281534,0.04953352562177837,-0.01526672642845271,0.5556351235007764,-0.3376401585682749,-0.03121398725224026,0.26918896378836976,0.037693953952928315,0.00729752630608851,-0.16422175447877296,0.0936891762844725,-0.5259334249691312,0.15121933722875358,0.19089817743072468,0.36114202031338705,0.5605323447575034,-1.155138009856681,0.9526725217512364,-1.4909209271397006,0.056472670033535656,0.014727230277325924,4.1872536859933405,-1.3609872514633594,0.6975044301004891
16.102,17.156595442484928,19.80220717696675,0.8134738338001617,0.9915813037150272,-0.007654066424672585,0.004216559075593867,-0.12919037897435068,-0.22118240668865555,-0.01757049051061681,0.02839259710858398,0.4954782077102146,-0.28337655638219317,0.04548921724569091,-0.2610930704699206,0.05898336974368474,-0.001315397772119111,0.7440966398549546,-0.40792416421775785,-0.007712228574029897,0.3009286960259782,-0.04696237906140051,0.047328762077160344,-0.2317003075249834,-0.07768422347129576,-0.5260310529020462,0.767855327601663,0.3917571375158082,0.29653198911478085,-0.1756547529945714,-0.6111217272635735,0.2880125984452473,-1.2063318115595036,0.21640773657072443,0.269823148080767,2.46075333476316,-1.1209501891197562,0.36013193794744963
16.152,17.172129333305357,19.798536559551515,0.8156183044516127,0.9897084792857453,-0.013056403995292693,0.0029468379215137086,-0.14247095314791022,-0.17835595545784824,0.0022054508098044755,0.0450451255436724,0.4795088175195743,-0.3081145018990437,0.05383050436199688,-0.3208495350584369,0.06721526893427222,0.012835942978366113,0.820525815395382,-0.43235714490156807,0.010893703457071469,0.31815461048550575,-0.09448926914927215,0.03589672298125553,-0.1646950256788879,-0.046878306809527405,-0.535579655162165,0.8939160415528756,0.3685761141830324,0.36674100647893565,-0.4254940430092063,-0.40964088805172283,0.06923558732830229,-1.2101353365313587,0.05917626646597806,0.1798234270162601,0.7644454316237983,-0.10317022903597925,0.3841799778375383
16.202,17.18838995336787,19.79285733779931,0.8168561472506651,0.9876614873993483,-0.015322702562403902,0.0030920458569804452,-0.15582182243418444,-0.13329120342576134,0.01732847772173352,0.06645540015959464,0.4537463108406186,-0.3253833772435556,0.05297344742323508,-0.3835244398598164,0.06481724737161167,0.015084814340693184,0.8369665217792438,-0.4338379289267534,0.028149272974709486,0.3315512590368403,-0.13021152834857028,0.013455168579345813,-0.01353743039515909,0.047756405340062875,-0.5443101932865679,0.8965727365933838,0.22497376010188228,0.4833384052989011,-0.5826180325046921,-0.3061480837823377,-0.049982390200137984,-1.2738534025076276,-0.14111680238856764,-0.08267084819807051,0.057815820576415364,-0.010914885216787054,0.2842040217227794
16.252,17.205446483849634,19.785554286861778,0.8170954627705406,0.9853817127661865,-0.012889307413917899,0.004959117564926613,-0.1698003329011609,-0.08609407000202579,0.023271493792964067,0.09525576037108868,0.41605874841743895,-0.33623727512322305,0.05010001863526052,-0.44345475685947466,0.047836738625620316,-0.005037385088263917,0.8310358070932755,-0.43305735636036374,0.03556997894760851,0.35190062496854635,-0.16291390105161266,-0.003211682057550824,0.16382335714459523,0.13249708359669612,-0.5709321801984589,1.0029266822505785,0.023608551278117437,0.6328647696283098,-0.910124692380653,-0.14585860631568903,-0.06048434079646613,-1.0472233716082309,-0.48882343247217647,-0.6652974189128089,-0.3178653611187769,0.12267825553234697,0.027311578347879853
16.302,17.223664699286072,19.77623823433334,0.8163007246905725,0.982932667169278,-0.006886262262747657,0.0075349654624735215,-0.18368226778602734,-0.033878705669129386,0.020599263346635876,0.12772681062317362,0.3669640293120518,-0.3423072472704986,0.048921053651343784,-0.482539245453652,0.02239751683577014,-0.043376382596281474,0.8040957279664182,-0.40940609632347474,0.032798943350113546,0.3747165204051454,-0.2092600643630273,-0.03194830435064916,0.2651014599105272,0.16329290756448586,-0.5467996754045602,1.051134562495189,-0.11410271777330162,0.6462382150800475,-0.9765700114029866,-0.13669135785118192,0.0034636683909718487,-0.526905284475269,-0.46991620844412957,-0.7805199266197,-0.7056338486740301,0.7230200418879101,-0.10691148685365827
16.352,17.242979960109313,19.764481188528777,0.813419571918761,0.980416991974311,0.0012979764612546527,0.009434110729744028,-0.1967024012560348,0.018550245721901525,0.01225035666082986,0.1599429868076677,0.32447242452658703,-0.3524296253630979,0.04881014269453962,-0.4847307305843125,0.002446532660952194,-0.08910180854608722,0.7323002100174566,-0.33367282055214725,0.022628314506353008,0.39283337308462446,-0.2588794357012714,-0.08993581106072208,0.36332896043183965,0.10950187422077753,-0.47627714129182314,0.9150408968817619,-0.20516228775786993,0.6384768168339309,-0.45195212219238,-0.33672791410892616,-0.09734625802042997,0.4601698145346848,-0.2241657513480405,-0.8949962367416069,-2.285700888741052,2.132533340144037,-0.26237261235591114
16.402,17.263015291504427,19.750971907180492,0.8069284692784228,0.9785229255363237,0.01627483068210352,0.007389340009475623,-0.20536166083358803,0.03436297763103665,-0.011145349541694308,0.16962149376576255,0.37078873184840483,-0.37487077450592277,0.03309268730993961,-0.4317966293180462,0.0019788981117702356,-0.105892163411289,0.5704327886587139,-0.21423456536095034,0.010309149579971123,0.4166293935429656,-0.27051239592295007,-0.17174722380787966,0.9573082349249499,-0.06645426434504613,-0.20629735845338934,-0.3205516849532766,-0.8738693889639703,-0.2823902459088643,2.4514868613067486,-0.49021280724220395,-0.28412537348212563,1.5946923303325482,0.05270944278073766,0.4177825631729539,-3.803893344257252,2.193431871003688,-0.1856579362448596
16.452,17.281195103908132,19.738195066492118,0.8034010196884853,0.9769918213182763,0.03302133179535049,0.003974834279305981,-0.21066744745240013,-0.04137393575315664,-0.04736076969465978,0.10542528277601573,0.5840452079093764,-0.38269327174392703,0.028426357273348874,-0.41703183628933077,0.003930158995982538,-0.060230215769576274,0.5801065007631806,-0.18161500742879697,-0.08098763376068698,0.3262538482972376,-0.23143968084071154,0.018309815647082815,0.4188959283189483,0.060366969035926296,-0.23905037156072312,-2.139415997820543,-0.8589988949090022,-2.2170920076500966,4.90303176223905,-1.860799870241175,-0.04986572971323015,-0.08694023627043226,-0.11721902269162607,0.4789383575518087,1.2962094398840212,-1.547965695853396,-0.5950013217609535
16.502,17.297808331458686,19.72691510143897,0.805667402966317,0.9754925538414555,0.040308108785689155,0.0018527936340162901,-0.2163009498863693,-0.12705177793783964,-0.07114577402081654,0.041407310978174315,0.7387234541441131,-0.49804105266989823,0.015157915689152611,-0.3988540890129142,0.0019473168453630375,-0.040785647734787954,0.6100781048924225,-0.237354495988496,-0.09839096274899123,0.3428205728584026,-0.22376965877482385,0.05932633216393779,0.21703717768093886,-0.11860800182162748,-0.2560910353160431,-1.301853013894302,-0.13386451658948503,-0.6512405669680956,1.57635443026821,-1.7661818978785422,-0.2715213512634925,0.7133519285896135,0.04299062850950604,0.3468151935274409,0.10762976299497809,-0.7989499580010868,-0.22554745999216821
16.552,17.315385596100842,19.716193093143776,0.808580032361891,0.9738163758943374,0.04346624422359592,-0.002465977403569553,-0.22312837248668735,-0.18377767748134782,-0.07113581958772684,0.02502155600094132,0.778255991526179,-0.5387594992039147,0.011524274756108266,-0.35664059908759255,0.005405874695264465,-0.024462237632451478,0.6058853014943426,-0.269410517279754,-0.10518535662500714,0.3572972498222754,-0.20379908522505347,0.053126692705208804,0.11767642590538326,-0.15735813125115652,-0.27914509680291166,-1.0618932827904113,0.045419614833141365,-0.15288026964924498,0.31589359118149957,-0.13497677694105234,-0.008953332221526989,0.8944415233933649,0.08211508060579738,0.30094144852639026,-0.1846887619526104,-0.5327261252013178,-0.07420502759863275
16.602,17.333498898409264,19.70657874518848,0.81085732559527,0.9721726949918114,0.044140889005273805,-0.006072950997143391,-0.22998902646945474,-0.23513104829999268,-0.06979344818275272,0.019542807823602456,0.7837389067296843,-0.531035328432663,0.0048499922448934025,-0.3113089777926748,0.010632729632116804,-0.011024649979407681,0.5938015589551758,-0.29365629642073404,-0.10742638713831468,0.3666581485560536,-0.1818965896257435,0.039042202627202094,0.007021928331257374,-0.13399299829032502,-0.27119749990361275,-0.9994344336357379,0.004239860422348212,-0.08921005109725202,0.00907066053384899,0.30763339759262437,-0.22587817754821624,0.9155619485392261,0.12844082896040665,0.2409159591770388,-0.29475408955346805,-0.4528530897764669,-0.023869621296315823
16.652,17.351980512635535,19.697994478574184,0.8126781736608214,0.9707179521858205,0.04217573872254378,-0.008137856558254422,-0.23635067094893591,-0.2842815642946676,-0.0697927544414831,0.015406721752504056,0.7819155486006919,-0.5022525794970019,-0.016496762234130418,-0.2642965788642052,0.01872273407061738,-0.000788392299485326,0.5731810036431492,-0.31267717499266434,-0.10839086893201878,0.37313895673220965,-0.16271210111844206,0.034904333083133614,-0.11203824001175972,-0.09021148852294503,-0.24430308818868457,-0.9351935992925879,-0.0008244042488965899,-0.070667678045502,-0.12759308952790993,0.757378346494278,-0.5055866929632098,0.9706636686205403,0.19070915146761283,0.175355946660432,-0.5297348816012064,-0.3125150118837651,-0.011381230001896074
16.702,17.37086986418451,19.690334295183067,0.8142963953981254,0.9694533005379599,0.037889666975047934,-0.008534438785757362,-0.24218140838468274,-0.3251165923928347,-0.06953553633029705,0.013749421972847028,0.7642921084268977,-0.459377244989195,-0.03777756005891687,-0.21458821371550854,0.02947549995981815,0.006988114453771522,0.5410409270792843,-0.3251559308048717,-0.10849637734487118,0.38152720966631476,-0.14418909261007004,0.02764995073771858,-0.20678507356024636,-0.03833622957519572,-0.2281067070753938,-0.7009251390457494,0.009256034762328023,-0.0045294178250751185,-0.5588207706776094,0.8642751003931047,-0.3236213333133061,0.995700082689948,0.2359093666155308,0.13879244805941676,-0.7207155278647024,-0.20475669251635112,0.006640191640858354
16.752,17.39023326937017,19.683509408536388,0.8153852353685032,0.9683096508590527,0.03162708788517774,-0.007131474257955146,-0.24763943433958768,-0.3454012004838893,-0.06740513577218914,0.01740779065520395,0.7012074118801295,-0.39742188907714815,-0.04657276665103683,-0.1640350476321738,0.04262819500438569,0.013217203838640525,0.500413578143842,-0.33264367813782486,-0.10608734636811697,0.39249559518478555,-0.12848796935076037,0.011249173934159414,-0.2986050415013867,0.006388741328363522,-0.2250617283522701,-0.08552753884469731,0.07840345917061738,0.19567520977572037,-2.027147815227641,1.5334467241125787,-0.03488052366518164,0.9913257569555253,0.2865994049781879,0.12106000577854209,-0.8278025112829366,-0.13360290882341264,0.10052413312136212
16.802,17.40993975808551,19.677630922608497,0.8143480712039628,0.9670536758352878,0.02303905704453997,-0.004003075715228953,-0.25349628259360046,-0.33042335041556603,-0.06393061737453921,0.030674678685305694,0.5555431702193548,-0.30312995376895263,-0.047271910309811475,-0.1233326490203387,0.059350207256285356,0.017144571088379985,0.4739076180360169,-0.3445405047185787,-0.09636045385338911,0.3907713475355774,-0.10886083011668116,-0.0652971769622843,-0.4711308041045446,0.042098952812214666,-0.26867654763394755,0.6005960290775374,0.05599593962052378,0.19678975068389776,-3.4681662777962434,2.0404031706436623,-0.03823489553491962,0.5456691664252435,0.43119595955095524,-0.03781527871249739,-0.040934851068743575,-0.3919406225186347,0.2891976646419863
16.852,17.428258352903654,19.671696637346443,0.8096462694305534,0.9648576682771863,0.00666688178137101,0.0008769667715928199,-0.2626870068794901,-0.3001521486653236,-0.04769564851409046,0.014462020402868736,0.45574525815702166,-0.14484322571676503,0.0019768525878179678,-0.13922777126345687,0.09140836316760234,-0.004604477105582052,0.5572526313673972,-0.35659608121703606,-0.07842535480915597,0.3213876367208613,-0.10098422562691813,-0.04547586171653299,-0.524706530732215,0.14280194803726343,-0.30947705140235277,-0.3455668715608596,0.42062194967469807,-0.14981180180668507,1.3984022316628733,-0.5073096027133368,1.1993699240090279,-1.493759647570035,0.27195514827133177,-0.841593523520044,3.6486600907158655,-0.1481264271146588,1.0158001399884737
16.902,17.44400002306386,19.665867881221445,0.8102111249063423,0.9628765504138588,-0.0004676316684808145,0.004502947733893769,-0.2699041560358703,-0.2980299525296459,-0.03219409606208396,0.016246827228308152,0.5065305422147159,-0.21421499598018942,0.03887695256098061,-0.22105884045875904,0.09537709447929299,-0.01489234882748754,0.7474194250830787,-0.3955283683309692,-0.03328011052358623,0.3156728420601799,-0.14788330679887265,0.03749923523773639,-0.286708816436352,-0.06499594781173672,-0.35758839806711307,0.47639528436934636,0.37848215873425717,0.10736168473454419,0.5183871544448683,-1.191797244712976,0.46403100359694255,-1.4219006032949093,0.05991123929105728,0.23350714198662237,2.926355533194128,-1.014798561848417,0.5396040162916392
16.952,17.459383326122342,19.657103999679773,0.8123526500712276,0.9605215665767878,-0.008264152874912311,0.00450970304747075,-0.27804619489674176,-0.26666727505799104,-0.011007970707869795,0.020272000154191422,0.5190471753355487,-0.26082655837559304,0.05625745110832496,-0.2855726756407952,0.09511270462837373,-0.0013631801827446914,0.8342214201099398,-0.42625214559855945,-0.007362898618164535,0.3009570781389198,-0.19555351752497824,0.04374763011597324,-0.27512525665540466,-0.08208331541040877,-0.3375960439861001,0.7276748213231462,0.4348731265902473,0.0985212087565127,0.038444097743793905,-0.7282011218949878,0.18063654078848276,-1.2214462439258496,-0.0734848515728168,0.3195403066825732,0.8087344200692208,-0.19506967046238802,0.5160737326004556
17.002,17.473963510311147,19.646625245578985,0.8142087763919427,0.9581162354784839,-0.013433566374145512,0.004897549502844707,-0.2860224337632908,-0.2296208231448862,0.008533042685549688,0.028114179494564205,0.5136186199622319,-0.2893662043177193,0.05730554089508572,-0.3470981445857421,0.08575795554496105,0.01075355091559136,0.84621158005452,-0.43017527905302994,0.01744478119931771,0.2829057524135943,-0.22008841905529128,0.029202562558815478,-0.11700262134141991,0.006183439890761979,-0.3375699230133386,0.7372302606406868,0.32735865397144065,0.22895640319663202,-0.22379367934601843,-0.4545621726078852,-0.0729690696301662,-1.2406481659440582,-0.29821106533548,0.13566515048949454,-0.0961277934348381,-0.04349310053986804,0.4367892936505912
17.052,17.487677306329914,19.635216828159503,0.8153229770515938,0.9555171017558726,-0.012981381612246129,0.006444474176051434,-0.29457939631971536,-0.19289954634667236,0.020027879880666927,0.04542346188240117,0.4946308086417822,-0.3061351608874653,0.052945985608711235,-0.4056714988008033,0.06263899431198017,0.005850073663359576,0.8287774260703956,-0.43097071226054806,0.03438914826862489,0.26803281136775564,-0.23744193466277633,0.017420358265222684,0.10495440733696791,0.11975351190154784,-0.36575553364141855,0.7435198533578581,0.12337871511099152,0.4291714755601919,-0.5155639421100968,-0.26652543194572426,0.006723513635776128,-1.0449974966104505,-0.6103780147021215,-0.35459797462772624,-0.5595558671045237,0.04037464524116889,0.1988432836783187
17.102,17.500788480634345,19.62252340545364,0.815856788140382,0.9527745695057038,-0.0072217887980965765,0.008624124110243242,-0.3034700808203446,-0.1547171253132603,0.0216102145337441,0.06943876692171512,0.46317071390611897,-0.3169910718815942,0.055943531349019505,-0.446854782881779,0.031221474098920655,-0.01929940619201951,0.7927422246324366,-0.41542401551560204,0.039742202798683894,0.25654521504624755,-0.2709135090738552,0.001521701510519828,0.2698718038601825,0.18667503808963787,-0.3739625898538913,0.7610528502467144,-0.04632553718264025,0.5147131107112298,-0.6745994588669504,-0.20915130567236095,0.15454633176693733,-0.6082882788627068,-0.5747108673613248,-0.5514970377879924,-0.823609020249467,0.5252925719206604,0.05034267278801363
17.152,17.51358259284041,19.60795303743701,0.8151229531392539,0.949895685869222,0.002482478114199464,0.01007024192687996,-0.31239496394306043,-0.11525600786515192,0.01429581495609362,0.09603040855225844,0.42955673224612956,-0.32843409100285376,0.06771960543977834,-0.45418240946923,0.0025552286931938366,-0.05822592092278823,0.7155881988739298,-0.3441583394087001,0.041595128265469725,0.255520155482543,-0.31134162886564454,-0.0403139010298154,0.43205929165396323,0.14610575315108468,-0.348828821213464,0.7790538389620739,-0.2404587680652416,0.5081416857834689,-0.545286121301479,-0.30802117720548433,0.2155665530661231,0.3720307260473671,-0.4962270822895449,-0.8771123700230683,-2.4464973880786083,2.239859520570821,0.06389199073787298
17.202,17.526325185356818,19.59168401895101,0.809873331411015,0.9479174946453476,0.016957887631711407,0.007123485321937078,-0.3179844482820264,-0.0889879716364749,-0.007585537347897643,0.11127545245278045,0.43695780963775316,-0.35417117213753113,0.057641193094796886,-0.4068458713188787,-0.010349399032079635,-0.07440252078556336,0.5454935813233447,-0.21485265357207595,0.04438087742212752,0.256709008693295,-0.3257274034654506,-0.1764639881760081,0.8267132148095597,-0.01141749223504038,-0.09059154615354291,0.1282044820147238,-0.75847850754696,-0.06008975791414272,1.0892704726051168,-0.640660034779508,-0.7453691563755633,1.199721120472525,-0.1130625006385492,0.6046011139107759,-3.3840544248252753,3.323220239174753,-0.5694788011660799
17.252,17.537101556482284,19.57696169838509,0.8064591635878554,0.9460581394631805,0.03016221097955912,0.003649454416998656,-0.32256924724273833,-0.13179629619479832,-0.03715290301447376,0.06714905518721843,0.5691598148747636,-0.3644649201645343,0.03345842935432039,-0.4022802845027602,-0.009210648870587907,-0.03990214896193683,0.5599907565045054,-0.17846651604973585,-0.04656085785825976,0.1917108142775966,-0.25597682382729153,0.022891158288554495,0.32778243077205915,0.08044928677908895,-0.17539689027346442,-1.5952681022090984,-0.6607653918690964,-1.5196266296336396,3.7841607108037887,-1.1525753383616224,-0.01641663464597509,-0.12344435170388868,-0.05456208040855178,0.34168421202911103,1.0539937652779727,-1.2847329235896523,-0.7983130925609997
17.302,17.546971334439764,19.56520302066835,0.8086478403857223,0.9448252332595348,0.03622001298472601,0.0020963199590176627,-0.3255595102252127,-0.20439438377797572,-0.05951227302332836,0.024773465672039717,0.7105227601635739,-0.4580772551788092,0.022459452866710007,-0.3905494790102322,-0.012014895337259402,-0.027455247655400847,0.5828840991440544,-0.22191153723079338,-0.07095901057680344,0.20651232509010942,-0.22422494844317892,0.051658254868872544,0.18360718878090765,-0.06751093855011414,-0.12830925641718788,-1.1442687166008825,-0.20634929914675187,-0.3738035054171407,1.726471086476073,-1.6903366665841881,-0.3181990070457756,0.5142825376158419,-0.022430686348791102,0.20423499333495804,0.07363133941156877,-0.5960416869135445,-0.30001027808164793
17.352,17.55759155759409,19.554698174394286,0.8110421249038483,0.9436948699095845,0.03843097959001757,-0.0008383174286274259,-0.3285762461560053,-0.2518032066358031,-0.062486323572538,0.017154170260551632,0.757986846158923,-0.506258052921839,0.005797856257180552,-0.3605065141970199,-0.012143958560168165,-0.019497163473199478,0.5789570754404866,-0.24541291039169028,-0.07910095738757235,0.2179531137978456,-0.19603667113519788,0.04312173802957536,0.07470168161485895,-0.09165287848960449,-0.11959586238965392,-0.7805916405370257,0.00569309264647018,-0.05550406276304627,0.3309912101083258,-0.3010251398485667,-0.3114380973861947,0.6397857593869568,0.010123916978308336,0.12453616238827087,-0.16638200308168796,-0.38161337197257855,-0.0648098975832738
17.402,17.568714684162718,19.5457075705405,0.8128703180421188,0.9427157198764966,0.0381866643973496,-0.0028407217896890373,-0.33139218527246056,-0.285142665829458,-0.06181573660276728,0.013834038879873773,0.7598510935302074,-0.503605475983976,-0.010953277018823024,-0.32853224308398593,-0.010303361970116076,-0.014811160667699169,0.5683750290582826,-0.26189518248977917,-0.08082284278431284,0.2259669629436556,-0.1643807796785808,0.030834691775135085,-0.03301853185800468,-0.07173978331266037,-0.1150387133900989,-0.5867801157543759,0.015984927916505482,-0.07748564557735195,-0.10485687466719641,0.2682524643463736,-0.3412711280656525,0.6309384282586199,0.06497112720831161,0.0702707815919332,-0.2476277453081894,-0.290654981406799,-0.019761057474090203
17.452,17.58047322305512,19.53654737155076,0.8156755662998134,0.9468766328697718,0.031144768095993487,-0.0059191494462792725,-0.320030637932189,-0.3090994298171819,-0.04706649811843049,0.019809251653757517,0.7565426237385352,-0.4789725930176502,-0.012961064941943873,-0.2681798828524119,-0.01263600152078146,-0.04629435979394911,0.5266452362875627,-0.2717051165872019,-0.07842124391707891,0.253390560464717,-0.18644993712204755,0.06628408492971179,-0.2995393165342658,-0.2476335910417396,0.6988968081013348,-0.24961185747407794,0.5377292680275733,0.6664361938671375,-0.26377521805818954,0.4873704028716256,0.12570626749854402,1.4814697128411833,-0.04486040377233105,-0.8298798213893775,-1.1337028115796528,-0.12893809646781396,0.04211328474184304
17.502,17.594193776467492,19.52777960272446,0.8186520170628737,0.9528959031074796,0.021957515443801125,-0.008848451839609901,-0.30237223790645634,-0.31416638932204105,-0.027152845927504044,0.04883155859946081,0.7358757544305028,-0.44788889389351294,-0.0073224815859326995,-0.19387257729639598,-0.013520109295348914,-0.08854844157645397,0.46634552760246556,-0.27559378474308327,-0.07520408909434925,0.29287287838848997,-0.1661007073354619,0.04939797767780764,-0.3418377125570849,-0.15955888692645062,0.8201614998687677,-0.02175734390908917,0.18487019945678787,0.23976825593739431,-0.46273149326698515,0.7244637116885709,0.019637055149259675,1.4931680130958633,0.014501379965105263,-0.9096776314740246,-1.283013087842086,-0.03493087836642029,0.0991602287789243
17.552,17.60957309919515,19.520377991429797,0.8200761300978189,0.9586602746220969,0.013138386819452008,-0.008192881589756456,-0.2841315493649471,-0.30903616028760267,-0.020600757330807844,0.06619895943505334,0.6823517400896845,-0.3926680509239939,-0.006709410840401196,-0.12859175310833873,-0.010562941956517777,-0.12993932715411602,0.40867375280996654,-0.2776725851744492,-0.06664886112892895,0.32186851687832885,-0.13539380874826334,0.008832212240091583,-0.36948214400173507,-0.009799069599233518,0.7648301388762098,0.24812512738888207,0.0768961793990685,0.3659385071160127,-1.6872272632144205,1.386950292548001,0.013877016884301466,1.2040462101378744,0.10922946608830279,-0.8168565443311964,-1.0652834358960679,-0.06106760321568291,0.2311512007351392
17.602,17.626224827241415,19.514439737198376,0.8187556290613439,0.9637192359631953,0.0029885698800395807,-0.004630129528826759,-0.266861133522914,-0.2910697767553311,-0.020609611655827968,0.08163998816650121,0.5692681881535677,-0.31265313122844424,-0.008832081154213621,-0.07854015711505354,-0.0010568802827200913,-0.16831004571693842,0.37083184314699374,-0.2881223451602675,-0.053783529636886,0.3390733075424834,-0.10350057339920933,-0.06913632529229526,-0.5168251497323362,0.0646669537561278,0.6564686842945926,0.3929124754026437,-0.0664579416915233,0.15727889885548224,-2.5658673547298103,1.638966121441065,-0.12538157560295005,0.7536976978026363,0.3056495415316467,-0.6989807482040891,-0.34379262615466083,-0.41369307180781706,0.25952369138743375
17.652,17.642788378187944,19.50954242183889,0.8126981522121195,0.9668409839180082,-0.013157664782167705,0.0009801579283568636,-0.25503808924232163,-0.27582046637450497,-0.02628464546943771,0.04041712005606611,0.47619868631407364,-0.18729493260364513,0.01869430330674698,-0.06734325346009987,0.02641312268319249,-0.18119258747863226,0.4054097066019448,-0.3218557147950716,-0.047662996887928216,0.29981901275013395,-0.08027208964895999,-0.08397440970704831,-0.5814901734108784,0.13861206979404628,0.5443426892764631,-0.6326793584540935,0.019302047324622006,-0.9839522802061044,1.5392414684840052,-0.3572824253730125,1.507458318566274,-0.6187341818154225,0.5189180086138785,0.6324036264100398,1.9731229277161564,-0.5304691554482546,-0.22081776920371526
17.702,17.6569341113274,19.50580347677768,0.8117656857360164,0.970455711361216,-0.018753344694341208,0.007163090882958593,-0.24044274677805347,-0.29248192886737967,-0.03664129652435512,0.0024902610603921194,0.5281846882073896,-0.23889099089641908,0.06319230110168711,-0.14899948627368192,0.05296132027605619,-0.0749023778863218,0.6213163646394348,-0.38728108779046533,-0.04452158501065637,0.28479872578368554,-0.09519865729004362,0.005552875439916266,-0.16150168633773807,0.07358520291809195,0.5879871596083172,0.08710148760046493,-0.25868649560945306,-0.648509744021074,0.5000511247304639,-0.8448741879927603,0.5943217462778709,-1.810015143226959,0.4742855018981804,2.1452078731103774,4.663081727921812,-1.7395509015920134,0.1721867961360897
17.752,17.671203095823746,19.499535954383678,0.8124781075916978,0.9733639294270972,-0.023228079566248134,0.009436159689162926,-0.22789049146514767,-0.27958829032779825,-0.04275677805077137,-0.027750919906231845,0.5435407574870083,-0.2729533387848392,0.08403413576312951,-0.2316040818446143,0.0677972191428002,-0.012201178210373493,0.7858436908357126,-0.461455496278592,-0.026768064843425046,0.29256667586785257,-0.15356790586302396,0.026051710394241995,-0.21451765137146572,-0.020592289243625796,0.5083943087045998,0.44897856816848053,-0.056503456689516555,-0.6340558974082767,0.1084891164401293,-0.5534022089190677,0.29138564177545573,-1.4103461437469207,0.11146203147939027,0.5729409870450097,1.8707572764230873,-0.6622703491060729,0.3903113497771437
17.802,17.686138694772026,19.49069373587235,0.8140150608504291,0.976050190651959,-0.027798270549439303,0.00976378825159766,-0.21554106319147878,-0.25128709196483023,-0.044758337624885305,-0.05942471690150822,0.5417018315165324,-0.2963547205127807,0.0929109133412049,-0.2992895027098106,0.06979055293317446,0.005102624050371112,0.8334096709621437,-0.46895350582136597,-0.00746696044739289,0.304254844303764,-0.19557973241200033,0.02956159820913603,-0.13329227563561566,-0.05443147410298481,0.4919996516802371,0.6469244180424777,-0.04069965170364166,-0.6041279953621673,-0.13381140028148233,-0.41847164212598625,0.0706231165517116,-1.3584010155476636,0.009461252792947655,0.26138001764010205,0.3750159926593295,0.09351783747099698,0.359446491934818
17.852,17.701576113459048,19.48027032101112,0.8150157915021641,0.9784160233366694,-0.02889644206180461,0.009362204408175553,-0.20440017133761595,-0.21761547145414228,-0.048302125466820514,-0.08465263534722563,0.5315578532076124,-0.31437756808614353,0.09194459012218098,-0.36899878233728817,0.06722855063868406,0.01513081563613236,0.8377568016092396,-0.4548900432275105,0.01364942566158505,0.31315977730216465,-0.21837440848716816,0.00914491037174444,0.04875395979812534,-0.016360505525266023,0.41436522346168925,0.6807333779673505,-0.1013370603469155,-0.39481147826108864,-0.2534753304018001,-0.31045973273061245,-0.10041317655543888,-1.3627795070983266,-0.14756844900092744,0.06307596607153994,-0.17923575076857762,0.36167312295305665,0.40419038083651226
17.902,17.71745483903605,19.468938018173155,0.8147934534034214,0.9803369344469836,-0.0251162606742867,0.009379866131898857,-0.19550111641671286,-0.18472787526911444,-0.05628635228474243,-0.09874621201286057,0.518290426994314,-0.3309044693968003,0.09129332976438176,-0.4268485919034815,0.0547903253625748,0.008854126433223388,0.8112856447812947,-0.432926411338194,0.0280982708053183,0.3200306004679722,-0.23378574009197003,-0.01887612661297015,0.23368061331711468,0.06305644128938319,0.3202835747008668,0.6148014512810216,-0.20950928280299286,-0.17886521069431868,-0.2594113337453225,-0.33891721618755655,0.013951805133126485,-0.9230309550415469,-0.3117774824239366,-0.28719236616116534,-0.797677966949576,0.4839491012961395,0.1822599899693494
17.952,17.73347542772803,19.456859661678735,0.8129821490329083,0.9819639214160291,-0.01690952022680854,0.010753263452742003,-0.18800343743684825,-0.15855534865542262,-0.06997574652293907,-0.10475910000588419,0.5094182550739237,-0.3484433639509146,0.09510001970368191,-0.44952044312798384,0.03687451324187487,-0.01934437679958153,0.7368353775350635,-0.3819489215863588,0.03132192405689424,0.3193777768043083,-0.24904272857493648,-0.05734111809677195,0.37748593134144365,0.14359727643849807,0.3173312369217357,0.4016998012596172,-0.3313591399450139,-0.04758354178028902,-0.00799471490405168,-0.3942870016872602,0.0846700022407003,0.04182633965067637,-0.32208911758472775,-0.709226408630771,-2.2320597623022906,1.5019605920542256,0.014406095246927689
18.002,17.74934292220031,19.444282789031497,0.8082712789264908,0.9838633456972016,-0.0034780611857589384,0.011810800774285632,-0.17849740913796758,-0.1563475767671604,-0.09260036820437705,-0.09048467660803347,0.5440894652667841,-0.3685421687497288,0.0937272882216599,-0.41809492765203937,0.027032658841080054,-0.040923842444596986,0.5835225631419619,-0.29158948589896205,0.0378812192898253,0.32085718986584905,-0.24773760871052591,-0.13781139015155094,0.7177743238387091,0.0712210745538352,0.47247319748998146,-0.32762353859724996,-0.694183723478783,0.5252411005642054,1.5572545709841954,-0.36276387042009106,-0.10884005060464119,1.118309760295126,-0.15126308537973915,0.008836242837645239,-3.5120843060935067,1.8018949175018286,0.24807279585789585
18.052,17.76517240728852,19.432260266301704,0.8031674286732192,0.9856401941934088,0.011795051765498473,0.008108384222241598,-0.16825141440574223,-0.19061204560674827,-0.11212469376236776,-0.03685113786267147,0.663939613798981,-0.37569365316982817,0.07357668066193519,-0.3917771117119696,0.024069054574893577,-0.006536910964394932,0.5507094122982533,-0.15241478317618218,0.001034546514846972,0.309474175932217,-0.23084824032469978,-0.014329663513786083,0.3606858086447515,-0.07996136528088639,0.27769837056090974,-0.6889247338563999,0.30748966360742597,1.8043974310827822,2.217964180023232,-0.8505927339243182,-0.47177736525431796,0.046697334666850054,-0.22766609972535695,0.07511926881402514,1.4207225549651499,-1.373738315623021,-0.6366070289278956
18.102,17.78100254684804,19.421445857998773,0.8049779699335934,0.9870928451352813,0.016186423092080952,0.004191285185553882,-0.1592738142907168,-0.22275353718111257,-0.08962847125094527,0.031077896304275383,0.7484851606300009,-0.4713058935590778,0.06449548133081041,-0.3670159359656198,0.014500394124023243,-0.015680012888182892,0.5868215251565516,-0.22821886075765352,-0.0366567649147906,0.33286780265337135,-0.20030785675721305,0.06404458547179284,0.11277793042006709,-0.1875449513115966,0.4027663516124906,-0.5150151095231776,0.3665317269992112,0.7071996093277713,1.24796444331068,-1.8335564058095024,-0.11425106621882837,0.9006558526927632,-0.1595572916303535,-0.26116596493470473,0.08677702947459859,-1.1435228874425492,-0.7300709516992906
18.152,17.798267620249305,19.41254974255363,0.8085047779402875,0.9886843512755841,0.017612659805288255,-0.00047070219286610333,-0.1489725686051163,-0.2500608539266086,-0.07805369881844337,0.04128438297134818,0.7947541094576214,-0.5229652439049174,0.05445010223576848,-0.3152995950991566,0.005657348427613854,-0.03033887032135209,0.5748050692902698,-0.26927741220505896,-0.0621373346860535,0.35624872117084694,-0.15899103700815276,0.06902547974030382,0.05658462201197963,-0.14445836982843796,0.42914759784067336,-0.5780663630181433,0.18392748826037356,-0.08298416948278033,0.6670171987720757,-0.4115514412079297,-0.28801296298915485,1.0937859117063948,-0.18767243086140248,-0.3218680302674628,-0.4269216735839898,-0.5944269390315641,-0.2709682627933069
18.202,17.816645864879096,19.405557958798013,0.8114638820280906,0.990192999178388,0.017990351209675223,-0.003463383647474364,-0.13849973507256907,-0.28061224257784123,-0.067431727895152,0.03343412896360343,0.8175853348189621,-0.5266560170189336,0.035654769050892036,-0.2611662640189486,-0.003660525499447699,-0.047255655679378956,0.5502824609502994,-0.2934390339728514,-0.06686739015833884,0.3781242721674044,-0.12239837215112556,0.04913350673075778,0.009665022106319225,-0.07495100216466483,0.41480372696765083,-0.6363719293764724,0.25269698765789,-0.15821358907795194,0.28796886481370343,0.10583992531200175,-0.40200740500343307,1.0586429524448635,-0.17551320474800453,-0.3411710639076456,-0.5169813328594417,-0.4361687325652074,0.016908493150545226
18.252,17.83613482701769,19.40028678593629,0.8135879583103945,0.9916466066512188,0.01700956695931386,-0.004679301638576814,-0.12777240032634152,-0.31450257825878913,-0.05284048981932198,0.027120983089722578,0.826307097516782,-0.506918210351183,0.008780093667437715,-0.20708412089150216,-0.011409871261013085,-0.06655396664734593,0.5194993398852703,-0.3114556407343543,-0.0605276042106288,0.4005451924972929,-0.08894593774122146,0.036695210839468466,-0.0671482237194294,-0.017132110678884423,0.4427380723797319,-0.7002714369206935,0.3153550482482736,-0.06292213246613947,0.027817883867524006,0.613186043533496,-0.5640025949075705,1.0992924314902073,-0.1309412202586039,-0.4145968030830031,-0.7066131144973199,-0.289606713542775,0.2026747331450522
18.302,17.85670483637349,19.396816818435955,0.8150063796516088,0.9930138501501261,0.014483127324390818,-0.0041986671435712145,-0.11703035344365219,-0.34800312929300814,-0.0382444792048587,0.027315762149256826,0.8135277549609388,-0.46798813255806204,-0.015633867056950492,-0.15209443053391805,-0.016325026084892075,-0.08764325248487634,0.48069177381465666,-0.32312851225179834,-0.04838286069203581,0.41958042191399925,-0.05078696819062017,0.017657742409353906,-0.13461670752594782,0.04902256345823494,0.415761876802283,-0.6333737076703733,0.2571695109275466,0.06148449872951966,-0.537055201120399,0.8411735827073347,-0.3994044902617836,1.0714771763175888,-0.06217012095222357,-0.41773257374110473,-0.8029016552839845,-0.20833350109533047,0.2598637285399822
18.352,17.87815289761147,19.39514806801574,0.8151783191250005,0.9941811597845032,0.009965050414545403,-0.0020724374454366206,-0.10723909875978152,-0.3685175678449057,-0.024782196034738222,0.04026066335429119,0.7472312692625762,-0.4006695109336216,-0.03315429704184935,-0.09849901745207701,-0.016380208819820653,-0.10872945631749419,0.4381196280494255,-0.3315416749294382,-0.03297494268856448,0.4367877396682569,-0.016476060797533637,-0.015744858662445977,-0.2403123742606263,0.08297029624213599,0.359663600807275,-0.16762733743257557,0.2467638960361088,0.42987551158655696,-2.0945004626160166,1.7448211237247728,-0.2520458936647538,1.0349568050461977,0.06060999703127191,-0.4007184000732311,-0.8110163565287222,-0.17409982372463595,0.3692959775874285
18.402,17.900142263036585,19.39514365734776,0.8123944486693483,0.9949851824929288,0.001598432657787085,0.0009060668165724729,-0.10000555322318477,-0.36420631436856293,-0.018955796320666546,0.05750526182789489,0.6083560420201352,-0.29529918292736185,-0.04786573924096301,-0.05721537812733203,-0.00816777570182242,-0.12449061246447661,0.4172991661338479,-0.3416561210672337,0.009343981975905743,0.4394003710600873,0.008347156992269601,-0.10700072495846696,-0.5022696299632705,0.07171289819163132,0.21052005964844792,0.2849926853363525,0.0024994253942300544,0.08080710466200604,-3.188076228986208,2.2697641745149446,-0.4131959121852234,0.5622502214801331,0.33577545152031146,-0.20060083241141496,0.12457324791685218,-0.27215832516985033,1.3694754771524105
18.452,17.92094428032298,19.394830566680604,0.8068004916915336,0.9952377928916697,-0.014652177487768637,0.004170195196292094,-0.09627906712785589,-0.35258575278414656,-0.017757740174393282,0.02149326769558084,0.5395534918962123,-0.18170053306719897,0.018439121881584628,-0.07628332979509893,0.024592720650122173,-0.10613454574806742,0.5150573402060215,-0.3586905952982089,0.03536924165244216,0.35572137135162507,-0.010389026945584625,-0.030253152269530403,-0.47910694215855415,0.22132813167318946,0.22183337672811654,-0.44132343128554946,0.13870743493607363,-0.5591910365310422,1.4223353442074333,-1.260744260095435,1.4013396696347526,-1.8158315796546272,0.7342279674591189,1.2806378412903787,4.45885954459331,-0.5309343681923606,-1.15667107907868
18.502,17.938602206276972,19.393599192339277,0.8072775057183362,0.9956381493283897,-0.020761790468560914,0.007219383079594859,-0.09067251053339839,-0.3509990222680742,-0.01778896211648427,0.0012998080198302893,0.5820433351115409,-0.24149618074777984,0.052808766040753505,-0.17400431431919436,0.05363264369368052,-0.03134586835724975,0.7424914299097943,-0.4105359586201979,-0.00737572134407004,0.36476808033481223,-0.04806214930674281,0.02848138830399816,-0.19595733392641201,-0.047358134099465723,0.17227430342289085,0.4516956640963224,0.03306983753272194,-0.302063280743038,0.4054850919157294,-0.9641497957898302,0.4408500871922259,-1.6522773553243049,0.4081737104483455,1.083061612607327,3.351488657851204,-1.343525420066333,-0.41853847299716523
18.552,17.957329748897084,19.389864775579372,0.8092833809427608,0.995928760257701,-0.02601107257600067,0.0050702600491589955,-0.08616043789372832,-0.3175175261458525,-0.013807883551641219,-0.015391392763835407,0.588977874203083,-0.2808906768107194,0.07087492803718212,-0.24360615335687746,0.06313721138880805,-0.007235001745742489,0.8387546840212635,-0.4531026064733828,-0.01271060064739168,0.3811114078497298,-0.09652349270411285,0.0470279738980222,-0.18797857249384994,-0.1358863627410726,0.17192085082122513,0.8075216336538567,0.1041434083056087,-0.3408533181459953,-0.05233219520059688,-0.6660735175912901,0.29752169676457063,-1.276437658392202,0.09964544849492211,0.2420357491381878,0.90812160176066,-0.2653207390990697,0.1035590438656977
18.602,17.976631245954373,19.384118789710257,0.8115367732205465,0.9961999149204724,-0.029459876970187787,0.002188639102609628,-0.08193323513828138,-0.2735956159475279,-0.009267437515224316,-0.030759495139881292,0.5792448043260452,-0.30906583456442016,0.0784317403528247,-0.30844686286807427,0.06673923836746501,0.004006632517285415,0.8566282587877141,-0.45467793352070046,0.0003803882706321051,0.3905419118320976,-0.12961549205370157,0.03941329549534458,-0.055602065201665885,-0.11977348155570901,0.1575515938002213,0.9225846725992219,0.06029960467530411,-0.25807311222984686,-0.29961729909014795,-0.49128746257937483,0.032720013816423,-1.3381653726347844,0.029889056327948336,0.20911410072783776,0.04120446036928735,0.08541531396904216,0.3244877788662259
18.652,17.99627665183126,19.37707079703114,0.8130746022560158,0.9964749583053689,-0.028489379774984797,0.00037838951771902696,-0.07890417943128387,-0.22731051202078653,-0.008244479320917082,-0.03759179564989547,0.558594970225523,-0.32862585289393337,0.07623087583677376,-0.3766882680275485,0.0642852267670796,0.011842121832283736,0.8500789507928828,-0.4460769171975368,0.02045585481438951,0.39570415971008105,-0.1505290050657526,0.022387105252063055,0.13735241779090768,-0.025219339405732073,0.08550285473157448,0.9241372972552722,-0.02011464400029689,-0.02459948774367297,-0.5179923723565086,-0.2976045346059582,-0.12093070125738227,-1.3072235180381686,-0.15872243268805541,0.026198884719932147,-0.340641590087909,0.21372861744026186,0.3770912339659528
18.702,18.01623950360129,19.36905787865854,0.8136260822495911,0.9967434337864051,-0.02268701375089125,0.0006830904471772794,-0.07737803304681629,-0.18226503262339605,-0.012328247808140323,-0.03402314831414961,0.5292722317614041,-0.3413427088548194,0.07167160586807766,-0.4307688499504416,0.049655241247029455,0.0020740578790474497,0.8183764902433192,-0.42853365177572034,0.03335318117452692,0.4017238389840757,-0.16947336276457212,-0.001617050670555111,0.31294536853943455,0.08279241766814599,0.041185422292631245,0.8527371321973146,-0.14782103619312562,0.14570560889496162,-0.6017945766001781,-0.25412101329576675,0.014995750185656655,-0.8373995301007027,-0.3796876250402734,-0.3662575629989079,-0.8612396125356094,0.4575914226263774,0.16173950699920206
18.752,18.036574363899533,19.36004778677568,0.8126782218405673,0.9969846960391066,-0.012675535964225021,0.0028746319837783204,-0.07650217737285837,-0.1419774729416935,-0.02368705691281716,-0.024943057134020584,0.5007617605925805,-0.35467613529938596,0.07663380331454622,-0.44746551639963167,0.02712240617894188,-0.02887404511433477,0.7373999274263727,-0.3709425727083699,0.04011496080904629,0.4107749875220128,-0.19035634443210867,-0.04482055770633144,0.4648047476724189,0.1349403223186407,0.05297906606093368,0.7196319857044259,-0.30939326667751565,0.19215209855917276,-0.41803043041430277,-0.34079835754087945,0.13392694612872033,0.2052451480403402,-0.44293148810580524,-0.7467222134311408,-2.483338425489341,1.7846358802425324,0.18640303455174861
18.802,18.057251521827727,19.350372026304925,0.8076165704585386,0.9973425109213413,0.0031280271505143738,0.004261194332856674,-0.0726634266885274,-0.12233414970410413,-0.045719995686464274,-0.0010956115294606466,0.5171799384047404,-0.3765090391082309,0.06848663802265476,-0.40495522693340835,0.009834913774415295,-0.04747042034255602,0.5629217117082032,-0.2677041922426038,0.05722757544969745,0.41941779690168607,-0.18722769371095693,-0.16899611761361058,0.8603176979980383,0.01918791315540882,0.2884413434594906,0.04237975174594531,-0.7580440028037183,0.5145284221303332,1.226058923353184,-0.6054637691292292,-0.15847161212858726,1.3712085058927481,-0.3276466426093998,0.23965003126020445,-4.027623361531303,1.9432424128571406,0.4203887438951028
18.852,18.078333404565498,19.341663148983134,0.7961422427148254,0.997543949461742,0.02711041783848469,-0.0011637080280406747,-0.06457352337079574,-0.13505326818532457,-0.08951191173290078,0.026892921341435352,0.6288010021621925,-0.4151210788319181,0.05646331321038055,-0.3547183519762888,-0.0016427965568302785,0.013392401781669385,0.4648822035791849,-0.1121243474850379,0.012522219615726117,0.38512402013399283,-0.16907520360173706,-0.1689539326072693,0.6654729250256628,-0.09014271622607921,0.10109469751812625,-0.4177619035405967,-0.321530243883819,0.9048070612899146,2.329558953671813,-0.6486011135631393,-0.10358573306079895,-0.6051612098946555,-0.17829003309667893,0.7308057628609725,2.3683055060885927,0.7213770535751274,-1.5414619622299688
18.902,18.09702277886991,19.33353839888711,0.7940105813883641,0.997532854374486,0.03393203508017975,-0.00273302285922533,-0.06139504886275588,-0.1511192718606994,-0.09151380350446975,0.051293714470757236,0.6939452668246943,-0.4857252469816583,0.05434438221876786,-0.36405445485005566,-0.0052507261242456145,0.01732198144966287,0.5562507523795394,-0.18938842071179865,-0.03851476334460997,0.38129066033502385,-0.14503550213120334,0.021774860129362444,0.11369011478681111,-0.07663994350095717,0.17539467559849412,-0.19797667695440224,-0.03653843749029152,0.2542303776249815,0.452695822193945,-1.5121306932097376,-0.01650079281431944,0.43252965682855804,-0.022399677231841268,-0.10132833584210237,0.7502649598702843,-1.3676383271451165,-0.679624932682961
18.952,18.116442793054915,19.327253594809793,0.7960029729495252,0.9977925050744333,0.03443387561803071,-0.0054684075623909895,-0.05652009860166821,-0.16608232716755425,-0.09486731829315422,0.05091753654203289,0.7163663224247808,-0.5280327628890326,0.05146690216820801,-0.32638045215388495,-0.004567563210095367,0.009253400755389439,0.5638328932006411,-0.23581821677067555,-0.06347490094715218,0.3930352280437249,-0.10771627519100394,0.04502564780568069,-0.029139425310515887,-0.10497895419541756,0.20442465819670502,-0.42617608603417495,-0.04806116809618017,-0.13744702555215177,0.5236922341089896,-0.3452060799251064,-0.1571994657120158,0.9085131789499316,0.037790185176672375,-0.18905567961782932,-0.16780715803183377,-0.6615754095496882,-0.35049431899876
19.002,18.136292462563947,19.322776040412993,0.7980131135798838,0.9981115218660204,0.032538244713648926,-0.007684172409750914,-0.05153257264711723,-0.19390473900417543,-0.09311311513091534,0.04290167688078664,0.7437866312824792,-0.5326046626288609,0.037637084787956764,-0.2792748889318259,-0.0018741976856047897,-0.001027871172092577,0.5492749990668517,-0.26345442844776057,-0.07461767383457237,0.40121764954567785,-0.07295307090692676,0.03468029727147266,-0.10197200796416016,-0.06485255848120336,0.1978627987412495,-0.651748170095641,0.12036177797289448,-0.14898293830131232,0.505121702499999,0.027797902772685068,-0.3336643870224478,0.9525243891915285,0.06791052001691975,-0.2119320948683445,-0.3662786292936763,-0.4953698589065424,-0.12328832163786177
19.052,18.156553728847015,19.319958729873584,0.7995555743419315,0.9984778340492813,0.02884785587956335,-0.008557866745799574,-0.0462231439883702,-0.23268398435739004,-0.0826344093765033,0.03594247992325085,0.7680024160419504,-0.519766926947977,0.014178882296249556,-0.230571808891271,0.0024306232372207433,-0.013245190871102963,0.5253067943062658,-0.2846252415592495,-0.07741612931493319,0.41032043973935967,-0.04043556027727788,0.028267703346637762,-0.17864534430679677,-0.013644134881263526,0.2251054093222265,-0.8450051825427879,0.2723376812156447,-0.11883366920689206,0.36328918812414657,0.44821016525646584,-0.4920693085765398,1.003899624878735,0.10223166792172607,-0.2640692881679479,-0.589450462437284,-0.3576987164236029,-0.005056639941566032
19.102,18.177406383075898,19.318888356310058,0.8007971209438374,0.9988538086225663,0.02370918558453069,-0.008398362485537566,-0.0407235929980794,-0.2745414023215154,-0.0680478595950664,0.03228116778644549,0.7713248722988376,-0.48926822876508097,-0.005954196039116977,-0.17888911725542278,0.0081154456448988,-0.02642016450765767,0.4908687263823766,-0.29970883558271605,-0.0754967809074667,0.42218639492295884,-0.003190847154456603,0.019314107418942357,-0.2252006971540052,0.023228950395737403,0.21677939696968157,-0.8196893906542072,0.2890927846787348,-0.03055210164169902,-0.20741248379965543,0.6899656908952768,-0.30649900809897224,1.0403144381879657,0.1227123214879132,-0.25840042405950336,-0.750278659130131,-0.2660291753982338,0.0737477839548488
19.152,18.198803355823365,19.31959784292498,0.8014116851624676,0.9992097345897811,0.017147999247902584,-0.007201483483962925,-0.035128208870415456,-0.3059356269496,-0.05321700302977563,0.034832186009418016,0.7218609176251093,-0.42831395721816723,-0.017457698168129823,-0.1256688854526607,0.01539661790717811,-0.04050510215635415,0.44871876284450274,-0.3102030765816583,-0.07066767199490714,0.4331690280739958,0.030790587001630676,0.001089799237693724,-0.2946691223909765,0.056642075422205375,0.22016414402816703,-0.373438077791093,0.30508064964241305,0.19023217417177718,-1.8612733668419597,1.6629919903766928,-0.1435388797198698,1.060533155898406,0.17063856874707256,-0.28509070520014995,-0.8658520758886266,-0.1973184149808169,0.11393335863711075
19.202,18.220633840633223,19.32209028920371,0.8000723094876436,0.9994782590671005,0.008862521261488128,-0.005516153141193686,-0.030565297701968003,-0.31046930228252306,-0.04080946323384513,0.04863160205649425,0.6162795488933152,-0.29982162091666054,-0.010712173994763593,-0.07801516745501268,0.0257788270501465,-0.0530298820428719,0.4161806721518047,-0.32556757995999286,-0.06324187068822067,0.4475830966500985,0.07025564518423116,-0.048149894036866765,-0.3130194267230161,0.017622701135664443,0.06369368323160272,0.26955297812814,0.12451453082095218,0.12640248541764826,-0.6432965878740188,3.2727068198830227,0.9190409293219544,0.8703245051796513,0.19490084268877517,-0.11823976746849037,-0.38150098434750557,-0.43885276569327847,0.199065645017669
19.252,18.24173829099388,19.32587138432448,0.8026812933376796,0.9995584053174961,0.004135132502625068,-0.0021732927990027796,-0.029345729446371618,-0.27668039139428663,-0.043435317859063655,0.04405549755653523,0.5902444976253962,-0.3048196702908646,0.03758849828725822,-0.07885955385761473,0.02602039035667201,-0.05675435878067122,0.46326535696323995,-0.3054851777190815,-0.041444682236853506,0.37873560443823695,0.05880102541768429,0.11763583237874789,-0.2573326762989271,0.25545567934384633,-0.011216873706356711,0.7331781740222851,0.07416396197827002,-0.1926370712419616,-0.8432521945742929,-0.38191886039204703,0.4829011141184955,-1.475197426968962,0.1625376177198842,0.39429114112696084,3.302630932660513,1.2290701918879952,0.4781202456482975
19.302,18.259652212986794,19.326767177882925,0.8081790935972668,0.9995824940633052,-0.004056927062685848,0.0040634367352307835,-0.02831726305435961,-0.24275912538949038,-0.03276696458148475,0.02890541055074859,0.5512456601620023,-0.3167695194601653,0.052984544665755084,-0.1973151280324146,0.053981308873642234,-0.008470967331958448,0.7348301309132699,-0.36262455376371816,-0.021875555731510378,0.367078094892474,-0.026976738844626577,0.10094181304707389,-0.42955367458851434,0.10154521756820852,0.07099205259566728,0.7779930076685979,0.3983037820519102,-0.3720936172469814,-0.6282065502501377,-0.25692125051228104,0.12056519833575106,-2.264345248844648,0.950140087958727,1.2435342525414548,4.855018632366095,-2.7744418278444547,0.07545984405184517
19.352,18.27865509005148,19.324448213924068,0.8125351264748101,0.9995292275792661,-0.014185250995784325,0.004404232335496687,-0.02684594208661651,-0.19824210667425105,-0.010886862987533281,0.013534277443930539,0.521863529238865,-0.33048747480312196,0.05367059317005496,-0.28617623671537507,0.0862787139402835,0.025671753336556084,0.865680971104154,-0.46565899974143443,-0.014526020855422879,0.3902121795947664,-0.05965625099823673,0.07220823655898845,-0.3607396304530926,-0.05798991245796991,0.07345196975677128,0.9649451768872194,0.41843542792364596,-0.27484346883211186,-0.5799161125601865,-0.2970260080357662,-0.0038635900670924454,-1.3659476132374238,0.301245232229874,0.20861730552974853,0.7295203287213967,-0.751115625763716,0.260154462256387
19.402,18.29817476241782,19.32104670793209,0.8149683478446933,0.9994570192659902,-0.020583092014308565,0.0037841262808176413,-0.025449623796138538,-0.15230831806162207,0.005762070646787148,0.003964820304444325,0.49465222522016883,-0.3461642253616268,0.054637053038048895,-0.3502133012017612,0.08872185356524823,0.02777610441013986,0.86126565396065,-0.4739061035586852,0.002340616801155591,0.3897073698811864,-0.0759675903519476,0.026306902401984356,-0.14766092861658875,0.004303784253100268,0.028383328131430834,0.8566797994586686,0.24275080585176287,-0.107481058134832,-0.5002050157518536,-0.3267414647135543,0.03381892362081444,-1.2742811669362102,-0.10624176571506896,-0.01280968015714146,-0.4595812927923949,0.08022256209746084,0.3557665435349157
19.452,18.31779048673366,19.316843456042246,0.8153782244827856,0.99944261730874,-0.02097947926130626,0.005137498296668482,-0.02545431728083725,-0.11108603182593753,0.012031940989390182,0.003783127487498479,0.46771039788598956,-0.3607782459224163,0.058432241104280976,-0.412683371142184,0.07355642336987155,0.017458776241023214,0.8321842824234661,-0.4599875629728176,0.02310853906348136,0.39714554566763044,-0.09306525734147618,-0.007233897599494148,0.09503211057129574,0.09713891554079557,-0.018105453193100893,0.8074688349395003,0.02555426242685389,0.08148965657052402,-0.5877681719107504,-0.26477580036178355,0.0956629580185164,-1.1840146535174485,-0.4538307541141321,-0.3871128958706936,-0.6431777716422394,0.45269366408711137,0.37546366261445097
19.502,18.338127536631614,19.311515117232794,0.8141824370311715,0.9994840880166292,-0.016120263804388458,0.008372924761423173,-0.026487525882631095,-0.07142210637434386,0.00938672627989572,0.011631964797365453,0.437369174946371,-0.3741493643573264,0.06489121669728025,-0.4620563424825831,0.048014343360457665,-0.008995043097682311,0.793796432858379,-0.4249674883380473,0.03676960738759042,0.41608448050762603,-0.12025692814689642,-0.04200935237875644,0.27282772359958746,0.16854696497569374,-0.051832864285774286,0.7617215109805723,-0.1198216080142447,0.21422153036097924,-0.5781693581133509,-0.2969532746653957,0.16751612439256255,-0.7679090742157026,-0.5035421753251401,-0.5969283109905137,-0.8848768812038148,0.8631371666404672,0.1881496415267171
19.552,18.359523982195164,19.30483741782686,0.8108836373295777,0.9995326991640014,-0.006733463221555972,0.012334813784684123,-0.027145831058691342,-0.03998918025487967,0.0005639043381563395,0.03355905206246161,0.4245750256073711,-0.3903442192353706,0.07264147037019437,-0.47397787872112124,0.02240338418808503,-0.04812040472423374,0.7078165009752815,-0.33553051647265303,0.042503069905904134,0.43897679561521735,-0.1445096680543417,-0.09096561808151427,0.49113136475733055,0.14518931539585686,0.056756804272061895,0.3737460170851724,-0.1770470718559231,0.9906836534505133,0.3826985030325441,-0.28628630535283706,-0.12217503315791316,0.3807373506478821,-0.4422330218314815,-0.7669873290999659,-2.792720810315924,2.60876886681511,0.09358931786649168
19.602,18.382396684304346,19.29768326046734,0.8037411073071815,0.9995953628918698,0.012492014346950287,0.012451707199664961,-0.022316250815081245,-0.046436261629599074,-0.026752130152964737,0.06529483282676414,0.5088648556227413,-0.40200830253958647,0.0464221195915669,-0.41684898604968756,0.010124299196666102,-0.04434192316869171,0.5147566640789814,-0.20827531782288194,0.05568920264223257,0.4810658433719913,-0.13112955097817308,-0.2211051232812978,1.0886006381124913,-0.15085332591446546,0.3454162566304955,-0.5256713416148928,-1.071408002883001,0.009442797752261417,2.8996175293311492,-0.37251847168257446,-0.39989502428146867,1.7309425652127608,-0.2049162263886814,1.0953683618215462,-4.061494191099576,1.77176192237414,0.3525866118685098
19.652,18.40488253871659,19.291442694214055,0.7931490195407963,0.9991960162078938,0.03519650560567327,0.009059136889552724,-0.016925106387888713,-0.08392194649633083,-0.07055457405260657,0.06154668438339066,0.6624401184719533,-0.43140424217273066,0.038752493347744464,-0.398441504084476,0.00390435394002014,0.021041898191786097,0.5105183466261597,-0.11809755784057367,-0.01644075155064519,0.39941064991948444,-0.12734258122840236,-0.0843844751833385,0.4405139904248244,0.06066041893837499,0.01885570935311555,-0.8114976603052577,-0.4221260758877887,-0.3053911733868554,2.0884206370367813,-1.663552026534933,0.1869311520816382,-0.7933035805623496,-0.1258052354035526,0.2850736908667764,2.813429651277321,-2.064420724579452,-1.2946344023959335
19.702,18.42506903530895,19.285715476418602,0.7928963430850507,0.9990125721469417,0.04096113584390331,0.008688011053161747,-0.014852087619901344,-0.11436626512998949,-0.08279205789141816,0.05144200066235798,0.6993193366603617,-0.5166820742230175,0.04552025341402252,-0.3974636542019367,0.000924582847906543,0.02333461014201631,0.5817644939306849,-0.20310050658015627,-0.05704872776645906,0.4112078990157042,-0.09809230783411295,0.03724541618173502,0.10707315595151275,-0.08909672667228571,0.0954987809280823,-0.5174114081761951,-0.18155494697651806,-0.1449406959146707,0.13382502930994644,-1.2066945652992134,0.0875226078365162,0.6106619726477382,-0.0005034861533920704,-0.030176251671741885,0.431625624033812,-1.1277657404894912,-0.5253941284446026
19.752,18.44579443759903,19.281698885337793,0.7950856366364247,0.9990378713208418,0.04168828815649508,0.00511395920278885,-0.01262005224133712,-0.14536108541450352,-0.08942102928543053,0.044767655290206806,0.7112639025031776,-0.5429882800991196,0.04612159444793291,-0.3551272673632192,0.002885242498183503,0.019827031070388787,0.5845664398642207,-0.2444762154823115,-0.07648788184045469,0.41535731025724254,-0.06486639684392627,0.04169997092977509,-0.030090390640136137,-0.1582778456507217,0.10670358622654284,-0.7606411105957136,-0.06444350953527919,-0.09650122218821258,0.43808495968516864,-0.08029001817622967,-0.07401462783343335,0.9624390406969472,0.06325181853860412,-0.11412716075637987,-0.14485016083618443,-0.6522142925112795,-0.273293863733891
19.802,18.466629255210712,19.27927273181207,0.7968449871720508,0.9991627430619553,0.03967374156692878,0.0012601294687622812,-0.009910559051392568,-0.18886956580297176,-0.0890641074843884,0.04136824104065589,0.7380475510869734,-0.5380360274055995,0.034585010789042483,-0.3052170679669384,0.0070462735054026854,0.012599814335991968,0.5724864149965657,-0.27355359754537184,-0.0851403199365101,0.4188072883788777,-0.0332599285990171,0.029789575033057458,-0.11871946399407927,-0.1361702271071607,0.11475623228886855,-0.9349777387222877,0.06428175296988571,-0.05299465352046078,0.534422063843665,0.20652415847457212,-0.3146556696074539,1.0176624869215731,0.10225078412392367,-0.16003305038654073,-0.3179262895752612,-0.535800247272981,-0.10077263891187316
19.852,18.487644605530814,19.278355465244907,0.79821290201711,0.9993476032380054,0.03547414892766766,-0.0014305748135103188,-0.006626169030100845,-0.23985902294164493,-0.08289716448748366,0.03695474752011693,0.7649440311958517,-0.5178341360054018,0.010789977362560455,-0.25307280050708564,0.013304207642714163,0.002706870248860984,0.5500838774493694,-0.2963735944693988,-0.08833995294234297,0.423423908911892,-0.004034362136241353,0.026414817859021437,-0.20536931651169987,-0.07974991446504008,0.147213213952624,-1.0409110435220965,0.16829674003851514,-0.10946142477957901,0.415628974329888,0.5735088223884133,-0.5185406774980856,1.0777367032518128,0.14454545589412648,-0.2195910678092331,-0.5763982998028969,-0.38288140381548064,-0.029557850527977884
19.902,18.509050187083112,19.27899241004642,0.7994621337777509,0.9995509860215085,0.029666267401793633,-0.002921835328044176,-0.003033446915991255,-0.28871567980235296,-0.0729598097836171,0.03263469882150083,0.7702154143355296,-0.4820754177150733,-0.010475198435240642,-0.19753352007242198,0.021205202388139086,-0.00823425740202321,0.5150871089161924,-0.3122628976722772,-0.08844241541865432,0.43150389511605713,0.028652433713769493,0.021402316660360618,-0.2523138812036872,-0.028869273876735248,0.14316748380823074,-0.9102929172220198,0.21700814299324536,-0.053699102412775944,-0.17602257980097688,0.7721012124838333,-0.3194883059464363,1.1204652497256202,0.16772937830866588,-0.21258989126901026,-0.7860705578297643,-0.2721904096467384,0.020992608628227633
19.952,18.53086145402598,19.281210050705013,0.8003173124344807,0.9997399074518246,0.022580226762562963,-0.003103656773656435,0.0007862074798111837,-0.32257155783028424,-0.06062040514749112,0.03411618621012217,0.7235475235569722,-0.41950823080550925,-0.020132804699146155,-0.1398268023994513,0.030340260818494627,-0.01966936330768988,0.46943894602041125,-0.32231708762531913,-0.08560933161522735,0.4405132806007284,0.05977194359235347,0.008401622581804965,-0.30686668466383715,0.01593969093432201,0.15246979698289784,-0.3897041947749682,0.26595485154610726,0.1579143469228671,-1.7825017867193351,1.6398652386752925,-0.05528440638907837,1.1599881077508083,0.19667546527175575,-0.2277702036475117,-0.9689353638857069,-0.1700552964100714,0.094342415516893
20.002,18.552905226301664,19.285103684267924,0.7993853054355585,0.9998895395961513,0.014120861075240087,-0.0023359107816823053,0.004006670626432001,-0.3269284366480286,-0.04950395215999557,0.04846477100682449,0.611195489759497,-0.3016424157528326,-0.012632690655256644,-0.08786683833662297,0.041503768410320274,-0.029908090026491228,0.43109995046230676,-0.33544549052814315,-0.07797816253053579,0.4447667701154489,0.09594545382540672,-0.045572769521827754,-0.34342920068389626,0.019401366737185302,0.05305491054703463,0.1484115477255616,0.12451262606824862,0.1799892016394995,-0.9304965017482861,4.042628168365029,0.7848305694261265,0.9101306304260456,0.23038442414761293,-0.1324010937083306,-0.4687814746498446,-0.3960327371266416,0.22454910625112232
20.052,18.574094399204032,19.29014678590944,0.8019453914842788,0.9999570646795031,0.008367371166352078,0.0002946815861822404,0.003971027584911554,-0.29467347733699684,-0.04950637248635358,0.04519517096760488,0.5858377716212801,-0.2860677904198542,0.036438861557043116,-0.08498895506442293,0.043756234138231515,-0.03832419111850153,0.4732749058362845,-0.31331528378093143,-0.054370143763536334,0.38592593543893944,0.08296622932552523,0.1233397934092235,-0.28755126150177884,0.21098725355555628,-0.049949476236901345,0.7638871792378209,0.12904390043350944,-0.16984024949950846,-0.7393243496103183,-0.4766801444819409,0.4832871402484955,-1.2655681822448386,0.20340723518181636,0.22031322064013067,2.997800257692219,1.3341446224499178,0.4875907786010748
20.102,18.59236191602262,19.29249240610525,0.807729428004903,0.9999788169152498,-0.00045005458080871175,0.005419446922778765,0.003576697737078994,-0.2582434864235437,-0.037216896906197824,0.03204706085301556,0.5486173922031666,-0.3017334303013697,0.05308838546235947,-0.19579762448400115,0.06544574105619795,-0.008759941879572807,0.7356924805227868,-0.3584699705457829,-0.02416834257270082,0.37419784683531593,0.004128357391656346,0.10578629121601192,-0.45095578713391704,0.08105637493111598,0.02778926524327189,0.8109957244616672,0.4182074706515986,-0.3600996482135808,-0.6035023029122958,-0.3152147145340412,0.1441453402603533,-2.166986508283389,0.7620892188046264,0.9249451462545626,4.8014799315358045,-2.699648591406266,0.23234142996034612
20.152,18.611675719121383,19.29172729389478,0.8122728072996998,0.9999162039389009,-0.01133115941772173,0.005076686394291681,0.003662947163426446,-0.2131495396758908,-0.013424342440181203,0.017907310009372502,0.5217688807473474,-0.31830470109352316,0.053640825189683626,-0.28325053945542406,0.09267881962361393,0.022020827582644786,0.8703682821255299,-0.4601176643665767,-0.012809209169987588,0.39710803153747976,-0.028306210892016893,0.07590457088844539,-0.3946236168619406,-0.07354471822602063,0.02017758408413964,0.9731667836512445,0.45936025467966024,-0.25335739411643754,-0.5206473922682929,-0.3507315140324199,-0.013859345632235478,-1.3444061051521805,0.23610513487058005,0.2440996676694657,0.7834832274572201,-0.7761248060258176,0.3131632642823541
20.202,18.631559011488235,19.28988483731827,0.8149167018437841,0.9998123445081317,-0.01856283553541263,0.0038677751413050223,0.003967016699441726,-0.16669401476612647,0.005111701349580111,0.009146703079742885,0.49699485252344977,-0.3362905982508668,0.05397104452003534,-0.3464448624851872,0.09207773173179047,0.025878272943753312,0.8665433997237613,-0.4695166376552963,0.005135813701401464,0.3969757175849973,-0.04485400211455324,0.030862631640923593,-0.1792721930277918,-0.007129193418747402,-0.0026887254017250784,0.8659372960135251,0.2730373339596143,-0.09917049357060324,-0.4647166221603689,-0.36351962991091064,0.01969445214357847,-1.2669418885100592,-0.1723010328413004,0.0024509213216785545,-0.47498625544023476,0.05113135373910021,0.3574680768576486
20.252,18.651535053633378,19.28725868538992,0.8155683148009583,0.9997905536212836,-0.019613376367234026,0.004937840749983436,0.003127632627183538,-0.12477362040174529,0.012596106288229028,0.0099664121217042,0.47110887087485265,-0.352207407107041,0.05724905531822113,-0.409024966643501,0.07447259251223674,0.017480631167675068,0.8361042999372101,-0.45713543787918026,0.024637410784736097,0.4043801114753688,-0.06075125203557775,-0.002115861771608511,0.07772012958207326,0.08823325694754337,-0.05632807561933274,0.8256392407539936,0.042399101894663574,0.11208295560510292,-0.5786166345727137,-0.28190006951502,0.09464382103520919,-1.1922783851870318,-0.5049485828745958,-0.36544813067782933,-0.6826276380344208,0.4141979884176357,0.34060264653384276
20.302,18.672261470213588,19.2835765000441,0.8146470752414302,0.9998519200359944,-0.015152561673505413,0.00808066073125611,0.0011139107732223254,-0.08387215931068491,0.01044985531162825,0.01958725763779676,0.4404786233304024,-0.36611082416175245,0.06400111603487976,-0.4589499188587005,0.04651456163992783,-0.00876592431975509,0.7958576667110411,-0.42416417363478665,0.03695147647218482,0.4246059270563008,-0.08694326814164101,-0.0359208901977071,0.2646068879151545,0.16054732166371058,-0.09252951354351296,0.7915990625660676,-0.11764188658815652,0.24921246960215884,-0.5959912331437117,-0.3048151997028992,0.1973490085975226,-0.7819094144500729,-0.5447616302913268,-0.6009593545779304,-0.9120148982573273,0.8224794270588306,0.1696014506614043
20.352,18.694139160869238,19.27854848194672,0.8115906747393432,0.9999070465996975,-0.006241085546693626,0.012093393124722504,-0.0008347779346240896,-0.048793572729073025,0.0005491728774407081,0.03672745414151813,0.42207682616100317,-0.3838546416011333,0.07534337082450761,-0.47223317785450836,0.019603441777637003,-0.04882267905559174,0.7106113659626306,-0.33847768544157575,0.042348031343136694,0.4483889155664165,-0.11176355689295266,-0.08896361282977594,0.4679183019360136,0.14284114511728024,-0.0137240754062772,0.477838717740557,-0.22990900900063532,0.6956011297789559,0.18089840444666466,-0.3406089284568484,-0.05063563097192281,0.32741649785855537,-0.4692473510963646,-0.8318577152911242,-2.7098120982125598,2.4678312080680636,0.09158855074394665
20.402,18.717349504012144,19.272970909928464,0.8045946112330661,0.9998413277935961,0.012011944838813224,0.012933381463746329,0.00240001271674008,-0.04988637782759382,-0.025740839291140072,0.06576669363981157,0.4950553585182309,-0.39766930917768184,0.046639712949331245,-0.418801735035997,0.006348399066668445,-0.051149275887627264,0.5229825953237079,-0.21441784554363771,0.05332274827466038,0.48429331585816426,-0.1001556988014451,-0.21223481806685182,1.0450796762787888,-0.12808954428043517,0.2875197968096798,-0.4545542707726197,-1.0192062687518921,0.04576843770919884,2.710297985841839,-0.37847189398909387,-0.5349956221458023,1.6478103044629597,-0.19733063433958548,0.9404513302293781,-4.027980342146861,1.860830874128434,0.2829839609775434
20.452,18.740269854371892,19.268282069885824,0.7936626917135153,0.999301449376192,0.03527377876223053,0.00976671166342803,0.007548850889877479,-0.08746416358908395,-0.07201380393696978,0.061620924502860525,0.65262548749444,-0.4273523734304234,0.03778467756509029,-0.3954102449879036,0.0007157136986670279,0.017862907249238436,0.5047690283446561,-0.11605714784441472,-0.01678375721971505,0.4071225766739256,-0.09811460843461169,-0.0980956228278122,0.4726714997478531,0.04181275822169529,-0.004440809425599962,-0.8547222571493164,-0.4831349670751855,-0.26287616614271103,2.333715306613479,-1.508729800117411,0.17447312719213054,-0.8414937201219295,-0.1411287215628747,0.3683116207341242,2.922165815012629,-1.9501216261201573,-1.296820546529652
20.502,18.760758398862052,19.263870206179924,0.7930208976831375,0.9990713300979186,0.0410951944096326,0.009353959615793524,0.00895353630224381,-0.119652921571261,-0.08484707869898551,0.05301084656378916,0.6987261721801739,-0.5117590219901066,0.0437611297639274,-0.396752558819114,-0.0019705278571742436,0.02183106055069074,0.5811763901596037,-0.20258523709353607,-0.056627143108632726,0.4172174135230102,-0.07236006416935294,0.033306137081880925,0.10104494739522472,-0.09633732945646514,0.0728249728950577,-0.5210485009609233,-0.1802554678474591,-0.12137921257078614,0.22179795564387142,-1.2661966505689184,0.07240777781555255,0.5918455275870986,0.010528962016940892,-0.011704270635159724,0.48633632186490316,-1.1655430117797918,-0.514463183106799
20.552,18.78176077745165,19.261126332548447,0.7951233822896568,0.9990577625951826,0.04169027334528746,0.005720891133757131,0.010619769834516622,-0.1502193691834774,-0.09155924468544568,0.04595932090522971,0.7127252663808478,-0.5401389749502538,0.04410567367201845,-0.3546741166574653,0.0006666227255480506,0.019150298992634197,0.5849930836465743,-0.24482898816433926,-0.07593446512429769,0.42048576330989773,-0.03969368124446264,0.041297451605749165,-0.039012221622804245,-0.16007413668429718,0.0827748556514201,-0.7409609024524295,-0.06478887171283226,-0.12234611909868955,0.4392905133649847,-0.09290847860287137,-0.07432207818535347,0.9640351794563332,0.07808197784077736,-0.09639349976465261,-0.1431595359229284,-0.6561665122903472,-0.27719594103483763
20.602,18.802813051701204,19.25994456225104,0.7968840946813637,0.9991345800277953,0.03955662589631391,0.0018502297750902152,0.012725603724773079,-0.19259526033707847,-0.09074402618604982,0.04114369337091088,0.7387309043993103,-0.535811028692556,0.03251173987219329,-0.3046818783459172,0.005516209899560188,0.012865789514456157,0.5727315748167788,-0.27385667772620076,-0.08473707738224141,0.4223540298378962,-0.008541241069889058,0.03000300995030794,-0.1258453912307976,-0.13472001697019056,0.09062626872746495,-0.912388170404125,0.08273068368188416,-0.07956581156027051,0.5136327431168582,0.1978651900243396,-0.3169205507931351,1.0185867906319197,0.11410007526203943,-0.14036048838278303,-0.3233639307809231,-0.5325413619604181,-0.10063773999284983
20.652,18.82395979116093,19.2602546136217,0.79825783691356,0.9992582206035064,0.03527691299555508,-0.0008644536967549548,0.015420787451503937,-0.24259103218740918,-0.08339441808474464,0.0355670065295483,0.7647054268999457,-0.515642019257706,0.008644333522692697,-0.252578736180126,0.012229278478304592,0.004006231498223627,0.5501488904054448,-0.2965102578860404,-0.08765821963648804,0.42513153640048373,0.020430036755838654,0.02637132013204098,-0.2098301187765415,-0.0775581389934784,0.12423334290020932,-1.0242829053032299,0.19512889978697723,-0.12839572258714355,0.4015515929501063,0.5732129348045628,-0.5185846855292047,1.0753082897919117,0.15109636116728709,-0.1987873964006931,-0.5778930633786612,-0.37975841573373686,-0.019763075697661402
20.702,18.84539391401352,19.262121700335957,0.7994922839935237,0.9993940881226947,0.029401183846395472,-0.0024036893385225118,0.01847293402260821,-0.2907373098941029,-0.07215192996059643,0.030571244771819935,0.7692778686333275,-0.47995920395120395,-0.012642433831902892,-0.1972827431489786,0.02034546776794198,-0.005946616094845342,0.515258168331753,-0.3122739356799515,-0.0873268263864552,0.43098866435506894,0.0533616770660846,0.020824735381055465,-0.2564498210384334,-0.026209950139263194,0.1227463489635864,-0.8972595089559826,0.2409515814925732,-0.06251879084320716,-0.19308601278746626,0.7706432668042825,-0.32070000966625056,1.1131276166701756,0.17015516270908965,-0.19436084384921984,-0.7800002525117143,-0.27068762766240545,0.031196414135178666
20.752,18.867130271193968,19.265583763082358,0.800292629204405,0.9995123774379994,0.022199304705984763,-0.002679686200117266,0.021794896207129048,-0.32362003405310813,-0.058757014621387035,0.03206559437408579,0.7207972951201022,-0.4172059830797735,-0.02265282801456456,-0.1401027007820842,0.02957573099407712,-0.016511386133673363,0.4703329074652214,-0.32246147285077953,-0.08414346867557412,0.43807156049289714,0.08485554481602621,0.00662878622411726,-0.3124801509345671,0.016717604800288083,0.1329861451605114,-0.36439659230539195,0.2817257276021821,0.16312591783386976,-1.8327836419000858,1.648608577498135,-0.06757514917070481,1.1456388530350436,0.19808653177199462,-0.21121829450834287,-0.9441350946660865,-0.17885804527146973,0.09928460814352923
20.802,18.889023291026394,19.270733142162662,0.7992358667477992,0.9996061071150327,0.013612137653866195,-0.00213883564212456,0.024449247614575693,-0.3262813912769836,-0.04723013332430201,0.04607186524247145,0.6107312738550035,-0.29372058020738606,-0.01425095066670276,-0.08907840593950701,0.0407197580489483,-0.025885488417440105,0.43409238500372477,-0.33646436653255807,-0.07623431872274587,0.4433217163855069,0.12189141666985351,-0.04648028396562246,-0.33799948691427073,0.007534236221014165,0.009912815935665977,0.2747215681490868,0.11935969737337053,0.12591337774145375,-0.8825565647879636,4.072350212294148,0.7315749305893989,0.8943626413354181,0.21940438103157628,-0.10718555003340423,-0.4097269888167613,-0.41263370987903464,0.2306595067821151
20.852,18.90985812941601,19.276885089106145,0.8021721359713176,0.9996739637773844,0.008096797733732815,0.0006714672359233121,0.024206551671491043,-0.29279829858580825,-0.04753984982797281,0.043503166629072575,0.5854570793139622,-0.28922674864786263,0.03474708082857017,-0.09005644299914016,0.041878846379874136,-0.03412352786845818,0.4816802235195847,-0.3112601015778606,-0.05222813440373208,0.3776623595871134,0.10150215922974601,0.1253584167404865,-0.28116320953003093,0.2276638470217761,-0.0699297680901694,0.763134726682339,0.1299011881675611,-0.14575908222031023,-0.794089235502928,-0.4014988052317474,0.4746738642642181,-1.4130278846340503,0.19881464589771847,0.24334591057920144,3.2260098826618444,1.3796768326677273,0.5212480568246611
20.902,18.927947850455535,19.28000053918483,0.8079437927497053,0.9997120849132399,-0.0008223032962290294,0.005612285760651128,0.023314659428195796,-0.25606425553929074,-0.03461779058343721,0.03163141814011724,0.5474751064533665,-0.30325959949536613,0.05113678094780667,-0.20333658656516274,0.06466406658447146,-0.004404943768287895,0.7440220378504131,-0.3634807953971743,-0.024655355528749232,0.3742618618032194,0.02040246888520425,0.10533310640718653,-0.4495232786626327,0.06883443074233386,-0.011774560535817094,0.8353937980090794,0.43858318344879577,-0.3122711104187529,-0.6141917348261183,-0.30566329365322226,0.1359999970352389,-2.161848048107287,0.7579234633340488,0.8645569298479552,4.669913155889667,-2.70307289705687,0.19902832574066454
20.952,18.94733487965046,19.280081340069536,0.8124487628456879,0.9996587361427495,-0.011561017620263625,0.004794045741299114,0.022929702363883732,-0.20980107440574078,-0.010706774488768648,0.018796198427955175,0.5198343592024028,-0.3195697763700319,0.051770680440549346,-0.28887566704722,0.09074480207997195,0.022428481952970526,0.8697394993250055,-0.46100760448527417,-0.012621962331965083,0.398578055380169,-0.01094075712468975,0.07436501828634073,-0.3846878937307208,-0.07762397754651812,0.004084431532427877,0.988286791327881,0.45430868840181815,-0.22705735009637917,-0.5362189191238016,-0.3484706958978489,-0.008359946082457369,-1.3214829888310196,0.22966318658249446,0.21288050182651413,0.6803078232749581,-0.6921100857632099,0.3309815687773177
21.002,18.967309337262858,19.279098085067716,0.8150015962015202,0.9995637058939257,-0.018464169108901238,0.003461007433648139,0.022792405451478186,-0.16282826144235665,0.0074378840731559705,0.011464797934481161,0.4943049670297647,-0.3374227747630378,0.052401077955897796,-0.351508935644339,0.09034466782221741,0.02567694068720132,0.8641167326560741,-0.46863140679876414,0.005834483208074808,0.39952873825156027,-0.02789695695585761,0.029096898064565276,-0.16619442822634578,-0.0047116509906082295,-0.024870137854720878,0.8769135739702972,0.26540309997546246,-0.0660770240092058,-0.48157939013348255,-0.3603208175060473,0.025463321811827092,-1.2600687280652114,-0.16066820873209792,0.001653294936208386,-0.4692183098179782,0.06841758217087043,0.35987907747764414
21.052,18.987467123146526,19.27729701385814,0.8155857078499466,0.9995724282035353,-0.01927711086119215,0.004588020165868214,0.021501252128456803,-0.12031229029341357,0.014554128311244042,0.013578635113502671,0.4674576251979664,-0.3531016367144822,0.05597044356101684,-0.41346477749008886,0.07318113983845861,0.01668092415848433,0.8345541080348075,-0.4561446244562214,0.02507774005113095,0.40906707075205234,-0.04432616141303143,-0.003103437093305288,0.08663513238860221,0.0916203656555871,-0.07604913384311271,0.8408624742530622,0.036960164101445155,0.1402802616793486,-0.6013101220146179,-0.27647972546562816,0.1056557151462249,-1.1746483786870745,-0.4984710460924115,-0.38259124138123984,-0.6618340734844812,0.4120223838657714,0.331712781673288
21.102,19.008482800480635,19.27443425089834,0.814614469130111,0.9996792809975048,-0.014723346048558598,0.007886097899251933,0.01903595769511754,-0.07862650593141747,0.012207643711095891,0.024434467140012035,0.4357641928371692,-0.36680018055342345,0.06348149394850156,-0.4621505916724362,0.045503987483584384,-0.010430922299518842,0.7949215458351965,-0.422879177617507,0.036927858624422646,0.43134036614462173,-0.07046051441287463,-0.037069366484318154,0.2693400790064637,0.16313839022814494,-0.1087796899733784,0.8060237061729221,-0.12307601794966445,0.26903689352595367,-0.61215868982569,-0.3048816572341657,0.22731447658114445,-0.7521323553899995,-0.5402986595832133,-0.6146078153069737,-0.9065919292024115,0.8361132983083919,0.1609479708962621
21.152,19.030735111214565,19.27024017398337,0.8114899381605579,0.9997697649907973,-0.005764787524979416,0.012087555101539763,0.01676529888508262,-0.043192690263425294,0.002129928045499688,0.042881681868279696,0.41746500307403955,-0.38431137206354243,0.07538849713416054,-0.47363911354337634,0.01875580314370751,-0.05095637505549496,0.7089805083103028,-0.33565364491387134,0.041864969545932905,0.4566487964824003,-0.09488379561010062,-0.09011306913234934,0.47511034017722614,0.14172070803267903,-0.022514465284131584,0.4734804773022169,-0.23520539372023258,0.7175097948022623,0.21235342044666888,-0.328145902307864,-0.06398299558971648,0.3719793123555598,-0.4623938479284903,-0.8260879100816493,-2.7492900309260255,2.5102204142710853,0.08431753670665892
21.202,19.054382299362615,19.265546725072696,0.80440243586235,0.9996358868744755,0.012793706398211108,0.013144196463335358,0.01979001891388146,-0.045326209816680674,-0.025129290870225585,0.06995760698306738,0.49382428354484764,-0.3973122306460726,0.04495253758175842,-0.41789606554576575,0.005926061135154908,-0.05162579094723552,0.5196870377743363,-0.21139248737647517,0.05268358066998141,0.49297576808108756,-0.0814047539538197,-0.21611923789473508,1.0617311079658798,-0.13430499514307218,0.28470944818632277,-0.48570424648782035,-1.0384001895669577,-0.003815774826481915,2.801355774666804,-0.35363442796285127,-0.6222279993791421,1.690475168482776,-0.19755238636882383,0.9927546325509643,-4.024323199875406,1.8164863304284125,0.2787247235777639
21.252,19.07761277269533,19.261698738460016,0.7934110858225005,0.9989912097268098,0.03608664832287969,0.010521232367489329,0.024568686795518477,-0.0841166492307521,-0.07151039502125309,0.06340328906719786,0.6532487962592426,-0.4280223856976491,0.036250015674116995,-0.39643238659672647,1.2355982632540765e-05,0.01735892847063335,0.5055851787642119,-0.11290710923294911,-0.015230528667508268,0.41321081383986785,-0.08483124749388471,-0.09517527442570627,0.4595753970179944,0.05058365737648467,-0.018446891322051365,-0.8630207040188113,-0.47796486884988243,-0.3331248358287988,2.2987357714126038,-1.584557418551327,0.19869639714660212,-0.8826106052009882,-0.12191994411452554,0.3605394174766716,3.001970853437919,-2.0771147173136333,-1.3444998213429853
21.302,19.098442308035818,19.25797864186103,0.7929498591576902,0.998741170180333,0.041766266039996974,0.010278218474197204,0.0258072128075338,-0.11620754804698624,-0.08452240147141686,0.052730041561286176,0.696744148773602,-0.5131049284503164,0.04328569358905587,-0.3977860340349247,-0.002096124938423599,0.021308117633726073,0.5826663776918918,-0.2028060844874938,-0.0574710557753578,0.42363678610568556,-0.058048034277486865,0.03645819019275195,0.10004429957567215,-0.09572201651050935,0.0674231545335385,-0.5243392202963816,-0.18533686952842915,-0.13665899376133478,0.1947535253086541,-1.2498055125662444,0.08620948370880187,0.605230196383693,0.01611092735227219,-0.007598344263689518,0.47375282904350846,-1.189776969859054,-0.5410285288724596
21.352,19.11972292654483,19.255942604473642,0.7951478815149984,0.9987040524443155,0.042426860460102654,0.006644659230771875,0.027313470056147423,-0.1472406309961323,-0.09140249853742433,0.04546441218526912,0.7106016637694805,-0.5406630177855006,0.04374215728939353,-0.35512047212675985,0.0007338349417882119,0.01887717105940753,0.5859969691119656,-0.24563500591207157,-0.07724590446566833,0.42513999980899464,-0.025765878791600038,0.04216133190270673,-0.037947479358558536,-0.16067547367352575,0.07695657039456223,-0.7564071384621563,-0.06802478691645732,-0.11942047401187657,0.45205594427468015,-0.08631237307236882,-0.07797371699302179,0.972212921097727,0.08027466997155618,-0.09196792822943563,-0.14826037916723073,-0.6618859182774118,-0.2792677092625505
21.402,19.14096146812891,19.255443403224394,0.7969141246401866,0.9987507454866422,0.04038893454804546,0.002735541210280735,0.029295036614376328,-0.1905192811938713,-0.09083118530245365,0.041019725143683204,0.7373223231160885,-0.5357845148887267,0.03197733969930727,-0.30487887177706247,0.005660981666722556,0.012764589175834336,0.5736922881272221,-0.2748460159392858,-0.08601096246901085,0.4252370411358056,0.004778580672893535,0.029608311363517777,-0.12495939580905314,-0.1346852874188778,0.08680428880460965,-0.9316135009651801,0.07567407481939765,-0.07058357610072392,0.5259334097454146,0.20818661419436896,-0.3192708776656059,1.0212141096310217,0.11578948732067561,-0.13830444582930812,-0.32111930929126176,-0.5365417492127013,-0.0993744692444304
21.452,19.162211976647658,19.256402663812086,0.7982610428240576,0.9988363533186382,0.036162013497611355,-4.083588259687457e-05,0.03190997338379787,-0.24144979714998271,-0.08394797874129105,0.03592548347995272,0.7637397227660245,-0.5153511191037043,0.008085073132277442,-0.25269130519592786,0.012503196217925545,0.003966826007063168,0.5512410572818579,-0.2977120266363895,-0.0889634690449014,0.4264870988928018,0.033216125683730155,0.025836686806333466,-0.21005807445540597,-0.07719654509632407,0.12142317756080773,-1.0415684787805977,0.18347416458489132,-0.11997586917709017,0.40712223487514043,0.5775716962528917,-0.5173118566486449,1.0769450102883396,0.1544409408100954,-0.19811580588496877,-0.5759932783425311,-0.38386705867242477,-0.02254276525124583
21.502,19.183676195565045,19.258901995312037,0.7994768256472872,0.998929928109133,0.03030257439457657,-0.0016726080336213203,0.03489921339100794,-0.2903334403079687,-0.07334467358739548,0.031217496985452384,0.7685101596664489,-0.47937245128556977,-0.013042564826711416,-0.1972649922852211,0.0208136943924681,-0.005954240436379477,0.5163318111718784,-0.3136430740047499,-0.08884360067527879,0.4309083406144507,0.06582847798604957,0.020636018038584635,-0.25691506939063913,-0.026163177370443366,0.12014154420232981,-0.9096397770952813,0.22846426203295758,-0.05893033880610334,-0.18909375256042507,0.7770240677226091,-0.31628898721415694,1.1168792144353303,0.17453116520144832,-0.19352168766379074,-0.7830417308113655,-0.2728321078298361,0.02499213127758742
21.552,19.20537626216883,19.262983040234293,0.8002802355612431,0.9990024793770359,0.023111490406809345,-0.002066640034723592,0.03815277458688761,-0.32381251979916353,-0.06052679716594929,0.03270923075189654,0.7206051009908575,-0.4165687000722871,-0.02257130385117656,-0.13981789708303255,0.030243439582805978,-0.016428278555938012,0.47105507051973655,-0.3238395618028435,-0.0859018010047457,0.4367235633481916,0.09715418916504519,0.006956979189867237,-0.3116702189706231,0.016876244534572895,0.12966932764587458,-0.37659423984062496,0.2725412985900068,0.16160474497800154,-1.8136603944337026,1.6426696694736211,-0.052854378884704886,1.152198562426301,0.2016455664775314,-0.2084333240338554,-0.9547983660989758,-0.17651182276641234,0.09641242012454884
21.602,19.227166091907847,19.26873964238392,0.7992625234652154,0.9990636090977413,0.014554258174853089,-0.001647765637346884,0.04071072848747053,-0.3270098561435745,-0.04921353586535768,0.04696900802434042,0.6113235009265695,-0.29396588710286414,-0.013844188076178402,-0.08846046458190619,0.04151602822100299,-0.025697786044920193,0.4341422943583943,-0.3374965076419165,-0.07797009983072095,0.4405209531599697,0.1340500264741204,-0.04525884476120756,-0.3375386333235314,0.008887426069586786,0.006045978405207288,0.26917535307887713,0.1216391505557986,0.1475886851764358,-0.8835973792847438,4.03769770434816,0.7379460643865678,0.8980583213180967,0.2212984947300166,-0.11274823540310942,-0.41989284883656125,-0.3992087280807126,0.23574266318501325
21.652,19.247970426949998,19.27548637862087,0.8020023399822951,0.9991566753924809,0.008628237199131599,0.0009104982324559885,0.04013306036735958,-0.29262536564544167,-0.04892771572431353,0.043587130141018116,0.5849044603542587,-0.28606451577762726,0.03387636813962313,-0.08841585398602486,0.043762385034790206,-0.03409502773877499,0.48084836499900735,-0.31309711160320436,-0.053955824430412344,0.3783456698979869,0.11299603668784447,0.12488588863831618,-0.2932299800778575,0.22008895049043073,-0.07388682497920493,0.7737645215038276,0.1394120261175823,-0.1537931092313098,-0.7624211425922176,-0.5459049775816199,0.5467866344474229,-1.362952679439141,0.21578844712400702,0.23928787035666751,3.1550783495939485,1.3848796036343012,0.5114587590425071
21.702,19.266080771522343,19.279214499170102,0.8078192477296249,0.9992182797164106,-0.0005495247714106766,0.005717953996898648,0.03911307332839807,-0.2557343674676077,-0.03570764830287808,0.03156703547952738,0.5475312121863481,-0.3034048545697821,0.05155174040775379,-0.20112672400340106,0.06614335714175507,-0.0052754076928165725,0.7435824294286104,-0.36198955509139513,-0.02474453659700416,0.37508057891108176,0.03295248165251542,0.10639087069848083,-0.45685614566869787,0.07492867939598297,-0.007994218927795994,0.8292401622030987,0.44142447413883934,-0.3234909771239624,-0.6077677028547881,-0.32957615751742975,0.14553934879945443,-2.1700727859559654,0.7498558073124146,0.8586201206969144,4.7120896699594725,-2.7069550444719326,0.22030189207117623
21.752,19.285497814715775,19.279938388238826,0.8123564633984217,0.9991750571416784,-0.01146844951333129,0.004879555836220501,0.03865061172251898,-0.20987772037540386,-0.011368184755435048,0.018672146212179025,0.5202545786768132,-0.3202299644415167,0.05217762188449747,-0.28772834818315585,0.09232569474270332,0.022462771773415522,0.8720628631658017,-0.46143225933751914,-0.012813980630045817,0.3994371756639402,0.0022202160194043203,0.07487602150665619,-0.3925977279383216,-0.07422558738372698,0.002930905221851974,0.9830907740861856,0.46309218438552247,-0.22916320808675636,-0.5305094323528087,-0.3515116640552214,-0.012117060867281187,-1.3316055204693769,0.2241859375269401,0.21833380450071846,0.69616114572549,-0.7285278203108996,0.3276100883546807
21.802,19.3055141703374,19.279624840963333,0.8149267316530375,0.9990807280831772,-0.018526873745580145,0.003467822316286915,0.03850231071488675,-0.16305243050623852,0.007133823263847225,0.011232023802574211,0.49494343884036524,-0.3381957246599756,0.05269654341919363,-0.35050777446812614,0.09144256979841547,0.02582896899387318,0.8659730161406726,-0.46970442596662876,0.005646545174291317,0.40028200513120193,-0.014320251211101729,0.029298049015383864,-0.17202254390007587,-0.0042673846795255295,-0.025052448456991946,0.8746492975999779,0.27062767761667106,-0.06773673753585571,-0.47741812640693543,-0.3622707380184855,0.026686315402523465,-1.260444330857521,-0.17340136279202856,0.0014875254546741655,-0.4898936612450882,0.06479711737950249,0.3622079299885748
21.852,19.325709642573024,19.2785099713353,0.8155125091759966,0.9991068428244713,-0.019482556441318345,0.00457425262717343,0.037215894839836554,-0.12061069847034957,0.014441880647596472,0.013222684614809124,0.46825476320335285,-0.3540124666375832,0.05622876579023027,-0.41260614325629164,0.07371991312402804,0.016843735484702492,0.8354844118955509,-0.45712195004996753,0.025138594841499523,0.4098682979578993,-0.030434404831702642,-0.0032388811447524703,0.08228099093210926,0.09133494247494812,-0.07545560130282324,0.8394058954500094,0.03967411972998266,0.1365834220164465,-0.5986190752889917,-0.2795441463417916,0.10143010608537484,-1.1817274243182339,-0.5063455004820709,-0.380074084532015,-0.6734957150385447,0.41463475537048605,0.3371266780528713
21.902,19.346779998342704,19.276359066789105,0.8145304256796216,0.9992498918413063,-0.015071588448539466,0.007933707886122915,0.03477868824368263,-0.07901258243324492,0.012193088494399996,0.0238819921190371,0.4366935242135349,-0.3678209797301209,0.0633782879508317,-0.4618779708282025,0.04580965610416033,-0.010105158905057882,0.7956777751025857,-0.42385079221227623,0.03713707911029571,0.4327988864881284,-0.05590011418650421,-0.037324592919972824,0.2660795266008137,0.16294214114116837,-0.1070850596126109,0.8043551974445833,-0.12095665861099743,0.26520799343819695,-0.6103079382780806,-0.3053349252669919,0.21406368712037524,-0.7670415159887091,-0.5423564465883305,-0.6123608733400281,-0.9047176036865991,0.8344934296868189,0.16172326204838075
21.952,19.369131457866835,19.272914130106937,0.8114027904986197,0.9993741964715328,-0.006258012276249237,0.012258841634141175,0.03258486628817677,-0.043644960135274136,0.0022798528013830695,0.04244787813812985,0.4185071546919524,-0.3852990687537832,0.07475658248693802,-0.47413066403283965,0.01906738708029468,-0.05058308627682892,0.7101026619821289,-0.3366893775869878,0.04183201138289788,0.45905643775670063,-0.07963613147066087,-0.09007209637236505,0.4711939985519807,0.14114498867926878,-0.016844442417550246,0.4744968296674868,-0.22525740172484493,0.748154568438598,0.21207266360118965,-0.3292926693031873,-0.06552414460442402,0.3561118494805043,-0.460354652028557,-0.8281346587162932,-2.735417340459548,2.5132398338089197,0.0738684335004709
22.002,19.392904561707134,19.269008198082208,0.8043526110282995,0.9991943027730242,0.012181909902000472,0.013602443059065378,0.03573961275525479,-0.04567501403971351,-0.024801854366021232,0.06978743913353369,0.49463670052692815,-0.3982857028285556,0.0452709027878941,-0.4190827307065589,0.006432314022398788,-0.05160328079888363,0.5212307371232049,-0.21160764886866798,0.052129973080440456,0.4952990187108689,-0.06511516597057326,-0.2145313261488508,1.0573045694416972,-0.13446214138774515,0.2886349618569389,-0.482656673903497,-1.0388125179044403,-0.005465227129756155,2.7960212433970906,-0.3635694354003933,-0.5452626341092908,1.6818704760545622,-0.19078717443244203,0.9798571281173455,-4.03055912017875,1.840728170748113,0.2737216030307287
22.052,19.416271769710722,19.265951306467944,0.7933715507819944,0.9984681999421469,0.03557537668967366,0.01130488088560678,0.040839269653618025,-0.0845673383933172,-0.07131741640445147,0.06341587649637383,0.654185741136932,-0.42836720125646544,0.03682397251726249,-0.39672112718765334,0.0007753726620086125,0.01776287459077938,0.505910984767179,-0.11423076590533733,-0.017991526413457665,0.41566074623770544,-0.07017412040963607,-0.09573975708548443,0.4639875856175548,0.05074852315356188,-0.0050539203431495885,-0.8723802724086014,-0.4742878863234316,-0.3109366613782439,2.2858827868849985,-1.5510514055963116,0.19522806954777128,-0.8773403344217335,-0.13403199007880492,0.36040042199675376,2.994077353170589,-2.055255536533072,-1.281289864897863
22.102,19.437196019545894,19.26295886122725,0.7928808119485704,0.9981879403967274,0.041288492795421336,0.011145037176288397,0.04233065267110718,-0.11736069345362436,-0.08412170899832636,0.05299991239572101,0.6982599212357665,-0.5133316521214475,0.04344185487211862,-0.3981173392284531,-0.0018096072621219363,0.021463851385350285,0.5831291045413834,-0.2034652883224474,-0.05775073325786299,0.4250545887210677,-0.04335189734508621,0.03605539087855571,0.09932250754243944,-0.09656015470225184,0.07746152694291984,-0.5362765880147148,-0.18068190416023358,-0.13897723419992147,0.20567615053716393,-1.2530773584039123,0.08192243887869786,0.6054345940047481,0.008637936922869432,-0.015413404794558213,0.4773197321789458,-1.1854930988459338,-0.5137771149673446
22.152,19.45852019119514,19.261666769430676,0.7950727888058382,0.9981129388855337,0.041998356844877155,0.007494114234911334,0.044164889940397474,-0.14892381257258627,-0.09077817537282988,0.04567065600184419,0.7123989920054108,-0.5410052047400653,0.0439482854707543,-0.3553531400459437,0.0005772135943046244,0.018482687853476037,0.5865290977044278,-0.24628186088852205,-0.07680501078406031,0.42565168435898054,-0.010784118927128404,0.042293398597258954,-0.038606041852542704,-0.16165159116559252,0.09204733296941282,-0.7639081659264041,-0.06323990376279547,-0.11877419393834285,0.4528426411835605,-0.0870532939139328,-0.07289209758244658,0.976657502356292,0.07086771725237528,-0.1050062600331394,-0.14948325677987584,-0.6631605739101214,-0.27196954985927846
22.202,19.479765464849507,19.261917221109886,0.7968525398459039,0.9981075769432035,0.04001369178058739,0.0035043695721860718,0.04656059184071111,-0.19243634471624166,-0.08999480682944581,0.04124562156610548,0.7390840324058591,-0.5361149151061623,0.03239233062122461,-0.3047991803212248,0.005035393153581565,0.011634353541830776,0.5740588008598098,-0.2755715144029707,-0.08536046474311372,0.42499809629701685,0.019858606375001454,0.0299345840691891,-0.1255236726003495,-0.1358445524479881,0.10428714330808579,-0.93385604101559,0.07928916275753647,-0.06997866671057507,0.524438928384894,0.2090656831598043,-0.31660846490390065,1.0284272318220478,0.10650229879973268,-0.15395675095168862,-0.3256472877648508,-0.538181260565811,-0.09660159169618254
22.252,19.50098521693946,19.263638043024873,0.7982142522868736,0.9981239365796916,0.03582736221484199,0.0006157871319592882,0.0496450213978756,-0.24338496362608245,-0.08295921955205919,0.03620717623068854,0.7654138832428307,-0.5154968368176754,0.008495472570532405,-0.252229794920358,0.011408156612573207,0.001977851731871212,0.5513445611495454,-0.29852306649347304,-0.08817630761740389,0.42546848466877635,0.0486516857166623,0.026064503890005357,-0.210268179760198,-0.0775215840200257,0.14107838993930935,-1.0405253598726825,0.18622171377587768,-0.11761083282198963,0.40466543224634244,0.5835685162490134,-0.5194480459596419,1.0844071497812435,0.14516032180805258,-0.21631837607851856,-0.5815085144355676,-0.3856427446830073,-0.019744935891357777
22.302,19.522369949679266,19.266922161670422,0.7994341718621752,0.9981361848162319,0.029999206322269715,-0.0011212738266480303,0.053131411853412205,-0.292185652570512,-0.07222852335208405,0.03170434984945022,0.7700005866722139,-0.4791518743111985,-0.01277267940415597,-0.1964958479365408,0.01928721885723192,-0.008867137201127223,0.516187516187555,-0.314543514794616,-0.08791849431994421,0.4287349898546156,0.08175772987460632,0.020565336638704655,-0.25650292177559986,-0.024564093362688316,0.13970336314749038,-0.9078737144117943,0.23046444549218403,-0.05362517933621384,-0.19388332952399775,0.7848123767050227,-0.31920904924108257,1.1213227553702865,0.16653163701635193,-0.211741571369195,-0.7870107515098961,-0.27465280355264005,0.02897380074451445
22.352,19.54393153693947,19.27181614277186,0.8002264102045813,0.9981203610160116,0.022828862688455277,-0.001607444017037174,0.05685071747437131,-0.3255587323648442,-0.05938100564219527,0.03349838220974407,0.7217479032359173,-0.4158498117710012,-0.02249272554230439,-0.13888589627277675,0.028378672984610727,-0.020214672929690005,0.4707639201019269,-0.3248318686345696,-0.08481848775612061,0.43333100014302084,0.1137318207213535,0.006585948842603236,-0.31087846774207484,0.019201073733204045,0.14634206328868063,-0.3749740069457403,0.2732343986485284,0.17295079951817247,-1.8195232460701847,1.6531893705623752,-0.058035579350655925,1.154159073376137,0.19632422478206749,-0.2240870482179212,-0.9564492960352604,-0.1783002478415186,0.09869165317003742
22.402,19.565512717355855,19.27841535362936,0.7991790071006462,0.9981114140777222,0.014275815332528485,-0.0012942256804076085,0.05973383600816911,-0.3287769410940468,-0.048282124625468756,0.047962204894862984,0.6125700717440347,-0.2929789058274662,-0.014129003384033292,-0.08754364277860865,0.039466571514341,-0.030061033973824387,0.43392173875447343,-0.3386028269706386,-0.0768145850542332,0.4356217844441953,0.15130757473356185,-0.046221944475783164,-0.33833008476396403,0.010535769715552864,0.013337723747533281,0.27244717669334884,0.11450997010471603,0.13663677488332626,-0.8813158445596336,4.030507784311589,0.7183901166116313,0.8950240718282106,0.22049367915532403,-0.11953080444811845,-0.4127544604678582,-0.4021745482515431,0.2355094006937965
22.452,19.586047924797864,19.2859801096427,0.8019013908498207,0.9982010916162677,0.008268297325753866,0.0012112968207454572,0.05936959419969566,-0.29473977261283596,-0.048274006154376735,0.044132934259311814,0.5866384589025189,-0.28575375411633946,0.03374726608939449,-0.08787825188331985,0.04179903001216969,-0.03765812709606393,0.48126388975577394,-0.3140818921525664,-0.052950974016015145,0.37368540430102504,0.1280355490174231,0.12533177285684274,-0.29426499774335885,0.2220620567011811,-0.06814680518253823,0.7706073251305927,0.13536931562706983,-0.1599826725503301,-0.760802566702333,-0.5540396617770145,0.5575732925685035,-1.3725344102318862,0.21646784398740548,0.27180002348825516,3.1705111168000952,1.3958318348192555,0.5075352039582247
22.502,19.603990479400004,19.29041403684027,0.8077463804672081,0.9982674096368235,-0.0010370813085524616,0.005864823953029779,0.058538082983177066,-0.2580063642763765,-0.03522071503043866,0.031707209363614645,0.54934575211015,-0.3032360587313227,0.0516296016380284,-0.20079812214168746,0.0649690348561564,-0.006005849569128105,0.7441044428790872,-0.36238020407294724,-0.024385985514924942,0.37278434110557696,0.04735026767114154,0.10669338655668673,-0.4583539556566829,0.07710582431191669,-0.00032700509489352186,0.8212959799190275,0.4394527237364818,-0.3307339606935084,-0.6013224750889682,-0.33038190476217316,0.14548996485228666,-2.1722464601611633,0.7741772542947113,0.912554661699656,4.701763222198951,-2.6988380486544767,0.21845269444012003
22.552,19.623266741945482,19.291869455799766,0.8122952843033929,0.9982157953336512,-0.012012273792355473,0.004937393984469062,0.058279956806648235,-0.2129703458578075,-0.010861883743569686,0.018443935203068258,0.5226552932080784,-0.3199314033110508,0.052265438597712224,-0.2873641048202058,0.09205990575162078,0.02294099411052536,0.8711872093575141,-0.4617437412883181,-0.01261217669373718,0.3955827953230305,0.017051165592810655,0.0749799864863906,-0.39620288404752296,-0.06604877270812566,0.008743150541967015,0.9577558628418366,0.46610150103773323,-0.2344058851772146,-0.5127162887922709,-0.3468938184796943,-0.011654583448978075,-1.3305525443520632,0.2389351679721878,0.2261974707673902,0.6579418042759761,-0.7308124589220635,0.3211461006501962
22.602,19.643000674328878,19.29227441510052,0.8148570578622119,0.9981044678384129,-0.019152814455335183,0.0036406005653450355,0.05837282764232785,-0.16804569581839437,0.007746588727046093,0.010517025763190696,0.4988452905415414,-0.3376654724242537,0.05309340371517017,-0.349937094785906,0.09174801341018689,0.026291988367990876,0.8629509914884193,-0.4700828782991005,0.005630549734599086,0.39289813106780064,-0.0004241746905985748,0.02899685816925648,-0.17573416188026658,0.006618275761348151,-0.007003967696573932,0.8252507685015026,0.26997991025864715,-0.08444654214966098,-0.4358017938208826,-0.35725791277889246,0.040748568535229006,-1.2512474612566429,-0.16428758873853255,-3.09958264271437e-05,-0.5345759698463968,0.06461120989502153,0.3599319828451936
22.652,19.66270037894498,19.2918396629757,0.8154217945009556,0.9981198302654865,-0.020238853116713272,0.005088440986718141,0.05763072985517351,-0.1287519473810498,0.015034341584346682,0.011520817930891875,0.47472388411213906,-0.3533851913478444,0.05710379475544559,-0.41190308713934026,0.0745327854751154,0.01747758178075175,0.8305268596757364,-0.4570410905332227,0.02510670856718972,0.39769876132616816,-0.017231243691180873,-0.003658410329500323,0.07796617497323804,0.10786791273801938,-0.045761407256698264,0.7640512893643705,0.03885446706418365,0.1065914258655638,-0.5382940451903176,-0.2803697778330748,0.09982185052238102,-1.187110044268205,-0.49195217524782214,-0.3676513602999508,-0.6998124345082417,0.42546400841446724,0.34106902224007773
22.702,19.68305527574992,19.29034538097452,0.8144431179329565,0.9982601443272443,-0.01601519293207881,0.008985761420619364,0.05603083021684789,-0.09141668688663997,0.012794789157288555,0.020471684110457168,0.44658349858784013,-0.367288265119974,0.06362895109536122,-0.4621896904902259,0.047525069794861194,-0.008310698084260241,0.7904029980008305,-0.4234509784920259,0.03742836484653976,0.4168000830469353,-0.04278705397615533,-0.03673371864685404,0.2625844093978441,0.1801583592270605,-0.06966744704665286,0.7142631298297852,-0.11706719230705923,0.22995976002336344,-0.539513360192841,-0.3033878517700443,0.1727702977437841,-0.800246369777209,-0.5224900823049012,-0.5837309124875897,-0.8969334087632426,0.8384503745870838,0.16874644910345252
22.752,19.704527347457415,19.287575505707398,0.8113942655926791,0.9983669867350169,-0.00733475207104197,0.013933809821721679,0.05491275037321513,-0.06146862327700981,0.003431344723761318,0.03871485495268315,0.4335088542123075,-0.38429229701868106,0.07163147027959416,-0.4767728080685071,0.02162676940196343,-0.0469982041972731,0.705147765374071,-0.3331348782018767,0.042144811294863145,0.44083158245359255,-0.0657980298221588,-0.08738362767520086,0.4716103030828484,0.15506624330988733,0.03482098283746827,0.3594191688747726,-0.20400821938575747,0.7791381314260475,0.3313902433204806,-0.31226551663847696,-0.13724660059611737,0.30936374949022216,-0.44627313609930597,-0.784398370561624,-2.7603105770509484,2.688766128698057,0.06259914879908882
22.802,19.727385893437926,19.28440522163398,0.8043423755183845,0.9980488284196178,0.011001842026974592,0.015894234782847298,0.059370606051386055,-0.06734786070725018,-0.023380451614617298,0.06537157620423241,0.512352523044843,-0.3982487702053776,0.04342186231349897,-0.423876425438698,0.009525055753575682,-0.04461096694270276,0.5141567429628753,-0.19427421621791582,0.05253447815665152,0.47669166801858126,-0.04939013319392999,-0.218952664421783,1.049357734402304,-0.13274772770102272,0.34491636651222196,-0.5050363917184096,-1.0422292728441882,-0.010964380110281596,2.759965322899462,-0.442184048196552,-0.41994472628045204,1.6333639935181745,-0.19451545892876368,1.069957578754249,-4.018554501454075,2.1455172610971522,0.28990915410086465
22.852,19.749547255019188,19.28209663707858,0.7930431728162378,0.997194851851282,0.03424077965390362,0.014849522366345522,0.06488056824260505,-0.1059029616647441,-0.06941263266221054,0.06072727944573977,0.664248756269613,-0.4301801716229646,0.03265853105015849,-0.4053154227359226,0.001143385578430273,0.022071921009114644,0.49772540680563365,-0.10305433734290015,-0.012990838331019675,0.3819022811572183,-0.060601268873608324,-0.0914529726961022,0.4320902743813041,0.11579615089873671,-0.006576744376322292,-0.9224652022634366,-0.48099580084014454,-0.4287339270645071,2.1505641064132037,-1.3943705490330267,0.1273727509828603,-1.0465728334950524,-0.10853417972886859,0.29192354284525324,3.0599655023608596,-2.0886889924361522,-1.3622321950459895
22.902,19.76857494091346,19.27965508487922,0.7927513152329001,0.9968361864395152,0.03957697688901817,0.0161025349273579,0.06702229982597517,-0.1408019128258876,-0.0804975522581808,0.0507130545412986,0.7016255703231369,-0.5073602061072935,0.03799113291666438,-0.412994124903796,-0.0014679015666745892,0.02361753784859676,0.5746293446239662,-0.18757703010823368,-0.05460950012681372,0.3817614708369566,-0.032063177315345075,0.039409705824860884,0.09155393946199489,-0.04718093757211218,0.11482512976113603,-0.5920978303558485,-0.10921394924457815,-0.07560020309175496,0.12808364044127296,-1.1428633494619078,0.06621241330673329,0.49156176575126215,-0.004919505528360901,-0.05789778052435047,0.4454480085325324,-1.0708236714531376,-0.5204537878977056
22.952,19.787423208597847,19.27895387141435,0.7950209078863781,0.9966563458009514,0.04025765515699309,0.013538859861964271,0.06980077972051557,-0.17397543877674024,-0.08364428328785142,0.04658329201069285,0.7111136321794342,-0.5322781907296712,0.03737310719306869,-0.3768003752827151,-0.00012899600465618766,0.01861302414138533,0.5779932642214388,-0.22548049572866252,-0.07334648137153706,0.3700454588768349,0.0009637296336050696,0.042035810949811465,-0.03993211132922599,-0.1220227759286988,0.13118614809185228,-0.7691147326939733,-0.014987086786270287,-0.10318085248148752,0.33652767376092446,-0.07199478595917581,-0.13903113692550545,0.8275527572509255,0.04385351609310324,-0.15236675530203195,-0.11826880092491136,-0.5784388534574446,-0.2667159065475935
23.002,19.805506924996667,19.279752389541454,0.7966957743275775,0.9965259772650624,0.03825064269718698,0.010302584060841004,0.07325791241110573,-0.2156837609430549,-0.0814370152835148,0.04133079245525687,0.7306203409626807,-0.5259808897138732,0.02158294407948781,-0.3347018279712759,0.003015105924729489,0.009041081622472795,0.5687446576058668,-0.2509372475996306,-0.08182327071462714,0.3539221635005598,0.029600669795833468,0.02615776929158845,-0.1337598228268226,-0.10533388158069397,0.14676910242793917,-0.8619160636549185,0.09906051292749038,-0.09843874133846639,0.3710125045378212,0.241165438858013,-0.40176838281883154,0.8383905460408568,0.08451340690336541,-0.2159907281512127,-0.2312717667155123,-0.4696647209477556,-0.10112384704630062
23.052,19.822684560203758,19.281887572325115,0.797812392697128,0.9963877772695947,0.03384934744300059,0.00795111591901244,0.07747514918399204,-0.2605002843555295,-0.07446636825105059,0.033979386852538485,0.7479781364145974,-0.5034405800790722,-0.007982070787645179,-0.2929954449636001,0.00840182223591033,-0.00400095646595484,0.5524825943140883,-0.27094129104431247,-0.08544732370194826,0.33466592000361517,0.055486173716953226,0.02068873155102039,-0.2237106228586326,-0.04837725375097515,0.18466923541262187,-0.8807836463638105,0.16888989824390546,-0.17256053693349804,0.22559462717640089,0.6158239857398796,-0.6449114838623072,0.8381000919146839,0.12830874396315164,-0.2884396827824459,-0.42220967938341913,-0.33187838185592866,-0.0480467227142242
23.102,19.83895169100478,19.285425865209582,0.7988358495164063,0.996214952436128,0.02759158184656911,0.006738973342353635,0.0821526590694218,-0.30005444075491944,-0.06481481598494712,0.026917868649925562,0.745547348967255,-0.46665416759558315,-0.03461552070489111,-0.2508805892090704,0.01569185728131322,-0.018695352827527812,0.5262484965310036,-0.2840353847414435,-0.0866161772365961,0.31632220898558355,0.08531239841249688,0.019302206640836244,-0.27897243935469274,0.001971167919490115,0.1852956383341078,-0.6935300831717973,0.20937064900838095,-0.09729363335207701,-0.3158233005219298,0.769865961003178,-0.40248230735358564,0.8363883877516963,0.16024705622588836,-0.2916289577682641,-0.601604112516093,-0.20812257895716255,-0.003636042907680147
23.152,19.854418873814296,19.290450856038326,0.7997910707194212,0.9959964755879716,0.019805875442854535,0.00643306879996667,0.08693309807026615,-0.3221505251803266,-0.052740620891950245,0.02707001076252245,0.6934600323879188,-0.40707196726892175,-0.046582023495700765,-0.20776657433430065,0.02475666504419908,-0.03369584888833938,0.4902993379317297,-0.29088445437359545,-0.08480963140603438,0.3033300021018935,0.11541313066967339,0.01495383252864285,-0.3413126406512968,0.03122098348135411,0.18248959841046675,-0.16536821443543187,0.2642245536657039,0.12575992895093951,-1.8106954047643482,1.5428493428203551,-0.07583420066364223,0.8662989634374026,0.20368884649034502,-0.29248873865594915,-0.7782760454854553,-0.09871421561591089,0.08851267937994504
23.202,19.86930332461256,19.297129535877186,0.7999295846429836,0.9958076746676663,0.010928020046290817,0.006576687078299378,0.0905781465802707,-0.3167033408501453,-0.041708444638463814,0.03397407691154199,0.6138995679515634,-0.2941018389930892,-0.029410687426168872,-0.16745694130770628,0.03553229588713427,-0.045899189184553386,0.455457499483085,-0.2972604611137111,-0.07722567328680427,0.2950378344021877,0.15743247296257248,0.012803491350384968,-0.24930394454315288,0.050241009126181055,0.06968699099267442,0.4769471650642031,0.01697668819340352,-0.015197367897048068,-0.47332978053370833,0.8144371302223312,1.3966249518566434,0.7761470709262911,0.09622433823023724,-0.11672523258853987,-0.6818264499136728,-0.10926132891862476,0.2363597532599007
23.252,19.882857494772338,19.304955183849824,0.8042433781389359,0.9957090495775511,0.007467860628383224,0.009285856899499062,0.09176869024153694,-0.2792576069226974,-0.04753433460217082,0.030835485772201264,0.5689368402502067,-0.30201927606110945,0.02220697650108785,-0.15316310769570224,0.03308605067234777,-0.04539192992855544,0.4538425540921537,-0.27166529569800885,-0.050598314588328475,0.2383484208653618,0.13058722646493487,0.12569906664991845,-0.21582808244282112,0.20806067326904248,-0.008407937852234171,0.7530852291787594,0.031907858694997945,-0.13849371250783393,-1.1797533700309186,-0.03180524900647283,0.7525862136951087,-0.710719618311155,0.12373364458039925,0.24893430488742066,1.5401799111161305,1.136100225292121,0.5101262138607574
23.302,19.89351321670182,19.309221170427545,0.8095468587554359,0.9955980343369458,-0.0007708438637520755,0.014814657505842817,0.09254450684472301,-0.2547664760880743,-0.03757506895274287,0.019073677244910093,0.5253638838539236,-0.2993214800477815,0.044440632067437764,-0.2444130166090679,0.05553524936450569,-0.008799565763920188,0.6650273137850835,-0.301805236758791,-0.02846932197950778,0.2161098113312347,0.037460109952634164,0.09181139392051504,-0.4210501089888061,0.19106932100984983,0.04393606901092154,0.3953527050768872,0.4175315636410363,-0.3001956139804706,-0.5567745442581304,-0.009013278223611134,0.17939062345616621,-2.0199231752933677,0.8439890355369595,1.0868025565889206,4.600760308748768,-2.586767100486501,0.05876974698957235
23.352,19.905027476332805,19.31001501702198,0.8135468385241245,0.995388099981174,-0.011209798464876521,0.015416183678309438,0.09401708416581124,-0.23047723255854866,-0.014659888222516442,0.004283184572041303,0.5045874550888808,-0.3034050238586505,0.04718137550987482,-0.3188427303823895,0.08423328243304422,0.020128335651197506,0.802893551231128,-0.4364892455335111,-0.01612249200163662,0.24406542599735212,-0.004457053695404105,0.07186883443566047,-0.41760450576000363,-0.019686938675050704,0.3134248201313686,0.4987362096903263,0.3597306961685274,-0.5993718942206525,-0.31842185318353045,-0.09746642396979935,0.06474018942659508,-0.7685635332087879,0.1304045407726854,-0.18842931991552392,0.4199777030605243,-1.903697944544505,0.5978582070592637
23.402,19.916858434530074,19.30870637072971,0.8159657488894787,0.9939286261229612,-0.019593500168588764,0.015430211020319723,0.10716291108557126,-0.21510067200912913,-0.0028059297880265737,-0.03198589842326917,0.4969050444845686,-0.3096478497551476,0.051417203442793984,-0.35340267599377434,0.09120112340180854,0.027504173018299983,0.793274136990052,-0.4721436461413158,0.0023484419058835805,0.22629629742318758,-0.037975060270935806,0.02464917911676445,-0.22131829050826343,0.07130151474484539,0.5902232627109678,0.1636507458664687,0.11355695049651734,-0.6871480317412089,-0.036108692145373406,-0.14638366278271422,0.11197447250946164,-0.7610914332107551,0.0008295033808389529,0.2385370765455305,-0.32690740267463125,-0.05281531217349476,0.17653192287049096
23.452,19.927730813501647,19.30624293180008,0.8162150791178941,0.9921792402828026,-0.02173687559860363,0.0183372274676331,0.12153851027494035,-0.21170849607051648,-0.0029642870801399285,-0.06099423027749579,0.4980608254825545,-0.31776092335349543,0.059772849794526,-0.3945964191521332,0.08226679497222772,0.033029597406892694,0.7781268044922776,-0.4658810303293835,0.00998745782660084,0.21305430645876036,-0.059192564286747344,-0.01010905315064467,0.04251550535047351,0.13707427438967998,0.5684904408079156,0.015330709638772713,-0.11152056447804348,-0.4852545387601924,0.05959203142125237,-0.18714533167676203,0.26039179794268436,-0.7944429685884371,-0.35887147054500096,-0.0871612302103945,-0.36567491209158975,0.2522743014665593,0.18660428409832863
23.502,19.9384327157934,19.30263345923931,0.8150496903793166,0.9904312710783119,-0.01791935264741494,0.022804352772815888,0.13492499977954436,-0.2118496813893489,-0.013265777688267172,-0.08067708727035582,0.5018026763996463,-0.32830464724034214,0.0763734272619722,-0.42637898287545406,0.06008509207524713,0.02176354373320695,0.7509297738896666,-0.4450821205298587,0.019354472403917876,0.2165528492868378,-0.08531503790875213,-0.03646856175578825,0.26678948829504334,0.1547089007203883,0.521707023161128,-0.013425249118501684,-0.28187265329767475,-0.31148140857411344,0.0886340328078982,-0.23020310790709722,0.34267057675022705,-0.45754628377618783,-0.4632884272575459,-0.2925768450302807,-0.7074624032521827,0.5230847965486762,0.1717118991544367
23.552,19.949457799266874,19.297692993334046,0.8120218949698882,0.9885144300817339,-0.008852055403334131,0.028041248353612387,0.148238156444592,-0.21729294726109927,-0.0320928029875979,-0.09231569669122627,0.516282363140254,-0.3422604626464371,0.08931844761449843,-0.42728888241537655,0.035604902109327694,0.0015778407898449666,0.6721388545304966,-0.3800837633975618,0.032792881084296885,0.22362332805929275,-0.1088200505322775,-0.09226717945837042,0.4899348242994127,0.13149189727897326,0.6165148935712076,-0.30839952166378426,-0.4567528352827503,-0.014033831794650006,0.7192999195912554,-0.28856252771050156,-0.07126807371413132,0.5233218207998569,-0.4949410732010546,-0.36183787370159753,-2.744267362186596,2.1376134617260307,0.4605865681614846
23.602,19.961018455830068,19.29250591741223,0.8031781648982341,0.985379612386109,0.009301189425820299,0.031093303427593616,0.16725344197063508,-0.2407638486073753,-0.05654073248313335,-0.04723324943825167,0.5851712911556135,-0.36905970404015387,0.05791385640767201,-0.3700130017288445,0.008092550105337108,0.017045957408199378,0.49351445486731893,-0.2564568619744765,0.06673799687259017,0.23902496647657512,-0.08613762006119241,-0.2787628023475634,0.9664892914769645,-0.15511492322858092,0.9173608832542752,-0.38873248136239813,-0.6765491733374447,1.343058052550492,1.7047948717896266,-0.9782151404352639,-0.9439259424223458,1.388346776880113,-0.7491909272093473,0.9405556147319984,-3.123304212290539,3.2302286112463587,0.04206232668364662
23.652,19.971968017851896,19.288063235966046,0.7949942674444199,0.9828276201823375,0.024309952018051216,0.03048406395381465,0.18035968808040612,-0.24524335998256636,-0.06181391246464419,0.022853875463970046,0.6387150363655312,-0.417550380142677,0.05737822711741994,-0.37900595466047665,-0.009841330867691053,0.026024559292799503,0.5418898509917577,-0.20184894682903654,-0.011101626227361135,0.2038473493026164,-0.08435960734170943,-0.041339223213541554,0.210896343526272,-0.04846339995243379,0.5202304744975946,-0.18483467536974432,0.10009499015343906,0.7270559611918624,0.921127109129447,-1.026678792077868,0.2903361120521129,-0.3443088729942229,-0.21309923546798265,-0.37274477458579897,1.6588643141004946,-1.6481365917372475,-0.9559594984759036
23.702,19.982165525532647,19.285250581755495,0.7954260373266173,0.980136570742271,0.027205773423356696,0.028402344543775902,0.19438481270519534,-0.25581474517237063,-0.060293801348797096,0.03860853579445232,0.674923085640259,-0.4705097294315418,0.06267337987200035,-0.36733432411545386,-0.019143320100182618,0.0020661715417219216,0.5713259092736059,-0.25101360672143885,-0.04381002568448532,0.20344681370996578,-0.030725769340855344,0.03446238149785254,0.006792643500687888,-0.11662699005286759,0.5860661310468082,-0.22298522953310745,-0.007100311081504966,0.027226501390971866,0.5722867708391808,-0.8452993136480333,0.007459070862563229,0.581175299560595,-0.15943856570970302,-0.5208851873843663,-0.04615334742479339,-0.5236576167390651,-0.44141683502547646
23.752,19.99214092287081,19.284875646308162,0.7973257243468497,0.9771505724321096,0.027267235112076738,0.02471389692207607,0.20933819523409283,-0.2699882651434835,-0.0592047006073345,0.03504667544587342,0.7038906004997643,-0.4960565975516603,0.05432844821254387,-0.3322726601589888,-0.027164085636977614,-0.026986566919175572,0.5583043045762452,-0.2681716968791484,-0.05899193408336545,0.19590148104116503,0.012189006545460311,0.0371931520481446,-0.08181597456743009,-0.12635132705428995,0.6413770166924001,-0.32256636076443257,0.07728492261691217,-0.09297799998957039,0.559513749343955,-0.20144910472874766,-0.3686241758865388,0.7700250549707129,-0.15610619852618773,-0.6377960681187916,-0.3835363669679635,-0.2393114089685886,-0.19520880457982082
23.802,20.001704325351202,19.28649257371126,0.7989824063088562,0.9736950599903058,0.02533373227381482,0.0208657734820672,0.225478938387927,-0.28654739281038893,-0.05227504447624011,0.03244365683290321,0.7277410902202819,-0.4976195446383257,0.02986054685968536,-0.29268512556551607,-0.03413973002192789,-0.060781539712819514,0.5362542938110239,-0.2783913492774002,-0.06475026174009645,0.18639702027400756,0.051072438768114736,0.0292902699086365,-0.15069445647679383,-0.09515494390501432,0.6752025506724368,-0.32915637458355285,0.17739732500947644,-0.015546308948418172,0.38030019431746837,0.06409993515080113,-0.5185609577659014,0.7979345565218401,-0.12126475592115536,-0.6969652219348779,-0.4810694661086196,-0.1841902946847581,-0.05137199588874116
23.852,20.010800458874282,19.289972669965415,0.800450308815906,0.9696445095095255,0.021301133183789997,0.017485551111245067,0.24296098947249464,-0.3032521302995565,-0.041619650073605165,0.0325264031390212,0.741802994899535,-0.48324314895105563,-0.002452866421982316,-0.2504758321200724,-0.03872903837809997,-0.09882794001733956,0.50632987940109,-0.2846706625359408,-0.06557754339331585,0.17760387649210777,0.0873759278136778,0.029856393614838373,-0.23603787246471028,-0.05400726885978887,0.7464859556239778,-0.31054623811330345,0.23577234765090277,0.03273453616738051,0.09262668171370152,0.48779503133986357,-0.6452474308453487,0.8841668577685621,-0.06088799199223704,-0.803753422419338,-0.7071378263987425,-0.0684832099234316,0.011252473860588861
23.902,20.01935758861776,19.29536756645991,0.8018262003156145,0.9650224824143133,0.015379576377999662,0.014735495673455525,0.26130048264901246,-0.31593627853251577,-0.029474481846874723,0.038414869220896215,0.7303640864335195,-0.4504485506345949,-0.027940560984861966,-0.20566352624637954,-0.040083016875590474,-0.1395095264710175,0.4674118670812523,-0.2860236064323522,-0.06263721793761647,0.16366735976104377,0.1271291432881391,0.022388683676972065,-0.2881264042520754,-0.005757843546185457,0.7557669468912195,-0.20814517301753463,0.22610354318319736,0.18376818039209883,-0.5149666907388672,0.7259668359027653,-0.3750246288145631,0.8814907162564656,0.0011917522963122416,-0.8107881561388672,-0.8010051972196127,-0.0097232799662757,0.10059768635197867
23.952,20.027272155151294,19.30278793202667,0.8025668089115676,0.9600138958002022,0.007770138260820336,0.012292919375714414,0.2795743710627776,-0.317655633563639,-0.01801358187271909,0.05486526036087482,0.6716457162127861,-0.3939173694752668,-0.03999094600535977,-0.16065943841012542,-0.03760403291700056,-0.18044938408148262,0.4255197550021061,-0.2855560966465158,-0.05512129683144669,0.15178084119045804,0.16821989266306966,0.0026208882764339873,-0.3655667608016753,0.004158941114417015,0.7392035416360758,0.12273168747684654,0.19965856850095393,0.42059250415821564,-1.7648518486163702,1.41090601101165,-0.12859967797519709,0.880564721615561,0.0993622285313317,-0.8061148590885118,-0.8020551041605257,-0.006725499002312393,0.1913661626410959
24.002,20.034405867167067,19.312312701672777,0.8019763551496937,0.9552436501360535,-0.0011574716001871836,0.009545154987946461,0.2956638617594301,-0.3096142873000779,-0.016373442601179403,0.054585004115547925,0.6104844051427517,-0.31449387365206855,-0.022592788420109294,-0.12014685360606224,-0.031166732664749276,-0.2164153592759832,0.3921176258505014,-0.28880841802062573,-0.043334394243434875,0.13072057024298875,0.21765871168835604,0.00649175264543787,-0.2353449835323923,0.007521269874038307,0.5647844131057762,0.20061270670546302,-0.24270449065132554,-0.44878261768129873,-0.03210144280538924,0.10477869427033787,1.147670226376794,0.7945716108632992,-0.015746409392531902,-0.5467779567083632,-0.6942469625808584,-0.017492634942404366,0.30469384632140106
24.052,20.040626641165602,19.32340622880667,0.8042241561503098,0.951068648301271,-0.0032303923829612113,0.009520649989224346,0.3088160423411115,-0.28794148636931777,-0.0366045905054114,0.0319917951525232,0.5900805632025157,-0.3210690993221122,0.018261331480810113,-0.08384416597127867,-0.037576472475956114,-0.22567302392423744,0.3595947095770616,-0.2795163202482558,-0.016287186052630874,0.11292439171197138,0.20269198004803232,0.05841279151064357,-0.08334471301423683,0.10381074282635358,0.49526090169666126,0.4620372257459096,-0.3772915688624638,-0.46772096511402217,-0.6840354125930631,0.04375117445051195,0.9196935979511252,0.1287048025519053,-0.06781475259267575,0.5122693682087283,0.27027608289974636,0.2963593629481496,0.6402733986283807
24.102,20.04598146108751,19.33085122670323,0.8072775747647473,0.946734605506703,-0.00942232683870799,0.013196812149300853,0.32160635976626456,-0.27725494603844786,-0.04710446250125155,-0.000686302652828789,0.5623917180876937,-0.31628200702010806,0.045294053093256875,-0.1474725866383863,-0.02102450395255518,-0.12887034828598,0.5114311455936313,-0.29808080322800123,-0.007239864846695049,0.12656457424470025,0.10565292108133217,0.06721294928753592,-0.2380966248346983,0.21273867337777588,0.7410140758196436,0.17571386275880707,-0.18345717787592544,-0.9183942999841753,-0.5495683733579728,0.18283493244383506,0.3162214487831696,-2.076997311888361,0.7262497187015855,2.7331140386801933,5.219756270922533,-1.4940595935121237,-0.13955138161806963
24.152,20.05414907821248,19.334852497668034,0.8105736231420894,0.9418782248359147,-0.01652546774516805,0.01344790758024849,0.33527820131565983,-0.26254796437901085,-0.0449038241429555,-0.03834124913367389,0.5418294442875067,-0.31365966577814036,0.05494576056825607,-0.25681327709649215,0.03400692781425923,-0.00036042257717079163,0.7610344526248385,-0.4322535985522944,-0.008198178049992714,0.20022639317322008,0.07354565865393811,0.0693608135559273,-0.28927257260024897,-0.026770274005287177,0.5738172326962488,0.47958201882172885,0.12678849011745855,-0.7548021385156888,-0.4144412554344003,0.006196483650856588,0.10400414903468688,-1.6678545535529625,0.8271493969643513,1.2956397995657802,2.9425275216311397,-2.014087286543663,0.24486229299351592
24.202,20.0652407681556,19.33837068534895,0.8136231796201522,0.9368096590524166,-0.02142662507825001,0.009811009765226588,0.3490448488822586,-0.23501446166849585,-0.03870001389116942,-0.07490764595116248,0.5215614211971886,-0.31472054964514884,0.059089801719324486,-0.3239864021957823,0.05637847984902443,0.02760445504592034,0.8251599218141069,-0.4781224955305168,0.0038856452582414673,0.23353399510541573,0.06668307284723184,0.04682274082735558,-0.17026476206333957,-0.08597482596735989,0.5699853719106551,0.5450031786125118,0.08558718693454422,-0.6758815833553017,-0.3610671792496265,-0.05300518918667601,0.0799743074972268,-1.203947973609799,0.14049752096058044,0.13474534336704674,0.28790297412476007,-0.25864603320472307,0.20466703312861287
24.252,20.077132335878208,19.341362427923574,0.814972915832684,0.9320201511740873,-0.022139993543841628,0.008623647822469794,0.36162672908614557,-0.21332644869589926,-0.03863212351401463,-0.1023687046180778,0.5097020718716139,-0.3195211504205553,0.07135108109076964,-0.38288849882537973,0.054008908725141656,0.02839244515738299,0.8191915000103004,-0.4756470070214848,0.015508088939243356,0.24274129036843084,0.05424271501292523,0.00956508276207067,0.059612058365386626,-0.009012549372718727,0.5075867838122503,0.3454788006475525,-0.08200880456865094,-0.43262428086026616,-0.13786105442587565,-0.14198088575387688,0.38259128509155976,-1.093364107795536,-0.21250158816371026,-0.11089882899358901,-0.43745922451405705,0.25052353666331867,0.23589436792936688
24.302,20.089686352291327,19.343791240627926,0.8145287123857468,0.9277115179339147,-0.018149132135943904,0.010988493453279005,0.3726945149946418,-0.19898815187501662,-0.0469371061072872,-0.11879679666039329,0.5057228706523201,-0.3287255810470718,0.09135371469184257,-0.4267476987104807,0.03713878663188463,0.015330450513392437,0.7836897029928962,-0.4536897762068787,0.025473427324034657,0.25973184314144654,0.04258486823995743,-0.027234060248056392,0.2786866373787425,0.051458500382905246,0.44969349558850874,0.23220359713856795,-0.23838005799084855,-0.23936673288576896,-0.026022444331690885,-0.22704144065587223,0.3716095522477273,-0.6468121695607436,-0.39072961382994353,-0.3379474017693706,-0.9026790331138621,0.5497701608324265,0.16371885114185097
24.352,20.103149644526077,19.34561878940597,0.8118394725709767,0.9234451506906636,-0.009826077684907206,0.01651785072908905,0.3832488257914436,-0.19309649609686194,-0.06350609777023897,-0.126856706356769,0.5135232662352359,-0.34329327623452544,0.10532073048895274,-0.43432587724523397,0.015611655736989107,-0.007451308887207986,0.6980258714059653,-0.39619365398777345,0.03830938750809624,0.27634726669781773,0.03179869113559989,-0.08690895466320392,0.49263331688118006,0.08260319579669081,0.5109287642443758,-0.08920103772138466,-0.40342366369464755,0.07294398575805497,0.5430792676447446,-0.3269440327052277,-0.0193658292982947,0.4208925395734942,-0.44275961658417895,-0.4512966941292387,-2.750380057889428,1.676482952914911,0.45053864664172977
24.402,20.11726292883529,19.347165472374115,0.8042292370952481,0.9169874034347675,0.00483210425942602,0.02290592318362442,0.3982286672170855,-0.20998332811071066,-0.07812756074457178,-0.0722554653275684,0.574915383743537,-0.3681059857164587,0.07564051204058472,-0.3929124055710329,-0.0029089044560709704,0.00017890496355866875,0.5531648576284275,-0.2574007232920919,0.10937214175573937,0.29443654229764477,0.026918210296701866,-0.18300356002935633,0.6118852589782762,-0.11149906805009933,0.7725225815510658,-0.3373799313662971,-0.09826285820534232,1.5715745710786744,1.5631668382593065,-0.6367465439369533,-0.8986953436047957,0.525848490469525,-0.20951887108350348,0.7421274526481664,-0.9677737915628155,5.003282411175203,3.037211805666089
24.452,20.130899101904173,19.3485386268841,0.8019221908101786,0.9124875766988436,0.012687134887175365,0.02441434680568007,0.40817814572644523,-0.2149320943474304,-0.06383854408018584,0.011084476357516327,0.6265356919661632,-0.41221342143657913,0.07691356385721704,-0.39197935911817666,-0.01226401978080641,-0.0011151142602259406,0.5978051014010933,-0.2932298947606766,0.14051279142107598,0.2474141281173972,0.029313061812023155,0.026458277063093595,0.13635708315920608,-0.017352408608913426,0.49530460297831314,-0.48037425616027973,0.08955755496418326,0.801728641218076,1.6263174568040752,-1.9097774977168933,0.22435077819939978,0.08659450987190974,-0.03721990597510107,-0.27587459653872926,0.7036047776309758,-0.7129484326063186,-1.7552448510731784
24.502,20.142452955171382,19.351086717012794,0.8046198038881878,0.9067532725907106,0.015755568023471105,0.02336935826610716,0.42071859694637315,-0.24716354900627896,-0.06500602578536707,0.024934515731938434,0.7149289733293879,-0.49523897037160974,0.07705155105282753,-0.3718073325877081,-0.014159566742927376,-0.018975642672727274,0.6066762863859941,-0.29969317038242665,0.03569740101488196,0.2208195370551025,0.0751550024186265,0.06738276640526565,0.06381278605221402,-0.14260316196770892,0.5817075597383881,-0.6072467409798743,-0.023352181360324527,0.04176229984007726,1.4233904912755893,-1.2210626056221734,-0.12792111688690358,0.6609911811324669,-0.08119964052753534,-0.41294227853276855,-0.16498762714252613,0.10204319110613942,-1.8961421489947439
24.552,20.15315424514479,19.35591970925295,0.8079587229658602,0.900016876414774,0.01837384880460095,0.019502916220624573,0.43503064272254516,-0.2761355691068719,-0.060034108470330756,0.02563953797335822,0.7716032726706534,-0.5317991732838048,0.05980219256382174,-0.3300294362952289,-0.021159614632442623,-0.04589152740502453,0.5875079565793565,-0.29791885368752946,-0.026531060909499478,0.20785350563191976,0.11690588948666038,0.065583417934672,-0.01552558711973015,-0.17885725925507354,0.6762992902781638,-0.5215002502091967,0.2067692526471411,0.044693128373178403,0.8150215741692232,-0.27570427339175174,-0.45396839624830376,0.9632677342114738,-0.17443546595267734,-0.6229040512265968,-0.5523755795941057,-0.03589148527290527,-0.6868118890423587
24.602,20.163126689857926,19.362900450331143,0.8111511779922029,0.8923829920219688,0.019485441078369116,0.014955485228769556,0.4506098607414968,-0.2988804790009738,-0.047527290074479346,0.02976260022596672,0.7988591724944634,-0.5331817552308988,0.036828619027919916,-0.2785794552724319,-0.029785984881662276,-0.07894334087881157,0.5544120377234494,-0.301491112049195,-0.04540507399861137,0.1904496373911868,0.1609435984967276,0.06180339213445133,-0.06810422752687009,-0.1444748758168645,0.710502015279077,-0.4023644432062744,0.246387225109176,0.0938705225480392,0.33897040602851203,0.12022451453605448,-0.4263725091980259,1.0665772097314148,-0.16396509360511763,-0.6714430527627624,-0.7387162479188023,-0.12941487825185632,-0.08064619723021203
24.652,20.172204409664996,19.372062226838935,0.8142575180543246,0.8839505841942289,0.018740545715974864,0.010782354184271533,0.46708018314545713,-0.31733990914481713,-0.03575345525926573,0.03589304893387392,0.8076069790494469,-0.5144527702977231,0.011951060383229692,-0.2223325819055102,-0.036443589907439115,-0.11518612340043438,0.5106556749380718,-0.3051873459208188,-0.04623899742953954,0.17248749633535215,0.2041176275381262,0.06087059356258783,-0.1340389685761732,-0.0918686408038148,0.76452007715275,-0.33263161999495977,0.2107914666632313,0.1550362737243782,0.0006998012398912283,0.5600297302483312,-0.5023691323979051,1.1638630088543607,-0.10069498263130609,-0.7610580248308026,-0.979020570134968,-0.01427003371806144,-0.005295687357838346
24.702,20.180217784520227,19.38336312663787,0.8169892274992456,0.8749516795224718,0.01612117006314407,0.007281711914844567,0.4838870147546751,-0.3312883223740377,-0.02732520483984267,0.04637904897403005,0.7942604379719049,-0.47970251184935747,-0.0087093886946047,-0.16428804572992678,-0.03942621151078041,-0.15342930690175816,0.4592175327057024,-0.30398647812777363,-0.0461695966760944,0.14763585563061024,0.24469735533002088,0.04514255997286192,-0.18133950305694413,-0.020918284408554626,0.7544164676650107,-0.24323664419211047,0.12331638633676878,0.25076680479537244,-0.498430841961804,0.7445854912121633,-0.31363880639741515,1.1250287650617252,-0.019244431799163898,-0.7545398756789603,-1.0287455863370585,0.03241894129937437,0.020888852046307454
24.752,20.18703013067829,19.39661829789019,0.8186508890648548,0.8657361406651862,0.01140923983565066,0.004211295301827728,0.5003529044428582,-0.3350202887691897,-0.021414712547713266,0.06488083458926118,0.7378748164297649,-0.4220756796787995,-0.017986083295632484,-0.10729791891139714,-0.03733126471240864,-0.1916038241894377,0.4055782944902657,-0.3016220171659184,-0.04179918843438357,0.12411496239478789,0.2825778883815955,0.016423905808910833,-0.2645882914468535,0.014592232604587647,0.7394241601762689,0.08936348771366631,0.09903430043806688,0.46699093557722327,-1.735510741306902,1.4372068463298961,-0.05418158633319102,1.11276805516341,0.10689313268864746,-0.7372892259238298,-1.040070975285806,0.023262599327969976,0.13965653447103404
24.802,20.19241604923765,19.411436710028852,0.817818798921122,0.8570482669903332,0.003724251711983104,0.0004639829763625027,0.5152224594462574,-0.32485940506152833,-0.02064152302302032,0.08546316326298148,0.627502494033273,-0.3416935061929869,-0.02305556007517559,-0.05841888631385425,-0.027239128095263694,-0.2251648951686151,0.3652024896727173,-0.3067589153097645,-0.033247625985466794,0.09263946105767379,0.30526817734285105,-0.05651288445279532,-0.44282741808443954,0.047069390741372265,0.6238266103015677,0.24353566195651505,-0.07525327388300124,0.2401550848551241,-2.439262678407438,1.6318854079963137,-0.21606324422032908,0.8002360337234314,0.32152854404268877,-0.5991385592858156,-0.4880844589388215,-0.277339097860034,0.19324975914716144
24.852,20.196891552386404,19.426726230554706,0.8116609395989443,0.8512258231956941,-0.010636664429416055,-0.008184985379946224,0.5246279303553708,-0.3030853382969277,-0.03126917179338127,0.04353734071053958,0.49328930916795044,-0.19231957028992186,-0.012146659446475678,-0.039870014207992605,0.0054020534653131235,-0.2249732175985831,0.38598740301843937,-0.33766167215998083,-0.032101557317743,0.08779870670000745,0.2797356692657054,-0.14014528780250268,-0.7948666040445992,0.04606037431038691,0.4188545155488608,-0.16219503087721798,-0.05237784647158905,-1.3170221924184649,0.29751676985610137,1.5413363037676877,3.9916458625955378,-0.35738266114107947,0.9046787811687158,0.8831946320258245,1.5857460650415458,-0.724824691689254,-0.6629661529500287
24.902,20.200223556261818,19.438934676657023,0.8098694462273209,0.8432162283777261,-0.02105965406789596,-0.009681553419706416,0.5370746230221322,-0.32309376122549643,-0.03931710329374574,-0.0007932637646689766,0.5438651932496231,-0.2257693077606656,0.06278074321629672,-0.11947063354604999,0.0405108312875738,-0.10098277890628132,0.5936616064660127,-0.38667742527401344,-0.04105253729081849,0.07594459668861207,0.23960638012494637,0.005587181690194993,-0.17127393184488285,0.08768190466724159,0.683394918423101,-0.07292743252370779,-0.3056230199409727,-0.756839592938775,0.5991375189424208,-0.7508380565121539,0.6198731206917487,-1.8921347535031527,0.5430343131765424,2.603462833072883,4.840708252836718,-1.4122527891249803,0.11661134552743009
24.952,20.205331270461098,19.450937862166587,0.8105152732292404,0.8355632177205331,-0.025579779207379822,-0.011122834596366057,0.5486857631092247,-0.3165773955129953,-0.04712170917829969,-0.0321842475099659,0.5631962332560732,-0.25673750314894767,0.0856619715658897,-0.20706433004478947,0.056766923916596594,-0.023561432880199094,0.7770895875966293,-0.4649852761942432,-0.022793954259516944,0.13010867526604175,0.2481143052379129,0.028559103976655214,-0.2077371309859298,-0.031965420062531884,0.5515445010963254,0.3580815860297416,-0.08702102585148981,-0.664727359042888,0.1438582288438531,-0.4830636416991536,0.3202939592743955,-1.4153552810704888,0.08713173972945569,0.6115823963120784,2.0951867717718273,-0.9002542310429564,0.3738164606291856
25.002,20.21303962472726,19.463699987251704,0.8125289106042405,0.8277268906808649,-0.02860971952127771,-0.01470931376831771,0.560208277769229,-0.29066188694591255,-0.05061621122463333,-0.0664019705641768,0.5607657392382085,-0.2763615997553655,0.09684205067914638,-0.271628885782797,0.0587635072063895,-0.006190329834850268,0.8310588030432541,-0.4798686268305082,-0.005729140472111283,0.17321557158813078,0.261000255809372,0.0450789428305775,-0.13736902594509087,-0.09029113320432951,0.5517496227146502,0.6263885737555229,-0.0713695968734865,-0.6730696057798111,-0.182423637419561,-0.33221354216408283,0.1356664131861987,-1.2621478850428962,0.03472954723573201,0.2496259258596711,0.43188911951035536,0.021596790223793794,0.30690756071414205
25.052,20.222384861413865,19.477031649471495,0.8145386169640201,0.8202120985353989,-0.028498252044004288,-0.01680390833284489,0.5711020851925983,-0.25628349114726423,-0.055908360503395836,-0.09632306676292622,0.5464600061902556,-0.28993519096038517,0.09920576446256668,-0.33679408302822633,0.05914734713335501,0.0054720305701683155,0.8364482247396043,-0.4639868569479894,0.012125320738328418,0.19821227712473624,0.27249631224428156,0.03298714062820166,0.04311100073816194,-0.0812489328994475,0.4975583886227404,0.7253509156973031,-0.13729760738816604,-0.5106160544114609,-0.35973335677802,-0.22973429872563475,-0.016896289966420744,-1.295489201098136,-0.04598257459680723,0.16245303311132653,-0.1730043192738929,0.46408520894087285,0.3512335680984336
25.102,20.232769086114573,19.491012825853716,0.8155755655375974,0.813737322058238,-0.02495321763389377,-0.015536722740920158,0.5804890333724437,-0.21986287470691832,-0.0648389434605283,-0.11614591057122754,0.5262262100335572,-0.3000097593592364,0.09535580768228077,-0.3946897860446369,0.052229797421511764,0.0059327963258547604,0.811979858782251,-0.43866413403030446,0.02608354637847282,0.21523043534353975,0.2852807323561492,0.006845460530654945,0.23848621132025705,-0.017864153070295447,0.40713336531059546,0.7035774049659027,-0.2211889361046719,-0.28508514834400533,-0.4199193468575667,-0.19209463058785312,-0.11168300320427589,-0.9919234305049279,-0.20094032785484486,-0.10621786507751044,-0.7289874458222572,0.5003600474667322,0.20395635605849077
25.152,20.243839333670632,19.505546969457416,0.8151010043620827,0.8084711702775917,-0.018750640549211207,-0.009873390652707752,0.5881541434573031,-0.18772114975185109,-0.07943221111572138,-0.12590070480768148,0.5067930833711511,-0.3101860078029757,0.09289196900800831,-0.4233399685317067,0.0374739698820799,-0.01248800318009884,0.7433768032002241,-0.39590220354714023,0.030783240371749843,0.22717735899022318,0.2942792494408777,-0.02902274201852727,0.4138895595617197,0.06966567228552781,0.3530342901317309,0.5534159695710668,-0.3646391704505759,-0.12961320801656107,-0.2853141228976068,-0.2490112560291474,0.014847606676264667,-0.10726876582984524,-0.3348530751783336,-0.5683361198759498,-2.0748837806867124,1.1726959971130066,0.019097951703281834
25.202,20.25532516343987,19.520296786535184,0.8115610474823077,0.8032569699124847,-0.009557983893826524,-0.00016713637887057924,0.5955559228958514,-0.1705527404398445,-0.10397550789296615,-0.1267608664213447,0.5118004043938247,-0.32973791691801474,0.09195651605252357,-0.3990928155183442,0.023950301528051544,-0.03642833965279362,0.598218964671735,-0.3296015240120715,0.03376109596103662,0.22685041745777518,0.29461519033406813,-0.1245089745934137,0.6693888206691918,0.0866501876021321,0.410174263688647,0.08233007691186289,-0.6604581265315786,0.1877133505879696,0.6259391428239217,-0.5743911220930052,-0.05584245296035919,0.9824332075877206,-0.236665957731045,-0.2236788485550541,-3.418204621696645,1.2466054930190023,0.12849669247314163
25.252,20.26622718033717,19.534706777226788,0.8054970852377494,0.7967076771001133,0.003388867971723619,0.009301374546574124,0.6042837721262719,-0.188144496416826,-0.12492280732925547,-0.07289610407218212,0.5928423280054949,-0.35395744799374307,0.0822445543466505,-0.36822924261090495,0.01520371688345869,-0.015228509990470148,0.5279896309905221,-0.1667823489659161,-0.00422859552911831,0.21099769747191888,0.2830603930246468,-0.04839506432204786,0.40579041855384895,-0.08182102706888482,0.3047387745135568,-0.48027354732866445,0.4080947744424621,2.530428743438033,1.9622170545476556,-0.4806849616645736,-0.42717088626201904,0.013644195374938935,-0.20978550471641205,0.140483423607311,1.1245382097166918,0.3008370471429259,-1.0003982131478228
25.302,20.27596110715391,19.549089814742434,0.8063806761073702,0.7911202476756178,0.008696422541037488,0.0100028441448904,0.6115170227080106,-0.21544173157036609,-0.09607997673741292,0.02764450227711917,0.6958696767737977,-0.44594370084758483,0.07353737246773431,-0.3505997134737494,0.007317563287306798,-0.024880793792633162,0.5668182678067488,-0.22233220707265294,-0.04242059082068162,0.17591058798342932,0.30429810499879256,0.050919479603730035,0.08627673023497884,-0.1652795908635535,0.4088774145325135,-0.47356084392935044,0.4202240805766475,1.0981962992462324,1.924231952891543,-2.1168437179851645,-0.17443856521987192,0.7634700517677159,-0.1250329816624311,-0.2809800085312079,0.1646603554528439,-0.9960962506481342,-0.5423709178581151
25.352,20.283607969878652,19.564913910739307,0.8093933164455573,0.7842651747533916,0.011951682577954448,0.007891515948561837,0.6202604428210947,-0.24116537900662707,-0.08489471831158486,0.04392854252670902,0.774337951915793,-0.5118453521811465,0.05755731191639467,-0.3048753254414325,0.00024538171044071437,-0.04175575368823614,0.5572933267454021,-0.25851557353618787,-0.06354184519708533,0.13330787882772763,0.32875219508922243,0.061963221937740905,0.027625725361648517,-0.1193462857699457,0.45528450177147867,-0.4965084094580496,0.16318348376040465,-0.07462617649305495,1.0940943639945533,-0.6482216946857347,-0.37467478527451986,0.9934654487794659,-0.15099709385768487,-0.3609852446016385,-0.39643886457870353,-0.5234821701170626,-0.2582657349204155
25.402,20.289278670587002,19.58193457228554,0.8121072173556797,0.7772674103163284,0.013573712025778817,0.006255433989784872,0.6289928431608649,-0.26610931691631456,-0.07376389880733432,0.0357582434238297,0.8080233588252087,-0.524223830411765,0.03661471060027409,-0.25544360209545425,-0.007511353420396294,-0.060081889698697065,0.5342199326245548,-0.2800511679449597,-0.06815864769366231,0.09515412942281025,0.3509627276803127,0.04588675115029424,-0.003766554868632855,-0.05369919578537238,0.43758066522971456,-0.5145362700067277,0.2908957152064712,-0.16989381677307688,0.36918279514596597,-0.015889065672519038,-0.41698581865630335,0.9679936293226944,-0.15169634316938177,-0.3608971450280158,-0.48420709557607927,-0.3981279936753352,0.017458993635934037
25.452,20.29313603950081,19.60007643080223,0.8141448862849744,0.770052562597102,0.01329848140680209,0.0048610545326708875,0.6378233073342019,-0.29455746531681903,-0.05602384001870632,0.02896087792780868,0.818399469614936,-0.512120024246532,0.010359469359990168,-0.20543969169672605,-0.014210289044663562,-0.08013900546740331,0.5050782354124915,-0.29660936636803686,-0.06199226763456781,0.05928776841777282,0.373920325579169,0.03640252556062203,-0.07362046373347007,-0.006840824127403452,0.46580164352569725,-0.6102548637599678,0.3872354234509177,-0.07822429889459012,0.036686789736615925,0.46394239599485265,-0.5353068179242885,1.0259821272245802,-0.11438568882619808,-0.425149199242307,-0.6717023689234273,-0.2708098447750274,0.19550543752930338
25.502,20.29503065241976,19.61933307842098,0.8156438432028912,0.7626977230457078,0.011038622824161801,0.0033585024549427824,0.6466521882189059,-0.3254861131777401,-0.03794935694772509,0.028173354875954255,0.8075311331552376,-0.4798435304157001,-0.012681818188270522,-0.1536634719040871,-0.018312415973311437,-0.10163581608543022,0.46833131012218343,-0.30886251107732715,-0.05372648145503418,0.01732415779847292,0.39364521053505336,0.021483641785423356,-0.13670779279856476,0.048259976728417905,0.44967640388245744,-0.6197208514891167,0.31192831226236206,0.02100961167450132,-0.4783381996195889,0.7367322925935212,-0.37742910801314045,1.0188207984365987,-0.04979445186680454,-0.428078966132934,-0.7667422885822351,-0.23189733083105635,0.1407970063585191
25.552,20.294899250188582,19.63948404383101,0.816101930991111,0.7556949798756998,0.006433110214165981,0.0014654355914685087,0.6548904984668558,-0.3470260053917807,-0.022276501411351447,0.0384516044657425,0.7441023352011821,-0.4159264985403698,-0.03067755994943481,-0.10264318332009761,-0.018166868296052557,-0.12350223711236606,0.4279432250510389,-0.3184214244614466,-0.045228851690728746,-0.021628990469300877,0.4110082372046403,-0.008124302174335098,-0.23674764687178837,0.07596128992081387,0.4029032398502026,-0.2062205302003856,0.28817533650916527,0.3736701983941267,-2.0631901260381182,1.7208926627382515,-0.3016111888321713,0.9877328651832129,0.05734569897782835,-0.4231815441723723,-0.7617138963201374,-0.20209226664955252,0.18975587659550316
25.602,20.29281557765669,19.660224335919935,0.8137269779925101,0.7501921103037207,-0.0009764626985104628,-0.0025685250125962534,0.6612142215938114,-0.34503820264981927,-0.014659982718530614,0.05408288300133993,0.6055575502138804,-0.3106575264181642,-0.048407908072111434,-0.06143094344278807,-0.010188844570433344,-0.14143976867809752,0.4064435486324032,-0.33658213193456454,-0.03572360437491221,-0.056292018907165745,0.4149523342550238,-0.09965910617699184,-0.461654658626048,0.06221182858476714,0.24963937581938414,0.22482617597394575,0.018877493581418336,0.08395786084184882,-3.2002368423511727,2.274419207889955,-0.4669259082174719,0.6111129397636865,0.31149853212787054,-0.27669228029986376,0.025746523808209097,-0.6033966079076353,0.21219353351669923
25.652,20.290387823944016,19.680009137742726,0.8083990357384122,0.7475733223054104,-0.013273548227157844,-0.011539943091771684,0.6639463610926337,-0.3340394845555083,-0.01428463194521756,0.021162443288160374,0.5394778629933618,-0.19243766870819845,0.01344483611980787,-0.07549765247119435,0.01694759913629031,-0.1281505325675821,0.4947234991216689,-0.3636615950895761,-0.02802808871223937,-0.04176808156467297,0.3393889422914035,-0.030249681662752034,-0.461892392758177,0.21711468099920234,0.21227373804174338,-0.3461828529921359,0.08836728080703339,-0.536801831008846,1.2054703255106662,-1.2538816822295422,1.5802370201942437,-1.7153542282134557,0.6215740646872155,1.3839283830744251,4.2302884079174605,-0.4422158153436545,0.031269958406581234
25.702,20.289273099470687,19.696700145077372,0.8086612439869961,0.7434410579127917,-0.020229581689259087,-0.013437248237355943,0.6683603801797302,-0.3337536500308602,-0.015876031358066645,0.0006297301596829519,0.577469933674828,-0.250111236037389,0.05196366687207432,-0.17422599431324695,0.050210502962208706,-0.03351580929222473,0.7270325715552123,-0.40423276850003603,-0.02583215522793807,0.002347531440592372,0.3470942924555043,0.023070494126486766,-0.19971264490879817,-0.011684526439792915,0.19430091904235736,0.38777112453588825,0.006198758263785657,-0.3102145964613286,0.3703718645043348,-0.9131383904774688,0.4737387522763459,-1.6969717828339344,0.5376802962161188,1.3865609613109533,3.5298100880455308,-1.4165672302389296,0.15285182493327876
25.752,20.290729501990757,19.714746853501318,0.8104166796561464,0.7400006385126489,-0.022822607722611122,-0.01824326484488381,0.671971254493383,-0.3033395960971881,-0.012765787433432938,-0.016165775987609866,0.5832239534780876,-0.2862144820679064,0.06876571601680906,-0.2451327645425632,0.06443128927516271,-0.002824947498792612,0.8290147387802976,-0.4507805373235662,-0.015187562782642501,0.051116163497046646,0.3715546626570224,0.04276200969089158,-0.19320480025561942,-0.11332570927084057,0.19374530441219961,0.7563575293863464,0.09002577137920012,-0.34588585756421497,-0.07431186927721406,-0.587887338551866,0.23113850384350845,-1.2772754754604796,0.15766496304154953,0.243879476738387,0.9512034425641244,-0.2986260736448014,0.2717358936410517
25.802,20.294197687373988,19.73374139415907,0.812503917713972,0.7367290887773735,-0.023448961707914905,-0.022451676003273434,0.675408260379399,-0.26169675204866044,-0.009184769642633792,-0.03181174716694932,0.5728905612578095,-0.31172408470340424,0.07546661104271002,-0.3097594040925134,0.07056082033861796,0.0068378923580387505,0.8482000079392267,-0.4525606331465316,0.0010853726838150086,0.08397141980664381,0.3873269951277694,0.036883494096255486,-0.05929888006363272,-0.10578112577058722,0.1764073878664011,0.8843535909757793,0.03825487636311726,-0.26462446352648045,-0.30861235813351784,-0.4543764715284215,0.04609872325404202,-1.3328039148346984,0.08385713596692364,0.17151220134264003,0.0612527505951829,0.09798726868592723,0.32837470065241625
25.852,20.298956339815188,19.753374235560216,0.8139458766633046,0.7344241918611111,-0.021717500793995717,-0.022846783953415845,0.6779583180634363,-0.2167290844962564,-0.009376438973323485,-0.039157637127781884,0.5515958779835402,-0.33012020760663935,0.07485876203695833,-0.37796456804553297,0.0708861381939166,0.012806259974961154,0.8431334949131397,-0.4427900191395828,0.02032057746070598,0.1044097538610676,0.3980836500882981,0.02133802921351038,0.13279149775793858,-0.019051404385084444,0.09503259821307197,0.907205212347332,-0.05143211593509726,-0.03911303969636705,-0.5288077001301804,-0.3053989751792586,-0.015461802104220894,-1.3124994828772762,-0.09010111873760526,0.012682211738667817,-0.3014056989078027,0.23864223917714444,0.3618127641653827
25.902,20.30465590649706,19.773578070841552,0.8144919079824472,0.7333474674635879,-0.018236997795603695,-0.018443667311323197,0.6793590619195824,-0.17209281434634563,-0.015059197283371947,-0.03712415071834347,0.5212905413837737,-0.3430878039135681,0.07452084819562611,-0.4324719028163404,0.05958196558135592,0.0020116832218742514,0.8135386927126127,-0.4247789917014107,0.03246510747428065,0.12345551548355077,0.4084186491765729,-0.0013058446244234832,0.29724868129590326,0.08690760119801591,0.049668378307984054,0.8517655898496193,-0.16661255135950256,0.10817771194543817,-0.6368077309029107,-0.23715647837273374,0.005019958183285217,-0.8528196462994646,-0.3084038140710184,-0.38365701698508464,-0.8084042729734677,0.4563902385676812,0.14221174376420073
25.952,20.311332825076693,19.794312163588312,0.8136278993280813,0.7327629325204477,-0.013606290894879558,-0.00986416057446213,0.6802764525604867,-0.13192625496920046,-0.026778188984135934,-0.02984499075922158,0.4907346733612348,-0.3546792589780521,0.07811708678304773,-0.45070084967738683,0.04013691708245864,-0.030357761380000126,0.7374366075594454,-0.36930237465683935,0.03591569895630618,0.14334894488755884,0.41982118390419754,-0.04049676401638286,0.4326147203424129,0.1458372549036183,0.056424372807436694,0.7210957808847128,-0.30217379501617714,0.15987021728401712,-0.476480177569914,-0.2870147831067261,0.09323439624673406,0.15536426828662828,-0.38891573251616557,-0.7916180358786153,-2.3226272066678257,1.7056666580289421,0.06992599204597184
26.002,20.31867942216241,19.815437572918533,0.8092267084064436,0.7305740505409698,-0.005068439610366259,0.0022986655526513597,0.6828107964383358,-0.11220898456068207,-0.04917568048497567,-0.011834339833770526,0.5025622595455528,-0.37386561713399863,0.0765894334794909,-0.41160918319933437,0.025298653792683888,-0.05472972508894425,0.5736761836640178,-0.268098598100771,0.04561840902199882,0.14147487748024373,0.42696042910959103,-0.1430541487089248,0.8057368079906638,0.05284525925927661,0.24019222325245415,0.019235528138720072,-0.7166931445478399,0.5010769518935837,1.1451502178977035,-0.437489430509499,-0.15855117535219185,1.3052086361854758,-0.2801260691949009,0.017957851643557385,-3.8414104074127895,1.9676280835503477,0.28436331723806424
26.052,20.32555306190531,19.835837759985733,0.8045650560474478,0.7272050371554801,0.007563480896413603,0.013563799037893407,0.6862446000137903,-0.138279731338357,-0.07581198794903843,0.01451565624654247,0.6168184461927343,-0.3800238856253114,0.06014564093758362,-0.3855800981254083,0.021463437114074595,-0.01762381931335077,0.543526323258565,-0.15591208071616924,-0.01744959694015918,0.12729340205034717,0.38035453995477375,0.00642194029200004,0.38552041892485156,0.0016088744050371342,0.0931471206099597,-0.8918225626696026,-0.2334259082370728,0.414013059224888,2.828087232851646,-0.6575893588798732,-0.28738926843567963,-0.004123847176512194,-0.17504403655324924,0.18239259634971833,1.348581394866072,-1.4655736832639181,-1.2000791993452087
26.102,20.33099505532483,19.854758670464875,0.8068056991002408,0.7240669326261437,0.012959892874179152,0.017076193021595094,0.6893964910600775,-0.18397548273737194,-0.08030538907223184,0.03110099764351417,0.7294551864018849,-0.47161344193453947,0.05253800546375055,-0.36454439547348455,0.0131195332025997,-0.01734605388362077,0.5757176715645701,-0.21982420848468964,-0.05645800676530277,0.09163662029136473,0.38665402224816636,0.06365650558334701,0.17515737840119178,-0.11507562931455552,0.19354049017078315,-0.7536482771878542,0.003525169131775199,0.21660325038784314,1.4910120233044841,-1.8245916588324735,-0.1317706972131703,0.7802870227413614,-0.1381359611905023,-0.044556346551729055,0.09418256739131887,-0.918797888265467,-0.48920614202218315
26.152,20.33461866338493,19.87442941545052,0.81008403952638,0.720576997539239,0.01758026206132471,0.016845102427967027,0.6929473050148774,-0.21893749600769236,-0.07912434079156368,0.03391882591217823,0.7781057090770901,-0.5235405768964215,0.04369603833704372,-0.3181715394364836,0.006587395261633306,-0.021442572456121908,0.5672691902413292,-0.25487655986212027,-0.07145874124551042,0.055409849421756786,0.39850133883430794,0.0618364950311538,0.08508041260024235,-0.12473953366458558,0.20571127349913607,-0.6791960625033564,0.06490896619121575,-0.016966418568515516,0.5916599838992024,-0.40834376741836076,-0.23494001136178233,0.9914600642764709,-0.11991462055130787,-0.11293250205121125,-0.3125937958282877,-0.5634446412925477,-0.16642376406911763
26.202,20.336489467009645,19.894610916193248,0.8127300161440176,0.7170555395322008,0.020199350998294972,0.015630204962394145,0.6965479424549784,-0.25310708239538987,-0.07361561861209377,0.031113617638855385,0.7958514270130713,-0.5264997133707295,0.028578237164465527,-0.2683478942124215,0.0016105992527231498,-0.02825036077355928,0.5486925619881733,-0.2802488814037859,-0.07528934579747924,0.020552358172132645,0.40859695088094894,0.044434261246033155,0.004274175953932426,-0.08020688072452081,0.1983993319242973,-0.6900823204589313,0.1449420440354562,-0.08120907219693262,0.19528016836197454,0.14035569341274934,-0.32639928955672715,0.9930549602348354,-0.07811394052305273,-0.1486318879629838,-0.4125689727409204,-0.4757780998679248,-0.01196901273196338
26.252,20.336671224114728,19.91529019894531,0.8146821258020578,0.7133664327237079,0.020389752782183534,0.01374936949805731,0.7003595829878658,-0.28949960814667025,-0.06448133418364814,0.02642980942373453,0.801752336001864,-0.5047522060149013,0.005727924663598394,-0.21738858133410646,-0.0008354835135630987,-0.03764067633254329,0.5227333162390769,-0.300750606216649,-0.07388484060009023,-0.012320253034864767,0.4182944810230108,0.034475404732879585,-0.09107550510815175,-0.029602259262279943,0.2235486136911353,-0.7469939433987792,0.2131185376764896,-0.07595785910069826,0.015554148518062406,0.6361222416027772,-0.49768074226250897,1.0444734688039847,-0.020174382681201464,-0.2166950385418463,-0.6213257287618893,-0.3471958759129739,0.06558683768856839
26.302,20.33510567684579,19.936429139382554,0.8160937417869691,0.7095143990661869,0.018201543582644614,0.011334095300378816,0.7043646496046471,-0.3249879689312942,-0.05384083665321247,0.02507179367161803,0.7900994598076223,-0.46594125378536816,-0.01586447104761491,-0.1646196841947212,-0.000590628355451268,-0.04915016610640451,0.487417623443778,-0.3154392257733061,-0.06928365400375072,-0.0491333608258652,0.4254580796436555,0.019956927403496638,-0.16368668296638045,0.02802877697542195,0.21956245516249734,-0.6639418845239443,0.1944237605602148,0.0022346807120015907,-0.48460937889754063,0.8260217615536407,-0.34753569893030967,1.042824430358481,0.02971768376915183,-0.23719971697011974,-0.7538587107277572,-0.2613230527111911,0.10580083508439163
26.352,20.331785831064224,19.957894124025177,0.8165634162649009,0.7058350775290448,0.013584168933627508,0.008337925212678184,0.70819686012231,-0.34632643745935743,-0.04261933296835189,0.03326556468998181,0.7264892838894047,-0.40013634159162276,-0.029738576053103177,-0.11218936556663522,0.003205541879959227,-0.061732815137069276,0.4465180039062332,-0.32634266633481135,-0.06350023364209634,-0.08293657959529083,0.4323520026976396,-0.005867164765971529,-0.2618455919088417,0.06445755956599894,0.1939307156862063,-0.15390718450340435,0.2365400387855112,0.34022165481626565,-2.090658654000213,1.7170129899346747,-0.17432793039779404,1.0248163367605898,0.12301884953137955,-0.24694934325382467,-0.806281307371649,-0.2189643065494985,0.13080538918127055
26.402,20.326760676480077,19.97941297328134,0.8143518082257025,0.7032387452182114,0.006295012606793286,0.0035269125564361377,0.7109171547571607,-0.3390119927075726,-0.0356296542179077,0.05023229195076847,0.5828758146155437,-0.29588556301642743,-0.03797949228232139,-0.06989933241213793,0.013410075591027222,-0.07294264643574834,0.42311766296045894,-0.34486060347450087,-0.05522666634133866,-0.11283565589816383,0.4255778724630071,-0.09588789021046523,-0.46106227830555735,0.06940149059985633,0.09485552021849557,0.37614070740073424,0.02867302810080396,0.1589881079287166,-3.343135371912006,2.2287788428835706,-0.23331948318135487,0.6015812109335288,0.3360293758271047,-0.19786437115114383,0.03143469658844844,-0.6041200054653941,0.19867989280184487
26.452,20.321887489706736,19.99974294663816,0.8089241355739101,0.7035505417569595,-0.006233076181258462,-0.007350910911617298,0.7105798674769623,-0.3214650981325079,-0.028874220388335852,0.021764643180059582,0.5055933306255816,-0.16792463700951532,0.01965469080487192,-0.08960890796296714,0.04267151619823094,-0.07628148471076523,0.5231863722709882,-0.3654496409332823,-0.04410585122222471,-0.08692900842683934,0.35325046473899,-0.0399591803663023,-0.5079350834565884,0.19144066387406244,0.04573131744836394,-0.41129096061990617,0.22945854625173043,-0.4194302650060153,1.5073233856506336,-1.2847814448138892,1.354611341679373,-1.7346305517249747,0.4704557786068275,0.3695730041960938,4.3314034332052005,-0.05109329498502099,0.47674965810293923
26.502,20.318371641758002,20.01750863936379,0.8089982404664763,0.7020474657318024,-0.012994670017381079,-0.010847024671106115,0.7119289546481996,-0.3213330769074843,-0.024683837092955064,0.007304291495048338,0.5553577921328869,-0.2364715484283914,0.052823521802021114,-0.181885647661835,0.06397493017419978,-0.025520080871910295,0.7420317090357845,-0.40340548435432483,-0.02779342766936968,-0.046357079676372225,0.37289569510036796,0.02342485813120308,-0.24458714955143115,-0.03658177694256673,0.03614790915485111,0.42185861277364106,0.12911608183133272,-0.20559512047069262,0.5188874286855997,-1.1006272770310792,0.4122656036866705,-1.5661654486400916,0.3703733410208068,0.9379164015541607,3.2239433897202616,-1.3372705945461967,0.2614258794862339
26.552,20.31732410283206,20.036882156829158,0.8107228440398566,0.7010644775377027,-0.015978006130029,-0.01672337836721659,0.7127226881970885,-0.28998000704945043,-0.016023319997114913,-0.004658631364006854,0.5667351245459499,-0.2798817815524672,0.0681713659344832,-0.2495055736765893,0.07293222886380295,-0.004044914455073179,0.8348121277566188,-0.44574961075661007,-0.014641443454128069,-0.00021137522184447137,0.3989614407790559,0.04117958931135101,-0.2339854990040534,-0.1010987331292716,0.04986661398561246,0.766557098139967,0.18865741850186557,-0.24788502947766203,0.011673110603702939,-0.7091487597295826,0.2307400409495171,-1.2582932936758426,0.09991814657002944,0.23928977540528906,0.8708468151976343,-0.2449427812335632,0.31575127835850547
26.602,20.318185651838487,20.057292162606185,0.8126952201678719,0.7000794756819348,-0.017366146507342032,-0.021326889529618497,0.7135350786523287,-0.24800674719973187,-0.007887342221384187,-0.015303738531362052,0.5593656299982676,-0.3097590564087048,0.07378613527271112,-0.3142839540163488,0.07644516236715829,0.007032680138460684,0.8521433648887394,-0.446964476882645,0.003805586949500086,0.031091909377430497,0.4163736642453971,0.03447133470900693,-0.09436054761360028,-0.07545868789085007,0.043726088128107486,0.8906144707496,0.12126691850351827,-0.16172465207166858,-0.2730959981757609,-0.5186704489805811,0.014807345814368019,-1.3483471921575723,0.028598831875399407,0.20049001303217345,0.04916369500790537,0.08451229302743062,0.36823465161462726
26.652,20.320280605404758,20.07839579538492,0.8140562947058523,0.6998846601528939,-0.01669486987132025,-0.021610342402024613,0.7137336596405661,-0.20243898517128,-0.004599069264026062,-0.017445750327967174,0.5382838935173693,-0.3299892644549833,0.07101656528016259,-0.38301919134976137,0.07359426844859908,0.013088368028006754,0.8464138989581952,-0.4391806290038949,0.024360219907033274,0.050882286566359236,0.4278812948213693,0.020537679164525053,0.10667795943479719,0.018183229026377267,-0.016476202532203974,0.9260769838537565,0.002598138723039895,0.059193468880949805,-0.5485486809181499,-0.32880634608448767,-0.039325164982671044,-1.3118766725852309,-0.17013482292286447,-0.028409574555469275,-0.3194773871647989,0.1979798703275398,0.3551255782281367
26.702,20.32331746757563,20.10012363279352,0.8146065369725649,0.7006489434635752,-0.014492089007532639,-0.016884333159143682,0.7131591383929293,-0.15633488898559486,-0.008002198181739336,-0.010555524072218596,0.5058337482054068,-0.34382247420802864,0.07052444998391617,-0.4373024490585386,0.05828300363470879,-0.0009616345357186458,0.8156668722596714,-0.42161965775188315,0.03498377446629116,0.07084888045126554,0.44019936902343004,-0.000610592347297072,0.2716341043090529,0.1218568345231413,-0.05250432841870367,0.8942010316684338,-0.12903575411525472,0.19667018190111227,-0.6993678613967309,-0.2470048238154861,0.010842759393483283,-0.8438902355439035,-0.3804955021284476,-0.45723413027817505,-0.8372763735905717,0.473632451221515,0.10857437414092315
26.752,20.327400614200226,20.122566940194282,0.8137680853656163,0.7017797698707144,-0.011127539186505744,-0.008120123660893179,0.7122607640910676,-0.11285885701919166,-0.01813011873209443,0.0008144016968289909,0.47098210980231,-0.35567611589831305,0.07421829215929934,-0.45532112624290844,0.03618881334000942,-0.03676055145992467,0.7383969789901429,-0.3619634144108965,0.037110650364654066,0.09238241144370837,0.45626399189449,-0.04107689577217108,0.4079003466568666,0.16308273383507566,-0.04005373629814901,0.802522970647766,-0.27310048353979194,0.2339746481666296,-0.5681950806443821,-0.2943588655677503,0.08779146578090682,0.153268659226175,-0.41917827432398314,-0.8512595712495017,-2.3393075479478287,1.8400108562243451,0.035837606715583364
26.802,20.33222696877765,20.145608820543778,0.8093323773805026,0.7011296300152386,-0.003478625905529983,0.004213020776883129,0.7130128971711774,-0.08949156378064758,-0.03979894625929214,0.020262304180247746,0.48076759964786103,-0.3749910233610651,0.07194390606204482,-0.4164227144728999,0.02121634548915194,-0.06269962517163248,0.5734644101563238,-0.2538137414380453,0.04325494090156326,0.09077683056019971,0.46624536876067624,-0.14204166390937656,0.8077641608342155,0.05097935456843518,0.14348810567721684,0.06930188521247813,-0.7325430117811631,0.4315171225114499,1.1716571810440317,-0.41859192715797805,-0.18471793803633857,1.2983905377026972,-0.25833478985753366,0.025861214425493613,-3.8689218736311997,2.083841974566959,0.18783574764639155
26.852,20.336750648332682,20.16780146173681,0.8048587164189701,0.6990116069296217,0.008441790373242067,0.01617189479522569,0.7148775974750464,-0.11841353238231336,-0.0689309176297692,0.03448836243765786,0.6042838331465535,-0.37919567972926044,0.054006102261982415,-0.389710212827222,0.01874146445590036,-0.023208405080401492,0.5441444704539633,-0.15516357705004477,-0.02649719753722261,0.08298424176016193,0.4097784080331881,0.011256257382071734,0.38434480980297175,0.0316311521326877,0.018515506485064344,-1.0617875515660098,-0.39014883263315947,-0.060379639593476614,3.1695296478645467,-0.6475558193110394,-0.28468190441904384,0.004224291125677864,-0.15607577178030319,0.25239832781296656,1.3072273938426044,-1.5026596308526963,-1.1376120742711109
26.902,20.34005165087493,20.188070024011445,0.807141202864905,0.6970504896378314,0.013427040113609914,0.020364364257788634,0.7166070207288114,-0.17130564313679575,-0.08047873987651008,0.033385447334682725,0.7277899770636739,-0.4722591220745694,0.0455669420290695,-0.3689995229064214,0.011102483994675458,-0.0191840901487214,0.576446177274695,-0.21872094110615084,-0.06195974527316636,0.05116987276107186,0.411398617353644,0.06204125836858093,0.17652536101994487,-0.10074482320634827,0.11747146424641279,-0.8656522424093233,-0.052385790546010155,0.05088796557735107,1.563548143635703,-1.8641682561297934,-0.15050681525644818,0.7661165805938971,-0.11386932789461408,0.02564833750855145,0.12210041577256667,-0.9261597370812705,-0.4421580523062803
26.952,20.34170570631635,20.20886606916084,0.8102549632052056,0.6949683141521864,0.017922406447066875,0.020478666119277244,0.7185251936470906,-0.21069418841818086,-0.07998482232144527,0.0332383226386999,0.7763679821599463,-0.524150945505674,0.03707288896050159,-0.3235028008560038,0.006058056180117692,-0.019382501729567198,0.5704342639033892,-0.25511282152339476,-0.07552585087568256,0.016558980520489135,0.41862583589684454,0.05764105822610183,0.08684358304022446,-0.12219416460450287,0.11640859469892367,-0.759529656822792,0.054710720170993515,-0.04454875687097352,0.5590051324544862,-0.378549906176763,-0.2110896168674202,0.9713802122276985,-0.09039097144906155,-0.031225306237610793,-0.25199826165422795,-0.6003524326960282,-0.14491902774130963
27.002,20.34167750306989,20.229920097286616,0.8126920701820517,0.692945012667537,0.020540661836930707,0.01935405839941628,0.7204378606472316,-0.24885926086527144,-0.07517498694053495,0.029203631268485776,0.7927385711777063,-0.5260299808623238,0.0229662198797833,-0.27451584616966085,0.0026245626922578795,-0.02217256550827809,0.5547238768043647,-0.28230318364409207,-0.07863789253717701,-0.01651252236734742,0.42359603823963593,0.040596115321940844,9.606608955428143e-05,-0.08413828876046205,0.10949682039011464,-0.7685149219214285,0.13021521794319718,-0.09907943897596372,0.1752264052685581,0.1695173444002943,-0.31260253864252013,0.981392632210379,-0.04702595415876523,-0.07089983131985428,-0.36201794875292986,-0.5091963410717855,-0.006072604000773137
27.052,20.34005596316364,20.251206645761815,0.8144776631548637,0.6907180900413008,0.02073348815298805,0.017303323779532923,0.7226197046475336,-0.2891029305787755,-0.06679876438202188,0.023591320808683446,0.7982185917901555,-0.502584756587745,0.0004030112066034572,-0.22403129826900958,0.0017192513587426762,-0.02781500757927082,0.530918152028167,-0.3041688086912478,-0.07720340612650414,-0.047770280830451914,0.42789166237511533,0.031781006836982865,-0.09918386977155756,-0.0359986262567182,0.13978924568096793,-0.8186082014879118,0.19483973962353213,-0.09624791697609067,0.013774523149752017,0.6715191807061918,-0.4986286385896342,1.0374861381432428,0.006280569299811885,-0.1459023976220581,-0.5842621472465022,-0.3703292900089495,0.06136454485802559
27.102,20.336766717267572,20.27270064539096,0.8157958143626921,0.6882144556170913,0.018566856408436437,0.014544045030949266,0.7251238554046596,-0.327422217593429,-0.05666600853413385,0.02164547945242134,0.7863705561871606,-0.4622639687964022,-0.021248820697410412,-0.17138481276017548,0.003215843446936806,-0.03593057127014706,0.4969431119062319,-0.3197597398268731,-0.07318295714676376,-0.08256538214813977,0.43053519437452914,0.01874803618942431,-0.17597105275523747,0.018728145554061888,0.14093989741006785,-0.7019426950820669,0.19318670087065445,-0.001206398288844745,-0.49490802669431305,0.8480523909508003,-0.34750937093285306,1.0454875486296429,0.054347834291464905,-0.17160099134037643,-0.7362256170379636,-0.27591571039674473,0.08973289636612586
27.152,20.33181841998887,20.294335475591815,0.816220923755615,0.6858050569429336,0.01400137097482202,0.011023270818999785,0.7275670917398448,-0.34960616922852716,-0.045419084430578446,0.029437254404729517,0.7218251488524642,-0.3957890489313421,-0.03449277435598829,-0.11864202773897466,0.008088278390382387,-0.045322153982756054,0.4566743315197968,-0.3313442175505369,-0.06802422612156798,-0.1147880164265922,0.4341569866366895,-0.0067708252195058825,-0.27405899022313135,0.05342456636287496,0.12233223164518128,-0.15204208192905946,0.23995729632771826,0.3357128155181272,-2.1220270745079266,1.7249661151557951,-0.1474791267635809,1.0310239698394361,0.13970447184426482,-0.18625205076075313,-0.7938641061843007,-0.2326135587340929,0.12718829870376835
27.202,20.325270623875973,20.315868444338236,0.813949743488775,0.6843661584461773,0.00679322048430909,0.0055868190240417085,0.7290854550615218,-0.34083102394833625,-0.037859901652395826,0.04643355772397204,0.574824107551987,-0.29018883605762713,-0.04146956072239558,-0.0769312731179082,0.01892137388932268,-0.054928590505525725,0.4356453025170944,-0.35022619535297356,-0.059295405881942785,-0.14099331385586952,0.4250605974830315,-0.09602322676697082,-0.48692906756224597,0.05662575041886887,0.027738473375392526,0.4335277220455639,0.05888950312017225,0.15151194143209132,-3.4309373496226843,2.2695075020703546,-0.21849207063790482,0.5535670652940979,0.3527308277690846,-0.22385508194430237,0.15226425689595777,-0.5793344499671244,0.22095408557385196
27.252,20.319121096929734,20.33615847461904,0.8086177434119771,0.6855492443514283,-0.005591297829469918,-0.006099632105236965,0.7279792342134143,-0.3239510676817523,-0.028880143603773268,0.01866940124043228,0.501791201451197,-0.16367728357548808,0.014664101194739439,-0.09917185058408452,0.04851006067452537,-0.062499580989305165,0.541915179188885,-0.3679643815617309,-0.04784248141880866,-0.11156709389077289,0.35383265538328496,-0.035521099172724675,-0.4991861125786939,0.1783395693651012,0.0070169394363724154,-0.45620704433459713,0.2419665605226818,-0.3665690562835627,1.658313320650784,-1.3317029179186801,1.2624895442498971,-1.7262098766786735,0.41202975459197916,0.22470248905507276,4.42183446101739,-0.0820320141589604,0.5201806687087092
27.302,20.314422489280542,20.354177781640512,0.8089020218473106,0.6849917619177864,-0.01202851333150729,-0.010300283645651597,0.7283786825056184,-0.32266619125122936,-0.023149502161937695,0.006716272413532758,0.554089637980715,-0.2342803682995145,0.049261181455635496,-0.18629868478798167,0.06536147332984694,-0.022802595219608424,0.7528816086979031,-0.40823640612962897,-0.027725834586158724,-0.06924801095499968,0.37878190359894315,0.027367114565089792,-0.2661488894356121,-0.04692315753697605,-0.009214239706762169,0.4474551926277056,0.16771756351217693,-0.17593232419352905,0.5354248947547212,-1.1288816855125305,0.4388567937315304,-1.4600071823207248,0.2962985915606425,0.7609042813329614,2.985255262187961,-1.254205213192903,0.306577020332566
27.352,20.312204227393348,20.37384772015442,0.8107522030648641,0.6848318578786108,-0.015042192207485601,-0.01661480185859359,0.7283563737946724,-0.29027073835048517,-0.012950795293799881,-0.003588368847744475,0.5659249813014485,-0.27903332538222264,0.06571579553782464,-0.2504542871189875,0.07273454121324627,-0.004174078624367381,0.8376986119976323,-0.4451612534798087,-0.012972909667694274,-0.02381890492842752,0.4045920500990697,0.04238512283173101,-0.24400445529964354,-0.09909784319629208,0.0031965539771857416,0.7795323504810033,0.21410470642051552,-0.20998972717706568,0.017693134489395617,-0.7318689849006141,0.24353541342214335,-1.2220491055347549,0.09565502206851911,0.2453512807138328,0.7798038691216316,-0.17720033453313522,0.33843878196995086
27.402,20.311883802552686,20.394543772379063,0.8127377893318185,0.6846545461385419,-0.016464702147837063,-0.021289579413437086,0.7283706610259717,-0.24772954501296382,-0.003834726280706178,-0.012187231809755988,0.5586258832746976,-0.30969398401750103,0.07121213053514952,-0.31431194605490376,0.07624990509913679,0.00737359324782994,0.8527474836926446,-0.445136468297575,0.006058908796971534,0.007358700192365839,0.42219185818610816,0.03415096875965331,-0.09524102895401404,-0.07016404014830029,0.0010071841724076797,0.9009830969194436,0.13476090710567604,-0.11873562652499361,-0.2751850558462171,-0.5304890148324345,0.010273128239559021,-1.3410708278064472,0.02874023167144345,0.20510425581834887,0.033875242660370695,0.08834370773469663,0.3724434478997171
27.452,20.31279969367899,20.415948771145715,0.8140874649206545,0.6852147895269103,-0.015832043850108158,-0.02145252845699721,0.7278528887240351,-0.20144663819704972,-4.319870398694248e-06,-0.011973060925351565,0.5369649975418832,-0.330060113982161,0.0676737692282147,-0.3827693599099704,0.07336552486580271,0.013224699251256605,0.8466544976136184,-0.4378161216650594,0.02608401630391488,0.027247215401789423,0.4341451149147,0.020407778366537555,0.11082502283715431,0.02304318500745295,-0.06017902968348528,0.9462795594109713,0.011774312707040019,0.11195354326320334,-0.5708220840830812,-0.3219497823565897,-0.06820607926788361,-1.3067404224771986,-0.17626383360276052,-0.047218908990670286,-0.32496570581214096,0.18173165259574364,0.3340172700098124
27.502,20.3146618116459,20.43801661517514,0.8146484031061336,0.6868194945838676,-0.013701603492216892,-0.016535381258010996,0.7265107219359919,-0.15411613667281862,-0.0032599311137872446,-0.0025273382777460437,0.503157432879711,-0.3439641879260629,0.06739746217241695,-0.43681201661208774,0.05760944495046685,-0.002199909190092941,0.8155461968164047,-0.4207931704912972,0.03584982852090528,0.047738000167463074,0.44771886031091374,-0.00014669621481360525,0.27598331554360206,0.12556497419807078,-0.09747753003932749,0.9233232861703214,-0.1288834653007718,0.24484582944595557,-0.732820364296591,-0.2468477788805363,0.024254701728106395,-0.8408431574894315,-0.386732852859569,-0.48195571212460614,-0.8406982739097402,0.46988341501694636,0.09686300920746593
27.552,20.317602624254363,20.460894608333465,0.8138361863514332,0.6887747418678737,-0.01044005719103767,-0.007633066664406223,0.7248600530198841,-0.10871787744752744,-0.013447796801454468,0.011140578975865557,0.4660839456282011,-0.3556113040548215,0.07149753511012209,-0.4548414755394731,0.035223461114244084,-0.03908585580841035,0.7384257897992461,-0.36058796041723773,0.037551115104529076,0.0697547336937878,0.4661003387395939,-0.04073511357274956,0.4114429190480792,0.16161095637752418,-0.08502338614534753,0.8494628687330273,-0.2762589718191989,0.2731153249488787,-0.6221440076341913,-0.2887331374056674,0.09444305430369394,0.15006148411031445,-0.42529300154492516,-0.8712294139281825,-2.3340362010879323,1.8631381408540775,0.02625374715788268
27.602,20.321322320937835,20.484463235864954,0.8093773365058463,0.6888311205156098,-0.0028952494914819735,0.004819029262422232,0.7249000495906722,-0.08285267102216202,-0.03548953032409905,0.03091055257267243,0.47314933689117716,-0.3750092365751493,0.06941282578775697,-0.41625055164235825,0.020115063003166143,-0.06568600892113893,0.5736338706955194,-0.2514417740342422,0.042792911976856245,0.06884033872569735,0.47680777867837754,-0.143068447033468,0.8125197232830053,0.047442931829692024,0.1044233387108077,0.11708228949267276,-0.7416725536574125,0.41910522845913567,1.1235446819992925,-0.42729670587582463,-0.18578116019586713,1.2858027438502322,-0.2535080841038528,0.03114998491058172,-3.8661406225892017,2.095668617282479,0.16090604976428885
27.652,20.324822889355833,20.507142300780853,0.8048860379720283,0.6871688078029645,0.008918740541534697,0.0171086276693971,0.7262415441911004,-0.11164733374240027,-0.06583098366868315,0.04140528882957943,0.5979194480535054,-0.3791966003118927,0.05147526537123562,-0.38981939486046246,0.01790181490949298,-0.02484872094471819,0.5450083801278799,-0.15419665835613786,-0.02870466736412588,0.06417470957797546,0.41775670288491035,0.012282901077029144,0.38889533625650613,0.03794032415433292,-0.007530650545043559,-1.102907291744622,-0.4484564578185981,-0.21610088844535935,3.26512128904112,-0.6201060531570276,-0.25815245415887295,-0.007167791672446282,-0.1505080725169754,0.2847082137029771,1.3336234156500713,-1.5763695508607012,-1.1425130459263564
27.702,20.32721758631421,20.52776595490608,0.8072104886164679,0.6857503132297732,0.013774282454564442,0.021557823227296827,0.7273871302860868,-0.1666272008742059,-0.07993723229462724,0.034923991255740694,0.7255485381563735,-0.47188370625147846,0.04311781769755874,-0.3694891747286486,0.01071675221750306,-0.01910323738125386,0.5779430668749117,-0.21968886897602505,-0.06396485577959944,0.03357239384334507,0.4178427611227833,0.06237640664323272,0.17954992614737605,-0.09509722718276312,0.08316798244894398,-0.9025277964811139,-0.0862646648585751,-0.004687750700898217,1.61135875749748,-1.8710855927282866,-0.15868100519635794,0.7597976759938538,-0.10322224838187159,0.05990227834683195,0.12892341695972415,-0.943059066021729,-0.4368072824626836
27.752,20.328038231710625,20.548847425823343,0.810309326331968,0.6841980583542191,0.0181889100655901,0.021834977821782075,0.7287423510668657,-0.20767159865535523,-0.08038139887115554,0.03317605329074374,0.7752959580918618,-0.5238078350886918,0.034535492193177704,-0.3242430281351173,0.006198925381059338,-0.017892601294274963,0.5722895236636502,-0.2566400107204449,-0.07722905928914273,0.00039811522617438314,0.4235977866008112,0.05686162251228998,0.08726595360089932,-0.11916799914995115,0.08448980943367211,-0.7888326794917762,0.03771099234250107,-0.07238783793442358,0.5635376758706501,-0.37392695140989624,-0.20844861103247375,0.9656412711372461,-0.07901516243902056,-0.0013231683591911935,-0.24263515042901687,-0.607787749822762,-0.13941234696446764
27.802,20.32723483367005,20.57010354136045,0.8126895320099289,0.6827573250427593,0.020755489385196398,0.020790110397293244,0.7300543925424351,-0.24732019916579207,-0.07609038538169832,0.028369600977321024,0.7917882369927675,-0.5255137940649091,0.02057004898095022,-0.2755889092569731,0.0033947040011385104,-0.019184040545198407,0.5571135833270935,-0.28412188956707,-0.0801951673002092,-0.03154683085284641,0.4268006860131133,0.03928484651661179,-0.0015313089688570392,-0.08295835792636781,0.07507247654450121,-0.7981770579990489,0.12307338573799993,-0.10876058049607863,0.17734694110663243,0.17441228892009786,-0.3103527697874781,0.9749013026873817,-0.033679770306113355,-0.04072767502484431,-0.35085648357045707,-0.5144557256414772,-0.0049730938531618325
27.852,20.324876508718557,20.591502538730563,0.8144177662679701,0.6811095883016858,0.020935775974091787,0.018745039267228893,0.7316420200553954,-0.28900822722097136,-0.06809336819950432,0.02250734672544285,0.7972989358223559,-0.5016900415215455,-0.0018509946124819442,-0.22542794505486669,0.0030182321903018915,-0.02337383895081778,0.5338804727154017,-0.3062304344725202,-0.07874312384260311,-0.06218097560141,0.4293690794403217,0.03096577010058412,-0.10025611349748163,-0.03683817533641043,0.108136458615887,-0.8440137411158587,0.18906856650869266,-0.09454063704996084,0.01265069599273386,0.6798724679839983,-0.4951969266799602,1.033110024650969,0.015081319344372155,-0.11768144500815192,-0.5749977245034219,-0.3739813134722179,0.05957702095786536
27.902,20.320895486184764,20.613032271379776,0.8157092311777441,0.6791613557139278,0.018777219627594332,0.015889695075789214,0.7335767079987444,-0.3282399543530343,-0.05814443111699097,0.020583316994139265,0.785164258923472,-0.4609060703522941,-0.02328929394269021,-0.17287106085907478,0.005022396213297905,-0.030106212787085872,0.5001426336910189,-0.32190905858765967,-0.07498318052224655,-0.09589866208007172,0.43061412166602514,0.018402450667049694,-0.18000580345840222,0.01602618052340089,0.10977092422252414,-0.7129150040074269,0.1907082208284121,-0.0016742056754942719,-0.5037694141405777,0.8552887545384904,-0.34297874889880436,1.0458682052367456,0.06457829130827764,-0.1450494280934304,-0.7342931715893438,-0.27703959213625673,0.08288490930102023
27.952,20.3153012956413,20.634641970399112,0.8161167173892017,0.6772755591608892,0.01423533688830557,0.012192501071987884,0.7354906627990528,-0.3506073515900152,-0.047008905747547035,0.02824308975386307,0.7201042420488509,-0.3942760004912601,-0.03607521950852513,-0.12007545359267818,0.010332748873428079,-0.03821960243764653,0.4599548515261058,-0.3335726935705379,-0.07006679316328898,-0.12733009259863914,0.4330814867362947,-0.007245345477171945,-0.27805732481914164,0.0501073926451508,0.09418366456862164,-0.14913957818108003,0.23876475684003118,0.3332608518846035,-2.1356168604521373,1.7244463686645748,-0.13307951142412522,1.0310835731539516,0.14638627296266715,-0.16273736047580084,-0.7900595946730082,-0.23531220057945954,0.12529602826427957
28.002,20.30816287557033,20.65609558920574,0.813815279714679,0.6762687912867023,0.007062332231575,0.006528889149050299,0.7365921659925201,-0.3411359432705545,-0.039290072669898715,0.04520554038281285,0.5716634283320688,-0.28837160942175144,-0.042397401773837426,-0.07873832499912906,0.021416697931221255,-0.04734803866089441,0.439920659440884,-0.35248445142885915,-0.061166270306532405,-0.15163491757368455,0.4232864951818854,-0.0960469978858894,-0.4974388366663743,0.05225051342495009,0.00905426373101985,0.4580757274865,0.07153971228324195,0.14889587028478357,-3.4671154869858007,2.279670059501272,-0.20880503159694688,0.5310343601809464,0.3594204373554313,-0.24292432542703546,0.2043547924446516,-0.5653710279212332,0.22974857722377867
28.052,20.301533396742556,20.6762984498854,0.8088052057559307,0.6776467584923553,-0.005136246090535763,-0.005136295003785004,0.7353516901146926,-0.32295210767021415,-0.029241059565881793,0.01926244600021846,0.5033326888243942,-0.1694245492452467,0.020023563795808014,-0.10252708458439924,0.050477508711936826,-0.05664118814632979,0.5488406486964877,-0.36750676284981665,-0.0492368834293105,-0.11893592950416755,0.35269233662132954,-0.02951632284284883,-0.49090537845130355,0.18505787723899292,-0.0036906119715617094,-0.3772371868692318,0.2565943108712008,-0.33834414859010714,1.5085360331447637,-1.319059355969892,1.146966168917095,-1.7599538596035436,0.42319667310227616,0.24856486825421792,4.512191747905223,-0.08945416231204542,0.5645051147258994
28.102,20.296475920242685,20.6943516336224,0.8091795817914607,0.6774880989455813,-0.011572477288213182,-0.009570388533591762,0.7353804193883818,-0.31915989712421056,-0.022148861962259136,0.008188949308766878,0.5514896307753535,-0.2366253509396261,0.049549862170754105,-0.1893681553165755,0.06698731695716871,-0.019424841265223106,0.758676822814333,-0.40960186766191925,-0.027869963554403066,-0.07643106780554933,0.38002895779650187,0.02813357054031118,-0.27797299517314134,-0.0493406223024378,-0.028188359771525638,0.4711921267732831,0.19526490895522902,-0.16763163521759522,0.502757091293037,-1.0892541961548134,0.37793595010657166,-1.4420257649421986,0.2858043014641132,0.7025552766477894,2.893064172871618,-1.2416513885432137,0.32146297100263516
28.152,20.29386047884578,20.714119766307984,0.811027504582861,0.6776302235094946,-0.014539144707367429,-0.016128390345630936,0.7350821508392852,-0.2858007767935749,-0.011055406843313386,-0.0015971231854801855,0.5625610492659865,-0.2806770836501227,0.06456104877612062,-0.2528220029411836,0.073964927061408,-0.001894969805667694,0.8393615488716558,-0.44419620642927304,-0.012355672484585623,-0.03209886218667928,0.40652042840098085,0.041281400272714514,-0.24769933939667338,-0.10127497883936504,-0.0113313770869327,0.7887325175387008,0.22725285684142932,-0.19670611784282732,0.015428056621309623,-0.7318823931562466,0.2303667322432064,-1.2210551518131794,0.08921694297160944,0.23984694373326348,0.7182839039908706,-0.14276098898233763,0.34905713506531805
28.202,20.293109721799652,20.734909191219156,0.8129176906703705,0.6777650299148119,-0.015930839544913387,-0.020813057941906563,0.7348112609337688,-0.24306495831682576,-0.0014245040996330755,-0.009231180315086521,0.5553240210966821,-0.31155070510612887,0.06949875809952145,-0.31711850897431293,0.07692728378174214,0.009300159212689386,0.8526929703188932,-0.4436315067144564,0.006937148773952907,-0.001330914198221554,0.4239796592438826,0.031761294025729137,-0.0933658154410304,-0.06609529679026907,-0.016981204069822106,0.8999987577498454,0.14268367435654272,-0.09561675662359112,-0.2718434157072899,-0.5356118832637038,0.0052757250290517204,-1.3547931851978907,0.016979940700416633,0.1975290523472824,0.019474828160574026,0.08381655154182482,0.37488038639823357
28.252,20.293583525922205,20.7564063432517,0.8141519755079806,0.6787242975939592,-0.015335277234514763,-0.020809981354527014,0.7339380776358125,-0.1968121312111431,0.0026938350786700404,-0.007643922753512547,0.5336038112377447,-0.3319882410022877,0.06577387605338435,-0.3859450450187775,0.07308808524803402,0.013984669697703452,0.8460190185123289,-0.43707088466431626,0.026755597393438635,0.01817920413392493,0.436134650043338,0.01828797721912056,0.11622258910627237,0.030099919896839845,-0.08322209082018332,0.9469538443649905,0.012371823966331843,0.14049824930082588,-0.5750952820324994,-0.32705253970269743,-0.05220408477142537,-1.3052146176125714,-0.20564946977428478,-0.08827708896730682,-0.3396780944912195,0.16873766134800253,0.32175695106261765
28.302,20.295009670144424,20.778598790408058,0.8146148258795838,0.6807358080323835,-0.013285811380902499,-0.01568336335589312,0.7322405881896304,-0.14932518134195194,-0.0005393992754001392,0.0031257358729399813,0.4993857608487433,-0.3458691611025824,0.06586323046990371,-0.439553920789844,0.05612902238296221,-0.003248361570124459,0.8143487097767378,-0.4198715354817773,0.03602005746086865,0.03941534175213788,0.4508265782898959,-0.0019056469483081221,0.27971966790799696,0.13130626259481465,-0.117657723963154,0.9287367325102103,-0.12932342069163813,0.2683340179170032,-0.7420806866904119,-0.24550534708790098,0.038617065907774785,-0.8281685240888202,-0.40111775206784334,-0.5042928378494994,-0.8460944933963067,0.4846356741690587,0.09134666303258109
28.352,20.29754939892699,20.80167158728023,0.8136935072920727,0.6830470453954017,-0.010091954026839968,-0.006653620582788586,0.7302743426779229,-0.10345268889325421,-0.010760030014774949,0.017851698705845524,0.46188876071486074,-0.3576134456822885,0.07045842960039932,-0.45679864728775604,0.033350314233016445,-0.04088061762633413,0.7368441757989295,-0.358048065522662,0.037826181719551676,0.0619127595084249,0.47062076944076087,-0.043675072120637176,0.4149619577462843,0.16156563436616603,-0.1019838159697615,0.8592504448481912,-0.2772033227238861,0.2950195658919916,-0.622403471191987,-0.29555248617523733,0.10116453460050652,0.1696804003555627,-0.428385895668423,-0.8790769259689697,-2.353358870532418,1.9093253949685627,0.032507135199888244
28.402,20.30086417503071,20.825494145173806,0.8090577187724785,0.6832552497893672,-0.0023800656230249587,0.005965773521096783,0.7301513599721589,-0.0778013490011969,-0.0331412947614243,0.03854029610284751,0.4709416720508485,-0.3769134183163237,0.0670959842399039,-0.41694980324621106,0.01822616316847438,-0.06654195976083087,0.5703463797033056,-0.24697882504380456,0.043407910159906825,0.060176910667826336,0.4825814375033357,-0.1472440161272105,0.8316078471816509,0.03689245277069129,0.09676864990483743,0.10327857625592274,-0.766180260573573,0.39635472029109975,1.1972860703347115,-0.4283843207207283,-0.1915487349168814,1.31168137488239,-0.24706689525624387,0.09112345160615581,-3.895341743472797,2.1140753447266114,0.1671023245141872
28.452,20.30401745604818,20.848276804037642,0.8047756858349583,0.6821553142895873,0.009052433669663516,0.01819157979091989,0.730924925731665,-0.1081835122986941,-0.06303689603792961,0.04615179966694492,0.5987664437040031,-0.3807408744633373,0.04910538382578861,-0.3931802080761543,0.016205852112494007,-0.026493221200968923,0.5471530374044298,-0.15801223840391312,-0.02838421591063292,0.057297338121690654,0.41838384000010326,0.01861135543105058,0.3732538511483365,0.049588604814642084,-0.024895250638458877,-1.1530099007126997,-0.490707743230141,-0.3923196802048965,3.3282682310201928,-0.7691505563065645,-0.2086940498920371,-0.005772237612307678,-0.13633803222841379,0.27327735053984753,1.2841251457822858,-1.4812048274785772,-1.1651936162023675
28.502,20.30602155610918,20.868966578169267,0.8072701241174802,0.680931156248466,0.013816741730511381,0.022732262357156845,0.7318641283368137,-0.16441843171624498,-0.07912136328822773,0.03526319087210363,0.726103719181241,-0.475398277393268,0.04210540661591592,-0.37245672221542164,0.009056703394823135,-0.020448005601697933,0.5783068703768105,-0.21931222669149014,-0.06451110250800063,0.025843928497278124,0.4191454104106985,0.06417655944926795,0.18291324348672092,-0.09451477124197617,0.07098373402805706,-0.9184664351796508,-0.10723284483126816,-0.02653317343474266,1.5781479467171011,-1.831504247604538,-0.14063611156798844,0.7633268191741237,-0.10398591465750068,0.07110818670585999,0.11383151614591237,-0.9011333976382664,-0.44188770079858086
28.552,20.306481094466065,20.890128934981348,0.8104163804473284,0.6796035499495703,0.018330679119213225,0.022971538595098907,0.7329906612730777,-0.2055680177668078,-0.08021459519262035,0.033221222458843624,0.7737068437980162,-0.5254330680366855,0.034135325256610186,-0.32684505970610495,0.004679745915478175,-0.01872243763143717,0.5724009852997499,-0.25530974470423756,-0.07791426406174065,-0.006342794439399914,0.4249417957056929,0.057138138687682166,0.0858331843513221,-0.12538589454771557,0.0727837794542214,-0.7890374668040554,0.029453124945684705,-0.06753745346321892,0.5274859670172809,-0.34098581922259213,-0.20161603224908778,0.9717923203394958,-0.07408859692367185,0.006934562235776291,-0.24069310765838037,-0.6035084940594175,-0.13809658664385258
28.602,20.30535721510641,20.911434517273246,0.8127966656729905,0.6783727638045454,0.02096315712753045,0.02177436486920853,0.7340959177150971,-0.24519622183993517,-0.07632395012409328,0.028739897929658427,0.7890219825127798,-0.5262416751977909,0.020292707692639755,-0.27790308521466744,0.0022285413828249177,-0.01964739623768412,0.5574225954792608,-0.2828595697293629,-0.08081769916922997,-0.03770332367308267,0.4274299472747706,0.03914795057859477,-0.006172396356288759,-0.08949451057859761,0.06331760528634792,-0.7979610482828144,0.11395608397143803,-0.1048513863478283,0.16532144987093614,0.1909569839259416,-0.31127743944820047,0.980270899324612,-0.024896729809930147,-0.03357293571779604,-0.34668512876807817,-0.5173790637733892,-0.005114621098670002
28.652,20.302703618454192,20.932841009339995,0.8145130994473198,0.676939398492858,0.02116540017301048,0.01954839764155341,0.7354746336572667,-0.28693531491484653,-0.0687958088735125,0.022833236826742424,0.7942915514135565,-0.5018164356344966,-0.0022730908471199334,-0.2275704797847573,0.0023176131960691766,-0.0234791150292289,0.5344299035885431,-0.30511757818188473,-0.0794592183150814,-0.06781084075347643,0.42915450595941296,0.03070281533448946,-0.10594866905009875,-0.04185137802284736,0.09642509908869311,-0.8452258954421442,0.18139858051277255,-0.09846564689258129,0.012584056528632792,0.6865274764207152,-0.4983849724994267,1.0358303016659105,0.025067234729107896,-0.1105091925265214,-0.5704971432629299,-0.3768046261212904,0.056958208636805334
28.702,20.298455856699935,20.954343425644375,0.8157955214212004,0.6751954036092409,0.01899905205911619,0.016500897403250444,0.7372095518580156,-0.3262623113032759,-0.05903332431851617,0.020722316943836014,0.7823342081084309,-0.4608679017505328,-0.023741668354253172,-0.17489158612492922,0.0048286358296543005,-0.029860498596021114,0.5008534921512706,-0.32089845781212123,-0.07579655476915718,-0.10098834445881678,0.42984037494299365,0.018365569508850235,-0.18597018682383276,0.011913386542655505,0.0989630645814754,-0.7148899295514867,0.19110966334313023,-0.003080065758055365,-0.49863011554337555,0.8566811847729199,-0.34148413692162355,1.0487118283215233,0.07437227294468443,-0.13816279161779435,-0.7327769058205347,-0.27809304158227827,0.08171903916357974
28.752,20.292614978203012,20.97590947834203,0.8162119052548633,0.6734805324366728,0.014464180977643244,0.012605826756569075,0.7389559208973461,-0.3487094145780837,-0.04788165088553701,0.02801792827099356,0.7175879897889424,-0.39423236624118596,-0.03626668604748093,-0.1218656550964549,0.010572096786474746,-0.03765419532313021,0.46062902803513767,-0.33257489501491017,-0.07088910816839167,-0.13213217000430832,0.43212020273990215,-0.0068564164306256295,-0.28294660830573,0.04548641508775737,0.08557146774115428,-0.15015909704494568,0.24067257978031978,0.3247503834961609,-2.1299238879334528,1.7235408983338372,-0.12684637542644406,1.0371084096463579,0.15398178662398324,-0.15628725065298102,-0.7930833622832021,-0.23468991203910575,0.12591456190625197
28.802,20.28524134550271,20.997307452876996,0.8139272777439327,0.6726140713541607,0.007339567616923761,0.006780415163762007,0.7399259880108167,-0.3392923863576353,-0.03999966354832007,0.044675015594440086,0.5693435340343922,-0.2884797155128459,-0.042358579541626216,-0.08010809695567234,0.02192287411062641,-0.04648688517885434,0.44015403103000045,-0.35155248670459155,-0.06192252254940265,-0.1563458797446119,0.4219388159746998,-0.09630700164154808,-0.4976351885159262,0.049377649130177705,0.002723789492665445,0.4551866418016077,0.07372663820442509,0.14580932806220775,-3.4632750683762334,2.2735648215332263,-0.20499250006226363,0.5437677129304905,0.36084334043609917,-0.239153514363002,0.18482756970531194,-0.574563399395435,0.22917868801763988
28.852,20.278383550820138,21.017492207393463,0.8087222826158872,0.6742917480850377,-0.004823502087409267,-0.005180080445350867,0.7384311335924403,-0.3212000612432093,-0.02984306006877428,0.017457125565671413,0.5010175540054636,-0.16196230666927,0.015404455121669238,-0.10301925215826467,0.05135957861988267,-0.05614253618238144,0.5480194854378294,-0.36796850471019743,-0.05029295462887635,-0.12441806319272468,0.3530269843741339,-0.033812710159614234,-0.49406087486969896,0.1784505804615518,-0.017497764837535325,-0.40859092523438373,0.2520192797924877,-0.34030573672562225,1.6132095279815302,-1.457485650659452,1.1975376569006715,-1.7282524155137535,0.3939218604829182,0.17735287653765852,4.45819222947115,-0.10651814747617032,0.54084459398032
28.902,20.27304539451268,21.035559702055064,0.8090707138842866,0.6743171183999914,-0.01118298451695858,-0.0095683850534587,0.7382952056579365,-0.318067679409326,-0.023175968283987918,0.00683580772065287,0.5517527955028931,-0.2359874785587008,0.048395936630265916,-0.1890156036676478,0.06638600421416854,-0.020605607424988626,0.7568622209134164,-0.4095848617519965,-0.027810968622916855,-0.08164209224096806,0.3805879239986294,0.028658986320024154,-0.2754923756319015,-0.04646383220987351,-0.03992786239884869,0.47016649375662156,0.19285320266398268,-0.15575145832434548,0.5166742624577156,-1.159055362755425,0.42168337906873415,-1.4403732854170932,0.2747640384844522,0.7097242353645039,2.9230671608367795,-1.226937130533591,0.33303064858854003
28.952,20.27020093371848,21.05535878865251,0.8109593390932297,0.674625302352455,-0.014245721687011903,-0.01606557203592311,0.7378479912791212,-0.28477525246692625,-0.011966217832392307,-0.002623167398545794,0.5628662081840554,-0.2815759494044921,0.06432853069803825,-0.2527083917782285,0.07346668359638206,-0.0023350451940752953,0.8392900949275407,-0.4444063091597413,-0.011740721106289894,-0.03636401974660059,0.4074872179650265,0.04225060732763192,-0.2506472434031971,-0.09619846917624275,-0.018611788776210437,0.7901703710319752,0.2328118734301341,-0.19181392220661866,0.009280888922997346,-0.7414748626106697,0.23068360382102843,-1.2258791252731496,0.10038147453777614,0.2630438891565317,0.7493284175099382,-0.14682052366439582,0.3582668831683084
29.002,20.2692398263042,21.076205042855918,0.8128889131900974,0.674875505542793,-0.01575603343018927,-0.020759646789521188,0.7374712445201382,-0.2419202063075903,-0.002012903557969307,-0.010061273499680957,0.5552407656916452,-0.31242560567485894,0.06909984696449097,-0.3171601392043457,0.07692690067408568,0.009648792805228427,0.8534857451896569,-0.444020316989247,0.007789678574181212,-0.005613697439758491,0.42513181447079007,0.0322690427287307,-0.0972385908742088,-0.06275636284471924,-0.023337686901086358,0.9023401440362867,0.1492804195988601,-0.09085522288257027,-0.27861408889033656,-0.5323617359501394,0.0027763838172138906,-1.3568596386420437,0.02232375716168062,0.20324545815780307,0.025609957052103345,0.0803082930511538,0.3761890770190168
29.052,20.269497546009454,21.09775108409166,0.8141305106152275,0.675944031822241,-0.015273800220650004,-0.020777502485813025,0.7365016444388743,-0.19564697390965327,0.0023665999496117547,-0.008274410823847812,0.5333917837343186,-0.3328777076314487,0.06557064932431135,-0.3860069773766785,0.07317015086833333,0.014262036428032348,0.846704131439295,-0.43765234756256466,0.027428202395033942,0.013689265651583337,0.43692277465535617,0.018220675978195128,0.1132983608844547,0.03269550518887482,-0.08938782138347334,0.9461057815477508,0.014700669180250564,0.14439091541917637,-0.5742359910478729,-0.33432770155576597,-0.03169294397958185,-1.3046531070281957,-0.20876599611026928,-0.0965203820956007,-0.34810922034197034,0.1672024275188112,0.3143047958812235
29.102,20.270699933337966,21.119978833826515,0.8145781566582062,0.678070215517532,-0.013332333845371936,-0.015660387742835114,0.7347093193624187,-0.148189912040126,-0.0006897647176942582,0.002720149056434074,0.499163766862108,-0.3468551385639223,0.06586832320423691,-0.4396664466759247,0.05608561331891889,-0.0033979060740372824,0.8147220904677688,-0.4203773869872257,0.03641065231817512,0.03492334505298615,0.45152040140711475,-0.002322281758487672,0.27711412321271356,0.13327220751938315,-0.12347739542647343,0.9283959015838507,-0.12649728427168105,0.27233373373657854,-0.7423697221336127,-0.24670755294831204,0.04047249762396993,-0.8317364015648417,-0.401559842254683,-0.5099045059866031,-0.8479757194671675,0.4875863206572285,0.08825668190322135
29.152,20.273015071064744,21.143087318518948,0.813633086574076,0.6804920214982966,-0.010248509318355649,-0.006636795264092445,0.7326537583896879,-0.10232105145859709,-0.010781489535432835,0.017631039116823545,0.46161982328511014,-0.3586689939094956,0.07044793561355062,-0.4573046471140031,0.03336342011128316,-0.041311070507495794,0.7374938008514036,-0.358411330451566,0.03807559582907861,0.0574284330636904,0.47134801333432363,-0.044145657329536105,0.4123174748605483,0.16348433358919431,-0.1072741279908673,0.8587242508915341,-0.2745149447498291,0.29957237508687545,-0.622838917098552,-0.29617444971822776,0.09870081847092786,0.15806003846142105,-0.425973796567565,-0.8851857509155832,-2.341199159686109,1.912841514216625,0.025163961167527674
29.202,20.276106909214104,21.16694817386276,0.8090143757071647,0.6808094745180079,-0.00264042068300535,0.00600245003501708,0.7324311968906754,-0.07697242137494979,-0.0331654819616507,0.038373699213607095,0.4711925131529422,-0.37781763192240303,0.06784877105236836,-0.41804590781133916,0.018426775120165922,-0.06732930054717162,0.5715554985843823,-0.2469236620840189,0.042921157395856835,0.05577914099469991,0.4834791256131491,-0.1457730045760003,0.830767939702578,0.03769678563103916,0.09103787797323326,0.09078551636807693,-0.7648845089585266,0.39708829541814533,1.221094630636978,-0.40430951496320083,-0.21396326424762252,1.3031470550591806,-0.24190531148717412,0.0817169075176869,-3.889489405714161,2.1262822546032876,0.14889678154086444
29.252,20.279047214984317,21.189803075253337,0.8047425225350916,0.6797574082988518,0.008797123006278055,0.018294101838238465,0.7331560559168642,-0.10809249138102682,-0.06321026060420912,0.04598529464590812,0.6006066679268571,-0.3807581377700616,0.049112256906302734,-0.3938348541925416,0.016555531097585008,-0.02696419368862366,0.5476369272849516,-0.15814799204092642,-0.029412825685522663,0.053346882269899754,0.4198319081059291,0.01785754991216403,0.37631842516756414,0.04898667260042492,-0.02871942520075669,-1.1646891150106724,-0.49439941193653936,-0.39155625467755417,3.3506100403583563,-0.7663423786563313,-0.2245380281795596,-0.001427497283859689,-0.13847421613862376,0.28040606781330224,1.2799339292963623,-1.483703238292211,-1.1529239559520366
29.302,20.280872441569972,21.21055454733527,0.8071991776671701,0.6786084286286785,0.013584836592059849,0.022875858632277615,0.7340182204146691,-0.16467983204505368,-0.07925144220931846,0.035099627654384936,0.7281232701459941,-0.47563236273707443,0.04171370896846326,-0.37311965712832346,0.009366057382908483,-0.020637883980003806,0.5789838052394604,-0.21964867523242715,-0.06501103320158172,0.022454652083592524,0.4202150775273766,0.0635611108271182,0.18398890959731307,-0.09516186168747831,0.06681114581837658,-0.9225230607885352,-0.10310956051393107,-0.025858933391617926,1.5702962706599934,-1.8377529982471392,-0.14475764326592525,0.7620570382445316,-0.10382535899642754,0.07582731539778652,0.11984717232095908,-0.905395968186784,-0.43555618676307
29.352,20.281164816101803,21.2317589757553,0.8103275326880038,0.6773536224210771,0.018120519720316676,0.02314122037230389,0.7350702013262335,-0.20601420371806045,-0.08016509811447393,0.033053937228738374,0.7751259755594783,-0.5257175669177213,0.033737355704727835,-0.3275562455359585,0.005000606951982486,-0.01868353642892733,0.5733046809586444,-0.25581200795904085,-0.07820733029923256,-0.009600139484616075,0.4256006111402464,0.05698938948291814,0.08642830506762392,-0.1259206637606271,0.06953082831925032,-0.7930779217311926,0.032648166564740094,-0.0684191641069391,0.5160689313830942,-0.3395708961474764,-0.19963124783634306,0.9718572164650088,-0.07407251718792596,0.010210833166001057,-0.23807356285418943,-0.6057751974055873,-0.13566534231294478
29.402,20.279878417762617,21.25308911965105,0.8127071806542135,0.676181544535782,0.020778289905564334,0.021950916557072812,0.736114759232627,-0.24583900263286512,-0.07616789149854428,0.028526230783732297,0.7900006835952208,-0.5264615321850059,0.019970116337754643,-0.2785718517024505,0.0025550220794044232,-0.01942832604614442,0.5583896435236324,-0.283433321452663,-0.08103436059595882,-0.040957398231404187,0.4277715579450488,0.039224483526395494,-0.005642354980260999,-0.09050755274027589,0.05968340176226198,-0.8017209075547131,0.11478838610998124,-0.10650868717428018,0.15961486518731588,0.19268132356230336,-0.31038025057335816,0.9817025079740618,-0.024708081098783273,-0.02963263352111834,-0.3463656038260683,-0.5181996534179445,-0.004448999502456504
29.452,20.277062961171588,21.27450415184853,0.8144297680080975,0.6748120981445598,0.02101398522471564,0.01972010481457136,0.737426716419208,-0.28775389123517553,-0.06865077143041058,0.022512441515900865,0.7950926424976862,-0.5019065110292723,-0.0025984089210984657,-0.2281651756485419,0.002640611731325433,-0.023065404244512408,0.5353954450949467,-0.3057133289311985,-0.07964876279144728,-0.07101622448411504,0.4291748209588126,0.030857985942050855,-0.10546731907171414,-0.04293227311372674,0.09285105533986128,-0.8483309209795905,0.18085483103062006,-0.10020364169812329,0.010881687180408793,0.6894755898949685,-0.49915683788801263,1.0374068987368281,0.024826909498731998,-0.10683691665738083,-0.570883111812278,-0.37693285150879596,0.057166476566273515
29.502,20.272657300318063,21.296000523530623,0.8157214477598701,0.6731273391289304,0.018880314941177808,0.016659363554316572,0.7390978180395974,-0.32715912300251926,-0.058908386579640364,0.02036884784790609,0.7829861690116335,-0.4608285125425469,-0.024110253615174285,-0.17540723628570842,0.005133675917275724,-0.02927195600374296,0.501781265829508,-0.3214897789122339,-0.07599199974512635,-0.10409130713915263,0.42959788580473873,0.01855780822159333,-0.18566375553039177,0.011046335122352896,0.09560572103671501,-0.7151411776301939,0.19078217134417527,-0.0030481106105774407,-0.5021882827817449,0.8584808274388852,-0.3422644157579593,1.0502026128922404,0.07397555464663702,-0.1348515288576217,-0.7337318012401449,-0.27790774342208857,0.0814879553099864
29.552,20.266663540341675,21.31754958257309,0.8161458801599019,0.6714702899918974,0.01437489673216406,0.012742454556133227,0.7407824524474264,-0.3495405284340509,-0.04776319976179606,0.027726034625987155,0.7180330972930624,-0.39411964172467956,-0.03664442882045287,-0.12231203373467259,0.010857451210523325,-0.03689897402569898,0.46151809293363305,-0.333161292441046,-0.07108310508211707,-0.13514917158228107,0.4316574767868184,-0.006756327039181547,-0.28279970243444136,0.04481215715141625,0.08224239602830283,-0.14796738145363472,0.2402644675588804,0.32634740409911117,-2.1342795765134173,1.7247404119985723,-0.12639637046258803,1.0378904423803024,0.15348448080302124,-0.15316493350253718,-0.7931954442345944,-0.2347870516755057,0.12626080643940812
29.602,20.259143742029227,21.338919917742214,0.8138621933001866,0.670664306555905,0.007275352893341035,0.0068837370047003035,0.7416933809311068,-0.3399150696141903,-0.03991593266841558,0.04441651899469131,0.5694745007723886,-0.28824451283381,-0.042763365334799255,-0.08058896066284699,0.022190774050645096,-0.04563784273210095,0.4411869923367295,-0.35212830254898125,-0.062069789692075474,-0.1590873078162563,0.4213611626334601,-0.09627531225977283,-0.4988986291048718,0.04847084053749205,-0.0005337489323612504,0.46118864639487345,0.0737585544635178,0.14450767056789696,-3.4703390968940697,2.277173931679421,-0.20682340035360117,0.5404544627980429,0.36129620908752846,-0.24036393713081355,0.19324426884610602,-0.5721164724814854,0.23105043073591933
29.652,20.252159592364166,21.359079227323125,0.8086649165612738,0.6723934886104632,-0.004856491733612538,-0.005137874012642952,0.7401601267380743,-0.32172507705815073,-0.029724161692793516,0.01719051477250507,0.5011965664739642,-0.16170451616164983,0.015221243527949433,-0.1036707916323878,0.05162776351878,-0.055479367333937886,0.5494660312854389,-0.36825913669823324,-0.05040254545348875,-0.12671504255905588,0.3526136479456543,-0.03344249300774248,-0.4933362520024905,0.17757320998919948,-0.01953948292703236,-0.4105997717823604,0.2517362060146353,-0.3377000440119876,1.6212208296467068,-1.4629129749555823,1.1960031945439173,-1.726817275390604,0.390335201273038,0.1704290396158441,4.45996952510551,-0.10262344043211755,0.541993888579874
29.702,20.24670880737925,21.377138912759964,0.8090375852843775,0.6724766970494955,-0.011183836401128504,-0.009570126839403292,0.7399719091972556,-0.3185108582935187,-0.022986744545640193,0.006715341600619536,0.5520575749244748,-0.23591673679976288,0.04819647088719055,-0.18937302599149894,0.06641126129173128,-0.020497966045893927,0.7576444188306336,-0.4099280031428544,-0.027771510549954376,-0.08391783776011862,0.38053345732114624,0.029086019815118335,-0.2762393323641479,-0.04736236065588473,-0.04338636703181994,0.47247213376135117,0.19497296015769724,-0.15302301499789142,0.516682388759274,-1.16094969530794,0.42155453413199684,-1.4350500085630429,0.2709039388609765,0.701249310678112,2.90837813996979,-1.2189460820644606,0.33429147008284565
29.752,20.24374875339551,21.396939048183892,0.8109427230051469,0.6728432431924746,-0.014226375836347536,-0.016096162623412055,0.7394731190987247,-0.2851047742197447,-0.011697982242073511,-0.002618064065467209,0.5631284052674188,-0.2815643332594794,0.0641549463036736,-0.2528672036499842,0.07341106776130549,-0.0023935803805757686,0.8395463013733054,-0.4443862199569297,-0.011629607704092253,-0.03869609483473719,0.40754058463045134,0.042474493349708035,-0.2508975201595858,-0.096508534610914,-0.021684464919301757,0.7920061876589908,0.23416178974875088,-0.1889811573340387,0.008245115205132433,-0.7421431344993151,0.2308966945137544,-1.223589865966866,0.10075045295617625,0.2635905199854106,0.7432702203307245,-0.14270123294289905,0.35925306264085183
29.802,20.242669670881604,21.417790313412684,0.8128802166080321,0.6731481818160941,-0.015719493944071204,-0.020796829657146413,0.7390479786211728,-0.24216349456629807,-0.0016990610812655366,-0.009905139057093452,0.5554386788705938,-0.3124257042951576,0.06892310011298201,-0.3172444211685294,0.07690393258644733,0.00963053933192234,0.8535771678714666,-0.44390369784277356,0.00791274428448601,-0.008008242902609724,0.4252719654174084,0.03238737517220967,-0.09687405846694401,-0.06286308478336483,-0.026457023783307602,0.9040953525417703,0.14988176787645216,-0.08739872920783937,-0.28013688103322126,-0.532443146937606,0.0027359610291494874,-1.3559475206673897,0.022842127216448148,0.20361750788593086,0.02431680203233952,0.08092645590124917,0.3759542279422082
29.852,20.24281044285362,21.439346305618177,0.814129018878528,0.6742644442325727,-0.015228986690814687,-0.02080971300321454,0.7380396283756284,-0.1957992702363384,0.0026937636777064075,-0.007982405844532357,0.5334935671568909,-0.3328684245207378,0.06539584386864752,-0.38603720533273983,0.07317686605034923,0.01422443312243955,0.8467433289280986,-0.43754254581965063,0.027509050509833478,0.011329927742018986,0.43717018292692567,0.018388188167907334,0.11381518896261512,0.032638853950575204,-0.09217096196582028,0.9483647329821772,0.014841865488232941,0.14764038805114074,-0.5769301586444294,-0.3337362957987493,-0.03170594282968828,-1.3036389768871652,-0.20859802902393051,-0.09770907999334812,-0.3490108531260685,0.16630868729094012,0.31327182973041623
29.902,20.243894584019348,21.46158983020436,0.8145848391667704,0.6764447390521765,-0.01328792029803268,-0.015680973063446995,0.7362065289486163,-0.14821836138738156,-0.00036482819999928806,0.0031671088693290207,0.49911209118146593,-0.3468091140076314,0.06568689851626407,-0.43964738350145105,0.05610255100478835,-0.003489090424648636,0.8147294312453208,-0.42031337811020314,0.036446438614254714,0.03255633533181497,0.4519037781010231,-0.002170623114298137,0.2775782043228592,0.133212217199812,-0.1260414085771124,0.9309532700260342,-0.12668722309138594,0.2752197772907961,-0.7456163194301012,-0.24590976100541145,0.04030292329087398,-0.8308929775949508,-0.4014783140610933,-0.510979092762758,-0.8482445210508648,0.4868149777666729,0.08749971056300629
29.952,20.24609026160306,21.484722394234005,0.813647269879163,0.6789177286165845,-0.010212676609150274,-0.006646557760657304,0.7341132353230728,-0.10220012782910953,-0.010471831148099773,0.018217315851106697,0.4613811621330504,-0.3585768911208503,0.07027414761753219,-0.4572467282285436,0.03337612664219248,-0.0414390349285862,0.7375041409085081,-0.3583647061225437,0.03806691970406462,0.05502078465033014,0.4719274657641775,-0.04400030919815336,0.4126862079664431,0.16320713564101433,-0.10980870486044067,0.8622335453311349,-0.2749980329964806,0.301763040039893,-0.6272849733516151,-0.29524890143078225,0.09950228733901886,0.1587889067245421,-0.4264298126430063,-0.8860921945068831,-2.3410675673948087,1.9128287415679723,0.02418777552935033
30.002,20.249063012068785,21.50861428875327,0.8090313381075022,0.6792808905456996,-0.002625978237674011,0.00600577605577537,0.7338491034481845,-0.07663806069840325,-0.03287724495014413,0.03897098450469061,0.4706530048183065,-0.37773193082654033,0.06770927641708674,-0.417974396037014,0.018423035086999037,-0.06751501558960513,0.5715918090262587,-0.24689822862424138,0.04285922124074759,0.05341130618658264,0.4840481435376643,-0.1457902193011661,0.8307015926688843,0.037740277062085305,0.08876342640421953,0.09489488802208762,-0.765183508232387,0.39604361368107943,1.2147431609695576,-0.40553503420286763,-0.21343759588942224,1.3026984658834475,-0.2421031768204347,0.08060036834662342,-3.888742465602174,2.1255075409712405,0.1476042676160997
30.052,20.25189202629363,21.531495956187406,0.8047586037096731,0.6782487936526456,0.008788554180261214,0.01833336223550639,0.7345510350229537,-0.1077323094712646,-0.06300111546278933,0.04635521982445437,0.6000655747586956,-0.3806817429892861,0.04898853263597536,-0.39372257576670155,0.0165298672179924,-0.02712570413791439,0.5475867650730897,-0.1581736417798488,-0.029588609369369884,0.051310239720048945,0.4202692513483251,0.01785246546840878,0.37683850113427697,0.04940172791754035,-0.02968267167043954,-1.1677070402855803,-0.4978643854961271,-0.4001045455119476,3.3575697625228758,-0.7613902125898454,-0.22318970246331818,-0.0012452888335460696,-0.13882984273596666,0.2819756305725199,1.2792086499773803,-1.4846081115357253,-1.1520441889822506
30.102,20.25361826492321,21.552264426607476,0.807212307002246,0.6771198052736732,0.01356486332567216,0.022939751323679987,0.7353900540517974,-0.16449128683704192,-0.07920611363728336,0.03514504471331497,0.7279642734690907,-0.4755064297885959,0.041595570022693484,-0.37303643168856265,0.009335910095525151,-0.020722750701911884,0.5789582027899687,-0.2197115221198869,-0.06513015144412636,0.020506301732434038,0.4204968213653129,0.06345182773465909,0.18428609440663504,-0.09478583738321535,0.06547542504785336,-0.9253896747827038,-0.104797383672207,-0.02834317538659722,1.5755478313382287,-1.839454246406113,-0.14521860779995796,0.7611442588621041,-0.1037097322639553,0.077272285627263,0.1210453354045929,-0.9061317522556923,-0.4347974307401929
30.152,20.253815797479973,21.573479789917485,0.8103345561392964,0.675883731975984,0.018096094970294106,0.023221908285342815,0.736420026325078,-0.20594423462051248,-0.08016659028670889,0.03301345201149776,0.7751221412813569,-0.5256495206603248,0.03360098714622775,-0.32751110367650416,0.004981340563724344,-0.01871437726493849,0.5733365103052075,-0.25591062777650675,-0.07829783958445917,-0.011449612898024092,0.4257595901377371,0.05686767554187798,0.08643979336588717,-0.12569679841730216,0.06862582148836287,-0.7949833771096653,0.03239656274745789,-0.06906950776461099,0.5172816277271932,-0.34004053186197547,-0.19956957677055762,0.9712819430697683,-0.073870688045623,0.010908871589746922,-0.2370573477617553,-0.606423744624235,-0.13521985275424928
30.202,20.25243770058232,21.594814439918437,0.8127086302738795,0.6747267893236693,0.020753156189493097,0.022040158353355436,0.7374464710722439,-0.24584409961215645,-0.07617547242381432,0.028488704313751657,0.7900021962022051,-0.5264016968875993,0.019845398534243917,-0.27854954757883155,0.002547872118094973,-0.019419039812324707,0.5584670160471009,-0.28356077845835176,-0.08110688026624631,-0.04278017107917872,0.42779423284737084,0.03912464472122188,-0.0056432514202478315,-0.09041712906012946,0.05870084894360593,-0.8029783789489254,0.11456152441478791,-0.10630990697867633,0.15931576018690985,0.19264297077062942,-0.31011026538800207,0.9813674892663612,-0.024418113016651862,-0.02876103344591685,-0.3455966784917745,-0.5186974795248236,-0.004261146066802771
30.252,20.24953170509098,21.61622667616526,0.8144270250322434,0.6733723292182967,0.020991583064618506,0.019811479941237126,0.7387398493015686,-0.28781893132184844,-0.06868034062924544,0.0224814424815605,0.7950828744955555,-0.5018323132651507,-0.002708983228925004,-0.22815649429494664,0.0026452006782528535,-0.023014384606716936,0.5355047268122278,-0.3058606874239403,-0.07971260403111938,-0.07281220981753332,0.4290465656123372,0.0307901622518418,-0.10550385476019006,-0.042887693717647356,0.09191595071402399,-0.8494154752142388,0.18035514449981777,-0.10007547373178143,0.010723865581496878,0.6900287010977779,-0.49891718892698816,1.0372293021792454,0.025084005023873417,-0.10603318494305711,-0.5704378956166243,-0.37721135161355696,0.05719489496164433
30.302,20.245037114122105,21.637712712393153,0.8157160287555711,0.6717018249363976,0.018862005704488358,0.016746087905937592,0.7403920931896577,-0.32726306972111807,-0.05896271458232045,0.020342248128701418,0.7829575855568879,-0.4607256696984021,-0.02421136871328682,-0.1754029247574724,0.0051523147028296416,-0.02918142087800214,0.5019040586483903,-0.3216476115374644,-0.07606331689635985,-0.1058509325968778,0.4293206043683772,0.01851378205406011,-0.18575557945802196,0.01103706492457542,0.09464858957196419,-0.7156102041615671,0.19030960098206437,-0.0030173754611716444,-0.5026786843615262,0.8589187759743512,-0.3421169486431924,1.0501840869018795,0.07427198018207515,-0.13405070359416354,-0.7335747791071257,-0.2780811624615057,0.08124958582891441
30.352,20.23895587392671,21.65924449394106,0.81613825776805,0.6700611246591291,0.014362881150331916,0.012818904125688502,0.7420562462257295,-0.34965317209770025,-0.04783563660348259,0.027705616093701764,0.7179838631041671,-0.39400898996973344,-0.036730113378827575,-0.12230909722580323,0.010890783365744507,-0.0367627315201513,0.46164873075694735,-0.33332714995929946,-0.0711628599753546,-0.1368892504012197,0.43124311892653333,-0.006804994080897363,-0.2828677323726776,0.044789229614730384,0.08111236064496577,-0.14791883801929404,0.23992190116430043,0.32639948447031425,-2.134651168281023,1.7246596653800006,-0.12588732030566524,1.0377623506843052,0.15373832894757214,-0.15218153913989732,-0.7929055617255861,-0.2349608258858541,0.12620629231001934
30.402,20.23135107113308,21.680590845736244,0.8138521830094586,0.6692765153073272,0.007272343826512116,0.00694336251429795,0.7429453874884377,-0.3400031875172943,-0.03999701318068639,0.044385461674847006,0.5693803821106684,-0.2881200104652588,-0.04283911361030719,-0.08061682729468189,0.022239388527213147,-0.04546323453564703,0.44138038777045974,-0.35229178418132623,-0.06214152679339816,-0.16071183686127014,0.42085555504296523,-0.09627106655571639,-0.49943852298153935,0.0483313572220751,-0.0016730725005064326,0.46212693907057356,0.0740695283551023,0.14371634932490504,-3.471456752022812,2.2778462915015742,-0.2069960177454886,0.5389352418272945,0.3618963581655488,-0.24040479444053792,0.19644219680576236,-0.5710388974196995,0.23153044263862507
30.452,20.224290612939978,21.700728712830713,0.8086574173724217,0.6710303484656056,-0.0048428040999495495,-0.005113762114217215,0.7413964311511195,-0.3217890049452815,-0.02976101755137355,0.017158056150122322,0.5011197061212556,-0.16159283562123972,0.015192206584993418,-0.1037911398305284,0.051705797726619096,-0.05532419522295431,0.549854131128202,-0.368314659323278,-0.050468445034819696,-0.12808739125690077,0.35224792027653207,-0.033351184504721666,-0.49342229865524256,0.17735584077745237,-0.02067134463186309,-0.4107707508169368,0.25235045794808664,-0.33666915130358405,1.6229079946679315,-1.4643594160096192,1.1958164921269279,-1.7273513935369804,0.3896490337055387,0.1693179865472601,4.462145037417984,-0.1008502680124643,0.5426358006278821
30.502,20.218770142765027,21.718775650822014,0.8090360088277648,0.6711398443751819,-0.0111605117278149,-0.009569556460468866,0.741184980864548,-0.31854636185937163,-0.022973648012610256,0.006738085479600031,0.5520160129144531,-0.2358600495563016,0.04816031609513274,-0.18944349305070435,0.06643394316439921,-0.02045343377635363,0.7578729748806268,-0.4099972411315142,-0.027758459107868522,-0.08536946645315802,0.380362344428515,0.0291893190081489,-0.27666359481902225,-0.047616359286979465,-0.04486697535233369,0.4731240624729055,0.19611506345590962,-0.151966903543799,0.5169451555378395,-1.1616749693301192,0.4213606460875694,-1.4340882128496282,0.2699299959162963,0.6995007417913555,2.904285752953923,-1.2167479717815572,0.3350572152661913
30.552,20.21573502319315,21.73857074910879,0.8109446499747597,0.6715320442948659,-0.014193102482737181,-0.0161107869337071,0.7406643719468694,-0.28511026927698435,-0.0116371024060225,-0.0025439117387456764,0.563090775565368,-0.2815323458304565,0.06410853428612304,-0.25291012516974526,0.0734094394065118,-0.002378308674545872,0.8396249971684051,-0.44434664952867936,-0.011586716124395763,-0.04023625492319918,0.4074882908889155,0.04251059887792474,-0.25112077298598007,-0.09659652827910152,-0.02304260194214155,0.7924786525601105,0.23500812144387698,-0.18778465362862048,0.008261994526321648,-0.7424894461803071,0.23059635333600007,-1.2235307585584445,0.10068123177398633,0.26383754006360977,0.7414373237462414,-0.14147187983616435,0.3596349915313581
30.602,20.214577273389445,21.759421516615348,0.8128828789501197,0.6718621057222315,-0.015678639276773314,-0.020816907004911952,0.7402176352584882,-0.24214868655268237,-0.0016046786970131902,-0.009765226869252235,0.5553976648214273,-0.3124063930888779,0.06886400374101301,-0.31729331738911654,0.07690093142129358,0.009653272424386908,0.8536001640764954,-0.4438390930961682,0.007963783295064347,-0.009615584704247226,0.42529455644413716,0.03239068719440797,-0.09685749633013371,-0.06283112471067748,-0.02790130781220512,0.9045119955541008,0.150422071541469,-0.08584662234670055,-0.28034806111167004,-0.5326367749429948,0.0026197799077622443,-1.3561752442214163,0.02280067096580616,0.20359534763955695,0.023777416941242607,0.0809434322256793,0.37596288995277743
30.652,20.214638075455248,21.78098048825592,0.8141326004156704,0.6730014213562986,-0.015188309889423034,-0.02082808044233739,0.7391918513892004,-0.1957611890285301,0.00280515257116936,-0.0077817372911426425,0.5334286757925253,-0.3328499646863357,0.0653303538573831,-0.3860828512326682,0.07316956226324345,0.014219376231561269,0.8467358581273758,-0.43749134050446264,0.027545010253798713,0.009706019607487145,0.4372614039918097,0.018420965117855466,0.11393250344919288,0.03270805098772096,-0.09342901801021328,0.9490425041663251,0.015035108631648954,0.1490269943474773,-0.5777849240750332,-0.33368903339660955,-0.03159572441034955,-1.3033903786745427,-0.20896090168251624,-0.09881212556897138,-0.3496931687766736,0.16590146714589077,0.312740075919683
30.702,20.21564039126254,21.803231024046415,0.8145903485909587,0.6752064132764934,-0.013254801794685337,-0.015693835004076003,0.7373427379736923,-0.14813928193412682,-0.0002491888856779945,0.00342835385891255,0.49899272941083767,-0.34678422639800227,0.06562625269648492,-0.43967390356962216,0.05608548380197493,-0.0035426529605851608,0.814697413986756,-0.42027118593189555,0.036460384445753405,0.03090988141422841,0.4520944272870836,-0.0021307827314005954,0.2776374413033355,0.13325437994666395,-0.12709513748984402,0.9318522769272671,-0.1266828081345909,0.27624152807387103,-0.7468492152036668,-0.24567602943658914,0.04032563514088492,-0.8304879553906696,-0.4015179932294763,-0.5117415210478635,-0.8484493513174775,0.48680888303806635,0.08717181178710884
30.752,20.217752592431353,21.8263762187179,0.8136546241595181,0.6777003480543481,-0.010193591240884233,-0.006654586091570879,0.7352374075280582,-0.10206853480722562,-0.010358315444301876,0.018521679962254654,0.46119382872438996,-0.35853734231469253,0.07021537860171008,-0.45725152716430945,0.033363869248748804,-0.041513939027499475,0.7374726081139459,-0.3583112491942849,0.03806144303644776,0.053331122210176406,0.47223941411954623,-0.043969567933389755,0.41267256154525056,0.16312082165934877,-0.11065939674387508,0.8634414854066031,-0.27511615241831777,0.30225770349575276,-0.6287995896315949,-0.2949667914089332,0.09967607452437596,0.1592660874883283,-0.42633150194156466,-0.886430024893336,-2.341016206723787,1.9131587502215437,0.02367024964433284
30.802,20.220640732444537,21.85028496787958,0.8090389295599892,0.6780766796841086,-0.0026272362594019333,0.006007180461787755,0.7349619227423367,-0.07644181761785776,-0.032771899736949724,0.03925433909274827,0.47038231755246906,-0.3776959528617813,0.06765741030327196,-0.4179607982829716,0.01841911122044215,-0.06760457010699385,0.5715735943498548,-0.24684334419689818,0.04282586699762618,0.05170755077104657,0.48436328656800565,-0.14579498907249702,0.8306642200577117,0.03770751816327669,0.0881939131675948,0.09608632728144853,-0.7654151978950877,0.3948974699389815,1.213123095660442,-0.40590113929028493,-0.21331335215254804,1.3028451732979431,-0.24190927306612056,0.08045877569512605,-3.8881867080180794,2.125257882131276,0.14701456400202373
30.852,20.22338951354686,21.873181440029636,0.8047659116244584,0.6770443995193319,0.00876768810061233,0.018358261292672356,0.7356609157534395,-0.10755148258784844,-0.06292904934216756,0.04652039484873937,0.5998364144875407,-0.3806532906353627,0.048942350173102285,-0.39368790997076236,0.01651801180696152,-0.027207060038254474,0.5475391436600239,-0.15815320641595473,-0.029667342672615667,0.04984455813649366,0.42050830716002713,0.017849420795718836,0.37701828842300344,0.049618651429876544,-0.029516814432355938,-1.1694241649508732,-0.4991634717490706,-0.40387396044142637,3.3609546373429926,-0.7603473775124971,-0.2227237300906055,-0.00122086692482006,-0.13923738269203847,0.2821073569903262,1.279038128676231,-1.4851354492994302,-1.1515343041978439
30.902,20.225044114400564,21.893958730657033,0.8072183896924762,0.6759106527388274,0.013535700941000962,0.02297803094102618,0.7365009059113791,-0.16439350150830584,-0.0791865046177783,0.03518014644786847,0.7278919160605998,-0.47548113931346137,0.041559322611995166,-0.37301240272141567,0.009305628876173777,-0.02080297711188903,0.5789273357034066,-0.21971475902349605,-0.06517834291167375,0.01907858849959859,0.4206295762043017,0.06340652737383634,0.1843851824524112,-0.09467116678426582,0.06567336515708147,-0.926700386357738,-0.10519521642543278,-0.029337373515080006,1.5776141812605187,-1.8402028349875352,-0.14520497690981585,0.7608723109628927,-0.1040090947181499,0.07718456653528039,0.12163827936876465,-0.9066101320290281,-0.43437101346290097
30.952,20.225171018201983,21.91517811728519,0.8103381964979353,0.6746671569533935,0.01806599178355512,0.023269474409531088,0.7375339848644304,-0.20589866640763924,-0.08015306503930733,0.03302414154747753,0.775110961364078,-0.5256425923907696,0.033569533121644415,-0.32749558410408874,0.00493860993353075,-0.018807946832132633,0.5733318434032624,-0.25593626613364945,-0.07833041003849578,-0.012853558975155882,0.4257908120131177,0.056819957736323555,0.0864785949742901,-0.1256607778988917,0.0689151594323662,-0.795754372758429,0.032434998881909705,-0.06898474701504685,0.5177883205604948,-0.3400466572981104,-0.19930863204648133,0.9711753113486118,-0.07406503476681217,0.01065778307971378,-0.23658183627488333,-0.606816842815758,-0.13493281722795644
31.002,20.223722876531625,21.936511497981673,0.8127101396887055,0.673501745143465,0.020725189177172205,0.022092674050391954,0.7385646752827952,-0.24583224098143605,-0.07616543531975982,0.028505706259535017,0.7900049895931213,-0.5263932273670602,0.019825176386700595,-0.2785356878913689,0.0024951379344072657,-0.01953117616741645,0.5584813355658139,-0.28360376248975133,-0.08112853775378066,-0.04417752408822718,0.4277144841219079,0.03908753633441233,-0.005647620758612361,-0.09039954005425403,0.059160174554474115,-0.8035801599065289,0.11441369972517411,-0.10612978192779593,0.15940888691335536,0.19268508046948335,-0.3099471575576913,0.981402368607708,-0.024608429965562454,-0.02925108813805217,-0.34532452681993464,-0.5190026520156785,-0.004153127038202732
31.052,20.220747265222332,21.95791697150278,0.8144269584811882,0.6721361897516668,0.02096668842879216,0.01986399697424602,0.7398640159020092,-0.28783262379468055,-0.06868005313304774,0.022510660054555962,0.7950841573287993,-0.501815790618166,-0.002723954327742712,-0.2281383751616874,0.002585930253882019,-0.02315291013844409,0.5355265672265382,-0.30591611511360306,-0.07972975198009125,-0.07420443448474343,0.4288572564017343,0.03076335484104434,-0.10552928341921286,-0.04285086719958641,0.09242210583330555,-0.8498685189588541,0.18008017283346847,-0.09983606880080703,0.010665520795775076,0.6903495760482535,-0.4988515086029382,1.0373334426196743,0.02497822697370873,-0.10658414789930418,-0.5703621238609158,-0.37742961532082714,0.05723864933512223
31.102,20.216182959079656,21.979390480302985,0.815714936263733,0.6704544802935248,0.01884162117256907,0.016795541848148424,0.741521201949044,-0.3272950506393131,-0.05897876403222555,0.020380126449894235,0.7829554099385396,-0.46069122942383733,-0.024223460508690897,-0.17537937802792153,0.0050897251349653755,-0.0293442971710151,0.501926559673029,-0.32171232713729614,-0.07608159089222849,-0.10724536975918073,0.4290135310299856,0.018498984089380187,-0.18572763352892277,0.011087453206492275,0.09502582653095629,-0.7159030376074341,0.189930551828914,-0.0029711835758137496,-0.5026981659818092,0.8592207824159259,-0.34205997367281565,1.050293036294104,0.0742392896382825,-0.13444070614421885,-0.7336102432367633,-0.27822876683636877,0.08120054507472385
31.152,20.210031609346114,22.00090410207686,0.8161367701604678,0.6688071283024875,0.01434917537395187,0.0128628097860844,0.7431861640412004,-0.3497010133346494,-0.04786773466289069,0.027747256853782824,0.7179972404974821,-0.3939699160483201,-0.036737363344825455,-0.12228073888798881,0.01082918707622999,-0.03693545266609613,0.46166589168196254,-0.3333950603594979,-0.07118314985576656,-0.1382987833859059,0.4308289766728901,-0.006804323148078243,-0.2827748003765738,0.04482691215142571,0.08112655717268462,-0.14822290986565023,0.23958733851594208,0.3263466630429071,-2.1340124177930337,1.7244954091181108,-0.12577926501556158,1.0378788586552046,0.1538005164340844,-0.15215856111433157,-0.7930761151180591,-0.23493292513156316,0.12619471694036224
31.202,20.20235678871164,22.022226752636758,0.8138516905528772,0.6680246164240117,0.007269058520734434,0.006978461918654272,0.7440709466905849,-0.3400749749303678,-0.0400466410484956,0.04441540977790206,0.5694431863430292,-0.2880952903600124,-0.04284941003097275,-0.08058930642668921,0.022182955346895048,-0.045616003758517785,0.44139335159759246,-0.35234835542227294,-0.06216121655725171,-0.162092268317938,0.42035243758953367,-0.09620985477763745,-0.4993701365926188,0.048386575175362705,-0.00196304553253719,0.4616084118606136,0.07377678400146011,0.1433976841852685,-3.4704532966041817,2.277658719298071,-0.20723165443319497,0.5387630457605832,0.3620896481210562,-0.23953407426034312,0.19662496792680353,-0.5703949078443933,0.23159671806889054
31.252,20.195230185110315,22.04234371184919,0.808658909839725,0.6697926687994251,-0.004827822118668103,-0.005100704673580414,0.7425149532285301,-0.3218256174909426,-0.029803252533082695,0.0171900085889855,0.5011195365744544,-0.16156232498242493,0.015152853117759107,-0.10378170225916694,0.0516664230021014,-0.055412571542062646,0.5498978434610183,-0.36833177470566864,-0.05048529843053611,-0.12923548011352462,0.35187108698806424,-0.03337859794765382,-0.49376077842070115,0.17738314216283832,-0.021407063878818813,-0.40960243266098983,0.2529926691976609,-0.336339255592473,1.6209312193126673,-1.4642180445919735,1.197204216656843,-1.727907435631484,0.38997266495864685,0.17075834778791474,4.462976082822758,-0.09970818693903263,0.5428086623231336
31.302,20.189650990321738,22.060373365353634,0.8090357233023886,0.6699146808066098,-0.011143254000772904,-0.009571823721056543,0.7422927512246794,-0.3185662979383294,-0.022983896342689224,0.00678904601395173,0.5519943379383329,-0.23583620093380903,0.04814704549047587,-0.18946067061309066,0.06642297447440092,-0.020446698404319237,0.7579451185724444,-0.4099727247475375,-0.02774804066244256,-0.08661348866562413,0.38009017955352337,0.029164378635261758,-0.2768627402406122,-0.04765841971087366,-0.045581016550615756,0.47323064879270565,0.19671756989981395,-0.1514687540925918,0.5171224741335518,-1.1619801584467362,0.42144685116220726,-1.4344807082465325,0.27029285959140786,0.7008073998940132,2.9045165373747843,-1.21641880337081,0.3355038941122735
31.352,20.186551136119842,22.080158541320095,0.8109435965112124,0.6703209348608054,-0.014166116242656637,-0.016122732555096497,0.741760893369887,-0.2851245454282778,-0.011617051934249731,-0.0024637516842542905,0.5630794938261985,-0.28151625230226834,0.06407739421718847,-0.25294013725523756,0.07340336396764256,-0.002345255896787578,0.8396867319740589,-0.44430864091139255,-0.011560637621591664,-0.041574235654565264,0.4073495906841881,0.042502945536061223,-0.251233012381238,-0.09670904747338942,-0.023833148533838847,0.792651538674827,0.23555712905628595,-0.18709162776886468,0.008418653055580818,-0.7426172534016859,0.23027046059539674,-1.2236864545902582,0.10051676829943612,0.2637381465453744,0.7409420239003183,-0.14141950947659773,0.3598151687989514
31.402,20.185325046082472,22.10100450709153,0.8128817083950857,0.670665651870973,-0.015643329722349844,-0.020834417516751805,0.7413020954256224,-0.24215552297401066,-0.0015612013140514432,-0.009648251602560774,0.5553915525975532,-0.312397903952138,0.06882665951066248,-0.31732860746372427,0.07688786294488671,0.009674378008524461,0.8536374705533086,-0.4438066089003673,0.007992520668007541,-0.01101078961569866,0.42522967713414966,0.03239389052772857,-0.09688634250415411,-0.06288290625059915,-0.02873082786976614,0.9046812710302621,0.1508367743618626,-0.08498801060329475,-0.2803734261138914,-0.5327425655550424,0.0026022161244665686,-1.3562670523054623,0.022708526641026024,0.2033193877299483,0.02341456115761093,0.08070652027585493,0.37592312972917036
31.452,20.18531614589897,22.122561786065646,0.8141324296334358,0.6718184784973106,-0.015152711837228614,-0.020846155360785316,0.7402673605395629,-0.19575773008711359,0.0028631827163907195,-0.007633502330633304,0.5334109535241152,-0.3328409690183022,0.06529522394176979,-0.3861120609559539,0.07315331350318927,0.014216208752010281,0.8467477434116691,-0.4374747831760106,0.027562029645347284,0.008291639312583627,0.4372550183628516,0.018455732434576516,0.11395616559794756,0.03268425064370375,-0.09408089787345708,0.9493862316857545,0.015211905180737683,0.14967721993618027,-0.5782803539639361,-0.33364099903136035,-0.03143512111965638,-1.3031182739146323,-0.20916169160529846,-0.09953580883487237,-0.3502991151178978,0.16560229578753893,0.3123779840231133
31.502,20.1862469380688,22.14481405996276,0.8145923294943556,0.6740365129371358,-0.013226375675972719,-0.015709477877800835,0.7384125232678762,-0.1481142486741406,-0.00018595580097452815,0.0036010308136729253,0.49894188210763624,-0.3467685762494326,0.06559562965325214,-0.4396859341140967,0.056066254454031274,-0.003573673271531636,0.8146874656379566,-0.42026159784537737,0.03646420832412413,0.029464900296095293,0.45217174721419817,-0.0020839563681864493,0.2776254663617927,0.1332159663025748,-0.127525958804471,0.9323210967642895,-0.126636834244612,0.27656924526796495,-0.747608100578492,-0.2454365774112348,0.040300633620230966,-0.8301424163139611,-0.40146015128725765,-0.5121115880504408,-0.8486733547887225,0.48677137402115767,0.08699960215877435
31.552,20.18828552281643,22.167965630881326,0.8136589161357634,0.6765391704320728,-0.010178550361286226,-0.006667233947408724,0.7363061156714079,-0.10201770953507543,-0.010295088979928368,0.018702378630703335,0.4611035415647439,-0.3585074038459654,0.07018384880745791,-0.4572434753400016,0.033352480580604485,-0.041549220856816955,0.7374547646090692,-0.35829855660183374,0.03805592872787871,0.05183465088992606,0.4724158019450955,-0.04392741809696409,0.41262776566511333,0.1630157776496728,-0.11082426066793327,0.8640263042472306,-0.275189947298424,0.3020707315386387,-0.6296632203657617,-0.29470302586512437,0.09976595883987723,0.15974978523068067,-0.42617046322757884,-0.8863920628267322,-2.3412293132102873,1.9132423502029248,0.02345329918191786
31.602,20.191098305517382,22.191884111016687,0.8090438264483979,0.6769156934731353,-0.002631967636412894,0.006003253468014978,0.7360313699999108,-0.0763571505504636,-0.032713785980981444,0.03939535528705575,0.4702371832072725,-0.3776702838230077,0.06763051924575433,-0.4179297835000989,0.01841352980538902,-0.0676387098065416,0.571551352931775,-0.24684112994545243,0.04281702289041341,0.05018240355835185,0.484533014485081,-0.1458081026414306,0.8305923017321943,0.0376740929684186,0.0883702025790325,0.09675954808489293,-0.7655411029207411,0.393797002207826,1.211879981413611,-0.40634281342512607,-0.21320237010986406,1.3031793053313423,-0.24192392757866465,0.08049143939534598,-3.8880298399969946,2.124796941562731,0.14704392509426684
31.652,20.193775101319584,22.214788371180227,0.8047707556043752,0.6758732440091102,0.008742318902311863,0.01837365976359334,0.7367369534099029,-0.10747148047289391,-0.06288344506338117,0.04658975027318194,0.5996889512304802,-0.38064801879365895,0.048922877526251324,-0.3936497038936365,0.016496584665349114,-0.027260624535641886,0.5475069558013835,-0.15816159300232147,-0.02968231434168983,0.048527575567285396,0.42062971122223947,0.017854140033586083,0.3770457829686713,0.049738882741788684,-0.028730675632755637,-1.1703405557734972,-0.4995947381417153,-0.4056153319465936,3.3625355610446244,-0.7603628339116577,-0.22199904122775954,-0.0012087184066371225,-0.1397429785256028,0.2814786476600123,1.2788755587419829,-1.4850815925763916,-1.1513698252646685
31.702,20.195364663560753,22.23556912450193,0.8072228765428049,0.6747209796107296,0.013502562750100578,0.023002893313937026,0.7375907722928111,-0.1643601248326528,-0.07915598073436249,0.035201496677379936,0.7278304426220983,-0.4754850005335485,0.04156981624121396,-0.37297610316661656,0.009255197427282877,-0.020895223012830172,0.5788991363190675,-0.219727406076205,-0.06518191753812166,0.01776682798356855,0.42066071590575294,0.06338667993158272,0.1844038223442559,-0.094639439649932,0.06671470517404444,-0.9274484639232481,-0.10524968796779124,-0.0295760801903731,1.5790036895911004,-1.8405282998451427,-0.14482143299974415,0.7608584527709631,-0.10459493542169641,0.07627023330062056,0.12185173603850989,-0.9068172862415417,-0.4341809308185817
31.752,20.195426498517893,22.256787829608015,0.8103416876632445,0.6734541584879588,0.018032702961393535,0.02330101216485014,0.73864157808187,-0.2058916205008867,-0.08011839337872342,0.033051071417829835,0.77509859394929,-0.5256552934157978,0.03359194564437357,-0.3274540072328917,0.004861312894305666,-0.018954538800533122,0.573309065887554,-0.2559594324832179,-0.07832667198033266,-0.01416245210478342,0.42573456460276315,0.05680206857485844,0.0865243720116045,-0.12568013802645658,0.06992308032701419,-0.7959971319118225,0.032459228819042105,-0.06850390449303995,0.518332974403488,-0.34002892653147093,-0.19911740004313905,0.9712937090348832,-0.07449486694466549,0.0098119797646428,-0.23647649714531643,-0.607006568331796,-0.13471236157853478
31.802,20.193912722617473,22.27811584192392,0.8127129149822856,0.6722654446929605,0.020694865970257072,0.022128339831194395,0.7396899559751811,-0.24583856324299752,-0.07613915400226673,0.028543102702946216,0.7900223377826293,-0.5264035745495926,0.019853305853220125,-0.27848494109902605,0.002394167583724978,-0.019733600351862814,0.558458786167338,-0.28363526134148975,-0.08111588400706328,-0.04549066698607915,0.42755836197790403,0.039076336039364695,-0.005660355104158669,-0.09037315974033074,0.06052508817902274,-0.803837413643977,0.11422594857864253,-0.10585924925604527,0.1597838277236904,0.19273848005424118,-0.3098907782989413,0.9816424637318747,-0.02510133046074455,-0.030618519009634203,-0.3454215538797523,-0.5191529596919217,-0.004058091291444203
31.852,20.190871436947127,22.299511283058397,0.814429253518725,0.6708716666284866,0.02093923918018766,0.019899260665777185,0.7410106440548797,-0.2878450316358385,-0.06865953636977712,0.02257297367626126,0.7951035484485877,-0.5018191553383525,-0.0026940866208336545,-0.22807244478475094,0.0024660417446728034,-0.0234262531262305,0.5354924764310659,-0.3059533762233225,-0.07971240517253744,-0.07552708825061014,0.42861006573273713,0.030752495277318773,-0.1055502101459443,-0.04276944297005685,0.09385729650999043,-0.8499538630144792,0.17988593215975465,-0.09931515185316553,0.010590752381871052,0.690665873329929,-0.49881103087141804,1.037624273265969,0.024636128399256267,-0.10802548414832439,-0.5706148479920272,-0.37755816295774997,0.05733202226643804
31.902,20.186240246062347,22.32096962634989,0.8157166997801888,0.6691620313427429,0.018818657221651984,0.016829018994253913,0.7426875642350017,-0.32731194156433485,-0.058974085179234026,0.020460814187983935,0.7829717408306872,-0.4606749838338729,-0.024191341316130616,-0.17530139565251915,0.004955627673567888,-0.029683774303114974,0.5018805753468895,-0.3217558494161528,-0.07606094680035196,-0.10859522731687457,0.42865617320569344,0.01848891331350967,-0.18563111019722192,0.011222432107746946,0.09624531680966121,-0.7160401788074345,0.18947389806086298,-0.002876140240466744,-0.5026465014651939,0.8595900035583911,-0.342012819727282,1.0504782210895043,0.07401166733247957,-0.13560240280029176,-0.7338283063680028,-0.2783309820357076,0.08125771735905014
31.952,20.1800204151244,22.34246256413503,0.8161383557602686,0.6674938629092075,0.014332825494159982,0.012893530347141108,0.744365682959046,-0.3497351807844136,-0.04788231813980597,0.027837135918915356,0.718040995815387,-0.39394497739968015,-0.03670601768404481,-0.12219641018875566,0.010688957991072005,-0.03731875855869163,0.4616060723575993,-0.33343824555075763,-0.07116151468754582,-0.1396872662041148,0.43036561455887146,-0.006796100719312756,-0.28258888563443124,0.04497198997530626,0.08178803424479207,-0.14871478124839485,0.239150707136406,0.32633704432454536,-2.1328997423103733,1.7243590404629914,-0.12590690167034932,1.0380334435199605,0.15377888060180483,-0.15269235284460692,-0.7934562314391441,-0.23479263401724576,0.12618932494252136
32.002,20.172275871538076,22.36375892741779,0.8138551074107049,0.6667034727710226,0.00726362096343769,0.00700387245266803,0.7452547651482854,-0.340158397015428,-0.04008933398122944,0.04449008099105076,0.5695858741034899,-0.28809525441119416,-0.04283295127725472,-0.08049858266852877,0.022045763328073488,-0.04598669888659689,0.4413051937833459,-0.3523740647547979,-0.06214380951160172,-0.1634889283613819,0.41979538021210366,-0.09612751563541026,-0.4990749900832663,0.048569762159250414,-0.001865472704240738,0.46034409824698885,0.07311136213027235,0.14307507497649757,-3.4682781711087705,2.277162236550281,-0.20769949123053036,0.5389890304556728,0.36223615646731966,-0.23801057592896246,0.1957764036925326,-0.5697927373691888,0.2314683360382537
32.052,20.16508168878631,22.383852978432703,0.8086641091275902,0.6684823206869807,-0.004813982676340074,-0.005094651147043389,0.743695002692254,-0.32186634176012546,-0.029856438265154394,0.017254903153508423,0.5011585781068142,-0.1615439115930079,0.015100399954497634,-0.1036893550019571,0.05154970381183764,-0.05565724754733863,0.5497917730939151,-0.3683383927305491,-0.050467118492188594,-0.13038588436890483,0.35144669568293385,-0.03345660063298785,-0.49429948491812165,0.1775491324535083,-0.022035418682054216,-0.4077412790526981,0.2537345823303312,-0.3363822121337704,1.617156208380014,-1.4637776502865214,1.1998087073164532,-1.7287571857243083,0.39097237370439286,0.1740968218064751,4.463695928390581,-0.09861978623663732,0.5428450907559149
32.102000000000004,20.159443294317132,22.401861322915206,0.8090358970491883,0.6686110745194026,-0.011130800398486846,-0.009579254546988467,0.7434672650458952,-0.3185947727110587,-0.023009972594942796,0.006855130090831782,0.5519851828317949,-0.235814946816518,0.04814741835571084,-0.18943824939422235,0.06638742769465938,-0.020461347281175983,0.7579585694157743,-0.40990855504675344,-0.027731969421175385,-0.0878840002294922,0.3797375099872875,0.029083245043659514,-0.27698155363300186,-0.04760061615531358,-0.046015876979449546,0.4730798754371204,0.19714517052889627,-0.1511700269181322,0.5173018988977416,-1.1622295772415843,0.42175339783310684,-1.4356476453415283,0.2714774562574824,0.70406883231888,2.9067418594768193,-1.216730337360044,0.3356883565012117
32.152,20.156277029541883,22.421632968227897,0.8109412375018145,0.6690270345297329,-0.014142999679679356,-0.016138442333845298,0.7429282289073754,-0.2851580130427158,-0.01161726105170702,-0.002376342606242837,0.5630843594373621,-0.28149600505660505,0.0640531768024518,-0.2529537669775962,0.07338976209528246,-0.002301120971226195,0.8397492857660122,-0.44426821101609687,-0.011540429281676343,-0.0429523633345576,0.4071478112595063,0.042478783915545305,-0.2513091047237766,-0.09685385971006592,-0.024401053145377088,0.7926961614864282,0.23603274662650814,-0.18657978952702947,0.00865522521841883,-0.7426267080184782,0.22983776031485892,-1.2240373947658458,0.10039130780502435,0.26355637692674144,0.741010640185148,-0.14180096831437303,0.3598418804154393
32.202,20.154980336244638,22.442471159306223,0.8128790763602258,0.6693834866609423,-0.015610095898795034,-0.020856615156476906,0.742460149971623,-0.24218560404642667,-0.0015396446841198035,-0.009532178728906339,0.5554058410118184,-0.31238322449561295,0.06879829085350238,-0.3173503004715258,0.0768660662519792,0.009694275330793032,0.8536844520253001,-0.4437851796598553,0.00801222275418557,-0.01245348390518568,0.4251081519982027,0.032402434967130286,-0.09693440906968533,-0.06301896880305309,-0.029375749270819033,0.9047916645352132,0.15122738131967595,-0.08436772296921724,-0.28031557280232905,-0.5328223174665468,0.00264421647545376,-1.3562980837527758,0.022549452485803086,0.20268236241551985,0.022981835465431536,0.08028447610072202,0.3758902816321499
32.252,20.154899692227364,22.464023682980358,0.8141319073611827,0.6705463845436341,-0.01511804640529966,-0.020869775371187144,0.7414198832809279,-0.1957876493162612,0.002880971271227314,-0.0075102566824187455,0.5334347056005649,-0.3328727669960657,0.06542528428113419,-0.38612644853458206,0.0731289404947866,0.014206556279764571,0.8467632591249078,-0.43746950909342436,0.027572466571969333,0.006850700306974864,0.4371823822096059,0.01854003484753427,0.1139780412475085,0.032631918264941155,-0.09442781495466682,0.9495103965186321,0.01484403334655021,0.14952198757951732,-0.5785127146080309,-0.3343811224182525,-0.027373682363167146,-1.3028275068569852,-0.2094859937088554,-0.1005955278666438,-0.3511517284142441,0.1653568296515066,0.3121819717185068
32.302,20.1557572673226,22.486274137361,0.8145948735357645,0.6727720240997672,-0.013199574276708618,-0.01573160201048013,0.7395647987335532,-0.1481288151148029,-0.00015952473567889402,0.0037289026014842887,0.4989252719486137,-0.3467537547577869,0.06566942402569041,-0.4396891942216689,0.0560433067963463,-0.0036066306844628124,0.814683690622044,-0.4202675350498721,0.03645660358469477,0.02797620570152988,0.4521744053688511,-0.0020389912318676206,0.2775694843219253,0.1331228767258098,-0.12762402554916172,0.9326012734303516,-0.1264113100974319,0.2765117313253896,-0.7483332529229634,-0.24459860979824985,0.037892154526894005,-0.8298850966662542,-0.40123746954485817,-0.5122412296502887,-0.8490048284008935,0.486553697048735,0.08672084949740849
32.352000000000004,20.157719372841814,22.509428514350553,0.813663703524455,0.6752777115224022,-0.010164990830651435,-0.006687565095883333,0.7374631934921019,-0.10201590923499534,-0.010264240425288857,0.018819709443173363,0.4610558349082531,-0.35846641806976737,0.07018483689864319,-0.4572266522198679,0.03334462968028912,-0.04156911401290607,0.7374409268054302,-0.3583138306551009,0.03803894122644311,0.05027280418555934,0.47252223713277475,-0.043881095292465706,0.41257678027001643,0.1628293031952683,-0.1106310640260634,0.8643884864236343,-0.2752431892246791,0.30143968839411944,-0.6302968450467682,-0.29437619652035407,0.09914019949614061,0.16031366890520274,-0.425913485027578,-0.886012020148382,-2.3414660790126964,1.9128838068595262,0.023386021000637615
32.402,20.16045336059231,22.53335314592259,0.8090494273665145,0.6756473234758372,-0.0026399084741265616,0.005991041486744184,0.7371959255076563,-0.07632775642407255,-0.03268551236313376,0.03945590148502878,0.470131905536473,-0.3776374643340242,0.06762408004602481,-0.4178831534695195,0.01841204172742324,-0.06764778660408922,0.5715335044959624,-0.24689183250243849,0.042812904535793915,0.04858609014956055,0.48462348749059,-0.14582340563435725,0.8304183372144572,0.03763962463654801,0.0889870215329395,0.09741873342327582,-0.7655308495289768,0.39269271125383587,1.2102544481380828,-0.4070156397655339,-0.21305956228734735,1.3036831585806785,-0.24206408836269727,0.0804514192078252,-3.8878714232939755,2.123911609656927,0.14748872961667264
32.452,20.16305463859415,22.55626142652038,0.8047764126054802,0.6745865177476862,0.00871079757100833,0.01838048842638615,0.7379155166575194,-0.107435972619113,-0.06285695941476463,0.04660288732099288,0.599544510847836,-0.3806457876356816,0.048925341491898124,-0.3935918563552449,0.016470118876930926,-0.027312388655045865,0.5474679114940701,-0.1581966153099072,-0.029669905669429533,0.04714562165921295,0.4206874408803596,0.017853791227986044,0.377027715336888,0.04979019612233396,-0.02740196580291007,-1.1709250308538728,-0.49949484224690016,-0.40602382938562714,3.3634339846336685,-0.7603100505145525,-0.22126609208115963,-0.0010144671829558187,-0.14046545766278581,0.2802997822179617,1.278324167168952,-1.484082798246276,-1.1511829798776958
32.502,20.164575684354514,22.577042222174814,0.8072278654481249,0.6734035303554292,0.013463064782576,0.02301817964707451,0.7387940136446955,-0.16436193235536092,-0.0791201064497965,0.035219755640124736,0.7277629498637045,-0.47549292996027337,0.04161316433237286,-0.3729146804876298,0.009185803070768167,-0.02101758422658446,0.5788543835061314,-0.21974327299134666,-0.06515988445067504,0.016377210317078308,0.42062196654262146,0.06336190956730318,0.18437837550094677,-0.09465397640327568,0.0684979724196565,-0.9280649467011841,-0.10500259596859532,-0.029263407400273434,1.5805571331380437,-1.840943183787536,-0.14421601741989393,0.7609390463407408,-0.10549108723649658,0.07465075379671068,0.12197122682667734,-0.9068499492676313,-0.43402280797132153
32.552,20.164567609603463,22.598256775335184,0.8103458195143695,0.6720986139109181,0.017993538349580212,0.023322262735536968,0.7398755015660267,-0.20591094811422075,-0.08006887651088539,0.03309776190852457,0.7750915461954648,-0.5256782213765011,0.03365239530632824,-0.32738086314884646,0.004748369636754185,-0.019167747784205658,0.57326299421552,-0.2559808841084284,-0.0782983888022685,-0.015588435019423627,0.42560997672537515,0.05679360566649341,0.08657060839424668,-0.12573062612619582,0.07164063459190999,-0.7959807804988959,0.03252065024926181,-0.06769244065981218,0.5190941028852428,-0.3401219011090021,-0.19890852808625065,0.9715448242574479,-0.07522294335853001,0.008378104638168779,-0.23651771487789636,-0.6071408326648179,-0.13444132585483343
32.602000000000004,20.162982140929277,22.61957598110124,0.8127169591565888,0.6708714492892988,0.020659244957941487,0.02215349172833567,0.7409547333882726,-0.245860071576359,-0.0760993404756512,0.028605286948027067,0.790058728937157,-0.5264269677905218,0.01991873459665236,-0.27839454593684687,0.0022413563524275224,-0.020039583607257806,0.5584028212264357,-0.2836626333172434,-0.08107632527518734,-0.046928421723130394,0.4273329866548936,0.03907850379739566,-0.005688387313333634,-0.090327608280403,0.06277357483185413,-0.8038666972825775,0.11405743299215582,-0.10543546626426527,0.16030390553204457,0.1927318163521968,-0.3098595548059656,0.9820506330834079,-0.025928314421681014,-0.032818749843014486,-0.345746014387452,-0.5192632620853798,-0.0039302940568922
32.652,20.15986872171442,22.64095806399157,0.8144333737773245,0.6694320991980155,0.020906479128132902,0.01992377133602493,0.7423116778210843,-0.2878597011700735,-0.06862169137232034,0.022670456538704423,0.7951434882789932,-0.5018373034565745,-0.0026285292476247142,-0.2279573869555211,0.002279601765097492,-0.023846544060214116,0.5354121014170903,-0.30598492404991545,-0.07966489341652346,-0.07698650030856596,0.4282962312698447,0.030748441369372936,-0.10557538388676173,-0.042630933661355244,0.09620961698564454,-0.8497992556407746,0.17976566555844647,-0.09858115013500172,0.010497483098366176,0.6910042362698812,-0.49879953407645083,1.038080579631045,0.024022487008108676,-0.11033522082693396,-0.5711005936221288,-0.3776770188237687,0.05752435916839109
32.702,20.155163258518208,22.66239775007524,0.8157203833527077,0.6676777342077389,0.01879048731482016,0.016852545950890287,0.7440224139934671,-0.32732265388252324,-0.058950840219638936,0.020583954898815163,0.783008565359113,-0.460670103741262,-0.024125438567606072,-0.17516831619933054,0.004742878814009672,-0.030210968235022794,0.501779357406035,-0.3217938700306354,-0.07600407390779376,-0.11010316801852883,0.4282239688797114,0.018476404752602205,-0.18548234234762334,0.01145189261046064,0.09828104907380382,-0.7161038251866219,0.18897702052779922,-0.0027440583506692403,-0.5025451906958996,0.8600583492420949,-0.34201010013774163,1.0507326762669043,0.07357181888573791,-0.13751129630968575,-0.7341709042812209,-0.27844316318338924,0.08144587446999706
32.752,20.148866467135747,22.683865829647022,0.8161416778519786,0.6659750016742786,0.01431137730947687,0.012916184570680077,0.7457249183181346,-0.34976806153607565,-0.04787989067481222,0.027973780715127558,0.7181148627404949,-0.39392569895784546,-0.03664896346047642,-0.1220567930196496,0.010462453915856233,-0.0379216536061947,0.4614861172398438,-0.33347509525976937,-0.071099515764813,-0.14125589652840523,0.4298092962931015,-0.006790172221769687,-0.2823291643981675,0.04526417904165956,0.08303795810632278,-0.14950410047551724,0.23863700026343845,0.3263335136135651,-2.131349763219228,1.7242997575476964,-0.12632696286123837,1.038146886847536,0.15366973707608686,-0.15372944405731273,-0.7939429774129524,-0.23459288406625553,0.12621224891804964
32.802,20.141042562263817,22.70513090654399,0.81386053975705,0.6651685368008127,0.007253887717850636,0.007023060993495061,0.7466249897890658,-0.3402660866782834,-0.04012480005172639,0.04460317070419539,0.5697990684807108,-0.2881049382382805,-0.04280971783956723,-0.08035123693089005,0.021821073014773,-0.04657939735863964,0.44114410804595605,-0.35238921864660105,-0.06208940405129664,-0.16509303881694318,0.4191343997780945,-0.09603402402663519,-0.49863141183130916,0.048871870443572926,-0.0015055250658872006,0.45839580410263414,0.07211416393920475,0.14251955831535498,-3.4651481714663714,2.276575857605888,-0.20860999889105547,0.5393971065391714,0.3624110603577039,-0.23572137634194545,0.19436738346209154,-0.569185235090261,0.23121446771535514
32.852000000000004,20.133770441446412,22.725197601945638,0.8086707932782855,0.6669574794374451,-0.004802792005211649,-0.005095523112598648,0.7450628761759724,-0.3219315565820428,-0.029915196065463043,0.017343265740509026,0.5012412498379069,-0.1615179891085501,0.0150179594705862,-0.10353737074440715,0.05135286738000542,-0.05605452716191461,0.549594887952378,-0.36834649080985765,-0.05041168672296055,-0.1317002542884148,0.35092892851656093,-0.03357976156215171,-0.49503754728153443,0.17789723595249393,-0.022700659875767082,-0.4054688193592041,0.25460692717887623,-0.33664377759298353,1.6121630844351138,-1.4635674582556206,1.2038278431008684,-1.730086421032623,0.3926275621349171,0.17959982841815944,4.464704903426188,-0.09752277313003667,0.5429160985640942
32.902,20.12806420150316,22.74317932421978,0.8090352033518323,0.6670913102978479,-0.011123518448626588,-0.009593756789064854,0.7448311291112194,-0.3186512242903159,-0.023042043869473127,0.006937351403318514,0.552002619309423,-0.23579295838270833,0.04815179260671479,-0.18939237720402224,0.06632088807935914,-0.020493656610097978,0.7579492342164265,-0.4098181309414635,-0.027703844536935203,-0.08934928780313471,0.3792890750017446,0.028964635756111825,-0.27704647570145374,-0.047473564810403546,-0.0464049645427519,0.47278356635436436,0.19750742430877138,-0.15086778925805827,0.5174875320809744,-1.1625737411828279,0.422354611814949,-1.4373909500235205,0.2733921902365844,0.7091276118214433,2.9103143875099624,-1.2172810675973231,0.335653865226797
32.952,20.124821252446065,22.7629333646939,0.8109370092729501,0.6675169698432738,-0.014122662410574867,-0.016161126022301773,0.7442852029856434,-0.2852236559476106,-0.011622865052057986,-0.002269857778909557,0.5631161724500413,-0.2814711663157071,0.06402640529234165,-0.2529605273279563,0.07336181779012795,-0.0022445000741366655,0.8398269187077262,-0.44422030282638997,-0.011517591299139913,-0.04454582425728789,0.4068772496623435,0.04244901226480687,-0.25135313318502905,-0.09704532453824878,-0.024993535166175338,0.792733346342829,0.2365293004489431,-0.18600939370558744,0.008885481332809064,-0.7425249301411636,0.22924595145783264,-1.2245121113252722,0.10034919258329326,0.26328584567189856,0.7413737605260379,-0.14244334048326562,0.35975045496637165
33.002,20.123442883961474,22.783760657082983,0.8128748109450317,0.6678860815706837,-0.015576697953495262,-0.020887034764456285,0.7438072870735877,-0.24224700417224135,-0.001521886623582333,-0.009393661559379115,0.5554470968305741,-0.312361622718113,0.06876799581167585,-0.31736583408277197,0.07683379640401466,0.00971653037925097,0.8537482805148057,-0.44376509399005665,0.008030804514678002,-0.014123376001245606,0.4249276851541485,0.03242209868775431,-0.09697520499949598,-0.06323401626986003,-0.0300750496739523,0.9049399157698526,0.15165348198527817,-0.08368392200653046,-0.2802804580549408,-0.5328620949567269,0.0027336706700216,-1.356282141339365,0.022470164584534748,0.20180838880063157,0.022463210999026057,0.07974189955742135,0.3758040802104142
33.052,20.123279490818874,22.8053058036511,0.8141298723652409,0.6690600326285399,-0.015082198817621349,-0.020903766368892136,0.7427612217728639,-0.1958410534583277,0.0029159842869252452,-0.007351860278964761,0.5334674571980277,-0.332850230005633,0.06540997829985243,-0.3861306444791219,0.0731067305159138,0.014195918997132465,0.8467895828227132,-0.4374691480253415,0.027577527792407703,0.005186388451529984,0.43706691651873714,0.01860819609206057,0.1139475180073869,0.032446900536174224,-0.09482839684218673,0.9498093851965117,0.015073233924832133,0.14980054972655735,-0.578970845375139,-0.33435511039281585,-0.027015800997083568,-1.3024395393018964,-0.2092667170172971,-0.10119322793048477,-0.35198752107278397,0.1650839838930699,0.31180467394025885
33.102000000000004,20.124052427140718,22.827552874849072,0.814596981771915,0.671293481986709,-0.013170865095838815,-0.01576590855179745,0.7409068939362916,-0.14816214594384414,-0.0001178183434080636,0.003889056338225347,0.4989232539949408,-0.34672160933733753,0.06565995889919411,-0.43967193181096526,0.05603693678406015,-0.003634882915567395,0.814681229094714,-0.4202784286616832,0.03645002318957113,0.026257917927785895,0.45215536061703104,-0.0019488281354098276,0.2775115680918226,0.13293346015881086,-0.127651540076345,0.9330158519157321,-0.12634520893800463,0.2763126194583396,-0.7491551654816149,-0.2442180408269015,0.037664495989160114,-0.8294771156473277,-0.4008469927549908,-0.5123514608080929,-0.8493149533189954,0.4863408753494647,0.0865844441635764
33.152,20.125926544434588,22.850709093430662,0.8136706411059847,0.6737989791340843,-0.010152167886027078,-0.006720439526029129,0.7388143913715103,-0.10203098458880787,-0.010222789611728287,0.01895466519058044,0.4610136160454012,-0.3584093687638544,0.07016478471111359,-0.45718336439408797,0.03336001163085488,-0.04158369972388732,0.7374238562399121,-0.3583412531391985,0.038023623427734465,0.048476787108743306,0.47261472255658526,-0.04378149930730898,0.41247173365454626,0.16263726257992386,-0.11014694180639312,0.8647711114048264,-0.2753603614528217,0.3003437937540993,-0.6312205272694434,-0.29385383925037123,0.09906340692554308,0.16097997033976438,-0.42553627141161926,-0.8855440048566737,-2.3418173075560738,1.912375163879381,0.02322334709552543
33.202,20.128569877367422,22.874639111911836,0.8090591587252947,0.6741549924582942,-0.0026544323967721073,0.005967326063792133,0.738561027371371,-0.07631067930759414,-0.03264792535662862,0.0395039370842087,0.4700048655855992,-0.37758553150469504,0.06761470183463013,-0.41780689485341876,0.01843436731133653,-0.06765414000819135,0.5715121848296196,-0.24696349140483825,0.04281121970328013,0.04674709182080021,0.48468730824772316,-0.14581166859325892,0.8301332004950749,0.03768278128536605,0.09004850341631276,0.098235021628543,-0.765492606146907,0.3911343413232774,1.2078263090924484,-0.40780563713594425,-0.21255393665254063,1.3041905072559652,-0.2423570619098993,0.0801737547896405,-3.8876015079368136,2.1228667844586644,0.1480674331880939
33.252,20.13108380811117,22.897550486734772,0.8047863220953145,0.6730642573268939,0.008668330505762541,0.018380353515458043,0.7393047600008305,-0.10740974586219026,-0.06282399688433872,0.04659459776340204,0.599354194207732,-0.3806336486665136,0.048937155268834034,-0.39348863266680956,0.01644821279138981,-0.027389543683913373,0.547394558728102,-0.15824942227815328,-0.029656421898336425,0.04555040251354945,0.4207271966727106,0.017836521624573665,0.3770650339784818,0.04986427338267149,-0.02531133124935843,-1.1716901335938752,-0.49922858853097474,-0.4060424579895091,3.364607225960604,-0.7600121156647739,-0.22033640673616428,-0.0005848829447679029,-0.14164552533759503,0.2784967597498184,1.2773165043429235,-1.482602567785638,-1.1508557216175095
33.302,20.132525839524874,22.918329815585913,0.8072359407662801,0.6718339005238124,0.01341177514156858,0.023028984556437235,0.7402222640969474,-0.16438726503915257,-0.07906563930930294,0.03523802804286149,0.7276813862810707,-0.4754930919495567,0.04168217702598088,-0.3728055716694885,0.00909578685475759,-0.021203273639125556,0.578773657558844,-0.2197703244403888,-0.06512770553374907,0.014773543243836068,0.4205474438272006,0.06330979705006438,0.1843799206063028,-0.09466460855169151,0.07126622213628055,-0.9289097818588969,-0.10451621402281702,-0.02861093581454796,1.58277304327702,-1.8416265556103146,-0.14336398792784164,0.7610233494245785,-0.1069084838912987,0.07216193425718705,0.12225550476865166,-0.906978571766875,-0.43373737550240227
33.352000000000004,20.132436927890176,22.939538145862556,0.8103520716510632,0.6704695983768935,0.017943147760905272,0.023340452238927962,0.7413526720731768,-0.20596067945414281,-0.07998999518607677,0.033163475818428934,0.7750972812632502,-0.5257037298050931,0.03374476677619932,-0.3272556655274883,0.004587791113379454,-0.01949582525345783,0.5731842454213614,-0.25601986203908395,-0.07825520840343772,-0.01723933444079129,0.4254402722059365,0.05677409595909741,0.08662030288873004,-0.125781021395109,0.07457301885248432,-0.7959807618231016,0.032725191874793176,-0.0664891261372948,0.5202187386083278,-0.3403176709697881,-0.19861854149318797,0.971968691419724,-0.07648640069618437,0.005842069243248389,-0.23658719721484095,-0.6074090256022847,-0.13401995135206474
33.402,20.13076783195756,22.960845904678827,0.8127228296642777,0.6691820376480409,0.02061376349629119,0.022176959792166176,0.7424814177460003,-0.24591063113066916,-0.0760326453067542,0.028699193337567274,0.7901244821765357,-0.5264554296013929,0.020018187766110623,-0.2782433651040334,0.002016176018367884,-0.0205125091527156,0.55831064352821,-0.2837130137274384,-0.08101455601342382,-0.04860933095877532,0.4270470564739163,0.0390780377562965,-0.005688156831350358,-0.09023889147917409,0.06626611134910536,-0.8038613484363327,0.11379674984055099,-0.10474260342203051,0.16103487462078223,0.19267714420544052,-0.30981232635409195,0.9826619241885557,-0.02725043531172107,-0.03618958966755551,-0.34621190086695525,-0.5194678171678954,-0.0037227820530347064
33.452,20.12756958118106,22.98221137966746,0.8144394506814724,0.6676714033630533,0.020865629961849853,0.019948314214666918,0.7438962208382951,-0.2878981197341902,-0.06856277131784791,0.022822644777034114,0.7952138207506751,-0.5018592843011003,-0.0025284795312409897,-0.22776886135613225,0.001994063310194603,-0.024496503536555924,0.5352853353216918,-0.306044566387373,-0.07958792645971041,-0.07870737926375344,0.4279107303111008,0.030748678117689797,-0.10551835674397952,-0.04240391332951662,0.09989838145767832,-0.8495225161475821,0.1795395946407619,-0.09731431430431092,0.01036127093486158,0.6915328092978051,-0.4987435354170076,1.038799951798624,0.02294446854577331,-0.11388771487486367,-0.571858984715242,-0.37787383960256865,0.05784919909384076
33.502,20.12277621552398,23.00362820588525,0.8157260665327098,0.6658479393597939,0.01875553441892237,0.01687851749843694,0.7456606917533147,-0.3273541231262918,-0.05891703620198958,0.020777675435485907,0.7830752188998561,-0.4606556464963678,-0.024022868406850018,-0.1749510757662105,0.00441209352509698,-0.031026037712635242,0.5016181362004957,-0.3218630618553347,-0.07591221206668672,-0.11189486867329425,0.4276941570493648,0.018460804853823676,-0.18520296260446065,0.011831817128200015,0.10146590333905665,-0.716201531632387,0.18816091390798265,-0.0025379576200541894,-0.5023546255793003,0.8607984985472555,-0.3419811637863013,1.0511420173536346,0.0728221726800445,-0.14047624120898175,-0.7347565243773965,-0.27860024868495553,0.08173498910000576
33.552,20.11638759791237,23.025065744716926,0.8161468352513235,0.6640916982248299,0.014284497276388669,0.012944608451903124,0.7474025733153778,-0.349834154362323,-0.04787889326944124,0.028190078877058777,0.7182417964111981,-0.3938901235209192,-0.03655873045138375,-0.12182822517886567,0.010107713690193625,-0.03885571407261339,0.46129292873880556,-0.33354178134438034,-0.07099996770698644,-0.14313522601753825,0.4291258627412154,-0.006784801733796574,-0.2819094484547968,0.045732059854757055,0.08503314217315447,-0.15073591663480257,0.23786731644625733,0.32639537244633254,-2.128882818912332,1.7241796441679482,-0.12692412894556074,1.038345983198027,0.15346376841764972,-0.15539741706176202,-0.7947369569994492,-0.23428328274734161,0.12624000408744065
33.602000000000004,20.108468114419782,23.04629223549434,0.8138688926092655,0.6632593447328496,0.007241120423132072,0.007050749918801517,0.748321384650439,-0.34044881019991935,-0.040180001134786814,0.04478693129644582,0.5701449664732781,-0.28811435126002927,-0.04276841427164542,-0.08011052845714517,0.02146867876909084,-0.047500760480843486,0.4408875699609635,-0.35242005367068746,-0.06200178813927865,-0.16703645917036006,0.4183205669970569,-0.09588188569955462,-0.4979790717558047,0.049342197247158326,-0.0008610881842302776,0.4553728397958826,0.07064508190112166,0.14173002000828033,-3.4602368999989634,2.275690029660643,-0.20993887066152667,0.5399940220515279,0.3627013958101765,-0.2322821054385769,0.1922856377720329,-0.5680912501346341,0.23083364345153476
33.652,20.101104718518474,23.066330836911657,0.808666780508496,0.6650710773868421,-0.004801894242443871,-0.005115123701558445,0.7467471053473895,-0.3218727956773089,-0.02999650420838168,0.017469523350632832,0.5011261031976303,-0.1616475749490581,0.015926674943346084,-0.10327501192507517,0.05110815551541678,-0.056679947640992434,0.5493032193826078,-0.368419095144057,-0.05034600972916665,-0.13315222932173498,0.3502053923199403,-0.034155202052770825,-0.4968844606573667,0.17899673755593823,-0.02327623261259012,-0.40435411902621693,0.25627995869306575,-0.33859965764008343,1.6078554357233867,-1.4657745992958646,1.210118533718556,-1.733308064157423,0.3949136262917885,0.18645497006802744,4.466819437671468,-0.09657953429241026,0.5419311168167897
33.702,20.095317645561458,23.084271320665422,0.8090197535181212,0.6652003179246236,-0.011125421986155308,-0.009607533245887132,0.7465202323604753,-0.31876878866035646,-0.02311021657560739,0.007032213411266239,0.5520610846250781,-0.2358435291771174,0.04845806996142068,-0.1893378062310495,0.06623520942293998,-0.02044651664571928,0.7579200550445989,-0.40968276960062544,-0.027713033635682848,-0.0911377233534848,0.37864009026940365,0.02890724393910874,-0.2760576702882864,-0.04758474653731065,-0.04702822344611073,0.471456483937957,0.19745435516418336,-0.1498642496704119,0.5196528015907739,-1.1611683607195622,0.41325177156514536,-1.440758891690343,0.2755701916553244,0.7189368001664903,2.917418399272893,-1.2162800632622053,0.33451289120700606
33.752,20.09198354703668,23.104000366269972,0.8109228331098962,0.6656389769861375,-0.014093052127840679,-0.016180240423855543,0.7459653732033383,-0.28534877584515456,-0.011666470863833921,-0.002129451684760596,0.5632048885814761,-0.28146537468543714,0.06405952849134876,-0.25299805302680206,0.0732850971225824,-0.0021078265721671038,0.8399549381252708,-0.44415063663230014,-0.011505132883338239,-0.04642145731390535,0.4065003015037327,0.042520641131015946,-0.25114450392628357,-0.09767800319160506,-0.025865418379400745,0.7933823899159119,0.23721520997940165,-0.18501837963477333,0.008753455145625767,-0.7420710702004182,0.22701926766114727,-1.225199503672135,0.09943146575660798,0.26118625913384225,0.7421156776607232,-0.14384167780701984,0.3604693142540908
33.802,20.09050968095706,23.124812165277035,0.8128650242061998,0.6660266390807631,-0.0155242931656461,-0.020919007214397187,0.7454729421606479,-0.24234022678789388,-0.0015261075994119984,-0.009206388189148198,0.5555211117963244,-0.3123433903944223,0.06877207956752213,-0.31741114964019723,0.07672853053814532,0.009741130679463741,0.8538505362825277,-0.44375034937658747,0.008062507349941662,-0.01607144624744103,0.4246658253352458,0.03251773789198952,-0.09704917507995454,-0.06368489889213758,-0.03109851520768158,0.9055500012107559,0.15244889408318082,-0.0828032321645395,-0.2807642642463404,-0.5326186898702591,0.002733075180965449,-1.3561598113211224,0.022257934578467885,0.19990929487545184,0.02155123099288945,0.07886933219615277,0.3759470498990137
33.852000000000004,20.090248573639055,23.14634664451641,0.8141258598409402,0.6672168193649636,-0.015024624201581621,-0.02094334762344799,0.744417458698025,-0.19590553673535557,0.0029445577846730904,-0.007140405232914127,0.5335061214174225,-0.33281701396521957,0.06541925765342686,-0.38615493914980464,0.07301835706200327,0.01416748125217772,0.8468311644311468,-0.4374809666418113,0.027604842432945472,0.003212761939204249,0.436896529676298,0.018741227917453775,0.11386518094851156,0.032123637572828226,-0.09538908842652236,0.9504470928273835,0.015548277978750939,0.15007997135018775,-0.5799674151860955,-0.33396267208104075,-0.0269254681007848,-1.3018720482539974,-0.20870321971013775,-0.10170792941371709,-0.35312790905787805,0.16478710903474875,0.3115565925456008
33.902,20.09092089231425,23.168588174852637,0.8145999195109571,0.6694599097798055,-0.013121881728096248,-0.015807206686228557,0.7425640562499014,-0.14819542447387504,-7.258740224546555e-05,0.004099184087650406,0.4989048094365685,-0.3466611291324229,0.06565830195137758,-0.439665362924192,0.055981565933543,-0.003674335567910365,0.8146838766341334,-0.4203035180614826,0.03646558818739255,0.024211094139338883,0.4521052857340498,-0.00181215850604875,0.27741810523802624,0.13268916604280132,-0.1276278415549151,0.9335455629165326,-0.12612262211700218,0.27597486096332646,-0.7503156970288651,-0.24353806491784152,0.037012440444596804,-0.8288239135383285,-0.4001628656098803,-0.5123531758340607,-0.8498070195591152,0.48608421732420093,0.08634429418348273
33.952,20.09268999321454,23.191745422503992,0.8136802124402641,0.6719618064223642,-0.010122843655736385,-0.0067601581784243955,0.7404857588146562,-0.10204664557249286,-0.010173989572841867,0.019124242084023895,0.4609490769876459,-0.358313441876604,0.07014284533298203,-0.4571260287736561,0.03333908053740095,-0.041599098896708826,0.7373888442074354,-0.3583834484460343,0.038025190403810374,0.046330094912067944,0.4727047959645103,-0.043657832283251395,0.4123526450821531,0.16238897162062071,-0.10925777427114786,0.8650352550927007,-0.27548359309982,0.29869576095272604,-0.6320760576734544,-0.293246043647486,0.09902011481761606,0.16239639381210175,-0.4249279729180135,-0.8847123934382538,-2.3429632044988424,1.9118280153655969,0.02311180038236321
34.002,20.09522469777937,23.21568075705562,0.8090707908187543,0.6722926065793257,-0.0026579990507975704,0.005939764247324246,0.7402569184955374,-0.07630051646856334,-0.032607427077115954,0.039543120929480244,0.46985525999084277,-0.3775061363597394,0.06760153069869448,-0.41767244845492313,0.018424344480568976,-0.06763793628878507,0.5714314047626047,-0.2470692010890507,0.042853224580051426,0.044536695498199025,0.4847341586806664,-0.14586192029518966,0.8298715629022345,0.03772261179546848,0.09195542653332642,0.09891860129143457,-0.7655966628823423,0.38864093662091037,1.2052848469957227,-0.4092092106290503,-0.21218736078858233,1.3055701161371953,-0.24284729339356928,0.08041324258224924,-3.8878825931606116,2.1210897095331926,0.14947755354962355
34.052,20.097634108056628,23.238592733397077,0.8047978193324524,0.6711552648336889,0.008625895359717735,0.01838047452102303,0.7410387051778373,-0.10739300854944292,-0.06277620820752314,0.04655792751215404,0.5991123821622477,-0.380635070022575,0.048947119024017625,-0.3933517157256765,0.016379045688949788,-0.027479170535071065,0.547305353792082,-0.15831895129348805,-0.029568319051448497,0.04364274737263082,0.42071325473750676,0.017844546852745762,0.37689056393942105,0.050040829806262094,-0.021925224071645072,-1.1725016129344585,-0.4984638246422869,-0.4058084479324603,3.3652061033178304,-0.7618074299417281,-0.21822500673179746,-0.0004423315831548619,-0.14327939794199412,0.2752991652901729,1.2766667452407643,-1.480793890469826,-1.1512362581441564
34.102000000000004,20.098980799178975,23.25936780078198,0.8072471395872948,0.6698467903842448,0.013356232534551659,0.023040264298142175,0.7420215864012855,-0.1644214602465685,-0.07897325530300359,0.03526413206963032,0.7275298655027324,-0.4755388226429667,0.041805883497275674,-0.3726567535366825,0.00892364300425456,-0.021480044090474916,0.5786733322646129,-0.2198066148731947,-0.06504733964700492,0.012825073415578989,0.4204127736908963,0.06328666097921642,0.1842631614980828,-0.09469811135012732,0.07589078419663405,-0.9297517487983883,-0.10386645670618669,-0.027629912144109623,1.5851945289144633,-1.8420395600385542,-0.14164460705144216,0.7614623741007602,-0.10913519147164989,0.06791653215579692,0.12226135749249081,-0.907089839394535,-0.4336819548723812
34.152,20.098792937469774,23.280566547118543,0.8103628301705463,0.6683866791374907,0.01788839479107111,0.02335807824090165,0.7432318969636919,-0.20601347438120993,-0.07986407713094294,0.03327237482797517,0.7750620970432607,-0.5257641839362017,0.033915267022138124,-0.32706686042703015,0.00430583958467906,-0.020006209829413545,0.5730658772653914,-0.25606760814815166,-0.07816788679383986,-0.01925987611508894,0.42519274044226785,0.056779835151105136,0.08651880112048924,-0.12587040437957375,0.07969832905234267,-0.7959118114760119,0.032923935007444366,-0.06489046572586735,0.5223511710830546,-0.3402358221405126,-0.19814829018305008,0.972985100433467,-0.07861434786283229,0.0011185463694379483,-0.2371732601828329,-0.6076923378047702,-0.13352790105719944
34.202,20.097020799708712,23.301858301190926,0.8127342802967641,0.6669967680760139,0.020564221586836462,0.022198596074963627,0.744445865391823,-0.245957175145021,-0.07592588338750816,0.02886024885762821,0.7901910490503975,-0.5265140091868699,0.02019664223990532,-0.2780007952342922,0.0016288133946794037,-0.021274650215052,0.5581541844502055,-0.28377412344637243,-0.08090141367913413,-0.05068553732331767,0.42665868645278743,0.03909633633261511,-0.00578284644439359,-0.09010182338807707,0.0721639290972357,-0.803630417092977,0.11345159846657425,-0.1032747080264951,0.1622054024666847,0.19258603957573933,-0.309852886392323,0.9838455929090427,-0.0294006543004358,-0.04191300604118287,-0.34721309228792774,-0.5197404142891358,-0.0034163204145297283
34.252,20.093717431823553,23.323201588676817,0.8144517651319645,0.6653663863419489,0.020820157675280882,0.01996996629775516,0.7459593108251275,-0.28791930869838184,-0.06846755554303584,0.023084396919346203,0.7952963143086734,-0.5019077993827329,-0.002353974901190793,-0.22745925199089628,0.0015082819810827539,-0.025559912702230368,0.5350639126155773,-0.30611921466450526,-0.07945062154063394,-0.08084867904397887,0.42740107072586647,0.03075416438514073,-0.10551497187813155,-0.04200288314191023,0.10614146243420318,-0.8490044843789022,0.1791957542412126,-0.09522532480175969,0.010289467846009488,0.6923682930794347,-0.4987213777008874,1.0400602375939243,0.021191567060176157,-0.11993925392111969,-0.5732257762805133,-0.37817834827048286,0.05838781972019386
34.302,20.08881403127779,23.344588287219718,0.8157377638110765,0.6634264623260772,0.01871499947105908,0.016903005946435814,0.7478163987706332,-0.3273653689466626,-0.058859560697234185,0.021107629232971877,0.7831618929335267,-0.46064534446762445,-0.023845311445174325,-0.1745916590177477,0.003853180018694783,-0.032372767201519756,0.5013352548705762,-0.3219528035640119,-0.07574910777253246,-0.11415160605394227,0.42699525046660886,0.018433296082221343,-0.1848375424960376,0.012519556108758365,0.10692724819598765,-0.7164665862669882,0.18692041901876974,-0.0021968833400912774,-0.501882174256743,0.8620254626449245,-0.34192397986128437,1.0518357958370115,0.07161497028421988,-0.14560817235845191,-0.735804376127847,-0.27884590922512176,0.08224495147327195
34.352000000000004,20.082308899807806,23.36598561349434,0.8161575213448415,0.6615785644886146,0.014252039925966633,0.012975542691272449,0.7496281195759665,-0.34990727912793357,-0.04786974052645006,0.02855806255202456,0.7184325817784356,-0.39384222573551025,-0.03639965012523372,-0.12144688905614708,0.009510392196136863,-0.040411976119665995,0.4609530189632324,-0.33362749619583965,-0.07082272030741169,-0.1455370806485286,0.4282278197514584,-0.006780352761522855,-0.281297562761393,0.04651884099889624,0.08858035148640683,-0.15287043674504164,0.23672265411358892,0.32654287466566284,-2.124766011682375,1.724098181710308,-0.12786960322677565,1.0387644080533067,0.1531436536644369,-0.15842197269945094,-0.7961323687205336,-0.23378924486975822,0.12630433749965958
34.402,20.074266149399104,23.387161065096233,0.8138846116648084,0.6606991313246603,0.007225768054943466,0.007085178022856245,0.7505826046447122,-0.340722817196496,-0.04025935932650266,0.04510261333671717,0.5707023588413749,-0.2881368905445715,-0.04268775151325366,-0.07970462850056682,0.02087693995814609,-0.049043529356947446,0.44043808155648423,-0.35244800541398347,-0.06184456600458673,-0.16957050887216474,0.41724202507611374,-0.09563937697292338,-0.4969304731995018,0.05014214988791355,0.00044090499436137904,0.45015119189996633,0.06823744664634575,0.1404599248304794,-3.4519503473343778,2.2742214107868692,-0.21206532123341207,0.5411296267935137,0.3631943700388166,-0.22664487808234218,0.1886078870436561,-0.5663926510888129,0.23015771677013347
34.452,20.066764477868027,23.407088899798808,0.8086388321781897,0.6624681294045637,-0.004792461345233399,-0.005140445807809399,0.7490571311017402,-0.3240006490865506,-0.030009033668190705,0.018173318273032143,0.4991582796689145,-0.1626942615174207,0.009831877003391653,-0.10307137358643094,0.05069712606381105,-0.05740504746480101,0.5490514744968712,-0.3685186519571209,-0.05015852426626569,-0.1363174867173733,0.3484895033780509,-0.03354242827034038,-0.4971587086172693,0.17024346356872727,-0.022968462496793657,-0.44571745337663526,0.2554301741902901,-0.3319174944868488,1.670092083040114,-1.3142700898042647,1.2627070973560863,-1.718574199499996,0.3944381870666715,0.18713063160432086,4.4390160808602195,-0.06625744216420394,0.5417230974842895
34.502,20.060841514527233,23.424943508395735,0.8089782884846819,0.6626027489445747,-0.01108112442157634,-0.009857032858600179,0.7488241747405529,-0.3216923749460778,-0.02299781133377683,0.007826034635790943,0.551456367839806,-0.23308808059345051,0.04706545621084089,-0.18875607348465423,0.06606723416952902,-0.02173692398664068,0.756875812372832,-0.4092274070661923,-0.02755141784852084,-0.09432323432802589,0.3767808172242812,0.02823522465258318,-0.2795791546911673,-0.05095619209361872,-0.04598806497667153,0.4603152540174418,0.19727423778251968,-0.1503870400752091,0.5404549243140598,-1.135368464595287,0.47084220738709204,-1.4324022409070034,0.2700079339396438,0.6956370650871582,2.8983218295449347,-1.2201222693539613,0.3345673049946684
34.552,20.057325804475873,23.44456951428101,0.8108428944524677,0.6630921680851467,-0.014010437651135289,-0.016486807660169907,0.7482250125691736,-0.28884920941972986,-0.011600784406351723,-0.0011774519561532537,0.5636605803146455,-0.2783652840492992,0.06432879609668411,-0.2521532505686904,0.0729016125402299,-0.003874730105259389,0.8389187518935288,-0.443913397559684,-0.011922817899110415,-0.050367164648913124,0.4044785700114192,0.0421421115988967,-0.25031929604892605,-0.09869506006381565,-0.02943423197350558,0.7844978047636935,0.23419205578316524,-0.18170178502664197,0.024896935360120994,-0.7416886860479863,0.246632738767029,-1.218254453342413,0.09382567058678955,0.2550729280727637,0.7492650392122825,-0.14825586546682212,0.34728059022260793
34.602000000000004,20.05565387919024,23.465297224999308,0.8128049703559849,0.6635279002176581,-0.01537345531987485,-0.021241398679323953,0.7476919054573342,-0.24608095045368372,-0.0016510151282278724,-0.008182298477914166,0.5565438511282339,-0.3094690202427221,0.06965859564112274,-0.316071958873648,0.07629595000549307,0.008039536257801594,0.8531915518937474,-0.4433832293511286,0.007274674727412117,-0.01998460519519183,0.4234349979703335,0.03366693349549317,-0.09627613141641339,-0.06671685287340189,-0.03213936384870274,0.9059457716307691,0.1484130765789587,-0.08403962852680079,-0.2759483325081818,-0.5373878339167946,0.007191064030537418,-1.3440190927586793,0.024398752057312716,0.20430399297375532,0.026963840239760162,0.08633779090221672,0.37294132463437507
34.652,20.055204114094117,23.48679809161693,0.8141535574358378,0.6647246434904689,-0.014792375508014863,-0.021331866534193323,0.7466373185379004,-0.19935252916274926,0.002697486798052138,-0.006244412345772873,0.5343999168591447,-0.3299626567842535,0.06606199237095321,-0.3844293743929811,0.07304787345873576,0.013164159768803944,0.8466971400398917,-0.43661545391254486,0.027051358319849957,-0.00034563808956553554,0.4366688403449009,0.020838067203889005,0.11284523662264306,0.02720902226265099,-0.09495079255934287,0.9599462993259399,0.016931114229438254,0.1477328541222753,-0.588629095300809,-0.3252937091855425,-0.052543633192367954,-1.2994372297003582,-0.1911578750863746,-0.07764556917219566,-0.337175882371264,0.16807165531194837,0.32339980034418714
34.702,20.05568829157187,23.509036541946834,0.8147417859239949,0.6669663944885965,-0.01283701947504383,-0.01628272563591293,0.7447992430177037,-0.15115468204296365,-0.00033692487856254384,0.0048302991936241,0.4993383641330046,-0.3436560917558394,0.0658146890532044,-0.43794433847760755,0.05674605451154448,-0.0036606225307200643,0.8150673080449269,-0.4198451110982813,0.03627547453819625,0.020266496601661473,0.4520748171162977,0.0004168534711406239,0.2760769776158269,0.1289369100786964,-0.12692563104750929,0.9427474725291631,-0.12595078649963876,0.2730191666252607,-0.7607731354997189,-0.24066881434893492,0.022527403596335448,-0.8294457527208643,-0.3918059471434151,-0.5017099957797604,-0.8467929906362046,0.47170349311067833,0.0877321067746363
34.752,20.05724742702612,23.532194756677857,0.8139483066437092,0.6694594062102689,-0.00983521749208981,-0.007299044865854122,0.7427476663561609,-0.10455574822106233,-0.010458076601718522,0.019700104247714158,0.46073775791282817,-0.35499951145461267,0.06984738380775858,-0.4553415248107218,0.0342565027676861,-0.041214508309542965,0.7377296270120923,-0.3589721136721479,0.03759651284682423,0.04196679937186008,0.4728740990579258,-0.04071793213932276,0.4103561314849693,0.16025707607582498,-0.10936498154177546,0.877187635362118,-0.2769814099354248,0.28939396732300526,-0.6540875038619511,-0.28437667191538923,0.09522695193368007,0.16411113471568883,-0.4259926584480157,-0.8808855484943448,-2.340716555418163,1.88373917046194,0.016163069850616798
34.802,20.059582051098975,23.55613264658374,0.8094515552147212,0.6698479972274776,-0.0025717561488202505,0.005281992154257037,0.7424750145557295,-0.07735003265788382,-0.03271731188806461,0.039124417416964534,0.4665032482221896,-0.3745754838266526,0.06774241466697856,-0.41610362973818493,0.019241159372622038,-0.06789485132214537,0.5726588468869107,-0.24922462952903063,0.04224701566651491,0.04097807398986469,0.4840523457083614,-0.1443040782175536,0.8148196268810375,0.04413151052358585,0.08896615943223368,0.14015148238881314,-0.7505360871378924,0.3899881519372823,1.1063508301684388,-0.4368912966016433,-0.18938364034426922,1.2936942719784674,-0.24837557541493974,0.044282196991300225,-3.8637328949804814,2.0956595983969724,0.14717792047636843
34.852000000000004,20.061779267960972,23.579123909610882,0.8049426800685665,0.668270801750824,0.008929852312013946,0.017944907669710578,0.7436480172458757,-0.10667017252432966,-0.06378065129762271,0.046387466266594436,0.5928531032581038,-0.37918601998506807,0.049801539546124096,-0.38990765459181903,0.017125365629828474,-0.02640791081829531,0.5448111272788903,-0.1530530213056268,-0.030087876726913706,0.04040063749849586,0.42256605165103,0.01301262894160072,0.38988720304166885,0.044072361106588596,-0.007908531980275413,-1.1436201302682345,-0.4833385129188877,-0.3308135127773254,3.341330402749887,-0.6334341444870777,-0.23350453718531736,-0.01890830036936503,-0.15362944166743087,0.2894137780893505,1.355335406702435,-1.6244418763173398,-1.14512845880644
34.902,20.063013706582524,23.59994939955535,0.8072975790955151,0.6668338329224834,0.013613556149715603,0.022613310331122533,0.7447388458746708,-0.16340880453971338,-0.07929893672731148,0.036219559520608915,0.7234022137442663,-0.4722313798709215,0.04199368826836532,-0.36984248949842663,0.009779620652482085,-0.020466652288223766,0.5782870439923661,-0.21988430390148073,-0.06520880984061213,0.010539856157324785,0.42123535834370435,0.06258819998743927,0.1808261681171117,-0.09241536464501707,0.08171706121938183,-0.9300897392113665,-0.09733601778932346,-0.026830394977295308,1.6458137384623306,-1.8744875424614882,-0.15467234259192975,0.7578054335596682,-0.10573599052112392,0.06276866684362445,0.13516491239553421,-0.9568262086761179,-0.43246480933083675
34.952,20.06270520191205,23.62115653058225,0.8103879307841312,0.6652218695504833,0.01799804924688679,0.023023674425959685,0.7460736189619591,-0.20563269982081048,-0.08019832712935572,0.03351308057403692,0.7742534134921402,-0.5239953287905925,0.033676172741876634,-0.3245791158562281,0.005153011586484184,-0.019330001939763204,0.5728868061022102,-0.2573222120856278,-0.07821279576252949,-0.021767968369775292,0.42520435664760975,0.05638692499329053,0.08657078333507752,-0.118633586321951,0.08756714451950377,-0.8097027584069196,0.033086367458785564,-0.07941668210839654,0.5767417289706316,-0.3655343716519178,-0.20126179640441044,0.9669174857482398,-0.08089325084305207,-0.005673246064787472,-0.23791918745161716,-0.6146615756967997,-0.13400973629991506
35.002,20.06080323025551,23.642442186660205,0.8127365412215438,0.6636685210920129,0.020576416032059293,0.022027153379958014,0.7474192329133581,-0.24621916773715113,-0.07611487179225643,0.02875884302175979,0.7911256346200526,-0.5254905928261301,0.019964591698470518,-0.27584586776420544,0.0022647737558796023,-0.020918764101190913,0.5579504716074913,-0.2851037480072697,-0.08097709093968189,-0.053332120158486214,0.42643828776949516,0.038606027748929406,-0.0029158089539307627,-0.08307240395651132,0.08104328363383238,-0.815010737982467,0.11847666184778906,-0.10300980993929001,0.18042697317372197,0.17762718810897138,-0.30748776924202925,0.9771802318241438,-0.035002278266260844,-0.04867167958121851,-0.3468601820493277,-0.5200769582038951,-0.00305903627281305
35.052,20.05736531939852,23.663772503872288,0.8144340425675578,0.6618502392474066,0.020783176451900406,0.01995045244331939,0.7490823051120795,-0.2886701794586216,-0.06841542163592448,0.02323225297732819,0.7966929048917032,-0.5013943106713324,-0.0023519026956097438,-0.22554546457127664,0.0018627879032292714,-0.025571121632983952,0.5348276711085228,-0.3074552465655485,-0.07945849349040007,-0.08364305675667169,0.4270469581355737,0.030443365099100915,-0.10223659596914185,-0.03655164884823912,0.11574166625334094,-0.8575085303565151,0.18172809417875005,-0.08838792590644196,0.012424699759066325,0.6887401626388371,-0.49315525306576874,1.0363273083461952,0.01538601763369812,-0.12753928933832814,-0.5744943753520919,-0.3781921332220088,0.05944151763329634
35.102000000000004,20.05231566031376,23.68513401418749,0.8157066140939102,0.6597247527311859,0.01866907754744195,0.017011612466324932,0.7510827658910822,-0.32846335813031147,-0.05887348384401972,0.02150331105178019,0.7845476065872398,-0.4601378710593449,-0.02365329488068992,-0.17281312149105715,0.003928940237629993,-0.03274666843731754,0.5010292739855579,-0.3233086997070607,-0.0757884586181715,-0.11717895961168856,0.4263133002349975,0.018171384574889343,-0.18109370547251216,0.016516517600667597,0.11533253977833882,-0.7219963135527145,0.18195429727191356,-0.0007438004268104971,-0.5030875370175326,0.8632469091975321,-0.3398284152598834,1.0496630393439692,0.06648530001028714,-0.1521254043030826,-0.7370657671672598,-0.27957054181887325,0.08052414271785738
35.152,20.045654989809908,23.706483865828396,0.8161120953796475,0.6577443974228713,0.014214579636326424,0.013199594511852342,0.7529913838081479,-0.351287571095868,-0.04810027956270063,0.029195946797756167,0.7199263196470095,-0.39338532511364654,-0.03614687446129888,-0.11981138447155641,0.009372551702727036,-0.04102354930903078,0.4605879745472885,-0.3349991888905753,-0.07095485817182938,-0.14872098303043402,0.4270297623177027,-0.007066090311283005,-0.27740384397011764,0.05058358151965096,0.09316512780327968,-0.1586948848913774,0.23171574775847353,0.3309239111748761,-2.1187616383068937,1.7203669233968153,-0.12580492610150992,1.0353596211710525,0.14955776094690285,-0.1616773570569093,-0.7969300012211029,-0.23360495709952855,0.12481299556620097
35.202,20.037454026396137,23.727587098711886,0.8138451068295817,0.6568074294026006,0.00719852433359877,0.007396379719010234,0.7539877157460981,-0.3424037723883155,-0.04072119577356111,0.045934008649739094,0.572619033576537,-0.2879016601969222,-0.04226449084794536,-0.07838108730044116,0.02062349400652954,-0.049720994844319286,0.4402748298524177,-0.353591510221099,-0.06201751618042113,-0.1725932687867674,0.4158189665386995,-0.09434811277806471,-0.4960289294109789,0.05307832833454756,0.0020457788117985774,0.4462388178264,0.0661707531908003,0.1446256104000889,-3.4442258138125488,2.2716890857559506,-0.2073546057089352,0.5295868251852787,0.36350580511514485,-0.2268401638291539,0.20408391695400258,-0.5493938866316911,0.23129170311701092
35.252,20.029816818858446,23.747499079690368,0.8086118711256494,0.658636719786202,-0.004849001959041228,-0.0049965645352020825,0.7524288623332566,-0.32440724230695384,-0.030478939277389455,0.01894210104170822,0.498759523793388,-0.1619684723492323,0.014579314146759333,-0.10229127875724571,0.050869607003175575,-0.05790286365803397,0.5499681245772889,-0.36875988270675697,-0.05042239294046578,-0.13805252409105076,0.3478215547882317,-0.03475415041311457,-0.5062316214986401,0.17258167667664645,-0.02425605994954314,-0.43715303788515364,0.26668211258945557,-0.3407842611955849,1.6514644169085984,-1.3206621309880449,1.2495163077345128,-1.7351544009369302,0.40197653428799623,0.18632231042120026,4.460809806190046,-0.04056569004868994,0.5335477702432094
35.302,20.023766558282606,23.765300670666093,0.8089347018439793,0.6587677884768117,-0.011166689172161848,-0.009747150081846262,0.7522003050940517,-0.3223639205670792,-0.023189886820338287,0.008386353187899832,0.551460837742581,-0.23277943192994777,0.04844957777583822,-0.18860977842814078,0.0664112336934685,-0.021249609232818795,0.7580797358798994,-0.408856718570769,-0.027802784733039383,-0.09745504831985831,0.3760225663654676,0.028201249705076543,-0.27827133835796036,-0.05305236309770725,-0.049120272674430275,0.4599248565538986,0.20076085184026896,-0.14831729504090013,0.5480788994102541,-1.1416826873481882,0.4259464596754456,-1.4425140006566533,0.27189337721924695,0.7191613395323004,2.9061172997832956,-1.2142995196022996,0.33406219608371696
35.352000000000004,20.020091693418497,23.78489900276941,0.8108043952049707,0.6592983129396277,-0.01401561014706391,-0.016438984066854172,0.7515710592019992,-0.28944709719669887,-0.011586716846048853,-0.0005436966782578062,0.5638796134297348,-0.2782305221359306,0.06445701976730014,-0.2522836137935671,0.07302217191691243,-0.0033068991760008297,0.8398366583358275,-0.4435842918293781,-0.011953732386653745,-0.053677672435735624,0.4040532503141372,0.04229483768599011,-0.2509230472409049,-0.10174890522887932,-0.03228902353344643,0.7874308792361955,0.23847490260039442,-0.17924656622326635,0.02723308469327287,-0.7445029762669831,0.23535799651719866,-1.2218514735265718,0.08688851430215075,0.24850414448176006,0.7400001952152248,-0.1506169687008413,0.3524198286842495
35.402,20.018250349214956,23.805604708309865,0.8127723255418144,0.6597970136096509,-0.01531978682827368,-0.02125750326501356,0.7509868996981636,-0.24656567601600343,-0.0014262176357730957,-0.0073987551233853956,0.5568540964116658,-0.3094204885862333,0.06955816493975328,-0.3163458492126166,0.07614168159592995,0.008289386683764754,0.8536527619326475,-0.4432024335797565,0.007426817001456571,-0.023467602477144134,0.42296106565948105,0.033766038990090064,-0.09694176542907748,-0.06864027419725623,-0.03603923548553715,0.9076839508560322,0.1523036862070864,-0.08039369470270241,-0.2746686900967448,-0.5385674139656977,0.006284944320250138,-1.3463958851427946,0.020707410759714932,0.19974457896397332,0.020132354578518367,0.08292298290904936,0.3751948443849615
35.452,20.017626671468825,23.82707731137454,0.8141298619253172,0.6610461038565875,-0.014731958739609497,-0.0213726003852291,0.749896146089906,-0.19982290142169862,0.0030742764105620877,-0.005351381563658042,0.5347345156755081,-0.3299001178857898,0.06590702933551937,-0.3847385995337795,0.07278302677739781,0.013217710018533644,0.8467069244328169,-0.43661312694884946,0.027284912839974185,-0.0037151103901320883,0.4357423199019645,0.02105950391935849,0.11199109947629801,0.02879350246278955,-0.0956461190536764,0.9556684991509652,0.01930496819530561,0.14798639831716429,-0.5869530519680222,-0.3231577711177671,-0.053100271071104245,-1.3007306838476542,-0.1918875405646064,-0.08128414541831622,-0.3508950770199653,0.16350393032402935,0.3281524010004309
35.502,20.017959579521214,23.849218786094998,0.8147306358334878,0.663242417418448,-0.01295225593363236,-0.016247882638467877,0.7481161280930452,-0.1523901983814774,0.00017199153856362287,0.005561211424689933,0.5000672915247819,-0.3433746350372608,0.06574084179857631,-0.438596147509725,0.05668905072586013,-0.0036217501546390992,0.8141276970784173,-0.4198495584707978,0.03670641948107392,0.01753058298234139,0.44909593353517235,0.0007449503212070593,0.2736068654493935,0.13867311636973184,-0.12018729795370457,0.9179362779387156,-0.12390828004035986,0.26588628086749877,-0.7472769591944965,-0.2340469118344415,0.026786858073156335,-0.8418312246621257,-0.3845388409709743,-0.49982644140075344,-0.8689663551997776,0.476289415686739,0.09012449842013859
35.552,20.019401848389126,23.872160107235292,0.8139436175150679,0.6655286651325819,-0.010277664446931074,-0.007105504664961964,0.7462676981511501,-0.10756627620701519,-0.009830294004931604,0.019830542242636796,0.46265261207867164,-0.3544961634715836,0.06972052497248371,-0.4569632169346228,0.034787766784762315,-0.04094131869667091,0.7353942644485335,-0.3570151344787536,0.03806516304405522,0.0399534368045628,0.4672653317001312,-0.040912504321118516,0.40716564383857384,0.17352352484939834,-0.09205512405532533,0.8303251600847148,-0.2731752039052065,0.2788208569605204,-0.6153636096628604,-0.28316846409032265,0.08375796881472913,0.13904919930985582,-0.4117040143761584,-0.8753811475416545,-2.377424678395831,1.9727982687143224,0.01299648508501818
35.602000000000004,20.021625870122527,23.89577245921392,0.8094713780938815,0.6655390428706724,-0.0032457784894585223,0.005754570185687739,0.74633379412885,-0.08374976185501151,-0.032102628023333704,0.03900308257116825,0.47246677928861314,-0.37338587562239467,0.06638052160808465,-0.4189282462906159,0.020427684930848473,-0.06668866932592568,0.5674871148676385,-0.2391192307699229,0.042519520276002365,0.03865784247773487,0.47736651562035276,-0.14338059279182983,0.8223831368380324,0.04993452801223902,0.11433881933668767,0.05987255847066489,-0.7616781359795959,0.35658388884599523,1.220096205166014,-0.41074754131372,-0.22360983080673605,1.2734093477523447,-0.2356433011827612,0.08149703852480152,-3.9205292189940417,2.29640354957948,0.15049309465957897
35.652,20.02370834409436,23.91823367857611,0.8049872258476453,0.6639867604548183,0.007656233390548917,0.018789390389201212,0.7474690112906271,-0.11696051508378914,-0.0627864107636161,0.04560404233558989,0.601904757979095,-0.3777544452637942,0.046704875143323527,-0.39479276773489147,0.018131892036420884,-0.02651931927456475,0.5398729335762718,-0.14870073080848834,-0.03661263480750032,0.038855336250857145,0.40561831425316647,0.013613528246173377,0.3760736285216708,0.0918188166855325,-0.00879241438281438,-1.255041937424537,-0.49302292017307353,-0.4336934203440347,3.394735590745045,-0.7080853457654859,-0.3124663240666126,-0.09620658150180234,-0.1536544154380027,0.265103994901156,1.3324592160571342,-1.541736679947896,-1.025714341565374
35.702,20.024868462460198,23.938040171822813,0.8072652207371782,0.6623322492866438,0.011586356411142522,0.024139764085449517,0.7487316072464878,-0.17750229862794484,-0.07733004955951944,0.03433278356849657,0.7304786070782503,-0.4696986331745174,0.03653387886971281,-0.37937780351112893,0.010004213927562122,-0.021446115220543904,0.574231032584106,-0.21091208481342283,-0.06695106983801534,0.009330138524355167,0.3965953338418885,0.05963292813369426,0.18660068804906108,-0.056327642691987895,0.09661095755425927,-0.9902221593888288,-0.0698415108983306,-0.03202717188708398,1.5804520414745657,-1.801552575405936,-0.1861267409090585,0.6512536338437834,-0.1273873349032833,0.04467979610052676,0.1795378142322702,-0.8946139883553518,-0.37936688888790776
35.752,20.024524900776832,23.957723476386136,0.8101545494736324,0.660520345434155,0.015381514428056449,0.025331351528564566,0.7502230367771855,-0.2216740874862913,-0.07669285913327972,0.032336887961969145,0.7764307824352215,-0.5186722970618673,0.025812698387075905,-0.3404789635038503,0.004425747162017401,-0.02100316487149474,0.5720974335553162,-0.24619951654740252,-0.07826022209808384,-0.0215019643487805,0.3890995527564294,0.05155042467383173,0.09088826930027688,-0.07976796785620259,0.09776359414931474,-0.8294540206633048,0.06250645169209405,-0.06898507656173872,0.4570688343578814,-0.3134668510861677,-0.2622073080079124,0.8231068963586123,-0.09823983416789116,-0.02478892702333853,-0.15719640484570907,-0.5804519706917468,-0.11033408892963073
35.802,20.022695010119786,23.97686750802525,0.812244532469351,0.6587184534514406,0.017295031102505923,0.0249876474245579,0.7517755638871826,-0.2619203810409743,-0.07187604154160868,0.02683850700671262,0.7867839971146297,-0.5180502365944609,0.008650160039350185,-0.2996625862328422,0.0008271016945861831,-0.02378569017671757,0.561891633156926,-0.27237547031458587,-0.08044678686707896,-0.05058183335975969,0.3767872937422796,0.03330412878537257,-0.005750758967486121,-0.04669644039026593,0.09480026953487374,-0.7867730828177347,0.12359769325923027,-0.1317143990626453,0.054890140648139324,0.22313600758150448,-0.376911773415509,0.8039513005391469,-0.04500739203762566,-0.07752731261027465,-0.2394930746865525,-0.48748505870133585,-0.004433488824400356
35.852000000000004,20.019472826170496,23.995267354562582,0.8136826772330411,0.656618390115795,0.016712381631055328,0.02343529438555681,0.7536735188654446,-0.3019225151312074,-0.06462083816615397,0.019030407932336728,0.7866367853642126,-0.49169295673295266,-0.018475072064450055,-0.25936670505163095,0.0001124896559060748,-0.030069164256953006,0.5452777749854905,-0.29300959535358895,-0.08021980562492248,-0.07788149771983482,0.3601500952052088,0.026023013112645335,-0.11039021126819352,0.001208456750997451,0.12723840308861697,-0.78176723062399,0.16402257461034342,-0.14063616941926932,-0.10180350340363378,0.7181899985066005,-0.6029536349455208,0.8157914258130595,0.012657843801480145,-0.1616263260656383,-0.42613563169864627,-0.34325682183291745,0.010829011253581036
35.902,20.01478500442281,24.012862550291104,0.8148573853118464,0.6542727536913805,0.013856436296726015,0.020838043908306774,0.7558445203058148,-0.336314487245578,-0.05572924249007031,0.015673925245687805,0.7687176594106155,-0.4508906640692525,-0.04445171772921195,-0.21819527535267702,0.0021966212656498426,-0.038847170251428344,0.5193704364252204,-0.3070919670126359,-0.07886161314826358,-0.10846025411692867,0.34360164881084554,0.019168979933931057,-0.19433789655871017,0.04507549085924018,0.12283754016390094,-0.5957783542178214,0.1821566382483934,-0.006157774634304057,-0.5959836774875353,0.8297413065890451,-0.41141742404847553,0.8127816994927488,0.0714965544710701,-0.18274084041025185,-0.5802079179890708,-0.23655867473502604,0.044297358478335054
35.952,20.008606884572632,24.029750295433335,0.8155231779052138,0.652184387719053,0.008735838307737595,0.017102631138364143,0.7578170686601948,-0.3530493927065156,-0.04488378879388595,0.022251000015231236,0.702132754778883,-0.38696895557949806,-0.058910143947215894,-0.17707953621627945,0.008091302589474918,-0.048332983970580674,0.48643159269636216,-0.3162969444827534,-0.07491790520512911,-0.13818867801673626,0.3321468508057644,0.0026790248342704113,-0.29579375445132966,0.07260705989469095,0.09417272585535537,-0.06316349270981789,0.2368103135687112,0.279773773925749,-2.084319097654829,1.6578433420078873,-0.1532808234942972,0.7993046465963453,0.16241491186214366,-0.18406544908455452,-0.6635996657249577,-0.17022464354659325,0.1187495369510548
36.002,20.000936067692344,24.045946742946615,0.8139939021684588,0.6511439429736572,0.001276309754543594,0.01125929567657252,0.7588696626055076,-0.3412367938174252,-0.03666790820090205,0.03541032075813583,0.5600131032813243,-0.27963276396991227,-0.06885005318575918,-0.1443868840817683,0.020134956848932014,-0.0563813815716388,0.4668181492783052,-0.33105330244442066,-0.06608775395021686,-0.1632781187571299,0.31465803375043594,-0.07927253486716541,-0.486515003963629,0.06642752237755047,0.006439665961657999,0.44930373154007164,0.08250257203835112,0.08191049054429297,-3.265908383079042,2.4333399760867542,-0.32267856128512273,0.44657764189303034,0.37161705778961696,-0.13755618771436126,0.032576190443646014,-0.507106191894674,0.23244700015164343
36.052,19.993646466832303,24.060585886524343,0.8098539853752547,0.6520095271560636,-0.009667266788472316,0.0009595388234414792,0.7581485340853824,-0.3263354640526062,-0.027699361181037663,0.01600353637978426,0.49359363717495014,-0.17007104915052762,0.0038173324621045284,-0.1612758403821849,0.04635341386911583,-0.06011628486779052,0.543396466937585,-0.3468608956469909,-0.05154171288939769,-0.12244418213921912,0.24159420100156234,-0.014630671499897992,-0.43776308574335604,0.20041886145041568,0.017348488703151466,-0.40801948984419073,0.21481475139872838,-0.2670553497644748,1.2153649587713429,-1.2079096351293848,1.452494684703224,-1.4919332825012197,0.5311669636293121,0.6426362945186351,3.5267611851346543,-0.0920655619407501,0.6515049338158247
36.102000000000004,19.988748389258145,24.07288030094929,0.8106145402087445,0.6521881391763624,-0.016110075122420492,-0.0033985438551824994,0.7578783190571485,-0.3275313580467091,-0.018897083679698633,0.007566798441410543,0.5320143979830032,-0.2233662335082454,0.04058259667505988,-0.23943763928819933,0.0694714562661651,-0.012218703058320329,0.732329802387499,-0.3877456500729157,-0.031870780490905255,-0.07190326762968166,0.26425806572888677,0.03782943963601912,-0.28062282951846457,-0.048950167791928026,-0.037257576762475,0.3715517497870795,0.22966786012754206,-0.15308812256808144,0.3164237441131309,-0.788847126553121,0.4232588110457311,-1.2250410323987697,0.3234457545817035,0.6497719197824476,2.70487411831993,-1.4528138291223693,0.3895874976170263
36.152,19.98632640387547,24.08662942148297,0.812861683458714,0.6526216145099893,-0.018869282179544738,-0.009764000452208222,0.7573860592587999,-0.30128244447379343,-0.0062265074176400355,-0.0005803654730503027,0.5362256126124596,-0.2532578380903966,0.054862269964644,-0.2911472272639009,0.07743284895501405,0.005854954844342187,0.8091082487535124,-0.43126037274714285,-0.0117775966330634,-0.028370521490340514,0.2808047297110936,0.04631972570869364,-0.23630906954266426,-0.08279980078554075,-0.01909759982284355,0.5897915998401565,0.25675841175015224,-0.16152175473469768,-0.0560527434023192,-0.46605353476890615,0.180015616764405,-0.9461900392557271,0.06143451387703522,0.22204639429675824,0.6568957839681124,-0.3090906156506074,0.3924701290762067
36.202,19.985776673825693,24.10070561724627,0.8148502843252634,0.6528311543039368,-0.020495770171769515,-0.01378839870133291,0.7571005794717821,-0.2718966640183728,0.004605768882875094,-0.006504564736171424,0.5294456966472154,-0.27244373088593826,0.05929566906904598,-0.33952571964658496,0.07759484258450985,0.015459661573381115,0.8195247117426823,-0.4358882333167161,0.00708588815384528,0.003586322629985053,0.2804860019693592,0.031414081820971405,-0.08499509172278318,-0.024249962259944257,-0.019244907814719974,0.5687914016307986,0.16608694504216992,-0.06322612173233325,-0.18940855175611723,-0.32427221051439004,0.022887644849282077,-0.9993380787457303,-0.04865872873070277,0.1559321916891208,-0.03697897716487888,-0.00626186444073075,0.3361665380873196
36.252,19.986576041156212,24.114531895821134,0.8159943662504652,0.6534015610892011,-0.02054954824724298,-0.013050184155910772,0.7566199896424401,-0.244931717502343,0.00901489348760941,-0.005098157981069402,0.5161963427657765,-0.2847204637973767,0.059882351039246766,-0.38733708145532886,0.0690036691996873,0.015312291868072984,0.8079498765055516,-0.4356518557923488,0.022452838639197448,0.027059870462988616,0.27375489720579377,0.016025820237816443,0.11789432372681927,0.06211107742514373,-0.03650173356009047,0.519215697818352,0.013427234327759734,0.10849928909791272,-0.339771176320822,-0.18315057601671786,0.0202389245471751,-0.8544743622403302,-0.2961738252619272,-0.18818435032465755,-0.4339029866297896,0.028156372211089395,0.2163658014926127
36.302,19.988615425330753,24.12821310109734,0.8164696063161908,0.6543374629602301,-0.018964695890365334,-0.0075131713564491305,0.7559274946267824,-0.21956953411025987,0.005996051207804935,0.0033286102596536567,0.49577506025288554,-0.2917697871819527,0.062251303366687494,-0.419684480823344,0.05057232938342458,-0.002235753062558423,0.77546705713478,-0.4252353975584226,0.02943825670873943,0.054603286630238834,0.27423151980065485,0.0018600570889543827,0.2888373070058673,0.12947543632505354,-0.048038962809226426,0.4882846473403679,-0.12443512342951003,0.21343481372320158,-0.4478044600153123,-0.12053153253926,0.06969842999542324,-0.4422960838265086,-0.377355754119918,-0.42097106812423557,-0.7981785203728996,0.35398510358576785,0.09121824499824897
36.352000000000004,19.992284478786278,24.142879067471316,0.8160722379166642,0.6482533406133447,-0.014756681789252516,0.0007818481020994424,0.7612813116317484,-0.1955426643675119,-0.012416226014218339,-0.006112589364466953,0.47486154791166296,-0.29861541503264954,0.0733353913393647,-0.4011993940551999,0.028503774648805803,-0.031313654480394304,0.6864096882470998,-0.38903481931312756,0.03615245940748088,0.08345281832593468,0.3042281874788798,-0.029467483467913783,0.4742671673869872,0.07505862530599006,0.4746476878629685,0.43498888458267204,-0.5339763556745065,-0.26827813306205417,-0.3139960077121688,-0.19244133857795714,0.28256568371182744,0.9263216946171109,-0.334838315597728,-0.29982087129128404,-2.6814492462716437,1.5465100208516245,0.10124043658556549
36.402,19.996447462973897,24.15833876420078,0.8115974396940809,0.6375404702120889,-0.0050838403160769026,0.013934795612311158,0.7702740582939505,-0.18112181303137384,-0.04893791589987835,-0.020466766707927176,0.47847556930707447,-0.3169756781685009,0.06660609712414234,-0.33544159437724574,0.011482742297124383,-0.029224272407564717,0.5219390466498927,-0.26753975256313606,0.038978351187132866,0.08355339280249792,0.3008217664442921,-0.13045480624782563,0.7125503444119028,0.024405074469536544,0.5809210849646772,0.1408494859101079,-0.7875617945458266,-0.2733543219416096,0.4005662609415894,-0.510223942118054,-0.4770825261134604,0.759503342965723,-0.24005797010208155,0.5644277986813078,-1.6543760161351464,4.964226907664313,-1.2459926833526036
36.452,20.000150855815054,24.172824321201844,0.810271261150238,0.6274772877773678,0.0016048026837364553,0.02192401613547966,0.7783244923863029,-0.1898144263135262,-0.06135068643758563,0.005405609102557463,0.5346552045846762,-0.33725551680019455,0.06871306739766561,-0.3248759739020544,-0.00398331088653309,-0.03273468807884632,0.5414918184415008,-0.2381403371384433,-0.02294242556325769,0.056338164242313256,0.2771451938054683,0.031922895873213286,0.22569192909994834,0.01295121227976092,0.597175917531879,-0.7463729118233785,-0.02001161310100459,0.801656663604805,2.430023636010252,-1.7676118012673092,0.30612025604616594,0.27693136002614366,-0.32356347999095203,-0.4005127845441462,0.5532111728264065,-1.0861086522293628,-0.9164548896180083
36.502,20.00162065602794,24.18679985158169,0.8123528562360826,0.61552472599638,0.005094560743762053,0.024635868169464024,0.7877159584123243,-0.23284262714356724,-0.0651129738528404,0.025206841797518954,0.6596586369044366,-0.4341426074144115,0.06727331936915806,-0.2975478982543642,-0.01943140166851787,-0.054812564824183944,0.5471182022465546,-0.27642866335904454,-0.052547263447767,0.006223717799207497,0.28659809041155065,0.04302552596647404,0.12100187034050047,-0.07406188949116801,0.601717636058452,-0.7655505287989792,-0.08296164823415615,0.09542929056490171,2.0087502742756755,-1.5485352356870976,-0.24165707198103245,0.7353365475162293,-0.29031500317790865,-0.462200534844223,-0.14697042977776034,-0.5633699551424225,-0.3507977375986218
36.552,20.00096980582645,24.201327846335015,0.8141677375934055,0.603016777456145,0.007960014181371442,0.024946568603466265,0.7972986096786768,-0.2685272787561909,-0.06511907982070611,0.025741767496861252,0.7339554515757312,-0.4817167596512936,0.042920495850296156,-0.2576108863068578,-0.033319045156966993,-0.08162786246607698,0.5343152936239228,-0.30000203228195926,-0.061795507803840334,-0.031399473759246996,0.29361407288250757,0.029953281776585124,0.038587267922290086,-0.054652480690792045,0.6545832351462142,-0.6489389282974751,0.07128240873946962,-0.005955804633602488,0.9659469672202795,-0.37484058941122544,-0.576258513231291,0.8313192326003417,-0.2676731482410182,-0.5877167496866811,-0.32320695445045633,-0.4164381690554004,-0.05029351257275144
36.602000000000004,19.998378014961567,24.216092116660278,0.8153539089053417,0.5896008917326129,0.009075663402593933,0.024415182380525074,0.8072746246917681,-0.299215777022623,-0.05916891124562301,0.025770088047510506,0.7637536629168832,-0.4833911481742983,0.014957538046388203,-0.21537860711586676,-0.04552473758479082,-0.11268592919203986,0.5156116489320397,-0.31933988979253286,-0.06067859587736269,-0.07137869858113505,0.29591885346551255,0.018668139787874044,-0.024577853463474002,-0.008326233438923651,0.678724029645774,-0.600314688284388,0.1433428421778047,0.01020087139895714,0.3448024606915412,0.1781862999359666,-0.505507643761037,0.8519220100476481,-0.22011779507343457,-0.6416242257844444,-0.41954113831875095,-0.36066053548200455,0.0745175862067681
36.652,19.993791400987647,24.230918963303925,0.8162424903800325,0.5751444460714157,0.008247980845802244,0.022985238149831364,0.8176872970716654,-0.33003235967367345,-0.049464216449630456,0.03100133558012957,0.7738461804185867,-0.4592072047774355,-0.01400514528807037,-0.1697766622426296,-0.054496668251049075,-0.14786769796002133,0.4878554025785672,-0.33372550712506605,-0.055568714816295384,-0.11152751250592798,0.2970561688644661,0.0169158974103882,-0.10993165291536285,0.026840747260903262,0.7283639247681335,-0.6051557156649142,0.2350437979359145,0.21883469245892057,0.02940033373671921,0.6861616349213008,-0.5895660347755465,0.9669553696332566,-0.13463677204552588,-0.7416868206000597,-0.6799273083440457,-0.22297236377254423,0.11833453003398868
36.702,19.987050684242803,24.245733390669248,0.8168417825693667,0.5605510807247172,0.005662044434032723,0.020454873263365952,0.8278478273879551,-0.35702723519611457,-0.03780751212253064,0.046350601285403206,0.7609427459180912,-0.419041935303285,-0.03940649220145291,-0.12011809214598426,-0.058339390641737654,-0.18463279561346857,0.44966149826163937,-0.34255853339756037,-0.04894376375982731,-0.15620203197713683,0.294125427149694,0.003535649665131916,-0.18309024266719337,0.06260035695509686,0.6792456109053518,-0.4821475432759854,0.20852762148732903,0.3438710182527698,-0.5099204951572789,0.827003715240775,-0.4069166470382892,0.9859617882409095,-0.018420632620593468,-0.7118807904301151,-0.7947168990242206,-0.15401682501376776,0.14438223372876163
36.752,19.978166038277877,24.260431982537842,0.8163412565320998,0.5469992840604948,0.0011553977928193695,0.016173227498329373,0.8369760301260324,-0.3729550786697015,-0.027023968361875417,0.06885152608611171,0.7061440501984863,-0.35902994650243253,-0.05242977919913532,-0.06993679235235518,-0.05462344407923452,-0.21960420618836718,0.40794969542446496,-0.349010452275786,-0.0409611258896487,-0.19747241260061105,0.29209691287752393,-0.028607582151109243,-0.3137129198125846,0.07100843387004542,0.6086702080817203,-0.17407013678951316,0.1905270859910733,0.5145106115223388,-1.628698004319532,1.4570065946425146,-0.0911475612982281,0.9754321547877379,0.16763567922659667,-0.659567100059393,-0.7885160965882109,-0.14445152230169933,0.17067562430813796
36.802,19.967334462132293,24.274745414620188,0.8130787561614513,0.5359556525026482,-0.005929221568902865,0.008062501538138386,0.8441868151961355,-0.37646650184876884,-0.02451925573974295,0.08432676557837289,0.6026342004154575,-0.26987474437042847,-0.06551176593322006,-0.029633351738325455,-0.03911177629106942,-0.24452125821851492,0.3852282456475115,-0.3624848278327129,-0.03039675556761145,-0.2291946907235316,0.2830159768285943,-0.10791085872512164,-0.6036101188547423,0.04580878627128981,0.4258566201918897,0.0011393641026519082,-0.06342089125388232,-0.0429673507256871,-2.3168341043192178,2.005659236604431,-0.5271519262231743,0.5930554078546232,0.5260157904680361,-0.23776498660096648,0.008264114382094817,-0.4105170205319222,0.25981135802229866
36.852000000000004,19.956497009190997,24.288517311638007,0.8073887978455766,0.5281912730745236,-0.016781936864240586,-0.008218384153884789,0.8489197864373862,-0.37245378603003026,-0.026597976068000462,0.042708754633490255,0.5383454935429645,-0.18196969697202264,0.014013453948934638,-0.03802493681467317,0.0029972838267040623,-0.20556973801137152,0.4571083422456318,-0.3785959460269936,-0.03202900641657945,-0.18588210047903356,0.236940110390516,-0.037074454631779524,-0.700243924030426,0.1399149745137374,0.4299908536537436,-0.18637540762670274,0.08831212537049103,-0.8898454690125692,0.7631123950595039,-0.7494513379666541,3.5002279702224666,-1.477591494308144,0.9426498421189271,2.2468974431002144,3.3826192075711563,0.1376680673015683,-0.43080217504546453
36.902,19.948149121343967,24.299230810921113,0.8078894328168902,0.5161058691004419,-0.025005033625968648,-0.014862859153656538,0.8560307094907397,-0.3776044300040211,-0.03128277836070081,0.0035531208941998386,0.5690970218863192,-0.21968750294813566,0.0692521309226947,-0.14722549159718176,0.04390088876260854,-0.06246571639579349,0.6923393603086402,-0.41126427775369867,-0.03070394372070659,-0.15779526849774175,0.22564475665262163,0.0212367392091625,-0.2744045404131047,-0.00041132852015208707,0.5861823825675464,0.16094965305616474,-0.15729847643019287,-0.6860048099793035,0.42321333219925944,-0.6631419741428868,0.4599816745950756,-2.008513492388576,0.5732341931467283,2.1752894797570392,3.9728429535711207,-1.4959683780916846,0.22888270294103924
36.952,19.940935925260522,24.311523740898018,0.8092860335228058,0.503881927766271,-0.027391584585851468,-0.021407008144229526,0.863072675947243,-0.3610726344020481,-0.035209117615751725,-0.029773198762059607,0.583250131252773,-0.2485927115778373,0.08609240575598402,-0.23182100339964318,0.05379450089392899,-0.012729642295556799,0.8158802552753142,-0.468443738285857,-0.01985515500293634,-0.13217540581666232,0.26524552702852333,0.03914222001727729,-0.2775855593348809,-0.115030619680207,0.5743903298830267,0.48513795683232164,-0.04807417370822805,-0.702567632230334,0.10902794960009952,-0.4757919744618866,0.21391698525013647,-1.4435580711343199,-0.007021305188200022,0.31073588875674135,1.2329387130177825,-0.4814680837905821,0.23745250838818535
37.002,19.934841582371014,24.32559618444728,0.8115164682602787,0.4910312754025445,-0.02755985150370479,-0.027435389664736996,0.8702735435227184,-0.3316369624713249,-0.03850032593052641,-0.06449485154658413,0.5815833109750345,-0.268738713395025,0.09230426250212556,-0.3001716375122368,0.053816437743757405,-0.002158259401560961,0.8439350020579109,-0.47294916785449154,-0.004915399913387823,-0.11470148328255565,0.2948152303001433,0.044474993566779635,-0.14438736438292563,-0.14831283311324434,0.5842448540317644,0.6646942069214377,-0.10081488683837364,-0.6604349397299069,-0.13762385039136008,-0.3519273392704874,0.06029292352053094,-1.3284003359365952,0.015611069477164622,0.19222508648466774,0.13725957029873453,0.1035374796759565,0.3054502804894533
37.052,19.9293368306458,24.340854912445337,0.8134108289402657,0.4783829006412928,-0.025392604533795417,-0.02948074704857958,0.8772889498691249,-0.2964101568040276,-0.04657981362159193,-0.09361060660648321,0.5698973421957513,-0.283311169880034,0.09340937031571268,-0.365175704881502,0.05396524648257921,0.007467845032236932,0.8394616107991163,-0.45787749321936955,0.012181395963557676,-0.10699629486979509,0.31475288906079607,0.03092157207426193,0.06489277957051402,-0.12267973501210329,0.5601088902081977,0.7321454857372975,-0.21342021075170883,-0.5022614780175073,-0.31466086556680134,-0.24234441002443152,-0.003984236624570248,-1.2166088012091556,-0.0318529758545977,0.1316301610791593,-0.3188991253675585,0.39387390496743974,0.31288281543245056
37.102000000000004,19.924085010160848,24.357048760942234,0.8144736081033295,0.4666258729203159,-0.021825099915449002,-0.02647995806858962,0.8837888727268074,-0.2598846809209838,-0.060165431049460164,-0.11439476877888173,0.5510471595913731,-0.2938667184100034,0.09300679678797606,-0.41603135067986136,0.049567001084488804,0.007327036274671384,0.8102164526956706,-0.43633850008569636,0.023510946070468906,-0.10271531224585816,0.3310273240937772,0.010456397883168935,0.2627927121009631,-0.04526306727549069,0.5063520177423452,0.7031652076570386,-0.3252184181438483,-0.3363190334964886,-0.41130370228063456,-0.1963042376231023,-0.0012121968302734563,-0.8086327893347744,-0.12068681378647608,-0.11493545516936149,-0.7796797460554725,0.4316611186981353,0.1468816653883554
37.152,19.91907075457339,24.373931091450412,0.8143546203093316,0.45582051315315997,-0.01817860447498845,-0.01843208850193569,0.889695147925169,-0.22749213147601763,-0.07944049209189803,-0.1283015375414204,0.5303871681875274,-0.30238772739135217,0.09323527355476843,-0.43483897848837494,0.040892244101217314,-0.009866561923886148,0.7408493857806567,-0.39740870714934184,0.025750100510156484,-0.0976771300366954,0.342925631660103,-0.01901332261816552,0.4260226017824324,0.04466295255752232,0.49185503163066197,0.5697022177551156,-0.4490289550235435,-0.2344283155723255,-0.34610774101583575,-0.18138359120130915,0.013526750046825246,0.08866433063522403,-0.19001214923543944,-0.5115687758406363,-2.061908454811267,1.1004096296444508,-0.0011379206096366224
37.202,19.91425045761291,24.391098912775444,0.8114374128126562,0.4446210094427622,-0.013727268096015906,-0.0054518532284504725,0.8955970061188762,-0.20804231022796885,-0.10840113000352529,-0.13577342562457734,0.5288810351741798,-0.31764924191432253,0.09226624600775007,-0.4017249013306197,0.03293270253733195,-0.03193404642581393,0.5961855979059835,-0.3319925056018508,0.027233273327463805,-0.09808927800113754,0.3387485438951378,-0.11062280775848407,0.6883106644836207,0.065212513627875,0.5530624893717352,0.16539104759104384,-0.7566616945951491,0.0180491379310324,0.40651078951731284,-0.4785085746301176,-0.05282182906491772,1.1343690590381392,-0.17410878546148423,-0.22807395550588028,-3.4101929375696294,1.2733289298920267,0.0823394057454816
37.252,19.909352042422128,24.40737663231907,0.8059285863442821,0.43177257186609397,-0.00631757693158202,0.009036040344416471,0.9019151203859184,-0.21779097114875615,-0.13041208158935555,-0.08355608158126379,0.5882566117521079,-0.34327813094941795,0.07963722483788857,-0.3663580539333315,0.022020638080148192,-0.015311193838548233,0.5223185585686092,-0.17266221841935472,-0.008754139419223761,-0.09613505765503469,0.31444233010575945,-0.03875060038403396,0.39839075953723513,-0.07491495805752597,0.4529888050224224,-0.3618966679934399,0.48310863245761765,2.7194442297273143,1.5147446046116824,-0.6730721828610897,-0.40113453888023864,0.023286339789477067,-0.3179118057656222,-0.027365002067072784,1.1023414517799337,0.08360184078214833,-0.9389348305270561
37.302,19.903886161364486,24.42265926026043,0.8068699912906037,0.41984872016305286,-0.0017168403306300412,0.012071471976761438,0.907512195070149,-0.24327019621999113,-0.09595832627795153,0.027221675790158432,0.6881632163047019,-0.4333719504506519,0.07566520627066375,-0.34773264575591445,0.009108987176372289,-0.032013004485948265,0.5588281588285473,-0.22594366583317432,-0.04359530764500741,-0.13384464813933805,0.3009499135035283,0.048829578322378955,0.0865334846793127,-0.1802712672223538,0.5710592248374404,-0.4672093040046432,0.5263804217429492,1.1913508966231536,2.1119753031926387,-2.0251758383170975,-0.1028118368621092,0.7795138798164877,-0.22169002152628342,-0.4225603615507185,0.14045319433280834,-0.9339059910500545,-0.4858792306080258
37.352000000000004,19.89607914093662,24.437097731653584,0.8097272640949392,0.40564276470996996,0.002340245870651421,0.011765572376675994,0.9139529758113195,-0.2682567927638789,-0.07955087536347144,0.04613272121678768,0.7740009341949698,-0.4988235857028333,0.06051207402056318,-0.30214644881307434,-0.0031612834148347048,-0.05708610651325779,0.5492819538572514,-0.2605063226982251,-0.062045037768781,-0.17697897513658986,0.2798109324224216,0.058938653506928465,0.030704619952492525,-0.12020693281985048,0.6534711306704133,-0.4583641354504592,0.26343588729998013,-0.04246420945530571,1.1713949515380966,-0.6739877891326307,-0.39426403063927123,0.9877009145634941,-0.2592534600295175,-0.5485279338193249,-0.38971910332752974,-0.5119020592704931,-0.21057782581775839
37.402,19.886197270802445,24.450575536940207,0.812321990496663,0.3903534007986976,0.00456126722750029,0.011234406040870667,0.920585251591117,-0.29040327712464026,-0.06425782463863983,0.03963452883643735,0.8092036579947546,-0.5124689270194556,0.037517835199604735,-0.2528751115088383,-0.016453486112342503,-0.08586714595611732,0.5263725065703381,-0.2817877970786251,-0.06429078462711846,-0.21627391343194907,0.25954997746286973,0.04390560616418714,0.0011544386089514405,-0.045098361325742346,0.6736535654282336,-0.4509041259669424,0.35603352466125743,-0.1297428831586461,0.3773387483075855,-0.024547981503275352,-0.46566263451004936,0.9629564992756003,-0.2619863736774344,-0.586257738474479,-0.4822614246743226,-0.39314668742264364,0.06226460381934619
37.452,19.874418480456455,24.463083258288595,0.8142806441835084,0.3738352352670142,0.00477939216015858,0.010138156883799232,0.9274274052767881,-0.31546753697840885,-0.044029387258840924,0.035679705084303154,0.8195803479781487,-0.5013833219648043,0.007688869817364736,-0.2030103407915119,-0.02862647094111772,-0.11856009474376275,0.4970649904245228,-0.29784572061783016,-0.055945187036289035,-0.25395479563850787,0.24008882196213804,0.034989189945619954,-0.06801003360728476,0.010863183730485941,0.7431753273079896,-0.5430788242948574,0.42048472724671637,-0.014749271434685875,0.035997024761170796,0.47308701552776833,-0.61891004486609,1.0214507093890828,-0.21939593680948005,-0.6991451800806406,-0.6731916297494743,-0.2649648108181092,0.21339315332723563
37.502,19.86072445592866,24.47437523549702,0.815713104628945,0.3564162097826612,0.0030278645397782355,0.008180653474328576,0.9342865697146804,-0.34354713010611143,-0.02480810992093523,0.03856970112058671,0.8088710459709703,-0.4678763577728117,-0.01962620739355576,-0.15215201929060929,-0.037518610716890874,-0.15423606418780103,0.4606588575103204,-0.3100876580606845,-0.04789122564371895,-0.2916192079412847,0.21090494498400938,0.019732582574763253,-0.12478290417529807,0.07834649728971112,0.7377899972247651,-0.5637409220365095,0.3410368551551786,0.1389380866264407,-0.47328124623612433,0.7571843960578766,-0.4592714618055975,0.9894493263455864,-0.14167009725193982,-0.7105866466701644,-0.7493215344799319,-0.22004501869981594,0.17749476754731272
37.552,19.845249928066945,24.48424836486664,0.816070050935746,0.3394971470631947,-0.0006336846152571268,0.004748883143026985,0.9405948828739473,-0.3636610054098212,-0.0071844965198279345,0.05576805778921018,0.749098685666066,-0.404694063575665,-0.041063148479897935,-0.10266950369304606,-0.040934383774382244,-0.19032276464341416,0.42148188172349493,-0.3192488956474124,-0.03824773025558317,-0.32577298618248474,0.18389550414807432,-0.010040125911747445,-0.23701279138236778,0.10366290489173731,0.6898806267470183,-0.22728588889900192,0.32505344215021614,0.50038565397368,-1.8858603358354709,1.664089035564221,-0.3320672706358824,0.9559127596558047,0.008014617226096647,-0.7032755619414939,-0.7370974900035929,-0.19205053523480925,0.1959846165271852
37.602000000000004,19.828238924517397,24.492561611372082,0.813736824194866,0.3249147613755729,-0.005794046548085381,-0.0022564962127962288,0.9457228637871113,-0.3677799134145018,0.000666579382242187,0.0746246890018251,0.6279390148664042,-0.30348595298008535,-0.06132144148499818,-0.06229636287997191,-0.03466732028971251,-0.22077421270033312,0.3992195887749169,-0.33558145996733113,-0.027764448890437204,-0.3498611573565432,0.15193651420882504,-0.09295569701950317,-0.47452964271859316,0.0877969062390317,0.5200945101345754,0.01175939986764318,-0.009886103127881145,0.08499129769598983,-2.7276664165035585,2.213984357762923,-0.5550081805396133,0.618917105789692,0.2948149803410725,-0.4567977853394839,-0.047645019602189115,-0.5145806668079564,0.24685064734030834
37.652,19.81137592374897,24.500011961414394,0.8081471194093215,0.31469705727951214,-0.012150923584068041,-0.01745481704114989,0.9489538695625458,-0.3629128130495534,-0.003609005903903801,0.03772472336596593,0.5477106517537941,-0.1889535943150825,0.0009998817883609965,-0.06602185496025076,-0.0025396677982624056,-0.19210353318431336,0.46293282347823494,-0.36012894339911133,-0.029069409345625043,-0.28970394463337096,0.13016816790769603,-0.04372104006343021,-0.6042561155260022,0.15660951487039101,0.5061589957346809,-0.33433791781736744,0.022308369490436363,-0.8666187300612876,1.0196126814642006,-0.9444912813942075,2.6216037230870404,-1.2899026355312122,0.7855631421709486,2.0187720663671507,3.005406344331227,0.06533073457311207,-0.4560729254982921
37.702,19.79854210695043,24.5062110807537,0.8083024235743254,0.30082090252931387,-0.018822431294760744,-0.024544711739619772,0.9531789222424206,-0.3711956225957652,-0.010213948550804748,-0.00017704101493268374,0.5830904399551023,-0.23254287769997145,0.05360025711089022,-0.16915634722717907,0.03658512291994601,-0.05847215165259508,0.6922554595866564,-0.3982873325724444,-0.03212838406545984,-0.251746442427756,0.1413298460418955,0.019313020081962364,-0.22395286620676177,0.011980879139567555,0.5971389296447452,0.1779300491047201,-0.20536679145566597,-0.6696834031288721,0.3802005104084427,-0.6898332976282993,0.5259476545290674,-1.8963625359507879,0.5889728988075107,2.0221963340980054,3.9596372003030353,-1.5859028293126012,0.17313298598089785
37.752,19.786216413457915,24.51453536626743,0.8096564453080339,0.28719615823080963,-0.019544439797520213,-0.02996280011351622,0.9572035374881471,-0.3532806206722064,-0.016595422692282962,-0.03226355153091303,0.593653661059239,-0.2613294862413665,0.07238349730410445,-0.2490526077216079,0.051928995822067954,-0.00698722272630834,0.8147017305720131,-0.4589805530046792,-0.018050643169935498,-0.24334296718496723,0.18908113598212006,0.03752280521215474,-0.2091459005424894,-0.1014939041225996,0.5728917089445238,0.5137310300261754,-0.09681488878923393,-0.6612449117007327,0.031075497661316644,-0.45752405070760116,0.24340223175214815,-1.3513733777987036,0.09073839542916408,0.35173939393596965,1.1859432992348737,-0.5559958558336637,0.29139299460676943
37.802,19.774262217150806,24.5249130985711,0.8117182449357535,0.2732876342510735,-0.018328767746179562,-0.034098654548795196,0.9611530611699264,-0.3232847083896963,-0.021955860666289274,-0.0644312386390587,0.5886758289522129,-0.2803474592426855,0.07940063924634996,-0.3132886146989672,0.05495859131291372,0.004244521871537951,0.8407619660723792,-0.4668928876983968,-0.0026612523541219278,-0.2357764518423792,0.22227208992626418,0.04013022903186363,-0.07859192138910928,-0.11815626102304856,0.5690783820646307,0.6568852501148289,-0.13279122748771605,-0.6051207061666134,-0.19449119548324476,-0.32663490854659677,0.06212151535508616,-1.2573610541470694,0.05504128647266891,0.19714738195145243,0.11679601802126117,0.02337090225085762,0.2922992477405643
37.852000000000004,19.762672726795735,24.536532760009482,0.8133310621246249,0.2598884963869523,-0.016379147827040006,-0.03391431276441514,0.9649038876239987,-0.29016361834890253,-0.03112651685533412,-0.09063285844883026,0.5754278154958817,-0.2936446580164776,0.08086323764411088,-0.3750319020581807,0.056069301978524284,0.013212903446511113,0.836335007571885,-0.4574907237298153,0.013375500683085434,-0.22844245386010664,0.24085039763722024,0.02373329992823735,0.11623632738361331,-0.06620436542696173,0.5370241114574812,0.6523893337177086,-0.22865690236582958,-0.4447471148709174,-0.31476548188107656,-0.21949473500120745,0.009919740221891947,-1.15179688364268,-0.029263098417356026,0.10218477335268891,-0.31194003969018447,0.2645311710163588,0.2828015779302547
37.902,19.751430867338147,24.548933749716657,0.8139426738028044,0.24755980652816723,-0.014862341294080025,-0.028716804467694854,0.9683328963451354,-0.25949669355942484,-0.04514294072341406,-0.10845260604805249,0.5584884558548786,-0.30324006043006796,0.08127597349101567,-0.4219828586634398,0.05137056113398585,0.01143144876257271,0.8069062466970827,-0.4409185115002886,0.02249860217843278,-0.2207145324684746,0.253861512629577,-8.33552883781571e-06,0.3005428881332085,0.019989498172897736,0.4877614814591007,0.5597281256699278,-0.3290366021589401,-0.2730294215675559,-0.33748690304174256,-0.1804386904393823,0.016266083901693325,-0.711430987348165,-0.14005753255836542,-0.15995707366139286,-0.7938843405376155,0.3695932386610043,0.09800729555407958
37.952,19.740631520432174,24.561926725516056,0.8132234508438342,0.23587994617171634,-0.014400180345945663,-0.018888686553391588,0.9714918956534433,-0.23547858937974048,-0.06492187984956471,-0.11988486940217108,0.5439014227009946,-0.31191161616965973,0.08398021047933898,-0.43518543633062706,0.04152637935222829,-0.007789472256306209,0.7343914613502974,-0.3992959926518237,0.023568339006149328,-0.21161670224651324,0.26528930512815924,-0.03318310701571348,0.4557965006956591,0.0947629980611005,0.49882210988199316,0.3896339131639545,-0.46830157517033755,-0.21021946135300668,-0.18754613013854785,-0.2058335907861308,0.0510086516811119,0.21784604130477697,-0.20578425141672502,-0.5195583182957746,-2.2047457885221644,1.292404914199835,0.003430207387605478
38.002,19.730229667293514,24.575164653070352,0.8092677437940327,0.22277928593765223,-0.013521836515025438,-0.0039195601996535046,0.9747672474710116,-0.22661340520498158,-0.09527206940412641,-0.12274353419543078,0.5549415920533398,-0.32911022519962974,0.08081967719485206,-0.39486897959835915,0.031944751804188556,-0.025770822525628838,0.5773900106687221,-0.31812951141960677,0.031449132987675654,-0.20725600037365027,0.25842390079586247,-0.14121399241590732,0.7580545899547088,0.0614555954442445,0.633387698733302,-0.06468997736594286,-0.76796304623202,0.3112675421952254,0.75148154820556,-0.5425843225955981,-0.15385653875125335,1.2841621189604258,-0.2660408156436993,-0.07144245782627484,-3.661950522864191,1.6240186349365382,0.3252121667799945
38.052,19.719789462791706,24.587563356475943,0.80331687523673,0.2078514051994335,-0.008563400547236515,0.01208326591522479,0.9780482893050384,-0.2390829135500453,-0.1115574647578055,-0.05444823458224515,0.6210181836769985,-0.3588039350209385,0.0711183006084402,-0.3637883106221255,0.018707964464840153,-0.004099225559215492,0.5239464069116976,-0.09275073881626227,-0.006965172314479257,-0.2213680876574943,0.2404795057132875,-0.08185693247225333,0.5024796567375067,-0.1466418218458945,0.5704411248509065,-0.19641224540985217,0.4391873467082464,2.7050975841679548,1.398349188677033,-1.1655487216397207,0.13141739619953255,0.2760565863089561,-0.4291992662899839,0.00014336378522970816,0.5741632887737342,1.9454277006024676,-0.9632225945932761
38.102000000000004,19.70838126215846,24.59917021971699,0.8027051955417243,0.19349876552242287,-0.003930797832558001,0.01680857814495838,0.9809486471117856,-0.24981728751986437,-0.07983037552576285,0.040680456476878395,0.6919426247558695,-0.44633002782992115,0.07419425932358056,-0.34678814079792714,0.003441320427707532,-0.023452184566959963,0.5666055179430404,-0.13976522513162182,-0.04334111877898208,-0.2509828663014616,0.2205384608169696,0.031118047308693594,0.07355806140067007,-0.16926834361603885,0.633063879211215,-0.11513998112743662,0.431789321913071,0.8267715288395089,1.271412694840046,-1.6489803391736393,-0.08794607226853499,0.7257944235529343,-0.23191774268686513,-0.5229576448413997,0.2735742828123974,-1.0972622290039478,-0.5123023716695702
38.152,19.694817318893335,24.609276902679746,0.8048581226945979,0.1772894733769805,-0.0002721502606664347,0.016803392422196695,0.9840152511862068,-0.25621295682877093,-0.0665079131720139,0.050113420984250444,0.7419560011382433,-0.499129642840117,0.061225419425765835,-0.30284668440148177,-0.007435447306186004,-0.05226647940305204,0.561530748805713,-0.17935890201249544,-0.06368261087816254,-0.28871058607107714,0.18625309998337217,0.044576318173701196,-0.009940423519747827,-0.0980564325121661,0.6820650824798211,-0.13542434894555824,0.2101459316389241,-0.17182599301222967,0.7367438364007578,-0.5410073143264732,-0.3800301036538546,0.9494825700542123,-0.21301666954472398,-0.6202486927060824,-0.3091056846425774,-0.5762263359701666,-0.2571697041664133
38.202,19.67964131619302,24.617734072650226,0.8066197286768657,0.1602762188119713,0.0010277063845855806,0.015857043209815746,0.9869442900607742,-0.26474130839115434,-0.053179003931357195,0.03852394679935386,0.7659979259720057,-0.5103131693531103,0.03539958875683666,-0.2568148108537222,-0.01787532058380727,-0.08432061811919507,0.5438280031136499,-0.20389733194535214,-0.0686233975045424,-0.31561575273535664,0.15301357706124263,0.024892770925116228,-0.04618880078934944,0.004072119093628609,0.6943084806432677,-0.22025263539061707,0.33200834178797656,-0.2094654778424264,0.2819021018378386,-0.022704940695104075,-0.5644349918436411,0.8697645686968017,-0.19737910491525223,-0.6448735316361952,-0.3525697708196145,-0.46927477612986934,0.009700053739189227
38.252,19.663337971914494,24.624526604330985,0.807480188596553,0.14229703798737545,-0.0002867470036552014,0.01410924601069916,0.989723395668297,-0.2809534322843365,-0.034192994192395555,0.030533278823990043,0.7741955647217176,-0.5004256842693684,-0.002465627851809493,-0.21436742146418183,-0.026848839930705443,-0.11883697051182876,0.5237646545694137,-0.22497337523183436,-0.06351270157003938,-0.33444500173615305,0.11814271797426032,0.011593254826158736,-0.10345531600276427,0.10085167671902644,0.7449933018463256,-0.4278320275161357,0.39875311933055985,-0.08760785920868598,0.02864346421160132,0.4592372701899154,-0.7935609044740558,0.817077930525491,-0.15396802051056424,-0.7123900506987731,-0.4382742341676011,-0.3998188770317448,0.08914722312224925
38.302,19.646224507625313,24.62928835549591,0.8078062638861675,0.12395297964217891,-0.004150401193718915,0.011600362337989644,0.9922116027347108,-0.306128857096337,-0.016328909654676847,0.03054708321663343,0.7621989616254209,-0.4667037000235938,-0.03668587211618261,-0.17537685057847546,-0.03337868802442892,-0.15403163795688274,0.49971271703746495,-0.24280023336181358,-0.057611208407957554,-0.3485316000791976,0.07328135824916075,0.0004510780217612258,-0.14274945124984686,0.19091495146148724,0.7196375596943555,-0.5561442095947151,0.3047902941275191,0.07851180185611413,-0.5211096605131664,0.7758326625913126,-0.5561941385144025,0.7372338553721862,-0.1030644659598833,-0.683215690568423,-0.5035054371848908,-0.32717245332083256,0.14311566403966375
38.352000000000004,19.628373288029383,24.63194461885907,0.8074756315481179,0.10664243892096394,-0.009736468873698001,0.0074876145270608456,0.9942215683757581,-0.32893871854968915,0.0006049657178633478,0.0482355053555762,0.6993294776663613,-0.39953444525053516,-0.05819210544620938,-0.13802538606324727,-0.034983642531832254,-0.18775105382527332,0.47110090643209146,-0.2569601532947099,-0.049668272474078505,-0.36515558391615355,0.033886760307604145,-0.018021580949614268,-0.2488584079513038,0.21858627137179046,0.6583721659033188,-0.34229497929576125,0.3381423939466131,0.5943481867170152,-1.9496894315800228,1.819076666226997,-0.23842934887080955,0.7408125923435632,0.04298469261713259,-0.6469260647521443,-0.5864082381714473,-0.2742703069782541,0.1773551787966143
38.402,19.60975152618451,24.63250671654752,0.8051348179364545,0.09218209297515234,-0.015688432000843834,4.683453895824852e-06,0.9956185689379946,-0.3431076221052776,0.008670868772047464,0.07111396572791442,0.5942162124179545,-0.27478426710760967,-0.059628295412154766,-0.10634917261242365,-0.027398005241676796,-0.2132384117242802,0.4528397945529751,-0.2749276152993817,-0.03848173434594438,-0.3823406408404985,-0.0069911982732826766,-0.06610544338715474,-0.37911461923840734,0.16800503097274275,0.4309519857076946,-0.289763864339981,0.0027591791119780445,-0.10896301937147354,-0.20717097006269952,1.8221482669846054,1.2111480844435292,0.5108678500772763,0.2638277969107345,-0.18280618619785044,-0.07152589007321208,-0.39322812669111185,0.27610821884640574
38.452,19.591302365292467,24.63185581292075,0.8063392714719106,0.07974665516697912,-0.021665228586996717,-0.005266907445338689,0.9965657773302842,-0.3321070116982745,-0.0023473123383267267,0.04852821474483123,0.5847335905964672,-0.2873165838539525,0.010480287982302008,-0.10399627722567084,-0.014117796833645129,-0.17244623991482155,0.4800494547781538,-0.2614484313658855,-0.01345577325697281,-0.3284678809819864,-0.0067504489990663965,0.08902905762422417,-0.22564264292089062,0.31375739312364315,0.4749904411347947,0.4131803008219146,-0.20704079830733627,-0.5584437325959652,-0.7187519757097943,-0.2263643632886888,1.0017408015444413,-1.109382786131958,0.5021594802159798,2.2328082811906746,2.356713598858677,0.8676893335398083,0.593935544270068
38.502,19.57714026505819,24.633219317513642,0.8103856683154688,0.06838434921102331,-0.029806285687490303,-0.010482371596380442,0.9971586062418629,-0.3155169368601277,-0.006225456799951959,0.018755795536990475,0.5522577673943722,-0.2913676553734173,0.04015330622394854,-0.2128816277302304,0.035714257250448356,-0.024808769189471537,0.7238964630562139,-0.3232767796856633,-0.02116375633518764,-0.2741616813475691,0.06956471207452708,0.06912321056845225,-0.3009954926756017,0.10959863130237171,0.29030949493552527,0.47130850932250096,0.19513184228746552,-0.4521522728456126,-0.4073988370737049,-0.18060959495466378,0.2251630582701568,-2.174945437125598,1.4457360348679527,2.8911762122484777,4.8570464062893395,-2.6745906053821233,-0.3447017452685572
38.552,19.563178027542904,24.637735544412166,0.8133981822717697,0.061022491826527414,-0.0292871316700927,-0.01773575774675197,0.9975489773975845,-0.2853586024040718,0.006051495851691209,-0.0032368155373935824,0.5373882307462504,-0.30320444895747517,0.046489429543085777,-0.28533261392790954,0.07257985495220094,0.03209997829194958,0.8373167667495695,-0.4465084666745507,-0.025231913140828097,-0.27848262022324427,0.10688543452541294,0.049049597493192536,-0.27727807948856703,-0.13650472347897502,0.30389010076049483,0.6626047800553918,0.2528147168362813,-0.4454807614483754,-0.21112119905258636,-0.27847697039956026,0.12964692506210884,-0.9783148452752807,0.2589309887437469,0.19742544743387114,0.39871017136306397,-1.0839806408840673,0.09474070972064796
38.602000000000004,19.54994267177219,24.643659701873773,0.8148655055341095,0.05369458488317506,-0.026447352444981965,-0.02251753093412138,0.9979531000520538,-0.25536061373671504,0.016240379172676695,-0.02230603372805773,0.5307199083459664,-0.31826048349167374,0.05243536622421463,-0.33150474821241843,0.07469903141200371,0.0323100579992553,0.8246989029843338,-0.4662417926780462,-0.012916103510986186,-0.2509859122370948,0.1288595776489792,0.011310981362661829,-0.09763135158702044,-0.10850487646913383,0.26330218727028015,0.530866324573713,0.14365310035645415,-0.30757591238046084,-0.07820525994699395,-0.3146472865036408,0.09247990108573866,-0.9543828082264839,-0.07576943495545789,-0.034727158524271697,-0.5010188067947203,-0.04241579526766766,0.3129464102835967
38.652,19.53798506671354,24.650632568937468,0.8147501197642149,0.047600782092921574,-0.02492425191299138,-0.021812274353476886,0.9983171699907043,-0.2319061654562307,0.018858234613400398,-0.03256259336114113,0.5267420915101133,-0.33378211762156396,0.060987701899681536,-0.38075564888539953,0.06363363041969643,0.025371611499123023,0.7970686509340035,-0.4619094158581306,0.0076036521555298605,-0.2306412173763963,0.15022816640244183,-0.012470514182219691,0.13877638471851816,-0.02476718306107282,0.22199874420918503,0.4230192491302643,-0.03206794781464778,-0.1069017128664245,-0.0938707479498356,-0.30849817595074414,0.2795999541641436,-0.9829855695814605,-0.3461836265226652,-0.24619498480622795,-0.5585930645886487,0.23428425759801152,0.40665131050939257
38.702,19.526606511369042,24.65891025159849,0.8136860788491256,0.042581840480160935,-0.024961178436970405,-0.015426591486056171,0.9986619782025757,-0.211754857501599,0.012972298420901614,-0.03423350663372734,0.5201750978912631,-0.34831650223747135,0.07836458702978022,-0.423090527768315,0.04252031620336896,0.008350260997836093,0.7636732778458911,-0.440055529143005,0.024920600706196432,-0.22627678509889362,0.1812621993232795,-0.031496595079415456,0.3484872793747387,0.03781656374558641,0.200993163818273,0.38002145015121414,-0.1944819980897615,0.017035506252525267,-0.15007077826572768,-0.2796226836976244,0.37078429381542194,-0.6777860310158532,-0.44607849017084017,-0.3783233574409933,-0.7910251611360799,0.5779338512978232,0.28794813522419904
38.752,19.515141283191223,24.668709888416398,0.8109255643669442,0.037047466443705865,-0.02566507601274601,-0.003695038559923169,0.9989770446779057,-0.19635211778657016,-0.0022121360831654675,-0.03147838261098979,0.5196654484905674,-0.3644818211024643,0.09468986195210426,-0.43321487073341125,0.01731665125762396,-0.016481980971867097,0.678766184732911,-0.36771440901276037,0.04539202957800277,-0.23292528748310762,0.2066235120537105,-0.0905662368907365,0.5854536739020331,0.02924922141941367,0.301445962036203,0.14497710947613224,-0.4097468174645994,0.17174233073274703,0.3601699405109344,-0.3766915854653131,0.08071802605171176,0.3887161107057753,-0.5318462722536236,-0.4645036404331443,-2.921988341140812,2.2908558407471467,0.6344616173447208
38.802,19.50300820850397,24.678892557128407,0.8019530379027766,0.02525168138851124,-0.02292074401811697,0.017197737479762585,0.9992703487576747,-0.20230350188826826,-0.03148428209756656,-0.00019865342347234229,0.5791472308676493,-0.39443349814802064,0.07040517742898607,-0.3803290083178871,-0.010845994203995391,-0.001316649505482854,0.4877280028468558,-0.24606065558398119,0.07949320850506168,-0.2517929391804515,0.191514313473772,-0.2749458662002404,1.066355587235602,-0.22163571332827997,0.6127717334389312,-0.16815220860697913,-0.8225606710243643,0.8390822680951672,1.6862181334763253,-0.9458966024717177,-0.8321748409423821,1.0753380957054814,-0.657100377396348,1.006106740176586,-2.7230965776761273,4.049751569612859,-0.6139000283372409
38.852000000000004,19.491848222866814,24.688184173694815,0.7942977768650967,0.017362692349544503,-0.01894291621180513,0.03356279550917808,0.9991062213785757,-0.20904683165307195,-0.04846760248619659,0.03541712568955594,0.6451984721071503,-0.4329353835731553,0.060776592722367496,-0.39397827876594516,-0.025050243536009084,0.01967481596375329,0.546860134404299,-0.18376571694690078,-0.0004407729828144495,-0.2049322438892322,0.17298275405139893,-0.02954717566918571,0.28812197002927864,-0.0448424454902875,0.3142534154786818,-0.2815087202115441,-0.15220989893713702,0.17156606750422143,1.0343011659744001,-1.0655648597360876,0.05790018708896394,-0.31968611882297565,-0.16124893733074758,-0.15419990559211283,1.6602986954106944,-1.5917796705217209,-1.0766592277217468
38.902,19.482256193974845,24.69552685267696,0.7949089977135939,0.00869549275333148,-0.019026919383650906,0.0374504272934211,0.9990794914520489,-0.23716414098836175,-0.05566770097928052,0.038981540097789175,0.6910327833198231,-0.4819621656227656,0.05344278847394247,-0.39032101025449023,-0.030367568397502282,0.006501219033270403,0.5794989562505262,-0.2295414119162861,-0.03904047865371533,-0.18403448127035169,0.12516340223293482,0.02898438676815276,0.04914478620419105,0.01412698039070899,0.32624185639035436,-0.639801798908181,-0.16595647457616425,-0.18090110703502063,0.7242065712195429,-0.7547001564157303,-0.28669435941772686,0.3210920726311218,-0.040850457758596435,-0.3067662269285293,0.09016661940594256,-0.4593933958786557,-0.5630650413210874
38.952,19.473766661009552,24.70082772672176,0.7959910070112354,7.700965065029504e-05,-0.019003301230006847,0.03722721377144025,0.9991261197499993,-0.2695754861958305,-0.06055408599542406,0.025449003029916952,0.717368598279939,-0.5015200333682954,0.023484259446461833,-0.37267010902905184,-0.031911308462677285,-0.012615368979301303,0.5781902500570494,-0.2452748128043597,-0.05917317912905607,-0.15822827558874883,0.0895771109672767,0.014501867934373063,-0.07133777426984744,-0.0012806006864602897,0.3637197481240922,-0.5833071730220022,0.003971539029408475,-0.23697805169224792,0.2878015973556093,-0.07129672805687517,-0.776737883457986,0.38454026981885264,-0.01891617990211039,-0.4422286268266195,-0.09717492269763942,-0.24177999834372313,-0.2660751791710837
39.002,19.46652075077457,24.704371392933815,0.7965242663569322,-0.009493312890935749,-0.018476969924297693,0.03440374261797412,0.9991921041955079,-0.29451940538555466,-0.056119524990189074,0.018947553433061946,0.7243545037991969,-0.49526682791796234,-0.013204509332277882,-0.3524681438363226,-0.032072869988043644,-0.03658468088983499,0.5700259891974893,-0.2552293216679603,-0.06823853593972942,-0.13261310925780712,0.05264368647547078,0.009870414629703351,-0.1598444198986075,-0.009577921559658776,0.39515730116690156,-0.4222922090364333,0.1320519327743224,-0.052311967667217595,0.05978532022995323,0.236318116900869,-0.6311992506806314,0.42195482027761994,0.010077882082002552,-0.5029907479904654,-0.22987705120781693,-0.1566306132666031,-0.13037777228619093
39.052,19.460520734242817,24.70604877313182,0.7973293069228276,-0.020195687584660844,-0.017835256517189448,0.029387217336236813,0.9992048985494322,-0.3117254644775776,-0.048849998526458945,0.017726080204733416,0.7242311163062747,-0.474880202179748,-0.044311475803191516,-0.32861355216915195,-0.030644513610284595,-0.06394173740519986,0.5511689758839136,-0.2586773268961607,-0.07366113241389297,-0.10930136018313223,0.015511014857214105,0.02261951951411785,-0.2492167956193971,-0.009070637242460652,0.4459734466925722,-0.24836612137527422,0.14676516957124902,-0.004033545082417156,-0.13085019496928055,0.530641110105296,-0.54445439619247,0.5303662021057374,0.04685933558498503,-0.5760022354963981,-0.515793926364141,0.013039853166976641,-0.0792431934914152
39.102000000000004,19.455591606722756,24.705833319824194,0.7987054317893892,-0.03168933716931932,-0.017223148542412116,0.022454422653899696,0.9990970663390694,-0.31763069416417644,-0.04158134811143594,0.019134873316175874,0.7038515211641869,-0.44321394459838154,-0.06353070452793934,-0.3001945994477313,-0.027123026519305177,-0.09318536369362682,0.5192508505087279,-0.25405575772424865,-0.07545803549138018,-0.08785389178318512,-0.022430394035202358,0.02908054529353495,-0.3189095025316332,0.004848242969159096,0.4596258097943162,-0.024331372615585264,0.14966055097786776,0.06955860052817212,-0.6288981628773966,0.6625759765850858,-0.2436698595070533,0.5788567026181122,0.09560950989406057,-0.5866132188367753,-0.7201598745183121,0.15364372385041258,-0.002885166325484155
39.152,19.45158536349716,24.703790519870775,0.8002042648072543,-0.04336072873924831,-0.016787300619310365,0.013551697614928833,0.9988265040700869,-0.3091276827542101,-0.03203349162469828,0.028722048580871608,0.6431286889212771,-0.3916220150510121,-0.06781967456420895,-0.2691366692683203,-0.020222321511871366,-0.12292103919877878,0.47752904793716855,-0.24291551459554153,-0.0732512751620048,-0.07320707601569688,-0.058508685369328677,0.026237458569980186,-0.4060844956326823,0.0025996880855606135,0.4536442895103913,0.3477940900816008,0.2094267816857043,0.2833124708111131,-1.759427633203794,1.3373209494867537,-0.002856898141086279,0.6361480539281801,0.18009002062199705,-0.5901959350679838,-0.8870259033825405,0.2607208561750254,0.09561758168286465
39.202,19.44810368043552,24.699672980164316,0.8025312788616707,-0.05339015645220267,-0.016125700587078025,0.0056652821128633304,0.9984274423077356,-0.29432632559181104,-0.03140100228453079,0.01576788430289609,0.6014273242451625,-0.3344491408701601,-0.029127643246371026,-0.2336188838109633,-0.01490372030745264,-0.14687860722370794,0.4246135065342902,-0.22430964839264084,-0.06354385072505045,-0.06899932851544192,-0.10472326047632126,0.08133643235246524,-0.1631586410456733,-0.01708612161343815,0.3563002098959819,0.402163831972175,-0.16594509094272003,-0.28459104048731976,-0.6658918200163585,0.1817705748176253,0.7225974479657093,0.8286450021867856,-0.05044501420860069,-0.34214244772949254,-1.3067505559405648,0.5180758783881283,0.30892361172915106
39.252,19.444731057185635,24.694400847452414,0.806944024886216,-0.06167388509616414,-0.015521094932173584,0.00449583117409168,0.9979655379878132,-0.26532291663161295,-0.04506430331464048,0.003939661899318373,0.5494112629791477,-0.3131219774715106,0.010500376730418488,-0.19339960943165094,-0.022228906288165075,-0.15811983364177723,0.3616807507910706,-0.1989503325570738,-0.03507945205598323,-0.052025661987035815,-0.08832611292582684,0.06447931940653526,-0.06205072793929098,0.05042946667417453,0.3131243673925676,0.4606135017393788,-0.2514956478074683,-0.2501331093065336,-1.015435921123317,0.5196014571762317,1.275622991188289,0.44611608724846386,-0.11250089939533434,-0.09050524327371463,-0.7121521083050135,0.3116863606636675,0.8491520780974465
39.302,19.443637791799773,24.692519813893192,0.8089216311934239,-0.07176801650857846,-0.020067237149461722,0.000700586768651009,0.9972192171121609,-0.26787888414055094,-0.050674333123495535,-0.018615796921742422,0.5292372631243859,-0.29995648703409483,0.03466936908653306,-0.22874718626608798,-0.003516170430013151,-0.09016008854143463,0.45611044867283695,-0.24771188495093127,-0.007972319039036994,-0.012919255420725043,0.019310698916980187,0.04382957779321066,-0.24491939586062075,0.2525391433590036,0.4828008990823754,-0.2355754437816146,0.05191678867686629,-0.6138284711595022,-0.22523328818949973,0.22843099634868397,0.1669418117076419,-1.5204956537343124,0.8347970391802033,2.225190118671991,4.120576738263934,-2.349332572988709,-0.00877281117452652
39.352000000000004,19.442333976425214,24.695440185812455,0.8119789939603277,-0.07960317386039835,-0.023507639517633124,-0.005926871491260668,0.9965317846360878,-0.26940139523702594,-0.03937945948139308,-0.04198436483657892,0.5116278798990904,-0.2866578626392554,0.038760337886353066,-0.3131133235835629,0.042553967979774926,0.0020039656840322674,0.6835482142456032,-0.4002086802888575,-0.016103867476022007,-0.04291439598554415,0.08554173822292387,0.07079745164611413,-0.2613092385113961,0.0695150012495442,0.32626738709111386,0.12561162591672145,0.2665220186007176,-0.498495342424902,-0.44140212911739396,0.30111560469562104,0.018451954022357237,-1.2232463105710707,0.6935917879075522,0.9770863387081575,3.0070564800031865,-2.2726020824607285,0.1434597407920149
39.402,19.43989156200088,24.700567025484112,0.815104874733339,-0.08858399088537784,-0.023875646827015155,-0.01088314864283213,0.9957230473997422,-0.26175317027067846,-0.02815494647719003,-0.06625205210954963,0.49105645126428926,-0.2722991873743918,0.04323401068240882,-0.35442064704832804,0.06215940347060038,0.026950778145124407,0.7593634983214875,-0.45828959629706045,-0.005132345983977957,-0.04826565861173362,0.11535871378475174,0.04991776121978177,-0.12900529788220827,0.020267378961159842,0.3664112668832147,0.12426250398156605,0.1627977183959864,-0.43809035056248885,-0.35213546261456696,0.25897868509882593,0.1775615819882323,-0.6037610246796117,0.11501158323938508,0.16615234329024095,0.5646929413659124,-0.4907063001748935,0.22550797580458218
39.452,19.437820483794397,24.707013725599776,0.8169172614109315,-0.09732780585397503,-0.025063095439164698,-0.011152224722364865,0.9948742469972771,-0.25996506207795406,-0.025365028535253506,-0.08339662370562823,0.47842375108741103,-0.2629376715963251,0.06904121086513099,-0.3812428061563657,0.058082029026207356,0.02822160462379872,0.7680116819267716,-0.46809492797370134,0.00825155510429724,-0.03697920657340866,0.14223123830669893,0.024427316496294357,0.09036644000523973,0.05942679203126809,0.33686394058871433,-0.0033058332962119007,-0.03325827324159093,-0.2648508099596853,-0.22690468563308816,0.16210703822767344,0.6307648656253143,-0.44508376498352603,-0.25080340136743706,-0.1212101336293472,-0.12717490112413182,-0.04086359051890032,0.2627554070984467
39.502,19.436071310838713,24.714939471284563,0.8174567659278095,-0.10519439923193721,-0.027309807921612413,-0.006040033459186802,0.9940582632609255,-0.26054372663407716,-0.03127220033393508,-0.09298272463209943,0.46624601154574663,-0.25460262014280904,0.09774299657369807,-0.39455993744092127,0.039716799011959125,0.016704160658956017,0.7445583927203744,-0.4625218355607213,0.01968137566750408,-0.03332974032635893,0.17436180907278861,-0.004633295417237079,0.31092379484104193,0.07367455471773245,0.3093413602106977,-0.02950802771765232,-0.19748392348813165,-0.12586871787432394,-0.23852762446568715,0.16331530125551974,0.4874391451931697,-0.08941159597455751,-0.4229805314469483,-0.2550705046024975,-0.7492201570424202,0.26095158196286866,0.1976989185041257
39.552,19.434280472387684,24.724312529876904,0.8157997936740919,-0.1132523912569491,-0.02994770644566671,0.0050010462981227586,0.9931022204633068,-0.2642707413620398,-0.04748304853903884,-0.09721736040746001,0.46040314332409643,-0.24950776565646673,0.1120540698489558,-0.3742445696426501,0.014017370740941398,0.0018477910411107815,0.6508652319530855,-0.406388504716462,0.040609707854785085,-0.0407194399863675,0.19431480166717124,-0.07438177536341446,0.5828336787831075,0.015860000684532683,0.38551264517895395,-0.1468499690720372,-0.47906340775556705,-0.0507367047390203,0.13059266486841703,-0.028953072338490874,-0.053502847948525445,1.0446792927693043,-0.6014063946544477,-0.2020762550366459,-3.344668669784437,2.077621765615402,0.8171322686604077
39.602000000000004,19.43205299580206,24.73322920850782,0.8073956956153451,-0.12339116906021665,-0.030201661925274865,0.02714013873848981,0.9915270505055118,-0.27777953808316047,-0.08786696585579774,-0.09363943087590951,0.49269587105625645,-0.2668168968249387,0.07203312737069126,-0.29775866550163455,-0.032489480600606815,0.010395989916153455,0.4543348854673671,-0.2639056917439985,0.06807437130530669,-0.03687159150875332,0.16286672054044443,-0.22760336756813945,1.0705518956042774,-0.15745784152813513,0.2963820043912441,-0.3044771167653913,-0.9595789395658366,0.3240570302748685,0.8984862739772277,-0.5389690665126267,-1.2161412125309776,0.8236532793009381,-1.085203980527195,0.24804300407003702,-2.2591938900879094,5.702099985616414,-1.6412075157301569
39.652,19.43037086127965,24.742473297706923,0.8033379597949359,-0.12734121832633216,-0.029067836533256824,0.040725068046322185,0.9905961557703843,-0.29361181354326715,-0.0865912799818232,-0.04069349534551042,0.5298002157848287,-0.3028208035421392,0.06157611610386292,-0.31677095159672536,-0.05083992579418107,0.007296777675530206,0.49581693050987286,-0.21851516198219323,-0.01179078501551985,-0.04012982200681075,0.1867069273036783,0.008147422380036556,0.19654519065119633,-0.07749333127075833,0.28200446858359,-0.394343821484403,0.8989828130464469,2.3571859020451744,0.7320846691197239,-1.4553608112210799,0.010681817256579613,-0.25551594446791004,-0.037619239048379674,-0.2615328995974908,0.9010895940376853,-0.9184833930333923,-1.0149407404301398
39.702,19.427777591545794,24.750311562246253,0.8047212186129186,-0.13554490450182055,-0.02633468392191317,0.043495812187757395,0.9894656020339732,-0.3061249723449802,-0.05991480748309429,0.02641773601852287,0.5631758938185613,-0.3661284184420895,0.05629145309410386,-0.3085274792269808,-0.051118186528091046,-0.010093758248699592,0.5037770189434138,-0.2392287378249505,-0.04387530598535333,-0.05829808888537934,0.1279665947066118,0.033789647678744504,0.025593644049786493,-0.11831919859303455,0.3566859651781691,-0.15112931256011936,0.16134448541517543,0.43846657683550355,0.5958292357472902,-0.8760639292170759,-0.16150856544540068,0.37971846252511254,0.00373358525158474,-0.3836663976582161,-0.23244457319397366,-0.10586271773480806,-0.40187433137671147
39.752,19.424938144276663,24.75552110184393,0.8060052962011224,-0.14488025074238015,-0.0234808821372872,0.04338196666475242,0.9882187845245497,-0.3147008322609795,-0.05893978795048918,0.03194913267095717,0.5984086605502437,-0.38972468846744585,0.04299591785885008,-0.28899225833387665,-0.05060676295129637,-0.031869218295372724,0.4887756105196027,-0.2393599278520219,-0.06012106939704821,-0.055423109640907825,0.08435600110887237,0.01725916182318223,-0.07538143188341327,-0.07690049179118155,0.40071017025653727,-0.14413967402863245,-0.025745831034784256,0.0022091547245126006,0.7023321071348589,-0.19759277416861132,-0.3545469593697236,0.38354166147904734,0.02159649421044903,-0.4794695849970582,-0.3152543165663864,0.04510018434303082,-0.27145456635873416
39.802,19.422323964356238,24.75880342992378,0.8065194452579104,-0.15510529685127364,-0.021192574728647686,0.0407718751685877,0.9868286963096918,-0.3178298554053427,-0.060011965678797685,0.031991859368649386,0.6270440788770278,-0.39335076869983476,0.021865300376297074,-0.2709010884797758,-0.04843591690410891,-0.05724013790979787,0.473265214132601,-0.2371061788302057,-0.07078401792800244,-0.047961162485684966,0.04947220575603125,0.005071754409813151,-0.167050949920081,-0.032350481387195346,0.42280076957409457,0.010959086770679343,-0.013343022568324918,0.0042383485728167605,0.44101502722111807,-0.011029255537332139,-0.43394160090117906,0.3371925151911939,0.06765326447535028,-0.5252881428101489,-0.31274851996718905,0.044146494281861785,-0.1649181819874058
39.852000000000004,19.42016300757823,24.760511962181376,0.8067690684840574,-0.1661637764126557,-0.019478851758608588,0.03560011705895653,0.9852628103241495,-0.312961868176649,-0.05942503748187855,0.032785398114049694,0.6415202768827324,-0.39301151198965784,-0.006096699126243507,-0.2526188664724347,-0.04327234542539535,-0.08542421023570372,0.4530023995387796,-0.23265330048609376,-0.07791177835566153,-0.0388479630163301,0.019948688336603494,0.006243366368670515,-0.2685344561617458,-0.005363014693858426,0.45613424488397847,0.2007343987196298,0.040343693258871355,0.04397079339925439,0.0658417005935621,0.05450301549762121,-0.5703555412197554,0.4014443701739142,0.1389647982898816,-0.5861124171477945,-0.504580667987675,0.13892445301594253,-0.11238941390173376
39.902,19.418548828905553,24.7607268495664,0.8071068083803971,-0.17753078297114444,-0.01787842721370622,0.028125397946262298,0.9835507841125342,-0.2976533401929636,-0.05617021748500814,0.0369753279514792,0.6294463575580008,-0.38284662679968934,-0.027512689539745814,-0.23128991329640108,-0.03442661118605894,-0.11482303554361145,0.42345285841890157,-0.22334339070351072,-0.08127690833570748,-0.024392886023218267,-0.009984634580124194,0.005136874398052736,-0.34894960089628174,0.01807517771631909,0.45292049705945625,0.3699291596824673,0.07419813669143002,0.10023230281899692,-0.4907201104728412,0.2965565422138962,-0.28714711002330656,0.4253769955235052,0.20993665041298631,-0.5829539030068119,-0.6384963142252033,0.21708222248700576,-0.02743644616833785
39.952,19.417627711291917,24.759420130706538,0.8072727612984223,-0.18863568847339848,-0.016134232004485716,0.018584385054069733,0.9817387046581967,-0.2710218946826117,-0.051311002805771236,0.0450763918345218,0.5746669643520651,-0.3509415050712526,-0.03257301732488977,-0.20822420412425954,-0.02172561208147517,-0.14375872034734846,0.3877993487550626,-0.21053326837636122,-0.08043565324647983,-0.011582215069049932,-0.04108744866055597,-0.002547271574690612,-0.43633825068857857,0.01009432403699125,0.43101323597430385,0.6589001504811591,0.10845422406916652,0.20207496462915533,-1.6314771165193687,0.9215632237247021,0.0028473226990442845,0.46141299918802664,0.2956983997239641,-0.5659895847708072,-0.7219719617217055,0.26388991865675937,0.06365968152913642
40.002,19.417602987763512,24.756475069869627,0.8074549285716304,-0.19851188276773007,-0.014323186117053566,0.009027417452108007,0.9799522358123448,-0.25068313927011904,-0.05154279773357303,0.03364532478981885,0.5175898212051391,-0.2898588208945982,0.008089095917548505,-0.1855493094026331,-0.009572655984277733,-0.16858124591213536,0.3508199950404497,-0.19595179287265452,-0.07321251179265548,0.00517555793765813,-0.08253192052692647,0.039110966707173095,-0.20513166134679697,-0.019151607420434553,0.36976840789399773,0.19259587642614284,-0.13428345471300807,-0.35992645253270433,-0.4050820650882703,0.3127611763738984,1.1076619313860414,0.5737213023603895,0.02606430589758107,-0.3784708246419206,-0.9348912475294966,0.40273145278140576,0.25923544198069864
40.052,19.41751386577021,24.752142436797318,0.8102489076031999,-0.20696527433142545,-0.012668432301027955,0.006653351375979298,0.9782436398768053,-0.23448288230083833,-0.06072078109488401,0.017551708634384922,0.4894638893580979,-0.27863189281898904,0.0357886641890124,-0.1553274113844237,-0.013089414482593162,-0.18206993937982796,0.3054245636369105,-0.17894342834964772,-0.03597998586964282,0.0005560499477044437,-0.07160122965011259,0.04555394433223411,-0.12442192478201573,0.02578936476242688,0.3290062748211895,0.20924040561349747,-0.13983369342073898,-0.35603760619707614,-0.4948514223454152,0.18383379213414058,0.5041793395418389,0.25073124172324746,-0.0908380422588341,-0.2071920599939161,-0.3148358647811807,0.0035620953327279298,1.5225680403146071
40.102000000000004,19.41761788750872,24.751166987523227,0.811729808248715,-0.21624986909857744,-0.015538477940028774,0.0006178529162380806,0.9762142019433696,-0.2365125935443554,-0.06309159678161465,-0.010295257469081756,0.47214319357830153,-0.2812527606233555,0.08815256483364771,-0.1994080745956838,0.012619896420033298,-0.11375318568307034,0.4164772114843553,-0.2818282930082983,0.005799549647752871,-0.014926761163819698,0.03205368766059062,0.04114641188200193,-0.319249340456246,0.20544219794625107,0.466615755501376,-0.022163413689359424,0.06145130198467352,-0.7657913011136774,-0.4625109923125534,-0.2390026761488039,1.6640651812092966,-1.673842613463075,0.9889417679004086,2.490033690149879,4.350842810930111,-2.969908691546448,-0.2684965199978295
40.152,19.416038635710184,24.7544217972638,0.8146741641320407,-0.22440908937394774,-0.01787549135956985,-0.007378134335295425,0.97430313072921,-0.23546247413327512,-0.05128819476602462,-0.0381622921492924,0.4488745699734224,-0.2770160698194847,0.127114780774194,-0.2955665456674844,0.060436161325189565,-0.009780790233150708,0.6504607247078201,-0.4161479487796138,-0.022303846067460525,-0.04939085956697443,0.08604586299591031,0.06500815200680468,-0.2660445060284127,0.10284427153732534,0.36410439949145107,0.019779193107339523,0.28487500294275836,-0.526611159113674,-0.3688108154820626,0.31346674715453193,0.0566604857769725,-1.5080044665439925,0.6333134721930218,1.1040959995648703,3.1498330942656403,-1.6972554051331445,-0.14123535824360456
40.202,19.413174194512898,24.759491769316252,0.8170880389195654,-0.2338551028992558,-0.01828534216829601,-0.012474723166262648,0.9720194537105171,-0.23439245835689343,-0.03943668095286334,-0.062298165124648246,0.43478465378683934,-0.2672999113838965,0.13660541168227486,-0.34931119949395895,0.07574746032357976,0.018258714775613756,0.7323927234977442,-0.4543082912973468,-0.02112821046886307,-0.059286737820249034,0.11542153306593506,0.028275334749546705,-0.1273329677547003,0.042002734463000894,0.3845457319984513,0.004831978142838408,0.16855652240722938,-0.4319651571377098,-0.21355043146020336,0.04999049936419567,0.4114890867389257,-0.7859764640059889,0.0380475706598305,0.21426393292016666,0.6221827500509942,-0.2353076862878357,0.12585211050006556
40.252,19.41040406073505,24.766091031302675,0.8174403521528116,-0.2427284742845006,-0.019546889354564806,-0.012921601550235506,0.9698112389024248,-0.23577376522658677,-0.03628065568335199,-0.08013990202908267,0.42508201568850107,-0.26921605375558444,0.16697914614107126,-0.38087262802565164,0.0666678690981813,0.01947040726362706,0.7398966544305322,-0.45663300070851,-0.007277943708246711,-0.0523178736328249,0.14859463178955895,-0.01012383451327219,0.09415516676741871,0.05826631928742857,0.35497138401261585,-0.06596723581179142,-0.02627944738994322,-0.2892604997120158,-0.1717474458354858,-0.05971231873735674,0.6095762576872898,-0.4754266083357497,-0.3545035422961118,-0.1275367798112572,-0.20984242424028174,0.014085615371095848,0.32334174137355354
40.302,19.40785393636127,24.77453065469245,0.8161591678616735,-0.2509554502095844,-0.022504114480105322,-0.007972828140867012,0.9677041701124408,-0.2411373518498108,-0.04208803753490671,-0.09093009079791894,0.4178356236121495,-0.2707654854241654,0.19119815551090943,-0.3936982482885303,0.04394067226242924,0.009326456970845743,0.7123300190243483,-0.44565837285445026,0.007100267768043836,-0.0503222436569812,0.1883147731541442,-0.04098474406212663,0.32639605160220353,0.06773834805121964,0.33424886240220825,-0.15022388711942702,-0.20130129552337966,-0.1456242760862212,-0.10671077134493195,-0.007904939359810719,0.3644064618717103,-0.04861122607085769,-0.4954721322228143,-0.19859770618192388,-0.8085818746660876,0.3786030442570074,0.24536686430174126
40.352000000000004,19.40518831672188,24.784739671287415,0.8129124395986889,-0.2595449414268724,-0.026531404220440827,0.003333350570481719,0.9653607598943451,-0.2523292536433838,-0.05892816219965204,-0.09554768395421574,0.42102769704272713,-0.2705577042268672,0.19361650340886516,-0.3696528315046718,0.015239151961426965,-0.00019438725394290394,0.6179811883024952,-0.3887654745680186,0.03163884605958379,-0.05695641532486324,0.21251103778105238,-0.09749730582051887,0.6348582682037387,-0.008744393914792703,0.42348002339679597,-0.34139337913550566,-0.506660461882205,-0.03149629414394814,0.3814978764756073,0.007687054125211418,-0.5125949550669242,1.1390172427431027,-0.6748867711346037,-0.056935015482917295,-3.2883630014042144,1.8804131293944473,0.9406673572985977
40.402,19.40245406157757,24.794964216375345,0.8053402976920012,-0.268825511356835,-0.029525900331358407,0.025624727407347028,0.9623951574060723,-0.27401049651218234,-0.09710918861060105,-0.08858149570661435,0.4610955159071558,-0.2755771155963577,0.1430123816789505,-0.304467490400372,-0.029943270675634147,0.008864736549736312,0.4519145963723986,-0.22495915863925992,0.04459100709040585,-0.056067431939453544,0.20383004239709504,-0.1432753706974244,0.8894501869455252,-0.2338087692965613,0.1971897635780928,-0.21813751698921516,-0.6492912687220483,0.339006955936632,0.6861325373917172,-0.07243070042037286,-1.1861830510094027,0.2844888956688461,-0.7384532996765797,0.15631157939008572,-1.103835201044137,6.140400131846562,-1.2070392932030662
40.452,19.39946112369435,24.805788768396816,0.8041358455966259,-0.27334899616184605,-0.02815753744732032,0.03706658137257224,0.9607879828180432,-0.2923104313071961,-0.07967657304219554,-0.013384006658097372,0.5016886115083543,-0.3090152865625058,0.0973488226393297,-0.31534987241320656,-0.04022620637822475,0.0026897460234362844,0.48239008167746456,-0.1980450403580156,-0.019973961628150676,-0.061619265925319126,0.2055287888770494,0.02862363608248919,0.18823868973552405,-0.13219506521231816,0.3152303826729037,-0.49644919008225374,0.8401846589576136,2.294437963044131,1.204771351095846,-1.528985619368771,-0.7349207011879649,-0.003814403937546843,-0.025364835452089656,-0.30186413944740237,0.3444640803459196,-0.49648610679619876,-0.9335373099805098
40.502,19.39625013366596,24.81441353583954,0.8059079644646177,-0.28140325340977346,-0.02501085772207063,0.04072175474303819,0.9583988755508063,-0.3080638110393339,-0.05928430208972694,0.041679353647025894,0.554800532658675,-0.3652181548880539,0.07326956457686569,-0.3024069904144362,-0.040367361301799645,-0.015296266694982841,0.4767104416353031,-0.2060806999256991,-0.05000594861262741,-0.06233945585561741,0.14312211232096925,0.03262873870246035,0.05456722173276356,-0.13330047119545163,0.34593603066883843,-0.16907982926197124,0.0862013461971741,0.3786323059980763,0.8027088887467664,-0.6905236594305848,-0.2921850871819791,0.3465674760161762,0.0010379615999202803,-0.36805568494727325,-0.2991801376160652,0.020768752553916008,-0.3938318936689987
40.552,19.393173144277764,24.820401579369904,0.8071284028384529,-0.29060624763267057,-0.021608242239863917,0.04150798194074436,0.9556977451785525,-0.3127077719063004,-0.06038354907476437,0.04707959420051116,0.5936947837985165,-0.38331401840798474,0.06081889991195128,-0.2831903785716067,-0.03947659394135126,-0.03772806536003574,0.4587052522275307,-0.20149061913164007,-0.06670783078474027,-0.05923520694873707,0.09953966782451974,0.016857431685277657,-0.06431062572520463,-0.10271215310783499,0.4121181192526277,-0.007686812167890196,-0.06482212219423657,0.02198885438174985,0.6995723328755649,-0.1780210412259887,-0.27081951291699313,0.38509190267782833,0.03456990557212917,-0.49737883652040704,-0.37680967142380006,0.12639447953773855,-0.2965038426644083
40.602000000000004,19.390424457273625,24.824452872973907,0.8076811873138321,-0.3007182405339468,-0.018493337459982426,0.03955935630001557,0.9527127550363159,-0.3078912613552275,-0.06359211433327162,0.04783001189658944,0.6220174085076478,-0.38953530372996686,0.043898981834889286,-0.2648456259034506,-0.036296966745828205,-0.06385466655416026,0.4397472964152063,-0.1951933711330555,-0.07995594065071832,-0.05060688953460526,0.06529550569642331,0.007018501894317787,-0.16035585498669097,-0.05469414162110137,0.4349375142434869,0.19478517357185712,-0.05627282594603937,0.005751867378379356,0.43457635808819134,-0.09357828758643812,-0.3708773662406157,0.3558813801002125,0.09340443816809246,-0.5419847373425687,-0.39193738642691234,0.1217224431024928,-0.2239945613984364
40.652,19.388182105161835,24.82701344614043,0.8079772412599942,-0.3113188671757553,-0.015650614648147335,0.034966052877127056,0.949533041209064,-0.2934606846682028,-0.06484447475594039,0.04814784606307342,0.6363863544545891,-0.39562199068777343,0.01798858193149439,-0.24634103727524861,-0.029510215051802197,-0.0919240795681235,0.4165572089933271,-0.18756413617950318,-0.08962884364487923,-0.03945229940590863,0.038253064937300366,0.006197282060621821,-0.2562232083142001,-0.020712193073068742,0.44986613775467843,0.3880003280099824,-0.0019462653619472066,0.00206253589591913,0.08946290798211953,-0.10686729322787716,-0.5517165022472031,0.39849919338062006,0.17304138138574623,-0.5744739771659122,-0.5480852747407269,0.18929379976279107,-0.15269410423107152
40.702,19.386630027466968,24.828262205138785,0.808267929393116,-0.3219854137501798,-0.012824631841957661,0.02818551363483382,0.9462380773205997,-0.2702091456253122,-0.0641111660778803,0.04842068350895398,0.6285644124225707,-0.39725269023417964,-0.003109140870603184,-0.22564143639026604,-0.01906405003909481,-0.12038707112571663,0.38538393165939916,-0.17614591802746823,-0.09462101592412883,-0.021413274642902515,0.013373041367172657,0.003756945273039287,-0.3263702417447298,0.0127011877680958,0.4380993663361255,0.5028013663970675,0.02282232893964064,0.00772988091018154,-0.362710495037777,0.008611034418128634,-0.28409790170714705,0.40394913954328754,0.23853388533065029,-0.5558593303687884,-0.6615060212732796,0.25322667927461545,-0.055345120682656054
40.752,19.38594552155016,24.82825808009637,0.8083903119016461,-0.3322639115603778,-0.009815329324353113,0.019512303633118032,0.9429335196034674,-0.23853621302730574,-0.061260434640764014,0.05127266269254812,0.581757914268306,-0.3799740296599495,-0.00748558610663765,-0.20339865766212203,-0.0049630522985214965,-0.14793766037076084,0.3478823701013627,-0.16125561021968687,-0.09486030212531245,-0.005018032154302623,-0.011831303541438307,-0.002752093008314661,-0.4078980046873902,0.014505206376646453,0.4170579453709669,0.7293727155757694,0.08424507493684247,0.09981191023759231,-1.4728801590569087,0.6670436021479564,0.054318602436757984,0.4437137806397053,0.3222210713661914,-0.5378878033599747,-0.768479797688111,0.3097320766280835,0.04124176330098597
40.802,19.386213005179346,24.827224654905937,0.8072983821589166,-0.3416881140381395,-0.006210771102976693,0.008029035824050968,0.9397585826323172,-0.20136323121756594,-0.055073011118322655,0.05408477958575459,0.4854184625653476,-0.3297215065501013,-0.0025924167952472046,-0.1862645135623084,0.014769381407750498,-0.17432179930726785,0.3175727245469856,-0.14981139585948144,-0.0903874159630559,0.012734282480341945,-0.023892135437042973,-0.04876145321254018,-0.5903361785346525,0.038646365593302034,0.3786183115282165,0.6825063639233238,0.2623349920465373,0.039590537010052905,-2.0628109226048372,0.7918295059668368,0.2991008539753426,0.20354501011620674,0.5051909909235561,-0.5375307849714815,-0.3695311921722366,0.10735625887307224,0.11735865409884351
40.852000000000004,19.386971843146263,24.826062435787186,0.8052698420878607,-0.35092003211314243,-0.0030239377108274403,-0.005000299579293661,0.9363871976199533,-0.16856383357327326,-0.0425970744860391,0.02980150040401506,0.4059138812479082,-0.34859265770478043,0.07227512087051464,-0.19212545294697592,0.0408783390742902,-0.1822078215823705,0.33314556372336984,-0.18284143799496866,-0.056061610372666,0.035077120613924484,-0.0030391799998169067,0.018885003135762073,-0.31280785131791644,0.20045017143591182,0.4965270657210029,-0.4454082215874244,0.02714863630958512,-0.6829721566357205,0.18315625327003437,0.3453222710067872,1.2532762657693555,-0.8683263604223265,0.6614435162766764,1.0210936840134572,1.6975181681287261,-2.9642782344497554,1.2882144685647439
40.902,19.387652012835318,24.827497119907367,0.8078520025736758,-0.36061787916407145,-0.005064305321458855,-0.01344608487590172,0.932602970636663,-0.19215189213200046,-0.03696742274528445,0.004812693562978489,0.4154557454737986,-0.3074551225774947,0.15849441734758943,-0.2763340978239685,0.10108208761684102,-0.05637998346205424,0.5177887915862545,-0.344256663072647,-0.05019466832725448,-0.015181283286375809,0.046651611808579393,0.06843575762725497,-0.30008051214984366,0.10458880509574514,0.3250649594241871,-0.26555578181641815,0.23624558640799584,-0.3152215833293132,0.007466483228459664,0.9963869970844318,1.9426368986739602,-1.783670819287183,1.0969048632569272,2.020871333289875,3.994594617887343,-2.550842547464419,-0.37329369930747175
40.952,19.38607144767865,24.830242669706134,0.8104877031862506,-0.3687809288542313,-0.004558199731275879,-0.0190662089509582,0.9293095980376292,-0.20087699195687622,-0.027912237957528233,-0.00983509784118119,0.4131485952785725,-0.26628008048414875,0.23870847058549213,-0.3445402295346024,0.12659971940930034,-0.006020847754687385,0.6539224778242747,-0.42415595912393483,-0.051777073844502565,-0.046498498692755456,0.06252766165047287,0.035186085113603986,-0.14692243715404738,0.023564298971892512,0.3739333380759286,-0.10803516344610203,0.12534348998883627,-0.29052762339661,-0.07079324402838029,0.6377518892918006,1.3007630497893528,-0.981075459569754,0.0831285291865388,0.4681283162701353,1.5879281483428491,-0.5148697626728004,0.13982973301031587
41.002,19.38296912322904,24.833955781076426,0.8113926088442827,-0.37735087600012357,-0.00452567971788221,-0.0206124107901869,0.9258298780696422,-0.20503833633313975,-0.02409532955381879,-0.02529392752616977,0.41030690008192583,-0.24789154196107474,0.2698082942821483,-0.3798312418532452,0.11657880627834312,0.004483409167397218,0.6963376815928558,-0.4317450837865471,-0.03982233362095549,-0.0771826001926622,0.0870935049306855,0.005131149038115695,0.016280712457547163,0.016327548957353694,0.3561665157483626,-0.06915212455776847,0.03809964946110018,-0.3234624832734122,-0.047573988563729276,0.13732438841256064,-0.02901688537347128,-0.50662993131471,-0.38270945757780317,0.047497212334383254,0.3899740777695444,-0.012112598153640908,0.2808358793340451
41.052,19.378235372354116,24.839205329833934,0.811233672911161,-0.3853725242871265,-0.006513309816146654,-0.01859518230572569,0.9225507105383549,-0.20943302261252678,-0.024742371681556324,-0.03939085087242104,0.4069430737122662,-0.23948754326505975,0.26878822519919504,-0.39654081333449903,0.09276357480068338,0.001687709266131176,0.7029652636863967,-0.43202399841711037,-0.020600905946150553,-0.11237713865963929,0.12201732322096674,-0.008735389646634851,0.1785352173726493,0.05266641302610662,0.34041147229954505,-0.08824882241428689,-0.056062030751570076,-0.23814811717511675,-0.11307118126474777,0.22035409386151755,0.006223116827820523,-0.1470927008258732,-0.5404074910000121,-0.15509763994623324,-0.11124784216811806,0.002968840144430539,0.3848545736708472
41.102000000000004,19.37156736165937,24.84630244720417,0.8105115481603464,-0.39282188127611245,-0.010770294521038278,-0.013050353442695024,0.9194588944708986,-0.21320165901718227,-0.0299036005288253,-0.0491864652162767,0.3981299521543984,-0.22636958077039374,0.2692129439568672,-0.3914721631258629,0.0656820274662383,-0.007414053921822355,0.681217243676298,-0.42206649321132134,-0.005040942565593274,-0.15148508396287547,0.16001630090914604,-0.022080460498424367,0.3583312153332485,0.0791003180258918,0.3092283351512892,-0.06776956190287445,-0.16771490795829933,-0.16695109234482847,-0.21613874265402747,0.25789244637974573,-0.022459315432093716,0.32481070332095197,-0.528291111052437,-0.15672185082245502,-0.6987990739637491,0.35440056307863277,0.2443410165490406
41.152,19.36299412290555,24.854863953498835,0.8085675957404019,-0.4004558723540191,-0.016802304426446948,-0.0022156107190731793,0.9161593027046573,-0.21518247420558703,-0.044670865558296545,-0.056885197313334954,0.38840943551459184,-0.21493703357850422,0.2666041496194078,-0.34705435649643535,0.03603711593329103,-0.01529116368853954,0.5902091100323568,-0.3665446095677614,0.01860597723929344,-0.18727560397858242,0.175124395861709,-0.06655260999538531,0.6460952949557325,-0.0011749260978262815,0.3892056816746599,-0.041363831874150665,-0.4734873690292322,-0.1347911068415664,-0.05694539558971595,0.12872834413256695,-0.09460453790229766,1.5565165595360917,-0.6849477153703457,-0.0374440953512984,-3.249762767680211,1.8799432409881682,0.9428983845842813
41.202,19.353592783555026,24.863774399562686,0.8033824611049794,-0.40802412637402624,-0.023912655356637988,0.017104249780994833,0.9124976393667743,-0.2198713894847372,-0.07583978074150775,-0.05951406720216474,0.3978623884185881,-0.22426182192177538,0.2311507224376109,-0.27693963045694026,-0.0019390342792253716,-0.010617757598089465,0.43665660586636634,-0.1930776932689141,0.021597261690603397,-0.1942704320221412,0.19903176856191632,-0.061622966143061904,0.62874927073491,-0.0754038116364234,0.17128890958726173,0.04524302099534947,-0.2727575313784963,0.004215674752923814,-0.011808184612303013,-0.26064236535296925,-1.459255051510937,0.060734708672749466,-0.32029972510879245,-0.033992329074659704,-0.3538100494390481,2.903240679542278,-1.4974531726169302
41.252,19.34428746513545,24.87334556338762,0.8045576315402974,-0.4134484460443548,-0.02580808985570771,0.026424249392045743,0.9097780410658275,-0.2392307353162973,-0.06038575411281896,0.004057134509185808,0.4483499823597164,-0.28078717464522374,0.1281813843896163,-0.2788678482860098,-0.00599313439810441,-0.020127098819744414,0.4514824916376033,-0.19873303207735413,-0.03847429222153789,-0.1808185819320919,0.16513687683128833,0.05254640462064297,0.2422886658292996,-0.11593157578257646,0.30873866730920185,-0.5829208980363118,0.43011689902181016,1.5353659230859915,1.9812282294740131,-2.2707550440338196,-1.6366216126038675,0.24186485269324165,-0.017920258287744285,-0.25365262818429607,-0.04932022929142696,-0.4248184391675765,-0.6153621360679773
41.302,19.33538603541399,24.87975851558392,0.8069653597810768,-0.42029624052630105,-0.02411909198956275,0.03248698977692223,0.9064843821579562,-0.2589122523326164,-0.05378033374892248,0.04116348473360833,0.531426066275848,-0.36486881608118543,0.07496359620475976,-0.2577302101778575,-0.006543058323981758,-0.03375554574296762,0.4374370672202937,-0.20888656176739256,-0.056875586954742374,-0.1752145863587319,0.09708854624064028,0.03783519187619918,0.14786186897513628,-0.16400690727309336,0.31440486386756133,-0.219549259348036,-0.07763094158437811,0.2724743927087512,1.2297135044195173,-1.06927287578183,-0.6294753532417461,0.49397219698693057,-0.004823185030836911,-0.29246842909154314,-0.34569830429156656,-0.09014053761387716,-0.2690475075309857
41.352000000000004,19.326802544001776,24.883289268687182,0.8081091181688927,-0.42795578802947026,-0.021476087587352474,0.03645567221321388,0.9028087311925485,-0.26714917706786034,-0.06149880687788772,0.049944697692736816,0.5854845888000977,-0.3959599540114092,0.05891714065141304,-0.23370923155391757,-0.006397173545595882,-0.051785333960810455,0.4224837758676114,-0.21187757920941885,-0.07082996975545047,-0.16941776509971537,0.04665359535480693,0.011876992405693145,0.04980109752593143,-0.13709483712390688,0.3738760641821501,-0.08908807178699137,-0.19054356416825535,0.15951824558882682,0.9125217279697,-0.3218234348881744,-0.15601622756296288,0.47643672616989635,0.017181886723154186,-0.4154104653415372,-0.26605594177915326,-0.04968728588758177,-0.2935753834131372
41.402,19.318452677014893,24.884444734674165,0.8083936070083821,-0.4366280044997482,-0.018506755042241006,0.037930028824449284,0.8986516558810489,-0.26758981772329204,-0.07163557447886107,0.057912141898305534,0.6222821875795737,-0.4043613352549432,0.05138494141971209,-0.20985842571038898,-0.003958324493521262,-0.0739747578999491,0.4091805002253273,-0.21479752656102746,-0.08565506856699,-0.16377024332031623,0.0028963743275093436,0.0015548267100507825,-0.03878454053294501,-0.08920421521194659,0.3950797029854576,0.0522374519696507,-0.21010625605522748,0.15572748040829543,0.5733855584475107,-0.0711215588869587,-0.15385489943817193,0.46628484487115424,0.07989505515431597,-0.4511787689462033,-0.2686483506174243,-0.07323945492529078,-0.2825941772056037
41.452,19.310965223618485,24.884213514900065,0.8080046150355387,-0.4453019928988561,-0.017685300724300218,0.03632821564518042,0.8944683482419236,-0.27210245900829483,-0.0821455683980567,0.06350654034177866,0.6499138466030608,-0.3961828442862588,0.032900332741679236,-0.19522754749983684,0.0013910529616327437,-0.0967608757848912,0.3994752254967848,-0.2156177866844767,-0.10593579898973633,-0.13125867525627327,-0.004765454831321522,-0.016694933993437633,-0.09398188426657622,0.1288917149933654,0.34945368628333046,-0.1997844722810435,-0.22290502569835918,0.0019672606903791117,0.280328698053687,0.4593125575867956,-0.7012517153914231,0.06621992309762427,0.1226188868915441,-0.4309702482210295,-0.0615991113620528,-0.022581591625843403,-0.3630582056826571
41.502,19.305153640776165,24.88378976205946,0.8071756188584797,-0.4526984018008695,-0.01924791472737959,0.03201995832621733,0.8908806862057191,-0.27682211944876145,-0.09211161782513709,0.06124460846016415,0.6418549542499384,-0.375793179857381,-0.0022784100280570166,-0.19292190520927643,0.008707505030157067,-0.11707243779745342,0.3948850906053031,-0.21742465515704623,-0.11568033034351753,-0.10271035943742922,-0.010428480519805505,-0.014390070327944413,-0.16500232077213267,0.14920603391896586,0.32207657478877527,-0.01843747317199772,-0.15213551080094456,-0.02086836456997963,-0.4327797170992471,0.33276776073600706,-0.6125837402163976,0.08097010126394476,0.17556061077542648,-0.41302012328542687,-0.19715119837807446,-0.004323203423420036,-0.1024615610897062
41.552,19.300804236611203,24.883122825821154,0.8067133536309298,-0.4595972571041618,-0.019804423955894945,0.0260387872654771,0.8875247194370696,-0.2694415457254033,-0.09732121493772546,0.06482474382184654,0.5960120673282163,-0.35193446367918607,-0.019143212645743327,-0.18556808688993473,0.019516096969162768,-0.13686735856872184,0.37732752988363494,-0.21360311700984555,-0.11770951732660413,-0.07366061540828019,-0.016139703595033323,-0.005790466893227481,-0.24862287713291073,0.12279881614104839,0.2871564381666997,0.32387866996609294,-0.03877893129882187,0.18790161756786994,-1.4108455054978237,0.6740107620222927,-0.05831316492319952,0.21880744770608723,0.26343820680430613,-0.38944388373858124,-0.49128093569196424,0.14929537386814454,0.0062805841687466795
41.602000000000004,19.297907895682197,24.88231542171211,0.8060557182444609,-0.4658056711772976,-0.01846727995131921,0.01773666721979889,0.8845165045979643,-0.24737182889872542,-0.09716644070952163,0.07575971150483056,0.5046683884266686,-0.305332298547535,-0.01577764875453419,-0.17517484268129355,0.036273472040219065,-0.15626339762033048,0.35280907964870123,-0.20522797713026825,-0.1130453934231089,-0.04388459125032842,-0.013226751238739311,-0.02903347983783461,-0.41822979364132046,0.11142988645490598,0.25183953468423137,0.4709826527630587,0.03810224626588428,0.15223414007059996,-2.0104354894395646,1.0661741982772683,0.04855349996912768,0.13547805300462235,0.4330351117249717,-0.39233220617406667,-0.3789036696511892,0.1395635558367961,0.18705512756042414
41.652,19.29492722759595,24.8824116965808,0.8019678296394024,-0.4697571466637645,-0.010997211472627852,0.0005090227418079066,0.8827270390069587,-0.21315501284260863,-0.07867294873871855,0.04341372418120906,0.3706666658626048,-0.18676582138972464,0.018521724323028774,-0.1832250603480129,0.07607742437212386,-0.17595892906865307,0.3709912474061723,-0.2224961388988747,-0.05631355573866225,-0.06696681828788,0.025924543281093823,-0.15587569967430742,-0.949743035991449,0.07026560205089406,0.12272731653578862,0.21080975185095638,0.5877395381201819,-1.0938275303308669,-1.3923696956970795,3.7568499281775742,4.030323605454932,-0.7719995251421543,1.0311826581736143,-0.2458211479136311,1.5921628005212554,-0.9483850795265792,1.0834224087024393
41.702,19.29280714687234,24.884075273370666,0.8004551760393787,-0.47617633483359917,-0.009106160027085407,-0.011043494085483737,0.8792333121716811,-0.24661254506399133,-0.06279536442929935,0.013389461814643223,0.4150480467104003,-0.19298968984000997,0.08265767897024436,-0.25904302191724976,0.11647386185557297,-0.0791307851727974,0.5348523026637996,-0.32988942468893573,-0.046020176887547275,-0.06266115309333652,0.021686844935110493,0.04488302606561618,-0.30542213890152314,0.02576460099546578,0.2315762723219532,-0.24366722564369947,0.30510430490381807,-0.4213024376578727,0.5005904042172797,-0.4418049258735796,0.12544953345935464,-1.6596855654894012,0.6769486900011622,2.497845374436811,4.201804817583506,-2.0069149261900545,-0.30350655257816717
41.752,19.289053306509715,24.885324248542734,0.8028511017053148,-0.48112284796746346,-0.007127554320685693,-0.017578037054036277,0.8764479538149477,-0.2531690573888028,-0.04787940481555914,-0.006235839420318962,0.42411980695181817,-0.20085030985961855,0.08257363311648541,-0.3345884508011198,0.12485368610116081,-0.010660837362855245,0.7015041653603425,-0.41365203193454575,-0.0362979627849341,-0.09025688957403638,0.025430431598234084,0.04345456553264612,-0.2527844206306976,0.043022862510055465,0.2511882007504195,-0.05898306169728406,0.29159968017446686,-0.40170411467927075,0.05518593593409744,-0.03403116333068936,-0.025074585410685277,-1.1906043854583648,-0.12055599832016334,0.8089617920237453,2.1302930622241396,-0.9465752203575991,0.457727195272288
41.802,19.284131264272993,24.886721189681605,0.8043373951901619,-0.4869448733256543,-0.0059265900923650755,-0.02223173425629951,0.8731296100028312,-0.2565740683246718,-0.036289205511263994,-0.025090222909183883,0.42709988359082957,-0.2016967637715334,0.0816710701811143,-0.3796927634086125,0.10647863461864142,0.012387475103200306,0.7557811335260649,-0.43530133126262394,-0.014504519147806497,-0.10390021452867776,0.03189478833070778,0.015922719067532728,-0.11637397907355798,0.04794498028163653,0.26327080627698385,-0.09184582520172328,0.1658318389663325,-0.32741846014631115,0.08737107690421093,-0.019848987253697988,-0.0053517095200460085,-0.6928908701842461,-0.5176847564803703,0.2692616147373582,0.39965941681243283,-0.1336676745600503,0.3886177172137471
41.852000000000004,19.27879783208625,24.888680426095107,0.8045407759256468,-0.49238969798334714,-0.007377278779009974,-0.02312647131776681,0.8700362793597016,-0.263327319913454,-0.03327028658143829,-0.03722492162563835,0.4327980341087635,-0.20220582109546437,0.08838432629329619,-0.4053758555512921,0.0742487177467961,0.015231948005964046,0.757625704305552,-0.43729624181208354,0.007143400510995085,-0.11114634267122414,0.04622041848081593,-0.004602529188070629,0.0902526094261657,0.07420122776563025,0.2323211836867371,-0.1435082074611931,-0.022484827151535273,-0.1625276417470497,0.09245526884763519,0.002902501738176866,0.2020451271959878,-0.32777070357278554,-0.7068321988609384,-0.10868418475618635,-0.22890149521240927,-0.008702746435516657,0.39662869582395827
41.902,19.272805997712993,24.89142569555057,0.8039677712135183,-0.49682696642186724,-0.011554364338963183,-0.02000983990016078,0.867541969248714,-0.26925934670858,-0.037964154440165786,-0.04189917626979048,0.4337470242898158,-0.20061688067324396,0.09739401008334932,-0.40945692562887354,0.0408504539026439,0.004893510155491066,0.7335759540726832,-0.4324571694333352,0.022318997949036856,-0.12852195150371554,0.06452082910883779,-0.019078156281635394,0.2756349303644395,0.09095114132535534,0.18667444589107945,-0.11004418812331934,-0.15732068749335942,-0.03436985222028738,-0.033146064985660174,0.0538706953936549,0.14534891517810802,0.13012268020934092,-0.5842275706644704,-0.236892854976758,-0.6633859223170636,0.21605324162290432,0.22604978390421862
41.952,19.2657900115717,24.894942141929214,0.8024219491182817,-0.5011540345448908,-0.01786454861554395,-0.012633995512057237,0.865081426063201,-0.2729846604663215,-0.05066631484376958,-0.04269510457033068,0.43058548131231383,-0.1972508358516273,0.09922617329048586,-0.3794741137055871,0.01447263004669481,-0.011209141332411356,0.657271295326008,-0.3869123144495976,0.03737228798382895,-0.15104320996706935,0.07253840448570595,-0.04941958993287081,0.4853107921855789,0.03173059768621007,0.23955472451570273,-0.044109508294891214,-0.3623712015260626,-0.0011558754653758895,-0.03451075755359123,0.04537556289102626,-0.16582914229152176,1.1360279023945539,-0.4638527758256001,-0.30295134605861185,-2.6035922977198314,1.6610175339315847,0.47814208086987015
42.002,19.258147689467126,24.898510400076862,0.797853741129693,-0.5063802074877184,-0.025466903712224376,0.0016541673322580481,0.8619325878573354,-0.2760336899411821,-0.07642219120906182,-0.04017665633768721,0.43717394919247576,-0.2000163097444567,0.06480730567661834,-0.3107841611854477,-0.006424794097085421,-0.009351626255237918,0.5041294364568223,-0.24479625096378424,0.03994070713961723,-0.1513307763468389,0.08309453252218738,-0.08703211388183688,0.6010090103436276,-0.04156725222476491,0.15106571027363314,-0.0410705040852155,-0.40405360452707273,0.11421446734508901,0.1263225148300413,-0.06892987246035229,-0.8488816160718641,0.40466385127643234,-0.16255258419895713,0.3606788608466388,-1.1274326024227124,3.4064418587228893,-1.9394594319652076
42.052,19.251067824598678,24.90239817642769,0.7984918495082263,-0.508202617009252,-0.027887339985675032,0.008108245596741183,0.86074772883047,-0.28204378304607913,-0.0728060219925492,-0.01400067104265248,0.46098328911075137,-0.227522611327435,0.06871208439543068,-0.31027055654246644,-0.006888406577493466,-0.008955643891537683,0.5090554664059329,-0.23655999481489268,-0.022422885323434925,-0.11595280490950341,0.07018942845575592,0.047205081155018,0.16046730968523112,-0.011031872689316068,0.1947299405417193,-0.6510588412173625,0.28329696530586557,1.0652543935783667,1.9021939818326226,-1.9715394507218065,0.08361533400339685,0.060093636640260926,-0.03647738961392492,-0.15527554829600004,-0.010502361942914335,-0.1986497037686597,-0.7931031862670805
42.102000000000004,19.24583303009847,24.90420727490241,0.8013746588494988,-0.5155004746125187,-0.02657373217673114,0.01211926901965677,0.8563913946034809,-0.3080379101418331,-0.06467552355341129,0.014940003225043222,0.5573084622131332,-0.32952895187429687,0.06364651362609428,-0.28883154393531535,-0.012241681735419273,-0.024367547125740713,0.4899578126222989,-0.23867283304590184,-0.04732478094822888,-0.09274644595521861,0.002936028399728393,0.05864393459132118,0.09723003917325479,-0.17954052306214416,0.414961186998758,-0.26494212226215547,0.12318408965335491,0.5152577959694236,1.357314371847821,-1.7270451840325265,-0.1356087884161046,0.6082786702142207,-0.17201518293055756,-0.3446733438019554,-0.5083647402443211,-0.0018879063507219282,-0.2892192865081087
42.152,19.24161068556474,24.902892624367052,0.8038129714715171,-0.5250070039624986,-0.022841071571004935,0.015852297057946566,0.8506436597764042,-0.31540692120836866,-0.05995019559604614,0.029555217273633295,0.6191914832602364,-0.3863517739272266,0.05192395086362888,-0.25543361772769946,-0.02022214461166802,-0.04465428007447545,0.46424854661049053,-0.23854709284202105,-0.058701685046579334,-0.06159833897835765,-0.03775931472907083,0.02579629967842587,0.04661765412427689,-0.0824547979716502,0.34077049554005,-0.25861755760107596,0.05908781682346778,0.23253517341015326,1.265497580379188,-0.44764828571497406,-0.3306503229158995,0.36969332777170544,-0.1334845540537827,-0.271216924065209,-0.2259478456893738,-0.01894066159796863,-0.20436716596380233
42.202,19.239598065822378,24.900758474075236,0.8041674015608865,-0.5300130929651584,-0.023129777480685156,0.016081961176755775,0.8475213892309205,-0.32879022564313154,-0.061200729324206275,0.021040594523921683,0.6705098242537784,-0.3918974794591609,0.022744698290805006,-0.2484510897010821,-0.02485678867064753,-0.055115828386897166,0.4622674496173709,-0.2405535413927239,-0.06443935017466541,-0.02248393327787896,-0.04646726044168787,-0.0030472566067518683,-0.02347867822883434,0.07036144895361003,0.196539310995772,-0.20922992820108455,-0.00015332312646067908,-0.25474625741091733,0.6668306742391574,-0.003222845605323314,-0.6616606227053976,0.016623640949109147,-0.07428032635695248,-0.1986821388051896,0.041517134455535294,-0.05740411916641494,-0.03086631643773388
42.252,19.23924858303751,24.898246704607807,0.803915522806212,-0.5346661687295016,-0.023469811612471136,0.01338833784629201,0.8446312854546093,-0.3330133568505415,-0.0572913605752753,0.010788272511886925,0.6872730883885327,-0.3929120460738544,-0.021078401075708252,-0.24623021401019426,-0.026797059349046956,-0.0676250435923918,0.460829927506908,-0.24162620233963086,-0.06552631040591408,0.008730491275309362,-0.05286504592468239,-0.004198052080618736,-0.14178008416644447,0.07985467613962574,0.22213442335266773,0.03257911058686136,0.16612630496160588,-0.0634014391462014,0.00880975954385758,-0.012625157213063475,-0.8704456270673036,0.07882240592910271,2.5722728700704536e-05,-0.2754970206774077,-0.12487317578859453,0.02142188406594606,-0.01436397549349613
42.302,19.240582219092225,24.89544442633372,0.803867357702435,-0.5395159517518482,-0.02220008411266383,0.008180864177893626,0.8416428978682062,-0.32405497082043383,-0.047304483062571366,0.01090351607182671,0.6675519291359463,-0.3866308593969445,-0.05425151821044032,-0.238936190101062,-0.024173667110145472,-0.08228359541981678,0.44759560639257817,-0.23735340519194278,-0.06545791843052175,0.04389896952831418,-0.05777418795825067,-0.0002468196030347673,-0.26932005161789563,0.07168601387220754,0.22210135207780946,0.28457146360875973,0.21435712507787233,0.03339385353354647,-0.7137410285959624,0.2548439915147739,-0.4643125371257239,0.19099801880554232,0.10627119534740276,-0.307114846314427,-0.37177729234134466,0.1397549649234416,0.0231924331847644
42.352000000000004,19.24362053880512,24.892294640019728,0.8037693381321566,-0.5440571860883148,-0.018520541749483862,0.0004382089127107732,0.8388435943439753,-0.29754280413283285,-0.0347792858103197,0.017834099720124275,0.5932812803452864,-0.34753856758299967,-0.06664905420587301,-0.22563422745898953,-0.015370379166069892,-0.09795685019856683,0.42348962886144026,-0.22784805258771249,-0.06172425428376842,0.07643629693835534,-0.06752253532731718,-0.009077755755969471,-0.41689888183603535,0.02330369752285351,0.1888439310591643,0.7468822058860294,0.27164094725567506,0.21029484346346883,-2.190669531324692,1.2534012895627986,-0.07607631713288521,0.304709196968745,0.2477824163104112,-0.3137233610826708,-0.5181361442514416,0.20368480700574085,0.12000482216436761
42.402,19.248100824098966,24.888958219076567,0.8016951115540206,-0.5471193066993592,-0.011061158698775976,-0.011044857354572836,0.8369086725151507,-0.25437306543569926,-0.02075873144358458,0.0181341712318019,0.45828134801774684,-0.245136639816917,-0.07288467053443727,-0.2157303424228989,0.00445110558711515,-0.11283178935757926,0.40966925267164844,-0.22372069152170196,-0.0526438469993418,0.09855603448647882,-0.05882502175285594,-0.08060771627675156,-0.6935657749824872,-0.00916675626595928,0.07224753677862042,0.5957224284138217,0.24528291213194292,-0.5569411633933588,-2.177257231571196,3.8385814410656254,0.5402422889981172,0.025676411523422957,0.5657808249151816,-0.27614777393294004,0.05495086042035582,-0.07214251323623685,0.2390300034915165
42.452,19.25323099028481,24.887064903304505,0.8010052591401254,-0.5511006720912818,-0.0070263448095088795,-0.019789326126439834,0.8341744795128994,-0.2619788947542425,-0.019526602596721752,0.001556773009044906,0.45650397951997795,-0.22566865304962566,0.019898199173448896,-0.22781469635574786,0.02338111726716241,-0.08681202019863023,0.4356702780636015,-0.24105579939492308,-0.03683093288818099,0.08897032045082796,-0.005070340658217489,0.011693346343461293,-0.24692946224623127,0.14197264890640926,0.15397659529462457,-0.45209013815309157,0.03224172376598729,-0.22890230865866312,0.46208791930494764,-0.24272409977773446,0.7470094408064707,-1.1059712762224512,0.6758615662278747,2.169466105276152,2.694653683632367,-2.112369958672061,0.0033119256322885135
42.502,19.25579748204483,24.886972728487642,0.8024906900276843,-0.5534963805564416,-0.005077834833772034,-0.025374006207370948,0.8324494772136672,-0.2695877002430933,-0.014474628006222528,-0.009022287631640253,0.46106548934844716,-0.22832704511811105,0.04277460394316703,-0.2854388840870207,0.050787681214645275,-0.007897234706652873,0.5949490848295241,-0.3557899526961701,-0.03337537445373468,0.017855296168187953,-0.0015320387385835187,0.039640703008097945,-0.23739332125697857,-0.007153682884532876,0.1034706271427504,0.031635644121835074,0.16831651350775545,-0.22319283009981333,-0.09604478069207512,0.043589698509043165,0.25648117089225525,-0.9484273504201994,0.3709997244015166,0.8590978966781628,2.5697523444052055,-1.8161840555565154,0.14788119938511052
42.552,19.255429288988505,24.887180879500534,0.8042113558534285,-0.5560268080922093,-0.0020059854148404815,-0.029730856945687376,0.8306300264561718,-0.26808260172538084,-0.005673356766664838,-0.021158611552014487,0.45669331620379516,-0.22536163751065397,0.0515326466129441,-0.3259016046192416,0.06374584715061984,0.01905746269708892,0.6828334392876182,-0.407761954361678,-0.01748376911954715,-0.026248088321240048,0.009360462515744137,0.02665927987101906,-0.17334266854530278,-0.003164275302065928,0.12995954276455424,0.013582259980810637,0.15766442378867385,-0.2369743867169483,-0.06512435287210151,0.06280991100638343,0.11741622459401511,-0.7067093726762774,0.14280131633592563,0.2942213612147729,1.0922467313790536,-0.4340686036861203,0.35026937725908047
42.602000000000004,19.25333602498773,24.887933102412283,0.8049978915746069,-0.5587382700004415,-0.0007296790833219293,-0.0318013422997684,0.8287337858644859,-0.26831540297962203,-0.00033156458295728223,-0.031158900794610218,0.4548183182917424,-0.22271554085615974,0.05527797837235424,-0.3572404342357761,0.06595190136840355,0.02511489185924547,0.7158850558674891,-0.417630404403611,-0.0008533698973820244,-0.05515974120651942,0.02045116624099081,0.005989720550019834,-0.023747757547990737,0.0023683488869149557,0.12249824017215453,-0.013355650186495873,0.054482249888576494,-0.1524400322048551,-0.02348237594168728,0.04604020344777731,0.04093269908513462,-0.5524051790690184,-0.015157828927083953,0.013481122165702741,0.3724603946832428,-0.08983300883136634,0.296344876926988
42.652,19.249996273688975,24.88931447951253,0.8049266063347538,-0.5608919803877241,-0.00215965895760225,-0.030563024213981126,0.8273218380780367,-0.2689441992905298,-0.0009424566204852948,-0.03507085306699627,0.4515559615682289,-0.21907293671428543,0.05699497701092241,-0.3805827448808936,0.061467881416641154,0.018539231048913644,0.7277657693089691,-0.42388781479111687,0.013464615817670424,-0.07775944818707436,0.033847056891457145,-0.006065646477590151,0.15740166089038826,0.030946135073929987,0.09221724156769012,0.0014683875134306494,-0.073604997965122,-0.016221407064316556,-0.1319817830623128,0.10817664605165578,0.02235717590797223,-0.34343151285710477,-0.168375529986692,-0.2954701885816276,0.06509809623494876,-0.12832816436785976,0.22865404675542467
42.702,19.24543912494925,24.891353274786223,0.8044516157617877,-0.5626033100788764,-0.006606157260907558,-0.026161573683155637,0.8262865400313362,-0.2678590486736991,-0.007740018230706779,-0.03334902299759793,0.44077450608483704,-0.21150461442164714,0.057591147122524056,-0.38798383611080683,0.052131786348946246,0.0010661965817789693,0.7188350124449755,-0.4244056303154267,0.020808212532412187,-0.10347150398723814,0.04787150021125222,-0.013815219635202304,0.32403103201711875,0.06330659666661545,0.0730051518195181,0.028286054494743897,-0.19027945517611752,0.08835037891388813,-0.2734805077786845,0.18388590455441506,0.01158355928314119,0.03291588251422893,-0.17554514763511742,-0.33820176729236506,-0.4008682485632854,0.07632008711362796,0.08858226459169335
42.752,19.23957650005905,24.893852863663962,0.8033906828932925,-0.5642337954165919,-0.013509966820011859,-0.018195101369732236,0.8253039701785367,-0.2647110963335524,-0.021576730493705645,-0.027297692042369207,0.4257519190238561,-0.2020248165524477,0.05978694409507987,-0.36528339150806455,0.04047922597744418,-0.020549508606967956,0.6571381384689551,-0.3874972275381916,0.028486140561844776,-0.1291559891131928,0.049154910454401055,-0.03475365122423106,0.5154930099368378,0.016695612570609267,0.10956218476765239,0.08700766778507374,-0.3796447957125401,0.14021891430767863,-0.2656457696398379,0.15783079146839815,0.019039143906561286,0.9431449501068473,-0.29182779288462307,-0.4727115349834742,-2.277803912775735,1.474158447307059,0.33376718679206535
42.802,19.232993454147465,24.895984647615865,0.7993044365866331,-0.5670391657336926,-0.02246038891689402,-0.0031309718148152302,0.8233785960718402,-0.2626083964401319,-0.05074763072148858,-0.018356960768426706,0.42520479122636773,-0.20169192100185793,0.0424579287067862,-0.29429509571128387,0.0208127892027518,-0.02716335496137726,0.49401570857477817,-0.27117093879934295,0.04864302367186776,-0.12780191494736765,0.04744214676429735,-0.11809207760678044,0.8069375482797784,-0.0675244954324864,0.11307399241100759,-0.05244144186348453,-0.6761437444669105,0.2563068839435427,0.22745479429189847,-0.12140822439711907,-0.6610550728752739,0.9666908067126561,-0.32089650874640885,0.5523851046404311,-2.5388487288123676,4.746355332211468,-1.197736792543745
42.852000000000004,19.22650196729151,24.898562299167185,0.7988558081843367,-0.5671328393809547,-0.026630677845655207,0.0057778762034847095,0.8231754160807738,-0.26917838833094637,-0.058985584589230006,0.00011962811262704743,0.4540122906426447,-0.22497340437943247,0.05388142707521025,-0.2908318311829465,0.017423255452592976,-0.018906439337218233,0.48828738453860815,-0.23404886555969617,-0.03887878482442762,-0.10970765354479547,0.04999252313319865,0.04205570606536906,0.22004378762621707,-0.023270570744157112,0.08750518990695043,-0.6710145856029572,-0.016008192860157658,0.4702235422987688,2.0693359858535043,-1.6671697592440398,0.19083058843900486,-0.060393907134617786,-0.05756011744180725,-0.01891855708396712,0.21306768634176765,-0.25908995845082655,-0.8804808993783049
42.902,19.222239157294588,24.900387752522104,0.8010442522206139,-0.5691628432696285,-0.02896040180084654,0.010226317372778817,0.8216510058423572,-0.309587033811022,-0.06306351236153557,0.010330317053693944,0.5709223493336147,-0.3142969954808603,0.04439201427078111,-0.2880116807759691,0.0124151409733228,-0.020350210593076234,0.4868908896903257,-0.2374948237038698,-0.06672666922731552,-0.06879168084859856,0.02035699514301585,0.03751921944676499,0.17578942239917233,-0.05420015907341959,0.10278095687337938,-0.6566708079993706,-0.09436867437765878,0.008184718339827288,1.8705332677309179,-1.4965716360722123,-0.37554089330740537,0.14761301391567677,-0.12045167940668965,-0.033438571060216464,-0.11828983314978873,0.006851998637980427,-0.3458764102843764
42.952,19.21957159699449,24.900886664636904,0.8023010340778561,-0.5712995351397909,-0.029853350352981502,0.013946756413596044,0.8200799391567271,-0.33449004054368364,-0.06523465030089468,0.010347807792081573,0.6409040967468131,-0.36669869071654065,0.02213339972016328,-0.28147916170507536,0.006131343446142657,-0.023533141403287102,0.48316931023026627,-0.23745720044513277,-0.0774566123067277,-0.0403651521309418,0.0005205283197858093,0.01667813427980807,0.10085822104874352,-0.05376922762437696,0.11852937315126014,-0.31633977350584713,0.0005070752192709613,0.002983022906724129,0.9454763478228859,-0.5950898405283358,-0.4040057828727893,0.13116044468181848,-0.11828026139395303,-0.09295816941914425,-0.05784767954007036,-0.0038882147922735632,-0.1143042282023215
43.002,19.218253543646473,24.900527491274786,0.8029358657670711,-0.5738154487148162,-0.02958575023178167,0.01568385827444635,0.8182997805138797,-0.3415474169327736,-0.06393613305021847,0.01122461924553005,0.6704387884401906,-0.3830753597075025,0.0044163659863959365,-0.27445704106472985,0.0016394835428236274,-0.02943411921586587,0.47874304605042306,-0.23718082550671057,-0.08113648207407893,-0.013030246730353528,-0.012632110950816636,0.0104051176651343,-0.0012062929839908414,-0.02975091273854168,0.12984765724166683,-0.011121711839877835,0.04120113002641023,0.035973184083112994,0.3496981617106039,-0.16638802891761237,-0.3073669213158881,0.1444742689622866,-0.05789864023643098,-0.1380301673944576,-0.1305680376879375,0.02571241886674412,-0.052613662661983585
43.052,19.218269553150726,24.89969078356173,0.8035497604986317,-0.5766671384403556,-0.028214704676804737,0.0146435646613363,0.8163605256852039,-0.33651386543383155,-0.061308970566559096,0.012823155141382932,0.6795993566567093,-0.3887518169942646,-0.016108598621124886,-0.2651132223349751,0.0013104835038369993,-0.0378877073243724,0.46614255664890697,-0.2324954876697134,-0.0837565063992584,0.012662369405559412,-0.020377414400636968,0.014813662221788357,-0.12836780861109037,-0.00871727369476601,0.14077880364980996,0.2124668940593868,0.06068196963196145,0.027431253402067268,-0.0031926313334080057,-0.05803910465398183,-0.4628457799681967,0.23502496766543363,0.0424077319636956,-0.19233274854171176,-0.37534552994850034,0.16083825851818326,-0.03932514416863302
43.102000000000004,19.21958579827381,24.89852224970416,0.8043623367130041,-0.5795544443635613,-0.025319531933908183,0.010843940703899296,0.8144679099087347,-0.3192218921142527,-0.05760281570344575,0.014516986923571324,0.6637807478638073,-0.38703113322384664,-0.03563852487239791,-0.2509815098706435,0.006306599680657162,-0.04817671794985347,0.44124738033471167,-0.22115053554677017,-0.08435011171258246,0.039346354238048574,-0.02457390752060358,0.01496717516686142,-0.2536277337069026,0.007191608373883345,0.13116670236695954,0.43787762521979545,0.08656557530946371,0.03752589262103662,-0.5819035534882357,0.11732597121336419,-0.29438050093478246,0.3047913861395956,0.15452449208640262,-0.21817918721044105,-0.5819622415748228,0.2751787705910059,0.009549840434767635
43.152,19.22218323675936,24.897044967910308,0.8050330868840399,-0.5821321342156202,-0.02053722258141124,0.004385751631384795,0.812822961034466,-0.28574459796336654,-0.051431439415174494,0.019309242243277645,0.5974518736522214,-0.35899631201865523,-0.042268919677354425,-0.23239886509451835,0.01744831921686951,-0.05931377913983972,0.40618759723406817,-0.20453781951344074,-0.08124028515475092,0.0639322070158136,-0.03376661001384994,0.007759528886443015,-0.3907476075434321,-0.01227525910854069,0.10228565288334569,0.8734218545390416,0.1542141776686411,0.14324715225641682,-2.035351760923837,0.9770532244626791,-0.015090878495682438,0.4078478494254969,0.29059107811505974,-0.22393986631847926,-0.7610645992852965,0.35957638182563595,0.10933098941169651
43.202,19.225889010547178,24.895344713062446,0.804115039598803,-0.5838590203663089,-0.012817272228355464,-0.005650597522606601,0.8117342130384527,-0.23552548607213267,-0.04104765034856429,0.02273690028394491,0.4643910121687774,-0.28306909327984336,-0.04284874412839244,-0.21633786418958778,0.03836914120105756,-0.07099536614152935,0.3766837440826106,-0.1908614869042659,-0.07358889698559071,0.07832311966782854,-0.029509884745147673,-0.059916459472809595,-0.67068045140348,-0.01488307880573813,0.035490705547141954,1.0221373469758848,0.31602376316811653,-0.12385340623011853,-2.956338535080345,1.8407956147469702,-0.071474149601749,0.14681687587279757,0.6085381282983304,-0.25913722997162253,-0.25902662359593076,0.10964830470074749,0.17945916526614283
43.252,19.230054728097638,24.894378479498435,0.8020905529200217,-0.5857983099025146,-0.005998667198036172,-0.01580536182979063,0.8102805357680974,-0.2254681374184054,-0.03258050749276039,0.006178612045234196,0.41880378873734686,-0.21713606270092806,0.033405344615519056,-0.22466546153842887,0.060453714860961814,-0.07069618328214092,0.39706842876292847,-0.21750729603973307,-0.04779234414344405,0.08118390065701038,0.0035748307710980515,0.011834314310008628,-0.2346199237700713,0.126801639627845,0.10833936589766567,-0.472349927718026,0.051537137192247104,-0.18925113661414733,0.5794936490405388,-0.3777744763698951,0.7603137329400761,-0.9233878647400199,0.46696066392280455,1.010107276634496,2.0685363674466193,-2.651551077528347,0.6213427673388076
43.302,19.23239593961853,24.894545997295648,0.803761359849853,-0.586884736102634,-0.004121556921502052,-0.021138014270903185,0.8093840273016073,-0.23450204929660481,-0.026255495960507365,-0.001513033709361697,0.42734193807754556,-0.22459437345339184,0.05394238043412289,-0.28731521762665524,0.0831567574386831,-0.013947250592716403,0.5623131689858967,-0.3498876474509688,-0.0321942990042606,0.015818552020582334,-0.00014328319442747219,0.04180751603687352,-0.23267918980524793,0.012516718359654726,0.057155769787079896,-0.006492836709941175,0.19596685375830725,-0.17606843699041225,-0.03852299834470849,-0.00249908239745613,0.20563964836739265,-1.1595951764509682,0.2742617432923907,0.6647332476691082,2.9901091311256778,-1.987637714097664,0.22833477946929284
43.352000000000004,19.232095134669184,24.894555757143706,0.8053778563014684,-0.5879271846158308,-0.0012149103253648581,-0.025410157958432066,0.8085137435165421,-0.234565398246497,-0.01586603011635798,-0.009459898555238074,0.4265471606442021,-0.22414444692459962,0.06033544659328751,-0.3373100626035321,0.09101931822880799,0.013315186952026254,0.6722191258398196,-0.40651436201767716,-0.015492333345093225,-0.022999581959111677,0.0017682669274247567,0.02224437734715863,-0.1736361527023152,0.013789444858480568,0.058548523706569905,-0.02842102938116435,0.19542770298448384,-0.1512518635029223,0.024960477101041274,0.005080587562860851,0.0817004381038139,-0.828674924584116,0.0014295335978309152,0.3296265237501063,1.3691480235774578,-0.483102800667786,0.35220900779672254
43.402,19.230216887896074,24.894784924904027,0.8059586362359499,-0.5891296017685889,-0.00013457759601139053,-0.0279887676163458,0.80755366576852,-0.23724866656513616,-0.008399032675763633,-0.015618633304682425,0.4292341388296846,-0.22450826272478808,0.06292237300442136,-0.3715551578088385,0.08453601842278129,0.020693241721432287,0.7116775003459336,-0.41738726983485935,0.0015502354716727962,-0.04994323223429038,0.007736673047583727,0.002403139173909928,-0.04098424172242314,0.03504951954200226,0.054838343987955944,-0.07066756570022513,0.09778650839009531,-0.08575062670035824,0.06590832651584422,-0.014829618655064936,0.027763859726193954,-0.5698397453801559,-0.21962373883004027,0.01642625727390543,0.40803060667424607,-0.09216203885387238,0.310670095385273
43.452,19.227123610183007,24.895410527554432,0.805717770757272,-0.5899219507543793,-0.00195317109757126,-0.02788392142816233,0.8069763094828747,-0.24115963614221875,-0.006795223234654281,-0.017002020734194354,0.43079369824074865,-0.22420375925091265,0.06407834683418644,-0.3947920836881644,0.070027592529726,0.01437889453169204,0.7240693405368386,-0.4228561528489108,0.01748326627869147,-0.073879437199208,0.016212298756385853,-0.009482188626040593,0.12171196907723668,0.0696693823860954,0.033541258771112005,-0.0685141917845905,-0.025075046062948473,0.017225851100403353,-0.022696576089563304,0.03346928813708677,0.008413626625256658,-0.3276916208559519,-0.34760133324067377,-0.2812973520767531,0.07954101399840272,-0.10041686181381945,0.2636757331802142
43.502,19.222709531987785,24.896399219129282,0.8050961782709665,-0.5902822102951887,-0.006577353765735791,-0.02500062186619266,0.8067828825234029,-0.243125965711067,-0.010854044142808376,-0.013657055871890247,0.425575225242264,-0.22060194426256827,0.06403272639223707,-0.4011214330270026,0.05316719523169124,-0.0025080432394993884,0.7169940721377172,-0.4221929465780709,0.026038031349019865,-0.1016785032987987,0.023867419946239202,-0.01594350733300235,0.27705953409044193,0.09431200389231258,0.008113654570023046,-0.023335721618277506,-0.13343053519003348,0.11364515573401765,-0.16615302811050822,0.10330438653388027,-0.003259945907486005,0.05794631991538554,-0.2977291051506775,-0.3324444230090397,-0.3464107511966074,0.11110339979311418,0.10343539512259545
43.552,19.21689034573336,24.89760750715047,0.8039613422925733,-0.5905615538016044,-0.013572638377898086,-0.01886536477269101,0.8066578783294004,-0.24251335835417848,-0.021367970643832015,-0.0066637271694117255,0.415669410114604,-0.21484386141201514,0.06371389787744011,-0.3781701346318969,0.037517936783189855,-0.024274838161579677,0.6602017789258433,-0.3829145820412932,0.03255427754928851,-0.129204332724987,0.021788502576297775,-0.03481445069008165,0.4538008683251426,0.049306196796699085,0.04412079620094965,0.04302959888610085,-0.3018952972918088,0.15597037077800527,-0.1718529054327078,0.08793314296835256,-0.04257570190413107,0.9257465691347446,-0.32529081202281196,-0.4788393949687384,-2.1224658389007907,1.5322988548400538,0.2537511541077419
43.602000000000004,19.210232456171454,24.898311142120004,0.7999980801911032,-0.5922746931914531,-0.02257883182313937,-0.005796524951465427,0.8053988356441534,-0.24235497213875315,-0.047019998624697815,0.0021184271390841717,0.42022748194320125,-0.21887973775919195,0.04881929629871262,-0.3053227326261964,0.0181308109928188,-0.03262048435386828,0.5003685398787817,-0.2721043018363209,0.053619215874490575,-0.12830259768482713,0.013940763210973678,-0.12636790885437155,0.8118982893004714,-0.059923482221968416,0.11111018539344969,-0.11966353002525885,-0.7228339299309496,0.24107233328227828,0.4433435483336984,-0.30067754359593374,-0.36359488725257,1.3863855812082675,-0.41042148526028577,0.4262091632668403,-3.157601368553292,3.811505237572608,-0.6998155659963932
