time_s,qpos_0,qpos_1,qpos_2,qpos_3,qpos_4,qpos_5,qpos_6,qpos_7,qpos_8,qpos_9,qpos_10,qpos_11,qpos_12,qpos_13,qpos_14,qpos_15,qpos_16,qpos_17,qpos_18,qvel_0,qvel_1,qvel_2,qvel_3,qvel_4,qvel_5,qvel_6,qvel_7,qvel_8,qvel_9,qvel_10,qvel_11,qvel_12,qvel_13,qvel_14,qvel_15,qvel_16,qvel_17
0.002,14.096306800881807,23.664939880371126,0.8409607858899374,1.0,-4.499812708592955e-12,8.883076764596433e-10,1.7396758947990646e-13,-0.09999999950349846,7.281619972721033e-11,-5.8119263752653975e-11,0.3000000068492162,-0.1999999999764139,-4.883641072700039e-12,-0.09999999950353931,-6.659194379410316e-11,4.202955582455204e-11,0.3000000068489467,-0.19999999997610982,5.5601224341666816e-12,1.9761061196771117e-08,1.6745897435447068e-11,-0.019607621275427662,-4.4998127085929545e-09,8.883076764596432e-07,1.7396758947990643e-10,9.933088299476368e-07,3.640809986360516e-08,-2.9059631876326988e-08,-2.535856382454682e-06,1.5019091687022979e-06,-2.4418205363500193e-09,9.932884046861547e-07,-3.329597189705158e-08,2.101477791227602e-08,-2.5359911439810646e-06,1.5020612138414436e-06,2.7800612170833406e-09
0.052000000000000005,14.095009239191647,23.666712826808805,0.8273784789610067,0.9999764459475391,0.005468268364588284,0.004058827311442794,0.0008552847928648328,-0.13032927850494136,-0.007894097521095895,0.025604627677756477,0.3539405264485431,-0.20724072081683476,0.01125570000434995,-0.10901786296976959,-0.03800292829430221,-0.014525758800536888,0.2847965469184448,-0.15539634542592964,0.03757008389619926,-0.028961862802816717,0.031151822436639245,-0.46884626038852695,0.143470998461862,0.18354782430078742,0.16225780334736659,-0.9392910799601403,-0.1937884305045794,0.22894900506542745,1.800683864658677,0.866177632769473,-0.38012688842407366,0.1990077527150334,-0.30313707759329667,0.3747521928178276,-0.42243470142381817,-3.284680741701527,0.5843292822586543
0.10200000000000001,14.09257792374633,23.668394840576664,0.8175422253156922,0.9999360852828337,-0.0020587167202478687,0.011114309402185725,0.00024323079471444685,-0.1656922279023965,0.009432739379966932,0.031626512468214345,0.3978740741721927,-0.25800637118178993,0.0017563700487663939,-0.1777566701125204,-0.023654913899763555,-0.010728374009572677,0.393575019775891,-0.24169880556416498,0.03896887378758818,-0.030083663267888243,0.06443874041475273,-0.019410154842792553,-0.05063285341190922,0.14020488349544477,-0.024636424782568157,-0.6687439574070845,-0.022013301682479086,0.03579651573815151,1.0073510534078887,-0.5307784906092559,0.14866958256893933,-1.0201472692326374,-0.014453994902544448,0.19938501774035344,1.637306336830281,-0.35240031054452614,0.17030045498593027
0.152,14.090550071589176,23.670446981430853,0.8168297934689697,0.9998656145337121,-0.0006090208781504524,0.016204127856379494,-0.0024100222208377404,-0.19410319692258515,0.004685761248745152,0.03788963890666056,0.42791664789436984,-0.2658356909883209,0.01986136896393181,-0.2520145616548813,-0.02711077336216618,0.005813129635341544,0.5276128603237596,-0.3352445653681649,0.07677116390174178,-0.0421861708080749,-0.0029890392074333506,-0.0006970874135578979,0.03069408911228455,0.1949512142846497,-0.17335284889945124,-0.35309955638125073,0.03506626901850829,0.17232514945866428,0.18245985924143712,0.05387486732238759,0.3792823069529416,-1.8715751541548933,0.16735410849024185,0.5945031658113683,3.8743430381574955,-2.7509995294931686,-0.19807792435870752
0.202,14.089230227751857,23.668164176954555,0.8174725071245783,0.9998099014119115,-0.0012738054380624026,0.01861049160171221,-0.005673452278037898,-0.20095834797756032,0.012152268441146977,0.04249743659474976,0.42817279733551,-0.26111187188288304,0.0309165986775667,-0.32328387364764494,-0.022783149107861837,0.012624699097732854,0.6699222476278013,-0.43770932183663513,0.059776010652842645,-0.01368548757215585,-0.0778462574238878,0.015873566561551693,-0.030456838746318562,0.032707918536389005,-0.033157943203117476,-0.02456563661308006,0.16918419912399463,-0.011354134546663607,-0.06970338278189678,0.09537762264104842,0.1046285936255259,-0.918941783413673,0.03554485578409481,-0.03356740560547076,1.622944006688149,-1.3396970503516916,-0.21784643466089315
0.252,14.088654753716082,23.663104008675685,0.8181796491401799,0.9997706340555653,2.8943045004012812e-05,0.020229944761908928,-0.00703048912683109,-0.20107919899911225,0.018380396004320065,0.046173462283847666,0.4198202740123585,-0.2563861912993331,0.042779190543100164,-0.36242264428299165,-0.024377486486433807,0.008249601300698736,0.7281752801522196,-0.4640641381293206,0.05511449368760701,-0.007696260539047847,-0.12370006309236464,0.013658682367265244,0.126635555424286,0.0899581289951836,-0.05349334732084451,0.009713418825621933,0.06959709502321224,0.10963654273162846,-0.23511029431307107,0.11363780889938564,0.3894448296474439,-0.5892564950571527,-0.1028893096371021,-0.21194123316652086,0.624642018774502,-0.08858794699979895,-0.03182404089500065
0.302,14.088550189047961,23.655699902391255,0.8186017718637679,0.9996907613107177,0.0054045607307211686,0.02273640178269475,-0.008498735628337658,-0.19983532000552726,0.018407067265309905,0.053114898904396156,0.40604995067917443,-0.24939153510249623,0.06600149208669158,-0.37887760982835045,-0.03240121664434105,-0.00906374348278611,0.7273688059167907,-0.45031292316405686,0.055793740486467604,0.0025878557251526597,-0.170165636625103,-0.00170722813134893,0.3064478970038925,0.10662410170475287,-0.05969388155654906,0.029370883605868276,-0.0687552958773017,0.17198175030382912,-0.2755492674634841,0.1419351491019123,0.4802884472207177,-0.10279515655551713,-0.18232169770911993,-0.39998742437313944,-0.5255148791164934,0.5412508039572098,0.05913645047722463
0.352,14.089199380247267,23.646307932649993,0.8171775415897884,0.9995258065242024,0.016396555262361907,0.024264641140741987,-0.009515369566187449,-0.19827371725429502,0.008632572313427376,0.06266825500260763,0.3987431993291298,-0.24627015491006424,0.08380223896769382,-0.3580862289060243,-0.04749703219999351,-0.036902255593365595,0.6377345856562346,-0.36891674496616317,0.07818838491347921,0.0255087781930245,-0.19945876046096894,-0.0689832740294549,0.5915007792726242,-0.0028156779000789696,0.018273844554417867,0.0016393639363944564,-0.3483097036927615,0.192712095218088,0.11627000140719373,-0.0944732404444612,0.0774590295490983,1.0366054436512515,-0.3915703383902424,-0.5042864621729639,-3.284791885374086,2.662668862965437,0.8577322840822661
0.402,14.090300347352173,23.636116169382753,0.8129742915888256,0.9991988573476975,0.031222431140606983,0.023094038212044393,-0.009667919516876029,-0.20561402115135094,-0.009063322772567743,0.0659787409646291,0.423290529435779,-0.25672978475613883,0.0798822808083352,-0.32763652395159193,-0.05796908848073342,-0.03607544921135514,0.5420594752590842,-0.2583037005918307,0.026885565175565937,0.017924651168306688,-0.2094119077009994,0.0037690745001768503,0.26729632457490005,-0.07338103445621166,-0.09196313769911882,-0.11247266370396748,-0.04898023848187673,-0.33958520468996667,0.41707602026067625,0.11424546457645547,0.1520439775736476,-0.09364592491286343,0.16518692697411216,0.12201034659203058,0.3673942248368069,-0.21041642510759145,-1.7242758819317956
0.452,14.090495909161405,23.628057052823504,0.815396001861729,0.999002099905894,0.0371165608079328,0.022872275694275707,-0.00969661291229566,-0.24293406721324337,-0.024856433058280426,0.035322968439234714,0.5039542616817392,-0.2968810760473323,0.07354962989107681,-0.32844138845235904,-0.05616788768236704,-0.033437744303099176,0.5459427885124605,-0.26587551765413964,-0.021611403334910136,-0.006746652824898943,-0.12232937639142887,0.06178804299152684,0.2001875700294665,0.03205305596967893,0.05121032053069036,-1.2376960290058827,-0.5615513055395238,-0.8629192175989554,2.648057235594994,-2.1805781001421733,-0.6918582637776242,0.08087786371524569,-0.0224765647271249,0.008067723672574153,-0.24122645333497358,0.08456949812240397,-0.6337254188374803
0.502,14.090394260798007,23.623283976080796,0.8179990695530636,0.9988725905376062,0.040909679394030875,0.022337252235115214,-0.008999620389474454,-0.2974834195509935,-0.04831723777935978,0.0075624908337135486,0.615237401200248,-0.3921019390373962,0.03657307524164246,-0.31963683618901634,-0.057044220998985574,-0.03376985017111742,0.5302083221938828,-0.2588332830602508,-0.04371597654390403,0.0037469050844615498,-0.07491495166178187,0.03983615029025667,0.10276150233197917,-0.06461911584325933,0.012741151506708057,-0.8425141706135598,-0.31221132557171055,-0.24601693610605951,1.5842764624829924,-1.3918850015184245,-0.6368894391613449,0.23134695764136104,-0.0008636699608845652,-0.020590038332914083,-0.3090584299863966,0.13602125173794985,-0.299869701045764
0.552,14.090764512417024,23.620471111600406,0.8194423987993014,0.998875833962296,0.0420050188753417,0.02021045059362763,-0.008613036759083923,-0.3271899075756442,-0.05696054673986127,0.004189608420546496,0.6665359938400971,-0.42844964564939475,0.011534459008944722,-0.3069857454794068,-0.05604534849346095,-0.03682298586930713,0.5156952340513458,-0.2529240032926765,-0.054193426786289516,0.01072497259261355,-0.03900549282782903,0.02182312566749965,-0.00604887370910797,-0.0964780791836185,0.022841647096918643,-0.3468339798878156,-0.08463027665533548,0.02929731476382472,0.4983867736130643,-0.1855281959434696,-0.37465884021797247,0.2733263954976341,0.041689020129272676,-0.08691949925037944,-0.28913873497166487,0.11247329048768875,-0.1499802620546343
0.602,14.091357651705092,23.619429432188834,0.8203402637388596,0.9989909799632167,0.04043609719208645,0.01781883338325175,-0.008027027648159393,-0.33460893331172964,-0.05868096479399866,0.007708646338688849,0.6757459287885466,-0.4284425178901718,-0.005544306374389487,-0.2925766282283758,-0.05231675145827153,-0.042314328284411236,0.49980962748819435,-0.2465132702293194,-0.06052183434424851,0.011250192391576049,-0.0042517445263156395,0.015133358447844997,-0.11642633027465238,-0.08565501606311283,0.03084822699976189,-0.013308683495178268,-0.004796329479460264,0.08716346497335728,0.019462696866979455,0.10530734035109111,-0.31534968064788205,0.2942650724740442,0.10780530502600476,-0.1309263495003832,-0.3533725790385653,0.15078925786167105,-0.10516095566148415
0.652,14.091873270624802,23.62003225475185,0.8211469995633016,0.9992065122459821,0.03583284314644594,0.015910229546635686,-0.007015542248090511,-0.32928754228821244,-0.0576983070430027,0.011874497922862898,0.6705531496758046,-0.4177165404455211,-0.026556338415098097,-0.2756932777296065,-0.04441749342109629,-0.050436207835573545,0.47650997013944985,-0.23592344579317798,-0.06526682224155235,0.009907078724893482,0.026827448950097893,0.01737162551426263,-0.2467778174619362,-0.07065067963414493,0.04391405725542026,0.23681524071132704,0.046703574424932164,0.08842113401261126,-0.2960469062235115,0.29987025759722097,-0.4467611429672201,0.3845583448393421,0.20737134606289895,-0.1848378669720539,-0.5778417142442127,0.27085017348311136,-0.07071993780895174
0.7020000000000001,14.092297332439209,23.622181378667904,0.8219323310835798,0.9994848445774642,0.028066538926866377,0.014414535662482573,-0.005876735000301757,-0.31104865844063645,-0.0542086646009324,0.016643366322928854,0.6416011560307409,-0.3974947440288108,-0.043386873252735006,-0.2550700043844336,-0.03139219061630791,-0.06030941863107367,0.44315171207727905,-0.21992722929956746,-0.0667891752202106,0.005658748015991312,0.05803856960593579,0.011130278767716103,-0.37070235135786067,-0.044316432818755726,0.0428494163387519,0.43864698162867244,0.08214414395836568,0.08726159922984598,-0.7797576939643442,0.4482969999422342,-0.22221533729116766,0.4108905034358543,0.3095779224401769,-0.20749642902071772,-0.7135661805714144,0.3498995785704877,-0.0009338112761403377
0.752,14.092677330452814,23.625886202030497,0.8222320420226533,0.9997542105731788,0.01708502080892574,0.013201457701141447,-0.005034085788300281,-0.2785857630905396,-0.04863192147995057,0.02251665398402583,0.5698912410497295,-0.356828324295938,-0.04678816031483601,-0.23234324525450498,-0.01262739120339105,-0.07050905178104917,0.4035447152808633,-0.20063988652135767,-0.06418591716651297,0.008985696987820395,0.08889510494295905,-0.00381210029656006,-0.507020450250725,-0.05450106652239051,0.01189729410599709,0.8344281248737699,0.1347698044001726,0.12255211133171658,-2.069156641269996,1.1757849557225697,0.024696499286205983,0.46081473657834415,0.44015657421755533,-0.19670495665140314,-0.7987606013774194,0.38724210868415276,0.10675914329443474
0.802,14.093049800299513,23.63079861430877,0.8202945028488411,0.9999127107652984,0.0011352364224967784,0.011940964612125238,-0.005540347677654708,-0.23031256518830692,-0.038226907792368474,0.019627785002285958,0.43598761677890596,-0.2684859527305113,-0.04722519627088584,-0.21663515608759476,0.01654783337421578,-0.08015689867806541,0.3779427324345546,-0.18834366649884174,-0.05563507349929207,0.0021953371372351225,0.09864940603016752,-0.08752391464436966,-0.8149100025153442,-0.04629810905547688,-0.07632439236750836,0.8919115372635738,0.32280665889792726,-0.4980593120009642,-2.7112877680008145,2.6677144912477733,0.3408207562828329,0.08429576622494,0.7895056250938501,-0.20951860566723857,-0.08321905548427574,0.03886332045792092,0.21438645192662759
0.852,14.09271076100014,23.63583607676593,0.8186383170185637,0.9998443427931955,-0.011622184879237378,0.012112265574803096,-0.005432129022834207,-0.2301925282970586,-0.028846783996160277,0.002843121850712217,0.42052735295693777,-0.2084593155651536,0.03626124278572201,-0.22859342417181774,0.04423503732403181,-0.06790140924933809,0.4111216741875213,-0.24572485533326707,-0.03153900476816079,-0.020643083410379667,0.08833666820573435,0.022632174188479817,-0.2662826105180462,0.08547933059783278,-0.013344800011264903,-0.3481442132249465,0.12201103825825299,-0.10286688443570688,0.5006838611045796,-0.4600624107260533,0.6565750018631397,-1.0099321615778696,0.6259479178099221,1.387112974124526,2.585195447280658,-3.0774221629563843,0.3601008706206958
0.902,14.092323040368031,23.638820013272383,0.8205461431511619,0.9997457136582901,-0.017501792994489167,0.01279661996962918,-0.006200143644026158,-0.23377467100443466,-0.020886646945317285,-0.0011505352053050347,0.4254767780435081,-0.21771286688041247,0.05606864668549611,-0.2866301262459101,0.06798802913132466,-0.009562981445354295,0.5714281097955247,-0.36452299941161925,-0.02196238235576554,0.0022328533178723005,0.03392731604568206,0.041614202601361,-0.23735172597076137,0.005987468379587234,-0.01804658898608967,0.03611054002949246,0.20652085288429886,-0.09836448419744627,-0.0634145647535723,-0.026631614519598716,0.22270138302475603,-1.0323600307119734,0.2735346280476516,0.6517940559672835,2.6356717578417848,-1.5344041442514498,0.17956181585313466
0.9520000000000001,14.09257046750332,23.63948521493697,0.8220797770768038,0.9996325880170523,-0.02267972447674838,0.013334405343854615,-0.00652017684683314,-0.2338957575560978,-0.01045679960075933,-0.005548702726479983,0.4245773132442324,-0.2179321598815737,0.06293241752398152,-0.332872563874462,0.07638229527118527,0.014778365100881777,0.6677969143459992,-0.4047233045042215,-0.008267787690363387,0.006559830037148243,-0.0029290755517158112,0.01977683461701531,-0.16430276067311084,0.035212582746182566,-0.006570155111728595,-0.043151457362705446,0.18612183669333932,-0.07659032218599507,0.028595548850511382,-0.0016283754553410418,0.07965239173799353,-0.8009980033995459,0.038839389234768346,0.28051060714210896,1.2399956013187332,-0.300577339208175,0.31194845158500645
1.002,14.092922000991626,23.638574129257357,0.8225446152370991,0.9995575363407486,-0.025125398933312386,0.014473182136808479,-0.006631204392079067,-0.2373188375565531,-0.003528383785724925,-0.00790812271514593,0.42742135447149426,-0.21860367822144067,0.06541199261891247,-0.3666611446914666,0.073982617228813,0.02088688011509484,0.7050448726311337,-0.4113551898988839,0.007348758270833661,0.00705585467763393,-0.03146065708742837,0.0006763510409932073,-0.027781784572759982,0.05253450404876599,-0.0071597865028546195,-0.07897680955788397,0.08509198506959319,-0.011446781580161162,0.060916806063281544,-0.0175022177307999,0.028227680129577427,-0.5650914336773669,-0.10686819164834778,0.008215601262061412,0.4126181669553122,-0.065033356855029,0.2872329256971094
1.052,14.09320406094656,23.636320026109825,0.8222758684288921,0.999562738811974,-0.023751722907924613,0.01617555001261423,-0.006966951944732332,-0.24123035254929423,-0.0024983107300465125,-0.006173185429774432,0.4281913416573493,-0.21821361877170395,0.06660748668228218,-0.38958421050578074,0.06528375162016353,0.012620681754088816,0.7189247320297858,-0.4169883981354574,0.021286903265351053,0.0053910440354661745,-0.05781857179385535,-0.00886444342033837,0.12939401551074112,0.07924462449259798,-0.020017911326202,-0.05645728197168678,-0.0340369236483595,0.0809434294783116,-0.05364198935273899,0.04110026451483245,0.010936764951486622,-0.32245150859788185,-0.226931091011454,-0.32410549768522384,0.12404058346964367,-0.1159688148373268,0.2175713612519308
1.102,14.093503107346663,23.632702533040018,0.8217416027880062,0.9996287856759684,-0.01856025393650386,0.018303826415673265,-0.007923241782620284,-0.2420273576329391,-0.007008428356819755,0.00010512661021670706,0.4206224125210414,-0.21386874527174413,0.06647947959446326,-0.3957208066876163,0.05410858082384323,-0.006309940085820225,0.7138510894392721,-0.416845241341931,0.027878238883824114,0.005424455580079275,-0.08607489603242206,-0.013739609282839042,0.27875793964595663,0.10104560614605833,-0.046321407992875145,0.0033422110930769007,-0.14008506031797116,0.16596634999359713,-0.22097505796916544,0.1206270959652542,-0.018275032001958937,0.05378595792636018,-0.1928667173341514,-0.37093743889356035,-0.30824009909490263,0.09821564602708797,0.07068849668125352
1.1520000000000001,14.093977748691291,23.627720922488106,0.8207589953766746,0.9997062427133636,-0.009588856505940019,0.020301511723887555,-0.009128566840578438,-0.23940668363554252,-0.017509816253657738,0.009674692472010554,0.4071710029082339,-0.20703515658264057,0.064116795080037,-0.3736790373612405,0.042903875359077304,-0.030125122969738224,0.6603744633344277,-0.37853347979453916,0.03184520931337788,0.015328812700872354,-0.11086621721148057,-0.030239126283476022,0.4431354352134502,0.051019624941130215,-0.024023549935932906,0.0921556733866834,-0.29280563159812906,0.20736993714038351,-0.25734120514595427,0.11694023072113173,-0.09426867526928369,0.8848325931059451,-0.25418130765223496,-0.5357068262615391,-2.011385361396557,1.4995064743531135,0.17973254315562406
1.202,14.095171726820132,23.622061670572144,0.817340338941644,0.9997473475462285,0.005791739369255617,0.019791305801917673,-0.00894433027197206,-0.23673715279342467,-0.042370412429327486,0.021411551319886327,0.4071857927918573,-0.20926061211576388,0.05498753783195469,-0.30279518084313833,0.026325741991830284,-0.0436046472140763,0.5051547449967861,-0.27456490016080765,0.053755419330409025,0.03078225483355499,-0.10586137106526053,-0.1235969368536392,0.847457995466177,-0.0846806955099664,0.07750579201058172,-0.04829281846104716,-0.7860604771656988,0.2872055455894546,0.38786261785191334,-0.273913207572024,-0.23525079304243815,1.7926919099408378,-0.5256880188489358,0.1535716377908934,-3.662955770996044,2.185359769265637,0.5673662530192284
1.252,14.095815649678592,23.616222207752635,0.8151651099156203,0.9996328281030408,0.017315640141907757,0.017820177040819198,-0.010808278097123054,-0.2463602476578612,-0.05907478138134858,0.026310824173211227,0.4421562075612607,-0.22665277531527825,0.05468724148331862,-0.2845710207043071,0.021445841617798923,-0.029537265572774696,0.4694260229235732,-0.21905670072606623,-0.038845122099512144,-0.0030807911709341243,-0.10623612905980179,0.025100140290776066,0.20798298222488126,-0.028214042247093885,-0.049636929372189886,-0.7735146410297158,-0.1442448384604798,-0.16717508974393333,2.1407700606165516,-1.2501389249654669,0.0999301133635489,-0.18078179622622223,0.007255470717136139,0.09928492853238406,0.45833413074081575,-0.4136170236243449,-1.014663802109701
1.302,14.09574268445377,23.612383506570904,0.8169256865624471,0.9995436826868304,0.022355285821397834,0.01707354162156831,-0.011007350870595298,-0.2958773974797,-0.06690477324325897,0.01899321575328869,0.573160297717683,-0.31625164592913296,0.04073194374596731,-0.2864482629845508,0.01783898916920332,-0.025662470923857563,0.4775035685397921,-0.22807037841284084,-0.06910339513936305,0.0052647325981885745,-0.05521602210059605,0.032854072997654284,0.19127418151722994,-0.05034449537664758,-0.004315289112969639,-0.8685442267923954,-0.1147465696975848,-0.15626133297777922,2.1556071074566567,-1.6823077143869112,-0.43040731987220127,0.06377699109180511,-0.10771170870159935,0.07752519319945893,0.015101541595998462,-0.05439508821881012,-0.35571702851279413
1.352,14.096298848235355,23.610456168709113,0.818066517269817,0.999475291403006,0.02621084804918777,0.015473082834835101,-0.011077771752666929,-0.3283914170728825,-0.06784144957690999,0.014270701199969048,0.6516373171536893,-0.37589248567899425,0.01761363879607028,-0.2819805076055092,0.012360310232121082,-0.023242040983519285,0.47780978153609877,-0.2299276067357316,-0.07937034136037775,0.01551304501509595,-0.02312224046787021,0.01579168668142878,0.12182845909627883,-0.06301082129520566,0.006344652991114591,-0.43187272529492327,0.04821984837464524,-0.022175116833632155,1.0083276491569841,-0.642272611625484,-0.3811862236890107,0.09827564052867536,-0.10932282508505956,0.025294540561992943,0.0009116241536029552,-0.026070958186037444,-0.08981544298800612
1.4020000000000001,14.097216048320623,23.610096348327886,0.8186819326776908,0.9994480100018742,0.028039739689564806,0.01407337600488546,-0.010926499405590161,-0.3395329067187458,-0.06448414022227934,0.01400930652409685,0.6808562402768958,-0.3916193031874158,0.002043736971082706,-0.2764786961158904,0.008149184393540728,-0.022932316718200913,0.47602496789992377,-0.2303614404672884,-0.08162479528251725,0.0196619270270992,0.007219956237825401,0.010510071288059539,0.024290663210341967,-0.04305062322821589,0.00893664486837535,-0.06174737929360946,0.06935542983362722,-0.0015448007254423317,0.3009444919441356,-0.12816680865168573,-0.261277144690268,0.12120782836390777,-0.05187920780725248,-0.0097596446600528,-0.08559151027179236,0.01636912439272068,-0.025544364464284746
1.452,14.098146937831347,23.611159978009,0.8193022204855539,0.9994900403960687,0.02698300026508958,0.013415245933459441,-0.010564469807045892,-0.3366927265140423,-0.06104059916131605,0.013822848892098234,0.6875385064679918,-0.3949797404188873,-0.01652691151591273,-0.268599640097646,0.008089413276326124,-0.024889958859760555,0.4656574983062158,-0.2259812108674945,-0.08310414024397113,0.01772799945978065,0.0339327682425343,0.015025002299378145,-0.10580498042373644,-0.016673081536923626,0.018482809998693166,0.1754519663699934,0.07029980970211995,-0.005261403135026093,-0.04329815003492474,-0.026704275066887787,-0.44434459035315466,0.2056323769601361,0.04925231782100807,-0.06462963966991046,-0.33602155934262196,0.15894935435312738,-0.021304867153200104
1.502,14.098955026301235,23.61351521586681,0.8201269155531122,0.9996078507048669,0.022561323045574087,0.013165430530720447,-0.01008974482183938,-0.3206383305130406,-0.05710613049850851,0.013562443063029514,0.6702580862179673,-0.39265308707404295,-0.03614554913087602,-0.25562215251467274,0.01361953998673922,-0.029193617810253574,0.44218243839421767,-0.2145011654433476,-0.08310729404788349,0.013290014635884176,0.05895586131936641,0.015139590748279537,-0.24492817051219862,-0.0025082806841567797,0.017208814548249695,0.4277247065274393,0.09159967226517728,-0.0032468277240285588,-0.6072254708228999,0.1240291441371733,-0.30661582893282235,0.2896016084339346,0.16950426735360669,-0.10735791576042726,-0.5648392968927436,0.28199679152562923,0.022835410305201663
1.552,14.10061090712794,23.617933951955173,0.8207204868427312,0.999573598158312,0.016101556712074364,0.011347230683254156,-0.021554630410069484,-0.2668368870901439,-0.059299927195718694,0.012370598118028856,0.5838142758992796,-0.3867947948501421,-0.04477017375985549,-0.2385668651345242,0.032646160879263454,-0.008222538040129655,0.41369618354647353,-0.20019090351993052,-0.07904230391592479,0.0418082320010952,0.09963170569273948,0.004941418757011438,-0.3593338954540072,-0.10036580923019035,-0.5949585809765381,1.2741014554698333,-0.06500090722947541,-0.13842961854105576,-2.299348461540717,0.5204574565798289,-0.03226276422230327,0.4018839276144725,0.5255552160705789,0.48243786573247305,-0.6733497370803867,0.3468812781437875,0.14425091792822198
1.602,14.102905948040473,23.623030953673812,0.8192400393123956,0.9992506466440869,0.002758878078948345,0.009574776214298593,-0.037401302565099354,-0.197240993519808,-0.05599032881221438,0.0008439553961876662,0.4321415666532388,-0.31750191451514476,-0.043613116330379405,-0.22434175291757663,0.06789196532907664,0.013283915653326844,0.39163681936059735,-0.18756181180528908,-0.0693893523294336,0.04280895722760464,0.09943107351291364,-0.07064413447443049,-0.665644917724853,-0.07025995147976222,-0.6113195440925161,1.0725411008521002,0.1437819766788139,-0.5797317158144315,-2.6723686913639293,3.420185803158855,1.1129408166038237,0.06966721693847276,0.8378299332607138,0.31597865687840077,-0.04674280897562168,0.07424342052153983,0.2424155091965477
1.6520000000000001,14.105521578945329,23.627856951795145,0.8188512080372609,0.9985993361798975,-0.007372634613500895,0.008716177157799623,-0.05166273604522021,-0.17609876518587472,-0.04352128985270193,0.005552061513934978,0.3942035727438943,-0.22714615652191353,0.03465655677753775,-0.24234645945135563,0.07988105722998798,0.006824249058753096,0.4483197076823328,-0.28586342958338734,-0.031696992028119195,0.05245541486301685,0.08345226838614864,0.05305365605710238,-0.20476156181345365,0.00512984853014429,-0.6367896784249036,0.20980413352117183,0.2784258561092253,0.4840265381482127,-0.05102871391427991,-0.45558769147433426,0.9350894300638595,-1.1794038927328194,-0.15231780195783323,-0.3732954677173568,3.2885392781641816,-3.5450466184650584,1.1197238266428189
1.702,14.10888276654348,23.63035285346657,0.8215358280644144,0.9975956253159064,-0.01311521437885208,0.007945971757180197,-0.06758565702275034,-0.15918505602695662,-0.024986526989455072,0.029748760953583222,0.3857779673573242,-0.2426876258915519,0.06090978813460373,-0.3081362845233164,0.07685246122194808,0.008382642998108408,0.6234216187560229,-0.3967683120636676,0.012937438573026145,0.07926536977662163,0.022734566225647918,0.044490842112291276,-0.24527642824764967,-0.0499571245535629,-0.6195878458703299,0.3536544172703362,0.4396784746536724,0.4633865467836669,-0.1391441624899157,-0.22960714304485402,0.24942282393099602,-1.1448613070055986,-0.04652721982577453,0.18602162581203172,2.5485202835115177,-1.2192839153507484,0.6803038124048191
1.752,14.113219257409622,23.63065394181164,0.8229488759741801,0.9962762531017456,-0.018203981061440232,0.007650817330828365,-0.08392679889780338,-0.14354555000525715,-0.0036172879900284688,0.056333188690294286,0.3814310287146132,-0.25411499018069456,0.06694843564497689,-0.36100832464963706,0.06933642071180592,0.014818708876361412,0.7092770867976247,-0.4226183818895212,0.037856590989963475,0.09536531830015413,-0.008667862582527774,0.0148638312229548,-0.14383049733044753,0.011407986644862811,-0.6688854469338246,0.289138448480418,0.3890019771336784,0.56632153986372,-0.05686360861462165,-0.24057810423466502,0.03017440029008736,-0.9367380250913163,-0.25656886963987396,0.00918682154772516,0.9652166063996495,-0.13076260885155216,0.39147059846011906
1.802,14.118532843510156,23.629447945040244,0.8231537299664741,0.9946757181472694,-0.019850179042502365,0.008548135551814781,-0.10076266917257594,-0.12914262129513748,0.012067541040992663,0.08637609659875534,0.37769921056339195,-0.2664328700108199,0.06701402200678445,-0.40346403361753225,0.05372234887049319,0.009904415762507992,0.736435379610475,-0.42479599063308426,0.052510495319277366,0.11690815411862525,-0.03917633278980407,-0.004150132195008532,0.008561352889670092,0.07467171237463416,-0.6782700311496141,0.29203304585474305,0.24082534109744674,0.6261479679004166,-0.10554972258271604,-0.24370990957854638,-0.0175509942041507,-0.7772053450248362,-0.3337500757547425,-0.190689145605091,0.2965658164486225,-0.01688150251831698,0.20566706544168958
1.852,14.125030115069578,23.626706463979698,0.8226903005608214,0.9927752672548816,-0.017308496800718158,0.010714991451172584,-0.11824920136601322,-0.11229956899677622,0.019843076356857624,0.12089028787265672,0.3666147890608943,-0.2762987824805914,0.06545801252724942,-0.43919677218732206,0.03407717888122165,-0.010293064870387376,0.750193359473766,-0.4247310922624595,0.05601177642770513,0.14355905367077046,-0.07079873254476726,-0.012740442455778055,0.17001596845597852,0.13552642273859153,-0.715990278125988,0.3960582684581845,0.08197676359931735,0.7379668307936808,-0.3394070854045877,-0.15147679411308124,-0.05036635161992492,-0.6013200911992115,-0.4264497416151141,-0.5758432142455594,0.2063822811181182,0.06408201793123637,-0.03388694854467531
1.9020000000000001,14.133025293828409,23.622140685765057,0.8218276945221392,0.9905087546299636,-0.011389131871829342,0.013223599378268894,-0.13633719630419333,-0.08879612183582376,0.020812954877420388,0.15914934984511234,0.3448873837348718,-0.2826517259051733,0.061625715866722615,-0.4580568655681765,0.013836835446827327,-0.043641765401433594,0.7499622071596606,-0.40775063277209533,0.047689112696889205,0.17446498904204705,-0.11129215710439941,-0.023747565718190665,0.27756763953460745,0.14163220020616393,-0.7336021536482976,0.5239068763944723,-0.030199649076827248,0.7834529438770983,-0.47863937797979267,-0.13021840086335662,-0.10048045800663402,-0.15754238846616123,-0.3534847375423228,-0.685558163717719,-0.20426362920350252,0.5446260366056356,-0.23134665401170842
1.952,14.142673626512348,23.6154698791632,0.8201365484392023,0.9877918965189498,-0.003110686671357135,0.014523577196296399,-0.1550695279716581,-0.057770286485921765,0.01646002468825503,0.1997582766584071,0.3194172737925476,-0.2900104926007117,0.05556381106088208,-0.44609439756445274,-0.00352707745777935,-0.08617433373880347,0.7064401887465727,-0.3479974863567798,0.03266261851857878,0.20946618032280773,-0.1554827676530072,-0.04803579283144419,0.37791942239116666,0.06019937010880508,-0.7594613893148731,0.6823477790709828,-0.13723732744415248,0.8175872477278203,-0.4461864839675614,-0.20731663978596301,-0.14502657331363167,0.6494075880444815,-0.268146321662399,-0.9008118652601145,-1.608474969639517,1.6837314257983989,-0.2795398791298308
2.0020000000000002,14.153690802646391,23.60658515344696,0.8158706376622903,0.9848481119678169,0.008364431563734577,0.01260846626171302,-0.17275780508147567,-0.028461643072557753,0.004858048870419769,0.23693191615822973,0.31715286255645536,-0.31164303833703144,0.04581824900273299,-0.3952946497260753,-0.0050201850628660795,-0.11295271371054483,0.5920214478234818,-0.2560791535120151,0.01841703990674784,0.2270085527492147,-0.19305838626073624,-0.13529111859528006,0.619019379725696,-0.05985698413164261,-0.6069081645451875,0.41816495516559715,-0.38425650446743403,0.6157065818063768,0.4748236392701508,-0.7238989633161715,-0.23601192573154797,1.269222457912582,0.14847647300266448,-0.06466398341251786,-2.6725028473251857,1.7422852778972322,-0.3145979567329375
2.052,14.16394718814793,23.59719140090237,0.8093591749749033,0.9826906453916935,0.025245661683904515,0.007734583207571439,-0.183362832243626,-0.055153207403487885,-0.025579867071456673,0.19708981897494676,0.4284163012292307,-0.3527844523366808,0.039331835064118865,-0.35456132838140353,0.008495044381759412,-0.062057997147245615,0.5116401712491639,-0.17445408613486613,-0.06491227029388572,0.1622719566475726,-0.16833932202532775,-0.014698303630461236,0.48760727998198583,-0.026249725781353535,-0.5158770555815104,-1.614902068599337,-0.7435791814316979,-2.6034449014141723,3.9919984158368655,-0.6682517854411263,-0.05867053551134882,-0.2932489724906869,0.05622323280613276,0.8187712643238898,1.1713913112136982,-0.9886757301514162,-1.076770996363497
2.102,14.171901298886416,23.589766964750005,0.8110319689868215,0.9801309656800238,0.033294808262339264,0.005287860507267023,-0.19546555806375437,-0.15012116672576628,-0.06587896475641787,0.07118672878016466,0.6458404772892216,-0.4259385110111613,0.02387008145753028,-0.3541825111547524,0.012694295592015367,-0.030399051318555106,0.5433243387756442,-0.21525694113415259,-0.09059476944144863,0.16886739294513342,-0.14293499849880353,0.04831081815119571,0.24817727532332914,-0.09986261700887604,-0.49918786005795773,-1.6020341419205908,-0.39700000981580463,-1.3567852025675593,3.180824511290188,-2.198793188476216,-0.5198919721017904,0.3089507388759579,0.14811879230669175,0.5659261292585094,0.15157239822121243,-0.49078613154851064,-0.3215163981986043
2.152,14.18095536779464,23.58294366172899,0.8132842062046732,0.9773743237247422,0.03753753701120169,0.002072492468486136,-0.20814915184478813,-0.21560052588162315,-0.0727969621556772,0.030804211327037888,0.7430285591076109,-0.5004218515246325,0.005915912462441475,-0.3331055115197951,0.021138775147076426,-0.003393666749674366,0.5413812733470887,-0.23200812179489755,-0.10070178534775333,0.1945321672319913,-0.1294307859322615,0.04114066912949845,0.16394421178839957,-0.12544240338972334,-0.5505291401794421,-1.0125441921589309,0.04317688107536821,-0.37807569709646643,0.8717240103577548,-0.6370726346976433,-0.12395187687744054,0.4901269336270145,0.1869407428873606,0.5522718351077246,-0.1272271076398959,-0.24159901451010798,-0.11118663189932823
2.202,14.191311431662209,23.576910362277047,0.8150893910742257,0.9741900164135998,0.03971962002593015,-0.0012593061793949264,-0.22220391052592606,-0.2555155444535536,-0.06872562206160635,0.019755838722465238,0.7545288087989299,-0.5057790722171978,0.0029851491783242233,-0.3068730226014881,0.031458065514840386,0.024046191011467745,0.5333357852688135,-0.24219187153971264,-0.10468104103065927,0.217764518137768,-0.11255407804807752,0.03193409918307912,0.0700384676830362,-0.13861717332895376,-0.5795383307418905,-0.6524781798452868,0.07587624315432923,-0.14705863632048524,-0.11400304981357712,0.17254608492818344,-0.0512400071112406,0.5562389497325172,0.2281462500586982,0.5352118149778373,-0.19327116889086748,-0.18521540103616235,-0.056904264002365576
2.2520000000000002,14.202736786151346,23.57168674076168,0.8167193152933118,0.9707769600872939,0.03910026819673533,-0.004150015392157417,-0.23674044893693416,-0.2819574069154916,-0.06695553541669362,0.013878321547581651,0.7400467236534944,-0.4853049885380646,-0.007039125518541129,-0.27588898858326627,0.04487215224879551,0.050577889210811085,0.5183429098983519,-0.2488930380291509,-0.10705042991496759,0.23842767784004823,-0.09790156914198588,0.033816194204673695,-0.0556504155075566,-0.14532985962801603,-0.5994017088690533,-0.4169689718944439,0.003089798498075157,-0.08453079925478878,-0.400607307318854,0.507079720548283,-0.30708335756008037,0.6866127611449439,0.30501872505990796,0.5211584108917034,-0.4115310727964704,-0.0840294792883408,-0.03624797045122444
2.302,14.21517794958594,23.567060180207527,0.8183735762006864,0.9672225596162929,0.0352446635216832,-0.006286753793872533,-0.2513937361775085,-0.29598350958045844,-0.06744609148723715,0.012203592314144982,0.7124306299913941,-0.4588554999934932,-0.021923531074151563,-0.23842486816327163,0.062033171270542455,0.07566008855751812,0.4921830061390337,-0.2508130612360832,-0.10796157641273596,0.25765916651263543,-0.0877549890555799,0.029612711710090413,-0.19198251190202129,-0.13333683769146867,-0.590119159525416,-0.16496002212301378,-0.024969245573660002,-0.00673512211151668,-0.6877727754422761,0.508735749429952,-0.2516978168744799,0.784009481147828,0.376226779763046,0.4764464648261171,-0.5980062861823641,-0.00982211837662124,-0.004107085503756666
2.352,14.22868277380853,23.56276578436408,0.8196007568308957,0.9636175276722719,0.02812726568581594,-0.007134194466655373,-0.2657051383717128,-0.28928439064313,-0.06818921953989361,0.013328903684590531,0.6423844955649215,-0.4199857587933585,-0.03068403333227353,-0.1967397914595545,0.08299545171405906,0.0987989857241174,0.4578463802778206,-0.24965641043232872,-0.10619893752320667,0.2821661649160997,-0.08465246030022497,0.015457064807493766,-0.33267780633332455,-0.11842848036971301,-0.5824276657845868,0.46183103411622767,0.005417875895098293,0.06771340490396402,-2.215216998685066,1.0236332898226739,-0.07752223171003277,0.8543940401590417,0.45887317539376155,0.4473979988908495,-0.7138320152561201,0.024642523888237528,0.08501159610283225
2.402,14.24321115287785,23.55844677724199,0.8188457060961006,0.9600886340042009,0.0168547850556065,-0.006153629976959792,-0.27911980208287746,-0.2467209772590894,-0.06332224785113545,0.01933967711576605,0.4810781754144519,-0.3540876453791798,-0.03248066110908112,-0.15898836695198754,0.11086368098365784,0.11755383161199867,0.43189307722256987,-0.25405785949917703,-0.09991748616475174,0.29117333940693413,-0.09141178831573302,-0.061877974578396305,-0.6030151849735602,-0.06915178048429751,-0.48923262223981734,1.117171272481911,0.24426890534491807,0.08742323083368139,-3.862990041054816,1.380088713217654,-0.03401619818389674,0.5679463084513008,0.7209492197437751,0.23901959118833543,-0.17680514992322185,-0.2774820858073547,0.12962629828662117
2.452,14.25745928603632,23.55371216635104,0.8157722259332193,0.9566274379147384,0.0043917477756438335,-0.0030608911803509894,-0.29126497991578365,-0.2085824207435876,-0.04093920945008849,0.026639126123985696,0.39855484412519404,-0.1795716545910087,0.018769498908313198,-0.1616711119036376,0.12122775215253219,0.07737744749088336,0.47979331341422204,-0.3026668005325634,-0.05561546506197686,0.26731585105003647,-0.07551096965876763,-0.014305173354734033,-0.23659751034939294,0.11924780845907107,-0.5693819785488454,0.07639269506035457,0.3096326429770364,0.40963195835847976,0.4938767008152336,-0.019591322195809835,0.9359563359585396,-1.248104185844836,-1.0347612284963437,-2.920564406189485,3.2256165847274993,-2.450224627700305,1.3760043748519601
2.5020000000000002,14.27055223854236,23.548066383837046,0.817074331673654,0.9522001953048279,-0.0001816774749951451,-0.00033647636850651176,-0.30547445365921516,-0.19284208554325927,-0.024198384462336724,0.04600790981535153,0.4185629078193635,-0.22642823554328564,0.048303968727572866,-0.23558428056836425,0.0836171462376405,0.0073073497888182255,0.6675964816877114,-0.39125467358077926,-0.01066903000269581,0.25900052245381583,-0.15076705327591128,0.03713154129088055,-0.23655130286289858,-0.025585900493023124,-0.6427985956963425,0.5501987370268699,0.44356736831420773,0.4224066686840229,0.18056859145256335,-0.8922411979971308,0.3246931315961861,-1.4376631902292907,-0.31565290918837596,0.0616942910191014,3.1760138975215964,-0.9137347462384593,0.5457749096166381
2.552,14.283131264079953,23.53911703818447,0.8186665129844355,0.9471938801625938,-0.006184000410986656,0.0013283513988778962,-0.3205990439848611,-0.16255322670325054,0.00042649309374728404,0.06719173634480285,0.4210142471823626,-0.26241918835070466,0.05659441642206238,-0.3038723101446722,0.06912336832522248,0.0148459320069267,0.7683712352102304,-0.41558434947881673,0.016621711224702858,0.24802223943110888,-0.19958398303336272,0.02515202409187111,-0.21286692794032272,0.01215713875927247,-0.6649737208313011,0.6709349819492435,0.4873185035552663,0.4842907060634871,-0.10341258009840971,-0.5780188714948666,0.009985441702555454,-1.3258257041099293,-0.333429196535256,0.12030579087136822,1.113744176198454,-0.1774255517641259,0.5110452397819109
2.602,14.295419678068518,23.528220321678535,0.8194139389065471,0.9415575867795855,-0.008836926087284442,0.0035315899059038254,-0.3367176077781914,-0.12719198414005423,0.020963256172209146,0.09499417748366236,0.4090525546420142,-0.28643529497042747,0.052398573862206414,-0.36851016482815896,0.04876581024361237,0.01259917228526752,0.7939791376646597,-0.4202874200801611,0.03662352256963107,0.24410787324516012,-0.23466686646952842,0.004940712890583154,-0.04253916047223019,0.09717470161134124,-0.6973186125191907,0.7308267604020906,0.3211257090619744,0.6207201736601453,-0.3507125211614801,-0.411666596575299,-0.1273141617925364,-1.2608510562377042,-0.4571035393471544,-0.1980447477539379,0.14344864813032515,-0.05690738284955911,0.28503447441449226
2.652,14.307721365681305,23.515557982379768,0.8192137836543174,0.9352150213925615,-0.006119776367109448,0.006058126076718849,-0.35397557995907786,-0.0869234665733499,0.031000067523270534,0.13161378468682444,0.3818777828200131,-0.30236902698110213,0.04585235468528075,-0.4281611732381197,0.02073198376061243,-0.011353555250560044,0.7953206697913631,-0.41991580759084307,0.04186383619121216,0.24952296451388314,-0.27327056056745275,-0.012235161882773708,0.1634780446841772,0.16319775830950256,-0.7587073965552674,0.891428522049594,0.08603764489852264,0.8153025704878046,-0.7134108378336983,-0.25141777920647934,-0.09567159850733616,-1.0634609956075434,-0.6314702013139156,-0.7069286461486768,-0.08799019587565453,0.16228760921836935,-0.01225367701168591
2.702,14.320371205162838,23.500475802034675,0.818041724172469,0.9282308069263335,0.0006952313727596834,0.0076694386486975945,-0.3719250804087297,-0.0385177912525614,0.030280132670935267,0.17434520653952842,0.3420122524001106,-0.31426941898008653,0.04700593781024642,-0.46803327652854637,-0.00859217048871093,-0.05102113645854758,0.779368984277521,-0.39334141602502515,0.03532385829601247,0.2545107348185977,-0.3295497815911807,-0.037251721633864476,0.28913418207368335,0.15847066310403493,-0.7710565688736903,1.006301231189053,-0.09455944144265359,0.8667309728933767,-0.7982134884707002,-0.2671163086844258,0.1573046242982928,-0.5364678674092437,-0.4876103806429887,-0.7899801736148251,-0.5194942088164904,0.7728398235636933,-0.18026037404494474
2.7520000000000002,14.333190875385048,23.482332445850552,0.8150579044759928,0.9207416037986459,0.00952248134761602,0.0071304038309559625,-0.3899915110928559,0.015296111190459961,0.021918859639698248,0.21793452150972992,0.30427953749914377,-0.3297949299912272,0.05596418735225065,-0.47199284345040227,-0.027077434050443744,-0.0970438608659182,0.719138977735474,-0.3200221757087285,0.023281110476156802,0.2530083869837858,-0.39313552413116953,-0.09143715644265783,0.38661056398267685,0.06784746928284824,-0.7584438238264363,1.0464620465882275,-0.21522944628566784,0.8133735905044022,-0.5252206833903593,-0.4317414386329449,0.06877761408616535,0.3682106246750625,-0.13893923211630102,-0.887394617053379,-1.9560082639601697,1.9463648916804197,-0.2783726758181595
2.802,14.345616711123794,23.46177533882686,0.8079859858385186,0.9140307587058984,0.022933356466467693,0.0016523600061804566,-0.4049927196964287,0.04169953988087953,-0.0002771747876862819,0.21814071508121438,0.3351113823886468,-0.3570377456573609,0.030082027774651222,-0.42947134246171187,-0.019149924498663432,-0.11306940726204459,0.5779506743477291,-0.2123627437817771,0.0052591211833218,0.2559067046375818,-0.41667836475812003,-0.19122814542272154,0.9171777954293061,-0.08293043413055076,-0.5403865110515975,-0.15392250679987038,-0.8442897472543884,-1.0214873463332348,2.0921096413027644,-0.5399348029506991,-1.0789109148983502,1.2939571439445134,0.2600540566621584,0.40903142016004546,-3.423212593223925,1.998028051495387,-0.3842035488600013
2.852,14.35615512867997,23.443094012312372,0.8036326082645042,0.9083823145319357,0.038769206363080226,-0.004988303584216344,-0.41630954362220884,-0.0427810596496504,-0.03786719840333358,0.11294188226894568,0.5618913231259359,-0.3756951569223219,0.018789128323046547,-0.4228419319410829,-0.010134951518751748,-0.06017631895980432,0.5896918514540566,-0.18775042616377036,-0.08106888247333786,0.1863932570006573,-0.33260270139996945,0.012677204730927446,0.43721858079188597,0.06351422444387363,-0.5076263736019392,-2.4061312701899067,-0.8890806586691292,-2.621704867820227,5.385057546356297,-1.7877859558740536,0.04344199542385786,-0.20755766207984117,0.019399098068535334,0.6895092485882856,1.3413316272517013,-1.4673289596120644,-0.6732900061991036
2.902,14.365930845469478,23.426589576689068,0.8057835031346522,0.9026507151290349,0.04570917989140834,-0.008605641818653467,-0.4278531293324683,-0.13652472766640714,-0.06476615863980754,0.03680110128580409,0.7319832637221404,-0.4896012196425436,0.004403254105900727,-0.4088040986734093,-0.004738478475264527,-0.0297420527730595,0.6196228130279847,-0.23866318884919857,-0.10063273772264429,0.20579636397516152,-0.3345755580683831,0.05855012869490846,0.22106772563353672,-0.13531599418928836,-0.5488903806688678,-1.3693065011385825,-0.18497493291360528,-0.7854161296495492,1.7416965522092611,-1.7858287305751857,-0.30615865771503836,0.6565491733650124,0.20356180800560317,0.5706774922370559,0.08611359097178095,-0.7045595193869597,-0.2448140909572631
2.952,14.376761430718327,23.410044568312628,0.8087303691559391,0.8962472862362083,0.04768757808323217,-0.013448176664695359,-0.44077867842624024,-0.19417244073970374,-0.06652243151266438,0.01695789660724049,0.7743296720267832,-0.5328182578257522,0.0013303815393760929,-0.3691207676780437,0.006779880973364197,-0.0020293498750144734,0.6138831976757978,-0.2662266463279228,-0.10810647046360464,0.2257444914873686,-0.32497516256931486,0.05556958052888037,0.11168618312535782,-0.1729787562063963,-0.5734905426522012,-1.0295001561931614,0.016273273580839444,-0.18020373450241745,0.250686835038022,-0.19036954308104165,0.004355724081566257,0.8526821534918148,0.2404381481324574,0.5324899527898621,-0.2247778659883543,-0.4404847988829039,-0.0958378985939389
3.0020000000000002,14.38849037538615,23.394090186978406,0.8111971979225567,0.8898454145139512,0.047074313363761305,-0.017145343483701662,-0.4535032353651425,-0.2418498622780026,-0.066322385372332,0.011355091072085547,0.7743729364080126,-0.5276263208169921,-0.0015636915891796353,-0.3248928766442642,0.019593756150678363,0.02271930254268499,0.59947558796079,-0.28591131831364436,-0.11173047777063988,0.24261027285554645,-0.31427766642145777,0.04396251453795321,-0.009951881250680845,-0.16930314789494308,-0.5467672416070747,-0.8902188212961262,-0.011579932128559007,-0.07025290106080548,-0.12308300670498422,0.2846529597574851,-0.13923567566939926,0.9145647033067892,0.27149494011372344,0.4598516488514982,-0.345503049700899,-0.36571324186836196,-0.051676091681077195
3.052,14.401029754297616,23.378577644154404,0.8133400186283563,0.8838327472272882,0.043811751714343865,-0.019252108103853645,-0.46534886018335075,-0.2833492463802827,-0.06778612355408324,0.008456804647769368,0.7651817295428642,-0.5005465196992038,-0.01799096455173576,-0.27643771636123526,0.03420189396068819,0.04402125775801931,0.5760410451144472,-0.30105835915797186,-0.1138661379946248,0.2587390562094316,-0.3078332291786834,0.042380599706121076,-0.1334600140759111,-0.15443517201116994,-0.5017091564332589,-0.7530935620247602,-0.03454558574596218,-0.031074403351681473,-0.2572227320163212,0.6890361288456616,-0.40311439431797674,1.027209731984688,0.3091983466826383,0.39414023243473884,-0.5917282039116383,-0.24417575871069672,-0.030895898665535146
3.102,14.414426787131235,23.363229569738063,0.8153286496275165,0.8783796397143439,0.03816837801679783,-0.019627060117947348,-0.4760327320321511,-0.31440580095127635,-0.06942628577119427,0.008384723857954263,0.7432510949588171,-0.4628581400214418,-0.03437128813408212,-0.22257360497864745,0.05027025462000437,0.062073217168599676,0.5406143316395834,-0.3106747598424882,-0.11452328737685469,0.27592756420476555,-0.30608945818293604,0.03433239276515586,-0.24374881734657036,-0.12051778694172202,-0.44588854144645385,-0.500391419904404,-0.027876836701600113,0.016742279388124306,-0.6074980276068364,0.7447215952658359,-0.23666626695326176,1.0990353499140548,0.33316231930298895,0.3285743338246361,-0.7881734582570304,-0.1577675005255759,-0.0008352566797585344
3.152,14.428727874815978,23.3477871715673,0.816685318669295,0.8735394128633723,0.03060877897782735,-0.01791871813048969,-0.48545948993130494,-0.32394790013704733,-0.0687224913393117,0.013834475537273816,0.6777460820295018,-0.4096631185174799,-0.039422044358352545,-0.16579205273189543,0.06766489482589175,0.07721227925332384,0.4964749954753688,-0.31653566611147566,-0.11257074481164248,0.29526783374077764,-0.3108199635929883,0.015044007307672937,-0.3463994718736345,-0.08021341808711592,-0.3960397230783345,0.13871875642181103,0.055483262274234654,0.21587945834903982,-2.0946193456355466,1.327551999522002,-0.007914425475448269,1.1313885364350782,0.36169649627899114,0.27828275487138093,-0.9044526565347849,-0.11224909292143301,0.08973882508238071
3.202,14.443782412805124,23.332302629768684,0.8156505380538613,0.8693771452143216,0.020986533967173867,-0.013509080856950401,-0.4935184388707712,-0.2971680729399285,-0.06411889365880546,0.028364930489861634,0.5250284449031821,-0.32879152549185525,-0.03573199281915799,-0.11697136808976,0.08859825486894361,0.08795686480541773,0.46413489171861794,-0.3285859112443587,-0.104603921506731,0.300112122622474,-0.30668829331739295,-0.07181247270267255,-0.5381365405686427,-0.011444001059328832,-0.31076966533809863,0.8286029295565689,0.1355294268664619,0.24730890700763078,-3.656648863599405,1.6888504478295912,0.07727018721110719,0.7362538681252432,0.5349934903940559,0.10374230362839221,-0.22355257843912374,-0.44799791203966266,0.21615551951678433
3.2520000000000002,14.457635539854417,23.317225084145946,0.8111752603428433,0.864403620364939,0.0071099119645024675,-0.005448093509665686,-0.5027187568899276,-0.26424096794400403,-0.04418192560504626,0.021368826560971717,0.44175077638470245,-0.1667228502214992,0.010582901780087015,-0.12306612775164089,0.10936614551819787,0.030969545288249037,0.5301059430717074,-0.3544927546803656,-0.07187195030182852,0.25452532502322733,-0.26764760468882404,-0.0462860895236864,-0.4405924468860495,0.14284745514664274,-0.42515340705119675,-0.16096295026393997,0.3847982196990076,-0.009521449879455593,1.0918905693521614,0.12937210114676445,0.8780673145105117,-1.4008502459219274,-0.21200975049436058,-2.3734357192892976,3.7037848479246933,-1.0922127472837582,1.4139434888045879
3.302,14.469712494692995,23.30293120434762,0.8116247828734365,0.8592176129873434,0.002381678266241473,-0.0005738348264698069,-0.5116044290802817,-0.2554818879392426,-0.0298950471236164,0.028714292802302383,0.48539577786392124,-0.23089362731723753,0.04293711307707449,-0.2034928712105787,0.09973065192122084,-0.014488295762541865,0.7309811115939026,-0.40355390467744684,-0.028629657266174807,0.22736107659448468,-0.31834332319985686,0.03339330226458853,-0.24902072742902848,-0.055938743807812025,-0.47681200292481996,0.5901128367876092,0.360699665637703,0.22904170285427025,0.4419695236334951,-1.2524879704559677,0.4996104398985274,-1.487410632178891,-0.002473903556356495,0.1864253965420705,3.261639818979353,-0.8133423809114922,0.33267472428943984
3.352,14.480063194344098,23.285759913077765,0.8134331016564091,0.8535331756005514,-0.0045600168607778345,0.0014634827629928949,-0.5210164897713614,-0.21865161871297292,-0.009165164399362474,0.03734323898667528,0.4948953915989541,-0.28098620112886785,0.06049144154057345,-0.2745472923945439,0.09803036748137932,0.0004400588212911253,0.8337423407628959,-0.4271937039006885,-0.009149791767768888,0.1929716750815257,-0.3623387733538451,0.034589971700594024,-0.2628460279400192,-0.0714197013828585,-0.4329037656246756,0.8466916325551047,0.4279498512011166,0.18436419162367715,-0.02792821600892406,-0.7914212388119358,0.13741582497558755,-1.4120342918087672,-0.11613780061024798,0.34518818351245184,1.1166629689515724,-0.12820072905035174,0.4654557343330455
3.402,14.489107703107065,23.26691698784902,0.8148050126844875,0.8479292929556193,-0.009068508126259799,0.0033247984782242257,-0.5300213411016849,-0.17447042390240222,0.009729385441968373,0.049309972621840836,0.48486548719167133,-0.31233202294594453,0.05981993400422032,-0.3465768228260729,0.08516335584597144,0.01147815211841244,0.8562666895062149,-0.4301175212449356,0.015918127079318084,0.17081650691883782,-0.3889316479100208,0.019319902194481327,-0.11107329623523722,0.01866007024231221,-0.42667863454690064,0.9050849897870568,0.3103322216755824,0.31015840049388893,-0.3448866035371005,-0.5049309279944592,-0.10755833494472782,-1.4633893092251695,-0.3786175675988907,0.08519345731718322,0.03761400674460774,-0.047781758641683124,0.47068277683723353
3.452,14.497232611510773,23.246901990977445,0.8153787144169126,0.8418448958357055,-0.007896067772149927,0.004936632457174971,-0.5396391879108583,-0.1274934310275435,0.02018016152940605,0.07134627609043832,0.4573331395630372,-0.33054999631473864,0.05242079987443044,-0.41695859865714846,0.05782950984262281,0.002695083358938006,0.845077000169832,-0.43099651385467247,0.034099876354109736,0.1554460870111391,-0.4137779370361777,0.004895473212504278,0.10560143891792173,0.1326776880817556,-0.4656904590493863,0.9836359262162186,0.10134648951270679,0.5309524789348816,-0.7275514703243005,-0.2753470803660116,-0.0758475415378406,-1.2697606150646414,-0.7021204344084525,-0.4712998969263975,-0.4725740159722723,0.0786412389415486,0.18394258081262002
3.5020000000000002,14.504480887017685,23.225180929121045,0.8151059152900385,0.8355114976079911,-0.0018048786131446334,0.0057654066600908655,-0.5494397508954805,-0.07621911548176058,0.020200603538266883,0.09981933224768538,0.41513182268727,-0.3427840318311007,0.05475713056125626,-0.46734635693821425,0.02238464136980334,-0.029021525919674458,0.8104450891608564,-0.4096024317656617,0.03750996775493371,0.13371041508792308,-0.45446313624078105,-0.018933895845584883,0.25365107982376517,0.18865564742315605,-0.46262723107153647,1.035680400548003,-0.08607043763234365,0.586883296696167,-0.8802997145378553,-0.25598467303347167,0.2000056161827487,-0.7521966349364824,-0.642589718874671,-0.6929060021030583,-0.8410748768881716,0.6901009724022501,0.006751837672046769
3.552,14.510622070069,23.201224009107516,0.8129790877610752,0.8292475953685754,0.00721834100204733,0.004828754997744147,-0.5588139263241261,-0.02333408123756352,0.011293186436373975,0.12913283002350248,0.3737908830331264,-0.3575594146162329,0.06929810731405447,-0.47919175602523273,-0.006445981583961019,-0.07403137988568459,0.73030118772154,-0.3304936760507593,0.036162269163481545,0.10978275122888081,-0.50016721119888,-0.0763838557687619,0.387165149143585,0.13736748111539554,-0.40361304120553027,0.9743995798234006,-0.24161079035152339,0.5714379189499448,-0.540337305260389,-0.3971283547052807,0.19887971732264484,0.3111232872179962,-0.39024119941078084,-0.9226541800695679,-2.4978072695313016,2.266559209415543,-0.07366817737942624
3.602,14.515868354141082,23.175603275298915,0.8065467598125999,0.8252720249946334,0.020720336444337725,-0.0024912586950699206,-0.5643496664737269,-0.002241451264454116,-0.013366642794178287,0.13668598868543233,0.41043445987534377,-0.37723114845704836,0.044346953406776496,-0.43332526689862,-0.012113050552611448,-0.0871603226878601,0.5610111743964828,-0.203825130940983,0.027666070977483657,0.11124271559200488,-0.5172362242274248,-0.17736663249951054,0.9128763293043107,-0.04002658828728962,-0.14323034803811363,-0.23390224504702023,-0.8797490253415742,-0.497791029908595,2.201605297341966,-0.28944228891198726,-1.0547343095313237,1.1398634235987952,0.10973956335029644,0.9837130325079071,-2.8914773218750467,3.8555014073710097,-1.2757865381730387
3.652,14.520269574948996,23.152330654645365,0.8031556441503612,0.8220083738991233,0.033421141386658554,-0.010044090344133151,-0.5684051167937281,-0.07029418007133888,-0.04857749592618076,0.0729138687072248,0.6056085111494095,-0.38352362631615444,0.030032502514482726,-0.42791889272828637,-0.009526652083300278,-0.0444805815110634,0.5927403356433874,-0.1816354314295825,-0.06261242230727333,0.0837947048380606,-0.4246127953573646,0.017116559688277293,0.34067118156286624,0.07116357583279685,-0.1833280137537692,-1.875504094692275,-0.7210401279627745,-1.671971845555101,4.394209050715623,-2.018452176524502,0.09356076686018672,-0.03429916318410651,-0.07687200688785711,0.3749981668594522,1.2959330464859184,-1.6313668307585456,-0.7085854185101307
3.702,14.525069056665926,23.13123072105092,0.8054823590530056,0.8195253314818114,0.038013799059428595,-0.013884264306497718,-0.5716121144144551,-0.14527867841888892,-0.06832293226233589,0.029930809329854605,0.7413213443514928,-0.49934351996879606,0.024215373187889407,-0.4055511837598695,-0.010892181977520274,-0.030095688001930063,0.6207024883763486,-0.2399451596498938,-0.0839197275737368,0.10823290619833226,-0.424683687666067,0.06211079865352617,0.1620035330684755,-0.1235096654263014,-0.1687496691606326,-1.149296649733199,-0.15370599815224092,-0.4096346121003864,1.3922554232451851,-1.7311033010255188,-0.19179047270851501,0.8045144596513437,0.027137822508573273,0.24251297999823632,0.06806474406268115,-0.8455117166524811,-0.2583138109343422
3.7520000000000002,14.531155837052362,23.110147863271475,0.8085457704268412,0.8168746248036426,0.038011453555212904,-0.018397299581843787,-0.575267343170656,-0.19630354540484327,-0.07018528584513879,0.02092583613513019,0.7777929767130399,-0.5398869529853841,0.017495731133899906,-0.3586933003824291,-0.008412063163147411,-0.019565053278006114,0.6139227008991868,-0.2740434170249511,-0.0913233276843756,0.13413784996840306,-0.4167672113396744,0.056256512557002966,0.05720028980223024,-0.16094813694194976,-0.16790439194780568,-0.9642858582300986,-3.921523317908823e-05,-0.09199611439499174,0.3214356039574264,-0.13961991500800486,-0.1475217321636962,0.9942876909131906,0.059516575792132737,0.1759041761687543,-0.2489511968679316,-0.5729230685473788,-0.0739542768051503
3.802,14.538511106823757,23.089588282601497,0.8109663821868089,0.8144998665805584,0.03603617833659929,-0.02135746435355056,-0.578649479311553,-0.24335844804557386,-0.06996075542841301,0.016917235433792782,0.7851600375659432,-0.5327133938544292,0.0046036466727417905,-0.3082018378269717,-0.004584546528589349,-0.012406317461479825,0.5981186749615035,-0.3000904388361105,-0.0928042031909672,0.15899356268787826,-0.4063474944672821,0.041629565833479876,-0.04235576972831175,-0.1346828657977851,-0.15274574317364056,-0.9211776497375348,0.010610940810650619,-0.07144968260170911,0.049953826672496045,0.3044579872311779,-0.31775552262604617,1.0195796167431237,0.09492377355318776,0.11840381344347772,-0.37594001010836764,-0.48322882960291647,-0.0018235914824325
3.852,14.547021824233918,23.069522429601257,0.8128985437492652,0.8126532449649796,0.03244425206753564,-0.02202102765862962,-0.5814268211017825,-0.28947286438375597,-0.06829151118910688,0.013025420073091253,0.7859684718530149,-0.5037399309655295,-0.01893939039423329,-0.25568294677610703,0.0014823319971916547,-0.008671855960590683,0.5729884285042856,-0.32033456277861794,-0.09230236340850724,0.180894038987758,-0.3975798334051318,0.03647697322271273,-0.15360270492597516,-0.08969141824179919,-0.11007590162973789,-0.8958146045252994,0.06308026738764329,-0.058233160542690406,-0.05763909049793174,0.767772094229769,-0.5078262164579782,1.0845228852293498,0.14619551234632805,0.03924858044404767,-0.6261742636250152,-0.33155027082816646,0.022356491601136654
3.902,14.556707126723424,23.04979683016812,0.814536301330342,0.8113106467668885,0.027495934280999983,-0.020362985777167882,-0.583613191121436,-0.3288735633655038,-0.06387013828314565,0.012319868872770885,0.7699887177907471,-0.4594627613110936,-0.03915518881902708,-0.20022117677317572,0.009902746720756011,-0.007699728260559396,0.5360121250691713,-0.3336960556062282,-0.09034633247364271,0.20559105487316118,-0.39097776758376984,0.026400314923871432,-0.24001971427144916,-0.03612166237668126,-0.0929179516855946,-0.6812032332508006,0.09785239765745184,0.007008289879543203,-0.5706272875209131,0.9047291013272336,-0.29251916870236105,1.1078068519526816,0.18874591980570898,0.006015585040924525,-0.8116742083118925,-0.22504453438822344,0.05350887617764892
3.952,14.567637980022447,23.03029135887428,0.8154138155356832,0.8101577956251965,0.021491881265489225,-0.016423075924501134,-0.5855875065304664,-0.3481935645722699,-0.05649934574472476,0.01991576572925812,0.703062571572231,-0.39262985766788455,-0.046689188329540325,-0.14408994225785016,0.020803801564932493,-0.00796524961760402,0.4914231056979801,-0.3425904443984316,-0.08596308086370977,0.23126619065967882,-0.38827852631357507,0.0031099080444339407,-0.32760559906663267,0.0038111780832519593,-0.0919127728511864,-0.07187912541507073,0.17358143002045412,0.30922776120593576,-2.147855476910546,1.6848696506436975,-0.02893039236585293,1.096346435464089,0.24232247665678489,-0.009127261415187181,-0.8834145741222049,-0.17648530708360044,0.13063282638539495
4.002,14.579771561490766,23.011202063372803,0.8135792952699369,0.8086299555911539,0.013689718036046784,-0.010122050368440806,-0.588071195211158,-0.33277092096221333,-0.05051008829875474,0.03621784898784179,0.551238681788333,-0.28971435141471225,-0.048687630135418054,-0.09995752608454965,0.035786930754538274,-0.010740920017571846,0.4670710673864051,-0.358647848398279,-0.07560033091047791,0.2470458345789585,-0.374181383430111,-0.08979890309119375,-0.5306996440295864,0.020534660080826724,-0.16578333265034545,0.6084335309939001,0.07711193031581375,0.15269219105761955,-3.563648690921026,2.194178131476935,-0.09905642723252482,0.5631684711324447,0.4190090190360569,-0.19496659973201363,0.13974076713301195,-0.5132054935160896,0.27314506347059486
4.0520000000000005,14.590829821784856,22.993196064335468,0.8086186552761958,0.8052130780461794,-0.00016591950216235255,0.0005318022713669113,-0.5929853190429415,-0.3128542104613596,-0.03657650436309843,0.01278379237229979,0.4854574621211711,-0.15787038461212913,0.0016265874987989337,-0.12073653822795757,0.06593921246103762,-0.028166706283182314,0.5695518606269568,-0.37105952873337883,-0.06178852168816366,0.20228637093666973,-0.3167956913969343,-0.030807720195117783,-0.48253792474646046,0.145805135935854,-0.1723592826034949,-0.4040953684711065,0.309956398604854,-0.18899888744075583,1.7011225842963373,-1.3059705209923689,1.1714611028639557,-1.5936371451272235,0.2524955570853676,-0.2639964582580954,4.248485647491963,-0.14059511118066406,0.7635030219506597
4.102,14.600092034711414,22.97655955009256,0.8092321974801814,0.8026114824060117,-0.005942334542321614,0.006153030229278341,-0.5964408077833102,-0.30739236571899187,-0.025228472256350356,0.009442086276319,0.5374613658859847,-0.23228111063881832,0.04085316684400617,-0.19939209222777154,0.07088344847338483,-0.018097190834758213,0.7639172935806591,-0.4125863352236971,-0.028473990356360328,0.1617030543479718,-0.357386856568764,0.03386518734337304,-0.31263714226575723,-0.05437796362956199,-0.2053159394133461,0.5036603741458998,0.3051234376304415,-0.034265584922080386,0.5301993507226663,-1.1944017206007531,0.4969004783486749,-1.3443674825586258,0.1285253203136405,0.409130471737793,2.715107025858779,-1.0701976706344152,0.44476432642499764
4.152,14.607073436936783,22.957693126173638,0.8112722392561701,0.7997472734224969,-0.013329942364360746,0.008990147607628037,-0.6001214781490796,-0.2729383173082066,-0.009036261135522541,0.006226028640861544,0.5493517006402171,-0.28054702017958,0.0604738054871328,-0.2606833093994322,0.07444693406142619,-0.003173492831438384,0.8410659296503118,-0.4405118063941094,-0.007592363345794988,0.12109180886855712,-0.39256584768334923,0.04307404194091,-0.2738423811255568,-0.08701706157824282,-0.1824844994675857,0.8079825234712698,0.32545011777730815,-0.05967563615786806,0.013731807572755269,-0.7772938143162185,0.23935018134056757,-1.2105406549511237,0.06364745440666031,0.30291683584331325,0.7068831383708203,-0.09269653933237143,0.42323066714245405
4.202,14.6123475625534,22.937425359104655,0.8131719014933201,0.7970365892591137,-0.018271132755444987,0.010564644350594251,-0.6035621172503938,-0.22936071233777572,0.00487366991854543,0.005436968456021545,0.5413054396124232,-0.31233746574291654,0.06404475130027411,-0.3249427118473294,0.07568765037563417,0.010131049053486869,0.8542822113308707,-0.43921246617577986,0.013802915254782715,0.09248115914371864,-0.4164063971840161,0.031160533480116263,-0.1114098002465886,-0.03938689670047192,-0.17018948141926377,0.9109274881363901,0.21671185788388628,0.03645929967925299,-0.29441542049923985,-0.5408704629455587,-0.02774011226853969,-1.3560963754954725,-0.018403274252406256,0.21239544607945662,0.016829509805245477,0.06615667547259936,0.3951185736295027
4.252,14.6164812145443,22.91618234171738,0.8143870297162058,0.7938656438987992,-0.017973008560876937,0.010607603234587414,-0.6077349662098065,-0.1818688613279344,0.012033018388716666,0.014590939157287276,0.5169486588760357,-0.331987429442038,0.058042705138838795,-0.3933372591660296,0.06883480202370518,0.012943350375561139,0.8471109848292678,-0.43473535093836285,0.03264633772392399,0.07471686271866594,-0.43345064242240444,0.017646163831647518,0.11373207265382511,0.06041896453662089,-0.23683891460060796,0.9855674155415437,0.06451912946546641,0.3003889228744983,-0.6581506725254186,-0.2796600801207851,-0.15299169027316495,-1.2828181239791059,-0.2936991232139258,-0.18986575231883937,-0.3649234711864633,0.13040005659487006,0.2625121664177935
4.3020000000000005,14.619712272029991,22.89393334718125,0.8148129640116089,0.7901080949393737,-0.012327730986393592,0.009532502332182974,-0.6127694156526478,-0.13205905887469613,0.010364507207801767,0.032757922400634805,0.47859757728674496,-0.34466912376895015,0.0575349773879846,-0.44533538798443073,0.047804619306624455,-0.009855732948165266,0.8141192666259801,-0.4174336134511937,0.03907315425828166,0.053335863578571986,-0.456261543344847,-0.002734530734510074,0.27692301158365207,0.15261749289423523,-0.2569702842891515,0.984599968078673,-0.10898497836182468,0.40460724080811417,-0.8242425229760717,-0.23379594720840582,0.08076207849841517,-0.7913740345967328,-0.45970413988995945,-0.5983629890655888,-0.8675806439271292,0.5154669734261,0.04609528125666068
4.352,14.621843033992095,22.87032443641869,0.8137511587338919,0.786210886366982,-0.0029930320912296485,0.007308381308657327,-0.6179078179466517,-0.08207277920023599,0.0009534880761343683,0.054350002389406654,0.436471912500608,-0.3560428230212549,0.06329055534450244,-0.46056597197417154,0.02303128418612657,-0.05130936989624889,0.7354939550280561,-0.35102497731453836,0.039634711229438006,0.032223248161718454,-0.48608947843845907,-0.04878281822508619,0.41635556326804035,0.15622411148595863,-0.23528428228591552,0.9562393407974571,-0.2730946970341512,0.41857275620905254,-0.7051424843726889,-0.3068061120171039,0.15778477384427295,0.21679557361937557,-0.4532064530311086,-0.9394102092934725,-2.4013449497606767,2.034935498131853,0.004559437837308769
4.402,14.623211222125532,22.84558357835913,0.8086818208186609,0.784281325398021,0.010151201275865914,0.00018729942552729866,-0.6203222716165419,-0.05259116719665051,-0.02125605795271511,0.07878877125769254,0.4453363354366682,-0.3750937667025456,0.05376384744685109,-0.4186270597644826,0.00876267769539202,-0.07584483741729989,0.5666165640945151,-0.23686103209841627,0.041853979056825294,0.034147541207137616,-0.501394202624528,-0.15917873769650775,0.8588678713595167,0.010913949226788391,0.0009271058527883297,0.15102061941643108,-0.8109798646699302,0.2759120706503832,1.2665422787079943,-0.48223054890601136,-0.22152412871872953,1.3353552034887683,-0.192620028442571,0.22433057729934444,-3.9102410535738006,2.114861391926442,0.07147571886802827
4.452,14.624355479024688,22.82219290811817,0.8046119051385681,0.7835406135648171,0.02307065955230153,-0.010050590764264504,-0.6208307637251724,-0.08829538680805901,-0.0537041675265571,0.06794169537114779,0.5858616621904327,-0.3811319706476402,0.0422168686834985,-0.4002820656388221,0.007333749179303901,-0.03452737057391519,0.5615388292659723,-0.16790977419178912,-0.038484354593944566,0.022225301601043208,-0.42693297392061097,0.019477804098436247,0.3801612896701513,0.05421854344005978,-0.07850175692415083,-1.3726182091763868,-0.673013293456447,-1.038890794009518,3.7349440079147924,-1.0265308674138405,-0.04920086233787007,-0.005318549337272955,-0.13917025363809873,0.3254185403727369,1.2868051993808933,-1.5532737578470892,-1.0808622973126876
4.502,14.626161212587927,22.80119572795911,0.8070502676975077,0.7830920576814409,0.02815561606876355,-0.014371481948110998,-0.6211018845460474,-0.15282224266576364,-0.07647957772788204,0.036167402263821244,0.7242833004225349,-0.48017070536209977,0.0356532102292383,-0.37937653665212884,0.0014999675418199592,-0.024610614776421774,0.5913594571817894,-0.22778158443981805,-0.07120270726525446,0.04835828858911936,-0.4236157455042069,0.06253430124671408,0.180231487293515,-0.09409762786613657,-0.020949156238123733,-1.042314597916987,-0.1844071810230087,-0.2684373426369013,1.66869252847554,-1.829187290161769,-0.1855364985907222,0.7649716605858694,-0.06076324755152589,0.14708904709119514,0.09739197015311599,-0.8732177725906485,-0.3976241362183748
4.5520000000000005,14.629319155523262,22.779957256743398,0.8100993737831306,0.7826316694771874,0.028643802024691006,-0.018696661496464897,-0.6215445578442526,-0.19926295566990923,-0.07899625943145279,0.029166770906222553,0.773022413605309,-0.5289915734047987,0.02694500704912612,-0.3340239694173801,-0.00043945279382522366,-0.01918739772255264,0.5853284724734221,-0.26298043571417984,-0.08315548175685056,0.07703049149211118,-0.42394955508027043,0.05532986691822765,0.07559025955259692,-0.12869901483890647,-0.017806570550141558,-0.8775373247953656,0.024364973635291172,-0.08335503941999418,0.5064249099274242,-0.29708148702332193,-0.18959418830691127,0.9682439769361176,-0.02475380398702903,0.07447466037504927,-0.2386622982873792,-0.5945831265301359,-0.11921629965477994
4.602,14.633923088838888,22.758842598790967,0.8124180453097227,0.782326203972046,0.027374653829395985,-0.021313211586573195,-0.621901990604851,-0.24253822064860303,-0.0758368924731486,0.025204886616625347,0.7865649978975059,-0.5280840767389542,0.01365935273674436,-0.2850284552842976,-0.0006452375802159195,-0.016968780664008403,0.5703819505007007,-0.2902012327366996,-0.08549387042753984,0.10645612311464031,-0.42086025984464115,0.03858042046402803,-0.016536074039112676,-0.09806845569439339,-0.013700539821153167,-0.8577245405413078,0.08581224069508583,-0.08106972394700196,0.12583133785739928,0.221057301757199,-0.30379112276823583,0.9854257181278248,0.013769642347813296,0.024087838956647303,-0.34835187298003106,-0.5115998870860626,-0.0011332196200705873
4.652,14.639961609539608,22.737908000873244,0.8141400729942564,0.7822693445052931,0.024847729447877206,-0.0216471956382977,-0.6220680524746001,-0.2865131689714266,-0.07028002979241628,0.020174948635458465,0.7902156083380817,-0.5020003703518896,-0.008722786704273672,-0.23445288317933838,0.0015651857378295947,-0.017346470295974754,0.5471503323258525,-0.31197672848455377,-0.08423837683645255,0.13419509409457317,-0.4170232786799964,0.031228945268804924,-0.11984873359426101,-0.05174968339852563,0.0040467984232467535,-0.8795116835469347,0.1356997790748996,-0.09662892828579453,-0.006225125545086138,0.7247638858225636,-0.49543354701245385,1.0401257926958285,0.07203672224696592,-0.035394975459959,-0.5790350716593804,-0.36355681446731125,0.04759111041201711
4.702,14.64744296314606,22.717144104321754,0.8154733835331094,0.7824527374657798,0.021209300655654347,-0.019604480194520477,-0.6220398247333585,-0.32678376147720606,-0.0625237571997069,0.017865444636477157,0.7770960506500776,-0.45929909797555263,-0.029755386779520245,-0.1814460078793652,0.006447435163349846,-0.020009811020600468,0.512875708611636,-0.32699995955581473,-0.0812365431450912,0.16393982758662384,-0.4127901502707051,0.01980628000615057,-0.20472942950316353,0.0010348906254958605,0.007529272991767218,-0.7207761882622796,0.1610967609661699,-0.004416879677451806,-0.5227062178715527,0.8838339863903759,-0.3281817851577442,1.0577587137558198,0.12120022029001522,-0.06531639642689453,-0.7521372772522976,-0.261034135235988,0.06774423557359677
4.752,14.656371414815155,22.69651986954077,0.8159820535653998,0.7827360942380577,0.016490239108856827,-0.015271628562196724,-0.6219477921434728,-0.34879052489570916,-0.052619479673964006,0.024808102890576157,0.7113512352321675,-0.39214961807617044,-0.04057254626940134,-0.1277272290062531,0.014292211692712577,-0.024232446770173045,0.4714495278125284,-0.33781158173230286,-0.07671469969577675,0.19271493966201433,-0.4114341727000567,-0.004880591103802304,-0.30018672604331675,0.03257444222876169,0.004561657102196586,-0.13028512553139826,0.22071574434258157,0.3143511532090619,-2.147949047186672,1.7180316843415742,-0.07949778524892409,1.0525949171334534,0.18958588880902366,-0.08955771527026285,-0.8176059482950695,-0.21828798117676107,0.12500120248453991
4.8020000000000005,14.666670857373104,22.676247607154814,0.8137709692205181,0.7825034959741076,0.009719633488777718,-0.008519818636179056,-0.6225120241437507,-0.33721056748860057,-0.045021694543866994,0.04129766042478289,0.5605832844262008,-0.28662653271002103,-0.04512837424477187,-0.08575973244011735,0.027094282078254886,-0.030805958069128024,0.4508575112837486,-0.35593834697810506,-0.06723983240288284,0.2122093323617094,-0.3984594615286193,-0.09503042551867637,-0.5182057469597426,0.03765968336536045,-0.07212077397877216,0.520519548649885,0.09023509370889449,0.14332035149250305,-3.531361245667935,2.2658411422904168,-0.17350274274229968,0.5217481364879658,0.38846277693545855,-0.23995670524771642,0.23036990555106995,-0.5428144140803866,0.24670042155335406
4.852,14.676150452018783,22.65715700328759,0.8087753690266972,0.7802153415536812,-0.003243994850324596,0.0028271127929017895,-0.6254962068109919,-0.31912146601642916,-0.03283204835383389,0.015670691416070224,0.495025451907816,-0.16191860831826244,0.006985803224431904,-0.10980596389166318,0.056794534835500926,-0.043716494893461404,0.5604020672066468,-0.3689262565642594,-0.055310613063640116,0.1724621412677779,-0.33548705710427634,-0.02896585162000649,-0.4859099626982054,0.1632394871404835,-0.07794730277747919,-0.38655382265334,0.2744847472236826,-0.2715826470996616,1.615789605564779,-1.362078944905335,1.1997649600540283,-1.6896436381809115,0.344875792876979,0.042304236496701925,4.43030231908686,-0.06262591940567942,0.5704142758063147
4.902,14.683885343412783,22.639750840784128,0.8092667589525558,0.7789962091790952,-0.008554661264715057,0.008852109262366114,-0.6269077795153382,-0.31418365959744243,-0.02377290784117533,0.008038101304313736,0.545102939486385,-0.23365978355195474,0.04443553056688055,-0.1924974654923927,0.06793399307860364,-0.018813590772863598,0.76233952428257,-0.4114513636563196,-0.027903104669377017,0.1309367083976801,-0.37018018513393625,0.030625090943982268,-0.3003846797746191,-0.050379359796498435,-0.10647571173581441,0.4868982070447218,0.2485741441121912,-0.11118518961721227,0.5207832648235241,-1.1511335792456303,0.47474160885233674,-1.386544396639099,0.21085667639622171,0.5568890282600847,2.7667255125899515,-1.1725056268919614,0.3885620601891646
4.952,14.689301889178964,22.620342599059583,0.8111909741542827,0.7775106593743182,-0.015604812013881902,0.011746884111587823,-0.6285663649249718,-0.2803813688738699,-0.010280873722330393,0.0009841596776219244,0.5568580460647885,-0.279964939180651,0.06231327333418008,-0.25472701674604004,0.07352760228494581,-0.0024986284979752306,0.8400684013731365,-0.4427114634279952,-0.009943964233174785,0.08926491977408794,-0.4016392257843335,0.04191413743964501,-0.26254037729675705,-0.09272435596331696,-0.08638078171718655,0.7950968415043752,0.2725327811451645,-0.13817837147407597,0.02144330993277287,-0.7578956338248433,0.24333855098017493,-1.216549865673567,0.0862667619282869,0.2740634027251159,0.6992750399312008,-0.1103406838422347,0.38051844616768055
5.002,14.692964000215643,22.599694392734037,0.8130774038180146,0.7761057603456326,-0.020436066426536767,0.013177121895685168,-0.6301337789754513,-0.23731390040472727,0.0013087187381478306,-0.0035950757426887023,0.5495457545721791,-0.3115566710996939,0.06689618216936609,-0.31917346112216016,0.076219353385612,0.009905043738581759,0.8531133445073044,-0.44146955721685666,0.010196789816136049,0.06040069602219312,-0.4227801706323875,0.031306877821844964,-0.1011747656976657,-0.053765817175302114,-0.08948977213724642,0.9068658535097218,0.17699524870597258,-0.030411244193808726,-0.2784507399468552,-0.5446743409775844,-0.004159861782327748,-1.3608548911420792,0.010392146768485695,0.208039895841376,0.018219457284661435,0.07920158093366489,0.38251132736079074
5.0520000000000005,14.695459296173162,22.578185756376435,0.8142933759891923,0.774189498963232,-0.020298346719455934,0.012879462208426715,-0.6324972065303825,-0.19050295844798984,0.006804216482954635,0.0013135032530410694,0.5268928965238528,-0.33193386300631905,0.06220672424937433,-0.3880583779025981,0.0715432646094391,0.013670399001678156,0.8462106486197803,-0.43577660179148675,0.029582576762099716,0.04179162332964203,-0.43758949309685746,0.01792724628720051,0.11515525695976114,0.043681971872686576,-0.15165565817964496,0.9638927709475362,0.03264861676970157,0.20971373205576285,-0.6055921085524792,-0.31840639722005176,-0.07292988196136622,-1.3011793369134854,-0.23411072572714692,-0.1324540134167441,-0.34976126722262807,0.1502152141137729,0.295950607215157
5.102,14.697040261664956,22.555822761244443,0.8147431273149888,0.7715658920678724,-0.014905112321943503,0.011367596045496085,-0.6358731709895646,-0.14189723857900388,0.004260966660439111,0.01532728548650486,0.4909046130866162,-0.34560357727407043,0.06232976393155782,-0.44127754294113825,0.053337261191658346,-0.005997534071192618,0.8140285946856961,-0.4187055264598275,0.03757324558767094,0.020757469184584983,-0.45638387838948585,-0.0021367115138510914,0.2781209024770902,0.14125944609444296,-0.18066132247843056,0.9568561846802156,-0.11970588150948656,0.32807889224058107,-0.7825953881595535,-0.24031894266738388,0.04731844118760972,-0.8198652207102833,-0.4179801225168139,-0.5462585027385303,-0.8518806910722346,0.4938413419637461,0.07064277609611529
5.152,14.69753734883324,22.532339767929194,0.8137815240448718,0.7687414411235488,-0.005674341475744886,0.008813838041527822,-0.6394737796087366,-0.09403066006948434,-0.005543467621967782,0.03306288465288295,0.45103411443415287,-0.35708234117514137,0.06701150958346487,-0.45812590551424215,0.03003004322538766,-0.04537389314950903,0.7364635223169255,-0.35520135866092717,0.038577026062153456,-0.0007107254606427137,-0.48129178609445905,-0.04567893118170341,0.4126377832626773,0.1610846962955561,-0.16206545384252585,0.9118326228128325,-0.26431786126062595,0.35571562505624793,-0.6806478482951742,-0.28190835656372726,0.04490867008657772,0.17764146631226085,-0.4334872936257762,-0.9105112808715216,-2.357485876923014,1.958069679269607,0.009595842793196597
5.202,14.697303108653648,22.50792282619513,0.8089783435558249,0.7677309314374324,0.0073094448765230954,0.0017165291042834463,-0.6407283687005313,-0.06621171919232607,-0.02795738380801801,0.054666324029580035,0.45882240407103664,-0.37684450193433394,0.06253200756480487,-0.41801443427271956,0.015257828641740582,-0.0711907738996214,0.5696064006877932,-0.24261943848548873,0.042382401953868325,0.001980198428425254,-0.4943494191693562,-0.15093956261452737,0.8408687579338299,0.02847090029205008,0.044393892582366895,0.1308471518614039,-0.7843322375475836,0.3538191414008457,1.2120410644625328,-0.45167395949764866,-0.1805359802101404,1.3133979893758556,-0.22923059728435463,0.12235248239629952,-3.90043539004996,2.118524815530691,0.12656286729786095
5.252,14.697024199805472,22.484635616527797,0.8046444169687258,0.7677349260857835,0.020290088293315647,-0.009045371411827105,-0.6403823676844397,-0.09848232278277498,-0.05913877912185562,0.0563223725675603,0.5917922874398508,-0.3814853755460107,0.04555722828645625,-0.3957466503435982,0.01386770363872181,-0.029257982519236628,0.5490861944933928,-0.1555676695415823,-0.02986827716615091,-0.00516912772634838,-0.42595298509275226,0.020420027981523287,0.37428221967422737,0.06039722910277925,-0.05805556653910713,-1.2371709092889145,-0.5672988091373369,-0.6400850698132778,3.4735652186249126,-0.8166583928750509,-0.15368855758360853,-0.039022773696432075,-0.12364758915893778,0.30530779245508266,1.3398483877495284,-1.5885473363086609,-1.1989500184832358
5.3020000000000005,14.697564275782483,22.463639578844017,0.8072443988546408,0.7679695069490692,0.025228639634825016,-0.013450417583915878,-0.6398479806996336,-0.15778396120797716,-0.07862591183493918,0.036856389866455584,0.723295700671484,-0.476897567569227,0.038984792070518054,-0.37557776087399136,0.007543931657094969,-0.02130481641410659,0.5811075809785232,-0.21945440489004703,-0.0670504978073136,0.024423376642290932,-0.42387168124371294,0.06586822211666933,0.1836094504926431,-0.09110727109777661,0.02766069258589987,-0.9662179245769836,-0.15106191237308994,-0.12353013589230837,1.616559619484786,-1.8246481816763929,-0.14858772127530323,0.7615774305685991,-0.08379681572758782,0.11020020550510914,0.1132406128501293,-0.9185954052297208,-0.4503220083758815
5.352,14.699569198124838,22.442335964229645,0.8104233198248273,0.7682905324501582,0.025717948166230784,-0.017889075393962842,-0.6393342051471363,-0.20096561307042754,-0.08069858242256779,0.032453696466976975,0.771730692255689,-0.5261117345371269,0.03106534973498364,-0.33003696422358686,0.0042785419631916,-0.0176673694962512,0.5753176641500736,-0.2558976076577134,-0.08050766413446885,0.054630915833046426,-0.4257833538694325,0.05692657250430541,0.08337493562641304,-0.1260768103380508,0.030299963155852604,-0.8270954797435858,0.023738333958795377,-0.08441451700929194,0.5302554009857092,-0.317754308353424,-0.19169454625608348,0.9694611360454939,-0.05341216510051406,0.03969072614246536,-0.23479846900607323,-0.6075533457872355,-0.13793932323550936
5.402,14.703072930624401,22.42109491942264,0.8127715960077714,0.7686641710136564,0.024594569649771043,-0.02055458901330818,-0.6388489713650047,-0.2422357970681652,-0.07699071801254616,0.027981012241328485,0.7866484151869272,-0.526236552229043,0.0176776165357891,-0.28125569876248396,0.002821023563350158,-0.016951722811567736,0.560811149968676,-0.28363025675457626,-0.08341342875805942,0.08476775930083591,-0.4241313854061776,0.03835859382653507,-0.009297385267419614,-0.09282177315172298,0.021686290870864412,-0.825777091979535,0.10826898761498642,-0.09678886147231056,0.1526322131803613,0.2010195278089482,-0.3046230659714949,0.976887252180151,-0.005358906406059832,-0.00025164072559937575,-0.3357341693687453,-0.521153189254618,-0.005617214022890693
5.452,14.708058461933629,22.399963928743134,0.8144600230480105,0.7692988130385193,0.022303949661274945,-0.020893978167314475,-0.6381577483376474,-0.28523568914677905,-0.07019546084777376,0.022159733084956168,0.7915428704008854,-0.5013112836226185,-0.004634001705098711,-0.23115238833387797,0.003761481810850519,-0.019010526182715655,0.5384365195705998,-0.30608343908533103,-0.08217500349474234,0.11373140237777572,-0.42170892718389685,0.030405303233345567,-0.10961523335564598,-0.046387358941225365,0.05310636923223191,-0.8665856841404838,0.1651699487728145,-0.10185729014355463,0.00971185245045595,0.6962524045316462,-0.4943389915224081,1.0323055473549245,0.04393356427718464,-0.07371806743821244,-0.5611386372960923,-0.37875240423609374,0.05111709390879628
5.502,14.71455903788118,22.37893392621847,0.8157462549983079,0.7702697415889379,0.018984280739765796,-0.01888647925570386,-0.6371557291421213,-0.3252993341705317,-0.06112499004919524,0.01981880793569277,0.7794132903116244,-0.46000074854966355,-0.02582312888239813,-0.17852270422717337,0.007227065461351288,-0.02360985171844694,0.5051015271873118,-0.32188207816821823,-0.07890925985067314,0.14516069332203627,-0.4186248865011072,0.01879705460643607,-0.19224560944101096,0.006028634203129367,0.057766160350344334,-0.7235129116068739,0.18173589380013422,-0.0047434926428201775,-0.5014401058828537,0.8607001332253253,-0.33470414869499826,1.0502288701816858,0.09300087988118048,-0.10392505867413972,-0.7323600815402966,-0.2768539510924641,0.0732502951650915
5.5520000000000005,14.722578562790897,22.358006138222144,0.816200736577939,0.7713205592854631,0.014658113206291358,-0.014571083446630483,-0.6361111680107363,-0.34783867179776673,-0.050433236687087886,0.02662812872558632,0.7146942774138744,-0.39357614243953737,-0.037537829843993904,-0.1252701329442335,0.01377790505310964,-0.029759209943221294,0.46470438224418814,-0.3334498538726184,-0.07426903971572818,0.1751058285839095,-0.41782508254499623,-0.005858261143123222,-0.28831150729660027,0.038656123607551475,0.04958201638074239,-0.14607897155952954,0.23425222875615123,0.3127659586735658,-2.1298131750125497,1.7127947517257933,-0.10361629578011516,1.0429285824030332,0.16721817185436066,-0.12534373777555863,-0.7985366324408014,-0.23188991176342624,0.12422486262528432
5.602,14.732044691965378,22.337397628150924,0.8139737194970968,0.7717366310355113,0.008325263238661467,-0.007788390826940266,-0.6358400768104295,-0.33767555697256535,-0.04248269390539917,0.043126113951788315,0.5656424850517944,-0.28839987764524805,-0.04261565232885697,-0.0833329695441456,0.025585266666246456,-0.03764223059861413,0.4441064030827444,-0.35219628851249996,-0.06511070547703407,0.19684683001328993,-0.4052646141231436,-0.09492182806657587,-0.5015531757524803,0.04414695648012092,-0.02558810922476922,0.4785044435470831,0.08309049761544207,0.15013425657691343,-3.4880203074885263,2.259283827992388,-0.17907054981429726,0.5416367311091682,0.36499599818161,-0.2506064686447575,0.19114597733952743,-0.5641303548170182,0.23551466056357886
5.652,14.740813249484678,22.317955981376475,0.8088222832847057,0.7699274983056524,-0.004315988951388307,0.003759983354759064,-0.6381056982329364,-0.31888693190840134,-0.0312435242555154,0.0172886501995886,0.49708569255768265,-0.16267910552948148,0.016858742896215553,-0.10643835084957323,0.055041374786384614,-0.04944409273668634,0.5522673782641359,-0.367666351444121,-0.05351368937865537,0.15848235959774498,-0.3400781427676771,-0.03371578880499651,-0.4927947664502512,0.17388915457218743,-0.044011485282330676,-0.40284415468635293,0.2680738784937662,-0.3122703176362596,1.6147139477700831,-1.400913366353118,1.1549055388832883,-1.71841399314097,0.3598984361440165,0.08454113266988417,4.454214752313678,-0.0942299841313813,0.5376758372284218
5.702,14.74788932288192,22.30041414086497,0.8091824093675123,0.7693210673649149,-0.00916006956569431,0.009870381512995652,-0.6387204114499921,-0.315395418435494,-0.02346509636414398,0.007932904174323503,0.5481309934304002,-0.235459719452256,0.047947940766845235,-0.19137185999190087,0.06771527749030277,-0.0191117566000118,0.758879077287836,-0.40947322241464085,-0.028434161451164595,0.11783934994005954,-0.3726267390686582,0.02915067636195927,-0.2830461579645433,-0.049701073548144174,-0.0706618434510402,0.476937311864844,0.21770654974573184,-0.13404101986622233,0.5234434045650336,-1.154072483036644,0.3968163113086236,-1.4225067283541757,0.24042052021692745,0.6492203734527722,2.8751029500853122,-1.209040612363558,0.36517503992586386
5.752,14.752612239704725,22.28090144994217,0.8110742830428646,0.7684128732257911,-0.01594673364854233,0.012690743750090105,-0.6396298171363618,-0.2818700884534734,-0.011198383247714385,-0.00043442491684448926,0.5596481883012762,-0.2813796433451262,0.06354780207341817,-0.25457336869230385,0.07381934247904617,-0.0017513963086340956,0.8396594642019958,-0.44318518727841544,-0.01101847601072444,0.07498425116553523,-0.4035450681674757,0.04191899595683757,-0.255433514526174,-0.09542523332983122,-0.04910903042996639,0.7933995795871834,0.2522700379865606,-0.16682547750954693,0.015530577743026823,-0.7508982527064448,0.22779993903516405,-1.222877797474983,0.0874366075389301,0.2637265423299314,0.7288924704694457,-0.13477521871473414,0.37502978288324856
5.8020000000000005,14.755545284402675,22.260175940343636,0.8129743203844436,0.767569900680186,-0.0207292765742733,0.014077958910146038,-0.6404752577074617,-0.23889907597224194,-0.00040587940389630843,-0.006560192721193017,0.5521525729438351,-0.3125817967958047,0.06802145967996755,-0.31904473164459274,0.07664300729860782,0.010206697320246523,0.8533128141265619,-0.4426925740951195,0.008975337601441029,0.04568022991346947,-0.42396676618547663,0.03163183997018264,-0.09948872272313362,-0.057872530705914464,-0.05414094738582187,0.9042901259928232,0.1644383875791404,-0.06265624326268524,-0.27921117199429507,-0.5376757187308323,-0.0017892104818027985,-1.3587374839738267,0.013410882970803154,0.2036719919803996,0.020989472113276748,0.07531877553397834,0.38111939920167687
5.852,14.757301764129455,22.238631257248343,0.8141943934391056,0.7661863445172825,-0.02065814134760254,0.013711892703776091,-0.6421399463277347,-0.19241414133585227,0.004609370062912368,-0.0033724757703851977,0.5298776395796744,-0.3328982288841963,0.06371073506441519,-0.3878477662310863,0.07227611420170846,0.014249749017487334,0.8464055640176672,-0.436797864106817,0.028515848521023627,0.026989474490599574,-0.4378435138929478,0.017857609145562114,0.11399537638257409,0.039193970271010875,-0.11792625908236873,0.9533992047673364,0.025147367850218424,0.17461048851127972,-0.5898506259901027,-0.3251833788020585,-0.054193252413225194,-1.3007679904559748,-0.22559408862972058,-0.11882244338032447,-0.3510405465890479,0.15767116842158505,0.30426787921392817
5.902,14.758145955317413,22.2162898880751,0.8146312190218874,0.7640460820460198,-0.015356772627127561,0.012088825862967648,-0.6448655784997838,-0.1444857529704909,0.001872121066238865,0.009009269392130167,0.4948343640303117,-0.34672091594672483,0.06401858858151703,-0.44111827272714943,0.05445546385275194,-0.004574519470227602,0.8141802548470735,-0.4195272148039668,0.03700265656728166,0.006160822210852922,-0.4552266554486719,-0.0024826205366976955,0.2778007093992355,0.13813852351380407,-0.14958010459427787,0.9403495780559012,-0.12202647083569272,0.29775669145272843,-0.7604017153757241,-0.24367985451380106,0.048500995388082564,-0.8218300611829886,-0.4126149054773468,-0.5301079979327603,-0.8524349048134743,0.4944501885793801,0.0803325787389054
5.952,14.757918043501666,22.192913382001493,0.8136559262294285,0.7616844189666635,-0.006159708166894308,0.009421213544265318,-0.6478504029743821,-0.09778073035771799,-0.008048286963412865,0.0252064725970985,0.4563749044945279,-0.358479337591815,0.06899727779018833,-0.45810064875733203,0.031329190254754426,-0.043263573003744074,0.7364866409141814,-0.35643387321042025,0.03842133464875661,-0.015101468854548144,-0.47825889027889024,-0.0455656361686189,0.41363169807022976,0.16252204228947834,-0.13117442735635199,0.8803757475292011,-0.2677670931676097,0.329489969979776,-0.6423257525285347,-0.2904875432557714,0.07209984254216575,0.17490761509861175,-0.4310396903947107,-0.8963481354273235,-2.3605551204099893,1.9463620221432039,0.022065873361905273
6.002,14.756974973509156,22.16867173619279,0.8088888772835999,0.7611540116138532,0.006822943929603156,0.0022101900134920503,-0.6485315205141352,-0.07161488640627615,-0.030448364835757722,0.04653942676923642,0.4659976645275205,-0.37795283095735765,0.06480047843203425,-0.4179620777476796,0.016412824694446854,-0.06872072127732634,0.5692828859616091,-0.2438882899770902,0.043145158437609514,-0.011970022460149011,-0.4908642921623889,-0.14983467889226365,0.8416851026601776,0.030625407212555904,0.07395111292758023,0.09873921324266888,-0.7812847373820795,0.3694209235172,1.246974520888978,-0.4310453632533723,-0.19759048630126738,1.3190378160431402,-0.23790811394826566,0.12001754378028077,-3.910692939178047,2.126330797673509,0.1476491056223998
6.0520000000000005,14.756086333382859,22.145503910995664,0.8047731605584677,0.7616761243227543,0.019389089687158224,-0.008602959657146197,-0.6476106345041825,-0.1042341301094333,-0.06052941555270432,0.05052526617876437,0.5991323293210467,-0.38061693374259903,0.04733335870356471,-0.39423760496537247,0.014149492885055836,-0.029451119518502097,0.5532850371245918,-0.1631790469558342,-0.038059539256583695,-0.014530046210974356,-0.42514777203952375,0.017315980586862706,0.377765496919691,0.04750027045344056,-0.029771968809756612,-1.2219794993490034,-0.5336363638909805,-0.5288396920699512,3.4649954964723166,-0.849524374225847,-0.1536918938654959,0.029354962133548386,-0.15313598771379602,0.2857053021850558,1.2443070640715586,-1.5430608995888686,-0.9886046548394335
6.102,14.756137980919657,22.124561941866318,0.8071434893965862,0.7622608721127282,0.024180362611792475,-0.0131577941829754,-0.6466842702294103,-0.16299633501358363,-0.07803235013870526,0.034733674521187315,0.7296227530821762,-0.4767328038320268,0.04061107671534468,-0.37288056166169803,0.00697261779931174,-0.022375288275118397,0.5834934814732958,-0.22461305509153767,-0.06758391593584018,0.014789101350293187,-0.42287806378048526,0.06176101372833031,0.1817185435793912,-0.0941097259959976,0.049251341522829506,-0.9558607655575815,-0.12026981230033112,-0.08584789337554599,1.593774459771944,-1.8392408314188802,-0.1569803398334492,0.7660637902051143,-0.09657601051021569,0.0891922787739064,0.11075132728133652,-0.8982451921930011,-0.3700730557238236
6.152,14.757695859080222,22.103313514041037,0.8101883744062708,0.7629735170920192,0.024639589621434078,-0.01755894838093931,-0.6457212914030922,-0.20602940814066517,-0.07932472645306649,0.03125725436504797,0.7770361340973791,-0.5266500676753011,0.032077818680910274,-0.32742614521753227,0.00307221321156737,-0.019842820353436815,0.5776644481304535,-0.2605769598639036,-0.07902703593392285,0.04632613086662192,-0.42512215815971843,0.055604804366430366,0.08248245334340988,-0.12299208014888238,0.054396048058164226,-0.8240096996930985,0.03079614585715028,-0.07746228441377827,0.512625302321739,-0.33005154069469345,-0.20703478104622025,0.970149036062361,-0.06467404623383015,0.0177576011841806,-0.24061054236336715,-0.6030513633647836,-0.12009249385720673
6.202,14.760820585111457,22.082078436497767,0.8125159050654771,0.7637190825179808,0.023536951453791758,-0.020167039746771705,-0.6448042070442842,-0.24718622630606396,-0.07549080511730792,0.026788572252365087,0.7915319834659779,-0.5269506990411604,0.017976185901521873,-0.27844389073815085,0.0010840295418523902,-0.0201126736886481,0.5625599062598611,-0.2880586881832884,-0.08144475362587471,0.07776727929732377,-0.42449870585163535,0.0384723152059189,-0.008392105411135515,-0.08950169868189037,0.04378495895130424,-0.8252594556658881,0.1088018641784116,-0.10095419430255821,0.1526639843998291,0.20357524497646406,-0.31591671720100445,0.9831757144601075,-0.016004860182141412,-0.01883328200878343,-0.3516119534928217,-0.514945700471294,-0.0015260519726618838
6.252,14.765476670053147,22.060900667335392,0.8142200303410735,0.7647538126983835,0.021300832995032805,-0.020450586898167547,-0.6436455965611242,-0.2901591655762974,-0.06844538699675187,0.02113264563807219,0.7963688645288124,-0.5015926630095032,-0.004772311965534176,-0.22789414523769796,0.0014570799069815704,-0.02328371684126208,0.5392182644692277,-0.310131758648226,-0.07994607009247613,0.10767879340135435,-0.42307287216808004,0.030779877909905533,-0.10771672344115503,-0.04257254405466219,0.07926161077503963,-0.8659753513200396,0.1719636313342563,-0.09076377039228323,0.006114293658993373,0.7100946900298334,-0.4999895309243484,1.0417273538061127,0.031063092416843373,-0.09759917356208361,-0.5810417691557399,-0.3708827744191182,0.05658341499559011
6.3020000000000005,14.77170654628067,22.03978388511,0.8155150035971797,0.7661413217328142,0.01811584938604315,-0.018394110335179552,-0.6421533678487533,-0.330087162574596,-0.05918351561779665,0.019338855948539395,0.7836208653436267,-0.45949572227157237,-0.02620071868020034,-0.17488259937305112,0.004265023133875164,-0.02903705326568451,0.5050105053704652,-0.3255848919731968,-0.07643257585257451,0.14032544059031546,-0.42065472640254553,0.018626262312480244,-0.18852729330286835,0.011140238866478962,0.08230268070336962,-0.7193350509144316,0.18004629424679797,-0.0005680316605333977,-0.5193178167789075,0.8753734092947478,-0.3392686273440899,1.0555367071387374,0.08033623777495386,-0.1258243794054844,-0.7459529789148737,-0.27168464647649887,0.07778985677385213
6.352,14.77950816366494,22.018745179950436,0.8159330312575476,0.7675233253264877,0.01396595334027514,-0.01400772568270977,-0.6407157566723846,-0.3523827996070618,-0.04833244268768262,0.027326456589164452,0.7178233792606415,-0.39215372992971553,-0.038360108890849454,-0.12155338225769455,0.010315438343571903,-0.03610680089108378,0.46421568148790177,-0.3369852463868575,-0.07163108221966574,0.17122173820028616,-0.42012514341141294,-0.007206351057598788,-0.2854629783330378,0.0448111015691196,0.06650509438394041,-0.14341766581356583,0.2340463438216353,0.33900963618650254,-2.1472069840586148,1.7323875821570738,-0.11550640638986949,1.039954615407818,0.1594820427068678,-0.1410632002638392,-0.7994933558563865,-0.23077155792154702,0.12595080161288913
6.402,14.78879766111138,21.99801245548436,0.813611954544129,0.7681263420367401,0.007727499272028617,-0.007085464434347997,-0.6402124683400098,-0.3422381240663233,-0.040814969264375056,0.04410444222427325,0.5685274976749255,-0.285707396259964,-0.04437860140337525,-0.08020124874137466,0.022031062785364396,-0.04430771998917896,0.4445732297927478,-0.35564462768448013,-0.06247471136942332,0.193173002574966,-0.4082259565633005,-0.09649933297006649,-0.5106989617356829,0.04580602713425587,-0.01806793734249662,0.4781455750207539,0.0737214330114183,0.1299366407569543,-3.4833598217746258,2.2938063615195223,-0.21426508747298892,0.5172940760392488,0.37552838903342783,-0.23810835818259302,0.2420873427052747,-0.5505853595511441,0.2393658367292445
6.452,14.79739049679227,21.97849800182916,0.8086553428113749,0.7665884390166234,-0.004708485269428028,0.004597732902338785,-0.6421050195915639,-0.32452675957844435,-0.03007034494918427,0.01800878598584219,0.5023702895092413,-0.16751469773735866,0.015311377075254599,-0.10495718873404214,0.05146213843874407,-0.053937378824777865,0.555529533918726,-0.36897236386741294,-0.05044222332307271,0.15438544047192473,-0.34123940445384376,-0.02705389187404958,-0.4881273993876926,0.1779564137648645,-0.025764962631631905,-0.3784541983117466,0.261735211373475,-0.3141474764752953,1.5403164242813283,-1.3319584940426512,1.1605214161340767,-1.7465919112348656,0.40471123169002876,0.22888178592818842,4.515781816479706,-0.06646721909341982,0.5791100259700108
6.502,14.80422923182336,21.96089140268468,0.8091275356977667,0.7661951511571705,-0.009696085741531581,0.010789403268419293,-0.6424442116181336,-0.3200218147965038,-0.02217322666883875,0.008010872774685714,0.5507752194313553,-0.23519902474538198,0.04769926080474602,-0.19020403426777077,0.06673704902299182,-0.01934912118725644,0.7619661296834362,-0.4114429550321675,-0.027496989537368968,0.1133695366741801,-0.3729535688793523,0.02956478021866179,-0.2891233666646014,-0.05120029601113292,-0.05255090155382738,0.4783263822105108,0.215622070767403,-0.15196208941182013,0.5076300463781747,-1.0983001493796765,0.4136309000206823,-1.4156698326811161,0.26364528392728626,0.6555208709414884,2.813946198695859,-1.205357175997491,0.3381692920136944
6.5520000000000005,14.808764610799013,21.941385554915417,0.8110223162370401,0.7655313195605985,-0.016556411512741013,0.013558026093176903,-0.6430426610560812,-0.28641234546292316,-0.01027070906690458,-0.000988451190487496,0.5620904257529072,-0.27968636353957577,0.06368701459227483,-0.25287940563797195,0.07330941000694313,-0.002308533734206702,0.8402479231425622,-0.4440475683311692,-0.011507974232973896,0.07151335463740163,-0.4027157631413644,0.04181955098890846,-0.2531001483296761,-0.10038345190685187,-0.03437812504198099,0.7917840832336048,0.2411379253609867,-0.17868264339937578,0.019204220087605667,-0.7382300024768443,0.2357689194465068,-1.2150440999294592,0.09061917281833896,0.24970791212223628,0.6933683040302162,-0.12019520629263256,0.35431847701224184
6.602,14.811528384136754,21.920719020096538,0.8129299785356006,0.7649138229250352,-0.021348025010996297,0.014791359489015605,-0.6436088260821196,-0.24349901620582992,-0.00010314787179104988,-0.007648029336121613,0.5549291473252028,-0.31083052734704,0.06861683086005817,-0.3170682766106991,0.07639821153507809,0.009276656477181034,0.8529660521234759,-0.44284920919669996,0.007871751803484546,0.042360143903805124,-0.4226299360242177,0.03205255495158903,-0.09429898564368837,-0.0650763298096318,-0.039635147739498916,0.9051124601435979,0.15093894134062458,-0.07373353388464896,-0.2733066113771391,-0.5400099692196195,0.004330070883837633,-1.3543206375971564,0.01773538379111217,0.19770799200329486,0.013998492427726876,0.0873401376638088,0.3745035036057255
6.652,14.813112424431067,21.89923837947069,0.8141898860190009,0.7637641273248166,-0.02131837527508233,0.014210824769753199,-0.644986772846355,-0.1968966339511654,0.004312315464920705,-0.00509235144972235,0.5329112856949224,-0.33135259089242663,0.06481490690547789,-0.3858172749685995,0.07266507252571734,0.013738419637269704,0.8460849499086367,-0.4363530230841011,0.0274639466720423,0.023380878474899947,-0.4366363289895673,0.019011770825120098,0.11718551780595166,0.03088737735415742,-0.10419092759129243,0.9573185727478298,0.016696644546574338,0.16225845478709894,-0.586837014424516,-0.326186645397609,-0.052674013543487934,-1.303221009750586,-0.20531740224250195,-0.09869793993633899,-0.3439659840624813,0.1632620491950633,0.3144855379264029
6.702,14.81378334932483,21.876965932152633,0.8146931939150304,0.7618297952633925,-0.016083021717311012,0.012374365401975848,-0.647459322693152,-0.14876285840640155,0.0012274451683714923,0.0067076134041016994,0.49789655252122994,-0.34510626030513114,0.06480793164670529,-0.43930755931497345,0.055776952483103645,-0.004031644508969482,0.8142486483240742,-0.4193819001433797,0.036376533853536466,0.0028900090676483867,-0.45357800966014894,-0.0010827802493174503,0.280780470285568,0.13147835473605995,-0.13704907567762703,0.9435139827609106,-0.1275591393968388,0.2873400354890728,-0.7610111081839387,-0.24162073735828055,0.03466720495411535,-0.8261982760253028,-0.39925091937724333,-0.514416778779497,-0.8474220714545108,0.4814651930801214,0.08520060761613032
6.752,14.813402895309542,21.853687213858173,0.8138137927452587,0.7596550129553808,-0.006918878721833018,0.009540351206801996,-0.650219479951073,-0.10196466314510325,-0.008972597789129082,0.02236026100390992,0.45926091442218253,-0.3566126263984803,0.06937928143285817,-0.4564520237341671,0.033045075686061215,-0.04203714015750038,0.7368129727841753,-0.3575570746188481,0.03784104187901391,-0.01795594848803997,-0.476090638882722,-0.042852197448238406,0.4160019077955722,0.15953527922478447,-0.12129649356822435,0.8822111069428112,-0.27848500983725155,0.30870511162272246,-0.6508028865359857,-0.29087152211426576,0.1056794247786387,0.17178900314750706,-0.4293540639105225,-0.8865441355104395,-2.3507776725531757,1.910718087074918,0.024304691280813133
6.8020000000000005,14.812297516225133,21.829563348730943,0.8091805333509094,0.7592349024422475,0.005971326650243711,0.002369675293768936,-0.6507849804740038,-0.0748704571812145,-0.031362848236031825,0.04309930174355119,0.4663275706347246,-0.3761152250313174,0.06606519988759385,-0.4166449027654974,0.01796824165579969,-0.06806051763518106,0.570626966489651,-0.2466743200012452,0.0429003849572362,-0.015688069559853766,-0.48792916527601954,-0.14761780210033495,0.8300848826246033,0.03655729648972239,0.07936250482802176,0.13144428622897905,-0.7665535527279691,0.38851905143398024,1.1555403918323717,-0.441613086916914,-0.18607192650090343,1.306839699872413,-0.24575895131446376,0.08437861084234533,-3.888097076542186,2.1065020552912626,0.15503726588245123
6.852,14.811240463151703,21.806512884232173,0.8048858745066535,0.7597961173137742,0.018754047290373364,-0.0085370731780449,-0.6498347976268256,-0.10514733294245333,-0.06174015833509199,0.04912271474738382,0.5943381357979125,-0.3801580761899461,0.04825806778703115,-0.3926083013888021,0.015880310678442516,-0.027797432997302033,0.5468016030166919,-0.15797861845240638,-0.029758373354350328,-0.01892076430808154,-0.42279843037010295,0.018540141251014615,0.37704233338212867,0.052065259270966203,-0.032521719694409056,-1.1770987050473538,-0.5149778334623961,-0.456482327565389,3.382933648406104,-0.732238038357334,-0.20020445502002898,-0.00405869572286259,-0.13822693624783722,0.2848669432529801,1.2769111514302662,-1.4834570931124784,-1.1579652338134578
6.902,14.81111221732214,21.78568649137363,0.807360082096589,0.7605286447823874,0.023590216034256872,-0.013086841977276335,-0.6487437219272228,-0.1627078866106381,-0.07894733269782259,0.03576666009912316,0.7246237798658816,-0.4745127156034292,0.041228001164585276,-0.3720831460737161,0.008753114158464654,-0.021204142373060647,0.5780599937392686,-0.21940859495680937,-0.06545429239122613,0.011509041558517404,-0.42065762063121065,0.06344412537760326,0.18441692339358204,-0.09231862256817099,0.061059311682422485,-0.9401779129200146,-0.11805756458175176,-0.04827565931748651,1.61894013668272,-1.8458709594923588,-0.14520687744825933,0.757020668749394,-0.1014818086147269,0.0808721939536213,0.12116126095296254,-0.9046027596592431,-0.43666041848391773
6.952,14.812507406923276,21.76451769213797,0.810465484147145,0.7614488639522361,0.0240638556608444,-0.01755859198092678,-0.6475401565032322,-0.20471486347166298,-0.08028911582537114,0.03307563213131871,0.7733942263952747,-0.5250134486007912,0.033157264303825935,-0.32675600837489177,0.004545767780488468,-0.01909064630578454,0.5725355283335597,-0.2555929292674973,-0.07870226452709703,0.04317467346786147,-0.4237830200325002,0.0563379101757101,0.08583944771520267,-0.12429793694149827,0.06507311082504089,-0.8019847489752163,0.02860119256890015,-0.07221183546065672,0.5362072141721451,-0.34429535124909827,-0.19922897726270403,0.9672185331020074,-0.0709389249786137,0.012453340008834489,-0.23343661949289338,-0.6071662235011295,-0.13599373249635596
7.002,14.815468150183984,21.743340190739023,0.8128106612015001,0.7623724007301859,0.022995072073259747,-0.020226143183065075,-0.6464135304873944,-0.24481883561785422,-0.07643150337051481,0.028608941082324684,0.7887192907351469,-0.5258760349318123,0.019498327184546464,-0.27800495878806597,0.002259234004317604,-0.01969954432341575,0.5578940772368883,-0.28330776665057983,-0.08152930962045937,0.07438427868485953,-0.42352610666150625,0.038555919170954335,-0.006129425886140481,-0.08935730387085923,0.05512674576098488,-0.8053043418372936,0.11196234254121143,-0.10364681950395346,0.1622720809329605,0.1907186915783181,-0.30760667111092777,0.9772769425063431,-0.021387794146892333,-0.026706370965213777,-0.3408493528502941,-0.5201767567283166,-0.0045048070305294275
7.0520000000000005,14.819951638050043,21.722199951444075,0.8145056197324702,0.7635629001956005,0.0207900762561592,-0.020526092525138075,-0.645072205028086,-0.2868787028179395,-0.06910878422067188,0.022755884512868727,0.7938456130094305,-0.5013845300427052,-0.0028921467226499012,-0.2277992043053446,0.0024811094623139254,-0.023194287603089732,0.5351538129094195,-0.30568326042568805,-0.08015359924664907,0.10428414798850988,-0.42249826555790515,0.030421471219133543,-0.10589791355688767,-0.042065944355480916,0.08853039763739214,-0.8506122552609805,0.17683344957544236,-0.09746345921277372,0.010857875197772435,0.6890101994341628,-0.49542186468712,1.03409357268397,0.02810032763441885,-0.10364924023155861,-0.5670574653598104,-0.3783186169814791,0.056270751094353776
7.102,14.82601491776992,21.7011058971052,0.8157808308838277,0.7650942860289189,0.017647289219048675,-0.018490539253401734,-0.6434107604223279,-0.32638151441945884,-0.059580538906067904,0.02065800800983008,0.7817753614619708,-0.4603242537261042,-0.024236217916238242,-0.1751711802264349,0.005155608680303825,-0.029229840206449923,0.5016719226326046,-0.3215092726181652,-0.0765704291638267,0.13706608398500358,-0.4202805688243422,0.018327054750786647,-0.1863673840555843,0.01146924511109086,0.09082947204572278,-0.7168036823813911,0.1867390766496436,-0.0031226881748064365,-0.5003734584109949,0.8579878996392603,-0.33939244712645045,1.0482707178221304,0.077736260173761,-0.1311304353360308,-0.732077370494899,-0.2785148141858032,0.07974362084464603
7.152,14.833656165958212,21.68008581384046,0.8161989702403639,0.7666326569389923,0.013551782691838363,-0.014127677200269776,-0.6417874470862304,-0.3488578286878116,-0.04863577576650012,0.027876970378930443,0.7170561986167614,-0.39375992589182646,-0.03658456361749541,-0.12214766494696234,0.011057331320796936,-0.03664252850987591,0.4614433348079413,-0.3331855609428387,-0.07173258855081058,0.16802896470392184,-0.41987608575747215,-0.006767028440983679,-0.2830998512140508,0.04491074733706813,0.07680613755228914,-0.1496768120796263,0.23703019172287548,0.3220738639979331,-2.128030252302513,1.7196123106773944,-0.1219303856446339,1.0369847290018843,0.1567862352333089,-0.1482186908345319,-0.7933740611149505,-0.23434127279625008,0.12536205431064304
7.202,14.842796824721992,21.6593653964809,0.8139240745416758,0.7674237441435999,0.0074250981378876915,-0.007259387327249682,-0.6410561333751473,-0.3393063407435666,-0.04083834714276468,0.044436642478984816,0.5687569515647277,-0.2882061440925748,-0.04247731536530726,-0.08046819905495456,0.022523936211381816,-0.04514973962891793,0.4410659990645495,-0.35208084524675354,-0.06272474173639375,0.19092031776849275,-0.4076789212639128,-0.09582875533806495,-0.4985718224222157,0.04880419528321157,-0.005376609207847186,0.4600079889592908,0.07474701072069467,0.1441213689886899,-3.4665548542506888,2.2701517756016183,-0.201589329517828,0.5394559112051655,0.3630738222203848,-0.23817924000050367,0.1921616014245348,-0.5688230898655641,0.23101409855837735
7.252,14.85130477675947,21.639809080523403,0.8087417018570203,0.7658598504812955,-0.0050659070193615355,0.004406198325801487,-0.6429724810776527,-0.3208835359415662,-0.030380781903326586,0.017483540200973053,0.500117422299949,-0.16190397073806181,0.015370849445693507,-0.10370047990403942,0.052010445062124266,-0.055029601188991216,0.5494997370846564,-0.36801711080721056,-0.0511258105868356,0.15358020795858543,-0.3417636025613726,-0.033683262065887176,-0.4944465164351679,0.17768964965233267,-0.027577404880289983,-0.40313784521751594,0.2579359628847833,-0.3309545737770966,1.6069615869491742,-1.4464424411081664,1.1944179198044522,-1.7306192292944278,0.3795812918953044,0.15870781637765646,4.468208702948065,-0.09621452410032982,0.5379590875351485
7.3020000000000005,14.858127710711834,21.62222452154642,0.809097881543506,0.7655581928836167,-0.009781364985618941,0.01059707218156902,-0.6432050064085066,-0.317588237190198,-0.02328597382184734,0.00726006898662068,0.5508456500264106,-0.23571146190769696,0.048187957559470855,-0.18953744677494974,0.0664891050367492,-0.0201688377612983,0.7578223865620001,-0.40957595303838573,-0.02783499747076242,0.11284605403364516,-0.37294799050806426,0.028880341905101227,-0.27894646940295215,-0.04723887131581133,-0.050693422997239036,0.47220952873725963,0.20244027237976706,-0.14852613757979283,0.5188627779980497,-1.159301429078369,0.4179868512505959,-1.437366756155014,0.26759829410012004,0.7032874903224301,2.9085338087455836,-1.2190231552253838,0.34375562984513425
7.352,14.862597257777765,21.602710412266106,0.8109923227400112,0.7649607060515949,-0.016466907466221044,0.013422663577235226,-0.6437264879263822,-0.2842173315939885,-0.011651003000267241,-0.0018342929021774067,0.5620787965015988,-0.2813859656190877,0.06396961507048127,-0.2531429380018447,0.07334569059396231,-0.0019794794189033275,0.8396114426063022,-0.44395446731394855,-0.01136083321902456,0.0698692962992297,-0.40335639707927107,0.04225115375581844,-0.252793117681368,-0.09631458339323448,-0.029124109607031427,0.791455810221564,0.24051015168465334,-0.18323518537558076,0.011204795258869265,-0.7436318802403532,0.22813317651657053,-1.2258454806368444,0.09739454082987711,0.2633998589333507,0.7397398337882416,-0.14170588798393213,0.36270088607988
7.402,14.86527414564136,21.582005856359505,0.8129180677972812,0.7644291401688622,-0.021240971937933548,0.014763390371154025,-0.6441886005484521,-0.2413109355271639,-0.0013780691078839706,-0.008804319193361694,0.5545015246085971,-0.3123371191874968,0.06864275950633326,-0.31763177113224156,0.0766767290631893,0.009946417515744235,0.8534930516416516,-0.4435053827803363,0.008258984210640228,0.040648301537304324,-0.4233260181115536,0.03217560047174016,-0.09777633097281897,-0.06188702614811062,-0.03437791013000599,0.9036329569388007,0.15469655131463897,-0.08015068651283687,-0.27906582622057713,-0.5339873663271766,0.0019089161193618252,-1.357902763320158,0.020272717140113396,0.2006409904950604,0.02205615710541511,0.07868557994819883,0.3765110327642137
7.452,14.866780326015029,21.560505191350707,0.8141621741829412,0.7633545268766916,-0.0212302747705413,0.014302334707288946,-0.645472373500175,-0.1949481545858187,0.0031853933102810846,-0.006587285679051355,0.5325258154167017,-0.33283369861922263,0.06519287956934369,-0.3864435390928912,0.0728435871333022,0.014283142307967709,0.8465384392722706,-0.4372840869218181,0.02778577531393037,0.021959864315486917,-0.43673491188199015,0.018406480899539824,0.11384641062376633,0.03394485425451825,-0.09885798172823164,0.9494085553293037,0.01700370971052252,0.1535645673696243,-0.5798787989374318,-0.33401898587600837,-0.02803619176040945,-1.3026997933506537,-0.211916346672879,-0.1061932158773891,-0.3520664266193169,0.16385058539797906,0.30988647567081623
7.502,14.867379414604551,21.538238715646013,0.8146199842391437,0.7615063941327852,-0.016014869079557105,0.012576997183265232,-0.647837444738338,-0.14726267460537806,0.00024328783973915242,0.004837952953637356,0.49791252505682165,-0.3466835115634501,0.06541540729564033,-0.43995344049326474,0.055681613642327904,-0.0038103700186179045,0.8144029916442022,-0.42005259657081695,0.036558060223928636,0.0015052282085047208,-0.4533061164126048,-0.0021308369567268554,0.2776832405284967,0.13399052690845073,-0.1316094277482055,0.9338796669777776,-0.12482644304273136,0.2798225666293187,-0.751064497805082,-0.24364448926036375,0.037510813153927736,-0.8282046016419087,-0.4019444023377197,-0.5168097064039923,-0.8498890005252084,0.4885503715173123,0.0850005155526162
7.5520000000000005,14.866928664004403,21.514984610757885,0.8136789504714146,0.7594272767960097,-0.006865051324369068,0.00984122485228195,-0.6504815390323667,-0.1010453163371583,-0.009813155189949095,0.020087509432567253,0.4599303113285135,-0.3583927457867803,0.06999446207810438,-0.45734344435124236,0.032952986184365526,-0.04193424334327752,0.7370351137038734,-0.3578542906736553,0.038108042485269326,-0.01939238317656827,-0.4753423244171214,-0.04424323492081246,0.4132231982541534,0.1624286152301393,-0.11403262070828155,0.8670061355665067,-0.2749298036852099,0.30358466143769847,-0.6314832122067868,-0.2959660543875416,0.10256144900277278,0.1646484655197668,-0.4263074438661959,-0.8876676016571698,-2.3468130284818036,1.9197312558518342,0.02388633739736578
7.602,14.865761762207148,21.490900733036984,0.8090264091942403,0.7591571709480649,0.006065358374141725,0.0026936925181710388,-0.650873524770013,-0.0752591338622683,-0.0321317053388704,0.04110340039234513,0.469123391370416,-0.3775430547413035,0.06654441055945629,-0.41774274430928865,0.018021784764014715,-0.0678083038201531,0.5708065434192537,-0.2462019468008721,0.043009097228077005,-0.016683207546291445,-0.4874929423137119,-0.14700125221882746,0.8333285580485221,0.03560912844968696,0.08777294147134015,0.1008087351121391,-0.7691245704521574,0.38986628584181304,1.2129125566624486,-0.4191397591572186,-0.1953769189873308,1.307512442457279,-0.2400878179374423,0.09482973320288146,-3.891448536037447,2.126187096374748,0.15118567092956986
7.652,14.864658956293606,21.46785967400728,0.8047385787968765,0.7598003257422042,0.018826895003668482,-0.008242605561680556,-0.6498315723940428,-0.10643716918230715,-0.06235524523030554,0.04771662884587711,0.5987818122587308,-0.3810234584225706,0.048450778719960105,-0.39391141122966955,0.016151214739393276,-0.027291992686826205,0.5476067972920727,-0.15772325691249578,-0.029371780311606373,-0.019728329516326894,-0.42279365463326574,0.01834661751047588,0.37564990656082864,0.05141524102643609,-0.028083708954861755,-1.1760388210809936,-0.5052851738609727,-0.4323500518722096,3.368090978360411,-0.7798453365013239,-0.20672996782547373,-0.009105918501999362,-0.13813201487646815,0.27904049099000017,1.2913392349220476,-1.499449986077993,-1.1599154859430236
7.702,14.864493573562353,21.447020651437676,0.8072227061878533,0.7606332864086176,0.023618494890792496,-0.012817511646982006,-0.6486253785518257,-0.16348508691837466,-0.07891118761926715,0.0355117471868561,0.7269469012998985,-0.47599161712654525,0.04149100753554419,-0.37329933648018104,0.008947286099371985,-0.021018636558536814,0.5790814469266032,-0.21957951911737164,-0.06520424576714624,0.010910610614032005,-0.4209071218688791,0.06399830058013141,0.18396902574252552,-0.09432377348762519,0.06823691517075882,-0.9302716755240591,-0.10930426526368218,-0.03749507126418609,1.579437282357382,-1.8333653889845092,-0.1403982116670335,0.7624658476383293,-0.10400693745685076,0.07422901575022917,0.118474767858148,-0.9074957634138741,-0.437921784115615
7.752,14.865869831407267,21.42584505907587,0.8103621032333148,0.7616644502659934,0.02406076101636958,-0.0173335492000342,-0.6472927413871136,-0.2051299983825896,-0.08001211200341284,0.03318064481515565,0.7743323171700147,-0.5258809886903494,0.03365784970506523,-0.3276742534576657,0.004588416333365391,-0.01919255188845166,0.5733417955045814,-0.25579737144031106,-0.07844894970796178,0.0429728963566946,-0.423780434130137,0.05702544948022266,0.08632529069202137,-0.12611662839746068,0.07119650867225773,-0.7982521514273438,0.02998855600390788,-0.06887864397073343,0.5222276698573065,-0.33552409920597404,-0.1973249971064615,0.9728366014227778,-0.07381429336507857,0.007965384624330222,-0.23831680637950323,-0.6063301703678621,-0.1357176828988774
7.8020000000000005,14.868823428104227,21.40467219915702,0.8127387097407534,0.7626973203263395,0.02296886737374484,-0.02004082632879222,-0.6460368363945257,-0.24518648861408213,-0.07615291647393857,0.028730951611385662,0.7894503929503001,-0.5265203923827212,0.019966867354105584,-0.2786477487194882,0.002147719988330809,-0.02009552035763925,0.5584426781497364,-0.2834525971295229,-0.08127644396977322,0.07428097409633196,-0.4233735886575265,0.03912126864733493,-0.005995305986715467,-0.09076487590662481,0.06269603500690861,-0.80574257288072,0.11194365205318402,-0.10348064685502435,0.1625278802105445,0.19400233102399378,-0.3095182340061951,0.982556632848681,-0.024611047771578673,-0.03367764469275552,-0.34594002335487706,-0.5190221715048708,-0.004543714607520572
7.852,14.87330236034474,21.383539944418988,0.8144570165352463,0.7640072750201531,0.020737159588836176,-0.020365002095948676,-0.6445526515484203,-0.28725840283592735,-0.06879275941716895,0.02290374320584232,0.7945971989387008,-0.5018942572527973,-0.002552443606326394,-0.22819290031412784,0.002250540706568331,-0.02394752657607803,0.5354507281913446,-0.3057747492699249,-0.07991360577511582,0.10426953273434644,-0.4223184222765085,0.030798070152953983,-0.10587913671839536,-0.04300150852067471,0.09623492690832024,-0.8507540287246618,0.17728515514657475,-0.09686370779116946,0.01097493671878243,0.6915629306919779,-0.49785633054702993,1.038457574285683,0.02554389334312947,-0.11106229749429526,-0.5712549380716443,-0.3777630615481885,0.05633929842234789
7.902,14.879369820455333,21.36245599033634,0.815748001577484,0.7656576826271491,0.01758644429748479,-0.018353333016159875,-0.6427458169278066,-0.326771672137271,-0.05925012188401205,0.020851021823704557,0.7825291690031417,-0.46070959763692637,-0.023981396821193907,-0.17538221890435632,0.0047986216533908175,-0.030335718164808918,0.5017947428796498,-0.32158427233075565,-0.07631100290328478,0.1372428908981536,-0.42005691159519265,0.01860083060772649,-0.185691587255259,0.011147300431889587,0.09799585229731045,-0.7172104059171708,0.18654352016665862,-0.002756716933761532,-0.5003070480736248,0.8602539316901899,-0.34045082232606133,1.0513034179891607,0.07531899567587441,-0.1376873139808435,-0.7350903399623938,-0.2782151309740871,0.08034689348829996
7.952,14.887024905067953,21.34144804519818,0.8161799804718142,0.767297268954664,0.01349917881247515,-0.014013403374144228,-0.6409963320893309,-0.3493003660319955,-0.04830470388606245,0.028148605452250088,0.7178717327502065,-0.394029721102355,-0.036380817900582584,-0.12221874185421121,0.010597321264832616,-0.03803889851849555,0.4614061025575124,-0.3332279239113029,-0.07145043556219832,0.16840482012065786,-0.41961645173980144,-0.006467827896040787,-0.2820796691274214,0.04487772345921968,0.08244680270827152,-0.1515111676399093,0.23661495853981993,0.32360786528222113,-2.1247592839441163,1.7212992452192675,-0.12342395308040618,1.0397914541441082,0.15512780323076625,-0.15306351731702145,-0.7970827945760534,-0.23317660632187057,0.12561932874279666
8.002,14.896191347042587,21.320743313295104,0.8139239230565359,0.7681614643724265,0.007394684731199895,-0.007171489870034148,-0.6401732992120011,-0.3399491088481281,-0.0406039969808952,0.044753416976441286,0.5699560096749726,-0.2885030590847147,-0.04234597160544395,-0.08036264750942863,0.021987622879967344,-0.046637693406109015,0.44072071271804997,-0.35204097096335946,-0.06246027045374864,0.19163361766186948,-0.40731703606902225,-0.09539286140070433,-0.4961439496336804,0.04928678451210799,-0.0018828927294067613,0.4545059648614565,0.07085570919513795,0.14593852780803776,-3.457457059923628,2.268691707062807,-0.20289823297948836,0.5446628854292075,0.3612422589906305,-0.23422244472033865,0.18181990662627318,-0.5678578210506142,0.23006005135415117
8.052,14.904747689700597,21.301261943602622,0.8086871381436828,0.7666697690349507,-0.005126247164389559,0.004478628387218351,-0.6420055519430289,-0.3231454586481998,-0.030212348634726577,0.018189169475311965,0.49839228068829977,-0.16337152472585162,0.01016514901557725,-0.1035261206452497,0.05159247281607144,-0.05581693983659129,0.54891506276175,-0.3682108463660398,-0.05085262702213288,0.15503480754020338,-0.3404578764057487,-0.033562215319252214,-0.49506028970935007,0.1694606618253107,-0.0243568459166646,-0.44473704542724735,0.2554267592739187,-0.3280086322743762,1.667342540839344,-1.2948631536704927,1.2494574230317506,-1.7137444569047888,0.3783449670931182,0.1550561738070682,4.433469519311857,-0.06749756061883264,0.5340999374609485
8.102,14.911622973384986,21.28375512390896,0.8090195864775245,0.7664192384246499,-0.01001241781858412,0.010631618438733984,-0.6421746422519177,-0.32084681198242054,-0.023133873134506704,0.00792196771281052,0.5506663888962812,-0.2332002848410371,0.04706902224047064,-0.18902675642135577,0.06627423272528658,-0.02143282215998086,0.7565872199970655,-0.40906171397757524,-0.02775492094356839,0.11427864678454108,-0.3711951591723604,0.028155293418408164,-0.28078610595719217,-0.05080418278805326,-0.04676585958530132,0.4594822753240044,0.1994505922058307,-0.15067512182824186,0.541271423713879,-1.1306612963614089,0.46709042392401845,-1.4298804847964843,0.26252631423820416,0.684328679506656,2.897008505740091,-1.2240486781422466,0.34172779820553106
8.152000000000001,14.916179548997151,21.26434200858641,0.8108770651998916,0.7658268259076827,-0.01673226815239807,0.013409723900853317,-0.6426892586838079,-0.2880822366300822,-0.011662893509469283,-0.001124404336226781,0.5629731401375397,-0.278454432966293,0.0643523251291707,-0.2523483530826627,0.07289796720966185,-0.0037285909105275114,0.8385947175010665,-0.4438297574881113,-0.011862194006818311,0.07183981483328622,-0.40133595712003406,0.041960554006333826,-0.25135435519502264,-0.09782691151045475,-0.029613781697552893,0.7826634303716415,0.23554816943280663,-0.18247459546839118,0.027001293914975157,-0.7426922266539571,0.24765926845951727,-1.217484947063655,0.09123197260757378,0.2556152241201793,0.7491823552780877,-0.14842646526687994,0.34981315082685643
8.202,14.918953416999186,21.243723173437147,0.8128282067253115,0.7653043041354669,-0.021519595574255423,0.014678819661837527,-0.6431413229853784,-0.24540487216017934,-0.0016551802342421212,-0.008170455761223449,0.5559384031650791,-0.30960160191481473,0.06965820357909219,-0.3162609320703174,0.07616634719922669,0.008204184462361336,0.8529103643855375,-0.4432998098922357,0.007391926205217039,0.0425111104946081,-0.42203534777728025,0.033437021870080366,-0.0969461718696864,-0.06542521307791534,-0.032246616845867306,0.904178328410063,0.1494909397538373,-0.08470869401668539,-0.2746081948043226,-0.5381610819902071,0.006533580553881042,-1.3443438321241,0.02251601242977956,0.20502079648305083,0.02822770123712356,0.08640023362108641,0.37341730019949576
8.252,14.920546820031229,21.222260373829883,0.8141631861639682,0.7642736339092645,-0.02158229835193715,0.01412746672269748,-0.6443760017202483,-0.19874833372031317,0.0027736582713956577,-0.0062175314619805095,0.5338299575784433,-0.3300448413013065,0.06577757176962323,-0.3846521279061746,0.07282751404930189,0.013307235259552457,0.8465236626970118,-0.4365547624531664,0.027181223409176003,0.023520003317473455,-0.4363983952074368,0.020445143964745994,0.11246519839372032,0.02851627054638409,-0.09554287675418552,0.9586918259390367,0.0199646824331877,0.14933154328137932,-0.588765551737664,-0.3202737940907947,-0.06976625281536004,-1.3002930717306813,-0.19306876087305452,-0.0795787552327883,-0.33468799713028674,0.16762837762539257,0.32299825849323555
8.302,14.921235736314548,21.20000738746525,0.814733148895186,0.7624774321616236,-0.016462539677412215,0.012331330274400129,-0.6466877828792255,-0.15063928372814303,-0.00019016438002932422,0.004932783117666716,0.4988807616078531,-0.3437853375986099,0.06552310346778237,-0.4381892828340301,0.056437669184828704,-0.0036251342373643898,0.8149510915964667,-0.4197373702110891,0.036376037915025396,0.0034533380190504394,-0.45297766705544745,8.364463662536171e-05,0.2764577023307764,0.12991723435118024,-0.1286159129281025,0.9413806232025669,-0.12490366983012118,0.27502704501779734,-0.7584139348622522,-0.2422444905414739,0.02697802626703394,-0.8293680713944439,-0.39378476473214236,-0.5046852353765828,-0.8467086150744311,0.4735351122367796,0.08736832395031457
8.352,14.920892988095673,21.17677257170577,0.8139185010653591,0.760449489593339,-0.007376654330030977,0.009567829613398932,-0.6492846951720141,-0.10405898970477254,-0.010269791977376161,0.01996103467234606,0.46038251292114135,-0.3552244903708145,0.06974563404705413,-0.45555370286583713,0.03383892941911616,-0.04132971335776978,0.7375240481757513,-0.3586259378509572,0.037729945306551334,-0.017069569303489844,-0.4750079750543992,-0.041303589932059716,0.41169452499782117,0.16034840907214254,-0.11276002321178309,0.8772677623307018,-0.27640948635659296,0.29374438498478966,-0.6511736553785951,-0.28744670934817346,0.09896609253003502,0.16548374045158015,-0.4280900002289079,-0.8832368865507598,-2.3453436784460275,1.8910750894491855,0.01874956380536253
8.402000000000001,14.919824240316453,21.152713927910625,0.8093860671708364,0.7601301032604227,0.00543583119819375,0.0025866610462789963,-0.6497430161541687,-0.07697453382433712,-0.03254382392257717,0.0397480214519893,0.4666465470498105,-0.37486806477075224,0.06758143420177039,-0.4162005386579625,0.018741932965463164,-0.06787011008069105,0.5720634458798068,-0.24858645564972748,0.04253719121857153,-0.015278426033822496,-0.4862607632500619,-0.14519642940763972,0.8189609458020618,0.04234458309602142,0.08530432946939227,0.135799242834852,-0.7531530177291795,0.3927181543528642,1.12294869165318,-0.4365390718150953,-0.19591880104432682,1.2964898901979838,-0.2487071172889381,0.05458492357222704,-3.871474617867288,2.0978971446460606,0.14982567296702393
8.452,14.918816662504895,21.12969420553334,0.8050932469012257,0.7608888045136054,0.018240756821093072,-0.008264307099850692,-0.6485732057251592,-0.10682191101176848,-0.0627909524529255,0.046755476273863214,0.5934375581351478,-0.37863920940165163,0.049333714892933894,-0.39076071337380797,0.016445300794622184,-0.02823737387732656,0.5455753720808826,-0.15960684424781874,-0.03129502173040134,-0.017822967991764988,-0.4225864830773293,0.016737824456175998,0.3810428311654216,0.04999046589693323,-0.023677223016139677,-1.1712296286045876,-0.5016841076780589,-0.3992808601345911,3.385219871979695,-0.6646051482767276,-0.22511635126198115,0.014364831765304648,-0.1477733750609045,0.2822905392731217,1.241219291843832,-1.4281473743071373,-1.1204387174127846
8.502,14.91872568899078,21.10889908238087,0.8074583001616384,0.7617884039533553,0.02309875050735282,-0.012837698849862704,-0.6472866975424715,-0.16455335733350135,-0.07925000931968634,0.03523790056291313,0.7251702903311305,-0.47259819802495845,0.041788367891634065,-0.3701961067791149,0.008911264635930153,-0.02206282742833524,0.5766895773164891,-0.2198343386278421,-0.06545770730779991,0.012188970373069498,-0.4199350449946866,0.061282008779340355,0.18468638459879796,-0.09244348627504699,0.07335515984459703,-0.942768827818584,-0.10408050723722054,-0.026469275061897116,1.646046234882875,-1.8754364439665807,-0.15121479885509823,0.7514308342380303,-0.10877350672599442,0.0697282359865797,0.13283470290852234,-0.9008046881439009,-0.42077350415150266
8.552,14.920163599670357,21.08776817360946,0.8104860821316083,0.7629315546933841,0.02360306443287491,-0.01730108852712072,-0.6458165455748949,-0.20659483109037058,-0.08008502842689877,0.03319119400429225,0.7747539196173631,-0.5242696135655813,0.03346045326011332,-0.32511896504341753,0.004339225534823885,-0.020563145958758047,0.571621010291419,-0.25606814864396676,-0.07834410849809434,0.044304993651495365,-0.4231363035717418,0.05539961553026188,0.08685935627394223,-0.12303689383371764,0.07780546945895005,-0.7983933474778451,0.03519665897431169,-0.06506777247868027,0.5413909884314767,-0.36055186227927216,-0.20197356074335224,0.9640909273952013,-0.07739133990170213,0.002396115354501197,-0.22752006738015987,-0.6103776877073054,-0.13148980886484798
8.602,14.923190181699397,21.066619894844816,0.8128055968602252,0.7640715076052653,0.02258291588462024,-0.019967718698327735,-0.6444269030587946,-0.24649860379590358,-0.0760412654849214,0.02873261919980059,0.7902051505696356,-0.5255029821286945,0.019768271743408374,-0.2764261134379636,0.0017113202279545557,-0.02173671827284904,0.5570888975621155,-0.2839075193725552,-0.08101383958395514,0.07583490808221202,-0.4229867623245817,0.038304943054742226,-0.0047305448670854925,-0.08749958484625653,0.06995516441274323,-0.8011748667566599,0.11517619524635728,-0.10493582802233836,0.16209050465871144,0.185895460132383,-0.3069644054353999,0.9775524595051399,-0.02869159631651181,-0.039463002056947714,-0.3412893670289497,-0.5218257697486585,-0.0028895903098116035
8.652000000000001,14.92775249669531,21.04550256679086,0.8144922030708192,0.7654978001960085,0.02042659503819277,-0.02026568153991813,-0.6427948150552707,-0.28833003115832406,-0.06850980704704124,0.02292641077383352,0.7952331490326258,-0.5011144025957874,-0.002582747609170949,-0.2261457773185728,0.0016096959493526108,-0.025879425363743144,0.5342295516743676,-0.30632214651475076,-0.0795241960136087,0.10606860961439042,-0.4220292518687847,0.03026057335902536,-0.10401275529499687,-0.039846026219767225,0.10378950764346309,-0.8469197319967441,0.18020838800925457,-0.0948564968208954,0.00905389455396987,0.6894855291250763,-0.49500493660148864,1.035530007963036,0.021253365499291393,-0.1169549374953621,-0.5695637929753667,-0.3790307095887325,0.05911330107488123
8.702,14.933917961761235,21.024435310499896,0.8157573690158993,0.7672580622252273,0.017360308240118364,-0.01824030533625688,-0.640843956755025,-0.32767260163262973,-0.05890480912171633,0.020981400813676467,0.7830047454218836,-0.4599714362055766,-0.023963518762758065,-0.1734768950128269,0.00394424719376125,-0.03254117252910461,0.5006596224998147,-0.32219182952723024,-0.07580858432271388,0.13933523120129945,-0.41963401721507204,0.018049427386705497,-0.18328401245336778,0.014270168434305038,0.104584428992389,-0.7146027041553674,0.18573406454468813,-0.001892008620673843,-0.5036904523687898,0.8598311827270446,-0.3409455982852742,1.0480906154132084,0.07127190552768092,-0.14263331156794087,-0.732697429437378,-0.2796800242796308,0.08215671759926392
8.752,14.941683057301127,21.003455839399887,0.8161561570517051,0.7689722335214091,0.01335680508861335,-0.013883857261191809,-0.6389918139839269,-0.35012828759861936,-0.047977244167674064,0.028516916914376064,0.7181928167978674,-0.39329679999463374,-0.0365268744534792,-0.12053795395606222,0.009590375348674938,-0.04042420963609376,0.46046499711796174,-0.33392357271896633,-0.07089414265273006,0.17070073220077436,-0.4189055999760463,-0.007250572455676374,-0.28017422106591455,0.048203759683191266,0.0859292016437436,-0.15135540040965553,0.23512645887386746,0.32830735670275485,-2.1261700091040634,1.7216030954431594,-0.12803114477785635,1.0342164518530514,0.15301709006997194,-0.15548368518972355,-0.7914695399441861,-0.2353651297373143,0.12600971603868277
8.802,14.950963466436209,20.982791114108544,0.8138596399682683,0.7698589189874135,0.007283847919135144,-0.007013497342122015,-0.6381339994625379,-0.34082833245763405,-0.0404150093704121,0.04507327525179157,0.5703370572353851,-0.2876214043879998,-0.042846038178748,-0.07908081243120973,0.020994440383454455,-0.04894855482624127,0.4403533542790395,-0.35279717815328565,-0.061917636349460715,0.19372948790068586,-0.4065967587418138,-0.09591428016598105,-0.49876086866268726,0.050735664462810075,-0.001612611122384202,0.4533452164732217,0.06929954476483631,0.1378417445815124,-3.4544491217725435,2.2755450022550585,-0.21372602516661834,0.5329086234227506,0.3658480765402499,-0.2265162156215225,0.20318921151168934,-0.5640065884368511,0.23117039001586207
8.852,14.959616087826388,20.96333660484214,0.808614464995141,0.7683633131506575,-0.005321540145167727,0.004672539392949925,-0.639974739806384,-0.32413061206664523,-0.030082399777406284,0.017936393951386236,0.49899304332072536,-0.16228128829266486,0.009699583421410859,-0.10289828412502147,0.05088359012737082,-0.05735687390878119,0.5498224670609514,-0.36859957056507664,-0.05028288359072885,0.1567455082271682,-0.33992768671056106,-0.033091343828617815,-0.4962284847567311,0.17026152721427534,-0.023956096018576966,-0.4492740995351601,0.2547166677701126,-0.33070351760609507,1.6788478523026569,-1.3219412192563735,1.2638011561366542,-1.72193636266885,0.384726335247982,0.181718231118896,4.451404158900438,-0.061296360028839814,0.5398148021870077
8.902000000000001,14.966581530552029,20.945848331346077,0.8089820719909376,0.7681166671159477,-0.010235728330671873,0.010817045859585091,-0.6401367096824707,-0.3218197164938814,-0.023025976905105258,0.007614951992182749,0.5514185147466892,-0.23287744583600495,0.04703221390568814,-0.18846567245059498,0.06598969102797386,-0.02171321783077919,0.7572422055949052,-0.4095743808079472,-0.027465189127680905,0.11629246386683714,-0.37082773086285004,0.028681109236394903,-0.2806684964545412,-0.050963904279600236,-0.04677755432509597,0.4607526196530429,0.19901487399757664,-0.1505331549120619,0.5408798498769823,-1.1369604296443077,0.47177764601463457,-1.4303302222510295,0.2669121458270607,0.6958887838738974,2.8877154256627753,-1.2156704603337487,0.3364315427203171
8.952,14.971243344694592,20.9264526160399,0.8108631289900281,0.7675287988542018,-0.016967021098779338,0.013566315229153504,-0.6406462504499355,-0.2889562964537139,-0.011561932278707993,-0.0014263042715939814,0.5636099818264743,-0.27817658618682156,0.06429976859391359,-0.25180181226676523,0.07272747177891488,-0.0038602823013301956,0.8388660684850326,-0.4440029005879073,-0.011796323541794326,0.07401781085978865,-0.40097222410941746,0.042354585905235734,-0.25111325292029935,-0.09850784493090467,-0.02947480667198353,0.7846095790289676,0.23534038708377525,-0.18241146209684278,0.024706711263199947,-0.7416406860459716,0.24602423138641538,-1.218297801717632,0.09356595280757482,0.25583456363251866,0.7440801848450703,-0.14453133874282195,0.3476327300135871
9.002,14.974130045810652,20.90585310632073,0.8128308786286906,0.7670073838351845,-0.02176670039425348,0.014795800669235533,-0.641098251579902,-0.24618729599299743,-0.0015739163022539786,-0.008448390352250621,0.5565019822357188,-0.309287288917934,0.0696170174386534,-0.31575290188089583,0.0761436403722482,0.008078873517177862,0.8529896217536678,-0.44335712044344006,0.007396840376890637,0.044858054166841924,-0.42162135898636277,0.03369989488657317,-0.09630365257782002,-0.06679934917048795,-0.03226000455385268,0.9059967425092593,0.1487847670212186,-0.08402304559751883,-0.2755229264008336,-0.5377784650899613,0.0071752767402502565,-1.3449991090124125,0.02501823969584069,0.2041593131227797,0.02567468262508679,0.0877894863469085,0.37252205138696615
9.052,14.975844334995232,20.88441190613304,0.814178690263475,0.7659864280095485,-0.02183884279917076,0.01420552735712243,-0.6423286230916934,-0.1994556797415477,0.0027814468500139224,-0.0064992899117754,0.5343884873026304,-0.3298141350495906,0.06603592780578618,-0.38415880586888895,0.07294782382161577,0.013192237478628719,0.8464486377618092,-0.43652972909821647,0.02713346049192026,0.02599521909154225,-0.4359683257615847,0.020794050300295682,0.11319438271979226,0.026975320672380895,-0.09516433090711073,0.9600325303973297,0.01704953363345866,0.14811078429415467,-0.5879094816820597,-0.326096770387598,-0.052314882750817866,-1.3004481854258714,-0.18942540749630862,-0.07769315710078813,-0.33765341761804574,0.16892944150840525,0.32262925304962103
9.102,14.97665816801461,20.862179093179456,0.8147648706893146,0.764212272439918,-0.01672987653151618,0.012387564874053417,-0.6446287785384299,-0.15124881534257992,-0.00023680152198226996,0.0045955632588773505,0.49935454273920027,-0.34354101447002355,0.06577729398639609,-0.4377296226319101,0.05676353628983637,-0.0036371634310292267,0.8148309318284569,-0.41974283163832277,0.0363237405633689,0.005991898527329077,-0.45258538891058003,0.0003845855628425898,0.2766991452154622,0.12862945931794723,-0.1272624884738346,0.9431700306298749,-0.1255492925071251,0.273462035517727,-0.7606889224030151,-0.24101026425328628,0.021338823596699582,-0.8305778718667814,-0.3893735943759685,-0.5020428330952585,-0.8460611508675184,0.4716040609084108,0.08713332829113897
9.152000000000001,14.976445994021526,20.838963241588388,0.8139706322811995,0.7622251435288449,-0.007649441862264573,0.009630233211511985,-0.6471951600714574,-0.10460756682413008,-0.010354575074461424,0.01950978633606761,0.4607286213972284,-0.3548884226921517,0.06979147597317406,-0.455170641170856,0.03434568978891692,-0.04121403115382247,0.7375370343977574,-0.3589072073541892,0.037626694193642715,-0.014374903759434801,-0.47466643495897176,-0.040723679783202835,0.4115216283243687,0.15984886604743861,-0.11038426047283044,0.8785327593447115,-0.27733010588343593,0.2902472115466469,-0.6553272180299238,-0.28446601181434045,0.09624737245518468,0.1636465878195253,-0.42568838413956517,-0.8815143107976818,-2.340206837329406,1.8825637756124194,0.016313556676313623
9.202,14.975509798127776,20.814922413753635,0.8094703816629443,0.7619479745134068,0.005156084421670174,0.0027192285518019164,-0.6476120016834427,-0.07731442181147039,-0.03260461118770414,0.03907962256216377,0.4663794734735192,-0.37449373906708094,0.06772303318572169,-0.41595077897959015,0.019311824804669534,-0.06791319462125864,0.5724746640291863,-0.2492325181389546,0.04233756242272716,-0.012681096021868994,-0.4857432432636277,-0.1444624784318364,0.8158229197089906,0.044008090516109634,0.08775638484444373,0.1423987884335609,-0.7503276736468165,0.39342229042506877,1.102825363230732,-0.4381815140600504,-0.1891291001171932,1.2929500780956953,-0.24911180533348007,0.044701376430750346,-3.8635211246859744,2.094405431199108,0.14874905355094659
9.252,14.974656413194516,20.7918370312948,0.8049557650153257,0.7630536955824695,0.01817082989926512,-0.008419328043281427,-0.646024762307148,-0.10655756571336995,-0.06367979428793855,0.0464072870324742,0.5926127721990869,-0.37913809858707853,0.049765823416587265,-0.3897845855676139,0.017172848038136714,-0.026413643104987887,0.5446373288417184,-0.15299256476917447,-0.030057050154167018,-0.015735309100470024,-0.42427731484800024,0.012944094716536257,0.39069938345280836,0.04412700022482806,-0.009416777753334573,-1.1430900157659256,-0.4837638979916864,-0.33048274902495484,3.3412365037084433,-0.631262461165505,-0.23293252299942804,-0.019491285308693342,-0.1531185555487275,0.29067734045341703,1.3554876006880991,-1.6222106704030244,-1.1469322332336889
9.302,14.974631414934823,20.77097227287086,0.8073079658501348,0.7640750691923909,0.02298980109948012,-0.01296736650436241,-0.6445871586449657,-0.16329331536723626,-0.07923438217056554,0.036212635399814105,0.723205855028897,-0.4721307388508613,0.041952340301187524,-0.3697598782800008,0.009877337245051566,-0.020407180809740345,0.578128272781226,-0.21976016282394503,-0.06524007737435218,0.013733326763310186,-0.4211899324713772,0.06253725477510912,0.18117642094276096,-0.09215938709483074,0.08011185452758392,-0.9300596178878273,-0.09775329944612596,-0.027262507004552305,1.6464369464848703,-1.8743994247499407,-0.1548712614142132,0.7569784097545659,-0.10431832886826081,0.06387412373529025,0.135447410360123,-0.9561373297272207,-0.4336678175487842
9.352,14.976158935125975,20.749816476740428,0.8103955604520822,0.7653330317645803,0.023540849170405678,-0.01734029114472138,-0.6429700562338713,-0.20550442743739208,-0.08017262803941155,0.03348362024352637,0.7740713868965542,-0.5239058855440483,0.03363762483574756,-0.32454097563692097,0.005321649079059887,-0.01920417100599388,0.5727567884486788,-0.25717936589452517,-0.0783031269065917,0.04620154669619047,-0.42325935080537236,0.05633531770225916,0.08710170882939594,-0.11852747362500311,0.08554029897615205,-0.8092358240123023,0.03203935120971317,-0.07949779233577811,0.5767048339667047,-0.365979184351003,-0.20094369174878465,0.9659601587968963,-0.07951501878661756,-0.003940721829388582,-0.2370910973599058,-0.6144975012759316,-0.13497617562120043
9.402000000000001,14.979282657465001,20.728675877801553,0.8127424635518621,0.7665980909885085,0.022631990346309125,-0.019952799990424246,-0.6414179960667464,-0.24606392194399648,-0.07614321313525478,0.028739937610950388,0.7909371640999937,-0.5254147350277122,0.01995348561442839,-0.2758522518728122,0.0025005830372544437,-0.02070147209832194,0.5578607948012844,-0.2849559481440767,-0.08110986044476726,0.0777847937318598,-0.42263611722428907,0.03858914495445803,-0.0024439046073797847,-0.08306748454184124,0.0787856921950841,-0.8144728993744422,0.11728723011467086,-0.1028104605770873,0.18036816981028445,0.17738591223238653,-0.3068106743064063,0.9763396227397891,-0.03365592203332487,-0.04667049720255487,-0.3461093261656001,-0.5199554200242734,-0.003640763504651369
9.452,14.983942719778554,20.707581004241487,0.8144405016875447,0.7681697749041422,0.020573585238347528,-0.020229734583575548,-0.6395957178975146,-0.28848551458250804,-0.06851642501160089,0.02322811267792071,0.7964975786478246,-0.501338181372014,-0.0023164534131552275,-0.22559096366537681,0.0021551129881215627,-0.025245439813640257,0.5347760190234279,-0.30730522503559166,-0.07963588020696195,0.10807562922943545,-0.42146931825189754,0.030482779750027028,-0.10165215226954487,-0.03668986857154714,0.11339015801965019,-0.8568629642008538,0.18029765243665877,-0.08793201039377949,0.01239809655703163,0.6879920181005859,-0.4921330569525879,1.0357084719673393,0.01646262822832525,-0.12522148417480067,-0.5739070209444213,-0.3781425346314121,0.058465170245863854
9.502,14.99021174571398,20.68654892257424,0.8157164476533129,0.7700694611685822,0.017581889542405218,-0.018213352169282358,-0.6374575875604628,-0.3282500643209122,-0.0590466024625501,0.021506794135021854,0.784378494838077,-0.46013043966248246,-0.023567073774697737,-0.17287946782441665,0.004273762560812883,-0.032304727778050046,0.5009916828691087,-0.323152503856801,-0.07601122389398877,0.14145930319215683,-0.4187842903567084,0.01826702365232504,-0.18062757541964986,0.016287378624542655,0.11308861928757331,-0.721531086683711,0.18054104424511908,-0.0007935654376804324,-0.5019374783374315,0.8622151034407909,-0.33887281323735985,1.0494642994534376,0.06744630403826647,-0.14988512624300077,-0.7371163442873688,-0.27934059462269745,0.07966958829415614
9.552,14.99808553828255,20.66562248402359,0.8161286821666986,0.7718888488991117,0.013647722864455123,-0.01388340060558713,-0.6354593580973079,-0.35106460760581076,-0.048350417393922256,0.029149170535208595,0.71986661964433,-0.39346621079600375,-0.035990153190031966,-0.11987530942508419,0.00975307999730281,-0.04048404798503555,0.4605239549677863,-0.3348228142107893,-0.07121271532151817,0.17292216024667356,-0.417659252284673,-0.006883203343264472,-0.27690033666421954,0.05039486656257472,0.09163903223731566,-0.1586031743500101,0.230564950723749,0.3297554679127072,-2.1161674658975214,1.7179858330945368,-0.12393499332174364,1.0357253612996586,0.1500650773154663,-0.16005002570430435,-0.7980866591835389,-0.23297394958850756,0.12429736527075969
9.602,15.007479374187135,20.645032057556623,0.8138745796946565,0.772843192331514,0.007656167788534853,-0.007052573905592306,-0.6345116581773215,-0.342174453709404,-0.04097851498017293,0.04592708483629984,0.5726685485022825,-0.28815817602844473,-0.041953933553095187,-0.07838717520776065,0.02100042990420222,-0.04917054547928856,0.44006295316535865,-0.35337417587231906,-0.06228722280681583,0.19608546131390517,-0.4050507511872779,-0.09402119398077578,-0.49468679863363185,0.053277239981909294,0.0017386564233702899,0.44633909866706023,0.06645686515798273,0.1479800473540378,-3.442729386201844,2.2671006389499695,-0.20258775560801703,0.5317862048575229,0.3623832063199142,-0.22884077323246962,0.198550022782422,-0.5487719978492026,0.23069151159772505
9.652000000000001,15.016245920513745,20.625595848041844,0.8086513383734858,0.7713333597837969,-0.005062083000604214,0.004611079213504885,-0.6363945013502409,-0.32398762836569045,-0.03070676283548811,0.019097898231774258,0.4984878780203352,-0.16233712866059236,0.014807271380371793,-0.1021489313250371,0.05112863209442849,-0.0576216883317932,0.5494589586681643,-0.3685587561958486,-0.05077018527036776,0.15792951289602217,-0.33925767026040465,-0.03491124436829123,-0.5059250699095206,0.17244755176858625,-0.025183486791165742,-0.43188904293532215,0.26735136126852105,-0.339763919434959,1.6404100294448092,-1.3086490807074214,1.2470415094435698,-1.7337459066058887,0.3908946802586375,0.17122178233761554,4.460474312491002,-0.037755554756953386,0.5258768658455749
9.702,15.023307406455057,20.608178853912055,0.8089603754903533,0.7711136661061433,-0.009996127745317947,0.01080794762951652,-0.6365272811454981,-0.32193742936349184,-0.02336385457782243,0.008501685227470746,0.5510502456883918,-0.23283506191014317,0.04853750660404193,-0.18852594860592978,0.0664216328676654,-0.021104225448015757,0.7578275213985379,-0.4086009131743365,-0.02790055873304475,0.11880514762468035,-0.3696718356366533,0.027983835418891212,-0.27920579082982366,-0.05250441994774533,-0.04854166561883846,0.45851266442426336,0.20212225843812184,-0.14964863653077612,0.5488334915569938,-1.1395630615382506,0.4236546601724158,-1.4443231921852744,0.2702554330032912,0.7218599251627125,2.912495203951847,-1.2190280019245503,0.3385374680907453
9.752,15.028098055650846,20.58882793265766,0.8108210075533506,0.7705136170171779,-0.016779886420802317,0.013485513276668366,-0.6370599205211981,-0.2891070592004595,-0.01169982173416812,-0.0005122016534528228,0.5635578484742523,-0.2782662222211027,0.064482058756332,-0.2522525012725265,0.0729524576941298,-0.0031048585587054272,0.8397125042438833,-0.4435139119941516,-0.011889287265113508,0.0767434675141239,-0.40027430236755074,0.04215036322338425,-0.2518468838522582,-0.10138990288971227,-0.03132994992557877,0.7858835380623092,0.23956682308309732,-0.18091579920867656,0.029061093249259522,-0.7448446272325413,0.2347475444638144,-1.2224159476091185,0.08515843958472451,0.24842762443417515,0.7404487140032148,-0.15231113076616692,0.3538265499775583
9.802,15.03112416953345,20.568262301112096,0.8127820630398616,0.7699580770196955,-0.021642896933638522,0.014668447753914167,-0.637558610078276,-0.24629929152571878,-0.001490438415299475,-0.0074441441170082995,0.5566179843225927,-0.3094867257192815,0.06956035258712585,-0.3163455516237576,0.07599194196688482,0.008454292498923105,0.8535307032729145,-0.4431790570732829,0.007514102001194888,0.047705570912224785,-0.42093093567502343,0.03363371601124735,-0.09758496371377379,-0.06822454979309335,-0.03529520022218263,0.9062776121451831,0.15325218132355367,-0.08170354287940507,-0.273104546376653,-0.5391922994624745,0.006042471043309331,-1.3471746382620586,0.019915369984757493,0.19954735277963564,0.020257402376646135,0.08243403869055832,0.37515854827195005
9.852,15.032983354200082,20.546855195261443,0.8141326151670716,0.7689069872430205,-0.021746304351191605,0.01407826627199468,-0.6388356170680379,-0.19956277760203187,0.003042606579895323,-0.005420360961270057,0.5345411598798085,-0.3300177993287387,0.06591979821208671,-0.3847478788720569,0.0725648299319588,0.013321264633602847,0.8466595991643486,-0.43658471021880796,0.027275159436031853,0.029003685332742897,-0.43530796266578875,0.02094122598702546,0.11270241707965797,0.026525683733753996,-0.09668345139010649,0.9603443553625344,0.019236376600076033,0.1490282032944588,-0.5887477153168346,-0.32558342070747603,-0.0522701986067759,-1.2984050730240764,-0.19477727885017126,-0.0836117190252789,-0.344580643533166,0.16613492524621395,0.3208812381911609
9.902000000000001,15.03394886392572,20.524649469284782,0.8147297323247179,0.7671361055847453,-0.016643731490572997,0.012282563616046103,-0.6411507781648217,-0.15133560534987983,0.00010155864711919278,0.005664034468739223,0.49943684201794053,-0.3436958819274009,0.06568040775617962,-0.43814957666546916,0.05621770946923063,-0.0036884821074978508,0.8147855592553769,-0.4198186829403073,0.036394181997256775,0.00904162756821815,-0.45218210606593423,0.0006551480963413439,0.27637643257285577,0.12821359063148643,-0.12653079421008973,0.9435069044610096,-0.12456793065373799,0.2720660254185278,-0.7622527800159895,-0.23952569617904726,0.02235783940020006,-0.8263772410420408,-0.39061544446044283,-0.5032888709952803,-0.8493900953822683,0.47254110688531925,0.0863970119181284
9.952,15.033886500465178,20.501455012104543,0.8139437106845034,0.7652138382156618,-0.007551030554288944,0.009584531458421846,-0.6436605475695593,-0.10484365115059474,-0.009993321413028354,0.02035912217161188,0.46089689642746046,-0.3549722310346579,0.06971234604347051,-0.4553570752963059,0.03385835160926219,-0.04117043193882632,0.7370463006298571,-0.3586231945547302,0.037764680061809615,-0.011563080385363722,-0.47390882614767266,-0.04080038847237839,0.41045401153529015,0.16268321081738965,-0.10293816986163459,0.8676105203080089,-0.2770581335354896,0.28102264586920805,-0.6459120647525631,-0.2834641232028762,0.09422658677358405,0.1674986088506851,-0.4212188654338464,-0.8756545669673798,-2.363230202791759,1.9078186177985703,0.021828114407712935
10.002,15.033079709187422,20.47748792207747,0.8094380329063662,0.7651466792149317,0.005385047281796254,0.0028386257715951276,-0.6438272305175226,-0.07899601892504488,-0.0323244273697935,0.039118997454970016,0.4682817827586143,-0.3743248401806443,0.06707877211067698,-0.41616868144308816,0.019155923324916543,-0.06723881560919501,0.5701254887135365,-0.24540743816176594,0.04272638084868285,-0.010247506613807028,-0.4836834981241948,-0.14453186337265506,0.8180505048327046,0.05087582758463881,0.10427260644141013,0.09827840596353604,-0.7560169305497633,0.3630206584134267,1.1615051941879064,-0.42767382023942424,-0.2104062784423801,1.285362843832975,-0.24082749239588422,0.06544369353082206,-3.898563262074304,2.1959394330535367,0.15386018286252212
10.052,15.032286556445476,20.454678554682463,0.8051055991479035,0.7661646491892168,0.01851548707003938,-0.007545922336871713,-0.6423332204762642,-0.111462313197303,-0.062451326199278685,0.04533016220573811,0.5972563014874462,-0.378158209327761,0.04758483401740139,-0.39192633951803735,0.016953228580147143,-0.027796186751903002,0.5433291783672709,-0.15520916400219353,-0.031232905395577135,-0.014801425211507645,-0.4154930741812922,0.015765437038006806,0.3759962777727558,0.07900415664211677,-0.0039719962347222505,-1.2441968691687468,-0.4948266403110698,-0.42480926045257356,3.429719454785021,-0.6818655824534448,-0.29093010324062657,-0.0373118792855056,-0.15141075176934043,0.25885987742904604,1.265885333336294,-1.4798836714891588,-1.126789560093552
10.102,15.03233111405512,20.43437803356831,0.8073900719514561,0.7674075053944317,0.023873145796236245,-0.011547962704072903,-0.6406109881445003,-0.17234664091316537,-0.07784113341001915,0.0339797975336237,0.7291792821425437,-0.47099432044382605,0.03820495716730606,-0.3743521985334887,0.00886438772357611,-0.022748473111512152,0.5759029105121022,-0.2164144043040004,-0.06550617232141674,0.014696539948289143,-0.4067812956319272,0.058732092814986966,0.18866625009959442,-0.06312059111966084,0.09539017145269442,-1.0034782292363023,-0.0818537496705559,-0.026173531901556475,1.6407336587241146,-1.8360658344982586,-0.1743437784702125,0.6814052628603219,-0.12460366878137603,0.04753476756374098,0.16813584130403514,-0.9000274866570319,-0.42193092916179564
10.152000000000001,15.033862701923201,20.41414212771358,0.8102415278274522,0.768851571518104,0.025054029988718505,-0.01544680835965105,-0.6387495226354117,-0.21739897343149195,-0.07751540247121443,0.03202528216857406,0.777991955536224,-0.5208208718839196,0.02786937389375188,-0.3337555314314752,0.0034812660706778457,-0.022298883697418292,0.5732066049069421,-0.2522657937515693,-0.07802956699518483,0.04525155993426873,-0.40072228430099316,0.05105402500099394,0.09110997869962087,-0.08568758591138984,0.09795605812687615,-0.854088827044193,0.059199768865204706,-0.06631621497603543,0.510393319332822,-0.3200534396526312,-0.255166652723996,0.8583851503674165,-0.09462583590060902,-0.023650852398107505,-0.1695952893905479,-0.5954178129988202,-0.12078748947160793
10.202,15.036881469980253,20.394384331188064,0.8123197243953902,0.7703423949597076,0.02472230434554335,-0.017457540708397612,-0.6369117964585072,-0.259311508555375,-0.07271452819930833,0.026849123837666734,0.7907110040134467,-0.5203531653563029,0.011047371199418442,-0.29108512188828006,2.538829587724723e-05,-0.024949508176488545,0.5621910122132066,-0.2792460088271312,-0.08031135120239202,0.07442015259930114,-0.3897354982381919,0.033222439139831986,-0.0036638277177428,-0.04897673231464771,0.09400994155792738,-0.8268442749045878,0.12435943135917642,-0.12454075348615039,0.09373725028051903,0.22277662859252545,-0.3712564354004655,0.8434733436545461,-0.0433221196040785,-0.07380624064305694,-0.2597953722189623,-0.5033371011341619,-0.0019813896286991106
10.252,15.04129216219565,20.375301797397277,0.8137505038390188,0.7721642000160401,0.02321053179487472,-0.016976130205451263,-0.634772030283815,-0.3016949994984939,-0.0653503523183097,0.01953003300533177,0.7919323212646112,-0.4934664351791755,-0.015710318301006627,-0.248726660282955,-0.0006768265309464051,-0.031018464535808195,0.544371727183844,-0.30060292561868834,-0.07972186884516617,0.10155697180680445,-0.37428350840488817,0.02556755995392444,-0.10637027461337371,0.0028501706401161996,0.1272253270290214,-0.8391514394078706,0.1669077879333603,-0.1303063621046447,-0.0739163377437992,0.7416814989429721,-0.5956614633230678,0.8575068254446497,0.011707942406030717,-0.1579490104132921,-0.4521015196182005,-0.3569292739249376,0.021446750232703895
10.302,15.04716331626476,20.35698385865914,0.8148737912718377,0.7742550674287902,0.02068510261039954,-0.014212496929610017,-0.6323758550275805,-0.33911140355188674,-0.056431272296590174,0.016577626246771095,0.7749092738268759,-0.4511844205656331,-0.04159700977670456,-0.20551028127464158,0.00130091491066749,-0.03958324827911752,0.5172211036755139,-0.3154576914722627,-0.07803169644082412,0.13205066534109314,-0.358267671931504,0.017462233096429615,-0.18800841142241675,0.04998242397943901,0.12133032900655305,-0.6561421092010903,0.1791272414718179,-0.0031702978316650726,-0.5897639374425967,0.8592479451273792,-0.4141300425346133,0.8521846780257009,0.06864048036125714,-0.1774936425926379,-0.6027791346137331,-0.25459756029979114,0.04654657816643878
10.352,15.054515316336499,20.339364049413096,0.8154028169251937,0.7761080486564045,0.017040699471606517,-0.009172196703466317,-0.6303029288999852,-0.3586690212965923,-0.04547643597227699,0.024170019735958233,0.7079968861005247,-0.3854326578643165,-0.056434219265339126,-0.16262442761169807,0.00706574118560047,-0.04875197337869397,0.4834193190150614,-0.3256745548335648,-0.07418163591533018,0.16161929616459567,-0.34674244354743505,-0.0011186056713636478,-0.2886522763401288,0.07981653221647371,0.08836812869129267,-0.11064279829871397,0.23823588439216226,0.3090429646286156,-2.1063711583558042,1.699278815899351,-0.15758221156900792,0.8308117152443932,0.15957761074102278,-0.17673114664108427,-0.6719877743006374,-0.19394791719867457,0.11304325039090728
10.402000000000001,15.06334066500474,20.322463866061685,0.8136238587438637,0.7769868260420442,0.011204482129426875,-0.0018024875800412058,-0.629414555579902,-0.34876806961757284,-0.03766920152134363,0.038328633676911784,0.5644362485141396,-0.2758353821458066,-0.0662927858675399,-0.1293141681852086,0.018871047395179953,-0.057102861618264285,0.46528199098976497,-0.34166778819652466,-0.06547830021532162,0.18568040865943997,-0.32889188168304767,-0.08453185027638808,-0.4882538263972943,0.07149665105420538,-0.006463279015941635,0.4264982282162312,0.06784509876538723,0.08391747155989715,-3.2975405282360235,2.4803490890578246,-0.3213070269403018,0.4395695252598364,0.36607183493365164,-0.1745381559678038,0.10725101685819582,-0.5224161603670212,0.23186348549496208
10.452,15.071613687156724,20.307019059172234,0.8093548231749191,0.7761089636663396,0.0002135743671272018,0.009219448378567438,-0.6305313891269372,-0.33316050964960153,-0.02832846384390743,0.017426734508579917,0.49736140835927145,-0.16642142029481916,0.006966824315480101,-0.14950850437740681,0.04603557052124147,-0.06162414111156245,0.5519263077722373,-0.35537588568880757,-0.051394603686419814,0.1393983884760779,-0.25823291075506233,-0.016464881296510508,-0.4589759257650702,0.20318949988888918,0.012522554615429282,-0.3784402334687834,0.2350545364349731,-0.2893790503754156,1.225431623084181,-1.2423765703221616,1.435046015179966,-1.5829156379480394,0.538823722533947,0.6362980407905294,3.78789886228811,-0.042390421577733886,0.6276573408069306
10.502,15.077431568040733,20.29385047956834,0.8100627627588038,0.7759069788290998,-0.004592103583730513,0.01568929431096572,-0.6306354880856296,-0.333217639865335,-0.019115463264926653,0.008037835109297035,0.5375578010222155,-0.2221078912416843,0.04196761790961528,-0.22997788450083728,0.06924842690552466,-0.01273722154847536,0.7439301343656461,-0.3947397108167365,-0.031058759032061338,0.09201689098930411,-0.2822789302582396,0.036479385462651524,-0.2886551783998138,-0.05167698714680773,-0.034615627653517646,0.38823955840459,0.23465967324294779,-0.1632205538639408,0.3661612360752509,-0.8476658224664337,0.4019871179457136,-1.2652336768321018,0.3260864636787198,0.6857034599947962,2.678104658752626,-1.3684918035466578,0.3849027626691386
10.552,15.080895648567576,20.27914321247518,0.8122810443696892,0.7755222920347686,-0.01127564818235489,0.01828081272945944,-0.6309547101029983,-0.3057061505828842,-0.006331151409821173,-0.0007578083651658264,0.5436777572933167,-0.25472126810073586,0.05589110700149024,-0.28349174942473304,0.07667882772377808,0.0050320656115693755,0.8179615039618111,-0.43461105213522944,-0.011766744901188111,0.04959555350598681,-0.3008036628949791,0.04653016948648625,-0.24272830336030293,-0.09017275111136368,-0.013761989373444479,0.6235643611450365,0.25757994522712435,-0.17293715621922112,-0.03214234514518146,-0.5145975358967996,0.17994546700270272,-0.9900347134677464,0.054683421311126086,0.2133747505224987,0.6097832283997514,-0.2582784385599586,0.3845546741634887
10.602,15.082338312610748,20.26413133795176,0.8143240800545842,0.7762938614874447,-0.01561752785554466,0.020328333979959565,-0.6298497378567318,-0.2767830406537264,0.003858354775448368,-0.011164324802914662,0.538704552925502,-0.2747632116888619,0.05977638217838233,-0.33327525720038575,0.07660616943772042,0.01126017992718313,0.8210490764869312,-0.445304599441683,0.011531017737610455,0.002930605991178084,-0.29180908473629047,0.03378644132616582,-0.15982847747360068,0.04218528260161657,0.25075854075410675,0.4009304521931457,0.11384271607823986,-0.39470506564582897,-0.09172625580340579,-0.2684440977646808,-0.005282624042011331,-0.9903788593328593,-0.047704632668194066,-0.06841506865323009,-0.4594768697627745,-0.4161844279470495,0.569766080660268
10.652000000000001,15.081660590465775,20.2504705350393,0.8154235356502881,0.7799349467591371,-0.014385478426029554,0.023342685592499048,-0.6252596707477677,-0.2625437406281617,0.006265636481370351,-0.02332345441520798,0.5327930043775978,-0.2834153313126494,0.06044697404122772,-0.38653736341960304,0.07550312973042654,0.01792548683526976,0.8019733181476157,-0.45149321439620965,0.02296559995966935,-0.026289398202313873,-0.261644300739865,0.012762567654279425,0.06912257800322669,0.15364310587155677,0.25388914084912995,0.24031206445500167,-0.043750653873672905,-0.16963351914030997,-0.1672651095546128,-0.13319861273532366,0.054817471857253136,-0.9620876403866522,-0.14963935153805066,0.01051752837593689,-0.5009664193982535,0.08306488905979396,0.028522876486050907
10.702,15.07965890634019,20.237761550465432,0.8156574989070614,0.7836141383768308,-0.008131216846625655,0.024073821698555733,-0.6207279730746452,-0.25017684548884245,0.00014646080582260174,-0.028021808027345316,0.5200647214700682,-0.28899523092813767,0.06319720544653357,-0.4250657890660728,0.062220642809048515,0.009527505910778125,0.7724695129046873,-0.4370909359324984,0.023003592242957803,-0.05383799352784153,-0.24838025159831412,-0.003934163740143272,0.26375546649789594,0.19135395848144707,0.2247639175018328,0.23940630782742942,-0.18519151701150632,-0.03291182748828063,-0.30382596381591637,-0.09833371850707648,0.04663953704064438,-0.576170539640084,-0.3217057803612542,-0.27964466308359337,-0.6703223184148953,0.4167953572211983,-0.005600330187181913
10.752,15.07626815074529,20.22544668872133,0.8147976282900489,0.7870718098697554,0.0018709877928301624,0.02243121264425989,-0.6164505707778493,-0.23925907595517795,-0.012812234642407591,-0.02795861063665815,0.5061416845548798,-0.29435926317575356,0.06479302970595319,-0.4332251783964676,0.04325741476146831,-0.0139594072383918,0.7044287509364544,-0.3777451214196306,0.02361007225150159,-0.0796107245740088,-0.2464668659601557,-0.03722682212526371,0.43424576700896345,0.17364809819188545,0.24684343530662498,0.17682441968334167,-0.3396260588037635,0.017787200971242614,-0.15669508462095755,-0.16863485464658276,-0.00520692646057196,0.32977817894961337,-0.38366821040635063,-0.5525962440506673,-2.301543223288332,2.057981872919162,0.08195006102632968
10.802,15.072172450806159,20.213100688866255,0.8100761894184473,0.7918347258028973,0.015472491713931277,0.015116161342635223,-0.6103522513099103,-0.23865998863268512,-0.03889668311295836,-0.020876152001360705,0.523297043362319,-0.3131618138727756,0.05353654198652171,-0.3860497225464093,0.02521648057762556,-0.021749304502167825,0.5350429910845698,-0.23843107372155084,0.03886794670507955,-0.07650702744386603,-0.24283375600176973,-0.16839794179928563,0.8098652839316252,0.015260649043234075,0.41041088228915,-0.1718706334657712,-0.7461392982618632,0.36844540046375673,0.917091223775755,-0.6891099976958509,-0.30544407224109155,1.204398161743546,-0.40375523909897837,0.47357427645225236,-3.4085062751483055,3.7865305492808927,-0.14811340766579617
10.852,15.068008024210013,20.202855300179817,0.8073896521350165,0.7940117104157522,0.025450224731116418,0.008498697597542943,-0.6073100212600913,-0.26397254882622956,-0.051741256270968865,0.0038990540106328513,0.5960762971536161,-0.32620706141302785,0.042352395471398824,-0.38614836348940684,0.016885692447358568,-0.009107236505427366,0.543433167272395,-0.19475422822299623,-0.027007284132976452,-0.07229963506334432,-0.17478520557316019,0.0290675253039322,0.26743230114589184,0.04155616510016413,0.1567826942638916,-0.9319683146724168,-0.10952688261769906,0.29058169050551014,2.3275423173894945,-0.9971311362807822,-0.0046243051936238335,-0.10963645406310435,-0.14407730229290688,-0.027922863173196998,0.7150529136070131,-0.8498327807708347,-0.9157913404507363
10.902000000000001,15.065515209962095,20.194980860574763,0.8095705920520473,0.7969115929451192,0.029699547200694475,0.005085294826028988,-0.6033440061045435,-0.3100494379247604,-0.057266048066237606,0.01049689647909017,0.7003637488849115,-0.4079562488619598,0.03384437760819008,-0.3783557288763743,0.008034956124908578,-0.013635903633846933,0.5553106288517334,-0.21991574248315146,-0.056878811740507934,-0.031077185366256456,-0.14724074256071834,0.04602786567120655,0.1747532338862048,-0.057236029337655675,0.208859191015783,-0.7111512311050776,-0.06980008690915299,0.011615967795040724,1.4541015257619603,-1.5634081906564938,-0.30333767124022754,0.33422082337461717,-0.18816463787748883,-0.11654630301787018,-0.023185542713702795,-0.3009535169686875,-0.3667652454959684
10.952,15.064728253913632,20.18825015059513,0.8115716827052181,0.8001800136662669,0.031316561516362064,0.0017165921563692744,-0.5989392890896489,-0.3349962573959907,-0.05637723283093439,0.010517936795458942,0.7425583464631278,-0.4561217361915676,0.012865812914361636,-0.35963837213215255,-0.0013299379410627902,-0.021693873310930742,0.5494959223558291,-0.23103605478840453,-0.06730373660543806,-0.0016136032035589773,-0.12369257804140367,0.0354189468237195,0.08407974013959214,-0.06639253219158077,0.23252578943749225,-0.29299478877628965,0.08253692238908683,-0.0003281571478238722,0.3241572088886838,-0.37441301470778365,-0.41604736477760246,0.3994881971358973,-0.17779185276254086,-0.19351841676206985,-0.18385002385480637,-0.16244515419569394,-0.09233257031905373
11.002,15.06539046175159,20.182733194537743,0.8131598826946032,0.8036579514161227,0.03112624726112821,-5.804906517158343e-05,-0.5942769139781445,-0.34226464137213247,-0.0507620696284595,0.01026708787106717,0.7457987367325785,-0.4608150958652537,-0.007031734689093835,-0.339819625375186,-0.00876621988961012,-0.032565440689314475,0.5378396584333187,-0.2364707916202268,-0.07001995880635771,0.027090445273438225,-0.09702580599574884,0.029019398812212716,-0.016125752149358363,-0.04154929178972043,0.234169695951273,-0.04751611069940691,0.11769670520737416,-0.015237905965594692,-0.05093962561800885,0.023765586655893872,-0.37041632862168955,0.38572848725401565,-0.11877921049209912,-0.23362032790882914,-0.2757653982507239,-0.06163093709315765,-0.03414342079603371
11.052,15.06742424264961,20.17859262233554,0.814660303870751,0.8073178924252825,0.029110936987382964,0.0003941451790527727,-0.589398183376311,-0.34061182162855425,-0.04495452453536883,0.008450150188783069,0.7378490841056489,-0.45281411892762274,-0.032682709725916026,-0.31946155204369625,-0.01248636681538485,-0.04594927488074387,0.5186287741607417,-0.23567384279943906,-0.07150902835483666,0.05340948492941349,-0.07009041661092708,0.031094699065958402,-0.13799202812336422,-0.01780501520451741,0.24715357850052397,0.12107399318207457,0.11630518117568907,-0.03962403776049178,-0.3122500537931045,0.2680241933387293,-0.5716659562470222,0.4323301357828282,-0.0313723677675955,-0.292647220602256,-0.4861087594917356,0.0867432705374579,-0.014489629629948398
11.102,15.07077860878329,20.175792911867706,0.8161738090740756,0.811081113660044,0.024969148126873602,0.002957650471762973,-0.5843930364142684,-0.32934175206498284,-0.038834185909867446,0.007835443101686138,0.7084436753205166,-0.43224671264937775,-0.05652154511874725,-0.2969617759985056,-0.011643214209779533,-0.06154250987451356,0.4898668760084068,-0.2281649203762898,-0.07101873281791202,0.07919247046517454,-0.04207224885343899,0.026784879372685935,-0.2571619133486368,0.0025542815876078238,0.2483683313172737,0.2943273669660912,0.12614391005060063,0.004140370522407967,-0.8094735730688003,0.48938676402061637,-0.3578309154859311,0.44861917629386805,0.06465561406283947,-0.3286958820351646,-0.631294928201066,0.1957395216724473,0.039193409319562646
11.152000000000001,15.07543932108169,20.17420011993602,0.8173494283873032,0.8146991056173746,0.01821907250098777,0.007467031499913698,-0.579549545892354,-0.3036702352600046,-0.030371137334249173,0.013342798330711976,0.6325874460252878,-0.38497830851725373,-0.06626354792664117,-0.2721371187530965,-0.004950758968135626,-0.07849472773497032,0.4533401494628078,-0.21555977182096642,-0.0665003403479834,0.1063322141920009,-0.02240587817284453,0.015936411413184096,-0.39853835540989313,-0.01675820508879409,0.2187929546705992,0.7117704266898562,0.20489139107375814,0.20713281332303785,-2.182462302969034,1.3617783921396993,-0.046608064510923516,0.5172277809241029,0.20504254954289708,-0.34136213649596453,-0.77234138027828,0.27845850037765646,0.13647484008142866
11.202,15.081232598482387,20.173610154887957,0.816631331548302,0.8173698144183362,0.007288383067561174,0.01435885601137818,-0.5758882610403172,-0.26059967137192785,-0.018814459532485804,0.018657946302811573,0.49320232518861123,-0.2848668264615891,-0.07271706220648004,-0.25134715706499144,0.01219968749242809,-0.09512714585496203,0.4246240872201308,-0.20621340541689526,-0.05667701002542694,0.11747708939811416,-0.0012001501451687421,-0.059626415137157746,-0.6795533499287814,-0.03042902012747068,0.10388596417992833,0.8226382636153294,0.26393968811426405,-0.28091527510544495,-2.8050210339934574,2.8977210561705795,0.04035293833422526,0.2263722842315341,0.5385413936147114,-0.3233250488373575,-0.22287432966245632,0.024111881645109197,0.248100524286966
11.252,15.086682558526844,20.17409102545213,0.8159520934144805,0.8199569885333435,-0.0012559332452958406,0.020732761540517855,-0.5720481729591648,-0.25664775960603636,-0.015519591441936507,0.0017473050954121376,0.47213318761164724,-0.24281760631147634,0.015614056972168194,-0.2498606662297997,0.032623003012655194,-0.08386150603368214,0.43603245584231276,-0.2264958125613309,-0.036496015833812415,0.07959921832442099,0.024660905086104804,0.01564884858874444,-0.2518443807905463,0.12040694335832634,0.17931075965656956,-0.34462160364734096,0.0210284481748353,-0.25419775775550707,0.40726605500424307,-0.34870754510102814,0.8561218758432102,-0.7558664606913519,0.6858796176622469,1.7251867699243033,2.242654883236329,-2.285225078799934,0.17567762998234843
11.302,15.089115552118317,20.1744992618134,0.8175763980949191,0.8216416101398611,-0.004772469364754144,0.0253843045863251,-0.5694189363760284,-0.2624065913540507,-0.01103433827514644,-0.00864615095426702,0.47578491725974154,-0.24856906735953524,0.040913892685331854,-0.30001973249753794,0.06383422458768993,-0.008499818188569609,0.5951850184673688,-0.3487380108524257,-0.03271140688595001,0.024412912374947058,-0.009910804834909802,0.04124590223292699,-0.21994912752724646,0.020916969189488658,0.09939940235905692,0.045851699715870047,0.15138999740033732,-0.20112319432639184,-0.11640135405522384,0.016471326558496587,0.2801705390762732,-0.8891142761730232,0.4179285821522143,0.851130399356222,2.7739322451437505,-1.972958945409731,0.10957010667167898
11.352,15.089248493875994,20.173442738970405,0.8193396196796775,0.8232531083390571,-0.008548615021888903,0.028470505202099174,-0.5668956439458906,-0.2597950167763428,-0.0031856034201168293,-0.01963514753050515,0.4700962788825657,-0.24659394951255995,0.05028253181784056,-0.3366768054398358,0.07784358653591167,0.019907978726148478,0.6915388601030299,-0.4078092003624577,-0.018061185768493256,-0.014354766509914478,-0.02818491983160225,0.026639328655681523,-0.15661440258068562,0.016020188021875086,0.12899778208725027,0.03349859266123665,0.1378698702085808,-0.21866973717824578,-0.08887862432165314,0.04641232174141584,0.12819499227161274,-0.6076973695570624,0.1237327871540873,0.31017057615671767,1.170627958390266,-0.5411540259872395,0.34219446704856016
11.402000000000001,15.087750343952282,20.171813167536882,0.8200876837264891,0.8250725827915674,-0.010005221975983645,0.03016877054359902,-0.5641320536388196,-0.25960023985299935,0.0013701055412525625,-0.02905199471772587,0.4678613120724773,-0.24494315775167108,0.05467461962442247,-0.3627944018654852,0.07786976369525124,0.02671921944079158,0.7248662130034523,-0.4215935838598544,-0.00142571314936134,-0.043617210200504956,-0.035865780630657464,0.004760688294787997,-0.01752581081826779,0.022735594400613082,0.12387842933298916,-0.015242514517841655,0.041213904076856385,-0.1459048396032772,-0.017067407559620218,0.022733293221691375,0.05633313781553941,-0.45716013977898834,-0.08403839583857918,0.017439269469685305,0.3411263555246084,-0.14608600495245866,0.3005581944031158
11.452,15.084869244613198,20.169939203892056,0.8199579453604673,0.8265641835440746,-0.007898413317548161,0.029970790498943866,-0.5619884494062591,-0.2607245257960758,0.000269544253516981,-0.033025509476919124,0.46545571331111935,-0.24266158829754664,0.057106967289228656,-0.3827255023339272,0.06944532549331311,0.020649099042545308,0.7350604980077968,-0.4297527972157534,0.013636027045926521,-0.07023048513308651,-0.03986844405435507,-0.006822136052512784,0.1555336500253951,0.050788098972900764,0.09356805088820795,-0.010418196625951427,-0.08195874076758257,-0.021228828907726323,-0.1094202344396932,0.08149687846657735,0.04178840170192635,-0.3046897933375011,-0.2539972117264291,-0.27789314389853176,0.048041173292049405,-0.15266582663988992,0.24966724165030943
11.502,15.080585430340438,20.167759305597812,0.8194874946853449,0.8277822564008737,-0.001951645570300092,0.028045389886488706,-0.5603447003171909,-0.26058974390621,-0.006742420446986057,-0.03169424906953189,0.4561935113967471,-0.23639770773989455,0.05939443672956801,-0.3900933694788974,0.05577229457816544,0.00373257811926218,0.7261230647963909,-0.4310774584296948,0.022007465062638027,-0.10056372687116283,-0.0468125508537362,-0.01276267191135434,0.31427812302668384,0.08701567078974692,0.07720288507443945,0.006846756928737641,-0.189551597013848,0.07723641250092281,-0.24419590269645572,0.15727515797781252,0.05294800781306276,0.0021160690907173745,-0.255586895535925,-0.32958445888818194,-0.39514084361913726,0.06597400626270779,0.10507219091549123
11.552,15.07492929314737,20.165027933049362,0.8184966192136585,0.8289815185687256,0.007508565444952913,0.023905338948126617,-0.5587144154988528,-0.25866256536011345,-0.020344495914281925,-0.02643838384232458,0.4425345932831007,-0.22820328595051206,0.06317842965164457,-0.37049473266225574,0.04064957413792267,-0.017922758394889517,0.6650050604673259,-0.39297238446166755,0.02988049283749368,-0.1222189883849448,-0.063523040549414,-0.0336422344168172,0.4987744247857248,0.042059240136085654,0.11700685898761158,0.061653491597105134,-0.36859500298376796,0.12106386351586808,-0.2360458473204493,0.1318092075002945,0.027058269674109313,0.8605826420172428,-0.34321613762261494,-0.4727222833871556,-2.2642487818276735,1.5483405681706939,0.31466118817351196
11.602,15.068907623567116,20.16153882396374,0.8143408901151433,0.8310519035357621,0.021282704343857203,0.013946227217345238,-0.5556125294409784,-0.2585190279307555,-0.04886942129027651,-0.018789723455650546,0.44525402290908345,-0.23013207672332908,0.0466051196364642,-0.30362990606625806,0.019697110908319247,-0.023638481084431735,0.5019147101233681,-0.2702782945635922,0.04747064942674756,-0.1205372747206477,-0.06359912805303157,-0.12451302331281111,0.7905999936233813,-0.053285672235267374,0.13776192619224967,-0.10632279378290481,-0.6729305295728594,0.2268250818850969,0.3430418575001837,-0.19629534857906522,-0.6526252624216977,0.9171074754478863,-0.35039659439166626,0.5204396539465177,-2.5173642633410487,4.883315748888248,-1.2036315631372747
11.652000000000001,15.062748148396796,20.15857441527906,0.8137097807271738,0.8311217522939869,0.028457362959772494,0.0076082932260000975,-0.5553097561103507,-0.26841524578469045,-0.05775427419814194,-0.0008321577666231255,0.47902081799335733,-0.24788696640212002,0.05509472837417126,-0.30267903171986105,0.016177003104177922,-0.015483450702287786,0.5015305701566267,-0.23989806449396697,-0.037990605088543565,-0.10639649582693764,-0.04529195978696593,0.04138481650195891,0.21481430868892287,-0.018475813887398326,0.0921188854355752,-0.7480175597164839,-0.04663230171183585,0.46014740120084296,2.1337162171215396,-1.4561807756587526,0.1458077893927546,-0.08102806864340423,-0.059877099591407794,-0.015690389473162775,0.28726901501102514,-0.3782321110094408,-0.8474951627409114
11.702,15.05878355396656,20.156650486651596,0.8159416288230594,0.832461187064888,0.032004376710473036,0.0042854304389998744,-0.5531416879858592,-0.31076037229472,-0.06306102288917224,0.008659854096127944,0.5939081987845254,-0.3340926744317927,0.042937599633375775,-0.2991274559374968,0.011223052984603367,-0.016854620470219704,0.501285394731095,-0.24619193246217402,-0.06489519062439382,-0.05653311808966758,-0.03824049833733171,0.039317653705109534,0.16651567147014304,-0.06803245353688113,0.100517737881352,-0.6795063742010038,-0.10449631210080133,0.0015347675410167247,1.793108774282058,-1.49346345657776,-0.4092795138518207,0.1809773977052703,-0.11734547131741112,-0.032003992865841914,-0.12658583662024994,-0.013479186057493061,-0.3306886516785043
11.752,15.05685078399432,20.154980294959024,0.8173018500743473,0.8338564699630077,0.033893957104717286,0.0010061202883303861,-0.5509388122964124,-0.3368388108316316,-0.06510247876439476,0.008512814155564138,0.6592531633658555,-0.3838760260801481,0.019965099276314673,-0.2909065679793547,0.0049075544259152715,-0.0200284650564066,0.496594394397402,-0.2466270259792874,-0.07472909477231267,-0.022788328558885733,-0.030056662198640668,0.01889935301104216,0.09612491193871178,-0.06586605650576717,0.11838699355569265,-0.33617155148586414,0.009876538794371219,0.00035695042835000973,0.8363179082941291,-0.5128194274997224,-0.4130000233825107,0.16629147506095754,-0.12339582706047876,-0.09268538616663062,-0.08404816933908099,-0.006523040661639679,-0.09687336810043627
11.802,15.056488767383245,20.15372824198698,0.8180465644538379,0.8355590586742394,0.03404864567879662,-0.0009203712670047892,-0.5483437809546023,-0.3449604361268114,-0.06312791441762976,0.009020630139915501,0.6838073279818391,-0.3961570031814419,0.0017649746161640814,-0.282171779821727,3.154528354046626e-05,-0.025980629400975324,0.49085938157784786,-0.2462655361279731,-0.0778715681525278,0.006360000754010998,-0.019239638336350534,0.01271361050012271,-0.0044248832528001065,-0.04417762502202644,0.1317404241603997,-0.03136904233843571,0.05712693430389087,0.02371669619381175,0.2657987736616359,-0.09360872687109734,-0.317231098374757,0.18027061872214015,-0.06690391354365946,-0.1397105031431059,-0.15663919207442115,0.02966085978032506,-0.045674088534859034
11.852,15.057437779107753,20.15311835096471,0.8187825237878613,0.8375422484578605,0.0321387618492936,-0.0006777483469584048,-0.5454260927862938,-0.34122742902528647,-0.05947752146731546,0.010235609220442072,0.6896971109761799,-0.39810713661033587,-0.019401426072394576,-0.271169737056918,-0.0007761509937160522,-0.03461936450259577,0.47695075828425054,-0.241316768573662,-0.08015787204798165,0.030756124166269085,-0.005669759535849311,0.01727833402108292,-0.13281696389188363,-0.020406325944701858,0.14500253280636424,0.18456422866426805,0.08328012749574812,0.023660558391576263,-0.05688633171008093,-0.007970097368970445,-0.47756674379548897,0.26555325001464397,0.031744791601528675,-0.1974696677699978,-0.39985922802396073,0.16634410595327984,-0.03209846282910694
11.902000000000001,15.059593836636731,20.153216729335085,0.8197037526057906,0.8396023859638168,0.02780958489812488,0.0016337145306183636,-0.5424866739824036,-0.32522659131889126,-0.05455113767451671,0.012045256913866632,0.6711501427111856,-0.3929580490941879,-0.03967021210278184,-0.25571892435253785,0.0036606496610615403,-0.04523263328649611,0.45106407909342117,-0.2297734001298061,-0.0804319009430045,0.05379040567170323,0.010282483823411244,0.016644947343657172,-0.2595198594686689,-0.002149772052626303,0.13731247911785624,0.4151866441187657,0.11099887211265191,0.04289191158748413,-0.636438620955183,0.2034224207201565,-0.30770086163451943,0.3275783969773703,0.14317509037771525,-0.22589965226568426,-0.5956876805247753,0.27646512429260317,0.018293521692651096
11.952,15.062939139916114,20.153991378117144,0.8204182573103553,0.8414802945361077,0.02072490927499648,0.005765619939742631,-0.5398593795329277,-0.29243979364008515,-0.04727185154020561,0.017302886177626906,0.601535632716392,-0.36038345859970283,-0.04715688109016363,-0.23626533635396885,0.014230395818416107,-0.05679146621773754,0.415856932409997,-0.21338045329718738,-0.07682325103286744,0.07901781430734013,0.020732927523590666,0.007670079205271511,-0.3986567031187918,-0.021442741030712364,0.10780397686865445,0.869578587291665,0.17340146579989768,0.15518532391282785,-2.109518002300669,1.065895713369506,-0.02421255984337819,0.4203262448246988,0.280163305009054,-0.2322060476047524,-0.7522574771861871,0.34869064525661836,0.11988443829942531
12.002,15.06727491014417,20.155364407372492,0.8193854936374929,0.8426973292587505,0.009433891782118438,0.012178594764286881,-0.5381671624835332,-0.24175043400110557,-0.03611827321745364,0.020588948875860543,0.46444377393882136,-0.27933008347069793,-0.050203159227699905,-0.22001776849384894,0.034989643546229854,-0.06872979293651166,0.3878801584815565,-0.20082400564564237,-0.06844243526507174,0.08624698395567827,0.03338887360848654,-0.06543832511831248,-0.6916933515858061,-0.02766884561443112,0.02716072311665943,1.0420510741186533,0.3311845981164908,-0.15838312000273375,-3.0295289327370334,1.9525177673678262,-0.1503069508957898,0.13857586672327712,0.6190190038849376,-0.25889923383924934,-0.2002968416162634,0.07310810105371339,0.197667177273921
12.052,15.071396350464962,20.15764461479101,0.8176388624284117,0.8440850741990138,-0.0001361951992106548,0.018602901174089744,-0.5358864628195232,-0.23512369837795483,-0.029527015068852788,0.004638461828410879,0.42870480377034975,-0.21942625144291533,0.028243925370837347,-0.22759054039563242,0.05611961549448411,-0.06527222369948951,0.4102815389370467,-0.22744414669707794,-0.043616581059914714,0.06305439773797229,0.05843780472936928,0.01358520146796583,-0.21258520995228727,0.11414590793629614,0.10666852994078108,-0.4440474873892613,0.016551817578769425,-0.1727706695118123,0.5656288225921905,-0.41674294756065083,0.8171714708330016,-0.8937143602735546,0.4769130578731992,1.083471108553165,2.286949011035669,-2.552066495684648,0.5032534208310963
12.102,15.07322841244163,20.159346261632948,0.8193428994888354,0.8447482101086098,-0.0037597406514148545,0.022528912643881203,-0.5346763263541956,-0.242725049039531,-0.024256163868072087,-0.0027298337109629414,0.43590380950604013,-0.2273077503669663,0.05165416642678894,-0.2860741637008351,0.07899997709981914,-0.01057118000978197,0.57432327335301,-0.35359503076392196,-0.0317952066802141,0.015213577211205491,0.010575330635888266,0.041824235021181336,-0.227501208637451,0.00902232651532664,0.057970777177768565,0.008956667980856241,0.18083732520082396,-0.1772520555956071,-0.05648183307308972,-0.0036731771969636907,0.2435906925171103,-1.071483946725814,0.2911693739552422,0.633735705888147,2.872509500023017,-1.9039932184304804,0.1966495552047721
12.152000000000001,15.073133356665346,20.159157135018432,0.8209689266550416,0.8454474914215528,-0.008020161536393896,0.02532790481796951,-0.5333973317288583,-0.24225331550434326,-0.0144694332726665,-0.01100657057343008,0.4344212542338116,-0.226719742118117,0.05927328122649834,-0.33295400654420587,0.087921241851523,0.015029177263294759,0.6793038063025677,-0.40791118573146806,-0.01599050643018862,-0.0159049691657223,-0.013932480867940036,0.02251071035161922,-0.17138430669686155,0.009437517376904863,0.06218979316362287,-0.017519534837027465,0.18521048971936,-0.15750164385794121,0.012171232031436198,0.010783222935029712,0.09458570556794998,-0.7927335312234881,0.026660777544150797,0.3050049360641353,1.3070359305512544,-0.4664065926725981,0.34842447972268853
12.202,15.071684798236948,20.15807876371867,0.8215747736555595,0.8462411939427975,-0.010020283320671432,0.02715062545617778,-0.5320134200692496,-0.24423930736549457,-0.007396198565245189,-0.01735182180244545,0.4363779012607193,-0.22668893074976795,0.062180835954581216,-0.36638300169735616,0.0830740295323539,0.021922724643187418,0.7168512779592808,-0.41875929708262877,0.0010158755817911544,-0.04055045488463599,-0.02735564750038952,0.003060922379677208,-0.038398137276456086,0.02618076638696952,0.0561922592873468,-0.05437107217439875,0.09094112776460252,-0.0873907570393484,0.04957856303620007,-0.00487488380777072,0.030714547459979247,-0.5683815843844507,-0.1853341608398738,0.014081783524086719,0.3859091360156102,-0.09962286662764941,0.3098896128541632
