time_s,x,y,z,qw,qx,qy,qz,vx,vy,vz,wx,wy,wz,contact
4.000000000000000083e-03,1.047535610198974609e+01,2.150821685791015625e+01,2.389423705069579906e+00,9.999999973250611740e-01,0.000000000000000000e+00,0.000000000000000000e+00,-7.314285707763958512e-05,0.000000000000000000e+00,0.000000000000000000e+00,2.475999999999999729e-02,0.000000000000000000e+00,0.000000000000000000e+00,-3.657142857142856723e-02,0.000000000000000000e+00
5.200000000000000455e-02,1.047535610198974609e+01,2.150821685791015625e+01,2.398337305069579983e+00,9.999778489137787219e-01,0.000000000000000000e+00,0.000000000000000000e+00,-6.655950854050788311e-03,0.000000000000000000e+00,0.000000000000000000e+00,3.218799999999996664e-01,0.000000000000000000e+00,0.000000000000000000e+00,-4.754285714285710340e-01,0.000000000000000000e+00
1.000000000000000056e-01,1.047535610198974609e+01,2.150821685791015625e+01,2.421512665069580184e+00,9.997174728964329793e-01,0.000000000000000000e+00,0.000000000000000000e+00,-2.376918983830568141e-02,0.000000000000000000e+00,0.000000000000000000e+00,6.189999999999995506e-01,0.000000000000000000e+00,0.000000000000000000e+00,-9.142857142857140351e-01,0.000000000000000000e+00
1.479999999999999927e-01,1.047535610198974609e+01,2.150821685791015625e+01,2.458949785069580063e+00,9.986783124283570290e-01,0.000000000000000000e+00,0.000000000000000000e+00,-5.139677310151793965e-02,0.000000000000000000e+00,0.000000000000000000e+00,9.161199999999996013e-01,0.000000000000000000e+00,0.000000000000000000e+00,-1.353142857142855870e+00,0.000000000000000000e+00
1.960000000000000075e-01,1.047535610198974609e+01,2.150821685791015625e+01,2.510648665069580066e+00,9.959886047544972421e-01,0.000000000000000000e+00,0.000000000000000000e+00,-8.948016092514585185e-02,0.000000000000000000e+00,0.000000000000000000e+00,1.213239999999998986e+00,0.000000000000000000e+00,0.000000000000000000e+00,-1.791999999999997595e+00,0.000000000000000000e+00
2.439999999999999947e-01,1.047535610198974609e+01,2.150821685791015625e+01,2.576609305069579747e+00,9.904499765776303422e-01,0.000000000000000000e+00,0.000000000000000000e+00,-1.378725639762011512e-01,0.000000000000000000e+00,0.000000000000000000e+00,1.510359999999999259e+00,0.000000000000000000e+00,0.000000000000000000e+00,-2.230857142857139319e+00,0.000000000000000000e+00
2.919999999999999818e-01,1.047535610198974609e+01,2.150821685791015625e+01,2.656831705069579552e+00,9.805486373830006874e-01,0.000000000000000000e+00,0.000000000000000000e+00,-1.962762586925404229e-01,0.000000000000000000e+00,0.000000000000000000e+00,1.807480000000000198e+00,0.000000000000000000e+00,0.000000000000000000e+00,-2.669714285714281043e+00,0.000000000000000000e+00
3.400000000000000244e-01,1.047535490224316135e+01,2.150822069378425283e+01,2.750845973379775877e+00,9.645121662550061314e-01,-1.257035917065509783e-03,-7.398003780536485923e-04,-2.640343797731273812e-01,-1.132230751812132616e-04,3.754153728022970992e-04,2.068346412470052353e+00,-1.163249059381449152e-01,-1.090939450348427375e-01,-3.087855263460985711e+00,0.000000000000000000e+00
3.880000000000000115e-01,1.047533056745786695e+01,2.150832709245584340e+01,2.853374451169669701e+00,9.407985575755893892e-01,-6.655223392334596276e-03,-3.393533449919634761e-03,-3.388838532536097015e-01,-9.123798506609807294e-04,4.580315043717481625e-03,2.166027571874176605e+00,-2.452051494295363343e-01,-1.984051305475714178e-01,-3.412758418509857172e+00,0.000000000000000000e+00
4.359999999999999987e-01,1.047527108400363538e+01,2.150876200992502163e+01,2.956104467930298796e+00,9.085551817093342475e-01,-1.510004204172188044e-02,-5.447481020713800144e-03,-4.174563395973134861e-01,-1.280591076359140776e-03,1.356892894461383253e-02,2.101799769127262074e+00,-4.325884232768019699e-01,-1.160873330409594728e-01,-3.622643367502119460e+00,0.000000000000000000e+00
4.839999999999999858e-01,1.047528603017365612e+01,2.150977624625875606e+01,3.054508837382501785e+00,8.682364880931835449e-01,-2.630736673850113394e-02,-1.954707900659293646e-03,-4.954487887924689526e-01,2.786714286583225064e-03,2.845072066025504387e-02,2.006485036725675908e+00,-5.874006683319991096e-01,3.831299363747950326e-02,-3.651427608367111333e+00,0.000000000000000000e+00
5.320000000000000284e-01,1.047572290873955403e+01,2.151164086925065178e+01,3.148364372101648101e+00,8.219366212353252932e-01,-3.759878398692824419e-02,4.795610871173620719e-03,-5.683163944769982212e-01,1.606195685192148698e-02,4.817739207835953358e-02,1.912175542730936595e+00,-6.072527124297826262e-01,1.187453494799480952e-01,-3.510755518583581480e+00,0.000000000000000000e+00
5.799999999999999600e-01,1.047714494832080412e+01,2.151457522727652716e+01,3.238727044353079343e+00,7.725371454660081572e-01,-4.737222287110356284e-02,1.239371076992375892e-02,-6.330786896656953600e-01,4.412194432231257568e-02,7.318651275296626790e-02,1.874780693232165119e+00,-5.511129340766484086e-01,1.511412645123301757e-01,-3.262111808206321406e+00,0.000000000000000000e+00
6.280000000000000027e-01,1.048045901314631578e+01,2.151886140149983007e+01,3.330088318472569142e+00,7.226747188312111492e-01,-5.529413497819693490e-02,1.929693436734153736e-02,-6.887027208623948127e-01,9.354121586211146255e-02,1.034114535725801781e-01,1.941995273204945471e+00,-4.681676413303343387e-01,1.430050708004285132e-01,-2.952844163551232803e+00,0.000000000000000000e+00
6.760000000000000453e-01,1.048671527559408467e+01,2.152464531547541426e+01,3.426900810419085008e+00,6.747979897263909344e-01,-6.164166914088041460e-02,2.472899851579803132e-02,-7.350077920125430708e-01,1.645922089637364139e-01,1.348701106758319335e-01,2.090627516571238242e+00,-3.799962312308601819e-01,1.109876529110988136e-01,-2.596056756968513568e+00,0.000000000000000000e+00
7.239999999999999769e-01,1.049687067089033832e+01,2.153190147284385603e+01,3.532321524526883305e+00,6.310181431056173240e-01,-6.683556663548217980e-02,2.849160547966999094e-02,-7.723582967258417753e-01,2.536682423911155726e-01,1.645363944758804764e-01,2.291183073359383648e+00,-2.988515660330426371e-01,6.776329267236015641e-02,-2.208642067549041244e+00,0.000000000000000000e+00
7.720000000000000195e-01,1.051164474155083184e+01,2.154050128676820819e+01,3.648026838214443401e+00,5.929205195905181691e-01,-7.127348806684496996e-02,3.075332354169842825e-02,-8.015108111800084423e-01,3.549716807936619256e-01,1.910201604821747667e-01,2.512298421170287899e+00,-2.307776996628736754e-01,2.267883430437030168e-02,-1.808712275014034754e+00,0.000000000000000000e+00
8.200000000000000622e-01,1.053145934899228031e+01,2.155028645750848071e+01,3.774220508617146752e+00,5.614900323626134115e-01,-7.525568067061978728e-02,3.187137797596140826e-02,-8.234377580304093058e-01,4.621741198107896520e-01,2.142605327860128139e-01,2.724340237771417872e+00,-1.776209566126052686e-01,-1.814986169901392291e-02,-1.413467709869195676e+00,0.000000000000000000e+00
8.679999999999999938e-01,1.055644375490077103e+01,2.156111503553307429e+01,3.909785796696587212e+00,5.371322936849349805e-01,-7.897259835459423394e-02,3.225331841348037798e-02,-8.391733737680217020e-01,5.694901114084989224e-01,2.348302900364692414e-01,2.901884732305535231e+00,-1.384947579153995023e-01,-5.164216392518820864e-02,-1.037714296567647576e+00,0.000000000000000000e+00
9.160000000000000364e-01,1.058647505209055062e+01,2.157287558055266175e+01,4.052526980574945981e+00,5.197577460006265193e-01,-8.252664348515088844e-02,3.226323436182854804e-02,-8.497060211013794939e-01,6.721531523288548637e-01,2.533504053574300308e-01,3.025072224861464321e+00,-1.109455114304808004e-01,-7.720909492578313660e-02,-6.930522674330722444e-01,0.000000000000000000e+00
9.639999999999999680e-01,1.062123063993120908e+01,2.158548076574241392e+01,4.199450017295831117e+00,5.088956598070198956e-01,-8.596497380550052747e-02,3.217102954456095565e-02,-8.559207063544159722e-01,7.665132004980579339e-01,2.702008987885525237e-01,3.080000963965250804e+00,-9.189492926131813400e-02,-9.592081127149051922e-02,-3.876379668731541606e-01,0.000000000000000000e+00
1.012000000000000011e+00,1.066024227119476819e+01,2.159885434715083363e+01,4.347053217736950081e+00,5.038127299182683094e-01,-8.924348705988745245e-02,3.212040469771981072e-02,-8.585898979092105865e-01,8.502631068488959443e-01,2.855341379118723766e-01,3.060016684075720583e+00,-6.388472762272273675e-02,-9.514687336672450479e-02,-1.272661362529137197e-01,0.000000000000000000e+00
1.060000000000000053e+00,1.070305704530023228e+01,2.161293981000156350e+01,4.492254865822673082e+00,5.036428780761045276e-01,-8.834646906793112986e-02,3.110293690625102678e-02,-8.588197483070902916e-01,9.258860946060086805e-01,2.999627472158675201e-01,2.988636169862506797e+00,1.954572044941146336e-01,1.434621880525108750e-01,7.360163170898918750e-02,0.000000000000000000e+00
1.108000000000000096e+00,1.074920275061605679e+01,2.162766964647600787e+01,4.632908762151458859e+00,5.074389370592948811e-01,-7.590358661439658428e-02,2.719131035107003394e-02,-8.579073395982786954e-01,9.894747092930059607e-01,3.123340837268336334e-01,2.878072478635888665e+00,5.804385907579024950e-01,5.173657230965571507e-01,2.173158072456498890e-01,0.000000000000000000e+00
1.155999999999999917e+00,1.079807054427713631e+01,2.164292054109489527e+01,4.768144130086625410e+00,5.136188457461862145e-01,-5.445781668180704055e-02,2.109432006726411415e-02,-8.560286544021218358e-01,1.039988559880997698e+00,3.217242777567639322e-01,2.766963729547164963e+00,7.502976376629643118e-01,6.866404837335158273e-01,2.978069384017907884e-01,0.000000000000000000e+00
1.203999999999999959e+00,1.084527439680950778e+01,2.165739677009857189e+01,4.876895615650838067e+00,5.208095108377516214e-01,-1.837978943479700450e-02,1.138517262858801220e-02,-8.533990945656628746e-01,6.685807898041955522e-01,2.035373418975467141e-01,3.275236214310013882e-01,2.615330275348501932e+00,2.515747738283951485e+00,3.484164059528387924e-01,1.000000000000000000e+00
1.252000000000000002e+00,1.086911724505863575e+01,2.166477912029592900e+01,4.863203159258064900e+00,5.267020487226136138e-01,5.731773403382108001e-02,-8.693120395884117516e-03,-8.480707864880228097e-01,4.517129105122212329e-01,1.407886295186181469e-01,-3.414694349340961499e-01,1.629357477110042307e+00,1.553401675814888083e+00,3.353268034029583400e-01,1.000000000000000000e+00
1.300000000000000044e+00,1.088917749121826084e+01,2.167087255794480782e+01,4.846981691012186566e+00,5.317870734763706642e-01,8.623353121400822996e-02,-1.635478227248163274e-02,-8.423175218850791346e-01,3.851846160220764315e-01,1.138851550342539626e-01,-3.368416023747663468e-01,3.903391977581335270e-01,3.992270456847963889e-01,2.936217062781480425e-01,0.000000000000000000e+00
1.348000000000000087e+00,1.090561143756383977e+01,2.167552722088116113e+01,4.830754073828556372e+00,5.371862266451062906e-01,8.690358090956937231e-02,-1.661652138604928497e-02,-8.388102388174064616e-01,3.060480317145855556e-01,8.255608609596155889e-02,-3.394752482944968230e-01,-2.504228394053602536e-01,-2.109285854550630446e-01,2.451912317964073107e-01,0.000000000000000000e+00
1.396000000000000130e+00,1.091835993644864722e+01,2.167870462536372855e+01,4.814405114217410464e+00,5.422781365205987525e-01,7.341363715066522022e-02,-1.336583838445261872e-02,-8.368788531778892370e-01,2.331948957444295589e-01,5.291999133580049808e-02,-3.409540834418027799e-01,-5.487705077540494525e-01,-5.009374429422092101e-01,1.967029114574408433e-01,0.000000000000000000e+00
1.443999999999999950e+00,1.092798324867632864e+01,2.168057927779849692e+01,4.798110056953315272e+00,5.465246014050455514e-01,5.387802373356515018e-02,-8.682631937378610179e-03,-8.356629886026195608e-01,1.755073740820132511e-01,2.823456996465087063e-02,-3.373624458034589213e-01,-6.534486608581497880e-01,-6.059996860072149882e-01,1.520397679402722135e-01,0.000000000000000000e+00
1.491999999999999993e+00,1.093531724011887718e+01,2.168143369414694632e+01,4.782130311499842357e+00,5.497334394282519243e-01,3.291287197305171192e-02,-3.689032653814441030e-03,-8.346833408370802898e-01,1.365243287393687055e-01,1.001188744212231155e-02,-3.284140595881783198e-01,-6.504942443216681358e-01,-6.072059175595648783e-01,1.130485704052426876e-01,0.000000000000000000e+00
1.540000000000000036e+00,1.094127908840359353e+01,2.168159099993582473e+01,4.766687828378745273e+00,5.519552075900303612e-01,1.306676006499301636e-02,1.009526190320754772e-03,-8.337707655300237164e-01,1.166189832723522335e-01,-1.393964104361035579e-03,-3.156150998792184859e-01,-5.899098284317658702e-01,-5.529360599676058641e-01,8.027175383854036339e-02,0.000000000000000000e+00
1.588000000000000078e+00,1.094675058481562857e+01,2.168137044666176294e+01,4.751916289312759112e+00,5.533555708343580459e-01,-4.343933993693311138e-03,5.097210138545454211e-03,-8.329182198228373135e-01,1.142714837333954070e-01,-6.376616169685331639e-03,-3.009334996947260477e-01,-5.011024641590225981e-01,-4.719348106339132376e-01,5.350661666582658127e-02,0.000000000000000000e+00
1.636000000000000121e+00,1.095251099364612557e+01,2.168106011689149781e+01,4.737859643552671862e+00,5.541303366941919828e-01,-1.873972963643399936e-02,8.428299083600501729e-03,-8.321762771570050399e-01,1.269342590323623010e-01,-5.759628369474102498e-03,-2.860859564542890254e-01,-4.016042608035168548e-01,-3.811894655758319983e-01,3.218696633236967780e-02,0.000000000000000000e+00
1.683999999999999941e+00,1.095920420543020235e+01,2.168090272161916943e+01,4.724492561866486362e+00,5.544608044742012076e-01,-2.998041898172239261e-02,1.096127335833540183e-02,-8.315974033544517585e-01,1.516304909858652294e-01,-5.614481794207757444e-04,-2.722671364825991480e-01,-3.019511122277631632e-01,-2.906332858736171421e-01,1.561839021598336770e-02,0.000000000000000000e+00
1.731999999999999984e+00,1.096732904177719092e+01,2.168109064334419855e+01,4.711746619979063411e+00,5.544955825688120399e-01,-3.818398485271609633e-02,1.271986413442298229e-02,-8.312128712122087704e-01,1.853459610840080263e-01,8.162890875005893165e-03,-2.601331605531815305e-01,-2.084234408618119150e-01,-2.059391904187911904e-01,3.105596461334157905e-03,0.000000000000000000e+00
1.780000000000000027e+00,1.097724409337699747e+01,2.168176687854282747e+01,4.699533781714563929e+00,5.543472303629943809e-01,-4.361490143196818103e-02,1.376820586257563109e-02,-8.310278726187728671e-01,2.252638472338366615e-01,1.941728180586118138e-02,-2.499029984970330687e-01,-1.246147250797487033e-01,-1.301768475261098623e-01,-5.991655370011430594e-03,0.000000000000000000e+00
1.828000000000000069e+00,1.098918077030217333e+01,2.168302931440652870e+01,4.687763864570832162e+00,5.540960588637725559e-01,-4.661413599275854303e-02,1.419391557652917996e-02,-8.310253983109604503e-01,2.688884686784231981e-01,3.231459721163407184e-02,-2.414949236679556355e-01,-5.236062579456534499e-02,-6.479983697058140646e-02,-1.224388054270150392e-02,0.000000000000000000e+00
1.876000000000000112e+00,1.100326027124799921e+01,2.168493658085431974e+01,4.676355557595404555e+00,5.537965681448205890e-01,-4.755456383073006915e-02,1.409609612239325939e-02,-8.311734022717508497e-01,3.140964565024435551e-01,4.609707795340128172e-02,-2.346546887228169453e-01,7.682787727147604231e-03,-1.024161961689504588e-02,-1.615656487584020418e-02,0.000000000000000000e+00
1.923999999999999932e+00,1.101951177343127775e+01,2.168751438363447548e+01,4.665241941324386410e+00,5.534840938289758983e-01,-4.681221160049587465e-02,1.357673038114279133e-02,-8.314322865486682979e-01,3.591440321195877305e-01,6.013911418615003335e-02,-2.290570432265776890e-01,5.565779030108827102e-02,3.371550402578642885e-02,-1.818046861242882464e-02,0.000000000000000000e+00
1.971999999999999975e+00,1.103789027352432228e+01,2.169076169950028188e+01,4.654371940275732200e+00,5.531805312863226076e-01,-4.474767007549394771e-02,1.273460227775303523e-02,-8.317612492376796895e-01,4.026497576377591758e-01,7.394056344791877233e-02,-2.243763111065583959e-01,9.223945521029680572e-02,6.770348185650404416e-02,-1.872042319847721029e-02,0.000000000000000000e+00
2.020000000000000018e+00,1.105829323862200120e+01,2.169465651947396978e+01,4.643709138538970826e+00,5.528987629414460203e-01,-4.169429334563835160e-02,1.166118372655674217e-02,-8.321229239927977472e-01,4.435647419114593371e-01,8.711559062315804569e-02,-2.203288274849563300e-01,1.184428928474444143e-01,9.260977426112461386e-02,-1.814013547709540999e-02,0.000000000000000000e+00
2.068000000000000060e+00,1.108057565954508661e+01,2.169916100456151042e+01,4.633229166212982086e+00,5.526458203669754043e-01,-3.795110645158555895e-02,1.043806985893291905e-02,-8.324862506057584266e-01,4.811371593096132604e-01,9.937981340891288706e-02,-2.166929681737453373e-01,1.354801007268172930e-01,1.094666755901741451e-01,-1.676321909634832102e-02,0.000000000000000000e+00
2.116000000000000103e+00,1.110456333851723798e+01,2.170422601342207614e+01,4.622916566065235600e+00,5.524249987227608516e-01,-3.377908701478095355e-02,9.135621632437029849e-03,-8.328277940150622394e-01,5.148747591667183210e-01,1.105371676630319128e-01,-2.133131486019383682e-01,1.446531607460156688e-01,1.193718661315547602e-01,-1.487188382878732937e-02,0.000000000000000000e+00
2.164000000000000146e+00,1.113006436955799394e+01,2.170979500757317382e+01,4.612761754382676216e+00,5.522371951380528055e-01,-2.939991264583644709e-02,7.812526337754125208e-03,-8.331318562356717639e-01,5.445072872142674436e-01,1.204671428099071823e-01,-2.100936379941699406e-01,1.472754210345548487e-01,1.234305782381504568e-01,-1.270494503968597200e-02,0.000000000000000000e+00
2.212000000000000188e+00,1.115687883730951491e+01,2.171580735997705958e+01,4.602758435708559581e+00,5.520817246801092981e-01,-2.499651696284378721e-02,6.516029403912454269e-03,-8.333897556214442393e-01,5.699498877388002871e-01,1.291126615073054373e-01,-2.069869754847297461e-01,1.446147703636780635e-01,1.227135945395300270e-01,-1.045651537705427278e-02,0.000000000000000000e+00
2.260000000000000231e+00,1.118480680067421140e+01,2.172220110136564486e+01,4.592901632923338084e+00,5.519568169329375218e-01,-2.071495327949427270e-02,5.282631066885938934e-03,-8.335986184974757407e-01,5.912681965892253588e-01,1.364687225831551498e-01,-2.039805576324882075e-01,1.378544653210744264e-01,1.182273425916206822e-01,-8.276231585841268071e-03,0.000000000000000000e+00
2.307999999999999829e+00,1.121365465757195601e+01,2.172891514287357850e+01,4.583186353574410177e+00,5.518599373013124421e-01,-1.666717031802117735e-02,4.139079955494339401e-03,-8.337599672882504143e-01,6.086456934875332792e-01,1.425718787318681346e-01,-2.010838016631167902e-01,1.280678309140394766e-01,1.108934845157590332e-01,-6.271351014283782152e-03,0.000000000000000000e+00
2.355999999999999872e+00,1.124324001220814928e+01,2.173589101671561608e+01,4.573606824735095167e+00,5.517880235843188874e-01,-1.293438178669781453e-02,3.103531673336066676e-03,-8.338783165953291832e-01,6.223537988875789129e-01,1.474906129966775392e-01,-1.983172892599982806e-01,1.162037979838975721e-01,1.015360729849666965e-01,-4.510629317449900075e-03,0.000000000000000000e+00
2.403999999999999915e+00,1.127339518715592348e+01,2.174307417967931499e+01,4.564156182501774239e+00,5.517376863446673552e-01,-9.570773104839952125e-03,2.186772813212426239e-03,-8.339599173784505437e-01,6.327251048060851257e-01,1.513166759077733126e-01,-1.957045127134815765e-01,1.030807719041944570e-01,9.087477467869142789e-02,-3.029603159538234690e-03,0.000000000000000000e+00
2.451999999999999957e+00,1.130396953810386407e+01,2.175041492694298029e+01,4.554826487773612875e+00,5.517053925895682998e-01,-6.607339787980360916e-03,1.393438579228004634e-03,-8.340117272421544437e-01,6.401300040165476268e-01,1.541574346113851190e-01,-1.932662870640705355e-01,8.938678117103279752e-02,7.952295199793500691e-02,-1.836750412985497854e-03,0.000000000000000000e+00
2.500000000000000000e+00,1.133483073811418151e+01,2.175786896568755324e+01,4.545608946834310160e+00,5.516876349960034842e-01,-4.055695879915660086e-03,7.231748680826088731e-04,-8.340406355457484766e-01,6.449568383633749180e-01,1.561292645178188054e-01,-1.910175388879866987e-01,7.568424130836892694e-02,6.798959492049050368e-02,-9.199652287764244728e-04,0.000000000000000000e+00
2.548000000000000043e+00,1.136586520027058711e+01,2.176539769873631869e+01,4.536494234508280599e+00,5.516810808007639455e-01,-1.911728773728644214e-03,1.717133586505691100e-04,-8.340529365059022870e-01,6.475955437717286767e-01,1.573519863762446458e-01,-1.889659987795047347e-01,6.241799329549345410e-02,5.668423802174080151e-02,-2.528366125755387322e-04,0.000000000000000000e+00
2.596000000000000085e+00,1.139697780315181497e+01,2.177296826782511729e+01,4.527472842253043694e+00,5.516826926673125131e-01,-1.590095833316741377e-04,-2.681586247652984725e-04,-8.340540206834611281e-01,6.484246436729211860e-01,1.579443221190152957e-01,-1.871122681186850600e-01,4.992554204186692990e-02,4.592410478210894736e-02,1.996750752430734787e-04,0.000000000000000000e+00
2.644000000000000128e+00,1.142809107377551037e+01,2.178055340410133667e+01,4.518535398466534403e+00,5.516898157349182652e-01,1.228103600362875870e-03,-6.057422308756414556e-04,-8.340482432403221180e-01,6.478013444029696588e-01,1.580203155305321405e-01,-1.854507598743906083e-01,3.844863703893918599e-02,3.594280895591378533e-02,4.764381418794513649e-04,0.000000000000000000e+00
2.692000000000000171e+00,1.145914396896357346e+01,2.178813113025898573e+01,4.509672930388008538e+00,5.517002285907537384e-01,2.281708348607038982e-03,-8.516873688942361818e-04,-8.340389236771551529e-01,6.460544191781238954e-01,1.576866415739648919e-01,-1.839710919080255469e-01,2.814551309525526249e-02,2.690002271383900093e-02,6.163677422970262982e-04,0.000000000000000000e+00
2.740000000000000213e+00,1.149009037995409344e+01,2.179568435462285336e+01,4.500877054644685238e+00,5.517121596426035612e-01,3.037965302196720882e-03,-1.017366917835405352e-03,-8.340284339480703579e-01,6.434795297985617113e-01,1.570407123623379642e-01,-1.826596111953319723e-01,1.910325269093784625e-02,1.889160035349341654e-02,6.556862613163514210e-04,0.000000000000000000e+00
2.788000000000000256e+00,1.152089746782706392e+01,2.180320039281027888e+01,4.492140096277826622e+00,5.517242734422820316e-01,3.535072998373870335e-03,-1.114359659721000581e-03,-8.340183376617267275e-01,6.403366225281142965e-01,1.561694784227803945e-01,-1.815008285049456438e-01,1.134985047221819671e-02,1.195972715031116268e-02,6.261575934503444373e-04,0.000000000000000000e+00
2.835999999999999854e+00,1.155154391995768925e+01,2.181067044762281171e+01,4.483455144268778447e+00,5.517356335163069447e-01,3.811599933334108067e-03,-1.154034783332093814e-03,-8.340095506755453858e-01,6.368490407597389158e-01,1.551488204398742687e-01,-1.804786328242540538e-01,4.865660596645077912e-03,6.102744746020053249e-03,5.541638661546814931e-04,0.000000000000000000e+00
2.883999999999999897e+00,1.158201820101688284e+01,2.181808907280776566e+01,4.474816055910810775e+00,5.517456491346863778e-01,3.905153912778941590e-03,-1.147229512244124549e-03,-8.340025013741300119e-01,6.332040164042006536e-01,1.540434280434202496e-01,-1.795772268142283024e-01,-4.060068121092534773e-04,1.284384845107629236e-03,4.604584252627907091e-04,0.000000000000000000e+00
2.931999999999999940e+00,1.161231685650631640e+01,2.182545364148422351e+01,4.466217423751840165e+00,5.517540133359845056e-01,3.851361718556790218e-03,-1.104010576588913438e-03,-8.339972763391929611e-01,6.295542296230213219e-01,1.529070672731614178e-01,-1.787817769624134023e-01,-4.549300246386147641e-03,-2.557781194422373457e-03,3.604186404028753596e-04,0.000000000000000000e+00
2.979999999999999982e+00,1.164244291274561327e+01,2.183276383549716826e+01,4.457654518185673709e+00,5.517606386803615148e-01,3.683127488499704678e-03,-1.033509760120298899e-03,-8.339937434013020567e-01,6.260201588734056743e-01,1.517831460074772210e-01,-1.780788060637295556e-01,-7.667349349555766663e-03,-5.504800824186777651e-03,2.646306326837494856e-04,0.000000000000000000e+00
3.028000000000000025e+00,1.167240440477335817e+01,2.184002116784589731e+01,4.449123216909272927e+00,5.517655959054337256e-01,3.430135618011957970e-03,-9.438235562899334897e-04,-8.339916489640996078e-01,6.226929775988473414e-01,1.507054959294969465e-01,-1.774563740919422872e-01,-9.874938572472489323e-03,-7.649771614383469101e-03,1.796592415904517002e-04,0.000000000000000000e+00
3.076000000000000068e+00,1.170221305282860946e+01,2.184722854668582315e+01,4.440619930042838170e+00,5.517690591744873752e-01,3.118563099531563090e-03,-8.419670293307779298e-04,-8.339906899920508376e-01,6.196377884831160143e-01,1.496992997450783403e-01,-1.769041000552863119e-01,-1.129233034523654221e-02,-9.092261312249204711e-03,1.088847144075673611e-04,0.000000000000000000e+00
3.124000000000000110e+00,1.173188309892322501e+01,2.185438988625146450e+01,4.432141527203866893e+00,5.517712601437048114e-01,2.770966688225090773e-03,-7.338722757286684096e-04,-8.339905632886522868e-01,6.168970197941940903e-01,1.487821027601120838e-01,-1.764130757081575906e-01,-1.204019996175607551e-02,-9.933693977648145115e-03,5.331796298295936971e-05,0.000000000000000000e+00
3.172000000000000153e+00,1.176143030742871964e+01,2.186150976739203244e+01,4.423685270545303361e+00,5.517724517827652386e-01,2.406311811129049297e-03,-6.244223908014803889e-04,-8.339909958829181402e-01,6.144938401926123284e-01,1.479648581215265990e-01,-1.759757152585594564e-01,-1.223561631673460506e-02,-1.027365061066446220e-02,1.233524031054884599e-05,0.000000000000000000e+00
3.220000000000000195e+00,1.179087112748602095e+01,2.186859314823208678e+01,4.415248755881398424e+00,5.517728818477095620e-01,2.040112444033739640e-03,-5.175125294853837347e-04,-8.339917607383606768e-01,6.124354779424702189e-01,1.472529647071916803e-01,-1.755855760788163633e-01,-1.198898214994739697e-02,-1.020701235397520820e-02,-1.570158166130397219e-05,0.000000000000000000e+00
3.268000000000000238e+00,1.182022201028247999e+01,2.187564512373662851e+01,4.406829862595635028e+00,5.517727751591097185e-01,1.684654020833772480e-03,-4.161304681183133338e-04,-8.339926818440782652e-01,6.107163573928651168e-01,1.466472655971947370e-01,-1.752371758096022691e-01,-1.140183383204472489e-02,-9.821861318196156362e-03,-3.295253618472737428e-05,0.000000000000000000e+00
3.316000000000000281e+00,1.184949887069586794e+01,2.188267073163461518e+01,4.398426712041092479e+00,5.517723233742934941e-01,1.349274604015583126e-03,-3.224499798173623795e-04,-8.339936322551791958e-01,6.093209896664263381e-01,1.461449831356569917e-01,-1.749258224030251219e-01,-1.056539313973887777e-02,-9.198047032793121511e-03,-4.173314977290873759e-05,0.000000000000000000e+00
3.363999999999999879e+00,1.187871668033795558e+01,2.188967480119250553e+01,4.390037633547721363e+00,5.517716807242087906e-01,1.040682857351593821e-03,-2.379312852741331287e-04,-8.339945279908468345e-01,6.082265755754102665e-01,1.457405737237744692e-01,-1.746474662818333357e-01,-9.559761009234502005e-03,-8.406324245533360745e-03,-4.426221836330113899e-05,0.000000000000000000e+00
3.411999999999999922e+00,1.190788917749714138e+01,2.189666184068413557e+01,4.381661136863657546e+00,5.517709641629442441e-01,7.632946807745414220e-04,-1.634237926947483804e-04,-8.339953199992122812e-01,6.074052968503613759e-01,1.454264916447387535e-01,-1.743985781722335038e-01,-8.453644991845019052e-03,-7.507969198127564456e-03,-4.250609160240215954e-05,0.000000000000000000e+00
3.459999999999999964e+00,1.193702867873548179e+01,2.190363595902876170e+01,4.373295889794782454e+00,5.517702564956277200e-01,5.195735814427203132e-04,-9.926726078194654393e-05,-8.339959857433681956e-01,6.068262868609912708e-01,1.451938564201860349e-01,-1.741760522705405878e-01,-7.304517152185371030e-03,-6.554785670680580122e-03,-3.809944334539251828e-05,0.000000000000000000e+00
3.508000000000000007e+00,1.196614597680178882e+01,2.191060081691964356e+01,4.364940699890579090e+00,5.517696112556637056e-01,3.103628803289764444e-04,-4.538838024117616469e-05,-8.339965214013483896e-01,6.064572842573823230e-01,1.450330224743408003e-01,-1.739771320171003277e-01,-6.159106592948348537e-03,-5.589418239453205171e-03,-3.232270787312273487e-05,0.000000000000000000e+00
3.556000000000000050e+00,1.199525030994623442e+01,2.191755960279901672e+01,4.356594499189958114e+00,5.517690583497674162e-01,1.352006306573285581e-04,-1.390553185979049577e-06,-8.339969352261826785e-01,6.062659825481560016e-01,1.449340532950780525e-01,-1.737993545712384347e-01,-5.054139892243986187e-03,-4.645897690719490679e-03,-2.611824679386608091e-05,0.000000000000000000e+00
3.604000000000000092e+00,1.202434938854216995e+01,2.192451502921142037e+01,4.348256331238930628e+00,5.517686097434679748e-01,-7.389385544813991891e-06,3.336465588083751665e-05,-8.339972422819851294e-01,6.062210957951926771e-01,1.448871049041220993e-01,-1.736405097823716659e-01,-4.017252832118138085e-03,-3.750351850558271676e-03,-2.013014673567218544e-05,0.000000000000000000e+00
3.652000000000000135e+00,1.205344946602760459e+01,2.193146934535080206e+01,4.339925339788277547e+00,5.517682646956202364e-01,-1.196350346807642577e-04,5.968532481306043603e-05,-8.339974605476347946e-01,6.062931656089944887e-01,1.448827253641108981e-01,-1.734986097320129206e-01,-3.068007319991999243e-03,-2.921823793829787970e-03,-1.475575398588388532e-05,0.000000000000000000e+00
3.700000000000000178e+00,1.208255544247584901e+01,2.193842436197581236e+01,4.331600758752929714e+00,5.517680142525057674e-01,-2.042841672978097179e-04,7.848665851688123622e-05,-8.339976082433746551e-01,6.064551377595881476e-01,1.449120783457202855e-01,-1.733718655253879137e-01,-2.218957904731248387e-03,-2.173148134264136014e-03,-1.020021028171198932e-05,0.000000000000000000e+00
3.748000000000000220e+00,1.211167099050995510e+01,2.194538148527453103e+01,4.323281903155351102e+00,5.517678448730072294e-01,-2.644049392085548260e-04,9.073816750650004188e-05,-8.339977021675838431e-01,6.066827382639833344e-01,1.449670995421303010e-01,-1.732586687455607011e-01,-1.476722412555525957e-03,-1.511844591481184379e-03,-6.528091962063662655e-06,0.000000000000000000e+00
3.796000000000000263e+00,1.214079869471976814e+01,2.195234175669154197e+01,4.314968160880169101e+00,5.517677411749893901e-01,-3.032178824052300962e-04,9.742023076393527617e-05,-8.339977568116500040e-01,6.069546790546720416e-01,1.450405950377985642e-01,-1.731575757123941239e-01,-8.430207127346207689e-04,-9.409960630448085646e-04,-3.708623717285852770e-06,0.000000000000000000e+00
3.843999999999999861e+00,1.216994019716852193e+01,2.195930589616771300e+01,4.306658985139346640e+00,5.517676878726550660e-01,-3.239585019186086217e-04,9.948948899387918409e-05,-8.339977840332636339e-01,6.072527225409749541e-01,1.451262906967419331e-01,-1.730672933307750572e-01,-3.156542865532275003e-04,-4.600858403381968115e-04,-1.652784826393374055e-06,0.000000000000000000e+00
3.891999999999999904e+00,1.219909634294427825e+01,2.196627434667049883e+01,4.298353887591623845e+00,5.517676710210712709e-01,-3.297684353460328009e-04,9.785234032347732316e-05,-8.339977930988073940e-01,6.075616327910404735e-01,1.452188413095029940e-01,-1.729866658265900026e-01,1.105929988849397563e-04,-6.577528699601144181e-05,-2.419643301905459523e-07,0.000000000000000000e+00
3.939999999999999947e+00,1.222826732098840274e+01,2.197324731829898425e+01,4.290052432083300893e+00,5.517676787042787856e-01,-3.236126928531512939e-04,9.334569749378009433e-05,-8.339977909435356551e-01,6.078690389062106902e-01,1.453138076978892357e-01,-1.729146620449497351e-01,4.431457752737768033e-04,2.473908165036780931e-04,6.512909275412953776e-07,0.000000000000000000e+00
3.987999999999999989e+00,1.225745279659574472e+01,2.198022483062370824e+01,4.281754228986137889e+00,5.517677013044696155e-01,-3.082201674674051235e-04,8.672410431952902671e-05,-8.339977825368838360e-01,6.081652336229945721e-01,1.454076092848353430e-01,-1.728503632331252482e-01,6.909268487613527774e-04,4.863589945047338756e-04,1.149375610247744004e-06,0.000000000000000000e+00
4.036000000000000476e+00,1.228665203301603270e+01,2.198720675226160282e+01,4.273458930107841169e+00,5.517677314781267439e-01,-2.860444388229037966e-04,7.865229064932363796e-05,-8.339977712751263095e-01,6.084429274245171104e-01,1.454974588476030672e-01,-1.727929513719113352e-01,8.637480486342255645e-04,6.590253472542521949e-04,1.361282454979552184e-06,0.000000000000000000e+00
4.084000000000000519e+00,1.231586400048582242e+01,2.199419283698696148e+01,4.265166224145690244e+00,5.517677639462164052e-01,-2.592418595338881904e-04,6.970226076313198484e-05,-8.339977593525323973e-01,6.086969756090362393e-01,1.455812853320546663e-01,-1.727416981793807316e-01,9.718008086509117346e-04,7.737773882981988397e-04,1.378498925343976302e-06,0.000000000000000000e+00
4.131999999999999673e+00,1.234508747178459309e+01,2.200118275593947459e+01,4.256875832647642355e+00,5.517677951837396400e-01,-2.296639851140406207e-04,6.035405231383572303e-05,-8.339977480844393831e-01,6.089240929577132144e-01,1.456576497519560531e-01,-1.726959549156560914e-01,1.025242075165748402e-03,8.391167307907076729e-04,1.273931148309087519e-06,0.000000000000000000e+00
4.179999999999999716e+00,1.237432110404090047e+01,2.200817612570951454e+01,4.248587506439680972e+00,5.517678230722040666e-01,-1.988615610981513051e-04,5.099936456185972199e-05,-8.339977381715756310e-01,6.091225679529188586e-01,1.457256583606938716e-01,-1.726551430886902605e-01,1.033868943243352202e-03,8.633578383074326209e-04,1.102820027243167029e-06,0.000000000000000000e+00
4.227999999999999758e+00,1.240356350702193033e+01,2.201517253226091952e+01,4.240301022474551651e+00,5.517678465589099801e-01,-1.680974926120331150e-04,4.194732962184684284e-05,-8.339977299054215365e-01,6.092919859856837927e-01,1.457848764869467129e-01,-1.726187461167491277e-01,1.006873909781060309e-03,8.543965828439096339e-04,9.048215987324708924e-07,0.000000000000000000e+00
4.275999999999999801e+00,1.243281329853245865e+01,2.202217155079501509e+01,4.232016181055533011e+00,5.517678653503615971e-01,-1.383664726866549912e-04,3.343178345742270867e-05,-8.339977233204773910e-01,6.094329687009347740e-01,1.458352456879824788e-01,-1.725863019560598399e-01,9.526717065870259635e-04,8.195413964099230271e-04,7.066298410389534314e-07,0.000000000000000000e+00
4.323999999999999844e+00,1.246206914783822128e+01,2.202917276176923522e+01,4.223732803389674828e+00,5.517678796540839148e-01,-1.104192195469549308e-04,2.561947999576793156e-05,-8.339977183021989315e-01,6.095469345896699087e-01,1.458770062060990857e-01,-1.725573966600991160e-01,8.787882426528450044e-04,7.653992848875308241e-04,5.247062347983675051e-07,0.000000000000000000e+00
4.371999999999999886e+00,1.249132980822674099e+01,2.203617576336327843e+01,4.215450729427351995e+00,5.517678899735469766e-01,-8.478955611075110802e-05,1.861877837539142446e-05,-8.339977146600650038e-01,6.096358841619511360e-01,1.459106261222589407e-01,-1.725316588045714139e-01,7.918021534551896150e-04,6.978088175604901843e-04,3.678363280648498593e-07,0.000000000000000000e+00
4.419999999999999929e+00,1.252059413993845105e+01,2.204318018073914942e+01,4.207169815948810232e+00,5.517678969544105305e-01,-6.182284582455729069e-05,1.248841713730321107e-05,-8.339977121746081634e-01,6.097022115257225705e-01,1.459367380892142574e-01,-1.725087546907789759e-01,6.973297418782819015e-04,6.218123411596880807e-04,2.393560599403409238e-07,0.000000000000000000e+00
4.467999999999999972e+00,1.254986112475499027e+01,2.205018567247211081e+01,4.198889934862862106e+00,5.517679012763698765e-01,-4.170456899631612733e-05,7.246067965559213385e-06,-8.339977106259305328e-01,6.097485429470151930e-01,1.459560840941557525e-01,-1.724883842293108149e-01,6.000446235050065124e-04,5.416600273009318208e-04,1.389807531145442353e-07,0.000000000000000000e+00
4.516000000000000014e+00,1.257912987353215151e+01,2.205719193454172355e+01,4.190610971687693365e+00,5.517679035829353706e-01,-2.448807642419266128e-05,2.876433841358878482e-06,-8.339977098096570396e-01,6.097776019630890554e-01,1.459694683453918174e-01,-1.724702774041220188e-01,5.037240901508612673e-04,4.608388874048426780e-04,6.423133733044566413e-08,0.000000000000000000e+00
4.564000000000000057e+00,1.260839962792339009e+01,2.206419870226896762e+01,4.182332824188399023e+00,5.517679044409676825e-01,-1.012078778400390682e-05,-6.612788018886663051e-07,-8.339977095447899114e-01,6.097920998424217753e-01,1.459777180941012331e-01,-1.724541912219611783e-01,4.113150200019284868e-04,3.821205274002741764e-04,1.149065288057236662e-08,0.000000000000000000e+00
4.612000000000000099e+00,1.263766975746606569e+01,2.207120575057053813e+01,4.174055401150249978e+00,5.517679043222080137e-01,1.531691966124262656e-06,-3.426627685137229812e-06,-8.339977096765862630e-01,6.097946496117402360e-01,1.459816519847778327e-01,-1.724399070614487106e-01,3.250130398697484262e-04,3.076221209139419076e-04,-2.325701659689479680e-08,0.000000000000000000e+00
4.660000000000000142e+00,1.266693975310648135e+01,2.207821289287750233e+01,4.165778621270455950e+00,5.517679036000203707e-01,1.066388544206854360e-05,-5.492007396731409812e-06,-8.339977100765675333e-01,6.097877014761504677e-01,1.459820553696982159e-01,-1.724272283479426626e-01,2.463495428615054589e-04,2.388758167142087600e-04,-4.394257288857066315e-08,0.000000000000000000e+00
4.708000000000000185e+00,1.269620921812840741e+01,2.208521997903551082e+01,4.157502412154448379e+00,5.517679025557994388e-01,1.751137939248610496e-05,-6.937552224977465633e-06,-8.339977106409799390e-01,6.097734972187370817e-01,1.459796619162298525e-01,-1.724159784928967765e-01,1.762820493808857640e-04,1.769025333587925374e-04,-5.412540127541533901e-08,0.000000000000000000e+00
4.756000000000000227e+00,1.272547785733075543e+01,2.209222689246965032e+01,4.149226709405286151e+00,5.517679013907524910e-01,2.233445255171094920e-05,-7.846861496156248226e-06,-8.339977112884926491e-01,6.097540410559717516e-01,1.459751407735726259e-01,-1.724059990486097038e-01,1.152842446206414406e-04,1.222868071811869766e-04,-5.684998532347284448e-08,0.000000000000000000e+00
4.804000000000000270e+00,1.275474546517836316e+01,2.209923354686118913e+01,4.140951455796917813e+00,5.517679002399478172e-01,2.540436016183687367e-05,-8.303514326473561589e-06,-8.339977119575739950e-01,6.097310844210338532e-01,1.459690885402453731e-01,-1.723971480402163303e-01,6.343281220931786684e-05,7.525003078342337661e-05,-5.460110780196666324e-08,0.000000000000000000e+00
4.852000000000000313e+00,1.278401191353033362e+01,2.210623988254688399e+01,4.132676600523529586e+00,5.517678991865275773e-01,2.699216108281778125e-05,-8.388321695826917015e-06,-8.339977126037846356e-01,6.097061222264824609e-01,1.459620252783018490e-01,-1.723892984460853872e-01,2.048889808677502972e-05,3.572003506554533318e-05,-4.932216806979617378e-08,0.000000000000000000e+00
4.900000000000000355e+00,1.281327713943630719e+01,2.211324586281617144e+01,4.124402098518465287e+00,5.517678982747803440e-01,2.735991449347974881e-05,-8.177250483477778770e-06,-8.339977131971033630e-01,6.096803983003369343e-01,1.459543938484035297e-01,-1.723823368053283012e-01,-1.402732713438658743e-05,3.395520142920375353e-06,-4.246991804764076208e-08,0.000000000000000000e+00
4.948000000000000398e+00,1.284254113338508496e+01,2.212025147024763427e+01,4.116127909837032028e+00,5.517678975213976544e-01,2.675403238883949960e-05,-7.739945795325753200e-06,-8.339977137193663737e-01,6.096549178774831601e-01,1.459465618856148894e-01,-1.723761619369211795e-01,-4.076998892046948894e-05,-2.219567531905970639e-05,-3.508654465242551497e-08,0.000000000000000000e+00
4.996000000000000441e+00,1.287180392829396602e+01,2.212725670319518301e+01,4.107853999098145081e+00,5.517678969246487819e-01,2.540054889878913685e-05,-7.138773784776679165e-06,-8.339977141618548639e-01,6.096304652456956408e-01,1.459388257939157885e-01,-1.723706837592121899e-01,-6.050922840284169693e-05,-4.164506214481986047e-05,-2.787629907564085974e-08,0.000000000000000000e+00
5.044000000000000483e+00,1.290106558944192194e+01,2.213426157250604831e+01,4.099580334980200469e+00,5.517678964715166945e-01,2.350205540786191570e-05,-6.428306475710062445e-06,-8.339977145230833555e-01,6.096076248791156837e-01,1.459314162034400786e-01,-1.723658222015711228e-01,-7.408145233787564977e-05,-5.561899549078294148e-05,-2.127866050366276978e-08,0.000000000000000000e+00
5.092000000000000526e+00,1.293032620547590028e+01,2.214126609852793592e+01,4.091306889766944010e+00,5.517678961429883788e-01,2.123604915927753773e-05,-5.655172133359188666e-06,-8.339977148068139501e-01,6.095868046306699428e-01,1.459245044045401063e-01,-1.723615062018973021e-01,-8.234793778949277873e-05,-6.482114471857799065e-05,-1.553361194218109169e-08,0.000000000000000000e+00
5.139999999999999680e+00,1.295958588055715843e+01,2.214827030844109856e+01,4.083033638939341792e+00,5.517678959177806375e-01,1.875445024637685418e-05,-4.858198852693812301e-06,-8.339977150203302658e-01,6.095682597897953414e-01,1.459182093438098904e-01,-1.723576727849160106e-01,-8.616137944977333692e-05,-6.996168586763105751e-05,-1.073704055131257779e-08,0.000000000000000000e+00
5.187999999999999723e+00,1.298884472766306963e+01,2.215527423393309547e+01,4.074760560809679966e+00,5.517678957748126667e-01,1.618405559281161049e-05,-4.068784667259032288e-06,-8.339977151729828231e-01,6.095521170360489460e-01,1.459126048366679307e-01,-1.723542662168817963e-01,-8.633979460215569497e-05,-7.173279855673833725e-05,-6.885886477099708859e-09,0.000000000000000000e+00
5.235999999999999766e+00,1.301810286301886777e+01,2.216227790921913510e+01,4.066487636194350941e+00,5.517678956947117408e-01,1.362771688100104240e-05,-3.311434119685147970e-06,-8.339977152750173151e-01,6.095383975276613686e-01,1.459077267170854064e-01,-1.723512372326234665e-01,-8.364708357505133295e-05,-7.078993211063005727e-05,-3.913654388872209067e-09,0.000000000000000000e+00
5.283999999999999808e+00,1.304736040160218025e+01,2.216928136939904093e+01,4.058214848121941998e+00,5.517678956606134610e-01,1.116605082048562985e-05,-2.604408447443306807e-06,-8.339977153366753271e-01,6.095270385533516633e-01,1.459035797061404849e-01,-1.723485423310056885e-01,-7.877947415292915832e-05,-6.773823089612248771e-05,-1.717379872651002358e-09,0.000000000000000000e+00
5.331999999999999851e+00,1.307661745364031169e+01,2.217628464913284247e+01,4.049942181573452871e+00,5.517678956584661787e-01,8.859513303288260689e-06,-1.960443965092642992e-06,-8.339977153675499633e-01,6.095179133436267049e-01,1.459001438363371483e-01,-1.723461431348919104e-01,-7.235704898273559080e-05,-6.312346975304174808e-05,-1.773658317572833931e-10,0.000000000000000000e+00
5.379999999999999893e+00,1.310587412200467483e+01,2.218328778161066239e+01,4.041669623251639365e+00,5.517678956770128984e-01,6.750692751078427708e-06,-1.387500577264889151e-06,-8.339977153761656270e-01,6.095108487833831301e-01,1.458973803174896389e-01,-1.723440058116803564e-01,-6.491955803587658809e-05,-5.742684074637621376e-05,8.289809360653308674e-10,0.000000000000000000e+00
5.427999999999999936e+00,1.313513050039763819e+01,2.219029079778794156e+01,4.033397161376689688e+00,5.517678957075706769e-01,4.866701415433511542e-06,-8.895094086264545023e-07,-8.339977153697503143e-01,6.095056408908560153e-01,1.458952367722095855e-01,-1.723421005504743309e-01,-5.692574670500500576e-05,-5.106294632453102549e-05,1.417994722223306304e-09,0.000000000000000000e+00
5.475999999999999979e+00,1.316438667222341330e+01,2.219729372585470983e+01,4.025124785505608038e+00,5.517678957437126552e-01,3.221565845186003224e-06,-4.670951197641506373e-07,-8.339977153541600075e-01,6.095020680295314408e-01,1.458936518046704545e-01,-1.723404010919529494e-01,-4.875547778414121314e-05,-4.438038592447476248e-05,1.694191637561950476e-09,0.000000000000000000e+00
5.524000000000000021e+00,1.319364271003506772e+01,2.220429659090665808e+01,4.016852486372874509e+00,5.517678957809035722e-01,1.818538662843972929e-06,-1.182544736965320173e-07,-8.339977153339166449e-01,6.094999019008185970e-01,1.458925588956066222e-01,-1.723388843070546295e-01,-4.071398680669010141e-05,-3.766436823303229994e-05,1.747389034842869850e-09,0.000000000000000000e+00
5.572000000000000064e+00,1.322289867545381625e+01,2.221129941478592329e+01,4.008580255750154642e+00,5.517678958161380542e-01,6.522728344624073697e-07,1.610219466067788944e-07,-8.339977153123264708e-01,6.094989164277109239e-01,1.458918896398234410e-01,-1.723375298206767658e-01,-3.303768010724942368e-05,-3.114083544048179900e-05,1.651756338636376344e-09,0.000000000000000000e+00
5.620000000000000107e+00,1.325215461946325846e+01,2.221830221606091627e+01,4.000308086322972301e+00,5.517678958476026629e-01,-2.891834488808071287e-07,3.761933299394024606e-07,-8.339977152916450143e-01,6.094988946852938350e-01,1.458915763603551297e-01,-1.723363196766933836e-01,-2.590095942337951792e-05,-2.498164523202541903e-05,1.466199387879268902e-09,0.000000000000000000e+00
5.668000000000000149e+00,1.328141058298955635e+01,2.222530501011646109e+01,3.992035971582466036e+00,5.517678958743824635e-01,-1.022598441515166412e-06,5.336820604531888913e-07,-8.339977152732649390e-01,6.094996340648292099e-01,1.458915541463864651e-01,-1.723352380407417173e-01,-1.942363244836042333e-05,-1.931041791171658826e-05,1.235598018133728567e-09,0.000000000000000000e+00
5.716000000000000192e+00,1.331066659768806559e+01,2.223230780932795625e+01,3.983763905730514310e+00,5.517678958962067837e-01,-1.567989738047433318e-06,6.404582413421552309e-07,-8.339977152579038933e-01,6.095009498763931388e-01,1.458917623707610134e-01,-1.723342709373771042e-01,-1.367854277447930792e-05,-1.420871745213394069e-05,9.925325852732402154e-10,0.000000000000000000e+00
5.764000000000000234e+00,1.333992268686697180e+01,2.223931062329623032e+01,3.975491883596645959e+00,5.517678959132428229e-01,-1.947282738133831454e-06,7.036939781235116983e-07,-8.339977152457825893e-01,6.095026776027122617e-01,1.458921457479549766e-01,-1.723334060183727701e-01,-8.699123029558047184e-06,-9.722294463695044741e-06,7.592416835971997183e-10,0.000000000000000000e+00
5.812000000000000277e+00,1.336917886648872233e+01,2.224631345912255398e+01,3.967219900565337465e+00,5.517678959259357807e-01,-2.183190742905919308e-06,7.304840677086505771e-07,-8.339977152367772373e-01,6.095046740159502097e-01,1.458926549954107921e-01,-1.723326323591143905e-01,-4.486640194181217897e-06,-5.867174615095929287e-06,5.495995141000355120e-10,0.000000000000000000e+00
5.860000000000000320e+00,1.339843514620001308e+01,2.225331632170651019e+01,3.958947952512403834e+00,5.517678959348799594e-01,-2.298306342532205634e-06,7.276282617437957804e-07,-8.339977152305531050e-01,6.095068173615700857e-01,1.458932471606752546e-01,-1.723319402802267197e-01,-1.016961028693712406e-06,-2.635426882432669194e-06,3.709918394181484964e-10,0.000000000000000000e+00
5.908000000000000362e+00,1.342769153035057350e+01,2.226031921405218128e+01,3.950676035749371540e+00,5.517678959407278372e-01,-2.314389044447863046e-06,7.014692662712560329e-07,-8.339977152266621063e-01,6.095090068006947526e-01,1.458938856744077528e-01,-1.723313211917572030e-01,1.753282340077302455e-06,-4.914723464570349765e-10,2.260030089526855211e-10,0.000000000000000000e+00
5.956000000000000405e+00,1.345694801896985737e+01,2.226732213757102841e+01,3.942404146974785473e+00,5.517678959441265629e-01,-2.251830869927771959e-06,6.577800380591575057e-07,-8.339977152246207392e-01,6.095111612861355832e-01,1.458945401855037127e-01,-1.723307674574333925e-01,3.881201613880686440e-06,2.078012953476504025e-06,1.138650544749542909e-10,0.000000000000000000e+00
6.004000000000000448e+00,1.348620460867847726e+01,2.227432509237228686e+01,3.934132283231565275e+00,5.517678959456736587e-01,-2.129279703220225443e-06,6.016936752724634206e-07,-8.339977152239610447e-01,6.095132180287071710e-01,1.458951862297420410e-01,-1.723302722766892614e-01,5.432873294450993383e-06,3.650049156889516526e-06,3.165263347704100776e-11,0.000000000000000000e+00
6.052000000000000490e+00,1.351546129351846837e+01,2.228132807753421218e+01,3.925860441869615247e+00,5.517678959458938159e-01,-1.963399305232281037e-06,5.376692135691911854e-07,-8.339977152242656899e-01,6.095151306906955169e-01,1.458958047778858291e-01,-1.723298295823538773e-01,6.479277299429069493e-06,4.771506415203077050e-06,-2.476946843418489212e-11,0.000000000000000000e+00
6.100000000000000533e+00,1.354471806569234182e+01,2.228833109135134549e+01,3.917588620512969300e+00,5.517678959452281262e-01,-1.768744904678957413e-06,4.694868694572068139e-07,-8.339977152251828452e-01,6.095168674233107931e-01,1.458963817033586130e-01,-1.723294339520621277e-01,7.092934354063689458e-06,5.501126034780901631e-06,-6.003588599820204244e-11,0.000000000000000000e+00
6.147999999999999687e+00,1.357397491620606900e+01,2.229533413155494515e+01,3.909316817030880742e+00,5.517678959440299735e-01,-1.557733968788525742e-06,4.002666673182941795e-07,-8.339977152264329563e-01,6.095184088453334814e-01,1.458969072037372139e-01,-1.723290805316465002e-01,7.345204408624036592e-06,5.897984604058646611e-06,-7.877114616686631028e-11,0.000000000000000000e+00
6.195999999999999730e+00,1.360323183541526149e+01,2.230233719550505711e+01,3.901045029512306250e+00,5.517678959425692531e-01,-1.340692964959131857e-06,3.325048972747784100e-07,-8.339977152278066352e-01,6.095197460415124890e-01,1.458973752045571171e-01,-1.723287649689226042e-01,7.304194676498309531e-06,6.019498928217414781e-06,-8.524938871244541273e-11,0.000000000000000000e+00
6.243999999999999773e+00,1.363248881347718822e+01,2.230934028035401795e+01,3.892773256243333702e+00,5.517678959410431405e-01,-1.125962504674916524e-06,2.681234367195595360e-07,-8.339977152291561113e-01,6.095208786420067693e-01,1.458977827684733164e-01,-1.723284833564486251e-01,7.033216810570627090e-06,5.919907227164958735e-06,-8.319683931215981546e-11,0.000000000000000000e+00
6.291999999999999815e+00,1.366174584071373843e+01,2.231634338318216493e+01,3.884501495687147532e+00,5.517678959395866389e-01,-9.200450813969406364e-07,2.085275938252806702e-07,-8.339977152303904573e-01,6.095218130285393610e-01,1.458981295277721746e-01,-1.723282321820036045e-01,6.589727544387633357e-06,5.649175277364440213e-06,-7.569991718145102893e-11,0.000000000000000000e+00
6.339999999999999858e+00,1.369100290789229390e+01,2.232334650110722052e+01,3.876229746466202997e+00,5.517678959382823489e-01,-7.277815648366350669e-07,1.546687676576229554e-07,-8.339977152314547171e-01,6.095225606991270251e-01,1.458984171536678864e-01,-1.723280082856767093e-01,6.024685203573993466e-06,5.252273189963133776e-06,-6.519367765229517255e-11,0.000000000000000000e+00
6.387999999999999901e+00,1.372026000643270649e+01,2.233034963136938345e+01,3.867958007346300686e+00,5.517678959371743463e-01,-5.525446035884880165e-07,1.071088433663577864e-07,-8.339977152323289067e-01,6.095231368113196435e-01,1.458986488717859409e-01,-1.723278088225838611e-01,5.382255166961188752e-06,4.768767946841167627e-06,-5.350236782727618325e-11,0.000000000000000000e+00
6.435999999999999943e+00,1.374951712854921837e+01,2.233735277139444619e+01,3.859686277222329931e+00,5.517678959362777302e-01,-3.964390435170005264e-07,6.608383448883496080e-08,-8.339977152330155796e-01,6.095235589138260357e-01,1.458988290297503210e-01,-1.723276312303705649e-01,4.699800101887141367e-06,4.232678132536485278e-06,-4.191284800725349179e-11,0.000000000000000000e+00
6.483999999999999986e+00,1.377877426733645727e+01,2.234435591883764616e+01,3.851414555105461712e+00,5.517678959355857282e-01,-2.605013338154505311e-07,3.156483450095779601e-08,-8.339977152335290578e-01,6.095238458681576654e-01,1.458989627198537531e-01,-1.723274732007786803e-01,4.008095041896061664e-06,3.672540107156724283e-06,-3.125864667655651359e-11,0.000000000000000000e+00
6.532000000000000028e+00,1.380803141680850032e+01,2.235135907161080837e+01,3.843142840111610337e+00,5.517678959350794665e-01,-1.448916246824530003e-07,3.314837517166230819e-09,-8.339977152338932109e-01,6.095240169553545195e-01,1.458990554573765253e-01,-1.723273326546385098e-01,3.331712702217791998e-06,3.111638712877789794e-06,-2.201593531838119207e-11,0.000000000000000000e+00
6.580000000000000071e+00,1.383728857189967165e+01,2.235836222789550121e+01,3.834871131451029758e+00,5.517678959347321888e-01,-4.907383160354345562e-08,-1.905957192745466795e-08,-8.339977152341346844e-01,6.095240911578573284e-01,1.458991129131984310e-01,-1.723272077197668950e-01,2.689530399229629032e-06,2.568360176651055153e-06,-1.438740179921822152e-11,0.000000000000000000e+00
6.628000000000000114e+00,1.386654572843513122e+01,2.236536538614468839e+01,3.826599428418892224e+00,5.517678959345141410e-01,2.801966597203235993e-08,-3.606227996474049879e-08,-8.339977152342796796e-01,6.095240866029587590e-01,1.458991406978767114e-01,-1.723270967113267327e-01,2.095316252942807129e-06,2.056629855376882139e-06,-8.382833528046109722e-12,0.000000000000000000e+00
6.676000000000000156e+00,1.389580288307858957e+01,2.237236854507527539e+01,3.818327730386762653e+00,5.517678959343966794e-01,8.784081691975738934e-08,-4.826775510237023527e-08,-8.339977152343527322e-01,6.095240201518581369e-01,1.458991441932955824e-01,-1.723269981142684093e-01,1.558358705284412276e-06,1.586402608647058529e-06,-3.883874386308249830e-12,0.000000000000000000e+00
6.724000000000000199e+00,1.392506003326372443e+01,2.237937170365368900e+01,3.810056036794864820e+00,5.517678959343531586e-01,1.320972862900476658e-07,-5.628724778964073009e-08,-8.339977152343749367e-01,6.095239071169578082e-01,1.458991284272758981e-01,-1.723269105675479251e-01,1.084109583377787766e-06,1.164178689208473121e-06,-6.995771159993612100e-13,0.000000000000000000e+00
6.772000000000000242e+00,1.395431717711493569e+01,2.238637486107652563e+01,3.801784347145062970e+00,5.517678959343622624e-01,1.626427024230545100e-07,-6.074090677418060057e-08,-8.339977152343635014e-01,6.095237610895225533e-01,1.458990979861196358e-01,-1.723268328498721857e-01,6.748167805723392852e-07,7.935229518722919317e-07,1.393485908487691994e-12,0.000000000000000000e+00
6.820000000000000284e+00,1.398357431336234846e+01,2.239337801674775363e+01,3.793512660994500685e+00,5.517678959344033407e-01,1.813853556028528534e-07,-6.223548237113576018e-08,-8.339977152343315270e-01,6.095235938599965486e-01,1.458990569598966336e-01,-1.723267638667590473e-01,3.301280429532349407e-07,4.755697671692598589e-07,2.623096766065914784e-12,0.000000000000000000e+00
6.868000000000000327e+00,1.401283144125498126e+01,2.240038117025412845e+01,3.785240977949818841e+00,5.517678959344621825e-01,1.902144244005708950e-07,-6.134717256145156906e-08,-8.339977152342902267e-01,6.095234154139879124e-01,1.458990089153226477e-01,-1.723267026387438616e-01,4.765219997006649062e-08,2.095002234386284727e-07,3.204207322565875449e-12,0.000000000000000000e+00
6.916000000000000369e+00,1.404208856047537601e+01,2.240738432133986180e+01,3.776969297661923353e+00,5.517678959345285739e-01,1.909424292367158090e-07,-5.860909206592879800e-08,-8.339977152342462619e-01,6.095232339880489736e-01,1.458989568912719970e-01,-1.723266482905993768e-01,-1.765315323191086830e-07,-7.018057465788448953e-09,3.325220046217125213e-12,0.000000000000000000e+00
6.964000000000000412e+00,1.407134567105808998e+01,2.241438746988157504e+01,3.768697619821238742e+00,5.517678959345949652e-01,1.852623581209806668e-07,-5.450280208160355597e-08,-8.339977152342040734e-01,6.095230561707863925e-01,1.458989034122846751e-01,-1.723266000414550303e-01,-3.474218702773498517e-07,-1.774348988265842228e-07,3.141202958934843965e-12,0.000000000000000000e+00
7.012000000000000455e+00,1.410060277331399625e+01,2.242139061586427218e+01,3.760425944153420019e+00,5.517678959346554723e-01,1.747177596852397439e-07,-4.945332325614870563e-08,-8.339977152341665478e-01,6.095228870364118867e-01,1.458988505158276272e-01,-1.723265571957273701e-01,-4.707040006149561411e-07,-3.059689716673748296e-07,2.776341643171370806e-12,0.000000000000000000e+00
7.060000000000000497e+00,1.412985986776152636e+01,2.242839375935890089e+01,3.752154270415477111e+00,5.517678959347089851e-01,1.606840360779535634e-07,-4.382706165658872181e-08,-8.339977152341350175e-01,6.095227302995067653e-01,1.458987997895211941e-01,-1.723265191347868874e-01,-5.524184213004206784e-07,-3.973079327731134057e-07,2.324074054712051047e-12,0.000000000000000000e+00
7.108000000000000540e+00,1.415911695506571277e+01,2.243539690050186763e+01,3.743882598392283434e+00,5.517678959347530609e-01,1.443591767708186753e-07,-3.793210179205557325e-08,-8.339977152341097044e-01,6.095225884814614581e-01,1.458987524150205106e-01,-1.723264853093030569e-01,-5.986881704769302143e-07,-4.563567466894307081e-07,1.849450539619012433e-12,0.000000000000000000e+00
7.156000000000000583e+00,1.418837403598534763e+01,2.244240003947679440e+01,3.735610927893435296e+00,5.517678959347864787e-01,1.267622383176666277e-07,-3.202035803038449439e-08,-8.339977152340897204e-01,6.095224630806801436e-01,1.458987092157270349e-01,-1.723264552322190946e-01,-6.155010278054764444e-07,-4.880321899799907655e-07,1.398344720253318949e-12,0.000000000000000000e+00
7.203999999999999737e+00,1.421763111132825586e+01,2.244940317649858486e+01,3.727339258750431039e+00,5.517678959348111256e-01,1.087379809785863333e-07,-2.629112178536262821e-08,-8.339977152340759536e-01,6.095223547401963371e-01,1.458986707059787835e-01,-1.723264284723028672e-01,-6.085421910319696988e-07,-4.971004519546828071e-07,1.000151337224814316e-12,0.000000000000000000e+00
7.251999999999999780e+00,1.424688818191442508e+01,2.245640631179989555e+01,3.719067590814148172e+00,5.517678959348287782e-01,9.096620844264276432e-08,-2.089559349894384100e-08,-8.339977152340666278e-01,6.095222634077671620e-01,1.458986371398174609e-01,-1.723264046482517742e-01,-5.830722320900284215e-07,-4.880539975135925245e-07,6.670043351762050645e-13,0.000000000000000000e+00
7.299999999999999822e+00,1.427614524854657141e+01,2.246340944561983477e+01,3.710795923952588282e+00,5.517678959348405465e-01,7.397451096135560273e-08,-1.594204262334884213e-08,-8.339977152340609656e-01,6.095221884848106564e-01,1.458986085578462821e-01,-1.723263834233063341e-01,-5.438447533469433331e-07,-4.650233941558714208e-07,4.004247196512278398e-13,0.000000000000000000e+00
7.347999999999999865e+00,1.430540231198748202e+01,2.247041257819485693e+01,3.702524258048865757e+00,5.517678959348475409e-01,5.815327615138281357e-08,-1.150129345428902904e-08,-8.339977152340579680e-01,6.095221289616791216e-01,1.458985848310685451e-01,-1.723263645003457467e-01,-4.950580430197851896e-07,-4.317195700684831754e-07,1.966861063693730241e-13,0.000000000000000000e+00
7.395999999999999908e+00,1.433465937294346837e+01,2.247741570975174241e+01,3.694252592999429208e+00,5.517678959348499834e-01,4.377199805062328391e-08,-7.612287551619241234e-09,-8.339977152340571909e-01,6.095220835377374025e-01,1.458985657009297665e-01,-1.723263476174348718e-01,-4.403351244676528510e-07,-3.914019443305120262e-07,4.971557538594098720e-14,0.000000000000000000e+00
7.443999999999999950e+00,1.436391643205317337e+01,2.248441884050228268e+01,3.685980928712471183e+00,5.517678959348497614e-01,3.099607778584825997e-08,-4.287523496255333903e-09,-8.339977152340576350e-01,6.095220507255405540e-01,1.458985508150727473e-01,-1.723263325437940918e-01,-3.827268492730212097e-07,-3.468679874083462049e-07,-4.768984167954711178e-14,0.000000000000000000e+00
7.491999999999999993e+00,1.439317348988095979e+01,2.249142197063960680e+01,3.677709265106534620e+00,5.517678959348482071e-01,1.990346381489183040e-08,-1.518220818711719640e-09,-8.339977152340589672e-01,6.095220289390674839e-01,1.458985397585576271e-01,-1.723263190761634978e-01,-3.247330582591226769e-07,-3.004600208498193133e-07,-1.057124759957962745e-13,0.000000000000000000e+00
7.540000000000000036e+00,1.442243054691413207e+01,2.249842510033588638e+01,3.669437602109275609e+00,5.517678959348455425e-01,1.050062289483798411e-08,7.209036986670863340e-10,-8.339977152340602995e-01,6.095220165665039547e-01,1.458985320804980224e-01,-1.723263070355391391e-01,-2.683372987412440627e-07,-2.540853836749894927e-07,-1.347107083825592317e-13,0.000000000000000000e+00
7.588000000000000078e+00,1.445168760356326665e+01,2.250542822974123069e+01,3.661165939656376267e+00,5.517678959348428780e-01,2.737462479485948257e-09,2.467322883957446832e-09,-8.339977152340616318e-01,6.095220120284624565e-01,1.458985273162222152e-01,-1.723262962642490015e-01,-2.150510965572122221e-07,-2.092464794631802045e-07,-1.437598190497003816e-13,0.000000000000000000e+00
7.636000000000000121e+00,1.448094466016498671e+01,2.251243135898347347e+01,3.652894277690591718e+00,5.517678959348408796e-01,-3.479060313254335857e-09,3.766893570368622687e-09,-8.339977152340638522e-01,6.095220138228208961e-01,1.458985250051913485e-01,-1.723262866233465918e-01,-1.659643120423397193e-07,-1.670776355020469182e-07,-1.401682475650380355e-13,0.000000000000000000e+00
7.684000000000000163e+00,1.451020171698656647e+01,2.251943448816876980e+01,3.644622616160909434e+00,5.517678959348382151e-01,-8.272809130570503724e-09,4.670576813961826079e-09,-8.339977152340651845e-01,6.095220205575424544e-01,1.458985247049929268e-01,-1.723262779902948461e-01,-1.217986488379196780e-07,-1.283861334664313202e-07,-1.287194691318141833e-13,0.000000000000000000e+00
7.732000000000000206e+00,1.453945877423183042e+01,2.252643761738276140e+01,3.636350955021818265e+00,5.517678959348355505e-01,-1.178790078263886452e-08,5.231681127128050151e-09,-8.339977152340665167e-01,6.095220309729495467e-01,1.458985260017883756e-01,-1.723262702569230143e-01,-8.296189451433005026e-08,-9.369519144740858397e-08,-1.120629516966521876e-13,0.000000000000000000e+00
7.780000000000000249e+00,1.456871583204789111e+01,2.253344074669211494e+01,3.628079294232665841e+00,5.517678959348334411e-01,-1.417971373639916466e-08,5.503609264531167383e-09,-8.339977152340678490e-01,6.095220439549555724e-01,1.458985285176277735e-01,-1.723262633276159417e-01,-4.960096507315737606e-08,-6.328708853397100373e-08,-9.232318631881690936e-14,0.000000000000000000e+00
7.828000000000000291e+00,1.459797289053230962e+01,2.254044387614641565e+01,3.619807633757099463e+00,5.517678959348321088e-01,-1.560743248700559075e-08,5.538076602554256101e-09,-8.339977152340691813e-01,6.095220585407334912e-01,1.458985319150581939e-01,-1.723262571177297253e-01,-2.165226998156227745e-08,-3.724499688416812802e-08,-7.319562963741780366e-14,0.000000000000000000e+00
7.876000000000000334e+00,1.462722994974036261e+01,2.254744700578013550e+01,3.611535973562573609e+00,5.517678959348307766e-01,-1.622804590741474563e-08,5.383760456084661348e-09,-8.339977152340705135e-01,6.095220739182374281e-01,1.458985358994499826e-01,-1.723262515522064331e-01,1.111683773771345411e-09,-1.549243401098959743e-08,-5.529011129955249419e-14,0.000000000000000000e+00
7.924000000000000377e+00,1.465648700969216023e+01,2.255445013561474354e+01,3.603264313619923165e+00,5.517678959348294443e-01,-1.619168766788617687e-08,5.085333972848648687e-09,-8.339977152340708466e-01,6.095220894208932538e-01,1.458985402194483416e-01,-1.723262465643643215e-01,1.904017736349637471e-08,2.170444237902286997e-09,-3.864152402885210491e-14,0.000000000000000000e+00
7.972000000000000419e+00,1.468574407037940333e+01,2.256145326566074871e+01,3.594992653902989943e+00,5.517678959348290002e-01,-1.563818663839658656e-08,4.682835461895067446e-09,-8.339977152340708466e-01,6.095221045186541842e-01,1.458985446659328833e-01,-1.723262420948463436e-01,3.256708586792066759e-08,1.603422307395630757e-08,-2.498895289174733025e-14,0.000000000000000000e+00
8.019999999999999574e+00,1.471500113177165936e+01,2.256845639591966801e+01,3.586720994388295392e+00,5.517678959348290002e-01,-1.469468372925782030e-08,4.211323228918335211e-09,-8.339977152340708466e-01,6.095221188064829931e-01,1.458985490698340159e-01,-1.723262380907058244e-01,4.217878013064403845e-08,2.645156198767149524e-08,-1.597790701402185732e-14,0.000000000000000000e+00
8.067999999999999616e+00,1.474425819382201119e+01,2.257545952638589526e+01,3.578449335054752822e+00,5.517678959348290002e-01,-1.347416717463011000e-08,3.700767180591161253e-09,-8.339977152340708466e-01,6.095221319911812152e-01,1.458985532991190492e-01,-1.723262345046207844e-01,4.838709720218729019e-08,3.381258022706498729e-08,-1.028008384835632201e-14,0.000000000000000000e+00
8.115999999999999659e+00,1.477351525647206643e+01,2.258246265704834954e+01,3.570177675883415169e+00,5.517678959348290002e-01,-1.207477966431782208e-08,3.176130909511316989e-09,-8.339977152340708466e-01,6.095221438773475997e-01,1.458985572552209120e-01,-1.723262312942126784e-01,5.170719338905243648e-08,3.852423390538923539e-08,-6.634587245355006438e-15,0.000000000000000000e+00
8.163999999999999702e+00,1.480277231965627927e+01,2.258946578789202420e+01,3.561906016857255608e+00,5.517678959348290002e-01,-1.057975653509977933e-08,2.657601424559438688e-09,-8.339977152340708466e-01,6.095221543531060826e-01,1.458985608691426572e-01,-1.723262284214594486e-01,5.263997189904018215e-08,4.099351461862460392e-08,-4.393522768504512149e-15,0.000000000000000000e+00
8.211999999999999744e+00,1.483202938330560627e+01,2.259646891889926934e+01,3.553634357960969048e+00,5.517678959348290002e-01,-9.057863459064615161e-09,2.160927926614190504e-09,-8.339977152340708466e-01,6.095221633761206403e-01,1.458985640974319320e-01,-1.723262258521895962e-01,5.165869180852282954e-08,4.161420270843868621e-08,-2.991469691692172246e-15,0.000000000000000000e+00
8.259999999999999787e+00,1.486128644735047288e+01,2.260347205005092519e+01,3.545362699180799382e+00,5.517678959348290002e-01,-7.564213652947502815e-09,1.697835489553775734e-09,-8.339977152340708466e-01,6.095221709602952620e-01,1.458985669181835643e-01,-1.723262235556466959e-01,4.919931399600912175e-08,4.075685649219555872e-08,-2.092189041745795290e-15,0.000000000000000000e+00
8.307999999999999829e+00,1.489054351172317681e+01,2.261047518132725642e+01,3.537091040504389827e+00,5.517678959348290002e-01,-6.141357587270177621e-09,1.276484291351057259e-09,-8.339977152340708466e-01,6.095221771634433683e-01,1.458985693271925010e-01,-1.723262215041134193e-01,4.565410823371934050e-08,3.876167687067881419e-08,-1.514873068940713771e-15,0.000000000000000000e+00
8.355999999999999872e+00,1.491980057635966439e+01,2.261747831270871245e+01,3.528819381920639930e+00,5.517678959348290002e-01,-4.820551975853798948e-09,9.019496736293033803e-10,-8.339977152340708466e-01,6.095221820761316245e-01,1.458985713343500246e-01,-1.723262196725865725e-01,4.136804376371444624e-08,3.593386994872210200e-08,-1.137397240568160508e-15,0.000000000000000000e+00
8.403999999999999915e+00,1.494905764120087355e+01,2.262448144417649942e+01,3.520547723419584774e+00,5.517678959348290002e-01,-3.623128693518252505e-09,5.767028716356311147e-10,-8.339977152340708466e-01,6.095221858118099467e-01,1.458985729603476666e-01,-1.723262180384949604e-01,3.663748979294795414e-08,3.254113051488366947e-08,-8.971132573814303627e-16,0.000000000000000000e+00
8.451999999999999957e+00,1.497831470619358818e+01,2.263148457571304206e+01,3.512276064992285285e+00,5.517678959348290002e-01,-2.561897820358873365e-09,3.010764281387063386e-10,-8.339977152340708466e-01,6.095221884982787719e-01,1.458985742337301772e-01,-1.723262165814548885e-01,3.171078201787097428e-08,2.881287867429910202e-08,-7.448540997185520952e-16,0.000000000000000000e+00
8.500000000000000000e+00,1.500757177129094444e+01,2.263848770730227145e+01,3.504004406630730095e+00,5.517678959348290002e-01,-1.642531802555879182e-09,7.370220940056429601e-11,-8.339977152340708466e-01,6.095221902704917039e-01,1.458985751883189186e-01,-1.723262152830552785e-01,2.679024335246155152e-08,2.494090142436283788e-08,-6.457270439484491848e-16,0.000000000000000000e+00
8.548000000000000043e+00,1.503682883645259771e+01,2.264549083892984527e+01,3.495732748327741390e+00,5.517678959348290002e-01,-8.648895845342352875e-10,-1.080866376113541357e-10,-8.339977152340708466e-01,6.095221912646450191e-01,1.458985758610099048e-01,-1.723262141266695135e-01,2.203528045126262438e-08,2.108108609034537086e-08,-5.783206460247792058e-16,0.000000000000000000e+00
8.596000000000000085e+00,1.506608590164467820e+01,2.265249397058321890e+01,3.487461090076901638e+00,5.517678959348290002e-01,-2.242502055883381915e-10,-2.478954027235358253e-10,-8.339977152340708466e-01,6.095221916134748730e-01,1.458985762899386307e-01,-1.723262130972888495e-01,1.756623452904520337e-08,1.735595010178165011e-08,-5.378768072705772184e-16,0.000000000000000000e+00
8.644000000000000128e+00,1.509534296683951204e+01,2.265949710225167735e+01,3.479189431872471872e+00,5.517678959348290002e-01,2.875652056303019201e-10,-3.499523573093519015e-10,-8.339977152340708466e-01,6.095221914426608434e-01,1.458985765129933998e-01,-1.723262121813738112e-01,1.346869321168469164e-08,1.385772271623614594e-08,-5.148793303319133432e-16,0.000000000000000000e+00
8.692000000000000171e+00,1.512460003201520919e+01,2.266650023392629620e+01,3.470917773709325527e+00,5.517678959348290002e-01,6.811960197505248480e-10,-4.188390158879396957e-10,-8.339977152340708466e-01,6.095221908682206813e-01,1.458985765666504508e-01,-1.723262113667216044e-01,9.798031681398522496e-09,1.065175855542327898e-08,-4.998120178548577008e-16,0.000000000000000000e+00
8.740000000000000213e+00,1.515385709715516960e+01,2.267350336559984569e+01,3.462646115582894701e+00,5.517678959348290002e-01,9.688754625316889473e-10,-4.592654297972790404e-10,-8.339977152340708466e-01,6.095221899947702582e-01,1.458985764851014055e-01,-1.723262106423461004e-01,6.583981566457163939e-09,7.780102198272579210e-09,-4.863307382701237050e-16,0.000000000000000000e+00
8.788000000000000256e+00,1.518311416224748811e+01,2.268050649726666279e+01,3.454374457489106653e+00,5.517678959348290002e-01,1.163695326572337564e-09,-4.758884144410177798e-10,-8.339977152340708466e-01,6.095221889145220340e-01,1.458985762996384550e-01,-1.723262099983693119e-01,3.835073287674785007e-09,5.265056415525384457e-09,-4.776075573623546489e-16,0.000000000000000000e+00
8.836000000000000298e+00,1.521237122728434876e+01,2.268750962892250200e+01,3.446102799424336727e+00,5.517678959348290002e-01,1.278998211951690383e-09,-4.731696620691481163e-10,-8.339977152340708466e-01,6.095221877069018079e-01,1.458985760382629504e-01,-1.723262094259221944e-01,1.542834733150467615e-09,3.112635940337673970e-09,-4.672983435622639462e-16,0.000000000000000000e+00
8.884000000000000341e+00,1.524162829226143145e+01,2.269451276056436839e+01,3.437831141385360834e+00,5.517678959348290002e-01,1.327890140777305608e-09,-4.552700733177709501e-10,-8.339977152340708466e-01,6.095221864386622945e-01,1.458985757254827320e-01,-1.723262089170541633e-01,-3.143412576210415353e-10,1.315818856327757934e-09,-4.641262777776206530e-16,0.000000000000000000e+00
8.932000000000000384e+00,1.527088535717728668e+01,2.270151589219035415e+01,3.429559483369315931e+00,5.517678959348290002e-01,1.322863963512964491e-09,-4.259761297896174041e-10,-8.339977152340708466e-01,6.095221851643863875e-01,1.458985753822645004e-01,-1.723262084646494108e-01,-1.767717066212103349e-09,-1.424648263704223599e-10,-4.617472284391381832e-16,0.000000000000000000e+00
8.980000000000000426e+00,1.530014242203279551e+01,2.270851902379946097e+01,3.421287825373659164e+00,5.517678959348290002e-01,1.275522393973801153e-09,-3.886540310112712186e-10,-8.339977152340708466e-01,6.095221839272814135e-01,1.458985750261101444e-01,-1.723262080623504111e-01,-2.855148322364729844e-09,-1.286653514610600117e-09,-4.593681791006557133e-16,0.000000000000000000e+00
9.028000000000000469e+00,1.532939948683062781e+01,2.271552215539146147e+01,3.413016167396136336e+00,5.517678959348290002e-01,1.196388634761194674e-09,-3.462272488708414968e-10,-8.339977152340708466e-01,6.095221827601763342e-01,1.458985746712285758e-01,-1.723262077044866725e-01,-3.618455617513237270e-09,-2.146198227793769168e-09,-4.601611955468165366e-16,0.000000000000000000e+00
9.076000000000000512e+00,1.535865655157479637e+01,2.272252528696671448e+01,3.404744509434748601e+00,5.517678959348290002e-01,1.094792227931695374e-09,-3.011733123105509033e-10,-8.339977152340708466e-01,6.095221816866462916e-01,1.458985743287763426e-01,-1.723262073860094279e-01,-4.101219501937268032e-09,-2.753546399548775829e-09,-4.569891297621732435e-16,0.000000000000000000e+00
9.124000000000000554e+00,1.538791361627022347e+01,2.272952841852604067e+01,3.396472851487724043e+00,5.517678959348290002e-01,9.788179218726849761e-10,-2.555359499071452849e-10,-8.339977152340708466e-01,6.095221807222028776e-01,1.458985740071462589e-01,-1.723262071024312114e-01,-4.346982978173770346e-09,-3.142455360140070559e-09,-4.601611955468165366e-16,0.000000000000000000e+00
9.172000000000000597e+00,1.541717068092239806e+01,2.273653155007060178e+01,3.388201193553491919e+00,5.517678959348290002e-01,8.553059011134760452e-10,-2.109489386281186935e-10,-8.339977152340708466e-01,6.095221798754930642e-01,1.458985737122831805e-01,-1.723262068497699306e-01,-4.397837110190325918e-09,-3.346617924772141860e-09,-4.593681791006557133e-16,0.000000000000000000e+00
9.220000000000000639e+00,1.544642774553706488e+01,2.274353468160179759e+01,3.379929535630662674e+00,5.517678959348290002e-01,7.298925025223919662e-10,-1.686683989566429250e-10,-8.339977152340708466e-01,6.095221791494720431e-01,1.458985734480116037e-01,-1.723262066244974078e-01,-4.293351634363350319e-09,-3.398582746106990367e-09,-4.577821462083340668e-16,0.000000000000000000e+00
9.268000000000000682e+00,1.547568481011999353e+01,2.275053781312115220e+01,3.371657877718003515e+00,5.517678959348290002e-01,6.070815391370686117e-10,-1.296106985261209208e-10,-8.339977152340708466e-01,6.095221785425101180e-01,1.458985732163623206e-01,-1.723262064234921398e-01,-4.069814478910704186e-09,-3.328938822145852920e-09,-4.561961133160124202e-16,0.000000000000000000e+00
9.316000000000000725e+00,1.550494187467677598e+01,2.275754094463024657e+01,3.363386219814422873e+00,5.517678959348290002e-01,4.903373955196290305e-10,-9.439359855473129979e-11,-8.339977152340708466e-01,6.095221780494182173e-01,1.458985730178871121e-01,-1.723262062439961662e-01,-3.759737481498891418e-09,-3.165740356293520122e-09,-4.546100804236907736e-16,0.000000000000000000e+00
9.364000000000000767e+00,1.553419893921268091e+01,2.276454407613066167e+01,3.355114561918952631e+00,5.517678959348290002e-01,3.821922809452674935e-10,-6.337857946505893697e-11,-8.339977152340708466e-01,6.095221776623711563e-01,1.458985728519546221e-01,-1.723262060835750176e-01,-3.391591934118597602e-09,-2.934131213318033911e-09,-4.546100804236907736e-16,0.000000000000000000e+00
9.412000000000000810e+00,1.556345600373255600e+01,2.277154720762392870e+01,3.346842904030735255e+00,5.517678959348290002e-01,2.843611520524492287e-10,-3.671269177827333035e-11,-8.339977152340708466e-01,6.095221773717214298e-01,1.458985727170214741e-01,-1.723262059400819113e-01,-2.989731256051019906e-09,-2.656145578806609916e-09,-4.538170639775299504e-16,0.000000000000000000e+00
9.460000000000000853e+00,1.559271306824075154e+01,2.277855033911147231e+01,3.338571246149008243e+00,5.517678959348290002e-01,1.978589268910596768e-10,-1.436867854598558030e-11,-8.339977152340708466e-01,6.095221771667008737e-01,1.458985726108749936e-01,-1.723262058116250828e-01,-2.574464379609796871e-09,-2.350652037231890883e-09,-4.601611955468165366e-16,0.000000000000000000e+00
9.508000000000000895e+00,1.562197013274108492e+01,2.278555347059461411e+01,3.330299588273093025e+00,5.517678959348290002e-01,1.231156847605745823e-10,3.817586730049772669e-12,-8.339977152340708466e-01,6.095221770360105262e-01,1.458985725308463433e-01,-1.723262056965376710e-01,-2.162246719603477658e-09,-2.033411314651454708e-09,-4.546100804236907736e-16,0.000000000000000000e+00
9.556000000000000938e+00,1.565122719723682110e+01,2.279255660207453715e+01,3.322027930402386531e+00,5.517678959348290002e-01,6.008654002642220597e-11,1.811302668141712433e-11,-8.339977152340708466e-01,6.095221769683024649e-01,1.458985724739928214e-01,-1.723262055933514336e-01,-1.765955786201377797e-09,-1.717223361054119544e-09,-4.554030968698515969e-16,0.000000000000000000e+00
9.604000000000000981e+00,1.568048426173070631e+01,2.279955973355226462e+01,3.313756272536352299e+00,5.517678959348290002e-01,8.353712472930502927e-12,2.885703348270794548e-11,-8.339977152340708466e-01,6.095221769525621669e-01,1.458985724372506565e-01,-1.723262055007726556e-01,-1.395225628517525792e-09,-1.412140479873978738e-09,-4.554030968698515969e-16,0.000000000000000000e+00
9.652000000000001023e+00,1.570974132622495745e+01,2.280656286502867758e+01,3.305484614674512045e+00,5.517678959348290002e-01,-3.278086283788721398e-11,3.643509323457692855e-11,-8.339977152340708466e-01,6.095221769783978338e-01,1.458985724175586307e-01,-1.723262054176609714e-01,-1.056816383446634221e-09,-1.125723378726571451e-09,-4.522310310852083038e-16,0.000000000000000000e+00
9.700000000000001066e+00,1.573899839072131357e+01,2.281356599650451855e+01,3.297212956816438112e+00,5.517678959348290002e-01,-6.421340499570703426e-11,4.125644996689637483e-11,-8.339977152340708466e-01,6.095221770362492242e-01,1.458985724119563621e-01,-1.723262053430100471e-01,-7.550017768063847440e-10,-8.633227108656972936e-10,-4.514380146390474805e-16,0.000000000000000000e+00
9.747999999999999332e+00,1.576825545522109095e+01,2.282056912798040216e+01,3.288941298961745474e+00,5.517678959348290002e-01,-8.696708064216288154e-11,4.373568862525409048e-11,-8.339977152340708466e-01,6.095221771175249881e-01,1.458985724176577459e-01,-1.723262052759309548e-01,-4.919544817492786941e-10,-6.283739726232173794e-10,-4.514380146390474805e-16,0.000000000000000000e+00
9.795999999999999375e+00,1.579751251972520976e+01,2.282757225945679735e+01,3.280669641110094403e+00,5.517678959348290002e-01,-1.021317596472068049e-10,4.427800970105868061e-11,-8.339977152340708466e-01,6.095221772146779404e-01,1.458985724321034405e-01,-1.723262052156372681e-01,-2.681213297360367203e-10,-4.226925673823079947e-10,-4.466799159620825408e-16,0.000000000000000000e+00
9.843999999999999417e+00,1.582676958423425617e+01,2.283457539093405941e+01,3.272397983261175813e+00,5.517678959348290002e-01,-1.108143336763665910e-10,4.326782741310680841e-11,-8.339977152340708466e-01,6.095221773212327054e-01,1.458985724529950623e-01,-1.723262051614319890e-01,-8.256438215099506764e-11,-2.467586332944283882e-10,-4.474729324082433641e-16,0.000000000000000000e+00
9.891999999999999460e+00,1.585602664874854284e+01,2.284157852241244768e+01,3.264126325414714813e+00,5.517678959348290002e-01,-1.140989766387054056e-10,4.106045658230544687e-11,-8.339977152340708466e-01,6.095221774317700625e-01,1.458985724783135873e-01,-1.723262051126962513e-01,6.670927794842981722e-11,-9.998249760450944696e-11,-4.490589653005650107e-16,0.000000000000000000e+00
9.939999999999999503e+00,1.588528371326814081e+01,2.284858165389212559e+01,3.255854667570462269e+00,5.517678959348290002e-01,-1.130166130063823099e-10,3.797651268483578337e-11,-8.339977152340708466e-01,6.095221775418817600e-01,1.458985725063249028e-01,-1.723262050688794400e-01,1.824569449550458323e-10,1.904486813692146708e-11,-4.546100804236907736e-16,0.000000000000000000e+00
9.987999999999999545e+00,1.591454077779293463e+01,2.285558478537318905e+01,3.247583009728197023e+00,5.517678959348290002e-01,-1.085225563130599761e-10,3.429863333795839088e-11,-8.339977152340708466e-01,6.095221776481006826e-01,1.458985725355751439e-01,-1.723262050294902259e-01,2.679526887729330128e-10,1.123367756694104149e-10,-4.585751626544948901e-16,0.000000000000000000e+00
1.003599999999999959e+01,1.594379784232266850e+01,2.286258791685566294e+01,3.239311351887717016e+00,5.517678959348290002e-01,-1.014814038067984528e-10,3.027014504544485913e-11,-8.339977152340708466e-01,6.095221777478155856e-01,1.458985725648777876e-01,-1.723262049940895158e-01,3.267703617272807123e-10,1.823145325918229070e-10,-4.546100804236907736e-16,0.000000000000000000e+00
1.008399999999999963e+01,1.597305490685697293e+01,2.286959104833951884e+01,3.231039694048841504e+00,5.517678959348290002e-01,-9.265806649954490688e-11,2.609527645789015378e-11,-8.339977152340708466e-01,6.095221778391759493e-01,1.458985725932953337e-01,-1.723262049622838188e-01,3.626009113656855720e-10,2.316420746428259479e-10,-4.561961133160124202e-16,0.000000000000000000e+00
1.013199999999999967e+01,1.600231197139541806e+01,2.287659417982470345e+01,3.222768036211406617e+00,5.517678959348290002e-01,-8.271390777889503440e-11,2.194059432489402111e-11,-8.339977152340708466e-01,6.095221779209922808e-01,1.458985726201162403e-01,-1.723262049337198065e-01,3.791116818942405885e-10,2.630906739231074948e-10,-4.577821462083340668e-16,0.000000000000000000e+00
1.017999999999999972e+01,1.603156903593752958e+01,2.288359731131112085e+01,3.214496378375265362e+00,5.517678959348290002e-01,-7.220707444004325095e-11,1.793738896483400276e-11,-8.339977152340708466e-01,6.095221779926347505e-01,1.458985726448301101e-01,-1.723262049080793168e-01,3.798286750257737712e-10,2.794242972658532593e-10,-4.506449981928866572e-16,0.000000000000000000e+00
1.022799999999999976e+01,1.606082610048281367e+01,2.289060044279865380e+01,3.206224720540285844e+00,5.517678959348290002e-01,-6.159615017934472489e-11,1.418470946359337822e-11,-8.339977152340708466e-01,6.095221780539367140e-01,1.458985726671014338e-01,-1.723262048850756345e-01,3.680514069760896491e-10,2.833113435062893696e-10,-4.577821462083340668e-16,0.000000000000000000e+00
1.027599999999999980e+01,1.609008316503077651e+01,2.289760357428719217e+01,3.197953062706347716e+00,5.517678959348290002e-01,-5.124628645237423223e-11,1.075282059776640531e-11,-8.339977152340708466e-01,6.095221781051015641e-01,1.458985726867429444e-01,-1.723262048644496058e-01,3.467925789448109954e-10,2.772582299403491691e-10,-4.593681791006557133e-16,0.000000000000000000e+00
1.032399999999999984e+01,1.611934022958094204e+01,2.290460670577661162e+01,3.189681404873343062e+00,5.517678959348290002e-01,-4.143705333305424361e-11,7.686928581037108057e-12,-8.339977152340708466e-01,6.095221781466186872e-01,1.458985727036907765e-01,-1.723262048459670015e-01,3.187389972649122801e-10,2.635644171899453574e-10,-4.538170639775299504e-16,0.000000000000000000e+00
1.037199999999999989e+01,1.614859729413285550e+01,2.291160983726677003e+01,3.181409747041173741e+00,5.517678959348290002e-01,-3.237143506778925579e-11,5.010917380244802003e-12,-8.339977152340708466e-01,6.095221781791875237e-01,1.458985727179798741e-01,-1.723262048294154358e-01,2.862340318789301792e-10,2.442891802278434962e-10,-4.554030968698515969e-16,0.000000000000000000e+00
1.041999999999999993e+01,1.617785435868612609e+01,2.291861296875755016e+01,3.173138089209754042e+00,5.517678959348290002e-01,-2.418542339935020166e-11,2.730980046403006894e-12,-8.339977152340708466e-01,6.095221782036494007e-01,1.458985727297222312e-01,-1.723262048146025904e-01,2.512734419003913873e-10,2.212354990415744041e-10,-4.482659488544041874e-16,0.000000000000000000e+00
1.046799999999999997e+01,1.620711142324037723e+01,2.292561610024883123e+01,3.164866431379003586e+00,5.517678959348290002e-01,-1.695775818318210993e-11,8.390993496804479291e-13,-8.339977152340708466e-01,6.095221782209315764e-01,1.458985727390869624e-01,-1.723262048013540770e-01,2.155121479742627276e-10,1.959476827561612622e-10,-4.514380146390474805e-16,0.000000000000000000e+00
1.051600000000000001e+01,1.623636848779528563e+01,2.293261923174050310e+01,3.156594773548852650e+00,5.517678959348290002e-01,-1.071946821411798703e-11,-6.837400458711004078e-13,-8.339977152340708466e-01,6.095221782319985016e-01,1.458985727462827342e-01,-1.723262047895115778e-01,1.802837388954936040e-10,1.697145559742008259e-10,-4.522310310852083038e-16,0.000000000000000000e+00
1.056400000000000006e+01,1.626562555235058838e+01,2.293962236323246984e+01,3.148323115719235954e+00,5.517678959348290002e-01,-5.462941853791677185e-12,-1.864639802854510533e-12,-8.339977152340708466e-01,6.095221782378121844e-01,1.458985727515427488e-01,-1.723262047789316798e-01,1.466227315806600456e-10,1.435833920748219536e-10,-4.530240475313691271e-16,0.000000000000000000e+00
1.061200000000000010e+01,1.629488261690605810e+01,2.294662549472464264e+01,3.140051457890097097e+00,5.517678959348290002e-01,-1.150350120031724345e-12,-2.736225494389094330e-12,-8.339977152340708466e-01,6.095221782393017707e-01,1.458985727551121714e-01,-1.723262047694844312e-01,1.152954352680490278e-10,1.183753342114979242e-10,-4.522310310852083038e-16,0.000000000000000000e+00
1.066000000000000014e+01,1.632413968146150651e+01,2.295362862621695044e+01,3.131779800061385455e+00,5.517678959348290002e-01,2.278736914050440882e-12,-3.334438933589311671e-12,-8.339977152340708466e-01,6.095221782373404507e-01,1.458985727572377766e-01,-1.723262047610519543e-01,8.683026060623095846e-11,9.470792173721595514e-11,-4.585751626544948901e-16,0.000000000000000000e+00
1.070800000000000018e+01,1.635339674601678794e+01,2.296063175770932929e+01,3.123508142233053952e+00,5.517678959348290002e-01,4.900609393579277990e-12,-3.696665568905945665e-12,-8.339977152340708466e-01,6.095221782327290283e-01,1.458985727581597891e-01,-1.723262047535278896e-01,6.155105965148895687e-11,7.301877126159260367e-11,-4.593681791006557133e-16,0.000000000000000000e+00
1.075600000000000023e+01,1.638265381057179226e+01,2.296763488920172591e+01,3.115236484405062622e+00,5.517678959348290002e-01,6.801596522081527500e-12,-3.860208400591278287e-12,-8.339977152340708466e-01,6.095221782261840415e-01,1.458985727581054992e-01,-1.723262047468158142e-01,3.960938894891460062e-11,5.358846944964132617e-11,-4.569891297621732435e-16,0.000000000000000000e+00
1.080400000000000027e+01,1.641191087512645197e+01,2.297463802069409766e+01,3.106964826577373717e+00,5.517678959348290002e-01,8.073123293509646193e-12,-3.861099834516732412e-12,-8.339977152340708466e-01,6.095221782183339876e-01,1.458985727572849611e-01,-1.723262047408288811e-01,2.101662828451029432e-11,3.656440951011139463e-11,-4.546100804236907736e-16,0.000000000000000000e+00
1.085200000000000031e+01,1.644116793968071022e+01,2.298164115218641257e+01,3.098693168749955706e+00,5.517678959348290002e-01,8.807666388064037522e-12,-3.733205797115780745e-12,-8.339977152340708466e-01,6.095221782097161034e-01,1.458985727558877177e-01,-1.723262047354887638e-01,5.672779870448077107e-12,2.198473870612890745e-11,-4.498519817467258340e-16,0.000000000000000000e+00
1.090000000000000036e+01,1.647042500423454214e+01,2.298864428367864932e+01,3.090421510922778392e+00,5.517678959348290002e-01,9.095528851540745324e-12,-3.507560939937345216e-12,-8.339977152340708466e-01,6.095221782007786970e-01,1.458985727540814681e-01,-1.723262047307251021e-01,-6.607419209391272375e-12,9.801073518280716135e-12,-4.506449981928866572e-16,0.000000000000000000e+00
1.094800000000000040e+01,1.649968206878794774e+01,2.299564741517079369e+01,3.082149853095815573e+00,5.517678959348290002e-01,9.022373838615411706e-12,-3.211935253218560398e-12,-8.339977152340708466e-01,6.095221781918858106e-01,1.458985727520110132e-01,-1.723262047264746966e-01,-1.607012760402763786e-11,-1.019049190010007595e-13,-4.498519817467258340e-16,0.000000000000000000e+00
1.099600000000000044e+01,1.652893913334093057e+01,2.300265054666283504e+01,3.073878195269045044e+00,5.517678959348290002e-01,8.667425512226833892e-12,-2.870609108026009799e-12,-8.339977152340708466e-01,6.095221781833221053e-01,1.458985727497988383e-01,-1.723262047226807592e-01,-2.300121664007174945e-11,-7.888964804800864071e-12,-4.538170639775299504e-16,0.000000000000000000e+00
1.104400000000000048e+01,1.655819619789352259e+01,2.300965367815476625e+01,3.065606537442445934e+00,5.517678959348290002e-01,8.102256600239045814e-12,-2.504316986430478746e-12,-8.339977152340708466e-01,6.095221781753015211e-01,1.458985727475458072e-01,-1.723262047192927471e-01,-2.770865108232438190e-11,-1.375898038951997932e-11,-4.561961133160124202e-16,0.000000000000000000e+00
1.109200000000000053e+01,1.658745326244574159e+01,2.301665680964659089e+01,3.057334879615999590e+00,5.517678959348290002e-01,7.390081103694844321e-12,-2.130305276827007043e-12,-8.339977152340708466e-01,6.095221781679743822e-01,1.458985727453324943e-01,-1.723262047162654187e-01,-3.050837819913336097e-11,-1.792972191943856744e-11,-4.593681791006557133e-16,0.000000000000000000e+00
1.114000000000000057e+01,1.661671032699763018e+01,2.302365994113830894e+01,3.049063221789691358e+00,5.517678959348290002e-01,6.585475850765885997e-12,-1.762492663581654991e-12,-8.339977152340708466e-01,6.095221781614362788e-01,1.458985727432210722e-01,-1.723262047135583896e-01,-3.171154909538014337e-11,-2.062824110532271982e-11,-4.585751626544948901e-16,0.000000000000000000e+00
1.118800000000000061e+01,1.664596739154923100e+01,2.303066307262993107e+01,3.040791563963504807e+00,5.517678959348290002e-01,5.734430401643615209e-12,-1.411707212015564437e-12,-8.339977152340708466e-01,6.095221781557371710e-01,1.458985727412572264e-01,-1.723262047111358553e-01,-3.161622534648583001e-11,-2.208102344419596841e-11,-4.538170639775299504e-16,0.000000000000000000e+00
1.123600000000000065e+01,1.667522445610057957e+01,2.303766620412146438e+01,3.032519906137427945e+00,5.517678959348290002e-01,4.874682348882876557e-12,-1.085975745553616990e-12,-8.339977152340708466e-01,6.095221781508883829e-01,1.458985727394722098e-01,-1.723262047089660631e-01,-3.049956302831785403e-11,-2.250586138679903146e-11,-4.530240475313691271e-16,0.000000000000000000e+00
1.128400000000000070e+01,1.670448152065171143e+01,2.304466933561291597e+01,3.024248248311449672e+00,5.517678959348290002e-01,4.036242458164140547e-12,-7.908324342114171230e-13,-8.339977152340708466e-01,6.095221781468711519e-01,1.458985727378849240e-01,-1.723262047070207026e-01,-2.861412677674817870e-11,-2.210787973916165030e-11,-4.522310310852083038e-16,0.000000000000000000e+00
1.133200000000000074e+01,1.673373858520267277e+01,2.305167246710430362e+01,3.015976590485558884e+00,5.517678959348290002e-01,3.242048851906652974e-12,-5.296644800854937289e-13,-8.339977152340708466e-01,6.095221781436430675e-01,1.458985727365038620e-01,-1.723262047052747936e-01,-2.618389298476470186e-11,-2.107538342849050162e-11,-4.498519817467258340e-16,0.000000000000000000e+00
1.138000000000000078e+01,1.676299564975349909e+01,2.305867559859562022e+01,3.007704932659747143e+00,5.517678959348290002e-01,2.508723348883087415e-12,-3.040456484753601881e-13,-8.339977152340708466e-01,6.095221781411447326e-01,1.458985727353292183e-01,-1.723262047037062428e-01,-2.340365028203789751e-11,-1.957721517237057792e-11,-4.490589653005650107e-16,0.000000000000000000e+00
1.142800000000000082e+01,1.679225271430422595e+01,2.306567873008689062e+01,2.999433274834006902e+00,5.517678959348290002e-01,1.847366940280967368e-12,-1.140681877698420793e-13,-8.339977152340708466e-01,6.095221781393060922e-01,1.458985727343544980e-01,-1.723262047022955656e-01,-2.043794482304745754e-11,-1.776144541559613440e-11,-4.474729324082433641e-16,0.000000000000000000e+00
1.147600000000000087e+01,1.682150977885487464e+01,2.307268186157811840e+01,2.991161617008330609e+00,5.517678959348290002e-01,1.264379071392547796e-12,4.135590983860117090e-14,-8.339977152340708466e-01,6.095221781380493198e-01,1.458985727335682936e-01,-1.723262047010256093e-01,-1.742308979075686060e-11,-1.575452856067197638e-11,-4.490589653005650107e-16,0.000000000000000000e+00
1.152400000000000091e+01,1.685076684340548070e+01,2.307968499306932131e+01,2.982889959182711159e+00,5.517678959348290002e-01,7.622417550597622187e-13,1.642136447444387358e-13,-8.339977152340708466e-01,6.095221781372943681e-01,1.458985727329555893e-01,-1.723262046998811359e-01,-1.446810908618430028e-11,-1.366256862206153138e-11,-4.530240475313691271e-16,0.000000000000000000e+00
1.157200000000000095e+01,1.688002390795605834e+01,2.308668812456048158e+01,2.974618301357144112e+00,5.517678959348290002e-01,3.402737264583245723e-13,2.571576043779790692e-13,-8.339977152340708466e-01,6.095221781369613012e-01,1.458985727324991211e-01,-1.723262046988488505e-01,-1.165749068150374455e-11,-1.157145245294980213e-11,-4.538170639775299504e-16,0.000000000000000000e+00
1.162000000000000099e+01,1.690928097250663598e+01,2.309369125605164186e+01,2.966346643531624139e+00,5.517678959348290002e-01,-4.687442999912898467e-15,3.232482451969159061e-13,-8.339977152340708466e-01,6.095221781369736247e-01,1.458985727321802928e-01,-1.723262046979168738e-01,-9.052707625588696069e-12,-9.548726022154980919e-12,-4.538170639775299504e-16,0.000000000000000000e+00
1.166800000000000104e+01,1.693853803705721361e+01,2.310069438754278082e+01,2.958074985706146354e+00,5.517678959348290002e-01,-2.776257856025570714e-13,3.658374303184906931e-13,-8.339977152340708466e-01,6.095221781372592851e-01,1.458985727319800363e-01,-1.723262046970748529e-01,-6.696880980715592853e-12,-7.644205036791999798e-12,-4.554030968698515969e-16,0.000000000000000000e+00
1.171600000000000108e+01,1.696779510160781612e+01,2.310769751903389846e+01,2.949803327880706760e+00,5.517678959348290002e-01,-4.848448021017565069e-13,3.883007709956924814e-13,-8.339977152340708466e-01,6.095221781377520021e-01,1.458985727318796999e-01,-1.723262046963134342e-01,-4.612270718528166867e-12,-5.898590272943620080e-12,-4.569891297621732435e-16,0.000000000000000000e+00
1.176400000000000112e+01,1.699705216615843995e+01,2.311470065052501610e+01,2.941531670055302250e+00,5.517678959348290002e-01,-6.334745172139846816e-13,3.939302617235595456e-13,-8.339977152340708466e-01,6.095221781383934889e-01,1.458985727318613812e-01,-1.723262046956246241e-01,-2.810445362943015150e-12,-4.333808635346185374e-12,-4.554030968698515969e-16,0.000000000000000000e+00
1.181199999999999939e+01,1.702630923070910285e+01,2.312170378201613374e+01,2.933260012229928826e+00,5.517678959348290002e-01,-7.310322978423112679e-13,3.859215382276523817e-13,-8.339977152340708466e-01,6.095221781391325644e-01,1.458985727319084824e-01,-1.723262046950011506e-01,-1.291527038492846509e-12,-2.961384238995306744e-12,-4.577821462083340668e-16,0.000000000000000000e+00
1.185999999999999943e+01,1.705556629525980483e+01,2.312870691350725139e+01,2.924988354404583824e+00,5.517678959348290002e-01,-7.851035230088612279e-13,3.672642969792995273e-13,-8.339977152340708466e-01,6.095221781399252636e-01,1.458985727320059322e-01,-1.723262046944366299e-01,-4.580129371218965080e-14,-1.784880899800027954e-12,-4.601611955468165366e-16,0.000000000000000000e+00
1.190799999999999947e+01,1.708482335981054234e+01,2.313571004499839390e+01,2.916716696579264578e+00,5.517678959348290002e-01,-8.030866629435742464e-13,3.406840319161369413e-13,-8.339977152340708466e-01,6.095221781407353934e-01,1.458985727321402692e-01,-1.723262046939253167e-01,9.426302651115872550e-13,-7.997467033593878822e-13,-4.633332613314598298e-16,0.000000000000000000e+00
1.195599999999999952e+01,1.711408042436131893e+01,2.314271317648955417e+01,2.908445038753968426e+00,5.517678959348290002e-01,-7.919509163220396128e-13,3.087024332246504427e-13,-8.339977152340708466e-01,6.095221781415331996e-01,1.458985727322996973e-01,-1.723262046934622704e-01,1.692308362489724007e-12,7.030164175220867515e-15,-4.625402448852990065e-16,0.000000000000000000e+00
1.200399999999999956e+01,1.714333748891213460e+01,2.314971630798071445e+01,2.900173380928693145e+00,5.517678959348290002e-01,-7.581405973261350164e-13,2.735140357873630031e-13,-8.339977152340708466e-01,6.095221781422963669e-01,1.458985727324741133e-01,-1.723262046930429114e-01,2.230422360295290888e-12,6.446645539081870688e-13,-4.561961133160124202e-16,0.000000000000000000e+00
1.205199999999999960e+01,1.717259455346298225e+01,2.315671943947187472e+01,2.891901723103437405e+00,5.517678959348290002e-01,-7.075002249919940519e-13,2.368950444902443511e-13,-8.339977152340708466e-01,6.095221781430077979e-01,1.458985727326549409e-01,-1.723262046926631041e-01,2.585427274649431186e-12,1.126412528753534874e-12,-4.514380146390474805e-16,0.000000000000000000e+00
1.209999999999999964e+01,1.720185161801385831e+01,2.316372257096303500e+01,2.883630065278198540e+00,5.517678959348290002e-01,-6.452051632074034752e-13,2.002620818382264016e-13,-8.339977152340708466e-01,6.095221781436558350e-01,1.458985727328353521e-01,-1.723262046923191293e-01,2.784734512030139369e-12,1.468516651561530570e-12,-4.506449981928866572e-16,0.000000000000000000e+00
1.214799999999999969e+01,1.723110868256477701e+01,2.317072570245421304e+01,2.875358407452975218e+00,5.517678959348290002e-01,-5.757283474072210180e-13,1.647192014289168161e-13,-8.339977152340708466e-01,6.095221781442333731e-01,1.458985727330098792e-01,-1.723262046920077672e-01,2.854745175963001175e-12,1.689306704468735330e-12,-4.482659488544041874e-16,0.000000000000000000e+00
1.219599999999999973e+01,1.726036574711570992e+01,2.317772883394541594e+01,2.867086749627766107e+00,5.517678959348290002e-01,-5.027942057638612748e-13,1.311912224169803271e-13,-8.339977152340708466e-01,6.095221781447369702e-01,1.458985727331746363e-01,-1.723262046917258816e-01,2.816264845929493411e-12,1.813085469484194194e-12,-4.482659488544041874e-16,0.000000000000000000e+00
1.224399999999999977e+01,1.728962281166667125e+01,2.318473196543661885e+01,2.858815091802570318e+00,5.517678959348290002e-01,-4.294292094928758291e-13,1.004127298730293527e-13,-8.339977152340708466e-01,6.095221781451661824e-01,1.458985727333266258e-01,-1.723262046914710022e-01,2.694595504660822344e-12,1.854630015065668036e-12,-4.506449981928866572e-16,0.000000000000000000e+00
1.229199999999999982e+01,1.731887987621763969e+01,2.319173509692782176e+01,2.850543433977386076e+00,5.517678959348290002e-01,-3.580651679148085451e-13,7.281277043027498033e-14,-8.339977152340708466e-01,6.095221781455230081e-01,1.458985727334639326e-01,-1.723262046912404921e-01,2.511808385886537217e-12,1.828317729382051422e-12,-4.514380146390474805e-16,0.000000000000000000e+00
1.233999999999999986e+01,1.734813694076864365e+01,2.319873822841902467e+01,2.842271776152212048e+00,5.517678959348290002e-01,-2.905722297095638892e-13,4.859411065969625637e-14,-8.339977152340708466e-01,6.095221781458113330e-01,1.458985727335855020e-01,-1.723262046910321588e-01,2.288076241964075994e-12,1.747715537794264856e-12,-4.506449981928866572e-16,0.000000000000000000e+00
1.238799999999999990e+01,1.737739400531964762e+01,2.320574135991022757e+01,2.834000118327047346e+00,5.517678959348290002e-01,-2.283119481035976481e-13,2.777408809214611700e-14,-8.339977152340708466e-01,6.095221781460369304e-01,1.458985727336910843e-01,-1.723262046908439760e-01,2.039419591138779603e-12,1.626556899116921401e-12,-4.530240475313691271e-16,0.000000000000000000e+00
1.243599999999999994e+01,1.740665106987065158e+01,2.321274449140143048e+01,2.825728460501891526e+00,5.517678959348290002e-01,-1.721881882613147005e-13,1.026461621218436120e-14,-8.339977152340708466e-01,6.095221781462057953e-01,1.458985727337807903e-01,-1.723262046906739176e-01,1.778750327187039341e-12,1.477731502665919369e-12,-4.506449981928866572e-16,0.000000000000000000e+00
1.248399999999999999e+01,1.743590813442165555e+01,2.321974762289264760e+01,2.817456802676743255e+00,5.517678959348290002e-01,-1.227162431274650107e-13,-4.097956274985950302e-15,-8.339977152340708466e-01,6.095221781463243671e-01,1.458985727338555083e-01,-1.723262046905201794e-01,1.516315808626144919e-12,1.312308271996771246e-12,-4.561961133160124202e-16,0.000000000000000000e+00
1.253200000000000003e+01,1.746516519897268793e+01,2.322675075438389314e+01,2.809185144851601645e+00,5.517678959348290002e-01,-8.005253797359125391e-14,-1.543804595588747247e-14,-8.339977152340708466e-01,6.095221781463998623e-01,1.458985727339162930e-01,-1.723262046903813183e-01,1.256479211942873525e-12,1.145541671467826038e-12,-4.633332613314598298e-16,0.000000000000000000e+00
1.258000000000000007e+01,1.749442226352373453e+01,2.323375388587513868e+01,2.800913487026466697e+00,5.517678959348290002e-01,-4.406394567352325006e-14,-2.389212460186444648e-14,-8.339977152340708466e-01,6.095221781464390531e-01,1.458985727339644212e-01,-1.723262046902562794e-01,1.009099317595896266e-12,9.813063794350265099e-13,-4.577821462083340668e-16,0.000000000000000000e+00
1.262800000000000011e+01,1.752367932807478113e+01,2.324075701736638422e+01,2.792641829201337522e+00,5.517678959348290002e-01,-1.445286960175143389e-14,-2.972730933985782043e-14,-8.339977152340708466e-01,6.095221781464487121e-01,1.458985727340010030e-01,-1.723262046901438416e-01,7.805377035163153089e-13,8.226999181370766062e-13,-4.561961133160124202e-16,0.000000000000000000e+00
1.267600000000000016e+01,1.755293639262582772e+01,2.324776014885762976e+01,2.784370171376213232e+00,5.517678959348290002e-01,9.205190187705540433e-15,-3.327303176946551350e-14,-8.339977152340708466e-01,6.095221781464347233e-01,1.458985727340274263e-01,-1.723262046900426725e-01,5.747911725927811170e-13,6.726643785892328907e-13,-4.522310310852083038e-16,0.000000000000000000e+00
1.272400000000000020e+01,1.758219345717687432e+01,2.325476328034887530e+01,2.776098513551093827e+00,5.517678959348290002e-01,2.742975476790053623e-14,-3.487727465961106040e-14,-8.339977152340708466e-01,6.095221781464028599e-01,1.458985727340448568e-01,-1.723262046899517175e-01,3.939580463418357510e-13,5.337754782086257065e-13,-4.538170639775299504e-16,0.000000000000000000e+00
1.277200000000000024e+01,1.761145052172791736e+01,2.326176641184012084e+01,2.767826855725978863e+00,5.517678959348290002e-01,4.079979814857139222e-14,-3.488822389973793847e-14,-8.339977152340708466e-01,6.095221781463580069e-01,1.458985727340547101e-01,-1.723262046898700051e-01,2.387821741899776415e-13,4.077096537624392319e-13,-4.538170639775299504e-16,0.000000000000000000e+00
1.282000000000000028e+01,1.764070758627892133e+01,2.326876954333136638e+01,2.759555197900867007e+00,5.517678959348290002e-01,4.992813845422341049e-14,-3.361809601115078403e-14,-8.339977152340708466e-01,6.095221781463044941e-01,1.458985727340582073e-01,-1.723262046897962863e-01,1.073206658441129036e-13,2.970315204375573663e-13,-4.514380146390474805e-16,0.000000000000000000e+00
1.286800000000000033e+01,1.766996465082992529e+01,2.327577267482261192e+01,2.751283540075758260e+00,5.517678959348290002e-01,5.543610764348316983e-14,-3.131181333698691704e-14,-8.339977152340708466e-01,6.095221781462459854e-01,1.458985727340564309e-01,-1.723262046897295063e-01,-1.592212871614946744e-15,2.022850875160464970e-13,-4.482659488544041874e-16,0.000000000000000000e+00
1.291600000000000037e+01,1.769922171538092925e+01,2.328277580631385746e+01,2.743011882250653510e+00,5.517678959348290002e-01,5.792892262309567373e-14,-2.821034319690998313e-14,-8.339977152340708466e-01,6.095221781461860333e-01,1.458985727340503802e-01,-1.723262046896688882e-01,-8.851157346951845608e-14,1.225821765782065241e-13,-4.522310310852083038e-16,0.000000000000000000e+00
1.296400000000000041e+01,1.772847877993193322e+01,2.328977893780510300e+01,2.734740224425550092e+00,5.517678959348290002e-01,5.798208151446078299e-14,-2.455061920867140115e-14,-8.339977152340708466e-01,6.095221781461265254e-01,1.458985727340410266e-01,-1.723262046896139599e-01,-1.546364568161927695e-13,5.703460920433727186e-14,-4.593681791006557133e-16,0.000000000000000000e+00
1.301200000000000045e+01,1.775773584448293718e+01,2.329678206929634854e+01,2.726468566600450671e+00,5.517678959348290002e-01,5.612436474967561079e-14,-2.054499845442486384e-14,-8.339977152340708466e-01,6.095221781460696819e-01,1.458985727340290917e-01,-1.723262046895641109e-01,-2.022761268028582266e-13,4.498855679074869574e-15,-4.585751626544948901e-16,0.000000000000000000e+00
1.306000000000000050e+01,1.778699290903394115e+01,2.330378520078759408e+01,2.718196908775352583e+00,5.517678959348290002e-01,5.283771629923127369e-14,-1.637476390057856434e-14,-8.339977152340708466e-01,6.095221781460170574e-01,1.458985727340153249e-01,-1.723262046895188970e-01,-2.335622116367951581e-13,-3.593546687777333431e-14,-4.569891297621732435e-16,0.000000000000000000e+00
1.310800000000000054e+01,1.781624997358494511e+01,2.331078833227883962e+01,2.709925250950256270e+00,5.517678959348290002e-01,4.854650642277607717e-14,-1.219099805206431947e-14,-8.339977152340708466e-01,6.095221781459694288e-01,1.458985727340001981e-01,-1.723262046894777633e-01,-2.509816108931638743e-13,-6.581156847043629934e-14,-4.561961133160124202e-16,0.000000000000000000e+00
1.315600000000000058e+01,1.784550703813594907e+01,2.331779146377008516e+01,2.701653593125163511e+00,5.517678959348290002e-01,4.361397521069796405e-14,-8.115444932864862652e-15,-8.339977152340708466e-01,6.095221781459276844e-01,1.458985727339842109e-01,-1.723262046894404875e-01,-2.568546906934309120e-13,-8.636179665624793680e-14,-4.577821462083340668e-16,0.000000000000000000e+00
1.320400000000000063e+01,1.787476410268695304e+01,2.332479459526133070e+01,2.693381935300070751e+00,5.517678959348290002e-01,3.835609312104723165e-14,-4.235866139226179364e-15,-8.339977152340708466e-01,6.095221781458920463e-01,1.458985727339677518e-01,-1.723262046894065702e-01,-2.534352037775853087e-13,-9.841881870367715198e-14,-4.641262777776206530e-16,0.000000000000000000e+00
1.325200000000000067e+01,1.790402116723795700e+01,2.333179772675257624e+01,2.685110277474978435e+00,5.517678959348290002e-01,3.302805791545685074e-14,-6.158529821882163291e-16,-8.339977152340708466e-01,6.095221781458626253e-01,1.458985727339510985e-01,-1.723262046893756783e-01,-2.430657207275863365e-13,-1.039255249058179183e-13,-4.577821462083340668e-16,0.000000000000000000e+00
1.330000000000000071e+01,1.793327823178896097e+01,2.333880085824382178e+01,2.676838619649891005e+00,5.517678959348290002e-01,2.783129963197589237e-14,2.705974086323524522e-15,-8.339977152340708466e-01,6.095221781458389776e-01,1.458985727339344451e-01,-1.723262046893475619e-01,-2.273338604686478128e-13,-1.036590713799078833e-13,-4.561961133160124202e-16,0.000000000000000000e+00
1.334800000000000075e+01,1.796253529633996493e+01,2.334580398973506732e+01,2.668566961824803574e+00,5.517678959348290002e-01,2.292651276796378096e-14,5.709225366820781619e-15,-8.339977152340708466e-01,6.095221781458209920e-01,1.458985727339179306e-01,-1.723262046893219990e-01,-2.080492865309088639e-13,-9.886290791352718935e-14,-4.561961133160124202e-16,0.000000000000000000e+00
1.339600000000000080e+01,1.799179236089096889e+01,2.335280712122631286e+01,2.660295303999716143e+00,5.517678959348290002e-01,1.842965706928897158e-14,8.391066243671590558e-15,-8.339977152340708466e-01,6.095221781458083354e-01,1.458985727339016103e-01,-1.723262046892987676e-01,-1.866663910766283338e-13,-9.058064414982349379e-14,-4.585751626544948901e-16,0.000000000000000000e+00
1.344400000000000084e+01,1.802104942544197286e+01,2.335981025271755840e+01,2.652023646174628713e+00,5.517678959348290002e-01,1.441676739344906065e-14,1.076450052251121759e-14,-8.339977152340708466e-01,6.095221781458002308e-01,1.458985727338855953e-01,-1.723262046892774235e-01,-1.646284640378190269e-13,-7.973376519923573459e-14,-4.490589653005650107e-16,0.000000000000000000e+00
1.349200000000000088e+01,1.805030648999297682e+01,2.336681338420880394e+01,2.643751988349543947e+00,5.517678959348290002e-01,1.092872393256428536e-14,1.285763925878148181e-14,-8.339977152340708466e-01,6.095221781457962340e-01,1.458985727338696914e-01,-1.723262046892578281e-01,-1.430901373600909396e-13,-6.723265394195644417e-14,-4.554030968698515969e-16,0.000000000000000000e+00
1.354000000000000092e+01,1.807956355454398079e+01,2.337381651570004948e+01,2.635480330524461845e+00,5.517678959348290002e-01,7.989101787142480807e-15,1.470213394600383794e-14,-8.339977152340708466e-01,6.095221781457959009e-01,1.458985727338540372e-01,-1.723262046892400923e-01,-1.221846378063992217e-13,-5.323274160143321136e-14,-4.514380146390474805e-16,0.000000000000000000e+00
1.358800000000000097e+01,1.810882061909498475e+01,2.338081964719129502e+01,2.627208672699379743e+00,5.517678959348290002e-01,5.605404591322637220e-15,1.633372643359295013e-14,-8.339977152340708466e-01,6.095221781457985655e-01,1.458985727338383831e-01,-1.723262046892240218e-01,-1.027557348754589949e-13,-3.845567314367238791e-14,-4.546100804236907736e-16,0.000000000000000000e+00
1.363600000000000101e+01,1.813807768364598871e+01,2.338782277868249793e+01,2.618937014874297642e+00,5.517678959348290002e-01,3.724782415265192269e-15,1.769346318655283048e-14,-8.339977152340708466e-01,6.095221781458036725e-01,1.458985727338226179e-01,-1.723262046892093113e-01,-7.831972610345929690e-14,-3.339305615138167787e-14,-4.561961133160124202e-16,0.000000000000000000e+00
1.368400000000000105e+01,1.816733474819699268e+01,2.339482591017370083e+01,2.610665357049215540e+00,5.517678959348290002e-01,2.162035734421777088e-15,1.843067516993730136e-14,-8.339977152340708466e-01,6.095221781458107779e-01,1.458985727338068805e-01,-1.723262046891956001e-01,-4.684490335533609004e-14,-4.200838682247290146e-14,-4.514380146390474805e-16,0.000000000000000000e+00
1.373200000000000109e+01,1.819659179380646918e+01,2.340182903713097673e+01,2.602395560859966928e+00,5.517679020926444799e-01,2.104245955756361684e-05,-7.670092207939361074e-06,-8.339977108593678023e-01,6.095197328831118977e-01,1.458979874234594687e-01,-1.721630129145439170e-01,3.078721964704870216e-03,2.276847231268193644e-03,1.652095828843460729e-06,0.000000000000000000e+00
1.378000000000000114e+01,1.822584676211989674e+01,2.340883166686107586e+01,2.594154366875739193e+00,5.517681369426163940e-01,3.117305734463225167e-04,-1.136293071391780289e-04,-8.339974897847733937e-01,6.094033650351328157e-01,1.458701334139919925e-01,-1.711588297615575793e-01,1.776296124699160150e-02,1.313623966640387053e-02,2.997575994787538724e-05,0.000000000000000000e+00
1.382799999999999940e+01,1.825508513467346106e+01,2.341583032427142186e+01,2.585983239344835649e+00,5.517692074892602827e-01,1.097006120254900418e-03,-3.998833345748903281e-04,-8.339960301689468558e-01,6.087896572529138961e-01,1.457232393895007139e-01,-1.693284260064250035e-01,3.686636120671318850e-02,2.726281216839049337e-02,1.153978615140642636e-04,0.000000000000000000e+00
1.387599999999999945e+01,1.828426981937037610e+01,2.342281613153012643e+01,2.577919452636288966e+00,5.517716259308198534e-01,2.417139935093249800e-03,-8.811414270398024986e-04,-8.339912792361665606e-01,6.071631778567538884e-01,1.453339487482005199e-01,-1.667615099456941363e-01,5.537707755460201386e-02,4.094944394316741426e-02,2.697574496894694445e-04,0.000000000000000000e+00
1.392399999999999949e+01,1.831333881496094662e+01,2.342977424982342427e+01,2.569996252095368749e+00,5.517755795882230974e-01,4.213061044465047679e-03,-1.535914650871758819e-03,-8.339805758247011980e-01,6.040172902781232311e-01,1.445810269058103725e-01,-1.635382061164784850e-01,7.079053876096093323e-02,5.234373686521089780e-02,4.885146978209002448e-04,0.000000000000000000e+00
1.397199999999999953e+01,1.834220771059591470e+01,2.343668447825126577e+01,2.562243137449080610e+00,5.517810086063049679e-01,6.379333122548772397e-03,-2.325817247132339321e-03,-8.339613979222608720e-01,5.989260471302055855e-01,1.433625602039543534e-01,-1.597356645864675961e-01,8.205214651601851206e-02,6.066610464380950418e-02,7.543806012120398124e-04,0.000000000000000000e+00
1.401999999999999957e+01,1.837077449318284295e+01,2.344352240442128021e+01,2.554685880711078383e+00,5.517877537854112280e-01,8.794575294144704042e-03,-3.206646224801930171e-03,-8.339320401794352300e-01,5.915754936417881860e-01,1.416034313125143218e-01,-1.554324105602277184e-01,8.893222089969134159e-02,6.574734738982587756e-02,1.041665782666021398e-03,0.000000000000000000e+00
1.406799999999999962e+01,1.839892519943134630e+01,2.345026075638717700e+01,2.547346413247819630e+00,5.517956544588167311e-01,1.133853825139288091e-02,-4.134598172794761752e-03,-8.338920184104403610e-01,5.817716704144689777e-01,1.392572184844147465e-01,-1.507097179464049197e-01,9.165596846186514768e-02,6.775479826780127224e-02,1.320892310438448545e-03,0.000000000000000000e+00
1.411599999999999966e+01,1.842653958195628761e+01,2.345687075736114124e+01,2.540242712845425466e+00,5.518045748264311934e-01,1.390127624354694537e-02,-5.069606902270403295e-03,-8.338421702008600445e-01,5.694355704044673505e-01,1.363049802816455047e-01,-1.456505836574827628e-01,9.068433244673276827e-02,6.703009980215882124e-02,1.563111926795714233e-03,0.000000000000000000e+00
1.416399999999999970e+01,1.845349633412606494e+01,2.346332337469461393e+01,2.533388780986219224e+00,5.518143814537304070e-01,1.638763817949199716e-02,-5.976977107276877990e-03,-8.337845102185544865e-01,5.545911419119372576e-01,1.327523866120245977e-01,-1.403372788299822593e-01,8.658441712532875811e-02,6.399328690806573017e-02,1.743468158395580043e-03,0.000000000000000000e+00
1.421199999999999974e+01,1.847967764177054306e+01,2.346959040811801600e+01,2.526794753957277262e+00,5.518249033607139920e-01,1.871899505303005820e-02,-6.828013192013282842e-03,-8.337219281577002983e-01,5.373499733818111190e-01,1.286260648480367919e-01,-1.348483990100006746e-01,7.995331113361889286e-02,5.908641046915223682e-02,1.843715368507975547e-03,0.000000000000000000e+00
1.425999999999999979e+01,1.850497296360540389e+01,2.347564539409352591e+01,2.520467152831710411e+00,5.518358988543468069e-01,2.083334989180851346e-02,-7.600061267021511642e-03,-8.336578142959124582e-01,5.178948424827476416e-01,1.239696792388314817e-01,-1.292561039209390583e-01,7.137390316768965626e-02,5.274084900650784918e-02,1.853594419596621195e-03,0.000000000000000000e+00
1.430799999999999983e+01,1.852928202263065671e+01,2.348146432215106927e+01,2.514409251109366306e+00,5.518470418698711022e-01,2.268451978178357559e-02,-8.276215563336771289e-03,-8.335956808895371717e-01,4.964634417629442131e-01,1.188400527517239763e-01,-1.236239739468455306e-01,6.138997654063645115e-02,4.535888951371192662e-02,1.771123226669077920e-03,0.000000000000000000e+00
1.435599999999999987e+01,1.855251703891086734e+01,2.348702617037923801e+01,2.508621524478533704e+00,5.518579306443145427e-01,2.424080781077415925e-02,-8.844841068959384198e-03,-8.335388271749077926e-01,4.733330611071641658e-01,1.133035139048106932e-01,-1.180056805770312439e-01,5.049299707904519180e-02,3.730395976371226469e-02,1.601973959084194467e-03,0.000000000000000000e+00
1.440399999999999991e+01,1.857460426230304051e+01,2.349231327382362977e+01,2.503102142440043476e+00,5.518681148996176233e-01,2.548342008488188246e-02,-9.299004522325004032e-03,-8.334900764693080610e-01,4.488066726509002402e-01,1.074325727698935834e-01,-1.124444945900167497e-01,3.911604187073090128e-02,2.889614504663298028e-02,1.358173900424869927e-03,0.000000000000000000e+00
1.445199999999999996e+01,1.859548487909716741e+01,2.349731154316182113e+01,2.497847463613096952e+00,5.518771343810998653e-01,2.640478473844739410e-02,-9.635869874976504476e-03,-8.334515978159580119e-01,4.232006472396528940e-01,1.013029804170157561e-01,-1.069735403744925678e-01,2.763211627998848202e-02,2.041095726729336493e-02,1.056389087155917925e-03,0.000000000000000000e+00
1.450000000000000000e+01,1.861511537357465329e+01,2.350201055272658124e+01,2.492852502808666770e+00,5.518845608608378139e-01,2.700686989957178444e-02,-9.856092471276054964e-03,-8.334248123873350123e-01,3.968341882211952054e-01,9.499119340127966382e-02,-1.016166397677837063e-01,1.635517900541733766e-02,1.208011745885709080e-02,7.160379589747286081e-04,0.000000000000000000e+00
1.454800000000000004e+01,1.863346742696992919e+01,2.350640351738398692e+01,2.488111346274605840e+00,5.518900366851487993e-01,2.729956047850862211e-02,-9.963232859920385584e-03,-8.334103763430857903e-01,3.700204728586266034e-01,8.857224306681911463e-02,-9.638956313878185855e-02,5.542836740373370021e-03,4.093584948103445517e-03,3.574468262376118903e-04,0.000000000000000000e+00
1.459600000000000009e+01,1.865052743411448688e+01,2.351048717735783100e+01,2.483617500291459557e+00,5.518933048190559632e-01,2.729913031958375313e-02,-9.963202977943173486e-03,-8.334082266009346096e-01,3.430594288978275896e-01,8.211799478722972556e-02,-9.130150794483198051e-02,-4.599943984259000258e-03,-3.397651434311929966e-03,2.100420136939625958e-07,0.000000000000000000e+00
1.464400000000000013e+01,1.866629571345900729e+01,2.351426160910947871e+01,2.479364166443715600e+00,5.518942275007725495e-01,2.702683130779878762e-02,-9.863752388460038378e-03,-8.334176734564751055e-01,3.162320343127704159e-01,7.569577259829231297e-02,-8.635664568032060118e-02,-1.391652668754687384e-02,-1.027833482095102079e-02,-3.381360075828563293e-04,0.000000000000000000e+00
1.469200000000000017e+01,1.868078548014655738e+01,2.351772997903502826e+01,2.475344443754554202e+00,5.518927926463742528e-01,2.650761123536568911e-02,-9.673999058795377387e-03,-8.334375235815764116e-01,2.897960054864818225e-01,6.936731864044785867e-02,-8.155560885355532530e-02,-2.229397318363885230e-02,-1.646546541508689399e-02,-6.430678850993589183e-04,0.000000000000000000e+00
1.474000000000000021e+01,1.869402164502188768e+01,2.352089825517728983e+01,2.471551463141168803e+00,5.518891087941482088e-01,2.576896568100436533e-02,-9.404007071407871621e-03,-8.334662180635351580e-01,2.639827282980384271e-01,6.318805348652212217e-02,-7.689682414850565473e-02,-2.965827914680870328e-02,-2.190473527599455517e-02,-9.036471950456738834e-04,0.000000000000000000e+00
1.478800000000000026e+01,1.870603949538593014e+01,2.352377489048061321e+01,2.467978463261911504e+00,5.518833905422432240e-01,2.483992466597426466e-02,-9.064412204824064817e-03,-8.335019722937476727e-01,2.389952841426089825e-01,5.720660209995358236e-02,-7.237763181133057000e-02,-3.596961092295616891e-02,-2.656697670891158825e-02,-1.112733964026781444e-03,0.000000000000000000e+00
1.483600000000000030e+01,1.871688330626549757e+01,2.352637048942293418e+01,2.464618818897444719e+00,5.518759371031564109e-01,2.375017170897789423e-02,-8.666095236185613129e-03,-8.335429072241358206e-01,2.150074260272707150e-01,5.146455031384683521e-02,-6.799516165091579190e-02,-4.121764184333905762e-02,-3.044469959338797632e-02,-1.266891100282468334e-03,0.000000000000000000e+00
1.488400000000000034e+01,1.872660492417573863e+01,2.352869746820183749e+01,2.461466033752483629e+00,5.518671068285990744e-01,2.252929066371907665e-02,-8.219901953074891521e-03,-8.335871644133584502e-01,1.921633664732571301e-01,4.599639790933521960e-02,-6.374696120891244766e-02,-4.541706200290314410e-02,-3.354877258078188540e-02,-1.366045117132579870e-03,0.000000000000000000e+00
1.493200000000000038e+01,1.873526235893326586e+01,2.353076971706982334e+01,2.458513709252700519e+00,5.518572904372937016e-01,2.120613411064054682e-02,-7.736408146979502527e-03,-8.336330001003281476e-01,1.705782475174252577e-01,4.082967625549544649e-02,-5.963139094853067007e-02,-4.860331778858524576e-02,-3.590528785925670152e-02,-1.412974581353381668e-03,0.000000000000000000e+00
1.498000000000000043e+01,1.874291841309700501e+01,2.353260227193513643e+01,2.455755499826821175e+00,5.518468853082381109e-01,1.980830591309510127e-02,-7.225727264498314241e-03,-8.336788560698589201e-01,1.503391726296230968e-01,3.598520077980994075e-02,-5.564781474067868883e-02,-5.082862361418192393e-02,-3.755263741132233019e-02,-1.412696574612687037e-03,0.000000000000000000e+00
1.502800000000000047e+01,1.874963937310100803e+01,2.353421100098226404e+01,2.453185063577356662e+00,5.518362726825316589e-01,1.836174972626588436e-02,-6.697357907789809606e-03,-8.337234071896358900e-01,1.315066902165547835e-01,3.147743106271060076e-02,-5.179662197217758252e-02,-5.215827679750506540e-02,-3.853881938255952766e-02,-1.371814744780308236e-03,0.000000000000000000e+00
1.507600000000000051e+01,1.875549378110357068e+01,2.353561231082799665e+01,2.450796015394014926e+00,5.518257990356469911e-01,1.689043469232600486e-02,-6.160068003861693398e-03,-8.337655871387122941e-01,1.141166282131407667e-01,2.731491394586047644e-02,-4.807912103409828219e-02,-5.266729650769545051e-02,-3.891898573145704393e-02,-1.297882185026857102e-03,0.000000000000000000e+00
1.512400000000000055e+01,1.876055130200479582e+01,2.353682287561449371e+01,2.448581887649515121e+00,5.518157623093279396e-01,1.541612921968335027e-02,-5.621812204346843603e-03,-8.338045950067654033e-01,9.818218890111236885e-02,2.350078761454705081e-02,-4.449734368309687244e-02,-5.243739885564228237e-02,-3.875323633047576821e-02,-1.198820148351348097e-03,0.000000000000000000e+00
1.517200000000000060e+01,1.876488169596827049e+01,2.353785939144814776e+01,2.446536101791223050e+00,5.518064031791634072e-01,1.395825359435330648e-02,-5.089678930753441591e-03,-8.338398861504843218e-01,8.369622248188841873e-02,2.003332710135958747e-02,-4.105379675315409121e-02,-5.155431237130247285e-02,-3.810465983772732407e-02,-1.082420937290189643e-03,0.000000000000000000e+00
1.522000000000000064e+01,1.876855390311051508e+01,2.353873835771657497e+01,2.444651952511887050e+00,5.517979011127200906e-01,1.253380218258084988e-02,-4.569863436993178152e-03,-8.338711510051252107e-01,7.063360705702724507e-02,1.690651403054501192e-02,-3.775119283201385650e-02,-5.010543128883870184e-02,-3.703761772322872875e-02,-9.559513234089520939e-04,0.000000000000000000e+00
1.526800000000000068e+01,1.877163524378042680e+01,2.353947588605030106e+01,2.442922604816128551e+00,5.517903746596395376e-01,1.115732613529362219e-02,-4.067663308836617746e-03,-8.338982855370865588e-01,5.895367153612097316e-02,1.411061566763950614e-02,-3.459218560966643985e-02,-4.817779825420982764e-02,-3.561626462953267763e-02,-8.258623291775067741e-04,0.000000000000000000e+00
1.531600000000000072e+01,1.877419073502876046e+01,2.354008753703432788e+01,2.441341103228301890e+00,5.517838852115304338e-01,9.840967778402164717e-03,-3.587492943235030731e-03,-8.339213567647950631e-01,4.860260658908231723e-02,1.163276045499991168e-02,-3.157912932889170299e-02,-4.585640328024822437e-02,-3.390329563152105069e-02,-6.976026119206548467e-04,0.000000000000000000e+00
1.536400000000000077e+01,1.877628252145025556e+01,2.354058818421169974e+01,2.439900391615280384e+00,5.517784433678620815e-01,8.594538250773555224e-03,-3.132913732249031566e-03,-8.339405663465128127e-01,3.951581705752621465e-02,9.457499202905459215e-03,-2.871387564936981468e-02,-4.322278197301381020e-02,-3.195890883011062722e-02,-5.755262221473837455e-04,0.000000000000000000e+00
1.541200000000000081e+01,1.877796941655307705e+01,2.354099190445023737e+01,2.438593341606448028e+00,5.517740170295650781e-01,7.425630416522821346e-03,-2.706676899991151356e-03,-8.339562147044257134e-01,3.162017718908442104e-02,7.567342970615124204e-03,-2.599761566189720194e-02,-4.035389318103593109e-02,-2.983996999777804165e-02,-4.628811487147228843e-04,0.000000000000000000e+00
1.546000000000000085e+01,1.877930654915347120e+01,2.354131189335904750e+01,2.437412787349649612e+00,5.517705403962165356e-01,6.339759612863235354e-03,-2.310776191434762202e-03,-8.339686675842875596e-01,2.483615759642022330e-02,5.943270413150892467e-03,-2.343077000810680349e-02,-3.732125419151761242e-02,-2.759936464433571796e-02,-3.618626360867579312e-04,0.000000000000000000e+00
1.550800000000000090e+01,1.878034510798640966e+01,2.354156040413724682e+01,2.436351564304021444e+00,5.517679231457371936e-01,5.340525382215965955e-03,-1.946507876411576222e-03,-8.339783263869443575e-01,1.907979990202073386e-02,4.565198986310642013e-03,-2.101292620630818703e-02,-3.419031031406745413e-02,-2.528552186115062481e-02,-2.737144867440047908e-04,0.000000000000000000e+00
1.555600000000000094e+01,1.878113217674084012e+01,2.354174870800731156e+01,2.435402549892799584e+00,5.517660592085530391e-01,4.429787961311435970e-03,-1.614535800527089554e-03,-8.339856030881049875e-01,1.426452154676447967e-02,3.412415891164347851e-03,-1.874281939118577558e-02,-3.102001504631527254e-02,-2.294209361400163794e-02,-1.988621117824962718e-04,0.000000000000000000e+00
1.560400000000000098e+01,1.878171065104351456e+01,2.354188707422359528e+01,2.434558704075969526e+00,5.517648346943173632e-01,3.607853945301087682e-03,-1.314959479595365468e-03,-8.339909001099646835e-01,1.030273916161522640e-02,2.463965995597479277e-03,-1.661835070484174448e-02,-2.786259690213740634e-02,-2.060777277530512208e-02,-1.370626163233165163e-04,0.000000000000000000e+00
1.565200000000000102e+01,1.878211922849851589e+01,2.354198476754625347e+01,2.433813108211935639e+00,5.517641346747741427e-01,2.873666197402633717e-03,-1.047383490370065989e-03,-8.339945951365674848e-01,7.107304189682999394e-03,1.698995189851939961e-03,-1.463663643667674312e-02,-2.476348930523906977e-02,-1.831623310148259784e-02,-8.755936883861162345e-05,0.000000000000000000e+00
1.570000000000000107e+01,1.878239246270983998e+01,2.354205006102536402e+01,2.433159000922525461e+00,5.517638486606504244e-01,2.224993721813012769e-03,-8.109866545347337898e-04,-8.339970305791084559e-01,4.592749080021930191e-03,1.097048712013023184e-03,-1.279408057427589181e-02,-2.176140062277002671e-02,-1.609617455189112784e-02,-4.923100553320029169e-05,0.000000000000000000e+00
1.574800000000000111e+01,1.878256087223969573e+01,2.354209026194259025e+01,2.432589810026539734e+00,5.517638747264946852e-01,1.658617848707473474e-03,-6.045897432032413480e-04,-8.339985071958339047e-01,2.676346352383826566e-03,6.383249163766140316e-04,-1.108646355508018273e-02,-1.888850236229422733e-02,-1.397145778836195867e-02,-2.072741128696835308e-05,0.000000000000000000e+00
1.579600000000000115e+01,1.878265109565483115e+01,2.354211174880178703e+01,2.432099179940263145e+00,5.517641223310377763e-01,1.170511686005084500e-03,-4.267206445941931336e-04,-8.339992812467789118e-01,1.278986167540618933e-03,3.038857533418781861e-04,-9.509040555067693051e-03,-1.617071471931925963e-02,-1.196131235910957713e-02,-5.877005469911928433e-07,0.000000000000000000e+00
1.584400000000000119e+01,1.878268608415675089e+01,2.354212001733844772e+01,2.431680994242575000e+00,5.517645139505300556e-01,7.560103658603037433e-04,-2.756761376662735983e-04,-8.339995645058391194e-01,3.258807583838875532e-04,7.582588720768190056e-05,-8.056643479866459553e-03,-1.362806999086915022e-02,-1.008060392382477931e-02,1.266254684958858658e-05,0.000000000000000000e+00
1.589199999999999946e+01,1.878268532375075139e+01,2.354211973362450649e+01,2.431329393356997493e+00,5.517649856891672089e-01,4.099701488313094795e-04,-1.495795992109931060e-04,-8.339995264494184379e-01,-2.528937787513125873e-04,-6.259709621589127629e-05,-6.723781814811403967e-03,-1.127513582042996218e-02,-8.340146881359124242e-03,2.043564889537846668e-05,0.000000000000000000e+00
1.593999999999999950e+01,1.878266507945653174e+01,2.354211479247366867e+01,2.431038787508207566e+00,5.517654870563926117e-01,1.269149412131468074e-04,-4.643414118791762239e-05,-8.339992979792555383e-01,-5.220062191216774975e-04,-1.268685389705561252e-04,-5.504738541965992389e-03,-9.121481775214008297e-03,-6.747049880077611236e-03,2.402713232264375694e-05,0.000000000000000000e+00
1.598799999999999955e+01,1.878263865467593519e+01,2.354210837949716151e+01,2.430803865265582786e+00,5.517659801085863513e-01,-9.883077166410907718e-05,3.582917102505755861e-05,-8.339989761046240346e-01,-5.406162230437496505e-04,-1.311554772917302412e-04,-4.393658363913922373e-03,-7.172174346298788167e-03,-5.305082886849729965e-03,2.458022802933549755e-05,0.000000000000000000e+00
1.603600000000000136e+01,1.878261665948935999e+01,2.354210303531590043e+01,2.430619598093573863e+00,5.517664381461244716e-01,-2.730231728225851863e-04,9.930823028252929753e-05,-8.339986290946543868e-01,-3.622436718008291531e-04,-8.827500168607728046e-05,-3.384626427184777957e-03,-5.428287078088559446e-03,-4.015055729590504344e-03,2.306704886575171727e-05,0.000000000000000000e+00
1.608399999999999963e+01,1.878260728233216881e+01,2.354210072059699854e+01,2.430481241393266156e+00,5.517668441397386436e-01,-4.013947850342245425e-04,1.460920168604497326e-04,-8.339983017053599346e-01,-3.474703515193690111e-05,-9.688796064688665321e-06,-2.471736573248577932e-03,-3.887414149987816932e-03,-2.875199279155499655e-03,2.028354054153581637e-05,0.000000000000000000e+00
