time_s,x,y,z,qw,qx,qy,qz,vx,vy,vz,wx,wy,wz,contact
4.000000000000000083e-03,1.047535610198974609e+01,2.150821685791015625e+01,2.389324732666885165e+00,9.999999998314853533e-01,-2.613054069955548197e-06,-1.211779259770884713e-07,-1.817103735042544890e-05,0.000000000000000000e+00,0.000000000000000000e+00,1.689932623975920508e-05,-1.306527035051163830e-03,-6.058896299194760766e-05,-9.085518675723072007e-03,0.000000000000000000e+00
5.200000000000000455e-02,1.047535605735481390e+01,2.150821783822939537e+01,2.389330580172149610e+00,9.999989391389288995e-01,-1.877678569190833059e-04,-8.578374698326888875e-06,-1.444434373942965867e-03,-2.860504442430766855e-06,6.329630626459258318e-05,2.071998382599602308e-04,-1.196305829014651309e-02,-5.378215060357483110e-04,-9.676757895560723910e-02,0.000000000000000000e+00
1.000000000000000056e-01,1.047535561749428545e+01,2.150822796920820323e+01,2.389345013741301482e+00,9.999891814650967437e-01,-5.545662004238491099e-04,-2.452729679444403988e-05,-4.618312192553512482e-03,-1.646923094813234026e-05,3.882491227694139543e-04,3.769065887826315766e-04,-1.766938229908074018e-02,-7.385504691810212182e-04,-1.597683656558551435e-01,0.000000000000000000e+00
1.479999999999999927e-01,1.047535418942901053e+01,2.150826359196569371e+01,2.389367121995830789e+00,9.999576711035975674e-01,-1.033025941813274853e-03,-4.381240975755485882e-05,-9.142589291166606028e-03,-4.280729741005500358e-05,1.109939427726754513e-03,5.288716429624145234e-04,-2.174672521957207033e-02,-8.224539754596069769e-04,-2.119039859865583242e-01,0.000000000000000000e+00
1.960000000000000075e-01,1.047535122942179520e+01,2.150834628734548204e+01,2.389396113824213241e+00,9.998881795271121753e-01,-1.604460142142039719e-03,-6.473229619569835589e-05,-1.486774896683787026e-02,-7.861995870935109716e-05,2.323148202190843635e-03,6.653464216293586333e-04,-2.558667772704178306e-02,-8.520762649157887468e-04,-2.611059798040958890e-01,0.000000000000000000e+00
2.439999999999999947e-01,1.047534646075984099e+01,2.150850192478036504e+01,2.389431294236577408e+00,9.997599902580007747e-01,-2.271805968792242614e-03,-8.629565056768345082e-05,-2.178975286743555298e-02,-1.163897357092763101e-04,4.115795209765283486e-03,7.881338266757040171e-04,-2.978628030619272227e-02,-8.382659182695384632e-04,-3.121758373992571389e-01,0.000000000000000000e+00
2.919999999999999818e-01,1.047534009174473901e+01,2.150876074944601157e+01,2.389472043902849396e+00,9.995453637898306098e-01,-3.047600877072293400e-03,-1.073409157938259715e-04,-2.999610529848534962e-02,-1.436149177818957538e-04,6.583175786631952423e-03,8.986173036591722351e-04,-3.462931710709533928e-02,-7.642965892870740279e-04,-3.682895963592993649e-01,0.000000000000000000e+00
3.400000000000000244e-01,1.047533309995079520e+01,2.150915792435976925e+01,2.389517798380796698e+00,9.992062815862335912e-01,-3.949371512492268373e-03,-1.260335714657757466e-04,-3.963828223837124326e-02,-1.409195661541411029e-04,9.834497250845010766e-03,9.977287515550868537e-04,-4.028703571683313334e-02,-5.946512452177444077e-04,-4.318243408601167288e-01,0.000000000000000000e+00
3.880000000000000115e-01,1.047532763398418432e+01,2.150973429795143232e+01,2.389568024571510296e+00,9.986902915095504651e-01,-4.998057337436843418e-03,-1.394544560768418845e-04,-5.091857833715083409e-02,-7.912930457171426515e-05,1.399645560485151055e-02,1.085869503307086920e-03,-4.689982556365529520e-02,-2.754450432445772201e-04,-5.048159405001372280e-01,0.000000000000000000e+00
4.359999999999999987e-01,1.047532758519534823e+01,2.151053730992898494e+01,2.389622192124477795e+00,9.979250781348313337e-01,-6.217605931572922282e-03,-1.431307525772118323e-04,-6.408478227830975704e-02,8.482777506108870680e-05,1.921568181185472068e-02,1.162781869130817547e-03,-5.460889686075245247e-02,2.698480395316870555e-04,-5.892145828118409145e-01,0.000000000000000000e+00
4.839999999999999858e-01,1.047533939335139408e+01,2.151162199859614432e+01,2.389679737183527219e+00,9.968112851651653727e-01,-7.634932553971495936e-03,-1.304251881943440728e-04,-7.942891514768542216e-02,4.135093916227029634e-04,2.566059679763206883e-02,1.227361349047882124e-03,-6.356675127660112168e-02,1.147931709215232587e-03,-6.870263591377973045e-01,0.000000000000000000e+00
5.320000000000000284e-01,1.047537316864324453e+01,2.151305208036296435e+01,2.389740015268392970e+00,9.952130351204311332e-01,-9.279853373704731456e-03,-9.172353447318607562e-05,-9.728766948867073605e-02,9.964710046988414349e-04,3.352256564808365341e-02,1.277395245643987319e-03,-7.393770799884918921e-02,2.506155378337480196e-03,-8.003853315242808186e-01,0.000000000000000000e+00
5.799999999999999600e-01,1.047544423552164616e+01,2.151490105498848493e+01,2.389802239331598521e+00,9.929455227168996201e-01,-1.118473291219747139e-02,-1.337175977983861717e-05,-1.180427485589168879e-01,1.960215988362679854e-03,4.301579230425029571e-02,1.309211073081535193e-03,-8.589195612030965654e-02,4.545985108209737828e-03,-9.315746808981025806e-01,0.000000000000000000e+00
6.280000000000000027e-01,1.047557522927282037e+01,2.151725325156177959e+01,2.389865398243006034e+00,9.897590441270545103e-01,-1.338357997161086950e-02,1.236693384636744844e-04,-1.421193127683198498e-01,3.481111720569831074e-03,5.437493271161612102e-02,1.317219256469421554e-03,-9.959284863125775211e-02,7.539454691444073993e-03,-1.082998557282352836e+00,0.000000000000000000e+00
6.760000000000000453e-01,1.047579889898721284e+01,2.152020466643819674e+01,2.389928150381907201e+00,9.853189511439940373e-01,-1.591024335594600631e-02,3.454439849563940802e-04,-1.699803204530130063e-01,5.801669139770112768e-03,6.784881229876714437e-02,1.293342687038048690e-03,-1.151749715207990438e-01,1.184793334207127555e-02,-1.257092945314061350e+00,0.000000000000000000e+00
7.239999999999999769e-01,1.047616178031616130e+01,2.152386334747047414e+01,2.389988687148353996e+00,9.791814422908602378e-01,-1.879522823315295937e-02,6.867986999445811020e-04,-2.021137570191643140e-01,9.250164551673505445e-03,8.368785869899993124e-02,1.226347223152068032e-03,-1.327089551693731995e-01,1.794109485112166391e-02,-1.456151413363504510e+00,0.000000000000000000e+00
7.720000000000000195e-01,1.047672887845040890e+01,2.152834894045039604e+01,2.390044562941163964e+00,9.707660785805294346e-01,-2.206050812939286399e-02,1.193086472607931625e-03,-2.390086425280959770e-01,1.426263374677472218e-02,1.021219326894227813e-01,1.101132630562708927e-03,-1.521479487194443148e-01,2.641126170715950641e-02,-1.682029121927210769e+00,0.000000000000000000e+00
8.200000000000000622e-01,1.047758941196508253e+01,2.153379083069895827e+01,2.390092492998389329e+00,9.593278228818683528e-01,-2.571161433953598682e-02,1.921205641670778409e-03,-2.811144786411265417e-01,2.140444030736155662e-02,1.233243634296091046e-01,8.981271779945309815e-04,-1.732508375484842489e-01,3.797379996807757202e-02,-1.935677456907774596e+00,0.000000000000000000e+00
8.679999999999999938e-01,1.047886652094679150e+01,2.154033318443660860e+01,2.390307583312022643e+00,9.439556418824840422e-01,-2.962810670471354227e-02,2.742524918944847390e-03,-3.287284593831063528e-01,3.156121214463600277e-02,1.478963662204545726e-01,1.109379550349227223e-02,-1.830240777400141405e-01,4.007112744944358457e-02,-2.210899185801213918e+00,0.000000000000000000e+00
9.160000000000000364e-01,1.048073217227200438e+01,2.154816076959192017e+01,2.391618279917643530e+00,9.236293871182578163e-01,-3.366696622233705111e-02,3.477410623407781783e-03,-3.817894684931636418e-01,4.571765442024396109e-02,1.765276591131249018e-01,4.433983714730041492e-02,-1.922947687378604997e-01,4.311217850611497038e-02,-2.499549820902757347e+00,0.000000000000000000e+00
9.639999999999999680e-01,1.048339677128069347e+01,2.155746165561627947e+01,2.395030954908228704e+00,8.972066211505796973e-01,-3.777340032134688524e-02,4.137784834044721562e-03,-4.399730990962869015e-01,6.455899286934606296e-02,2.088657812152948379e-01,9.590467192077251068e-02,-2.015092131786538898e-01,4.825617991740142887e-02,-2.798855951635385697e+00,0.000000000000000000e+00
1.012000000000000011e+00,1.048709735751971905e+01,2.156838991525354388e+01,2.401175882391720418e+00,8.634688811873088010e-01,-4.185892498115576649e-02,4.738416987821521265e-03,-5.026398999532457612e-01,8.848600784165637501e-02,2.438750325822926224e-01,1.552849537992779250e-01,-2.100940140065299944e-01,5.595826822583750693e-02,-3.102830464022735768e+00,0.000000000000000000e+00
1.060000000000000053e+00,1.049207521231018170e+01,2.158102869094201637e+01,2.410016333567728708e+00,8.212291154617084032e-01,-4.579304040165840806e-02,5.295550288818666462e-03,-5.687334125193375112e-01,1.172591706279742518e-01,2.796901204906651062e-01,2.056377007663890977e-01,-2.172301309732288521e-01,6.666069008681499430e-02,-3.401833851563943245e+00,0.000000000000000000e+00
1.108000000000000096e+00,1.049853369104972245e+01,2.159535007139844964e+01,2.420537257180193969e+00,7.694975464084505834e-01,-4.939974272607976918e-02,5.823014428248525672e-03,-6.367097329183372123e-01,1.495524882974527681e-01,3.136430496674312285e-01,2.236286402265568463e-01,-2.218931881847499565e-01,8.066152153802914893e-02,-3.682470396127412116e+00,0.000000000000000000e+00
1.155999999999999917e+00,1.050659835459448388e+01,2.161120133193467652e+01,2.430726672666149391e+00,7.077129380286317772e-01,-5.248448964056748323e-02,7.269498230458962783e-03,-7.045104187231930881e-01,1.842820233900003546e-01,3.438141878023863729e-01,2.001046727731269625e-01,-2.869114577675404565e-01,1.676556073789402801e-01,-3.917444399827910484e+00,0.000000000000000000e+00
1.203999999999999959e+00,1.051647444994148550e+01,2.162841405103072034e+01,2.439660244122009658e+00,6.364399264721344318e-01,-5.454433495359919254e-02,1.115533266811914032e-02,-7.693144312111123151e-01,2.249218222567908876e-01,3.703485150639859724e-01,1.747326183964228730e-01,-3.265511226906669950e-01,2.541744061053151094e-01,-4.055363647073974676e+00,0.000000000000000000e+00
1.252000000000000002e+00,1.052846461654529797e+01,2.164674442873632998e+01,2.447452013758154354e+00,5.577393877319477555e-01,-5.506545717255781347e-02,1.618360431697249760e-02,-8.280293845933731633e-01,2.716718655500232060e-01,3.904574635962508866e-01,1.522646757710137688e-01,-3.242166489188932355e-01,3.111652742175389785e-01,-4.071863092437255638e+00,0.000000000000000000e+00
1.300000000000000044e+00,1.054281999445656837e+01,2.166582108084715941e+01,2.454236851369733685e+00,4.748209174063564575e-01,-5.394805816181127284e-02,2.136795938050047028e-02,-8.781674747597230102e-01,3.227202191609289117e-01,4.018909436285537651e-01,1.325124154982854630e-01,-2.958112943718330112e-01,3.440087304661756940e-01,-3.954549744096712338e+00,0.000000000000000000e+00
1.348000000000000087e+00,1.055968837194950183e+01,2.168519602691230830e+01,2.460212467714012252e+00,3.916257999143940016e-01,-5.132804918599362387e-02,2.604002616046494079e-02,-9.183226999512391631e-01,3.764111351858556165e-01,4.036113722278554250e-01,1.237913448411822326e-01,-2.455149054638726125e-01,3.622671010676719039e-01,-3.710848184772210789e+00,0.000000000000000000e+00
1.396000000000000130e+00,1.057933109824563012e+01,2.170437499037434748e+01,2.467756235649358310e+00,3.116648336140941944e-01,-4.721740434151944221e-02,2.965250050322473102e-02,-9.485548362796187849e-01,4.381465777717328258e-01,3.942550706175709796e-01,2.004969539053099714e-01,-1.802719705019913687e-01,3.721024530422761267e-01,-3.395909003687362038e+00,0.000000000000000000e+00
1.443999999999999950e+00,1.060207391151431366e+01,2.172277710929500216e+01,2.481372801536081418e+00,2.374904057490872800e-01,-4.198762221259244587e-02,3.202983135047327012e-02,-9.699533167435050451e-01,5.040964499597243575e-01,3.722533385012699036e-01,3.658172500201697930e-01,-1.183600964965184771e-01,3.711912520647012714e-01,-3.030196157157706960e+00,0.000000000000000000e+00
1.491999999999999993e+00,1.062793986227818444e+01,2.173981534474565080e+01,2.504664390405793029e+00,1.710857997031559330e-01,-3.600593123451346911e-02,3.325611203663762783e-02,-9.840362051612092653e-01,5.674082117979242224e-01,3.388025022692692234e-01,5.934913835270230198e-01,-6.425700719045851494e-02,3.644637191208026095e-01,-2.628925243326238448e+00,0.000000000000000000e+00
1.540000000000000036e+00,1.065664621613996133e+01,2.175502369565479910e+01,2.539821334604719372e+00,1.137607134728110952e-01,-2.954773809884840910e-02,3.350541793214924235e-02,-9.925033089177036638e-01,6.223733288107514694e-01,2.973580584294558959e-01,8.525099191113987285e-01,-1.872258362297378118e-02,3.543547741798554473e-01,-2.209984272188799448e+00,0.000000000000000000e+00
1.588000000000000078e+00,1.068770286555211868e+01,2.176812122913699454e+01,2.587727411896270535e+00,6.620335050039842517e-02,-2.288547772460389554e-02,3.287091588424913280e-02,-9.970019429172485292e-01,6.660004264947484431e-01,2.518296960515295502e-01,1.121024322171954690e+00,2.538153051373338159e-02,3.353677221997343194e-01,-1.785934688629900569e+00,0.000000000000000000e+00
1.636000000000000121e+00,1.072052897840535657e+01,2.177902200614362371e+01,2.648227354205133999e+00,2.861197651150029081e-02,-1.634063062745936407e-02,3.132608944632341019e-02,-9.989659727492241625e-01,6.970773731782292648e-01,2.065439724520861942e-01,1.373818641195133416e+00,6.798967504066538714e-02,3.088276924345677021e-01,-1.371213046254609713e+00,0.000000000000000000e+00
1.683999999999999941e+00,1.075452921609193346e+01,2.178784471775886900e+01,2.719868759589676888e+00,6.752343637049839156e-04,-1.012714003851403720e-02,2.891325055652095577e-02,-9.995303942529463193e-01,7.161552272510205430e-01,1.654498029581642216e-01,1.584897589282792341e+00,1.064929787016043183e-01,2.793710092971660730e-01,-9.806596618500011964e-01,0.000000000000000000e+00
1.731999999999999984e+00,1.078917435719961482e+01,2.179486483207302427e+01,2.800103779099662127e+00,-1.830946676747858409e-02,-4.352661860863770750e-03,2.571726901670932930e-02,-9.994920909320582636e-01,7.251785850026931657e-01,1.311811913064624413e-01,1.734238891910764080e+00,1.396763223944005594e-01,2.504709112992438147e-01,-6.256665913607651897e-01,0.000000000000000000e+00
1.780000000000000027e+00,1.082404664294121766e+01,2.180044647683090275e+01,2.885586698625405067e+00,-2.930561628822719866e-02,9.590314079768640435e-04,2.184110608038245319e-02,-9.993313900793427962e-01,7.266790886195266808e-01,1.049308628990428677e-01,1.808077138112211601e+00,1.669823301969798335e-01,2.246914772468521782e-01,-3.140342473177274440e-01,0.000000000000000000e+00
1.828000000000000069e+00,1.085885158794186545e+01,2.180497756186995773e+01,2.972465517760921827e+00,-3.342817996695638533e-02,5.846620907809925612e-03,1.739692716716409460e-02,-9.992725958081696280e-01,7.231867133421252536e-01,8.664987286866936145e-02,1.798487321159659258e+00,1.882182199629297004e-01,2.037441286419026665e-01,-5.022345463961883777e-02,0.000000000000000000e+00
1.876000000000000112e+00,1.089340640036807173e+01,2.180881480838601405e+01,3.056771820217186519e+00,-3.188461349234696790e-02,1.003193761725711119e-02,1.288434940767526141e-02,-9.993581566137482719e-01,7.167201472996688194e-01,7.503552005832567207e-02,1.714105449346385868e+00,1.533676326563553904e-01,1.381835021090249971e-01,1.580310719632820882e-01,0.000000000000000000e+00
1.923999999999999932e+00,1.092759078133939532e+01,2.181219172708710730e+01,3.136549968678780331e+00,-2.634361182036169466e-02,1.219768201776751625e-02,9.897281914069033099e-03,-9.995295265675574470e-01,7.080905367782028836e-01,6.673743965627372543e-02,1.617992414392763978e+00,9.530968537245601557e-02,5.742337548422342397e-02,2.853798990743184327e-01,0.000000000000000000e+00
1.971999999999999975e+00,1.096133111343409716e+01,2.181522083352493269e+01,3.211714309165075498e+00,-1.862416320817768256e-02,1.290460093348110536e-02,7.953190976031527040e-03,-9.997116377100155882e-01,6.984790286922087921e-01,6.025013953137921263e-02,1.521862390236776719e+00,6.310738633738874337e-02,7.378840395637402405e-03,3.461805922220798082e-01,0.000000000000000000e+00
2.020000000000000018e+00,1.099460441214261941e+01,2.181797066354109660e+01,3.282263926444509039e+00,-1.008205030203223815e-02,1.269211341059323615e-02,6.581331682557442150e-03,-9.998469625858568133e-01,6.887524720027143887e-01,5.492750009399287314e-02,1.425715404937234476e+00,4.555216498276339065e-02,-2.363695426562903087e-02,3.594624841370679946e-01,0.000000000000000000e+00
2.068000000000000060e+00,1.102742023862827203e+01,2.182048737572312191e+01,3.348198327229550575e+00,-1.652751766915139080e-03,1.190688191370429562e-02,5.525083695318209337e-03,-9.999124801825658437e-01,6.794515052064555860e-01,5.042882732503267684e-02,1.329564346611393111e+00,3.590528366585383352e-02,-4.237818591674098745e-02,3.410582142066873046e-01,0.000000000000000000e+00
2.116000000000000103e+00,1.105980823308838978e+01,2.182280552305928722e+01,3.409517655338973885e+00,6.068974323875609041e-03,1.078042312064452640e-02,4.651001851809540531e-03,-9.999126552903364606e-01,6.709040911127933660e-01,4.657975273775211839e-02,1.233421793996112070e+00,3.030338836364471905e-02,-5.293008981450064709e-02,3.035673857012443633e-01,0.000000000000000000e+00
2.164000000000000146e+00,1.109180982700742213e+01,2.182495371062840306e+01,3.466222560626439630e+00,1.275282333290122389e-02,9.471699424425853928e-03,3.893199342351143493e-03,-9.998662387569323684e-01,6.632945530400277123e-01,4.328970272385483653e-02,1.137296358987132328e+00,2.663950998692109218e-02,-5.787821416219963294e-02,2.565640484945531652e-01,0.000000000000000000e+00
2.212000000000000188e+00,1.112347258405893591e+01,2.182695730586939220e+01,3.518313993392716110e+00,1.826399190152601035e-02,8.091722333453545135e-03,3.220933925291812831e-03,-9.997952671493046672e-01,6.567083191804661269e-01,4.050575758682040117e-02,1.041192385079574345e+00,2.383208641412997222e-02,-5.893468352194697335e-02,2.069499888952670841e-01,0.000000000000000000e+00
2.260000000000000231e+00,1.115484628590924565e+01,2.182883955610592608e+01,3.565793018477276810e+00,2.260394490866396780e-02,6.718410270466252873e-03,2.620566389961755116e-03,-9.997184890106817212e-01,6.511622370616521049e-01,3.818867399636851484e-02,9.451107602152578613e-01,2.137050489676052198e-02,-5.728514345782744627e-02,1.593805716493912339e-01,0.000000000000000000e+00
2.307999999999999829e+00,1.118598022072315779e+01,2.183062191772152616e+01,3.608660677085675950e+00,2.586189815000160611e-02,5.405921614943723710e-03,2.086017131557568564e-03,-9.996487316893368780e-01,6.466257893936050438e-01,3.630172974212060588e-02,8.490499870419870865e-01,1.904453614533248296e-02,-5.378571383644549508e-02,1.167084496266428267e-01,0.000000000000000000e+00
2.355999999999999872e+00,1.121692132576407808e+01,2.183232404929318449e+01,3.646917898753910148e+00,2.817690022351468024e-02,4.190763546316633552e-03,1.614025625944012820e-03,-9.995928644783199646e-01,6.430363649724616382e-01,3.480655386588435429e-02,7.530071757468145277e-01,1.679040794251147189e-02,-4.907645463790696883e-02,8.040653166193709178e-02,0.000000000000000000e+00
2.403999999999999915e+00,1.124771256190674507e+01,2.183396354152712604e+01,3.680621060168334679e+00,2.970963239953012050e-02,3.096285215378815747e-03,1.202046776281827031e-03,-9.995530530412574111e-01,6.402857076454870899e-01,3.365201229335268440e-02,6.606348618861388466e-01,1.460147783710930881e-02,-4.360892408634069878e-02,5.094576224240763423e-02,0.000000000000000000e+00
2.451999999999999957e+00,1.127839076821623188e+01,2.183555523876635363e+01,3.710154858469933092e+00,3.062260875534823096e-02,2.136973257827350526e-03,8.477137953046120361e-04,-9.995283740643057246e-01,6.382564283384570825e-01,3.278652312832307236e-02,5.784032204318596548e-01,1.248514446720505773e-02,-3.771302015231969146e-02,2.811490051374510718e-02,0.000000000000000000e+00
2.500000000000000000e+00,1.130898891090701497e+01,2.183711230964092209e+01,3.735984489950762821e+00,3.106728266972002758e-02,1.318908245192766194e-03,5.482840967608946636e-04,-9.995162749115746870e-01,6.368829508604172407e-01,3.218252164766299828e-02,5.053496609425599528e-01,1.047183539793759832e-02,-3.172992039447659895e-02,1.127843938521337977e-02,0.000000000000000000e+00
2.548000000000000043e+00,1.133953644691114349e+01,2.183864649416580761e+01,3.758523337953832311e+00,3.117657011951753543e-02,6.408723020193864009e-04,3.003206659780537622e-04,-9.995136420108399200e-01,6.360857583344252664e-01,3.180826214642398786e-02,4.404479937442223880e-01,8.592944796133508006e-03,-2.592428988257477682e-02,-4.248925558434897901e-04,0.000000000000000000e+00
2.596000000000000085e+00,1.137005877960153555e+01,2.184016793853809091e+01,3.778138570379051320e+00,3.106142598145950756e-02,9.621467216289750950e-05,9.976680208409351277e-05,-9.995174678840389459e-01,6.357772623093019826e-01,3.162965703166538411e-02,3.827869582647924762e-01,6.872512544322646744e-03,-2.048700071347760512e-02,-7.937098893089761936e-03,0.000000000000000000e+00
2.644000000000000128e+00,1.140057703441502568e+01,2.184168513807749434e+01,3.795156318838801113e+00,3.081028988976529381e-02,-3.254790603739377746e-04,-5.787128318461846383e-05,-9.995251956560197160e-01,6.358678555200839577e-01,3.161232931029026721e-02,3.315574572625047400e-01,5.325648240178884260e-03,-1.554487971565543525e-02,-1.218129057125955095e-02,0.000000000000000000e+00
2.692000000000000171e+00,1.143110808818619617e+01,2.184320496558676439e+01,3.809866280243805914e+00,3.049042364318311701e-02,-6.369811851117226139e-04,-1.773310783515068148e-04,-9.995348402505627172e-01,6.362705583964950451e-01,3.172316217285718609e-02,2.860411274005035809e-01,3.959426649127894930e-03,-1.117188711689751784e-02,-1.399885987631934239e-02,0.000000000000000000e+00
2.740000000000000213e+00,1.146166478720490467e+01,2.184473276177100587e+01,3.822525802113689863e+00,3.015036787042494823e-02,-8.522882270561058871e-04,-2.634235344426469187e-04,-9.995449762417386586e-01,6.369043682234502013e-01,3.193138451144449802e-02,2.456001371599383087e-01,2.774420881043098384e-03,-7.400038612534857313e-03,-1.411512033442855960e-02,0.000000000000000000e+00
2.788000000000000256e+00,1.149225629589705022e+01,2.184627246731468020e+01,3.833363507748221988e+00,2.982293585114350123e-02,-9.857407036025778169e-04,-3.208932608379099112e-04,-9.995546597560330815e-01,6.376964770406369221e-01,3.220926701970799888e-02,2.096681055356872658e-01,1.766166035716027144e-03,-4.229289638470952982e-03,-1.312589274651791184e-02,0.000000000000000000e+00
2.835999999999999854e+00,1.152288852668559116e+01,2.184782678002409284e+01,3.842582512320289911e+00,2.952832856628411634e-02,-1.051365660484214481e-03,-3.543072574110059164e-04,-9.995633281131799386e-01,6.385835465255002008e-01,3.253250910029055476e-02,1.777420365751977149e-01,9.263679799348628445e-04,-1.636078795598507008e-03,-1.149861028250367435e-02,0.000000000000000000e+00
2.883999999999999897e+00,1.155356461069796126e+01,2.184939732411702451e+01,3.850363275982544131e+00,2.927709346136808666e-02,-1.062407780054674955e-03,-3.679684689755059290e-04,-9.995707016951670409e-01,6.395122283460368262e-01,3.288038881988039619e-02,1.493751677049885151e-01,2.438747792683301384e-04,4.195224294969751751e-04,-9.582704150703908602e-03,0.000000000000000000e+00
2.931999999999999940e+00,1.158428537773831479e+01,2.185098482189764368e+01,3.856866135297071896e+00,2.907275959748471111e-02,-1.031015580789831302e-03,-3.658510285343013774e-04,-9.995766993129057143e-01,6.404391056561169471e-01,3.323573600376465015e-02,1.241706345400656053e-01,-2.945211057804654497e-04,1.987979783905821727e-03,-7.625192081656963564e-03,0.000000000000000000e+00
2.979999999999999982e+00,1.161504982187810775e+01,2.185258926062649820e+01,3.862233549788161024e+00,2.891406558845787539e-02,-9.680520732549606445e-04,-3.515549155082942990e-04,-9.995813704223737162e-01,6.413302115614462062e-01,3.358477675496028547e-02,1.017758612953923586e-01,-7.033920621692199169e-04,3.125653498215889489e-03,-5.788447503100859100e-03,0.000000000000000000e+00
3.028000000000000025e+00,1.164585553591036593e+01,2.185421004944792145e+01,3.866592096249412691e+00,2.879675706197109067e-02,-8.830029677912220806e-04,-3.282782237201608763e-04,-9.995848434834734286e-01,6.421602575501301757e-01,3.391688783849081817e-02,8.187759349089566985e-02,-9.980639289892104162e-04,3.891188610020616338e-03,-4.168035868950437269e-03,0.000000000000000000e+00
3.076000000000000068e+00,1.167669910369114739e+01,2.185584616287403747e+01,3.870054239648005545e+00,2.871497107633165860e-02,-7.839594519775705843e-04,-2.988052806501687096e-04,-9.995872881139831190e-01,6.429116816806679235e-01,3.422429165049264976e-02,6.419749777448222061e-02,-1.194073783899011598e-03,4.342783402912985327e-03,-2.809249975804882851e-03,0.000000000000000000e+00
3.124000000000000110e+00,1.170757644408359610e+01,2.185749626863710304e+01,3.872719906073827101e+00,2.866224986671564445e-02,-6.776563024116826145e-04,-2.655086644478305978e-04,-9.995888883534382874e-01,6.435736043612784174e-01,3.450171648012611419e-02,4.848826186679076194e-02,-1.306699329475478726e-03,4.536190739873543348e-03,-1.721560018102903742e-03,0.000000000000000000e+00
3.172000000000000153e+00,1.173848310391126226e+01,2.185915883877852650e+01,3.874677880171110367e+00,2.863223918901482146e-02,-5.695494881124598795e-04,-2.303629193152829848e-04,-9.995898245907310908e-01,6.441407597357357018e-01,3.474604195283143016e-02,3.453013546984377846e-02,-1.350566385165362588e-03,4.523321726284093049e-03,-8.906298659582270955e-04,0.000000000000000000e+00
3.220000000000000195e+00,1.176941450013255164e+01,2.186083224369030020e+01,3.876007046841729586e+00,2.861913067750877435e-02,-4.639203970946176488e-04,-1.949676023830655941e-04,-9.995902621198158311e-01,6.446124534253209193e-01,3.495594550177926613e-02,2.212786022660321456e-02,-1.339339451582656189e-03,4.351337392544998503e-03,-2.878583303356883763e-04,0.000000000000000000e+00
3.268000000000000238e+00,1.180036611349370723e+01,2.186251482949170466e+01,3.876777494689899850e+00,2.861790582623473245e-02,-3.639963718827627054e-04,-1.605772644014357136e-04,-9.995903446851129859e-01,6.449915827594722151e-01,3.513156218984155033e-02,1.110794333428556484e-02,-1.285496086618230505e-03,4.062130076324502875e-03,1.223945648013933520e-04,0.000000000000000000e+00
3.316000000000000281e+00,1.183133363732860488e+01,2.186420497963274556e+01,3.877051496651378493e+00,2.862443369398608509e-02,-2.720794047694082528e-04,-1.281360765835211216e-04,-9.995901917034004658e-01,6.452837435581406655e-01,3.527416706913836381e-02,1.316235157029317735e-03,-1.200181105365366856e-03,3.692110950864529225e-03,3.776185832459153522e-04,0.000000000000000000e+00
3.363999999999999879e+00,1.186231308606667589e+01,2.186590116198291511e+01,3.876884381479456465e+00,2.863546695070281686e-02,-1.896766638050711637e-04,-9.831503911384891555e-05,-9.995898981029321950e-01,6.454964377945798804e-01,3.538588647867832448e-02,-7.384223827038590045e-03,-1.093132682136360332e-03,3.272233287948094014e-03,5.136688846193696208e-04,0.000000000000000000e+00
3.411999999999999922e+00,1.189330086849121493e+01,2.186760196290635250e+01,3.876325308210408327e+00,2.864857269392406466e-02,-1.176280426704220386e-04,-7.155000290359039069e-05,-9.995895359230412280e-01,6.456383888031358431e-01,3.546944224589233807e-02,-1.511511711348263558e-02,-9.726698441437217277e-04,2.828192493045870396e-03,5.626432357738417886e-04,0.000000000000000000e+00
3.459999999999999964e+00,1.192429383095089612e+01,2.186930610995962354e+01,3.875417954371358054e+00,2.866202643707023434e-02,-5.622719529032347912e-05,-4.807906515807192939e-05,-9.995891569877225491e-01,6.457189648218988332e-01,3.552793068957332823e-02,-2.198455398075925896e-02,-8.457296521277834480e-04,2.380753816217480098e-03,5.517970232677290275e-04,0.000000000000000000e+00
3.508000000000000007e+00,1.195528927564643240e+01,2.187101248489385696e+01,3.874201127496526897e+00,2.867469035463506705e-02,-5.333567162851646050e-06,-2.797822850930922127e-05,-9.995887961166014524e-01,6.457477073016386626e-01,3.556463662724151931e-02,-2.808858255214994118e-02,-7.179423363065615430e-04,1.946167115329741366e-03,5.032090637168618779e-04,0.000000000000000000e+00
3.556000000000000050e+00,1.198628495885793832e+01,2.187272012861672010e+01,3.872709308460442479e+00,2.868589056255462649e-02,3.552619843649355369e-05,-1.119451986979101623e-05,-9.995884744709715442e-01,6.457339573170474134e-01,3.558288126150797176e-02,-3.351253492909065518e-02,-5.937334628974841669e-04,1.536635334878266998e-03,4.339565777905415845e-04,0.000000000000000000e+00
3.604000000000000092e+00,1.201727907360151981e+01,2.187442823968892469e+01,3.870973134199707566e+00,2.869530303201158969e-02,6.706839387881438641e-05,2.423964826470138111e-06,-9.995882027514405577e-01,6.456865713565723697e-01,3.558590183418532116e-02,-3.833222286969729942e-02,-4.764435147012949907e-04,1.160809653537316988e-03,3.566051657349003775e-04,0.000000000000000000e+00
3.652000000000000135e+00,1.204827022075001963e+01,2.187613616780952697e+01,3.869019826562329900e+00,2.870285367205749685e-02,9.017426473662293080e-05,1.310139620939381754e-05,-9.995879840654523507e-01,6.456137165430257951e-01,3.557676025797774921e-02,-4.261500044474071658e-02,-3.684568033995845138e-04,8.242897031535707103e-04,2.798648695640222443e-04,0.000000000000000000e+00
3.700000000000000178e+00,1.207925737215847484e+01,2.187784340359895197e+01,3.866873573282357590e+00,2.870863508015257526e-02,1.058238052503866002e-04,2.111104894170292930e-05,-9.995878163660659732e-01,6.455227347753511591e-01,3.555827752038744072e-02,-4.642070831222039340e-02,-2.713331920052661911e-04,5.301119924789121987e-04,2.093038069130735614e-04,0.000000000000000000e+00
3.748000000000000220e+00,1.211023982882734629e+01,2.187954956582870381e+01,3.864555866416694574e+00,2.871284031420165417e-02,1.150408784887811599e-04,2.675561812862020580e-05,-9.995876944274694198e-01,6.454200652337027666e-01,3.553299045703321030e-02,-4.980251266897221113e-02,-1.859375670788613048e-04,2.792137705831660138e-04,1.480450888903682340e-04,0.000000000000000000e+00
3.796000000000000263e+00,1.214121717663723743e+01,2.188125438708211590e+01,3.862085802991382266e+00,2.871571263014129766e-02,1.188489509175633173e-04,3.035088281834437009e-05,-9.995876113687548470e-01,6.453112150289977977e-01,3.550312746689957000e-02,-5.280765053059510022e-02,-1.125632948155449688e-04,7.086310376388332518e-05,9.740040050273832345e-05,0.000000000000000000e+00
3.843999999999999861e+00,1.217218924171365124e+01,2.188295769866846285e+01,3.859480352078617837e+00,2.871750930031919877e-02,1.182365514354831297e-04,3.221250624003031964e-05,-9.995875597675560886e-01,6.452007683978457919e-01,3.547059984867632215e-02,-5.547809173416892031e-02,-5.104699816989909729e-05,-9.695103406127342856e-05,5.741497188072313285e-05,0.000000000000000000e+00
3.891999999999999904e+00,1.220315604703988654e+01,2.188465941545815596e+01,3.856754592056597097e+00,2.871847723589701640e-02,1.141314511436751879e-04,3.264570921924638360e-05,-9.995875324220083735e-01,6.450924256554509961e-01,3.543700563887221960e-02,-5.785112693237120379e-02,-8.729056330993871801e-07,-2.271723035114124134e-04,2.731433584487337859e-05,0.000000000000000000e+00
3.939999999999999947e+00,1.223411777153839886e+01,2.188635952116377936e+01,3.853921921386071592e+00,2.871883805559622901e-02,1.073825014761117038e-04,3.193752064137031710e-05,-9.995875228261549283e-01,6.449890640495463678e-01,3.540364309793606057e-02,-5.995988983757959134e-02,3.873423768462930141e-05,-3.233757025767389063e-04,5.854089964308131959e-06,0.000000000000000000e+00
3.987999999999999989e+00,1.226507471248930159e+01,2.188805805446249764e+01,3.850994245865055898e+00,2.871878036879999679e-02,9.874805491599232359e-05,3.035129283280779127e-05,-9.995875254232361451e-01,6.448928136482976470e-01,3.537153129487740494e-02,-6.183382106829644898e-02,6.872811738973367245e-05,-3.895112415396546966e-04,-8.419235318790303980e-06,0.000000000000000000e+00
4.036000000000000476e+00,1.229602725185120171e+01,2.188975509624137672e+01,3.847982144991688003e+00,2.871845729038990588e-02,8.888991525044262303e-05,2.812316682865161302e-05,-9.995875356958635605e-01,6.448051423971746798e-01,3.534143556365371835e-02,-6.349908013780068694e-02,9.017161639526625062e-05,-4.296910503798810426e-04,-1.698427575699077094e-05,0.000000000000000000e+00
4.084000000000000519e+00,1.232697582679363535e+01,2.189145075814880670e+01,3.844895019770538713e+00,2.871798751495446486e-02,7.837181491597938168e-05,2.546017976381140775e-05,-9.995875501439220878e-01,6.447269454575018655e-01,3.531389593020956702e-02,-6.497891139763761759e-02,1.041790098163153291e-04,-4.480173570949955988e-04,-2.122440731292179957e-05,0.000000000000000000e+00
4.131999999999999673e+00,1.235792090454003578e+01,2.189314517255208870e+01,3.841741224035905233e+00,2.871745860410276560e-02,6.766148808809373358e-05,2.253972159277515874e-05,-9.995875661917796862e-01,6.446586348653811083e-01,3.528925692570757111e-02,-6.629396909873415400e-02,1.118689358462514387e-04,-4.484480447716260765e-04,-2.235731181284172743e-05,0.000000000000000000e+00
4.179999999999999716e+00,1.238886296145266996e+01,2.189483848393326682e+01,3.838528181133061157e+00,2.871693145231916239e-02,5.713549330559185172e-05,1.951006892377963518e-05,-9.995875820571484827e-01,6.446002264045762598e-01,3.526769750060228248e-02,-6.746260615341651001e-02,1.143273045760329651e-04,-4.346960179470977874e-04,-2.140207386074153423e-05,0.000000000000000000e+00
4.227999999999999758e+00,1.241980246616214778e+01,2.189653084170068098e+01,3.835262487592180580e+00,2.871644517570962410e-02,4.708603303847382185e-05,1.649174817927067909e-05,-9.995875966054194040e-01,6.445514213580555429e-01,3.524926002985504653e-02,-6.850113066577254162e-02,1.125791843822606742e-04,-4.101583471465949297e-04,-1.917294785430328778e-05,0.000000000000000000e+00
4.275999999999999801e+00,1.245073986645017605e+01,2.189822239435189033e+01,3.831950005246466784e+00,2.871602190473393837e-02,3.772911503978201235e-05,1.357950707240825759e-05,-9.995876092059553519e-01,6.445116814831096663e-01,3.523387764800799127e-02,-6.942403383941087025e-02,1.075686361594542273e-04,-3.778710780724136610e-04,-1.629078388450197495e-05,0.000000000000000000e+00
4.323999999999999844e+00,1.248167557953033580e+01,2.189991328489298184e+01,3.828595943083625830e+00,2.871567115372724438e-02,2.921349774651380170e-05,1.084470126613196757e-05,-9.995876196007805747e-01,6.444802961417848142e-01,3.522139937200594734e-02,-7.024419246484041313e-02,1.001454402571487820e-04,-3.404856543649078171e-04,-1.320497323366396158e-05,0.000000000000000000e+00
4.371999999999999886e+00,1.251260998533365942e+01,2.190160364739806553e+01,3.825204929975609680e+00,2.871539358824122534e-02,2.162995638225235649e-05,8.337931021605941975e-06,-9.995876277914291785e-01,6.444564410128493792e-01,3.521161265893280046e-02,-7.097304882796294512e-02,9.105767145341679897e-05,-3.002630783436585952e-04,-1.022051906106094341e-05,0.000000000000000000e+00
4.419999999999999929e+00,1.254354342238912601e+01,2.190329360458039432e+01,3.821781079303669504e+00,2.871518412025987274e-02,1.502049545519216270e-05,6.091789810791807189e-06,-9.995876339462267390e-01,6.444392282175338549e-01,3.520426320565148842e-02,-7.162077056149580845e-02,8.094911634719110485e-05,-2.590821939040638096e-04,-7.526369219654289642e-06,0.000000000000000000e+00
4.467999999999999972e+00,1.257447618588979132e+01,2.190498326624049952e+01,3.818328046382195140e+00,2.871503433688323698e-02,9.387215374242666218e-06,4.123612611351525349e-06,-9.995876383278800015e-01,6.444277480147343473e-01,3.519907192896709613e-02,-7.219639267791548576e-02,7.036058855231797635e-05,-2.184587943120364615e-04,-5.222426382072148100e-06,0.000000000000000000e+00
4.516000000000000014e+00,1.260540852754962415e+01,2.190667272845692537e+01,3.814849079484004868e+00,2.871493431633354368e-02,4.700614820384680348e-06,2.438135436641792001e-06,-9.995876412397107780e-01,6.444211024695641887e-01,3.519574917023784305e-02,-7.270794377155501143e-02,5.973427399832124561e-05,-1.795726129276461862e-04,-3.343669348284508249e-06,0.000000000000000000e+00
4.564000000000000057e+00,1.263634065688032493e+01,2.190836207338920261e+01,3.811347065180246574e+00,2.871487391218180765e-02,9.071756890487333855e-07,1.029999245965265617e-06,-9.995876429880092839e-01,6.444184316802348267e-01,3.519400624962937957e-02,-7.316255815505447180e-02,4.942032613894007770e-05,-1.432996282176800230e-04,-1.880594010669036724e-06,0.000000000000000000e+00
4.612000000000000099e+00,1.266727274354895805e+01,2.191005136957050325e+01,3.807824568628553674e+00,2.871484359802186845e-02,-2.063866357726545142e-06,-1.139494700956276584e-07,-9.995876438576402068e-01,6.444189332708389895e-01,3.519356455499496328e-02,-7.356657549815565078e-02,3.968502424229455655e-05,-1.102474903775795022e-04,-7.957413340551916863e-07,0.000000000000000000e+00
4.660000000000000142e+00,1.269820492051326077e+01,2.191174067257739466e+01,3.804283869372469429e+00,2.871483496516867226e-02,-4.294615317194678569e-06,-1.012592513928091565e-06,-9.995876440980321354e-01,6.444218759302915434e-01,3.519416239135144536e-02,-7.392562936183913469e-02,3.071990320598778619e-05,-8.079224315755276285e-05,-3.645742257576859019e-08,0.000000000000000000e+00
4.708000000000000185e+00,1.272913728766986630e+01,2.191343002597562872e+01,3.800726993152408362e+00,2.871484095920247281e-02,-5.873482952749624751e-06,-1.688725199636375916e-06,-9.995876439168992489e-01,6.444266078088721761e-01,3.519555984181243352e-02,-7.424472586551957021e-02,2.265135721499691171e-05,-5.511486159326540308e-05,4.557367702982668889e-07,0.000000000000000000e+00
4.756000000000000227e+00,1.276006991578973881e+01,2.191511946245333320e+01,3.797155740172648564e+00,2.871485593035878400e-02,-6.891011335025577749e-06,-2.167498287691968988e-06,-9.995876434794070953e-01,6.444325605814017477e-01,3.519754190227425417e-02,-7.452831358709341436e-02,1.555030943286336747e-05,-3.323644734444306914e-05,7.386671725739862070e-07,0.000000000000000000e+00
4.804000000000000270e+00,1.279100285055321606e+01,2.191680900506555218e+01,3.793571710219318494e+00,2.871487556013475537e-02,-7.436505868820331481e-06,-2.475112586761500351e-06,-9.995876429108843109e-01,6.444392499574068678e-01,3.519992015263154889e-02,-7.478034567311976633e-02,9.441623824308165380e-06,-1.505121355767691902e-05,8.653802496280323014e-07,0.000000000000000000e+00
4.852000000000000313e+00,1.282193611653343090e+01,2.191849866852664164e+01,3.789976324980294020e+00,2.871489671364184024e-02,-7.595417630424852192e-06,-2.637754911999513270e-06,-9.995876423016026857e-01,6.444462733702549517e-01,3.520253321914926237e-02,-7.500433502755370074e-02,4.313011741485940435e-06,-3.566478524464988573e-07,8.818435776257310505e-07,0.000000000000000000e+00
4.900000000000000355e+00,1.285286972101034308e+01,2.192018846049868941e+01,3.786370847878831380e+00,2.871491725522593019e-02,-7.447402271027330712e-06,-2.680758722369907124e-06,-9.995876417125091340e-01,6.444533055150117873e-01,3.520524626793816725e-02,-7.520340335067794701e-02,1.232542211162946664e-07,1.111953596025966643e-05,8.259972536787006066e-07,0.000000000000000000e+00
4.948000000000000398e+00,1.288380365752797374e+01,2.192187838283539136e+01,3.782756401697949578e+00,2.871493585430693815e-02,-7.064976005720338211e-06,-2.627969059961956863e-06,-9.995876411811336348e-01,6.444600923336907261e-01,3.520794975013731565e-02,-7.538032471388514399e-02,-3.190379433495301053e-06,1.969585926451194354e-05,7.277474811403710506e-07,0.000000000000000000e+00
4.996000000000000441e+00,1.291473790913428132e+01,2.192356843275060285e+01,3.779133984241743960e+00,2.871495179954777419e-02,-6.512686497960478570e-06,-2.501289148242006742e-06,-9.995876407271537811e-01,6.444664439708740478e-01,3.521055759701594706e-02,-7.553756427950157615e-02,-5.705585322744633404e-06,2.571700063503756621e-05,6.095679236162209769e-07,0.000000000000000000e+00
5.044000000000000483e+00,1.294567245126606281e+01,2.192525860388989756e+01,3.775504482252319605e+00,2.871496483239728212e-02,-5.846717000428768193e-06,-2.320384944370377720e-06,-9.995876403573152880e-01,6.444722271458598328e-01,3.521300503914098073e-02,-7.567731270690868095e-02,-7.509377043791343384e-06,2.953710278682392527e-05,4.874474832815122097e-07,0.000000000000000000e+00
5.092000000000000526e+00,1.297660725426090167e+01,2.192694888729092995e+01,3.771868683776689046e+00,2.871497500566661670e-02,-5.114845216082587666e-06,-2.102523862901152572e-06,-9.995876400695645758e-01,6.444773573122950516e-01,3.521524619914886967e-02,-7.580151672582767508e-02,-8.693328106721182852e-06,3.150629422170730671e-05,3.719899466097324323e-07,0.000000000000000000e+00
5.139999999999999680e+00,1.300754228549397240e+01,2.192863927222526144e+01,3.768227289156296678e+00,2.871498256890010065e-02,-4.356683356030227552e-06,-1.862524589817148885e-06,-9.995876398563646736e-01,6.444817909048270455e-01,3.521725158342068479e-02,-7.591190630397445793e-02,-9.349669761017281514e-06,3.196018630770052144e-05,2.695286494161946959e-07,0.000000000000000000e+00
5.187999999999999723e+00,1.303847751115020870e+01,2.193032974691939430e+01,3.764580920792590657e+00,2.871498787965658800e-02,-3.604132225604135495e-06,-1.612796200054861923e-06,-9.995876397072341879e-01,6.444855179061852457e-01,3.521900557479463317e-02,-7.601001878862240213e-02,-9.568189277152081479e-06,3.121205993529336029e-05,1.831668220886359937e-07,0.000000000000000000e+00
5.235999999999999766e+00,1.306941289765197034e+01,2.193202029915731188e+01,3.760930131824978595e+00,2.871499133817905988e-02,-2.881989375304156187e-06,-1.363446512410875668e-06,-9.995876396105959349e-01,6.444885549083283482e-01,3.522050400687883054e-02,-7.609722035925710337e-02,-9.433859651889137118e-06,2.954742848707722389e-05,1.136916288965373482e-07,0.000000000000000000e+00
5.283999999999999808e+00,1.310034841276923778e+01,2.193371091677009943e+01,3.757275413842290135e+00,2.871499334206399634e-02,-2.208658993875934908e-06,-1.122441617834457605e-06,-9.995876395550447047e-01,6.444909387884961705e-01,3.522175188091110354e-02,-7.617472509089547039e-02,-9.025122805852380084e-06,2.722065248448718637e-05,6.033791063723409466e-08,0.000000000000000000e+00
5.331999999999999851e+00,1.313128402644398030e+01,2.193540158802064965e+01,3.753617203735410524e+00,2.871499425723889401e-02,-1.596918955068458847e-06,-8.958006774335585606e-07,-9.995876395301478423e-01,6.444927210754094471e-01,3.522276126866881463e-02,-7.624361189421501039e-02,-8.412743801785347675e-06,2.445328289628223047e-05,2.139749157970414181e-08,0.000000000000000000e+00
5.379999999999999893e+00,1.316221971136294755e+01,2.193709230189321246e+01,3.749955889786715346e+00,2.871499440163992681e-02,-1.054707985298145534e-06,-6.878123023479549428e-07,-9.995876395268834536e-01,6.444939630424708632e-01,3.522354942976656245e-02,-7.630483956897440856e-02,-7.659152664665549044e-06,2.143382192732401224e-05,-5.316979737121804437e-09,0.000000000000000000e+00
5.427999999999999936e+00,1.319315544331398016e+01,2.193878304829852866e+01,3.746291817081329079e+00,2.871499403830640035e-02,-5.859030873899659752e-07,-5.012610164113181498e-07,-9.995876395378167079e-01,6.444947315333262594e-01,3.522413715879883084e-02,-7.635926018083773192e-02,-6.818192313412832598e-06,1.831860959548128117e-05,-2.213691378903030191e-08,0.000000000000000000e+00
5.475999999999999979e+00,1.322409120136060423e+01,2.194047381820566400e+01,3.742625292315721275e+00,2.871499337506602453e-02,-1.910639837687970806e-07,-3.376543996132868257e-07,-9.995876395570916229e-01,6.444950955001536030e-01,3.522454736712232054e-02,-7.640763094830646529e-02,-5.935195234154284316e-06,1.523356930091169645e-05,-3.131089485273401588e-08,0.000000000000000000e+00
5.524000000000000021e+00,1.325502696786820245e+01,2.194216460371185562e+01,3.738956588070787568e+00,2.871499256849287599e-02,1.318726716383068800e-07,-1.974434679608124775e-07,-9.995876395803091619e-01,6.444951232159753518e-01,3.522480389550439184e-02,-7.645062480566210128e-02,-5.047317269078015766e-06,1.227657393828155844e-05,-3.486466255903471710e-08,0.000000000000000000e+00
5.572000000000000064e+00,1.328596272841271997e+01,2.194385539806118146e+01,3.735285946609036678e+00,2.871499173032104890e-02,3.869612794185539718e-07,-8.023062982521653151e-08,-9.995876396043372747e-01,6.444948801085198520e-01,3.522493054722288658e-02,-7.648883978934814531e-02,-4.184063714318687437e-06,9.520224242351780811e-06,-3.452764239567062439e-08,0.000000000000000000e+00
5.620000000000000107e+00,1.331689847160025231e+01,2.194554619562210007e+01,3.731613583248919230e+00,2.871499093495853347e-02,5.796848875195866919e-07,1.503885044331771341e-08,-9.995876396270954034e-01,6.444944271540109515e-01,3.522495032629803513e-02,-7.652280737880778894e-02,-3.367950387113174514e-06,7.014861634950827426e-06,-3.170791259443219804e-08,0.000000000000000000e+00
5.668000000000000149e+00,1.334783418882259731e+01,2.194723699183346710e+01,3.727939689363377607e+00,2.871499022714380303e-02,7.164659635246393196e-07,8.990456424618866038e-08,-9.995876396473356573e-01,6.444938197640717181e-01,3.522488486215819004e-02,-7.655299990820500777e-02,-2.615250053189054104e-06,4.791667752561166233e-06,-2.750028237320568975e-08,0.000000000000000000e+00
5.716000000000000192e+00,1.337876987397070394e+01,2.194892778312730286e+01,3.724264435044496668e+00,2.871498962911758421e-02,8.042507770417910486e-07,1.462393475706974528e-07,-9.995876396644420847e-01,6.444931070970080222e-01,3.522475399997856277e-02,-7.657983715250561707e-02,-1.936782307409846328e-06,2.865731258105362465e-06,-2.271510669766093292e-08,0.000000000000000000e+00
5.764000000000000234e+00,1.340970552312459496e+01,2.195061856683568635e+01,3.720587971471434940e+00,2.871498914694153512e-02,8.501653312353459332e-07,1.861188681085947571e-07,-9.995876396782488182e-01,6.444923317254741546e-01,3.522457553497057581e-02,-7.660369217986866264e-02,-1.338712415006163250e-06,1.238988850658001574e-06,-1.791829764927969952e-08,0.000000000000000000e+00
5.812000000000000277e+00,1.344064113423513973e+01,2.195230934108818843e+01,3.716910433014702253e+00,2.871498877579098385e-02,8.612388849247910247e-07,2.117121408455311993e-07,-9.995876396888963011e-01,6.444915295953184131e-01,3.522436506884209229e-02,-7.662489655207764538e-02,-8.233315913481821596e-07,-9.702882447841871238e-08,-1.347553910489233957e-08,0.000000000000000000e+00
5.860000000000000320e+00,1.347157670681009023e+01,2.195400010470511987e+01,3.713231939106148793e+00,2.871498850418716109e-02,8.441897396486533282e-07,2.251920865181970389e-07,-9.995876396967102728e-01,6.444907302147424577e-01,3.522413596730301910e-02,-7.664374494562772866e-02,-3.897975823530209124e-07,-1.158694635977739806e-06,-9.595879034703073695e-09,0.000000000000000000e+00
5.908000000000000362e+00,1.350251224161396024e+01,2.195569085709093216e+01,3.709552595900770466e+00,2.871498831722709907e-02,8.052670620911596911e-07,2.286647895961899818e-07,-9.995876397021123960e-01,6.444899570183133530e-01,3.522389939868895981e-02,-7.666049925802118081e-02,-3.482012454473571930e-08,-1.968055914074740291e-06,-6.371635791674095060e-09,0.000000000000000000e+00
5.956000000000000405e+00,1.353344774038878562e+01,2.195738159813114265e+01,3.705872497753518680e+00,2.871498819892373544e-02,7.501420028838228989e-07,2.241157941741103623e-07,-9.995876397055549756e-01,6.444892278564335886e-01,3.522366443536176922e-02,-7.667539225662170499e-02,2.467191212033720442e-07,-2.550893703377994521e-06,-3.812921017488101561e-09,0.000000000000000000e+00
6.004000000000000448e+00,1.356438320560072341e+01,2.195907232809543075e+01,3.702191728531725623e+00,2.871498813379619319e-02,6.838411912198066844e-07,2.133715783063515057e-07,-9.995876397074761055e-01,6.444885555672761335e-01,3.522343820138878340e-02,-7.668863082104131201e-02,4.612182813441797229e-07,-2.935072587440530663e-06,-1.876090237602739301e-09,0.000000000000000000e+00
6.052000000000000490e+00,1.359531864021540137e+01,2.196076304754867792e+01,3.698510362781446847e+00,2.871498810785678285e-02,6.107157676570830056e-07,1.980742508270698210e-07,-9.995876397082720244e-01,6.444879485946352071e-01,3.522322605198881934e-02,-7.670039882435333856e-02,6.158811553771307665e-07,-3.149173385420257275e-06,-4.861350239778216958e-10,0.000000000000000000e+00
6.100000000000000533e+00,1.362625404750345481e+01,2.196245375727118443e+01,3.694828466764017882e+00,2.871498810913469812e-02,5.344394061218731411e-07,1.796675013732656428e-07,-9.995876397082826825e-01,6.444874116214180937e-01,3.522303177226684262e-02,-7.671085969338306554e-02,7.183168979850003831e-07,-3.221393410791659231e-06,4.465180125687590906e-10,0.000000000000000000e+00
6.147999999999999687e+00,1.365718943087631132e+01,2.196414445818869154e+01,3.691146099377245360e+00,2.871498812786160010e-02,4.580292176489430142e-07,1.593918871104088017e-07,-9.995876397077863018e-01,6.444869461944352507e-01,3.522285778476782342e-02,-7.672015868383944004e-02,7.762108265097975447e-07,-3.178693484576930051e-06,1.014080061514762643e-09,0.000000000000000000e+00
6.195999999999999730e+00,1.368812479375135105e+01,2.196583515131236553e+01,3.687463312974108121e+00,2.871498815642520991e-02,3.838839759384692939e-07,1.382876429018138227e-07,-9.995876397069993757e-01,6.444865513216174735e-01,3.522270535730150087e-02,-7.672842490206926991e-02,7.970619649568355710e-07,-3.046167240065340028e-06,1.303512569633906665e-09,0.000000000000000000e+00
6.243999999999999773e+00,1.371906013944464853e+01,2.196752583768865463e+01,3.683780154090376069e+00,2.871498818917702506e-02,3.138347181294271772e-07,1.172033414233372867e-07,-9.995876397060857732e-01,6.444862240277151599e-01,3.522257480428224452e-02,-7.673577310167670196e-02,7.879817186244884647e-07,-2.846606171800538916e-06,1.391837983283576698e-09,0.000000000000000000e+00
6.291999999999999815e+00,1.374999547108913234e+01,2.196921651835852174e+01,3.680096664091280445e+00,2.871498822216008232e-02,2.492034192392731982e-07,9.680889391789768155e-08,-9.995876397051586260e-01,6.444859598588706939e-01,3.522246567646020871e-02,-7.674230528008900432e-02,7.555472847884253681e-07,-2.600233109210811928e-06,1.343866180562897415e-09,0.000000000000000000e+00
6.339999999999999858e+00,1.378093079157548395e+01,2.197090719432540240e+01,3.676412879746253637e+00,2.871498825280616521e-02,1.908660877627780320e-07,7.761156041925286623e-08,-9.995876397042928740e-01,6.444857533301887598e-01,3.522237693537345893e-02,-7.674811209738023610e-02,7.057029986937830305e-07,-2.324577076554500387e-06,1.211649276471077673e-09,0.000000000000000000e+00
6.387999999999999901e+00,1.381186610351295663e+01,2.197259786653104285e+01,3.672728833739752563e+00,2.871498827963589809e-02,1.393172608312215615e-07,5.997382161062358080e-08,-9.995876397035321492e-01,6.444855983135562294e-01,3.522230711011567483e-02,-7.675327413714548574e-02,6.437027060723830376e-07,-2.034463609432742552e-06,1.035091782449351545e-09,0.000000000000000000e+00
6.435999999999999943e+00,1.384280140920727753e+01,2.197428853583841857e+01,3.669044555125266616e+00,2.871498830198328245e-02,9.473347339349173701e-08,4.413214621132343224e-08,-9.995876397028962135e-01,6.444854883655247724e-01,3.522225443509055531e-02,-7.675786302703407893e-02,5.740863852738128135e-07,-1.742096314981878672e-06,8.432595061949087264e-10,0.000000000000000000e+00
6.483999999999999986e+00,1.387373671065273761e+01,2.197597920302073859e+01,3.665360069728849535e+00,2.871498831975684285e-02,5.703382492084565137e-08,3.021586231480751052e-08,-9.995876397023891746e-01,6.444854169970828384e-01,3.522221696831620563e-02,-7.676194243457734601e-02,5.006845723123071578e-07,-1.457207613515401953e-06,6.560404183431745526e-10,0.000000000000000000e+00
6.532000000000000028e+00,1.390467200953581717e+01,2.197766986875563688e+01,3.661675400507776956e+00,2.871498833324239233e-02,2.593626117166217392e-08,1.826550428796353482e-08,-9.995876397020034831e-01,6.444853778886761031e-01,3.522219269056122565e-02,-7.676556895220480736e-02,4.266446018743459233e-07,-1.187259011278394018e-06,4.859070538037908954e-10,0.000000000000000000e+00
6.580000000000000071e+00,1.393560730724778196e+01,2.197936053362363040e+01,3.657990567869331855e+00,2.871498834294736874e-02,1.008623092641717185e-09,8.250155942346544806e-09,-9.995876397017252613e-01,6.444853650549292601e-01,3.522217958615216776e-02,-7.676879288379263866e-02,3.544732401369974918e-07,-9.376738019615074140e-07,3.396116097908110535e-10,0.000000000000000000e+00
6.628000000000000114e+00,1.396654260490400112e+01,2.198105119810999852e+01,3.654305589954156108e+00,2.871498834948382067e-02,-1.828611167218065865e-08,8.344375444501014836e-11,-9.995876397015364123e-01,6.444853729642400220e-01,3.522217570670557740e-02,-7.677165894371291988e-02,2.860908964024736976e-07,-7.120876580488721537e-07,2.197097665748202837e-10,0.000000000000000000e+00
6.676000000000000156e+00,1.399747790336796704e+01,2.198274186260935181e+01,3.650620482888097929e+00,2.871498835348518588e-02,-3.255065615484710652e-08,-6.362049853325920694e-09,-9.995876397014211712e-01,6.444853966188043293e-01,3.522217921932384310e-02,-7.677420687812935851e-02,2.228932414527562464e-07,-5.126050725638283810e-07,1.258594565117672244e-10,0.000000000000000000e+00
6.724000000000000199e+00,1.402841320327823027e+01,2.198443252743209797e+01,3.646935261006074125e+00,2.871498835555079399e-02,-4.242031667153965861e-08,-1.124208399064211002e-08,-9.995876397013614412e-01,6.444854316007627704e-01,3.522218844097018547e-02,-7.677647201718798553e-02,1.658167010269170220e-07,-3.400519743865138309e-07,5.587644268333314117e-11,0.000000000000000000e+00
6.772000000000000242e+00,1.405934850507680522e+01,2.198612319281227556e+01,3.643249937051044718e+00,2.871498835621293100e-02,-4.853577572223200920e-08,-1.472981588713326787e-08,-9.995876397013421233e-01,6.444854740900711754e-01,3.522220186082234555e-02,-7.677848576581443318e-02,1.154049103631306192e-07,-1.942170179975866811e-07,6.553630182414953958e-12,0.000000000000000000e+00
6.820000000000000284e+00,1.409028380903781219e+01,2.198781385891617290e+01,3.639564522350881237e+00,2.871498835592048784e-02,-5.152140815834809085e-08,-1.700659823895912720e-08,-9.995876397013502279e-01,6.444855208594411078e-01,3.522221815241230458e-02,-7.678027603993403671e-02,7.187379636074692508e-08,-7.407601277555180861e-08,-2.573364584496446122e-11,0.000000000000000000e+00
6.868000000000000327e+00,1.412121911529539986e+01,2.198950452585128446e+01,3.635879026975573858e+00,2.871498835503476926e-02,-5.196867507148098400e-08,-1.825444690747300878e-08,-9.995876397013754300e-01,6.444855692513261625e-01,3.522223617730837336e-02,-7.678186765419632576e-02,3.517349156552700766e-08,2.200431716095741744e-08,-4.460604155464688674e-11,0.000000000000000000e+00
6.916000000000000369e+00,1.415215442387018285e+01,2.199119519367528852e+01,3.632193459876971620e+00,2.871498835383340734e-02,-5.042406938766900126e-08,-1.865006971035805386e-08,-9.995876397014100689e-01,6.444856171414649060e-01,3.522225498199820642e-02,-7.678328266659849299e-02,5.045758179788567171e-09,9.608556353157095190e-08,-5.340861768297270657e-11,0.000000000000000000e+00
6.964000000000000412e+00,1.418308973469368972e+01,2.199288586240474075e+01,3.628507829012996844e+00,2.871498835251914614e-02,-4.738104883986449549e-08,-1.836031986929578493e-08,-9.995876397014481496e-01,6.444856628929852560e-01,3.522227378950141402e-02,-7.678454068480328187e-02,-1.892397344174575679e-08,1.505009301442427656e-07,-5.505670094014065212e-11,0.000000000000000000e+00
7.012000000000000455e+00,1.421402504763040930e+01,2.199457653202321694e+01,3.624822141458051483e+00,2.871498835123117641e-02,-4.327538041070373455e-08,-1.753892061021258716e-08,-9.995876397014852310e-01,6.444857053045364159e-01,3.522229198708828196e-02,-7.678565913841126078e-02,-3.726048879196582080e-08,1.877226504169475946e-07,-5.196880750712574975e-11,0.000000000000000000e+00
7.060000000000000497e+00,1.424496036249727382e+01,2.199626720248883771e+01,3.621136403501158174e+00,2.871498835005725433e-02,-3.848333005362697991e-08,-1.632429888249160940e-08,-9.995876397015192039e-01,6.444857435553857927e-01,3.522230911131695591e-02,-7.678665352097406582e-02,-5.055882894290277764e-08,2.102527787688749529e-07,-4.606092300805311066e-11,0.000000000000000000e+00
7.108000000000000540e+00,1.427589567908050938e+01,2.199795787374098666e+01,3.617450620733199340e+00,2.871498834904534156e-02,-3.332215781261622442e-08,-1.483836461982782932e-08,-9.995876397015485137e-01,6.444857771498907484e-01,3.522232483143265119e-02,-7.678753760511163040e-02,-5.945047364087606144e-08,2.205359994328353514e-07,-3.878067200283016709e-11,0.000000000000000000e+00
7.156000000000000583e+00,1.430683099714979534e+01,2.199964854570624340e+01,3.613764798124460942e+00,2.871498834821413493e-02,-2.805241687792046913e-08,-1.318607598872001343e-08,-9.995876397015727166e-01,6.444858058632766395e-01,3.522233893200577698e-02,-7.678832363372463388e-02,-6.457546007582911112e-08,2.208926603892384024e-07,-3.116458725583903787e-11,0.000000000000000000e+00
7.203999999999999737e+00,1.433776631646991895e+01,2.200133921830345329e+01,3.610078940093556898e+00,2.871498834756205931e-02,-2.288160192060722288e-08,-1.145563938888786014e-08,-9.995876397015915904e-01,6.444858296901972983e-01,3.522235129552575561e-02,-7.678902248996043178e-02,-6.656008502887708602e-08,2.134699553942070829e-07,-2.390614658193486003e-11,0.000000000000000000e+00
7.251999999999999780e+00,1.436870163681006751e+01,2.200302989144800492e+01,3.606393050568700964e+00,2.871498834707458467e-02,-1.796874382256442305e-08,-9.719204389176240621e-09,-9.995876397016056902e-01,6.444858487971557581e-01,3.522236188551833291e-02,-7.678964384829094214e-02,-6.599973033274317737e-08,2.002090200222400240e-07,-1.742532435385640527e-11,0.000000000000000000e+00
7.299999999999999822e+00,1.439963695795093557e+01,2.200472056505529039e+01,3.602707133042171161e+00,2.871498834672997491e-02,-1.342960198018073996e-08,-8.033927295251294403e-09,-9.995876397016156822e-01,6.444858634795099794e-01,3.522237073061768031e-02,-7.679019630880327962e-02,-6.344628658730563619e-08,1.828256638566402800e-07,-1.193424216173789229e-11,0.000000000000000000e+00
7.347999999999999865e+00,1.443057227968988165e+01,2.200641123904343033e+01,3.599021190618717281e+00,2.871498834650347901e-02,-9.342159405982732406e-09,-6.443291771530957679e-09,-9.995876397016222326e-01,6.444858741234853472e-01,3.522237790990347117e-02,-7.679068751656903391e-02,-5.939961062625477961e-08,1.628024860297621374e-07,-7.495131971191789829e-12,0.000000000000000000e+00
7.395999999999999908e+00,1.446150760184445083e+01,2.200810191333536636e+01,3.595335226058595346e+00,2.871498834637014122e-02,-5.752178174439755659e-09,-4.978590137132893224e-09,-9.995876397016261183e-01,6.444858811733644721e-01,3.522238353970728875e-02,-7.679112426774858946e-02,-5.430244518094430154e-08,1.413902345356723967e-07,-4.068807667547510796e-12,0.000000000000000000e+00
7.443999999999999950e+00,1.449244292425439795e+01,2.200979258786033554e+01,3.591649241815815241e+00,2.871498834630689667e-02,-2.678621925269358745e-09,-3.660484068244845053e-09,-9.995876397016280057e-01,6.444858851038232084e-01,3.522238776200234400e-02,-7.679151260390564004e-02,-4.853823378384495685e-08,1.196164116687337948e-07,-1.553495106137663982e-12,0.000000000000000000e+00
7.491999999999999993e+00,1.452337824678253497e+01,2.201148326255483667e+01,3.587963240072148619e+00,2.871498834629361563e-02,-1.187972658090704599e-10,-2.500577965323961973e-09,-9.995876397016283388e-01,6.444858863972153795e-01,3.522239073441602725e-02,-7.679185789584096200e-02,-4.243129509576464767e-08,9.829931768983407202e-08,1.850055071722071175e-13,0.000000000000000000e+00
7.540000000000000036e+00,1.455431356931462261e+01,2.201317393736314543e+01,3.584277222767347393e+00,2.871498834631354413e-02,1.946893667416850704e-09,-1.502951893593063313e-09,-9.995876397016277837e-01,6.444858855254955721e-01,3.522239262184412995e-02,-7.679216491811044487e-02,-3.624885201606165217e-08,7.806592531716249891e-08,1.291725778154671143e-12,0.000000000000000000e+00
7.588000000000000078e+00,1.458524889175850348e+01,2.201486461223748492e+01,3.580591191626014691e+00,2.871498834635338379e-02,3.550661757226304383e-09,-6.656134401053854576e-10,-9.995876397016264514e-01,6.444858829363812047e-01,3.522239358959880495e-02,-7.679243791526228768e-02,-3.020446491412120520e-08,5.937219494238585438e-08,1.907750469729755341e-12,0.000000000000000000e+00
7.636000000000000121e+00,1.461618421404263835e+01,2.201655528713791554e+01,3.576905148181483529e+00,2.871498834640304892e-02,4.733542610392334264e-09,1.816101511387705953e-11,-9.995876397016251191e-01,6.444858790432995699e-01,3.522239379798738912e-02,-7.679268066071207044e-02,-2.446246066427149902e-08,4.252465260339026630e-08,2.161039922633523313e-12,0.000000000000000000e+00
7.684000000000000163e+00,1.464711953611429074e+01,2.201824596203195483e+01,3.573219093797048718e+00,2.871498834645530226e-02,5.542128107618416557e-09,5.586153745242378212e-10,-9.995876397016237869e-01,6.444858742186450051e-01,3.522239339819473875e-02,-7.679289650907655806e-02,-1.914300924048341797e-08,2.770225884655816711e-08,2.161438809905942866e-12,0.000000000000000000e+00
7.732000000000000206e+00,1.467805485793744502e+01,2.201993663689408010e+01,3.569533029684837988e+00,2.871498834650529006e-02,6.025814064044214838e-09,9.684446512654854741e-10,-9.995876397016224546e-01,6.444858687898568084e-01,3.522239252932694159e-02,-7.679308844269118473e-02,-1.432754682277847498e-08,1.497779760632470421e-08,1.998798273946373585e-12,0.000000000000000000e+00
7.780000000000000249e+00,1.470899017949058951e+01,2.202162731170508891e+01,3.565846956922582134e+00,2.871498834655004939e-02,6.234544226517060785e-09,1.261872037363601985e-09,-9.995876397016211223e-01,6.444858630378452746e-01,3.522239131646673349e-02,-7.679325911295740992e-02,-1.006430084431498859e-08,4.338186836132710476e-09,1.743311372470294437e-12,0.000000000000000000e+00
7.828000000000000291e+00,1.473992550076449248e+01,2.202331798645139571e+01,3.562160876468535076e+00,2.871498834658806065e-02,6.217018812836592960e-09,1.453871046392064804e-09,-9.995876397016197901e-01,6.444858571973142158e-01,3.522238986959008722e-02,-7.679341087709488922e-02,-6.373717305541514283e-09,-4.296722862247320216e-09,1.447215684819211135e-12,0.000000000000000000e+00
7.876000000000000334e+00,1.477086082176002790e+01,2.202500866112427502e+01,3.558474789174722819e+00,2.871498834661885893e-02,6.019327382596234202e-09,1.559527167378655848e-09,-9.995876397016184578e-01,6.444858514585661835e-01,3.522238828319729925e-02,-7.679354583080991170e-02,-3.253637910694012331e-09,-1.105715354417666287e-08,1.147254041993093921e-12,0.000000000000000000e+00
7.924000000000000377e+00,1.480179614248610953e+01,2.202669933571915450e+01,3.554788695798732245e+00,2.871498834664269056e-02,5.683960533447778096e-09,1.593530154951024026e-09,-9.995876397016176806e-01,6.444858459704093656e-01,3.522238663652003249e-02,-7.679366583733256146e-02,-6.841134508212812554e-10,-1.610838195749868958e-08,8.673834708304612940e-13,0.000000000000000000e+00
7.972000000000000419e+00,1.483273146295778488e+01,2.202839001023488663e+01,3.551102597014184958e+00,2.871498834666022168e-02,5.249152139479753267e-09,1.569785785260571152e-09,-9.995876397016176806e-01,6.444858408438375319e-01,3.522238499417639640e-02,-7.679377255322607232e-02,1.368223005516599008e-09,-1.963777101628598190e-08,6.216292601981134975e-13,0.000000000000000000e+00
8.019999999999999574e+00,1.486366678319455126e+01,2.203008068467303815e+01,3.547416493420050276e+00,2.871498834667238209e-02,4.748503334950518014e-09,1.501134393299408685e-09,-9.995876397016176806e-01,6.444858361561957016e-01,3.522238340715849736e-02,-7.679386745133234826e-02,2.946273728944526918e-09,-2.184383647992504395e-08,4.164338757046611375e-13,0.000000000000000000e+00
8.067999999999999616e+00,1.489460210321883693e+01,2.203177135903732164e+01,3.543730385548922168e+00,2.871498834668016753e-02,4.210840570974057867e-09,1.399162747364432379e-09,-9.995876397016176806e-01,6.444858319555860637e-01,3.522238191405086677e-02,-7.679395184116460937e-02,4.099102483625056091e-09,-2.292727847160332156e-08,2.528028622038362511e-13,0.000000000000000000e+00
8.115999999999999659e+00,1.492553742305471332e+01,2.203346203333300579e+01,3.540044273874382252e+00,2.871498834668453556e-02,3.660262533489466205e-09,1.274095700539432239e-09,-9.995876397016176806e-01,6.444858282653210813e-01,3.522238054239188593e-02,-7.679402688703459989e-02,4.879071473020246850e-09,-2.308385026047070318e-08,1.282984871401404402e-13,0.000000000000000000e+00
8.163999999999999702e+00,1.495647274272682203e+01,2.203515270756641797e+01,3.536358158817541231e+00,2.871498834668638131e-02,3.116334136279000359e-09,1.134754293970723695e-09,-9.995876397016176806e-01,6.444858250882626871e-01,3.522237931010431533e-02,-7.679409362416587947e-02,5.339476043044369165e-09,-2.249891066371126044e-08,3.838469644153364950e-14,0.000000000000000000e+00
8.211999999999999744e+00,1.498740806225950806e+01,2.203684338174453927e+01,3.532672040752859122e+00,2.871498834668646111e-02,2.594389873106513819e-09,9.885676836364473083e-10,-9.995876397016176806e-01,6.444858224109282219e-01,3.522237822693442821e-02,-7.679415297301761534e-02,5.532643191987395284e-09,-2.134347804746019714e-08,-2.247059262040197993e-14,0.000000000000000000e+00
8.259999999999999787e+00,1.501834338167612337e+01,2.203853405587462078e+01,3.528985920013311350e+00,2.871498834668539946e-02,2.105913203160057835e-09,8.416272122380341321e-10,-9.995876397016176806e-01,6.444858202072774045e-01,3.522237729585166871e-02,-7.679420575201725829e-02,5.508462678840022466e-09,-1.977159957563137964e-08,-6.001833531322476655e-14,0.000000000000000000e+00
8.307999999999999829e+00,1.504927870099851361e+01,2.204022472996391713e+01,3.525299796894990401e+00,2.871498834668367861e-02,1.658963277673279240e-09,6.987719926672376098e-10,-9.995876397016176806e-01,6.444858184421203839e-01,3.522237651437208628e-02,-7.679425268887912770e-02,5.313303523337253367e-09,-1.791883875309090650e-08,-7.971369177007505368e-14,0.000000000000000000e+00
8.355999999999999872e+00,1.508021402024667523e+01,2.204191540401945204e+01,3.521613671661193212e+00,2.871498834668165592e-02,1.258624836244408935e-09,5.636966726449181571e-10,-9.995876397016176806e-01,6.444858170741157855e-01,3.522237587577912304e-02,-7.679429443066636274e-02,4.989269956691748945e-09,-1.590169633332745415e-08,-8.640833660856474257e-14,0.000000000000000000e+00
8.403999999999999915e+00,1.511114933943851746e+01,2.204360607804783712e+01,3.517927544546057383e+00,2.871498834667959160e-02,9.074614803062070257e-10,4.390732491939959003e-10,-9.995876397016176806e-01,6.444858160583455398e-01,3.522237537022404608e-02,-7.679433155273496237e-02,4.573750815374824343e-09,-1.381778314687052055e-08,-8.419423469088371213e-14,0.000000000000000000e+00
8.451999999999999957e+00,1.514208465858973796e+01,2.204529675205515105e+01,3.514241415757787479e+00,2.871498834667766606e-02,6.059566279639661893e-10,3.266800699615822732e-10,-9.995876397016176806e-01,6.444858153484703811e-01,3.522237498569592146e-02,-7.679436456668603528e-02,4.099213650256537947e-09,-1.174658084831136087e-08,-7.642822463363072446e-14,0.000000000000000000e+00
8.500000000000000000e+00,1.517301997771382283e+01,2.204698742604686501e+01,3.510555285481534948e+00,2.871498834667596603e-02,3.529302085358258423e-10,2.275323719099386825e-10,-9.995876397016176806e-01,6.444858148984828894e-01,3.522237470885757060e-02,-7.679439392743429849e-02,3.593200341224736255e-09,-9.750639258528370168e-09,-6.566699145922831247e-14,0.000000000000000000e+00
8.548000000000000043e+00,1.520395529682208213e+01,2.204867810002778228e+01,3.506869153881944978e+00,2.871498834667454356e-02,1.459224686656964504e-10,1.420098663604798013e-10,-9.995876397016176806e-01,6.444858146640868313e-01,3.522237452574858430e-02,-7.679442003949288331e-02,3.078479963793329242e-09,-7.877078607461680555e-09,-5.378284699706217866e-14,0.000000000000000000e+00
8.596000000000000085e+00,1.523489061592377602e+01,2.205036877400204176e+01,3.503183021105436890e+00,2.871498834667340905e-02,-1.846079930879445771e-11,6.997788481893612296e-11,-9.995876397016176806e-01,6.444858146037332203e-01,3.522237442236103577e-02,-7.679444326256039399e-02,2.573322847655905843e-09,-6.159284378378104708e-09,-4.206523598858980571e-14,0.000000000000000000e+00
8.644000000000000128e+00,1.526582593502625151e+01,2.205205944797310735e+01,3.499496887282215418e+00,2.871498834667253475e-02,-1.442448533246847153e-10,1.089956950001047980e-11,-9.995876397016176806e-01,6.444858146793539522e-01,3.522237438509583790e-02,-7.679446391648835080e-02,2.091860710830471045e-09,-4.618694167420348407e-09,-3.134444665294159424e-14,0.000000000000000000e+00
8.692000000000000171e+00,1.529676125413513077e+01,2.205375012194381767e+01,3.495810752528072829e+00,2.871498834667190331e-02,-2.358255492341207908e-10,-3.606262222004290707e-11,-9.995876397016176806e-01,6.444858148568305412e-01,3.522237440111049278e-02,-7.679448228569740742e-02,1.644504070210011430e-09,-3.266601673897488585e-09,-2.204712183815207327e-14,0.000000000000000000e+00
8.740000000000000213e+00,1.532769657325451185e+01,2.205544079591642515e+01,3.492124616945981419e+00,2.871498834667147657e-02,-2.977513425810227179e-10,-7.195708285505085914e-11,-9.995876397016176806e-01,6.444858151062377027e-01,3.522237445856964827e-02,-7.679449862310400166e-02,1.238389328374514631e-09,-2.105912695634109141e-09,-1.438896201757697887e-14,0.000000000000000000e+00
8.788000000000000256e+00,1.535863189238716053e+01,2.205713146989263507e+01,3.488438480627516380e+00,2.871498834667121289e-02,-3.345459931175882264e-10,-9.796533195071809664e-11,-9.995876397016176806e-01,6.444858154019038610e-01,3.522237454681093061e-02,-7.679451315361170149e-02,8.778388722168317082e-10,-1.132808187550032206e-09,-8.375518306339436490e-15,0.000000000000000000e+00
8.836000000000000298e+00,1.538956721153471996e+01,2.205882214387366247e+01,3.484752343654114348e+00,2.871498834667107411e-02,-3.505691722891711989e-10,-1.153363492563595747e-10,-9.995876397016176806e-01,6.444858157223214423e-01,3.522237465643859172e-02,-7.679452607721436175e-02,5.648130003270821671e-10,-3.382746707930758846e-10,-3.875942990822909602e-15,0.000000000000000000e+00
8.884000000000000341e+00,1.542050253069791133e+01,2.206051281786033158e+01,3.481066206098200944e+00,2.871498834667102207e-02,-3.499115807242267579e-10,-1.253325405392333426e-10,-9.995876397016176806e-01,6.444858160499438160e-01,3.522237477935689226e-02,-7.679453757175692952e-02,2.993432541413951018e-10,2.905147497383855995e-10,-6.816727456871022758e-16,0.000000000000000000e+00
8.932000000000000384e+00,1.545143784987670266e+01,2.206220349185309360e+01,3.477380068024185533e+00,2.871498834667103595e-02,-3.363207336175992160e-10,-1.291865921373120777e-10,-9.995876397016176806e-01,6.444858163708981902e-01,3.522237490875519683e-02,-7.679454779538920361e-02,7.993515134409241006e-11,7.689873890254054668e-10,1.436474182008464207e-15,0.000000000000000000e+00
8.980000000000000426e+00,1.548237316907048999e+01,2.206389416585210839e+01,3.473693929489348076e+00,2.871498834667108452e-02,-3.131534000900932526e-10,-1.280683452574315035e-10,-9.995876397016176806e-01,6.444858166746411099e-01,3.522237503905491229e-02,-7.679455688874767261e-02,-9.606268718108470836e-11,1.114126928196107817e-09,2.698163347850338488e-15,0.000000000000000000e+00
9.028000000000000469e+00,1.551330848827823772e+01,2.206558483985729069e+01,3.470007790544633597e+00,2.871498834667116778e-02,-2.833506396294258421e-10,-1.230606367953348229e-10,-9.995876397016176806e-01,6.444858169535799819e-01,3.522237516582842759e-02,-7.679456497689590710e-02,-2.321316765902952286e-10,1.343598181306455213e-09,3.295304731809441082e-15,0.000000000000000000e+00
9.076000000000000512e+00,1.554424380749861179e+01,2.206727551386840247e+01,3.466321651235348522e+00,2.871498834667125105e-02,-2.494314987733779005e-10,-1.151429748902623111e-10,-9.995876397016176806e-01,6.444858172026810550e-01,3.522237528569816672e-02,-7.679457217104959654e-02,-3.322986846116967237e-10,1.475034232238365262e-09,3.411878149395082992e-15,0.000000000000000000e+00
9.124000000000000554e+00,1.557517912673009874e+01,2.206896618788502451e+01,3.462635511601786842e+00,2.871498834667133432e-02,-2.135016464100073408e-10,-1.051819472888757409e-10,-9.995876397016176806e-01,6.444858174190767341e-01,3.522237539622336683e-02,-7.679457857011062760e-02,-4.008918268889482104e-10,1.525474395395726660e-09,3.234242465455057788e-15,0.000000000000000000e+00
9.172000000000000597e+00,1.560611444597109809e+01,2.207065686190668075e+01,3.458949371679785667e+00,2.871498834667141759e-02,-1.772735254972757146e-10,-9.392726410799017669e-11,-9.995876397016176806e-01,6.444858176016886597e-01,3.522237549578080551e-02,-7.679458426203104870e-02,-4.423394833070627168e-10,1.510939666419780881e-09,2.863110768651791308e-15,0.000000000000000000e+00
9.220000000000000639e+00,1.563704976521998269e+01,2.207234753593280630e+01,3.455263231501215948e+00,2.871498834667148004e-02,-1.420949499547172883e-10,-8.201235059908775181e-11,-9.995876397016176806e-01,6.444858177508715480e-01,3.522237558344432085e-02,-7.679458932502611357e-02,-4.610083608620354473e-10,1.446129864450235466e-09,2.370647555585917781e-15,0.000000000000000000e+00
9.268000000000000682e+00,1.566798508447519822e+01,2.207403820996281851e+01,3.451577091094427008e+00,2.871498834667152167e-02,-1.089834314879927124e-10,-6.995854658280198880e-11,-9.995876397016176806e-01,6.444858178680880068e-01,3.522237565886750937e-02,-7.679459382865262695e-02,-4.610757625018606060e-10,1.344228954517895582e-09,1.902767852351030270e-15,0.000000000000000000e+00
9.316000000000000725e+00,1.569892040373525433e+01,2.207572888399613120e+01,3.447890950484630235e+00,2.871498834667156330e-02,-7.866392685165124620e-11,-5.818199893698787874e-11,-9.995876397016176806e-01,6.444858179556164357e-01,3.522237572217253032e-02,-7.679459783476788592e-02,-4.464372609798033520e-10,1.216798832507898227e-09,1.471366905639540629e-15,0.000000000000000000e+00
9.364000000000000767e+00,1.572985572299880452e+01,2.207741955803218659e+01,3.444204809694250802e+00,2.871498834667160494e-02,-5.160804849735203123e-11,-4.700246108994724964e-11,-9.995876397016176806e-01,6.444858180162943428e-01,3.522237577384738222e-02,-7.679460139838309440e-02,-4.206410180602632230e-10,1.073749471262580420e-09,1.066135501651358255e-15,0.000000000000000000e+00
9.412000000000000810e+00,1.576079104226463556e+01,2.207911023207043044e+01,3.440518668743233643e+00,2.871498834667162575e-02,-2.807316510352992341e-11,-3.665332298371107182e-11,-9.995876397016176806e-01,6.444858180533018510e-01,3.522237581465294948e-02,-7.679460456842115978e-02,-3.868473724006776248e-10,9.233683636960921873e-10,6.862806239403222260e-16,0.000000000000000000e+00
9.460000000000000853e+00,1.579172636153169940e+01,2.208080090611037249e+01,3.436832527649320124e+00,2.871498834667162575e-02,-8.140134808212434020e-12,-2.729230928523902867e-11,-9.995876397016176806e-01,6.444858180699759576e-01,3.522237584554104711e-02,-7.679460738839091749e-02,-3.478088111281580172e-10,7.723965619693520365e-10,4.214131309226061648e-16,0.000000000000000000e+00
9.508000000000000895e+00,1.582266168079911139e+01,2.208249158015156866e+01,3.433146386428287844e+00,2.871498834667162575e-02,8.251236727695183461e-12,-1.901233633020487694e-11,-9.995876397016176806e-01,6.444858180696629857e-01,3.522237586758351913e-02,-7.679460989698684570e-02,-3.058689040253853847e-10,6.261372017907055167e-10,2.485355456595460975e-16,0.000000000000000000e+00
9.556000000000000938e+00,1.585359700006613970e+01,2.208418225419361036e+01,3.429460245094173576e+00,2.871498834667162575e-02,2.126966099312107175e-11,-1.185215026915306687e-11,-9.995876397016176806e-01,6.444858180556015670e-01,3.522237588191246688e-02,-7.679461212862226382e-02,-2.629722844356025366e-10,4.885899171175159859e-10,1.438573747663170543e-16,0.000000000000000000e+00
9.604000000000000981e+00,1.588453231933219989e+01,2.208587292823616366e+01,3.425774103659460668e+00,2.871498834667162575e-02,3.116337687008616331e-11,-5.806496191704866992e-12,-9.995876397016176806e-01,6.444858180308346007e-01,3.522237588967109395e-02,-7.679461411390341163e-02,-2.206854881487857480e-10,3.626067709799732134e-10,7.327891105800353562e-17,0.000000000000000000e+00
9.652000000000001023e+00,1.591546763859685676e+01,2.208756360227894433e+01,3.422087962135252681e+00,2.871498834667162575e-02,3.823475934545063201e-11,-8.355238670646065469e-13,-9.995876397016176806e-01,6.444858179981470814e-01,3.522237589197457081e-02,-7.679461588005088990e-02,-1.802283172020907301e-10,2.500336312810494480e-10,2.649094073451478937e-17,0.000000000000000000e+00
9.700000000000001066e+00,1.594640295785979056e+01,2.208925427632171790e+01,3.418401820531428825e+00,2.871498834667162575e-02,4.281837015778568073e-11,3.126671761281192031e-12,-9.995876397016176806e-01,6.444858179600245762e-01,3.522237588988009344e-02,-7.679461745127467986e-02,-1.425063472100135566e-10,1.518661904381493754e-10,-2.057651327274948966e-18,0.000000000000000000e+00
9.747999999999999332e+00,1.597733827712080590e+01,2.209094495036429961e+01,3.414715678856774961e+00,2.871498834667162575e-02,4.526277804262280264e-11,6.164468462535242626e-12,-9.995876397016176806e-01,6.444858179186331304e-01,3.522237588436503974e-02,-7.679461884910743219e-02,-1.081484751070832619e-10,6.840191050626081897e-11,-1.950401314281312436e-17,0.000000000000000000e+00
9.795999999999999375e+00,1.600827359637979086e+01,2.209263562440654738e+01,3.411029537119107058e+00,2.871498834667162575e-02,4.591582334068140574e-11,8.374132625281431526e-12,-9.995876397016176806e-01,6.444858178758118283e-01,3.522237587631229377e-02,-7.679462009270077161e-02,-7.754426705041064735e-11,-6.201664365543384221e-13,-3.060624338906469038e-17,0.000000000000000000e+00
9.843999999999999417e+00,1.603920891563673123e+01,2.209432629844836526e+01,3.407343395325378221e+00,2.871498834667162575e-02,4.511305360188365663e-11,9.858239592067588724e-12,-9.995876397016176806e-01,6.444858178330796772e-01,3.522237586650170393e-02,-7.679462119908886386e-02,-5.088205017166283167e-11,-5.589184256140053210e-11,-3.932942429683376498e-17,0.000000000000000000e+00
9.891999999999999460e+00,1.607014423489163590e+01,2.209601697248968577e+01,3.403657253481771949e+00,2.871498834667162575e-02,4.316905241704306807e-11,1.072107553714128356e-11,-9.995876397016176806e-01,6.444858177916515940e-01,3.522237585560670375e-02,-7.679462218342282542e-02,-2.818538340342238461e-11,-9.841950173340972255e-11,-4.329450652763789372e-17,0.000000000000000000e+00
9.939999999999999503e+00,1.610107955414460434e+01,2.209770764653045561e+01,3.399971111593791395e+00,2.871498834667162575e-02,4.037131617423859953e-11,1.106493246494201690e-11,-9.995876397016176806e-01,6.444858177524597220e-01,3.522237584419494333e-02,-7.679462305917907072e-02,-9.345908978485886041e-12,-1.294242893595973502e-10,-4.488053941995955262e-17,0.000000000000000000e+00
9.987999999999999545e+00,1.613201487339576445e+01,2.209939832057067832e+01,3.396284969666331310e+00,2.871498834667162575e-02,3.697634377349989958e-11,1.098724941015754620e-11,-9.995876397016176806e-01,6.444858177161819635e-01,3.522237583273229999e-02,-7.679462383834469164e-02,5.844595431415108910e-12,-1.502550598015015699e-10,-4.329450652763791221e-17,0.000000000000000000e+00
1.003599999999999959e+01,1.616295019264527255e+01,2.210108899461035747e+01,3.392598827703744213e+00,2.871498834667162575e-02,3.320759011046440578e-11,1.057852529988614056e-11,-9.995876397016176806e-01,6.444858176832710672e-01,3.522237582158926905e-02,-7.679462453158210355e-02,1.766686082028731797e-11,-1.623165560477200145e-10,-4.567355586612038822e-17,0.000000000000000000e+00
1.008399999999999963e+01,1.619388551189329561e+01,2.210277966864950372e+01,3.388912685709905670e+00,2.871498834667162575e-02,2.925503043258854912e-11,9.920873371669892672e-12,-9.995876397016176806e-01,6.444858176539862704e-01,3.522237581104901288e-02,-7.679462514837578913e-02,2.645087877774007837e-11,-1.670042285201343256e-10,-4.408752297379874166e-17,0.000000000000000000e+00
1.013199999999999967e+01,1.622482083114000417e+01,2.210447034268817745e+01,3.385226543688260481e+00,2.871498834667162575e-02,2.527580863133769824e-11,9.087155539285407227e-12,-9.995876397016176806e-01,6.444858176284248286e-01,3.522237580131667295e-02,-7.679462569716233311e-02,3.255277554338240123e-11,-1.656793216692374594e-10,-4.963863809692451080e-17,0.000000000000000000e+00
1.017999999999999972e+01,1.625575615038558297e+01,2.210616101672641065e+01,3.381540401641874638e+00,2.871498834667162575e-02,2.139574374143134793e-11,8.140617627702635688e-12,-9.995876397016176806e-01,6.444858176065511035e-01,3.522237579252901485e-02,-7.679462618544649621e-02,3.633993501829299129e-11,-1.596112311946949467e-10,-4.963863809692450464e-17,0.000000000000000000e+00
1.022799999999999976e+01,1.628669146963020964e+01,2.210785169076424950e+01,3.377854259573475737e+00,2.871498834667162575e-02,1.771186819052502283e-11,7.134865815208682359e-12,-9.995876397016176806e-01,6.444858175882250961e-01,3.522237578476446890e-02,-7.679462661990410499e-02,3.817664358131186914e-11,-1.499592630810507360e-10,-4.725958875844202863e-17,0.000000000000000000e+00
1.027599999999999980e+01,1.631762678887404050e+01,2.210954236480174018e+01,3.374168117485490281e+00,2.871498834667162575e-02,1.429522919038109370e-11,6.114179485191493817e-12,-9.995876397016176806e-01,6.444858175732292027e-01,3.522237577805266417e-02,-7.679462700647379791e-02,3.841309888109653369e-11,-1.377595551704966902e-10,-4.884562165076366903e-17,0.000000000000000000e+00
1.032399999999999984e+01,1.634856210811723898e+01,2.211123303883893243e+01,3.370481975380076989e+00,2.871498834667162575e-02,1.119394922680959162e-11,5.114046037944178762e-12,-9.995876397016176806e-01,6.444858175612889761e-01,3.522237577238385153e-02,-7.679462735043857124e-02,3.737739402588422541e-11,-1.239165950589647453e-10,-4.963863809692449848e-17,0.000000000000000000e+00
1.037199999999999989e+01,1.637949742735993297e+01,2.211292371287587954e+01,3.366795833259156545e+00,2.871498834667162575e-02,8.436406770677428519e-12,4.161867335360902044e-12,-9.995876397016176806e-01,6.444858175520948862e-01,3.522237576771734130e-02,-7.679462765649806844e-02,3.536906718771879216e-11,-1.092010440589983890e-10,-4.646657231228120534e-17,0.000000000000000000e+00
1.041999999999999993e+01,1.641043274660225038e+01,2.211461438691262771e+01,3.363109691124437806e+00,2.871498834667162575e-02,6.034402772016628730e-12,3.277791421891043612e-12,-9.995876397016176806e-01,6.444858175453186400e-01,3.522237576398927483e-02,-7.679462792883311184e-02,3.265555999100220985e-11,-9.425227961047930088e-11,-4.805260520460285191e-17,0.000000000000000000e+00
1.046799999999999997e+01,1.644136806584429777e+01,2.211630506094921955e+01,3.359423548977441776e+00,2.871498834667162575e-02,3.986208675764756222e-12,2.475588778977998460e-12,-9.995876397016176806e-01,6.444858175406275036e-01,3.522237576111952179e-02,-7.679462817116307349e-02,2.947094075601617957e-11,-7.958500110762365164e-11,-4.567355586612038206e-17,0.000000000000000000e+00
1.051600000000000001e+01,1.647230338508616754e+01,2.211799573498569771e+01,3.355737406819520263e+00,2.871498834667162575e-02,2.279424371030097805e-12,1.763546599286726711e-12,-9.995876397016176806e-01,6.444858175376954046e-01,3.522237575901762674e-02,-7.679462838679686210e-02,2.601516064949569848e-11,-6.559784522965337330e-11,-4.488053941995955262e-17,0.000000000000000000e+00
1.056400000000000006e+01,1.650323870432793427e+01,2.211968640902209060e+01,3.352051264651875861e+00,2.871498834667162575e-02,8.935833322571995492e-13,1.145354376883256260e-12,-9.995876397016176806e-01,6.444858175362113695e-01,3.522237575758778438e-02,-7.679462857867813685e-02,2.245494186304873084e-11,-5.258573162082988210e-11,-4.250149008147707044e-17,0.000000000000000000e+00
1.061200000000000010e+01,1.653417402356965482e+01,2.212137708305843020e+01,3.348365122475580602e+00,2.871498834667162575e-02,-1.975266004130865952e-13,6.209463421761796350e-13,-9.995876397016176806e-01,6.444858175358869623e-01,3.522237575673305837e-02,-7.679462874942570572e-02,1.892558727668633933e-11,-4.075095401847015754e-11,-4.250149008147705812e-17,0.000000000000000000e+00
1.066000000000000014e+01,1.656510934281138603e+01,2.212306775709474138e+01,3.344678980291587500e+00,2.871498834667162575e-02,-1.023832041695599467e-12,1.872890622194355143e-13,-9.995876397016176806e-01,6.444858175364599484e-01,3.522237575635865647e-02,-7.679462890136948272e-02,1.553294555357629541e-11,-3.021668056492607829e-11,-4.884562165076366903e-17,0.000000000000000000e+00
1.070800000000000018e+01,1.659604466205316697e+01,2.212475843113105256e+01,3.340992838100744322e+00,2.871498834667162575e-02,-1.617249521914371482e-12,-1.608927028447894923e-13,-9.995876397016176806e-01,6.444858175376971809e-01,3.522237575637450491e-02,-7.679462903658232364e-02,1.235596465299968330e-11,-2.103846682034991240e-11,-5.201768743540697449e-17,0.000000000000000000e+00
1.075600000000000023e+01,1.662697998129501897e+01,2.212644910516736374e+01,3.337306695903804243e+00,2.871498834667162575e-02,-2.010250939442317395e-12,-4.304808642046976620e-13,-9.995876397016176806e-01,6.444858175393958222e-01,3.522237575669712878e-02,-7.679462915690839220e-02,9.450666428779098740e-12,-1.321727867877307212e-11,-5.439673677388945666e-17,0.000000000000000000e+00
1.080400000000000027e+01,1.665791530053695979e+01,2.212813977920369979e+01,3.333620553701438283e+00,2.871498834667162575e-02,-2.234718206588455375e-12,-6.294226322078159403e-13,-9.995876397016176806e-01,6.444858175413826773e-01,3.522237575725085945e-02,-7.679462926398843148e-02,6.853122026984605958e-12,-6.711127505404237586e-12,-5.201768743540698065e-17,0.000000000000000000e+00
1.085200000000000031e+01,1.668885061977900008e+01,2.212983045324006426e+01,3.329934411494244628e+00,2.871498834667162575e-02,-2.321057528118516946e-12,-7.662401857369664898e-13,-9.995876397016176806e-01,6.444858175435145276e-01,3.522237575796868803e-02,-7.679462935928209333e-02,4.581028402628730918e-12,-1.444706872483083089e-12,-4.805260520460284575e-17,0.000000000000000000e+00
1.090000000000000036e+01,1.671978593902114341e+01,2.213152112727646781e+01,3.326248269282754855e+00,2.871498834667162575e-02,-2.297539670628546491e-12,-8.496396865217153645e-13,-9.995876397016176806e-01,6.444858175456750216e-01,3.522237575879250820e-02,-7.679462944408817215e-02,2.638515585363079687e-12,2.680704251340058550e-12,-4.488053941995953413e-17,0.000000000000000000e+00
1.094800000000000040e+01,1.675072125826338620e+01,2.213321180131291399e+01,3.322562127067441029e+00,2.871498834667162575e-02,-2.189848759481069550e-12,-8.881988778983442833e-13,-9.995876397016176806e-01,6.444858175477733431e-01,3.522237575967310241e-02,-7.679462951956218808e-02,1.018444841139312185e-12,5.779347815299115737e-12,-4.012244074299458210e-17,0.000000000000000000e+00
1.099600000000000044e+01,1.678165657750573203e+01,2.213490247534940281e+01,3.318875984848724148e+00,2.871498834667162575e-02,-2.020815867736708298e-12,-8.901197466979945601e-13,-9.995876397016176806e-01,6.444858175497416575e-01,3.522237576056983649e-02,-7.679462958673219375e-02,-2.953597795113593906e-13,7.974247632752803319e-12,-4.725958875844201014e-17,0.000000000000000000e+00
1.104400000000000048e+01,1.681259189674817023e+01,2.213659314938593425e+01,3.315189842626979022e+00,2.871498834667162575e-02,-1.810283154342000522e-12,-8.630484663562954816e-13,-9.995876397016176806e-01,6.444858175515320031e-01,3.522237576145017396e-02,-7.679462964651291579e-02,-1.325069430390699498e-12,9.391169767930657738e-12,-4.646657231228118069e-17,0.000000000000000000e+00
1.109200000000000053e+01,1.684352721599068303e+01,2.213828382342250478e+01,3.311503700402538719e+00,2.871498834667162575e-02,-1.575115472944334474e-12,-8.139488906247671999e-13,-9.995876397016176806e-01,6.444858175531132938e-01,3.522237576228897521e-02,-7.679462969971818931e-02,-2.097495997543406071e-12,1.015374865685494030e-11,-4.805260520460283342e-17,0.000000000000000000e+00
1.114000000000000057e+01,1.687446253523327044e+01,2.213997449745911439e+01,3.307817558175699446e+00,2.871498834667162575e-02,-1.329289390684649734e-12,-7.490249196288816074e-13,-9.995876397016176806e-01,6.444858175544690981e-01,3.522237576306776891e-02,-7.679462974707217116e-02,-2.641782835365888257e-12,1.038052281186487381e-11,-4.646657231228118686e-17,0.000000000000000000e+00
1.118800000000000061e+01,1.690539785447591470e+01,2.214166517149576308e+01,3.304131415946724548e+00,2.871498834667162575e-02,-1.084053025256750258e-12,-6.736814861436994181e-13,-9.995876397016176806e-01,6.444858175555948643e-01,3.522237576377388463e-02,-7.679462978921915151e-02,-2.988405565884109027e-12,1.018254784211371622e-11,-4.725958875844201014e-17,0.000000000000000000e+00
1.123600000000000065e+01,1.693633317371860869e+01,2.214335584553244374e+01,3.300445273715849392e+00,2.871498834667162575e-02,-8.481527242932492245e-13,-5.925187388156160845e-13,-9.995876397016176806e-01,6.444858175564952552e-01,3.522237576439971041e-02,-7.679462982673239402e-02,-3.167795402203041740e-12,9.659510672982561305e-12,-4.725958875844200398e-17,0.000000000000000000e+00
1.128400000000000070e+01,1.696726849296134176e+01,2.214504651956914216e+01,3.296759131483283145e+00,2.871498834667162575e-02,-6.280921516502151556e-13,-5.093526131408104583e-13,-9.995876397016176806e-01,6.444858175571824832e-01,3.522237576494180455e-02,-7.679462986012193515e-02,-3.209184516561067495e-12,8.901372676156780982e-12,-4.884562165076365670e-17,0.000000000000000000e+00
1.133200000000000074e+01,1.699820381220409260e+01,2.214673719360587967e+01,3.293072989249210547e+00,2.871498834667162575e-02,-4.283960519513105468e-13,-4.272674133807096356e-13,-9.995876397016176806e-01,6.444858175576728687e-01,3.522237576540015319e-02,-7.679462988984173122e-02,-3.140306280113323025e-12,7.985527498682997172e-12,-5.043165454308530327e-17,0.000000000000000000e+00
1.138000000000000078e+01,1.702913913144687896e+01,2.214842786764261717e+01,3.289386847013798576e+00,2.871498834667162575e-02,-2.518999018890892839e-13,-3.486565207855820420e-13,-9.995876397016176806e-01,6.444858175579875059e-01,3.522237576577744861e-02,-7.679462991629558422e-02,-2.986118506453380962e-12,6.978277659591823092e-12,-5.122467098924613888e-17,0.000000000000000000e+00
1.142800000000000082e+01,1.706007445068966533e+01,2.215011854167939376e+01,3.285700704777192449e+00,2.871498834667162575e-02,-1.000064904817723074e-13,-2.753155089081814139e-13,-9.995876397016176806e-01,6.444858175581487103e-01,3.522237576607842313e-02,-7.679462993984291497e-02,-2.769336358665073461e-12,5.934679118674421227e-12,-5.281070388156778545e-17,0.000000000000000000e+00
1.147600000000000087e+01,1.709100976993245169e+01,2.215180921571617390e+01,3.282014562539524949e+00,2.871498834667162575e-02,2.703830191327307741e-14,-2.084716352872424653e-13,-9.995876397016176806e-01,6.444858175581793525e-01,3.522237576630928707e-02,-7.679462996080341219e-02,-2.510665496157658481e-12,4.898696707705948581e-12,-5.281070388156778545e-17,0.000000000000000000e+00
1.152400000000000091e+01,1.712194508917523805e+01,2.215349988975295403e+01,3.278328420300913315e+00,2.871498834667162575e-02,1.299069494308270171e-13,-1.488989857534962344e-13,-9.995876397016176806e-01,6.444858175581029691e-01,3.522237576647718749e-02,-7.679462997946162606e-02,-2.226170846097461714e-12,3.904813953831261548e-12,-5.122467098924612039e-17,0.000000000000000000e+00
1.157200000000000095e+01,1.715288040841802442e+01,2.215519056378973417e+01,3.274642278061459688e+00,2.871498834667162575e-02,2.099688350192429826e-13,-9.699045489793255533e-14,-9.995876397016176806e-01,6.444858175579410986e-01,3.522237576658979186e-02,-7.679462999607082618e-02,-1.929941138666977769e-12,2.978499373235262997e-12,-4.725958875844199781e-17,0.000000000000000000e+00
1.162000000000000099e+01,1.718381572766081078e+01,2.215688123782651431e+01,3.270956135821257771e+00,2.871498834667162575e-02,2.690874954982191480e-13,-5.281535052880219846e-14,-9.995876397016176806e-01,6.444858175577143911e-01,3.522237576665497583e-02,-7.679463001085627682e-02,-1.633911271380925464e-12,2.137061342871856855e-12,-4.488053941995951564e-17,0.000000000000000000e+00
1.166800000000000104e+01,1.721475104690357227e+01,2.215857191186329445e+01,3.267269993580388387e+00,2.871498834667162575e-02,3.094560099882670257e-13,-1.617863466562910939e-14,-9.995876397016176806e-01,6.444858175574413872e-01,3.522237576668049708e-02,-7.679463002401848426e-02,-1.347440424336896604e-12,1.391846342052712707e-12,-4.805260520460282110e-17,0.000000000000000000e+00
1.171600000000000108e+01,1.724568636614631600e+01,2.216026258590007458e+01,3.263583851338924813e+00,2.871498834667162575e-02,3.334481812819431042e-13,1.331600191923840911e-14,-9.995876397016176806e-01,6.444858175571386294e-01,3.522237576667375247e-02,-7.679463003573584745e-02,-1.077756149425200192e-12,7.479280900003679024e-13,-4.408752297379870468e-17,0.000000000000000000e+00
1.176400000000000112e+01,1.727662168538905973e+01,2.216195325993685472e+01,3.259897709096933660e+00,2.871498834667162575e-02,3.435034837505685979e-13,3.621305389466735738e-14,-9.995876397016176806e-01,6.444858175568201064e-01,3.522237576664168091e-02,-7.679463004616725319e-02,-8.300431881708353863e-13,2.063390941277239833e-13,-4.250149008147704579e-17,0.000000000000000000e+00
1.181199999999999939e+01,1.730755700463177149e+01,2.216364393397363486e+01,3.256211566854471329e+00,2.871498834667162575e-02,3.420254177655726141e-13,5.315712112456751573e-14,-9.995876397016176806e-01,6.444858175564979197e-01,3.522237576659054126e-02,-7.679463005545396348e-02,-6.078653564828490796e-13,-2.359848611131846996e-13,-5.122467098924612039e-17,0.000000000000000000e+00
1.185999999999999943e+01,1.733849232387447259e+01,2.216533460801041500e+01,3.252525424611591109e+00,2.871498834667162575e-02,3.313107235873417106e-13,6.485548890954738994e-14,-9.995876397016176806e-01,6.444858175561815061e-01,3.522237576652594016e-02,-7.679463006372175271e-02,-4.130878290426116566e-13,-5.846504019967151111e-13,-5.994785189701519499e-17,0.000000000000000000e+00
1.190799999999999947e+01,1.736942764311717369e+01,2.216702528204719513e+01,3.248839282368337411e+00,2.871498834667162575e-02,3.134883741474285485e-13,7.203512474940382042e-14,-9.995876397016176806e-01,6.444858175558786373e-01,3.522237576645271401e-02,-7.679463007108258688e-02,-2.461546950599730788e-13,-8.472958629322883737e-13,-6.153388478933684156e-17,0.000000000000000000e+00
1.195599999999999952e+01,1.740036296235983926e+01,2.216871595608397527e+01,3.245153140124751534e+00,2.871498834667162575e-02,2.904903092852852691e-13,7.541520349940555642e-14,-9.995876397016176806e-01,6.444858175555950863e-01,3.522237576637497064e-02,-7.679463007763606686e-02,-1.065552519436059105e-13,-1.032836334807644817e-12,-6.074086834317601827e-17,0.000000000000000000e+00
1.200399999999999956e+01,1.743129828160249772e+01,2.217040663012075541e+01,3.241466997880870338e+00,2.871498834667162575e-02,2.640261972424597022e-13,7.568945556909593926e-14,-9.995876397016176806e-01,6.444858175553348500e-01,3.522237576629609623e-02,-7.679463008347084396e-02,6.743007719391322328e-15,-1.150730917792590352e-12,-5.756880255853272514e-17,0.000000000000000000e+00
1.205199999999999960e+01,1.746223360084515619e+01,2.217209730415753555e+01,3.237780855636726240e+00,2.871498834667162575e-02,2.355718607790255826e-13,7.350530905590996707e-14,-9.995876397016176806e-01,6.444858175551005930e-01,3.522237576621882471e-02,-7.679463008866585505e-02,9.581620098506761863e-14,-1.210927210187766622e-12,-5.518975322005025529e-17,0.000000000000000000e+00
1.209999999999999964e+01,1.749316892008780400e+01,2.217378797819431568e+01,3.234094713392348108e+00,2.871498834667162575e-02,2.063698119471804402e-13,6.945455317329313053e-14,-9.995876397016176806e-01,6.444858175548933144e-01,3.522237576614523080e-02,-7.679463009329132173e-02,1.626627292977482586e-13,-1.223128561228397052e-12,-5.598276966621107858e-17,0.000000000000000000e+00
1.214799999999999969e+01,1.752410423933041983e+01,2.217547865223109582e+01,3.230408571147760810e+00,2.871498834667162575e-02,1.774351223021030876e-13,6.406617638850737491e-14,-9.995876397016176806e-01,6.444858175547134582e-01,3.522237576607686882e-02,-7.679463009740976343e-02,2.099360256862874190e-13,-1.196627537630594283e-12,-5.281070388156777928e-17,0.000000000000000000e+00
1.219599999999999973e+01,1.755503955857303566e+01,2.217716932626787596e+01,3.226722428902988327e+00,2.871498834667162575e-02,1.495683110507112053e-13,5.780080562166767146e-14,-9.995876397016176806e-01,6.444858175545602474e-01,3.522237576601475184e-02,-7.679463010107681620e-02,2.401896031073228843e-13,-1.140039470065449973e-12,-5.439673677388942585e-17,0.000000000000000000e+00
1.224399999999999977e+01,1.758597487781565150e+01,2.217886000030465610e+01,3.223036286658049754e+00,2.871498834667162575e-02,1.233748854496652372e-13,5.104942384901250593e-14,-9.995876397016176806e-01,6.444858175544322387e-01,3.522237576595951131e-02,-7.679463010434200987e-02,2.560213834384776569e-13,-1.061435679921988890e-12,-5.360372032772859640e-17,0.000000000000000000e+00
1.229199999999999982e+01,1.761691019705826733e+01,2.218055067434143623e+01,3.219350144412964188e+00,2.871498834667162575e-02,9.928673340776728876e-14,4.413720561961872457e-14,-9.995876397016176806e-01,6.444858175543279888e-01,3.522237576591139702e-02,-7.679463010724944805e-02,2.600514930178669449e-13,-9.674553008874693892e-13,-5.122467098924610806e-17,0.000000000000000000e+00
1.233999999999999986e+01,1.764784551630088316e+01,2.218224134837821637e+01,3.215664002167748059e+00,2.871498834667162575e-02,7.758488909596655040e-14,3.732286043569461325e-14,-9.995876397016176806e-01,6.444858175542452772e-01,3.522237576587038815e-02,-7.679463010983841875e-02,2.547002180391736601e-13,-8.641379462158522812e-13,-5.598276966621105393e-17,0.000000000000000000e+00
1.238799999999999990e+01,1.767878083554349899e+01,2.218393202241499651e+01,3.211977859922414691e+00,2.871498834667162575e-02,5.841978114662947686e-14,3.080905505312704605e-14,-9.995876397016176806e-01,6.444858175541815504e-01,3.522237576583624186e-02,-7.679463011214385237e-02,2.420436755584468755e-13,-7.565684373599208034e-13,-5.439673677388940736e-17,0.000000000000000000e+00
1.243599999999999994e+01,1.770971615478611483e+01,2.218562269645177309e+01,3.208291717676977406e+00,2.871498834667162575e-02,4.182810378987897525e-14,2.474589697458567427e-14,-9.995876397016176806e-01,6.444858175541342549e-01,3.522237576580853485e-02,-7.679463011419677965e-02,2.241024714805042549e-13,-6.492986887206381986e-13,-5.518975322005022448e-17,0.000000000000000000e+00
1.248399999999999999e+01,1.774065147402873066e+01,2.218731337048851060e+01,3.204605575431447306e+00,2.871498834667162575e-02,2.775874381358519020e-14,1.922152762443064852e-14,-9.995876397016176806e-01,6.444858175541017253e-01,3.522237576578671897e-02,-7.679463011602499778e-02,2.040407414255277217e-13,-5.452929957737535137e-13,-4.488053941995950331e-17,0.000000000000000000e+00
1.253200000000000003e+01,1.777158679327134649e+01,2.218900404452524810e+01,3.200919433185835050e+00,2.871498834667162575e-02,1.610185200150202268e-14,1.425460515778362271e-14,-9.995876397016176806e-01,6.444858175540812972e-01,3.522237576577021134e-02,-7.679463011765308433e-02,1.834127976279922930e-13,-4.469383380222109362e-13,-4.963863809692445534e-17,0.000000000000000000e+00
1.258000000000000007e+01,1.780252211251396233e+01,2.219069471856198561e+01,3.197233290940149075e+00,2.871498834667162575e-02,6.692746587030369766e-15,9.854060165459775546e-15,-9.995876397016176806e-01,6.444858175540706391e-01,3.522237576575841522e-02,-7.679463011910298009e-02,1.623074579298680772e-13,-3.563108325220594381e-13,-4.963863809692444917e-17,0.000000000000000000e+00
1.262800000000000011e+01,1.783345743175657816e+01,2.219238539259872312e+01,3.193547148694396931e+00,2.871498834667162575e-02,-6.688292360726228534e-16,6.022247874883546753e-15,-9.995876397016176806e-01,6.444858175540677525e-01,3.522237576575075468e-02,-7.679463012039422498e-02,1.410355847780500375e-13,-2.744762933769391091e-13,-6.153388478933680458e-17,0.000000000000000000e+00
1.267600000000000016e+01,1.786439275099919399e+01,2.219407606663546062e+01,3.189861006448587943e+00,2.871498834667162575e-02,-6.204902143852129205e-15,2.749169342411984995e-15,-9.995876397016176806e-01,6.444858175540710832e-01,3.522237576574663298e-02,-7.679463012154418011e-02,1.201078807638658367e-13,-2.021119566318713856e-13,-4.725958875844196084e-17,0.000000000000000000e+00
1.272400000000000020e+01,1.789532807024180983e+01,2.219576674067219813e+01,3.186174864202726997e+00,2.871498834667162575e-02,-1.014321199991396904e-14,1.724215336103942692e-17,-9.995876397016176806e-01,6.444858175540787437e-01,3.522237576574548806e-02,-7.679463012256838861e-02,9.985741279470297134e-14,-1.394065602010425493e-13,-4.725958875844194851e-17,0.000000000000000000e+00
1.277200000000000024e+01,1.792626338948442566e+01,2.219745741470893563e+01,3.182488721956819422e+00,2.871498834667162575e-02,-1.271743320484417696e-14,-2.202593320251356679e-15,-9.995876397016176806e-01,6.444858175540895129e-01,3.522237576574677176e-02,-7.679463012348060336e-02,8.075047454090402476e-14,-8.627128624248251685e-14,-4.488053941995947250e-17,0.000000000000000000e+00
1.282000000000000028e+01,1.795719870872704149e+01,2.219914808874567314e+01,3.178802579710870990e+00,2.871498834667162575e-02,-1.414916282764374902e-14,-3.950756340913373326e-15,-9.995876397016176806e-01,6.444858175541021694e-01,3.522237576574999834e-02,-7.679463012429305069e-02,6.316454183084153506e-14,-4.235086338831132790e-14,-5.043165454308525397e-17,0.000000000000000000e+00
1.286800000000000033e+01,1.798813402796965732e+01,2.220083876278241064e+01,3.175116437464885699e+00,2.871498834667162575e-02,-1.465035743731055363e-14,-5.272298440200635319e-15,-9.995876397016176806e-01,6.444858175541154921e-01,3.522237576575470291e-02,-7.679463012501672181e-02,4.731055703919429209e-14,-6.945851133015085192e-15,-5.518975322005021215e-17,0.000000000000000000e+00
1.291600000000000037e+01,1.801906934721227316e+01,2.220252943681914815e+01,3.171430295218867101e+00,2.871498834667162575e-02,-1.442071290246026573e-14,-6.216095099237739749e-15,-9.995876397016176806e-01,6.444858175541288148e-01,3.522237576576047607e-02,-7.679463012566130342e-02,3.334395138940982155e-14,2.031012412153251419e-14,-5.360372032772856559e-17,0.000000000000000000e+00
1.296400000000000041e+01,1.805000466645488899e+01,2.220422011085588565e+01,3.167744152972820526e+00,2.871498834667162575e-02,-1.364123361222452892e-14,-6.833683613471192676e-15,-9.995876397016176806e-01,6.444858175541421375e-01,3.522237576576699863e-02,-7.679463012623548301e-02,2.126472488148811397e-14,4.040516086724785072e-14,-5.201768743540691286e-17,0.000000000000000000e+00
1.301200000000000045e+01,1.808093998569750482e+01,2.220591078489262316e+01,3.164058010726747305e+00,2.871498834667162575e-02,-1.246512662912137273e-14,-7.175336263125321204e-15,-9.995876397016176806e-01,6.444858175541542389e-01,3.522237576577395834e-02,-7.679463012674692113e-02,1.111728643641418414e-14,5.460491335220359404e-14,-4.646657231228113139e-17,0.000000000000000000e+00
1.306000000000000050e+01,1.811187530494012066e+01,2.220760145892936066e+01,3.160371868480650992e+00,2.871498834667162575e-02,-1.102520775236469216e-14,-7.287429722529702014e-15,-9.995876397016176806e-01,6.444858175541652301e-01,3.522237576578109847e-02,-7.679463012720248727e-02,2.668489219016743496e-15,6.353110647018983748e-14,-4.725958875844197316e-17,0.000000000000000000e+00
1.310800000000000054e+01,1.814281062418273649e+01,2.220929213296609817e+01,3.156685726234534695e+00,2.871498834667162575e-02,-9.434835788147842217e-15,-7.215492951135709132e-15,-9.995876397016176806e-01,6.444858175541747780e-01,3.522237576578822471e-02,-7.679463012760834317e-02,-3.992848928734195747e-15,6.807191864090671258e-14,-4.963863809692444301e-17,0.000000000000000000e+00
1.315600000000000058e+01,1.817374594342535232e+01,2.221098280700283567e+01,3.152999583988399745e+00,2.871498834667162575e-02,-7.786386812057517740e-15,-7.003963441321344869e-15,-9.995876397016176806e-01,6.444858175541827716e-01,3.522237576579517054e-02,-7.679463012796990118e-02,-9.066568151271161452e-15,6.911552828405435721e-14,-5.122467098924609574e-17,0.000000000000000000e+00
1.320400000000000063e+01,1.820468126266796816e+01,2.221267348103957318e+01,3.149313441742248809e+00,2.871498834667162575e-02,-6.156107100815317218e-15,-6.689640327983706545e-15,-9.995876397016176806e-01,6.444858175541890999e-01,3.522237576580181800e-02,-7.679463012829199076e-02,-1.268589521154917430e-14,6.726145583293036598e-14,-4.884562165076362589e-17,0.000000000000000000e+00
1.325200000000000067e+01,1.823561658191058399e+01,2.221436415507631068e+01,3.145627299496083218e+00,2.871498834667162575e-02,-4.600795105983038454e-15,-6.306609350382658536e-15,-9.995876397016176806e-01,6.444858175541939849e-01,3.522237576580809770e-02,-7.679463012857894177e-02,-1.508397694473951179e-14,6.325355071403354834e-14,-5.043165454308527862e-17,0.000000000000000000e+00
1.330000000000000071e+01,1.826655190115319982e+01,2.221605482911308727e+01,3.141941157249904748e+00,2.871498834667162575e-02,-3.162938910374330155e-15,-5.872884553730464115e-15,-9.995876397016176806e-01,6.444858175541975376e-01,3.522237576581396107e-02,-7.679463012883462614e-02,-1.771520551310113784e-14,5.781345789337023081e-14,-4.567355586612032043e-17,0.000000000000000000e+00
1.334800000000000075e+01,1.829748722039581565e+01,2.221774550314986740e+01,3.138255015003714732e+00,2.871498834667162575e-02,-1.872144778492760164e-15,-5.363104360078325133e-15,-9.995876397016176806e-01,6.444858175541998691e-01,3.522237576581933177e-02,-7.679463012906241615e-02,-2.137894149436416074e-14,5.142967550177559332e-14,-5.360372032772857175e-17,0.000000000000000000e+00
1.339600000000000080e+01,1.832842253963843149e+01,2.221943617718664754e+01,3.134568872757514502e+00,2.871498834667162575e-02,-7.465352460199943562e-16,-4.771214140832916935e-15,-9.995876397016176806e-01,6.444858175542010903e-01,3.522237576582416818e-02,-7.679463012926540655e-02,-2.485393956144089882e-14,4.435755483491334742e-14,-5.677578611237186488e-17,0.000000000000000000e+00
1.344400000000000084e+01,1.835935785888104732e+01,2.222112685122342768e+01,3.130882730511304501e+00,2.871498834667162575e-02,2.075861187021349234e-16,-4.108990487461576999e-15,-9.995876397016176806e-01,6.444858175542010903e-01,3.522237576582838703e-02,-7.679463012944630351e-02,-2.764059935325005057e-14,3.728543416805108890e-14,-5.360372032772857175e-17,0.000000000000000000e+00
1.349200000000000088e+01,1.839029317812366315e+01,2.222281752526020782e+01,3.127196588265086952e+00,2.871498834667162575e-02,9.899207673896815303e-16,-3.397744838378214572e-15,-9.995876397016176806e-01,6.444858175542004242e-01,3.522237576583193280e-02,-7.679463012960749402e-02,-2.942805842289655828e-14,3.018000681045008704e-14,-5.677578611237188953e-17,0.000000000000000000e+00
1.354000000000000092e+01,1.842122849736627899e+01,2.222450819929698795e+01,3.123510446018861852e+00,2.871498834667162575e-02,1.604834957279253430e-15,-2.662653078593577979e-15,-9.995876397016176806e-01,6.444858175541990919e-01,3.522237576583477775e-02,-7.679463012975110137e-02,-3.009419223767163958e-14,2.354087312319165598e-14,-5.360372032772859024e-17,0.000000000000000000e+00
1.358800000000000097e+01,1.845216381660889482e+01,2.222619887333376809e+01,3.119824303772630536e+00,2.871498834667162575e-02,2.068413307928441614e-15,-1.927754771329204343e-15,-9.995876397016176806e-01,6.444858175541977596e-01,3.522237576583692187e-02,-7.679463012987908233e-02,-2.986104540250036049e-14,1.752346432972331195e-14,-4.884562165076363822e-17,0.000000000000000000e+00
1.363600000000000101e+01,1.848309913585151065e+01,2.222788954737054823e+01,3.116138161526393446e+00,2.871498834667162575e-02,2.396946848068408010e-15,-1.214995469996809500e-15,-9.995876397016176806e-01,6.444858175541950951e-01,3.522237576583836516e-02,-7.679463012999314386e-02,-2.868420899639769835e-14,1.199455366709003427e-14,-4.805260520460281493e-17,0.000000000000000000e+00
1.368400000000000105e+01,1.851403445509412649e+01,2.222958022140732837e+01,3.112452019280151028e+00,2.871498834667162575e-02,2.597321845238687845e-15,-5.406154331065428544e-16,-9.995876397016176806e-01,6.444858175541924306e-01,3.522237576583914925e-02,-7.679463013009482641e-02,-2.705218115019872581e-14,6.887527753814313394e-15,-5.043165454308529094e-17,0.000000000000000000e+00
1.373200000000000109e+01,1.854496977433674232e+01,2.223127089544410850e+01,3.108765877033904168e+00,2.871498834667162575e-02,2.684374345484739919e-15,8.310534104542863014e-17,-9.995876397016176806e-01,6.444858175541897660e-01,3.522237576583930885e-02,-7.679463013018546225e-02,-2.485393956144092406e-14,2.424431194821182997e-15,-4.250149008147703963e-17,0.000000000000000000e+00
1.378000000000000114e+01,1.857590509357935815e+01,2.223296156948088864e+01,3.105079734787653756e+00,2.871498834667162575e-02,2.678043556730538543e-15,6.471877859599665862e-16,-9.995876397016176806e-01,6.444858175541871015e-01,3.522237576583890639e-02,-7.679463013026625873e-02,-2.235593775603431553e-14,-1.106078023486814880e-15,-5.518975322005024297e-17,0.000000000000000000e+00
1.382799999999999940e+01,1.860684041282197398e+01,2.223465224351766878e+01,3.101393592541398014e+00,2.871498834667162575e-02,2.596600522880904972e-15,1.148913582290997331e-15,-9.995876397016176806e-01,6.444858175541844370e-01,3.522237576583800434e-02,-7.679463013033827057e-02,-1.976911810865769322e-14,-4.037066808497227594e-15,-6.153388478933682923e-17,0.000000000000000000e+00
1.387599999999999945e+01,1.863777573206458982e+01,2.223634291755444892e+01,3.097707450295140497e+00,2.871498834667162575e-02,2.455158936953689798e-15,1.584896155863955611e-15,-9.995876397016176806e-01,6.444858175541817724e-01,3.522237576583665819e-02,-7.679463013040248309e-02,-1.713788954029607033e-14,-6.424046311441311790e-15,-6.391293412781929908e-17,0.000000000000000000e+00
1.392399999999999949e+01,1.866871105130720565e+01,2.223803359159122905e+01,3.094021308048879426e+00,2.871498834667162575e-02,2.267394811250047797e-15,1.956172570210808408e-15,-9.995876397016176806e-01,6.444858175541791079e-01,3.522237576583493041e-02,-7.679463013045972897e-02,-1.450666097193444112e-14,-8.167096460102806296e-15,-7.263611503558835519e-17,0.000000000000000000e+00
1.397199999999999953e+01,1.869964637054982148e+01,2.223972426562800919e+01,3.090335165802616579e+00,2.871498834667162575e-02,2.043778624948554537e-15,2.267108701603322822e-15,-9.995876397016176806e-01,6.444858175541772205e-01,3.522237576583289731e-02,-7.679463013051079923e-02,-1.213078369923660549e-14,-9.421648477929234449e-15,-7.422214792791000176e-17,0.000000000000000000e+00
1.401999999999999957e+01,1.873058168979243732e+01,2.224141493966478933e+01,3.086649023556350180e+00,2.871498834667162575e-02,1.806912124642657470e-15,2.522752123527968821e-15,-9.995876397016176806e-01,6.444858175541758882e-01,3.522237576583059360e-02,-7.679463013055634613e-02,-9.943644340725048372e-15,-9.654795313100516691e-15,-6.946404925094506206e-17,0.000000000000000000e+00
1.406799999999999962e+01,1.876151700903505315e+01,2.224310561370156947e+01,3.082962881310083780e+00,2.871498834667162575e-02,1.573397552617202775e-15,2.726667459095991686e-15,-9.995876397016176806e-01,6.444858175541745560e-01,3.522237576582808172e-02,-7.679463013059695253e-02,-7.778709442705994696e-15,-9.255115024235457812e-15,-5.994785189701518267e-17,0.000000000000000000e+00
1.411599999999999966e+01,1.879245232827766898e+01,2.224479628773834960e+01,3.079276739063812940e+00,2.871498834667162575e-02,1.354073110232881959e-15,2.879699182412577235e-15,-9.995876397016176806e-01,6.444858175541732237e-01,3.522237576582540330e-02,-7.679463013063320131e-02,-5.680387926164448992e-15,-8.688901281676622297e-15,-5.043165454308528478e-17,0.000000000000000000e+00
1.416399999999999970e+01,1.882338764752028482e+01,2.224648696177512974e+01,3.075590596817541211e+00,2.871498834667162575e-02,1.146250803951886557e-15,2.988811793634096630e-15,-9.995876397016176806e-01,6.444858175541718914e-01,3.522237576582260693e-02,-7.679463013066552268e-02,-4.037257849719215261e-15,-8.300323223057814352e-15,-5.756880255853270049e-17,0.000000000000000000e+00
1.421199999999999974e+01,1.885432296676290065e+01,2.224817763581190988e+01,3.071904454571269483e+00,2.871498834667162575e-02,9.482856988117773324e-16,3.061777233405396893e-15,-9.995876397016176806e-01,6.444858175541705592e-01,3.522237576581972729e-02,-7.679463013069437460e-02,-2.660581299184021703e-15,-8.078278618132781467e-15,-4.725958875844197932e-17,0.000000000000000000e+00
1.425999999999999979e+01,1.888525828600551648e+01,2.224986830984869002e+01,3.068218312324996866e+00,2.871498834667162575e-02,7.569739330432582664e-16,3.103412675052982646e-15,-9.995876397016176806e-01,6.444858175541694489e-01,3.522237576581681295e-02,-7.679463013072013178e-02,-1.461540432588852363e-15,-7.767416171237734795e-15,-4.725958875844198549e-17,0.000000000000000000e+00
1.430799999999999983e+01,1.891619360524813231e+01,2.225155898388547016e+01,3.064532170078719808e+00,2.871498834667162575e-02,5.779291945005472650e-16,3.120898886137254315e-15,-9.995876397016176806e-01,6.444858175541694489e-01,3.522237576581389862e-02,-7.679463013074309952e-02,-5.400553221499722574e-16,-7.067975665723884124e-15,-5.677578611237188953e-17,0.000000000000000000e+00
1.435599999999999987e+01,1.894712892449074815e+01,2.225324965792225029e+01,3.060846027832442751e+00,2.871498834667162575e-02,4.260105320234152031e-16,3.121260165380679156e-15,-9.995876397016176806e-01,6.444858175541694489e-01,3.522237576581098428e-02,-7.679463013076361089e-02,4.836288090136064002e-17,-5.713503575681192829e-15,-4.408752297379868003e-17,0.000000000000000000e+00
1.440399999999999991e+01,1.897806424373336398e+01,2.225494033195901977e+01,3.057159885586165693e+00,2.871498834667162575e-02,3.037399554640120170e-16,3.108722909176947126e-15,-9.995876397016176806e-01,6.444858175541694489e-01,3.522237576580806995e-02,-7.679463013078192957e-02,7.144966956764546136e-16,-4.692098393026049285e-15,-3.695037495835127048e-17,0.000000000000000000e+00
1.445199999999999996e+01,1.900899956297597981e+01,2.225663100599575728e+01,3.053473743339888635e+00,2.871498834667162575e-02,2.066158019703149663e-16,3.057501067317523741e-15,-9.995876397016176806e-01,6.444858175541694489e-01,3.522237576580515561e-02,-7.679463013079826372e-02,3.456747566500590992e-15,-3.703999901109660122e-15,-3.932942429683373417e-17,0.000000000000000000e+00
1.450000000000000000e+01,1.903993488221859565e+01,2.225832168003249478e+01,3.049787601093611578e+00,2.871498834667162575e-02,1.325066391726862633e-16,2.918841154345374925e-15,-9.995876397016176806e-01,6.444858175541694489e-01,3.522237576580232454e-02,-7.679463013081293254e-02,7.664492829829935306e-15,-2.926843783872051333e-15,-4.170847363531620402e-17,0.000000000000000000e+00
1.454800000000000004e+01,1.907087020146121148e+01,2.226001235406923229e+01,3.046101458847334520e+00,2.871498834667162575e-02,7.637642677265731342e-17,2.677826443128450595e-15,-9.995876397016176806e-01,6.444858175541694489e-01,3.522237576579966695e-02,-7.679463013082599154e-02,1.187223809315927923e-14,-2.371732271559474640e-15,-4.329450652763786291e-17,0.000000000000000000e+00
1.459600000000000009e+01,1.910180552070382731e+01,2.226170302810596979e+01,3.042415316601052577e+00,2.871498834667162575e-02,3.680995478482063846e-17,2.341191433419054730e-15,-9.995876397016176806e-01,6.444858175541694489e-01,3.522237576579727997e-02,-7.679463013083770440e-02,1.561368968614605708e-14,-1.783314068508142778e-15,-4.329450652763784442e-17,0.000000000000000000e+00
1.464400000000000013e+01,1.913274083994644315e+01,2.226339370214270730e+01,3.038729174354770191e+00,2.871498834667162575e-02,1.315835304139677086e-17,1.926110827504435275e-15,-9.995876397016176806e-01,6.444858175541694489e-01,3.522237576579525381e-02,-7.679463013084814049e-02,1.850026955017146409e-14,-1.217100325949312587e-15,-4.725958875844198549e-17,0.000000000000000000e+00
1.469200000000000017e+01,1.916367615918905898e+01,2.226508437617944480e+01,3.035043032108487804e+00,2.871498834667162575e-02,4.223641153507979959e-18,1.453408800857359575e-15,-9.995876397016176806e-01,6.444858175541694489e-01,3.522237576579364399e-02,-7.679463013085742473e-02,2.049867099449674902e-14,-8.174200370842559765e-16,-4.805260520460280261e-17,0.000000000000000000e+00
1.474000000000000021e+01,1.919461147843167481e+01,2.226677505021618231e+01,3.031356889862205417e+00,2.871498834667162575e-02,9.289018735449937970e-19,9.452159318531844923e-16,-9.995876397016176806e-01,6.444858175541694489e-01,3.522237576579249213e-02,-7.679463013086576528e-02,2.155338286789064457e-14,-6.064776624054759972e-16,-4.805260520460280261e-17,0.000000000000000000e+00
1.478800000000000026e+01,1.922554679767429064e+01,2.226846572425291981e+01,3.027670747615923030e+00,2.871498834667162575e-02,1.840691428179125765e-18,4.235935945955117581e-16,-9.995876397016176806e-01,6.444858175541694489e-01,3.522237576579182600e-02,-7.679463013087318990e-02,2.176432524256942810e-14,-5.731709716667210248e-16,-4.884562165076361973e-17,0.000000000000000000e+00
1.483600000000000030e+01,1.925648211691690648e+01,2.227015639828965732e+01,3.023984605369640644e+00,2.871498834667162575e-02,5.621447616915586320e-18,-9.428107894970576240e-17,-9.995876397016176806e-01,6.444858175541694489e-01,3.522237576579165946e-02,-7.679463013087979573e-02,2.132023603271936549e-14,-3.733308272341927194e-16,-5.201768743540692518e-17,0.000000000000000000e+00
1.488400000000000034e+01,1.928741743615952231e+01,2.227184707232639482e+01,3.020298463123358257e+00,2.871498834667162575e-02,1.374345149020037452e-17,-5.947044181966807073e-16,-9.995876397016176806e-01,6.444858175541694489e-01,3.522237576579196477e-02,-7.679463013088573542e-02,2.040985315252674154e-14,-2.290018340329224875e-16,-4.408752297379868003e-17,0.000000000000000000e+00
1.493200000000000038e+01,1.931835275540213814e+01,2.227353774636313233e+01,3.016612320877075870e+00,2.871498834667162575e-02,2.389925166452090939e-17,-1.066946889351887933e-15,-9.995876397016176806e-01,6.444858175541694489e-01,3.522237576579273499e-02,-7.679463013089106449e-02,1.906648329273030276e-14,-4.026391984664599761e-17,-5.756880255853270049e-17,0.000000000000000000e+00
1.498000000000000043e+01,1.934928807464475398e+01,2.227522842039986983e+01,3.012926178630793483e+00,2.871498834667162575e-02,3.698425875104895333e-17,-1.502741516894850957e-15,-9.995876397016176806e-01,6.444858175541694489e-01,3.522237576579392848e-02,-7.679463013089585233e-02,1.743445544653132391e-14,9.296284310837272684e-17,-4.488053941995950948e-17,0.000000000000000000e+00
1.502800000000000047e+01,1.938022339388736981e+01,2.227691909443660734e+01,3.009240036384511097e+00,2.871498834667162575e-02,5.279619858604331870e-17,-1.898140087071557907e-15,-9.995876397016176806e-01,6.444858175541694489e-01,3.522237576579551749e-02,-7.679463013090018220e-02,1.563589414663856526e-14,2.150873758171399068e-16,-3.377830917370795886e-17,0.000000000000000000e+00
1.507600000000000051e+01,1.941115871312998564e+01,2.227860976847334484e+01,3.005553894138228710e+00,2.871498834667162575e-02,7.037815666110822537e-17,-2.249216064556021402e-15,-9.995876397016176806e-01,6.444858175541694489e-01,3.522237576579744650e-02,-7.679463013090409573e-02,1.377071946526830101e-14,4.038252900034164152e-16,-3.774339140451209993e-17,0.000000000000000000e+00
1.512400000000000055e+01,1.944209403237260148e+01,2.228030044251008235e+01,3.001867751891946323e+00,2.871498834667162575e-02,8.929873745844741453e-17,-2.554871160950351212e-15,-9.995876397016176806e-01,6.444858175541694489e-01,3.522237576579969470e-02,-7.679463013090763457e-02,1.190554478389803834e-14,4.593364412346741436e-16,-3.139925983522550750e-17,0.000000000000000000e+00
1.517200000000000060e+01,1.947302935161521731e+01,2.228199111654681985e+01,2.998181609645663936e+00,2.871498834667162575e-02,1.099647115129008323e-16,-2.816892994285976907e-15,-9.995876397016176806e-01,6.444858175541694489e-01,3.522237576580221352e-02,-7.679463013091081258e-02,1.012918794449778630e-14,6.480743554209509724e-16,-2.188306248129559113e-17,0.000000000000000000e+00
1.522000000000000064e+01,1.950396467085783314e+01,2.228368179058355736e+01,2.994495467399381550e+00,2.871498834667162575e-02,1.319575220699066801e-16,-3.039269826444245572e-15,-9.995876397016176806e-01,6.444858175541694489e-01,3.522237576580496132e-02,-7.679463013091369916e-02,8.563773479776316206e-15,6.702788159134543201e-16,-2.346909537361724386e-17,0.000000000000000000e+00
1.526800000000000068e+01,1.953489999010044897e+01,2.228537246462029486e+01,2.990809325153099163e+00,2.871498834667162575e-02,1.555529220904413889e-16,-3.225414633473764418e-15,-9.995876397016176806e-01,6.444858175541694489e-01,3.522237576580790341e-02,-7.679463013091633594e-02,7.109381317517361769e-15,8.479144998534797216e-16,-2.902021049674303149e-17,0.000000000000000000e+00
1.531600000000000072e+01,1.956583530934306481e+01,2.228706313865706434e+01,2.987123182906816776e+00,2.871498834667162575e-02,1.804721253118494253e-16,-3.368715765109973535e-15,-9.995876397016176806e-01,6.444858175541694489e-01,3.522237576581100510e-02,-7.679463013091873680e-02,4.500357209648245477e-15,8.590167300997315434e-16,-3.536434206602963008e-17,0.000000000000000000e+00
1.536400000000000077e+01,1.959677062858568064e+01,2.228875381269384448e+01,2.983437040660534390e+00,2.871498834667162575e-02,2.051850444582859051e-16,-3.412816793447277480e-15,-9.995876397016176806e-01,6.444858175541694489e-01,3.522237576581419699e-02,-7.679463013092092949e-02,-5.511575523962161906e-16,1.058856874532260095e-15,-3.853640785067293554e-17,0.000000000000000000e+00
1.541200000000000081e+01,1.962770594782829647e+01,2.229044448673062462e+01,2.979750898414252003e+00,2.871498834667162575e-02,2.286067243760064182e-16,-3.321496257143899429e-15,-9.995876397016176806e-01,6.444858175541694489e-01,3.522237576581736807e-02,-7.679463013092295565e-02,-6.435339582909546446e-15,1.069959104778512213e-15,-4.567355586612036357e-17,0.000000000000000000e+00
1.546000000000000085e+01,1.965864126707091231e+01,2.229213516076740476e+01,2.976064756167969616e+00,2.871498834667162575e-02,2.494338973976398551e-16,-3.094236254441285171e-15,-9.995876397016176806e-01,6.444858175541694489e-01,3.522237576582039342e-02,-7.679463013092481527e-02,-1.191984132455781881e-14,1.203185867733531313e-15,-4.488053941995953413e-17,0.000000000000000000e+00
1.550800000000000090e+01,1.968957658631352814e+01,2.229382583480418489e+01,2.972378613921687229e+00,2.871498834667162575e-02,2.683774356733639802e-16,-2.747276734444697281e-15,-9.995876397016176806e-01,6.444858175541694489e-01,3.522237576582315510e-02,-7.679463013092653612e-02,-1.638293788355095000e-14,1.203185867733531905e-15,-4.170847363531622867e-17,0.000000000000000000e+00
1.555600000000000094e+01,1.972051190555614397e+01,2.229551650884096503e+01,2.968692471675404843e+00,2.871498834667162575e-02,2.853291921165035947e-16,-2.307010585040686964e-15,-9.995876397016176806e-01,6.444858175541694489e-01,3.522237576582554902e-02,-7.679463013092817369e-02,-1.975801587841142335e-14,1.203185867733532497e-15,-4.408752297379869236e-17,0.000000000000000000e+00
1.560400000000000098e+01,1.975144722479875981e+01,2.229720718287774517e+01,2.965006329429122456e+00,2.871498834667162575e-02,2.991815933481045775e-16,-1.799837190848643337e-15,-9.995876397016176806e-01,6.444858175541694489e-01,3.522237576582750579e-02,-7.679463013092967250e-02,-2.208948423012425209e-14,1.203185867733533088e-15,-4.646657231228116220e-17,0.000000000000000000e+00
1.565200000000000102e+01,1.978238254404137564e+01,2.229889785691452531e+01,2.961320187182840069e+00,2.871498834667162575e-02,3.120461774093889812e-16,-1.248997981978010098e-15,-9.995876397016176806e-01,6.444858175541694489e-01,3.522237576582896296e-02,-7.679463013093110191e-02,-2.347726301090570408e-14,1.158776946748527379e-15,-4.488053941995952796e-17,0.000000000000000000e+00
1.570000000000000107e+01,1.981331786328399147e+01,2.230058853095130544e+01,2.957634044936557682e+00,2.871498834667162575e-02,3.221149606246590802e-16,-6.789354513934271149e-16,-9.995876397016176806e-01,6.444858175541694489e-01,3.522237576582987889e-02,-7.679463013093244805e-02,-2.379922768804700010e-14,1.136572486256024919e-15,-4.805260520460283958e-17,0.000000000000000000e+00
1.574800000000000111e+01,1.984425318252660730e+01,2.230227920498808558e+01,2.953947902690275296e+00,2.871498834667162575e-02,3.303926623773399629e-16,-1.114789392673570775e-16,-9.995876397016176806e-01,6.444858175541694489e-01,3.522237576583026053e-02,-7.679463013093376644e-02,-2.336624070844319158e-14,1.014447953547258527e-15,-4.884562165076368136e-17,0.000000000000000000e+00
1.579600000000000115e+01,1.987518850176922314e+01,2.230396987902486572e+01,2.950261760443992909e+00,2.871498834667162575e-02,3.379464341627351812e-16,4.378748895493500544e-16,-9.995876397016176806e-01,6.444858175541694489e-01,3.522237576583011481e-02,-7.679463013093493218e-02,-2.236703998628055385e-14,9.145278813309949910e-16,-5.439673677388946899e-17,0.000000000000000000e+00
1.584400000000000119e+01,1.990612382101183897e+01,2.230566055306164586e+01,2.946575618197710522e+00,2.871498834667162575e-02,3.428869020577747351e-16,9.583425806201429214e-16,-9.995876397016176806e-01,6.444858175541694489e-01,3.522237576582945562e-02,-7.679463013093611179e-02,-2.101256789623786097e-14,7.924033486222279096e-16,-5.518975322005031076e-17,0.000000000000000000e+00
1.589199999999999946e+01,1.993705914025445480e+01,2.230735122709842599e+01,2.942889475951428135e+00,2.871498834667162575e-02,3.466974993360648330e-16,1.440814736637482730e-15,-9.995876397016176806e-01,6.444858175541694489e-01,3.522237576582833152e-02,-7.679463013093727752e-02,-1.920290436609885771e-14,6.369721251747060532e-16,-5.677578611237196349e-17,0.000000000000000000e+00
1.593999999999999950e+01,1.996799445949707064e+01,2.230904190113520613e+01,2.939203333705145749e+00,2.871498834667162575e-02,3.500323856522684607e-16,1.874891961519174550e-15,-9.995876397016176806e-01,6.444858175541694489e-01,3.522237576582677027e-02,-7.679463013093835999e-02,-1.711568507980356846e-14,6.480743554209577763e-16,-4.488053941995959576e-17,0.000000000000000000e+00
1.598799999999999955e+01,1.999892977873968647e+01,2.231073257517198627e+01,2.935517191458858921e+00,2.871498834667162575e-02,3.523184294253085300e-16,2.259647032568526856e-15,-9.995876397016176806e-01,6.444858175541694489e-01,3.522237576582482738e-02,-7.679463013093935919e-02,-1.509507917498578482e-14,4.704386714809329665e-16,-4.012244074299465606e-17,0.000000000000000000e+00
1.603600000000000136e+01,2.002986509798230230e+01,2.231242324920876641e+01,2.931831049212571205e+00,2.871498834667162575e-02,3.508703949920180074e-16,2.596535551281012879e-15,-9.995876397016176806e-01,6.444858175541694489e-01,3.522237576582253754e-02,-7.679463013094026125e-02,-1.315218888189176087e-14,2.483940665559016091e-16,-3.932942429683382045e-17,0.000000000000000000e+00
1.608399999999999963e+01,2.006080041722491814e+01,2.231411392324554654e+01,2.928144906966283489e+00,2.871498834667162575e-02,3.449885096564778311e-16,2.887492214007128920e-15,-9.995876397016176806e-01,6.444858175541694489e-01,3.522237576581995627e-02,-7.679463013094109392e-02,-1.128701420052149662e-14,4.145001138367145893e-18,-4.091545718915547934e-17,0.000000000000000000e+00
1.613200000000000145e+01,2.009173573646753397e+01,2.231580459728232668e+01,2.924458764719995774e+00,2.871498834667162575e-02,3.352394082669265376e-16,3.134443669735845427e-15,-9.995876397016176806e-01,6.444858175541694489e-01,3.522237576581712520e-02,-7.679463013094178780e-02,-9.488452900628744288e-15,-1.734906828016578565e-16,-4.805260520460289505e-17,0.000000000000000000e+00
1.617999999999999972e+01,2.012267105571014980e+01,2.231749527131910682e+01,2.920772622473708058e+00,2.871498834667162575e-02,3.243138234447590390e-16,3.337289505732865123e-15,-9.995876397016176806e-01,6.444858175541694489e-01,3.522237576581407209e-02,-7.679463013094245394e-02,-7.589971528519727235e-15,-2.734107550179220339e-16,-5.598276966621112788e-17,0.000000000000000000e+00
1.622800000000000153e+01,2.015360637495276563e+01,2.231918594535588696e+01,2.917086480227420342e+00,2.871498834667162575e-02,3.129473014877483095e-16,3.500582430498262035e-15,-9.995876397016176806e-01,6.444858175541694489e-01,3.522237576581085244e-02,-7.679463013094300905e-02,-6.191090517492030625e-15,-2.734107550179220832e-16,-4.170847363531625948e-17,0.000000000000000000e+00
1.627599999999999980e+01,2.018454169419538147e+01,2.232087661939264933e+01,2.913400337981132626e+00,2.871498834667162575e-02,3.021999087221741903e-16,3.629950728749521767e-15,-9.995876397016176806e-01,6.444858175541694489e-01,3.522237576580748708e-02,-7.679463013094350865e-02,-4.470244829323037987e-15,-3.400241364954315348e-16,-3.457132561986880680e-17,0.000000000000000000e+00
1.632400000000000162e+01,2.021547701343799730e+01,2.232256729342938684e+01,2.909714195734844910e+00,2.871498834667162575e-02,2.932380614503717174e-16,3.675418604798242048e-15,-9.995876397016176806e-01,6.444858175541694489e-01,3.522237576580402457e-02,-7.679463013094400825e-02,3.037141765651348410e-16,-5.731709716667146154e-16,-4.250149008147705195e-17,0.000000000000000000e+00
1.637199999999999989e+01,2.024641233268061313e+01,2.232425796746612434e+01,2.906028053488557195e+00,2.871498834667162575e-02,2.785298336819403275e-16,3.587734902921227198e-15,-9.995876397016176806e-01,6.444858175541694489e-01,3.522237576580057594e-02,-7.679463013094435520e-02,6.498758653973509895e-15,-8.396244975767524217e-16,-4.646657231228116220e-17,0.000000000000000000e+00
1.642000000000000171e+01,2.027734765192322897e+01,2.232594864150286185e+01,2.902341911242269479e+00,2.871498834667162575e-02,2.619956818982406369e-16,3.350190091324031338e-15,-9.995876397016176806e-01,6.444858175541694489e-01,3.522237576579727997e-02,-7.679463013094470214e-02,1.268270090113563372e-14,-1.039464642009279889e-15,-4.884562165076362589e-17,0.000000000000000000e+00
1.646799999999999997e+01,2.030828297116584480e+01,2.232763931553959935e+01,2.898655768995981763e+00,2.871498834667162575e-02,2.499482215772408260e-16,2.973472553964691957e-15,-9.995876397016176806e-01,6.444858175541694489e-01,3.522237576579426849e-02,-7.679463013094503521e-02,1.807838480081389072e-14,-9.728512605317699444e-16,-4.963863809692444301e-17,0.000000000000000000e+00
1.651600000000000179e+01,2.033921829040846063e+01,2.232932998957633686e+01,2.894969626749694047e+00,2.871498834667162575e-02,2.418979639661781783e-16,2.481581153149796339e-15,-9.995876397016176806e-01,6.444858175541694489e-01,3.522237576579165946e-02,-7.679463013094535440e-02,2.230833452463573966e-14,-9.506468000392663008e-16,-4.805260520460278412e-17,0.000000000000000000e+00
1.656400000000000006e+01,2.037015360965107647e+01,2.233102066361307436e+01,2.891283484503406331e+00,2.871498834667162575e-02,2.354614776456468114e-16,1.904902294156279963e-15,-9.995876397016176806e-01,6.444858175541694489e-01,3.522237576578955698e-02,-7.679463013094560420e-02,2.525042553989240134e-14,-9.284423395467626573e-16,-4.963863809692443068e-17,0.000000000000000000e+00
1.661200000000000188e+01,2.040108892889369230e+01,2.233271133764981187e+01,2.887597342257118616e+00,2.871498834667162575e-02,2.314050308733184292e-16,1.274756980740623226e-15,-9.995876397016176806e-01,6.444858175541694489e-01,3.522237576578802348e-02,-7.679463013094582624e-02,2.696016899781513357e-14,-8.618289580692526140e-16,-4.567355586612030811e-17,0.000000000000000000e+00
1.666000000000000014e+01,2.043202424813630813e+01,2.233440201168654937e+01,2.883911200010830900e+00,2.871498834667162575e-02,2.307898936171653575e-16,6.176099082333309236e-16,-9.995876397016176806e-01,6.444858175541694489e-01,3.522237576578710061e-02,-7.679463013094599277e-02,2.757079166135896652e-14,-7.508066556067369600e-16,-4.884562165076360740e-17,0.000000000000000000e+00
1.670800000000000196e+01,2.046295956737892396e+01,2.233609268572328688e+01,2.880225057764543184e+00,2.871498834667162575e-02,2.325183774980119974e-16,-4.224654202170264089e-17,-9.995876397016176806e-01,6.444858175541694489e-01,3.522237576578680224e-02,-7.679463013094615931e-02,2.731544036569518241e-14,-6.619888136367240620e-16,-4.884562165076361973e-17,0.000000000000000000e+00
1.675600000000000023e+01,2.049389488662153980e+01,2.233778335976002438e+01,2.876538915518255468e+00,2.871498834667162575e-02,2.368127261722340413e-16,-6.862576125439035297e-16,-9.995876397016176806e-01,6.444858175541694489e-01,3.522237576578710755e-02,-7.679463013094632584e-02,2.627183072254753778e-14,-5.398642809279568820e-16,-4.488053941995949099e-17,0.000000000000000000e+00
1.680400000000000205e+01,2.052483020586415563e+01,2.233947403379676189e+01,2.872852773271967752e+00,2.871498834667162575e-02,2.439817762837144342e-16,-1.298109633981582713e-15,-9.995876397016176806e-01,6.444858175541694489e-01,3.522237576578800961e-02,-7.679463013094649237e-02,2.476192740905732867e-14,-3.400241364954288231e-16,-4.805260520460278412e-17,0.000000000000000000e+00
1.685200000000000031e+01,2.055576552510677146e+01,2.234116470783349939e+01,2.869166631025680037e+00,2.871498834667162575e-02,2.526155733560823652e-16,-1.868157971321794763e-15,-9.995876397016176806e-01,6.444858175541694489e-01,3.522237576578947371e-02,-7.679463013094661727e-02,2.279683265547079970e-14,-2.178996037866617417e-16,-4.408752297379866770e-17,0.000000000000000000e+00
1.689999999999999858e+01,2.058670084434938730e+01,2.234285538187023690e+01,2.865480488779392321e+00,2.871498834667162575e-02,2.644070423028338617e-16,-2.386513358306414626e-15,-9.995876397016176806e-01,6.444858175541694489e-01,3.522237576579145824e-02,-7.679463013094671442e-02,2.058748883646675018e-14,-9.577507107789462331e-17,-5.518975322005023681e-17,0.000000000000000000e+00
1.694800000000000040e+01,2.061763616359200313e+01,2.234454605590697440e+01,2.861794346533104605e+00,2.871498834667162575e-02,2.777617053733962061e-16,-2.851799927520850706e-15,-9.995876397016176806e-01,6.444858175541694489e-01,3.522237576579390073e-02,-7.679463013094679769e-02,1.838924724770895159e-14,1.040650733546335096e-16,-6.470595057398012236e-17,0.000000000000000000e+00
1.699599999999999866e+01,2.064857148283461896e+01,2.234623672994371191e+01,2.858108204286816889e+00,2.871498834667162575e-02,2.922704830788230172e-16,-3.263696226216121038e-15,-9.995876397016176806e-01,6.444858175541694489e-01,3.522237576579675955e-02,-7.679463013094689483e-02,1.611329004722739015e-14,1.484739943396396997e-16,-7.342913148174917848e-17,0.000000000000000000e+00
1.704400000000000048e+01,2.067950680207723479e+01,2.234792740398044941e+01,2.854422062040529173e+00,2.871498834667162575e-02,3.083589118048966372e-16,-3.622323311802092247e-15,-9.995876397016176806e-01,6.444858175541694489e-01,3.522237576579999307e-02,-7.679463013094696422e-02,1.401496853068584681e-14,3.150074480334130329e-16,-7.422214792791000176e-17,0.000000000000000000e+00
1.709199999999999875e+01,2.071044212131985063e+01,2.234961807801718692e+01,2.850735919794241457e+00,2.871498834667162575e-02,3.263910088533827167e-16,-3.931846887869552492e-15,-9.995876397016176806e-01,6.444858175541694489e-01,3.522237576580353191e-02,-7.679463013094693646e-02,1.203877154685306533e-14,3.483141387721676108e-16,-7.263611503558835519e-17,0.000000000000000000e+00
1.714000000000000057e+01,2.074137744056246646e+01,2.235130875205392442e+01,2.847049777547953742e+00,2.871498834667162575e-02,3.451516161952575917e-16,-4.195589477896806994e-15,-9.995876397016176806e-01,6.444858175541694489e-01,3.522237576580734136e-02,-7.679463013094688095e-02,1.015139240499029921e-14,5.037453622196896152e-16,-6.549896702014094565e-17,0.000000000000000000e+00
1.718799999999999883e+01,2.077231275980508229e+01,2.235299942609069035e+01,2.843363635301666026e+00,2.871498834667162575e-02,3.664636085875760876e-16,-4.407412184443923235e-15,-9.995876397016176806e-01,6.444858175541694489e-01,3.522237576581137980e-02,-7.679463013094686707e-02,7.175994698994876841e-15,6.702788159134632934e-16,-5.439673677388941352e-17,0.000000000000000000e+00
1.723600000000000065e+01,2.080324807904769813e+01,2.235469010012747049e+01,2.839677493055378310e+00,2.871498834667162575e-02,3.875654197400209204e-16,-4.499020814645075048e-15,-9.995876397016176806e-01,6.444858175541694489e-01,3.522237576581557783e-02,-7.679463013094683932e-02,6.367810839527048773e-16,7.924033486222305721e-16,-5.518975322005024913e-17,0.000000000000000000e+00
1.728399999999999892e+01,2.083418339829031396e+01,2.235638077416425062e+01,2.835991350809090594e+00,2.871498834667162575e-02,4.043800124179342315e-16,-4.412292959716707442e-15,-9.995876397016176806e-01,6.444858175541694489e-01,3.522237576581978974e-02,-7.679463013094685320e-02,-7.279109081624661631e-15,9.034256510847466205e-16,-5.201768743540696833e-17,0.000000000000000000e+00
1.733200000000000074e+01,2.086511871753292979e+01,2.235807144820103076e+01,2.832305208562802878e+00,2.871498834667162575e-02,4.202734634693449748e-16,-4.140103251216797210e-15,-9.995876397016176806e-01,6.444858175541694489e-01,3.522237576582382818e-02,-7.679463013094683932e-02,-1.460658104415069322e-14,1.081061335024772219e-15,-5.281070388156779777e-17,0.000000000000000000e+00
1.737999999999999901e+01,2.089605403677554563e+01,2.235976212223781090e+01,2.828619066316515163e+00,2.871498834667162575e-02,4.336819506375879741e-16,-3.706403052289340493e-15,-9.995876397016176806e-01,6.444858175541694489e-01,3.522237576582754048e-02,-7.679463013094685320e-02,-2.077942106106656926e-14,1.092163565271024337e-15,-5.281070388156779777e-17,0.000000000000000000e+00
1.742800000000000082e+01,2.092698935601816146e+01,2.236145279627459104e+01,2.824932924070227447e+00,2.871498834667162575e-02,4.429506351693897981e-16,-3.141739202169804315e-15,-9.995876397016176806e-01,6.444858175541694489e-01,3.522237576583078789e-02,-7.679463013094685320e-02,-2.555338006695474239e-14,1.069959104778521877e-15,-5.201768743540696833e-17,0.000000000000000000e+00
1.747599999999999909e+01,2.095792467526077729e+01,2.236314347031137117e+01,2.821246781823939731e+00,2.871498834667162575e-02,4.486696787920563543e-16,-2.481347763125815966e-15,-9.995876397016176806e-01,6.444858175541694489e-01,3.522237576583345242e-02,-7.679463013094686707e-02,-2.898396921304647673e-14,1.047754644286019416e-15,-5.122467098924614504e-17,0.000000000000000000e+00
1.752400000000000091e+01,2.098885999450339312e+01,2.236483414434815131e+01,2.817560639577652015e+00,2.871498834667162575e-02,4.529195505999174315e-16,-1.756667883746640825e-15,-9.995876397016176806e-01,6.444858175541694489e-01,3.522237576583546470e-02,-7.679463013094685320e-02,-3.094906396663299623e-14,9.811412628085106549e-16,-5.201768743540698065e-17,0.000000000000000000e+00
1.757199999999999918e+01,2.101979531374600896e+01,2.236652481838493145e+01,2.813874497331364299e+00,2.871498834667162575e-02,4.537067098906152958e-16,-1.001921380486230262e-15,-9.995876397016176806e-01,6.444858175541694489e-01,3.522237576583678309e-02,-7.679463013094685320e-02,-3.165960670239310020e-14,9.367323418235047483e-16,-5.043165454308533409e-17,0.000000000000000000e+00
1.762000000000000099e+01,2.105073063298862479e+01,2.236821549242171159e+01,2.810188355085076584e+00,2.871498834667162575e-02,4.521793362330393964e-16,-2.439315369743200739e-16,-9.995876397016176806e-01,6.444858175541694489e-01,3.522237576583737984e-02,-7.679463013094685320e-02,-3.137094871599056960e-14,7.813011183759833848e-16,-4.884562165076369985e-17,0.000000000000000000e+00
1.766799999999999926e+01,2.108166595223124062e+01,2.236990616645849173e+01,2.806502212838788868e+00,2.871498834667162575e-02,4.477220125246286698e-16,4.946482885067197082e-16,-9.995876397016176806e-01,6.444858175541694489e-01,3.522237576583727575e-02,-7.679463013094685320e-02,-3.017190784939540559e-14,6.924832764059709799e-16,-4.884562165076369985e-17,0.000000000000000000e+00
1.771600000000000108e+01,2.111260127147385646e+01,2.237159684049527186e+01,2.802816070592501152e+00,2.871498834667162575e-02,4.434449787513109925e-16,1.195248002078684587e-15,-9.995876397016176806e-01,6.444858175541694489e-01,3.522237576583649860e-02,-7.679463013094685320e-02,-2.827342647728638538e-14,6.036654344359588708e-16,-5.518975322005028611e-17,0.000000000000000000e+00
1.776399999999999935e+01,2.114353659071647229e+01,2.237328751453205200e+01,2.799129928346213436e+00,2.871498834667162575e-02,4.374989091173510357e-16,1.846463318386720506e-15,-9.995876397016176806e-01,6.444858175541694489e-01,3.522237576583507612e-02,-7.679463013094685320e-02,-2.615290050025234333e-14,4.704386714809405593e-16,-3.853640785067293554e-17,0.000000000000000000e+00
1.781200000000000117e+01,2.117447190995908812e+01,2.237497818856883214e+01,2.795443786099925720e+00,2.871498834667162575e-02,4.284871028523001685e-16,2.442012087276774880e-15,-9.995876397016176806e-01,6.444858175541694489e-01,3.522237576583306384e-02,-7.679463013094685320e-02,-2.365489869484573480e-14,2.150873758171544022e-16,-4.567355586612033892e-17,0.000000000000000000e+00
1.785999999999999943e+01,2.120540722920170396e+01,2.237666886260561228e+01,2.791757643853638005e+00,2.871498834667162575e-02,4.148275248171867408e-16,2.976650874688988237e-15,-9.995876397016176806e-01,6.444858175541694489e-01,3.522237576583052421e-02,-7.679463013094685320e-02,-2.112359019870037032e-14,-5.136615009288312070e-17,-5.518975322005021832e-17,0.000000000000000000e+00
1.790800000000000125e+01,2.123634254844431979e+01,2.237835953664239241e+01,2.788071501607350289e+00,2.871498834667162575e-02,3.966761797426167908e-16,3.450361948524876222e-15,-9.995876397016176806e-01,6.444858175541694489e-01,3.522237576582749885e-02,-7.679463013094685320e-02,-1.858117947230875490e-14,-2.401040642791597646e-16,-6.549896702014092099e-17,0.000000000000000000e+00
1.795599999999999952e+01,2.126727786768693562e+01,2.238005021067917255e+01,2.784385359361062573e+00,2.871498834667162575e-02,3.761813074863206019e-16,3.864917469693642869e-15,-9.995876397016176806e-01,6.444858175541694489e-01,3.522237576582405716e-02,-7.679463013094685320e-02,-1.618309773911841424e-14,-4.621486692041912699e-16,-6.549896702014092099e-17,0.000000000000000000e+00
1.800400000000000134e+01,2.129821318692955145e+01,2.238174088471595269e+01,2.780699217114774857e+00,2.871498834667162575e-02,3.550013345615889310e-16,4.223674908994337401e-15,-9.995876397016176806e-01,6.444858175541694489e-01,3.522237576582024077e-02,-7.679463013094685320e-02,-1.395154945962185339e-14,-4.621486692041912699e-16,-5.836181900469351145e-17,0.000000000000000000e+00
1.805199999999999960e+01,2.132914850617216729e+01,2.238343155875273283e+01,2.777013074868487141e+00,2.871498834667162575e-02,3.342303615875798541e-16,4.529531253519482256e-15,-9.995876397016176806e-01,6.444858175541694489e-01,3.522237576581611906e-02,-7.679463013094685320e-02,-1.178661456160280444e-14,-5.509665111742033790e-16,-4.329450652763781977e-17,0.000000000000000000e+00
1.810000000000000142e+01,2.136008382541478312e+01,2.238512223278951296e+01,2.773326932622199426e+00,2.871498834667162575e-02,3.119478741343741611e-16,4.784386131574236163e-15,-9.995876397016176806e-01,6.444858175541694489e-01,3.522237576581172674e-02,-7.679463013094685320e-02,-9.699395275307515195e-15,-6.841932741292216905e-16,-3.377830917370789107e-17,0.000000000000000000e+00
1.814799999999999969e+01,2.139101914465739895e+01,2.238681290682627534e+01,2.769640790375911710e+00,2.871498834667162575e-02,2.877561488032672105e-16,4.988938953680732253e-15,-9.995876397016176806e-01,6.444858175541694489e-01,3.522237576580712626e-02,-7.679463013094686707e-02,-7.290211311870925187e-15,-8.396244975767432512e-16,-4.250149008147695334e-17,0.000000000000000000e+00
1.819600000000000151e+01,2.142195446390001479e+01,2.238850358086301284e+01,2.765954648129623994e+00,2.871498834667162575e-02,2.624109876244919912e-16,5.086722194687507297e-15,-9.995876397016176806e-01,6.444858175541694489e-01,3.522237576580237312e-02,-7.679463013094681156e-02,-7.954066178137582420e-16,-1.028362411763019291e-15,-4.567355586612024648e-17,0.000000000000000000e+00
1.824399999999999977e+01,2.145288978314263062e+01,2.239019425489975035e+01,2.762268505883336278e+00,2.871498834667162575e-02,2.391515199057560926e-16,4.992817378842073895e-15,-9.995876397016176806e-01,6.444858175541694489e-01,3.522237576579759222e-02,-7.679463013094674217e-02,7.942048585986226019e-15,-1.150486944471785880e-15,-4.408752297379861224e-17,0.000000000000000000e+00
1.829200000000000159e+01,2.148382510238524645e+01,2.239188492893648785e+01,2.758582363637048562e+00,2.871498834667162575e-02,2.186341123222879681e-16,4.686695762511449315e-15,-9.995876397016176806e-01,6.444858175541694489e-01,3.522237576579300561e-02,-7.679463013094668666e-02,1.670170825027871491e-14,-1.239304786441797890e-15,-4.725958875844193002e-17,0.000000000000000000e+00
1.833999999999999986e+01,2.151476042162786229e+01,2.239357560297322536e+01,2.754896221390760847e+00,2.871498834667162575e-02,2.025200851734072758e-16,4.181666601611431205e-15,-9.995876397016176806e-01,6.444858175541694489e-01,3.522237576578880064e-02,-7.679463013094663115e-02,2.443996273191606104e-14,-1.339224858658061229e-15,-4.805260520460274714e-17,0.000000000000000000e+00
1.838800000000000168e+01,2.154569574087047812e+01,2.239526627700996286e+01,2.751210079144473131e+00,2.871498834667162575e-02,1.899550873324171811e-16,3.511336774787529158e-15,-9.995876397016176806e-01,6.444858175541694489e-01,3.522237576578514384e-02,-7.679463013094656176e-02,3.054618936735442833e-14,-1.294815937673054336e-15,-4.884562165076356426e-17,0.000000000000000000e+00
1.843599999999999994e+01,2.157663106011309395e+01,2.239695695104670037e+01,2.747523936898185415e+00,2.871498834667162575e-02,1.816846896125196778e-16,2.717800297170396610e-15,-9.995876397016176806e-01,6.444858175541694489e-01,3.522237576578216706e-02,-7.679463013094649237e-02,3.488716139363878661e-14,-1.272611477180550496e-15,-4.567355586612025880e-17,0.000000000000000000e+00
1.848400000000000176e+01,2.160756637935570978e+01,2.239864762508343787e+01,2.743837794651897699e+00,2.871498834667162575e-02,1.778827271720835825e-16,1.841402097335753560e-15,-9.995876397016176806e-01,6.444858175541694489e-01,3.522237576577997437e-02,-7.679463013094643686e-02,3.764051449470916979e-14,-1.205998095703040551e-15,-4.646657231228108825e-17,0.000000000000000000e+00
1.853200000000000003e+01,2.163850169859832562e+01,2.240033829912017538e+01,2.740151652405609983e+00,2.871498834667162575e-02,1.770334869403925780e-16,9.194397297190083930e-16,-9.995876397016176806e-01,6.444858175541694489e-01,3.522237576577863516e-02,-7.679463013094635360e-02,3.879514644031933006e-14,-1.050566872255518202e-15,-4.646657231228108825e-17,0.000000000000000000e+00
1.858000000000000185e+01,2.166943701784094145e+01,2.240202897315691288e+01,2.736465510159322267e+00,2.871498834667162575e-02,1.803687349414865542e-16,-1.286504605737870967e-17,-9.995876397016176806e-01,6.444858175541694489e-01,3.522237576577816331e-02,-7.679463013094629809e-02,3.866191967736430623e-14,-9.617490302855052050e-16,-5.043165454308521083e-17,0.000000000000000000e+00
1.862800000000000011e+01,2.170037233708355728e+01,2.240371964719365039e+01,2.732779367913034552e+00,2.871498834667162575e-02,1.872112523532248213e-16,-9.272981726809308046e-16,-9.995876397016176806e-01,6.444858175541694489e-01,3.522237576577857271e-02,-7.679463013094621482e-02,3.751838996200039373e-14,-7.619088858529768502e-16,-5.360372032772851628e-17,0.000000000000000000e+00
1.867600000000000193e+01,2.173130765632617312e+01,2.240541032123038789e+01,2.729093225666746836e+00,2.871498834667162575e-02,1.971405320364631503e-16,-1.803035353954286631e-15,-9.995876397016176806e-01,6.444858175541694489e-01,3.522237576577982171e-02,-7.679463013094614543e-02,3.554219297816762014e-14,-5.065575901891905698e-16,-4.884562165076355810e-17,0.000000000000000000e+00
1.872400000000000020e+01,2.176224297556878895e+01,2.240710099526712540e+01,2.725407083420459120e+00,2.871498834667162575e-02,2.102713913042122559e-16,-2.623968416671466695e-15,-9.995876397016176806e-01,6.444858175541694489e-01,3.522237576578186868e-02,-7.679463013094606216e-02,3.299978225177600156e-14,-3.289219062491655135e-16,-4.408752297379861840e-17,0.000000000000000000e+00
1.877200000000000202e+01,2.179317829481140478e+01,2.240879166930386290e+01,2.721720941174171404e+00,2.871498834667162575e-02,2.262102757454449409e-16,-3.379490555802092779e-15,-9.995876397016176806e-01,6.444858175541694489e-01,3.522237576578466506e-02,-7.679463013094599277e-02,3.013540684824309012e-14,-1.956951432941468568e-16,-4.488053941995943552e-17,0.000000000000000000e+00
1.882000000000000028e+01,2.182411361405402062e+01,2.241048234334060041e+01,2.718034798927883688e+00,2.871498834667162575e-02,2.442448153501988951e-16,-4.064135471215901127e-15,-9.995876397016176806e-01,6.444858175541694489e-01,3.522237576578813451e-02,-7.679463013094590951e-02,2.718221360274018382e-14,9.296284310839373026e-17,-5.598276966621097997e-17,0.000000000000000000e+00
1.886800000000000210e+01,2.185504893329663645e+01,2.241217301737733791e+01,2.714348656681595973e+00,2.871498834667162575e-02,2.664575431134559017e-16,-4.677710056609878174e-15,-9.995876397016176806e-01,6.444858175541694489e-01,3.522237576579222151e-02,-7.679463013094582624e-02,2.424012258748351898e-14,2.817007572946702386e-16,-6.311991768165838952e-17,0.000000000000000000e+00
1.891600000000000037e+01,2.188598425253925228e+01,2.241386369141407542e+01,2.710662514435308257e+00,2.871498834667162575e-02,2.897280889960556514e-16,-5.222169894459280255e-15,-9.995876397016176806e-01,6.444858175541694489e-01,3.522237576579684282e-02,-7.679463013094574297e-02,2.140905387468936981e-14,4.038252900034373200e-16,-6.074086834317591967e-17,0.000000000000000000e+00
1.896399999999999864e+01,2.191691957178186811e+01,2.241555436545081292e+01,2.706976372189020541e+00,2.871498834667162575e-02,3.165332459605251196e-16,-5.700220536906903273e-15,-9.995876397016176806e-01,6.444858175541694489e-01,3.522237576580195678e-02,-7.679463013094565971e-02,1.870010969460399037e-14,6.591765856672236004e-16,-5.043165454308521083e-17,0.000000000000000000e+00
1.901200000000000045e+01,2.194785489102448395e+01,2.241724503948755043e+01,2.703290229942732825e+00,2.871498834667162575e-02,3.455517388139708477e-16,-6.113810311369743155e-15,-9.995876397016176806e-01,6.444858175541694489e-01,3.522237576580750096e-02,-7.679463013094559032e-02,1.609108558673487250e-14,7.035855066522300987e-16,-4.250149008147697800e-17,0.000000000000000000e+00
1.905999999999999872e+01,2.197879021026709978e+01,2.241893571352432346e+01,2.699604087696445109e+00,2.871498834667162575e-02,3.772366566890069638e-16,-6.448553989562965049e-15,-9.995876397016176806e-01,6.444858175541694489e-01,3.522237576581339902e-02,-7.679463013094552093e-02,1.112838866666042561e-14,1.025550183793525831e-15,-4.488053941995945401e-17,0.000000000000000000e+00
1.910800000000000054e+01,2.200972552950971561e+01,2.242062638756110360e+01,2.695917945450157394e+00,2.871498834667162575e-02,4.090316995743646771e-16,-6.589947151314398704e-15,-9.995876397016176806e-01,6.444858175541694489e-01,3.522237576581953300e-02,-7.679463013094552093e-02,1.047563603064004731e-15,1.203185867733551429e-15,-5.043165454308524780e-17,0.000000000000000000e+00
1.915599999999999881e+01,2.204066084875233145e+01,2.242231706159788374e+01,2.692231803203869678e+00,2.871498834667162575e-02,4.364424640502839447e-16,-6.463503355320387572e-15,-9.995876397016176806e-01,6.444858175541694489e-01,3.522237576582568086e-02,-7.679463013094550705e-02,-1.055426700426887974e-14,1.336412630688570727e-15,-4.488053941995945401e-17,0.000000000000000000e+00
1.920400000000000063e+01,2.207159616799494728e+01,2.242400773563466387e+01,2.688545660957581962e+00,2.871498834667162575e-02,4.576603252359803110e-16,-6.065031756130961033e-15,-9.995876397016176806e-01,6.444858175541694489e-01,3.522237576583159974e-02,-7.679463013094547930e-02,-2.146775933633416506e-14,1.425230472658583723e-15,-4.884562165076357659e-17,0.000000000000000000e+00
1.925199999999999889e+01,2.210253148723756311e+01,2.242569840967144401e+01,2.684859518711294246e+00,2.871498834667162575e-02,4.752221688781687587e-16,-5.424847709904517265e-15,-9.995876397016176806e-01,6.444858175541694489e-01,3.522237576583703289e-02,-7.679463013094547930e-02,-3.070481490121546306e-14,1.502946084382345194e-15,-4.646657231228108825e-17,0.000000000000000000e+00
1.930000000000000071e+01,2.213346680648017895e+01,2.242738908370822415e+01,2.681173376465006530e+00,2.871498834667162575e-02,4.879452562605854651e-16,-4.587612356579943225e-15,-9.995876397016176806e-01,6.444858175541694489e-01,3.522237576584177215e-02,-7.679463013094545154e-02,-3.801008240324899435e-14,1.558457235613603613e-15,-4.805260520460274098e-17,0.000000000000000000e+00
1.934799999999999898e+01,2.216440212572279478e+01,2.242907975774500429e+01,2.677487234218718815e+00,2.871498834667162575e-02,4.960704681876854584e-16,-3.605787348053467818e-15,-9.995876397016176806e-01,6.444858175541694489e-01,3.522237576584565794e-02,-7.679463013094542378e-02,-4.298388155356969692e-14,1.536252775121101152e-15,-5.122467098924604643e-17,0.000000000000000000e+00
1.939600000000000080e+01,2.219533744496541061e+01,2.243077043178178442e+01,2.673801091972431099e+00,2.871498834667162575e-02,5.014764333237997195e-16,-2.530076840131075217e-15,-9.995876397016176806e-01,6.444858175541694489e-01,3.522237576584860697e-02,-7.679463013094542378e-02,-4.609250602252013523e-14,1.480741623889843917e-15,-4.884562165076357042e-17,0.000000000000000000e+00
1.944399999999999906e+01,2.222627276420802644e+01,2.243246110581856456e+01,2.670114949726143383e+00,2.871498834667162575e-02,5.020789697159815309e-16,-1.403146428895807512e-15,-9.995876397016176806e-01,6.444858175541694489e-01,3.522237576585048047e-02,-7.679463013094539603e-02,-4.738036473108531303e-14,1.280901479457316450e-15,-4.963863809692439987e-17,0.000000000000000000e+00
1.949200000000000088e+01,2.225720808345064228e+01,2.243415177985534470e+01,2.666428807479855667e+00,2.871498834667162575e-02,4.991795753490416005e-16,-2.672090326365213371e-16,-9.995876397016176806e-01,6.444858175541694489e-01,3.522237576585129232e-02,-7.679463013094539603e-02,-4.710280897492903021e-14,1.169879176994801387e-15,-4.963863809692441219e-17,0.000000000000000000e+00
1.953999999999999915e+01,2.228814340269325811e+01,2.243584245389212484e+01,2.662742665233567951e+00,2.871498834667162575e-02,4.928840955640743852e-16,8.454397850301716884e-16,-9.995876397016176806e-01,6.444858175541694489e-01,3.522237576585104946e-02,-7.679463013094535440e-02,-4.555959897070005883e-14,9.811412628085254461e-16,-4.963863809692439987e-17,0.000000000000000000e+00
1.958800000000000097e+01,2.231907872193587394e+01,2.243753312792890497e+01,2.659056522987280236e+00,2.871498834667162575e-02,4.833257397687164197e-16,1.910057877543271887e-15,-9.995876397016176806e-01,6.444858175541694489e-01,3.522237576584975882e-02,-7.679463013094534052e-02,-4.323923284923349049e-14,7.701988881297459598e-16,-4.725958875844191153e-17,0.000000000000000000e+00
1.963599999999999923e+01,2.235001404117848978e+01,2.243922380196568511e+01,2.655370380740992520e+00,2.871498834667162575e-02,4.699369788779215381e-16,2.910057580690144666e-15,-9.995876397016176806e-01,6.444858175541694489e-01,3.522237576584750368e-02,-7.679463013094531276e-02,-4.027493737348431748e-14,5.370520529584629285e-16,-4.091545718915532527e-17,0.000000000000000000e+00
1.968400000000000105e+01,2.238094936042110561e+01,2.244091447600246525e+01,2.651684238494704804e+00,2.871498834667162575e-02,4.545325043758320065e-16,3.834850700588913317e-15,-9.995876397016176806e-01,6.444858175541694489e-01,3.522237576584433955e-02,-7.679463013094528501e-02,-3.705529060207138876e-14,4.038252900034444197e-16,-5.836181900469348680e-17,0.000000000000000000e+00
1.973199999999999932e+01,2.241188467966372144e+01,2.244260515003924539e+01,2.647998096248417088e+00,2.871498834667162575e-02,4.382655250779756338e-16,4.678317192397335249e-15,-9.995876397016176806e-01,6.444858175541694489e-01,3.522237576584034274e-02,-7.679463013094527113e-02,-3.351367915351715454e-14,2.705985270484255166e-16,-5.281070388156772382e-17,0.000000000000000000e+00
1.978000000000000114e+01,2.244281999890633728e+01,2.244429582407602553e+01,2.644311954002129372e+00,2.871498834667162575e-02,4.210172585507456535e-16,5.437632514067664533e-15,-9.995876397016176806e-01,6.444858175541694489e-01,3.522237576583558960e-02,-7.679463013094525725e-02,-3.008309000742544229e-14,1.262695338471552600e-16,-5.518975322005022448e-17,0.000000000000000000e+00
1.982799999999999940e+01,2.247375531814895311e+01,2.244598649811280566e+01,2.640625811755841656e+00,2.871498834667162575e-02,4.022342520918693052e-16,6.115824032665464081e-15,-9.995876397016176806e-01,6.444858175541694489e-01,3.522237576583015645e-02,-7.679463013094522950e-02,-2.677462539404248400e-14,-7.357061058537287292e-17,-6.629198346630175660e-17,0.000000000000000000e+00
1.987600000000000122e+01,2.250469063739156894e+01,2.244767717214958580e+01,2.636939669509553941e+00,2.871498834667162575e-02,3.793798989859320090e-16,6.716906185683723513e-15,-9.995876397016176806e-01,6.444858175541694489e-01,3.522237576582412655e-02,-7.679463013094520174e-02,-2.366600092509204569e-14,-4.621486692041775635e-16,-6.946404925094504974e-17,0.000000000000000000e+00
1.992399999999999949e+01,2.253562595663418477e+01,2.244936784618636594e+01,2.633253527263266225e+00,2.871498834667162575e-02,3.495085130285732963e-16,7.245214863364415201e-15,-9.995876397016176806e-01,6.444858175541694489e-01,3.522237576581754848e-02,-7.679463013094517398e-02,-2.066839875860412303e-14,-7.286021951142151726e-16,-5.994785189701517034e-17,0.000000000000000000e+00
1.997200000000000131e+01,2.256656127587680061e+01,2.245105852022314608e+01,2.629567385016978509e+00,2.871498834667162575e-02,3.159392222226336503e-16,7.705066001643660641e-15,-9.995876397016176806e-01,6.444858175541694489e-01,3.522237576581051938e-02,-7.679463013094514623e-02,-1.808157911122750387e-14,-9.395445697929948561e-16,-5.994785189701517034e-17,0.000000000000000000e+00
2.001999999999999957e+01,2.259749659511941644e+01,2.245274919425989069e+01,2.625881242770690793e+00,2.871498834667162575e-02,2.790503653061059389e-16,8.081742838599054557e-15,-9.995876397016176806e-01,6.444858175541694489e-01,3.522237576580308088e-02,-7.679463013094504908e-02,-1.225290823194543361e-14,-1.205998095703031874e-15,-5.915483545085434706e-17,0.000000000000000000e+00
2.006800000000000139e+01,2.262843191436203227e+01,2.245443986829662819e+01,2.622195100524403077e+00,2.871498834667162575e-02,2.419443076271485084e-16,8.215440854951125216e-15,-9.995876397016176806e-01,6.444858175541694489e-01,3.522237576579537871e-02,-7.679463013094492418e-02,6.589855444451386081e-16,-1.539065003090578244e-15,-5.598276966621105393e-17,0.000000000000000000e+00
2.011599999999999966e+01,2.265936723360464811e+01,2.245613054233336570e+01,2.618508958278115362e+00,2.871498834667162575e-02,2.096014439492778317e-16,8.001610328221545640e-15,-9.995876397016176806e-01,6.444858175541694489e-01,3.522237576578769735e-02,-7.679463013094477153e-02,1.583573429107103159e-14,-1.672291766045596950e-15,-4.488053941995949099e-17,0.000000000000000000e+00
2.016400000000000148e+01,2.269030255284726394e+01,2.245782121637010320e+01,2.614822816031827646e+00,2.871498834667162575e-02,1.834775152836179082e-16,7.429786034740767196e-15,-9.995876397016176806e-01,6.444858175541694489e-01,3.522237576578037682e-02,-7.679463013094464663e-02,3.021312245996681195e-14,-1.861029680231873680e-15,-4.805260520460280877e-17,0.000000000000000000e+00
2.021199999999999974e+01,2.272123787208987977e+01,2.245951189040684071e+01,2.611136673785539930e+00,2.871498834667162575e-02,1.618059220306231070e-16,6.539812888126887976e-15,-9.995876397016176806e-01,6.444858175541694489e-01,3.522237576577373630e-02,-7.679463013094449397e-02,4.245888242158227723e-14,-2.060869824664402331e-15,-4.963863809692445534e-17,0.000000000000000000e+00
2.026000000000000156e+01,2.275217319133249561e+01,2.246120256444357821e+01,2.607450531539252214e+00,2.871498834667162575e-02,1.426327118819482545e-16,5.389656734282070998e-15,-9.995876397016176806e-01,6.444858175541694489e-01,3.522237576576805335e-02,-7.679463013094434132e-02,5.205120935434362090e-14,-2.238505508604427930e-15,-4.963863809692445534e-17,0.000000000000000000e+00
2.030799999999999983e+01,2.278310851057511144e+01,2.246289323848031572e+01,2.603764389292964498e+00,2.871498834667162575e-02,1.251804723350286828e-16,4.044270080591262024e-15,-9.995876397016176806e-01,6.444858175541694489e-01,3.522237576576354307e-02,-7.679463013094418866e-02,5.894569433726583923e-14,-2.438345653036956186e-15,-4.725958875844197932e-17,0.000000000000000000e+00
2.035600000000000165e+01,2.281404382981772727e+01,2.246458391251705322e+01,2.600078247046676783e+00,2.871498834667162575e-02,1.086844221791899203e-16,2.568939001604053269e-15,-9.995876397016176806e-01,6.444858175541694489e-01,3.522237576576035811e-02,-7.679463013094403601e-02,6.318674629133394226e-14,-2.382834501805699542e-15,-4.884562165076361356e-17,0.000000000000000000e+00
2.040399999999999991e+01,2.284497914906034310e+01,2.246627458655379073e+01,2.596392104800389067e+00,2.871498834667162575e-02,9.927237098263538021e-17,1.020995175455896627e-15,-9.995876397016176806e-01,6.444858175541694489e-01,3.522237576575860257e-02,-7.679463013094388335e-02,6.522955665664422777e-14,-2.105278745649411196e-15,-4.963863809692444301e-17,0.000000000000000000e+00
2.045200000000000173e+01,2.287591446830295894e+01,2.246796526059052823e+01,2.592705962554101351e+00,2.871498834667162575e-02,9.843885945149688863e-17,-5.495156046674112192e-16,-9.995876397016176806e-01,6.444858175541694489e-01,3.522237576575831114e-02,-7.679463013094371682e-02,6.528506780787547298e-14,-1.772211838261864628e-15,-5.122467098924608958e-17,0.000000000000000000e+00
2.050000000000000000e+01,2.290684978754557477e+01,2.246965593462726574e+01,2.589019820307813635e+00,2.871498834667162575e-02,1.055242613464681694e-16,-2.101072817390080444e-15,-9.995876397016176806e-01,6.444858175541694489e-01,3.522237576575949769e-02,-7.679463013094356416e-02,6.386398233635526503e-14,-1.439144930874317271e-15,-4.646657231228113755e-17,0.000000000000000000e+00
2.054800000000000182e+01,2.293778510678819060e+01,2.247134660866400324e+01,2.585333678061525919e+00,2.871498834667162575e-02,1.197627313308328009e-16,-3.602377258108252853e-15,-9.995876397016176806e-01,6.444858175541694489e-01,3.522237576576212753e-02,-7.679463013094339763e-02,6.126606045873236339e-14,-1.028362411763008839e-15,-4.805260520460278412e-17,0.000000000000000000e+00
2.059600000000000009e+01,2.296872042603080644e+01,2.247303728270074075e+01,2.581647535815238204e+00,2.871498834667162575e-02,1.409793065384906010e-16,-5.033419480873739723e-15,-9.995876397016176806e-01,6.444858175541694489e-01,3.522237576576614515e-02,-7.679463013094323109e-02,5.815743598978192508e-14,-6.286821228979521292e-16,-4.963863809692444301e-17,0.000000000000000000e+00
2.064400000000000190e+01,2.299965574527342227e+01,2.247472795673747825e+01,2.577961393568950488e+00,2.871498834667162575e-02,1.679263264851711653e-16,-6.380151891620484187e-15,-9.995876397016176806e-01,6.444858175541694489e-01,3.522237576577146728e-02,-7.679463013094309232e-02,5.432716655482513501e-14,-3.511263667416627476e-16,-5.043165454308526629e-17,0.000000000000000000e+00
2.069200000000000017e+01,2.303059106451603810e+01,2.247641863077421576e+01,2.574275251322662772e+00,2.871498834667162575e-02,2.013992191772287711e-16,-7.631600325309774180e-15,-9.995876397016176806e-01,6.444858175541694489e-01,3.522237576577801760e-02,-7.679463013094295354e-02,5.033036366617457147e-14,9.296284310839979463e-17,-3.932942429683372801e-17,0.000000000000000000e+00
2.074000000000000199e+01,2.306152638375865394e+01,2.247810930481095326e+01,2.570589109076375056e+00,2.871498834667162575e-02,2.417876606518432184e-16,-8.789730600007905211e-15,-9.995876397016176806e-01,6.444858175541694489e-01,3.522237576578569895e-02,-7.679463013094282864e-02,4.655560538244902661e-14,4.926431319734561344e-16,-3.932942429683374033e-17,0.000000000000000000e+00
2.078800000000000026e+01,2.309246170300126977e+01,2.247979997884769077e+01,2.566902966830087340e+00,2.871498834667162575e-02,2.877212464748040506e-16,-9.858647175648684942e-15,-9.995876397016176806e-01,6.444858175541694489e-01,3.522237576579440033e-02,-7.679463013094267598e-02,4.291407386167850558e-14,7.590966578834941380e-16,-5.201768743540694984e-17,0.000000000000000000e+00
2.083600000000000207e+01,2.312339702224388560e+01,2.248149065288442827e+01,2.563216824583799625e+00,2.871498834667162575e-02,3.390014601316217573e-16,-1.084226535219245293e-14,-9.995876397016176806e-01,6.444858175541694489e-01,3.522237576580410090e-02,-7.679463013094250945e-02,3.947238248534050768e-14,1.058856874532286917e-15,-5.043165454308529711e-17,0.000000000000000000e+00
2.088400000000000034e+01,2.315433234148650143e+01,2.248318132692119065e+01,2.559530682337511909e+00,2.871498834667162575e-02,3.959026058881275706e-16,-1.173466842669101379e-14,-9.995876397016176806e-01,6.444858175541691159e-01,3.522237576581468965e-02,-7.679463013094234292e-02,3.383244952024469857e-14,1.436332702904840574e-15,-4.805260520460280877e-17,0.000000000000000000e+00
2.093200000000000216e+01,2.318526766072911727e+01,2.248487200095797078e+01,2.555844540091224193e+00,2.871498834667162575e-02,4.452328418749476591e-16,-1.233877848630511118e-14,-9.995876397016176806e-01,6.444858175541677836e-01,3.522237576582602780e-02,-7.679463013094217638e-02,1.660178817806226086e-14,1.180981407241055083e-15,-4.567355586612033276e-17,0.000000000000000000e+00
2.098000000000000043e+01,2.321620297997173310e+01,2.248656267499475092e+01,2.552158397844936477e+00,2.871498834667162575e-02,4.650247320064909319e-16,-1.245080461678808365e-14,-9.995876397016176806e-01,6.444858175541664513e-01,3.522237576583772678e-02,-7.679463013094200985e-02,-5.802512458873399385e-15,3.372119085259362501e-16,-5.122467098924612039e-17,0.000000000000000000e+00
2.102799999999999869e+01,2.324713829921434893e+01,2.248825334903153106e+01,2.548472255598648761e+00,2.871498834667162575e-02,4.499810273499125859e-16,-1.201567818358517636e-14,-9.995876397016176806e-01,6.444858175541651191e-01,3.522237576584928004e-02,-7.679463013094184332e-02,-2.836224431925658218e-14,-4.399442087116734269e-16,-5.677578611237190186e-17,0.000000000000000000e+00
2.107600000000000051e+01,2.327807361845696477e+01,2.248994402306831120e+01,2.544786113352361046e+00,2.871498834667162575e-02,4.035546142515167700e-16,-1.106805207906934537e-14,-9.995876397016176806e-01,6.444858175541637868e-01,3.522237576586020880e-02,-7.679463013094167678e-02,-4.847948552546441743e-14,-1.139384714225521929e-15,-5.122467098924612655e-17,0.000000000000000000e+00
2.112399999999999878e+01,2.330900893769958060e+01,2.249163469710509133e+01,2.541099971106073330e+00,2.871498834667162575e-02,3.325304756750514641e-16,-9.682502438789125539e-15,-9.995876397016176806e-01,6.444858175541635648e-01,3.522237576587005509e-02,-7.679463013094151025e-02,-6.509952420410300958e-14,-1.394736009889307223e-15,-5.122467098924612655e-17,0.000000000000000000e+00
2.117200000000000060e+01,2.333994425694219643e+01,2.249332537114187147e+01,2.537413828859785614e+00,2.871498834667162575e-02,2.549260747035568689e-16,-7.948032568716652115e-15,-9.995876397016176806e-01,6.444858175541635648e-01,3.522237576587843727e-02,-7.679463013094134372e-02,-7.784488452679980161e-14,-8.729311883154833338e-16,-4.805260520460282110e-17,0.000000000000000000e+00
2.121999999999999886e+01,2.337087957618481227e+01,2.249501604517865161e+01,2.533727686613497898e+00,2.871498834667162575e-02,1.839894004307952073e-16,-5.957736811162705475e-15,-9.995876397016176806e-01,6.444858175541635648e-01,3.522237576588507085e-02,-7.679463013094117718e-02,-8.679328210527857848e-14,-3.289219062491561951e-16,-4.963863809692447382e-17,0.000000000000000000e+00
2.126800000000000068e+01,2.340181489542742810e+01,2.249670671921543175e+01,2.530041544367210182e+00,2.871498834667162575e-02,1.214414957882204332e-16,-3.797043737725986940e-15,-9.995876397016176806e-01,6.444858175541635648e-01,3.522237576588973379e-02,-7.679463013094101065e-02,-9.234439722840436118e-14,2.483940665559254229e-16,-4.646657231228116837e-17,0.000000000000000000e+00
2.131599999999999895e+01,2.343275021467004393e+01,2.249839739325221188e+01,2.526355402120922466e+00,2.871498834667162575e-02,6.541806796477870292e-17,-1.540244823373575176e-15,-9.995876397016176806e-01,6.444858175541635648e-01,3.522237576589234281e-02,-7.679463013094084411e-02,-9.513105702021349400e-14,4.926431319734600787e-16,-4.567355586612034508e-17,0.000000000000000000e+00
2.136400000000000077e+01,2.346368553391265976e+01,2.250008806728899202e+01,2.522669259874634751e+00,2.871498834667162575e-02,1.008212132383501771e-17,7.529375369078280652e-16,-9.995876397016176806e-01,6.444858175541635648e-01,3.522237576589280078e-02,-7.679463013094067758e-02,-9.561955515104858559e-14,3.594163690184414713e-16,-5.043165454308529711e-17,0.000000000000000000e+00
2.141199999999999903e+01,2.349462085315527560e+01,2.250177874132577216e+01,2.518983117628347035e+00,2.871498834667162575e-02,-4.700173860393569886e-17,3.035051729402317137e-15,-9.995876397016176806e-01,6.444858175541635648e-01,3.522237576589110075e-02,-7.679463013094051105e-02,-9.445382097519217123e-14,2.705985270484291157e-16,-5.360372032772860257e-17,0.000000000000000000e+00
2.146000000000000085e+01,2.352555617239789143e+01,2.250346941536255230e+01,2.515296975382059319e+00,2.871498834667162575e-02,-1.055233248087829809e-16,5.272875088521182315e-15,-9.995876397016176806e-01,6.444858175541635648e-01,3.522237576588728436e-02,-7.679463013094034451e-02,-9.215565931421810476e-14,1.928829153246681628e-16,-5.598276966621107858e-17,0.000000000000000000e+00
2.150799999999999912e+01,2.355649149164050726e+01,2.250516008939933243e+01,2.511610833135771603e+00,2.871498834667162575e-02,-1.664777702664503950e-16,7.446919895679736932e-15,-9.995876397016176806e-01,6.444858175541635648e-01,3.522237576588137242e-02,-7.679463013094010859e-02,-8.926907945019268513e-14,-1.805945935411142823e-17,-4.963863809692447999e-17,0.000000000000000000e+00
2.155600000000000094e+01,2.358742681088312310e+01,2.250685076343611257e+01,2.507924690889483887e+00,2.871498834667162575e-02,-2.290196878438906282e-16,9.548635978657980776e-15,-9.995876397016176806e-01,6.444858175541635648e-01,3.522237576587346208e-02,-7.679463013093977553e-02,-8.621596613247355513e-14,-1.512862223091300541e-16,-5.677578611237188953e-17,0.000000000000000000e+00
2.160399999999999920e+01,2.361836213012573893e+01,2.250854143747289271e+01,2.504238548643196172e+00,2.871498834667162575e-02,-2.945475024337356641e-16,1.157876064185371930e-14,-9.995876397016176806e-01,6.444858175541635648e-01,3.522237576586359498e-02,-7.679463013093944246e-02,-8.332938626844809764e-14,-5.065575901891801174e-16,-4.170847363531619169e-17,0.000000000000000000e+00
2.165200000000000102e+01,2.364929744668294376e+01,2.251023211136290314e+01,2.500552664842614625e+00,2.871498835614421860e-02,7.423518011304316447e-06,1.921535280238136130e-07,-9.995876396737615188e-01,6.444853513793300515e-01,3.522235028851106869e-02,-7.676301524747709826e-02,5.087811722679165180e-06,1.791296638988880202e-03,3.032353233912619195e-09,0.000000000000000000e+00
2.169999999999999929e+01,2.368023157995554584e+01,2.251192272058415966e+01,2.496876068292971595e+00,2.871498876328757582e-02,2.400012165979823560e-04,6.212287809283759363e-06,-9.995876108581722708e-01,6.444103023084547521e-01,3.521824871531407247e-02,-7.639305089469811128e-02,5.207260793127739334e-05,1.833323739192862026e-02,1.298985076982301984e-07,0.000000000000000000e+00
2.174800000000000111e+01,2.371115289527597980e+01,2.251361262928046614e+01,2.493227268469721647e+00,2.871498389951090274e-02,9.864903207549540875e-04,2.553465561602895795e-05,-9.995871527208018970e-01,6.439072389101145877e-01,3.519075537060976228e-02,-7.564296397937592120e-02,1.204144957579451560e-04,4.239297056986555956e-02,5.897805949112989932e-07,0.000000000000000000e+00
2.179599999999999937e+01,2.374202734025167416e+01,2.251529997642733250e+01,2.489623596303659703e+00,2.871494517482803960e-02,2.323488125925533311e-03,6.014176716407253545e-05,-9.995849387168170841e-01,6.424446786560724654e-01,3.511082382841138050e-02,-7.454639654073670629e-02,1.894272071892994500e-04,6.668603705387665670e-02,1.481941281456277467e-06,0.000000000000000000e+00
2.184400000000000119e+01,2.377279453892069938e+01,2.251698146237506748e+01,2.486080971943544604e+00,2.871482083088723603e-02,4.202894757203343851e-03,1.087883314040466231e-04,-9.995788027491422367e-01,6.394782543814836462e-01,3.494870360316045671e-02,-7.313020293844281483e-02,2.485368299086853326e-04,8.748910901502095216e-02,2.798246619536906204e-06,0.000000000000000000e+00
2.189199999999999946e+01,2.380336968494215455e+01,2.251865245231959989e+01,2.482614047596446660e+00,2.871455253534333993e-02,6.516379781249479267e-03,1.686699888278607462e-04,-9.995663974032320542e-01,6.345379116847558176e-01,3.467870560493806209e-02,-7.142140992236438446e-02,2.930381660959588950e-04,1.031460428068919077e-01,4.444362593593047051e-06,0.000000000000000000e+00
2.194000000000000128e+01,2.383364827778201800e+01,2.252030723514436517e+01,2.479236057072935484e+00,2.871409442688398206e-02,9.132581615099251773e-03,2.363862531856968780e-04,-9.995459173323787416e-01,6.272674418331007917e-01,3.428136258171637918e-02,-6.945223155038067475e-02,3.215862072340540346e-04,1.131844207942424296e-01,6.266122229675125158e-06,0.000000000000000000e+00
2.198799999999999955e+01,2.386351198404388896e+01,2.252193934374808393e+01,2.475958505805969878e+00,2.871342597291923551e-02,1.191816980267996866e-02,3.084857456599449750e-04,-9.995165837713733126e-01,6.174366516394422799e-01,3.374409411614239657e-02,-6.726193916205892853e-02,3.347105836950100763e-04,1.177921548167399773e-01,8.078532649263362857e-06,0.000000000000000000e+00
2.203600000000000136e+01,2.389283464728163153e+01,2.252354188348308028e+01,2.472790845304640328e+00,2.871255647867535649e-02,1.474934074329682654e-02,3.817637932009576855e-04,-9.994788143350027410e-01,6.049381620452995989e-01,3.306103159639675604e-02,-6.489600747517614010e-02,3.339346830197528759e-04,1.175070406004961598e-01,9.693864905194908755e-06,0.000000000000000000e+00
2.208399999999999963e+01,2.392148790744825604e+01,2.252510783925808013e+01,2.469740237821205664e+00,2.871152260254972513e-02,1.751763719593779287e-02,4.534130876596326491e-04,-9.994341275309177597e-01,5.897759233112740418e-01,3.223239055173712092e-02,-6.240353038246381628e-02,3.212533936677240925e-04,1.130326887526406227e-01,1.094565368869109229e-05,0.000000000000000000e+00
2.213200000000000145e+01,2.394934615039548120e+01,2.252663034602880643e+01,2.466811467486059506e+00,2.871038142656479053e-02,2.013240415067344205e-02,5.210872636718481832e-04,-9.993848751954970133e-01,5.720496543488501340e-01,3.126362029812161658e-02,-5.983391496851522828e-02,2.988244796087030099e-04,1.051297690661587292e-01,1.170646441245267869e-05,0.000000000000000000e+00
2.217999999999999972e+01,2.397629066224289929e+01,2.252810291583746505e+01,2.464007010951940302e+00,2.870920157826957822e-02,2.252126300006390691e-02,5.829131642149816810e-04,-9.993338954873209889e-01,5.519377206169100436e-01,3.016446828806154321e-02,-5.723364348997585227e-02,2.687879138401443307e-04,9.455236785671507216e-02,1.189847369920703018e-05,0.000000000000000000e+00
2.222800000000000153e+01,2.400221295596950810e+01,2.252951961961805694e+01,2.461327249864194044e+00,2.870805434017207128e-02,2.462943526378246969e-02,6.374733104513424222e-04,-9.992841598676364123e-01,5.296799604742253864e-01,2.894804165156731127e-02,-5.464361610467546870e-02,2.331623641347181750e-04,8.201153720888200438e-02,1.149697387776656672e-05,0.000000000000000000e+00
2.227599999999999980e+01,2.402701729307892720e+01,2.253087522501590456e+01,2.458770789614781904e+00,2.870700601330353208e-02,2.641841981398098532e-02,6.837716228600157443e-04,-9.992384637095654831e-01,5.055613621609178487e-01,2.762991520507392454e-02,-5.209733444385306056e-02,1.937885503938097608e-04,6.815535683018547619e-02,1.052771609280506453e-05,0.000000000000000000e+00
2.232400000000000162e+01,2.405062245597419945e+01,2.253216529326054385e+01,2.456334841720893447e+00,2.870611220405689876e-02,2.786433180549266128e-02,7.211903763919418368e-04,-9.991991883601600843e-01,4.798971153198881567e-01,2.622731454234853918e-02,-4.961998907957803490e-02,1.523013098695143023e-04,5.355911004153442873e-02,9.059509256030666774e-06,0.000000000000000000e+00
2.237199999999999989e+01,2.407296284509425632e+01,2.253338623913694505e+01,2.454015627908616271e+00,2.870541424168846986e-02,2.895609349097876678e-02,7.494433190029684911e-04,-9.991681450975440359e-01,4.530193178165318191e-01,2.475838954493483901e-02,-4.722837818062523146e-02,1.101193875929839741e-04,3.872171247306337161e-02,7.193710880749601205e-06,0.000000000000000000e+00
2.242000000000000171e+01,2.409398898390536203e+01,2.253453535859416235e+01,2.451808769769277863e+00,2.870493761453801404e-02,2.969359518782213603e-02,7.685280218255750775e-04,-9.991464989309861711e-01,4.252654579308463578e-01,2.324158487908952256e-02,-4.493150393987072749e-02,6.844624771339873157e-05,2.406603994459986795e-02,5.052230269867607477e-06,0.000000000000000000e+00
2.246799999999999997e+01,2.411366751763402760e+01,2.253561082868358412e+01,2.449709636320923867e+00,2.870469211844993082e-02,3.008590026646847798e-02,7.786793791061700706e-04,-9.991347621387042244e-01,3.969686842810874472e-01,2.169510816696089070e-02,-4.273165687083321090e-02,2.827776572623982816e-05,9.941701203779400309e-03,2.765477626794589302e-06,0.000000000000000000e+00
2.251600000000000179e+01,2.413198079023606368e+01,2.253661168444367036e+01,2.447713631132467871e+00,2.870467331533138600e-02,3.014954017378398271e-02,7.803254530776652367e-04,-9.991328430440846731e-01,3.684498040655406759e-01,2.013649260060208085e-02,-4.062579410698144433e-02,-9.585792272600163189e-06,-3.370660410886854204e-03,4.613990258785390252e-07,0.000000000000000000e+00
2.256400000000000006e+01,2.414892607995582807e+01,2.253753777712237394e+01,2.445816409578207118e+00,2.870486487708580683e-02,2.990692768108239169e-02,7.740463951622434443e-04,-9.991401339458069186e-01,3.400109039222158347e-01,1.858224823721688762e-02,-3.860703562527897231e-02,-4.452516055539588747e-05,-1.565412810076447989e-02,-1.743604818244461361e-06,0.000000000000000000e+00
2.261200000000000188e+01,2.416451456797087260e+01,2.253838971780901090e+01,2.444014024484215231e+00,2.870524141698565720e-02,2.938490487188557404e-02,7.605368703032514737e-04,-9.991556225456229567e-01,3.119304599060876426e-01,1.704759469137975825e-02,-3.666613281357112425e-02,-7.608592302242841499e-05,-2.674973023690805154e-02,-3.751420729389359349e-06,0.000000000000000000e+00
2.266000000000000014e+01,2.417877010778995484e+01,2.253916881017466523e+01,2.442303004487286877e+00,2.870577146758081233e-02,2.861343452759036385e-02,7.405722058703875744e-04,-9.991780129695582158e-01,2.844597886791648822e-01,1.554626714799488794e-02,-3.479279993399848891e-02,-1.039615622985424071e-04,-3.655038964162416609e-02,-5.486479371929717477e-06,0.000000000000000000e+00
2.270800000000000196e+01,2.419172785581424989e+01,2.253987697562362058e+01,2.440680373723017382e+00,2.870642033634642279e-02,2.762443812120522410e-02,7.149783442605116019e-04,-9.992058449868715941e-01,2.578206870969502185e-01,1.409038734640008332e-02,-3.297683562648189709e-02,-1.279762378272982968e-04,-4.499479976469846626e-02,-6.897630862196448297e-06,0.000000000000000000e+00
2.275600000000000023e+01,2.420343281615585340e+01,2.254051667375869172e+01,2.439143624067048322e+00,2.870715264621620869e-02,2.645077973500041882e-02,6.846055769771866454e-04,-9.992376028520751907e-01,2.322041089203887021e-01,1.269039126632971227e-02,-3.120899515302582097e-02,-1.480676895384052327e-04,-5.206137340045730033e-02,-7.957929883245192906e-06,0.000000000000000000e+00
2.280400000000000205e+01,2.421393834568188907e+01,2.254109082067352787e+01,2.437690652277831660e+00,2.870793444008615941e-02,2.512539235703362822e-02,6.503059640918797905e-04,-9.992718079988257562e-01,2.077697330667001019e-01,1.135500555425351769e-02,-2.948160250508150351e-02,-1.642705769533678371e-04,-5.776237447030007494e-02,-8.662737361753638653e-06,0.000000000000000000e+00
2.285200000000000031e+01,2.422330465846865977e+01,2.254160270721401105e+01,2.436319674306808292e+00,2.870873479132510578e-02,2.368054086773135891e-02,6.129142882162444839e-04,-9.993070923729945321e-01,1.846462859360042952e-01,1.009126517117437880e-02,-2.778891377903720816e-02,-1.767005019368907723e-04,-6.213831741820929899e-02,-9.026600311490753174e-06,0.000000000000000000e+00
2.290000000000000213e+01,2.423159736249270324e+01,2.254205591900315042e+01,2.435029128054852166e+00,2.870952691360270648e-02,2.214721440884408893e-02,5.732323512623074520e-04,-9.993422513648653194e-01,1.629324897395537097e-01,8.904565256007071147e-03,-2.612725918212227202e-02,-1.855389143653639263e-04,-6.525269831270352761e-02,-9.079373940743862392e-06,0.000000000000000000e+00
2.294800000000000040e+01,2.423888605549482733e+01,2.254245425970150407e+01,2.433817574257722605e+00,2.871028880201376143e-02,2.055463961590061131e-02,5.320163920852433517e-04,-9.993762770176828347e-01,1.426985186605651268e-01,7.798740740905391045e-03,-2.449500104667617570e-02,-1.910190570266822403e-04,-6.718710480763503967e-02,-8.862013042009178138e-06,0.000000000000000000e+00
2.299600000000000222e+01,2.424524300154081757e+01,2.254280167867933926e+01,2.432683603244895743e+00,2.871100346390394187e-02,1.892990531871177259e-02,4.899673815173026742e-04,-9.994083734373478967e-01,1.239878546705618090e-01,6.776167802485945357e-03,-2.289235005379264970e-02,-1.934130660060938466e-04,-6.803673761768870565e-02,-8.422395883669172572e-06,0.000000000000000000e+00
2.304400000000000048e+01,2.425074190486752457e+01,2.254310220400666154e+01,2.431625753260596490e+00,2.871165881321002117e-02,1.729768872443598199e-02,4.477239369365621034e-04,-9.994379571320388678e-01,1.068194446928275032e-01,5.837881773954099220e-03,-2.132108244565488614e-02,-1.930203046422582431e-04,-6.790636357276096102e-02,-7.811465223449553667e-06,0.000000000000000000e+00
2.309199999999999875e+01,2.425545679313635006e+01,2.254335988142335623e+01,2.430642444040528982e+00,2.871224730826343885e-02,1.568007275930022315e-02,4.058575903932196377e-04,-9.994646454239336508e-01,9.119007047294852564e-02,4.983706673148567343e-03,-1.978419835756432821e-02,-1.901569733835800375e-04,-6.690670936817565140e-02,-7.079887789901111167e-06,0.000000000000000000e+00
2.314000000000000057e+01,2.425946101820813894e+01,2.254357871973221705e+01,2.429731927531423530e+00,2.871276541183988978e-02,1.409644412947663045e-02,3.648701416782986992e-04,-9.994882361664341186e-01,7.707685197230593199e-02,4.212392019610031180e-03,-1.828555651876767607e-02,-1.851470051248681485e-04,-6.515129569741305582e-02,-6.275353546981086002e-06,0.000000000000000000e+00
2.318799999999999883e+01,2.426282637899391403e+01,2.254376264286368325e+01,2.428892256106466530e+00,2.871321294575943442e-02,1.256346174234056721e-02,3.251928298994048120e-04,-9.995086818437365350e-01,6.443981434895949822e-02,3.521753120125101135e-03,-1.682951435757787037e-02,-1.783142268842325935e-04,-6.275370346184735992e-02,-5.440564883053713574e-06,0.000000000000000000e+00
2.323600000000000065e+01,2.426562236781478177e+01,2.254391544869016428e+01,2.428121267411273987e+00,2.871359240239794441e-02,1.109508538035050215e-02,2.871870635096008986e-04,-9.995260607984877144e-01,5.322445762573628503e-02,2.908811496461693232e-03,-1.542059577009306966e-02,-1.699757446917057597e-04,-5.982525712707236626e-02,-4.611907005673025854e-06,0.000000000000000000e+00
2.328399999999999892e+01,2.426791553901092513e+01,2.254404077452099386e+01,2.427416584082638717e+00,2.871390826366863186e-02,9.702654914988388668e-03,2.511464587048318196e-04,-9.995405478945225131e-01,4.336427693788234145e-02,2.369932609626516310e-03,-1.406320208858567213e-02,-1.604364893220138367e-04,-5.647310495566523758e-02,-3.818745862387283042e-06,0.000000000000000000e+00
2.333200000000000074e+01,2.426976899626033202e+01,2.254414206908449358e+01,2.426775626000846398e+00,2.871416636568783001e-02,8.395010861583663414e-03,2.172999490574276517e-04,-9.995523864326915087e-01,3.478318974798652596e-02,1.900958499059385732e-03,-1.276137557260795079e-02,-1.499848462589408046e-04,-5.279867169535514687e-02,-3.083268941862662052e-06,0.000000000000000000e+00
2.337999999999999901e+01,2.427124199318778608e+01,2.254422257070095270e+01,2.426195632432810445e+00,2.871437333545560910e-02,7.178647682021935261e-03,1.858157445902074796e-04,-9.995618626447876354e-01,2.739783454112099809e-02,1.497333398851205533e-03,-1.151861934988881314e-02,-1.388892834964573525e-04,-4.889645623044388406e-02,-2.420766322943475473e-06,0.000000000000000000e+00
2.342800000000000082e+01,2.427238964034236091e+01,2.254428529126840175e+01,2.425673691353473771e+00,2.871453611516670834e-02,6.057891917143281603e-03,1.568059356349125512e-04,-9.995692836282578098e-01,2.111971318645484291e-02,1.154220811961676786e-03,-1.033777332802394457e-02,-1.273958849013083526e-04,-4.485314459770597950e-02,-1.840242582659768642e-06,0.000000000000000000e+00
2.347599999999999909e+01,2.427326271047482109e+01,2.254433300562011055e+01,2.425206773347313938e+00,2.871466158065869023e-02,5.035097951646373346e-03,1.303315552108117294e-04,-9.995749591764545583e-01,1.585715629247743189e-02,8.666109132021908128e-04,-9.220942242427037847e-03,-1.157266943422439348e-04,-4.074700750909399788e-02,-1.345252484702882832e-06,0.000000000000000000e+00
2.352400000000000091e+01,2.427390753322636385e+01,2.254436824576845311e+01,2.424791767740441362e+00,2.871475625321315631e-02,4.110854961294775275e-03,1.064079327925836525e-04,-9.995791876195491144e-01,1.151709742097838801e-02,6.294175086487734452e-04,-8.169469673716076366e-03,-1.040787757950458684e-04,-3.664755099884012962e-02,-9.348624510214454898e-07,0.000000000000000000e+00
2.357199999999999918e+01,2.427436596981729622e+01,2.254439329952066728e+01,2.424425518949609337e+00,2.871482609848162448e-02,3.284199347347050661e-03,8.501019175594640891e-05,-9.995822455256240247e-01,8.006647905996099740e-03,4.375641002386902734e-04,-7.183950467588910010e-03,-9.262389678385162981e-05,-3.261538891526154227e-02,-6.046534364642232638e-07,0.000000000000000000e+00
2.362000000000000099e+01,2.427467545806590010e+01,2.254441021293823866e+01,2.424104861416190637e+00,2.871487640260515090e-02,2.552827711104861761e-03,6.607876208643879512e-05,-9.995843809191191642e-01,5.234469213870232562e-03,2.860588877254940845e-04,-6.264273390169985620e-03,-8.150874583295138111e-05,-2.870230660829849872e-02,-3.476969629201396869e-07,0.000000000000000000e+00
2.366799999999999926e+01,2.427486911803987368e+01,2.254442079611006022e+01,2.423826651886215711e+00,2.871491171343990012e-02,1.913306149492246741e-03,4.952479877251463936e-05,-9.995858095492170525e-01,3.111944265918595038e-03,1.700587851864771201e-04,-5.409685898107714080e-03,-7.085559927615510617e-05,-2.495148623244814248e-02,-1.554530207183342340e-07,0.000000000000000000e+00
2.371600000000000108e+01,2.427497590881240086e+01,2.254442663171864680e+01,2.423587798175125041e+00,2.871493583393802326e-02,1.361272350219684809e-03,3.523541439186577611e-05,-9.995867136752611959e-01,1.554152932374464145e-03,8.492273621861684324e-05,-4.618873436432150738e-03,-6.076335783604211612e-05,-2.139786550904121398e-02,-1.855495765970813275e-08,0.000000000000000000e+00
2.376399999999999935e+01,2.427502082712829434e+01,2.254442908589689054e+01,2.423385283898503051e+00,2.871495185489367219e-02,8.916276241287154859e-04,2.307865151188151118e-05,-9.995872428195192727e-01,4.806600184260355953e-04,2.625478208083159066e-05,-3.890046546298197953e-03,-5.130887901359183816e-05,-1.806860349748223155e-02,7.253863494824107042e-08,0.000000000000000000e+00
2.381200000000000117e+01,2.427502513925193739e+01,2.254442932089852647e+01,2.423216188945296778e+00,2.871496221517534989e-02,4.987166265238167275e-04,1.290813648794687614e-05,-9.995875159585023706e-01,-1.838734624227383722e-04,-1.006252765458034754e-05,-3.221030132802088497e-03,-4.254853721152550825e-05,-1.498362884511104422e-02,1.270323063227810096e-07,0.000000000000000000e+00
2.385999999999999943e+01,2.427500663783797563e+01,2.254442830913621876e+01,2.423077705711416119e+00,2.871496877897923572e-02,1.764930842176798463e-04,4.567370931937877440e-06,-9.995876246719715974e-01,-5.092430487188117976e-04,-2.784368933247148963e-05,-2.609350394534989612e-03,-3.451994955616712068e-05,-1.215624805880051972e-02,1.534194470539544494e-07,0.000000000000000000e+00
2.390800000000000125e+01,2.427497991631165775e+01,2.254442684817679421e+01,2.422967151297611643e+00,2.871497292133456947e-02,-8.132964226379796541e-05,-2.106369546286746621e-06,-9.995876368339003948e-01,-5.594035993108947315e-04,-3.058399800803333343e-05,-2.052316059175124212e-03,-2.724381141181466437e-05,-9.593793513537805795e-03,1.592347185262557126e-07,0.000000000000000000e+00
2.395599999999999952e+01,2.427495665394289759e+01,2.254442557632097888e+01,2.422881976008525395e+00,2.871497561489044781e-02,-2.811438729061691423e-04,-7.278547791845814170e-06,-9.995876005036193890e-01,-3.923071762163772612e-04,-2.145068498443670482e-05,-1.547091634655911813e-03,-2.072579173990498318e-05,-7.298293134802322051e-03,1.509174595185477980e-07,0.000000000000000000e+00
2.400400000000000134e+01,2.427494590552650422e+01,2.254442498843500431e+01,2.422819768574675514e+00,2.871497751277298990e-02,-4.293291056402610199e-04,-1.111429670477292047e-05,-9.995875477512884411e-01,-5.986070244944393509e-05,-3.280601804077869182e-06,-1.090761326732126802e-03,-1.495844440358073430e-05,-5.267145918563735478e-03,1.337673742483704843e-07,0.000000000000000000e+00
