time_s,x,y,z,qw,qx,qy,qz,vx,vy,vz,wx,wy,wz,contact
4.000000000000000083e-03,-4.323777854442596436e-01,1.833937615156173706e-01,4.915300676508331246e-01,9.999999973250611740e-01,0.000000000000000000e+00,-1.776356837816368652e-19,7.314285707763958512e-05,0.000000000000000000e+00,0.000000000000000000e+00,2.475999999999999729e-02,0.000000000000000000e+00,-8.881784197001252816e-17,3.657142857142856723e-02,0.000000000000000000e+00
5.200000000000000455e-02,-4.323777854442596436e-01,1.833937615156173706e-01,5.004436676508331461e-01,9.999778489137787219e-01,9.704118581353181034e-19,-3.546304883944944153e-19,6.655950854050788311e-03,-1.292491241106873742e-18,-8.438089825999621501e-19,3.218799999999996664e-01,-5.043554188616527793e-20,1.779733223210382795e-16,4.754285714285710340e-01,0.000000000000000000e+00
1.000000000000000056e-01,-4.323777854442596436e-01,1.833937615156173706e-01,5.236190276508331243e-01,9.997174728964329793e-01,4.843463247714442223e-18,6.365338758743965668e-18,2.376918983830568141e-02,2.288709535162154418e-18,-4.314283946498711871e-18,6.189999999999995506e-01,2.595626069385201108e-16,3.149837747267571239e-16,9.142857142857140351e-01,0.000000000000000000e+00
1.479999999999999927e-01,-4.323777854442596436e-01,1.833937615156173706e-01,5.610561476508331147e-01,9.986783124283570290e-01,8.527766394687539439e-18,1.190306532761662677e-17,5.139677310151793965e-02,1.722954732363853647e-17,-1.384155056263963487e-17,9.161199999999996013e-01,2.498113745467725488e-16,9.882385035247717157e-17,1.353142857142855870e+00,0.000000000000000000e+00
1.960000000000000075e-01,-4.323777854442596436e-01,1.833937615156173706e-01,6.127550276508331173e-01,9.959886047544972421e-01,1.439018773358692621e-17,1.455654128985199550e-17,8.948016092514585185e-02,3.818414751905652905e-17,-2.947857870993584120e-17,1.213239999999998986e+00,3.324675001688195994e-16,1.558460081795893098e-16,1.791999999999997595e+00,0.000000000000000000e+00
2.439999999999999947e-01,-4.323777854442596436e-01,1.833937615156173706e-01,6.787156676508330211e-01,9.904499765776303422e-01,2.262220190024047300e-17,1.195000374781040993e-17,1.378725639762011512e-01,6.241687798027878959e-17,-5.422824331988323408e-17,1.510359999999999259e+00,4.274530455070992825e-16,-1.780497902492422965e-16,2.230857142857139319e+00,0.000000000000000000e+00
2.919999999999999818e-01,-4.323788863797067838e-01,1.833914274345432860e-01,7.579605543826619662e-01,9.806031561850315770e-01,5.991027394449727119e-04,-4.110968523408812061e-04,1.960023524227197111e-01,-9.203104684469441070e-05,-2.001260164191512097e-04,1.737907455689893244e+00,4.700064387248590464e-02,-4.379586206771651780e-02,2.629958595879710259e+00,0.000000000000000000e+00
3.400000000000000244e-01,-4.323946754972760598e-01,1.833520289833281136e-01,8.421943198655571505e-01,9.653233980305289119e-01,2.062757548060637804e-03,-1.593215047006126027e-03,2.610439501538108220e-01,-5.751270939568333459e-04,-1.514842730860206524e-03,1.737741746511586749e+00,1.128632326095269783e-02,-1.018119393975039089e-01,2.892305116834489986e+00,0.000000000000000000e+00
3.880000000000000115e-01,-4.324725490746113565e-01,1.832273650460721215e-01,9.231405434298721735e-01,9.444230303826485207e-01,8.237147855160036644e-05,-8.919081682819908832e-03,3.286115988210547845e-01,-3.329129263544272892e-03,-3.576963940815351250e-03,1.642701441109368554e+00,-2.648971352270280133e-01,-3.729088864754974697e-01,2.962420845229654986e+00,0.000000000000000000e+00
4.359999999999999987e-01,-4.328703629734867997e-01,1.829916856505493516e-01,9.995344897483592339e-01,9.190053088667357040e-01,-4.556470048876860857e-03,-2.139573336293406139e-02,3.936377820399264982e-01,-1.398888387570376875e-02,-6.171982469791043209e-03,1.548457539610846867e+00,-3.668701676454761418e-01,-4.679848843922924106e-01,2.843255441381349780e+00,0.000000000000000000e+00
4.839999999999999858e-01,-4.340817945158847446e-01,1.825893365871597007e-01,1.071992875807378010e+00,8.909694412423451171e-01,-9.174131343127748736e-03,-3.514108382622115750e-02,4.526084337635803423e-01,-3.734063556844240822e-02,-1.084154969147806125e-02,1.490755697351839437e+00,-3.292378722165453242e-01,-4.973209787977099228e-01,2.608566519264269523e+00,0.000000000000000000e+00
5.320000000000000284e-01,-4.368784245393186882e-01,1.818268142662622378e-01,1.143995317014921964e+00,8.621961119681839092e-01,-1.190528248105899960e-02,-4.790832318055646133e-02,5.041635858786522872e-01,-7.875398682838080644e-02,-2.132847472892095489e-02,1.519289726189127165e+00,-2.293709158543400239e-01,-4.667089838155281667e-01,2.322136248882479048e+00,0.000000000000000000e+00
5.799999999999999600e-01,-4.421071895057739343e-01,1.803361843564997291e-01,1.219045211063778167e+00,8.344504111311684680e-01,-1.257394290040037867e-02,-5.807193214056224212e-02,5.478704755874553856e-01,-1.366184543750200708e-01,-4.081090646829499402e-02,1.607959057495057520e+00,-1.070368414537699320e-01,-3.923359971355728781e-01,2.000489303502393845e+00,0.000000000000000000e+00
6.280000000000000027e-01,-4.504163560531183608e-01,1.776494046835193630e-01,1.299278201533347943e+00,8.092582469276885515e-01,-1.141560744785577973e-02,-6.477534674138440973e-02,5.837593066844026790e-01,-2.050123433669187867e-01,-7.026981332200946118e-02,1.727916901568093300e+00,1.813157525828899136e-02,-2.938176529413302762e-01,1.660192644113540394e+00,0.000000000000000000e+00
6.760000000000000453e-01,-4.621108985042745032e-01,1.733219213368829281e-01,1.385473007735858797e+00,7.877441738305094310e-01,-8.814905771535768916e-03,-6.776519121054004613e-02,6.122003698892427570e-01,-2.761342791675754915e-01,-1.080077793843302880e-01,1.851740476928836365e+00,1.334725489817581434e-01,-1.880680745002937804e-01,1.317259684999849911e+00,0.000000000000000000e+00
7.239999999999999769e-01,-4.771255632400783764e-01,1.670449557123665496e-01,1.477174409318552817e+00,7.705682186269120493e-01,-5.160706378574069809e-03,-6.725149008256624261e-02,6.337785296406750479e-01,-3.426573877867978846e-01,-1.504240951660149872e-01,1.955422437297113403e+00,2.308764811101546577e-01,-8.926236818604696421e-02,9.858560856348524970e-01,0.000000000000000000e+00
7.720000000000000195e-01,-4.950919057971840398e-01,1.587024980435733645e-01,1.572892225198930571e+00,7.579478230511608183e-01,-7.733917239420691698e-04,-6.377376199792328393e-02,6.491898078974133179e-01,-3.992787507961702009e-01,-1.933620291672299984e-01,2.019596943187510263e+00,3.057361649266563952e-01,-7.971420060579421582e-03,6.774237597434059621e-01,0.000000000000000000e+00
8.200000000000000622e-01,-5.154535600500265158e-01,1.483653896191948762e-01,1.670338835389803878e+00,7.497364951671794397e-01,4.116910827139757395e-03,-5.806829117625396386e-02,6.591709280752185984e-01,-4.432738464277714563e-01,-2.332960548758121477e-01,2.029995971905811381e+00,3.564190553057313138e-01,4.954796455428064905e-02,4.003163707232212376e-01,0.000000000000000000e+00
8.679999999999999938e-01,-5.375874035566543530e-01,1.362414781620521487e-01,1.766681133872204823e+00,7.455276858030470688e-01,9.299751122807377313e-03,-5.094042888612890230e-02,6.644599739902352642e-01,-4.743780646449397564e-01,-2.680733799908674997e-01,1.978712827603832825e+00,3.710437504489434435e-01,9.415435811440651948e-02,1.606853885196483089e-01,0.000000000000000000e+00
9.160000000000000364e-01,-5.609433554690079760e-01,1.225730395643905846e-01,1.859363453770051189e+00,7.447989112398545331e-01,1.127718189983702504e-02,-4.297009178025702064e-02,6.658085146622272354e-01,-4.958020326044274007e-01,-2.981481625456369189e-01,1.886451776712280148e+00,1.937795908498045339e-01,2.877709597186424717e-01,-2.649252783380845466e-02,0.000000000000000000e+00
9.639999999999999680e-01,-5.851908187934565797e-01,1.075885245440376670e-01,1.947334008283215345e+00,7.466720884814659343e-01,7.701667422473303451e-03,-3.463725600252868381e-02,6.642452386718735724e-01,-5.126368775030224478e-01,-3.231202767224516381e-01,1.787397031483532794e+00,6.629133056396893653e-02,4.036585895941131596e-01,-1.495085757445533126e-01,0.000000000000000000e+00
1.012000000000000011e+00,-6.101868418610340017e-01,9.157836907127697712e-02,2.030575597897513962e+00,7.500088868730490077e-01,1.696267538023238375e-03,-2.649767504113787614e-02,6.608945948525403180e-01,-5.273887223888764630e-01,-3.412318378126881213e-01,1.689341804368015287e+00,1.216165630994547539e-02,4.295903545424599179e-01,-2.182257163825129243e-01,0.000000000000000000e+00
1.060000000000000053e+00,-6.358577506062552676e-01,7.489397731464379759e-02,2.109135500643653849e+00,7.539733940637444176e-01,-4.786138161257278041e-03,-1.890800085413959705e-02,6.566153374915926211e-01,-5.409385790399560134e-01,-3.518301652251862865e-01,1.592217650581247312e+00,-3.510013105789545288e-03,4.060402109787645819e-01,-2.463871379499556757e-01,0.000000000000000000e+00
1.108000000000000096e+00,-6.621543781210219581e-01,5.789027468976355034e-02,2.183052390333354520e+00,7.580108588153784410e-01,-1.072731801460431560e-02,-1.209104907268474492e-02,6.520416160786880466e-01,-5.535524403805760496e-01,-3.552435816839337734e-01,1.495779289790608813e+00,-5.312419403533563851e-04,3.568266702216331687e-01,-2.460268186134566826e-01,0.000000000000000000e+00
1.155999999999999917e+00,-6.890322965779011044e-01,4.089138214510824876e-02,2.252351911518020611e+00,7.617795735512374877e-01,-1.564637032001070516e-02,-6.170519777815516166e-03,6.476179406884700063e-01,-5.652256342141802614e-01,-3.523254516773806078e-01,1.399749595579306449e+00,1.030166981110800829e-02,2.962393961926663710e-01,-2.271371241440428013e-01,0.000000000000000000e+00
1.203999999999999959e+00,-7.164440767382752595e-01,2.417323787984201541e-02,2.317047359207780488e+00,7.650914351057360729e-01,-1.936860256493214139e-02,-1.192869555697680193e-03,6.436291868962662477e-01,-5.758657700481659703e-01,-3.441733785103195387e-01,1.303895212581164031e+00,2.333468809818208672e-02,2.328969325719427719e-01,-1.976251631287238020e-01,0.000000000000000000e+00
1.252000000000000002e+00,-7.443376125365862572e-01,7.956761789894375297e-03,2.377142619254987821e+00,7.678649817877385431e-01,-2.189115235468241244e-02,2.853200144471153537e-03,6.402312132672336453e-01,-5.853794043001425695e-01,-3.319539406008322757e-01,1.208053138710474261e+00,3.574018341773357865e-02,1.719266375752512843e-01,-1.634437308175233361e-01,0.000000000000000000e+00
1.300000000000000044e+00,-7.726570980659767107e-01,-7.592457212118857574e-03,2.432635593478770897e+00,7.700896951315023831e-01,-2.330467713719608716e-02,6.019027643305791160e-03,6.374813917143216102e-01,-5.937059283144161537e-01,-3.167958040697954059e-01,1.112129699249142067e+00,4.619833644779700044e-02,1.162531310315809557e-01,-1.288224060072870880e-01,0.000000000000000000e+00
1.348000000000000087e+00,-8.013448722340563712e-01,-2.236059799077329269e-02,2.483521202118632587e+00,7.717995153805758957e-01,-2.374741121576470076e-02,8.381107595996082835e-03,6.353670793756315271e-01,-6.008253055835981460e-01,-2.997282715166124101e-01,1.016086949565127462e+00,5.417927484688849632e-02,6.739084640361246714e-02,-9.654713805001881310e-02,0.000000000000000000e+00
1.396000000000000130e+00,-8.303433017233650126e-01,-3.627992532380271834e-02,2.529793615050881073e+00,7.730536376089337525e-01,-2.337788457660692348e-02,1.002958341719739459e-02,6.338303837374759109e-01,-6.067546173992018899e-01,-2.816498551648922155e-01,9.199255187681204537e-01,5.956727542022903499e-02,2.594706823146276584e-02,-6.825153446277526514e-02,0.000000000000000000e+00
1.443999999999999950e+00,-8.595963848832899323e-01,-4.932213901091991870e-02,2.571447677935647658e+00,7.739229491469030719e-01,-2.235847269651886418e-02,1.105995798137776424e-02,6.327883096359231407e-01,-6.115410189417002096e-01,-2.633162671672225619e-01,8.236686453145568576e-01,6.246902668652753315e-02,-8.051515230141300522e-03,-4.469440569641693062e-02,0.000000000000000000e+00
1.491999999999999993e+00,-8.890510037546162092e-01,-6.149148664186024349e-02,2.608479652354926959e+00,7.744807709186427580e-01,-2.084536216805310191e-02,1.156746387653116888e-02,6.321480840220996544e-01,-6.152544674835276339e-01,-2.453405933664335459e-01,7.273494718524468050e-01,6.311514186325556386e-02,-3.494350795447308949e-02,-2.600745256007909803e-02,0.000000000000000000e+00
1.540000000000000036e+00,-9.186578492325659928e-01,-7.281809128598139280e-02,2.640887444145704421e+00,7.747968379438506803e-01,-1.898246325956119002e-02,1.164342630356234379e-02,6.318179774466076148e-01,-6.179813801273760232e-01,-2.282008199902168244e-01,6.310021102861474995e-01,6.180608951233353132e-02,-5.528925141125258513e-02,-1.190456639865336390e-02,0.000000000000000000e+00
1.588000000000000078e+00,-9.483723985113112764e-01,-8.334885211833492624e-02,2.668739418555993836e+00,7.749337673791436565e-01,-1.689391476777637666e-02,1.136845295024088189e-02,6.317143421649563662e-01,-6.198383967778000603e-01,-2.120752841262344146e-01,5.388888794395194637e-01,5.889596445981204464e-02,-7.046727325482729509e-02,-1.852479921950546697e-03,0.000000000000000000e+00
1.636000000000000121e+00,-9.781559988874766187e-01,-9.313223836938029632e-02,2.692435549951831764e+00,7.749453063412614640e-01,-1.467582701115402628e-02,1.080236326696473216e-02,6.317655429263574485e-01,-6.209334417755515423e-01,-1.970253144748603247e-01,4.568727676384307657e-01,5.467028837289997917e-02,-8.126703526588927029e-02,4.803746043437720666e-03,0.000000000000000000e+00
1.683999999999999941e+00,-1.007974020597502962e+00,-1.022279516871957561e-01,2.712434807600538456e+00,7.748752033787267290e-01,-1.241995868395280936e-02,1.001097334833224439e-02,6.319129245613548385e-01,-6.213438953487376848e-01,-1.833498549668764466e-01,3.839246248848695586e-01,4.942814167089785993e-02,-8.746270397044685063e-02,8.752285211787049976e-03,0.000000000000000000e+00
1.731999999999999984e+00,-1.037795949974042342e+00,-1.107077089900594669e-01,2.729146385585440537e+00,7.747576292955634658e-01,-1.020932478269071832e-02,9.062993943716048106e-03,6.321109457022363598e-01,-6.211616866345619492e-01,-1.712548608804762840e-01,3.190580624382066133e-01,4.352525485211870826e-02,-8.945822074406861724e-02,1.064664677605822729e-02,0.000000000000000000e+00
1.780000000000000027e+00,-1.067595906090922808e+00,-1.186506403208729965e-01,2.742934796832395605e+00,7.746181911697413991e-01,-8.111410807156027233e-03,8.022109602003562809e-03,6.323262675875240824e-01,-6.204861676559541017e-01,-1.608522826272154871e-01,2.613876085968711016e-01,3.730433339314196545e-02,-8.793948583514117623e-02,1.106744733534665778e-02,0.000000000000000000e+00
1.828000000000000069e+00,-1.097352832140054080e+00,-1.261390230841294702e-01,2.754124462964477882e+00,7.744751254969911569e-01,-6.176350554762371180e-03,6.943309322876415647e-03,6.325361042153183622e-01,-6.194179846581091553e-01,-1.521704233437141673e-01,2.101192174060432516e-01,3.106177164997446505e-02,-8.367476305042596818e-02,1.050331499330106090e-02,0.000000000000000000e+00
1.876000000000000112e+00,-1.127050428460612208e+00,-1.332546291446747022e-01,2.763003888974829625e+00,7.743405572895813993e-01,-4.437684084338177834e-03,5.871605067774883155e-03,6.327262698437270405e-01,-6.180543146051801218e-01,-1.451682222268572409e-01,1.645422068344122579e-01,2.503495807394100908e-02,-7.740909596732313547e-02,9.345664244182530153e-03,0.000000000000000000e+00
1.923999999999999932e+00,-1.156676890179380468e+00,-1.400757967520602221e-01,2.769829473268581754e+00,7.742217393319489327e-01,-2.914345818870766377e-03,4.842063313298752142e-03,6.328892157061382084e-01,-6.164853621857590005e-01,-1.397507224676489412e-01,1.240219825301292628e-01,1.940090876973672718e-02,-6.981221577614386831e-02,7.892864019567286463e-03,0.000000000000000000e+00
1.971999999999999975e+00,-1.186224506552453262e+00,-1.466752374998587238e-01,2.774828980727829020e+00,7.741222069098051550e-01,-1.613124678055535399e-03,3.880530739149400631e-03,6.330222334792435790e-01,-6.147919823603480438e-01,-1.357840629192962612e-01,8.799319937549317239e-02,1.428090333258016757e-02,-6.145664823061763177e-02,6.360158054035342477e-03,0.000000000000000000e+00
2.020000000000000018e+00,-1.215689172081382274e+00,-1.531185286444057270e-01,2.778204695552981995e+00,7.740428032548046788e-01,-5.311797174051251106e-04,3.004697007731915552e-03,6.331259182606921998e-01,-6.130442741349242386e-01,-1.331090504068677682e-01,5.595322201658086553e-02,9.747981142217554754e-03,-5.281263102007959648e-02,4.892528672337937215e-03,0.000000000000000000e+00
2.068000000000000060e+00,-1.245069851763584756e+00,-1.594632089155295640e-01,2.780136267511566395e+00,7.739825499055832392e-01,3.416072767236376677e-04,2.225287827902917934e-03,6.332029246933438271e-01,-6.113009808785221377e-01,-1.315528419511902414e-01,2.745587010388846755e-02,5.835430390933847751e-03,-4.425213957494531641e-02,3.578456267428087745e-03,0.000000000000000000e+00
2.116000000000000103e+00,-1.274368034869026722e+00,-1.657583818530196373e-01,2.780783266296570577e+00,7.739393529359501755e-01,1.020546173400030659e-03,1.547268240548417204e-03,6.332570113497232311e-01,-6.096095315095189093e-01,-1.309385721813164927e-01,2.105493230894781541e-03,2.545181374006847720e-03,-3.605758286189403305e-02,2.463181043115810886e-03,0.000000000000000000e+00
2.164000000000000146e+00,-1.303587203854623011e+00,-1.720447281771030346e-01,2.780287461396811377e+00,7.739105494226103943e-01,1.524358073099175981e-03,9.709869504826852508e-04,6.332923456107777405e-01,-6.080065647263567241e-01,-1.310929540336317478e-01,-2.044856373943340286e-02,-1.444926406689402338e-04,-2.843260623605512599e-02,1.560606681150943347e-03,0.000000000000000000e+00
2.212000000000000188e+00,-1.332732337815978996e+00,-1.783548333092093430e-01,2.778774847622110133e+00,7.738933081177952200e-01,1.873701426673044955e-03,4.932231398514822732e-04,6.333130297288962485e-01,-6.065187933419093902e-01,-1.318519965625717105e-01,-4.051705355024468047e-02,-2.272251030050635029e-03,-2.151352118447686507e-02,8.633979587546765757e-04,0.000000000000000000e+00
2.260000000000000231e+00,-1.361809463506973517e+00,-1.847137448807030513e-01,2.776357438381584331e+00,7.738849041603853562e-01,2.089986290721733853e-03,1.081161837641069515e-04,6.333228050377371909e-01,-6.051640851977171387e-01,-1.330650470975912603e-01,-5.837544684945045886e-02,-3.888027206437393284e-03,-1.538051245084834373e-02,3.511259204769668751e-04,0.000000000000000000e+00
2.307999999999999829e+00,-1.390825261582413042e+00,-1.911396858628003903e-01,2.773134849687770132e+00,7.738828903160677175e-01,2.194448634591156851e-03,-1.920291941542872120e-04,6.333248926072847507e-01,-6.039526585702160721e-01,-1.345973932816071084e-01,-7.426807222008445508e-02,-5.048409702964402196e-03,-1.006814536832457627e-02,-3.479773623765463513e-06,0.000000000000000000e+00
2.355999999999999872e+00,-1.419786731377977951e+00,-1.976448604651249996e-01,2.769195697679754709e+00,7.738851873960594929e-01,2.207452810393065960e-03,-4.160619186150121417e-04,6.333219329642203466e-01,-6.028883113482752520e-01,-1.363316657486732530e-01,-8.841178871315505394e-02,-5.812974726680760970e-03,-5.574919928230280194e-03,-2.299837765645872491e-04,0.000000000000000000e+00
2.403999999999999915e+00,-1.448700914190762301e+00,-2.042363013064281141e-01,2.764618831420775802e+00,7.738901149139330027e-01,2.147989839692511591e-03,-5.734222037631104153e-04,6.333159932964940175e-01,-6.019696230838825768e-01,-1.381682727632395635e-01,-1.009992191500777708e-01,-6.241454334345712153e-03,-1.871755083772678801e-03,-3.571483408246341434e-04,0.000000000000000000e+00
2.451999999999999957e+00,-1.477574672563861435e+00,-2.109167170163207261e-01,2.759474421087977802e+00,7.738963803811608200e-01,2.033340546985155754e-03,-6.736891257504947546e-04,6.333086167913075659e-01,-6.011910864272957955e-01,-1.400250799150193348e-01,-1.122015824422628594e-01,-6.391617937530950054e-03,1.090627962518129915e-03,-4.110090342669916910e-04,0.000000000000000000e+00
2.500000000000000000e+00,-1.506414521382617666e+00,-2.176853090705954397e-01,2.753824919689050965e+00,7.739030424719147705e-01,1.878874887422748129e-03,-7.262275512815883835e-04,6.333008947375760034e-01,-6.005441390860598583e-01,-1.418365249866039846e-01,-1.221711681318314036e-01,-6.317750267924061858e-03,3.375401232362987454e-03,-4.138522986672179996e-04,0.000000000000000000e+00
2.548000000000000043e+00,-1.535226505523347607e+00,-2.245385351426595621e-01,2.747725914328845942e+00,7.739094600255407297e-01,1.697961556293938216e-03,-7.399229470892804356e-04,6.332935473566434492e-01,-6.000180792829313825e-01,-1.435523331322843543e-01,-1.310434972853389557e-01,-6.069620081580006168e-03,5.054348572877103568e-03,-3.838504880481031036e-04,0.000000000000000000e+00
2.596000000000000085e+00,-1.564016118228418684e+00,-2.314708035242078465e-01,2.741226880972390756e+00,7.739152357881264876e-01,1.501964837318344381e-03,-7.229923842806462502e-04,6.332870038131582779e-01,-5.996008569410387068e-01,-1.451359723525436629e-01,-1.389392119141684145e-01,-5.691846965436800354e-03,6.203531555445221911e-03,-3.351462388821434832e-04,0.000000000000000000e+00
2.644000000000000128e+00,-1.592788254198612918e+00,-2.384750892538977929e-01,2.734371854719163331e+00,7.739201610968048373e-01,1.300308484681951928e-03,-6.828603230020512983e-04,6.332814754495184051e-01,-5.992797398180667034e-01,-1.465629650979269893e-01,-1.459657313256242095e-01,-5.223586525181815252e-03,6.899815520589555953e-03,-2.782177219699172093e-04,0.000000000000000000e+00
2.692000000000000171e+00,-1.621547191495592566e+00,-2.455434675619756479e-01,2.727200025879757295e+00,7.739241654666995096e-01,1.100589153982513497e-03,-6.260883609320967236e-04,6.332770190237058117e-01,-5.990418589033321695e-01,-1.478191494145531248e-01,-1.522187091238609014e-01,-4.698465990526970101e-03,7.218163392817379849e-03,-2.203950615232688130e-04,0.000000000000000000e+00
2.740000000000000213e+00,-1.650296596651858572e+00,-2.526675641862902166e-01,2.719746270655657661e+00,7.739272732699179480e-01,9.087244552632970816e-04,-5.583489363240296639e-04,6.332735887081660797e-01,-5.988746409298101314e-01,-1.488989627637416491e-01,-1.577833196568515783e-01,-4.144712558497599779e-03,7.229603906120540824e-03,-1.664332207125303483e-04,0.000000000000000000e+00
2.788000000000000256e+00,-1.679039547826578049e+00,-2.598389251495250574e-01,2.712041623964389636e+00,7.739295683734355169e-01,7.291230743900803911e-04,-4.844339055681647142e-04,6.332710769493915537e-01,-5.987661381494256974e-01,-1.498038037061627525e-01,-1.627353980071286066e-01,-3.585425654561370974e-03,6.999782858682757243e-03,-1.190764870259752227e-04,0.000000000000000000e+00
2.835999999999999854e+00,-1.707778571370516474e+00,-2.670493108227239842e-01,2.704113700907049278e+00,7.739311666759997044e-01,5.648665858199327337e-04,-4.082899029423768945e-04,6.332693451230855253e-01,-5.987052668415816514e-01,-1.505405110844348082e-01,-1.671424534262578310e-01,-3.038951925469377154e-03,6.588010050634168779e-03,-7.957383708393537625e-05,0.000000000000000000e+00
2.883999999999999897e+00,-1.736515687731294832e+00,-2.742909206497246566e-01,2.695987072515423133e+00,7.739321958878743191e-01,4.178945550500198693e-04,-3.330733906798036942e-04,6.332682453703417647e-01,-5.986819665945701807e-01,-1.511199871143301121e-01,-1.710645725453450172e-01,-2.519328417092363617e-03,6.046719999729255855e-03,-4.812305661440160928e-05,0.000000000000000000e+00
2.931999999999999940e+00,-1.765252463210038814e+00,-2.815565558800240398e-01,2.687683600710257359e+00,7.739327815624877926e-01,2.891863011886815042e-04,-2.612192883317002385e-04,6.332676351738797393e-01,-5.986872923996960916e-01,-1.515559797834706846e-01,-1.745552257798295981e-01,-2.036765234893678136e-03,5.421270897241197741e-03,-2.423507341099936013e-05,0.000000000000000000e+00
2.979999999999999982e+00,-1.793990064648866234e+00,-2.888397281559445529e-01,2.679222736820377815e+00,7.739330382504120420e-01,1.789342605071260212e-04,-1.945180089848692689e-04,6.332673862198814341e-01,-5.987134511770232370e-01,-1.518640309938323885e-01,-1.776619880410820751e-01,-1.598144180770158952e-03,4.750013199533107029e-03,-7.019274760331747861e-06,0.000000000000000000e+00
3.028000000000000025e+00,-1.822729314668595446e+00,-2.961347219172271172e-01,2.670621787527159174e+00,7.739330646453775886e-01,8.670526449700387945e-05,-1.341966106042826313e-04,6.332673889614720553e-01,-5.987537936300472152e-01,-1.520605897805009654e-01,-1.804271830862383408e-01,-1.207514502797151163e-03,4.064566471980696205e-03,4.603557029199176555e-06,0.000000000000000000e+00
3.076000000000000068e+00,-1.851470745575720889e+00,-3.034366184063057581e-01,2.661896151687662471e+00,7.739329416806568496e-01,1.158722742880091260e-05,-8.100058316767506960e-05,6.332675541081880244e-01,-5.988027714018190339e-01,-1.521622844904536032e-01,-1.828884594824255749e-01,-8.665710384572955158e-04,3.390250392442917607e-03,1.175085111508121884e-05,0.000000000000000000e+00
3.124000000000000110e+00,-1.880214650509466345e+00,-3.107412886545776742e-01,2.653059531134755566e+00,7.739327326734566359e-01,-4.768026233986082406e-05,-3.527352976035502186e-05,6.332678120502939212e-01,-5.988558684559491807e-01,-1.521853438043142548e-01,-1.850793051336956097e-01,-5.751037057311375773e-04,2.746623006186968592e-03,1.547928927560224670e-05,0.000000000000000000e+00
3.172000000000000153e+00,-1.908961130799314843e+00,-3.180453622681347348e-01,2.644124118240275934e+00,7.739324847759089243e-01,-9.259212486338172976e-05,2.967341175088022309e-06,6.332681110134005253e-01,-5.989095144957723438e-01,-1.521451537269403465e-01,-1.870295065307539251e-01,-3.314105152024753270e-04,2.148086262111819234e-03,1.672623634380308153e-05,0.000000000000000000e+00
3.220000000000000195e+00,-1.937710138849268127e+00,-3.253461781652444706e-01,2.635100762748334269e+00,7.739322311533900489e-01,-1.247807523860931334e-04,3.396141585515686481e-05,6.332684145434078760e-01,-5.989609871139114361e-01,-1.520559359638168628e-01,-1.887655582623193051e-01,-1.326690518725698244e-04,1.604525438774748831e-03,1.628141423432710575e-05,0.000000000000000000e+00
3.268000000000000238e+00,-1.966461516157724354e+00,-3.326417226928503612e-01,2.625999120133588605e+00,7.739319934609140139e-01,-1.459352355940101255e-04,5.814157029287978537e-05,6.332686987528126643e-01,-5.990083082714821039e-01,-1.519305322563622440e-01,-1.903110278167572389e-01,2.473627806641560484e-05,1.121955200813465900e-03,1.478003360113648683e-05,0.000000000000000000e+00
3.316000000000000281e+00,-1.995215026323416518e+00,-3.399305598025930131e-01,2.616827783509584116e+00,7.739317843186079848e-01,-1.577359359120642315e-04,7.607833918461568237e-05,6.332689496200459844e-01,-5.990501396704729364e-01,-1.517802791021143072e-01,-1.916868802633255320e-01,1.449320027910222020e-04,7.031506475052497641e-04,1.271014170536042486e-05,0.000000000000000000e+00
3.363999999999999879e+00,-2.023970383081668878e+00,-3.472117572277559905e-01,2.607594400902392362e+00,7.739316095945086849e-01,-1.618032029088515818e-04,8.843158544824749224e-05,6.332691605234151977e-01,-5.990856806253574973e-01,-1.516149576835646440e-01,-1.929117670072970636e-01,2.323175554643131956e-04,3.482467823357170145e-04,1.042848581828243233e-05,0.000000000000000000e+00
3.411999999999999922e+00,-2.052727273565440047e+00,-3.544848118937128922e-01,2.598305779513075287e+00,7.739314703868186429e-01,-1.596588489920089599e-04,9.590961317151731045e-05,6.332693301078897719e-01,-5.991145711745768931e-01,-1.514428046375848880e-01,-1.940022824463509266e-01,2.913694691119571062e-04,5.529432199490129905e-05,8.180609736046640841e-06,0.000000000000000000e+00
3.459999999999999964e+00,-2.081485377096849554e+00,-3.617495771324621967e-01,2.588967978417866966e+00,7.739313646600219920e-01,-1.526988892800567048e-04,9.923544444460824011e-05,6.332694605228110785e-01,-5.991368024070304887e-01,-1.512705703987373695e-01,-1.949731920087251491e-01,3.264849165435680786e-04,-1.792363308532423077e-04,6.122131395772881850e-06,0.000000000000000000e+00
3.508000000000000007e+00,-2.110244379892063371e+00,-3.690061936681016119e-01,2.579586390996571499e+00,7.739312885327274127e-01,-1.421760185174663575e-04,9.911981385495937465e-05,6.332695560275378721e-01,-5.991526353160533391e-01,-1.511036131440317010e-01,-1.958376347236951698e-01,3.418611043072771155e-04,-3.600077950909505681e-04,4.339165621634271414e-06,0.000000000000000000e+00
3.556000000000000050e+00,-2.139003986110434408e+00,-3.762550258016102989e-01,2.570165818236628485e+00,7.739312372430500186e-01,-1.291903158393213050e-04,9.624031674416866767e-05,6.332696219361115819e-01,-5.991625289325300807e-01,-1.509460177698229988e-01,-1.966073031619981204e-01,3.414066554290990600e-04,-4.924271635312278727e-04,2.866657866936478630e-06,0.000000000000000000e+00
3.604000000000000092e+00,-2.167763925702447914e+00,-3.834966037534637273e-01,2.560710533931838118e+00,7.739312058331974109e-01,-1.146867299278810158e-04,9.122607201640974613e-05,6.332696638576107429e-01,-5.991670780257305484e-01,-1.508007307746079828e-01,-1.972926032894507797e-01,3.286809404898949783e-04,-5.823160048304911905e-04,1.703999014884407570e-06,0.000000000000000000e+00
3.652000000000000135e+00,-2.196523959514867119e+00,-3.907315727218215740e-01,2.551224342679866197e+00,7.739311896017457837e-01,-9.945799073667423900e-05,8.464722080825382022e-05,6.332696871827858676e-01,-5.991669602887924606e-01,-1.506697033494090177e-01,-1.979027965030154268e-01,3.068573039003961197e-04,-6.356369387998310298e-04,8.277239636989567970e-07,0.000000000000000000e+00
3.700000000000000178e+00,-2.225283882099680532e+00,-3.979606488804413034e-01,2.541710631480364579e+00,7.739311843726517370e-01,-8.415170990959107444e-05,7.700857241621558832e-05,6.332696967672736266e-01,-5.991628926376436626e-01,-1.505540363476936816e-01,-1.984461258665929373e-01,2.787062480481305765e-04,-6.582734614920163858e-04,2.013873439767813239e-07,0.000000000000000000e+00
3.748000000000000220e+00,-2.254043522649801901e+00,-4.051845822704302491e-01,2.532172415644773356e+00,7.739311866265371487e-01,-6.928056203975429682e-05,6.874672266340892720e-05,6.332696967650766062e-01,-5.991555960386535373e-01,-1.504541220878839458e-01,-1.989299283346729619e-01,2.465948515556867413e-04,-6.558587331139725720e-04,-2.171119431107318733e-07,0.000000000000000000e+00
3.796000000000000263e+00,-2.282802744452335553e+00,-4.124041263285980752e-01,2.522612379648463410e+00,7.739311935339834303e-01,-5.523457603853691830e-05,6.023000199304633703e-05,6.332696905715232694e-01,-5.991457681320949691e-01,-1.503697791116251348e-01,-1.993607345457897306e-01,2.124989819715575182e-04,-6.336484122954513624e-04,-4.703922533968844200e-07,0.000000000000000000e+00
3.843999999999999861e+00,-2.311561443212382105e+00,-4.196200136367750355e-01,2.513032913484853914e+00,7.739312029237626067e-01,-4.229470439555298638e-05,5.176065617784961762e-05,6.332696808414017831e-01,-5.991340628261747625e-01,-1.503003770664932959e-01,-1.997443575838383778e-01,1.780251940859533947e-04,-5.964322745081959438e-04,-5.982393755381323644e-07,0.000000000000000000e+00
3.891999999999999904e+00,-2.340319544559462006e+00,-4.268329373648560576e-01,2.503436145018311354e+00,7.739312132120331755e-01,-3.064697343380797065e-05,4.357871738777449187e-05,6.332696695546135013e-01,-5.991210759907740213e-01,-1.502449497959628399e-01,-2.000859719424855632e-01,1.444395626276236664e-04,-5.484792422002031896e-04,-6.356569666676188435e-07,0.000000000000000000e+00
3.939999999999999947e+00,-2.369077001006449024e+00,-4.340435378091511698e-01,2.493823968777163280e+00,7.739312233120884121e-01,-2.039664627796599421e-05,3.586708381523525692e-05,6.332696581079687581e-01,-5.991073363724706002e-01,-1.502022955010921812e-01,-2.003901837844841716e-01,1.127010656547645202e-04,-4.935105340045189450e-04,-6.119635971909164687e-07,0.000000000000000000e+00
3.987999999999999989e+00,-2.397833788589256887e+00,-4.412523933905799223e-01,2.484198071579090783e+00,7.739312325386408231e-01,-1.158194957520978546e-05,2.875738905163861153e-05,6.332696474173478141e-01,-5.990933008748666744e-01,-1.501710634907960085e-01,-2.006610934618045239e-01,8.349749900486747348e-05,-4.346958682890072340e-04,-5.506313273130254700e-07,0.000000000000000000e+00
4.036000000000000476e+00,-2.426589903375495183e+00,-4.484600154683054951e-01,2.474559955337727324e+00,7.739312405159620711e-01,-4.187023279053938374e-06,2.233630543372678692e-05,6.332696380192114338e-01,-5.990793533934926085e-01,-1.501498275674297278e-01,-2.009023511521465521e-01,5.728225215584422395e-05,-3.746679945209728134e-04,-4.696145238478687870e-07,0.000000000000000000e+00
4.084000000000000519e+00,-2.455345357992988919e+00,-4.556668463379041634e-01,2.464910957360786359e+00,7.739312470955237444e-01,1.846151024908782503e-06,1.665198664520747027e-05,6.332696301643326864e-01,-5.990658064561819041e-01,-1.501371465108528869e-01,-2.011172063706439528e-01,3.431060388027385198e-05,-3.155512410497536319e-04,-3.819707709403365504e-07,0.000000000000000000e+00
4.131999999999999673e+00,-2.484100178294922134e+00,-4.628732598139396193e-01,2.455252268415872852e+00,7.739312522859951304e-01,6.607004164137053193e-06,1.172041245523216709e-05,6.332696238996556870e-01,-5.990529049922901361e-01,-1.501316124379271921e-01,-2.013085520306634180e-01,1.467449656248577497e-05,-2.590002310692725556e-04,-2.966245433535914495e-07,0.000000000000000000e+00
4.179999999999999716e+00,-2.512854400247912956e+00,-4.700795638402404109e-01,2.445584948809764292e+00,7.739312561964696302e-01,1.020690563408293253e-05,7.531451510221302905e-06,6.332696191364715066e-01,-5.990408316327574534e-01,-1.501318880372932152e-01,-2.014789636528666883e-01,-1.664982552586844507e-06,-2.062454053411124830e-04,-2.191667431583053894e-07,0.000000000000000000e+00
4.227999999999999758e+00,-2.541608067102752333e+00,-4.772860046232040299e-01,2.435909942699935993e+00,7.739312589924725039e-01,1.277099295278346233e-05,4.054505849314661131e-06,6.332696157047096319e-01,-5.990297130239320422e-01,-1.501367338233734749e-01,-2.016307342557606963e-01,-1.484794844761482548e-05,-1.581424806281319978e-04,-1.526184192369636428e-07,0.000000000000000000e+00
4.275999999999999801e+00,-2.570361226884773753e+00,-4.844927718406158434e-01,2.426228090833051354e+00,7.739312608634719703e-01,1.443128747996243717e-05,1.243642881646017265e-06,6.332696133942237182e-01,-5.990196267181580048e-01,-1.501450266309296566e-01,-2.017659054025734700e-01,-2.508922593784023447e-05,-1.152234507051832352e-04,-9.811496419093160631e-08,0.000000000000000000e+00
4.323999999999999844e+00,-2.599113930221893298e+00,-4.917000045378703832e-01,2.416540141883728676e+00,7.739312620002194443e-01,1.532104305478263731e-05,-9.578431958509837757e-07,6.332696119845778737e-01,-5.990106082809902865e-01,-1.501557705937697218e-01,-2.018862948274748881e-01,-3.265517955663670819e-05,-7.774718991545643458e-05,-5.548838890790605351e-08,0.000000000000000000e+00
4.371999999999999886e+00,-2.627866228512938385e+00,-4.989077973827586443e-01,2.406846762547795837e+00,7.739312625800904843e-01,1.557024626267521815e-05,-2.613468076856853313e-06,6.332696112651576836e-01,-5.990026583267320515e-01,-1.501681018292685688e-01,-2.019935210180159868e-01,-3.784388819211610434e-05,-4.574813854184865068e-05,-2.374064005742976856e-08,0.000000000000000000e+00
4.419999999999999929e+00,-2.656618172426794544e+00,-5.061162070072837693e-01,2.397148546527255064e+00,7.739312627586620863e-01,1.530216794115289396e-05,-3.790194690492508736e-06,6.332696110475067863e-01,-5.989957492595789912e-01,-1.501812879942331647e-01,-2.020890250895396589e-01,-4.096857653249521804e-05,-1.908192867938580546e-05,-1.411437036714949686e-09,0.000000000000000000e+00
4.467999999999999972e+00,-2.685369810713746475e+00,-5.133252582188821966e-01,2.387446022529033485e+00,7.739312626659126115e-01,1.463085352811328807e-05,-4.555653971689964516e-06,6.332696111716791254e-01,-5.989898315562122155e-01,-1.501947237962967252e-01,-2.021740902505820836e-01,-4.234413123464863626e-05,2.532854759526220308e-06,1.314936591395605067e-08,0.000000000000000000e+00
4.516000000000000014e+00,-2.714121189303883241e+00,-5.205349499129540147e-01,2.377739661386096159e+00,7.739312624056895462e-01,1.365943391019037024e-05,-4.975916710797451795e-06,6.332696115082380173e-01,-5.989848394768412243e-01,-1.502079234463389590e-01,-2.022498591254939526e-01,-4.227646890411839391e-05,1.947729225018262486e-05,2.159140521886990688e-08,0.000000000000000000e+00
4.564000000000000057e+00,-2.742872350663167147e+00,-5.277452605631038907e-01,2.368029882397520325e+00,7.739312620573007839e-01,1.247913745728664390e-05,-5.113773231408559617e-06,6.332696119572713833e-01,-5.989806961354172676e-01,-1.502205109281855300e-01,-2.023173491711848515e-01,-4.105448245946598387e-05,3.219939511221073887e-05,2.544062656926051861e-08,0.000000000000000000e+00
4.612000000000000099e+00,-2.771623333375423215e+00,-5.349561532045932211e-01,2.358317058973426583e+00,7.739312616783642351e-01,1.116888691831226303e-05,-5.027470408911535304e-06,6.332696124455324815e-01,-5.989773178961776967e-01,-1.502322088477160700e-01,-2.023774663987451816e-01,-3.894426920131863131e-05,4.118608303435641063e-05,2.602875961232099797e-08,0.000000000000000000e+00
4.660000000000000142e+00,-2.800374171917732191e+00,-5.421675798601066631e-01,2.348601523661170809e+00,7.739312613082476311e-01,9.795370876666453224e-06,-4.769851436481180227e-06,6.332696129225867665e-01,-5.989746180932818964e-01,-1.502428265091476922e-01,-2.024310175873469952e-01,-3.618533499343122193e-05,4.693977578056749062e-05,2.446215029782485004e-08,0.000000000000000000e+00
4.708000000000000185e+00,-2.829124896597156269e+00,-5.493794853851254878e-01,2.338883572620763740e+00,7.739312609716405555e-01,8.413487695019575716e-06,-4.387842245333503532e-06,6.332696133565910435e-01,-5.989725100935379132e-01,-1.502522477553366043e-01,-2.024787211570130141e-01,-3.298847161658695966e-05,4.995937563239216894e-05,2.161840233690308769e-08,0.000000000000000000e+00
4.756000000000000227e+00,-2.857875533618209563e+00,-5.565918107332182840e-01,2.329163469609973003e+00,7.739312606819371831e-01,7.067069594995393403e-06,-3.922229094374302363e-06,6.332696137301545569e-01,-5.989709097397554194e-01,-1.502604190042458043e-01,-2.025212168483205011e-01,-2.953501603173055019e-05,5.072532491248040414e-05,1.816129888577411205e-08,0.000000000000000000e+00
4.804000000000000270e+00,-2.886626105252575236e+00,-5.638044956597551005e-01,2.319441449532887667e+00,7.739312604442600829e-01,5.789805100534960070e-06,-3.407674100134430551e-06,6.332696140365680071e-01,-5.989697372247317908e-01,-1.502673378172686702e-01,-2.025590743406118222e-01,-2.597721870892527737e-05,4.968836000857552494e-05,1.456645012742120845e-08,0.000000000000000000e+00
4.852000000000000313e+00,-2.915376630085245502e+00,-5.710174808963711657e-01,2.309717721599805262e+00,7.739312602580165068e-01,4.606289008759876847e-06,-2.872918964249122369e-06,6.332696142765469327e-01,-5.989689184540022415e-01,-1.502730422482091432e-01,-2.025928009256462992e-01,-2.243947130474865614e-05,4.726154552840500852e-05,1.115198540772674193e-08,0.000000000000000000e+00
4.900000000000000355e+00,-2.944127123314156602e+00,-5.782307098384108501e-01,2.299992472141030753e+00,7.739312601189721752e-01,3.533139920721897454e-06,-2.341131503802408234e-06,6.332696144555615136e-01,-5.989683859599150839e-01,-1.502776011451360805e-01,-2.026228483406090630e-01,-1.902017009050265407e-05,4.381515551836965959e-05,8.110227571641928446e-09,0.000000000000000000e+00
4.948000000000000398e+00,-2.972877597083438683e+00,-5.854441297940915501e-01,2.290265867112491360e+00,7.739312600208609894e-01,2.580135838378818821e-06,-1.830354480643789430e-06,6.332696145817469091e-01,-5.989680794310150436e-01,-1.502811055113243976e-01,-2.026496188528471298e-01,-1.579401915982752455e-05,3.967396914959440935e-05,5.537630021574672011e-09,0.000000000000000000e+00
4.996000000000000441e+00,-3.001628060833469558e+00,-5.926576928477447215e-01,2.280538054326910036e+00,7.739312599565721928e-01,1.751328166466214098e-06,-1.354021389446849750e-06,6.332696146643477242e-01,-5.989679459197061462e-01,-1.502836609759355679e-01,-2.026734706784522333e-01,-1.281460539587758826e-05,3.511656235660111938e-05,3.461357581883169000e-09,0.000000000000000000e+00
5.044000000000000483e+00,-3.030378521653863011e+00,-5.998713563906912238e-01,2.270809165440581978e+00,7.739312599189791531e-01,1.046103473658695624e-06,-9.215090788896531983e-07,6.332696147126254393e-01,-5.989679397883074241e-01,-1.502853813795450577e-01,-2.026947228077238261e-01,-1.011710449309035488e-05,3.037620126826133990e-05,1.861695024704459284e-09,0.000000000000000000e+00
5.092000000000000526e+00,-3.059128984628304515e+00,-6.070850833725859319e-01,2.261079317722503035e+00,7.739312599014780414e-01,4.601704542813119003e-07,-5.387021687825381142e-07,6.332696147351525306e-01,-5.989680224493917349e-01,-1.502863834434410018e-01,-2.027136593024733424e-01,-7.721003275458552701e-06,2.564297500576873473e-05,6.900778658583981618e-10,0.000000000000000000e+00
5.139999999999999680e+00,-3.087879453162704735e+00,-6.142988423238175955e-01,2.251348615629677141e+00,7.739312598982939218e-01,-1.354336982541274502e-08,-2.085490520857093848e-07,6.332696147394050179e-01,-5.989681619511458832e-01,-1.502867824639774197e-01,-2.027305331229710683e-01,-5.632747598127449188e-06,2.106684198187779906e-05,-1.170697971340406327e-10,0.000000000000000000e+00
5.187999999999999723e+00,-3.116629929290423817e+00,-6.215126071961859511e-01,2.241617152209812502e+00,7.739312599046209717e-01,-3.840945737337128682e-07,6.840626474643088581e-08,6.332696147315870494e-01,-5.989683324527784736e-01,-1.502866889532515071e-01,-2.027455695359780818e-01,-3.848246914378768134e-06,1.676130305012459408e-05,-6.282476352876323997e-10,0.000000000000000000e+00
5.235999999999999766e+00,-3.145380413950332965e+00,-6.287263570649263000e-01,2.231885010350302956e+00,7.739312599166372486e-01,-6.618306380008342507e-07,2.935281935974607426e-07,6.332696147166081424e-01,-5.989685136290449075e-01,-1.502862061340300703e-01,-2.027589691496630431e-01,-2.355185911855335722e-06,1.280745493317763433e-05,-9.099831360895532053e-10,0.000000000000000000e+00
5.283999999999999808e+00,-3.174130907235182431e+00,-6.359400757305138097e-01,2.222152263890327717e+00,7.739312599314426278e-01,-8.578007298035199804e-07,4.696376110263112568e-07,6.332696146981727781e-01,-5.989686900369967093e-01,-1.502854281891921884e-01,-2.027709106161846297e-01,-1.135110390852300582e-06,9.258216853125497011e-06,-1.022516825599329703e-09,0.000000000000000000e+00
5.331999999999999851e+00,-3.202881408609215885e+00,-6.431537512537978118e-01,2.212418978611063736e+00,7.739312599469521103e-01,-9.832672488592502981e-07,6.006089772373966247e-07,6.332696146789260627e-01,-5.989688504722970874e-01,-1.502844391630448195e-01,-2.027815530382557074e-01,-1.652687852499618415e-07,6.142561070402024585e-06,-1.017488724647857814e-09,0.000000000000000000e+00
5.379999999999999893e+00,-3.231631917095099116e+00,-6.503673754531004159e-01,2.202685213117352436e+00,7.739312599617609312e-01,-1.049312427721846487e-06,6.910189829589922430e-07,6.332696146606298093e-01,-5.989689873370195317e-01,-1.502833124127968822e-01,-2.027910381120396344e-01,5.797974965393346365e-07,3.469613267455631883e-06,-9.370869727249375235e-10,0.000000000000000000e+00
5.427999999999999936e+00,-3.260382431431191108e+00,-6.575809433871266929e-01,2.192951019622726871e+00,7.739312599750128863e-01,-1.066532478979336050e-06,7.458470403379004822e-07,6.332696146443439478e-01,-5.989690960358693417e-01,-1.502821105124180490e-01,-2.027994920352037822e-01,1.126912255636435408e-06,1.232520821140051063e-06,-8.142142289992176976e-10,0.000000000000000000e+00
5.475999999999999979e+00,-3.289132950200852168e+00,-6.647944528429902133e-01,2.183216444648383270e+00,7.739312599862682163e-01,-1.044810598885285639e-06,7.702262302365540857e-07,6.332696146305953899e-01,-5.989691744133013307e-01,-1.502808855173047298e-01,-2.028070272057967693e-01,1.503161198570819870e-06,-5.879843811942763355e-07,-6.732950534642647846e-10,0.000000000000000000e+00
5.524000000000000021e+00,-3.317883471935996198e+00,-6.720079038444599639e-01,2.173481529645541421e+00,7.739312599953923621e-01,-9.931594760695751133e-07,7.692420131228647970e-07,6.332696146195287978e-01,-5.989692222400894162e-01,-1.502796795059601898e-01,-2.028137437348329630e-01,1.735011654777280460e-06,-2.020376975920931253e-06,-5.314370757187382427e-10,0.000000000000000000e+00
5.572000000000000064e+00,-3.346633995197397127e+00,-6.792212981917410408e-01,2.163746311549583190e+00,7.739312600024567113e-01,-9.196237264560063697e-07,7.477750627747420971e-07,6.332696146110322610e-01,-5.989692407545412767e-01,-1.502785253236923746e-01,-2.028197307929625048e-01,1.847636023243705162e-06,-3.099510139191079377e-06,-3.997352714944401522e-10,0.000000000000000000e+00
5.620000000000000107e+00,-3.375384518634462427e+00,-6.864346390407384257e-01,2.154010823273468933e+00,7.739312600076623250e-01,-8.312327974328437299e-07,7.103839467842415541e-07,6.332696146048365504e-01,-5.989692322607443886e-01,-1.502774474626516199e-01,-2.028250678093926618e-01,1.864417274766892698e-06,-3.864178041001206662e-06,-2.845662947581303916e-10,0.000000000000000000e+00
5.668000000000000149e+00,-3.404135041027201325e+00,-6.936479305268512530e-01,2.144275094147079841e+00,7.739312600112762119e-01,-7.339952783045084554e-07,6.612230104717429836e-07,6.332696146005926119e-01,-5.989691997839334814e-01,-1.502764630219686759e-01,-2.028298255392403937e-01,1.806613658527005461e-06,-4.355063914977594810e-06,-1.887835455657271910e-10,0.000000000000000000e+00
5.716000000000000192e+00,-3.432885561313106404e+00,-7.008611774358826096e-01,2.134539150308429889e+00,7.739312600135930253e-01,-6.329261507405296721e-07,6.039906770364800329e-07,6.332696145979286317e-01,-5.989691467812677805e-01,-1.502755827009892853e-01,-2.028340670137272206e-01,1.693159561329877509e-06,-4.613057775773330670e-06,-1.127541167812735712e-10,0.000000000000000000e+00
5.764000000000000234e+00,-3.461636078601527888e+00,-7.080743849226269759e-01,2.124803015052031618e+00,7.739312600148970933e-01,-5.320992507465517441e-07,5.419034146137654187e-07,6.332696145964826773e-01,-5.989690769049349495e-01,-1.502748117873855815e-01,-2.028378483860714121e-01,1.540580043717366436e-06,-4.677919507852534705e-06,-5.521532638233698731e-11,0.000000000000000000e+00
5.812000000000000277e+00,-3.490386592177945335e+00,-7.152875582760743756e-01,2.115066709139111545e+00,7.739312600154510946e-01,-4.347180398955017056e-07,4.776908012555379604e-07,6.332696145959311185e-01,-5.989689938135249747e-01,-1.502741511100759431e-01,-2.028412196845065518e-01,1.362997748154068093e-06,-4.587257241704334479e-06,-1.395010815576064771e-11,0.000000000000000000e+00
5.860000000000000320e+00,-3.519137101500341203e+00,-7.225007027289291894e-01,2.105330251073872283e+00,7.739312600154804045e-01,-3.431986535013633412e-07,4.136074062989943415e-07,6.332696145959977319e-01,-5.989689010269737546e-01,-1.502735979342772477e-01,-2.028442254826367530e-01,1.172212473753034958e-06,-4.375787285580385316e-06,1.370386302072035640e-11,0.000000000000000000e+00
5.908000000000000362e+00,-3.547887606189634280e+00,-7.297138233082184344e-01,2.095593657349523742e+00,7.739312600151678767e-01,-2.592600705428548357e-07,3.514575697055948244e-07,6.332696145964560319e-01,-5.989688018200218789e-01,-1.502731467825748624e-01,-2.028469054961864193e-01,9.778355917219128606e-07,-4.074840064902334880e-06,3.049424876914230488e-11,0.000000000000000000e+00
5.956000000000000405e+00,-3.576638106015883167e+00,-7.369269247231475806e-01,2.085856942667402514e+00,7.739312600146603938e-01,-1.840171054444064598e-07,2.926295722970719012e-07,6.332696145971330459e-01,-5.989686991490157375e-01,-1.502727901715924241e-01,-2.028492951142504275e-01,7.874635264039232424e-07,-3.712076199676394514e-06,3.901473467327269499e-11,0.000000000000000000e+00
6.004000000000000448e+00,-3.605388600881733296e+00,-7.441400112859927196e-01,2.076120120132134428e+00,7.739312600140650922e-01,-1.180727327819427088e-07,2.381361265083059435e-07,6.332696145978994329e-01,-5.989685956069518147e-01,-1.502725192586757408e-01,-2.028514258722274588e-01,6.068766419739605532e-07,-3.311377731080894582e-06,4.156214457534089965e-11,0.000000000000000000e+00
6.052000000000000490e+00,-3.634139090804328731e+00,-7.513530868616500324e-01,2.066383201425474603e+00,7.739312600134587994e-01,-6.160700659779813370e-08,1.886585599740902820e-07,6.332696145986654868e-01,-5.989684934018780771e-01,-1.502723243970048583e-01,-2.028533258728655309e-01,4.402519668877076542e-07,-2.892881304056369850e-06,4.006877644776959796e-11,0.000000000000000000e+00
6.100000000000000533e+00,-3.662889575896699945e+00,-7.585661548414803779e-01,2.056646196961150697e+00,7.739312600128910313e-01,-1.446051519790949678e-08,1.445924977401267269e-07,6.332696145993736980e-01,-5.989683943540934363e-01,-1.502721956007600501e-01,-2.028550201611137027e-01,2.903802081436341268e-07,-2.473122583295912183e-06,3.608497189168805356e-11,0.000000000000000000e+00
6.147999999999999687e+00,-3.691640056349404286e+00,-7.657792181372308216e-01,2.046909116022809449e+00,7.739312600123917640e-01,2.378908614187109657e-08,1.060932613742106225e-07,6.332696145999909820e-01,-5.989682999079896097e-01,-1.502721229244576573e-01,-2.028565310578704095e-01,1.588793945192980620e-07,-2.065264096322964492e-06,3.079793124513382503e-11,0.000000000000000000e+00
6.195999999999999730e+00,-3.720390532413042184e+00,-7.729922791910602831e-01,2.037171966886905050e+00,7.739312600119748753e-01,5.375840099757856058e-08,7.311958595867678563e-08,6.332696146005036830e-01,-5.989682111548221277e-01,-1.502720967624122106e-01,-2.028578784571477556e-01,4.639922091267597052e-08,-1.679381887070014271e-06,2.507161261950839955e-11,0.000000000000000000e+00
6.243999999999999773e+00,-3.749141004382073206e+00,-7.802053399980205528e-01,2.027434756932191107e+00,7.739312600116422525e-01,7.619797122597459210e-08,4.547460300795390845e-08,6.332696146009103577e-01,-5.989681288631640843e-01,-1.502721080755481942e-01,-2.028590800906810432e-01,-4.718828696278435106e-08,-1.322789654960856617e-06,1.949478711018163320e-11,0.000000000000000000e+00
6.291999999999999815e+00,-3.777891472580226839e+00,-7.874184021377095277e-01,2.017697492737271059e+00,7.739312600113887886e-01,9.194044063356670427e-08,2.284334519667426641e-08,6.332696146012178895e-01,-5.989680535142702933e-01,-1.502721485535615797e-01,-2.028601517635656715e-01,-1.226148107666018373e-07,-1.000382333365187622e-06,1.443461578061087931e-11,0.000000000000000000e+00
6.339999999999999858e+00,-3.806641937347701177e+00,-7.946314668122111957e-01,2.007960180167529529e+00,7.739312600112060458e-01,1.018570413822900963e-07,4.826295819651336095e-09,6.332696146014390459e-01,-5.989679853400311504e-01,-1.502722107207937197e-01,-2.028611075641037764e-01,-1.810603360634246981e-07,-7.149842241864290768e-07,1.008840350165028682e-11,0.000000000000000000e+00
6.387999999999999901e+00,-3.835392399030189470e+00,-8.018445348878413537e-01,1.998222824452587032e+00,7.739312600110838103e-01,1.068220157086956488e-07,-9.031267797406857539e-09,6.332696146015884819e-01,-5.989679243616269355e-01,-1.502722879942030298e-01,-2.028619600507049758e-01,-2.240171928349332621e-07,-4.676897693505337692e-07,6.529670828023426379e-12,0.000000000000000000e+00
6.435999999999999943e+00,-3.864142857969762090e+00,-8.090576069386080649e-01,1.988485430255333641e+00,7.739312600110083151e-01,1.076844190083208922e-07,-1.921420081655931579e-08,6.332696146016795202e-01,-5.989678704273931897e-01,-1.502723747015762557e-01,-2.028627204183619526e-01,-2.531736232049101839e-07,-2.581877673151781645e-07,3.746237027117263995e-12,0.000000000000000000e+00
6.483999999999999986e+00,-3.892893314497511970e+00,-8.162706832896833298e-01,1.978748001733448669e+00,7.739312600109704565e-01,1.052466361289657218e-07,-2.621660135924768097e-08,6.332696146017267047e-01,-5.989678232487654075e-01,-1.502724660676706958e-01,-2.028633986469456085e-01,-2.703163318686006093e-07,-8.506228265589498789e-08,1.672767059965506760e-12,0.000000000000000000e+00
6.532000000000000028e+00,-3.921643768927860485e+00,-8.234837640595352726e-01,1.969010542594231916e+00,7.739312600109591322e-01,1.002488731642343043e-07,-3.052490341481015537e-08,6.332696146017419148e-01,-5.989677824334834755e-01,-1.502725581753821260e-01,-2.028640036333121677e-01,-2.772510144634273394e-07,5.393435341174093071e-08,2.142202845451151229e-13,0.000000000000000000e+00
6.580000000000000071e+00,-3.950394221554369256e+00,-8.306968491996867821e-01,1.959273056143471470e+00,7.739312600109645723e-01,9.335885527194688844e-08,-3.260466542579261879e-08,6.332696146017360306e-01,-5.989677475155160691e-01,-1.502726479083378863e-01,-2.028645433090090211e-01,-2.757394702403055129e-07,1.616392219689004114e-07,-7.395968994201878170e-13,0.000000000000000000e+00
6.628000000000000114e+00,-3.979144672646899750e+00,-8.379099385313647508e-01,1.949535545329007080e+00,7.739312600109808926e-01,8.516595991366899605e-08,-3.289070971538746682e-08,6.332696146017163796e-01,-5.989677179813911456e-01,-1.502727328805634754e-01,-2.028650247451490307e-01,-2.674517341428970187e-07,2.412683916714102237e-07,-1.299088241564912612e-12,0.000000000000000000e+00
6.676000000000000156e+00,-4.007895122449937730e+00,-8.451230317785433099e-01,1.939798012779554881e+00,7.739312600110032081e-01,7.617903792432359060e-08,-3.178023307914595343e-08,6.332696146016896233e-01,-5.989676932928099662e-01,-1.502728113580996672e-01,-2.028654542458620258e-01,-2.539314981565524732e-07,2.962383531319063949e-07,-1.562401422348153167e-12,0.000000000000000000e+00
6.724000000000000199e+00,-4.036645571181911585e+00,-8.523361285971086110e-01,1.930060460839322589e+00,7.739312600110280771e-01,6.682721665947978482e-08,-2.962849309187557995e-08,6.332696146016609795e-01,-5.989676729055755100e-01,-1.502728821766833311e-01,-2.028658374315779056e-01,-2.365730321141957317e-07,3.300182854055238650e-07,-1.615104502343555578e-12,0.000000000000000000e+00
6.772000000000000242e+00,-4.065396019035319775e+00,-8.595492286000464555e-01,1.920322891598861048e+00,7.739312600110519469e-01,5.746303443787541655e-08,-2.674667498930320159e-08,6.332696146016321137e-01,-5.989676562849811647e-01,-1.502729446588726425e-01,-2.028661793132525704e-01,-2.166078933053124290e-07,3.460113585491309986e-07,-1.529289813655154022e-12,0.000000000000000000e+00
6.820000000000000284e+00,-4.094146466177515542e+00,-8.667623313786974037e-01,1.910585306922570004e+00,7.739312600110748175e-01,4.836731904460923306e-08,-2.340155697427710935e-08,6.332696146016062455e-01,-5.989676429178961703e-01,-1.502729985333101648e-01,-2.028664843585192834e-01,-1.950996905198357206e-07,3.474627598593902763e-07,-1.359494683318321271e-12,0.000000000000000000e+00
6.868000000000000327e+00,-4.122896912751983223e+00,-8.739754365202385689e-01,1.900847708473215825e+00,7.739312600110938023e-01,3.975529197122085926e-08,-1.981661390537325181e-08,6.332696146015832639e-01,-5.989676323218381393e-01,-1.502730438581913464e-01,-2.028667565506594439e-01,-1.729453801225046743e-07,3.373917480016057829e-07,-1.147941685975997490e-12,0.000000000000000000e+00
6.916000000000000369e+00,-4.151647358879994698e+00,-8.811885436216361223e-01,1.891110097733791795e+00,7.739312600111094564e-01,3.178345052249047221e-08,-1.617422846322580137e-08,6.332696146015642791e-01,-5.989676240513663874e-01,-1.502730809504429776e-01,-2.028669994411614330e-01,-1.508816024842440239e-07,3.185448753168927548e-07,-9.254617150220239636e-13,0.000000000000000000e+00
6.964000000000000412e+00,-4.180397804662497663e+00,-8.884016523003696042e-01,1.881372476027004303e+00,7.739312600111217799e-01,2.455684956055369335e-08,-1.261871242268483241e-08,6.332696146015492911e-01,-5.989676177021451275e-01,-1.502731103216259079e-01,-2.028672161965757448e-01,-1.294948058838814380e-07,2.933674221168210417e-07,-7.123377520998559297e-13,0.000000000000000000e+00
7.012000000000000455e+00,-4.209148250182148665e+00,-8.956147622022678778e-01,1.871634844532643394e+00,7.739312600111318829e-01,1.813647155108545122e-08,-9.259876758718299481e-09,6.332696146015388550e-01,-5.989676129130228066e-01,-1.502731326211554086e-01,-2.028674096402852123e-01,-1.092339968311672750e-07,2.639901583840688399e-07,-5.213333969104517403e-13,0.000000000000000000e+00
7.060000000000000497e+00,-4.237898695505403879e+00,-9.028278730068173275e-01,1.861897204303069708e+00,7.739312600111384333e-01,1.254643604773293899e-08,-6.176926122237504297e-09,6.332696146015309724e-01,-5.989676093664747514e-01,-1.502731485870808514e-01,-2.028675822897410275e-01,-9.042517438718021597e-08,2.322286458529228079e-07,-3.591718428843629382e-13,0.000000000000000000e+00
7.108000000000000540e+00,-4.266649140684595665e+00,-9.100409844303016804e-01,1.852159556277023889e+00,7.739312600111428742e-01,7.780857090339979105e-09,-3.422489331651921818e-09,6.332696146015257543e-01,-5.989676067877283128e-01,-1.502731590043804299e-01,-2.028677363896635166e-01,-7.328659134553527047e-08,1.995925013549241913e-07,-2.278530774988071039e-13,0.000000000000000000e+00
7.156000000000000583e+00,-4.295399585759939853e+00,-9.172540962271304998e-01,1.842421901291930286e+00,7.739312600111454277e-01,3.810208078339719001e-09,-1.026632339925858025e-09,6.332696146015225347e-01,-5.989676049428652727e-01,-1.502731646705021684e-01,-2.028678739416319987e-01,-5.794421619742553469e-08,1.673022528687581371e-07,-1.261526833609119426e-13,0.000000000000000000e+00
7.203999999999999737e+00,-4.324150030761429342e+00,-9.244672081896931903e-01,1.832684240094873740e+00,7.739312600111467599e-01,5.870984718227280253e-10,9.992674816868364877e-10,6.332696146015209804e-01,-5.989676036361728517e-01,-1.502731663677130125e-01,-2.028679967304708454e-01,-4.444683975868254623e-08,1.363116840797893937e-07,-5.107305830418955702e-14,0.000000000000000000e+00
7.251999999999999780e+00,-4.352900475710584693e+00,-9.316803201470504892e-01,1.822946573352378197e+00,7.739312600111468710e-01,-1.948594856585719716e-09,2.658877562895603339e-09,6.332696146015207583e-01,-5.989676027069733566e-01,-1.502731648416960608e-01,-2.028681063477707491e-01,-3.278043116394753634e-08,1.073338247232734500e-07,1.117733066992882306e-15,0.000000000000000000e+00
7.299999999999999822e+00,-4.381650920622051082e+00,-9.388934319627466607e-01,1.813208901659129957e+00,7.739312600111468710e-01,-3.865266730465588062e-09,3.967562368801185655e-09,6.332696146015207583e-01,-5.989676020261381906e-01,-1.502731607857596130e-01,-2.028682042128581164e-01,-2.288144714257501934e-08,8.086902416115302309e-08,3.468056811785751902e-14,0.000000000000000000e+00
7.347999999999999865e+00,-4.410401365505014049e+00,-9.461065435319943040e-01,1.803471225545750345e+00,7.739312600111459828e-01,-5.235792159296941433e-09,4.949374387496758480e-09,6.332696146015220906e-01,-5.989676014924523173e-01,-1.502731548299788000e-01,-2.028682915914882257e-01,-1.464889644586776161e-08,5.723378870347779683e-08,5.438147568983091425e-14,0.000000000000000000e+00
7.395999999999999908e+00,-4.439151810364448281e+00,-9.533196547784525965e-01,1.793733545485724834e+00,7.739312600111446505e-01,-6.134382459819583497e-09,5.634407002863953288e-09,6.332696146015234229e-01,-5.989676010289695096e-01,-1.502731475345789602e-01,-2.028683696125103963e-01,-7.955045649987608427e-09,3.658933145977632016e-08,6.134416008712297463e-14,0.000000000000000000e+00
7.443999999999999950e+00,-4.467902255202186090e+00,-9.605327656507822720e-01,1.783995861901585878e+00,7.739312600111433182e-01,-6.634051702258279155e-09,6.056516430326221947e-09,6.332696146015247551e-01,-5.989676005794695168e-01,-1.502731393868811383e-01,-2.028684392827221628e-01,-2.654714276184523821e-09,1.896900543929194703e-08,5.991673048403347142e-14,0.000000000000000000e+00
7.491999999999999993e+00,-4.496652700017824245e+00,-9.677458761191314318e-01,1.774258175170416063e+00,7.739312600111419860e-01,-6.804644917460946138e-09,6.251406758911546601e-09,6.332696146015260874e-01,-5.989676001050960874e-01,-1.502731308011630851e-01,-2.028685015001113479e-01,1.406830424377532239e-09,4.303993745399053204e-09,5.311027032663510497e-14,0.000000000000000000e+00
7.540000000000000036e+00,-4.525403144809479805e+00,-9.749589861716780881e-01,1.764520485628762625e+00,7.739312600111408758e-01,-6.711372170582515172e-09,6.255062042604396043e-09,6.332696146015274197e-01,-5.989675995812397957e-01,-1.502731221208302714e-01,-2.028685570656595938e-01,4.387333069066943384e-09,-7.553179853129388165e-09,4.282326098703687023e-14,0.000000000000000000e+00
7.588000000000000078e+00,-4.554153589574394090e+00,-9.821720958113255850e-01,1.754782793577012168e+00,7.739312600111408758e-01,-6.413788604715138773e-09,6.102501872206819259e-09,6.332696146015281968e-01,-5.989675989947059742e-01,-1.502731136223485198e-01,-2.028686066938623356e-01,6.442278149831940100e-09,-1.680759343303601883e-08,3.196845187198748564e-14,0.000000000000000000e+00
7.636000000000000121e+00,-4.582904034309414065e+00,-9.893852050526193986e-01,1.745045099283296430e+00,7.739312600111408758e-01,-5.965159165091520099e-09,5.826831644055160406e-09,6.332696146015281968e-01,-5.989675983411872906e-01,-1.502731055204478139e-01,-2.028686510221088812e-01,7.720787703613462677e-09,-2.370347392189126319e-08,2.429205267315068313e-14,0.000000000000000000e+00
7.684000000000000163e+00,-4.611654479011364494e+00,-9.965983139189389384e-01,1.735307402986970837e+00,7.739312600111408758e-01,-5.412147603540970602e-09,5.458555535785553866e-09,6.332696146015281968e-01,-5.989675976230524057e-01,-1.502730979741701278e-01,-2.028686906190398653e-01,8.362565290243128968e-09,-2.850837336687910874e-08,1.938090182207669241e-14,0.000000000000000000e+00
7.732000000000000206e+00,-4.640404923677314386e+00,-1.003811422439992773e+00,1.725569704901717571e+00,7.739312600111408758e-01,-4.794771917094970484e-09,5.025118591925918249e-09,6.332696146015281968e-01,-5.989675968474470480e-01,-1.502730910933968711e-01,-2.028687259919964569e-01,8.495761855131896147e-09,-3.149992441820252616e-08,1.624214272817214261e-14,0.000000000000000000e+00
7.780000000000000249e+00,-4.669155368304764409e+00,-1.011024530649634157e+00,1.715832005218313361e+00,7.739312600111408758e-01,-4.146572151304465424e-09,4.550644204483201883e-09,6.332696146015281968e-01,-5.989675960246955144e-01,-1.502730849455529982e-01,-2.028687575936607146e-01,8.235636822506845093e-09,-3.295504646328233560e-08,1.423422508649293372e-14,0.000000000000000000e+00
7.828000000000000291e+00,-4.697905812891762345e+00,-1.018237638583993965e+00,1.706094304107095727e+00,7.739312600111408758e-01,-3.494941258510558487e-09,4.055834180236215954e-09,6.332696146015281968e-01,-5.989675951669837239e-01,-1.502730795622421456e-01,-2.028687858279733525e-01,7.683885488996156350e-09,-3.314142758492971165e-08,1.295350352594320047e-14,0.000000000000000000e+00
7.876000000000000334e+00,-4.726656257436967934e+00,-1.025450746279931380e+00,1.696356601720160784e+00,7.739312600111408758e-01,-2.861574912465254060e-09,3.558000312871894420e-09,6.332696146015281968e-01,-5.989675942873015080e-01,-1.502730749456201720e-01,-2.028688110554088264e-01,6.928514656445887979e-09,-3.231107363266610445e-08,1.212559435615129978e-14,0.000000000000000000e+00
7.924000000000000377e+00,-4.755406701939663527e+00,-1.032663853773774676e+00,1.686618898193330329e+00,7.739312600111408758e-01,-2.263001716556461950e-09,3.071198788698550099e-09,6.332696146015281968e-01,-5.989675933986183809e-01,-1.502730710743638010e-01,-2.028688335976761847e-01,6.044154460260917244e-09,-3.069569312552994243e-08,1.159903143590051075e-14,0.000000000000000000e+00
7.972000000000000419e+00,-4.784157146399741656e+00,-1.039876961100340003e+00,1.676881193647896451e+00,7.739312600111408758e-01,-1.711160784494630691e-09,2.606441496586685948e-09,6.332696146015281968e-01,-5.989675925132642575e-01,-1.502730679091329458e-01,-2.028688537419096882e-01,5.092706073517492035e-09,-2.850367874441056293e-08,1.125882738049751766e-14,0.000000000000000000e+00
8.019999999999999574e+00,-4.812907590817658843e+00,-1.047090068292195308e+00,1.667143488192185607e+00,7.739312600111408758e-01,-1.213999117853442895e-09,2.171961343154949354e-09,6.332696146015281968e-01,-5.989675916424876956e-01,-1.502730653974615749e-01,-2.028688717444034895e-01,4.124232938496262782e-09,-2.591844640509671725e-08,1.104154087424944834e-14,0.000000000000000000e+00
8.067999999999999616e+00,-4.841658035194378762e+00,-1.054303175379145197e+00,1.657405781922950183e+00,7.739312600111408758e-01,-7.760663437300346124e-10,1.773511748252237210e-09,6.332696146015281968e-01,-5.989675907961662382e-01,-1.502730634780449770e-01,-2.028688878339410806e-01,3.178017599081636179e-09,-2.309789967558723219e-08,1.089959093038666245e-14,0.000000000000000000e+00
8.115999999999999659e+00,-4.870408479531298518e+00,-1.061516282387904075e+00,1.647668074926609494e+00,7.739312600111408758e-01,-3.990891204410649788e-10,1.414683594241246154e-09,6.332696146015281968e-01,-5.989675899826391037e-01,-1.502730620844148490e-01,-2.028689022147632248e-01,2.283718852913668945e-09,-2.017480201166671757e-08,1.081156610486281057e-14,0.000000000000000000e+00
8.163999999999999702e+00,-4.899158923830173151e+00,-1.068729389341929847e+00,1.637930367280358679e+00,7.739312600111408758e-01,-8.251185407790695136e-11,1.097225862665104288e-09,6.332696146015281968e-01,-5.989675892086435693e-01,-1.502730611480158351e-01,-2.028689150692134791e-01,1.462569959587381087e-09,-1.725785449480449150e-08,1.075208987140074794e-14,0.000000000000000000e+00
8.211999999999999744e+00,-4.927909368093039255e+00,-1.075942496261392156e+00,1.628192659053157687e+00,7.739312600111408758e-01,1.760058157116233930e-10,8.213589368679850194e-10,6.332696146015281968e-01,-5.989675884793282945e-01,-1.502730606007122993e-01,-2.028689265600972513e-01,7.285751391086310429e-10,-1.443330001560732547e-08,1.071481809843118875e-14,0.000000000000000000e+00
8.259999999999999787e+00,-4.956659812322143033e+00,-1.083155603163245440e+00,1.618454950306612572e+00,7.739312600111408758e-01,3.801409773996830030e-10,5.860721154962520528e-10,6.332696146015281968e-01,-5.989675877983279273e-01,-1.502730603767655493e-01,-2.028689368327849241e-01,8.966709041958979492e-11,-1.176689217663800327e-08,1.069023458860020589e-14,0.000000000000000000e+00
8.307999999999999829e+00,-4.985410256519865690e+00,-1.090368710061385027e+00,1.608717241095763750e+00,7.739312600111408758e-01,5.345122676689358895e-10,3.893991536573067078e-10,6.332696146015281968e-01,-5.989675871678810104e-01,-1.502730604143307225e-01,-2.028689460170872427e-01,-4.511997275799918074e-10,-9.306092790154645435e-09,1.067199521033850725e-14,0.000000000000000000e+00
8.355999999999999872e+00,-5.014160700688666594e+00,-1.097581816966863189e+00,1.598979531469787219e+00,7.739312600111408758e-01,6.443386096733973320e-10,2.286676289010739212e-10,6.332696146015281968e-01,-5.989675865889746431e-01,-1.502730606565260141e-01,-2.028689542289278114e-01,-8.950415686379345285e-10,-7.082381142001931157e-09,1.066009996364609441e-14,0.000000000000000000e+00
8.403999999999999915e+00,-5.042911144831021097e+00,-1.104794923888146929e+00,1.589241821472622274e+00,7.739312600111408758e-01,7.151510532000037038e-10,1.007196350642728172e-10,6.332696146015281968e-01,-5.989675860615074621e-01,-1.502730610521302856e-01,-2.028689615718347605e-01,-1.245934527771307810e-09,-5.113580530572587778e-09,1.065216979918448637e-14,0.000000000000000000e+00
8.451999999999999957e+00,-5.071661588949372579e+00,-1.112008030831400873e+00,1.579504111143533285e+00,7.739312600111408758e-01,7.525554469463383110e-10,2.102767818080071035e-12,6.332696146015281968e-01,-5.989675855844595054e-01,-1.502730615559641769e-01,-2.028689681382713772e-01,-1.510207409127526225e-09,-3.406124787112159719e-09,1.064899773339984505e-14,0.000000000000000000e+00
8.500000000000000000e+00,-5.100412033046099580e+00,-1.119221137800781030e+00,1.569766400517606186e+00,7.739312600111408758e-01,7.620425875976004722e-10,-7.076851491849155528e-11,6.332696146015281968e-01,-5.989675851560604114e-01,-1.502730621290082336e-01,-2.028689740108228501e-01,-1.695740853291135598e-09,-1.957208444650800852e-09,1.064344661827672116e-14,0.000000000000000000e+00
8.548000000000000043e+00,-5.129162477123477615e+00,-1.126434244798729223e+00,1.560028689626196563e+00,7.739312600111408758e-01,7.488417346914640572e-10,-1.214801155392171714e-10,6.332696146015281968e-01,-5.989675847739506231e-01,-1.502730627383097872e-01,-2.028689792632552558e-01,-1.811371458382034734e-09,-7.567772013529731954e-10,1.063789550315359412e-14,0.000000000000000000e+00
8.596000000000000085e+00,-5.157912921183657851e+00,-1.133647351826257532e+00,1.550290978497327554e+00,7.739312600111408758e-01,7.178128955966210755e-10,-1.535124199126722126e-10,6.332696146015281968e-01,-5.989675844353327117e-01,-1.502730633567238849e-01,-2.028689839614605528e-01,-1.866396143190592639e-09,2.106709202607826168e-10,1.063393042092278931e-14,0.000000000000000000e+00
8.644000000000000128e+00,-5.186663365228645795e+00,-1.140860458883218742e+00,1.540553267156044459e+00,7.739312600111408758e-01,6.733730705814077252e-10,-1.701590632772388807e-10,6.332696146015281968e-01,-5.989675841371074894e-01,-1.502730639625314280e-01,-2.028689881642996573e-01,-1.870170301953885039e-09,9.644889837865948762e-10,1.063472343736895122e-14,0.000000000000000000e+00
8.692000000000000171e+00,-5.215413809260297739e+00,-1.148073565968552145e+00,1.530815555624734925e+00,7.739312600111408758e-01,6.194516141114171751e-10,-1.744678621222559888e-10,6.332696146015281968e-01,-5.989675838759946913e-01,-1.502730645389711572e-01,-2.028689919243549522e-01,-1.831792234563175502e-09,1.526495158717778854e-09,1.063868851959975445e-14,0.000000000000000000e+00
8.740000000000000213e+00,-5.244164253280306554e+00,-1.155286673080510917e+00,1.521077843923410056e+00,7.739312600111408758e-01,5.594699820792821959e-10,-1.692011855622625799e-10,6.332696146015281968e-01,-5.989675836486370031e-01,-1.502730650737178764e-01,-2.028689952886021663e-01,-1.759864060035562616e-09,1.919799192503346979e-09,1.064344661827672116e-14,0.000000000000000000e+00
8.788000000000000256e+00,-5.272914697290206121e+00,-1.162499780216860623e+00,1.511340132069958875e+00,7.739312600111408758e-01,4.963413753127409508e-10,-1.568130074023945814e-10,6.332696146015281968e-01,-5.989675834516873243e-01,-1.502730655583337516e-01,-2.028689982990097007e-01,-1.662320875394949557e-09,2.167831720353118605e-09,1.064423963472288149e-14,0.000000000000000000e+00
8.836000000000000298e+00,-5.301665141291369565e+00,-1.169712887375050414e+00,1.501602420080373479e+00,7.739312600111408758e-01,4.324861187505014017e-10,-1.394399441790837031e-10,6.332696146015281968e-01,-5.989675832818792678e-01,-1.502730659877151986e-01,-2.028690009930740057e-01,-1.546318234568499153e-09,2.293564377971844705e-09,1.063393042092278931e-14,0.000000000000000000e+00
8.884000000000000341e+00,-5.330415585285019908e+00,-1.176925994552358468e+00,1.491864707968952874e+00,7.739312600111408758e-01,3.698590091951938864e-10,-1.189036919302938870e-10,6.332696146015281968e-01,-5.989675831360836700e-01,-1.502730663595529537e-01,-2.028690034042973933e-01,-1.418168588118473886e-09,2.318905274020063894e-09,1.063630947026127346e-14,0.000000000000000000e+00
8.932000000000000384e+00,-5.359166029272230070e+00,-1.184139101746014555e+00,1.482126995748481280e+00,7.739312600111408758e-01,3.099852956656551013e-10,-9.672244735814834517e-11,6.332696146015281968e-01,-5.989675830113505572e-01,-1.502730666738195109e-01,-2.028690055626150290e-01,-1.283317779820804044e-09,2.264252613844827054e-09,1.063789550315359254e-14,0.000000000000000000e+00
8.980000000000000426e+00,-5.387916473253941518e+00,-1.191352208953294856e+00,1.472389283430390661e+00,7.739312600111408758e-01,2.540023702300433872e-10,-7.412911780495233823e-11,6.332696146015281968e-01,-5.989675829049383449e-01,-1.502730669322932533e-01,-2.028690074947755995e-01,-1.146354383640726017e-09,2.148186967861727517e-09,1.063630947026127188e-14,0.000000000000000000e+00
9.028000000000000469e+00,-5.416666917230964273e+00,-1.198565316171597894e+00,1.462651571024904618e+00,7.739312600111408758e-01,2.027046911081210966e-10,-5.209437822544161852e-11,6.332696146015281968e-01,-5.989675828143324887e-01,-1.502730671381265759e-01,-2.028690092246816512e-01,-1.011044320486690394e-09,1.987282500334027275e-09,1.063551645381511155e-14,0.000000000000000000e+00
9.076000000000000512e+00,-5.445417361203999995e+00,-1.205778423398502497e+00,1.452913858541166725e+00,7.739312600111408758e-01,1.565898937402255337e-10,-3.135287488156599154e-11,6.332696146015281968e-01,-5.989675827372553663e-01,-1.502730672954620816e-01,-2.028690107736937920e-01,-8.803834494750350741e-10,1.796018906482340073e-09,1.063710248670743379e-14,0.000000000000000000e+00
9.124000000000000554e+00,-5.474167805173641099e+00,-1.212991530631802872e+00,1.443176145987354442e+00,7.739312600111408758e-01,1.159044181189585494e-10,-1.243112295636505276e-11,6.332696146015281968e-01,-5.989675826716673868e-01,-1.502730674090981267e-01,-2.028690121609016683e-01,-7.566632709285862752e-10,1.586775916880663029e-09,1.063393042092278773e-14,0.000000000000000000e+00
9.172000000000000597e+00,-5.502918249140392071e+00,-1.220204637869534592e+00,1.433438433370783693e+00,7.739312600111408758e-01,8.068736129454777466e-11,4.324101095814861870e-12,6.332696146015281968e-01,-5.989675826157629945e-01,-1.502730674842045755e-01,-2.028690134033663828e-01,-6.415448117189469314e-10,1.369892505650278530e-09,1.063551645381510997e-14,0.000000000000000000e+00
9.220000000000000639e+00,-5.531668693104677459e+00,-1.227417745109986358e+00,1.423700720697999023e+00,7.739312600111408758e-01,5.081156836226911040e-11,1.871783424305127861e-11,6.332696146015281968e-01,-5.989675825679607879e-01,-1.502730675260856019e-01,-2.028690145163371816e-01,-5.361367627629680304e-10,1.153776658210199045e-09,1.063948153604591636e-14,0.000000000000000000e+00
9.268000000000000682e+00,-5.560419137066848094e+00,-1.234630852351700669e+00,1.413963007974855079e+00,7.739312600111408758e-01,2.602129328596112414e-11,3.068023213222327234e-11,6.332696146015281968e-01,-5.989675825268914178e-01,-1.502730675399884808e-01,-2.028690155134445228e-01,-4.410733056567758713e-10,9.450511324580699954e-10,1.064027455249207984e-14,0.000000000000000000e+00
9.316000000000000725e+00,-5.589169581027195299e+00,-1.241843959593466717e+00,1.404225295206591451e+00,7.739312600111408758e-01,5.965990618763634607e-12,4.024166599329686460e-11,6.332696146015281968e-01,-5.989675824913806013e-01,-1.502730675309536801e-01,-2.028690164068730206e-01,-3.565914730161279252e-10,7.487235338353111948e-10,1.064027455249207984e-14,0.000000000000000000e+00
9.364000000000000767e+00,-5.617920024985962435e+00,-1.249057066834307284e+00,1.394487582397896608e+00,7.739312600111408758e-01,-9.770001421330839036e-12,4.750998090474223089e-11,6.332696146015281968e-01,-5.989675824604336896e-01,-1.502730675037022567e-01,-2.028690172075154341e-01,-2.826037570622233716e-10,5.683695132284123755e-10,1.064027455249207826e-14,0.000000000000000000e+00
9.412000000000000810e+00,-5.646670468943341348e+00,-1.256270174073462309e+00,1.384749869552966750e+00,7.739312600111408758e-01,-2.164191168664318587e-11,5.265018127414295935e-11,6.332696146015281968e-01,-5.989675824332167942e-01,-1.502730674625568363e-01,-2.028690179251104453e-01,-2.187654002392252004e-10,4.063230036842010031e-10,1.063710248670743694e-14,0.000000000000000000e+00
9.460000000000000853e+00,-5.675420912899495463e+00,-1.263483281310367135e+00,1.375012156675557540e+00,7.739312600111408758e-01,-3.012306744788729685e-11,5.586665962135331283e-11,6.332696146015281968e-01,-5.989675824090391343e-01,-1.502730674113910148e-01,-2.028690185683658387e-01,-1.645355240939966777e-10,2.638639258166159826e-10,1.063710248670744010e-14,0.000000000000000000e+00
9.508000000000000895e+00,-5.704171356854555341e+00,-1.270696388544631628e+00,1.365274443769031620e+00,7.739312600111408758e-01,-3.568728640391804986e-11,5.738797692688031344e-11,6.332696146015281968e-01,-5.989675823873354954e-01,-1.502730673536031292e-01,-2.028690191450680247e-01,-1.192316634310703857e-10,1.413988655017356627e-10,1.063393042092279562e-14,0.000000000000000000e+00
9.556000000000000938e+00,-5.732921800808628454e+00,-1.277909495776015536e+00,1.355536730836399473e+00,7.739312600111408758e-01,-3.879488443137525598e-11,5.745412001196118630e-11,6.332696146015281968e-01,-5.989675823676485766e-01,-1.502730672921099297e-01,-2.028690196621807385e-01,-8.207750590270749196e-11,3.863119335184074083e-11,1.063630947026127977e-14,0.000000000000000000e+00
9.604000000000000981e+00,-5.761672244761800066e+00,-1.285122603004405617e+00,1.345799017880356496e+00,7.739312600111408758e-01,-3.988196186853473503e-11,5.630611381730847932e-11,6.332696146015281968e-01,-5.989675823496134477e-01,-1.502730672293563219e-01,-2.028690201259320536e-01,-5.224344845598707897e-11,-4.528309327861914836e-11,1.063710248670744010e-14,0.000000000000000000e+00
9.652000000000001023e+00,-5.790422688714143007e+00,-1.292335710229796097e+00,1.336061304903317426e+00,7.739312600111408758e-01,-3.935261623872919386e-11,5.417782297084915757e-11,6.332696146015281968e-01,-5.989675823329437820e-01,-1.502730671673375706e-01,-2.028690205418929859e-01,-2.887950434325614305e-11,-1.115951935339360689e-10,1.063630947026127819e-14,0.000000000000000000e+00
9.700000000000001066e+00,-5.819173132665717674e+00,-1.299548817452264027e+00,1.326323591907443866e+00,7.739312600111408758e-01,-3.757369404932824284e-11,5.128972828621391673e-11,6.332696146015281968e-01,-5.989675823174176461e-01,-1.502730671076304425e-01,-2.028690209150473545e-01,-1.114305869774517798e-11,-1.618398686211215031e-10,1.063948153604591951e-14,0.000000000000000000e+00
9.747999999999999332e+00,-5.847923576616572028e+00,-1.306761924671953290e+00,1.316585878894672712e+00,7.739312600111408758e-01,-3.487174886234896448e-11,4.784446056159380001e-11,6.332696146015281968e-01,-5.989675823028658419e-01,-1.502730670514308975e-01,-2.028690212498540923e-01,1.779326686228167559e-12,-1.977292600798314961e-10,1.064106756893824017e-14,0.000000000000000000e+00
9.795999999999999375e+00,-5.876674020566750478e+00,-1.313975031889055511e+00,1.306848165866738798e+00,7.739312600111408758e-01,-3.153180822584015630e-11,4.402384680940652772e-11,6.332696146015281968e-01,-5.989675822891622481e-01,-1.502730669995955282e-01,-2.028690215503031469e-01,1.065597055062548485e-11,-2.210635501355746482e-10,1.064265360183056083e-14,0.000000000000000000e+00
9.843999999999999417e+00,-5.905424464516291216e+00,-1.321188139103796289e+00,1.297110452825197324e+00,7.739312600111408758e-01,-2.779762491265946538e-11,3.998725225311471403e-11,6.332696146015281968e-01,-5.989675822762136059e-01,-1.502730669526845253e-01,-2.028690218199650508e-01,1.619828160516607860e-11,-2.336572428908773923e-10,1.064265360183056241e-14,0.000000000000000000e+00
9.891999999999999460e+00,-5.934174908465227105e+00,-1.328401246316420536e+00,1.287372739771441621e+00,7.739312600111408758e-01,-2.387309967724520804e-11,3.587099802748872615e-11,6.332696146015281968e-01,-5.989675822639526359e-01,-1.502730669110053097e-01,-2.028690220620356921e-01,1.905353097543665610e-11,-2.372802003804458959e-10,1.064423963472288465e-14,0.000000000000000000e+00
9.939999999999999503e+00,-5.962925352413591895e+00,-1.335614353527182718e+00,1.277635026706720023e+00,7.739312600111408758e-01,-1.992458357925442046e-11,3.178864199804426603e-11,6.332696146015281968e-01,-5.989675822523323756e-01,-1.502730668746541931e-01,-2.028690222793756714e-01,1.980020036841815517e-11,-2.336133668769441338e-10,1.063789550315359570e-14,0.000000000000000000e+00
9.987999999999999545e+00,-5.991675796361414008e+00,-1.342827460736336853e+00,1.267897313632152301e+00,7.739312600111408758e-01,-1.608380764688749400e-11,2.783193197970794739e-11,6.332696146015281968e-01,-5.989675822413196293e-01,-1.502730668435562356e-01,-2.028690224745461068e-01,1.894733814313143759e-11,-2.242152734623409524e-10,1.063630947026127188e-14,0.000000000000000000e+00
1.003599999999999959e+01,-6.020426240308723642e+00,-1.350040567944130521e+00,1.258159600548741652e+00,7.739312600111408758e-01,-1.245122824348618799e-11,2.407225619516877821e-11,6.332696146015281968e-01,-5.989675822308907494e-01,-1.502730668175022155e-01,-2.028690226498401084e-01,1.693440387941389717e-11,-2.104997336473451798e-10,1.064186058538439735e-14,0.000000000000000000e+00
1.008399999999999963e+01,-6.049176684255547443e+00,-1.357253675150797978e+00,1.248421887457388246e+00,7.739312600111408758e-01,-9.099614737528339565e-12,2.056243519370009697e-11,6.332696146015281968e-01,-5.989675822210285272e-01,-1.502730667961816591e-01,-2.028690228073111446e-01,1.413412165109268631e-11,-1.937232756467671584e-10,1.063710248670743221e-14,0.000000000000000000e+00
1.013199999999999967e+01,-6.077927128201912055e+00,-1.364466782356556829e+00,1.238684174358898549e+00,7.739312600111408758e-01,-6.077696591808885080e-12,1.733874697680429385e-11,6.332696146015281968e-01,-5.989675822117201953e-01,-1.502730667792125663e-01,-2.028690229487983832e-01,1.085703194038569686e-11,-1.749783256101471950e-10,1.063948153604591478e-14,0.000000000000000000e+00
1.017999999999999972e+01,-6.106677572147844124e+00,-1.371679889561605581e+00,1.228946461253996203e+00,7.739312600111408758e-01,-3.413763066079145823e-12,1.442305616876286224e-11,6.332696146015281968e-01,-5.989675822029540964e-01,-1.502730667661666963e-01,-2.028690230759491453e-01,7.355921427769838149e-12,-1.551946842183787307e-10,1.063234438803047023e-14,0.000000000000000000e+00
1.022799999999999976e+01,-6.135428016093368520e+00,-1.378892996766119650e+00,1.219208748143330912e+00,7.739312600111408758e-01,-1.119119024530031583e-12,1.182495586492176851e-11,6.332696146015281968e-01,-5.989675821947194612e-01,-1.502730667565916334e-01,-2.028690231902393060e-01,3.831174266959700812e-12,-1.351446781185422040e-10,1.063472343736895280e-14,0.000000000000000000e+00
1.027599999999999980e+01,-6.164178460038510998e+00,-1.386106103970254244e+00,1.209471035027484653e+00,7.739312600111408758e-01,8.086795992948876126e-13,9.543861513916883803e-12,6.332696146015281968e-01,-5.989675821870042993e-01,-1.502730667500285222e-01,-2.028690232929910298e-01,4.367783914707954709e-13,-1.154520084014115276e-10,1.063313740447662898e-14,0.000000000000000000e+00
1.032399999999999984e+01,-6.192928903983299094e+00,-1.393319211174142147e+00,1.199733321906979677e+00,7.739312600111408758e-01,2.382856804899658529e-12,7.570995765413887827e-12,6.332696146015281968e-01,-5.989675821797959543e-01,-1.502730667460268621e-01,-2.028690233853891745e-01,-2.713956836803634357e-12,-9.660388533911319484e-11,1.063155137158430674e-14,0.000000000000000000e+00
1.037199999999999989e+01,-6.221679347927754122e+00,-1.400532318377895269e+00,1.189995608782285608e+00,7.739312600111408758e-01,3.624757304702929771e-12,5.891224782378139602e-12,6.332696146015281968e-01,-5.989675821730797711e-01,-1.502730667441556922e-01,-2.028690234684956684e-01,-5.542372116568894919e-12,-7.896397358559341945e-11,1.063155137158430674e-14,0.000000000000000000e+00
1.041999999999999993e+01,-6.250429791871897400e+00,-1.407745425581604870e+00,1.180257895653822553e+00,7.739312600111408758e-01,4.561486816375598817e-12,4.484724621748622556e-12,6.332696146015281968e-01,-5.989675821668393185e-01,-1.502730667440120016e-01,-2.028690235432622502e-01,-7.999495510208773345e-12,-6.278689168931976324e-11,1.063710248670743379e-14,0.000000000000000000e+00
1.046799999999999997e+01,-6.279180235815753797e+00,-1.414958532785344447e+00,1.170520182521968211e+00,7.739312600111408758e-01,5.223891549686161652e-12,3.328449243469047163e-12,6.332696146015281968e-01,-5.989675821610569439e-01,-1.502730667452267244e-01,-2.028690236105419598e-01,-1.006041361305067571e-11,-4.823334443310671762e-11,1.063789550315359254e-14,0.000000000000000000e+00
1.051600000000000001e+01,-6.307930679759340187e+00,-1.422171639989169956e+00,1.160782469387062310e+00,7.739312600111408758e-01,5.644840306365146916e-12,2.397405619110191996e-12,6.332696146015281968e-01,-5.989675821557131075e-01,-1.502730667474682924e-01,-2.028690236710997130e-01,-1.171995278579985137e-11,-3.538404503084449917e-11,1.063472343736894964e-14,0.000000000000000000e+00
1.056400000000000006e+01,-6.336681123702684992e+00,-1.429384747193123362e+00,1.151044756249408829e+00,7.739312600111408758e-01,5.857812737889449418e-12,1.665734938794674009e-12,6.332696146015281968e-01,-5.989675821507873810e-01,-1.502730667504446338e-01,-2.028690237256213225e-01,-1.298761653754709231e-11,-2.425400369782608005e-11,1.063313740447663056e-14,0.000000000000000000e+00
1.061200000000000010e+01,-6.365431567645805089e+00,-1.436597854397233087e+00,1.141307043109281993e+00,7.739312600111408758e-01,5.895770134597701221e-12,1.107597970388653967e-12,6.332696146015281968e-01,-5.989675821462576710e-01,-1.502730667539034781e-01,-2.028690237747217684e-01,-1.388475445705593577e-11,-1.480593914488452620e-11,1.063393042092279089e-14,0.000000000000000000e+00
1.066000000000000014e+01,-6.394182011588715575e+00,-1.443810961601516674e+00,1.131569329966927162e+00,7.739312600111408758e-01,5.790264014848666563e-12,6.978904861223038778e-13,6.332696146015281968e-01,-5.989675821421017732e-01,-1.502730667576313017e-01,-2.028690238189526374e-01,-1.444105390800485779e-11,-6.960903412738742890e-12,1.063234438803046707e-14,0.000000000000000000e+00
1.070800000000000018e+01,-6.422932455531435991e+00,-1.451024068805982337e+00,1.121831616822564603e+00,7.739312600111408758e-01,5.570780284860785726e-12,4.127877644866242603e-13,6.332696146015281968e-01,-5.989675821382969279e-01,-1.502730667614515792e-01,-2.028690238588086447e-01,-1.469158683574177126e-11,-6.102278717384200805e-13,1.063551645381511313e-14,0.000000000000000000e+00
1.075600000000000023e+01,-6.451682899473982324e+00,-1.458237176010630742e+00,1.112093903676393047e+00,7.739312600111408758e-01,5.264283892948939682e-12,2.301443798025168496e-13,6.332696146015281968e-01,-5.989675821348201534e-01,-1.502730667652223129e-01,-2.028690238947334357e-01,-1.467457821900450934e-11,4.375439562715518449e-12,1.064106756893823702e-14,0.000000000000000000e+00
1.080400000000000027e+01,-6.480433343416369674e+00,-1.465450283215455896e+00,1.102356190528589908e+00,7.739312600111408758e-01,4.894937502571480677e-12,1.297698194989775193e-13,6.332696146015281968e-01,-5.989675821316491344e-01,-1.502730667688327582e-01,-2.028690239271252194e-01,-1.442906349933890448e-11,8.138484993531248823e-12,1.063789550315359412e-14,0.000000000000000000e+00
1.085200000000000031e+01,-6.509183787358612250e+00,-1.472663390420448914e+00,1.092618477379316388e+00,7.739312600111408758e-01,4.483959314834022796e-12,9.358895307593822561e-14,6.332696146015281968e-01,-5.989675821287615554e-01,-1.502730667722003144e-01,-2.028690239563412934e-01,-1.399407811829077138e-11,1.082690114989130905e-11,1.063948153604591478e-14,0.000000000000000000e+00
1.090000000000000036e+01,-6.537934231300722487e+00,-1.479876497625595366e+00,1.082880764228715709e+00,7.739312600111408758e-01,4.049594785017491083e-12,1.057079443947049661e-13,6.332696146015281968e-01,-5.989675821261356559e-01,-1.502730667752671945e-01,-2.028690239827021791e-01,-1.340710320517145758e-11,1.258918036133930898e-11,1.063393042092278773e-14,0.000000000000000000e+00
1.094800000000000040e+01,-6.566684675242713709e+00,-1.487089604830880596e+00,1.073143051076917542e+00,7.739312600111408758e-01,3.607187487363736802e-12,1.524044699045540428e-13,6.332696146015281968e-01,-5.989675821237503417e-01,-1.502730667779965945e-01,-2.028690240064955630e-01,-1.270334393209182098e-11,1.356979595006972216e-11,1.063551645381510997e-14,0.000000000000000000e+00
1.099600000000000044e+01,-6.595435119184597461e+00,-1.494302712036287728e+00,1.063405337924038463e+00,7.739312600111408758e-01,3.169323174566648927e-12,2.220572710680354870e-13,6.332696146015281968e-01,-5.989675821215860729e-01,-1.502730667803697795e-01,-2.028690240279798218e-01,-1.191474141547033024e-11,1.390581605070276784e-11,1.063393042092278931e-14,0.000000000000000000e+00
1.104400000000000048e+01,-6.624185563126381737e+00,-1.501515819241798999e+00,1.053667624770183275e+00,7.739312600111408758e-01,2.746016858230925960e-12,3.050401006048009384e-13,6.332696146015281968e-01,-5.989675821196233096e-01,-1.502730667823825306e-01,-2.028690240473866591e-01,-1.107020586286822217e-11,1.372433899509753587e-11,1.063710248670743063e-14,0.000000000000000000e+00
1.109200000000000053e+01,-6.652936007068078084e+00,-1.508728926447397978e+00,1.043929911615446127e+00,7.739312600111408758e-01,2.344946599845046691e-12,3.935568297365727814e-13,6.332696146015281968e-01,-5.989675821178448434e-01,-1.502730667840424528e-01,-2.028690240649243526e-01,-1.019503925701670668e-11,1.314103892018972068e-11,1.063393042092278616e-14,0.000000000000000000e+00
1.114000000000000057e+01,-6.681686451009691829e+00,-1.515942033653067345e+00,1.034192198459911172e+00,7.739312600111408758e-01,1.971701691642549522e-12,4.814877561553160103e-13,6.332696146015281968e-01,-5.989675821162334657e-01,-1.502730667853661994e-01,-2.028690240807797529e-01,-9.310613391139818034e-12,1.225897782935527586e-11,1.062679327290734003e-14,0.000000000000000000e+00
1.118800000000000061e+01,-6.710436894951232745e+00,-1.523155140858792223e+00,1.024454485303655016e+00,7.739312600111408758e-01,1.630041806466251005e-12,5.641956832074142614e-13,6.332696146015281968e-01,-5.989675821147735224e-01,-1.502730667863770853e-01,-2.028690240951207813e-01,-8.435535603130272880e-12,1.116860559241041421e-11,1.062917232224582575e-14,0.000000000000000000e+00
1.123600000000000065e+01,-6.739187338892708823e+00,-1.530368248064558401e+00,1.014716772146746493e+00,7.739312600111408758e-01,1.322158184488647219e-12,6.383413260949279724e-13,6.332696146015281968e-01,-5.989675821134508027e-01,-1.502730667871030046e-01,-2.028690241080982337e-01,-7.584238792308199871e-12,9.947027198415351233e-12,1.063313740447662898e-14,0.000000000000000000e+00
1.128400000000000070e+01,-6.767937782834122729e+00,-1.537581355270352557e+00,1.004979058989247553e+00,7.739312600111408758e-01,1.048929975277935352e-12,7.016977664367059651e-13,6.332696146015281968e-01,-5.989675821122517618e-01,-1.502730667875747106e-01,-2.028690241198475575e-01,-6.768602345037087376e-12,8.659201796540907108e-12,1.062996533869198450e-14,0.000000000000000000e+00
1.133200000000000074e+01,-6.796688226775481567e+00,-1.544794462476163366e+00,9.952413458312140415e-01,7.739312600111408758e-01,8.101549110138958586e-13,7.529711018573441989e-13,6.332696146015281968e-01,-5.989675821111637433e-01,-1.502730667878242887e-01,-2.028690241304905439e-01,-5.997430329902212399e-12,7.358442296429579910e-12,1.063393042092279247e-14,0.000000000000000000e+00
1.138000000000000078e+01,-6.825438670716790668e+00,-1.552007569681981280e+00,9.855036326726958062e-01,7.739312600111408758e-01,6.047783483336373158e-13,7.916290851132612281e-13,6.332696146015281968e-01,-5.989675821101759778e-01,-1.502730667878839910e-01,-2.028690241401365779e-01,-5.276939995841472588e-12,6.086837252944909161e-12,1.063234438803047023e-14,0.000000000000000000e+00
1.142800000000000082e+01,-6.854189114658055360e+00,-1.559220676887797863e+00,9.757659195137383668e-01,7.739312600111408758e-01,4.310852891945510147e-13,8.177470969816035724e-13,6.332696146015281968e-01,-5.989675821092778074e-01,-1.502730667877850423e-01,-2.028690241488840529e-01,-4.611661052795342942e-12,4.877005018550381475e-12,1.063075835513814957e-14,0.000000000000000000e+00
1.147600000000000087e+01,-6.882939558599279195e+00,-1.566433784093606008e+00,9.660282063543824682e-01,7.739312600111408758e-01,2.868897905392750611e-13,8.318685656334858195e-13,6.332696146015281968e-01,-5.989675821084601282e-01,-1.502730667875572246e-01,-2.028690241568214536e-01,-4.003092301847065000e-12,3.752693263742729114e-12,1.062996533869198766e-14,0.000000000000000000e+00
1.152400000000000091e+01,-6.911690002540465727e+00,-1.573646891299400608e+00,9.562904931946649700e-01,7.739312600111408758e-01,1.696845642439873838e-13,8.348833930068606278e-13,6.332696146015281968e-01,-5.989675821077142803e-01,-1.502730667872281545e-01,-2.028690241640283276e-01,-3.452244045949048704e-12,2.730089040220987989e-12,1.062996533869198766e-14,0.000000000000000000e+00
1.157200000000000095e+01,-6.940440446481617620e+00,-1.580859998505177222e+00,9.465527800346189569e-01,7.739312600111408758e-01,7.677021667686220430e-14,8.279183256909551260e-13,6.332696146015281968e-01,-5.989675821070327144e-01,-1.502730667868229508e-01,-2.028690241705762287e-01,-2.958205902221101346e-12,1.818929003911121208e-12,1.063789550315359727e-14,0.000000000000000000e+00
1.162000000000000099e+01,-6.969190890422739315e+00,-1.588073105710932964e+00,9.368150668742741827e-01,7.739312600111408758e-01,5.371862548602200027e-15,8.122457713722451169e-13,6.332696146015281968e-01,-5.989675821064088801e-01,-1.502730667863640124e-01,-2.028690241765295776e-01,-2.519090491521360158e-12,1.023787273674582882e-12,1.063948153604591793e-14,0.000000000000000000e+00
1.166800000000000104e+01,-6.997941334363831700e+00,-1.595286212916665614e+00,9.270773537136578479e-01,7.739312600111408758e-01,-4.727422870628023138e-14,7.892165812984557890e-13,6.332696146015281968e-01,-5.989675821058364491e-01,-1.502730667858707958e-01,-2.028690241819462725e-01,-2.132199971899985687e-12,3.447859740440823737e-13,1.064027455249207826e-14,0.000000000000000000e+00
1.171600000000000108e+01,-7.026691778304897440e+00,-1.602499320122374060e+00,9.173396405527943775e-01,7.739312600111408758e-01,-8.384347884147512966e-14,7.601869018599634113e-13,6.332696146015281968e-01,-5.989675821053095373e-01,-1.502730667853601765e-01,-2.028690241868785771e-01,-1.794325798815811878e-12,-2.217497331918894742e-13,1.063789550315360043e-14,0.000000000000000000e+00
1.176400000000000112e+01,-7.055442222245939199e+00,-1.609712427328058082e+00,9.076019273917058650e-01,7.739312600111408758e-01,-1.068790499374999281e-13,7.264746647688843235e-13,6.332696146015281968e-01,-5.989675821048234816e-01,-1.502730667848462820e-01,-2.028690241913734815e-01,-1.501981871971515779e-12,-6.815485988403988632e-13,1.063710248670744168e-14,0.000000000000000000e+00
1.181199999999999939e+01,-7.084192666186958753e+00,-1.616925534533717457e+00,8.978642142304120721e-01,7.739312600111408758e-01,-1.187442068466216233e-13,6.893242294731948943e-13,6.332696146015281968e-01,-5.989675821043737303e-01,-1.502730667843405477e-01,-2.028690241954733409e-01,-1.251260206320415951e-12,-1.042604228678746264e-12,1.063789550315360358e-14,0.000000000000000000e+00
1.185999999999999943e+01,-7.112943110127957880e+00,-1.624138641739352851e+00,8.881265010689307626e-01,7.739312600111408758e-01,-1.216000220170560466e-13,6.498784345195278587e-13,6.332696146015281968e-01,-5.989675821039563974e-01,-1.502730667838521328e-01,-2.028690241992163468e-01,-1.038186203434355221e-12,-1.314120371581074992e-12,1.063234438803047654e-14,0.000000000000000000e+00
1.190799999999999947e+01,-7.141693554068937466e+00,-1.631351748944965596e+00,8.783887879072782567e-01,7.739312600111408758e-01,-1.173842134210809187e-13,6.091612553267254962e-13,6.332696146015281968e-01,-5.989675821035679304e-01,-1.502730667833880041e-01,-2.028690242026369162e-01,-8.588851849573919346e-13,-1.506055728078272580e-12,1.063155137158431305e-14,0.000000000000000000e+00
1.195599999999999952e+01,-7.170443998009898401e+00,-1.638564856150556803e+00,8.686510747454690984e-01,7.739312600111408758e-01,-1.078105379958820210e-13,5.680684022870324240e-13,6.332696146015281968e-01,-5.989675821032053316e-01,-1.502730667829532685e-01,-2.028690242057660797e-01,-7.092826323891516868e-13,-1.628557736615412514e-12,1.063313740447663687e-14,0.000000000000000000e+00
1.200399999999999956e+01,-7.199194441950843348e+00,-1.645777963356127804e+00,8.589133615835167213e-01,7.739312600111408758e-01,-9.436377352186081910e-14,5.273670085123627972e-13,6.332696146015281968e-01,-5.989675821028656033e-01,-1.502730667825513400e-01,-2.028690242086320095e-01,-5.857259119786173490e-13,-1.691784937867815179e-12,1.063313740447663687e-14,0.000000000000000000e+00
1.205199999999999960e+01,-7.227944885891772309e+00,-1.652991070561680376e+00,8.491756484214331158e-01,7.739312600111408758e-01,-7.831246387099182791e-14,4.876956730546315053e-13,6.332696146015281968e-01,-5.989675821025466362e-01,-1.502730667821842170e-01,-2.028690242112599351e-01,-4.844735721328021638e-13,-1.705307454307749505e-12,1.064027455249208773e-14,0.000000000000000000e+00
1.209999999999999964e+01,-7.256695329832687058e+00,-1.660204177767216516e+00,8.394379352592289401e-01,7.739312600111408758e-01,-6.071599656163120693e-14,4.495725845767522992e-13,6.332696146015281968e-01,-5.989675821022459878e-01,-1.502730667818525934e-01,-2.028690242136727828e-01,-4.022837616198012495e-13,-1.678295728118619527e-12,1.064106756893824648e-14,0.000000000000000000e+00
1.214799999999999969e+01,-7.285445773773587597e+00,-1.667417284972737557e+00,8.297002220969142972e-01,7.739312600111408758e-01,-4.244660622016751025e-14,4.133960797514031296e-13,6.332696146015281968e-01,-5.989675821019615487e-01,-1.502730667815563026e-01,-2.028690242158912305e-01,-3.364808429502675852e-13,-1.619276272129546165e-12,1.063868851959976076e-14,0.000000000000000000e+00
1.219599999999999973e+01,-7.314196217714473924e+00,-1.674630392178245497e+00,8.199625089344979578e-01,7.739312600111408758e-01,-2.420169088601693761e-14,3.794614484198761242e-13,6.332696146015281968e-01,-5.989675821016920976e-01,-1.502730667812943177e-01,-2.028690242179341519e-01,-2.839894983459895580e-13,-1.535676478375271675e-12,1.064027455249208458e-14,0.000000000000000000e+00
1.224399999999999977e+01,-7.342946661655348706e+00,-1.681843499383741447e+00,8.102247957719875826e-01,7.739312600111408758e-01,-6.519263673684577086e-15,3.479733657432121619e-13,6.332696146015281968e-01,-5.989675821014357471e-01,-1.502730667810650844e-01,-2.028690242198185611e-01,-2.423672371527917728e-13,-1.434368627378226141e-12,1.064820471695368946e-14,0.000000000000000000e+00
1.229199999999999982e+01,-7.371697105596211053e+00,-1.689056606589227405e+00,8.004870826093903879e-01,7.739312600111408758e-01,1.020551625837487485e-14,3.190524203757813589e-13,6.332696146015281968e-01,-5.989675821011912760e-01,-1.502730667808664933e-01,-2.028690242215598905e-01,-2.092825910189615778e-13,-1.321359025701631497e-12,1.064423963472288623e-14,0.000000000000000000e+00
1.233999999999999986e+01,-7.400447548828699595e+00,-1.696269713616985531e+00,7.907497069548741209e-01,7.739312596843221925e-01,1.516842386534113402e-06,3.222327616898631505e-06,6.332696149909248229e-01,-5.989674378466196547e-01,-1.502730305891984697e-01,-2.028192138280227597e-01,9.399258233427473710e-04,4.483320020052474928e-04,1.761938001098110041e-07,0.000000000000000000e+00
1.238799999999999990e+01,-7.429197178564487913e+00,-1.703482616550366036e+00,7.810331589773866767e-01,7.739311682976907081e-01,8.228827479696981546e-05,1.748090122799556977e-04,6.332696972126657942e-01,-5.989127015596246162e-01,-1.502592980856053417e-01,-2.019342113102318703e-01,1.420316440441471081e-02,6.774634041411004698e-03,1.350245225538763703e-05,0.000000000000000000e+00
1.243599999999999994e+01,-7.457936531217743692e+00,-1.710692941149660085e+00,7.713856937222257626e-01,7.739303176011488317e-01,3.657155421395398760e-04,7.768939301187280941e-04,6.332701841913525032e-01,-5.984974412495999152e-01,-1.501551174652938081e-01,-2.000445003052273851e-01,3.466036023480386502e-02,1.653183332778293199e-02,6.650194728999658605e-05,0.000000000000000000e+00
1.248399999999999999e+01,-7.486635958905042187e+00,-1.717893249532074673e+00,7.618525461029833634e-01,7.739271042321770322e-01,8.886356233266620198e-04,1.887688425727799147e-03,6.332712564880351724e-01,-5.972336942292417739e-01,-1.498380770986246502e-01,-1.972626986980030306e-01,5.567005148976041790e-02,2.655154099177575722e-02,1.725311168342612517e-04,0.000000000000000000e+00
1.253200000000000003e+01,-7.515241342979037675e+00,-1.725069965339364408e+00,7.524739032418081841e-01,7.739192245259497449e-01,1.634160449674645346e-03,3.471247717906799767e-03,6.332727010286007818e-01,-5.946113047475339863e-01,-1.491802109032791535e-01,-1.936886485311068162e-01,7.382675266470327402e-02,3.520917667758432373e-02,3.313383730963890476e-04,0.000000000000000000e+00
1.258000000000000007e+01,-7.543675518094968169e+00,-1.732203731568243033e+00,7.432853437710315037e-01,7.739043064553550177e-01,2.559308902000201249e-03,5.436185400367001333e-03,6.332740498994835487e-01,-5.901845014445289417e-01,-1.480697142606845484e-01,-1.894160830889826397e-01,8.760117300885035541e-02,4.177543600054405004e-02,5.317685955632203308e-04,0.000000000000000000e+00
1.262800000000000011e+01,-7.571842541364667944e+00,-1.739270481729858320e+00,7.343179887813354734e-01,7.738805638966270717e-01,3.610927604006912948e-03,7.669510624202607180e-03,6.332748318318537351e-01,-5.836119044020328106e-01,-1.464209685743750877e-01,-1.845376941751035171e-01,9.653680449492468840e-02,4.603297765013194404e-02,7.550740073679462067e-04,0.000000000000000000e+00
1.267600000000000016e+01,-7.599633123371257071e+00,-1.746242801843641113e+00,7.255984832850372879e-01,7.738472367933838525e-01,4.734688782258158340e-03,1.005575643553900146e-02,6.332747575830640629e-01,-5.746696412204485016e-01,-1.441778182962623334e-01,-1.791473255945001397e-01,1.007745569892880277e-01,4.804954168636108719e-02,9.785398435156445439e-04,0.000000000000000000e+00
1.272400000000000020e+01,-7.626930258310259170e+00,-1.753091341850272267e+00,7.171489418029887153e-01,7.738047540299372029e-01,5.879990944140458392e-03,1.248740106372586700e-02,6.332737900480632787e-01,-5.632492623748998062e-01,-1.413130394505199006e-01,-1.733396112468132411e-01,1.007713263726474628e-01,4.804359371123033406e-02,1.178989805054484093e-03,0.000000000000000000e+00
1.277200000000000024e+01,-7.653614518550728718e+00,-1.759786142634552464e+00,7.089869582472534404e-01,7.737546563568603597e-01,7.002434769638094664e-03,1.487013442699621976e-02,6.332721190574370773e-01,-5.493474048902996509e-01,-1.378257461466878275e-01,-1.672079588095965741e-01,9.713357757580620699e-02,4.630487281576714520e-02,1.335778947109414472e-03,0.000000000000000000e+00
1.282000000000000028e+01,-7.679568733761718669e+00,-1.766297808844092598e+00,7.011257346564078174e-01,7.736993553417355063e-01,8.064867749889362281e-03,1.712507995962588014e-02,6.332700822621698533e-01,-5.330513506818369551e-01,-1.337377749789828429e-01,-1.608418162173982091e-01,9.051940089722051996e-02,4.314763831955217149e-02,1.433009429332390882e-03,0.000000000000000000e+00
1.286800000000000033e+01,-7.704681927224206639e+00,-1.772598495856362755e+00,6.935743429629100953e-01,7.736418075271398465e-01,9.037590555464018391e-03,1.918923104137356186e-02,6.332680704213119460e-01,-5.145229670317065240e-01,-1.290896685459283211e-01,-1.543239617415203269e-01,8.158151941386020123e-02,3.888347311689363539e-02,1.460853222364483185e-03,0.000000000000000000e+00
1.291600000000000037e+01,-7.728852473595184236e+00,-1.778662702071159618e+00,6.863381050651866655e-01,7.735851700115153884e-01,9.898080935499599733e-03,2.101485787471255723e-02,6.332664435137506098e-01,-4.939825257693766236e-01,-1.239366297112270282e-01,-1.477283014603002209e-01,7.093491796115591885e-02,3.380584164250897278e-02,1.415998530030346562e-03,0.000000000000000000e+00
1.296400000000000041e+01,-7.751990497398444369e+00,-1.784467871325458699e+00,6.794190595690835499e-01,7.735324854753760082e-01,1.063044983076961471e-02,2.256834153108401922e-02,6.332654715135026535e-01,-4.716932949700848310e-01,-1.183446673273080146e-01,-1.411184215832721744e-01,5.913936456034530470e-02,2.818175463409354140e-02,1.301335852815014823e-03,0.000000000000000000e+00
1.301200000000000045e+01,-7.774019563959060797e+00,-1.789994818226340545e+00,6.728164767121986856e-01,7.734864267124029746e-01,1.122475992873891819e-02,2.382871314087024392e-02,6.332653037126467765e-01,-4.479474207973577760e-01,-1.123870609481960881e-01,-1.345469585636268894e-01,4.669099711354008503e-02,2.224775982651313114e-02,1.125060491750680533e-03,0.000000000000000000e+00
1.306000000000000050e+01,-7.794877732653922031e+00,-1.795227993679153755e+00,6.665273834874581027e-01,7.734491153744031955e-01,1.167628601059201264e-02,2.478606857187445195e-02,6.332659639332453017e-01,-4.230533755657178152e-01,-1.061412129577345154e-01,-1.280557229454990786e-01,3.401946168647097812e-02,1.620858466869156203e-02,8.993936662368600191e-04,0.000000000000000000e+00
1.310800000000000054e+01,-7.814518051214878192e+00,-1.800155610108387538e+00,6.605470662018541050e-01,7.734220176966235538e-01,1.198476557564666541e-02,2.543996348965354981e-02,6.332673654893530291e-01,-3.973250892821018065e-01,-9.968591805495080616e-02,-1.216764375539890614e-01,2.148846514415792344e-02,1.023741440046522372e-02,6.391210181162550056e-04,0.000000000000000000e+00
1.315600000000000058e+01,-7.832908572533118452e+00,-1.804769646600719035e+00,6.548695254231872154e-01,7.734059114541939062e-01,1.215366936854157115e-02,2.579785339396691371e-02,6.332693385983974022e-01,-3.710727763275818991e-01,-9.309905448569617825e-02,-1.154319166260068669e-01,9.398427117573745007e-03,4.477179674186596708e-03,3.601232965909077657e-04,0.000000000000000000e+00
1.320400000000000063e+01,-7.850031974044092919e+00,-1.809065753939389731e+00,6.494878667882116874e-01,7.734009129678324213e-01,1.218950981495629977e-02,2.587361803647746095e-02,6.332716633173299803e-01,-3.445953992868540650e-01,-8.645568435521701345e-02,-1.093375086940232277e-01,-2.009590289778793309e-03,-9.575389790176188926e-04,7.803758137110526757e-05,0.000000000000000000e+00
1.325200000000000067e+01,-7.865884855749667004e+00,-1.813043078580575340e+00,6.443946192885621205e-01,7.734065501302037626e-01,1.210119813320245132e-02,2.568619360038822824e-02,6.332741023267576264e-01,-3.181746675192878016e-01,-7.982653916083103096e-02,-1.034026423300192649e-01,-1.254919884449322287e-02,-5.978242603130360690e-03,-1.928543748878557376e-04,0.000000000000000000e+00
1.330000000000000071e+01,-7.880476787273812178e+00,-1.816704023281022762e+00,6.395819796792898693e-01,7.734218666200073367e-01,1.189945630162081262e-02,2.525832562460953931e-02,6.332764295000964383e-01,-2.920704417441690737e-01,-7.327685968734196087e-02,-9.763234178912119643e-02,-2.208358925553296354e-02,-1.052004886748623448e-02,-4.404555587495035036e-04,0.000000000000000000e+00
1.334800000000000075e+01,-7.893829167778765310e+00,-1.820053960492714173e+00,6.350419871879939837e-01,7.734455431770034251e-01,1.159628707350473555e-02,2.461544876260955000e-02,6.332784518266465490e-01,-2.665174025523853740e-01,-6.686555548717318387e-02,-9.202861261074059274e-02,-3.052025624519573085e-02,-1.453914547296109895e-02,-6.553828194820561417e-04,0.000000000000000000e+00
1.339600000000000080e+01,-7.905973955607916714e+00,-1.823100912920135430e+00,6.307666366264681468e-01,7.734760235405273576e-01,1.120450320467262888e-02,2.378469479695470915e-02,6.332800236935360871e-01,-2.417228364940889329e-01,-6.064464750529974246e-02,-8.659163059206670399e-02,-3.780570507792595930e-02,-1.801024262405748894e-02,-8.312078682545857812e-04,0.000000000000000000e+00
1.344400000000000084e+01,-7.916952317526222416e+00,-1.825855213880431593e+00,6.267479403934653748e-01,7.735116349831635540e-01,1.073731561282629567e-02,2.279402710126662845e-02,6.332810536622826003e-01,-2.178653952756126333e-01,-5.465895737894096301e-02,-8.132069807107000781e-02,-4.392025595950562605e-02,-2.092408238026924674e-02,-9.644444977893427973e-04,0.000000000000000000e+00
1.349200000000000088e+01,-7.926813240633649116e+00,-1.828329158381289066e+00,6.229779508961424961e-01,7.735506959510303204e-01,1.020797910135151816e-02,2.167149746799184110e-02,6.332815046674253878e-01,-1.950946894056809766e-01,-4.894600805082083284e-02,-7.621495726134520921e-02,-4.887303235396785878e-02,-2.328504654658436826e-02,-1.054330448479822531e-03,0.000000000000000000e+00
1.354000000000000092e+01,-7.935612143575737853e+00,-1.830536654180120015e+00,6.194487548617297890e-01,7.735916058807505991e-01,9.629493430944911087e-03,2.044461960084123855e-02,6.332813890337238849e-01,-1.735315857440652143e-01,-4.353610219625773936e-02,-7.127387059010110992e-02,-5.269719758785092883e-02,-2.510889285998748818e-02,-1.102459041389334746e-03,0.000000000000000000e+00
1.358800000000000097e+01,-7.943409517647985751e+00,-1.832492880539082769e+00,6.161524501346719029e-01,7.736329146042567606e-01,9.014356847279792612e-03,1.913985241443253923e-02,6.332807599012522104e-01,-1.532690877102513838e-01,-3.845254728251533416e-02,-6.649749246323559404e-02,-5.544548761301004020e-02,-2.642064016734663526e-02,-1.112316215994013169e-03,0.000000000000000000e+00
1.363600000000000101e+01,-7.950269622824532867e+00,-1.834213960959615752e+00,6.130811141252562324e-01,7.736733707487831735e-01,8.374368642002420066e-03,1.778218546920187770e-02,6.332797006252475214e-01,-1.343736866884876480e-01,-3.371199863572951066e-02,-6.188656598755857413e-02,-5.718607448202429194e-02,-2.725261625230846960e-02,-1.088774407278997455e-03,0.000000000000000000e+00
1.368400000000000105e+01,-7.956259258647315313e+00,-1.835716654874806286e+00,6.102267713341742450e-01,7.737119501230985685e-01,7.720476924315538593e-03,1.639481831883685126e-02,6.332783135439470357e-01,-1.168870829988140486e-01,-2.932489453387490327e-02,-5.744248261055762139e-02,-5.799878386370284356e-02,-2.764267644838205862e-02,-1.037587272951894998e-03,0.000000000000000000e+00
1.373200000000000109e+01,-7.961446625286006551e+00,-1.837018072099370292e+00,6.075813655260156043e-01,7.737478662335818269e-01,7.062667504040674553e-03,1.499892520893700634e-02,6.332767092427163957e-01,-1.008281844756193368e-01,-2.529595997393889115e-02,-5.316714325407820990e-02,-5.797168023077576421e-02,-2.763259682655606550e-02,-9.649200326575705202e-04,0.000000000000000000e+00
1.378000000000000114e+01,-7.965900285911029499e+00,-1.838135412782949674e+00,6.051367403226329822e-01,7.737805658136953646e-01,6.409889627473722498e-03,1.361349640432919783e-02,6.332749971376183673e-01,-8.619530011580303630e-02,-2.162475831797252765e-02,-4.906275723723014376e-02,-5.719802492209698219e-02,-2.726664230904203914e-02,-8.769403020234475821e-04,0.000000000000000000e+00
1.382799999999999940e+01,-7.969688237798958852e+00,-1.839085734678483242e+00,6.028846303503522241e-01,7.738097126224556810e-01,5.770014255359279254e-03,1.225524741312972177e-02,6.332732778962720799e-01,-7.296845540227464566e-02,-1.830627247429136850e-02,-4.513161099523845671e-02,-5.577360500137126809e-02,-2.659030733011591083e-02,-7.794847390598336158e-04,0.000000000000000000e+00
1.387599999999999945e+01,-7.972877096298310207e+00,-1.839885748718023795e+00,6.008166636781328007e-01,7.738351628323623110e-01,5.149820615768647275e-03,1.093858749830379888e-02,6.332716379369742743e-01,-6.111176477187727635e-02,-1.533149960293811107e-02,-4.137583310938281606e-02,-5.379442464947781916e-02,-2.564922447627102434e-02,-6.778082482126883716e-04,0.000000000000000000e+00
1.392399999999999949e+01,-7.975531392910306216e+00,-1.840551643177807950e+00,5.989243751664548032e-01,7.738569351529310802e-01,4.555006889076625154e-03,9.675639104896636283e-03,6.332701460165831575e-01,-5.057580527272526050e-02,-1.268804554446270605e-02,-3.779717615300084987e-02,-5.135474569720353127e-02,-2.448823476418335310e-02,-5.764153364758174128e-04,0.000000000000000000e+00
1.397199999999999953e+01,-7.977712986269644091e+00,-1.841098936106692285e+00,5.971992295190096112e-01,7.738751784910015141e-01,3.990221071849806012e-03,8.476300167236659397e-03,6.332688517421284358e-01,-4.129994372143374476e-02,-1.036070725793165025e-02,-3.439682987698255978e-02,-4.854545978040511467e-02,-2.315061176451673960e-02,-4.789676948934525232e-04,0.000000000000000000e+00
1.401999999999999957e+01,-7.979480582728418092e+00,-1.841542355181329471e+00,5.956326522787098732e-01,7.738901394972717007e-01,3.459108305524867359e-03,7.348341679585375374e-03,6.332677857219520812e-01,-3.321457758495792445e-02,-8.332033517941088430e-03,-3.117527471224840543e-02,-4.545277141329893966e-02,-2.167743059153913465e-02,-3.882582168819508159e-04,0.000000000000000000e+00
1.406799999999999962e+01,-7.980889361534076798e+00,-1.841895743731784441e+00,5.942160667075638836e-01,7.739021318458144671e-01,2.964371229523283992e-03,6.297533400409307397e-03,6.332669610052200637e-01,-2.624325732023709973e-02,-6.582855959831054350e-03,-2.813217973058233096e-02,-4.215716894570314954e-02,-2.010707181728147927e-02,-3.062393570748954560e-04,0.000000000000000000e+00
1.411599999999999966e+01,-7.981990698228619507e+00,-1.842171991346584159e+00,5.929409343980103220e-01,7.739115085855030607e-01,2.507840213920655825e-03,5.327791099358439135e-03,6.332663754364142861e-01,-2.030466494665311011e-02,-5.092784273832566370e-03,-2.526634523526552142e-02,-3.873265880355342139e-02,-1.847484961724631808e-02,-2.340927839544714156e-04,0.000000000000000000e+00
1.416399999999999970e+01,-7.982831978856943955e+00,-1.842382987210215317e+00,5.917987975379586096e-01,7.739186384243644801e-01,2.090550633096472863e-03,4.441339332266744377e-03,6.332660145644671834e-01,-1.531443014205166771e-02,-3.840660927524016874e-03,-2.257568710676041701e-02,-3.524623751160727014e-02,-1.681275290613028217e-02,-1.723274367927830192e-04,0.000000000000000000e+00
1.421199999999999974e+01,-7.983456496831088600e+00,-1.842539594142291071e+00,5.907813209489468642e-01,7.739238863844501992e-01,1.712824650276061674e-03,3.638884328891802897e-03,6.332658547846600205e-01,-1.118677109167992741e-02,-2.804972236108916033e-03,-2.005725788620230099e-02,-3.175757566742807431e-02,-1.514928787518309700e-02,-1.208940919445283780e-04,0.000000000000000000e+00
1.425999999999999979e+01,-7.983903423824985524e+00,-1.842651641189246847e+00,5.898803322949326411e-01,7.739275989107518017e-01,1.374355286946649232e-03,2.919792187562839439e-03,6.332658664458108433e-01,-7.835952643094796360e-03,-1.964213896488574591e-03,-1.770729826411596153e-02,-2.831888818668277033e-02,-1.350941019573331445e-02,-7.930610981273335854e-05,0.000000000000000000e+00
1.430799999999999983e+01,-7.984207845841288176e+00,-1.842727932559445447e+00,5.890878591814202592e-01,7.739300932397236155e-01,1.074290845960141228e-03,2.282268178565742545e-03,6.332660167173748134e-01,-5.177559007156541833e-03,-1.297210250154893357e-03,-1.552131204022104763e-02,-2.497496568992850149e-02,-1.191453520051321581e-02,-4.675792952878716591e-05,0.000000000000000000e+00
1.435599999999999987e+01,-7.984400855567158395e+00,-1.842776270683887718e+00,5.883961622000375424e-01,7.739316506310701671e-01,8.113180393264294828e-04,1.723533553572521772e-03,6.332662720740745987e-01,-3.129582290617542294e-03,-7.833875399870968929e-04,-1.349415759919463109e-02,-2.176334277820689625e-02,-1.038261458483646059e-02,-2.223489626338074642e-05,0.000000000000000000e+00
1.440399999999999991e+01,-7.984509692288741967e+00,-1.842803491220192491e+00,5.877977632980692091e-01,7.739325129355562050e-01,5.837424389141239543e-04,1.239996832874622722e-03,6.332666003144914457e-01,-1.613331560272146135e-03,-4.030022780889904897e-04,-1.162014936806451959e-02,-1.871458008601522074e-02,-8.928268566832563147e-03,-4.609980149368901274e-06,0.000000000000000000e+00
1.445199999999999996e+01,-7.984557920935076325e+00,-1.842815507890087190e+00,5.872854691481149692e-01,7.739328819032288420e-01,3.895651189357121104e-04,8.274170883299056690e-04,6.332669720812396097e-01,-5.541699465187390101e-04,-1.373265495144764090e-04,-9.893163449874554233e-03,-1.585263835051373138e-02,-7.562962988484768327e-03,7.275246721333848505e-06,0.000000000000000000e+00
1.450000000000000000e+01,-7.984565642242904993e+00,-1.842817365143589292e+00,5.868523894484003467e-01,7.739329206200240563e-01,2.265545921379782306e-04,4.810572520296552417e-04,6.332673618918752689e-01,1.179104692375476361e-04,3.120735370890324607e-05,-8.306742544692841818e-03,-1.319532424722310443e-02,-6.295221502150125450e-03,1.454644974946938936e-05,0.000000000000000000e+00
1.454800000000000004e+01,-7.984549726547953696e+00,-1.842813296769920672e+00,5.864919502930707740e-01,7.739327564849564078e-01,9.231335633106589958e-05,1.958259544243272799e-04,6.332677487208990819e-01,4.678645304265313296e-04,1.189001340601840862e-04,-6.854196269869329908e-03,-1.075478937263469985e-02,-5.130863743934920007e-03,1.824899663910204575e-05,0.000000000000000000e+00
1.459600000000000009e+01,-7.984524064291802503e+00,-1.842806788720015465e+00,5.861979029122315055e-01,7.739324851936328908e-01,-1.566143620628970807e-05,-3.359317198026568298e-05,6.332681161942582682e-01,5.553079627348648118e-04,1.407133711960801593e-04,-5.528693993749566465e-03,-8.538065464809988306e-03,-4.073261218620631043e-03,1.931589834138825769e-05,0.000000000000000000e+00
1.464400000000000013e+01,-7.984499826964547076e+00,-1.842800644562800239e+00,5.859643281952031657e-01,7.739321752663484988e-01,-9.992349709941215549e-05,-2.126253980420838088e-04,6.332684524695922912e-01,4.343559314188409647e-04,1.102287197453072880e-04,-4.323348238390519425e-03,-6.547620710141595357e-03,-3.123603485113240780e-03,1.854941611454204902e-05,0.000000000000000000e+00
1.469200000000000017e+01,-7.984485732862999008e+00,-1.842797052162358451e+00,5.857856374815471057e-01,7.739318727414004062e-01,-1.630292610832117725e-04,-3.467023419453427570e-04,6.332687498794919989e-01,1.535722938719405483e-04,3.963494073673418545e-05,-3.231287544093877379e-03,-4.781923756211719535e-03,-2.281168112882289538e-03,1.661413341052814935e-05,0.000000000000000000e+00
