time_s,x,y,z,qw,qx,qy,qz,vx,vy,vz,wx,wy,wz,contact
4.000000000000000083e-03,1.047535610198974609e+01,2.150821685791015625e+01,2.389423705069579906e+00,9.999999973250611740e-01,0.000000000000000000e+00,0.000000000000000000e+00,-7.314285707763958512e-05,0.000000000000000000e+00,0.000000000000000000e+00,2.475999999999999729e-02,0.000000000000000000e+00,0.000000000000000000e+00,-3.657142857142856723e-02,0.000000000000000000e+00
5.200000000000000455e-02,1.047535610198974609e+01,2.150821685791015625e+01,2.398337305069579983e+00,9.999778489137787219e-01,0.000000000000000000e+00,0.000000000000000000e+00,-6.655950854050788311e-03,0.000000000000000000e+00,0.000000000000000000e+00,3.218799999999996664e-01,0.000000000000000000e+00,0.000000000000000000e+00,-4.754285714285710340e-01,0.000000000000000000e+00
1.000000000000000056e-01,1.047535610198974609e+01,2.150821685791015625e+01,2.421512665069580184e+00,9.997174728964329793e-01,0.000000000000000000e+00,0.000000000000000000e+00,-2.376918983830568141e-02,0.000000000000000000e+00,0.000000000000000000e+00,6.189999999999995506e-01,0.000000000000000000e+00,0.000000000000000000e+00,-9.142857142857140351e-01,0.000000000000000000e+00
1.479999999999999927e-01,1.047535610198974609e+01,2.150821685791015625e+01,2.458949785069580063e+00,9.986783124283570290e-01,0.000000000000000000e+00,0.000000000000000000e+00,-5.139677310151793965e-02,0.000000000000000000e+00,0.000000000000000000e+00,9.161199999999996013e-01,0.000000000000000000e+00,0.000000000000000000e+00,-1.353142857142855870e+00,0.000000000000000000e+00
1.960000000000000075e-01,1.047535610198974609e+01,2.150821685791015625e+01,2.510648665069580066e+00,9.959886047544972421e-01,0.000000000000000000e+00,0.000000000000000000e+00,-8.948016092514585185e-02,0.000000000000000000e+00,0.000000000000000000e+00,1.213239999999998986e+00,0.000000000000000000e+00,0.000000000000000000e+00,-1.791999999999997595e+00,0.000000000000000000e+00
2.439999999999999947e-01,1.047535610198974609e+01,2.150821685791015625e+01,2.576609305069579747e+00,9.904499765776303422e-01,0.000000000000000000e+00,0.000000000000000000e+00,-1.378725639762011512e-01,0.000000000000000000e+00,0.000000000000000000e+00,1.510359999999999259e+00,0.000000000000000000e+00,0.000000000000000000e+00,-2.230857142857139319e+00,0.000000000000000000e+00
2.919999999999999818e-01,1.047535541193447273e+01,2.150821836331996906e+01,2.656682780610423400e+00,9.805566666997770353e-01,-6.671053299818912891e-04,-4.548298773890706499e-04,-1.962344808918252137e-01,-7.599213409445918312e-05,1.691355266455741278e-04,1.795484216719129167e+00,-7.870832758089703340e-02,-7.549100920131672499e-02,-2.662859594775380145e+00,0.000000000000000000e+00
3.400000000000000244e-01,1.047532751865508693e+01,2.150829294172989492e+01,2.748744930450006230e+00,9.646563212984462510e-01,-4.744353440065530655e-03,-2.878797231433645465e-03,-2.634528144011482054e-01,-1.246041876402824260e-03,3.589258097451054289e-03,2.008579841034447089e+00,-1.989335706872897569e-01,-1.686157655532208310e-01,-3.053709661372455919e+00,0.000000000000000000e+00
3.880000000000000115e-01,1.047521218368354035e+01,2.150869953526004608e+01,2.848767677513905028e+00,9.411872744714282479e-01,-1.144357715158035062e-02,-6.094850670319331906e-03,-3.376365082604789181e-01,-3.410324463006016941e-03,1.370377970533261276e-02,2.133164445389091668e+00,-2.851507015536124401e-01,-2.050362394502472374e-01,-3.394029585333099508e+00,0.000000000000000000e+00
4.359999999999999987e-01,1.047500797371516690e+01,2.150976586490067177e+01,2.952176598697817678e+00,9.088629864938572167e-01,-1.984303272478115526e-02,-9.112039500091782818e-03,-4.165228644023044047e-01,-4.667913968022761005e-03,3.018597997608217162e-02,2.155000213544856269e+00,-3.527633407119869502e-01,-2.058697777193767009e-01,-3.675743743710893074e+00,0.000000000000000000e+00
4.839999999999999858e-01,1.047480913417958703e+01,2.151172430394090185e+01,3.053741994219932199e+00,8.669517816838233637e-01,-2.947722348614300811e-02,-1.030611847913117871e-02,-4.974127918064495391e-01,-3.088749103301472419e-03,5.041748193713404408e-02,2.074089409399178852e+00,-4.899136204636637681e-01,-9.154011968795100485e-02,-3.873516747322814258e+00,0.000000000000000000e+00
5.320000000000000284e-01,1.047483658078944124e+01,2.151478501216648098e+01,3.150808298355658454e+00,8.160074400134866845e-01,-3.992780307721120053e-02,-6.775447551385094247e-03,-5.766209514876671216e-01,5.012936295728341943e-03,7.575958151627351644e-02,1.978418254093236239e+00,-5.830579175462621278e-01,3.967647524096371697e-02,-3.924334198926187955e+00,0.000000000000000000e+00
5.799999999999999600e-01,1.047550404934086110e+01,2.151915234281632650e+01,3.243299208266225975e+00,7.581906526508241928e-01,-4.944276337719926556e-02,-6.640107722029730403e-04,-6.501552941199809643e-01,2.307251922935538158e-02,1.040687019382153244e-01,1.883382327576614834e+00,-5.838729645146920610e-01,1.170202192339407088e-01,-3.823727715514989800e+00,0.000000000000000000e+00
6.280000000000000027e-01,1.047734585389805595e+01,2.152490882994219845e+01,3.331586604369435545e+00,6.966638371834871224e-01,-5.711132030160476908e-02,6.200516687889429113e-03,-7.150939439311391199e-01,5.405183383290982496e-02,1.340397389719906740e-01,1.815412051302760954e+00,-5.313232952228635897e-01,1.572175678439521884e-01,-3.598911262214666174e+00,0.000000000000000000e+00
6.760000000000000453e-01,1.048120353915622793e+01,2.153221587138482107e+01,3.419293242222998241e+00,6.344691569939194808e-01,-6.283132199239054028e-02,1.264746379380119780e-02,-7.702864113170494464e-01,1.060950944340755264e-01,1.679102079005179993e-01,1.853586645236847463e+00,-4.587436999755976630e-01,1.674678235367009493e-01,-3.305859268815763752e+00,0.000000000000000000e+00
7.239999999999999769e-01,1.048814258661385423e+01,2.154115140178284449e+01,3.511449858995187245e+00,5.743389077185485636e-01,-6.692605150965014182e-02,1.812184804604322769e-02,-8.156759904112593773e-01,1.803608974505526985e-01,2.011216154514340049e-01,1.989257470158534158e+00,-3.840760209513616186e-01,1.596906079153242175e-01,-2.956148329720002632e+00,0.000000000000000000e+00
7.720000000000000195e-01,1.049916025538231246e+01,2.155156444526254589e+01,3.612109617504041026e+00,5.187149588194516214e-01,-6.979489392943724613e-02,2.253691269000139899e-02,-8.517954871004641548e-01,2.736596907259467026e-01,2.292953566132124310e-01,2.197037349213841306e+00,-3.169568879546784679e-01,1.431974108609895824e-01,-2.564358870642279964e+00,0.000000000000000000e+00
8.200000000000000622e-01,1.051502763467527402e+01,2.156313680861551418e+01,3.723936711903615304e+00,4.695140110618447604e-01,-7.178944038859616517e-02,2.607686882267864006e-02,-8.796151809613764749e-01,3.802559918658871552e-01,2.497911104824266093e-01,2.445787510750003335e+00,-2.615182059792360292e-01,1.241918141293295308e-01,-2.148485821683810304e+00,0.000000000000000000e+00
8.679999999999999938e-01,1.053621175745539595e+01,2.157547270178899623e+01,3.848059620402463299e+00,4.280094103000282590e-01,-7.317177590942421095e-02,2.903046456974865686e-02,-9.003394182372269627e-01,4.935414073237173738e-01,2.618167531401829895e-01,2.703451495638608204e+00,-2.181053465005446945e-01,1.059399992732030366e-01,-1.727113212779397111e+00,0.000000000000000000e+00
9.160000000000000364e-01,1.056286831564397488e+01,2.158817681382748077e+01,3.984127705510319473e+00,3.948262269024486737e-01,-7.412293852356387214e-02,3.167180513978794937e-02,-9.152130556836456377e-01,6.072779171440190193e-01,2.659736814709515729e-01,2.940718990469451288e+00,-1.847727564809586720e-01,8.929251683138580975e-02,-1.317262658411461285e+00,0.000000000000000000e+00
9.639999999999999680e-01,1.059487908279592183e+01,2.160090644086191247e+01,4.130507624176230408e+00,3.700168446311358772e-01,-7.477182750826477653e-02,3.419339721298067514e-02,-9.253796626722072816e-01,7.162731658726638750e-01,2.636967135832047338e-01,3.133299810005450770e+00,-1.585588327512946205e-01,7.355236347271749964e-02,-9.330567179923769938e-01,0.000000000000000000e+00
1.012000000000000011e+00,1.063190965692447776e+01,2.161339924954924996e+01,4.284554934621041866e+00,3.531781735845328507e-01,-7.522244810748812682e-02,3.668475207649319475e-02,-9.318052317782382632e-01,8.166177206088474083e-01,2.568057645899667341e-01,3.262928810862763207e+00,-1.364700930837082493e-01,5.745007424522501766e-02,-5.851278435299495095e-01,0.000000000000000000e+00
1.060000000000000053e+00,1.067347102308345441e+01,2.162548318237404743e+01,4.442907527973077642e+00,3.435787613955056385e-01,-7.556883874553216307e-02,3.914305837480658995e-02,-9.352597533892119674e-01,9.056548041572689556e-01,2.471938738751368880e-01,3.317409324570383511e+00,-1.161215323200898292e-01,3.994520907030657542e-02,-2.805909104571298052e-01,0.000000000000000000e+00
1.108000000000000096e+00,1.071897926848981442e+01,2.163707348118273543e+01,4.601785210652433733e+00,3.402738474094808008e-01,-7.577602591673046617e-02,4.144407749982820938e-02,-9.363514784019972836e-01,9.822721479067985095e-01,2.365405116107637540e-01,3.292757433074692930e+00,-7.178115769598777951e-02,4.492435924453691554e-02,-2.487950004676024035e-02,0.000000000000000000e+00
1.155999999999999917e+00,1.076791755127741546e+01,2.164814152332287378e+01,4.758016579912130339e+00,3.421318886101060719e-01,-7.147405038275898848e-02,4.139995812310149487e-02,-9.360145695369127550e-01,1.049422873264067135e+00,2.255833634827663359e-01,3.215461470577941405e+00,2.258480491886564190e-01,3.027592114341936536e-01,1.680805507154485845e-01,0.000000000000000000e+00
1.203999999999999959e+00,1.081579945152766342e+01,2.165783862639926838e+01,4.883764918971446711e+00,3.481318812638984905e-01,-4.396134825037083249e-02,3.426180385753297558e-02,-9.357872204214470191e-01,6.674719153630734869e-01,1.208122640591951930e-01,2.911029748211907409e-01,1.850372867671430166e+00,2.957595645450101784e+00,3.880788788805286105e-01,1.000000000000000000e+00
1.252000000000000002e+00,1.084014727598006189e+01,2.166164006228621730e+01,4.864372277651913379e+00,3.562993636095964090e-01,3.183657095448940572e-02,1.772765587423472469e-02,-9.336610340259798857e-01,4.787936713956544299e-01,6.421360580307955424e-02,-4.518677748233505542e-01,1.298933726262685440e+00,1.878147117896501239e+00,4.342037398839270756e-01,1.000000000000000000e+00
1.300000000000000044e+00,1.086218516065109441e+01,2.166395868133269076e+01,4.843467747779405030e+00,3.644354785021727272e-01,6.319857045315599442e-02,7.807547949892227994e-03,-9.290488495749728015e-01,4.374262074579955972e-01,3.451463238162800345e-02,-4.233762752059876400e-01,5.147586966076096449e-01,5.196398032495731512e-01,4.089984059189020749e-01,0.000000000000000000e+00
1.348000000000000087e+00,1.088165597372058180e+01,2.166485041993197314e+01,4.823691343184355773e+00,3.725924138277093567e-01,6.759325380973671415e-02,2.112136528812181679e-03,-9.255277327431831180e-01,3.778487551847586334e-01,5.589607189320645875e-03,-4.031630046053507055e-01,9.193899857689012689e-02,-1.982153205496091364e-01,3.648327379115073321e-01,0.000000000000000000e+00
1.396000000000000130e+00,1.089825032971122631e+01,2.166446715376281773e+01,4.804803691407556698e+00,3.801023641318834190e-01,5.821794419375985602e-02,-1.240978926819922244e-03,-9.231095946454618284e-01,3.196487084377043764e-01,-1.854240946152506397e-02,-3.853305745918118030e-01,-1.249314069786072734e-01,-5.410753011979856364e-01,3.108370559402867661e-01,0.000000000000000000e+00
1.443999999999999950e+00,1.091230516362689151e+01,2.166309681909941887e+01,4.786789490031210015e+00,3.864908848131926589e-01,4.270408561659133628e-02,-3.193663420005183207e-03,-9.212985170626977194e-01,2.721354982607802064e-01,-3.590062411588965802e-02,-3.665499891769861684e-01,-2.250097777762505857e-01,-6.674373211642581349e-01,2.541189946486458462e-01,0.000000000000000000e+00
1.491999999999999993e+00,1.092444901627510490e+01,2.166108565721924961e+01,4.769720496492777961e+00,3.915849145112615948e-01,2.541277200593466956e-02,-4.237284854579205159e-03,-9.197812191838035112e-01,2.391416689835930420e-01,-4.584180804696698364e-02,-3.461207889143695926e-01,-2.589108636911001127e-01,-6.718646225660538374e-01,1.995542900335582348e-01,0.000000000000000000e+00
1.540000000000000036e+00,1.093540722140371990e+01,2.165878562032520094e+01,4.753660936456782338e+00,3.954217582296817857e-01,8.770749840505383602e-03,-4.658345109857066520e-03,-9.184459738529103801e-01,2.214081661751633179e-01,-4.863387446327559899e-02,-3.247427649115166570e-01,-2.554828368852947729e-01,-6.108081800904140435e-01,1.501321373927427538e-01,0.000000000000000000e+00
1.588000000000000078e+00,1.094589094388311068e+01,2.165651971506154183e+01,4.738627488212090455e+00,3.981509563330173918e-01,-5.948397737596636779e-03,-4.649054514811021624e-03,-9.172888415475131119e-01,2.179198882238546076e-01,-4.511616257642307032e-02,-3.035382366823689004e-01,-2.314849159733507467e-01,-5.179809094150705784e-01,1.074096771165583136e-01,0.000000000000000000e+00
1.636000000000000121e+00,1.095653591238144209e+01,2.165456202189879420e+01,4.724584612515503323e+00,3.999661061247795635e-01,-1.816163155899299525e-02,-4.352374922626344247e-03,-9.163396345913620289e-01,2.267346119477169630e-01,-3.642337923847843023e-02,-2.835125932097015689e-01,-1.969540151744335887e-01,-4.134663221756617602e-01,7.192899375009849383e-02,0.000000000000000000e+00
1.683999999999999941e+00,1.096787266560825636e+01,2.165312912449323690e+01,4.711456707715557357e+00,4.010644731824397624e-01,-2.769886989986060366e-02,-3.878862000750040936e-03,-9.156227473073956791e-01,2.455138418666900080e-01,-2.378115532935821258e-02,-2.653413364821146647e-01,-1.581033144113291045e-01,-3.091098960400547879e-01,4.355579022494047298e-02,0.000000000000000000e+00
1.731999999999999984e+00,1.098031682032671341e+01,2.165237949809598916e+01,4.699145081212265929e+00,4.016258299310456192e-01,-3.463412237597571913e-02,-3.313151654126080849e-03,-9.151427174629992445e-01,2.718551749413404828e-01,-8.371677132048876285e-03,-2.493463560304448878e-01,-1.188707477265704970e-01,-2.117205312517575211e-01,2.173714615062063288e-02,0.000000000000000000e+00
1.780000000000000027e+00,1.099417155556713332e+01,2.165241778567686026e+01,4.687543442788863146e+00,4.018032678226218235e-01,-3.918116674660419851e-02,-2.717592080737159157e-03,-9.148833722572081717e-01,3.034889281197258870e-01,8.742984780783610160e-03,-2.355607369792033778e-01,-8.175517509702351360e-02,-1.249857796154523332e-01,5.689130107618426899e-03,0.000000000000000000e+00
1.828000000000000069e+00,1.100963702522350829e+01,2.165330161206302151e+01,4.676549395300929390e+00,4.017209883092902611e-01,-4.162800520545237304e-02,-2.135584313829987872e-03,-9.148129841743940505e-01,3.383840821323321757e-01,2.665609349707453307e-02,-2.238211099033783347e-01,-4.828709788118162177e-02,-5.063184219472223468e-02,-5.471602962277027048e-03,0.000000000000000000e+00
1.876000000000000112e+00,1.102682323612983950e+01,2.165504934490348177e+01,4.666071522417967188e+00,4.014758623545525706e-01,-4.229501745096012760e-02,-1.595120586428298718e-03,-9.148910968174329694e-01,3.747960652412722360e-01,4.462489014885384631e-02,-2.138556379701988530e-01,-1.931461624722846659e-02,1.086086490787477668e-02,-1.263885348530596232e-02,0.000000000000000000e+00
1.923999999999999932e+00,1.104576422072683073e+01,2.165764783699502871e+01,4.656032692964388708e+00,4.011407708323551646e-01,-4.150794309217867989e-02,-1.112316996885972121e-03,-9.150748250209809198e-01,4.112789009070413337e-01,6.206399647275619158e-02,-2.053539533155673003e-01,4.805273954563034182e-03,5.980525844371122751e-02,-1.665941105358204055e-02,0.000000000000000000e+00
1.971999999999999975e+00,1.106643220494231095e+01,2.166105962986954125e+01,4.646370566083436238e+00,4.007685452871389553e-01,-3.958043435019584916e-02,-6.946343018690528297e-04,-9.153237021995369593e-01,4.466765253827045812e-01,7.853118346131941763e-02,-1.980156232436444674e-01,2.406712720758654236e-02,9.701282392257047638e-02,-1.829839644609548149e-02,0.000000000000000000e+00
2.020000000000000018e+00,1.108875103006404039e+01,2.166522938192457914e+01,4.637036295162191735e+00,4.003958528047875665e-01,-3.680300581306316515e-02,-3.435809935485880881e-04,-9.156028515529814893e-01,4.801025254897149375e-01,9.371010598317883189e-02,-1.915789187590303810e-01,3.870958523177425725e-02,1.235953798650002711e-01,-1.822089587297480440e-02,0.000000000000000000e+00
2.068000000000000060e+00,1.111260842835665308e+01,2.167008944727399111e+01,4.627992277573871327e+00,4.000467006675588744e-01,-3.343641002980180660e-02,-5.682522836650666625e-05,-9.158846218493971181e-01,5.109138336176651807e-01,1.073925124601696618e-01,-1.858338500239916369e-01,4.913103123186976506e-02,1.408278378931132335e-01,-1.698508481297928557e-02,0.000000000000000000e+00
2.116000000000000103e+00,1.113786695336231425e+01,2.167556461556491598e+01,4.619209588688429236e+00,3.997354368739785002e-01,-2.970816206942398369e-02,1.702560507131762571e-04,-9.161489925915458077e-01,5.386816139249563928e-01,1.194611459956332750e-01,-1.806239551086626927e-01,5.582382113126999057e-02,1.500511311200899978e-01,-1.504331507285812906e-02,0.000000000000000000e+00
2.164000000000000146e+00,1.116437348350211067e+01,2.168157606100436752e+01,4.610665529937696405e+00,3.994692344988317045e-01,-2.581134243969497241e-02,3.435043392758793191e-04,-9.163831007254268357e-01,5.631612484267248808e-01,1.298738406280322000e-01,-1.758409818059213925e-01,5.932414427428860798e-02,1.526028565181263008e-01,-1.274856045744314666e-02,0.000000000000000000e+00
2.212000000000000188e+00,1.119196728887029835e+01,2.168804456299664807e+01,4.602341540423878996e+00,3.992501026691293586e-01,-2.190505249692462769e-02,4.692754635320627856e-04,-9.165802223342682797e-01,5.842626195361683150e-01,1.386489736578115639e-01,-1.714158585722372341e-01,6.017504229337539146e-02,1.497679307646019864e-01,-1.036427544911880556e-02,0.000000000000000000e+00
2.260000000000000231e+00,1.122048669799231391e+01,2.169489306443706056e+01,4.594221580967468022e+00,3.990764873958131953e-01,-1.811605133130739231e-02,5.539999286249857246e-04,-9.167384899610470095e-01,6.020215158778147169e-01,1.458523000137953718e-01,-1.673084841741629969e-01,5.890027082548774523e-02,1.427442723706940919e-01,-8.076196081149348421e-03,0.000000000000000000e+00
2.307999999999999829e+00,1.124977443525416021e+01,2.170204863377737681e+01,4.586291000051845757e+00,3.989445273931584990e-01,-1.454120783643832529e-02,6.039202229088288512e-04,-9.168595599207505220e-01,6.165727824111687516e-01,1.515851585280990899e-01,-1.634980335110721439e-01,5.598683713066564954e-02,1.326200964649674741e-01,-6.004962854457143902e-03,0.000000000000000000e+00
2.355999999999999872e+00,1.127968172565625693e+01,2.170944389640283134e+01,4.578535828760658788e+00,3.988490235115926819e-01,-1.125047785738413422e-02,6.249389720055030083e-04,-9.169473772486139707e-01,6.281256918382804866e-01,1.559740386849269855e-01,-1.599747638706717490e-01,5.187426885435120899e-02,1.203603460466173697e-01,-4.218715210434352721e-03,0.000000000000000000e+00
2.403999999999999915e+00,1.131007128304689324e+01,2.171701800037375563e+01,4.570942419696233827e+00,3.987841714514419045e-01,-8.290175458172739653e-03,6.225324906188413115e-04,-9.170071264957315726e-01,6.369418841517038299e-01,1.591614979304556143e-01,-1.567337486627561893e-01,4.694895210291043924e-02,1.068003625291546188e-01,-2.745024862606111962e-03,0.000000000000000000e+00
2.451999999999999957e+00,1.134081931125398590e+01,2.172471718095979298e+01,4.563497335281625489e+00,3.987440990086377202e-01,-5.686355504875897741e-03,6.017013740489442208e-04,-9.170444083152782255e-01,6.433160908685573443e-01,1.612984122556382627e-01,-1.537705699358784261e-01,4.154218126982525683e-02,9.264527207651762630e-02,-1.581719236599334619e-03,0.000000000000000000e+00
2.500000000000000000e+00,1.137181665458251167e+01,2.173249498715438577e+01,4.556187396358000186e+00,3.987232423494445066e-01,-3.448165115308228241e-03,5.669423425423080701e-04,-9.170646458914797350e-01,6.475597328267551633e-01,1.625375257539475038e-01,-1.510787519217129671e-01,3.593085267060540378e-02,7.847381863973632021e-02,-7.063059184424175588e-04,0.000000000000000000e+00
2.548000000000000043e+00,1.140296923531937345e+01,2.174031223113342648e+01,4.548999816201187762e+00,3.987165907948627130e-01,-1.571055815515197277e-03,5.222337924377725045e-04,-9.170727011968102804e-01,6.499873638868740588e-01,1.630282421448714381e-01,-1.486485893842411921e-01,3.033998606582647903e-02,6.474555982083525507e-02,-8.384793045383537021e-05,0.000000000000000000e+00
2.596000000000000085e+00,1.143419791193517554e+01,2.174813671826732531e+01,4.541922362992105278e+00,3.987198259186006677e-01,-3.977747485841587620e-05,4.710322061769767763e-04,-9.170726672220995690e-01,6.509058352556185145e-01,1.629125776870970488e-01,-1.464669862935726874e-01,2.494646287782847915e-02,5.181048787690725049e-02,3.267421902940988751e-04,0.000000000000000000e+00
2.644000000000000128e+00,1.146543788362950345e+01,2.175594281087668236e+01,4.534943511835932917e+00,3.987293779090417822e-01,1.168900086855920954e-03,4.162787162855305779e-04,-9.170677966087827926e-01,6.506059808101095632e-01,1.623221743895843505e-01,-1.445179426934011802e-01,1.988352755221517443e-02,3.992026357653967461e-02,5.679256636843279214e-04,0.000000000000000000e+00
2.692000000000000171e+00,1.149663775588301817e+01,2.176371087365236434e+01,4.528052563411383069e+00,3.987424196692069822e-01,2.083771049296270078e-03,3.604156475090832413e-04,-9.170605273127400148e-01,6.493565734633517383e-01,1.613762573227469355e-01,-1.427833849582457182e-01,1.524571520971196477e-02,2.924036569433583269e-02,6.801420340280042720e-04,0.000000000000000000e+00
2.740000000000000213e+00,1.152775836886170246e+01,2.177142664282922269e+01,4.521239719111121325e+00,3.987568167287111609e-01,2.737099022279834877e-03,3.054125426460890563e-04,-9.170525699895863969e-01,6.474002741747447720e-01,1.601804110278507443e-01,-1.412441068527952592e-01,1.109395313869366434e-02,1.986256877157124151e-02,6.996106640753949665e-04,0.000000000000000000e+00
2.788000000000000256e+00,1.155877147682604544e+01,2.177908055510937047e+01,4.514496111785340382e+00,3.987710485699935137e-01,3.162845823681615601e-03,2.528005588206274864e-04,-9.170450279678526995e-01,6.449512849899829980e-01,1.588260473250181215e-01,-1.398806616733366259e-01,7.460644614339838332e-03,1.181726783410723403e-02,6.571190296638405653e-04,0.000000000000000000e+00
2.835999999999999854e+00,1.158965835289538049e+01,2.178666706624939309e+01,4.507813797142494749e+00,3.987841144036622931e-01,3.395214360638652319e-03,2.037135408433307117e-04,-9.170385276091315152e-01,6.421944212888549552e-01,1.573904393785173217e-01,-1.386741103643513162e-01,4.354588590417199888e-03,5.085270255385178524e-03,5.775816828226432338e-04,0.000000000000000000e+00
2.883999999999999897e+00,1.162040838017317768e+01,2.179418398337836749e+01,4.501185714023864470e+00,3.987954338233472562e-01,3.467487912811944954e-03,1.589337057139219699e-04,-9.170333435755215756e-01,6.392853322433930119e-01,1.559372035508599652e-01,-1.376065823177371750e-01,1.765623764607999980e-03,-3.912299918857943017e-04,4.801636210045830198e-04,0.000000000000000000e+00
2.931999999999999940e+00,1.165101767774289243e+01,2.180163182966770563e+01,4.494605622810582624e+00,3.988047502298153191e-01,3.411142018532832641e-03,1.189397547858533194e-04,-9.170295094257323587e-01,6.363516189670402889e-01,1.545171201850441545e-01,-1.366616432704761130e-01,-3.310857334350507082e-04,-4.698693924352834173e-03,3.787831496644738973e-04,0.000000000000000000e+00
2.979999999999999982e+00,1.168148779864410081e+01,2.180901325504106580e+01,4.488068030805008490e+00,3.988120425467311381e-01,3.255201130073466856e-03,8.395534086137809574e-05,-9.170269087310403133e-01,6.334946243195839211e-01,1.531691959264503133e-01,-1.358244891688382416e-01,-1.971180942661283995e-03,-7.943416931549471260e-03,2.828377697464066185e-04,0.000000000000000000e+00
3.028000000000000025e+00,1.171182452677355634e+01,2.181633250225936038e+01,4.481568112137912507e+00,3.988174486511461003e-01,3.025809936855899680e-03,5.399609371345115937e-05,-9.170253454567316442e-01,6.307916948521099521e-01,1.519218826367914887e-01,-1.350819981495700595e-01,-3.197690831902392020e-03,-1.024390295251784676e-02,1.980282149956240280e-04,0.000000000000000000e+00
3.076000000000000068e+00,1.174203679078444829e+01,2.182359493396853978e+01,4.475101628058335557e+00,3.988212021773698268e-01,2.745988463689749779e-03,2.891377770986993203e-05,-9.170245947656735508e-01,6.282987425123311986e-01,1.507943806553374289e-01,-1.344226775095227755e-01,-4.058083510923217452e-03,-1.172443713808919534e-02,1.271872785410182809e-04,0.000000000000000000e+00
3.124000000000000110e+00,1.177213570548128629e+01,2.183080662315543563e+01,4.468664851705998586e+00,3.988235829568928525e-01,2.435540454600982219e-03,8.436555709373996380e-06,-9.170244368330352502e-01,6.260529604758049427e-01,1.497979665949979444e-01,-1.338365413235088341e-01,-4.601785111091391892e-03,-1.250981871475785254e-02,7.104912187655114549e-05,0.000000000000000000e+00
3.172000000000000153e+00,1.180213374488969791e+01,2.183797400689530122e+01,4.462254499869366065e+00,3.988248803311478241e-01,2.111085888213253773e-03,-7.795283634246835843e-06,-9.170246769223017180e-01,6.240755731066091050e-01,1.489372976390336833e-01,-1.333149495607437729e-01,-4.878151191016416935e-03,-1.272118429831226027e-02,2.891981784709528582e-05,0.000000000000000000e+00
3.220000000000000195e+00,1.183204404605222848e+01,2.184510360125558748e+01,4.455867672917563915e+00,3.988253678931434898e-01,1.786190497287009531e-03,-2.019844292556309415e-05,-9.170251550750556646e-01,6.223745240703248971e-01,1.482116551654864556e-01,-1.328504330232926911e-01,-4.934864017174904471e-03,-1.247282980559642415e-02,-7.698331068155312058e-07,0.000000000000000000e+00
3.268000000000000238e+00,1.186187983857573869e+01,2.185220177369472339e+01,4.449501803106183928e+00,3.988252878340415308e-01,1.471567668711026670e-03,-2.922061282372355147e-05,-9.170257485037413003e-01,6.209470286599753086e-01,1.476161003046344289e-01,-1.324365215635477655e-01,-4.816720455971889615e-03,-1.186992508060203885e-02,-2.003281603562614762e-05,0.000000000000000000e+00
3.316000000000000281e+00,1.189165399193128714e+01,2.185927456820848036e+01,4.443154610786373304e+00,3.988248429359835812e-01,1.175330895497739801e-03,-3.531917740365677922e-05,-9.170263693083918755e-01,6.197819362063153870e-01,1.471425226395211283e-01,-1.320675867362498257e-01,-4.564769379473699630e-03,-1.100700805300959713e-02,-3.100862227608503597e-05,0.000000000000000000e+00
3.363999999999999879e+00,1.192137867037206611e+01,2.186632757777159952e+01,4.436824067652064940e+00,3.988241943031410885e-01,9.032778830656082317e-04,-3.894431156268784517e-05,-9.170269595878075553e-01,6.188618658812478079e-01,1.467805706599960291e-01,-1.317387048071236855e-01,-4.215754191049459615e-03,-9.967143403388138354e-03,-3.574637573337038763e-05,0.000000000000000000e+00
3.411999999999999922e+00,1.195106508397372913e+01,2.187336585824186130e+01,4.430508365984261232e+00,3.988234631012744780e-01,6.591903509346384816e-04,-4.052606108899260668e-05,-9.170274854690166899e-01,6.181650942090380907e-01,1.465184587919493575e-01,-1.314455420687245246e-01,-3.801814985640205886e-03,-8.821633144912577329e-03,-3.607118035472877868e-05,0.000000000000000000e+00
3.459999999999999964e+00,1.198072332359731895e+01,2.188039387778145084e+01,4.424205892833383835e+00,3.988227348304267950e-01,4.451364176092511096e-04,-4.046494539966652887e-05,-9.170279310896357616e-01,6.176671851947423963e-01,1.463436508958791404e-01,-1.311842616822984364e-01,-3.350405587567124605e-03,-7.630172202194768043e-03,-3.351563337290531825e-05,0.000000000000000000e+00
3.508000000000000007e+00,1.201036226741487312e+01,2.188741549595379254e+01,4.417915208164945540e+00,3.988220649429785603e-01,2.617651352692994629e-04,-3.912560464472464490e-05,-9.170282931637502299e-01,6.173423642508707454e-01,1.462434241388239353e-01,-1.309514496172802800e-01,-2.884382858838704586e-03,-6.441350066305102234e-03,-2.929934056131076206e-05,0.000000000000000000e+00
3.556000000000000050e+00,1.203998954691300582e+01,2.189443396692396604e+01,4.411635026133636117e+00,3.988214849073185020e-01,1.085851982610232854e-04,-3.683301811542874450e-05,-9.170285764516319382e-01,6.171646451952431667e-01,1.462053201852360484e-01,-1.307440564770045721e-01,-2.422228861486903310e-03,-5.293409157527534208e-03,-2.434126821138139795e-05,0.000000000000000000e+00
3.604000000000000092e+00,1.206961156090103415e+01,2.190145196158427510e+01,4.405364198811168919e+00,3.988210080828699100e-01,-1.577794941649724800e-05,-3.387084252760567851e-05,-9.170287902326661467e-01,6.171087256906413465e-01,1.462174928309921684e-01,-1.305593518442446643e-01,-1.978370343843317662e-03,-4.215180985058814694e-03,-1.929233591432799781e-05,0.000000000000000000e+00
3.652000000000000135e+00,1.209923352690685228e+01,2.190847160390416093e+01,4.399101701849427393e+00,3.988206350010369827e-01,-1.133504560663704775e-04,-3.048145118367537996e-05,-9.170289457372248210e-01,6.171506708140105379e-01,1.462689626314243319e-01,-1.303948880345043859e-01,-1.563564305973555229e-03,-3.227132021414759900e-03,-1.457838665782935561e-05,0.000000000000000000e+00
3.700000000000000178e+00,1.212885956036630830e+01,2.191549451733299492e+01,4.392846621697916731e+00,3.988203578321407594e-01,-1.866060560966541996e-04,-2.686729403389174283e-05,-9.170290544115670128e-01,6.172684072090627305e-01,1.463497898608399628e-01,-1.302484706257216740e-01,-1.185322838759792895e-03,-2.342461978164443216e-03,-1.044628044664947760e-05,0.000000000000000000e+00
3.748000000000000220e+00,1.215849277313223098e+01,2.192252187763698146e+01,4.386598144106211628e+00,3.988201639595900794e-01,-2.382905473803220286e-04,-2.319324114076359668e-05,-9.170291268541775898e-01,6.174420517251086871e-01,1.464511773964344565e-01,-1.301181337005330729e-01,-8.483548304728031047e-04,-1.568207541551578385e-03,-7.008165558333896028e-06,0.000000000000000000e+00
3.796000000000000263e+00,1.218813538398964447e+01,2.192955446910491446e+01,4.380355543726457412e+00,3.988200386824291566e-01,-2.712744754440502373e-04,-1.958961571976290011e-05,-9.170291722577600391e-01,6.176540988060368331e-01,1.465655149469639873e-01,-1.300021182949786802e-01,-5.550063471657648096e-04,-9.063143478108416206e-04,-4.280895538786711998e-06,0.000000000000000000e+00
3.843999999999999861e+00,1.221778883501836610e+01,2.193659274159358574e+01,4.374118174690218019e+00,3.988199671315076911e-01,-2.884328825975987173e-04,-1.615566611897154963e-05,-9.170291982061919978e-01,6.178894903839414754e-01,1.466863755413708725e-01,-1.298988530366746164e-01,-3.056854132682513647e-04,-3.546488684851207846e-04,-2.219053725135358639e-06,0.000000000000000000e+00
3.891999999999999904e+00,1.224745390875591511e+01,2.194363686638908106e+01,4.367885462072190528e+00,3.988199355195476969e-01,-2.925503352396758997e-04,-1.296326759710244707e-05,-9.170292107007497195e-01,6.181355908525481002e-01,1.468084744407979758e-01,-1.298069363475932991e-01,-9.926047582855184815e-05,9.207018000911490474e-05,-7.411397909271581451e-07,0.000000000000000000e+00
3.939999999999999947e+00,1.227713084215550765e+01,2.195068678932437578e+01,4.361656894175340859e+00,3.988199318583043329e-01,-2.862489925938576534e-04,-1.006068368778894755e-05,-9.170292143180803768e-01,6.183820880265447073e-01,1.469275997150810420e-01,-1.297251198751913914e-01,6.657501157876314095e-05,4.414343519396473356e-04,2.507878528411775421e-07,0.000000000000000000e+00
3.987999999999999989e+00,1.230681943428647074e+01,2.195774228001091544e+01,4.355432015582859862e+00,3.988199462732724965e-01,-2.719371986023757376e-04,-7.476252686068904856e-06,-9.170292124293812908e-01,6.186208389925120787e-01,1.470405226974461355e-01,-1.296522930087110614e-01,1.949767194214324455e-04,7.026094488578084329e-04,8.572721153972439422e-07,0.000000000000000000e+00
4.036000000000000476e+00,1.233651914557522922e+01,2.196480297640828994e+01,4.349210420925906817e+00,3.988199710336812198e-01,-2.517759392487791564e-04,-5.221896961803833653e-06,-9.170292074336038324e-01,6.188456775609895155e-01,1.471448954540020004e-01,-1.295874684510244512e-01,2.896648140540153014e-04,8.857035812190735755e-04,1.172456107779623013e-06,0.000000000000000000e+00
4.084000000000000519e+00,1.236622918712807540e+01,2.197186842427020181e+01,4.342991749315987526e+00,3.988200003973502161e-01,-2.276604847157619389e-04,-3.296381174997803122e-06,-9.170292009761167318e-01,6.190521977506440177e-01,1.472391413229892920e-01,-1.295297688694586891e-01,3.546811985905676842e-04,1.001237978657616408e-03,1.278898990695395507e-06,0.000000000000000000e+00
4.131999999999999673e+00,1.239594859931032644e+01,2.197893811126851915e+01,4.336775679389268667e+00,3.988200303498414812e-01,-2.012146055932882325e-04,-1.688269972323586829e-06,-9.170291941381060186e-01,6.192375254665632989e-01,1.473223435285729299e-01,-1.294784146603970287e-01,3.941877351266034695e-04,1.059716132991435182e-03,1.245238114366260368e-06,0.000000000000000000e+00
4.179999999999999716e+00,1.242567631928299221e+01,2.198601149581097403e+01,4.330561924908715277e+00,3.988200582976438868e-01,-1.737948929336257319e-04,-3.785564424601979042e-07,-9.170291875914615698e-01,6.194000883475995201e-01,1.473941358826387493e-01,-1.294327128485107947e-01,4.123033969017270194e-04,1.071284574262749588e-03,1.125842950686692187e-06,0.000000000000000000e+00
4.227999999999999758e+00,1.245541123762294866e+01,2.199308803073676444e+01,4.324350230869633549e+00,3.988200827574218121e-01,-1.465029037146919346e-04,6.570503359054534134e-07,-9.170291817198794604e-01,6.195393917067328893e-01,1.474545986753228732e-01,-1.293920471151781826e-01,4.129774503898146092e-04,1.045476998844151314e-03,9.617534308807218770e-07,0.000000000000000000e+00
4.275999999999999801e+00,1.248515224448333960e+01,2.200016718220163270e+01,4.318140370055198574e+00,3.988201030684417892e-01,-1.202030790991629979e-04,1.446176661625691546e-06,-9.170291767101017566e-01,6.196558066119471908e-01,1.475041620339190840e-01,-1.293558689214129032e-01,3.998951947049559264e-04,9.910324930972784843e-04,7.823490326593113847e-07,0.000000000000000000e+00
4.323999999999999844e+00,1.251489826599684640e+01,2.200724844415394088e+01,4.311932139990918067e+00,3.988201191434758153e-01,-9.554462815017788775e-05,2.018161941707825108e-06,-9.170291726185900716e-01,6.197503744776357015e-01,1.475435183077126733e-01,-1.293236896644769929e-01,3.764124493339743934e-04,9.157781300376303078e-04,6.073393010613665210e-07,0.000000000000000000e+00
4.371999999999999886e+00,1.254464829179526042e+01,2.201433134886157816e+01,4.305725360250442613e+00,3.988201312646458829e-01,-7.298582222820111339e-05,2.402742431162328105e-06,-9.170291694190261245e-01,6.198246310709348839e-01,1.475735444157633969e-01,-1.292950737875345479e-01,3.455148419676011616e-04,8.265661673201490965e-04,4.487922446261916299e-07,0.000000000000000000e+00
4.419999999999999929e+00,1.257440139462475059e+01,2.202141547398078103e+01,4.299519870069373972e+00,3.988201399245280276e-01,-5.281939532686315421e-05,2.629015231123074765e-06,-9.170291670354772107e-01,6.198804515867790688e-01,1.475952345744513672e-01,-1.292696327494014807e-01,3.097979687935591034e-04,7.292563559454204487e-04,3.130200901561494538e-07,0.000000000000000000e+00
4.467999999999999972e+00,1.260415674308789669e+01,2.202850044666623575e+01,4.293315526228327350e+00,3.988201457089118329e-01,-3.519798545077562331e-05,2.724653444295999934e-06,-9.170291653652035135e-01,6.199199174053791062e-01,1.476096433974507516e-01,-1.292470197563654333e-01,2.714646454663292179e-04,6.287344012443613463e-04,2.022216659714548857e-07,0.000000000000000000e+00
4.516000000000000014e+00,1.263391360855022505e+01,2.203558594521273406e+01,4.287112201171175307e+00,3.988201492154428429e-01,-2.015877609405109463e-05,2.715341737294751969e-06,-9.170291642941483801e-01,6.199452043057527284e-01,1.476178390262395113e-01,-1.292269251590718315e-01,2.323357066267906542e-04,5.289583303319187737e-04,1.158389958132601729e-07,0.000000000000000000e+00
4.564000000000000057e+00,1.266367136722054099e+01,2.204267169869518739e+01,4.280909781329003572e+00,3.988201510015139672e-01,-7.646700972018487044e-06,2.624401284587687785e-06,-9.170291637073325619e-01,6.199584912540907489e-01,1.476208656962609278e-01,-1.292090724230823828e-01,1.938711175018457923e-04,4.330253517843536226e-04,5.162550988311933759e-08,0.000000000000000000e+00
4.612000000000000099e+00,1.269342949835869305e+01,2.204975748504031330e+01,4.274708165624382161e+00,3.988201515547893927e-01,2.464243089914449971e-06,2.472573869345042071e-06,-9.170291634957022930e-01,6.199618883983862849e-01,1.476197149634473071e-01,-1.291932145903047224e-01,1.571985086554600049e-04,3.432526913946835293e-04,6.448187210596293019e-09,0.000000000000000000e+00
4.660000000000000142e+00,1.272318757948928969e+01,2.205684312792291024e+01,4.268507264134372647e+00,3.988201512803211113e-01,1.035187201988892654e-05,2.277936524758776103e-06,-9.170291635604566061e-01,6.199573825613803324e-01,1.476153046985565764e-01,-1.291791311586695523e-01,1.231466140005739115e-04,2.612668090280462316e-04,-2.314055093870831977e-08,0.000000000000000000e+00
4.708000000000000185e+00,1.275294527941205658e+01,2.206392849283479762e+01,4.262306996893802769e+00,3.988201504991058521e-01,1.622904159538181892e-05,2.055920280905661139e-06,-9.170291638155574354e-01,6.199467983123105874e-01,1.476084648931465793e-01,-1.291666253180326074e-01,9.228146598260582030e-05,1.880963108150849152e-04,-4.052008330592202749e-08,0.000000000000000000e+00
4.756000000000000227e+00,1.278270234970420383e+01,2.207101348262804663e+01,4.256107292823128496e+00,3.988201494539072023e-01,2.032927695046417399e-05,1.819409136233060904e-06,-9.170291641888885792e-01,6.199317725940494128e-01,1.475999293017878911e-01,-1.291555214904149818e-01,6.494356703431455402e-05,1.242647409868919773e-04,-4.876704712015425164e-08,0.000000000000000000e+00
4.804000000000000270e+00,1.281245861531233743e+01,2.207809803278760086e+01,4.249908088767406333e+00,3.988201483191431418e-01,2.289476625086105888e-05,1.578898131524031259e-06,-9.170291646223871496e-01,6.199137408665943427e-01,1.475903319615539944e-01,-1.291456631318922965e-01,4.128460275514956419e-05,6.988024840258292864e-05,-5.053165760249285981e-08,0.000000000000000000e+00
4.852000000000000313e+00,1.284221396473479970e+01,2.208518210664338000e+01,4.243709328634745148e+00,3.988201472125078584e-01,2.416661104437202093e-05,1.342692231128586544e-06,-9.170291650714090803e-01,6.198939327823708156e-01,1.475802076738806090e-01,-1.291369107613558609e-01,2.130258235795488928e-05,2.471986029482184941e-05,-4.799283902410886384e-08,0.000000000000000000e+00
4.900000000000000355e+00,1.287196834020265257e+01,2.209226569068961510e+01,4.237510962624132738e+00,3.988201462067443304e-01,2.437717471636534174e-05,1.117130503099935776e-06,-9.170291655035495149e-01,6.198733755167595838e-01,1.475699955983041378e-01,-1.291291401879070821e-01,4.874580759284371901e-06,-1.169324864476314617e-05,-4.286601837038319595e-08,0.000000000000000000e+00
4.948000000000000398e+00,1.290172172818110852e+01,2.209934879014046771e+01,4.231312946533671848e+00,3.988201453405614827e-01,2.374433539895484045e-05,9.068227543797561055e-07,-9.170291658970927129e-01,6.198529030238498772e-01,1.475600451859933049e-01,-1.291222409139183014e-01,-8.213488625053590013e-06,-4.002053410629566934e-05,-3.644322436104279372e-08,0.000000000000000000e+00
4.996000000000000441e+00,1.293147415043463155e+01,2.210643142481598389e+01,4.225115241141338629e+00,3.988201446281499640e-01,2.246742836066262179e-05,7.148882597059480710e-07,-9.170291662392672238e-01,6.198331696596324214e-01,1.475506237678877453e-01,-1.291161146948634486e-01,-1.824042192734703227e-05,-6.104746599031335311e-05,-2.965032778009689237e-08,0.000000000000000000e+00
5.044000000000000483e+00,1.296122565582892072e+01,2.211351362542201571e+01,4.218917811651150096e+00,3.988201440670698927e-01,2.072465312660519104e-05,5.431884831048613934e-07,-9.170291665244436619e-01,6.198146668016383254e-01,1.475419252030450712e-01,-1.291106742401450791e-01,-2.552676090663866747e-05,-7.563167800841623736e-05,-2.311068302183835480e-08,0.000000000000000000e+00
5.092000000000000526e+00,1.299097631298218580e+01,2.212059543026161634e+01,4.212720627198311973e+00,3.988201436445011350e-01,1.867172022400763175e-05,3.925477049846699651e-07,-9.170291667523953194e-01,6.197977412861706004e-01,1.475340790837123273e-01,-1.291058420414651631e-01,-3.041533357102208459e-05,-8.465972277756282052e-05,-1.720800286924330747e-08,0.000000000000000000e+00
5.139999999999999680e+00,1.302072620382653234e+01,2.212767688239336650e+01,4.206523660407563980e+00,3.988201433419795161e-01,1.644151953194315918e-05,2.629572256313132555e-07,-9.170291669267069956e-01,6.197826146743665721e-01,1.475271600817048279e-01,-1.291015493170327988e-01,-3.325519665091661249e-05,-8.901202498807236929e-05,-1.214405664816206600e-08,0.000000000000000000e+00
5.187999999999999723e+00,1.305047541809753753e+01,2.213475802723454322e+01,4.200326886999413922e+00,3.988201431388200269e-01,1.414460493136352479e-05,1.537603176756271287e-07,-9.170291670533919914e-01,6.197694025405446894e-01,1.475211971036412273e-01,-1.290977350612082242e-01,-3.438878677106868814e-05,-8.953544365544760064e-05,-7.988827682492494963e-09,0.000000000000000000e+00
5.235999999999999766e+00,1.308022404873591427e+01,2.214183891059305154e+01,4.194130285439459094e+00,3.988201430144519555e-01,1.187030669356090449e-05,6.381635479314399068e-08,-9.170291671397508004e-01,6.197581331463539733e-01,1.475161819988353717e-01,-1.290943451901844785e-01,-3.414202230707078141e-05,-8.702273052732669529e-05,-4.722215828462965752e-09,0.000000000000000000e+00
5.283999999999999808e+00,1.310997218815867349e+01,2.214891957710130299e+01,4.187933836626405615e+00,3.988201429498935413e-01,9.688302412607950189e-06,-8.356433681119833923e-09,-9.170291671934783784e-01,6.197487650191434438e-01,1.475120776321261484e-01,-1.290913317751202494e-01,-3.281705535551529117e-05,-8.219809727735945465e-05,-2.267326321708057667e-09,0.000000000000000000e+00
5.331999999999999851e+00,1.313971992533773836e+01,2.215600006901829389e+01,4.181737523614807550e+00,3.988201429285715971e-01,7.650498090882100445e-06,-6.445932325341553099e-08,-9.170291672220141077e-01,6.197412030908455716e-01,1.475088251940549211e-01,-1.290886523548114007e-01,-3.068734966319488908e-05,-7.570807112613067507e-05,-5.159898680710489675e-10,0.000000000000000000e+00
5.379999999999999893e+00,1.316946734361062887e+01,2.216308042536092060e+01,4.175541331368881615e+00,3.988201429366676209e-01,5.793092241979249475e-06,-1.063116927508871378e-07,-9.170291672321039256e-01,6.197353131736049736e-01,1.475063506723915674e-01,-1.290862693205865330e-01,-2.799475248474738126e-05,-6.811681931687427010e-05,6.525239731721193010e-10,0.000000000000000000e+00
5.427999999999999936e+00,1.319921451913990218e+01,2.217016068132328854e+01,4.169345246544120087e+00,3.988201429631372252e-01,4.138716791187827330e-06,-1.357685336457519287e-07,-9.170291672295468599e-01,6.197309346502571925e-01,1.475045704521852907e-01,-1.290841493666688156e-01,-2.494823310066960121e-05,-5.990515024794447387e-05,1.358494533754073438e-09,0.000000000000000000e+00
5.475999999999999979e+00,1.322896151993433023e+01,2.217724086794224192e+01,4.163149257293734529e+00,3.988201429995216207e-01,2.698568517932044903e-06,-1.546552376616868027e-07,-9.170291672190888921e-01,6.197278913420524171e-01,1.475033960466601290e-01,-1.290822629997522841e-01,-2.172397528024616554e-05,-5.147244652894072638e-05,1.713338852761668874e-09,0.000000000000000000e+00
5.524000000000000021e+00,1.325870840534486916e+01,2.218432101196792416e+01,4.156953353097216031e+00,3.988201430396390301e-01,1.474463345384884936e-06,-1.647178464350405457e-07,-9.170291672044249554e-01,6.197260005836949803e-01,1.475027379889319590e-01,-1.290805841020382927e-01,-1.846653275540341771e-05,-4.314084696632945840e-05,1.814767468268218009e-09,0.000000000000000000e+00
5.572000000000000064e+00,1.328845522595138462e+01,2.219140113590044194e+01,4.150757524608596150e+00,3.988201430792238655e-01,4.607626297748992100e-07,-1.675868635160279660e-07,-9.170291671882786488e-01,6.197250805881251434e-01,1.475025089353826924e-01,-1.290790895424435980e-01,-1.529078352433114091e-05,-3.516106548128305890e-05,1.744596660215168458e-09,0.000000000000000000e+00
5.620000000000000107e+00,1.331820202376098727e+01,2.219848125815637374e+01,4.144561763522239595e+00,3.988201431155550813e-01,-3.538644528300474716e-07,-1.647527255225580522e-07,-9.170291671725258054e-01,6.197249562220374930e-01,1.475026260463430938e-01,-1.290777588311343427e-01,-1.228444859807192069e-05,-2.771931091519211785e-05,1.568439958291364603e-09,0.000000000000000000e+00
5.668000000000000149e+00,1.334794883264552645e+01,2.220556139333248424e+01,4.138366062454172045e+00,3.988201431471085079e-01,-9.848653675205522829e-07,-1.575510878269830458e-07,-9.170291671583435944e-01,6.197254633395707923e-01,1.475030127193012464e-01,-1.290765738129604212e-01,-9.510971994314258460e-06,-2.094484908714460680e-05,1.336651435788772976e-09,0.000000000000000000e+00
5.716000000000000192e+00,1.337769567895313472e+01,2.221264155253748029e+01,4.132170414837214700e+00,3.988201431732436575e-01,-1.450427508989301195e-06,-1.471561846419125140e-07,-9.170291671463606242e-01,6.197264518376108811e-01,1.475035997549675182e-01,-1.290755183957546515e-01,-7.012590055680438108e-06,-1.491782447225077042e-05,1.086018970213570901e-09,0.000000000000000000e+00
5.764000000000000234e+00,1.340744258223700314e+01,2.221972174376684706e+01,4.125974814828329507e+00,3.988201431939405461e-01,-1.770303260243184625e-06,-1.345806601593634687e-07,-9.170291671367993835e-01,6.197277876034130717e-01,1.475043260379617360e-01,-1.290745783098340149e-01,-4.813448467407506807e-06,-9.677031303325056940e-06,8.418321970308988384e-10,0.000000000000000000e+00
5.812000000000000277e+00,1.343718955605256760e+01,2.222680197229950139e+01,4.119779257226775293e+00,3.988201432095822008e-01,-1.964832543439286333e-06,-1.206804243543533438e-07,-9.170291671296022518e-01,6.197293535253781682e-01,1.475051388123708729e-01,-1.290737408953640253e-01,-2.922653890017153911e-06,-5.227391133062955769e-06,6.200541265194552181e-10,0.000000000000000000e+00
5.860000000000000320e+00,1.346693660878254839e+01,2.223388224109878664e+01,4.113583737401808271e+00,3.988201432207874597e-01,-2.054153031899333570e-06,-1.061632548362571172e-07,-9.170291671245351939e-01,6.197310497323341716e-01,1.475059936286312046e-01,-1.290729949145749123e-01,-1.337173318095749313e-06,-1.546954860514660732e-06,4.294070537876384762e-10,0.000000000000000000e+00
5.908000000000000362e+00,1.349668374445683483e+01,2.224096255120403143e+01,4.107388251228817566e+00,3.988201432282828529e-01,-2.057584135926045607e-06,-9.160003666334320970e-08,-9.170291671212691398e-01,6.197327932169205411e-01,1.475068540327172384e-01,-1.290723303860925875e-01,-4.451778124840840119e-08,1.406698783753086984e-06,2.732534875196376685e-10,0.000000000000000000e+00
5.956000000000000405e+00,1.352643096354148433e+01,2.224804290210186863e+01,4.101192795032878813e+00,3.988201432328128959e-01,-1.993168131263876541e-06,-7.743769912875433004e-08,-9.170291671194427119e-01,6.197345169858949898e-01,1.475076910620023718e-01,-1.290717384389153399e-01,9.748323964442337985e-07,3.690749516681953137e-06,1.512160470490536407e-10,0.000000000000000000e+00
6.004000000000000448e+00,1.355617826367746659e+01,2.225512329206957673e+01,4.094997365538875833e+00,3.988201432350794717e-01,-1.877350179787891651e-06,-6.401306774763410442e-08,-9.170291671187027482e-01,6.197361688654347001e-01,1.475084826048513598e-01,-1.290712111838064613e-01,1.745285935183789372e-06,5.372148251896279020e-06,6.050775141241662131e-11,0.000000000000000000e+00
6.052000000000000490e+00,1.358592564035559569e+01,2.226220371848531698e+01,4.088801959827368826e+00,3.988201432357055820e-01,-1.724778312205509762e-06,-5.156699755666972553e-08,-9.170291671187302818e-01,6.197377100736748412e-01,1.475092126733888731e-01,-1.290707416000995700e-01,2.294292974396638345e-06,6.523365487604734873e-06,-3.024631117060791618e-12,0.000000000000000000e+00
6.100000000000000533e+00,1.361567308751907213e+01,2.226928417810208671e+01,4.082606575295548268e+00,3.988201432352187492e-01,-1.548204525693881618e-06,-4.025828817289358063e-08,-9.170291671192585259e-01,6.197391136565801872e-01,1.475098706312810704e-01,-1.290703234361051110e-01,2.650789990565464371e-06,7.218858555017828498e-06,-4.411577192449103820e-11,0.000000000000000000e+00
6.147999999999999687e+00,1.364542059808914587e+01,2.227636466728419862e+01,4.076411209622641252e+00,3.988201432340434671e-01,-1.358468831291496339e-06,-3.017700078659341373e-08,-9.170291671200708761e-01,6.197403628673687770e-01,1.475104504110031911e-01,-1.290699511215100126e-01,2.843926423604740679e-06,7.532221025917331597e-06,-6.752861105224287072e-11,0.000000000000000000e+00
6.195999999999999730e+00,1.367516816441301408e+01,2.228344518220660220e+01,4.070215860739250680e+00,3.988201432325075846e-01,-1.164549217503395652e-06,-2.135690173034702729e-08,-9.170291671210057949e-01,6.197414495545627844e-01,1.475109497481441323e-01,-1.290696196903219628e-01,2.902055169696768065e-06,7.533963079699856524e-06,-7.768900580001418483e-11,0.000000000000000000e+00
6.243999999999999773e+00,1.370491577863571742e+01,2.229052571901831570e+01,4.064020526800149469e+00,3.988201432308515204e-01,-9.736619457406225401e-07,-1.378684659680786407e-08,-9.170291671219488183e-01,6.197423726096745744e-01,1.475113694539390563e-01,-1.290693247130663690e-01,2.851964179562103499e-06,7.289861858089113577e-06,-7.847168210473352804e-11,0.000000000000000000e+00
6.291999999999999815e+00,1.373466343299994108e+01,2.229760627397229200e+01,4.057825206160101672e+00,3.988201432292404758e-01,-7.913982453721093482e-07,-7.420993884023634748e-09,-9.170291671228247843e-01,6.197431365127754610e-01,1.475117127415193352e-01,-1.290690622370969098e-01,2.718323277437027847e-06,6.859815121659868374e-06,-7.310219471033774325e-11,0.000000000000000000e+00
6.339999999999999858e+00,1.376441112007915102e+01,2.230468684352459974e+01,4.051629897352371223e+00,3.988201432277787561e-01,-6.218852342973981795e-07,-2.187798463936003286e-09,-9.170291671235908382e-01,6.197437500028881718e-01,1.475119846163645276e-01,-1.290688287340076568e-01,2.523318703964646251e-06,6.297129200918031531e-06,-6.414141100798638156e-11,0.000000000000000000e+00
6.387999999999999901e+00,1.379415883295056489e+01,2.231176742440615257e+01,4.045434599069589687e+00,3.988201432265232049e-01,-4.679606751111563219e-07,2.002215902953949313e-09,-9.170291671242277731e-01,6.197442248903419770e-01,1.475121913371548465e-01,-1.290686210532489275e-01,2.286447537462888896e-06,5.648172648061727813e-06,-5.352370191509238941e-11,0.000000000000000000e+00
6.435999999999999943e+00,1.382390656531500461e+01,2.231884801367045768e+01,4.039239310146705009e+00,3.988201432254956935e-01,-3.313529233129963305e-07,5.249867936982588344e-09,-9.170291671247344789e-01,6.197445750199499503e-01,1.475123399496371668e-01,-1.290684363811669122e-01,2.024444780604392594e-06,4.952329564448893676e-06,-4.263172253317855188e-11,0.000000000000000000e+00
6.483999999999999986e+00,1.385365431157096694e+01,2.232592860872087215e+01,4.033044029545764353e+00,3.988201432246931688e-01,-2.128590834530638387e-07,7.661849006424651493e-09,-9.170291671251193932e-01,6.197448153870478427e-01,1.475124378932042568e-01,-1.290682722047785391e-01,1.751317307372564120e-06,4.242190761129245858e-06,-3.238253214789773842e-11,0.000000000000000000e+00
6.532000000000000028e+00,1.388340206685017009e+01,2.233300920732081707e+01,4.026848756342339186e+00,3.988201432240966460e-01,-1.125159257701563221e-07,9.346287337741187846e-09,-9.170291671253971710e-01,6.197449614029900689e-01,1.475124926775965017e-01,-1.290681262796799789e-01,1.478460819161705550e-06,3.543926219850842471e-06,-2.332312495521959298e-11,0.000000000000000000e+00
6.580000000000000071e+00,1.391314982702157366e+01,2.234008980759021767e+01,4.020653489713380324e+00,3.988201432236781474e-01,-2.975950550584683285e-08,1.040924903007837560e-08,-9.170291671255850208e-01,6.197450283025240925e-01,1.475125116254130953e-01,-1.290679966015716718e-01,1.214838286171847071e-06,2.877788364429183902e-06,-1.571785298747185185e-11,0.000000000000000000e+00
6.628000000000000114e+00,1.394289758867039808e+01,2.234717040799115395e+01,4.014458228926365280e+00,3.988201432234068089e-01,3.642934474610789159e-08,1.095207199056502658e-08,-9.170291671257030375e-01,6.197450306824190402e-01,1.475125016748981277e-01,-1.290678813809372771e-01,9.672008981663470074e-07,2.258702055644627661e-06,-9.627890326327802062e-12,0.000000000000000000e+00
6.676000000000000156e+00,1.397264534905815836e+01,2.235425100730550696e+01,4.008262973329586920e+00,3.988201432232508781e-01,8.739541843346760559e-08,1.106942699453015257e-08,-9.170291671257672084e-01,6.197449821586696883e-01,1.475124692366834578e-01,-1.290677790204929898e-01,7.403351751149131925e-07,1.696903717805191682e-06,-4.977068535150142125e-12,0.000000000000000000e+00
6.724000000000000199e+00,1.400239310606900567e+01,2.236133160460694214e+01,4.002067722343455536e+00,3.988201432231817667e-01,1.246963088172768644e-07,1.084800184537728992e-08,-9.170291671257929655e-01,6.197448951284042495e-01,1.475124200977555589e-01,-1.290676880950691885e-01,5.373225063171300169e-07,1.198598345939652484e-06,-1.607460767735284394e-12,0.000000000000000000e+00
6.772000000000000242e+00,1.403214085814703616e+01,2.236841219922938961e+01,3.995872475452717065e+00,3.988201432231741062e-01,1.500064941903784026e-07,1.036570918789468315e-08,-9.170291671257925215e-01,6.197447806221206834e-01,1.475123593658044518e-01,-1.290676073336245733e-01,3.597998886223804832e-07,7.666091733950321566e-07,6.790736861051794769e-13,0.000000000000000000e+00
6.820000000000000284e+00,1.406188860422856912e+01,2.237549279073375175e+01,3.989677232199478230e+00,3.988201432232062471e-01,1.650378927140908653e-07,9.691325162531419815e-09,-9.170291671257759791e-01,6.197446482319706185e-01,1.475122914472486169e-01,-1.290675356031472654e-01,2.082129859698626358e-07,4.010003480249785740e-07,2.094503364331360442e-12,0.000000000000000000e+00
6.868000000000000327e+00,1.409163634367263818e+01,2.238257337887424825e+01,3.983481992176960862e+00,3.988201432232617027e-01,1.714759999580622007e-07,8.884473970966654568e-09,-9.170291671257506660e-01,6.197445061023334478e-01,1.475122200525518790e-01,-1.290674718942216859e-01,8.205477835587140794e-08,9.965800224849077222e-08,2.841948327397107886e-12,0.000000000000000000e+00
6.916000000000000369e+00,1.412138407619236169e+01,2.238965396356569215e+01,3.977286755023914822e+00,3.988201432233280941e-01,1.709304002807704888e-07,7.995882149974070124e-09,-9.170291671257218002e-01,6.197443609698021216e-01,1.475121482229125869e-01,-1.290674153080749176e-01,-1.991503380483383258e-08,-1.411804480453844569e-07,3.103386817301623861e-12,0.000000000000000000e+00
6.964000000000000412e+00,1.415113180178925489e+01,2.239673454485237869e+01,3.971091520419611332e+00,3.988201432233962618e-01,1.648982289874163550e-07,7.067835466143882663e-09,-9.170291671256931565e-01,6.197442182408080535e-01,1.475120783729600427e-01,-1.290673650449393473e-01,-9.947303043986834844e-08,-3.264551024416079262e-07,3.032464977472122389e-12,0.000000000000000000e+00
7.012000000000000455e+00,1.418087952069203439e+01,2.240381512287937937e+01,3.964896288079369668e+00,3.988201432234606547e-01,1.547390398088586043e-07,6.134780278229730703e-09,-9.170291671256668442e-01,6.197440820963703301e-01,1.475120123447057063e-01,-1.290673203935903124e-01,-1.587592278578453777e-07,-4.618735670612401791e-07,2.753710180449238569e-12,0.000000000000000000e+00
7.060000000000000497e+00,1.421062723330091160e+01,2.241089569786662850e+01,3.958701057750556807e+00,3.988201432235174426e-01,1.416594863140648887e-07,5.224019980350261599e-09,-9.170291671256441957e-01,6.197439556147955608e-01,1.475119514686353550e-01,-1.290672807219374607e-01,-2.001289727653362316e-07,-5.535625782780679692e-07,2.362867266860198703e-12,0.000000000000000000e+00
7.108000000000000540e+00,1.424037494013810523e+01,2.241797627008605431e+01,3.952505829209008503e+00,3.988201432235650157e-01,1.267062417005167852e-07,4.356465395007960592e-09,-9.170291671256256549e-01,6.197438409045068486e-01,1.475118966284625077e-01,-1.290672454685610482e-01,-2.260292112192374216e-07,-6.077795964752735984e-07,1.930442535916715574e-12,0.000000000000000000e+00
7.156000000000000583e+00,1.427012264180483037e+01,2.242505683984182596e+01,3.946310602255841182e+00,3.988201432236030408e-01,1.107656454089715779e-07,3.547405577023118023e-09,-9.170291671256111110e-01,6.197437392405075185e-01,1.475118483266794067e-01,-1.290672141350994173e-01,-2.388980412319231690e-07,-6.306811019672892889e-07,1.504820300048400179e-12,0.000000000000000000e+00
7.203999999999999737e+00,1.429987033894480675e+01,2.243213740745374096e+01,3.940115376714606654e+00,3.988201432236320731e-01,9.456866489513510468e-08,2.807272327568202120e-09,-9.170291671256003418e-01,6.197436511992362451e-01,1.475118067486183848e-01,-1.290671862794048885e-01,-2.410859222082828877e-07,-6.281431646847467827e-07,1.116193867426379475e-12,0.000000000000000000e+00
7.251999999999999780e+00,1.432961803221412111e+01,2.243921797324359702e+01,3.933920152428752370e+00,3.988201432236532229e-01,7.869988579018728538e-08,2.142377900342769534e-09,-9.170291671255926813e-01,6.197435767877410573e-01,1.475117718232683284e-01,-1.290671615093932911e-01,-2.347965404040139969e-07,-6.056290904909082531e-07,7.806955716149030568e-13,0.000000000000000000e+00
7.299999999999999822e+00,1.435936572225707408e+01,2.244629853752437043e+01,3.927724929259367670e+00,3.988201432236676558e-01,6.360938426211459766e-08,1.555610659388147747e-09,-9.170291671255876853e-01,6.197435155641398685e-01,1.475117432795626238e-01,-1.290671394775221303e-01,-2.220451083159906657e-07,-5.680985107136238880e-07,5.048233893738132921e-13,0.000000000000000000e+00
7.347999999999999865e+00,1.438911340968751595e+01,2.245337910059194897e+01,3.921529707083177829e+00,3.988201432236761490e-01,4.962648365676777667e-08,1.047078068476966882e-09,-9.170291671255846877e-01,6.197434667472695446e-01,1.475117206972745842e-01,-1.290671198758380489e-01,-2.046317688012114107e-07,-5.199521177744746727e-07,2.888469462948046744e-13,0.000000000000000000e+00
7.395999999999999908e+00,1.441886109507516345e+01,2.246045966271917749e+01,3.915334485790758823e+00,3.988201432236805344e-01,3.697454704974854430e-08,6.146902234325691949e-10,-9.170291671255832444e-01,6.197434293142214390e-01,1.475117035520119302e-01,-1.290671024315389326e-01,-1.841277725669963503e-07,-4.650063140675687471e-07,1.284458887791929351e-13,0.000000000000000000e+00
7.443999999999999950e+00,1.444860877893623119e+01,2.246754022415189667e+01,3.909139265284952813e+00,3.988201432236820332e-01,2.578610300499174035e-08,2.546803770926832071e-10,-9.170291671255831334e-01,6.197434020851299019e-01,1.475116912540985481e-01,-1.290670869030035861e-01,-1.618721710275392581e-07,-4.064922780843432930e-07,1.589861569070999569e-14,0.000000000000000000e+00
7.491999999999999993e+00,1.447835646172783264e+01,2.247462078510667283e+01,3.902944045479471491e+00,3.988201432236814226e-01,1.611773958289488647e-08,-3.793855263011100122e-11,-9.170291671255832444e-01,6.197433837951424884e-01,1.475116831813756690e-01,-1.290670730762444596e-01,-1.389768959961302316e-07,-3.470743139465675494e-07,-5.773851245044582936e-14,0.000000000000000000e+00
7.540000000000000036e+00,1.450810414384549496e+01,2.248170134576996659e+01,3.896748826297647295e+00,3.988201432236796462e-01,7.964328786343893257e-09,-2.689804489344672675e-10,-9.170291671255845767e-01,6.197433731539220281e-01,1.475116787061429569e-01,-1.290670607617427634e-01,-1.163382762839414329e-07,-2.888828124624499854e-07,-1.005859840529614273e-13,0.000000000000000000e+00
7.588000000000000078e+00,1.453785182562321943e+01,2.248878190629845619e+01,3.890553607671337843e+00,3.988201432236770927e-01,1.272258152937662192e-09,-4.447528865219050201e-10,-9.170291671255859089e-01,6.197433688933787765e-01,1.475116772166041867e-01,-1.290670497916293069e-01,-9.465324061681303610e-08,-2.335576555289328724e-07,-1.200799143324868548e-13,0.000000000000000000e+00
7.636000000000000121e+00,1.456759950733554909e+01,2.249586246682022761e+01,3.884358389539951606e+00,3.988201432236744282e-01,-4.048552930660586920e-09,-5.717806915353124991e-10,-9.170291671255872412e-01,6.197433698045555772e-01,1.475116781332815319e-01,-1.290670400171795018e-01,-7.443867333007798028e-08,-1.822984427878597525e-07,-1.232543591664686432e-13,0.000000000000000000e+00
7.684000000000000163e+00,1.459734718920115526e+01,2.250294302743667885e+01,3.878163171849585922e+00,3.988201432236717636e-01,-8.113987821253208227e-09,-6.565817303712693417e-10,-9.170291671255885735e-01,6.197433747647613789e-01,1.475116809209290059e-01,-1.290670313065858665e-01,-5.605261433256821849e-08,-1.359184589343754977e-07,-1.159245081546041116e-13,0.000000000000000000e+00
7.732000000000000206e+00,1.462709487138747733e+01,2.251002358822482563e+01,3.871967954552269831e+00,3.988201432236693211e-01,-1.105648090994810184e-08,-7.054899313116629952e-10,-9.170291671255899058e-01,6.197433827561245057e-01,1.475116850965074444e-01,-1.290670235429861590e-01,-3.971620710558864522e-08,-9.489983032953670055e-08,-1.019555234554811617e-13,0.000000000000000000e+00
7.780000000000000249e+00,1.465684255401608915e+01,2.251710414923998016e+01,3.865772737605292164e+00,3.988201432236668786e-01,-1.301718286525270715e-08,-7.245203831743038775e-10,-9.170291671255902388e-01,6.197433928767788203e-01,1.475116902337935409e-01,-1.290670166227168847e-01,-2.553550923407579819e-08,-5.944782119007825303e-08,-8.514198876397932274e-14,0.000000000000000000e+00
7.828000000000000291e+00,1.468659023716841361e+01,2.252418471051851867e+01,3.859577520970609577e+00,3.988201432236652133e-01,-1.413949909990258661e-08,-7.192712630896616223e-10,-9.170291671255912380e-01,6.197434043458761588e-01,1.475116959651830151e-01,-1.290670104537721963e-01,-1.352247595483028704e-08,-2.954267897195528389e-08,-6.710800176183596089e-14,0.000000000000000000e+00
7.876000000000000334e+00,1.471633792089154014e+01,2.253126527208067742e+01,3.853382304614321185e+00,3.988201432236638810e-01,-1.456392208655998320e-08,-6.948574892576449017e-10,-9.170291671255912380e-01,6.197434165035676790e-01,1.475117019812208496e-01,-1.290670049544371256e-01,-3.614593207257398363e-09,-4.987857906618464744e-09,-5.075838169133821333e-14,0.000000000000000000e+00
7.924000000000000377e+00,1.474608560520395883e+01,2.253834583393331314e+01,3.847187088506206720e+00,3.988201432236629929e-01,-1.442405264686105312e-08,-6.558712343244130056e-10,-9.170291671255912380e-01,6.197434288070210462e-01,1.475117080283524229e-01,-1.290670000520914296e-01,4.307197749286935861e-09,1.454618872917559057e-08,-3.679098302510758719e-14,0.000000000000000000e+00
7.972000000000000419e+00,1.477583329010099078e+01,2.254542639607249654e+01,3.840991872619320180e+00,3.988201432236623267e-01,-1.384368866517024488e-08,-6.063646964452755989e-10,-9.170291671255912380e-01,6.197434408234450132e-01,1.475117139053428172e-01,-1.290669956821493825e-01,1.040251756483363287e-08,2.948313684089677957e-08,-2.586242338056524297e-14,0.000000000000000000e+00
8.019999999999999574e+00,1.480558097555985420e+01,2.255250695848587839e+01,3.834796656929627012e+00,3.988201432236621047e-01,-1.293485050707102609e-08,-5.498509788927229427e-10,-9.170291671255922372e-01,6.197434522209831487e-01,1.475117194587610980e-01,-1.290669917871304639e-01,1.485762264967769677e-08,4.030706900257107293e-08,-1.702504810454899754e-14,0.000000000000000000e+00
8.067999999999999616e+00,1.483532866154422614e+01,2.255958752115488863e+01,3.828601441415687479e+00,3.988201432236619937e-01,-1.179660945988432204e-08,-4.893192774881866811e-10,-9.170291671255922372e-01,6.197434627582257827e-01,1.475117245778715114e-01,-1.290669883158407083e-01,1.787356008280394623e-08,4.753391150477703149e-08,-1.002429891784122238e-14,0.000000000000000000e+00
8.115999999999999659e+00,1.486507634800830147e+01,2.256666808405664426e+01,3.822406226058367551e+00,3.988201432236619937e-01,-1.051458755362045893e-08,-4.272609785806728952e-10,-9.170291671255922372e-01,6.197434722729783241e-01,1.475117291892221738e-01,-1.290669852226563330e-01,1.965635083116536972e-08,5.168787326823041498e-08,-5.507277240509158763e-15,0.000000000000000000e+00
8.163999999999999702e+00,1.489482403490029583e+01,2.257374864716556928e+01,3.816211010840595996e+00,3.988201432236619937e-01,-9.161003022602744390e-09,-3.657037208928687988e-10,-9.170291671255922372e-01,6.197434806708107535e-01,1.475117332511694801e-01,-1.290669824668880805e-01,2.040909913929581501e-08,5.328259570011616253e-08,-2.628627540945360188e-15,0.000000000000000000e+00
8.211999999999999744e+00,1.492457172216541395e+01,2.258082921045479807e+01,3.810015795747135670e+00,3.988201432236619937e-01,-7.795144452913174814e-09,-3.062509002549425755e-10,-9.170291671255922372e-01,6.197434879138105090e-01,1.475117367485286601e-01,-1.290669800122269117e-01,2.032587585547588648e-08,5.280663252013615158e-08,-7.697969911443839047e-16,0.000000000000000000e+00
8.259999999999999787e+00,1.495431940974826546e+01,2.258790977389732291e+01,3.803820580764391668e+00,3.988201432236619937e-01,-6.464167391722992998e-09,-2.501244320566057116e-10,-9.170291671255922372e-01,6.197434940098640599e-01,1.475117396874964237e-01,-1.290669778262552581e-01,1.958720396515459398e-08,5.071281872001695588e-08,4.236927603276592776e-16,0.000000000000000000e+00
8.307999999999999829e+00,1.498406709759481181e+01,2.259499033746687502e+01,3.797625365880232362e+00,3.988201432236619937e-01,-5.204119115395964228e-09,-1.982089805417557244e-10,-9.170291671255922372e-01,6.197434990027060886e-01,1.475117420909524413e-01,-1.290669758800169487e-01,1.835695177614396362e-08,4.741105182679026259e-08,1.192125696657499800e-15,0.000000000000000000e+00
8.355999999999999872e+00,1.501381478565384420e+01,2.260207090113862805e+01,3.791430151083835298e+00,3.988201432236619937e-01,-4.041109794504392186e-09,-1.510961984998233063e-10,-9.170291671255922372e-01,6.197435029629017045e-01,1.475117439942119635e-01,-1.290669741476382637e-01,1.678044132062964833e-08,4.326399989160198708e-08,1.676658745261764305e-15,0.000000000000000000e+00
8.403999999999999915e+00,1.504356247387805645e+01,2.260915146488969185e+01,3.785234936365546421e+00,3.988201432236619937e-01,-2.992560752910466919e-09,-1.091277999099600707e-10,-9.170291671255922372e-01,6.197435059798577228e-01,1.475117454412706863e-01,-1.290669726059938682e-01,1.498357242251117084e-08,3.858525768682415981e-08,2.040653294049584262e-15,0.000000000000000000e+00
8.451999999999999957e+00,1.507331016222477515e+01,2.261623202869943938e+01,3.779039721716756617e+00,3.988201432236619937e-01,-2.068472707626669794e-09,-7.243658904120299021e-11,-9.170291671255922372e-01,6.197435081549070857e-01,1.475117464815606794e-01,-1.290669712344114650e-01,1.307277849942337028e-08,3.363949284471165247e-08,2.309485869298103848e-15,0.000000000000000000e+00
8.500000000000000000e+00,1.510305785065636641e+01,2.262331259254969140e+01,3.772844507129792913e+00,3.988201432236619937e-01,-1.272668302782778462e-09,-4.098477264852163192e-11,-9.170291671255922372e-01,6.197435095954678674e-01,1.475117471672132974e-01,-1.290669700144107535e-01,1.113563555337206799e-08,2.864415679990092886e-08,2.478398372330359503e-15,0.000000000000000000e+00
8.548000000000000043e+00,1.513280553914040283e+01,2.263039315642479110e+01,3.766649292597815446e+00,3.988201432236619937e-01,-6.039737406419892942e-10,-1.459911563068672050e-11,-9.170291671255922372e-01,6.197435104102393399e-01,1.475117475508114506e-01,-1.290669689294715872e-01,9.241969729223435315e-09,2.377237416703611761e-08,2.587834641900553708e-15,0.000000000000000000e+00
8.596000000000000085e+00,1.516255322764962443e+01,2.263747372031157568e+01,3.760454078114732646e+00,3.988201432236619937e-01,-5.731376114203608782e-11,6.997348159855177653e-12,-9.170291671255922372e-01,6.197435107053712589e-01,1.475117476836001751e-01,-1.290669679648284718e-01,7.445314526832740659e-09,1.915666662863377377e-08,2.656827072716545827e-15,0.000000000000000000e+00
8.644000000000000128e+00,1.519230091616173617e+01,2.264455428419929817e+01,3.754258863675118185e+00,3.988201432236619937e-01,3.752974791442217681e-10,2.415719714794228126e-11,-9.170291671255922372e-01,6.197435105815293221e-01,1.475117476141172279e-01,-1.290669671072875724e-01,5.784600904656948616e-09,1.489321390443795975e-08,2.698063927916909426e-15,0.000000000000000000e+00
8.692000000000000171e+00,1.522204860465907572e+01,2.265163484807940719e+01,3.748063649274143039e+00,3.988201432236619937e-01,7.038800012599338535e-10,3.728411108381896203e-11,-9.170291671255922372e-01,6.197435101317610995e-01,1.475117473871989104e-01,-1.290669663450631222e-01,4.285970873474389134e-09,1.104639860480280399e-08,2.734542684440307495e-15,0.000000000000000000e+00
8.740000000000000213e+00,1.525179629312822449e+01,2.265871541194544392e+01,3.741868434907510199e+00,3.988201432236619937e-01,9.397305138773040878e-10,4.681185342251870117e-11,-9.170291671255922372e-01,6.197435094400626232e-01,1.475117470433148503e-01,-1.290669656676320110e-01,2.964630736168605608e-09,7.653427833792718399e-09,2.746437931132719154e-15,0.000000000000000000e+00
8.788000000000000256e+00,1.528154398155952975e+01,2.266579597579272942e+01,3.735673220571399611e+00,3.988201432236619937e-01,1.094783425932327959e-09,5.318665769841937959e-11,-9.170291671255922372e-01,6.197435085805453880e-01,1.475117466181830594e-01,-1.290669650656028344e-01,1.826671142946000621e-09,4.728863243291996138e-09,2.759919210717453445e-15,0.000000000000000000e+00
8.836000000000000298e+00,1.531129166994664459e+01,2.267287653961818350e+01,3.729478006262411327e+00,3.988201432236619937e-01,1.181086175933968103e-09,5.685274162173731984e-11,-9.170291671255922372e-01,6.197435076171035062e-01,1.475117461426196375e-01,-1.290669645305990709e-01,8.708047346983704834e-10,2.268931884680440238e-09,2.770228424517545233e-15,0.000000000000000000e+00
8.884000000000000341e+00,1.534103935828601273e+01,2.267995710342007598e+01,3.723282791977527761e+00,3.988201432236619937e-01,1.210381856693765838e-09,5.824073805606041810e-11,-9.170291671255922372e-01,6.197435066034860940e-01,1.475117456425776297e-01,-1.290669640551537489e-01,8.997764282537698868e-11,2.555238776959773037e-10,2.770228424517544444e-15,0.000000000000000000e+00
8.932000000000000384e+00,1.537078704657641381e+01,2.268703766719781001e+01,3.717087577714064839e+00,3.988201432236619937e-01,1.193790064614798171e-09,5.775876391067482072e-11,-9.170291671255922372e-01,6.197435055836854056e-01,1.475117451393348766e-01,-1.290669636326151060e-01,-5.271708117371335082e-10,-1.340187463144489418e-09,2.770228424517544444e-15,0.000000000000000000e+00
8.980000000000000426e+00,1.540053473481849089e+01,2.269411823095168401e+01,3.710892363469639577e+00,3.988201432236619937e-01,1.141575630079324009e-09,5.578586053624264736e-11,-9.170291671255922372e-01,6.197435045925642205e-01,1.475117446497925811e-01,-1.290669632570614067e-01,-9.950150417603509517e-10,-2.554541502691549980e-09,2.767849375179061875e-15,0.000000000000000000e+00
9.028000000000000469e+00,1.543028242301433650e+01,2.270119879468271051e+01,3.704697149242135890e+00,3.988201432236619937e-01,1.062994198802005860e-09,5.266747435650563500e-11,-9.170291671255922372e-01,6.197435036566480981e-01,1.475117441868523116e-01,-1.290669629232245597e-01,-1.329825410079077818e-09,-3.428618513462240840e-09,2.767056358732900756e-15,0.000000000000000000e+00
9.076000000000000512e+00,1.546003011116713033e+01,2.270827935839241363e+01,3.698501935029676169e+00,3.988201432236619937e-01,9.662034441485742845e-10,4.871271769863309772e-11,-9.170291671255922372e-01,6.197435027950227715e-01,1.475117437598422176e-01,-1.290669626264208114e-01,-1.548824784269864370e-09,-4.005899591957658603e-09,2.770228424517544049e-15,0.000000000000000000e+00
9.124000000000000554e+00,1.548977779928078391e+01,2.271535992208270116e+01,3.692306720830592415e+00,3.988201432236619937e-01,8.582289318202436455e-10,4.419313159705465828e-11,-9.170291671255922372e-01,6.197435020202859413e-01,1.475117433749691398e-01,-1.290669623624888240e-01,-1.669415266314355573e-09,-4.330341942720781204e-09,2.770228424517544049e-15,0.000000000000000000e+00
9.172000000000000597e+00,1.551952548735967241e+01,2.272244048575570119e+01,3.686111506643405367e+00,3.988201432236619937e-01,7.449741901746784335e-10,3.934270597970198438e-11,-9.170291671255922372e-01,6.197435013395097281e-01,1.475117430357754111e-01,-1.290669621277336920e-01,-1.708562818181202601e-09,-4.444846659540178591e-09,2.774986523194509186e-15,0.000000000000000000e+00
9.220000000000000639e+00,1.554927317540839482e+01,2.272952104941363771e+01,3.679916292466800964e+00,3.988201432236619937e-01,6.312653051557339197e-10,3.435887356418941969e-11,-9.170291671255922372e-01,6.197435007551800323e-01,1.475117427435859996e-01,-1.290669619188763995e-01,-1.682325650187431868e-09,-4.390084142796655918e-09,2.782123671209956892e-15,0.000000000000000000e+00
9.268000000000000682e+00,1.557902086343155723e+01,2.273660161305876315e+01,3.673721078299613474e+00,3.988201432236619937e-01,5.209212763744427778e-10,2.940427279323661051e-11,-9.170291671255922372e-01,6.197435002660874881e-01,1.475117424979324465e-01,-1.290669617330085783e-01,-1.605514947944351640e-09,-4.203640926375518701e-09,2.778951605425313598e-15,0.000000000000000000e+00
9.316000000000000725e+00,1.560876855143363073e+01,2.274368217669325887e+01,3.667525864140807723e+00,3.988201432236619937e-01,4.168423909770029531e-10,2.460912395695194526e-11,-9.170291671255922372e-01,6.197434998681501384e-01,1.475117422969456915e-01,-1.290669615675516524e-01,-1.491469152914413267e-09,-3.919446480621180979e-09,2.776572556086831030e-15,0.000000000000000000e+00
9.364000000000000767e+00,1.563851623941883950e+01,2.275076274031921386e+01,3.661330649989464003e+00,3.988201432236619937e-01,3.211099047647732340e-10,2.007399722279057908e-11,-9.170291671255922372e-01,6.197434995551565073e-01,1.475117421377108440e-01,-1.290669614202203386e-01,-1.351924110726252302e-09,-3.567441322266196041e-09,2.779744621871474323e-15,0.000000000000000000e+00
9.412000000000000810e+00,1.566826392739106844e+01,2.275784330393853239e+01,3.655135435844765190e+00,3.988201432236619937e-01,2.350913986492258403e-10,1.587284832561513925e-11,-9.170291671255922372e-01,6.197434993194214092e-01,1.475117420165815152e-01,-1.290669612889897566e-01,-1.196964210259373967e-09,-3.173444142939662574e-09,2.779744621871474718e-15,0.000000000000000000e+00
9.460000000000000853e+00,1.569801161535380274e+01,2.276492386755293396e+01,3.648940221705987419e+00,3.988201432236619937e-01,1.595471533571892407e-10,1.205616922479524318e-11,-9.170291671255922372e-01,6.197434991523499415e-01,1.475117419294511290e-01,-1.290669611720659804e-01,-1.035039059193983760e-09,-2.759182862105225014e-09,2.783709704102279130e-15,0.000000000000000000e+00
9.508000000000000895e+00,1.572775930331010485e+01,2.277200443116394624e+01,3.642745007572485427e+00,3.988201432236619937e-01,9.473385464255481159e-11,8.654147684598222253e-12,-9.170291671255922372e-01,6.197434990449123271e-01,1.475117418719819884e-01,-1.290669610678598644e-01,-8.730302084147673320e-10,-2.342451057485239084e-09,2.785295736994601368e-15,0.000000000000000000e+00
9.556000000000000938e+00,1.575750699126259846e+01,2.277908499477287663e+01,3.636549793443685896e+00,3.988201432236619937e-01,4.050279143457918502e-11,5.679790442085994960e-12,-9.170291671255922372e-01,6.197434989880323819e-01,1.475117418397937086e-01,-1.290669609749636182e-01,-7.163586549063640861e-10,-1.937361961884354309e-09,2.782123671209956892e-15,0.000000000000000000e+00
9.604000000000000981e+00,1.578725467921348269e+01,2.278616555838082292e+01,3.630354579319078567e+00,3.988201432236619937e-01,-3.609489741011858350e-12,3.131895262015493199e-12,-9.170291671255922372e-01,6.197434989728964894e-01,1.475117418286132354e-01,-1.290669608921297118e-01,-5.691096752302570064e-10,-1.554661601593599824e-09,2.776572556086831424e-15,0.000000000000000000e+00
9.652000000000001023e+00,1.581700236716454278e+01,2.279324612198868749e+01,3.624159365198210470e+00,3.988201432236619937e-01,-3.829930292904662921e-11,9.977749547864292473e-13,-9.170291671255922372e-01,6.197434989911856373e-01,1.475117418343898645e-01,-1.290669608182525296e-01,-4.341863027556967237e-10,-1.202095536362114260e-09,2.777365572532992544e-15,0.000000000000000000e+00
9.700000000000001066e+00,1.584675005511717494e+01,2.280032668559718445e+01,3.617964151080677926e+00,3.988201432236619937e-01,-6.442383721416496460e-11,-7.441479075407667952e-13,-9.170291671255922372e-01,6.197434990352443940e-01,1.475117418533787028e-01,-1.290669607523518836e-01,-3.134646256563852871e-10,-8.847902099038747956e-10,2.770228424517544444e-15,0.000000000000000000e+00
9.747999999999999332e+00,1.587649774307244144e+01,2.280740724920686091e+01,3.611768936966119892e+00,3.988201432236619937e-01,-8.293908344096909977e-11,-2.122039949298848194e-12,-9.170291671255922372e-01,6.197434990981919301e-01,1.475117418821971782e-01,-1.290669606935580804e-01,-2.079449881842007068e-10,-6.056362877036378510e-10,2.771814457409866288e-15,0.000000000000000000e+00
9.795999999999999375e+00,1.590624543103108479e+01,2.281448781281811122e+01,3.605573722854217067e+00,3.988201432236619937e-01,-9.484758514809850340e-11,-3.168653902947016385e-12,-9.170291671255922372e-01,6.197434991739825261e-01,1.475117419178574585e-01,-1.290669606410992376e-01,-1.179111522420068642e-10,-3.656714619158294287e-10,2.772607473856027407e-15,0.000000000000000000e+00
9.843999999999999417e+00,1.593599311899358284e+01,2.282156837643119474e+01,3.599378508744682126e+00,3.988201432236619937e-01,-1.011559720541102176e-10,-3.919470123195453523e-12,-9.170291671255922372e-01,6.197434992574286650e-01,1.475117419577796629e-01,-1.290669605942898757e-01,-4.307410457203347326e-11,-1.644396418197033870e-10,2.776572556086831424e-15,0.000000000000000000e+00
9.891999999999999460e+00,1.596574080696019138e+01,2.282864894004625711e+01,3.593183294637261493e+00,3.988201432236619937e-01,-1.028410338020113149e-10,-4.411271372825384609e-12,-9.170291671255922372e-01,6.197434993441884865e-01,1.475117419997889756e-01,-1.290669605525207320e-01,1.730909386933816593e-11,-3.109645039587324184e-13,2.779744621871474323e-15,0.000000000000000000e+00
9.939999999999999503e+00,1.599548849493097080e+01,2.283572950366335874e+01,3.586988080531726020e+00,3.988201432236619937e-01,-1.008241466943176311e-10,-4.680864154627941314e-12,-9.170291671255922372e-01,6.197434994307294831e-01,1.475117420421005465e-01,-1.290669605152499344e-01,6.429156733657677813e-11,1.291984720043983524e-10,2.782916687656118011e-15,0.000000000000000000e+00
9.987999999999999545e+00,1.602523618290583229e+01,2.284281006728245700e+01,3.580792866427873200e+00,3.988201432236619937e-01,-9.595289614806041193e-11,-4.764056130227561330e-12,-9.170291671255922372e-01,6.197434995142730996e-01,1.475117420832946780e-01,-1.290669604819950911e-01,9.916561543034600031e-11,2.271890210127849453e-10,2.790846852117726441e-15,0.000000000000000000e+00
1.003599999999999959e+01,1.605498387088458401e+01,2.284989063090348083e+01,3.574597652325521846e+00,3.988201432236619937e-01,-8.898885066951359292e-11,-4.694941947366268340e-12,-9.170291671255922372e-01,6.197434995927264545e-01,1.475117421222858771e-01,-1.290669604523263514e-01,1.233380461540694270e-10,2.971212698934180626e-10,2.782123671209957680e-15,0.000000000000000000e+00
1.008399999999999963e+01,1.608473155886693462e+01,2.285697119452629877e+01,3.568402438224510753e+00,3.988201432236619937e-01,-8.060108501717299104e-11,-4.505179737234882802e-12,-9.170291671255922372e-01,6.197434996646051797e-01,1.475117421582874122e-01,-1.290669604258606606e-01,1.382770517422020704e-10,3.426424789178753456e-10,2.780537638317635442e-15,0.000000000000000000e+00
1.013199999999999967e+01,1.611447924685253952e+01,2.286405175815075808e+01,3.562207224124693372e+00,3.988201432236619937e-01,-7.136375117034792109e-11,-4.223652405022626395e-12,-9.170291671255922372e-01,6.197434997289537062e-01,1.475117421907737869e-01,-1.290669604022562089e-01,1.454475048623552591e-10,3.674254656917610689e-10,2.778951605425313598e-15,0.000000000000000000e+00
1.017999999999999972e+01,1.614422693484102922e+01,2.287113232177667399e+01,3.556012010025942693e+00,3.988201432236619937e-01,-6.175738858910802179e-11,-3.876202345244096519e-12,-9.170291671255922372e-01,6.197434997852655503e-01,1.475117422194426320e-01,-1.290669603812077681e-01,1.462610429881097782e-10,3.750421951611229300e-10,2.774193506748348067e-15,0.000000000000000000e+00
1.022799999999999976e+01,1.617397462283200582e+01,2.287821288540386888e+01,3.549816795928141477e+00,3.988201432236619937e-01,-5.217302556582087868e-11,-3.485507116490726916e-12,-9.170291671255922372e-01,6.197434998334034884e-01,1.475117422441776793e-01,-1.290669603624426676e-01,1.420411962938119690e-10,3.688694772687398304e-10,2.780537638317634259e-15,0.000000000000000000e+00
1.027599999999999980e+01,1.620372231082508208e+01,2.288529344903214380e+01,3.543621581831186251e+00,3.988201432236619937e-01,-4.291832741559894883e-11,-3.071054604762085406e-12,-9.170291671255922372e-01,6.197434998735270595e-01,1.475117422650132626e-01,-1.290669603457172132e-01,1.339976637870934021e-10,3.520193670727081865e-10,2.782916687656116433e-15,0.000000000000000000e+00
1.032399999999999984e+01,1.623346999881988495e+01,2.289237401266132821e+01,3.537426367734985977e+00,3.988201432236619937e-01,-3.422517923968817438e-11,-2.649222806944313615e-12,-9.170291671255922372e-01,6.197434999060236205e-01,1.475117422821014268e-01,-1.290669603308133573e-01,1.232102150750137349e-10,3.272943894518590760e-10,2.789260819225403808e-15,0.000000000000000000e+00
1.037199999999999989e+01,1.626321768681605917e+01,2.289945457629123382e+01,3.531231153639458498e+00,3.988201432236619937e-01,-2.625813605208498625e-11,-2.233418378899852717e-12,-9.170291671255922372e-01,6.197434999314480608e-01,1.475117422956826185e-01,-1.290669603175360058e-01,1.106206856560533093e-10,2.971611157977720043e-10,2.787674786333081964e-15,0.000000000000000000e+00
1.041999999999999993e+01,1.629296537481328500e+01,2.290653513992170787e+01,3.525035939544530095e+00,3.988201432236619937e-01,-1.912328666848055893e-11,-1.834290116839486345e-12,-9.170291671255922372e-01,6.197434999504695119e-01,1.475117423060590960e-01,-1.290669603057107706e-01,9.703108954097103001e-11,2.637412267194264651e-10,2.785295736994599396e-15,0.000000000000000000e+00
1.046799999999999997e+01,1.632271306281127465e+01,2.291361570355260113e+01,3.518840725450135043e+00,3.988201432236619937e-01,-1.287714731355097899e-11,-1.459952941990516697e-12,-9.170291671255922372e-01,6.197434999638241626e-01,1.475117423135723360e-01,-1.290669602951814710e-01,8.310585080108405271e-11,2.288153534148676708e-10,2.782916687656117222e-15,0.000000000000000000e+00
1.051600000000000001e+01,1.635246075080977590e+01,2.292069626718379638e+01,3.512645511356214723e+00,3.988201432236619937e-01,-7.535299492921162524e-12,-1.116248948117333305e-12,-9.170291671255922372e-01,6.197434999722781779e-01,1.475117423185837717e-01,-1.290669602858081910e-01,6.937954182274942905e-11,1.938369332545533885e-10,2.786881769886921240e-15,0.000000000000000000e+00
1.056400000000000006e+01,1.638220843880857203e+01,2.292777683081517281e+01,3.506450297262716731e+00,3.988201432236619937e-01,-3.080534381827960854e-12,-8.070250695787039358e-13,-9.170291671255922372e-01,6.197434999765956132e-01,1.475117423214590828e-01,-1.290669602774658364e-01,5.626669767890166637e-11,1.599541255838602112e-10,2.787674786333082753e-15,0.000000000000000000e+00
1.061200000000000010e+01,1.641195612680748539e+01,2.293485739444663807e+01,3.500255083169595327e+00,3.988201432236619937e-01,5.296491003976647120e-13,-5.344103227763649667e-13,-9.170291671255922372e-01,6.197434999775137676e-01,1.475117423225556224e-01,-1.290669602700425245e-01,4.407330693735774674e-11,1.280368234492726930e-10,2.786088753440761698e-15,0.000000000000000000e+00
1.066000000000000014e+01,1.644170381480637033e+01,2.294193795807811398e+01,3.494059869076808322e+00,3.988201432236619937e-01,3.356311320042391369e-12,-2.990923396681517370e-13,-9.170291671255922372e-01,6.197434999757247542e-01,1.475117423222125357e-01,-1.290669602634380575e-01,3.300995670142853622e-11,9.870708481148827032e-11,2.783709704102279130e-15,0.000000000000000000e+00
1.070800000000000018e+01,1.647145150280511317e+01,2.294901852170954371e+01,3.487864654984318413e+00,3.988201432236619937e-01,5.473152355245889479e-12,-1.005676628731441917e-13,-9.170291671255922372e-01,6.197434999718635096e-01,1.475117423207438216e-01,-1.290669602575628683e-01,2.320435592563668144e-11,7.237170648895986998e-11,2.781330654763796956e-15,0.000000000000000000e+00
1.075600000000000023e+01,1.650119919080362862e+01,2.295609908534088461e+01,3.481669440892094514e+00,3.988201432236619937e-01,6.961435921996240161e-12,6.261247069181022065e-14,-9.170291671255922372e-01,6.197434999664971356e-01,1.475117423184334753e-01,-1.290669602523369652e-01,1.471573500834592805e-11,4.925406535424206058e-11,2.779744621871475112e-15,0.000000000000000000e+00
1.080400000000000027e+01,1.653094687880185631e+01,2.296317964897209407e+01,3.475474226800105093e+00,3.988201432236619937e-01,7.905739568685017602e-12,1.926232189285449776e-13,-9.170291671255922372e-01,6.197434999601225680e-01,1.475117423155327956e-01,-1.290669602476887945e-01,7.546514235749962436e-12,2.942554874781825262e-11,2.777365572532991755e-15,0.000000000000000000e+00
1.085200000000000031e+01,1.656069456679976781e+01,2.297026021260315787e+01,3.469279012708326171e+00,3.988201432236619937e-01,8.390491988246935674e-12,2.921560525245578356e-13,-9.170291671255922372e-01,6.197434999531636901e-01,1.475117423122591920e-01,-1.290669602435545182e-01,1.655049142195089282e-12,1.283575254437044621e-11,2.779744621871475112e-15,0.000000000000000000e+00
1.090000000000000036e+01,1.659044225479733470e+01,2.297734077623405824e+01,3.463083798616732434e+00,3.988201432236619937e-01,8.497247893813769005e-12,3.642535543316456990e-13,-9.170291671255922372e-01,6.197434999459737748e-01,1.475117423087961843e-01,-1.290669602398772098e-01,-3.034532913821572551e-12,-6.607291656365021481e-13,2.778951605425314782e-15,0.000000000000000000e+00
1.094800000000000040e+01,1.662018994279454986e+01,2.298442133986478808e+01,3.456888584525304342e+00,3.988201432236619937e-01,8.302633349531754027e-12,4.121518271303124466e-13,-9.170291671255922372e-01,6.197434999388391486e-01,1.475117423052947907e-01,-1.290669602366061319e-01,-6.621552484082990010e-12,-1.127901319545396020e-11,2.777365572532993727e-15,0.000000000000000000e+00
1.099600000000000044e+01,1.664993763079143463e+01,2.299150190349535094e+01,3.450693370434023688e+00,3.988201432236619937e-01,7.876892180650152107e-12,4.391466098356692862e-13,-9.170291671255922372e-01,6.197434999319834104e-01,1.475117423018754981e-01,-1.290669602336959876e-01,-9.220862140486636144e-12,-1.928242224206252452e-11,2.780537638317637414e-15,0.000000000000000000e+00
1.104400000000000048e+01,1.667968531878800320e+01,2.299858246712575749e+01,3.444498156342873596e+00,3.988201432236619937e-01,7.282941702394737791e-12,4.484934380486407746e-13,-9.170291671255922372e-01,6.197434999255730936e-01,1.475117422986307880e-01,-1.290669602311065589e-01,-1.095620734135723236e-11,-2.496344456129969420e-11,2.778951605425315571e-15,0.000000000000000000e+00
1.109200000000000053e+01,1.670943300678427690e+01,2.300566303075601127e+01,3.438302942251841188e+00,3.988201432236619937e-01,6.575871595512186965e-12,4.433263635964017604e-13,-9.170291671255922372e-01,6.197434999197248828e-01,1.475117422956281066e-01,-1.290669602288020412e-01,-1.195343186653603691e-11,-2.862849060573177041e-11,2.777365572532994516e-15,0.000000000000000000e+00
1.114000000000000057e+01,1.673918069478028059e+01,2.301274359438613359e+01,3.432107728160912696e+00,3.988201432236619937e-01,5.802797713466542133e-12,4.265831637814188325e-13,-9.170291671255922372e-01,6.197434999145124968e-01,1.475117422929130007e-01,-1.290669602267505434e-01,-1.233669195686688300e-11,-3.058470357512128977e-11,2.778951605425315965e-15,0.000000000000000000e+00
1.118800000000000061e+01,1.676892838277605691e+01,2.301982415801613158e+01,3.425912514070076575e+00,3.988201432236619937e-01,5.003014778060376854e-12,4.009772684299492731e-13,-9.170291671255922372e-01,6.197434999099730168e-01,1.475117422905120879e-01,-1.290669602249238934e-01,-1.222395991094644040e-11,-3.112992300028446048e-11,2.778158588979155635e-15,0.000000000000000000e+00
1.123600000000000065e+01,1.679867607077163427e+01,2.302690472164601942e+01,3.419717299979323499e+00,3.988201432236619937e-01,4.208365794573486134e-12,3.689433319350892653e-13,-9.170291671255922372e-01,6.197434999061135485e-01,1.475117422884363871e-01,-1.290669602232969448e-01,-1.172428183425339329e-11,-3.054496869306995283e-11,2.779744621871477479e-15,0.000000000000000000e+00
1.128400000000000070e+01,1.682842375876704111e+01,2.303398528527581846e+01,3.413522085888643698e+00,3.988201432236619937e-01,3.443782106677460018e-12,3.326249344611214181e-13,-9.170291671255922372e-01,6.197434999029171054e-01,1.475117422866841499e-01,-1.290669602218472989e-01,-1.093686725626824468e-11,-2.908800081339387257e-11,2.781330654763798928e-15,0.000000000000000000e+00
1.133200000000000074e+01,1.685817144676230939e+01,2.304106584890553933e+01,3.407326871798029178e+00,3.988201432236619937e-01,2.727932298745128423e-12,2.938811947568118777e-13,-9.170291671255922372e-01,6.197434999003487155e-01,1.475117422852436078e-01,-1.290669602205553324e-01,-9.949412693706135044e-12,-2.699078951987695187e-11,2.778951605425316359e-15,0.000000000000000000e+00
1.138000000000000078e+01,1.688791913475747464e+01,2.304814641253519980e+01,3.401131657707472833e+00,3.988201432236619937e-01,2.073938030984583087e-12,2.542810631062300993e-13,-9.170291671255922372e-01,6.197434998983603061e-01,1.475117422840955539e-01,-1.290669602194034760e-01,-8.837590947925517308e-12,-2.445724947545209451e-11,2.779744621871477084e-15,0.000000000000000000e+00
1.142800000000000082e+01,1.691766682275255462e+01,2.305522697616481054e+01,3.394936443616968891e+00,3.988201432236619937e-01,1.490118751970072196e-12,2.151154517274223112e-13,-9.170291671255922372e-01,6.197434998968942566e-01,1.475117422832153413e-01,-1.290669602183761588e-01,-7.664951184855931559e-12,-2.166199655743235353e-11,2.777365572532994516e-15,0.000000000000000000e+00
1.147600000000000087e+01,1.694741451074757776e+01,2.306230753979438575e+01,3.388741229526511578e+00,3.988201432236619937e-01,9.807370905053328108e-13,1.774153749953437226e-13,-9.170291671255922372e-01,6.197434998958886165e-01,1.475117422825749369e-01,-1.290669602174596697e-01,-6.484029158022643112e-12,-1.875164681844972451e-11,2.776572556086834185e-15,0.000000000000000000e+00
1.152400000000000091e+01,1.697716219874256893e+01,2.306938810342394319e+01,3.382546015436095121e+00,3.988201432236619937e-01,5.467176250206459506e-13,1.419700612598497550e-13,-9.170291671255922372e-01,6.197434998952792151e-01,1.475117422821446145e-01,-1.290669602166417407e-01,-5.336036346099735838e-12,-1.584510514444155848e-11,2.778158588979154846e-15,0.000000000000000000e+00
1.157200000000000095e+01,1.700690988673752457e+01,2.307646866705347577e+01,3.376350801345715968e+00,3.988201432236619937e-01,1.863253583922708820e-13,1.093675652391524305e-13,-9.170291671255922372e-01,6.197434998950025475e-01,1.475117422818940927e-01,-1.290669602159116303e-01,-4.253080398959371365e-12,-1.303607435868621866e-11,2.778158588979154846e-15,0.000000000000000000e+00
1.162000000000000099e+01,1.703665757473248021e+01,2.308354923068299058e+01,3.370155587255369678e+00,3.988201432236619937e-01,-1.042171032737406860e-13,7.998090120955591295e-14,-9.170291671255922372e-01,6.197434998949973295e-01,1.475117422817936452e-01,-1.290669602152596795e-01,-3.256244451839180769e-12,-1.039626376634424488e-11,2.778951605425315965e-15,0.000000000000000000e+00
1.166800000000000104e+01,1.706640526272743585e+01,2.309062979431250540e+01,3.363960373165052697e+00,3.988201432236619937e-01,-3.301755542073196060e-13,5.400836994748715620e-14,-9.170291671255922372e-01,6.197434998952067176e-01,1.475117422818150448e-01,-1.290669602146773676e-01,-2.361027218162930671e-12,-7.975577892372537915e-12,2.785295736994602551e-15,0.000000000000000000e+00
1.171600000000000108e+01,1.709615295072241636e+01,2.309771035794202021e+01,3.357765159074761474e+00,3.988201432236619937e-01,-4.978075766421835250e-13,3.152401438694371861e-14,-9.170291671255922372e-01,6.197434998955783092e-01,1.475117422819321455e-01,-1.290669602141571448e-01,-1.575999619680728168e-12,-5.806313124557446166e-12,2.779744621871475901e-15,0.000000000000000000e+00
1.176400000000000112e+01,1.712590063871741464e+01,2.310479092157156344e+01,3.351569944984494676e+00,3.988201432236619937e-01,-6.139571737032860709e-13,1.248667316060423279e-14,-9.170291671255922372e-01,6.197434998960661412e-01,1.475117422821211610e-01,-1.290669602136924055e-01,-9.043479964732467306e-13,-3.905877759925088368e-12,2.778158588979154057e-15,0.000000000000000000e+00
1.181199999999999939e+01,1.715564832671244488e+01,2.311187148520112089e+01,3.345374730894248305e+00,3.988201432236619937e-01,-6.856966472264503615e-13,-3.199066184678632298e-15,-9.170291671255922372e-01,6.197434998966293573e-01,1.475117422823610247e-01,-1.290669602132771265e-01,-3.460279396195014450e-13,-2.278479543738794429e-12,2.777365572532993727e-15,0.000000000000000000e+00
1.185999999999999943e+01,1.718539601470749645e+01,2.311895204883067834e+01,3.339179516804021031e+00,3.988201432236619937e-01,-7.200571668376176399e-13,-1.571244831530017919e-14,-9.170291671255922372e-01,6.197434998972342068e-01,1.475117422826335012e-01,-1.290669602129060345e-01,1.056107867980124250e-13,-9.200883664191763241e-13,2.774986523194511158e-15,0.000000000000000000e+00
1.190799999999999947e+01,1.721514370270257999e+01,2.312603261246024289e+01,3.332984302713810187e+00,3.988201432236619937e-01,-7.238057863115460479e-13,-2.531967200933169630e-14,-9.170291671255922372e-01,6.197434998978517129e-01,1.475117422829230474e-01,-1.290669602125744386e-01,4.589836733059536239e-13,1.813527940811952129e-13,2.776572556086832608e-15,0.000000000000000000e+00
1.195599999999999952e+01,1.724489139069769550e+01,2.313311317608984297e+01,3.326789088623614443e+00,3.988201432236619937e-01,-7.032818830200064503e-13,-3.231481524013497809e-14,-9.170291671255922372e-01,6.197434998984592269e-01,1.475117422832168956e-01,-1.290669602122781756e-01,7.215847253205420216e-13,1.045061898318582212e-12,2.782916687656119194e-15,0.000000000000000000e+00
1.200399999999999956e+01,1.727463907869283233e+01,2.314019373971944304e+01,3.320593874533432022e+00,3.988201432236619937e-01,-6.642733532891372640e-13,-3.698509640563977612e-14,-9.170291671255922372e-01,6.197434998990393185e-01,1.475117422835047210e-01,-1.290669602120133319e-01,9.042830262528576203e-13,1.693010259950316355e-12,2.782123671209958469e-15,0.000000000000000000e+00
1.205199999999999960e+01,1.730438676668800113e+01,2.314727430334904312e+01,3.314398660443261591e+00,3.988201432236619937e-01,-6.119477708492231964e-13,-3.965686827564397373e-14,-9.170291671255922372e-01,6.197434998995788868e-01,1.475117422837786962e-01,-1.290669602117767434e-01,1.019035678078113740e-12,2.149123185157069740e-12,2.775779539640671489e-15,0.000000000000000000e+00
1.209999999999999964e+01,1.733413445468319480e+01,2.315435486697868583e+01,3.308203446353101818e+00,3.988201432236619937e-01,-5.508202162094708492e-13,-4.065784921105366053e-14,-9.170291671255922372e-01,6.197434999000686062e-01,1.475117422840329928e-01,-1.290669602115654124e-01,1.075279576505624210e-12,2.439590835089748961e-12,2.778951605425314782e-15,0.000000000000000000e+00
1.214799999999999969e+01,1.736388214267840624e+01,2.316143543060832855e+01,3.302008232262951370e+00,3.988201432236619937e-01,-4.847335025971083158e-13,-4.026309886077496831e-14,-9.170291671255922372e-01,6.197434999005031475e-01,1.475117422842636694e-01,-1.290669602113767023e-01,1.083206568901447586e-12,2.590114872768427604e-12,2.785295736994601368e-15,0.000000000000000000e+00
1.219599999999999973e+01,1.739362983067364254e+01,2.316851599423797126e+01,3.295813018172810249e+00,3.988201432236619937e-01,-4.168827799587050033e-13,-3.875419392534439499e-14,-9.170291671255922372e-01,6.197434999008800682e-01,1.475117422844682835e-01,-1.290669602112081427e-01,1.053574716374201592e-12,2.624953671281165339e-12,2.788467802779245056e-15,0.000000000000000000e+00
1.224399999999999977e+01,1.742337751866889661e+01,2.317559655786761397e+01,3.289617804082676233e+00,3.988201432236619937e-01,-3.498527779032970236e-13,-3.641237405598765595e-14,-9.170291671255922372e-01,6.197434999011992574e-01,1.475117422846458637e-01,-1.290669602110577352e-01,9.960762659288643716e-13,2.566544837955635611e-12,2.787674786333084331e-15,0.000000000000000000e+00
1.229199999999999982e+01,1.745312520666415068e+01,2.318267712149729576e+01,3.283422589992548435e+00,3.988201432236619937e-01,-2.856544378712821046e-13,-3.348464202464393595e-14,-9.170291671255922372e-01,6.197434999014626023e-01,1.475117422847964099e-01,-1.290669602109233982e-01,9.171616133385081235e-13,2.437670149257147521e-12,2.786881769886923212e-15,0.000000000000000000e+00
1.233999999999999986e+01,1.748287289465942962e+01,2.318975768512698110e+01,3.277227375902427298e+00,3.988201432236619937e-01,-2.257707333341318125e-13,-3.013385948199725641e-14,-9.170291671255922372e-01,6.197434999016732116e-01,1.475117422849208382e-01,-1.290669602108035219e-01,8.230035986200483550e-13,2.257913939340088587e-12,2.782916687656119983e-15,0.000000000000000000e+00
1.238799999999999990e+01,1.751262058265472632e+01,2.319683824875666645e+01,3.271032161812311490e+00,3.988201432236619937e-01,-1.712331146106380676e-13,-2.652342257024186881e-14,-9.170291671255922372e-01,6.197434999018355262e-01,1.475117422850207027e-01,-1.290669602106966907e-01,7.213404762551223869e-13,2.043152397456598548e-12,2.778158588979154846e-15,0.000000000000000000e+00
1.243599999999999994e+01,1.754236827065002302e+01,2.320391881238635179e+01,3.264836947722200566e+00,3.988201432236619937e-01,-1.226823699242685233e-13,-2.281394810177388807e-14,-9.170291671255922372e-01,6.197434999019544311e-01,1.475117422850979187e-01,-1.290669602106013780e-01,6.174236011502074318e-13,1.807485356019416488e-12,2.777365572532993727e-15,0.000000000000000000e+00
1.248399999999999999e+01,1.757211595864531972e+01,2.321099937601603713e+01,3.258641733632094528e+00,3.988201432236619937e-01,-8.043549185030744579e-14,-1.914208691142324940e-14,-9.170291671255922372e-01,6.197434999020352553e-01,1.475117422851547899e-01,-1.290669602105163905e-01,5.151165494309990546e-13,1.562781099161785897e-12,2.778158588979154452e-15,0.000000000000000000e+00
1.253200000000000003e+01,1.760186364664061642e+01,2.321807993964572248e+01,3.252446519541992043e+00,3.988201432236619937e-01,-4.453576837922829227e-14,-1.561441476677609387e-14,-9.170291671255922372e-01,6.197434999020835500e-01,1.475117422851937310e-01,-1.290669602104406455e-01,4.175612522571863172e-13,1.319009429644840194e-12,2.781330654763798534e-15,0.000000000000000000e+00
1.258000000000000007e+01,1.763161133463591312e+01,2.322516050327540782e+01,3.246251305451891778e+00,3.988201432236619937e-01,-1.481014939988469415e-14,-1.231371272457923715e-14,-9.170291671255922372e-01,6.197434999021045332e-01,1.475117422852172955e-01,-1.290669602103730884e-01,3.270114623687583579e-13,1.083853090798985747e-12,2.778951605425315965e-15,0.000000000000000000e+00
1.262800000000000011e+01,1.766135902263120983e+01,2.323224106690509316e+01,3.240056091361796398e+00,3.988201432236619937e-01,9.079830782747712702e-15,-9.300411045661809929e-15,-9.170291671255922372e-01,6.197434999021034230e-01,1.475117422852279536e-01,-1.290669602103129143e-01,2.450436964606829798e-13,8.630852423522732681e-13,2.787674786333084725e-15,0.000000000000000000e+00
1.267600000000000016e+01,1.769110671062650653e+01,2.323932163053477851e+01,3.233860877271701462e+00,3.988201432236619937e-01,2.759008868465655645e-14,-6.612093005113386899e-15,-9.170291671255922372e-01,6.197434999020846602e-01,1.475117422852281202e-01,-1.290669602102592628e-01,1.724018039594588915e-13,6.610024474100022948e-13,2.788467802779245056e-15,0.000000000000000000e+00
1.272400000000000020e+01,1.772085439862180323e+01,2.324640219416446385e+01,3.227665663181611855e+00,3.988201432236619937e-01,4.125647001659612242e-14,-4.267246425453783481e-15,-9.170291671255922372e-01,6.197434999020529078e-01,1.475117422852200155e-01,-1.290669602102114955e-01,1.094965673841974436e-13,4.800582988565941607e-13,2.786881769886924001e-15,0.000000000000000000e+00
1.277200000000000024e+01,1.775060208661709993e+01,2.325348275779414919e+01,3.221470449091522248e+00,3.988201432236619937e-01,5.065821441029962203e-14,-2.269724273873486659e-15,-9.170291671255922372e-01,6.197434999020119406e-01,1.475117422852056659e-01,-1.290669602101689462e-01,5.631688450465238225e-14,3.218071089265243878e-13,2.777365572532994516e-15,0.000000000000000000e+00
1.282000000000000028e+01,1.778034977461239663e+01,2.326056332142383454e+01,3.215275235001434861e+00,3.988201432236619937e-01,5.639288076018853663e-14,-6.108844677958000245e-16,-9.170291671255922372e-01,6.197434999019652002e-01,1.475117422851868754e-01,-1.290669602101310320e-01,1.265181294614494112e-14,1.866596601389040620e-13,2.776572556086833791e-15,0.000000000000000000e+00
1.286800000000000033e+01,1.781009746260769333e+01,2.326764388505351988e+01,3.209080020911350584e+00,3.988201432236619937e-01,5.905312834190226539e-14,7.274551026599885704e-16,-9.170291671255922372e-01,6.197434999019152402e-01,1.475117422851651150e-01,-1.290669602100972257e-01,-2.216478110609998155e-14,7.416076105363696739e-14,2.772607473856029773e-15,0.000000000000000000e+00
1.291600000000000037e+01,1.783984515060299003e+01,2.327472444868320522e+01,3.202884806821266306e+00,3.988201432236619937e-01,5.920608155688416307e-14,1.768352206624387299e-15,-9.170291671255922372e-01,6.197434999018646140e-01,1.475117422851417726e-01,-1.290669602100671387e-01,-4.879903146685749705e-14,-1.683311804464087150e-14,2.777365572532994121e-15,0.000000000000000000e+00
1.296400000000000041e+01,1.786959283859828673e+01,2.328180501231289057e+01,3.196689592731182028e+00,3.988201432236619937e-01,5.737930057972998283e-14,2.540709177352007300e-15,-9.170291671255922372e-01,6.197434999018147650e-01,1.475117422851179028e-01,-1.290669602100403546e-01,-6.817242324656646606e-14,-8.797620946262091650e-14,2.776572556086833791e-15,0.000000000000000000e+00
1.301200000000000045e+01,1.789934052659358343e+01,2.328888557594257591e+01,3.190494378641101747e+00,3.988201432236619937e-01,5.405289438901390988e-14,3.073300418953528271e-15,-9.170291671255922372e-01,6.197434999017675805e-01,1.475117422850944771e-01,-1.290669602100164848e-01,-8.107321479271079011e-14,-1.412114034933971726e-13,2.774193506748351223e-15,0.000000000000000000e+00
1.306000000000000050e+01,1.792908821458888013e+01,2.329596613957226126e+01,3.184299164551022798e+00,3.988201432236619937e-01,4.965559097793959802e-14,3.400690567015574660e-15,-9.170291671255922372e-01,6.197434999017238377e-01,1.475117422850721061e-01,-1.290669602099952795e-01,-8.866714028114683308e-14,-1.784260792788324249e-13,2.776572556086833397e-15,0.000000000000000000e+00
1.310800000000000054e+01,1.795883590258417684e+01,2.330304670320194660e+01,3.178103950460943850e+00,3.988201432236619937e-01,4.455854422467369961e-14,3.555649946985892754e-15,-9.170291671255922372e-01,6.197434999016843138e-01,1.475117422850513171e-01,-1.290669602099764057e-01,-9.167584467788097196e-14,-2.018739895589157361e-13,2.778158588979155240e-15,0.000000000000000000e+00
1.315600000000000058e+01,1.798858359057947354e+01,2.331012726683163194e+01,3.171908736370864901e+00,3.988201432236619937e-01,3.907894160151256549e-14,3.570045606020592447e-15,-9.170291671255922372e-01,6.197434999016492307e-01,1.475117422850324989e-01,-1.290669602099596969e-01,-9.107632424458335209e-14,-2.136423536199423702e-13,2.778951605425315571e-15,0.000000000000000000e+00
1.320400000000000063e+01,1.801833127857477024e+01,2.331720783046131729e+01,3.165713522280785952e+00,3.988201432236619937e-01,3.347840086791854838e-14,3.474240881405041407e-15,-9.170291671255922372e-01,6.197434999016190327e-01,1.475117422850157345e-01,-1.290669602099447921e-01,-8.760132617750659192e-14,-2.159738219716551989e-13,2.781330654763798139e-15,0.000000000000000000e+00
1.325200000000000067e+01,1.804807896657006694e+01,2.332428839409100263e+01,3.159518308190707003e+00,3.988201432236619937e-01,2.796471732905156460e-14,3.292576754214031594e-15,-9.170291671255922372e-01,6.197434999015936086e-01,1.475117422850011628e-01,-1.290669602099315527e-01,-8.195029098216452241e-14,-2.107224670651782388e-13,2.779744621871476690e-15,0.000000000000000000e+00
1.330000000000000071e+01,1.807782665456536364e+01,2.333136895772068797e+01,3.153323094100629831e+00,3.988201432236619937e-01,2.270063241018923373e-14,3.051325845882203052e-15,-9.170291671255922372e-01,6.197434999015727364e-01,1.475117422849888116e-01,-1.290669602099197288e-01,-7.490037477579475314e-14,-1.996646457399116897e-13,2.778951605425315571e-15,0.000000000000000000e+00
1.334800000000000075e+01,1.810757434256062126e+01,2.333844952135037332e+01,3.147127880010556211e+00,3.988201432236619937e-01,1.780594839353139032e-14,2.773607185657438092e-15,-9.170291671255922372e-01,6.197434999015560830e-01,1.475117422849786253e-01,-1.290669602099092650e-01,-6.726204036637366857e-14,-1.842547501581144967e-13,2.780537638317637020e-15,0.000000000000000000e+00
1.339600000000000080e+01,1.813732203055587533e+01,2.334553008498005866e+01,3.140932665920482592e+00,3.988201432236619937e-01,1.336321693982767097e-14,2.495201797783390855e-15,-9.170291671255922372e-01,6.197434999015434265e-01,1.475117422849704651e-01,-1.290669602098999391e-01,-5.975693271990756996e-14,-1.656585144956430994e-13,2.791639868563888743e-15,0.000000000000000000e+00
1.344400000000000084e+01,1.816706971855112940e+01,2.335261064860974400e+01,3.134737451830408972e+00,3.988201432236619937e-01,9.423947882070307082e-15,2.240254912227223308e-15,-9.170291671255922372e-01,6.197434999015343227e-01,1.475117422849640814e-01,-1.290669602098915292e-01,-5.234064291541151670e-14,-1.453636376054951672e-13,2.801156065917819017e-15,0.000000000000000000e+00
1.349200000000000088e+01,1.819681740654638347e+01,2.335969121223942935e+01,3.128542237740335352e+00,3.988201432236619937e-01,6.013997182042183408e-15,2.024030840447065739e-15,-9.170291671255922372e-01,6.197434999015284385e-01,1.475117422849593074e-01,-1.290669602098839519e-01,-4.509088656460922430e-14,-1.241916845258934017e-13,2.798777016579337237e-15,0.000000000000000000e+00
1.354000000000000092e+01,1.822656509454163754e+01,2.336677177586911469e+01,3.122347023650261733e+00,3.988201432236619937e-01,3.132040901068529199e-15,1.849852164577305724e-15,-9.170291671255922372e-01,6.197434999015251078e-01,1.475117422849558935e-01,-1.290669602098770963e-01,-3.798545920700819720e-14,-1.035859451888504559e-13,2.786881769886925184e-15,0.000000000000000000e+00
1.358800000000000097e+01,1.825631278253689160e+01,2.337385233949880003e+01,3.116151809560188113e+00,3.988201432236619937e-01,7.622581038688604645e-16,1.715124072748673617e-15,-9.170291671255922372e-01,6.197434999015241086e-01,1.475117422849535898e-01,-1.290669602098709345e-01,-3.111317868457846811e-14,-8.383507758076897405e-14,2.783709704102280708e-15,0.000000000000000000e+00
1.363600000000000101e+01,1.828606047053214567e+01,2.338093290312848538e+01,3.109956595470114493e+00,3.988201432236619937e-01,-1.125469758936641698e-15,1.618225057208517642e-15,-9.170291671255922372e-01,6.197434999015248858e-01,1.475117422849522297e-01,-1.290669602098653279e-01,-2.479600967446131730e-14,-6.540537537199137548e-14,2.778158588979155240e-15,0.000000000000000000e+00
1.368400000000000105e+01,1.831580815852739974e+01,2.338801346675817072e+01,3.103761381380040874e+00,3.988201432236619937e-01,-2.570638035254440238e-15,1.558104584718363028e-15,-9.170291671255922372e-01,6.197434999015271062e-01,1.475117422849515358e-01,-1.290669602098601931e-01,-1.917828116985801953e-14,-4.870762108162901102e-14,2.774193506748352011e-15,0.000000000000000000e+00
1.373200000000000109e+01,1.834555584652265381e+01,2.339509403038785607e+01,3.097566167289967254e+00,3.988201432236619937e-01,-3.620544382567507421e-15,1.530996839453038564e-15,-9.170291671255922372e-01,6.197434999015303259e-01,1.475117422849513693e-01,-1.290669602098555302e-01,-1.414897086830605756e-14,-3.399716600534568686e-14,2.775779539640673855e-15,0.000000000000000000e+00
1.378000000000000114e+01,1.837530353451790788e+01,2.340217459401754141e+01,3.091370953199893634e+00,3.988201432236619937e-01,-4.323704518775781359e-15,1.531371378492532585e-15,-9.170291671255922372e-01,6.197434999015343227e-01,1.475117422849515358e-01,-1.290669602098512836e-01,-9.741385460544182621e-15,-2.114078338018638548e-14,2.772607473856029773e-15,0.000000000000000000e+00
1.382799999999999940e+01,1.840505122251316195e+01,2.340925515764722675e+01,3.085175739109820015e+00,3.988201432236619937e-01,-4.730267760460465857e-15,1.554948590712574911e-15,-9.170291671255922372e-01,6.197434999015383195e-01,1.475117422849518689e-01,-1.290669602098474533e-01,-6.011036097803653332e-15,-1.040492673206111668e-14,2.769435408071386480e-15,0.000000000000000000e+00
1.387599999999999945e+01,1.843479891050841601e+01,2.341633572127691210e+01,3.078980525019746395e+00,3.988201432236619937e-01,-4.893107722745142039e-15,1.598201132996580652e-15,-9.170291671255922372e-01,6.197434999015436485e-01,1.475117422849522020e-01,-1.290669602098439839e-01,-3.035638391808233331e-15,-1.567551456044870857e-15,2.769435408071385691e-15,0.000000000000000000e+00
1.392399999999999949e+01,1.846454659850367008e+01,2.342341628490659744e+01,3.072785310929672775e+00,3.988201432236619937e-01,-4.852436370793508362e-15,1.655045184879593224e-15,-9.170291671255922372e-01,6.197434999015489776e-01,1.475117422849525350e-01,-1.290669602098407642e-01,-2.045696790140849908e-16,5.726613815742408323e-15,2.776572556086831819e-15,0.000000000000000000e+00
1.397199999999999953e+01,1.849429428649892415e+01,2.343049684853628278e+01,3.066590096839599155e+00,3.988201432236619937e-01,-4.647268360265773332e-15,1.716309833831096190e-15,-9.170291671255922372e-01,6.197434999015543067e-01,1.475117422849528681e-01,-1.290669602098377666e-01,2.038080830728730797e-15,1.132213785985320186e-14,2.773400490302187737e-15,0.000000000000000000e+00
1.401999999999999957e+01,1.852404197449417822e+01,2.343757741216596813e+01,3.060394882749525536e+00,3.988201432236619937e-01,-4.318929151819288678e-15,1.781867778823643821e-15,-9.170291671255922372e-01,6.197434999015583035e-01,1.475117422849530624e-01,-1.290669602098349633e-01,3.547984144218943455e-15,1.533004297875001634e-14,2.775779539640670305e-15,0.000000000000000000e+00
1.406799999999999962e+01,1.855378966248943229e+01,2.344465797579565347e+01,3.054199668659451916e+00,3.988201432236619937e-01,-3.911776816094141807e-15,1.854389113316278462e-15,-9.170291671255922372e-01,6.197434999015623003e-01,1.475117422849530624e-01,-1.290669602098322988e-01,4.314038031210299338e-15,1.779473809341785313e-14,2.769435408071382930e-15,0.000000000000000000e+00
1.411599999999999966e+01,1.858353735048468636e+01,2.345173853942533881e+01,3.048004454569378296e+00,3.988201432236619937e-01,-3.459629835355687721e-15,1.932798211016234380e-15,-9.170291671255922372e-01,6.197434999015662971e-01,1.475117422849527848e-01,-1.290669602098298008e-01,4.636002708351592999e-15,1.914921018346054285e-14,2.771814457409864710e-15,0.000000000000000000e+00
1.416399999999999970e+01,1.861328503847994043e+01,2.345881910305502416e+01,3.041809240479304677e+00,3.988201432236619937e-01,-2.986440299343684307e-15,2.015491903459573552e-15,-9.170291671255922372e-01,6.197434999015702939e-01,1.475117422849523130e-01,-1.290669602098274693e-01,4.802536162045366480e-15,1.972652615626562930e-14,2.767056358732900362e-15,0.000000000000000000e+00
1.421199999999999974e+01,1.864303272647523713e+01,2.346589966668470950e+01,3.035614026389231057e+00,3.988201432236619937e-01,-2.505194338890136206e-15,2.092076622855265958e-15,-9.170291671255922372e-01,6.197434999015730694e-01,1.475117422849516191e-01,-1.290669602098253044e-01,5.368749904604193318e-15,1.936015255813933900e-14,2.777365572532991755e-15,0.000000000000000000e+00
1.425999999999999979e+01,1.867278041447053383e+01,2.347298023031439484e+01,3.029418812299157437e+00,3.988201432236619937e-01,-2.037733181324119498e-15,2.141842682641083061e-15,-9.170291671255922372e-01,6.197434999015757340e-01,1.475117422849506199e-01,-1.290669602098234725e-01,6.323541705781824157e-15,1.795016931686538515e-14,2.765470325840578124e-15,0.000000000000000000e+00
1.430799999999999983e+01,1.870252810246583053e+01,2.348006079394408019e+01,3.023223598209083818e+00,3.988201432236619937e-01,-1.597914130165543458e-15,2.154283986270701134e-15,-9.170291671255922372e-01,6.197434999015783985e-01,1.475117422849494542e-01,-1.290669602098218627e-01,7.322742427944465832e-15,1.621822139845012580e-14,2.755161112040486731e-15,0.000000000000000000e+00
1.435599999999999987e+01,1.873227579046112723e+01,2.348714135757376553e+01,3.017028384119010198e+00,3.988201432236619937e-01,-1.187379354174283411e-15,2.127887302512214371e-15,-9.170291671255922372e-01,6.197434999015805079e-01,1.475117422849481219e-01,-1.290669602098205027e-01,8.177614156905836683e-15,1.433084225658735021e-14,2.758333177825130418e-15,0.000000000000000000e+00
1.440399999999999991e+01,1.876202347845642393e+01,2.349422192120345088e+01,3.010833170028936578e+00,3.988201432236619937e-01,-8.194140050944377986e-16,2.067310865262728451e-15,-9.170291671255922372e-01,6.197434999015818402e-01,1.475117422849467896e-01,-1.290669602098191981e-01,8.610601136509643632e-15,1.198827167462826897e-14,2.763091276502094766e-15,0.000000000000000000e+00
1.445199999999999996e+01,1.879177116645172063e+01,2.350130248483313622e+01,3.004637955938862959e+00,3.988201432236619937e-01,-5.002244321892464511e-16,1.981647466176759420e-15,-9.170291671255922372e-01,6.197434999015831725e-01,1.475117422849452631e-01,-1.290669602098181989e-01,8.577294445770889251e-15,9.856643467347966514e-15,2.765470325840577335e-15,0.000000000000000000e+00
1.450000000000000000e+01,1.882151885444701733e+01,2.350838304846282156e+01,2.998442741848789339e+00,3.988201432236619937e-01,-2.243194625534143760e-16,1.877256250736674545e-15,-9.170291671255922372e-01,6.197434999015845047e-01,1.475117422849435977e-01,-1.290669602098171997e-01,8.543987755032138026e-15,7.991468785977705420e-15,2.774986523194507609e-15,0.000000000000000000e+00
1.454800000000000004e+01,1.885126654244231403e+01,2.351546361209250691e+01,2.992247527758715719e+00,3.988201432236619937e-01,1.186410664314728901e-17,1.757357601611732031e-15,-9.170291671255922372e-01,6.197434999015858370e-01,1.475117422849419324e-01,-1.290669602098164781e-01,8.488476603800883355e-15,6.226214176823709045e-15,2.774986523194507609e-15,0.000000000000000000e+00
1.459600000000000009e+01,1.888101423043761073e+01,2.352254417572219225e+01,2.986052313668642100e+00,3.988201432236619937e-01,2.076742872767653527e-16,1.625566335278073444e-15,-9.170291671255922372e-01,6.197434999015858370e-01,1.475117422849403781e-01,-1.290669602098158120e-01,8.011080703212067936e-15,4.527572949147221431e-15,2.777365572532990177e-15,0.000000000000000000e+00
1.464400000000000013e+01,1.891076191843290744e+01,2.352962473935187759e+01,2.979857099578568480e+00,3.988201432236619937e-01,3.595871161542055813e-16,1.493158791099588887e-15,-9.170291671255922372e-01,6.197434999015858370e-01,1.475117422849390458e-01,-1.290669602098151458e-01,7.178413434743198953e-15,2.806727260978228005e-15,2.777365572532989388e-15,0.000000000000000000e+00
1.469200000000000017e+01,1.894050960642820414e+01,2.353670530298156294e+01,2.973661885488494860e+00,3.988201432236619937e-01,4.680687744603270955e-16,1.364018161203020337e-15,-9.170291671255922372e-01,6.197434999015858370e-01,1.475117422849377136e-01,-1.290669602098148128e-01,6.312439475535576378e-15,1.496664091920543208e-15,2.786881769886919662e-15,0.000000000000000000e+00
1.474000000000000021e+01,1.897025729442350084e+01,2.354378586661124828e+01,2.967466671398421241e+00,3.988201432236619937e-01,5.436754197121209183e-16,1.245495702222977105e-15,-9.170291671255922372e-01,6.197434999015858370e-01,1.475117422849363813e-01,-1.290669602098144797e-01,5.335443213865434993e-15,4.308499882803937576e-16,2.785295736994597818e-15,0.000000000000000000e+00
1.478800000000000026e+01,1.900000498241879754e+01,2.355086643024093362e+01,2.961271457308347621e+00,3.988201432236619937e-01,5.877959623269066053e-16,1.139575625529024983e-15,-9.170291671255922372e-01,6.197434999015858370e-01,1.475117422849350490e-01,-1.290669602098141466e-01,4.336242491702797262e-15,-5.017373524047372828e-16,2.790053835671561377e-15,0.000000000000000000e+00
1.483600000000000030e+01,1.902975267041409424e+01,2.355794699387061897e+01,2.955076243218274001e+00,3.988201432236619937e-01,6.071558378634715564e-16,1.043153698898365532e-15,-9.170291671255922372e-01,6.197434999015858370e-01,1.475117422849338555e-01,-1.290669602098139523e-01,3.692313137420207573e-15,-1.001337713486057233e-15,2.791639868563884010e-15,0.000000000000000000e+00
1.488400000000000034e+01,1.905950035840939094e+01,2.356502755750030431e+01,2.948881029128200382e+00,3.988201432236619937e-01,6.147985495432329855e-16,9.596991750354235478e-16,-9.170291671255922372e-01,6.197434999015858370e-01,1.475117422849328563e-01,-1.290669602098138968e-01,2.992872631906359663e-15,-1.201177857918584700e-15,2.788467802779241900e-15,0.000000000000000000e+00
1.493200000000000038e+01,1.908924804640468764e+01,2.357210812112998966e+01,2.942685815038126762e+00,3.988201432236619937e-01,6.104212591616983586e-16,8.896856850435416262e-16,-9.170291671255922372e-01,6.197434999015858370e-01,1.475117422849318571e-01,-1.290669602098138968e-01,2.282329896146259635e-15,-1.445426923336118271e-15,2.782123671209956103e-15,0.000000000000000000e+00
1.498000000000000043e+01,1.911899573439998434e+01,2.357918868475967500e+01,2.936490600948053142e+00,3.988201432236619937e-01,5.960559525722477327e-16,8.320598709871654292e-16,-9.170291671255922372e-01,6.197434999015858370e-01,1.475117422849308579e-01,-1.290669602098138968e-01,1.716116153587430825e-15,-1.512040304813627427e-15,2.765470325840577335e-15,0.000000000000000000e+00
1.502800000000000047e+01,1.914874342239528104e+01,2.358626924838936034e+01,2.930295386857979523e+00,3.988201432236619937e-01,5.765155442405760920e-16,7.853312972669092990e-16,-9.170291671255922372e-01,6.197434999015858370e-01,1.475117422849298587e-01,-1.290669602098138968e-01,1.283129173983619537e-15,-1.545346995552382005e-15,2.753575079148162915e-15,0.000000000000000000e+00
1.507600000000000051e+01,1.917849111039057775e+01,2.359334981201904569e+01,2.924100172767905903e+00,3.988201432236619937e-01,5.545466715295995364e-16,7.467476929144159250e-16,-9.170291671255922372e-01,6.197434999015858370e-01,1.475117422849288595e-01,-1.290669602098138968e-01,9.500622665960729696e-16,-1.434324693089865759e-15,2.757540161378966933e-15,0.000000000000000000e+00
1.512400000000000055e+01,1.920823879838587445e+01,2.360043037564873103e+01,2.917904958677832283e+00,3.988201432236619937e-01,5.325627276771594455e-16,7.169954515057551602e-16,-9.170291671255922372e-01,6.197434999015858370e-01,1.475117422849279991e-01,-1.290669602098139246e-01,6.391998197010291580e-16,-1.167871167179827756e-15,2.761505243609770161e-15,0.000000000000000000e+00
1.517200000000000060e+01,1.923798648638117115e+01,2.360751093927841637e+01,2.911709744587758664e+00,3.988201432236619937e-01,5.146511433706824282e-16,6.983122711590423523e-16,-9.170291671255922372e-01,6.197434999015858370e-01,1.475117422849273330e-01,-1.290669602098142577e-01,2.284173005897212676e-16,-8.014975690535256241e-16,2.756747144932804236e-15,0.000000000000000000e+00
1.522000000000000064e+01,1.926773417437646785e+01,2.361459150290810172e+01,2.905514530497685044e+00,3.988201432236619937e-01,5.003399786819512460e-16,6.911708802885591926e-16,-9.170291671255922372e-01,6.197434999015858370e-01,1.475117422849266668e-01,-1.290669602098145907e-01,-1.268540672903287465e-16,-4.906351221584813195e-16,2.755161112040481997e-15,0.000000000000000000e+00
1.526800000000000068e+01,1.929748186237176455e+01,2.362167206653778706e+01,2.899319316407611424e+00,3.988201432236619937e-01,4.884739507828537355e-16,6.946087851765809740e-16,-9.170291671255922372e-01,6.197434999015858370e-01,1.475117422849260007e-01,-1.290669602098149238e-01,-4.821254351703788098e-16,-2.907949777259530633e-16,2.757540161378964566e-15,0.000000000000000000e+00
1.531600000000000072e+01,1.932722955036706125e+01,2.362875263016747240e+01,2.893124102317537805e+00,3.988201432236619937e-01,4.779951311910319234e-16,7.079963936214637194e-16,-9.170291671255922372e-01,6.197434999015858370e-01,1.475117422849253346e-01,-1.290669602098152569e-01,-8.262945728041771007e-16,-3.544368206216717118e-17,2.763884292948251152e-15,0.000000000000000000e+00
1.536400000000000077e+01,1.935697723836235795e+01,2.363583319379715775e+01,2.886928888227464185e+00,3.988201432236619937e-01,4.698509534176667633e-16,7.302687269328572917e-16,-9.170291671255922372e-01,6.197434999015858370e-01,1.475117422849246684e-01,-1.290669602098155899e-01,-1.114952559206717762e-15,1.643964623703609063e-16,2.773400490302181426e-15,0.000000000000000000e+00
1.541200000000000081e+01,1.938672492635765465e+01,2.364291375742684309e+01,2.880733674137390565e+00,3.988201432236619937e-01,4.620087573263125642e-16,7.604207046375921825e-16,-9.170291671255922372e-01,6.197434999015858370e-01,1.475117422849240023e-01,-1.290669602098159230e-01,-1.370303854870503845e-15,3.087254555716311135e-16,2.786088753440755387e-15,0.000000000000000000e+00
1.546000000000000085e+01,1.941647261435295135e+01,2.364999432105652843e+01,2.874538460047316946e+00,3.988201432236619937e-01,4.546218530495862200e-16,7.970419801868786524e-16,-9.170291671255922372e-01,6.197434999015858370e-01,1.475117422849230586e-01,-1.290669602098162561e-01,-1.570143999303031707e-15,2.754187648328762398e-16,2.793225901456202304e-15,0.000000000000000000e+00
1.550800000000000090e+01,1.944622030234824805e+01,2.365707488468621378e+01,2.868343245957243326e+00,3.988201432236619937e-01,4.454996536050419814e-16,8.337560395351145916e-16,-9.170291671255922372e-01,6.197434999015858370e-01,1.475117422849220594e-01,-1.290669602098165891e-01,-1.514632848071774077e-15,3.087254555716307684e-16,2.793225901456201515e-15,0.000000000000000000e+00
1.555600000000000094e+01,1.947596799034354476e+01,2.366415544831589912e+01,2.862148031867169706e+00,3.988201432236619937e-01,4.364724430480610395e-16,8.679689953719327949e-16,-9.170291671255922372e-01,6.197434999015858370e-01,1.475117422849210602e-01,-1.290669602098169222e-01,-1.436917236348013395e-15,1.421920018778570901e-16,2.795604950794683295e-15,0.000000000000000000e+00
1.560400000000000098e+01,1.950571567833884146e+01,2.367123601194558447e+01,2.855952817777096087e+00,3.988201432236619937e-01,4.266033917301986156e-16,9.009441458354343120e-16,-9.170291671255922372e-01,6.197434999015858370e-01,1.475117422849200610e-01,-1.290669602098172553e-01,-1.403610545609258817e-15,1.643964623703600434e-16,2.797190983687003955e-15,0.000000000000000000e+00
1.565200000000000102e+01,1.953546336633413816e+01,2.367831657557526981e+01,2.849757603687022467e+00,3.988201432236619937e-01,4.159499182074475996e-16,9.339413496119722380e-16,-9.170291671255922372e-01,6.197434999015858370e-01,1.475117422849190618e-01,-1.290669602098175883e-01,-1.459121696840516447e-15,1.866009228628630461e-16,2.797190983687003955e-15,0.000000000000000000e+00
1.570000000000000107e+01,1.956521105432943486e+01,2.368539713920495515e+01,2.843562389596948847e+00,3.988201432236619937e-01,4.056044135160618864e-16,9.682347371083789693e-16,-9.170291671255922372e-01,6.197434999015858370e-01,1.475117422849180626e-01,-1.290669602098179214e-01,-1.503530617825522551e-15,1.643964623703597969e-16,2.794018917902361056e-15,0.000000000000000000e+00
1.574800000000000111e+01,1.959495874232473156e+01,2.369247770283464050e+01,2.837367175506875228e+00,3.988201432236619937e-01,3.957085099323638518e-16,1.004055399151177609e-15,-9.170291671255922372e-01,6.197434999015858370e-01,1.475117422849170634e-01,-1.290669602098182545e-01,-1.559041769056780181e-15,3.087254555716300288e-16,2.792432885010039607e-15,0.000000000000000000e+00
1.579600000000000115e+01,1.962470643032002826e+01,2.369955826646432584e+01,2.831171961416801608e+00,3.988201432236619937e-01,3.864941438704374536e-16,1.041649486773432057e-15,-9.170291671255922372e-01,6.197434999015858370e-01,1.475117422849160642e-01,-1.290669602098185875e-01,-1.603450690041786679e-15,3.087254555716298809e-16,2.790846852117718158e-15,0.000000000000000000e+00
1.584400000000000119e+01,1.965445411831532496e+01,2.370663883009401118e+01,2.824976747326727988e+00,3.988201432236619937e-01,3.778320351933203209e-16,1.081202910182034156e-15,-9.170291671255922372e-01,6.197434999015858370e-01,1.475117422849150650e-01,-1.290669602098189206e-01,-1.725575222750554253e-15,3.531343765566359848e-16,2.792432885010039607e-15,0.000000000000000000e+00
1.589199999999999946e+01,1.968420180631062166e+01,2.371371939372369653e+01,2.818781533236654369e+00,3.988201432236619937e-01,3.689633115624067462e-16,1.123959508066234216e-15,-9.170291671255922372e-01,6.197434999015858370e-01,1.475117422849140658e-01,-1.290669602098192814e-01,-1.781086373981811489e-15,4.863611395116545428e-16,2.793225901456200726e-15,0.000000000000000000e+00
1.593999999999999950e+01,1.971394949430591836e+01,2.372079995735338187e+01,2.812586319146580749e+00,3.988201432236619937e-01,3.620829130358713166e-16,1.168379882146274856e-15,-9.170291671255922372e-01,6.197434999015858370e-01,1.475117422849130666e-01,-1.290669602098198920e-01,-1.825495294966818776e-15,5.196678302504087263e-16,2.799570033025488101e-15,0.000000000000000000e+00
1.598799999999999955e+01,1.974369718230121507e+01,2.372788052098306721e+01,2.806391105056507129e+00,3.988201432236619937e-01,3.571607192006272157e-16,1.214644640697680126e-15,-9.170291671255922372e-01,6.197434999015858370e-01,1.475117422849119286e-01,-1.290669602098205304e-01,-1.892108676444329115e-15,5.418722907429113838e-16,2.800363049471650009e-15,0.000000000000000000e+00
1.603600000000000136e+01,1.977344487029651177e+01,2.373496108461275256e+01,2.800195890966433510e+00,3.988201432236619937e-01,3.509389021937658625e-16,1.260223119876012981e-15,-9.170291671255922372e-01,6.197434999015858370e-01,1.475117422849105964e-01,-1.290669602098211688e-01,-1.803290834474317696e-15,4.752589092654013405e-16,2.797984000133167441e-15,0.000000000000000000e+00
1.608399999999999963e+01,1.980319255829180847e+01,2.374204164824243790e+01,2.794000676876359890e+00,3.988201432236619937e-01,3.440904865599380730e-16,1.303567797199969772e-15,-9.170291671255922372e-01,6.197434999015858370e-01,1.475117422849092641e-01,-1.290669602098218349e-01,-1.769984143735563513e-15,3.975432975416399193e-16,2.801949082363972247e-15,0.000000000000000000e+00
1.613200000000000145e+01,1.983294024628710517e+01,2.374912221187212324e+01,2.787805462786286270e+00,3.988201432236619937e-01,3.341053989986145530e-16,1.345717815986122381e-15,-9.170291671255922372e-01,6.197434999015858370e-01,1.475117422849079318e-01,-1.290669602098225011e-01,-1.781086373981815828e-15,2.532143043403694408e-16,2.802742098810133367e-15,0.000000000000000000e+00
1.617999999999999972e+01,1.986268793428240187e+01,2.375620277550180859e+01,2.781610248696212651e+00,3.988201432236619937e-01,3.232792020609741507e-16,1.388131582774569790e-15,-9.170291671255922372e-01,6.197434999015858370e-01,1.475117422849065996e-01,-1.290669602098231672e-01,-1.847699755459326167e-15,2.643165345866208682e-16,2.801949082363973036e-15,0.000000000000000000e+00
1.622800000000000153e+01,1.989243562227769857e+01,2.376328333913149393e+01,2.775415034606139031e+00,3.988201432236619937e-01,3.110760471348823761e-16,1.432876334458651297e-15,-9.170291671255922372e-01,6.197434999015858370e-01,1.475117422849052673e-01,-1.290669602098238333e-01,-1.914313136936836506e-15,3.309299160641301225e-16,2.801949082363973825e-15,0.000000000000000000e+00
1.627599999999999980e+01,1.992218331027299527e+01,2.377036390276117928e+01,2.769219820516065411e+00,3.988201432236619937e-01,2.997066658696214789e-16,1.479823921996461345e-15,-9.170291671255922372e-01,6.197434999015858370e-01,1.475117422849039350e-01,-1.290669602098244995e-01,-2.014233209153101620e-15,3.975432975416393769e-16,2.805121148148618302e-15,0.000000000000000000e+00
1.632400000000000162e+01,1.995193099826829197e+01,2.377744446639086462e+01,2.763024606425991792e+00,3.988201432236619937e-01,2.893542033034010325e-16,1.530167815729248237e-15,-9.170291671255922372e-01,6.197434999015858370e-01,1.475117422849026028e-01,-1.290669602098251656e-01,-2.169664432600624167e-15,4.974633697579031106e-16,2.801156065917815073e-15,0.000000000000000000e+00
1.637199999999999989e+01,1.998167868626358867e+01,2.378452503002054996e+01,2.756829392335918172e+00,3.988201432236619937e-01,2.794139428177943596e-16,1.584129291106859903e-15,-9.170291671255922372e-01,6.197434999015858370e-01,1.475117422849012705e-01,-1.290669602098258317e-01,-2.313993425801895385e-15,5.640767512354118719e-16,2.805914164594780998e-15,0.000000000000000000e+00
1.642000000000000171e+01,2.001142637425888537e+01,2.379160559365023531e+01,2.750634178245844552e+00,3.988201432236619937e-01,2.704798829654933411e-16,1.642402523297923501e-15,-9.170291671255922372e-01,6.197434999015858370e-01,1.475117422848997994e-01,-1.290669602098264979e-01,-2.425015728264411433e-15,6.306901327129208305e-16,2.799570033025494412e-15,0.000000000000000000e+00
1.646799999999999997e+01,2.004117406225418208e+01,2.379868615727992065e+01,2.744438964155770933e+00,3.988201432236619937e-01,2.610729233944144254e-16,1.701874470660105756e-15,-9.170291671255922372e-01,6.197434999015858370e-01,1.475117422848981341e-01,-1.290669602098271640e-01,-2.425015728264411433e-15,5.973834419741659568e-16,2.797190983687011055e-15,0.000000000000000000e+00
1.651600000000000179e+01,2.007092175024947878e+01,2.380576672090960599e+01,2.738243750065697313e+00,3.988201432236619937e-01,2.496501121700561687e-16,1.760469714997019132e-15,-9.170291671255922372e-01,6.197434999015858370e-01,1.475117422848964688e-01,-1.290669602098278301e-01,-2.402811267771907987e-15,5.640767512354110830e-16,2.793225901456206248e-15,0.000000000000000000e+00
1.656400000000000006e+01,2.010066943824477548e+01,2.381284728453929134e+01,2.732048535975623693e+00,3.988201432236619937e-01,2.376659595687793054e-16,1.819353525817945050e-15,-9.170291671255922372e-01,6.197434999015858370e-01,1.475117422848948034e-01,-1.290669602098284963e-01,-2.458322419003166997e-15,5.418722907429076367e-16,2.797984000133170596e-15,0.000000000000000000e+00
1.661200000000000188e+01,2.013041712624007218e+01,2.381992784816897668e+01,2.725853321885550073e+00,3.988201432236619937e-01,2.255754257311388628e-16,1.879595452360038764e-15,-9.170291671255922372e-01,6.197434999015858370e-01,1.475117422848931381e-01,-1.290669602098291624e-01,-2.580446951711935557e-15,5.529745209891585710e-16,2.801156065917813495e-15,0.000000000000000000e+00
1.666000000000000014e+01,2.016016481423536888e+01,2.382700841179866202e+01,2.719658107795476454e+00,3.988201432236619937e-01,2.138961341835525209e-16,1.944180947303795104e-15,-9.170291671255922372e-01,6.197434999015858370e-01,1.475117422848914728e-01,-1.290669602098298285e-01,-2.724775944913206775e-15,6.750990536979251594e-16,2.804328131702456394e-15,0.000000000000000000e+00
1.670800000000000196e+01,2.018991250223066558e+01,2.383408897542834737e+01,2.713462893705402834e+00,3.988201432236619937e-01,2.030972025840575644e-16,2.014258357472331114e-15,-9.170291671255922372e-01,6.197434999015858370e-01,1.475117422848898074e-01,-1.290669602098304947e-01,-2.980127240576992070e-15,7.972235864066919449e-16,2.801156065917814284e-15,0.000000000000000000e+00
1.675600000000000023e+01,2.021966019022596228e+01,2.384116953905803271e+01,2.707267679615329214e+00,3.988201432236619937e-01,1.930007307243140105e-16,2.089290257281386949e-15,-9.170291671255922372e-01,6.197434999015858370e-01,1.475117422848879201e-01,-1.290669602098311886e-01,-3.091149543039508118e-15,8.194280468991946024e-16,2.805121148148619090e-15,0.000000000000000000e+00
1.680400000000000205e+01,2.024940787822125898e+01,2.384825010268771805e+01,2.701072465525255595e+00,3.988201432236619937e-01,1.818196494208728811e-16,2.164867421368759344e-15,-9.170291671255922372e-01,6.197434999015858370e-01,1.475117422848859217e-01,-1.290669602098321878e-01,-3.091149543039508118e-15,7.972235864066910575e-16,2.803535115256296852e-15,0.000000000000000000e+00
1.685200000000000031e+01,2.027915556621655568e+01,2.385533066631740340e+01,2.694877251435181975e+00,3.988201432236619937e-01,1.717645761200190128e-16,2.241975470758766477e-15,-9.170291671255922372e-01,6.197434999015867252e-01,1.475117422848839233e-01,-1.290669602098331870e-01,-3.057842852300752554e-15,1.096983803055483146e-15,2.791639868563883221e-15,0.000000000000000000e+00
1.689999999999999858e+01,2.030890325421185238e+01,2.386241122994708874e+01,2.688682037345108355e+00,3.988201432236619937e-01,1.749579869207540357e-16,2.318017146725714352e-15,-9.170291671255922372e-01,6.197434999015880575e-01,1.475117422848819249e-01,-1.290669602098341862e-01,-2.569344721465683045e-15,1.629890854875558759e-15,2.785295736994595846e-15,0.000000000000000000e+00
1.694800000000000040e+01,2.033865094220714909e+01,2.386949179357677409e+01,2.682486823255034736e+00,3.988201432236619937e-01,1.978193252331178156e-16,2.386583174780147661e-15,-9.170291671255922372e-01,6.197434999015893897e-01,1.475117422848799265e-01,-1.290669602098351854e-01,-2.014233209153104381e-15,2.495864814083180545e-15,2.789260819225399469e-15,0.000000000000000000e+00
1.699599999999999866e+01,2.036839863020244579e+01,2.387657235720645943e+01,2.676291609164961116e+00,3.988201432236619937e-01,2.462019974055103121e-16,2.452810069440659063e-15,-9.170291671255922372e-01,6.197434999015907220e-01,1.475117422848777338e-01,-1.290669602098361846e-01,-1.492428387579280886e-15,3.273020931320790123e-15,2.797190983687006716e-15,0.000000000000000000e+00
1.704400000000000048e+01,2.039814631819774249e+01,2.388365292083614477e+01,2.670096395074887496e+00,3.988201432236619937e-01,3.143372566869311690e-16,2.514818526869997910e-15,-9.170291671255922372e-01,6.197434999015920543e-01,1.475117422848754023e-01,-1.290669602098371838e-01,-1.026134717236714823e-15,3.939154746095884047e-15,2.803535115256292514e-15,0.000000000000000000e+00
1.709199999999999875e+01,2.042789400619303919e+01,2.389073348446583012e+01,2.663901180984813877e+00,3.988201432236619937e-01,3.990968299240084329e-16,2.575848606657347154e-15,-9.170291671255922372e-01,6.197434999015922763e-01,1.475117422848730708e-01,-1.290669602098381830e-01,-8.373968030504386846e-16,4.405448416438448532e-15,2.795604950794685267e-15,0.000000000000000000e+00
1.714000000000000057e+01,2.045764169418833589e+01,2.389781404809551546e+01,2.657705966894740257e+00,3.988201432236619937e-01,4.834577875829660543e-16,2.638908752716956419e-15,-9.170291671255922372e-01,6.197434999015922763e-01,1.475117422848707394e-01,-1.290669602098391822e-01,-1.237077091915495394e-15,4.150097120774658899e-15,2.790846852117720919e-15,0.000000000000000000e+00
1.718799999999999883e+01,2.048738938218363259e+01,2.390489461172520080e+01,2.651510752804666637e+00,3.988201432236619937e-01,5.570156834374631850e-16,2.710830142792569071e-15,-9.170291671255922372e-01,6.197434999015922763e-01,1.475117422848682414e-01,-1.290669602098401814e-01,-1.769984143735571007e-15,3.883643594864617543e-15,2.781330654763792223e-15,0.000000000000000000e+00
1.723600000000000065e+01,2.051713707017892929e+01,2.391197517535488615e+01,2.645315538714593018e+00,3.988201432236619937e-01,6.192203971548846538e-16,2.794714986257786153e-15,-9.170291671255922372e-01,6.197434999015922763e-01,1.475117422848655768e-01,-1.290669602098414304e-01,-2.547140260973181571e-15,3.706007910924590761e-15,2.771021440963700041e-15,0.000000000000000000e+00
1.728399999999999892e+01,2.054688475817422599e+01,2.391905573898457149e+01,2.639120324624519398e+00,3.988201432236619937e-01,6.705300428200393544e-16,2.895411505719759818e-15,-9.170291671255922372e-01,6.197434999015922763e-01,1.475117422848629123e-01,-1.290669602098427626e-01,-3.368705299195798831e-15,3.572781147969570083e-15,2.756747144932803052e-15,0.000000000000000000e+00
1.733200000000000074e+01,2.057663244616952269e+01,2.392613630261425683e+01,2.632925110534445778e+00,3.988201432236619937e-01,7.095372103573163198e-16,3.010031545742250508e-15,-9.170291671255922372e-01,6.197434999015922763e-01,1.475117422848601645e-01,-1.290669602098440949e-01,-4.023736883724639849e-15,3.273020931320777896e-15,2.752782062701999035e-15,0.000000000000000000e+00
1.737999999999999901e+01,2.060638013416481940e+01,2.393321686624394218e+01,2.626729896444372159e+00,3.988201432236619937e-01,7.385885729853803935e-16,3.133736024811713340e-15,-9.170291671255922372e-01,6.197434999015922763e-01,1.475117422848571669e-01,-1.290669602098454272e-01,-4.512235014559707780e-15,3.062078556641997916e-15,2.758333177825125291e-15,0.000000000000000000e+00
1.742800000000000082e+01,2.063612782216011610e+01,2.394029742987362752e+01,2.620534682354298539e+00,3.988201432236619937e-01,7.581869224301006740e-16,3.267373159613954649e-15,-9.170291671255922372e-01,6.197434999015922763e-01,1.475117422848541693e-01,-1.290669602098467594e-01,-5.011835375641025857e-15,2.895545102948223252e-15,2.755954128486644300e-15,0.000000000000000000e+00
1.747599999999999909e+01,2.066587551015541280e+01,2.394737799350331287e+01,2.614339468264224919e+00,3.988201432236619937e-01,7.687979368977668862e-16,3.411097048767655190e-15,-9.170291671255922372e-01,6.197434999015922763e-01,1.475117422848510051e-01,-1.290669602098480917e-01,-5.511435736722347089e-15,2.706807188761945930e-15,2.755161112040482392e-15,0.000000000000000000e+00
1.752400000000000091e+01,2.069562319815070950e+01,2.395445855713299821e+01,2.608144254174151300e+00,3.988201432236619937e-01,7.716125499669414660e-16,3.563561197306443558e-15,-9.170291671255922372e-01,6.197434999015923873e-01,1.475117422848476745e-01,-1.290669602098496738e-01,-5.988831637311165663e-15,2.595784886299429093e-15,2.757540161378964171e-15,0.000000000000000000e+00
1.757199999999999918e+01,2.072537088614600620e+01,2.396153912076268355e+01,2.601949040084077680e+00,3.988201432236619937e-01,7.752533725754657961e-16,3.722922305687432854e-15,-9.170291671255922372e-01,6.197434999015937196e-01,1.475117422848443438e-01,-1.290669602098513391e-01,-6.099853939773682895e-15,3.062078556641993577e-15,2.767056358732892868e-15,0.000000000000000000e+00
1.762000000000000099e+01,2.075511857414130290e+01,2.396861968439236890e+01,2.595753825994004060e+00,3.988201432236619937e-01,7.916061454554581745e-16,3.889966897936048926e-15,-9.170291671255922372e-01,6.197434999015950519e-01,1.475117422848406801e-01,-1.290669602098530044e-01,-6.011036097803670687e-15,3.717110141170834595e-15,2.762298260055928520e-15,0.000000000000000000e+00
1.766799999999999926e+01,2.078486626213659960e+01,2.397570024802205424e+01,2.589558611903930441e+00,3.988201432236619937e-01,8.307758589790154108e-16,4.059888560649438468e-15,-9.170291671255922372e-01,6.197434999015963841e-01,1.475117422848370163e-01,-1.290669602098546698e-01,-5.733480341647380763e-15,4.816230935549739413e-15,2.753575079148160154e-15,0.000000000000000000e+00
1.771600000000000108e+01,2.081461395013189630e+01,2.398278081165173958e+01,2.583363397813856821e+00,3.988201432236619937e-01,8.931765206048733833e-16,4.235966672024977436e-15,-9.170291671255922372e-01,6.197434999015977164e-01,1.475117422848330473e-01,-1.290669602098564739e-01,-5.644662499677369345e-15,5.704409355249863856e-15,2.752782062701999035e-15,0.000000000000000000e+00
1.776399999999999935e+01,2.084436163812719300e+01,2.398986137528142493e+01,2.577168183723783201e+00,3.988201432236619937e-01,9.748336171764700439e-16,4.419935224830931196e-15,-9.170291671255922372e-01,6.197434999015990487e-01,1.475117422848290227e-01,-1.290669602098584723e-01,-5.733480341647383919e-15,6.570383314457484853e-15,2.753575079148158576e-15,0.000000000000000000e+00
1.781200000000000117e+01,2.087410932612248970e+01,2.399694193891111027e+01,2.570972969633709582e+00,3.988201432236619937e-01,1.072851714643578203e-15,4.615111327965825050e-15,-9.170291671255922372e-01,6.197434999016003809e-01,1.475117422848246929e-01,-1.290669602098604707e-01,-5.888911565094908043e-15,7.269823819971334736e-15,2.762298260055926942e-15,0.000000000000000000e+00
1.785999999999999943e+01,2.090385701411778641e+01,2.400402250254079561e+01,2.564777755543635962e+00,3.988201432236619937e-01,1.185157485695427799e-15,4.819915304751141691e-15,-9.170291671255922372e-01,6.197434999016017132e-01,1.475117422848202242e-01,-1.290669602098625246e-01,-6.011036097803676998e-15,8.024775476716445601e-15,2.775779539640661233e-15,0.000000000000000000e+00
1.790800000000000125e+01,2.093360470211308311e+01,2.401110306617048096e+01,2.558582541453562342e+00,3.988201432236619937e-01,1.311265564270881420e-15,5.036242639390819013e-15,-9.170291671255922372e-01,6.197434999016030455e-01,1.475117422848155613e-01,-1.290669602098648561e-01,-6.388511926176232431e-15,8.690909291491542681e-15,2.776572556086820775e-15,0.000000000000000000e+00
1.795599999999999952e+01,2.096335239010837981e+01,2.401818362980016630e+01,2.552387327363488723e+00,3.988201432236619937e-01,1.446702473714828408e-15,5.270816219746033149e-15,-9.170291671255922372e-01,6.197434999016043777e-01,1.475117422848105653e-01,-1.290669602098671875e-01,-6.988032359473817594e-15,9.423656487744151677e-15,2.774193506748337812e-15,0.000000000000000000e+00
1.800400000000000134e+01,2.099310007810367651e+01,2.402526419342985164e+01,2.546192113273415103e+00,3.988201432236619937e-01,1.592117768656332758e-15,5.526485168152327304e-15,-9.170291671255922372e-01,6.197434999016057100e-01,1.475117422848053472e-01,-1.290669602098697133e-01,-7.709677325480171712e-15,1.012309699325800314e-14,2.763884292948246813e-15,0.000000000000000000e+00
1.805199999999999960e+01,2.102284776609897321e+01,2.403234475705953699e+01,2.539996899183341483e+00,3.988201432236619937e-01,1.746626507665578731e-15,5.807901021842728766e-15,-9.170291671255922372e-01,6.197434999016070423e-01,1.475117422847998516e-01,-1.290669602098723778e-01,-8.631162435919048169e-15,1.090025311049561587e-14,2.776572556086819986e-15,0.000000000000000000e+00
1.810000000000000142e+01,2.105259545409426991e+01,2.403942532068922233e+01,2.533801685093267864e+00,3.988201432236619937e-01,1.908322991451470213e-15,6.119222958882634857e-15,-9.170291671255922372e-01,6.197434999016074864e-01,1.475117422847940230e-01,-1.290669602098752367e-01,-9.796896611775457803e-15,1.172181814871822919e-14,2.778951605425302554e-15,0.000000000000000000e+00
1.814799999999999969e+01,2.108234314208956661e+01,2.404650588431890768e+01,2.527606471003194244e+00,3.988201432236619937e-01,2.068391866132358682e-15,6.468360676042055212e-15,-9.170291671255922372e-01,6.197434999016074864e-01,1.475117422847878612e-01,-1.290669602098782343e-01,-1.155104899068320324e-14,1.189945383265825834e-14,2.782916687656107361e-15,0.000000000000000000e+00
1.819600000000000151e+01,2.111209083008486331e+01,2.405358644794859302e+01,2.521411256913120624e+00,3.988201432236619937e-01,2.211133398529747351e-15,6.862239540531311370e-15,-9.170291671255922372e-01,6.197434999016074864e-01,1.475117422847813387e-01,-1.290669602098814539e-01,-1.364937050722474974e-14,1.204378282585952995e-14,2.771814457409855243e-15,0.000000000000000000e+00
1.824399999999999977e+01,2.114183851808016001e+01,2.406066701157827836e+01,2.515216042823047005e+00,3.988201432236619937e-01,2.341774339263573294e-15,7.304319150047733667e-15,-9.170291671255922372e-01,6.197434999016088186e-01,1.475117422847744275e-01,-1.290669602098848401e-01,-1.553674964908751428e-14,1.262109879866461324e-14,2.778951605425303738e-15,0.000000000000000000e+00
1.829200000000000159e+01,2.117158620607545672e+01,2.406774757520796371e+01,2.509020828732973385e+00,3.988201432236619937e-01,2.476737860571560965e-15,7.795252806049465142e-15,-9.170291671255922372e-01,6.197434999016101509e-01,1.475117422847669890e-01,-1.290669602098885593e-01,-1.727979979774901194e-14,1.393116196772229607e-14,2.790846852117715791e-15,0.000000000000000000e+00
1.833999999999999986e+01,2.120133389407075342e+01,2.407482813883764905e+01,2.502825614642899765e+00,3.988201432236619937e-01,2.625210166023661690e-15,8.336856417603328748e-15,-9.170291671255922372e-01,6.197434999016114832e-01,1.475117422847591064e-01,-1.290669602098925561e-01,-1.910056555813426930e-14,1.529673628801123514e-14,2.790846852117715002e-15,0.000000000000000000e+00
1.838800000000000168e+01,2.123108158206605012e+01,2.408190870246733439e+01,2.496630400552826146e+00,3.988201432236619937e-01,2.786108669025376224e-15,8.935850564213817415e-15,-9.170291671255922372e-01,6.197434999016128154e-01,1.475117422847506410e-01,-1.290669602098968860e-01,-2.120998930492206041e-14,1.693986636445646493e-14,2.775779539640657684e-15,0.000000000000000000e+00
1.843599999999999994e+01,2.126082925674117519e+01,2.408898926292654252e+01,2.490436323184142875e+00,3.988201485140969171e-01,1.841034539897529860e-05,-3.284696282705751171e-06,-9.170291646340716918e-01,6.197416643400317504e-01,1.475113053839848809e-01,-1.289607189112022267e-01,1.891422276931343984e-03,2.844611874042841070e-03,1.347200261199070941e-06,0.000000000000000000e+00
1.848400000000000176e+01,2.129057505238874981e+01,2.409606937614341504e+01,2.484262499432404514e+00,3.988203948490169348e-01,3.110053694327404158e-04,-5.548984113581880307e-05,-9.170290032758025012e-01,6.196337686113025933e-01,1.474856243591615157e-01,-1.282333985512850161e-01,1.195946225491551287e-02,1.798616098408530387e-02,2.791666680796863498e-05,0.000000000000000000e+00
1.853200000000000003e+01,2.132030494502294715e+01,2.410314570423750524e+01,2.478140076723407415e+00,3.988216353569192796e-01,1.126182448977343896e-03,-2.009456458077209749e-04,-9.170278046521663784e-01,6.190390607709416182e-01,1.473440776606725344e-01,-1.268825514017598022e-01,2.531242444444846418e-02,3.806667958652478617e-02,1.107164131266691743e-04,0.000000000000000000e+00
1.858000000000000185e+01,2.134998220394657054e+01,2.411020950525362139e+01,2.472097279343895782e+00,3.988247148566783640e-01,2.512824794790769097e-03,-4.484024988467449251e-04,-9.170236264493076828e-01,6.174356671849972056e-01,1.469624681636226282e-01,-1.249720030621256917e-01,3.835477371209877751e-02,5.767767030045405086e-02,2.623757823907139236e-04,0.000000000000000000e+00
1.862800000000000011e+01,2.137954476756024746e+01,2.411724600935961860e+01,2.466159503396074371e+00,3.988302609431611523e-01,4.411115680676757321e-03,-7.872294578503908138e-04,-9.170138195710265672e-01,6.143068116566731129e-01,1.462178292458828355e-01,-1.225576077051824114e-01,4.927961471430736956e-02,7.410137300537461558e-02,4.790514727035759127e-04,0.000000000000000000e+00
1.867600000000000193e+01,2.140890765333814016e+01,2.412423499309029395e+01,2.460349518942404057e+00,3.988386338334996006e-01,6.710075387248473980e-03,-1.197671247037597388e-03,-9.169957931385016581e-01,6.092157946118743617e-01,1.450062616625217848e-01,-1.196940212423765332e-01,5.731558153190986771e-02,8.617815346716366232e-02,7.439703766349237092e-04,0.000000000000000000e+00
1.872400000000000020e+01,2.143796778180272256e+01,2.413115192746711202e+01,2.454687397981795804e+00,3.988499621829318387e-01,9.280650920153035027e-03,-1.656743229701678052e-03,-9.169677379205023460e-01,6.018389002419323175e-01,1.432507484375979967e-01,-1.164392200912568037e-01,6.228158872477443375e-02,9.363662616754696300e-02,1.031723229358728422e-03,0.000000000000000000e+00
1.877200000000000202e+01,2.146660969865555302e+01,2.413796933903593711e+01,2.449190305856557615e+00,3.988641752038021293e-01,1.199433828895086346e-02,-2.141546482587982844e-03,-9.169290699757881580e-01,5.919741718156417143e-01,1.409032267387320680e-01,-1.128559443004598234e-01,6.432317892648302393e-02,9.669683920027662138e-02,1.312863093765187072e-03,0.000000000000000000e+00
1.882000000000000028e+01,2.149471133486296637e+01,2.414465817931961311e+01,2.443872292386756850e+00,3.988810127427978580e-01,1.473323140959637532e-02,-2.631055091452178495e-03,-9.168805522610983250e-01,5.795366748717206695e-01,1.379434516520543774e-01,-1.090106251490380318e-01,6.375628061912216871e-02,9.583506240184763714e-02,1.558249556459586141e-03,0.000000000000000000e+00
1.886800000000000210e+01,2.152214933275346098e+01,2.415118909083518517e+01,2.438744177980752159e+00,3.989000258363180618e-01,1.739498925756398709e-02,-3.106998939883612483e-03,-9.168241545106131651e-01,5.645465433092052843e-01,1.343761531393479758e-01,-1.049707977961238659e-01,6.097471707781802058e-02,9.164454630274176949e-02,1.742665983927336104e-03,0.000000000000000000e+00
1.891600000000000037e+01,2.154880369682490127e+01,2.415753351274854310e+01,2.433813581809483484e+00,3.989205849152919758e-01,1.989479810017675057e-02,-3.554212850000180654e-03,-9.167627454856631664e-01,5.471135578495647245e-01,1.302273772758480996e-01,-1.008019578454937004e-01,5.639571775059400854e-02,8.475350959705305054e-02,1.847409470495046512e-03,0.000000000000000000e+00
1.896399999999999864e+01,2.157456166577405909e+01,2.416366460189641785e+01,2.429085098796905040e+00,3.989419063295909784e-01,2.216557059547929684e-02,-3.960673844843128240e-03,-9.166997086925372518e-01,5.274205043468591647e-01,1.255405425475657200e-01,-9.656458732178772875e-02,5.042820325011687643e-02,7.577742075952122180e-02,1.861739765495957263e-03,0.000000000000000000e+00
1.901200000000000045e+01,2.159932078503838682e+01,2.416955796437776627e+01,2.424560604442411282e+00,3.989630992192088610e-01,2.415712907139980908e-02,-4.317359787974216039e-03,-9.166385541645581947e-01,5.057066631000528556e-01,1.203725277468795096e-01,-9.231180422325759027e-02,4.345480321262625706e-02,6.529195187666964051e-02,1.783234434345355767e-03,0.000000000000000000e+00
1.905999999999999872e+01,2.162299120875196223e+01,2.417519220449553785e+01,2.420239651109286960e+00,3.989832280326137126e-01,2.583482613209753601e-02,-4.618009774603198600e-03,-9.165825764725838987e-01,4.822522340285057552e-01,1.147899787008360845e-01,-8.808785066366237038e-02,3.582221354679498981e-02,5.381848086402364617e-02,1.617214600763056337e-03,0.000000000000000000e+00
1.910800000000000054e+01,2.164549728913060989e+01,2.418054930459293317e+01,2.416119914066616303e+00,3.990013823338937060e-01,2.717787962212059316e-02,-4.858834860952412904e-03,-9.165345882609563510e-01,4.573641598871024949e-01,1.088659411954609885e-01,-8.392745265232831597e-02,2.783665532924283967e-02,4.181727166792088835e-02,1.375474808008808310e-03,0.000000000000000000e+00
1.915599999999999881e+01,2.166677852735334753e+01,2.418561485307324688e+01,2.412197647389560995e+00,3.990167446908751692e-01,2.817759265104327268e-02,-5.038208528008792687e-03,-9.164967415018540065e-01,4.313635880588309601e-01,1.026768766706080138e-01,-7.985596237553121979e-02,1.976247657268749916e-02,2.968539154155065349e-02,1.074576184312485676e-03,0.000000000000000000e+00
1.920400000000000063e+01,2.168678996750083598e+01,2.419037813968922634e+01,2.408468116105297430e+00,3.990286486047872061e-01,2.883556449289768550e-02,-5.156354680414507001e-03,-9.164704358676399876e-01,4.045750646372077153e-01,9.630008399930420349e-02,-7.589012395580130299e-02,1.182270046251020050e-02,1.775757143906665780e-02,7.339528831581208085e-04,0.000000000000000000e+00
1.925199999999999889e+01,2.170550211690033038e+01,2.419483213769309415e+01,2.404925979491480348e+00,3.990366207591009573e-01,2.916195804048773640e-02,-5.215043997227466338e-03,-9.164563049117555593e-01,3.773174563525010794e-01,8.981152839360963258e-02,-7.203927497010850778e-02,4.200780508829711317e-03,6.308899212331312879e-03,3.740479602700646014e-04,0.000000000000000000e+00
1.930000000000000071e+01,2.172290047421731884e+01,2.419897339207440368e+01,2.401565609514745070e+00,3.990404045910588282e-01,2.917386426251828910e-02,-5.217305266935968328e-03,-9.164542655656893189e-01,3.498965310680592355e-01,8.328406345957362067e-02,-6.830679701339167909e-02,-2.956901694194484509e-03,-4.441355614691016966e-03,1.464652896053554113e-05,0.000000000000000000e+00
1.934799999999999898e+01,2.173898474216028731e+01,2.420280183216569370e+01,2.398381336887621007e+00,3.990399647854805942e-01,2.889378793777316531e-02,-5.167155834673305831e-03,-9.164636141294365546e-01,3.225990864576900319e-01,7.678602245648381841e-02,-6.469164898154142196e-02,-9.538093749189076320e-03,-1.432524027839076307e-02,-3.264799736679313991e-04,0.000000000000000000e+00
1.939600000000000080e+01,2.175376779568576779e+01,2.420632052557071034e+01,2.395367624421793185e+00,3.990354744216967342e-01,2.834826833875718835e-02,-5.069353765613365641e-03,-9.164831517751123036e-01,2.956884925075690673e-01,7.038014852607761551e-02,-6.118984801107850424e-02,-1.546148101941587430e-02,-2.322124497766521120e-02,-6.345572846681151466e-04,0.000000000000000000e+00
1.944399999999999906e+01,2.176727446979793967e+01,2.420953538881698108e+01,2.392519172919882031e+00,3.990272880098028052e-01,2.756664141235961110e-02,-4.929173350468116568e-03,-9.165113239643385423e-01,2.694015018406324402e-01,6.412283011359780349e-02,-5.779579860471018710e-02,-2.067338061439006475e-02,-3.104926798520658490e-02,-8.984048993067183944e-04,0.000000000000000000e+00
1.949200000000000088e+01,2.177954022392238542e+01,2.421245486846767392e+01,2.389830968698101632e+00,3.990159045028504603e-01,2.657994508885278342e-02,-4.752204884968557093e-03,-9.165463605413403103e-01,2.439461788374047424e-01,5.806360631566621217e-02,-5.450340569049293149e-02,-2.514441641241038292e-02,-3.776557086451583917e-02,-1.110668255655597372e-03,0.000000000000000000e+00
1.953999999999999915e+01,2.179060973273334767e+01,2.421508960473051530e+01,2.387298284072745691e+00,3.990019246279283838e-01,2.541996586934159100e-02,-4.544179097879309445e-03,-9.165864061367792193e-01,2.195008012706264611e-01,5.224490691766662392e-02,-5.130693910517587081e-02,-2.886624618764056446e-02,-4.335783482208446088e-02,-1.267735695883903972e-03,0.000000000000000000e+00
1.958800000000000097e+01,2.180053544644704289e+01,2.421745208793531035e+01,2.384916642992525038e+00,3.989860066545331541e-01,2.411842232083679163e-02,-4.310816109363145576e-03,-9.166296335287736907e-01,1.962135945308337848e-01,4.670199298648060326e-02,-4.820164346363156604e-02,-3.184839546133886451e-02,-4.784040085713606866e-02,-1.369405602871105656e-03,0.000000000000000000e+00
1.963599999999999923e+01,2.180937615709017052e+01,2.421955631665835895e+01,2.382681763733194291e+00,3.989688241488398845e-01,2.270627925457048210e-02,-4.057698348222138832e-03,-9.166743354778843500e-01,1.742031669455106901e-01,4.146306570839041611e-02,-4.518410779189793725e-02,-3.411524079535792342e-02,-5.124975521748837554e-02,-1.418375964120556325e-03,0.000000000000000000e+00
1.968400000000000105e+01,2.181719560118423118e+01,2.422141746477881341e+01,2.380589489484963295e+00,3.989510284835077192e-01,2.121318499547534403e-02,-3.790166443846641926e-03,-9.167189930903730799e-01,1.535595241353686913e-01,3.654951342779361873e-02,-4.225242361837550781e-02,-3.570317581360081538e-02,-5.364030512353006735e-02,-1.419627772141445312e-03,0.000000000000000000e+00
1.973199999999999932e+01,2.182406112368162709e+01,2.422305156337422360e+01,2.378635716039085857e+00,3.989332180063907551e-01,1.966702315547285557e-02,-3.513236749287566331e-03,-9.167623208546539226e-01,1.343455501530617657e-01,3.197626933978552077e-02,-3.940616890111386245e-02,-3.665798513809079284e-02,-5.508047631025398544e-02,-1.379767078771628819e-03,0.000000000000000000e+00
1.978000000000000114e+01,2.183004242285660368e+01,2.422447520210716121e+01,2.376816323868810699e+00,3.989159149172867291e-01,1.809356962809675548e-02,-3.231538860094188524e-03,-9.168032900903079208e-01,1.165988529482749475e-01,2.775225486888458284e-02,-3.664625899876453735e-02,-3.703244411552347737e-02,-5.564915282143424041e-02,-1.306380141671931996e-03,0.000000000000000000e+00
1.982799999999999940e+01,2.183521039118733142e+01,2.422570525362335658e+01,2.375127119910503293e+00,3.988995501329238857e-01,1.651624507905971942e-02,-2.949271279695835340e-03,-9.168411336492047203e-01,1.003338813289349901e-01,2.388088632799127350e-02,-3.397470581018871560e-02,-3.688415549445332037e-02,-5.543247017491668982e-02,-1.207443723455240044e-03,0.000000000000000000e+00
1.987600000000000122e+01,2.183963606305479388e+01,2.422675862347112741e+01,2.373563792445273268e+00,3.988844557841741967e-01,1.495595298242776393e-02,-2.670173249765554237e-03,-9.168753353531589045e-01,8.554422998487325180e-02,2.036062493642251670e-02,-3.139432319878264488e-02,-3.627362808771891767e-02,-5.452096519054409202e-02,-1.090819729027501595e-03,0.000000000000000000e+00
1.992399999999999949e+01,2.184338967631848760e+01,2.422765202715795141e+01,2.372121880775521774e+00,3.988708645100241257e-01,1.343099321808358289e-02,-2.397510709924741221e-03,-9.169056079055236674e-01,7.220505830289837557e-02,1.718555265240636482e-02,-2.890841182738269552e-02,-3.526259699333823133e-02,-5.300707921537413381e-02,-9.638511534682660340e-04,0.000000000000000000e+00
1.997200000000000131e+01,2.184653985149716604e+01,2.422840179517706005e+01,2.370796759957056299e+00,3.988589143947889881e-01,1.195704137951458627e-02,-2.134074366416852716e-03,-9.169318629515812447e-01,6.027555763624744406e-02,1.434595853114182216e-02,-2.652045040434911766e-02,-3.391258023387406367e-02,-5.098300602960608580e-02,-8.330655697690312386e-04,0.000000000000000000e+00
2.001999999999999957e+01,2.184915288937369482e+01,2.422902370615902612e+01,2.369583639721163149e+00,3.988486582283049531e-01,1.054718421935879613e-02,-1.882187921379606301e-03,-9.169541766648708903e-01,4.970141038847396275e-02,1.182892245209469020e-02,-2.423381379359064447e-02,-3.228366276525042322e-02,-4.853887123847311358e-02,-7.039835971588365247e-04,0.000000000000000000e+00
2.006800000000000139e+01,2.185129218534480344e+01,2.422953284772447091e+01,2.368477575907414590e+00,3.988400757330950452e-01,9.212002061692165650e-03,-1.643724628832370993e-03,-9.169727537809273521e-01,4.041719270072603037e-02,9.618885070445353305e-03,-2.205153203344151214e-02,-3.043349571386026048e-02,-4.576122634049653581e-02,-5.810231631567843716e-04,0.000000000000000000e+00
2.011599999999999966e+01,2.185301775673443458e+01,2.422994350412889375e+01,2.367473492208897579e+00,3.988330874716166097e-01,7.959689513064046804e-03,-1.420130486406082863e-03,-9.169878924555726618e-01,3.234868063859828308e-02,7.698194739531472736e-03,-1.997609845271708026e-02,-2.841649639419632431e-02,-4.273183781850695834e-02,-4.674858916182712538e-04,0.000000000000000000e+00
2.016400000000000148e+01,2.185438587756692286e+01,2.423026906939285041e+01,2.366566209773080853e+00,3.988275692923053395e-01,6.796206387501253256e-03,-1.212452530632296063e-03,-9.169999517502664954e-01,2.541502749142856774e-02,6.047623923810161416e-03,-1.800933003649984529e-02,-2.628323307131555028e-02,-3.952674944897891646e-02,-3.656094391433621659e-04,0.000000000000000000e+00
2.021199999999999974e+01,2.185544881393195382e+01,2.423052198429513027e+01,2.365750482160031698e+00,3.988233663674486951e-01,5.725451403603404495e-03,-1.021370868051727247e-03,-9.170093229881096653e-01,1.953078704813605154e-02,4.646849272826433959e-03,-1.615227912418438355e-02,-2.407997747296105814e-02,-3.621559450011273273e-02,-2.766687817703624092e-04,0.000000000000000000e+00
2.026000000000000156e+01,2.185625465204383033e+01,2.423071369536706499e+01,2.365021033287321828e+00,3.988203060939827793e-01,4.749451895139936153e-03,-8.472332368902012190e-04,-9.170164057145548941e-01,1.460776442784313296e-02,3.474891051309954033e-03,-1.440519245983212272e-02,-2.184840762439548695e-02,-3.286113353041817536e-02,-2.011099846018405584e-04,0.000000000000000000e+00
2.030799999999999983e+01,2.185684721037456768e+01,2.423085463385592675e+01,2.364372596240113644e+00,3.988182093490620361e-01,3.868563482499694488e-03,-6.900910494942399682e-04,-9.170215885585977222e-01,1.055668215998330911e-02,2.510509013080186418e-03,-1.276751152199654023e-02,-1.962544357405396692e-02,-2.951899305210539323e-02,-1.387015139550734860e-04,0.000000000000000000e+00
2.035600000000000165e+01,2.185726602679486419e+01,2.423095421251899495e+01,2.363799951151324130e+00,3.988168997994768761e-01,3.081674365052895423e-03,-5.497360111988495697e-04,-9.170252349350923593e-01,7.288654683025598199e-03,1.732553061226623989e-03,-1.123790684181870565e-02,-1.744319890736038478e-02,-2.623758033461546374e-02,-8.869033384235924019e-05,0.000000000000000000e+00
2.040399999999999991e+01,2.185754641145654631e+01,2.423102083805977003e+01,2.363297960721748581e+00,3.988162111461715509e-01,2.386409600097071353e-03,-4.257365455624133516e-04,-9.170276732599885738e-01,4.716469237912034734e-03,1.120268149532113906e-03,-9.814338543686681321e-03,-1.532903152922761303e-02,-2.305815004035889973e-02,-4.995256084433670994e-05,0.000000000000000000e+00
2.045200000000000173e+01,2.185771955616333528e+01,2.423106193701723754e+01,2.362861602321705057e+00,3.988159923352884717e-01,1.779331420788240288e-03,-3.174733788431999488e-04,-9.170291911645830352e-01,2.755675265604178373e-03,6.535538478610904405e-04,-8.494135463536148581e-03,-1.330567796707943749e-02,-2.001499915428283163e-02,-2.113107743985091999e-05,0.000000000000000000e+00
2.050000000000000000e+01,2.185781269117059011e+01,2.423108399296156890e+01,2.362485995969480168e+00,3.988161108823121137e-01,1.256132303579920399e-03,-2.241737487777464681e-04,-9.170300330842362513e-01,1.325487889321278704e-03,3.131798173745291899e-04,-7.274085764510442378e-03,-1.139145635370238975e-02,-1.713576773748448634e-02,-7.550226663741656110e-07,0.000000000000000000e+00
2.054800000000000182e+01,2.185784928069892885e+01,2.423109259292752071e+01,2.362166427800189705e+00,3.988164545361863600e-01,8.118181174412217446e-04,-1.449438050075168075e-04,-9.170304005505082179e-01,3.495138977761645801e-04,8.095912288746178473e-05,-6.150532834842334373e-03,-9.600524253354439028e-03,-1.444182434908502718e-02,1.266165432319205016e-05,0.000000000000000000e+00
2.059600000000000009e+01,2.185784924891110848e+01,2.423109248112417191e+01,2.361898368910410273e+00,3.988169315583001140e-01,4.408792665638908387e-04,-7.879886176584168357e-05,-9.170304545208055602e-01,-2.436891155391010771e-04,-6.011814492406443753e-05,-5.119471290904667113e-03,-7.943178564777450892e-03,-1.194871648688886935e-02,2.054347013616167317e-05,0.000000000000000000e+00
2.064400000000000190e+01,2.185782922865875477e+01,2.423108761808958178e+01,2.361677489683853715e+00,3.988174699112456700e-01,1.374482711138840581e-04,-2.469124841576677572e-05,-9.170303191235875673e-01,-5.202081132625136026e-04,-1.257880474377251034e-04,-4.176639012247004845e-03,-6.426185848344301982e-03,-9.666668045172209511e-03,2.419787364409008759e-05,0.000000000000000000e+00
2.069200000000000017e+01,2.185780282593117008e+01,2.423108124360584981e+01,2.361499669870422036e+00,3.988180156493599249e-01,-1.045572859710372510e-04,1.846441935374394140e-05,-9.170300862678097964e-01,-5.405109406221818291e-04,-1.304495869467364234e-04,-3.317602220299616014e-03,-5.053132562502579347e-03,-7.601107528887654334e-03,2.477913252450588650e-05,0.000000000000000000e+00
2.074000000000000199e+01,2.185778089360899301e+01,2.423107594184870806e+01,2.361361004807923880e+00,3.988185307828117088e-01,-2.913070855977979820e-04,5.176865509548367425e-05,-9.170298206516666051e-01,-3.593093349330397836e-04,-8.713172506965195937e-05,-2.537831615825109164e-03,-3.824785841452917143e-03,-5.753212553573557389e-03,2.326911605491610479e-05,0.000000000000000000e+00
2.078800000000000026e+01,2.185777180882188730e+01,2.423107370741074718e+01,2.361257808247565038e+00,3.988189908547213891e-01,-4.289459307688154492e-04,7.631724888818964766e-05,-9.170295647985878817e-01,-2.553397558582832334e-05,-7.487151931434341855e-06,-1.832768470488890279e-03,-2.739456587261936051e-03,-4.120457959629982361e-03,2.047203437816936828e-05,0.000000000000000000e+00
