time_s,x,y,z,qw,qx,qy,qz,vx,vy,vz,obstacle_contact
0.002,11.9914131164946,24.144958496093782,0.8409607858899374,1.0,-4.499812708592955e-12,8.883076764596433e-10,1.7396758947990646e-13,1.9761061196771117e-08,1.6745897435447068e-11,-0.019607621275427662,0
0.052000000000000005,11.99011555480444,24.14673144253146,0.8273784789610067,0.9999764459475391,0.005468268364588282,0.004058827311442798,0.0008552847928648267,-0.028961862802816728,0.031151822436639245,-0.46884626038852695,0
0.10200000000000001,11.987684239359123,24.14841345629932,0.8175422253156922,0.9999360852828337,-0.002058716720247879,0.01111430940218573,0.00024323079471443409,-0.03008366326788831,0.0644387404147527,-0.01941015484279252,0
0.152,11.985656387201969,24.15046559715351,0.8168297934689697,0.9998656145337121,-0.0006090208781504718,0.016204127856379515,-0.0024100222208377374,-0.04218617080807491,-0.0029890392074332335,-0.0006970874135578307,0
0.202,11.98433654336465,24.14818279267721,0.8174725071245783,0.9998099014119115,-0.0012738054380624251,0.01861049160171224,-0.0056734522780379,-0.013685487572155777,-0.07784625742388761,0.015873566561551655,0
0.252,11.983761069328875,24.14312262439834,0.8181796491401799,0.9997706340555653,2.8943045004002814e-05,0.02022994476190895,-0.007030489126831121,-0.007696260539047686,-0.12370006309236439,0.013658682367265302,0
0.302,11.983656504660754,24.13571851811391,0.8186017718637679,0.9996907613107177,0.005404560730721176,0.02273640178269475,-0.00849873562833773,0.0025878557251527374,-0.170165636625103,-0.0017072281313489442,0
0.352,11.98430569586006,24.12632654837265,0.8171775415897884,0.9995258065242024,0.016396555262361917,0.02426464114074199,-0.009515369566187544,0.02550877819302458,-0.199458760460969,-0.06898327402945494,0
0.402,11.985406662964966,24.11613478510541,0.8129742915888256,0.9991988573476975,0.031222431140607,0.023094038212044393,-0.009667919516876103,0.017924651168306577,-0.2094119077009995,0.0037690745001762588,0
0.452,11.985602224774198,24.10807566854616,0.815396001861729,0.999002099905894,0.037116560807932845,0.022872275694275686,-0.00969661291229573,-0.0067466528248987835,-0.1223293763914291,0.06178804299152654,0
0.502,11.9855005764108,24.103302591803452,0.8179990695530636,0.9988725905376062,0.04090967939403093,0.022337252235115176,-0.008999620389474541,0.0037469050844616313,-0.07491495166178233,0.03983615029025642,0
0.552,11.985870828029817,24.100489727323062,0.8194423987993013,0.998875833962296,0.04200501887534169,0.020210450593627624,-0.008613036759084034,0.010724972592613331,-0.039005492827829724,0.021823125667501466,0
0.602,11.986463967317885,24.09944804791149,0.8203402637388597,0.9989909799632167,0.0404360971920864,0.01781883338325172,-0.008027027648159449,0.011250192391576245,-0.004251744526315708,0.015133358447845042,0
0.652,11.986979586237595,24.100050870474508,0.8211469995633017,0.9992065122459821,0.03583284314644608,0.015910229546635752,-0.0070155422480906145,0.009907078724892729,0.02682744895009801,0.0173716255142614,0
0.7020000000000001,11.987403648052002,24.10219999439056,0.8219323310835798,0.9994848445774642,0.028066538926866606,0.014414535662482686,-0.005876735000301917,0.005658748015991112,0.05803856960593475,0.011130278767715829,0
0.752,11.987783646065607,24.105904817753153,0.8222320420226533,0.9997542105731788,0.0170850208089259,0.013201457701141506,-0.005034085788300439,0.00898569698782063,0.08889510494295788,-0.003812100296559081,0
0.802,11.988156115912306,24.110817230031426,0.8202945028488412,0.9999127107652984,0.001135236422496971,0.011940964612125215,-0.005540347677654817,0.002195337137235793,0.09864940603016671,-0.0875239146443714,0
0.852,11.987817076612933,24.115854692488586,0.8186383170185637,0.9998443427931955,-0.011622184879237147,0.012112265574803117,-0.00543212902283427,-0.020643083410379987,0.08833666820573316,0.02263217418847904,0
0.902,11.987429355980824,24.11883862899504,0.8205461431511618,0.9997457136582902,-0.017501792994488858,0.012796619969629214,-0.006200143644026221,0.002232853317872252,0.03392731604568157,0.041614202601363025,0
0.9520000000000001,11.987676783116113,24.119503830659625,0.8220797770768039,0.9996325880170525,-0.022679724476747876,0.013334405343854586,-0.006520176846833288,0.006559830037148648,-0.002929075551717473,0.019776834617015505,0
1.002,11.988028316604419,24.118592744980013,0.8225446152370991,0.9995575363407487,-0.025125398933311897,0.014473182136808415,-0.006631204392079234,0.007055854677633491,-0.03146065708743012,0.0006763510409937014,0
1.052,11.988310376559353,24.11633864183248,0.8222758684288922,0.9995627388119741,-0.023751722907924065,0.016175550012614115,-0.006966951944732563,0.005391044035466246,-0.05781857179385765,-0.008864443420337945,0
1.102,11.988609422959456,24.112721148762674,0.8217416027880063,0.9996287856759685,-0.018560253936503356,0.01830382641567315,-0.007923241782620542,0.0054244555800787905,-0.08607489603242478,-0.013739609282840919,0
1.1520000000000001,11.989084064304084,24.10773953821076,0.8207589953766747,0.9997062427133637,-0.009588856505939467,0.020301511723887493,-0.009128566840578592,0.015328812700872009,-0.11086621721148329,-0.030239126283477375,0
1.202,11.990278042432925,24.1020802862948,0.817340338941644,0.9997473475462286,0.005791739369256295,0.0197913058019176,-0.008944330271972157,0.030782254833554974,-0.10586137106526351,-0.12359693685363966,0
1.252,11.990921965291385,24.09624082347529,0.8151651099156203,0.9996328281030409,0.01731564014190847,0.017820177040819087,-0.010808278097123206,-0.0030807911709341525,-0.10623612905980676,0.025100140290780615,0
1.302,11.990849000066563,24.09240212229356,0.8169256865624472,0.9995436826868305,0.022355285821398556,0.017073541621568128,-0.011007350870595404,0.005264732598188389,-0.05521602210060075,0.032854072997658954,0
1.352,11.991405163848148,24.09047478443177,0.8180665172698173,0.9994752914030061,0.026210848049188686,0.015473082834834876,-0.011077771752667033,0.015513045015095497,-0.023122240467874706,0.015791686681432732,0
1.4020000000000001,11.992322363933416,24.090114964050542,0.8186819326776912,0.9994480100018743,0.028039739689566055,0.014073376004885218,-0.010926499405590264,0.01966192702709791,0.007219956237819953,0.01051007128806181,0
1.452,11.993253253444138,24.091178593731655,0.8193022204855543,0.9994900403960688,0.026983000265091074,0.013415245933459186,-0.0105644698070461,0.017727999459779705,0.033932768242527556,0.01502500229938068,0
1.502,11.994061341914026,24.093533831589465,0.8201269155531127,0.999607850704867,0.022561323045575798,0.013165430530720114,-0.010089744821839637,0.013290014635883123,0.05895586131935833,0.015139590748279787,0
1.552,11.997247684534615,24.097743493989224,0.8209973924492848,0.9996418409101687,0.015565603769792434,0.007526321738531055,-0.020426853945186067,0.08672168092324299,0.09449263425345857,0.011406925641069512,0
1.602,12.001828462808243,24.102652471986037,0.8194396280039465,0.9994008071254052,0.0021338638136008804,0.002460992876767412,-0.0344589154845794,0.08967248276629183,0.10198175288219614,-0.05702712872270843,0
1.6520000000000001,12.007183539436497,24.10721691272127,0.8193555524800575,0.9987996158347126,-0.006525533343761309,0.00027038553300284904,-0.04854556328516787,0.12013938699841922,0.0736796674426947,0.04335166268518346,0
1.702,12.014618288994853,24.10905102600715,0.8216105883142866,0.9978898352708147,-0.011488615127333792,-0.0012427573118396823,-0.06389322295757649,0.17263408595752083,0.006029119934774575,0.03840361880831182,0
1.752,12.02424727595184,24.108340125545975,0.8228400093995285,0.996682412433221,-0.015778935986323128,-0.0016504705542708577,-0.07982775126724019,0.21176767156617102,-0.032452490918913175,0.011877340853933988,0
1.802,12.035953451735088,24.10578414905484,0.8227973755804684,0.9951997940776722,-0.01667954768497282,-0.00035006857159653175,-0.09643153015885914,0.25485211673646563,-0.06907913169050715,-0.012294617679545478,0
1.852,12.049835349944995,24.101406680200743,0.8216796995199047,0.9934709377442971,-0.013850790446123511,0.0025497887945039126,-0.11321285279767675,0.29928297314533636,-0.10684539010661348,-0.03145175437999798,0
1.9020000000000001,12.06587284936159,24.09480798352849,0.8194625453724157,0.9915484656724044,-0.008898212981431518,0.006031476414477698,-0.12929069309389404,0.33837958632802495,-0.1562582889713355,-0.05887118637430599,0
1.952,12.083571270124756,24.085614907910273,0.8155845054167197,0.989591100012826,-0.0027377047294589486,0.008885522269892018,-0.14360712810376886,0.36447764770227986,-0.2099084140950355,-0.10062289894240664,0
2.0020000000000002,12.102347950870577,24.074403941363716,0.8094964439146742,0.9880632443139883,0.010019546278019435,0.008449679027735489,-0.1534901848732628,0.3926244982242372,-0.22683245997455495,-0.14076084042850798,0
2.052,12.1200322713634,24.063291265873982,0.8054248463344573,0.9869240750872936,0.029204773079241953,0.005843692027406357,-0.1584102348523242,0.3099676211468738,-0.2072770785769896,0.023651937003352174,0
2.102,12.135934297497952,24.05317010916623,0.8078360794523722,0.9855655148205381,0.03826198504835926,0.004055420755957443,-0.16486415638087978,0.3313143992419595,-0.2029681534492355,0.0565371029476681,0
2.152,12.152995383461507,24.04334578759972,0.8104603027774128,0.9839959372901527,0.04336301565138149,-8.639311367958533e-06,-0.17283415228320573,0.34804228932292586,-0.1870744398485405,0.045461242490007936,0
2.202,12.170708868864198,24.034476555631844,0.812344702619554,0.9823777739439827,0.04603733684079111,-0.0036499354330571687,-0.18111087998463404,0.3603296155883392,-0.16910400941543532,0.031933082442698955,0
2.2520000000000002,12.189006421328196,24.02641397987432,0.8138927413767069,0.9809403325867769,0.045606944222960855,-0.006450538133067045,-0.18877092228672823,0.3722988888289163,-0.1547860578881639,0.030959885031535097,0
2.302,12.20801056898518,24.01898593557721,0.8153614232705373,0.9797409308776565,0.04237178705524322,-0.008203997808663184,-0.19556337705379373,0.3865948749892496,-0.14285957100530497,0.025271951624356664,0
2.352,12.22777672284784,24.012037688089325,0.8163849244156804,0.9787447337349339,0.03680933537716059,-0.008341933797907798,-0.20157934208578276,0.4028662479470256,-0.134457023808896,0.011654381794591774,0
2.402,12.248103941495506,24.005699786927405,0.8156443717595592,0.9779195340236905,0.02900788601956662,-0.0064561881566794835,-0.20685803140813638,0.40504406136046867,-0.11979157937946028,-0.05208858310365133,0
2.452,12.267549448728493,23.999125627473013,0.8110836467215075,0.9763731431096995,0.012909519352614508,-0.0029550516563325475,-0.21568518121066976,0.3558518685004276,-0.1354368589135523,-0.10089426811743489,0
2.5020000000000002,12.284550906644329,23.99272098037663,0.8104009860466748,0.9749465802116137,0.00367140653457301,0.000736436716730447,-0.22240760816280378,0.34925017363592475,-0.15259888007402644,0.02907395488167762,0
2.552,12.301970757510764,23.983731722275778,0.8122025076104672,0.9732275956504406,-0.0043320376758764975,9.959542350102908e-05,-0.22980267751875477,0.3506007717179714,-0.20452919362748948,0.040375922032651425,0
2.602,12.31951847608049,23.972529647413012,0.8140391325231815,0.9715413094888522,-0.010797300814790724,-0.0007031285535598969,-0.2366229233655073,0.35048367197045877,-0.23973926658738734,0.03039214949268743,0
2.652,12.33703168875195,23.959930656894088,0.815191487534252,0.9696348134049798,-0.011715476948051069,2.8330347057120972e-05,-0.24427663709483305,0.35100202625120497,-0.2638738937362772,0.0158744124842338,0
2.702,12.354669063675844,23.945842561156415,0.8154577214989948,0.9675026444618939,-0.006805179721946438,0.00211504544069251,-0.2527604578864686,0.35352377133536295,-0.30071473576453317,-0.007819575962140363,0
2.7520000000000002,12.372548939793278,23.929695934753923,0.8139850345564947,0.9652734433416964,0.002314771694884034,0.004192798545893469,-0.26119770644402157,0.3597315921285318,-0.34397666159687595,-0.061580110769261696,0
2.802,12.390638431430652,23.911882529581735,0.8079609091663987,0.9639290010973663,0.017337533289408385,0.0023313888004933584,-0.26558398936896016,0.3659406361632162,-0.3561105248941331,-0.17551138167605268,0
2.852,12.407020559629322,23.895160955059158,0.8042498657586459,0.962739547419064,0.031292302428983024,-0.001016039006756143,-0.26861184506414504,0.30416853244517367,-0.30256444651036035,0.018154382568275895,0
2.902,12.42268344378211,23.880862087332076,0.8066938565992451,0.9620522681384511,0.036724422848527456,-0.003001849370699585,-0.27036593542171417,0.3266990299209558,-0.2767672502965816,0.06448375753113271,0
2.952,12.439583818928707,23.867614077632204,0.8098524100561418,0.9614885661076501,0.038112552057528976,-0.006983656620691189,-0.2720999800810722,0.34682159123587236,-0.253492957653479,0.0574836949831741,0
3.0020000000000002,12.457368845180827,23.855591357943716,0.8122735901252851,0.9610965093867869,0.03710459006549944,-0.01004749140692529,-0.27352476479659243,0.36416245910600376,-0.22821469638075725,0.04054951417313841,0
3.052,12.475971103159473,23.844801627049,0.814101136379774,0.9609026305311338,0.034059297462153575,-0.011382357018878029,-0.2745478844271532,0.3797958243100473,-0.20468547688551333,0.03351718908350484,0
3.102,12.495435437665208,23.83518945828035,0.8155602561681286,0.960904300385714,0.029133665606723775,-0.01091974431521326,-0.2751270873844421,0.39755848205796424,-0.18014654299519603,0.0225114470228517,0
3.152,12.515839198374863,23.826721844761458,0.8162309029808715,0.9609916705864534,0.022483954675239906,-0.008763048915142528,-0.27552257587959833,0.4177595589804792,-0.1582746380151693,-0.0011113914334579568,0
3.202,12.537014711239184,23.819513678536957,0.8141972741141612,0.960821609211032,0.013297711801680007,-0.005197533359729961,-0.27679955162705194,0.42329437372524464,-0.13362936904004602,-0.09397943724731006,0
3.2520000000000002,12.556741198246181,23.81262764390852,0.809162633486363,0.9596280721975645,-0.0029704870038581117,0.00029558868454121966,-0.2812562032821259,0.34904827174542546,-0.11833174453551307,-0.031349647807575126,0
3.302,12.574079373479908,23.805697123292916,0.809556422518623,0.9587981641085035,-0.010092711661638406,0.003782974642544419,-0.2838836148430089,0.3462638020062482,-0.1704556946504531,0.029364743275768275,0
3.352,12.591244530897066,23.795755884535254,0.8114249464487545,0.9577734907972159,-0.017537022417056913,0.003772354432282887,-0.28696369546146056,0.33963328476033516,-0.2217488008001058,0.040858259171585344,0
3.402,12.60806886614814,23.78369313150588,0.8132715292980761,0.9568051320681152,-0.022434037144752294,0.003345700005731424,-0.2898438536815561,0.3343243340808556,-0.2577352375348668,0.030928633612853446,0
3.452,12.62469591120688,23.770171958380978,0.8144908269558848,0.9556667237995083,-0.022120598489960643,0.0032900357941086367,-0.2936000132991015,0.3323245406281337,-0.2818372545783252,0.018034652075526854,0
3.5020000000000002,12.641311952887355,23.755363428618,0.8149471719573442,0.954258183685398,-0.016520588339941838,0.004088737297321277,-0.2984990305807729,0.3312288372959882,-0.31091531387880017,-0.0020733628425343674,0
3.552,12.65797094468168,23.738926296298015,0.8139610825487062,0.9527554977485623,-0.007059362765437713,0.0052723066412649795,-0.3036104900854318,0.3340162398219064,-0.34512248568915505,-0.046675002069479034,0
3.602,12.674774935701905,23.721231869482352,0.8090401683658307,0.9520959909221474,0.00755629018023612,0.003491646729810022,-0.30568600712463345,0.3450603072824716,-0.35399595181325727,-0.15507756292297567,0
3.652,12.690691976432664,23.704326904641338,0.8048611358222695,0.9518952754870704,0.023252339048930423,-0.0015604536617263706,-0.30553605060371936,0.2914554147020639,-0.30797600481090054,0.01940261950881254,0
3.702,12.705591352265332,23.689689998072463,0.8073242880661002,0.9517978111147853,0.02943505564859213,-0.0037730310348504537,-0.30528719018799033,0.31029232396100026,-0.28661300495611747,0.06289402637360654,0
3.7520000000000002,12.721735161963348,23.675823394033806,0.8103794234083088,0.9517739030278689,0.0314736844675452,-0.00758888773523911,-0.30508728830299625,0.3333166735754997,-0.26723294864609654,0.05514987650684253,0
3.802,12.738933249588325,23.66302954004454,0.812670735072129,0.9518267486717418,0.0313505733634308,-0.010395933315236278,-0.30485227017896516,0.3542901153332193,-0.24503287775674798,0.03776188022197395,0
3.852,12.757134901998107,23.65133900237428,0.8143513651372104,0.9520495646682067,0.02928446290048413,-0.011518976791192358,-0.3043211458663214,0.37347873787207636,-0.22353763224933326,0.030518750580427384,0
3.902,12.776358522129659,23.640757635432557,0.8156524302608176,0.952464421308153,0.0253644281876706,-0.010848630871644144,-0.3033982187374333,0.3940466385619484,-0.19987790993790888,0.01914812724604672,0
3.952,12.796611788728072,23.631285363837957,0.8161203939767218,0.9529301263030338,0.019642540692235932,-0.008423005992751934,-0.3024357749164011,0.41520227599776416,-0.17879678886299363,-0.0057728907879906356,0
4.002,12.817685598894508,23.623032540658343,0.8138772721436741,0.9530848475308306,0.011118680055411745,-0.004457044157988182,-0.30246616855167874,0.421891305790022,-0.15521893554660696,-0.09549812787223319,0
4.0520000000000005,12.83740093509856,23.615102005894826,0.8087343019091787,0.9521176979159082,-0.005100133452957251,0.0015950705433514516,-0.3056850236829335,0.34822733009798823,-0.1363516948374505,-0.03298619694694789,0
4.102,12.854635642877376,23.607339663278715,0.8091524468088404,0.9516705827244334,-0.011908081316959234,0.005379432729087014,-0.3068425675811605,0.3428282948122739,-0.18670477351373765,0.0300449390079343,0
4.152,12.871531950568782,23.596582909906058,0.8110746360024683,0.9510104860649665,-0.019245794422570656,0.005452129422600673,-0.3085108248931946,0.33280206211989943,-0.23786964285607554,0.042284018738729584,0
4.202,12.887951406921852,23.58373983877164,0.8129879997663716,0.9503894714212904,-0.024208266653271766,0.004955770455480552,-0.31007942978597774,0.3253716426263489,-0.2725568574040521,0.03189950322552543,0
4.252,12.904077759422817,23.56950256481749,0.8142314994485356,0.9495789878722527,-0.02403822151874237,0.004641706103747133,-0.3125705748501781,0.32145394763594937,-0.2953760415907685,0.018554460904941453,0
4.3020000000000005,12.920096345557605,23.554053627213843,0.8147133890192879,0.9484667566575561,-0.018565302806300987,0.005109031913918888,-0.3162910666460708,0.3184209528454849,-0.3226063418533409,-0.0014701290148776349,0
4.352,12.936054165923629,23.537091988911037,0.8138085364383066,0.9472535175270531,-0.00912823390367467,0.006063410453963956,-0.32029780506911315,0.3189372444562282,-0.35461502121029437,-0.043448760603491766,0
4.402,12.952065629351253,23.51894827919615,0.8091451472970466,0.9468872561236679,0.005347039972170556,0.004281672597706808,-0.3214927691782436,0.3287198353659615,-0.3629170825573187,-0.14764757071251686,0
4.452,12.967349409606307,23.50158775687953,0.8048389113367536,0.9469247764076244,0.021282083269425985,-0.001068617638710717,-0.3207481859861812,0.28007372385742496,-0.31761767543212294,0.018426246834230667,0
4.502,12.981706299598217,23.48648543783494,0.8073077153943801,0.9470852208424204,0.027498530221490798,-0.003448168786444663,-0.3197835602865513,0.29982152496178993,-0.2956627438298571,0.06326039367988955,0
4.5520000000000005,12.997368964328173,23.472160966085667,0.8104017117413107,0.9473711274049073,0.02957536969923701,-0.007410136725252637,-0.31868218390807834,0.32429915185983765,-0.2764210998073987,0.056107874600010155,0
4.602,13.014149119428005,23.458903263405606,0.812738435263428,0.9477055797220343,0.02952064152817005,-0.010304399430407883,-0.3176105874177821,0.3464299069032795,-0.25463603414032326,0.038483339750407713,0
4.652,13.03199137977956,23.446729955128003,0.8144391339789147,0.9482120527447583,0.02753716662933762,-0.011445177338919988,-0.31623506351965625,0.3670110375749449,-0.23322524504328657,0.030688007524393525,0
4.702,13.050927132476975,23.435670335208158,0.8157354404897772,0.9489144063864072,0.023781217482198306,-0.010761561580159115,-0.3144520501439812,0.38891896743343685,-0.20926869911831902,0.018868105356117982,0
4.752,13.070945642246445,23.425738262764945,0.8161858040475458,0.9496425563736502,0.01826510563539481,-0.008268766418936304,-0.31269318595414597,0.41095734254278443,-0.18787986912599874,-0.006072034930644409,0
4.8020000000000005,13.091840300755132,23.417047576177445,0.8139373073279814,0.9500073340901308,0.009959921237404055,-0.004199021085661028,-0.31204043546602805,0.4190286854409732,-0.16335991722939783,-0.09581359127697708,0
4.852,13.11144149401496,23.40876251350226,0.8087541253871348,0.9491724249823139,-0.005972115854654927,0.001996929290586489,-0.3146935870951609,0.3458717473668565,-0.1425151660232292,-0.0341507110800672,0
4.902,13.128500369907583,23.400709650177056,0.8091138664616174,0.9488781896855867,-0.012628097994674707,0.005924961679568337,-0.3153341197985648,0.33879217571059494,-0.19236140637727767,0.029180558249424254,0
4.952,13.14517197228911,23.38967046903118,0.8110141773785364,0.9483665893742838,-0.019847027428204933,0.006059236726022326,-0.3164967508698166,0.32804293249913874,-0.24347184085057455,0.04219351136107965,0
5.002,13.16133960533425,23.37655355526415,0.812932772218317,0.9478905939033943,-0.02476091327691073,0.005554651383616789,-0.317583792110318,0.32014531861622914,-0.2778273145574456,0.032039645529087286,0
5.0520000000000005,13.177190768491048,23.36206097916373,0.814178228283676,0.9472169749565491,-0.024591203297697223,0.005167902043304012,-0.31960689583143764,0.31569371586103334,-0.30033258041097755,0.018609979303056298,0
5.102,13.192907253359184,23.34637921127331,0.8146578931431777,0.9462311289648193,-0.0191433553724553,0.005528642617191602,-0.32287709214786225,0.3121360696368008,-0.3268963895820672,-0.0015476691445061735,0
5.152,13.20853197920877,23.32922262104887,0.8137573432018294,0.9451484327755738,-0.009715102441560078,0.006391801307458125,-0.3264340694266956,0.3119263763469433,-0.35815271963475187,-0.0431174263013868,0
5.202,13.224184591325784,23.310916751547868,0.8091570055055842,0.9449272467260668,0.0047500670147829546,0.004561137468533007,-0.32721419786287276,0.321463370068765,-0.3661448005413445,-0.14573815414157426,0
5.252,13.23916102126739,23.293394610697344,0.8048643464457642,0.9451224343600485,0.02065453421103569,-0.0009101221146797503,-0.3260615677500146,0.2748234667281652,-0.32083798753399806,0.017408148026669033,0
5.3020000000000005,13.253262432042868,23.278124575015834,0.807280920486852,0.9454332847104219,0.026843307626241528,-0.003393646821741942,-0.3246903511941732,0.2949302927477346,-0.29902601208292673,0.06246457902413398,0
5.352,13.268699720530202,23.263635926270492,0.8103598527599226,0.9458954151716477,0.02891261471871761,-0.00741165996586533,-0.32309594792249163,0.32027987891306026,-0.2795747920766485,0.056198150749717686,0
5.402,13.285294576002443,23.25021633184282,0.8127111981978857,0.9463971922728689,0.028879284991435796,-0.010331918723252646,-0.3215456309949021,0.3430025088664001,-0.2579788443761646,0.0388572600442278,0
5.452,13.302980520276407,23.23786510211782,0.8144246422348035,0.947080914436421,0.026904482564253037,-0.011461277831070085,-0.3196600216459679,0.36425773395919636,-0.23676026822686588,0.03081072209598517,0
5.502,13.32179844108002,23.226633162568078,0.8157212907035906,0.947961837451266,0.023221389524342786,-0.010751378399972845,-0.3173539501362428,0.3869076451210393,-0.21260033480077503,0.01876784104958868,0
5.5520000000000005,13.341729360279821,23.216541797286933,0.8161628419638131,0.948838192568536,0.017820477950015633,-0.008210040054522215,-0.31515251884002077,0.4094695000583041,-0.19093437824893156,-0.006269864883618796,0
5.602,13.362561777765688,23.207709436332,0.8139141645742566,0.9493028355074211,0.00963046547266265,-0.004074498249519845,-0.31418908175868315,0.4180800206320307,-0.16601333087948283,-0.09537514967935538,0
5.652,13.382100783589175,23.199353435541568,0.8086827034311915,0.9485265407131461,-0.006303744377918804,0.002184204100382775,-0.316627373456589,0.34522378153464117,-0.1431910509451419,-0.033808484058540665,0
5.702,13.39908139407937,23.191269653477722,0.8090197623383678,0.9482921510717983,-0.01311421850555721,0.006088576882932487,-0.3170693027086515,0.3371222791585786,-0.19237786020875905,0.02836450054417155,0
5.752,13.415663652986947,23.18025557204116,0.8108835107684377,0.9478185413157385,-0.02035635651962233,0.00619810701139609,-0.3180993790575944,0.32629689548538165,-0.24268838572738327,0.041985959178840106,0
5.8020000000000005,13.43174631748088,23.167172690904476,0.812833871733369,0.9473778014981213,-0.025269564266079486,0.005610697283675146,-0.3190693818378381,0.31857832345563625,-0.2773533805483002,0.033423842816178134,0
5.852,13.447525574749834,23.152684554492165,0.8141782559578352,0.9467605373374723,-0.025149706418368983,0.00507274883812503,-0.3209146996115258,0.31434456762569224,-0.3005536584158319,0.020942737262903268,0
5.902,13.46318035453938,23.137000953964648,0.8147827593377424,0.9458333249834391,-0.01977671279768408,0.005273459939343871,-0.32400678017899287,0.3109126041314723,-0.32665413329724685,0.0009048863745420527,0
5.952,13.478745074754016,23.119872525096163,0.8140257769686368,0.944819801405716,-0.01040804394173484,0.006035403528963525,-0.32736949979680846,0.3107834892927279,-0.35743024130660217,-0.03963505462837939,0
6.002,13.494319470787072,23.101597772737385,0.8095746483791855,0.9446430622018152,0.003839790760733752,0.004298340997928658,-0.3280491812298209,0.31895968569267635,-0.36533803079070726,-0.1434193416109081,0
6.0520000000000005,13.509212956774869,23.08412995070551,0.8048910225306083,0.945033656724916,0.020200122567669558,-0.0012395981968235479,-0.3263461446098202,0.2710924600588983,-0.3206069340061458,0.011415164662579462,0
6.102,13.523040388337813,23.06890798101308,0.807187568125391,0.9454792610925358,0.02649087616212432,-0.003502080721173316,-0.3245842506263946,0.28834617504676435,-0.296985297703824,0.06133197171895409,0
6.152,13.538040736723387,23.054588612968246,0.81020326075476,0.9460837802146436,0.0286940829522444,-0.007024881446670579,-0.32257213372974514,0.3095160130035485,-0.27476560799733424,0.05446339763090638,0
6.202,13.553959061456226,23.04150343384291,0.8124282977157953,0.9467100904934791,0.028928190687879083,-0.009251005769816592,-0.32065180996464393,0.32652018134645194,-0.24942484650006302,0.035657653016981775,0
6.252,13.570603434067918,23.02973412150697,0.8139503959215978,0.9475204155910033,0.027308415792181646,-0.009502480044192116,-0.31838501117072787,0.33913909875641646,-0.22207202365602183,0.026754549324088817,0
6.3020000000000005,13.587935657287737,23.01940938595736,0.8150895290014962,0.9484880647734405,0.024007402420362617,-0.00788702249271617,-0.31580346813732363,0.3529336155400011,-0.19133632127041728,0.016978086423285882,0
6.352,13.605971022633774,23.010533501401476,0.815550748406775,0.9493600934437022,0.018935781182131718,-0.004460756066295182,-0.31358723000610883,0.3683167823537496,-0.164175437948722,-0.0032949885294137515,0
6.402,13.624646123291415,23.003128883809925,0.8136352163619194,0.9497490512635399,0.010982790038345744,0.00042605734870704325,-0.3128193351155184,0.3740459726500288,-0.1358774388682048,-0.08615653101175975,0
6.452,13.641931521646736,22.99636015000815,0.8090002249405184,0.9491297739806349,-0.003916025663631261,0.00698248311313108,-0.31478338872317396,0.29459429714215346,-0.11304641167833047,-0.022766838780343263,0
6.502,13.656058810212153,22.989791401346842,0.8096493559510164,0.9489063246901084,-0.010797181801277566,0.011232666825392812,-0.3151730239475613,0.27713209324841326,-0.16097942318610037,0.03623953158782443,0
6.5520000000000005,13.66942431374658,22.98054559537755,0.81186403888808,0.9485644319754238,-0.017991843949451435,0.011407091970632586,-0.3158665702400506,0.2569646093112667,-0.20302284689896197,0.04698705440515056,0
6.602,13.681683965235214,22.969745392724093,0.8139332272467524,0.9483087388614609,-0.022576204485280166,0.011302560602197868,-0.31634333075609095,0.23440582395771173,-0.22583988764836585,0.03370880112981733,0
6.652,13.692836404266481,22.9581649854337,0.8152135977796393,0.9479797820235105,-0.02208062929569797,0.01151852060406876,-0.3173548524406974,0.21371798430590938,-0.23710603545251838,0.01885659318438396,0
6.702,13.703057017194935,22.945850599009677,0.8158153753408999,0.947550153092754,-0.016403159985947897,0.012169381531010187,-0.3189538365806659,0.19549663895857086,-0.25619649994077875,0.004185280801858518,0
6.752,13.7125559949983,22.93237799620483,0.8153905459938994,0.9471001975088981,-0.006545562151778579,0.012653710950560651,-0.32062166971978423,0.18630259132527624,-0.2821467007192888,-0.028908694854443414,0
6.8020000000000005,13.721896330443345,22.917900962535956,0.8110733197028354,0.9473842835505399,0.008154515686965983,0.009820227598978697,-0.3198438467209356,0.18832563294783464,-0.28695367051212545,-0.159061748231518,0
6.852,13.730173507809333,22.904552285802954,0.8077093247518561,0.9477711015969217,0.020928884543814263,0.005557571091923336,-0.31821538959181045,0.15008937146576865,-0.23604673500658638,0.027319760699671874,0
6.902,13.73846070080209,22.89373776310754,0.8101727636364329,0.9481824551446668,0.026258680188658144,0.0027335910453606927,-0.3166276061094134,0.1998321122885092,-0.2132188879821458,0.06023875348802269,0
6.952,13.749346326145004,22.88337428057148,0.8133177999793645,0.9480436436797338,0.02757784591303641,-0.0033625076666787394,-0.3169249211334482,0.23722764501145946,-0.20003333232812315,0.060469263705290384,0
7.002,13.762153361332416,22.873772168669646,0.8158881204346922,0.947890746483447,0.027011041233338248,-0.007859967770477242,-0.3173511576931643,0.27358923774228255,-0.18477239802168366,0.04264986632428021,0
7.0520000000000005,13.77670387153869,22.86490290482658,0.8177389583432535,0.9478392594624044,0.024724712405121023,-0.010236021595320709,-0.31762344164142636,0.3070421404306473,-0.17115770643933784,0.03213851906597032,0
7.102,13.792896024131753,22.856739719438377,0.8190027732722447,0.9478797909603548,0.02041952093795906,-0.010477488302273514,-0.3178005149342809,0.3379983743564715,-0.15483590490886215,0.016015780284303,0
7.152,13.810550064865737,22.84934268061295,0.8191586479861739,0.947985439814866,0.013817083911556453,-0.008492312688128454,-0.31790025906941866,0.3663312462334439,-0.14077687207501086,-0.014826342860296129,0
7.202,13.829265560572157,22.842710017303613,0.8161556664152588,0.9479686849787227,0.003438640141060671,-0.004637631620273494,-0.3183112320145895,0.3736306304235941,-0.1277797562216565,-0.12304817056611632,0
7.252,13.846602165447763,22.83678626818558,0.8121603512756194,0.9471707507133164,-0.008700891857325125,0.00100417948482907,-0.3206101294370178,0.31245015834162765,-0.10138314588917506,0.0003981376465642121,0
7.3020000000000005,13.862220103826473,22.829805914362005,0.8134324518918419,0.9460613558912476,-0.0135763846286633,0.004252176620881994,-0.3236750093282035,0.3103828515259935,-0.1781736000935204,0.03875466606039263,0
7.352,13.877674129688259,22.81943036890239,0.8153419261402199,0.9447720683410563,-0.020035531973175535,0.0047409374937401015,-0.32708078490304754,0.30639365697236975,-0.23007325300895642,0.03423196250315215,0
7.402,13.892939361505565,22.806967873959817,0.8166437416409418,0.9434470899569817,-0.02372980722053443,0.004991391193933992,-0.3306351020610589,0.3050919359168972,-0.26534068717144266,0.017243383416393043,0
7.452,13.908209037481964,22.793028901986666,0.8171079086631734,0.9417511500171897,-0.022324001007784176,0.0055660987674363204,-0.3355226206454882,0.3068116431920244,-0.2918345009148719,0.00211965340291238,0
7.502,13.923603295574054,22.77755867034436,0.8167272387035429,0.9397964778782291,-0.016462183909367524,0.006818172683219702,-0.3412698187503133,0.30749778298133446,-0.3267048702690363,-0.019644927198633717,0
7.5520000000000005,13.939048116312504,22.760247929397103,0.8148119383522456,0.9378656911713597,-0.00759263157312401,0.008162454123900839,-0.3468193645287674,0.3082884399000429,-0.3634598538379033,-0.06364643565493666,0
7.602,13.954630069015568,22.741583948342818,0.8097566543733342,0.9370230591997475,0.0066630489414568105,0.005836687837733902,-0.34915515660209645,0.32413447837070963,-0.37654331963678384,-0.1411260512986517,0
7.652,13.969457473353785,22.723668620304093,0.8052097775895066,0.9368317739502269,0.023801218682941168,-0.00010347735299752128,-0.34896950955479583,0.2627796726798775,-0.3258488203482722,0.012463098964459074,0
7.702,13.982822634058456,22.70790960976868,0.8074038944549892,0.9365979362933383,0.030747822472700078,-0.0023133682382601426,-0.3490465949864575,0.27660147124531054,-0.31175897489579885,0.057389635643119705,0
7.752,13.997105056551089,22.6927899661834,0.8101704094689153,0.9363552112028064,0.03340710622111262,-0.00604268351364671,-0.3494085998987884,0.292589440737403,-0.29146925109620603,0.04847314508548713,0
7.8020000000000005,14.012053354958141,22.678842897239623,0.8121173533946685,0.9361697961821516,0.03389628027198681,-0.00865822103251604,-0.34980307332632526,0.30490524353620024,-0.2670849417173091,0.031141486850799417,0
7.852,14.0275176598856,22.66619546689242,0.8135008918190569,0.9361361363398922,0.032409771141790986,-0.009425880580087241,-0.3500141336409796,0.3134353695786774,-0.24016940454385513,0.02577769958460483,0
7.902,14.04346619889318,22.65487079307472,0.8147165937326003,0.9362051125428777,0.0291132724015528,-0.008305764390136139,-0.3501477101118112,0.32387559941720484,-0.21350351583033253,0.021135730051896916,0
7.952,14.05998160422315,22.64476766669118,0.8155556818029229,0.9363172406357108,0.024047512611489998,-0.005469928270632665,-0.3502881983599253,0.3368151025603327,-0.19106963672723776,0.007834100042668548,0
8.002,14.077056472097093,22.635943381461352,0.8144423988316981,0.9361132818203748,0.016622568512632725,-0.0010014864072559885,-0.35130415716371144,0.34208048705868305,-0.1634735997371761,-0.06588694684756301,0
8.052,14.09296061216953,22.62774281278391,0.8097050750699071,0.9345558797006365,0.0017329497052918307,0.0054275244066701,-0.3557707781438805,0.272297373455868,-0.13922492023122657,-0.04245007556604429,0
8.102,14.10583485788676,22.620291476738892,0.8100989201380536,0.9336462334881005,-0.00505089260314286,0.009870768062104658,-0.35802481354685195,0.25264538029051137,-0.17779166502074814,0.03567146082301638,0
8.152000000000001,14.117831666929293,22.61019645132214,0.8122730813707865,0.9324013554721213,-0.012289503469313288,0.010294455501964358,-0.36106883637908516,0.22928269517214053,-0.22032564761756093,0.04640205495350834,0
8.202,14.128679271977335,22.598561632529684,0.814321072512353,0.9312497478053643,-0.017124936808991933,0.010689339949431744,-0.363821909405109,0.2057726053041734,-0.24154685418046268,0.033460853917143464,0
8.252,14.138407673356223,22.586240228334233,0.8155998434344844,0.9300085768341236,-0.016722156932888987,0.011525094138214682,-0.36697627809926003,0.1852128051133991,-0.2517466565377807,0.01940239526867135,0
8.302,14.147157165512626,22.573133228979025,0.8162402825404794,0.9286430545309583,-0.011111046280750972,0.012562095716981673,-0.37059521809267454,0.16493046111579313,-0.2733815854898116,0.004220720453543894,0
8.352,14.155085081954935,22.558731587709833,0.8157568388922797,0.9272639603310464,-0.0014460907412321166,0.012904697387405965,-0.37418301067537985,0.1538779275203357,-0.3024329345112109,-0.03139483850779917,0
8.402000000000001,14.162757115198138,22.543119130786348,0.8111493472693291,0.9269123482791779,0.012902386872264016,0.009032707545803514,-0.37494724590930334,0.1541412260911862,-0.3111061968913563,-0.16782872460593917,0
8.452,14.169760146282437,22.528792377023507,0.8083122677862244,0.9245847911554633,0.024704210923300607,0.0031770613884203867,-0.38016124501006043,0.14695879933947448,-0.25942741093660987,0.035231060744480826,0
8.502,14.17789381983687,22.516622056085648,0.8110746079853831,0.9199481405127269,0.02919114984495244,-0.0012865266107151211,-0.3909496647743617,0.1798673392164464,-0.23824599956805068,0.0624474817859862,0
8.552,14.187724228571872,22.504896319498258,0.8139259496952517,0.9152847014715029,0.0305025435473221,-0.005771575434180853,-0.4016095106024929,0.212217570205167,-0.232174060507817,0.05048254710310965,0
8.602,14.199209146735049,22.493484487713154,0.8160791518013332,0.9106757340699512,0.0297411903167643,-0.009402169316129255,-0.41194267585047395,0.24577336637192446,-0.22438771847520048,0.03710653330724811,0
8.652000000000001,14.212321820300021,22.482392625006124,0.8178164270247921,0.9063062294357855,0.0268406592315231,-0.011554776249462264,-0.4216101097503864,0.27762275708571293,-0.21982485510825556,0.0324624922064874,0
8.702,14.227001952345546,22.471491498303735,0.8191089118632858,0.9022900987618736,0.02142973049906814,-0.012000869058077698,-0.4304292316616955,0.3064857417336175,-0.21581376426983784,0.015486233385041164,0
8.752,14.243000188619115,22.460648192811945,0.819065066879822,0.8989003276884595,0.013245556954388156,-0.010141538116338214,-0.43783547744236406,0.3315859119171519,-0.21807660140047594,-0.023697378339755527,0
8.802,14.259675909060077,22.449651889826214,0.8152371239595193,0.8961603458958983,0.0006707580035264934,-0.005400305208509434,-0.44369699258739564,0.33153634622065137,-0.22044465138949454,-0.11512385541638183,0
8.852,14.274983262857234,22.439626097100025,0.8130388879675736,0.8925331954385127,-0.006380482409295749,0.0005644308608395785,-0.4509362104581373,0.2871804399892764,-0.19838928840575173,0.007561746593786431,0
8.902000000000001,14.28860059886132,22.427487290529815,0.8142484075030803,0.8881405142833089,-0.010388024836130588,0.0031856307595439777,-0.45944354123792763,0.25957571626642634,-0.27831077407243454,0.031199493957943334,0
8.952,14.300961359786898,22.41250010193228,0.8155391935869543,0.8836825641534183,-0.015337549488362688,0.004917210868623639,-0.467809476629328,0.23833260704339448,-0.3175974366822203,0.01992680317566888,0
9.002,14.312505945842643,22.395802319023648,0.8161273257444995,0.8788963652643834,-0.01691077906386244,0.006658744765909272,-0.47666640934164,0.22427420752656296,-0.3484914218701596,0.003406142590553887,0
9.052,14.323514428016898,22.377557264593293,0.8159987032425521,0.8737533144731504,-0.013723334770400613,0.008383662172246342,-0.486103414654274,0.2165545509786416,-0.3832789103694541,-0.007794495289589173,0
9.102,14.334034734192985,22.357180905198728,0.8150821864178925,0.8685452911974453,-0.007111427374682077,0.009735637837776572,-0.4954631389874838,0.20318574016583546,-0.429933742207514,-0.03338208348259593,0
9.152000000000001,14.343835579249545,22.334473740793577,0.8121350802210245,0.863704433370168,0.001520059001127737,0.009950720166871393,-0.5038981289561507,0.18802001598507254,-0.47347018418300385,-0.08665151989728165,0
9.202,14.353424078680261,22.310040698830463,0.8063322128560446,0.8609610717659898,0.016227834118105987,0.0033036443346212254,-0.5084011961409045,0.20714760485715825,-0.5022035019393131,-0.1570117651402787,0
9.252,14.362084735357735,22.287194454417453,0.8028104274017969,0.8591559521056478,0.03140104069846517,-0.005162299685412691,-0.5107233842956945,0.15334539721712498,-0.4147617330921571,0.015614108201502476,0
9.302,14.370061455141682,22.266523207528554,0.8050657539200428,0.8571825558894721,0.037235265902976405,-0.009061801016467873,-0.5135849341776515,0.16794913883845114,-0.41548470807707405,0.06070214831091688,0
9.352,14.379053020618285,22.245986205457456,0.8080449249938172,0.8547201773725519,0.038581466360734375,-0.013879530516927424,-0.5174671462791797,0.18998635142304146,-0.4037457370972661,0.05389144731069341,0
9.402000000000001,14.389095252837233,22.226161963346687,0.8103523304660493,0.8523619646358851,0.03781631488564227,-0.017457913384467227,-0.5212909253294014,0.21103260676702992,-0.39010213260851406,0.03980759899729941,0
9.452,14.400114877789926,22.206987347472904,0.8122371534742315,0.8504429738414552,0.035179300488337444,-0.01900607597102598,-0.5245454547863662,0.2293190985350381,-0.37848287384613505,0.03653889522536835,0
9.502,14.41212114134598,22.188270633893826,0.8139484936439144,0.8489911517439538,0.030924339401403735,-0.01839405155465196,-0.5271805842028563,0.25003136856382885,-0.36998894473361016,0.02936206128135744,0
9.552,14.425167558310505,22.169861198453106,0.815074570080593,0.8478370392874938,0.025424012786791423,-0.015535732683088927,-0.5294191301757348,0.2716810540737279,-0.36567912261425706,0.010524209335115763,0
9.602,14.439243454066284,22.15196987242231,0.8138649813852715,0.8464091807634657,0.01828033209191185,-0.010373327381854574,-0.5321181468968668,0.2859486173826478,-0.349181000554614,-0.07058609660089532,0
9.652000000000001,14.45232125472046,22.134752042902633,0.8088539011667291,0.8427546844800593,0.003523131234077414,-0.001062175998474555,-0.5382852414058669,0.23471340937376564,-0.3056852329366081,-0.05139264528498435,0
9.702,14.463351699438665,22.119111495465337,0.8090560754742799,0.8405079269599626,-0.002681809856960368,0.004507023537799286,-0.5417738636665552,0.20535475037155312,-0.3391106741840741,0.029063968729072995,0
9.752,14.472593086013546,22.101064144583688,0.8109169619513199,0.8376136702801834,-0.010276364223255067,0.006535453328080047,-0.5461272961022078,0.16901002910269444,-0.3791729871501939,0.041616980387995654,0
9.802,14.480321984454797,22.081383353398614,0.8128158173149582,0.8348491748869538,-0.015872081514252456,0.007673334309264007,-0.5501963759963852,0.14319538482152747,-0.40548784863195325,0.03231290942414847,0
9.852,14.487037295269467,22.060669658425525,0.8141258567519382,0.8316945082587127,-0.016102295165546995,0.007942322447067865,-0.5549431327053662,0.1271480905943853,-0.42321552849119043,0.01995714329715924,0
9.902000000000001,14.492948424670775,22.03888986512466,0.8146555166501005,0.8280371032519891,-0.010797156532425327,0.0075562692864639715,-0.5605184027695606,0.10795932802339406,-0.44825597496601055,-0.0006005053686550571,0
9.952,14.497888303087715,22.015612702317064,0.8136901992002309,0.8242430794989505,-0.0016120910999216033,0.00621485599540668,-0.5661997197326475,0.08956925286979155,-0.4811221385108015,-0.04681854494522296,0
10.002,14.502114871883972,21.99106179251053,0.8086089083041765,0.8222951937554311,0.011688684903397953,0.00013218388131897512,-0.5689410966869666,0.09120331053100456,-0.4967930193144027,-0.1624930062509112,0
10.052,14.505945842740225,21.96779004165057,0.8045820365642623,0.8215299328265171,0.02459154832650474,-0.00891522207949438,-0.5695650481167512,0.07312230675590287,-0.42334257998170405,0.019703430292968564,0
10.102,14.51030735575367,21.94709385455539,0.8070301582073575,0.8210046069618301,0.02971810327578248,-0.012640694249904936,-0.57000744077075,0.10058176621179395,-0.41539436042811084,0.062435622528245166,0
10.152000000000001,14.516087548284963,21.926391767432836,0.8100475714040203,0.8205093642272376,0.03035995627283688,-0.016722338423400422,-0.5705812997883628,0.12936394039020463,-0.4110363270300856,0.05430399393144461,0
10.202,14.523306879731024,21.906045565685513,0.8123089327131061,0.8201997073813055,0.029178424684126594,-0.01926579192094323,-0.5710077834900604,0.15858887035537034,-0.4032508190472672,0.03746454872857631,0
10.252,14.531938785876983,21.886103258252945,0.8139853862852906,0.8201322715360488,0.026580524964987775,-0.01963210684954285,-0.5712189713746857,0.18589492698759771,-0.39509547514301074,0.030516413126253774,0
10.302,14.542000149106695,21.866547805630777,0.815288550396279,0.8202921368840306,0.022710358797958984,-0.017717367482772094,-0.5712189988603135,0.215356920675131,-0.3866181354199625,0.01919801990169976,0
10.352,14.553508360510985,21.847332640079415,0.8157521807200527,0.8205018561711852,0.0176026799948294,-0.013621984234541177,-0.5712103738747688,0.24433918381269054,-0.38124919313204775,-0.006258120271628186,0
10.402000000000001,14.566350667496804,21.828656006218477,0.8134288939053961,0.8201525171774294,0.01021578688244862,-0.007246520250552022,-0.5720078445355068,0.2616633739759898,-0.36613358802761403,-0.09773823268825392,0
10.452,14.578151260402558,21.811028376226712,0.8086030509434978,0.8179485829702244,-0.0034717620874959005,0.0032723465997167053,-0.5752715482559012,0.2116528281092829,-0.3085009888925564,-0.02348938170758731,0
10.502,14.58795240217963,21.794790056406192,0.8092678231558899,0.816620607673055,-0.009155961887978787,0.008856103852363982,-0.5770342458729406,0.17502849384795507,-0.34971132836211594,0.0331485756009162,0
10.552,14.59570895729394,21.776268730164922,0.8112842712818461,0.8150394013692583,-0.0164305202190339,0.011168865503343076,-0.5790648225063775,0.13779680840877345,-0.3857754860935826,0.042821494151719805,0
10.602,14.601874980895435,21.756335789099033,0.81318184013006,0.813509099577106,-0.02127953572266281,0.012163596236874772,-0.5810354319585512,0.11179754169888961,-0.4097190118416887,0.031045345018595637,0
10.652000000000001,14.606990219519352,21.735418138283233,0.8143851340836737,0.8115001769698145,-0.02097246602565577,0.011749881850439098,-0.5838574815169053,0.09517232777277923,-0.42689269917999645,0.01776297591991367,0
10.702,14.611298261000142,21.71351170405286,0.8148326327094642,0.8088670660086131,-0.015359437128467636,0.010444502885106725,-0.5876981109185206,0.0763497012416535,-0.4489295109077342,-0.002120605270288626,0
10.752,14.61465813153034,21.690310894400593,0.8138670247233409,0.8060733110208086,-0.00592058977143956,0.008309915547464398,-0.5917277323062552,0.0579903664674571,-0.47735641985540145,-0.04599664328057237,0
10.802,14.617393169782295,21.66605345094845,0.8090120748250235,0.8050022211970412,0.007505215102053384,0.0018208919351856534,-0.5932215268908085,0.062006435507411896,-0.4903741153912833,-0.15300686619039605,0
10.852,14.619930216944892,21.642941464033093,0.8048710751844879,0.8050677660396193,0.020919059920079332,-0.00812326939718913,-0.59275821167685,0.04741226593285886,-0.4224199492285664,0.018980449444879696,0
10.902000000000001,14.623004267017942,21.62223021608637,0.8073017225183489,0.8052321516638452,0.026168430775070705,-0.01227536565296679,-0.5922547682844524,0.07489087114531182,-0.4167284261792869,0.062251830014478586,0
10.952,14.627532994168815,21.601385653090396,0.8103347058000072,0.8054682943097436,0.026975816187162313,-0.016602057385345297,-0.5917917741007915,0.10502234372002608,-0.41512906947207123,0.05489136896900888,0
11.002,14.633554192557,21.580757671414865,0.8126200456374186,0.8057835154140548,0.02603897434947726,-0.019272740997215168,-0.5913234813164856,0.13507748121458943,-0.41029562899440797,0.037657043442743086,0
11.052,14.641044198093057,21.560398382006912,0.814293350501989,0.8063738110566908,0.023781715677606827,-0.019718295615092155,-0.590598760292783,0.1636591701685409,-0.40472697582929945,0.03036234610314602,0
11.102,14.650031805324504,21.540307619181892,0.8155828739743951,0.8072807545263385,0.020367240004603267,-0.01788531587610849,-0.5895448026927134,0.19460108679918656,-0.3981574916849274,0.01882699800676946,0
11.152000000000001,14.660519451596329,21.52049125933114,0.8160289472202873,0.8082028319826985,0.015828151664116785,-0.01380409471861109,-0.5885296075466743,0.22432362701476102,-0.39378901944220784,-0.006295019250567694,0
11.202,14.672402707139064,21.501166912144573,0.8137724775543372,0.8084365779309926,0.00911048036090953,-0.007353986775218022,-0.588466836354716,0.2438559989706196,-0.3790250889600095,-0.09488288329383347,0
11.252,14.683414025734585,21.48289386674732,0.8086613500310715,0.8065403657488269,-0.004359486462985366,0.0035374134049402173,-0.5911523661476205,0.1980626686089642,-0.3191799861754924,-0.032378695125494066,0
11.302,14.692530705390611,21.466288925031456,0.8091011254691006,0.8057725089242012,-0.009690061118895827,0.009382277718956753,-0.5920715661491562,0.16130690948159987,-0.356248953337401,0.030411472034167567,0
11.352,14.699534777142645,21.447475812277982,0.8110471018525226,0.8047030243681638,-0.016751377327209552,0.011837430286970825,-0.593323106894189,0.12225060198245753,-0.3914556835121638,0.04280391636999254,0
11.402000000000001,14.70489991228694,21.427276189887525,0.8129847620329564,0.8036780897195963,-0.021682802762976017,0.012932736868390995,-0.5945284925771812,0.09555601438948422,-0.41468039195587886,0.032285407721172936,0
11.452,14.70919357204791,21.406139946775717,0.8142445630447093,0.8021689158688025,-0.021624371577027266,0.01251849027747354,-0.5965741398761277,0.07859653228125671,-0.43058121386217196,0.01889795526528129,0
11.502,14.712669376995418,21.384101259665037,0.8147345406785931,0.7999974318908859,-0.016256936669355484,0.011143991807560712,-0.5996796081448068,0.05979224501970255,-0.450447359466543,-0.0014381678345634602,0
11.552,14.715192858098783,21.36089316882653,0.8138250105272388,0.7976574299853553,-0.006951999864141739,0.008962042798474082,-0.6030041259194875,0.04113006535325947,-0.4763196293681952,-0.04377441703120092,0
11.602,14.717068447612203,21.336719446733117,0.8091318823875413,0.7970238374524348,0.006317679128362202,0.0025676482485128002,-0.6039093447244364,0.04450075090667644,-0.48845911933439573,-0.1484235282227187,0
11.652000000000001,14.718828345770737,21.31363369369629,0.8048223788694486,0.7973761823497714,0.019798792645397124,-0.007583593715111224,-0.6031100403222065,0.03229843489819903,-0.4227333641493616,0.01886763145438993,0
11.702,14.721202753261531,21.29289328606175,0.8073220412363725,0.7979873347342836,0.024958694398373924,-0.011830506757044059,-0.6020409589782704,0.06162443170386873,-0.4173779567835687,0.06392832447796618,0
11.752,14.725099358017337,21.271985906026515,0.8104434324073398,0.7987957306365012,0.025691531315031355,-0.016293708037898876,-0.6008326231272426,0.09294210510989723,-0.41666799353666745,0.05649625166539524,0
11.802,14.730533172459264,21.251265211865597,0.8127923665938322,0.799644113698569,0.024748621510023525,-0.019060814659790298,-0.5996611397323395,0.12356687609868217,-0.41248005929922443,0.03860723596959598,0
11.852,14.737458610541838,21.230773521294125,0.8144931587335442,0.8007771555120199,0.022521967739433046,-0.019525951706178,-0.5982202315110956,0.15280895234237044,-0.40772405734005035,0.03060120752799846,0
11.902000000000001,14.745930862891521,21.210521085594443,0.8157825065176222,0.8022208312222959,0.01922488474058939,-0.017701598232766787,-0.5964551912589288,0.1848300826904313,-0.4015548423014714,0.018717179445975438,0
11.952,14.755952890960636,21.190531273393006,0.8162297077156432,0.8036284341702526,0.014866809004312144,-0.01361481840887692,-0.5947898406183393,0.215448368081199,-0.3974533903527066,-0.005953723078325081,0
12.002,14.767429202903093,21.171023723080037,0.8140165264017662,0.8042714864326286,0.008394612820961503,-0.007162560897756798,-0.5941595781508714,0.23688998768575603,-0.38238271933485773,-0.09407365050073575,0
12.052,14.778153552992883,21.152651318639325,0.8088226419179291,0.8026459554194123,-0.004782069310929767,0.003721819441613419,-0.5964249744284754,0.19305264124220314,-0.3207136328881816,-0.03430473163641873,0
12.102,14.786976553293087,21.136043270869372,0.8091175818076042,0.8021198723708072,-0.010102131874249937,0.009638862133787002,-0.5969997902982888,0.15568899823100696,-0.35576195205772393,0.02776467284459771,0
12.152000000000001,14.79370459643941,21.117275661492627,0.8109590027766208,0.8012310159993338,-0.017061656637629295,0.01206666576526793,-0.5979900956125977,0.11691217401632541,-0.3904892798913426,0.04166314517310567,0
12.202,14.79879498444566,21.0971205340618,0.8128955175100411,0.8003756663843296,-0.02194723461881125,0.013106940877193319,-0.5989535204448406,0.08979187788391181,-0.4137353504330236,0.033190790019931804,0
12.252,14.80275954385873,21.07608001741574,0.8142239907753857,0.7991031199750049,-0.02189277175888622,0.01277953256832943,-0.6006592992190006,0.07129026143965453,-0.42728486013994826,0.020449972437983747,0
12.302,14.805841234714782,21.054311070941328,0.8147911116668011,0.7972659018292784,-0.01647989976516156,0.011671720301910259,-0.6032903659344077,0.05147223208810369,-0.44305573909536977,0.0002188742252536033,0
12.352,14.807909177911638,21.0315858478922,0.8139705162904343,0.7953774947578234,-0.007070068564480136,0.0098236096246461,-0.6059935244350422,0.031387592281063435,-0.464660701549609,-0.04173751754862129,0
12.402000000000001,14.809282149538674,21.008052250552556,0.8094392601009901,0.7953189343806008,0.00633602445171011,0.0036946588139492266,-0.6061468443422771,0.034071983385842886,-0.47527697232942256,-0.14542059419763023,0
12.452,14.810581768362905,20.98572158247648,0.8048910394595398,0.7961049863724065,0.020192123289754352,-0.006208295732445684,-0.6047897038592335,0.021323931883087743,-0.40121043180993676,0.014361449112151044,0
12.502,14.812343595342034,20.966259340463203,0.8072452630197847,0.7969993314195684,0.02588212779398374,-0.009585245685919636,-0.6033492390338745,0.04872710571118498,-0.3870088999662864,0.06119031533703887,0
12.552,14.815529705096303,20.947208003877126,0.8101735649238767,0.7981067048237845,0.027413822633155803,-0.013200586210243628,-0.6017473843463423,0.07714633291450933,-0.3735916752151223,0.0517366832402609,0
12.602,14.82006581715772,20.92898928604003,0.8122575899542034,0.7992473930285874,0.027237837019515695,-0.015113617645453572,-0.6001943714607565,0.1031748572602159,-0.3554591367884588,0.033051166660451915,0
12.652000000000001,14.825824327333462,20.911794377557577,0.8136937520886475,0.8007091164144476,0.02561131096730921,-0.014664358731317663,-0.59832593811762,0.12686562003642904,-0.33350001695541964,0.02633656684906721,0
12.702,14.832859486463267,20.895670480318074,0.814907284484694,0.8024233252431294,0.0226843734263749,-0.01205604397644159,-0.5962020447060291,0.15345426907295748,-0.3116314309817513,0.0204450084044757,0
12.752,14.841213424647568,20.880508815213943,0.8156742797484946,0.8040051743867735,0.018392532722296927,-0.007315574091388318,-0.5942927533422123,0.18026115389969236,-0.2952098197614529,0.005514773686324278,0
12.802,14.850892695669058,20.86627645161663,0.8143554750624311,0.8048280217748196,0.011845803846815297,-0.00041294196470594913,-0.5933897216637538,0.2015460144728387,-0.27375797194182555,-0.07343165903352382,0
12.852,14.860014850315117,20.853558751631866,0.8103646660510679,0.8040872902430991,0.0009719190054514993,0.009516742591605681,-0.5944342828718762,0.15331128450712828,-0.20791616066216737,-0.01433136257529421,0
12.902000000000001,14.866445141704084,20.842774691253144,0.8111342625274254,0.8035781141068096,-0.003795267080744477,0.015633655544709923,-0.594981847866503,0.10477409190600408,-0.23816737458172954,0.0380417053048973,0
12.952,14.870601957661,20.830143784285,0.8133694576809573,0.8028776803576504,-0.01032690648998292,0.018039544241501285,-0.5957813023496331,0.06423798753035445,-0.2616523540837411,0.04561267135856235,0
13.002,14.872961733565752,20.816887437018135,0.8153063437800585,0.8023719994656848,-0.014375468745428763,0.01951961874241254,-0.5963317070690932,0.032648076465800056,-0.26639811139888364,0.030216204277979844,0
13.052,14.873927372697443,20.80358105661788,0.8164169279835481,0.8022416091148332,-0.013679535144467767,0.019720143817857586,-0.596516878932086,0.0062004001177103155,-0.27544607617497824,0.018802002201703753,0
13.102,14.87342013598643,20.78915522612508,0.816988030930268,0.8082677367109817,-0.009239909230947417,0.017872234981579627,-0.5884713018374587,-0.023390141909516524,-0.29608834429273023,0.002040486579776889,0
13.152000000000001,14.87168189850624,20.773880593273304,0.8162465270631599,0.8154271727206848,0.00031307848407241675,0.014545540003411883,-0.5786768141515802,-0.0414983447998924,-0.3145929336825455,-0.0418948498433339,0
13.202,14.869721948998967,20.758053034648658,0.8111352259737632,0.8235874294074663,0.014709049581303757,0.00631321155738657,-0.5669634321032065,-0.04116209508720308,-0.3132937107267393,-0.13264845979294737,0
13.252,14.868238827537086,20.74305203599585,0.8101901130472029,0.8305876750406036,0.02255658523989994,0.000717541512351977,-0.5564304086470623,-0.010867928801896012,-0.28651231495861046,0.03189856755753319,0
13.302,14.869004107481993,20.728811334114265,0.8121894774045375,0.8387406791604567,0.025266755192157406,-0.0026098131485907746,-0.5439382805786378,0.03905383892436425,-0.28774028060876017,0.04121198092055,0
13.352,14.87194068441443,20.7143814760141,0.8139376381247032,0.8471676784215195,0.025642349871274867,-0.005484799784920425,-0.5306781618856112,0.07749681043699318,-0.2886822289300114,0.02906596162719636,0
13.402000000000001,14.876856166151628,20.7000183582771,0.815108223093654,0.8559462190776551,0.025115891082676575,-0.006787547923189558,-0.5164099062324237,0.11809919261591328,-0.28504251345467174,0.018876990081638283,0
13.452,14.883798702295367,20.685881126131665,0.8160335442498984,0.8650782614237559,0.023665892002014095,-0.006326962288188236,-0.501038418403226,0.1590789839136415,-0.28044335172949486,0.018031331298918544,0
13.502,14.892917572442355,20.672080521877373,0.816688862224939,0.8739461138089331,0.021140843287922234,-0.004267414762713014,-0.4855440701672534,0.20342115618554,-0.2704259294663793,0.004507368452955327,0
13.552,14.904154859230355,20.65873977901923,0.8162309035312618,0.8818578418553746,0.01687148830998712,-0.0004188649381657776,-0.4712132470469733,0.24389806576058704,-0.26177602929333055,-0.027792547044111538,0
13.602,14.917229960774932,20.646093514854993,0.8130668581682494,0.8881026063949431,0.00862931291145379,0.005755093639376175,-0.45952820845992454,0.2732696421376626,-0.24777558794362764,-0.10388079443379761,0
13.652000000000001,14.930327011411505,20.633804178124667,0.8071330441618858,0.8917522206265796,-0.009253028807530522,0.015217364093361715,-0.4521734073289824,0.22731298740502207,-0.21715016763877823,-0.04342640820558823,0
13.702,14.940783788914386,20.624054650132265,0.8077512098252189,0.8976176696357212,-0.017190400078532835,0.02285575641939499,-0.4398461363947344,0.20358536224296553,-0.20545174440970285,0.0243607107385678,0
13.752,14.950479805461715,20.61275005789595,0.8091720996509061,0.9035263410371909,-0.023917285361135028,0.024748476265669752,-0.4271482499500955,0.18637137804083068,-0.24759359855799828,0.03925268527682006,0
13.802,14.959456983420266,20.599463428194287,0.8114156540510847,0.9095728354598913,-0.030175316546458834,0.02441485373744681,-0.41372771502735234,0.17510178319256786,-0.2805544115469887,0.04475345183873726,0
13.852,14.968125059948196,20.58486154371778,0.8133232643385472,0.9154310816543416,-0.03237846740531893,0.02205303489774793,-0.40056364443299614,0.17318356303769594,-0.302333148198716,0.031091400937479235,0
13.902000000000001,14.976829181650558,20.56923628070627,0.814393509918069,0.9208353039491637,-0.02935525886598014,0.018658751328567154,-0.3883973001664944,0.17416258082238806,-0.3208976163189239,0.010570587904448212,0
13.952,14.985528828825375,20.55280199029159,0.8142731047405711,0.9256956992634755,-0.0212555675219613,0.01571473420289296,-0.3773442994711293,0.17306369808843716,-0.33497421942611094,-0.01933941507878766,0
14.002,14.994107682111443,20.53599978994851,0.8113596973521143,0.9304059205758206,-0.008257001061239999,0.012706499196322527,-0.3662174077909297,0.17167910449678464,-0.33180099174357286,-0.10830109676021168,0
14.052,15.002643447916176,20.52003390002221,0.805565465833148,0.9354696539114865,0.007164070336740771,0.006495926195826926,-0.35327468866278977,0.17014264537478527,-0.30802087616085727,-0.05293951876385472,0
14.102,15.011572388160333,20.50515288039011,0.8062548716613654,0.9394058173274211,0.01080933704096984,0.001838634882750988,-0.34263170901990736,0.20039165857816396,-0.2891449067356436,0.046892486972644254,0
14.152000000000001,15.022640382183424,20.491456408691494,0.8091321547634547,0.9438976925090554,0.01061639910628926,-0.002478857039381487,-0.33005801522440537,0.24129498748893127,-0.2610818360823583,0.060445214377955074,0
14.202,15.035681353473233,20.479090311975234,0.8117936736281004,0.9482691452393283,0.010228383586021733,-0.0050030338541508165,-0.31726326293560253,0.2785145278487062,-0.23467037620430042,0.04501669400707495,0
14.252,15.050554786389897,20.467957139186616,0.8137897466650655,0.9525577666614352,0.009236936340347387,-0.005672533807377626,-0.30416476216062266,0.31559604531258934,-0.2104444858442867,0.03558538148099898,0
14.302,15.067310867858895,20.45822636793833,0.8152379037648777,0.9566923104486873,0.007238500246388696,-0.004626197349132878,-0.2909742695508031,0.35180565305878875,-0.17844610071977623,0.02028616161955314,0
14.352,15.085755608347453,20.45007136291899,0.8156108345628241,0.960367921735446,0.003642834528243051,-0.001754037854114934,-0.27870613199093175,0.3842528239757107,-0.14794396689338707,-0.010256849657721468,0
14.402000000000001,15.105580575036317,20.44356007219643,0.8131293252653161,0.9630868913865684,-0.0035287876339275604,0.002315749233903046,-0.26915762036894975,0.40334845552422405,-0.11692484306043363,-0.10068740758089088,0
14.452,15.12476658714446,20.437787228885576,0.8077177587111393,0.964280896306128,-0.01817182675878111,0.0076607955002400896,-0.26414664477066985,0.33001014087096003,-0.09718137053475384,-0.029770648702270523,0
14.502,15.140379401228317,20.432221377345734,0.8081168981088611,0.9660855431424509,-0.024122882840223726,0.012573900164510614,-0.2567853323094705,0.3128614650551403,-0.13792042869981075,0.02377664272997272,0
14.552,15.156094662138369,20.423833489001012,0.8098949887663711,0.9676287585624205,-0.02984109876513101,0.012001013342260133,-0.25031993549495163,0.3150430733131874,-0.19200143587717733,0.043744448782969306,0
14.602,15.171862213281372,20.41323586563484,0.8120652015100883,0.9690977735529933,-0.033808394640149925,0.009830530624263084,-0.2441513022986593,0.3163724457518053,-0.22829479865211622,0.039122182142508746,0
14.652000000000001,15.187717185653623,20.401187691674643,0.8136454975848244,0.970354196037698,-0.03320191831828042,0.007510972695559506,-0.23927798089499364,0.3186082972392192,-0.25184385586887326,0.02429430725979152,0
14.702,15.203727596789395,20.38804345488253,0.8143454763659261,0.9713230602095788,-0.027551066655499442,0.006316860002443256,-0.23607742101046478,0.3204559608228676,-0.2729230997663645,0.0018378385442308005,0
14.752,15.219823744571524,20.373863390153875,0.8136506618143496,0.9721405702015763,-0.0176653239075994,0.006576644796149286,-0.23363945694727864,0.3226888236258634,-0.29354310813807843,-0.03618541013915468,0
14.802,15.235974612792678,20.358999226291427,0.8094390546991606,0.9733499329215398,-0.0027377264208744033,0.005964563142781308,-0.22923096850598967,0.32722277521524834,-0.2935298839069654,-0.1412739056356089,0
14.852,15.251696981053723,20.344892948131783,0.8046331333528575,0.9746838698828633,0.013782967296755487,0.0015440749755089034,-0.22315689421376123,0.2952845581019841,-0.26348308399991544,0.0019331763655642074,0
14.902000000000001,15.266719512543961,20.332629708183468,0.8067913481238793,0.9758150061366178,0.019601224323210636,-0.0011845482455692293,-0.2177141765000089,0.31511375850825324,-0.23191530851508185,0.06335614804894729,0
14.952,15.283165451498027,20.321832247820407,0.8100807200121716,0.9771167405089848,0.02190642608530013,-0.005100468060859985,-0.21151115606233373,0.3407161268922896,-0.20174382161231655,0.062426013475326385,0
15.002,15.300810575297028,20.31250049625973,0.8127507452560797,0.9784274182806683,0.022424386706563902,-0.007819278276627293,-0.20522132668096002,0.36442107875752294,-0.17255056214875522,0.044676621588853556,0
15.052,15.319625651253226,20.30458180203302,0.8147090039634542,0.9797985297178062,0.021131111848622087,-0.008894236064065851,-0.19866859298767497,0.3874567553063698,-0.14476740799036386,0.03446838865475338,0
15.102,15.339595206790472,20.29817033329752,0.816101297484741,0.9812033319204838,0.01808624387077989,-0.0083031318300577,-0.19194782419345455,0.40904268563834134,-0.11185074546490426,0.01914288302197994,0
15.152000000000001,15.360573781139689,20.293345669101004,0.8165095185857011,0.9825209424576484,0.013214648417090236,-0.006022517671324696,-0.18558475147556197,0.42897988135747234,-0.08155599448084566,-0.007491956886170396,0
15.202,15.38227823920292,20.290150793653005,0.8142138410019023,0.9834732478290409,0.005228003978399746,-0.002595119102782349,-0.18095939913650153,0.43471361286916876,-0.05034455016554698,-0.09725311578296225,0
15.252,15.402853798708707,20.28730567734406,0.8086609830194764,0.9834875132885647,-0.011020338093999618,0.0016250749284646747,-0.1806328388894057,0.35799927948964333,-0.04707762271624976,-0.039627012433606175,0
15.302,15.420496805792904,20.28418485573996,0.80881852253457,0.9839043426878287,-0.01787866449786953,0.005211611007354046,-0.1777229217251198,0.36045531889602145,-0.0894105469604145,0.023969478153250755,0
15.352,15.438728013025242,20.278296144848095,0.8105587060622208,0.9841388624142349,-0.02434215184343209,0.004321017354276172,-0.17566868798585572,0.3678632719627477,-0.14084294660169325,0.04175698942080613,0
15.402000000000001,15.457241231642936,20.270275353045946,0.8125925311219965,0.984390161401943,-0.0288725281154954,0.0027224265012721935,-0.1735942846098997,0.37312545968590444,-0.17634459898437124,0.03630258334981405,0
15.452,15.475993941480125,20.260855991969237,0.8140609117295071,0.9845752183378185,-0.028717973072442376,0.0016972753735418425,-0.1725805224060809,0.3776569376545938,-0.1989091244466555,0.022756687062077955,0
15.502,15.495014715098991,20.250336546227253,0.814727607867014,0.9846718398455705,-0.02363747622258784,0.002199396585791751,-0.17279409766431497,0.3819250714351431,-0.2214426367421847,0.0017804782136636836,0
15.552,15.514306828241569,20.23863932474005,0.8140437323830545,0.9847256913715886,-0.014559595588933055,0.004179492746155047,-0.1734527681226768,0.38878970450815886,-0.24596507640287324,-0.03663779863259978,0
15.602,15.53385366313985,20.226058269174846,0.8098484490629418,0.9850955684581977,-0.000354742841682194,0.004976685640620453,-0.17193553373742215,0.39652166822919893,-0.24840470854381275,-0.13730321581389435,0
15.652000000000001,15.552759387717451,20.214083199122165,0.8050461492066329,0.9856040920322564,0.01665483407415578,0.0019272876289337455,-0.16823636893855543,0.34957317913604746,-0.22244079127489275,0.003918898260115906,0
15.702,15.570293529841434,20.203809307901334,0.807142042813116,0.9860260532710869,0.02294901454836208,2.3766874861340425e-05,-0.16500292251060342,0.36179133433615723,-0.1931727892306027,0.06020728779546975,0
15.752,15.588930305516245,20.194923391112873,0.8102403835607592,0.9865516312271964,0.025569688113745923,-0.0036678677300379815,-0.16139583860508339,0.38164450924129273,-0.1632721485846669,0.05840607223426767,0
15.802,15.608462398205061,20.18752377514383,0.8127358282995463,0.9871091044209154,0.026163228064405825,-0.006463683282158178,-0.15776350105463485,0.39923198079374106,-0.1336775772553565,0.0418723727209838,0
15.852,15.628838420220195,20.18156318036613,0.8145781998014209,0.9877589012272512,0.024711901996673023,-0.0077539019965432825,-0.15382311903568804,0.4154625230021563,-0.10540289258282681,0.032668577522652995,0
15.902000000000001,15.650043928512886,20.177126354316318,0.8159252123138311,0.9884957237212693,0.021375456986045996,-0.007476404891235488,-0.14954396475051354,0.4309066748415897,-0.07274104827964956,0.019102220135923283,0
15.952,15.671983494424559,20.174245561392574,0.8163652424213358,0.989221797461542,0.016083566456487383,-0.005624125145431762,-0.1454301328244768,0.44583173873861454,-0.042904313330307954,-0.006378762106401037,0
16.002,15.694401989833645,20.172945650289424,0.8141256895427327,0.9897247450819417,0.0077088601895959575,-0.0027009178649404237,-0.1427522591406196,0.44681639730084,-0.013805581849635238,-0.0956396911413209,0
16.052,15.71556326725449,20.171748701562464,0.8087403002459671,0.9895440185072136,-0.008803033348697002,0.0008411197048340077,-0.14395983661459127,0.36943859632496534,-0.018545022551428154,-0.03850843538091885,0
16.102,15.733997455838582,20.16997955793517,0.8089311661881841,0.9896226580953571,-0.015773431289400716,0.0038938822260931663,-0.14276915328896658,0.3781660073636085,-0.06357575123856755,0.025791486181103225,0
16.152,15.753182749767644,20.165394361854883,0.8107291356158524,0.9895587363136533,-0.02241615121394268,0.0027170732011495623,-0.14235041644933857,0.38761194617790773,-0.11459886535475525,0.041765499546087444,0
16.202,15.77270954265333,20.15869354764812,0.8126979719707256,0.989508518664417,-0.02698336672053551,0.0011426050380094052,-0.14192774170226372,0.393619916839715,-0.1497583171658071,0.03400059845629609,0
16.252,15.792476296482427,20.150591198155617,0.8140429902884129,0.9894574071355451,-0.02681507360391969,0.0005191273634448629,-0.14231908445110808,0.3978822838435564,-0.172427495347271,0.02050186348351238,0
16.302,15.812533781563399,20.141382311810748,0.8146078870065598,0.9893417504155931,-0.021692795776862308,0.0016251260497726525,-0.1439780624307685,0.40344967221190015,-0.19603918960576744,-7.28638149693245e-05,0
16.352,15.832966519136578,20.130902378686223,0.8138071991717959,0.989187147091693,-0.012683864602428398,0.004145461297221946,-0.1460504117008163,0.4126805268449125,-0.2226270085166751,-0.04013865611441615,0
16.402,15.853762377076109,20.119470905350926,0.8094141109934226,0.9893221747810496,0.0016701947315209266,0.005265516548842197,-0.14564037651532796,0.42279622969468056,-0.22519809750709838,-0.14089473274666528,0
16.452,15.873754127888631,20.10857187342539,0.8047664938277828,0.9895067502407437,0.018636106570309417,0.0027774081483427004,-0.14325282811825718,0.3676309713357265,-0.20143271062351037,0.010241938069702335,0
16.502,15.892190707550194,20.099350990228675,0.8070579150531787,0.9897090690717634,0.025051806776372358,0.0012388814971780713,-0.14087878032897244,0.3789021121618875,-0.17274734644412518,0.06268264676564224,0
16.552,15.911637358687535,20.091459131068746,0.8102183442744184,0.9900072634615391,0.027747232512224065,-0.0024459349336259273,-0.13823793539983212,0.3964941888301849,-0.14338415144589814,0.05865831829221448,0
16.602,15.93183251842849,20.085053101484853,0.8127013201735971,0.9903407630786296,0.02829591706298628,-0.005354013962354616,-0.13563129652440994,0.41102705870002704,-0.11386820568828991,0.04140707211271266,0
16.652,15.952717447539074,20.08008199478703,0.8145199341764644,0.990775350242439,0.026680673192524818,-0.006802702687568776,-0.13268786781808503,0.4242733396889026,-0.08556273667275141,0.032339997868872844,0
16.702,15.974293097652115,20.07662503642653,0.8158663469967783,0.9913091353726385,0.02311610825683961,-0.006722246179751883,-0.12933157028393114,0.43714268469776973,-0.05344330799368628,0.019361989859410757,0
16.752,15.99650001171535,20.074698893908597,0.816329878953219,0.9918514373833552,0.01754040113064739,-0.005131332758167409,-0.12608223472349891,0.4503195977021525,-0.023943617108977792,-0.005805333768074777,0
16.802,16.01909397969649,20.07432684611014,0.814109854660894,0.9922200027087836,0.00891375590385646,-0.0025177865926019763,-0.12415181001878868,0.4494926944964579,0.003986353957388853,-0.09541646980464583,0
16.852,16.0403654396084,20.073962836733077,0.8087731814533164,0.9920055057880052,-0.007748230347854612,0.0006371862205331154,-0.1259548943331735,0.3722534925354283,-0.0035214270658625165,-0.03704508412026547,0
16.902,16.059021420387996,20.07290499650153,0.8089913110121901,0.9919778393718229,-0.014921446026514563,0.003383565155897948,-0.12548254113829363,0.3833266628224413,-0.04962383622247116,0.026312278010275858,0
16.952,16.078502224570727,20.069028010161006,0.8107927074260263,0.9918333320210704,-0.02171998086291131,0.0020822990164386184,-0.12566044705515617,0.39397023432271483,-0.100370399431032,0.04145875768207643,0
17.002,16.09837329688777,20.063043209372626,0.812738781548501,0.9917089322447872,-0.026309110484795506,0.0005047731614471412,-0.12578143589361263,0.40091062850071424,-0.1354385402868898,0.033538895276004135,0
17.052,16.118527437154082,20.055659359853948,0.8140727286791473,0.9915797126844665,-0.026100463836183932,-2.160199489040919e-05,-0.12684020937179746,0.4060312957358597,-0.1580470079123169,0.020388210083992386,0
17.102,16.13901433316466,20.047154069534606,0.8146389408812057,0.9914004698486818,-0.020957036956688293,0.001258098823746828,-0.1291678294822617,0.4125142213642241,-0.18236343833155047,3.278674037006249e-05,0
17.152,16.159937140353936,20.0373410899724,0.8138352378483175,0.9911884091051053,-0.011984578530347933,0.003957829051820116,-0.13185690396159222,0.42316556540960376,-0.20958184647380113,-0.04054984861639529,0
17.202,16.18127721194338,20.026546385353175,0.8093958464883824,0.9912481318377498,0.0023716634129860737,0.005231552343708359,-0.1318868727391111,0.4338313636325352,-0.21243505208160934,-0.1422089891519259,0
17.252,16.201838141278486,20.0162378485785,0.8049081442396716,0.9913751972338082,0.019257394737590354,0.002937889079420198,-0.12959837909984423,0.3782200839672594,-0.18923565563743813,0.012245132916950603,0
17.302,16.22074355361934,20.007615700351852,0.8072205361999677,0.9914919673641399,0.025712846222182683,0.0016705455913166808,-0.12759207447553622,0.3876000718997814,-0.16076753453572304,0.061966801576598424,0
17.352,16.240562714119033,20.00033229646589,0.8103011000018041,0.9917047559091869,0.02852792605738681,-0.0017403270363001793,-0.12531881663888556,0.40313345193368655,-0.13108574729576297,0.0565690896852636,0
17.402,16.26104400401272,19.994545864996493,0.8126704984289705,0.9919537380876327,0.02917515832669189,-0.004452447649090427,-0.12311282362335858,0.41595291585427424,-0.10141372146862061,0.039141307099358376,0
17.452,16.282136264577783,19.990203235816676,0.8143931333981742,0.9923078529580468,0.027583281806824567,-0.005821029840315569,-0.12054212182533652,0.42773917387655885,-0.0728651052270951,0.030836583024539753,0
17.502,16.303850375513104,19.987383173672686,0.815680054479165,0.9927640604464285,0.02397132803562195,-0.005758174130368424,-0.11752335575881362,0.4393407877212349,-0.04069002676660393,0.018357413581610037,0
17.552,16.32614203626138,19.986096781393858,0.8160886200958738,0.9932293959359296,0.018299481858169885,-0.004256929541415323,-0.11464019610655188,0.45150857332443095,-0.011052902751764692,-0.007152524054449772,0
17.602,16.348765381747146,19.98634859805932,0.8137956302711041,0.9935377395944692,0.00949442036466346,-0.0017829233806800667,-0.11309039379040522,0.4497494027911238,0.015327716978202514,-0.09576325786222502,0
17.652,16.370046922876536,19.98652239072908,0.8085573642945406,0.9933198297404843,-0.007442836165654666,0.001125023965311549,-0.1151479672214082,0.3736076947637223,0.006843728721193675,-0.03344683366398899,0
17.702,16.388832727611245,19.985932848613235,0.8089024201887376,0.99323798700196,-0.014863741656240194,0.0035822438831298745,-0.11508491599263071,0.3859851412339576,-0.04035912894241538,0.028108449030856412,0
17.752,16.40845250296917,19.98253830466312,0.8107614502958413,0.9930542735419005,-0.021864159639465686,0.002150088446020927,-0.11558782566992659,0.39666240900667055,-0.09043524146919597,0.04208154291432726,0
17.802,16.4284629335495,19.97706050633047,0.8127246471409034,0.9928947891283877,-0.026495865087033603,0.00048715292841998583,-0.11600719605700519,0.40383515809291076,-0.12508161374471163,0.033744937688223536,0
17.852,16.448771602264173,19.970192135868682,0.8140776843142565,0.9927428530837203,-0.02625817438286806,-0.00010715761969341532,-0.11735469503397332,0.40933499871377704,-0.1477416672413189,0.020994142919413743,0
17.902,16.469438600849852,19.9621977290015,0.8146831841285759,0.9925513805205243,-0.02107964202867736,0.0011299160243312826,-0.11998386978473811,0.4164073275990589,-0.17225049361865888,0.0009419759227693029,0
17.952,16.490579578695403,19.952888619224186,0.8139391166377052,0.9923311904993866,-0.012094070670403372,0.0038160192667983073,-0.12295519433372987,0.4280359513613428,-0.19957113125406917,-0.03903195052834452,0
18.002,16.51216939449896,19.94257755564516,0.8095594585234555,0.9923575792014359,0.0021853157391327517,0.005163846415535368,-0.12326797672868746,0.43842224275056746,-0.20289512798723375,-0.1413535462614065,0
18.052,16.532885970641345,19.932734370241032,0.8049187783465439,0.9924243531865109,0.019294793277207473,0.003075950769362501,-0.12129366299024012,0.38018906950246034,-0.18178034544494182,0.011001542281053104,0
18.102,16.55188414672818,19.92448230836287,0.8072132751002841,0.9925142109753068,0.02584958688397432,0.0017930588121260337,-0.11934875286356982,0.38927692805609787,-0.1534672619755057,0.062043055809989575,0
18.152,16.571803329435078,19.91752959142035,0.8103247937347603,0.9927097208150056,0.028644520263288006,-0.0017473200763192928,-0.1170634380617271,0.40516744764958884,-0.12468532031265327,0.05748369536594138,0
18.202,16.59238441918217,19.912056492663382,0.8127454898319464,0.9929447657955338,0.029246922933867606,-0.0045961278166722,-0.11482240716535867,0.41787264583969047,-0.09523948009333087,0.040185050451739035,0
18.252,16.613565097570852,19.908023040045148,0.8145126800063895,0.9932824074661063,0.027638611095270743,-0.0060609572990708675,-0.11220263362184789,0.42936721856197163,-0.06671353960135615,0.03157862317223783,0
18.302,16.63534912780448,19.905508317985184,0.815832091722866,0.9937156598988514,0.024026594618115345,-0.006061535776841267,-0.10915662053615083,0.44047650191692383,-0.03460935018456275,0.018971246336805338,0
18.352,16.657684304002952,19.904528079963885,0.8162781018693435,0.994159010351902,0.018363351915391977,-0.004604782290265317,-0.10625180197350947,0.4521423027262024,-0.004926211383588188,-0.006175588435482203,0
18.402,16.680327157583633,19.90508800945316,0.8140417257784391,0.9944550579162551,0.009621492612178548,-0.0021862186249104135,-0.10469854398612741,0.44987531032801004,0.021939481684201532,-0.09520261221918405,0
18.452,16.701631749785406,19.905553644319085,0.808733796730948,0.9942418589165718,-0.007238777151389338,0.0006162087899790697,-0.10691279797198612,0.37312389897976866,0.011299885921613509,-0.036224011788264156,0
18.502,16.720399107717434,19.905217091443912,0.8089926513218287,0.9941498720740485,-0.014544239762577137,0.0031274888742555493,-0.10697997830539763,0.38650127177580024,-0.03518145318902366,0.027254354872062233,0
18.552,16.740075763785452,19.90207137829836,0.8108258710796046,0.9939509621604014,-0.021428770225588846,0.0016596805866015757,-0.10770115174584591,0.39838211482343866,-0.08556574482802279,0.04175073948905661,0
18.602,16.760189407947024,19.896833560627787,0.8127752931288285,0.9937712661169026,-0.02602043141796012,2.5633704443027955e-06,-0.1083586996168737,0.40613431364879343,-0.1203026927055435,0.033508913257954624,0
18.652,16.78062184782747,19.890202140270965,0.8141193082838497,0.9936049363888095,-0.025781351177535973,-0.0004959185536172724,-0.10992864221866333,0.4119996346807066,-0.14285289146145558,0.020867834120949603,0
18.702,16.801433271047845,19.88244632741433,0.8147110587108094,0.9934094093355484,-0.020614947085665143,0.000888097773647805,-0.11274741984895367,0.41955620714016967,-0.16760386021341073,0.000535241753231188,0
18.752,16.82270814000805,19.873362064115227,0.8139234367292089,0.9932027011497909,-0.011685516863352776,0.0038150931264003003,-0.11574665519501176,0.4300308832635607,-0.19523754778559907,-0.04052581129529654,0
18.802,16.844362212199435,19.863280806115277,0.8094841020457901,0.9932550448582167,0.0026654007191885152,0.0054939928158407834,-0.11578915124332055,0.4394727471270605,-0.19808638484168767,-0.1419837680213345,0
18.852,16.865020909991276,19.85369817016317,0.8050701980107648,0.9933077936446717,0.019505857620347667,0.004086798239355881,-0.11376487455889409,0.37502892622664513,-0.17462624024093645,0.013481475925908443,0
18.902,16.883616501618558,19.84584430906804,0.8072969057258107,0.993401871911355,0.026148318754529987,0.0037795327494211032,-0.11160063369678476,0.3778347962735899,-0.1446708912498116,0.058275115766748105,0
18.952,16.90269366307812,19.839415330913294,0.8101423010327679,0.9935880368495775,0.029281408114682717,0.0012440648246327,-0.10919644898501829,0.383210170348697,-0.11332251798568328,0.051123889006200685,0
19.002,16.92187266512272,19.834567024513856,0.8122256980887348,0.9938263643430807,0.030110653080014153,-0.0005764862863788577,-0.10678096165173756,0.3836624104028614,-0.08169989790568592,0.03332889633909572,0
19.052,16.940933639802118,19.831282715581636,0.81366303102779,0.9941736695824075,0.028555610842086486,-0.0009986009640059331,-0.10393408774121653,0.37933142029089384,-0.050338454168136454,0.025767350157683167,0
19.102,16.959831687868665,19.829661655069128,0.8148035349506134,0.9946030734708511,0.024880450342480275,-0.00010368319713047021,-0.10072575977815332,0.37600294002540646,-0.015619606611269314,0.0179599714026641,0
19.152,16.978647478083754,19.829689435094505,0.8153663674747097,0.995012443225834,0.018991262020403132,0.002049847007004777,-0.09790489221624696,0.37666896929303806,0.0161817132333199,-0.00030537131720126723,0
19.202,16.997369150502436,19.831353939882394,0.8136202368160403,0.9952614701287816,0.009980242190091408,0.004923712345075495,-0.09659584825274373,0.3695442345190859,0.04538851003601646,-0.08478584810106655,0
19.252,17.014501853470644,19.833088124936037,0.8093447416327448,0.9951528187515799,-0.005153054176039871,0.008036154844055328,-0.09787611342287132,0.28578257542995933,0.02918457206042997,-0.015389182124944098,0
19.302,17.028620288220235,19.833397814531864,0.810114375397302,0.995046478644991,-0.012571989890370408,0.010717884905303237,-0.09802845173497045,0.2905027047819331,-0.02322256909979194,0.037659358703597635,0
19.352,17.043238595272257,19.830973059796293,0.8123666394306536,0.9948977465016797,-0.019415145417188927,0.009192727821010644,-0.09857494554660533,0.290675974157163,-0.06900981792803836,0.04673748608348799,0
19.402,17.057499877761224,19.826701755721636,0.8143906826918752,0.9947862263308299,-0.02369384975160629,0.008035237741019774,-0.0988655670132955,0.27915399486839987,-0.09873430358050206,0.03235186799950565,0
19.452,17.07104926066393,19.821257776204526,0.815592002952928,0.9947216654745689,-0.023171851669984693,0.008350872226911896,-0.09960992148744055,0.2645149413940657,-0.11816367044391425,0.01727274827169324,0
19.502,17.08403090554224,19.814719889765016,0.8161306536551233,0.9946919848260821,-0.017773988113163674,0.010159867306518364,-0.10084006032136292,0.25544469639072326,-0.143724390569238,0.003169378316101687,0
19.552,17.09681857025698,19.806812050817406,0.8156702359934466,0.9946677420636943,-0.00823371667387955,0.01260487811760846,-0.10202649584929262,0.2576297133945634,-0.17117407932869874,-0.02901454545935947,0
19.602,17.1105411510414,19.798471162513724,0.8116799836352145,0.9939227139416356,0.0084041487478188,0.011244816786581421,-0.10918133123457416,0.28608933664424957,-0.16720343458911874,-0.1592033796498351,0
19.652,17.124033690227332,19.790218677400574,0.8079568479241686,0.9924941211835817,0.02181972976650776,0.005662078692850785,-0.12019675400700812,0.25437517636905965,-0.14774711197081017,0.02726290803647292,0
19.702,17.13699902297345,19.78398001890617,0.8107319053874108,0.9910557750445338,0.02668437894354947,0.002030888924723705,-0.13073740918899757,0.2712159065485093,-0.11049200794867008,0.06570297370684042,0
19.752,17.151277873238495,19.77898352243923,0.8137649324178328,0.9896756954045478,0.028706684286379874,-0.0018516329769580724,-0.14040838884527326,0.29884513244984057,-0.08948420220012764,0.05375808845944349,0
19.802,17.166927493437317,19.775135980611402,0.8160452424433908,0.9882810176076198,0.02904299729690895,-0.005124379994009805,-0.14976940700335542,0.32588125388654365,-0.06543361396226237,0.03891615643706623,0
19.852,17.1839079859028,19.772405001859283,0.8178401816125009,0.9869249141045099,0.02726173425997621,-0.007331306129425699,-0.15868920478526963,0.35262506666961035,-0.04496833865636209,0.033156882748771814,0
19.902,17.202202641112187,19.77065721048691,0.8191521677950038,0.9856388896442463,0.02275368532409481,-0.008474295967710339,-0.1671120442484091,0.37606265129726857,-0.026127290155972427,0.01564093440836594,0
19.952,17.221597974679973,19.769676234570426,0.8191018632336315,0.9845158919058471,0.015032909597018872,-0.008122785035345931,-0.1744605702648952,0.3980010227247173,-0.014122950558392544,-0.024022034210921524,0
20.002,17.24158039099737,19.768971606130858,0.8152012837629395,0.9835456288036372,0.0022584036270499727,-0.006202657766882614,-0.18053925531845885,0.394976070499152,-0.01530664865362333,-0.12221281805048902,0
20.052,17.259767315548267,19.76848891209871,0.8129035509897176,0.9820210016541171,-0.006038108707846264,-0.0017527637280337518,-0.1886669588793741,0.3468540882708755,-0.01693567087505138,0.008520310373083984,0
20.102,17.277696369124133,19.765309655971123,0.8141801900352207,0.9800266867814582,-0.010630955797772476,-0.0001885492298794251,-0.19858157120984907,0.36699978427862473,-0.1009128869193022,0.03228766542066927,0
20.152,17.296085632669797,19.759048055877482,0.8155212913744515,0.9778527967909634,-0.01594226866814263,6.617158320374502e-05,-0.20868576256929042,0.36944517665841675,-0.14461017486757452,0.021120890207588623,0
20.202,17.31464659738827,19.750933696986987,0.8161778642714548,0.975418663529633,-0.017951589222464162,0.0013468136064160238,-0.2196232168409394,0.37283672811074303,-0.17795699712961247,0.0044894740675489805,0
20.252,17.333563663106705,19.741227671906966,0.8161146813490479,0.9727550949166476,-0.015339511003782422,0.003949794574045349,-0.2312933718001739,0.3851543955117204,-0.21178237370222527,-0.006487708712237494,0
20.302,17.353182668906328,19.729445368062233,0.81525113040714,0.9699696535823011,-0.009344980569122589,0.007184472759765459,-0.24294016921612083,0.3975453800719271,-0.25860056510200913,-0.03255997905537871,0
20.352,17.373344292739592,19.715280668628,0.8123337075007138,0.9672760815307294,-0.0012049729704131013,0.009962739492966697,-0.2535276591626513,0.40563815445435186,-0.3041452498043776,-0.08576088302193435,0
20.402,17.394126367280506,19.699496641490875,0.8066382120452789,0.9655466286187709,0.014697315115316516,0.007857024660646042,-0.25969590688882277,0.43493007643254733,-0.3198367008587561,-0.15407089328777052,0
20.452,17.413155696605987,19.684679267519396,0.8024655100579897,0.9642116335778456,0.03252435450299671,0.004247648770211941,-0.2630970344135983,0.3319019400118272,-0.2663594497843545,0.007525043163893686,0
20.502,17.429776942914373,19.671667049881535,0.8044140842070575,0.9625929181828273,0.03970617332164877,0.003182436887339815,-0.26800777182738245,0.33503272081843144,-0.25497655620619714,0.05510587524089347,0
20.552,17.44662401202548,19.659537481002616,0.8071519967203854,0.9606636660456017,0.042711067037267916,0.00011401002216931706,-0.2744104088661316,0.33642059422121373,-0.22811579042540636,0.049377762715066345,0
20.602,17.463395326384383,19.64890540888193,0.8092571120029318,0.9586957776218289,0.04333774081643405,-0.002356071300132633,-0.2811026416080672,0.334221436618577,-0.19849390562257788,0.03618518856463595,0
20.652,17.479963062098008,19.639715162336753,0.811007202173083,0.9568743399235348,0.04149263986451034,-0.0035193190445367683,-0.28750212664680586,0.32969983855682067,-0.17123060854487832,0.035316075008575545,0
20.702,17.496449275660442,19.631772001377616,0.8127892435945757,0.9552312493073954,0.03735354874186421,-0.0033399198366978046,-0.2934737086665615,0.3297215296820258,-0.14754252545178492,0.03397971499316149,0
20.752,17.513069191931862,19.624875797064096,0.8143771418433497,0.9536819263637816,0.031162605950854756,-0.0017015553229963306,-0.29919354944066096,0.3352486214860447,-0.12847831260882636,0.024842483263700317,0
20.802,17.52987184939434,19.619044069048737,0.814213314311044,0.9519818590043572,0.02261476223130071,0.0014843251991820102,-0.3053144435406437,0.332314698516658,-0.1061162188320222,-0.04613918694547364,0
20.852,17.545284924989275,19.613579151266936,0.8102396309214414,0.9493846318511526,0.007776847034729779,0.006575303228932231,-0.31395080322002245,0.26272932239594887,-0.08894565818317257,-0.03386273142497494,0
20.902,17.557823807190623,19.608423268612615,0.8109893159515938,0.9467149814765505,0.0010953339181143857,0.010272199426495036,-0.3219068592161458,0.24653368977868922,-0.13447233365595224,0.04037299896056128,0
20.952,17.569624915242002,19.600484260742842,0.8132112995385407,0.9436591133177659,-0.006344646519056728,0.010372785551694352,-0.3306956737436605,0.226788219932889,-0.17643468917418317,0.044033269932382386,0
21.002,17.580370279108333,19.591094612162138,0.8150468853266517,0.9405912653733332,-0.010901855907535826,0.010927173122050018,-0.33918994373171274,0.20368068294005168,-0.19651908764626605,0.02860439453737264,0
21.052,17.590009057405336,19.580877784110168,0.8161801602561194,0.9373589337919866,-0.00999420437863719,0.0123983204416463,-0.3480009005296036,0.18382572286268992,-0.2138972367173032,0.018295121557455787,0
21.102,17.59873864837837,19.56938823223639,0.8168061665703914,0.9339898173516871,-0.004091190201513858,0.014000705752886904,-0.35700176958177604,0.16564121859022657,-0.24631167519642794,0.0045207490561824685,0
21.152,17.606823353903355,19.554896353253408,0.8164141698829885,0.9358962478338508,0.0038165721139609187,0.013474411210994568,-0.35199728310078804,0.16326221995594417,-0.31257332071672933,-0.03325243772631312,0
21.202,17.615236316241898,19.538822657555315,0.8117475542201089,0.940547663376489,0.018412279001573835,0.008631150645327886,-0.33905247991650866,0.16288508415292033,-0.32253934021148417,-0.12314238273915479,0
21.252,17.623219277033577,19.523980127165956,0.811690366976661,0.9448023005191956,0.026604047861319136,0.005853528503280646,-0.32650662133422326,0.16719055041112185,-0.26717364918133035,0.043657460784493576,0
21.302,17.63263630015863,19.511377062886112,0.8137988818262306,0.949720159486562,0.030726804568432388,0.00364958930586026,-0.3115672682483371,0.21048627126417116,-0.2451340170067332,0.03659173992033358,0
21.352,17.644064857810488,19.499457647890033,0.8152180208228527,0.9545630592966359,0.03187317986094152,0.0009427412019215873,-0.29629812262453536,0.2459303502636506,-0.23076074947257505,0.021521435897541876,0
21.402,17.657300016961212,19.488461760264574,0.8159971103820901,0.9594061326857198,0.03129628333994862,-0.00044090093307977397,-0.28028596258197075,0.2820807540532974,-0.20883968857415403,0.010837847828572991,0
21.452,17.672328301758235,19.478584941386252,0.8164962628299903,0.9642473627054239,0.029079737420565445,-0.00037268547381081083,-0.26340321465905514,0.31898785463125623,-0.18677563023214727,0.00880631074327318,0
21.502,17.68929653341027,19.469946397875578,0.816580692408905,0.9687211339310567,0.02511033589941483,0.0006859897109664486,-0.24687722682431124,0.35710396961969476,-0.15872145752178374,-0.009230668404994662,0
21.552,17.70803894055175,19.462638385030036,0.8152333108716138,0.9724041756469974,0.0186027899617176,0.003014881942008281,-0.23254024571415488,0.3895652059066452,-0.13219796799035227,-0.050017191709642646,0
21.602,17.72808737781874,19.45673671443372,0.8109325889554146,0.9749128990848751,0.0065791351636544015,0.006911496130889331,-0.2223820707693288,0.4092373266637578,-0.11279740977496568,-0.1252033568737149,0
21.652,17.747683426990957,19.450916585158396,0.8052617648818489,0.9760251991310104,-0.016153095651644127,0.012115787440005424,-0.21671893285278332,0.335932958899009,-0.09192259940594905,-0.020864379252986464,0
21.702,17.763505116563447,19.446769992261622,0.8061699531557169,0.9781627585792605,-0.0248746590981157,0.01743830866230061,-0.20560830346647527,0.31769799087958545,-0.09539272981851775,0.022994946405025498,0
21.752,17.77937759104797,19.440816271796432,0.8078536352860247,0.9802573092418038,-0.032743391684325295,0.01725096210735116,-0.19423151722981946,0.3161612264492664,-0.13925017690743757,0.044226469299810535,0
21.802,17.795169517418085,19.433061038101503,0.8102347553555255,0.9823060913686897,-0.03912527563143948,0.015018075041597558,-0.18253332048909993,0.31711381322488,-0.16748558559838622,0.045715497137944525,0
21.852,17.81113524967079,19.42427083570753,0.8122458867338342,0.9841666909722291,-0.04069112701782357,0.011532379712538593,-0.17212542165804148,0.322596444615633,-0.18329572016196533,0.03531181550113258,0
21.902,17.827476622436926,19.414734290009665,0.8136897998543946,0.9858015210866685,-0.03684413716689877,0.008370398784857567,-0.16360870088054516,0.32978913529035153,-0.19739174203580165,0.020981936853814036,0
21.952,17.84413057485311,19.404509406589185,0.8142679731448188,0.98720000780639,-0.02836873180564127,0.007025642946047774,-0.1567864789578437,0.33526695072504675,-0.21124460454924704,-0.0022862805018915456,0
22.002,17.86087372951552,19.39372594605059,0.812361236212601,0.9885404769785611,-0.015836975187979375,0.006953128031344173,-0.14996189383464625,0.3329650060684973,-0.2151409103703572,-0.08658721367257104,0
22.052,17.877436842454994,19.38341251715174,0.8053447378779333,0.9902883752933223,0.0027697189614840356,0.0036716835702732538,-0.13895244206398444,0.321020510861703,-0.20352816464240303,-0.13822051587839512,0
22.102,17.8933219472926,19.372930296499984,0.8011610752266908,0.9915429100260187,0.013126553334838316,-0.00198874856920369,-0.12909839679023688,0.31299505400188216,-0.21132306916625493,-0.012192249761394852,0
22.152,17.909716549653968,19.363088781005903,0.802303169713889,0.9927191454954,0.01443695823828097,-0.006023349731697922,-0.11943195410658841,0.3444461571127814,-0.182153507467741,0.04096590203294815,0
22.202,17.927792982544503,19.354754463393906,0.8043513834290844,0.9938050568682314,0.014643892964215085,-0.00924915132705274,-0.10977940855056646,0.3771767417307162,-0.15259376259130522,0.03719718660494498,0
22.252,17.947523459245748,19.3478408419767,0.806053894934601,0.9948381628666741,0.0141917137127615,-0.010729974703765853,-0.09990241543031135,0.4118208869491149,-0.12366842159034738,0.03244351556993385,0
22.302,17.969082295154262,19.342615039996364,0.8075636238029372,0.9958149249812988,0.012886294995339479,-0.010516306728052894,-0.08986648918582067,0.44770066160547645,-0.08638201014939707,0.02605603803218147,0
22.352,17.99221857887238,19.339188758026392,0.8085905583602285,0.9967043395719378,0.010179069826143689,-0.008172547738896415,-0.08006282207989657,0.4746248565726403,-0.05193061803984641,0.010819631346505982,0
22.402,18.01633255429613,19.337543658635507,0.8078325522287778,0.9974637389153531,0.0052104315962092414,-0.003530597665194261,-0.07089764334384767,0.48579160713611613,-0.01578584006050689,-0.04982844088643566,0
22.452,18.040738018860715,19.337540372463383,0.806028960603629,0.9978364043096203,-0.0006493592615753299,0.0013835371493552341,-0.06572803353176569,0.464444839099314,-0.00025660171044636663,0.0456338783459154,0
22.502,18.061943553102456,19.336207909710662,0.8091845211315215,0.9980012974363476,-0.005377999538142205,0.009234050826313312,-0.06228338254840235,0.41436117607255046,-0.07202118416471812,0.06607111071398288,0
22.552,18.082863197366173,19.331300300910996,0.8121226108438193,0.9981028580503405,-0.013400573101742046,0.010910824639800558,-0.05909368238623075,0.4240992226420551,-0.11534701766732935,0.051030038259223975,0
22.602,18.103758932320144,19.32508623016839,0.8137933849639089,0.9982230851076614,-0.019151475241590606,0.0099442270939571,-0.05554282763523151,0.410164607974599,-0.13176356641086814,0.015546687676374833,0
22.652,18.124013259468605,19.31813947912673,0.8137713516940194,0.998310214328163,-0.019327529806393896,0.010508000060603692,-0.05378424020441203,0.4033164012851365,-0.1470473890077515,-0.014303715704398957,0
22.702,18.144392984012025,19.31010411557337,0.8123049496148635,0.9983955835099846,-0.013916925580446824,0.012780295747250108,-0.05337829194305505,0.4131486022313834,-0.17523237142045467,-0.045992035146558446,0
22.752,18.165487607318294,19.30061705233843,0.8087154412162036,0.9984899698741211,-0.0033819320306202293,0.01574804637755367,-0.052519916525130064,0.43103373396886485,-0.20165335477595736,-0.10037772244017064,0
22.802,18.188101017897107,19.290557978481417,0.8003212830013217,0.9987410267296475,0.017337424743228247,0.013892586064325313,-0.04497522965730502,0.48186468728941995,-0.1900695200073208,-0.266869175155447,0
22.852,18.210234665231308,19.281540541096227,0.7906224082193083,0.9984521039816024,0.0372711562379232,0.009360240909065804,-0.04020749752873882,0.397429593913843,-0.17103330066282244,-0.047181195975495485,0
22.902,18.230278061440888,19.274097255223626,0.7916657391297715,0.9984168753830889,0.041747922176614854,0.00833780337174724,-0.03676050841785313,0.40710867791522576,-0.12971570875132207,0.05493429001343654,0
22.952,18.250812289057823,19.268599711322285,0.7944701441884724,0.9985989711149336,0.0412429252815882,0.004280363316027556,-0.03287543904339746,0.412310495111401,-0.09329728980883281,0.05076537529919848,0
23.002,18.271529119751225,19.264844362507546,0.7965594084786621,0.9988729884240529,0.0380145015842951,0.0002951640400401119,-0.028417662540900314,0.41710550496158677,-0.05799357203996606,0.03417873469120948,0
23.052,18.292515931287873,19.262784545762408,0.798053264127125,0.9991834605041019,0.03282581895274164,-0.0022060172168412526,-0.023452320848221145,0.4237394943482282,-0.024961189324281496,0.02727944187373186,0
23.102,18.313981572860307,19.262493543627432,0.799275023290242,0.9994818749036095,0.026300565156065957,-0.003360693489182506,-0.0182474039498465,0.43346562437571173,0.012353811904421674,0.01969459979877084,0
23.152,18.335933224970184,19.26401710714334,0.7999941621000048,0.9997366091427349,0.018696365910679257,-0.0032284693147230435,-0.012912599560324436,0.444206443452214,0.0482333767813841,0.00464284334039288,0
23.202,18.358270310645015,19.267490144237712,0.7988572076463278,0.9999082953916409,0.0099893080281901,-0.0024455323968438367,-0.008811010350569276,0.45584550463451645,0.09197614888009019,-0.04382017881825391,0
23.252,18.37969106603976,19.272241450278266,0.8017214904732696,0.9999569979358772,0.004800881705328495,0.0004650544973318866,-0.00792070314011702,0.38620696588497544,0.07709494186246894,0.12413846492403097,0
23.302,18.397961369841287,19.2741425921895,0.807473864162611,0.999947329389493,-0.0037700694095407026,0.006023810887015214,-0.007405317404786284,0.373677107476968,-0.005567402838495286,0.10361405260330493,0
23.352,18.41729527019227,19.27291367641196,0.8119685106080474,0.9998634026538368,-0.01411605058544579,0.005714435963092471,-0.0064232679364648,0.39705629599556325,-0.038083531264374366,0.07560868863330307,0
23.402,18.437137127908617,19.27054999818495,0.8146032175613948,0.9997600004678812,-0.020777075572762826,0.004507300868312882,-0.005285719817383827,0.3954417772466027,-0.05588011523231871,0.030680664549130977,0
23.452,18.457020209057376,19.26734175509088,0.815248697214588,0.9997418419022507,-0.021389142310436236,0.005453484383544233,-0.005386431954203174,0.4020083511792392,-0.0729075566419104,-0.0021751711577800074,0
23.502,18.477595052157337,19.26305016293176,0.8143366573776811,0.9998059453577942,-0.01655478693170935,0.008390111408414551,-0.006604293104263474,0.4209565043380964,-0.09897879941361326,-0.0355451466198199,0
23.552,18.499265800901565,19.257446785705028,0.8113281162065238,0.9998695029988455,-0.007181797129512042,0.01219658478914909,-0.00778730263398508,0.4440064340408242,-0.12269188132360768,-0.08732316118457126,0
23.602,18.522260687944392,19.251350807892933,0.8043376947923669,0.999843716145946,0.011637841450393125,0.012780010235712281,-0.0037115048450377403,0.48024883540874513,-0.10996240675693594,-0.21513619941214726,0
23.652,18.54494164574851,19.246183645294458,0.793353753758914,0.9993383321897925,0.035080817840075725,0.009436986270314664,0.0017825055197776534,0.40277933345674216,-0.1081957865054077,-0.09582443509324488,0
23.702,18.56524324435228,19.24132289375164,0.7928709486264238,0.9991154548692046,0.0409214001440579,0.008987150454798906,0.0036024961420085965,0.4135819626698685,-0.08075065227666672,0.03634740861948924,0
23.752,18.586074613084175,19.238168520139272,0.7950910802351551,0.9991051186619776,0.041567674552410346,0.005327544455597828,0.005719052877189132,0.4172874641706428,-0.0477523958159047,0.043130655562877505,0
23.802,18.60698497360897,19.236589595151372,0.796921890993103,0.999184719074525,0.039484679370735874,0.0014408520187349154,0.008293443700416746,0.4198756554496106,-0.016377115498240225,0.031052064131208743,0
23.852,18.628030697877517,19.23651274890518,0.7983363650809379,0.9993121049021256,0.03525296761456339,-0.001261003584128241,0.011443563274147407,0.423561878418902,0.012727205727408888,0.027014913242128794,0
23.902,18.649411938048917,19.237998521518897,0.799598338450212,0.9994517717094809,0.029428141958083312,-0.0027738744339857405,0.014914627326875072,0.4304058622077528,0.045820525424248686,0.021345627082525572,0
23.952,18.671137778401718,19.24108592139883,0.8004320402560166,0.9995731754665267,0.02230163243482686,-0.0030150314333366028,0.018628302766567257,0.4381865954867767,0.07737273024954351,0.007566634435933979,0
24.002,18.693054497043725,19.245865570623398,0.7994620529852114,0.9996661784559593,0.013825846681310518,-0.0024072881386663653,0.021692915401625,0.4440481647593641,0.11478799505941266,-0.044216254178415376,0
24.052,18.714095488406073,19.25175199828166,0.8021048537766468,0.9997352408240038,0.008133931443758267,0.0002231266765652551,0.021522955845481424,0.38261234567352687,0.09791348019918278,0.12386261039068582,0
24.102,18.732280990026336,19.254770101814533,0.8078946394164613,0.9997641781538497,-0.0008044908618021312,0.005363240671696752,0.02102799382508822,0.3744176657611728,0.017646932052904046,0.10567681849326342,0
24.152,18.751631773192493,19.254707584044457,0.8124022653245632,0.9996981190322604,-0.011671802133609415,0.004957160149821284,0.02104439121390376,0.3980592389775747,-0.013631696280424748,0.07459760656274166,0
24.202,18.771570044633478,19.2536049828459,0.8149604442017132,0.9995910254273542,-0.018782303048033556,0.0037378272861280115,0.021237599310709777,0.3983859747497056,-0.030073727481409972,0.028954531001377015,0
24.252,18.79163900278469,19.251710500202368,0.8155174336042228,0.9995864058706377,-0.01976781284368889,0.004878096826705481,0.02030898681244137,0.4067635250009231,-0.04614454040683791,-0.003989950840448099,0
24.302,18.812519604812916,19.24876572205098,0.8144983058197893,0.9996828880825339,-0.015348311163813718,0.008170894204394931,0.018215079118275072,0.42834832896937897,-0.07199253243138883,-0.03804677132657917,0
24.352,18.834615301094153,19.244510503397024,0.811355175205012,0.9997697004494707,-0.006482567296011702,0.012381103828331323,0.01628590348800073,0.4535324288364581,-0.09592117990981976,-0.08969848421852024,0
24.402,18.858127627911156,19.23977119889821,0.8043463543686508,0.9996457123427495,0.01195024070816273,0.013448876397155087,0.01961553632781748,0.49081109611479024,-0.0824042342473358,-0.2133902894606962,0
24.452,18.881316881232394,19.23590929348108,0.7933779919880228,0.9990124724617148,0.0353153310522256,0.0107024611837122,0.024746001358061605,0.41221544645857505,-0.08416054255548207,-0.09642760164234308,0
24.502,18.902068912024593,19.232215768139053,0.7928590865353642,0.9987594070720095,0.04109427333098674,0.010448707490625717,0.0261099980149587,0.42188221817544186,-0.05751918417936383,0.03563499034704137,0
24.552,18.923262191951444,19.230215313260043,0.7950401350443734,0.9987179117067031,0.04179065936347379,0.006835210833447696,0.027737222626473237,0.4235036162303638,-0.024881822198924018,0.04220913967343947,0
24.602,18.9444268578316,19.22976964658637,0.7968216628110976,0.9987592767482105,0.039776045079759736,0.0029127419074167805,0.029820953737028897,0.423917707524923,0.0060085673969183994,0.03007023666630477,0
24.652,18.965619800118745,19.23079955767602,0.7981918709138768,0.9988380987873664,0.03557278273197215,9.837503039918518e-05,0.032511841871821476,0.42547569667790075,0.03479521707559325,0.026252842147071593,0
24.702,18.987039535587154,19.233385203080893,0.7994224408606989,0.9989236568777115,0.029735804027160105,-0.0015764935443606939,0.03556436920604883,0.4301137608438498,0.06768968530490399,0.020804831537573062,0
24.752,19.008702897572864,19.237564953457014,0.8002267814016748,0.9989871156707588,0.022552027529317804,-0.0020065512549451068,0.038886019726855736,0.4360425823580302,0.09923953359723924,0.006818606291147835,0
24.802,19.030461330157763,19.243430440932165,0.799187847299422,0.9990380398205698,0.01398418091579916,-0.0016252438866360898,0.04153066647549334,0.4399887572641257,0.1363069879507702,-0.04599225576724803,0
24.852,19.051208960080704,19.25028678954297,0.801944869561517,0.9991219724912309,0.008134615284768717,0.0009448739866925216,0.04108794631701591,0.3769566564787489,0.1150028136048968,0.1249082848883996,0
24.902,19.069289522077202,19.254088426553686,0.8077578796849493,0.9991776088672624,-0.000936658592473873,0.005725165187774344,0.040130426020083,0.37503512626602753,0.03441258561073677,0.10650156115401925,0
24.952,19.08872583267311,19.25488136049496,0.8123117512932335,0.9991294848831725,-0.011753433590739168,0.004811021878747454,0.039736422893812684,0.39990755963246744,0.003484793639345872,0.07524715963819874,0
25.002,19.108770861221927,19.254627889053502,0.8148979318486532,0.9990334250583905,-0.018729114617299016,0.0033785087406425465,0.039623497579616945,0.40095498830666165,-0.013174298222834259,0.02954891109583738,0
25.052,19.129002162517494,19.253571385756842,0.8154950555238708,0.9990605945039861,-0.019629077026710757,0.004482567807872767,0.03837361633034335,0.41061042165654016,-0.02922208870978648,-0.0030215806778521193,0
25.102,19.15010878616821,19.25148386908986,0.8145229531494261,0.9992071514965334,-0.015185682465768466,0.007848033014728478,0.035956526862740534,0.43348164472104156,-0.05456027899354521,-0.03716355477525689,0
25.152,19.17249283033716,19.24811192654081,0.8114059776800518,0.9993356195550565,-0.006351094545615962,0.012189650589126312,0.033754933048340395,0.4597044962923547,-0.07807297517467572,-0.08977382804207133,0
25.202,19.196297155727542,19.24428817528366,0.8043732022930211,0.9991551358303224,0.012104758015346606,0.013563771546367382,0.03685801783488279,0.4958819387035625,-0.0633914559542322,-0.21410307094826594,0
25.252,19.219696609681964,19.241310667616553,0.7934000579353566,0.9984271338000574,0.03552947525556579,0.011290197034041796,0.04187417259837913,0.4162121593888005,-0.06877668066301794,-0.095857755133109,0
25.302,19.24064120656368,19.23838307496338,0.7928991371375437,0.9981510304862795,0.04126697849840146,0.011155225931317514,0.043210158055859885,0.42537276766091475,-0.04211685767788225,0.03584140060237211,0
25.352,19.26197800594586,19.23714988718624,0.7950812967736046,0.9980835133400249,0.042004504475855714,0.007530116817737373,0.044813160380438574,0.4258278462737125,-0.009666105223635132,0.042106654848569736,0
25.402,19.283228196813013,19.237451845249726,0.7968535805856825,0.998089286428629,0.04004719167296829,0.003563306113463186,0.046918030702918535,0.425030054796024,0.02081581889966855,0.029831574532530054,0
25.452,19.304446540327458,19.23921682069,0.7982125866580035,0.9981205385514622,0.035886940268087336,0.000683504565099821,0.04966941575500066,0.425388221114666,0.04945717033226648,0.026058196054194984,0
25.502,19.325825922022233,19.24253569649081,0.7994351544228036,0.9981512685575363,0.03007597643007738,-0.0010668243946665057,0.05280475929752116,0.42862197519583894,0.08232738143130602,0.02067143352525292,0
25.552,19.347381433412902,19.247450356282208,0.8002337523165257,0.998155706016353,0.022907311334975165,-0.001581886087515786,0.05619554493732861,0.4332187781485949,0.11399177525761563,0.006713112122233035,0
25.602,19.36895938125667,19.254050606230162,0.7991902053017177,0.9981634190859201,0.014344420195742693,-0.0012993956394165777,0.05884163474042149,0.4356353490592735,0.15105146494247756,-0.04610600664161061,0
25.652,19.389486380408346,19.2615965801696,0.8019444161004541,0.998260138386645,0.008365528658346343,0.001199314795464794,0.05835474001795228,0.3734327293892916,0.12757295220252104,0.12531063537899373,0
25.702,19.407446675662765,19.26601172455848,0.807777113406192,0.998336300571935,-0.0008778969436477079,0.005813606102753417,0.05735906416061076,0.37381825312592,0.04726465750570776,0.10667518890872635,0
25.752,19.426842420079122,19.267476860582782,0.81233140681507,0.9982987102234091,-0.011745805200776054,0.004702959851438659,0.05691751395747156,0.3994018179974584,0.01738757414742813,0.075178246089002,0
25.802,19.446871506732816,19.2679104181422,0.8149146916120977,0.9982050315700565,-0.01874821848988959,0.0031272455308950895,0.056792953674442044,0.4008313930964492,0.0004428028112742413,0.029534544390799968,0
25.852,19.4671094282567,19.26754193549319,0.8155127618097431,0.9982526285632989,-0.01969715886012037,0.004189408053418021,0.05555322096391797,0.41099824230043625,-0.015263406834819792,-0.0029755231403804285,0
25.902,19.488256736617796,19.266171440098613,0.8145455739352702,0.9984376665864568,-0.01532765049176248,0.0076070337298086484,0.05319231250497848,0.4347432572395671,-0.03984664329013345,-0.03700915235714,0
25.952,19.51072585856208,19.263557254440457,0.811435182755409,0.9985987956825765,-0.006581650037094338,0.01208313538051095,0.05109916812897545,0.46172863341194625,-0.06244034508871385,-0.08956903320758339,0
26.002,19.534621461890154,19.260540386744722,0.8044043600671501,0.9983571939899493,0.011832559741196505,0.013782271195334494,0.05434107782500448,0.49709308674034464,-0.046635217076085284,-0.21417971275856615,0
26.052,19.55807753714546,19.258354824346995,0.7934358588505059,0.9975297713927506,0.03525301694684837,0.011937099394666011,0.059574202800484165,0.41804712523071225,-0.05471729430177323,-0.09578169148481723,0
26.102,19.579104990472043,19.256138747193873,0.7929319386669476,0.997207565962965,0.040967734326732286,0.011865844398137105,0.06130185043758012,0.42654040439382823,-0.027622859711755533,0.0357020171697127,0
26.152,19.600470614331243,19.255637966259258,0.7951097746697096,0.9970770917438007,0.04173619644047893,0.008223383156693017,0.06346447034257427,0.42586421923218837,0.004940901504485115,0.04206454298300599,0
26.202,19.621653952455564,19.25666938350183,0.7968653990427926,0.9969998439171881,0.03982024941647031,0.004328181256949424,0.0662338720936498,0.4220872763292583,0.03535922325996445,0.029036951121904797,0
26.252,19.642585930507288,19.259141454430182,0.7981318218596497,0.9969314436517392,0.03567396502454052,0.0017929380312132483,0.06965522414795387,0.41663562087647515,0.06320001192139602,0.02321328686987776,0
26.302,19.663317811924994,19.26312044571701,0.799177747994602,0.9968529355522534,0.029839740490773384,0.0006735023820366925,0.07343950682595844,0.4116886344450934,0.09494308689726534,0.016879476003232363,0
26.352,19.683788359385268,19.26865705889442,0.7997977956736367,0.9967512487486047,0.022659602829207513,0.0008738290838104606,0.07728341957012651,0.40717176731685756,0.12616316683570916,0.0036996470332129397,0
26.402,19.703905205608407,19.27585951268003,0.798752736508287,0.9967081990555889,0.014071126432906422,0.0018003310171599077,0.07982185254992855,0.4048709301066947,0.1640138964055356,-0.0365301695924949,0
26.452,19.72268813243596,19.28382471406741,0.8022548624770025,0.9967630289097213,0.008047106249014276,0.004999338993371464,0.079835549032774,0.3381669358297767,0.13281959505619545,0.135047159243224,0
26.502,19.738753424117952,19.288364828469955,0.8082921558037185,0.9967873051908951,-0.0017354855463932969,0.009905677893324376,0.07946026582931537,0.3319334499418935,0.04946222522981197,0.10669979170057178,0
26.552,19.755814321993043,19.290014591338263,0.8127756760818059,0.9966987172246492,-0.012855067149202084,0.008918570315242631,0.07966726702266679,0.34714591449850574,0.021292461159513016,0.07240251648386001,0
26.602,19.77290921131052,19.290580040492003,0.8152045109330416,0.9965248231260022,-0.019868900475010633,0.007624252704343719,0.08053182264363029,0.33661464330323143,0.0018777802514522196,0.02716633341039424,0
26.652,19.78961761990062,19.290177444878864,0.8157295826923455,0.9964846131397004,-0.020904997623848006,0.009043662352729544,0.08062015270029436,0.3345640506119401,-0.01820398726663315,-0.0029546833871386628,0
26.702,19.80666843943269,19.288583020449146,0.8149572262335749,0.9965569758572462,-0.016622575836701865,0.012911096556687608,0.08019468454029592,0.3486209304945331,-0.04540732647190886,-0.028462546376926554,0
26.752,19.824680737376234,19.285643666134845,0.8124118030892947,0.9966130879508516,-0.007785182364509575,0.0177614326952,0.07991417502066864,0.37050137587108045,-0.0697528513461573,-0.08001018637295329,0
26.802,19.843790916310507,19.282190227018607,0.8052540845995823,0.9961201973166645,0.00985690013861412,0.02005824899989371,0.08511792211118864,0.3958728322704631,-0.055602953820215434,-0.2273952192203989,0
26.852,19.86189470322435,19.27951445244613,0.794838420226074,0.9952398687823082,0.030959991439599183,0.01963537664934981,0.09029692408976392,0.3094296870687926,-0.06376853019569659,-0.07142476925630842,0
26.902,19.877299457809723,19.277199010554135,0.7947148889145497,0.9947444917481079,0.036025176794571,0.020477937969991433,0.09362818395236414,0.3086800406996848,-0.02827340080255572,0.03398047037190731,0
26.952,19.892504177725403,19.27673336436236,0.7966386901511369,0.9943599808401186,0.036739778667466534,0.017934048197125414,0.09786106009219048,0.2971927407648842,0.006613504132736981,0.035430106950179764,0
27.002,19.906933408296382,19.27785401144903,0.7980500702926079,0.9939609051892537,0.034815108054558376,0.014800185252495138,0.10300767798082083,0.28023202745103715,0.036677194759542724,0.021976623209694138,0
27.052,19.92016185784916,19.27996338317981,0.7990690529322793,0.9930453972890356,0.029488592409706974,0.012821885833519599,0.11325573311946548,0.24922079521903884,0.04592918263510599,0.01881713330449148,0
27.102,19.93208748111839,19.283065545555594,0.7998945935645556,0.9912709718658886,0.021964040916019206,0.011758264940161516,0.12946499313826976,0.22661010451434402,0.077123138815977,0.014526809666236859,0
27.152,19.943041248924057,19.287827774901512,0.8007060102145239,0.9889669035920354,0.013020305788522835,0.011089869782303816,0.14714601600099544,0.20993124405328928,0.11322126115992613,0.011734419309916831,0
27.202,19.953072942406997,19.29473879837291,0.8014354997360377,0.9864955908520571,0.004446588906861508,0.010904193445571963,0.16336393617272094,0.1891037904407356,0.16609722511658653,0.04767183652165846,0
27.252,19.961754560729347,19.303229795271697,0.8052761543375245,0.9841732319450966,0.00321632683308944,0.012888572617359678,0.17671046788555395,0.15210626283716217,0.15290628965321157,0.08536503897451467,0
27.302,19.968192702781398,19.308472159077386,0.8088320478950385,0.9817742389919516,-0.0031530322358818076,0.017051996239010235,0.18925810805288767,0.1277237760419332,0.06135609197245384,0.0577655822885971,0
27.352,19.975598960359477,19.309574589010275,0.8115131608484395,0.9788005816827889,-0.010968918407737626,0.01865923347597574,0.20366869453228983,0.17599779803447047,0.004125988578687966,0.05756427930115814,0
27.402,19.985225541623937,19.309185252902036,0.8141523461404285,0.9756500046026759,-0.016851434223169922,0.016556147096085945,0.21805731282566984,0.200150022909742,-0.01762064677278826,0.042274285001047886,0
27.452,19.99523818195843,19.307746012788535,0.8155179060912991,0.9724503956244526,-0.018270283657305597,0.016164413920330703,0.23182997327252228,0.20109164187774042,-0.03881841855016519,0.013627290338197791,0
27.502,20.005478798631447,19.305239414335745,0.815411460277838,0.9694269947646478,-0.014380828565301028,0.018329276062123513,0.24427142941899155,0.20886362517650592,-0.06126119770322047,-0.018569306673007584,0
27.552,20.01623863133493,19.301680846509637,0.8132050877490304,0.966345620064926,-0.005231893108869077,0.02262981315283111,0.2561965289235946,0.2207662025839077,-0.07757821735439642,-0.07979660728871014,0
27.602,20.027378149428557,19.298219020804613,0.804739777328239,0.9620512818930851,0.012634145895889187,0.026828962077860792,0.2712524952128113,0.22002000270037173,-0.059431185192198116,-0.2671668117890433,0
27.652,20.037430866725295,19.294700868262822,0.7990440849119346,0.9591148116226922,0.02446785472815306,0.02761006814828705,0.28060254159186704,0.18952101799513812,-0.0688045247442752,-0.009231931770484833,0
27.702,20.046590924440036,19.292696554844014,0.8005266541666579,0.9554010191830529,0.0271650836186217,0.025051199109022322,0.2929904233915767,0.17482834543834075,-0.013678488509794296,0.050698330081645315,0
27.752,20.05476576572167,19.292972751421104,0.8031876668769626,0.9510935405095782,0.02795106406032478,0.02132106661219832,0.30689611815298123,0.15359097243789518,0.02243146592228825,0.052742108120108815,0
27.802,20.061954436969632,19.294977858372206,0.8056996814775305,0.9461293582601144,0.027097793953508573,0.017400572389303415,0.322183437007057,0.13459807997534465,0.05648734051966693,0.04755879928570099,0
27.852,20.0683130747337,19.29865658985583,0.8081222794402707,0.9404517903132948,0.024322271435872383,0.013181300257230966,0.33879951377215434,0.12020407149240257,0.09011916268005447,0.048433774074975504,0
27.902,20.073814125905777,19.304091931782075,0.8102502086271903,0.9342650123123505,0.019675194892767117,0.008798991103056476,0.355927452201294,0.09850133906722092,0.12485412511294952,0.03280244799507473,0
27.952,20.078316386377622,19.31123098328261,0.8112574899527282,0.9278865355794647,0.012981092685870756,0.004265199702216786,0.372612233286189,0.0810415437373626,0.15859203174823114,0.003430263976984984,0
28.002,20.08183589456908,19.319758559420766,0.8098201620629533,0.9218050823790613,0.0026682977946900204,-0.001626034173838759,0.3876411050183892,0.06220179023285817,0.17647537627684134,-0.06874732493765669,0
28.052,20.084576883280047,19.328434403977866,0.8071505175848912,0.916645624261575,-0.010180708561875525,-0.008152814401294218,0.3994880277462952,0.03585770262247866,0.14944337816772113,0.007238926431287312,0
28.102,20.08687934019712,19.334402006889512,0.8092044938401844,0.910245080138803,-0.01773650426626706,-0.00731057558129541,0.4136252724195994,0.07771729752959149,0.10479538630923455,0.057379024736335334,0
28.152,20.092468978788133,19.339662582261536,0.8123874156511985,0.9044445122915429,-0.024014685960152958,-0.008495823724375798,0.4258300600276994,0.1432683277441709,0.10936933063947941,0.07046276774595779,0
28.202,20.10088836084467,19.345383270133734,0.8158529102242511,0.8984128662833168,-0.02787974020930781,-0.010614462027689332,0.43813739280997155,0.18895752025535867,0.11859541566655575,0.06279875697457662,0
28.252,20.111171082868875,19.351559060879122,0.8182918629050199,0.8922575424952132,-0.0276599517739152,-0.01112963403406439,0.45054138120103376,0.2205306872680003,0.1285153250749244,0.034478467943865124,0
28.302,20.12293030018079,19.358296412875745,0.8191596813773444,0.8863654118342839,-0.023142488003326127,-0.008833176872340356,0.4623232169588705,0.24777741441386295,0.14014015910300034,0.00038121705124926687,0
28.352,20.135918744351173,19.365590129355017,0.818221373674209,0.8807916873836141,-0.01473888101278635,-0.0030533743212528253,0.473264667736428,0.26957160525169993,0.15091332581183492,-0.04185474333988969,0
28.402,20.14952571899792,19.37350219947638,0.8134837541144515,0.8749814173030322,-0.00123434510191003,0.005978374265658135,0.484118017437573,0.2660693418716719,0.16396470060150473,-0.16056016445035368,0
28.452,20.162584482402078,19.38152858280072,0.8084623886833745,0.8692515139739052,0.010801005004441692,0.011860526006720124,0.4941097769401163,0.25469698807996,0.1585892122768579,-0.028309952847774076,0
28.502,20.174571643380844,19.390433671010143,0.809292762146509,0.8622416535455836,0.013983938173324068,0.011536015753696864,0.5061725997174028,0.2278373586076047,0.20334537455362636,0.04493119729558552,0
28.552,20.185086038713894,19.401552297397505,0.8117572609935975,0.8543425161109766,0.015009579315884633,0.009269127745340583,0.5194108787508859,0.19694042984232502,0.2400895517131757,0.048569498748266646,0
28.602,20.194219701564595,19.41444332878847,0.8138719368664644,0.8456897792883783,0.014818053891461768,0.00749778938896235,0.5334163529929716,0.1685663648596828,0.2736766999231707,0.03567138433871338,0
28.652,20.20195753654142,19.429018670712868,0.815530772958415,0.8360554339356323,0.013168920967738128,0.005961230331069619,0.5484545146502009,0.14044530426748542,0.30844372854708857,0.031057761368655457,0
28.702,20.208014641267937,19.445341897275288,0.8167871104524346,0.8258606398388917,0.010063010711069024,0.004562030872798815,0.5637660217276688,0.10183330470631652,0.3417821829285166,0.015949749251326306,0
28.752,20.212198891707544,19.46323666329408,0.8169198873544976,0.8163187282345041,0.005157224960187139,0.0030378729273181763,0.5775706954931066,0.06612790841978025,0.37183387985795197,-0.015015271359283839,0
28.802,20.214517160032106,19.48234355573683,0.8143541784450299,0.8085749462518843,-0.0027266996624143573,-0.0005570046123584119,0.5883866170712733,0.030729327884641486,0.38824026359660185,-0.0973866386537565,0
28.852,20.216182652456517,19.50135734183722,0.8082954779382646,0.8043444542962245,-0.01670251522098915,-0.010304252147829525,0.5938390751844106,0.03063734521145798,0.3374517530392945,-0.0525496090905523,0
28.902,20.21781249219348,19.51675388433591,0.808495570964449,0.7977384406059688,-0.02606166415170903,-0.01226684251513193,0.6023152784181299,0.05020407183390046,0.3099930738956024,0.021682584088281606,0
28.952,20.22166549946783,19.532648245688662,0.8100031486066847,0.7914729725789853,-0.029971246568349402,-0.016134062102209266,0.6102556432317573,0.1009765577510553,0.327924242199684,0.04112416497064319,0
29.002,20.227704525736275,19.5494195407541,0.8121993923624578,0.785350731262687,-0.03139891521277518,-0.020756232100074077,0.6179057499794214,0.136540336672779,0.3420705648899436,0.041710220748892246,0
29.052,20.235094582105287,19.566799214994408,0.8139032622940456,0.7801478309976928,-0.02959285168386371,-0.022408391458235817,0.6244929854778726,0.15738034505911008,0.3530691933317731,0.026162223929690788,0
29.102,20.243407175047693,19.584736050380823,0.8146590081151458,0.7762791996102114,-0.025233472056039524,-0.01955581503975544,0.6295803731364699,0.1740840223894418,0.36284506929740573,0.002584934755715843,0
29.152,20.252528917860943,19.603061039305384,0.8140220344077792,0.7732468286343231,-0.019408161480029378,-0.012266572977925513,0.6336893532814828,0.1904861896553094,0.3689769031623294,-0.03288859047156402,0
29.202,20.262236519568155,19.621499241411954,0.8102613924807973,0.7692704514969035,-0.010745188102070346,-0.0013031126473748245,0.638831601663404,0.19078462908211358,0.3691403693784704,-0.12596728099573443,0
29.252,20.271280398491193,19.6394841242497,0.8045543311118594,0.7637880020794813,0.003348613792677297,0.009784368786519502,0.6453843357198498,0.17275118230896688,0.3408641717028105,-0.02793196223295387,0
29.302,20.27909897046668,19.65648378618355,0.8060744198154296,0.7594913122114394,0.00952811034808616,0.012077112708991877,0.6503355327345688,0.13838172794931822,0.3511390782455487,0.059005214013424796,0
29.352,20.284943725250702,19.674489868054458,0.8093968181095854,0.7541817986422075,0.01419764550943333,0.01096151536015045,0.6564206628678013,0.09799087858692232,0.3683873505222087,0.06629962155280926,0
29.402,20.288884543578654,19.693313718175517,0.8122910953334229,0.7488171183226805,0.016915507526767067,0.009579880421894327,0.6624915205518721,0.06133555099358094,0.3841442707461542,0.0491826305108223,0
29.452,20.291078325710323,19.7129491409483,0.8144629179349214,0.7433337314510535,0.017305932214485075,0.007991682733445617,0.6686490868941115,0.027178045816638182,0.4005772727084693,0.03868376183022827,0
29.502,20.29143090274955,19.733370547016275,0.8160662966894583,0.7377815162302663,0.015348170415147222,0.0061042912981542465,0.6748374660624767,-0.011907334944335525,0.41391795731309083,0.02326474839289963,0
29.552,20.28990553011112,19.75437142110994,0.8166734832635162,0.7324341526547357,0.0108976945263301,0.0038194680673366895,0.6807399385540955,-0.04805374859813348,0.42518270966350585,-0.0034429853947043044,0
29.602,20.286558634975513,19.775655297049003,0.8146137002598061,0.7282135719071681,0.003671272426096846,-0.0002625976339244579,0.6853403873196594,-0.08103891294187267,0.4228262297920908,-0.09170068820210361,0
29.652,20.28302722571513,19.795833578533458,0.8090610892438979,0.7271052702977454,-0.008707674042196968,-0.010073693626412496,0.6863968407668692,-0.06286252217077658,0.34967104020307926,-0.04182951242023314,0
29.702,20.28076439017127,19.8132026273221,0.8091496344637648,0.724362571333381,-0.015556071686225503,-0.012882733036565064,0.6891232901843439,-0.021134794959545813,0.36346831426535803,0.022582034635424672,0
29.752,20.281022775586013,19.83208105616364,0.8108388760561396,0.7222467630347343,-0.018369709245802477,-0.01810921029635051,0.6911542690098337,0.026426917887705084,0.3893205471297766,0.04113139090550498,0
29.802,20.283246694296096,19.852027701644055,0.8128527270524737,0.7201960663896703,-0.019514323948470975,-0.022335816837132903,0.6931362985761876,0.05899062232033703,0.40759677484252993,0.03596567241236243,0
29.852,20.286747640023027,19.87272642072063,0.8142849006657304,0.7190135222209837,-0.01848584934966407,-0.02250910309236872,0.6943854610482384,0.07935921795049831,0.4203015238136751,0.021530339360605787,0
29.902,20.29120415153775,19.894064452079782,0.8148476337400429,0.71892712746446,-0.015874226023336532,-0.017854357382861695,0.6946747557427913,0.09904396456833363,0.4316811868658348,-0.0011642391177287337,0
29.952,20.296681576965423,19.91601237809061,0.8139648641182251,0.7191550872721079,-0.012153447329407447,-0.009134307801089623,0.6946832505463577,0.11982280605143261,0.44500524880008135,-0.04184793824978711,0
30.002,20.30285903071627,19.938438413643272,0.8095211386604843,0.7176929466047011,-0.004223110952345962,0.003147565497004646,0.6963397824045299,0.11771304761973171,0.4539300584665872,-0.14182700098885292,0
30.052,20.30865159245666,19.960036432463063,0.8050372662434028,0.7150152774378289,0.007900315792808825,0.014813967704712064,0.6989072072898677,0.10679419888593152,0.40027418770786133,0.00978649636902722,0
30.102,20.31311233725342,19.97989524763851,0.8072442939486723,0.7124549712632237,0.013079373176650328,0.01878721462099596,0.7013443408814307,0.07364252708632901,0.40422254327022433,0.060833035301607497,0
30.152,20.315864839552656,20.00038291335458,0.8103315675262098,0.7097083011617678,0.0176756001544006,0.0188154156105424,0.7040225000358015,0.03835851914169068,0.41350260005341327,0.05765049540822039,0
30.202,20.316906775580215,20.021242294482896,0.8127863979415423,0.7069661132136544,0.020327476924594773,0.017699082668080665,0.7067336492075109,0.004422378383920917,0.42082668602143225,0.04109933519304225,0
30.252,20.31631162790364,20.042449007432072,0.8145937457141923,0.7040370828258549,0.020540970789918796,0.015776091551496334,0.7096907562174001,-0.027455672006800234,0.4273451188024734,0.0320541072929462,0
30.302,20.31401487128055,20.063965428869377,0.8159124881343333,0.7008938154500196,0.0183749831609361,0.013244856524635534,0.7129058796456869,-0.06321613939328638,0.43181033764516896,0.01858773205976142,0
30.352,20.31001535793386,20.08569748256773,0.8163290410348838,0.697903320897454,0.013797409616846983,0.010057910688593007,0.7159884249069599,-0.09612336129229286,0.43677968220042507,-0.006803929267037091,0
30.402,20.30437013909307,20.107396151650438,0.8140835756894855,0.6959635125381503,0.006541704115342667,0.004993933288490805,0.7180299826282588,-0.12383413711411456,0.42885390788126676,-0.09489205409297165,0
30.452,20.299016950897837,20.127906634223947,0.8087378494702937,0.6967922529260314,-0.006019391865841212,-0.006385990609764976,0.71721931255911,-0.09623791515556937,0.35732372901952253,-0.03822254044203023,0
30.502,20.295044841034784,20.145955578968046,0.8089139949498855,0.6957563360046154,-0.012689858181822201,-0.010308404649616852,0.7180917944123413,-0.05528000205632019,0.37859890514410516,0.025269497950486008,0
30.552,20.293539234539004,20.16559896570881,0.8106989284879795,0.6951989262228915,-0.015702908612528613,-0.01647084132197824,0.7184570850272056,-0.00945709582472088,0.4039166466254231,0.04176344006823079,0
30.602,20.293936643322617,20.186242211315953,0.8126732662276057,0.6946614899712359,-0.017109071822725135,-0.02116264232474977,0.7188218392495748,0.021758876997947353,0.4207941290559449,0.034150889746645326,0
30.652,20.29557863125334,20.207558193818322,0.8140208862178245,0.694817974753253,-0.016458546368606365,-0.021426181964941043,0.7186779646946362,0.04183760525581261,0.4319849659062407,0.020364066167030126,0
30.702,20.298166787040543,20.229494922083003,0.8145755173047139,0.6959836157354061,-0.014269921022313425,-0.016620750377606887,0.7177234332518149,0.06211665017488577,0.4445918256942094,-0.00031418856248962386,0
30.752,20.30182508443039,20.252180741098268,0.8137536886680846,0.6975105969390781,-0.010916864987192708,-0.007796687675448551,0.7164488822503899,0.08407197662597858,0.46157066852731576,-0.04087014792159195,0
30.802,20.306247306342115,20.275503394691157,0.8093041192667162,0.6972250760643317,-0.0032556836517159305,0.004582117546963351,0.7168302435234106,0.08279215250221798,0.4719195509375604,-0.1426634057091451,0
30.852,20.31040255793238,20.29795416063558,0.8048217150997007,0.6953425372945813,0.008659629842883982,0.01666414445697503,0.7184330678144176,0.07614988235972135,0.4140517240924909,0.011973930470110805,0
30.902,20.313373487033456,20.318419667360075,0.8071394036715426,0.6936427078343577,0.013592592267458856,0.020961142080634144,0.7198858700004788,0.044836355787193735,0.41504300051594223,0.06251772429794364,0
30.952,20.314734218506576,20.33938204670587,0.8102569247142442,0.6918216361654208,0.01804720749156443,0.02113715642747567,0.7215333274723476,0.01087630599534393,0.4216214440824032,0.05739778665066021,0
31.002,20.31443762470473,20.360564671622253,0.8126698590720485,0.690094513205238,0.0206379825570917,0.020043137409984143,0.7231472250951144,-0.021639100807422564,0.42580119761809065,0.03998640152884388,0
31.052,20.31256774606103,20.38194034474241,0.8144272732400251,0.6881607272352561,0.020814126756561878,0.017987114301307675,0.7250365848269437,-0.05258706492118866,0.4293376739181648,0.03134866351176824,0
31.102,20.309050766668097,20.403490695517227,0.8157295577302394,0.6859347248348091,0.018637187828099984,0.015179511244614821,0.7272659698721162,-0.08689529626174039,0.431412349737067,0.018504117580746854,0
31.152,20.303895588389892,20.425158971823976,0.816140841013128,0.6837874263885654,0.014067702715228215,0.011575633219240669,0.7294538093455892,-0.11876211557465285,0.4346133777599721,-0.0071468046627065525,0
31.202,20.29716618713765,20.446705818449253,0.8138444179117235,0.6825564221773707,0.006853024401118681,0.006031124973421598,0.7307758836555421,-0.1440188930424803,0.42531440457975034,-0.09624013335455069,0
31.252,20.2908657492423,20.4669864049472,0.8085839362762283,0.683860935881619,-0.005503958103123409,-0.005722749452090024,0.7295691721550627,-0.1149943191596768,0.35459833831632354,-0.033238088640776146,0
31.302,20.286024175583645,20.485081602752114,0.8089306271204908,0.6835206482175491,-0.011912661005118482,-0.010121342375293788,0.7297637771200765,-0.07192004601622119,0.3801869097688931,0.028083731817218474,0
31.352,20.283662114343873,20.5048152818935,0.8107941237201701,0.6835265169152097,-0.014973432110334955,-0.01654886811952058,0.7295844241542997,-0.026753176396600038,0.4056655684876433,0.04228577371412367,0
31.402,20.283190714021625,20.52556157751694,0.8127671076544105,0.6834932713581516,-0.01641383988332175,-0.021233173476149256,0.7294632864048393,0.004336096640063507,0.4231735002005542,0.03384603991364827,0
31.452,20.283953509416296,20.547017252135447,0.8141070465426837,0.6842243555987703,-0.01577603881431868,-0.021366762736283792,0.7287877669493003,0.024210033350327138,0.435213484336639,0.02032392838429754,0
31.502,20.285670480302258,20.56914309439901,0.8146685863216696,0.6859993225980452,-0.013647363164970791,-0.016422909166407554,0.727288778222363,0.04497248877723887,0.44898268262304203,-6.929142111758934e-05,0
31.552,20.288477906158725,20.592093384173825,0.8138634731768983,0.6881135803909927,-0.01039381187400236,-0.00751685117627526,0.7254896044083683,0.06717390211061167,0.4677209140817096,-0.04055209879769316,0
31.602,20.292078170399034,20.615749060657837,0.8094120339312668,0.6882948153115112,-0.002862743157326529,0.0049140437663090526,0.7254087841284879,0.06654427139895604,0.47857836444630186,-0.14286377531414018,0
31.652,20.295460113459285,20.638510316937644,0.8049200524918466,0.6866913326712363,0.008972161112678711,0.017267821400007675,0.7266886102749008,0.06178027701447589,0.4187478592429408,0.012664051441312007,0
31.702,20.297748253499076,20.659179038229368,0.8072509200000691,0.6853947546955869,0.013810359023834581,0.021775460852088233,0.7277150084504845,0.03167263399217609,0.4187382636804962,0.0622533494403797,0
31.752,20.298484981111045,20.680300898905067,0.8103368572446522,0.683961164351669,0.018213319029283248,0.022088097046142428,0.7289564572987388,-0.0010700375412103294,0.42436585553801764,0.05653457005788514,0
31.802,20.297615128652588,20.70159151697497,0.8126987520919359,0.6826377198168426,0.020770022067513074,0.021052649849814035,0.7301582948928803,-0.03277742635873519,0.427412428751695,0.0388993924698309,0
31.852,20.295200146949835,20.723015776950987,0.8144090658887205,0.6811156275333498,0.020945646337941968,0.018998334398331217,0.731629581905644,-0.06321318089277157,0.429786952001236,0.03065260316177348,0
31.902,20.291173214125216,20.74456307412275,0.8156876338350093,0.6792874613312851,0.018782672227570175,0.016116678080983014,0.7334548444108365,-0.09671452840684232,0.4309200452296506,0.018184317686390287,0
31.952,20.285542771729798,20.766186671120938,0.8160834202508127,0.6775113185952469,0.014237591453272365,0.01238398065056401,0.7352702504441395,-0.12797587805094654,0.4333081609343675,-0.007534730287759115,0
32.002,20.27837861488275,20.78765102068783,0.8137632632766827,0.6765996949977655,0.007055115620012052,0.006678547727617805,0.736286951583938,-0.15190513434544883,0.42352446742288763,-0.09636901581703738,0
32.052,20.27174347214993,20.807857972308735,0.8087535918540211,0.6780342031043357,-0.005165476336313678,-0.005035126422173469,0.7349949556131664,-0.11926666923192417,0.3528947550711344,-0.028976652244149838,0
32.102000000000004,20.26667182919427,20.825939855830057,0.8091653817605479,0.6779657711879762,-0.011564682326401843,-0.009503691120863174,0.7349410527894475,-0.07657545944505918,0.3806270644753478,0.028794182843494838,0
32.152,20.264052457505777,20.84573296378736,0.8110352575327137,0.6781880357019907,-0.01453325756428823,-0.016089213541798836,0.7345685195152679,-0.03211249869451219,0.40690559997642756,0.04151254355175442,0
32.202,20.26330245950644,20.866539202411374,0.8129306816264795,0.6783950311045663,-0.015930297408754658,-0.020773087866088086,0.7342308126315678,-0.0013121038279295218,0.42428691921398687,0.03179529838542472,0
32.252,20.263780973449247,20.888052555354662,0.8141677747509873,0.6794179088026693,-0.015333297863177863,-0.020760409579312782,0.7332974843601653,0.018288516378331957,0.4364717677858452,0.018366953113577573,0
32.302,20.265215598964744,20.910263121253873,0.8146342668474713,0.681499233316447,-0.01327541615734223,-0.015623716456111485,0.7315315835963913,0.0396464739777656,0.45120890357108856,-0.0018471966471929103,0
32.352000000000004,20.26777026597774,20.93335743473285,0.813715225249341,0.6838757663291073,-0.01006868114236253,-0.0065942895266146535,0.7294991934426456,0.06227102103150671,0.4710930386376379,-0.04364387437954072,0
32.402,20.271106710356182,20.95720487183891,0.8090779600712755,0.6841462813428383,-0.0023397911703374645,0.006009237836872582,0.7293163100895704,0.06067150790815779,0.48308897856520977,-0.1472586427551435,0
32.452,20.274285167192257,20.98000913800124,0.8047955305406951,0.6830850152104644,0.009111088546663964,0.01823612552035513,0.73005430879245,0.05777756141493979,0.418708940247922,0.018621746977991425,0
32.502,20.276316582812246,21.000715334159008,0.8072863730573755,0.6819068258984607,0.013877560854145366,0.022789310139667597,0.7309522155662332,0.02649473934040819,0.4194986124245698,0.06403007323462215,0
32.552,20.276813279330256,21.021896672458777,0.8104238503837441,0.6806306318213659,0.018387417049580593,0.023033553592534874,0.7320336749969866,-0.00552431769216234,0.4253453444290822,0.05695415266386426,0
32.602000000000004,20.27573273077381,21.04322357761583,0.8127954865984364,0.6794464889222402,0.021014825545279028,0.02183688147754195,0.7330988994711956,-0.03679940988658092,0.4278773529232196,0.03899155598214812,0
32.652,20.273125817807998,21.064652448008623,0.8145054589479911,0.6780625795944691,0.021213711894278064,0.019611968710944387,0.7344361696326253,-0.06683349415382969,0.4296120414423612,0.030603783670779466,0
32.702,20.26892950796564,21.08617894097759,0.8157843413935084,0.6763675549131757,0.019041919485762487,0.016563597252516663,0.7361317702756257,-0.09991600309282392,0.4303529045275486,0.01831688729730523,0
32.752,20.263144553800238,21.107772623719036,0.8161985031611431,0.6746991738971527,0.014501066754932948,0.012667326281660245,0.7378416379212698,-0.13097511109060758,0.432707783207122,-0.0069086474962091905,0
32.802,20.255830735810502,21.129201923413977,0.8139107170412752,0.6738744363689577,0.00736579612317669,0.006842510980902754,0.7387774828047804,-0.15508077786469088,0.42260112807332745,-0.09631764355164638,0
32.852000000000004,20.249036219388216,21.149416131825845,0.8087091284890217,0.6755781382024041,-0.004822639721315567,-0.005117039998049543,0.7372548658576283,-0.12335858617471467,0.3536080664294148,-0.03365509646852298,0
32.902,20.243752634516063,21.16751457083253,0.809067550789965,0.675636964836694,-0.01118128164166115,-0.009511267625570212,0.7370883301716722,-0.08045955671730981,0.38111519576439656,0.02882980498701418,0
32.952,20.240970464770168,21.18733446687607,0.8109616832786772,0.6759774862050769,-0.014256016702064365,-0.016015725047321867,0.7366102773399673,-0.035065443746367546,0.40779530457731195,0.042299271689084164,0
33.002,20.240076221308318,21.208192051642843,0.8128917226164497,0.6762577885784481,-0.0157766745054492,-0.020709046347513412,0.7362048867862204,-0.004263459136910151,0.42529465645894365,0.032257600674201574,0
33.052,20.240402342502417,21.229744283696288,0.8141333212587895,0.6773520761589554,-0.015296366220582827,-0.020724761089945046,0.7352079096292159,0.015080472422307803,0.4370150168558105,0.01823335829640192,0
33.102000000000004,20.24167695837845,21.25197543191327,0.8145818565024723,0.6795043665731767,-0.013346963455194042,-0.015607228701792777,0.7333839981801895,0.036418939513103064,0.45156288773636066,-0.002302698272484656,0
33.152,20.24407013680084,21.27508525096295,0.8136374601869436,0.6819492375367567,-0.010247147024353186,-0.006589217532946667,0.7312980347390524,0.05904462522097326,0.47135667776114476,-0.044141090033293445,0
33.202,20.247245120323303,21.298946644369725,0.8090183007661236,0.6822907788331966,-0.0026134258242982164,0.00603184763622687,0.7310513524635209,0.05748447018704545,0.48352209744156044,-0.14577488945794054,0
33.252,20.250266659156207,21.32180123406834,0.8047464961055518,0.6812542219483962,0.008849825915090856,0.018305133461414907,0.7317645029295405,0.05484271996848239,0.4197907898104571,0.01787224561462836,0
33.302,20.252167015780664,21.342553577513026,0.8072027871100131,0.6801218321008065,0.013644705345026927,0.022883303703075307,0.7326148168905152,0.02401027166644848,0.4202857682652273,0.06353053382763157,0
33.352000000000004,20.2525391856899,21.363764564606385,0.8103289717337789,0.6788853280203425,0.018179303461181285,0.023141983535205645,0.733654327951819,-0.007974083697512317,0.4257863761690606,0.05693877901730636,0
33.402,20.251335144662,21.38510682420006,0.8127060436620486,0.6777291454784112,0.02083309104563254,0.02194577060502273,0.7346887578009739,-0.03929253142258062,0.4280673131767368,0.039175453168140056,0
33.452,20.248603615524136,21.406538932286452,0.8144265100997742,0.6763769213686511,0.02106338573617324,0.019713104263903464,0.7359904806052009,-0.06931906919859768,0.4295642409428611,0.03082422344156093,0
33.502,20.244283823532946,21.428057827645624,0.8157169586495892,0.6747099498615855,0.018922082946114145,0.01665390778917106,0.7376524152269192,-0.10236069447490569,0.43010903443108595,0.01854087025009456,0
33.552,20.238377523222535,21.449635646890943,0.8161406744934168,0.6730705688694294,0.01440770335315779,0.01274255338303546,0.7393281103401598,-0.13338696394531566,0.43229307328590677,-0.006771245613441584,0
33.602000000000004,20.230945692244045,21.471040867609464,0.8138559457902816,0.6722808143774601,0.00729486819223858,0.006894518200903918,0.7402281791021033,-0.1573242605759403,0.422098350875529,-0.09628373209047043,0
33.652,20.224046943271958,21.491232539102693,0.808659518745324,0.6740181556047278,-0.004865151094357329,-0.005107941726875298,0.738681098412126,-0.1252255829352464,0.35321780326530644,-0.03339296519677197,0
33.702,20.218672163081237,21.509320355074212,0.8090356037416135,0.6741152582475998,-0.011198487578099946,-0.009532350994730363,0.7384797537903448,-0.08230871330213436,0.3809844029587043,0.029145963287455275,0
33.752,20.215796175909432,21.529137073875532,0.8109426995966207,0.6744953551559241,-0.014254311035176137,-0.016055613409790555,0.7379668337859303,-0.03695949365419999,0.4077676211368742,0.04249252192973523,0
33.802,20.21480617107804,21.54999549392911,0.8128805079325667,0.6748135021528221,-0.01575749380821799,-0.020753131005789474,0.7375281325173867,-0.006189278548724454,0.42534837151547417,0.032388427747750796,0
33.852000000000004,20.21503839357728,21.571552894298808,0.8141297209684247,0.6759398577695065,-0.015267170671182825,-0.020765665056594804,0.7365059465700147,0.013185419604536518,0.4371598526702611,0.018403757679782435,0
33.902,20.216217649639884,21.593793872997267,0.8145864997251826,0.6781286504517591,-0.013315354568102103,-0.015640028254822892,0.734656126555403,0.034502186679392186,0.45181005271703223,-0.002149913100181992,0
33.952,20.21851362557371,21.616919765763644,0.8136499092188518,0.6806076037372508,-0.010220670711636487,-0.006613184271760671,0.7325469905876552,0.057078199402198104,0.4717542139153032,-0.04398240284950569,0
34.002,20.221591207996337,21.64080237978417,0.8090344825224314,0.6809791703140788,-0.002605873169995508,0.006019282655224517,0.7322734101820761,0.05554570987410487,0.4838916744529377,-0.1457786203364114,0
34.052,20.224521267161048,21.663674853155097,0.8047619046931124,0.6799515243630555,0.008836967929320549,0.01832235622784717,0.7329748452548919,0.05316811695095333,0.4200868113207976,0.01785240236734725,0
34.102000000000004,20.226339918706785,21.684437748965443,0.8072149183653214,0.6788264195714919,0.013623020462810404,0.022920416533790164,0.7338145269147626,0.02239377242571959,0.4204487605647324,0.06342534750812999,0
34.152,20.22663292865405,21.705654456014248,0.8103357191602197,0.6775945856461116,0.018154228173647237,0.023193229081370104,0.7348456134639936,-0.009530319291306684,0.4258566725543122,0.05683957075981468,0
34.202,20.225351382905398,21.726997572465127,0.8127085241211742,0.6764408408786873,0.020807996065421237,0.022005244514921994,0.7358740281494619,-0.040837945273276964,0.4280317430118001,0.03910232615816884,0
34.252,20.222542866537157,21.748424982085787,0.8144259389564181,0.6750897058767996,0.021040561949719552,0.01977531805821217,0.7371703470485729,-0.07085442281236455,0.4294138838653084,0.030773363430022068,0
34.302,20.218146522942853,21.76993318442651,0.8157142655200276,0.6734233945688713,0.01890308606823946,0.016714077426643,0.7388262614446052,-0.10388482613516417,0.4298359317971045,0.01850275542127111,0
34.352000000000004,20.2121639978454,21.791494335589643,0.8161359862520846,0.6717882458662856,0.014394332329112703,0.012796676965792397,0.7404928095338488,-0.13491135016745728,0.4319005125389811,-0.006815266810058689,0
34.402,20.20465720249325,21.812876977240222,0.8138494259551255,0.6710098493872001,0.007289604557197776,0.006936814594602217,0.7413801483004842,-0.15877132437934874,0.4216229229400769,-0.09627044251711117,0
34.452,20.197690029861647,21.833048764879045,0.8086550771588025,0.6727655849783488,-0.004855143468326137,-0.005095048300479253,0.7398222325217451,-0.1264409389714718,0.3528690322654107,-0.03333937670726004,0
34.502,20.192253225188097,21.8511229578473,0.8090345805063698,0.6728814899494016,-0.011182362432559188,-0.009538543249299564,0.7396042667850036,-0.08361124333466737,0.38078804542577016,0.02920551347964281,0
34.552,20.189309660739596,21.8709332284283,0.8109437885484796,0.6732802575662378,-0.014228844732748923,-0.016074026969228855,0.7390756797555338,-0.03835163789312264,0.40768906862944754,0.04251735321161973,0
34.602000000000004,20.188248511068494,21.891789719902885,0.8128822542752909,0.6736169079031795,-0.01572430918281146,-0.020776999633330327,0.738621231602449,-0.00764408117976714,0.42534004500336353,0.032395391178962174,0
34.652,20.188408268389008,21.913348322238928,0.814132491907585,0.6747601566705048,-0.015233526483702452,-0.020789110411227416,0.7375869328622738,0.011712164716445478,0.4372125239320698,0.01843720627928613,0
34.702,20.189513099472023,21.935594089527417,0.8145912604377628,0.6769665102186695,-0.013288361710482859,-0.015659768179502497,0.7357272151728335,0.03300050838158696,0.451950035225312,-0.002107984730198122,0
34.752,20.191732714036515,21.958729633163024,0.8136568008501923,0.6794592737466332,-0.010206818718100199,-0.006629122655697594,0.7336122755953375,0.05552895522201594,0.47199861745842375,-0.04394112030857389,0
34.802,20.194732573152887,21.982625462864814,0.8090424032302577,0.6798372934382078,-0.0026124408860711467,0.006011946268546768,0.733333679920193,0.05397830360717252,0.4841317129901339,-0.1457660039346492,0
34.852000000000004,20.197588495327754,22.005509609072366,0.8047696861340257,0.6788037546445894,0.00881150806822024,0.018336740679342663,0.7340378627477131,0.05181302657514099,0.4202776353317375,0.017837026389495126,0
34.902,20.199340805582263,22.02627896354618,0.8072209004106418,0.6776673958789868,0.01359040997340377,0.022946758938282012,0.7348847852375064,0.02106647842167469,0.42053682257867114,0.0633723185025304,0
34.952,20.199567340689875,22.047497684518177,0.8103392412142953,0.6764208890625085,0.01812133587515838,0.0232281700715849,0.7359258455449919,-0.010867466616616722,0.4258531904189592,0.0567978746867694,0
35.002,20.198218928571798,22.068838063558225,0.8127103707464649,0.6752517323074145,0.020777582334076363,0.02204508834631889,0.7369649952121127,-0.04217412405906436,0.4279277364405917,0.039075356719795395,0
35.052,20.19534370943917,22.090257864338835,0.8144266246031551,0.673881750468356,0.021012940744437054,0.0198152354288501,0.7382744741299638,-0.07219368452738237,0.4292129299870057,0.030751763689991857,0
35.102000000000004,20.190879947435995,22.111753179757393,0.8157140236978565,0.6721965905552206,0.018879783398190166,0.01675186318513935,0.7399423440408056,-0.10523984333096191,0.42952459087711314,0.018486974314906677,0
35.152,20.184828977803868,22.133296028081705,0.8161352204170936,0.6705481684646079,0.014377358478916852,0.012830527140268274,0.7416156841014306,-0.13629345904916165,0.4314855790492656,-0.00681757492166842,0
35.202,20.177253175564733,22.154654956417584,0.813849535793125,0.6697670064441185,0.007282637217869158,0.006963470298238875,0.7425029497284455,-0.16014059286867238,0.42111982129178904,-0.09621376792241715,0
35.252,20.170220160598404,22.17480594375681,0.8086566943009282,0.6715344409503687,-0.0048441706001039215,-0.005089201884158033,0.7409400304024985,-0.12757759610726802,0.35248792071594237,-0.03337890828527273,0
35.302,20.164725192376775,22.19286209766491,0.8090337614671291,0.671659651307485,-0.011170119410703321,-0.009546630001307468,0.7407141169800109,-0.08484786857846308,0.3804989170264502,0.029168600697831833,0
35.352000000000004,20.161717247036353,22.21266164789801,0.8109419322056193,0.6720698149214855,-0.014206571836336317,-0.01609069106466633,0.7401766186857848,-0.03968302023061517,0.40753604023110696,0.04251004676534694,0
35.402,20.160588024769243,22.23351264467529,0.8128805068548264,0.6724190576491522,-0.01569298844480609,-0.02079927554113905,0.7397119244414426,-0.00903424371534307,0.4252619782384033,0.03240519328118867,0
35.452,20.160678950260582,22.25506882941809,0.8141320871434828,0.6735736496407276,-0.015201297510862185,-0.02081267227606009,0.7386706246605365,0.010315690872988635,0.4371915468080943,0.018479089445554334,0
35.502,20.161713031048112,22.2773155401717,0.8145933786384584,0.6757903994119107,-0.013262635694183914,-0.015681615597137957,0.7368076584084877,0.03156851353437231,0.4520098115988869,-0.0020536102628031664,0
35.552,20.16385955687021,22.300456475010076,0.8136617316913617,0.6782889028847583,-0.010194182788323868,-0.006648298345209523,0.7346945235877178,0.05404113718039042,0.47215347564123966,-0.043885878296483896,0
35.602000000000004,20.166784448577708,22.324360845332183,0.8090486339184643,0.6786639549169305,-0.0026205039406073326,0.006001365085209809,0.7344197388909991,0.05246026008220324,0.4842739844255858,-0.14576571555662882,0
35.652,20.169568510164197,22.347251763086177,0.8047759026047259,0.6776164523954968,0.008782524322278572,0.018345860528743256,0.7351341647011993,0.050498869483871854,0.4203842222316523,0.017830489154038676,0
35.702,20.171255915877076,22.36802368713329,0.8072261007905955,0.6764568985332378,0.013554082838036566,0.02296549102776654,0.7359992781837945,0.019755386845901987,0.4205499888347171,0.06333968419721725,0
35.752,20.171416678346464,22.389240879000162,0.8103430834943492,0.6751815703262285,0.018085199251070293,0.023253739814406524,0.7370631155094528,-0.01219984626605884,0.42578176171664794,0.05677778901725066,0
35.802,20.17000132666731,22.41057518468023,0.8127135425931116,0.6739836730166502,0.020744708741337936,0.022075158258400233,0.7381248898080113,-0.04351492259968872,0.4277578698629246,0.03906640472633747,0
35.852000000000004,20.167058981878295,22.431984403493008,0.8144294169099264,0.6725791871023323,0.020982884601773107,0.019845118656338437,0.7394613762030237,-0.07354858687766846,0.42895575178204043,0.03074153233062306,0
35.902,20.162526488556868,22.453464058815673,0.8157162336401625,0.6708599168623542,0.01885425163851256,0.016780578916824652,0.7411544382338966,-0.10663103411343076,0.42915655002917125,0.018474261127315213,0
35.952,20.15640474425438,22.47498557319533,0.8161370742495011,0.6691855993223983,0.014358423985899597,0.012857532607215788,0.7428453090485373,-0.13773201475736704,0.43100674741511463,-0.006812980334138047,0
36.002,20.148756474960084,22.49631734881535,0.813853157752285,0.6683934818318428,0.007274653653628627,0.006986068451656392,0.7437394891401917,-0.16159689716843065,0.420544969199983,-0.0961295530229642,0
36.052,20.141652884432183,22.516444852977216,0.8086619610100151,0.6701711822834834,-0.004832549827252776,-0.005086433527353618,0.7421734036550337,-0.12877535022266992,0.3520490663724057,-0.03346707164721115,0
36.102000000000004,20.136096239833343,22.534478645758977,0.8090334549850099,0.6703021263601874,-0.011160721017489465,-0.009557418095375794,0.7419428235805854,-0.08617430586942355,0.3801269729953623,0.02907798522610048,0
36.152,20.1330189634401,22.554263882179825,0.8109388740880075,0.6707215113396491,-0.014185855801300284,-0.01610974521271274,0.741398605225707,-0.041122032382662044,0.4073217474689367,0.042485714143682456,0
36.202,20.131816010822064,22.575106545505744,0.8128773223287294,0.6710823070142097,-0.01566123224381201,-0.02082530265144819,0.7409248071070157,-0.01054118624938518,0.425129856669061,0.03241839401779843,0
36.252,20.131831069189936,22.59665746441496,0.8141312665537637,0.6722472270973148,-0.015167226041218132,-0.020840368676456698,0.7398778952959841,0.008782546439236472,0.4371094012097423,0.018568508884776826,0
36.302,20.132787423843265,22.618901935702656,0.8145959635640472,0.6744708889753408,-0.013236741134625392,-0.01570859829639766,0.7380156153825682,0.029989794651000743,0.4520052363789974,-0.002000346780542969,0
36.352000000000004,20.134852892755003,22.642045368002947,0.8136671795716923,0.6769709082752062,-0.010182729413626431,-0.006674238254833384,0.7359090676941337,0.05238662290971953,0.47225533645130635,-0.04382211009398313,0
36.402,20.137694418225085,22.665955643635574,0.8090559854187247,0.6773369039073042,-0.0026334483521876155,0.005982821687956557,0.735643928405376,0.050773133369299665,0.48435575407075854,-0.14575256793908178,0
36.452,20.140398300088282,22.68885065972693,0.8047836595820143,0.6762665585527154,0.00874475722488506,0.01834757182076211,0.7363765596572357,0.04903038959902914,0.42044604088706194,0.017818106183636814,0
36.502,20.142013111669478,22.709622415327853,0.8072322166356048,0.6750707962725716,0.01350840478968905,0.02297638578867979,0.7372713399529666,0.018285328178130538,0.42050412099132023,0.06329210863686198,0
36.552,20.14210027528299,22.730834994750236,0.8103474838952875,0.6737501412176253,0.018039848884950548,0.02327108131959758,0.7383723774868977,-0.013695431384752998,0.4256481720405733,0.05675814381072167,0
36.602000000000004,20.140609485179265,22.752159977307887,0.8127175183788615,0.6725064137271995,0.020703287300398485,0.022097012484522966,0.7394715812186402,-0.04503091908314628,0.42752056118543846,0.039064734743350926,0
36.652,20.137590810426513,22.7735552120412,0.81443344528267,0.6710478753839925,0.020945174759938647,0.01986731140912883,0.7408517655606122,-0.07509555749043034,0.42862793811536387,0.030738612475577506,0
36.702,20.13297943281775,22.795015342224616,0.8157198313722746,0.669275994779467,0.018821780753262612,0.016802983263981306,0.7425853776736123,-0.10823574647562471,0.42870303057077846,0.018460154268487627,0
36.752,20.12677562952241,22.81651069143079,0.8161401746417349,0.6675610841068406,0.014333168742936938,0.012880445906089423,0.7443056182598297,-0.13940779220021482,0.4304201061054041,-0.006809895659660952,0
36.802,20.119042404114186,22.837809400518694,0.8138584299977484,0.6667499590880753,0.0072617568570127605,0.007006355061502287,0.7452131707989015,-0.16331654994104816,0.4198471457262565,-0.0960257426281346,0
36.852000000000004,20.11185906579372,22.857912736540033,0.8086536004747337,0.668548235056618,-0.004835261000158493,-0.005110647920009766,0.7436355013927052,-0.13004978732828806,0.3513942402155727,-0.03399879673723609,0
36.902,20.106230966827685,22.87591055651372,0.8090169380853215,0.6686748083096374,-0.011162115652926314,-0.009572582202174546,0.7434095597826291,-0.08774553363695457,0.3795783360782097,0.02907888956236115,0
36.952,20.103074193231546,22.89567505954243,0.8109255932438618,0.6691057757004866,-0.014157492488936106,-0.016128275345277616,0.7428572575300466,-0.04274905285317519,0.4070168770579843,0.04257976846059291,0
37.002,20.101788618571945,22.916505601451057,0.8128689560697494,0.6694824535807209,-0.015612708443104953,-0.020854119769881017,0.742370927078392,-0.012224137393234179,0.4249338509688983,0.03251594837893955,0
37.052,20.101719792828824,22.93804901422399,0.8141283776034007,0.6706610775300051,-0.015114454625313311,-0.020874833454790572,0.7413160686750998,0.007082403314795871,0.43699995564448685,0.018687775835103167,0
37.102000000000004,20.102589425280424,22.96029064088896,0.814598963857126,0.6728939295434571,-0.013191253246051915,-0.015743255098498717,0.7394537851280955,0.028224616415746622,0.4520011376594887,-0.0018898846974233835,0
37.152,20.104564280908473,22.983436937082008,0.8136753204941867,0.6753932627386692,-0.010153662147876745,-0.006706066589083973,0.7373573573669044,0.050533930414884,0.47237270761230904,-0.043730938231254964,0
37.202,20.107312011711176,23.00735381693176,0.8090650119167794,0.6757417066475221,-0.002631316713352403,0.005963154578858315,0.7371096681342041,0.048864305830110276,0.4844385412756462,-0.14581759322264762,0
37.252,20.109925885717484,23.030251196991433,0.8047922379963699,0.674638086836549,0.008713883080271887,0.01835202707499566,0.7378690419941893,0.04738657921905496,0.42046809511239,0.01783202575240864,0
37.302,20.11145841675405,23.051021111393684,0.8072411207789935,0.6733853590951537,0.013465975379297149,0.02299055346915299,0.7388113833141433,0.016603168166000156,0.42042448363051454,0.06328616043947818,0
37.352000000000004,20.11146096686274,23.07222723076718,0.8103564093217375,0.6719932455425287,0.017997357297761078,0.023290727035990288,0.7399721042780274,-0.015420532591174605,0.4254706833792339,0.05676473342782607,0
37.402,20.109882467620643,23.093540112125297,0.8127269184006668,0.6706765242086733,0.0206650156202159,0.022120680411957718,0.7411319939814384,-0.04679541933500666,0.4272163687939421,0.03907519725566177,0
37.452,20.10677465997911,23.114917718318043,0.814443413637044,0.6691318371985732,0.020910309219155154,0.019891210795798402,0.7425831153134981,-0.07690669627044083,0.4282188380189517,0.030742439520847858,0
37.502,20.102070506038817,23.136353521472017,0.8157293948325114,0.6672764280084513,0.01879161431517513,0.01682828131355509,0.7443828670810109,-0.11013255126581302,0.428137592012735,0.018442040397759242,0
37.552,20.095769131795894,23.15781614656285,0.8161492245666011,0.6654963271158322,0.014310501607156929,0.012909204470973795,0.7461522636694307,-0.14141186311227139,0.4296872914812972,-0.0067974523897847295,0
37.602000000000004,20.087933516395157,23.179073268169148,0.8138718065714543,0.6646524739809356,0.007253958772089496,0.007036183510174634,0.7470843065108281,-0.16541208335954505,0.4189676326431537,-0.09583316508244884,0
37.652,20.08064712846845,23.199142013716298,0.8086702898987589,0.6664650793920247,-0.0048158299463585555,-0.005105806784381424,0.7455032102345297,-0.13175043245954995,0.35074271089111625,-0.034233942612478516,0
37.702,20.074930550473695,23.217102759776797,0.8090185220084308,0.6665964368442313,-0.011155965591600769,-0.00958697508400921,0.7452736576097613,-0.08968686468130771,0.37893666885157257,0.02882629137093356,0
37.752,20.071671703056584,23.236841725134926,0.8109191993412294,0.6670407623764351,-0.014134098645495053,-0.016154266578083765,0.7447119498538125,-0.04488175313089046,0.406618309451258,0.04250061569117429,0
37.802,20.070276625060732,23.257655508409716,0.8128614461278909,0.6674366630904783,-0.015570294909925514,-0.02089301049782871,0.7442105540714957,-0.014465855087366194,0.424640216611208,0.032533833324369536,0
37.852000000000004,20.07009667856025,23.279186192199095,0.8141239854970743,0.6686323284837172,-0.015067703322017564,-0.020921441294299983,0.7431460602850638,0.004851943167819272,0.4367840787901708,0.018791848655385576,0
37.902,20.07085296605663,23.301420215570044,0.8146012602958798,0.6708742816868959,-0.013153995449548843,-0.015792987363210248,0.7412862147139595,0.025925370301209522,0.4519155345347788,-0.0017391741856116448,0
37.952,20.07271015670077,23.324566114118802,0.8136857706678253,0.6733667680442248,-0.010138816522468912,-0.00675657527473611,0.7392081904198265,0.04813279896092329,0.4724419403024433,-0.043562138855274796,0
38.002,20.075336640669974,23.34848738342965,0.8090804080915225,0.6736835196160268,-0.002655801683770957,0.005922581524275123,0.7389914648649648,0.046400004436003305,0.4844600040514044,-0.14579039356013443,0
38.052,20.077833033362882,23.371385309479766,0.8048081612464963,0.6725221102715797,0.00864862035339501,0.018343340521183246,0.7397991176125902,0.045247232656987026,0.42044769956690947,0.017802527124912138,0
38.102000000000004,20.07925952781093,23.392149734855636,0.8072541698126753,0.6711724872740703,0.01338805369248506,0.022995836205994886,0.7408234903550583,0.014445503680618414,0.4202610830743337,0.06320618750572224,0
38.152,20.07915199870687,23.41334451806085,0.8103670742336514,0.6696628179621539,0.017922403471917,0.023304587521768047,0.7420831448653283,-0.017661826485911948,0.42518416319718416,0.056750077221315864,0
38.202,20.077458705539414,23.434639251349974,0.8127379386930984,0.6682167303576677,0.020597677744021454,0.022139660109873643,0.7433518496592847,-0.04911250875648643,0.4267830473460885,0.03909664494960975,0
38.252,20.074233250729407,23.455992239275673,0.8144555854686457,0.6665209195619382,0.020849464069364016,0.019910967272236454,0.7449286657235122,-0.07930953463960243,0.4276545028133581,0.030752543520042603,0
38.302,20.069405236748466,23.47739458858614,0.8157409913121895,0.6645180385796002,0.018737456868864577,0.016853475899982966,0.7468471359404781,-0.11268007142853527,0.42735751448005344,0.018411162099447723,0
38.352000000000004,20.06297189938996,23.49881242036654,0.8161596143341949,0.6626214628857325,0.014266010805245638,0.012945132706004465,0.7487066858243621,-0.1441409093120189,0.4286854066521127,-0.006794362494523289,0
38.402,20.054995693095478,23.520012319229345,0.813888275626613,0.6617172770292516,0.007229193128021487,0.007079325558844109,0.7496851787232705,-0.16831103247894397,0.4177592229368774,-0.09552622783723604,0
38.452,20.04755270621671,23.539967178323433,0.8086441123147343,0.6634910333319923,-0.00481186105753052,-0.0051297713061391505,0.7481511746482484,-0.13519043043029633,0.3489607148730545,-0.03369403165169551,0
38.502,20.04168559165486,23.557836065116003,0.8089751866463087,0.6636285078647117,-0.01112194496346959,-0.009840248692402397,0.7479148851274164,-0.09321372296017068,0.3769615221518941,0.028094714600177574,0
38.552,20.03822724075864,23.57746727957149,0.8108358602702173,0.6641283533525745,-0.014057164694750364,-0.01646777095236279,0.7473049838679006,-0.04920433129342003,0.40451869932391393,0.042114324172658056,0
38.602000000000004,20.03661478504593,23.598193209537143,0.8127983639786194,0.664579936220167,-0.015419500303219693,-0.021226445519570477,0.746756443155734,-0.018774704157231342,0.42333296917452246,0.03370046758527586,0
38.652,20.036226279419413,23.619686371174247,0.8141502259544303,0.6657882677514559,-0.01483333493147124,-0.02132357922629651,0.7456884467847863,0.0008604314089834854,0.43648153695504516,0.0209329784408605,0
38.702,20.03677291585717,23.641914276407253,0.8147443878162508,0.6680320876602641,-0.01286752493259708,-0.016284199745718927,0.7438429817488506,0.02155217174887175,0.45183861365548295,0.0005501943723670169,0
38.752,20.038398533817624,23.665059634516034,0.8139584333986333,0.6705107194883614,-0.009853879412185169,-0.007313743984053346,0.7417983454151589,0.04333403590248127,0.4725977540040002,-0.04054724575008631,0
38.802,20.040803290953317,23.688982902700104,0.8094685413015388,0.6708693746780603,-0.00258212066928872,0.005245355013429225,0.7415524937741774,0.042402928129758946,0.48374525685932496,-0.14419884091723276,0
38.852000000000004,20.04306645754254,23.711958020969007,0.8049615879711687,0.6692378845245325,0.008929204579104425,0.017893652561561255,0.7427790656855647,0.04162446999890236,0.4222504468552411,0.012957391770871692,0
38.902,20.044361860721562,23.732769318488817,0.8073110718779437,0.6677089865945964,0.01361961971835053,0.02255773023355977,0.7439558884680297,0.011777775029659139,0.42100849575085075,0.06244948622339047,0
38.952,20.0441126420794,23.75396832963599,0.8103968675056321,0.6659892395542674,0.01800941150598184,0.022961092975526884,0.7453903555215259,-0.020600930323002344,0.4251044493208978,0.05634620478998636,0
39.002,20.0422675845493,23.77525215569477,0.8127453268005089,0.6643031035702238,0.02058950601852513,0.02195783606369615,0.7468569556911695,-0.05220931311961517,0.4264657428833087,0.038628912365260934,0
39.052,20.038885407830232,23.796587280771615,0.8144433225286136,0.6623336164988674,0.020789283555775414,0.019875380072286748,0.7486567674253338,-0.08256909893764079,0.4271859711813737,0.030418763836041314,0
39.102000000000004,20.03388498817953,23.817957579315618,0.8157133879375472,0.6600545282112487,0.0186663356197658,0.01694702675973658,0.7507945031673839,-0.11628027363615695,0.42651400017788643,0.01810145141234826,0
39.152,20.027268578452414,23.839277035578945,0.8160983993250102,0.6579737149791187,0.014132510727759322,0.013245526709015801,0.7527917497949262,-0.14781866784780526,0.4251530488641689,-0.008039937259072488,0
39.202,20.019127243252374,23.860216234187096,0.8137882603352773,0.6571158768101977,0.006832154385446527,0.007723746367255919,0.7537190390672583,-0.17071113648021008,0.4117641042223774,-0.093639504420065,0
39.252,20.011610726336862,23.879857986241475,0.8087567232363927,0.6588764392142502,-0.005552071610666033,-0.004314140364412425,0.7522183197331048,-0.13368090043477576,0.3406953543094387,-0.029669413802010096,0
39.302,20.005826507696874,23.897222470410636,0.809209628057656,0.6590558434337545,-0.012224701537329524,-0.009017359891553087,0.75194058217969,-0.09198971705021895,0.36526454314017137,0.03091213829118863,0
39.352000000000004,20.002424143635846,23.91610123717818,0.811190564324926,0.6594284074161898,-0.015264099464950458,-0.015615793613407584,0.7514501512075789,-0.0480090497171466,0.38537212593029924,0.043400794481678176,0
39.402,20.000880437535137,23.93556230867102,0.813137837116143,0.6597431390493843,-0.0169397025902702,-0.020072224490563426,0.7510320517510672,-0.016963275391465672,0.39149052367069825,0.03203822795222194,0
39.452,20.00060114112014,23.955071984110234,0.8143595710996441,0.660721230298945,-0.01697294120383347,-0.019636650636695438,0.7501824958307892,0.00379139398101194,0.38996454608332326,0.01783508008896868,0
39.502,20.001377886498137,23.974691648496588,0.8148762167846719,0.6623465819580322,-0.015640061444997713,-0.014106989842992735,0.7489014532527489,0.027744218225990127,0.3952989544387531,0.0015485717202610141,0
39.552,20.003385319169094,23.99481842879417,0.8142468117438093,0.6641032581147379,-0.012974477681331297,-0.004777263562469115,0.7475130120895174,0.051559935201335554,0.4096364782997819,-0.0350114318126209,0
39.602000000000004,20.006213048262303,24.015538986841207,0.809904572648046,0.6638028180560858,-0.0057272354339501135,0.007905525364368103,0.7478439143188889,0.051669839287019584,0.4177061408177792,-0.14883788530429995,0
39.652,20.00895657181687,24.034874540582337,0.8055825674642961,0.6624227794744392,0.004491748399499178,0.02000332303048269,0.7488496194146145,0.0501923621478519,0.3457775278028715,0.017504456384987814,0
39.702,20.010522559940828,24.05161726380764,0.8079001255905539,0.6606255906510556,0.008371791496018069,0.025047744987334423,0.750250859749685,0.015572747061317685,0.33301271337201777,0.05812947827665857,0
39.752,20.010492882775793,24.068070371576553,0.8106461310779641,0.6585637649433601,0.012054287769626512,0.02638676387178163,0.7519655579495448,-0.015274617943103115,0.3235235965726788,0.04865056523795608,0
39.802,20.008970525957174,24.083883652702873,0.8126316081802106,0.6563474759673705,0.013891783685150039,0.02615840912297429,0.7538771430209726,-0.044466681679023894,0.3087548380829198,0.03184650321451118,0
39.852000000000004,20.006038507903803,24.09882016406136,0.8140474458895973,0.6538034495928381,0.013281576864486961,0.024582252791950757,0.756148372916434,-0.0722572570367249,0.28969703713366995,0.026431956834033182,0
39.902,20.001641132120408,24.112814310849735,0.8152744564724896,0.6510529338779151,0.010402064404361115,0.02173962306657488,0.7586496313411146,-0.10232641428983937,0.2700395394880302,0.020797061320841262,0
39.952,19.995768543983345,24.125956256251193,0.8160794140913846,0.6485700705253994,0.0052440135218461475,0.017449444141191164,0.7609368441861811,-0.13202702566885793,0.2561682138580895,0.0068636092315982715,0
40.002,19.989142890198025,24.139102846861935,0.8156319085313515,0.6400705853628844,-0.002699020212602346,0.007885117724488412,0.7682709066218621,-0.1398945687409292,0.2605699473444608,-0.047662431027743514,0
40.052,19.982102723510085,24.15188723765293,0.8115216168203206,0.6292700036206034,-0.012369599737232348,-0.005284852574758969,0.777070348088852,-0.13214949741995774,0.21433785983448986,-0.043486284327671515,0
40.102000000000004,19.97646001531186,24.162254872580505,0.8111121864653288,0.6170502945707649,-0.017989051573558033,-0.00826223911437214,0.7866746871473833,-0.09107060495905198,0.22437995829523968,0.013402337750484451,0
40.152,19.973022775726136,24.174526889824357,0.812277824922612,0.6063251891292837,-0.020823212305568325,-0.012116160400294486,0.7948517833620115,-0.05075151042122175,0.26581791427398743,0.03273846609226083,0
40.202,19.97125909707107,24.188744087041563,0.8140490011811266,0.5952041319214031,-0.022252247699160368,-0.015416799944358805,0.8031184228340795,-0.022594972941532464,0.300209112305608,0.0338543673286267,0
40.252,19.9706329692423,24.204359236952687,0.8153133412465079,0.5839634895960131,-0.021598662856446776,-0.015681652777749418,0.8113410049712879,-0.004441974530771931,0.32236304898766455,0.015687386878772174,0
40.302,19.970790352107983,24.220917152773065,0.8154391475270257,0.5734749801348563,-0.019165758378546036,-0.011523907784984059,0.8189177739031344,0.010266640367192437,0.3374032148773439,-0.012208083894185344,0
40.352000000000004,19.971646516500947,24.238017534411338,0.8137841348995474,0.563787458888592,-0.015528926348388608,-0.002579819742167196,0.8257698820957984,0.022855227299027923,0.3456546317934267,-0.059640378860889624,0
40.402,19.972858536882878,24.255191301664112,0.8079291014955144,0.5523575033672715,-0.008829334659936322,0.011218627203649698,0.8334850770871681,0.027091490262280613,0.3346468760706472,-0.16199850890455533,0
40.452,19.97363142453934,24.271834442913452,0.8043800710109353,0.5419229895083036,-0.0021012188892706837,0.0194922114266927,0.8401994477594352,0.0008432706431120247,0.32493240427765735,0.01192940545154578,0
40.502,19.97220526305514,24.287738282609425,0.8065313118566654,0.5300078725601989,0.0013984144651318937,0.020561770216271206,0.8477422444745625,-0.05595018353156143,0.31480604175972293,0.0595445070302239,0
40.552,19.968295243324874,24.30336676395739,0.8095187998800609,0.5166336917755733,0.004135950463703926,0.019619374435482836,0.8559717300138271,-0.09827520968890086,0.3089799782621428,0.0554750852911831,0
40.602000000000004,19.96229603681998,24.318571570824453,0.8118706285194172,0.5021713094352805,0.0052824249541729,0.018344545867167883,0.8645574299047968,-0.14053676346273578,0.29883029930918165,0.03926667314259477,0
40.652,19.95418206251996,24.333232659848893,0.8136655412047055,0.4863912819629358,0.004698871407516423,0.016576027821266895,0.8735712201873508,-0.18334682415233586,0.28769198860857625,0.033031956779674465,0
40.702,19.943800853773848,24.347231755586797,0.8149992020806758,0.4700637255878443,0.002476969398405,0.014054428600183532,0.882517099860279,-0.2295604186359581,0.2715144317355599,0.016916844470307973,0
40.752,19.931203088649507,24.36049993310133,0.8151096916490326,0.45463236415868624,-0.001486943940853102,0.009939633410634847,0.8906224823935575,-0.2726010184174241,0.2577665110953856,-0.017895209125700317,0
40.802,19.916629095169604,24.372821590122236,0.8122178779190415,0.44188235220771255,-0.007432621444546704,0.0019824787805407893,0.8970400284957893,-0.3037859408479507,0.23909144843203498,-0.1047911193416908,0
40.852000000000004,19.90215141948166,24.38446796248382,0.8066745359106778,0.43266984440658857,-0.016096856128313495,-0.014153993963533014,0.901297598698035,-0.24771395994152207,0.19684186058406036,-0.03445523201890407,0
40.902,19.890980274210825,24.393699881373138,0.8070669933122442,0.4197514087743762,-0.023163521193394345,-0.020603791197496953,0.9071095247577002,-0.21628493852459546,0.20081815154903246,0.018350448276717356,0
40.952,19.880619374347464,24.40496344830462,0.8084217843003846,0.406914440945852,-0.024228271254692672,-0.02686167954323703,0.9127497350280909,-0.1995686235770346,0.24717749664207933,0.03871937719654571,0
41.002,19.87098792266091,24.418258632162246,0.8106328569715441,0.3935986488595013,-0.023191871986215976,-0.03218076886264543,0.9184261749346866,-0.18793575417031488,0.28143418393160496,0.044683598471136586,0
41.052,19.861737483346726,24.432925243171514,0.8125825379414889,0.3804878114494279,-0.020542941446921734,-0.03326646345090729,0.9239590658165561,-0.18321468764491497,0.30387666132105134,0.03246194980285366,0
41.102000000000004,19.852646937080724,24.44859088434199,0.8136892592256992,0.36824702101041634,-0.01746298376547178,-0.029256401442405797,0.9291034596263228,-0.17985989604741845,0.32033381697488605,0.010316205454603442,0
41.152,19.84378591306705,24.46490386159828,0.8134702385201902,0.35692956868924147,-0.01514515954575968,-0.02027842664981299,0.933788355330186,-0.17420114944309575,0.3308118843881651,-0.023358474283477024,0
41.202,19.835224196703624,24.481410533599803,0.8101414283297745,0.34475880601246955,-0.012573334456794804,-0.006294920282317594,0.9385859848283126,-0.1704623890477345,0.32492784467266483,-0.12338694366255845,0
41.252,19.826786900040734,24.496958785497448,0.8043795758696348,0.3307368534507057,-0.0066364523561847286,0.009332629146851535,0.9436535345680941,-0.1649515922731928,0.3010120101868386,-0.03949161152081046,0
41.302,19.818082042572232,24.511360784382347,0.8056403370054515,0.3182883079782853,-0.0027779345122753082,0.012987712168217579,0.9479009206751521,-0.19579708721469594,0.27576183220657335,0.05925442441155983,0
41.352000000000004,19.80743146677178,24.524164341326067,0.8089243183394691,0.3034650698755787,0.0007919896203530644,0.013548055106271873,0.9527459127808887,-0.22858761472177763,0.24032256273127287,0.06460486722684215,0
41.402,19.795284930567238,24.535344230466627,0.8116618457767313,0.2875630006697258,0.002514397225582576,0.013709272230867493,0.9576603021464947,-0.2555543497433628,0.2079005828344019,0.04454754362629943,0
41.452,19.78185778567054,24.54496072736271,0.8135994268689928,0.2704364785159364,0.0023228230679456625,0.012965558836549176,0.9626477080765065,-0.28053979298305554,0.17649375129357986,0.034154203706324014,0
41.502,19.76717770012187,24.55281277164112,0.8150122458480367,0.2525068151222259,0.0003249663823771294,0.010997859699722803,0.967532557486158,-0.3046609004069619,0.13830099528019452,0.02016174895340847,0
41.552,19.75132844828268,24.558890278170832,0.8154415251768709,0.23524709181912695,-0.003242551598605403,0.007058813267650602,0.971904555398845,-0.3280813593673825,0.1046820806810603,-0.008086724350480894,0
41.602000000000004,19.734513067417222,24.563116680805436,0.8132420924605617,0.22084257036879143,-0.007872451918137647,-0.0005403226708657652,0.9752775459658207,-0.34059729697603286,0.06985470911447719,-0.08938976808150363,0
41.652,19.71830804957449,24.566769790983933,0.8081705997907602,0.21028513798372356,-0.012878510291764136,-0.015539086643873974,0.9774317579770493,-0.26947389476057054,0.06802127105661504,-0.035607817199062614,0
41.702,19.70638335550945,24.570443724782663,0.8083955594622696,0.19702942685368385,-0.018259282662018764,-0.022612314085654023,0.9799666763732678,-0.23688969615885375,0.09362998991077714,0.02304322559062381,0
41.752,19.694536614892137,24.576439315541133,0.8101215572630888,0.18498490909485787,-0.017767419152873325,-0.027793143592948013,0.9821875805532443,-0.23614148775782354,0.14218949246103743,0.0440674056600665,0
41.802,19.682884358274265,24.584453634781475,0.812394276841704,0.17279865949850826,-0.015873838585892728,-0.031297049725560536,0.9843318237274175,-0.2298175754362119,0.17460447316406397,0.042020526019779715,0
41.852000000000004,19.671685741353144,24.59368430668079,0.8139967803384367,0.16099865991128443,-0.014093471551041412,-0.030392674498092867,0.9863858732277464,-0.2188349888426186,0.19267451979734448,0.02193781164046293,0
41.902,19.66102788657977,24.603694941368797,0.814496401264205,0.14998455671290653,-0.01332161351625242,-0.024365130154739432,0.9882982888751248,-0.20721643226841707,0.20719845629379843,-0.002063240454328235,0
41.952,19.650922833591288,24.61446537564869,0.813642179087366,0.1391850648405206,-0.013634853245066473,-0.01352787827215128,0.9900801003008697,-0.19838728710266437,0.22277220644314047,-0.038191105823891854,0
42.002,19.641047420436433,24.62554208334849,0.8088135740194206,0.12638403774029766,-0.01292943479042055,0.0033463310522007443,0.9918914793408349,-0.1952269534991422,0.2114620878150905,-0.17036978550727103,0
42.052,19.631353829355103,24.636488159708207,0.801988350509754,0.11329377055952229,-0.009044583436268627,0.019037767275298836,0.9933379487767708,-0.1839927468583928,0.22340105589544193,-0.060314076212432705,0
42.102000000000004,19.621791578225462,24.64702223655519,0.8022597399250451,0.09968043291022734,-0.007212534326057454,0.0223528477612587,0.9947422484444838,-0.21066431294616292,0.19367831172949027,0.04245958191983776,0
42.152,19.61058958638704,24.655650403599747,0.8045049391292849,0.08386754085758429,-0.004656656329318049,0.023013724978166682,0.9962002407171773,-0.23862327387932933,0.15628796904618564,0.04188045012071471,0
42.202,19.597946998660976,24.662533588882567,0.8062741342051534,0.06649009255169658,-0.0028993954769203287,0.02263399528565123,0.9975261216408045,-0.26458892291756797,0.11977968956114161,0.029681449126515165,0
42.252,19.584195530104058,24.66761188202824,0.8076908398019194,0.047781701786280675,-0.003132952350545261,0.021032227409928668,0.9986314330092726,-0.2823300238860924,0.08291889655454703,0.02591980610036007,0
42.302,19.56985582118331,24.67061532491901,0.8083187777355886,0.027803940442957125,-0.005722336168293527,0.018958088245531603,0.9994172235131308,-0.29149527939352987,0.03451133150610762,-0.027723804265809837,0
42.352000000000004,19.55590193617117,24.670484744587277,0.8031695873032823,0.013118159996085491,-0.010594895829437321,0.020779365217584674,0.9996418758944793,-0.24767508882471112,-0.017312195524065068,-0.10893857910034188,0
42.402,19.543756589014393,24.668869762347278,0.7998521125036797,0.007104420014918079,-0.017771358119900584,0.013346604526689275,0.999727750037195,-0.24997407201079705,-0.05409982512019689,-0.009240568528724197,0
42.452,19.53126337422755,24.66585649331611,0.8046279350848097,0.0024421658307700886,-0.02147252074140804,0.009161665556796561,0.9997244773252719,-0.234162657868859,-0.04845905465106762,0.15322204624399968,0
42.502,19.521127528911187,24.665380352299938,0.8107778857505534,-0.002716864816383392,-0.025951324950934444,0.000487922507554285,0.9996593966499223,-0.18937292692412547,0.036133419542143747,0.0919260093811494,0
42.552,19.510890912578123,24.66815306083528,0.8143666995312068,-0.007255935860070588,-0.02581419028477433,-0.009533136022107588,0.9995949671203431,-0.21466344784817465,0.06877915200775485,0.05507216063978291,0
42.602000000000004,19.50029804794527,24.67209658646696,0.81598917351427,-0.012511166148762857,-0.023501274913456903,-0.015522128675549187,0.9995249993473998,-0.20741619818050927,0.08830125726211428,0.012484225300411341,0
42.652,19.490130135635855,24.677123671624617,0.8159148817006662,-0.017049164389293603,-0.023440118320998952,-0.015435080543778436,0.9994606771330878,-0.19620076034369266,0.11689755180391702,-0.013266255190058073,0
42.702,19.480745830936584,24.68424277664298,0.8144609256335363,-0.02425247551701909,-0.027437607227166066,-0.01117889075377166,0.9992667449397372,-0.18489252802501038,0.1611048208480711,-0.04689276872258589,0
42.752,19.471349620089725,24.69306487520036,0.8106012776969307,-0.032921962050998614,-0.031499359094242965,-0.0012802208462092928,0.9989606077448441,-0.19397546115778538,0.18704275481163216,-0.11566465810449617,0
42.802,19.460727761561188,24.701888748641686,0.8000508642213774,-0.04869847200819636,-0.029879911430317704,0.020008524546497146,0.9981659725027971,-0.22537072513215192,0.1576060582253841,-0.30874870862485687,0
42.852000000000004,19.45288082332677,24.70994810828842,0.7938727992270027,-0.055549432158518465,-0.03023986707517572,0.033496298191717934,0.9974356164853917,-0.12814029042354552,0.14794505874290018,-0.008073395830431988,0
42.902,19.446732569873706,24.7161076758112,0.7952913110758189,-0.06409399804638265,-0.029782429350013212,0.03656920764239771,0.9968288014342533,-0.11831785811968103,0.10027246841416006,0.0435843972089654,0
42.952,19.441203053330657,24.72010914355912,0.7973770055266415,-0.07343505680402637,-0.026569234377909385,0.03621500334104447,0.9962880315198865,-0.10298820769271559,0.062072832878187496,0.03763692027961124,0
43.002,19.436538750243074,24.7222751665036,0.7989953058732714,-0.08354245187384764,-0.0224994972171,0.03316230659302222,0.995698093189555,-0.08389374436661395,0.026044872843604735,0.028084189854531188,0
43.052,19.432825992950427,24.722762767469657,0.800399511364128,-0.09458677726894052,-0.018640476700935844,0.027652424498560552,0.9949578974075186,-0.0653342568549429,-0.005151902127854399,0.028599451696951834,0
43.102000000000004,19.43006447180053,24.721666257036972,0.8017930829738945,-0.10623773565288887,-0.015429213288489882,0.019832663762467433,0.9940232131840436,-0.04475743870343442,-0.037429337263850275,0.024810844143330988,0
43.152,19.42816953553385,24.71896596907635,0.8029308501015642,-0.11805008373287947,-0.012701610774027807,0.00972884714641778,0.9928787420161673,-0.031178485052313125,-0.06981778000189649,0.01638073699920545,0
43.202,19.426753288182088,24.71430518813159,0.8045996692771021,-0.1286342204323412,-0.009934113177570324,0.0005862774509123323,0.9916421769004632,-0.03203906387042315,-0.11749504177849547,0.06790806194059057,0
43.252,19.424797200520484,24.708429117599508,0.8085339295227132,-0.13863617926718647,-0.008368565848077544,-0.0004737509229790221,0.9903079079073873,-0.03318182084299767,-0.09062790367191284,0.06814786461687239,0
43.302,19.42340548280104,24.706858106895215,0.8118227399448849,-0.14908308272394444,-0.01278868716210014,-0.005035931025908145,0.9887291455828019,-0.04424831764268252,0.018483966180586966,0.08205774875281706,0
43.352000000000004,19.42080716021627,24.70916655382354,0.8155656960411072,-0.15708693073642044,-0.016006516032895202,-0.012055913821173544,0.9873814574814718,-0.06348462179281494,0.06277517953577742,0.06428351456334128,0
43.402,19.417470164882424,24.71286259555413,0.817812855485496,-0.16624117466216035,-0.01800884327429234,-0.016297398897620236,0.9857859545560783,-0.06740940142438741,0.08379240956054768,0.026384843221359935,0
43.452,19.414193141735208,24.717652084891615,0.8183803011655575,-0.1746537525905215,-0.020775685672789285,-0.01595725549123373,0.9842813640357423,-0.06511041771766236,0.10796297659058635,7.791999615968802e-05,0
43.502,19.410825957358345,24.723844501334163,0.81787229967053,-0.18215901027518672,-0.02483631796327672,-0.010921540021136234,0.9828946903148664,-0.06943282854273432,0.13970624960366326,-0.021204073042809087,0
43.552,19.407060046252006,24.731522773196073,0.8157250881017137,-0.18991469895402546,-0.029698533061824052,-0.000968071532556688,0.9813508379232602,-0.08174584115862718,0.162019336439561,-0.07665284581681087,0
43.602000000000004,19.40286627993527,24.738926836005973,0.807269555972486,-0.200468662179247,-0.032805124629145546,0.0190995684524323,0.9789644251795154,-0.07593839015828109,0.12786073739409878,-0.25541240409052285,0
43.652,19.39955139964935,24.74642768636067,0.8017252804458549,-0.2044237194316558,-0.03345415040383409,0.03315079205543026,0.977748836737013,-0.06915535007532887,0.15457882695673475,-0.008829431679981488,0
43.702,19.39571028405512,24.752671523314685,0.802619867260463,-0.2122728913769759,-0.03084133807788101,0.03589041590349861,0.9760639884240669,-0.07730631767232513,0.09712384317582616,0.028535136648453266,0
43.752,19.39217803132047,24.756458572985903,0.803789154945053,-0.22112298652863763,-0.02778512090156297,0.03590848956291275,0.9741884788183707,-0.06407572365661633,0.05758407086118922,0.016879388499217288,0
43.802,19.38935879341163,24.758475715349537,0.8043501071000295,-0.23095250602958953,-0.02516771848940383,0.03375741376524745,0.9720534773974999,-0.0486635665738836,0.025329066163039118,0.007447622680669943,0
43.852000000000004,19.387339394697204,24.75906511901281,0.8047731178943663,-0.2417541725650713,-0.022918677730187444,0.029145389339346482,0.969628898362015,-0.03278753702895937,-0.0008993782194439523,0.010468461457487768,0
43.902,19.386174644421022,24.758309877964038,0.8053439999293154,-0.25298656923481583,-0.020712079222547634,0.022166343151386516,0.966994032449203,-0.012893056384313643,-0.027835820944943725,0.00977448332053887,0
43.952,19.38594608645614,24.756169768575877,0.8057209844364797,-0.2640362126501931,-0.018166299623916155,0.013031734567690597,0.9642536169812752,0.0042504341689624005,-0.056664012502796346,0.0010040216980538325,0
44.002,19.38675214689599,24.75239108447837,0.806584203796547,-0.27362688310975014,-0.015457188094252776,0.0048826452204184904,0.9616993105703634,0.01962970915665758,-0.09730236739695203,0.05557745896947711,0
44.052,19.387647551158402,24.747475163159695,0.8096224243342656,-0.28200553126027145,-0.013879134450006936,0.003724709716568958,0.9593051529638826,0.020572564859570396,-0.07847791765372351,0.04242802237704241,0
44.102000000000004,19.38826713292476,24.746316792639757,0.8109616455158053,-0.29136213341068573,-0.016894442648845757,-0.0015567739588238263,0.9564623680400604,-0.01494857348743367,0.026964779840049663,0.04035088771701234,0
44.152,19.38631301133702,24.749191228447753,0.8138852788899349,-0.2993779566455441,-0.01858997837175827,-0.009132399736816805,0.9539097709185721,-0.061690317433548775,0.07641084695073388,0.06541564362390517,0
44.202,19.38267141959724,24.753757722756955,0.8163893683880998,-0.3085879874801165,-0.018383039144929444,-0.014130991716003861,0.9509131574060214,-0.0771336381466697,0.10564813961753462,0.03099857534939465,0
44.252,19.378888148241863,24.75994726249937,0.8168829109671288,-0.3173417784356752,-0.01955344856426853,-0.014728504430927512,0.9479952159508794,-0.07512128923787958,0.14109233120743214,-0.007347145879198139,0
44.302,19.37504851679608,24.768015416363724,0.8157129601683875,-0.3254274140768502,-0.022834848627868106,-0.010051768103832523,0.9452378165379238,-0.0790211539983057,0.18077276021664188,-0.03944444580271264,0
44.352000000000004,19.37084462105758,24.77781566329287,0.8125025127791152,-0.3338138778525274,-0.027697230714127503,0.0009092129169634821,0.9422315701013716,-0.08861516758632597,0.20368632807363315,-0.09786499834263238,0
44.402,19.36660512169146,24.7875926083779,0.8048133968325777,-0.34281033011068757,-0.03236452698116529,0.022944991568252388,0.9385665359070821,-0.08618328331859912,0.19367534729837427,-0.14655867344300416,0
44.452,19.362044654495808,24.79790985385459,0.8037753047039927,-0.34726422016750996,-0.031854465207024577,0.03420968318658172,0.9366015972728746,-0.09042333203164431,0.1930340189361526,0.028571483583019707,0
44.502,19.35764060094689,24.805946463932607,0.8055364646169411,-0.3551168748182527,-0.02893650609488669,0.038143810377084045,0.9335950586652955,-0.08219457103568881,0.13260935562966747,0.032886060373048163,0
44.552,19.353761405319872,24.811445257054483,0.8067850627093066,-0.36407716979821464,-0.02547679549114359,0.03917474130561237,0.9301957250852444,-0.07218881723899025,0.09063582729761348,0.017713694608047552,0
44.602000000000004,19.350499176911715,24.81510121519569,0.8073877048774781,-0.37389791046830745,-0.022062181166841735,0.03748224713085601,0.9264495096116232,-0.05841941275061644,0.058366975195812396,0.00795263094139549,0
44.652,19.347957385287483,24.817367197279534,0.8077391532116268,-0.3841960281799527,-0.01870509946788,0.0331784741141569,0.9224655657747354,-0.0435849427773593,0.033336629968143565,0.00734236324054865,0
44.702,19.34629447607066,24.818440259717484,0.8080868329827355,-0.3945624881022224,-0.015240640190201214,0.02673536228007001,0.9183536281155158,-0.022101367210185754,0.011471176661086671,0.004839067686797865,0
44.752,19.345667920891103,24.81840671753765,0.8082594276167122,-0.40453975094825306,-0.011486364220784421,0.018434190681767403,0.9142624535403509,-0.0023327742917623306,-0.010977941547581195,-0.0017923505244686051,0
44.802,19.346120318741466,24.81749843623101,0.8072170193058581,-0.41369447897397416,-0.006947289527498022,0.00738564687162739,0.9103593056892216,0.016585841873188886,-0.02021879708741297,-0.04771129494900913,0
44.852000000000004,19.347055913659222,24.816515962597407,0.8052847195778561,-0.4226989798679347,-0.0027124255052761058,-0.005234456249030922,0.9062509672459743,0.03576945097565925,0.002512442261946202,0.022584006197239645,0
44.902,19.347787724611038,24.81807430699425,0.8078335385806891,-0.4316574619243078,-0.004304330460800651,-0.013986885444746053,0.9019188851221074,-0.008654255795798087,0.0470929002933161,0.061774559626619284,0
44.952,19.34718180718986,24.820869937898525,0.8099868963109336,-0.43881436834988363,-0.004460626188695182,-0.020734351820351257,0.8983274122491686,-0.01648711984592399,0.06304107385957737,0.024878691621149553,0
45.002,19.345893608249977,24.824464906827668,0.8104363780237903,-0.44612617849164715,-0.005088521331854953,-0.023374944481398152,0.8946502958059006,-0.037674583572956014,0.0799592874694367,-0.00432014153993249,0
45.052,19.343140584070397,24.82885908680758,0.8097773399455909,-0.4524515861097365,-0.0068125888609947395,-0.02142996873049833,0.8915054163043565,-0.07493863502697352,0.09691557707541662,-0.017888790571957303,0
45.102000000000004,19.338158484964676,24.834403020645222,0.8089028009921866,-0.45800846755198177,-0.010842115766827799,-0.015996386074152966,0.888737760989681,-0.1226038579728772,0.125370808491598,-0.018290520486935594,0
45.152,19.33076450736194,24.84122528384133,0.8076375680330657,-0.4635990120388137,-0.017158557805351825,-0.007016384060109625,0.8858511784071843,-0.16926816595764227,0.1425461010112006,-0.04129500723332457,0
45.202,19.32198934799455,24.848292330450118,0.8033022576738309,-0.46982452399979285,-0.025263206319724698,0.010211414945006284,0.8823391717812579,-0.1764775793390819,0.15553106654342527,-0.0942385561280797,0
45.252,19.313125988076308,24.856387597276626,0.8033712381154997,-0.47269217508040623,-0.02903731025975751,0.020366304801803264,0.8805135750568265,-0.16208346928690107,0.15985497577884933,0.0406195422049845,0
45.302,19.305651318080066,24.863150071747373,0.805147739582477,-0.47820766693942657,-0.0301036779874458,0.025646396082214997,0.8773559472756616,-0.13796995459630124,0.11260369010135535,0.02783338266816439,0
45.352000000000004,19.299426214673417,24.867964087955674,0.805934145133219,-0.4840067157281746,-0.029915477805107272,0.029113818113877553,0.8740680459280911,-0.1128803286755238,0.08190587596524636,0.006671717950291934,0
45.402,19.294400512225923,24.871399287615542,0.8060372849204569,-0.49026486047104284,-0.028919639592898644,0.03025628698858808,0.8705679629591198,-0.08851339062692191,0.058216062505990755,-0.00037346088935767484,0
45.452,19.2905658372541,24.873882915987352,0.8061083025173272,-0.49675823157913507,-0.027239878045324576,0.0288564818647413,0.8669812869127209,-0.06583770765468609,0.042189392163136163,0.004072755383883341,0
45.502,19.287905330978518,24.87566044212446,0.8064320652846687,-0.5029876240781035,-0.024687940644802533,0.025160388008330554,0.8635744961995204,-0.040711108512759935,0.030484120585040794,0.007403328243531638,0
45.552,19.286452928594056,24.876812987000275,0.8069360137175614,-0.508624044736799,-0.021205654582069914,0.01957048408543459,0.860505024669808,-0.017795512177893952,0.016767404538253938,0.009613404201914649,0
45.602000000000004,19.286177620847575,24.877452034331256,0.8068041911550606,-0.513644042375545,-0.016568975680381657,0.011519572530413526,0.8577660323338349,0.003856994570786966,0.01173132790058461,-0.022926333533048623,0
45.652,19.28558772022261,24.878233607372092,0.803263890915302,-0.517235632289736,-0.0071604669725421136,-0.004482206032122455,0.8558013427377049,-0.017744406114024433,0.034800739515412564,-0.0961514635973161,0
45.702,19.285148497092766,24.87946755766662,0.8043248951383648,-0.5210057465478114,-0.0035590358565422884,-0.014606579819137981,0.8534207597392496,-0.02993134843659095,0.007373370528336462,0.06866364909925249,0
45.752,19.283120129690257,24.879967881404347,0.8069664062084082,-0.5235445876671775,-0.0011398996673596922,-0.020349847520600563,0.8517544535011501,-0.05167147848550548,0.00999337343760832,0.034921979640484865,0
45.802,19.280144253979746,24.88054563245276,0.8077334710863746,-0.5269764364491325,-0.001059476418719879,-0.02428288658382542,0.8495322562188261,-0.06642169366624645,0.01386576201061613,-0.0007823804223505629,0
45.852000000000004,19.27646906977348,24.88147674446556,0.8070674119133453,-0.5300534350492082,-0.003812843198335276,-0.025123071741221796,0.8475834174201181,-0.08177953914680976,0.022610107579314774,-0.020998848603678805,0
45.902,19.271747852387225,24.882846701633607,0.8058334956695369,-0.5324326990461393,-0.009071688589347815,-0.022697543308176093,0.8461193455892346,-0.10711482904635627,0.03309711184890947,-0.028296074928076988,0
45.952,19.26564323579309,24.884625757159736,0.8040974576213592,-0.5348364432223348,-0.016198165766204416,-0.01677575921378401,0.8446337504089528,-0.13554303358610442,0.035272102548191936,-0.04662076369827346,0
46.002,19.25861803636966,24.886144276869317,0.7995194117578002,-0.5387374926584839,-0.024622154639760897,-0.003865123824277359,0.8421049366455284,-0.13667489601615285,0.037679583475343684,-0.12581303571194072,0
46.052,19.252059862567936,24.888491897893086,0.7986016827001737,-0.5394670949956262,-0.02846607416985271,0.0034097090999102176,0.8415184548910334,-0.10673243029254252,0.04699278213784432,0.0345139998068353,0
46.102000000000004,19.247991831102514,24.89011587708536,0.8004337456506161,-0.5424124629889272,-0.029766608109394372,0.007299108808706438,0.8395530906658304,-0.06440762680334297,0.016749438405213465,0.03116598403632239,0
46.152,19.24557802392388,24.89045348999568,0.8014590042960791,-0.5454993850654015,-0.029488535766218203,0.01068809856330787,0.8375240961911092,-0.03442372549332102,-0.0021138172407766864,0.01351885183756371,0
46.202,19.244628128610962,24.889970713816577,0.802000178245848,-0.5489895016816636,-0.028330693217159777,0.01213077169852416,0.8352608833431343,-0.00400865657395573,-0.015516313383815795,0.009608171796021959,0
46.252,19.24517545845986,24.888969024228633,0.8026102674856138,-0.5528947625846361,-0.026285828224188075,0.010866736859746335,0.8327654836573553,0.02492744096906568,-0.02436092882191855,0.01517283456722033,0
46.302,19.24719338457098,24.887552641244614,0.8034266646856527,-0.5569505416548571,-0.022876045608564387,0.006804043216625846,0.8302026774731476,0.054954654691552945,-0.030476437863088818,0.014176181139175365,0
46.352000000000004,19.25063240762328,24.8857161192462,0.8039630633177705,-0.5607276850932853,-0.01754650264748653,-0.00011130890029876307,0.8278143336673365,0.08172032158979496,-0.04217847678307089,0.002552017125066016,0
46.402,19.25522596607391,24.883571735246278,0.8024638781863738,-0.563207800629341,-0.008904507255755974,-0.01110298758954033,0.8261927176678456,0.09737547057046488,-0.03644321566714147,-0.07258931705488006,0
46.452,19.260192309574975,24.882263379511013,0.8017668964184734,-0.5664471343448997,-0.0037348620371668796,-0.019627575324668176,0.8238558448447701,0.08612811508169363,-0.0023796265780175485,0.02401419807765791,0
46.502,19.26278283909984,24.88212989680332,0.8036470338617598,-0.567956944715048,-0.001896532785375182,-0.024132893899210025,0.8227022034402193,0.02166519323093667,-0.0035543816698605946,0.04121170663619827,0
46.552,19.2627562655641,24.882171463330085,0.8051766021303456,-0.5696248883149877,0.00039690743458973106,-0.02781648621102496,0.821433851366925,-0.017692574703559012,0.00456418005978393,0.01952059955145255,0
46.602000000000004,19.261103464772173,24.88260141034791,0.8056169261020804,-0.5713332951861797,0.0009045069002013336,-0.02964726818135655,0.8201819841768969,-0.046251495765946594,0.01259668780446064,-3.291905335085993e-05,0
46.652,19.258154621494885,24.883520798848647,0.8052841857208327,-0.5725740631355642,-0.0012856015080730222,-0.02875984260986422,0.8193473994016512,-0.07155209537200914,0.023087641544255993,-0.010632356516776366,0
46.702,19.253830294432554,24.88491797352363,0.8046482828490504,-0.5734337940318399,-0.006217804307872233,-0.025134661621639697,0.8188426415111781,-0.10029744020401582,0.03338538133864011,-0.01574890915153056,0
46.752,19.24805946436567,24.886656302533204,0.8035269407299248,-0.5742453631457848,-0.013468710286924205,-0.01831256807874714,0.8183675864787987,-0.12850667646908992,0.03328539189318164,-0.03486584378762062,0
46.802,19.241439565572374,24.88797043138859,0.7994613885285592,-0.5764575897017359,-0.02260950452307084,-0.004571661875434953,0.8168014186374695,-0.12786021619674925,0.029327237980649453,-0.1250712853695444,0
46.852000000000004,19.2349885192598,24.889853594496476,0.7983805995399333,-0.5762608917912038,-0.02720322546922204,0.004255025021239838,0.8168018510496557,-0.10889532883206646,0.039753432263462944,0.03720725981190526,0
46.902,19.23083727592464,24.891206614192647,0.8004961214951868,-0.5777645872483044,-0.029389664606852235,0.008544536676500472,0.8156294012779807,-0.06537709215568056,0.012403812935250438,0.0375079408312833,0
