time_s,x,y,z,qw,qx,qy,qz,vx,vy,vz,wx,wy,wz,contact
4.000000000000000083e-03,-4.323777854442596436e-01,1.833937615156173706e-01,4.915300676508331246e-01,9.999999973250611740e-01,0.000000000000000000e+00,-1.776356837816368652e-19,-7.314285707763958512e-05,0.000000000000000000e+00,0.000000000000000000e+00,2.475999999999999729e-02,0.000000000000000000e+00,-8.881784197001252816e-17,-3.657142857142856723e-02,0.000000000000000000e+00
5.200000000000000455e-02,-4.323777854442596436e-01,1.833937615156173706e-01,5.004436676508331461e-01,9.999778489137787219e-01,9.835346047482502241e-19,-3.558776802215002100e-19,-6.655950854050788311e-03,-1.299551732618107527e-18,-8.387283545666820969e-19,3.218799999999996664e-01,4.702078195992157228e-20,1.773009535481929796e-16,-4.754285714285710340e-01,0.000000000000000000e+00
1.000000000000000056e-01,-4.323777854442596436e-01,1.833937615156173706e-01,5.236190276508331243e-01,9.997174728964329793e-01,5.105435877721025294e-18,6.421303300855288190e-18,-2.376918983830568141e-02,2.117939186652771618e-18,-4.573182544422127804e-18,6.189999999999995506e-01,2.732627792705918626e-16,3.954315990977088405e-16,-9.142857142857140351e-01,0.000000000000000000e+00
1.479999999999999927e-01,-4.323777854442596436e-01,1.833937615156173706e-01,5.610561476508331147e-01,9.986783124283570290e-01,8.955069663468488328e-18,1.401400205151883720e-17,-5.139677310151793965e-02,1.771060595466018762e-17,-1.600363281096140421e-17,9.161199999999996013e-01,1.971632494640534127e-16,2.556318215960008932e-16,-1.353142857142855870e+00,0.000000000000000000e+00
1.960000000000000075e-01,-4.323777854442596436e-01,1.833937615156173706e-01,6.127550276508331173e-01,9.959886047544972421e-01,1.318724616516376545e-17,1.922399842673196142e-17,-8.948016092514585185e-02,4.185536061068985450e-17,-3.422728674079469233e-17,1.213239999999998986e+00,2.981034034371630390e-16,2.010982552038782142e-16,-1.791999999999997595e+00,0.000000000000000000e+00
2.439999999999999947e-01,-4.323777854442596436e-01,1.833937615156173706e-01,6.787156676508330211e-01,9.904499765776303422e-01,1.841983771635033004e-17,1.730586780181261042e-17,-1.378725639762011512e-01,6.800305554790191217e-17,-6.164958455424987007e-17,1.510359999999999259e+00,2.938416480330064010e-16,-1.732989156928978485e-16,-2.230857142857139319e+00,0.000000000000000000e+00
2.919999999999999818e-01,-4.323771788581767805e-01,1.833925114646987320e-01,7.582107992281846842e-01,9.805893722649363653e-01,1.972322148680921076e-04,1.359108745547557540e-04,-1.960725009498947846e-01,4.236495500500460473e-05,-9.040056653383206949e-05,1.768531067138782387e+00,1.439966954654807799e-02,1.333477655567948290e-02,-2.647457759994910287e+00,0.000000000000000000e+00
3.400000000000000244e-01,-4.323698501754890677e-01,1.833740541589970741e-01,8.482919358396870946e-01,9.648633743685831599e-01,8.958332733812262531e-04,5.490711244975669206e-04,-2.627500043876677127e-01,2.829521721992600569e-04,-7.745921088030449696e-04,1.957851669274371265e+00,3.616564562551607270e-02,3.051926213056794721e-02,-3.024715513026646097e+00,0.000000000000000000e+00
3.880000000000000115e-01,-4.323456353767186622e-01,1.832927525561114934e-01,9.456339245920097891e-01,9.417721311810822726e-01,2.310094644077267598e-03,1.233367302021615370e-03,-3.362415726802336913e-01,7.030237872697966571e-04,-2.708819555510303019e-03,2.075482941420384364e+00,6.627153321083982529e-02,5.040911270191518467e-02,-3.361009703379730151e+00,0.000000000000000000e+00
4.359999999999999987e-01,-4.323032639138256195e-01,1.830751541335181587e-01,1.046448656417882761e+00,9.100224885751713177e-01,4.648649145983290050e-03,2.105351082596334383e-03,-4.145274753805705537e-01,9.729365483598981625e-04,-6.346015243653644992e-03,2.106440164375087409e+00,1.049059474397655706e-01,7.096748253492730918e-02,-3.647781698757099456e+00,0.000000000000000000e+00
4.839999999999999858e-01,-4.322645020834279816e-01,1.826398317833815566e-01,1.146150840293711726e+00,8.687821091541331198e-01,8.350063442822677415e-03,2.009820711544886215e-03,-4.951200701596581433e-01,4.464906023068417333e-04,-1.161937689887976473e-02,2.040433081196548759e+00,2.589223350528080392e-01,-2.412615189401981844e-02,-3.864254824277025158e+00,0.000000000000000000e+00
5.320000000000000284e-01,-4.323378634090955797e-01,1.819108840609897082e-01,1.241589522802617251e+00,8.182540026375588749e-01,1.436733140234327556e-02,-4.711965258918713977e-03,-5.746579542122333129e-01,-4.296950671758505494e-03,-1.832011197232097030e-02,1.944337925549684654e+00,4.624557487919843113e-01,-2.178946676120659121e-01,-3.952806433468568859e+00,0.000000000000000000e+00
5.799999999999999600e-01,-4.328586392167390051e-01,1.808684173142691975e-01,1.332444734676563547e+00,7.601639090441040247e-01,2.086932123481785237e-02,-1.565681753323475839e-02,-6.492073373605051767e-01,-1.793789199946605600e-02,-2.423051060523987235e-02,1.849421789839357011e+00,5.271241725338042805e-01,-3.067200192331354103e-01,-3.894363603782563299e+00,0.000000000000000000e+00
6.280000000000000027e-01,-4.343045138644850423e-01,1.796304824808637457e-01,1.418840267051250326e+00,6.974383476307081109e-01,2.659861480839049996e-02,-2.770763039631334718e-02,-7.156148071150042478e-01,-4.235078327242910307e-02,-2.632036608301307687e-02,1.763557572985376742e+00,4.967497870220314304e-01,-3.416902711361045619e-01,-3.700332740006326393e+00,0.000000000000000000e+00
6.760000000000000453e-01,-4.373371422065677749e-01,1.784673426036114952e-01,1.503176613899306346e+00,6.332872905042984391e-01,3.034776151847993347e-02,-3.878543628054856307e-02,-7.723483093715356462e-01,-8.371144574850696018e-02,-2.089825883811815069e-02,1.768418810886845494e+00,3.983604971038610665e-01,-3.467571480308333509e-01,-3.427429182930520568e+00,0.000000000000000000e+00
7.239999999999999769e-01,-4.428345462436976687e-01,1.778742324698318888e-01,1.590509794018953205e+00,5.705571453634169510e-01,3.228726966192466130e-02,-4.752071026516298258e-02,-8.192459082524735647e-01,-1.431212177276649788e-01,-2.928944840109541127e-03,1.877130753930490670e+00,2.822728419031594882e-01,-3.109711058102859194e-01,-3.094332971159597712e+00,0.000000000000000000e+00
7.720000000000000195e-01,-4.515614148807294281e-01,1.785267069747231983e-01,1.685307931567898043e+00,5.118748351100447236e-01,3.304200500901056936e-02,-5.326663449845823323e-02,-8.567701236243336904e-01,-2.161479789364123827e-01,2.978998414066707373e-02,2.068245270552546700e+00,1.656227643497083235e-01,-2.484292233503476166e-01,-2.713292040337229594e+00,0.000000000000000000e+00
8.200000000000000622e-01,-4.640039502136129590e-01,1.810973407994217743e-01,1.790787549554164082e+00,4.593922073651610094e-01,3.322984649427163095e-02,-5.594321494232565306e-02,-8.858470149049710862e-01,-2.962246066563249958e-01,7.528130477555386446e-02,2.312541996833134217e+00,5.948181345788682017e-02,-1.725226340034482775e-01,-2.301242859291294796e+00,0.000000000000000000e+00
8.679999999999999938e-01,-4.803313244187470410e-01,1.860728302767850617e-01,1.908667637676678464e+00,4.146132981996866751e-01,3.332407422227651184e-02,-5.586607674077780084e-02,-9.076697089265447493e-01,-3.770199980047774790e-01,1.283352664989175496e-01,2.577836798774115312e+00,-2.951826550169364682e-02,-9.540955379636967271e-02,-1.876960372749973516e+00,0.000000000000000000e+00
9.160000000000000364e-01,-5.004479871653804146e-01,1.936506683554772290e-01,2.039136485306961788e+00,3.783493658028160289e-01,3.359604030096727256e-02,-5.358420600811805712e-02,-9.234997543795999686e-01,-4.538254656195177539e-01,1.825749259544368341e-01,2.833031934338211766e+00,-9.822494472803940113e-02,-2.689008088076513120e-02,-1.458595452759905209e+00,0.000000000000000000e+00
9.639999999999999680e-01,-5.240814964404917342e-01,2.037366092427713993e-01,2.180985614937040573e+00,3.507763661914996001e-01,3.412323759726879763e-02,-4.973946903617797871e-02,-9.345145963532969224e-01,-5.237886424858549939e-01,2.324232886329826997e-01,3.051078308498425429e+00,-1.462638940092482742e-01,2.657508389774212651e-02,-1.061873919027439772e+00,0.000000000000000000e+00
1.012000000000000011e+00,-5.508616290898642465e-01,2.160164838969318712e-01,2.331853898739006947e+00,3.315536379277623791e-01,3.484008002374118507e-02,-4.495863420727659598e-02,-9.417202743973505097e-01,-5.854726807889044649e-01,2.742387671676085881e-01,3.210700630346022599e+00,-1.753694473955299538e-01,6.220931348314259063e-02,-6.990780534043063987e-01,0.000000000000000000e+00
1.060000000000000053e+00,-5.803733213444133288e-01,2.300578615999961107e-01,2.488523732034980895e+00,3.199639191875612299e-01,3.560528274151157635e-02,-3.978215907593322248e-02,-9.459242750232648156e-01,-6.382920172315300622e-01,3.065282986502690932e-01,3.296971847320533833e+00,-1.886753875273494141e-01,8.051024365127960880e-02,-3.787454186405597722e-01,0.000000000000000000e+00
1.108000000000000096e+00,-6.121865771265346812e-01,2.454042827290456030e-01,2.647221098231818726e+00,3.150467402297595920e-01,3.626360926434002430e-02,-3.462723554610908777e-02,-9.477507355165489811e-01,-6.821272806757677776e-01,3.295408645639640866e-01,3.301031624234596062e+00,-1.900098990884728500e-01,8.429684639943281488e-02,-1.058795853512073393e-01,0.000000000000000000e+00
1.155999999999999917e+00,-6.458829199614380956e-01,2.616462395500382954e-01,2.803996216551398302e+00,3.156857853238197453e-01,3.608964826695859607e-02,-2.947640339092425996e-02,-9.477189266209601337e-01,-7.178671082770988754e-01,3.449215028995983867e-01,3.227997421298586023e+00,-2.586964051150827948e-01,2.114166253700307946e-03,1.129668063716612325e-01,0.000000000000000000e+00
1.203999999999999959e+00,-6.811470143793292298e-01,2.784915859974000374e-01,2.956318470186852565e+00,3.204084066769512518e-01,3.076462714173280877e-02,-2.236505079521914491e-02,-9.465156074521400287e-01,-7.480847260522984765e-01,3.554470655577359195e-01,3.127263455531243963e+00,-4.173243395659626542e-01,-1.830471800566800256e-01,2.575007851222576583e-01,0.000000000000000000e+00
1.252000000000000002e+00,-7.176953942613825133e-01,2.957411738371165666e-01,3.103835274589696880e+00,3.274583018285322500e-01,2.186328564629108628e-02,-1.417879998995950040e-02,-9.445062302257017928e-01,-7.714765264202558814e-01,3.621045982300578059e-01,3.027816843115379353e+00,-4.628216880482937112e-01,-2.625143442386976833e-01,3.315403180466915956e-01,0.000000000000000000e+00
1.300000000000000044e+00,-7.155742922225789560e-01,2.881132532289890635e-01,3.185890976388089602e+00,3.258736513337325280e-01,9.046749185465760568e-02,-1.216999436145030089e-01,-9.331726099753329118e-01,3.161150121892640774e-01,-3.408086910996351304e-01,1.244679476872354806e+00,6.260120929842156734e+00,1.831732386554307146e+00,1.068291735626041156e-01,1.000000000000000000e+00
1.348000000000000087e+00,-7.044657781776555439e-01,2.744812256730422839e-01,3.245606284470044400e+00,3.220576403969865331e-01,1.617303560606700996e-01,-2.103131139205561551e-01,-9.087852124146017507e-01,1.483622043439467575e-01,-2.289691599850793013e-01,1.227318296971258160e+00,3.247374597982658262e+00,1.420127896488231345e+00,1.732417600464418728e-01,0.000000000000000000e+00
1.396000000000000130e+00,-7.024820645223229798e-01,2.667457983867678739e-01,3.301630466345984782e+00,3.236331746652013064e-01,1.982859103754857633e-01,-2.457055372498982981e-01,-8.919490203859333777e-01,-4.831217196927541785e-02,-1.056647177899544404e-01,1.101107112699472035e+00,9.880235785995761244e-01,6.875260869514118189e-01,2.203978767409485728e-01,0.000000000000000000e+00
1.443999999999999950e+00,-7.095073016074436856e-01,2.644772046210543959e-01,3.349434161479679872e+00,3.299258932826408253e-01,2.029259905583170320e-01,-2.462758830684379785e-01,-8.884357808623187802e-01,-2.267765188429825829e-01,-3.154019187675410896e-05,9.016905773718042472e-01,-5.860502123453632528e-01,-5.952260655119358951e-02,2.464331019540640377e-01,0.000000000000000000e+00
1.491999999999999993e+00,-7.247582176899243223e-01,2.669972536286059350e-01,3.387293177422599832e+00,3.384965186576283647e-01,1.864144751012814238e-01,-2.268845918473547663e-01,-8.939760244613041973e-01,-3.925872623356140845e-01,9.556105991110480646e-02,6.941160604704432746e-01,-1.395516310627134660e+00,-4.634956214081463188e-01,2.417141497243706083e-01,0.000000000000000000e+00
1.540000000000000036e+00,-7.373180900118132541e-01,2.671544095083036585e-01,3.407236816139695534e+00,3.392419022308003074e-01,1.658188249739698250e-01,-2.235472980686722400e-01,-8.985797986719237240e-01,-6.533364687255345526e-02,-1.233784513689660661e-01,1.307455364149580079e-01,5.340297414268941889e-01,-9.964957947786737824e-01,-3.504120429039537382e-02,1.000000000000000000e+00
1.588000000000000078e+00,-7.414503772884758481e-01,2.629768385747524584e-01,3.408811244025717446e+00,3.322086907113859788e-01,1.460112191557053907e-01,-2.307122434302149028e-01,-9.028233328995693974e-01,-9.548863910627022888e-02,-5.541056542648495342e-02,-4.067706223429989887e-02,-4.052473042209098208e-01,-9.090456723559134922e-01,-1.482510977249484330e-01,1.000000000000000000e+00
1.636000000000000121e+00,-7.446997840496450971e-01,2.605893840247920923e-01,3.403789633729848774e+00,3.251022566881557885e-01,1.227482125710813859e-01,-2.200062255869358052e-01,-9.115035160161817362e-01,-5.785678232331411402e-02,-4.288290531079286955e-02,-1.459834563559069542e-01,-1.047888848597380074e+00,-7.484556606336819629e-01,-2.486128185680658575e-01,1.000000000000000000e+00
1.683999999999999941e+00,-7.471411612172330630e-01,2.588656978614010118e-01,3.395327442180630317e+00,3.198608696800980256e-01,9.983729822065408321e-02,-1.964783017679170574e-01,-9.214758894653106713e-01,-4.543043575351825986e-02,-3.096291833866128898e-02,-1.954714577403118270e-01,-1.410513066771574175e+00,-5.868845431251450417e-01,-2.294032092700042380e-01,1.000000000000000000e+00
1.731999999999999984e+00,-7.490236665944075556e-01,2.576078818976518248e-01,3.385499005329771549e+00,3.162486199907450501e-01,7.764064762762390437e-02,-1.671605303359275096e-01,-9.305998588478953115e-01,-3.380340640708540123e-02,-2.229666721376687144e-02,-2.077769760609601279e-01,-1.505986518722848277e+00,-4.818229177531966889e-01,-1.706726806617810122e-01,1.000000000000000000e+00
1.780000000000000027e+00,-7.503043944607624693e-01,2.567659676110576883e-01,3.375795451242089129e+00,3.141979898527296755e-01,5.771182611179136168e-02,-1.372192702046018398e-01,-9.376139078447277564e-01,-2.029191690017300917e-02,-1.337677230030556892e-02,-1.943829073586412493e-01,-1.408955003499046787e+00,-3.524929247940185029e-01,-9.250818282386985558e-02,1.000000000000000000e+00
1.828000000000000069e+00,-7.508802820170569214e-01,2.563753192215598720e-01,3.367151601667444538e+00,3.139448152308612627e-01,4.226005074907968062e-02,-1.097617413371888423e-01,-9.421279643652302749e-01,-4.769642378805071664e-03,-3.611451944845047585e-03,-1.665196688200615005e-01,-1.196074106332916109e+00,-1.666958031501115656e-01,-5.977724708489783566e-03,1.000000000000000000e+00
1.876000000000000112e+00,-7.507010843102573938e-01,2.564559376697795323e-01,3.360021666267124285e+00,3.156938930118864950e-01,3.316681589818099712e-02,-8.623691627643607915e-02,-9.443519060759633099e-01,1.049396491904118489e-02,5.856292851419895445e-03,-1.330829699668577004e-01,-9.357860857009805411e-01,4.862989153048600383e-02,7.917560437256127015e-02,1.000000000000000000e+00
1.923999999999999932e+00,-7.498991114255747492e-01,2.569256780274311591e-01,3.354486689627687479e+00,3.192317480594745183e-01,2.957308880021608521e-02,-6.724644888835284995e-02,-9.448250835798186476e-01,2.117631540064602094e-02,1.270715672964088314e-02,-1.007182765397708207e-01,-6.919139294841039067e-01,1.661281783489322594e-01,1.517376478327535361e-01,1.000000000000000000e+00
1.971999999999999975e+00,-7.487161657315645202e-01,2.576290771920915490e-01,3.350400591595341648e+00,3.240280482635768955e-01,2.927871276343363763e-02,-5.285078879610394936e-02,-9.441161872571839364e-01,2.679078981107549731e-02,1.532605703681392227e-02,-7.293528639038067418e-02,-4.796442731899727696e-01,2.087305454994446696e-01,2.042137307250868061e-01,1.000000000000000000e+00
2.020000000000000018e+00,-7.474786038763913121e-01,2.583999194792789278e-01,3.347379447230187655e+00,3.296302141868367452e-01,3.086543466583072104e-02,-4.299247720560489538e-02,-9.426255320867102938e-01,2.461479670365358460e-02,1.579148822088717249e-02,-5.526532053190368748e-02,-2.841041524331426316e-01,2.050270897320565500e-01,2.387468006964272582e-01,0.000000000000000000e+00
2.068000000000000060e+00,-7.464410004684998157e-01,2.591140611887706724e-01,3.345030756268179140e+00,3.355096664554660935e-01,3.334524325889162699e-02,-3.712565666855024288e-02,-9.407141138963922566e-01,1.938581007255707131e-02,1.302868537638603857e-02,-4.366331277027506869e-02,-1.398799139676014658e-01,1.766269579209333862e-01,2.463746094420260491e-01,0.000000000000000000e+00
2.116000000000000103e+00,-7.456963063333336139e-01,2.596175098337388243e-01,3.343141435101771197e+00,3.411346164882291809e-01,3.598949775286315600e-02,-3.418713959530406826e-02,-9.387029183779161956e-01,1.436642186891995063e-02,6.446699081797215881e-03,-3.454762209632766812e-02,-5.380742205812858586e-02,1.384610019913028456e-01,2.279680180871021533e-01,1.000000000000000000e+00
2.164000000000000146e+00,-7.453411667809737295e-01,2.598598197059258652e-01,3.341519481922749613e+00,3.461184914885637731e-01,3.837901512843180929e-02,-3.330130112638388790e-02,-9.368137831985301478e-01,7.025287288277896197e-03,-7.527377805715846498e-05,-2.959552421485529480e-02,3.210777072885924455e-03,9.818457934469755621e-02,1.951351547263184549e-01,1.000000000000000000e+00
2.212000000000000188e+00,-7.453988801294720856e-01,2.598030145802216473e-01,3.340057183361484050e+00,3.502082832430036263e-01,4.029642695362768007e-02,-3.371934919929775454e-02,-9.351969641804530609e-01,1.276097233918000763e-03,-7.978033761242238342e-03,-2.565263383639630052e-02,2.538204187536728315e-02,6.123103050006068609e-02,1.482594968445681838e-01,1.000000000000000000e+00
2.260000000000000231e+00,-7.459442432138360113e-01,2.594959676478082455e-01,3.338628978440621786e+00,3.533414838032924443e-01,4.170065194740046194e-02,-3.500223853708763627e-02,-9.339088257149320560e-01,-2.257670336059306934e-02,-4.837641357169369764e-03,-3.337867468268498894e-02,9.709644643791756624e-02,2.769850599383346518e-02,1.358861951221741471e-01,0.000000000000000000e+00
2.307999999999999829e+00,-7.467695364377054945e-01,2.588580454451256951e-01,3.337275875521053425e+00,3.553317602865453395e-01,4.251197731449472134e-02,-3.643385199897718890e-02,-9.330619734749642236e-01,-2.367458969398618385e-02,-1.404312710931157442e-02,-2.977598408479984263e-02,7.766635136766600334e-02,4.002515535848721190e-03,7.852437520714743158e-02,0.000000000000000000e+00
2.355999999999999872e+00,-7.480259201382204459e-01,2.580267719542677085e-01,3.335860855961874538e+00,3.564402112534992839e-01,4.291789534707990406e-02,-3.809899251770094281e-02,-9.325539645670247735e-01,-2.235978194191241136e-02,-2.306167109713094104e-02,-2.669942025113152678e-02,4.512588055494561046e-02,-1.360597663721962482e-02,1.892531362673537110e-02,1.000000000000000000e+00
2.403999999999999915e+00,-7.496649797849468388e-01,2.570339243186480771e-01,3.334364004842345075e+00,3.567909042527880326e-01,4.299991912989426651e-02,-3.979175351727386872e-02,-9.323453619498097700e-01,-4.447163166798886319e-02,-1.832623915910516071e-02,-3.507487593316119256e-02,8.257248440055869887e-02,-2.661593431884811886e-02,2.194764095674642257e-02,0.000000000000000000e+00
2.451999999999999957e+00,-7.514058808870909267e-01,2.557906459073158723e-01,3.332862340280172031e+00,3.562870146893011292e-01,4.275851620649657320e-02,-4.110101490739376945e-02,-9.324923479735305332e-01,-3.079406247880830949e-02,-3.137916799247504607e-02,-2.897872638262150718e-02,2.635678729881843485e-02,-3.194814459802006179e-02,-4.833243313168454625e-02,0.000000000000000000e+00
2.500000000000000000e+00,-7.536038292496408664e-01,2.545360365388843471e-01,3.331176801845884938e+00,3.555327721868989377e-01,4.246629628463433059e-02,-4.255028356732712402e-02,-9.327285430120095810e-01,-4.937501229795596830e-02,-2.637470598366670541e-02,-3.665894151195461803e-02,5.037729160056815536e-02,-3.592240692362979465e-02,-3.519595792875591933e-02,0.000000000000000000e+00
2.548000000000000043e+00,-7.559776760837570997e-01,2.531621712300536897e-01,3.329398623667843449e+00,3.543647580843742317e-01,4.203953254162282743e-02,-4.367981687214030073e-02,-9.331400589030036663e-01,-4.041396898929155296e-02,-3.545853820356853481e-02,-3.404060286247222872e-02,7.357105338674424511e-03,-3.539392350410756199e-02,-8.208279519558411841e-02,1.000000000000000000e+00
2.596000000000000085e+00,-7.585254304984401230e-01,2.516973394367172934e-01,3.327508190089526696e+00,3.529774916476518531e-01,4.158649059350121718e-02,-4.462146432633399412e-02,-9.336414617569329666e-01,-5.946573707805416498e-02,-2.858534654368169448e-02,-4.227712068487603919e-02,4.059394909760581649e-02,-3.419494695218577851e-02,-4.920264961370180573e-02,0.000000000000000000e+00
2.644000000000000128e+00,-7.614439881479423411e-01,2.502697115208037393e-01,3.325421883117370747e+00,3.516813074479703261e-01,4.116441143146058745e-02,-4.553927261033053481e-02,-9.341048784121137594e-01,-5.681722732931895198e-02,-3.370627617326174552e-02,-4.268515915373884834e-02,1.237485874236560895e-02,-3.151992808695316256e-02,-7.191780024610694433e-02,1.000000000000000000e+00
2.692000000000000171e+00,-7.644462289890109341e-01,2.487237874359298495e-01,3.323231873547211723e+00,3.502591700025477484e-01,4.073329667304894514e-02,-4.620115808970858690e-02,-9.346254679616013972e-01,-5.676064930376603646e-02,-3.742519846235413394e-02,-4.441585461787610212e-02,2.471373634269427577e-04,-2.804830336796761137e-02,-8.189760670691063893e-02,0.000000000000000000e+00
2.740000000000000213e+00,-7.676661617868106857e-01,2.471288609824574545e-01,3.320883531217292184e+00,3.488945820433809741e-01,4.032519662069750099e-02,-4.674615585634112752e-02,-9.351263262527325093e-01,-7.083695828789807192e-02,-3.263672912636726708e-02,-5.104860245413663650e-02,2.199630387778137713e-02,-2.617323214482974655e-02,-5.085550517206216536e-02,0.000000000000000000e+00
2.788000000000000256e+00,-7.713059168767794072e-01,2.455998432233878759e-01,3.318306363510979740e+00,3.478365145714463758e-01,3.996255346044511048e-02,-4.735389727009646499e-02,-9.355054045087298764e-01,-8.057699488767998408e-02,-3.073006120700948196e-02,-5.611163796489113814e-02,2.449702715069942624e-02,-2.513615720375503987e-02,-3.530995187449911810e-02,0.000000000000000000e+00
2.835999999999999854e+00,-7.752460711845684527e-01,2.440412196514796517e-01,3.315540754943918866e+00,3.469072902684337545e-01,3.958726581662155158e-02,-4.786461452057105825e-02,-9.358403491090637738e-01,-8.744601598919697627e-02,-3.113558196155458840e-02,-6.022657757409584367e-02,2.086976922006161111e-02,-2.443066662974113096e-02,-2.883044968179528447e-02,0.000000000000000000e+00
2.883999999999999897e+00,-7.796043355749177062e-01,2.425031573827221010e-01,3.312549241308100356e+00,3.461955438043397559e-01,3.918897088013201940e-02,-4.835125780698351639e-02,-9.360956285977715119e-01,-9.028656092356171503e-02,-3.526443775985820678e-02,-6.309236763806408410e-02,5.817707383002718169e-03,-2.378617674673050297e-02,-3.875063716640306938e-02,0.000000000000000000e+00
2.931999999999999940e+00,-7.844539884720914680e-01,2.410097572354681639e-01,3.309310790696430971e+00,3.457458547638314617e-01,3.875757422572221472e-02,-4.887770806364815507e-02,-9.362524360492798792e-01,-1.155339441480946333e-01,-2.347463817489571503e-02,-7.271684703180061882e-02,2.895860570732311859e-02,-2.841610952769946935e-02,1.428113156306021897e-02,0.000000000000000000e+00
2.979999999999999982e+00,-7.895842438231875926e-01,2.393462626152651762e-01,3.305885102267048570e+00,3.451204120002925868e-01,3.821440379404802273e-02,-4.914612818424828750e-02,-9.364914407766428139e-01,-9.339224231129915343e-02,-4.965452864241844122e-02,-6.874695318806799127e-02,-2.447752919142077987e-02,-2.431997428334218767e-02,-8.048054157154677091e-02,0.000000000000000000e+00
3.028000000000000025e+00,-7.953212843186304726e-01,2.377490210595008258e-01,3.302172696649423145e+00,3.448848120517999383e-01,3.766142762535192728e-02,-4.970637830316069344e-02,-9.365710647042216896e-01,-1.416013113373869037e-01,-1.930687295607296655e-02,-8.445574359632515571e-02,3.210768721046287910e-02,-3.536989754380804457e-02,4.443201692540238446e-02,0.000000000000000000e+00
3.076000000000000068e+00,-8.020781376484241720e-01,2.364597429266999395e-01,3.298065959345876763e+00,3.450052825678825430e-01,3.687557843927469908e-02,-5.007447286295114292e-02,-9.365383568666705294e-01,-1.320001359779657546e-01,-4.038676437113455919e-02,-8.443955578652949379e-02,-1.482841291211065698e-02,-3.468610291781583366e-02,-3.943322649920015521e-02,0.000000000000000000e+00
3.124000000000000110e+00,-8.096480640809807783e-01,2.353427672374379109e-01,3.293634809548958486e+00,3.454802465547831547e-01,3.597861686939306247e-02,-5.058121082113577194e-02,-9.363709091382966809e-01,-1.793832261532648242e-01,-8.671642000191152888e-03,-9.884088290061432414e-02,1.339740686280690637e-02,-4.602129013396505375e-02,6.925356782414981982e-02,0.000000000000000000e+00
3.172000000000000153e+00,-8.187373574766871887e-01,2.349637400762883410e-01,3.288708376731308558e+00,3.466350255924227630e-01,3.475966657870177556e-02,-5.083496823526421904e-02,-9.359763515262539135e-01,-1.891206594371181715e-01,-1.644497561734786090e-02,-1.037537173844004929e-01,-2.700226320733528640e-02,-4.882950364205392718e-02,1.476813629250658781e-02,0.000000000000000000e+00
3.220000000000000195e+00,-8.218133709007542365e-01,2.345904881492661964e-01,3.286775834106659744e+00,3.361758055294501446e-01,3.480361948877783163e-02,-4.655139349933969106e-02,-9.400039912736410930e-01,-4.822987567096198580e-02,-4.105578806383356275e-03,-1.232806789115483206e-02,-8.287932082254240163e-02,-3.595246419025269202e-02,-4.896772394561674790e-01,1.000000000000000000e+00
3.268000000000000238e+00,-8.242245559625258622e-01,2.345516479183066272e-01,3.287156327289708191e+00,3.265497614847186481e-01,3.273336491507752161e-02,-4.757771570653009791e-02,-9.434140878022535537e-01,-4.981681353742430790e-02,1.196677939938742882e-03,2.170664848141987471e-02,9.122198017842610140e-02,-1.744334503164168826e-01,-3.674002909461857591e-01,1.000000000000000000e+00
3.316000000000000281e+00,-8.264147833720648650e-01,2.346962217952492380e-01,3.288708662347748390e+00,3.189600917699451643e-01,2.949137107428543084e-02,-5.234089741442012750e-02,-9.458621196285004196e-01,-4.106799641530898409e-02,4.777507053506179803e-03,3.959282201977005339e-02,1.867498611786062856e-01,-2.297340009680849116e-01,-2.810047220290200487e-01,1.000000000000000000e+00
3.363999999999999879e+00,-8.281135950562497072e-01,2.350592573170382227e-01,3.290866369448138151e+00,3.131479266213852419e-01,2.620853772781800081e-02,-5.859400286517581213e-02,-9.475327073147038481e-01,-3.090851579993267317e-02,4.579546970617695903e-03,4.518698522499239173e-02,2.249084018678142172e-01,-2.236989035728691178e-01,-1.962411601263154559e-01,1.000000000000000000e+00
3.411999999999999922e+00,-8.293081711452034988e-01,2.350762198406662618e-01,3.292795796465622704e+00,3.093108968678079385e-01,2.366869057798247356e-02,-6.491305735169612678e-02,-9.484476037981280916e-01,-1.964714045640919907e-02,-5.049658542294987833e-04,3.533726336322885742e-02,1.989584369909501160e-01,-1.588628750177172033e-01,-1.131453104033907364e-01,1.000000000000000000e+00
3.459999999999999964e+00,-8.299383216597094881e-01,2.350677308019049894e-01,3.294079570809573365e+00,3.073795141341001957e-01,2.245946942701112017e-02,-6.929408889032515062e-02,-9.487948860362814818e-01,-7.702941229503914612e-03,-9.222108464890637752e-06,1.851435502685651671e-02,1.172164688808113447e-01,-6.615241852897235653e-02,-4.071674882385949157e-02,1.000000000000000000e+00
3.508000000000000007e+00,-8.300236283969498752e-01,2.350609886129072512e-01,3.294447950933208968e+00,3.072045330620138404e-01,2.277387593695440887e-02,-7.077499127163006110e-02,-9.487347501021868856e-01,3.006911450009518063e-03,-3.333292402942040155e-04,-1.063297910210144826e-03,2.715865837035069327e-02,5.192176217674211031e-02,2.130584643284283430e-02,1.000000000000000000e+00
3.556000000000000050e+00,-8.296558852963773489e-01,2.350300364717649582e-01,3.293997265083675074e+00,3.084795948633308194e-01,2.571976741130074101e-02,-7.005805631992864657e-02,-9.482988462831418719e-01,1.102429133237387872e-02,-8.251307512239274477e-04,-1.533560510442445388e-02,-3.491414461238751162e-03,1.843242184674109552e-01,6.479674704169599564e-02,1.000000000000000000e+00
3.604000000000000092e+00,-8.290024131360196336e-01,2.349979504033667954e-01,3.293037154668643662e+00,3.106457395738387306e-01,3.050846933660215921e-02,-6.809233113258916781e-02,-9.475926826565783667e-01,1.537145163847321132e-02,1.730932078721160905e-04,-2.314861405608603304e-02,-2.397193009928987040e-02,2.439707893042056264e-01,8.637846574559565616e-02,1.000000000000000000e+00
3.652000000000000135e+00,-8.282258899811461017e-01,2.349987677666715291e-01,3.291831395178839159e+00,3.131199556599802425e-01,3.587960126288045060e-02,-6.549099633782280716e-02,-9.467731919416546571e-01,1.635651481568688864e-02,9.302734689216072346e-05,-2.628105714942172849e-02,-4.181620156674276112e-02,2.561929492362202687e-01,9.042858660688474215e-02,1.000000000000000000e+00
3.700000000000000178e+00,-8.274717995325556741e-01,2.350000719708182639e-01,3.290557063044058594e+00,3.155082266176495454e-01,4.102990308803209502e-02,-6.255957675233977944e-02,-9.459690298026361965e-01,1.483804181551733221e-02,7.187164424626186490e-05,-2.640440145298218050e-02,-5.553295201510664164e-02,2.400633248989672008e-01,8.100571950768757634e-02,1.000000000000000000e+00
3.748000000000000220e+00,-8.268351374868996295e-01,2.349922938531576744e-01,3.289332164170152506e+00,3.175218504093170746e-01,4.555260270716702392e-02,-5.955361665041917357e-02,-9.452820751728561177e-01,1.188469716524026727e-02,-1.692445871092140635e-04,-2.465112634820777401e-02,-6.331268299686630685e-02,2.089921518619073659e-01,6.188120324359373814e-02,1.000000000000000000e+00
3.796000000000000263e+00,-8.263550657004968825e-01,2.349833142115106688e-01,3.288211786802298420e+00,3.189718323716686510e-01,4.927512392764219623e-02,-5.669503398528349253e-02,-9.447828350667591968e-01,8.351953915502139877e-03,-1.340279763567622806e-04,-2.215014625443014959e-02,-6.551720652413384194e-02,1.717492561189730982e-01,3.779802061292229787e-02,1.000000000000000000e+00
3.843999999999999861e+00,-8.260517061811007977e-01,2.349820369211020332e-01,3.287221749569040785e+00,3.198068190648415965e-01,5.218069332975622254e-02,-5.408953865628628177e-02,-9.444972713201470471e-01,4.597809501036977976e-03,5.906986021977836382e-05,-1.931145351216411593e-02,-6.402028954206545608e-02,1.348630790602420859e-01,1.333137311211419346e-02,1.000000000000000000e+00
3.891999999999999904e+00,-8.259248965043939350e-01,2.349888947454594756e-01,3.286369803931478817e+00,3.200569687510620986e-01,5.434345182886118897e-02,-5.179449003120623757e-02,-9.444192166615484885e-01,1.047617541232460578e-03,2.063450410825643834e-04,-1.643828128928346080e-02,-5.966080525439362847e-02,1.015364941761194156e-01,-8.934961484504023652e-03,1.000000000000000000e+00
3.939999999999999947e+00,-8.259558005580789342e-01,2.350010881936981100e-01,3.285652657038063751e+00,3.197982643103423062e-01,5.587869403049492562e-02,-4.983129135604973114e-02,-9.445228870172109881e-01,-1.977494766227442819e-03,1.668182812495380099e-04,-1.365230623921993153e-02,-5.386769970619890990e-02,7.361297401309446764e-02,-2.749267369137831443e-02,1.000000000000000000e+00
3.987999999999999989e+00,-8.261145548048747234e-01,2.350006502627881300e-01,3.285065599386795654e+00,3.191363830725482686e-01,5.691961700633194066e-02,-4.816085190471974808e-02,-9.447712202131453019e-01,-4.323560978503810694e-03,-1.321976104580064866e-05,-1.112817625925677061e-02,-4.766328538830601202e-02,5.134204543581145225e-02,-4.133485815063422941e-02,1.000000000000000000e+00
4.036000000000000476e+00,-8.263669309146810527e-01,2.350009948343242394e-01,3.284588734050285286e+00,3.181867854359514691e-01,5.757880266350876020e-02,-4.679260331940326284e-02,-9.451202586614915191e-01,-5.937352459116384575e-03,1.757457444502707011e-05,-8.968514208278851110e-03,-3.998907616621345806e-02,3.377618394871066687e-02,-5.031179631760997889e-02,1.000000000000000000e+00
4.084000000000000519e+00,-8.266783651604956429e-01,2.350020950470884662e-01,3.284208285611572187e+00,3.170616646131170779e-01,5.795981708647812702e-02,-4.570534162294881408e-02,-9.455282027434133152e-01,-6.863752811238715834e-03,2.769740173179248801e-05,-7.054928108322052090e-03,-3.286372715142669987e-02,1.957864163569306148e-02,-5.476494717327801826e-02,1.000000000000000000e+00
4.131999999999999673e+00,-8.270236145554018536e-01,2.350040658667831572e-01,3.283930736030291175e+00,3.158516338111856947e-01,5.788901358297365851e-02,-4.484846105293115170e-02,-9.459784474639879592e-01,-7.436178322329638560e-03,5.460810061138479313e-05,-4.528922628855821912e-03,-3.227865364929888292e-02,-8.777040612123622465e-03,-5.579682136405012677e-02,1.000000000000000000e+00
4.179999999999999716e+00,-8.273888678824220522e-01,2.350074546829734878e-01,3.283800702987124343e+00,3.146158402899036366e-01,5.712853628005182954e-02,-4.429356773506149675e-02,-9.464625102128854106e-01,-7.687089137915431060e-03,8.257889058759581105e-05,-1.108865455491538478e-03,-2.716440556920082794e-02,-4.073324833089217445e-02,-5.381291767783553254e-02,1.000000000000000000e+00
4.227999999999999758e+00,-8.277521766248593371e-01,2.350116780111849435e-01,3.283834983858861190e+00,3.134280583430538170e-01,5.571416821398809949e-02,-4.410927958839142016e-02,-9.469493941904814083e-01,-7.364225145788637523e-03,8.225045013882270769e-05,2.146241292513271972e-03,-2.138635685784804133e-02,-6.935826695086275140e-02,-4.810650873052949722e-02,1.000000000000000000e+00
4.275999999999999801e+00,-8.280806407212737419e-01,2.350148685653203617e-01,3.283998808790901336e+00,3.123883280776306726e-01,5.375708189335414583e-02,-4.420602791795214676e-02,-9.474014649148962963e-01,-6.274792485881122185e-03,5.383839292670761152e-05,4.249673699605502689e-03,-2.018712738158889852e-02,-9.021520734600338431e-02,-3.823152011095089925e-02,1.000000000000000000e+00
4.323999999999999844e+00,-8.283347990188084653e-01,2.350167121698772399e-01,3.284218877231336542e+00,3.116106567564058683e-01,5.142258486271633622e-02,-4.436295111148402109e-02,-9.477797449463450929e-01,-4.345898140578500178e-03,2.532753070298801815e-05,4.629259130816926887e-03,-2.576227638438457340e-02,-9.901247523341927259e-02,-2.426550990066067559e-02,1.000000000000000000e+00
4.371999999999999886e+00,-8.284790430166820707e-01,2.350172881582897610e-01,3.284427961663342277e+00,3.111918287694691032e-01,4.918265912159720810e-02,-4.448471182855034955e-02,-9.480304964305599214e-01,-1.794581418038967979e-03,1.181343386303454281e-06,3.981773246155236902e-03,-1.985987014477360799e-02,-8.006136758604601167e-02,-7.593699970083108222e-03,1.000000000000000000e+00
4.419999999999999929e+00,-8.284909212188462657e-01,2.350167512536776027e-01,3.284579591378838703e+00,3.111877894404908029e-01,4.783096047817726737e-02,-4.466889603568622441e-02,-9.480923207419356125e-01,1.080058392196551987e-03,-2.268571042195190486e-05,2.292635267144020779e-03,-6.173636123255445488e-04,-3.132131920807388475e-02,9.897472334102434127e-03,1.000000000000000000e+00
4.467999999999999972e+00,-8.283675710609319509e-01,2.350139899304639901e-01,3.284624560955814232e+00,3.115981975815335092e-01,4.798558560858954408e-02,-4.495442002239389417e-02,-9.479362040549939028e-01,3.705288662863297396e-03,-7.744021011620110765e-05,-1.693451064363239462e-04,2.222945469720958786e-02,3.000279782269818854e-02,2.509548957270085756e-02,1.000000000000000000e+00
4.516000000000000014e+00,-8.281459250885869761e-01,2.350101940852188098e-01,3.284569655363361651e+00,3.123139331774488769e-01,4.926308251879597810e-02,-4.523966780708049695e-02,-9.476215111006522918e-01,5.200262246975518796e-03,-8.452422244863858969e-05,-1.842631631997409874e-03,2.907851939820836965e-02,6.024090278493129252e-02,3.405892871561030932e-02,1.000000000000000000e+00
4.564000000000000057e+00,-8.278829231887232520e-01,2.350058846138747548e-01,3.284453544133896230e+00,3.131636726090915590e-01,5.094484136068039293e-02,-4.543121585164806853e-02,-9.472429160056895503e-01,5.562177549968681453e-03,-8.523218294339698984e-05,-2.815187531602325773e-03,2.700590671049245620e-02,6.902055655275053658e-02,3.606271103455435667e-02,1.000000000000000000e+00
4.612000000000000099e+00,-8.276263225991166150e-01,2.350026744923320310e-01,3.284304597557835770e+00,3.139894921159067653e-01,5.263753727420543427e-02,-4.550926357759349505e-02,-9.468731675568416994e-01,5.049812677373416783e-03,-4.912638603990760443e-05,-3.283552546336731409e-03,2.138846613833390864e-02,6.614320404892545802e-02,3.219822454160567449e-02,1.000000000000000000e+00
4.660000000000000142e+00,-8.274109267620857189e-01,2.350013256040946463e-01,3.284142476202329686e+00,3.146750363973662146e-01,5.414531119166448442e-02,-4.548615019178093438e-02,-9.465616286777130961e-01,3.942707778067417942e-03,-1.158677793537396491e-05,-3.416894181129454498e-03,1.495723713264304928e-02,5.752031684327132272e-02,2.438739958996481369e-02,1.000000000000000000e+00
4.708000000000000185e+00,-8.272579371002770632e-01,2.350014971247752216e-01,3.283979742352657549e+00,3.151510648728904629e-01,5.538821780147787366e-02,-4.538536197318433774e-02,-9.463361562134364746e-01,2.519381270144780902e-03,1.437425114082525654e-05,-3.344138856855855772e-03,9.035468608017746886e-03,4.673550922692006754e-02,1.453389738510897818e-02,1.000000000000000000e+00
4.756000000000000227e+00,-8.271761592370917571e-01,2.350025850237457969e-01,3.283823817149766455e+00,3.153899692292999601e-01,5.635299828300013164e-02,-4.523186235780369407e-02,-9.462069464560600718e-01,1.016765877957807353e-03,2.801660057436307575e-05,-3.154864164837629069e-03,4.189176001403670767e-03,3.589103353236305222e-02,4.237923783119779304e-03,1.000000000000000000e+00
4.804000000000000270e+00,-8.271645603107965483e-01,2.350039908547509604e-01,3.283678646810505253e+00,3.153967755506914550e-01,5.706261316732152283e-02,-4.504808591968136738e-02,-9.461709159056391760e-01,-3.899869451890841080e-04,2.612257730842046784e-05,-2.909399332530542611e-03,5.876976778413363182e-04,2.614647939351521372e-02,-5.289508214774966965e-03,1.000000000000000000e+00
4.852000000000000313e+00,-8.272152867945309351e-01,2.350049650596035544e-01,3.283545803645766537e+00,3.151995059404765764e-01,5.755820715262983250e-02,-4.485288573452232697e-02,-9.462159071192683957e-01,-1.581050085538082120e-03,1.617526875319110546e-05,-2.646308452925631455e-03,-1.795103249209005145e-03,1.807225936221843257e-02,-1.327535580650836440e-02,1.000000000000000000e+00
4.900000000000000355e+00,-8.273159783317992622e-01,2.350055846182738384e-01,3.283425667984579466e+00,3.148389609239460318e-01,5.788605002365464908e-02,-4.466084465496888978e-02,-9.463250196690843330e-01,-2.489423409334592420e-03,1.064435511899899926e-05,-2.382237156745329546e-03,-3.148656288464719236e-03,1.176389451916627811e-02,-1.932362118279398050e-02,1.000000000000000000e+00
4.948000000000000398e+00,-8.274524788782968709e-01,2.350060066219395172e-01,3.283317986877848593e+00,3.143618177538158864e-01,5.808962818808224848e-02,-4.448233156728299831e-02,-9.464795638648644260e-01,-3.098194880173455682e-03,7.456787884207981321e-06,-2.127911796787829418e-03,-3.700321179047294257e-03,7.096146459845782337e-03,-2.330633891511992017e-02,1.000000000000000000e+00
4.996000000000000441e+00,-8.276122856288251617e-01,2.350065200854042358e-01,3.283226971738090860e+00,3.138121679557226429e-01,5.813247454047164309e-02,-4.431493258275059216e-02,-9.466671671696001988e-01,-3.509337920721710639e-03,1.567082003420876101e-05,-1.621648057245294932e-03,-7.106233499459738319e-03,-3.551876171064289722e-03,-2.549149330580807379e-02,1.000000000000000000e+00
5.044000000000000483e+00,-8.277882091526558295e-01,2.350076201501616890e-01,3.283171910462161946e+00,3.132238352721930519e-01,5.776435890667209333e-02,-4.413764322630081560e-02,-9.468928008533521457e-01,-3.762774827306722674e-03,2.892600702653082663e-05,-6.969198194646676180e-04,-1.415183427147453758e-02,-2.333409973131554682e-02,-2.596223764436289896e-02,1.000000000000000000e+00
5.092000000000000526e+00,-8.279691471002709191e-01,2.350092806209014007e-01,3.283167418371554902e+00,3.126384421724673346e-01,5.686202636026270463e-02,-4.395779851319211312e-02,-9.471492102008270964e-01,-3.717938934283313533e-03,3.831390601818679582e-05,4.241191576001088898e-04,-2.085615690154658461e-02,-4.441108058920264362e-02,-2.419766502475025408e-02,1.000000000000000000e+00
5.139999999999999680e+00,-8.281371029917381499e-01,2.350111723692542842e-01,3.283215413003804262e+00,3.121131486752873330e-01,5.550026070306206954e-02,-4.380368147017997538e-02,-9.474103340029327303e-01,-3.240496320387596923e-03,3.863641375155570904e-05,1.449762016674087731e-03,-2.417829323792520038e-02,-5.937111348994485865e-02,-1.971261840983419555e-02,1.000000000000000000e+00
5.187999999999999723e+00,-8.282693858913749985e-01,2.350127641280240209e-01,3.283303536149950297e+00,3.117149199250439096e-01,5.393347139705766818e-02,-4.371367613137128183e-02,-9.476360608789994311e-01,-2.271613541477945399e-03,2.643898099843376169e-05,2.079973053878610492e-03,-2.178986469176481811e-02,-6.178796453859208143e-02,-1.247649720463104260e-02,1.000000000000000000e+00
5.235999999999999766e+00,-8.283434532564569741e-01,2.350134374218554867e-01,3.283405709455160526e+00,3.115072105976830485e-01,5.254605981551256633e-02,-4.372272829099087960e-02,-9.477818801677452276e-01,-8.721068498214085444e-04,1.736676662678714450e-06,2.054370833327912559e-03,-1.279575956933792606e-02,-4.771772364618340895e-02,-3.146849593605594107e-03,1.000000000000000000e+00
5.283999999999999808e+00,-8.283432070410482462e-01,2.350126783887700188e-01,3.283486157567600205e+00,3.115320676841869529e-01,5.177019257831271676e-02,-4.384946624482171512e-02,-9.478105518904410554e-01,7.623598361395107076e-04,-3.136782767290111534e-05,1.231341900861426418e-03,2.026783246713613398e-03,-1.688541320305776694e-02,6.873221834245384250e-03,1.000000000000000000e+00
5.331999999999999851e+00,-8.282658639014969237e-01,2.350104560027888312e-01,3.283509563250124774e+00,3.117904801737708675e-01,5.193790095283124658e-02,-4.408094433445500920e-02,-9.477056617242535230e-01,2.251639021151117040e-03,-5.199163806161178340e-05,-1.197626469352028599e-04,1.710468902339988551e-02,2.018163737202711625e-02,1.544069687488406825e-02,1.000000000000000000e+00
5.379999999999999893e+00,-8.281339191079141182e-01,2.350081758865899539e-01,3.283477849271501992e+00,3.122155135779836610e-01,5.277862726693463569e-02,-4.433001981870556690e-02,-9.475076458414078973e-01,3.058101846910965538e-03,-4.185010736712857569e-05,-1.050993461139729116e-03,2.152822566571097052e-02,3.783807721266005397e-02,2.014868634401677933e-02,1.000000000000000000e+00
5.427999999999999936e+00,-8.279814709368125136e-01,2.350063108233948483e-01,3.283411628827686890e+00,3.127045075769035454e-01,5.384884185798183287e-02,-4.452654765733873865e-02,-9.472769287411989536e-01,3.181803950597590202e-03,-3.740636950681869120e-05,-1.610764399410673361e-03,2.004610038047141551e-02,4.243811454733276145e-02,2.068314563759479988e-02,1.000000000000000000e+00
5.475999999999999979e+00,-8.278373244575436551e-01,2.350048721000210505e-01,3.283325710911490170e+00,3.131652539776763611e-01,5.490885214334959019e-02,-4.465006708141790875e-02,-9.470580305171490965e-01,2.786271999515074760e-03,-2.207482705811498946e-05,-1.908296979552980043e-03,1.618631121571736942e-02,4.011476008799048226e-02,1.777666854287486553e-02,1.000000000000000000e+00
5.524000000000000021e+00,-8.277216921795542692e-01,2.350043057758524345e-01,3.283230464723456699e+00,3.135302923202417658e-01,5.584256940082436144e-02,-4.470346063891329769e-02,-9.468801211595910816e-01,2.051557047757727754e-03,-3.466800954529478033e-06,-2.026750224394500716e-03,1.175595136837180761e-02,3.449020204443802723e-02,1.260240837317676971e-02,1.000000000000000000e+00
5.572000000000000064e+00,-8.276463394359245829e-01,2.350045178014954494e-01,3.283132723518820129e+00,3.137608982297131477e-01,5.660523547870182498e-02,-4.469910485206218115e-02,-9.467586472189769564e-01,1.147973247738314721e-03,9.147104815571380739e-06,-2.031067065542217602e-03,7.647169942240131073e-03,2.772859553333882968e-02,6.337583446106305474e-03,1.000000000000000000e+00
5.620000000000000107e+00,-8.276156160153705921e-01,2.350049393901665340e-01,3.283036617106307009e+00,3.138439909253207261e-01,5.719300688508800745e-02,-4.465221710679449091e-02,-9.466979924088544385e-01,2.159549012699444985e-04,8.124631918559509363e-06,-1.970369959792318566e-03,4.275705562765638214e-03,2.111033789651150724e-02,-3.039324681345029807e-05,1.000000000000000000e+00
5.668000000000000149e+00,-8.276278240145323872e-01,2.350052940874987062e-01,3.282944481992515318e+00,3.137857054344428409e-01,5.762390968972039285e-02,-4.457761568809974484e-02,-9.466946985573776452e-01,-6.335871366461299755e-04,6.814755304932988186e-06,-1.872259795800843875e-03,1.748684535037822556e-03,1.527975055573485737e-02,-5.817359000565178358e-03,1.000000000000000000e+00
5.716000000000000192e+00,-8.276771365117605583e-01,2.350055919843942465e-01,3.282857626850198329e+00,3.136052557052832479e-01,5.792480273318070111e-02,-4.448800282933761813e-02,-9.467403437197567939e-01,-1.334443356409571388e-03,5.707373646734435260e-06,-1.754347723061394247e-03,1.442200945431663440e-05,1.049103237834925033e-02,-1.056761211185588446e-02,1.000000000000000000e+00
5.764000000000000234e+00,-8.277554387727706908e-01,2.350058384950304280e-01,3.282776691014623882e+00,3.133295715416953287e-01,5.812427735973935833e-02,-4.439347579528435395e-02,-9.468238311775425409e-01,-1.853845608771702552e-03,4.714169955881888428e-06,-1.626871740106989152e-03,-1.061979103033024174e-03,6.748796131359331013e-03,-1.405222753821540153e-02,1.000000000000000000e+00
5.812000000000000277e+00,-8.278552858342292931e-01,2.350062389820025133e-01,3.282706601361597087e+00,3.129860108572033450e-01,5.817734289021696259e-02,-4.429283724044442289e-02,-9.469389095137662471e-01,-2.261708033274336272e-03,1.271223498157469298e-05,-1.259434208833256925e-03,-4.627387086001058872e-03,-2.556086957814286166e-03,-1.637229829745200788e-02,1.000000000000000000e+00
5.860000000000000320e+00,-8.279721490516104287e-01,2.350071337130212601e-01,3.282663180807489756e+00,3.125974183278719676e-01,5.788883087684629919e-02,-4.417308243958851383e-02,-9.470905321574314417e-01,-2.554908297843877865e-03,2.349859950240624536e-05,-5.652920759772640932e-04,-1.068253234638385889e-02,-1.856935583970001705e-02,-1.742801906392506608e-02,1.000000000000000000e+00
5.908000000000000362e+00,-8.280975056613690821e-01,2.350084776621352567e-01,3.282658066434644972e+00,3.121957747279511808e-01,5.716735197246997774e-02,-4.404251405223021110e-02,-9.472729010514494563e-01,-2.614395019093696503e-03,3.097904853671504157e-05,2.909287957284991278e-04,-1.640323825573981875e-02,-3.559963843937186123e-02,-1.672062647838807453e-02,1.000000000000000000e+00
5.956000000000000405e+00,-8.282171083634367603e-01,2.350100080039583539e-01,3.282693542026497102e+00,3.118266720038245232e-01,5.607097966052986687e-02,-4.392596962373997160e-02,-9.474653983442045124e-01,-2.328870262523634587e-03,3.131640953960898843e-05,1.091472700546786394e-03,-1.939513721070948438e-02,-4.793126399512539354e-02,-1.381386442119689369e-02,1.000000000000000000e+00
6.004000000000000448e+00,-8.283126822185165050e-01,2.350113102728158265e-01,3.282760713952194820e+00,3.115445653757725197e-01,5.479614049167663703e-02,-4.385526342393837596e-02,-9.476360496741642603e-01,-1.644482876088619030e-03,2.202343484055531997e-05,1.597328878088983975e-03,-1.790241809516315147e-02,-5.055295071318893080e-02,-8.636302549602970988e-03,1.000000000000000000e+00
6.052000000000000490e+00,-8.283657054133554132e-01,2.350119065742836688e-01,3.282839765811593313e+00,3.114020240791194882e-01,5.364315714780415467e-02,-4.385937272849319002e-02,-9.477486726524636529e-01,-6.013607741979939102e-04,2.944276746100710152e-06,1.599418440819448022e-03,-1.115942390916318042e-02,-4.022277718755368908e-02,-1.669213880750929557e-03,1.000000000000000000e+00
6.100000000000000533e+00,-8.283623733064122696e-01,2.350113947845227924e-01,3.282902922596345530e+00,3.114354770294703867e-01,5.295480969202241706e-02,-4.395481711616851250e-02,-9.477719693207813378e-01,6.531654487974987693e-04,-2.278171861778377993e-05,9.773988511586845316e-04,3.128898998320003670e-04,-1.650137583700157784e-02,6.007602429438105643e-03,1.000000000000000000e+00
6.147999999999999687e+00,-8.282987817848622702e-01,2.350096740148667207e-01,3.282921125245292338e+00,3.116502307822098250e-01,5.301816882349118243e-02,-4.413574806838137937e-02,-9.476894233716254279e-01,1.845091023519645091e-03,-4.250001923387881561e-05,-1.406797636750485993e-04,1.313991884571637410e-02,1.454644739240002621e-02,1.276129556256115974e-02,1.000000000000000000e+00
6.195999999999999730e+00,-8.281904497065812887e-01,2.350077677192775050e-01,3.282891539489133592e+00,3.119992601176018732e-01,5.368165081102461988e-02,-4.433870083756696889e-02,-9.475277418948266916e-01,2.514303475058026621e-03,-3.551876509429369356e-05,-9.604792520643551509e-04,1.754983554780475269e-02,3.071448779937579338e-02,1.656635437153971407e-02,1.000000000000000000e+00
6.243999999999999773e+00,-8.280648660675332673e-01,2.350063728126675355e-01,3.282831510225026062e+00,3.124006074855487647e-01,5.456393486975460311e-02,-4.450090431391946766e-02,-9.473374831439074217e-01,2.624528623126504059e-03,-2.443878797983438953e-05,-1.454647154257969564e-03,1.661706456824325537e-02,3.529711980624403861e-02,1.697233497545287684e-02,1.000000000000000000e+00
6.291999999999999815e+00,-8.279459877327752793e-01,2.350053920998040891e-01,3.282753988449608418e+00,3.127787302248578594e-01,5.545054676751411116e-02,-4.460235772740452770e-02,-9.471564456135356247e-01,2.296831644429963432e-03,-1.568582754721947460e-05,-1.721954717759043756e-03,1.349194320027100220e-02,3.370853235786411967e-02,1.456811710526145776e-02,1.000000000000000000e+00
6.339999999999999858e+00,-8.278507882254935168e-01,2.350049878408418391e-01,3.282667944915976577e+00,3.130777964937407898e-01,5.623731869086069646e-02,-4.464447799762651797e-02,-9.470092543969180765e-01,1.685957108816761455e-03,-2.417228292852675932e-06,-1.833140902570053014e-03,9.803946990180778531e-03,2.916175096579936774e-02,1.027207235548569311e-02,1.000000000000000000e+00
6.387999999999999901e+00,-8.277891969521844473e-01,2.350050064255465032e-01,3.282579326954174981e+00,3.132654018152742914e-01,5.688341040190016823e-02,-4.463758637653009870e-02,-9.469089457434871626e-01,9.305772715241120369e-04,1.919567245716803631e-06,-1.845640252332304745e-03,6.371938269760165328e-03,2.357943616710274359e-02,5.068657315440688177e-03,1.000000000000000000e+00
6.435999999999999943e+00,-8.277648383022803147e-01,2.350051500978915797e-01,3.282491796175580401e+00,3.133301535275483385e-01,5.738416185448040607e-02,-4.459477388753002591e-02,-9.468593237649312044e-01,1.538972843327607938e-04,3.693057359987356513e-06,-1.797857563808576142e-03,3.549616598531329763e-03,1.805625019142925725e-02,-2.496838419186771913e-04,1.000000000000000000e+00
6.483999999999999986e+00,-8.277763033496056133e-01,2.350053479249176736e-01,3.282407555352836237e+00,3.132767606129938098e-01,5.775335367758523131e-02,-4.452866669807847844e-02,-9.468576552158793902e-01,-5.558082551588513793e-04,4.346841236074174373e-06,-1.714843752631179134e-03,1.428619690005107634e-03,1.314805699578457804e-02,-5.087269500013899375e-03,1.000000000000000000e+00
6.532000000000000028e+00,-8.278187948379921446e-01,2.350055569598946681e-01,3.282327838618938731e+00,3.131211799837872456e-01,5.801274127085617738e-02,-4.445009180874370108e-02,-9.468969520671174367e-01,-1.142276855625941855e-03,4.273655668205426629e-06,-1.613084510255290149e-03,-2.904893131070482130e-05,9.090571746348464349e-03,-9.059926059093276543e-03,1.000000000000000000e+00
6.580000000000000071e+00,-8.278857251498611403e-01,2.350057782292112873e-01,3.282253760269888243e+00,3.128856205159838422e-01,5.817817180628787749e-02,-4.436658756058218384e-02,-9.469685816899290343e-01,-1.593577922599795273e-03,6.351209299111337635e-06,-1.453482150998304219e-03,-1.595169628454412656e-03,4.529816143592073872e-03,-1.200715566019309663e-02,1.000000000000000000e+00
6.628000000000000114e+00,-8.279725444078982477e-01,2.350063243166224947e-01,3.282194930465877292e+00,3.125902489762402703e-01,5.813297419385406867e-02,-4.426933959831980819e-02,-9.470734497006443320e-01,-1.977448662967056826e-03,1.598484528552183634e-05,-9.854781624823926930e-04,-6.227197658026383670e-03,-7.254496225004448268e-03,-1.400007733313964747e-02,1.000000000000000000e+00
6.676000000000000156e+00,-8.280745401924002325e-01,2.350073427087525091e-01,3.282165480744142716e+00,3.122568774723527563e-01,5.772135391883227024e-02,-4.415385894415088663e-02,-9.472139803198296182e-01,-2.219155077122749592e-03,2.522914691898136362e-05,-2.725596965231528112e-04,-1.201647094804912663e-02,-2.306802897065406144e-02,-1.469747297734718024e-02,1.000000000000000000e+00
6.724000000000000199e+00,-8.281819022045188161e-01,2.350087010830265721e-01,3.282173058346105510e+00,3.119195128837509712e-01,5.691358402632534785e-02,-4.403501787387708449e-02,-9.473795325193016259e-01,-2.204202728104385101e-03,2.994568265520637591e-05,5.189095033086202737e-04,-1.660884827908273506e-02,-3.780351108618355827e-02,-1.359836569691102830e-02,1.000000000000000000e+00
6.772000000000000242e+00,-8.282798069754246928e-01,2.350100993738186150e-01,3.282216117567018365e+00,3.116242127006983442e-01,5.581198681460019378e-02,-4.393910263384813442e-02,-9.475466887949163253e-01,-1.843616492394061683e-03,2.711643665800800266e-05,1.180333842708991120e-03,-1.803173632744142427e-02,-4.643765770001683640e-02,-1.038372264534505145e-02,1.000000000000000000e+00
6.820000000000000284e+00,-8.283507551489392995e-01,2.350111274374223347e-01,3.282282784013043742e+00,3.114223087543534496e-01,5.463573939754109293e-02,-4.389540238709557785e-02,-9.476836366846628223e-01,-1.115217405520079049e-03,1.519341267944799914e-05,1.497922166601365571e-03,-1.497840576187568773e-02,-4.487372130017273919e-02,-5.150227697629811835e-03,1.000000000000000000e+00
6.868000000000000327e+00,-8.283785436364237142e-01,2.350113604795712741e-01,3.282351890544899398e+00,3.113590049434054041e-01,5.368144278552149790e-02,-4.392735173496858936e-02,-9.477574903479636381e-01,-9.007127693826561280e-05,-4.931002541213762842e-06,1.303481856109019394e-03,-7.143051050424712237e-03,-3.096364024154961425e-02,1.464715867920979124e-03,1.000000000000000000e+00
6.916000000000000369e+00,-8.283529257632632481e-01,2.350104951735400294e-01,3.282396563097656816e+00,3.114598435207130978e-01,5.325960449631818999e-02,-4.404421907858958873e-02,-9.477427325855400930e-01,1.064435575531079035e-03,-2.931861806973467760e-05,5.273641772221835441e-04,4.554990853582281327e-03,-5.372829607993342277e-03,8.294964105753446088e-03,1.000000000000000000e+00
6.964000000000000412e+00,-8.282750552593726168e-01,2.350087035797491786e-01,3.282394173526815173e+00,3.117160350964321425e-01,5.355291805619993156e-02,-4.422703894178795642e-02,-9.476334562782532389e-01,2.019248642635963070e-03,-3.852210016382915704e-05,-4.864794598686399693e-04,1.438082635312144114e-02,2.036634252608533063e-02,1.362842627870097106e-02,1.000000000000000000e+00
7.012000000000000455e+00,-8.281651385776789276e-01,2.350070737648416452e-01,3.282352558075739335e+00,3.120685822026884049e-01,5.427335760331412906e-02,-4.440545488813105179e-02,-9.474680776852828501e-01,2.437424203136914942e-03,-2.916857525319995614e-05,-1.139946059895344515e-03,1.637900846844449546e-02,3.109328261269107482e-02,1.592455450337944278e-02,1.000000000000000000e+00
7.060000000000000497e+00,-8.280481712061183996e-01,2.350059705512725916e-01,3.282287024858246749e+00,3.124413174069561872e-01,5.511532231062030857e-02,-4.453614851927826385e-02,-9.472904812667927166e-01,2.370902855132308532e-03,-1.822491466077959813e-05,-1.521473045850730080e-03,1.457104582710226810e-02,3.296548265274833883e-02,1.520706731886589842e-02,1.000000000000000000e+00
7.108000000000000540e+00,-8.279442512021750744e-01,2.350053246203764878e-01,3.282208344778751119e+00,3.127700962441677945e-01,5.591911163887543917e-02,-4.460894241835165058e-02,-9.471314386637422755e-01,1.947708292576404111e-03,-8.675272403034637428e-06,-1.715137749306630023e-03,1.134435897368133751e-02,3.025930700186688083e-02,1.217938351100125716e-02,1.000000000000000000e+00
7.156000000000000583e+00,-8.278667767876080053e-01,2.350051068546911426e-01,3.282123850102743656e+00,3.130110778686930328e-01,5.661128166364047531e-02,-4.462899664450634823e-02,-9.470097573828819559e-01,1.309028393463742765e-03,-1.918820121665683817e-06,-1.783459875462476644e-03,7.925913836242188051e-03,2.552006152746409684e-02,7.744155497694938176e-03,1.000000000000000000e+00
7.203999999999999737e+00,-8.278227016576166220e-01,2.350051146604631991e-01,3.282038282368032522e+00,3.131417123744172915e-01,5.716785151960251249e-02,-4.460748234008780899e-02,-9.469341462019051914e-01,5.828358047463757380e-04,1.600722288498437535e-06,-1.772591479205980463e-03,4.903191527532659369e-03,2.024034798821907830e-02,2.751744992040786302e-03,1.000000000000000000e+00
7.251999999999999780e+00,-8.278134536372152574e-01,2.350052428518295544e-01,3.281954588753834390e+00,3.131573963602717892e-01,5.759178876863372404e-02,-4.455677782931113939e-02,-9.469056576664616198e-01,-1.289915606567735152e-04,3.357468037096621082e-06,-1.713572246340768108e-03,2.499740194695780626e-03,1.523549799743510909e-02,-2.115859566789024884e-03,1.000000000000000000e+00
7.299999999999999822e+00,-8.278363709650775615e-01,2.350054231853867248e-01,3.281874506206641673e+00,3.130670313246455838e-01,5.789932456394813326e-02,-4.448823646698095435e-02,-9.469200066154848106e-01,-7.551995810449453573e-04,3.955597474912025599e-06,-1.627166401788800567e-03,7.491182022091033088e-04,1.090671744672870765e-02,-6.374979416490539341e-03,1.000000000000000000e+00
7.347999999999999865e+00,-8.278861290653851679e-01,2.350056118963122220e-01,3.281798975191910550e+00,3.128883531121476880e-01,5.811186656731217454e-02,-4.441130445184846010e-02,-9.469696539423618775e-01,-1.253212440741998312e-03,3.836923708354477022e-06,-1.526661216956497810e-03,-4.120524426009569609e-04,7.396500842406496419e-03,-9.735544408087899032e-03,1.000000000000000000e+00
7.395999999999999908e+00,-8.279572597630368014e-01,2.350059515487256945e-01,3.281732224414489529e+00,3.126416649167449990e-01,5.819356158313877814e-02,-4.432621326305800913e-02,-9.470500966507067186e-01,-1.668724060764899307e-03,1.098840421391648249e-05,-1.223225027573531876e-03,-3.594103768588682250e-03,-7.281020095010519661e-04,-1.219761612727256368e-02,1.000000000000000000e+00
7.443999999999999950e+00,-8.280464153315856279e-01,2.350067359309736537e-01,3.281688061910697396e+00,3.123448680578707615e-01,5.797517892066678113e-02,-4.422207020062729477e-02,-9.471662845214658955e-01,-1.995842894117924506e-03,2.075906653541526834e-05,-6.274715270035793359e-04,-9.017603169127724749e-03,-1.489193103620857841e-02,-1.362515122560088027e-02,1.000000000000000000e+00
7.491999999999999993e+00,-8.281466214303556672e-01,2.350079341059815030e-01,3.281677262469065770e+00,3.120246906131626252e-01,5.736879823449028692e-02,-4.410562035163598238e-02,-9.473141546975257787e-01,-2.126589644794074380e-03,2.782433966260353111e-05,1.268736824164358901e-04,-1.430728153434343043e-02,-3.034975664465414807e-02,-1.353880345539824545e-02,1.000000000000000000e+00
7.540000000000000036e+00,-8.282456388006284032e-01,2.350093254413689881e-01,3.281702799247710356e+00,3.117207690375131124e-01,5.641376864468636981e-02,-4.399818857707382680e-02,-9.474765476041616674e-01,-1.956780871628655515e-03,2.883246654771517910e-05,8.549586436216544084e-04,-1.737249990879038627e-02,-4.215576332477590643e-02,-1.150432038136961141e-02,1.000000000000000000e+00
7.588000000000000078e+00,-8.283272898386766503e-01,2.350105549575423058e-01,3.281757981369916699e+00,3.114817766687472123e-01,5.527161368341928366e-02,-4.392786027621387035e-02,-9.476257144124285992e-01,-1.429212304494102692e-03,2.152716037146752559e-05,1.347110079463396037e-03,-1.660535931407372198e-02,-4.580683462296623876e-02,-7.396636762964970552e-03,1.000000000000000000e+00
7.636000000000000121e+00,-8.283746415881909630e-01,2.350112045869270083e-01,3.281826352307499306e+00,3.113562157748489545e-01,5.420008657910241334e-02,-4.392115462876250431e-02,-9.477291752865162344e-01,-5.671546766485402024e-04,5.540885088824796509e-06,1.412789778383980767e-03,-1.120819276215762571e-02,-3.819703098613687342e-02,-1.573059671178880618e-03,1.000000000000000000e+00
7.684000000000000163e+00,-8.283743402126154676e-01,2.350109074778326257e-01,3.281883952308837227e+00,3.113799151701612256e-01,5.350256661452729157e-02,-4.399457578207117969e-02,-9.477576172714400338e-01,5.110023328361822104e-04,-1.675256272067883232e-05,9.325982328660161608e-04,-1.483934324253052481e-03,-1.857508630395220822e-02,5.072218450068983683e-03,1.000000000000000000e+00
7.732000000000000206e+00,-8.283210935487159698e-01,2.350095032003368944e-01,3.281904251232039993e+00,3.115629336939827465e-01,5.345349955837514627e-02,-4.414696598877779210e-02,-9.476931503007434143e-01,1.589754169952569459e-03,-3.767119145565352178e-05,-5.686920281757107431e-05,1.052129753059870450e-02,9.743638124092065395e-03,1.117074676063384460e-02,1.000000000000000000e+00
7.780000000000000249e+00,-8.282255147864060474e-01,2.350077432733359006e-01,3.281879136249736373e+00,3.118716307826339684e-01,5.400252915169196505e-02,-4.433063486673464310e-02,-9.475519023095849702e-01,2.248528836245728118e-03,-3.356070005569666370e-05,-8.616313459691458737e-04,1.567463305436846838e-02,2.669630054919555281e-02,1.486121414732434649e-02,1.000000000000000000e+00
7.828000000000000291e+00,-8.281119077356041691e-01,2.350064110211771140e-01,3.281823967550528742e+00,3.122345238082951946e-01,5.479355422964485994e-02,-4.448278171845754247e-02,-9.473798344316171072e-01,2.394592495082815530e-03,-2.262089488397705747e-05,-1.352536332971486640e-03,1.533729964409137614e-02,3.208100335243940088e-02,1.548581163590365822e-02,1.000000000000000000e+00
7.876000000000000334e+00,-8.280025004635347408e-01,2.350055971814704880e-01,3.281751312245510199e+00,3.125818550226014958e-01,5.560972097572302458e-02,-4.458052658005048907e-02,-9.472131330875206423e-01,2.128901230191718869e-03,-1.260979227295309998e-05,-1.622245459655435049e-03,1.265586651984967198e-02,3.121353481090294313e-02,1.348925900961969390e-02,1.000000000000000000e+00
7.924000000000000377e+00,-8.279135611699188768e-01,2.350052102408248522e-01,3.281669852269296417e+00,3.128610629263102738e-01,5.634388243200078722e-02,-4.462315915094874214e-02,-9.470755491957847383e-01,1.587795603288225284e-03,-4.812872861100335108e-06,-1.742033578672879182e-03,9.307430088133700208e-03,2.731290266334976402e-02,9.696866080081941244e-03,1.000000000000000000e+00
7.972000000000000419e+00,-8.278547896118939597e-01,2.350051123338253445e-01,3.281585347075105297e+00,3.130404983232404348e-01,5.695262046983291110e-02,-4.461957207423021543e-02,-9.469800099363605561e-01,9.045764291610209912e-04,-7.499204143078137325e-08,-1.764488827069095973e-03,6.126849435347782313e-03,2.228025820519537181e-02,4.982206391546352940e-03,1.000000000000000000e+00
8.019999999999999574e+00,-8.278299721813167089e-01,2.350051833665260659e-01,3.281501459660220554e+00,3.131078092069761176e-01,5.742815880931129852e-02,-4.458169720687216869e-02,-9.469308204211833724e-01,1.918349098732587609e-04,2.523403815597952982e-06,-1.726332254529146801e-03,3.476537799163873128e-03,1.719201360664295367e-02,9.638752741465488830e-05,1.000000000000000000e+00
8.067999999999999616e+00,-8.278382291015936589e-01,2.350053387054222565e-01,3.281420412466653946e+00,3.130660101155502972e-01,5.778130646869807097e-02,-4.452129549270335274e-02,-9.469259993160774602e-01,-4.666479793960106822e-04,3.661816666569152280e-06,-1.652446722385544735e-03,1.464133398347398961e-03,1.261268639382480405e-02,-4.394089368433471560e-03,1.000000000000000000e+00
8.115999999999999659e+00,-8.278754250066657772e-01,2.350055226747949366e-01,3.281343466476595694e+00,3.129288918997804592e-01,5.803125975093513522e-02,-4.444856435323571442e-02,-9.469594535316872008e-01,-1.016272997112952457e-03,3.865372865675923411e-06,-1.559221431244160998e-03,6.665091148050551360e-05,8.792110444389784202e-03,-8.118224320978986719e-03,1.000000000000000000e+00
8.163999999999999702e+00,-8.279358058860530889e-01,2.350057495812181430e-01,3.281272186674237812e+00,3.127161374145668304e-01,5.818528726313239308e-02,-4.436977218049536348e-02,-9.470239770265969081e-01,-1.453364539298813681e-03,7.127390361163894752e-06,-1.382372484331337824e-03,-1.801285735322942418e-03,3.690514113266749052e-03,-1.093224366483589241e-02,1.000000000000000000e+00
8.211999999999999744e+00,-8.280157239951579928e-01,2.350063344617037420e-01,3.281217229219860254e+00,3.124453741623345882e-01,5.811195194486831750e-02,-4.427510214502614755e-02,-9.471222753878002498e-01,-1.829868431930238223e-03,1.667020576332010383e-05,-9.008662878842885148e-04,-6.560709208631052176e-03,-8.407196081837348123e-03,-1.285409979984107089e-02,1.000000000000000000e+00
8.259999999999999787e+00,-8.281103300810370715e-01,2.350073693430729527e-01,3.281191607579277303e+00,3.121380882835739223e-01,5.767545292525966261e-02,-4.416310300616425877e-02,-9.472554968462361114e-01,-2.059216469872462117e-03,2.523244653884618090e-05,-2.007706590042828017e-04,-1.212731079819328109e-02,-2.377427379949871231e-02,-1.349167635814134750e-02,1.000000000000000000e+00
8.307999999999999829e+00,-8.282096605931125177e-01,2.350087054582714607e-01,3.281201782578554660e+00,3.118282347876722427e-01,5.686198131476564305e-02,-4.404982659663920358e-02,-9.474119905547799814e-01,-2.031039326994562612e-03,2.907941070265597012e-05,5.550118870630847733e-04,-1.631639657567436272e-02,-3.757039234360626256e-02,-1.235736088047656271e-02,1.000000000000000000e+00
8.355999999999999872e+00,-8.282990469165169012e-01,2.350100410140026908e-01,3.281245285018524527e+00,3.115611041955595462e-01,5.578234187772207475e-02,-4.396123123475331740e-02,-9.475681605221896175e-01,-1.664261176018304745e-03,2.547247949858003166e-05,1.165230990809546559e-03,-1.730556446188069239e-02,-4.506297131011500340e-02,-9.170602830369082442e-03,1.000000000000000000e+00
8.403999999999999915e+00,-8.283615532351013000e-01,2.350109777564569347e-01,3.281309778561823265e+00,3.113862011226631310e-01,5.465610583937442757e-02,-4.392523880054183261e-02,-9.476929445981900901e-01,-9.452454728206486755e-04,1.315146565622694652e-05,1.427547338768725893e-03,-1.392938624025960581e-02,-4.247891269625048843e-02,-4.069184321201428298e-03,1.000000000000000000e+00
8.451999999999999957e+00,-8.283818970887791844e-01,2.350111158464033567e-01,3.281374264276881281e+00,3.113459467425485072e-01,5.377188649026541645e-02,-4.396332242743565544e-02,-9.477549851894248034e-01,4.888578196505144382e-05,-6.747376513045940324e-06,1.187993480817066752e-03,-6.002103472102881913e-03,-2.799180107908980086e-02,2.284324879785148282e-03,1.000000000000000000e+00
8.500000000000000000e+00,-8.283509215413349391e-01,2.350101849152038402e-01,3.281412732673195443e+00,3.114626526837750986e-01,5.342481639903384760e-02,-4.408271924604393460e-02,-9.477307206373503101e-01,1.149661819905972498e-03,-3.020325190473641146e-05,3.911563933366526708e-04,5.481145093375751343e-03,-2.524824832516658207e-03,8.728728348776941190e-03,1.000000000000000000e+00
8.548000000000000043e+00,-8.282710996373898737e-01,2.350084332726927738e-01,3.281405067399900233e+00,3.117240880873756725e-01,5.376175986479203583e-02,-4.426105629092332711e-02,-9.476173937715306472e-01,2.020279322685752076e-03,-3.665085015421794186e-05,-5.673543213729275673e-04,1.428139651164401711e-02,2.115600182408004098e-02,1.357008183847802085e-02,1.000000000000000000e+00
8.596000000000000085e+00,-8.281630245941389301e-01,2.350069012566544380e-01,3.281360865363565527e+00,3.120703393158981709e-01,5.447925870571986712e-02,-4.442955399724947407e-02,-9.474545521668785719e-01,2.369686500340664921e-03,-2.716519844041809443e-05,-1.173852803240399510e-03,1.576170428845152793e-02,3.056183570203501246e-02,1.544478771787153280e-02,1.000000000000000000e+00
8.644000000000000128e+00,-8.280504969091828649e-01,2.350058847536600493e-01,3.281294558902910108e+00,3.124285252634358967e-01,5.529612757985293003e-02,-4.455002510847871217e-02,-9.472835109613280125e-01,2.261825539739487339e-03,-1.629363219665496532e-05,-1.524567199322113611e-03,1.381876754013904897e-02,3.183979430502781316e-02,1.446385907445802387e-02,1.000000000000000000e+00
8.692000000000000171e+00,-8.279523063490132895e-01,2.350053395155491942e-01,3.281216275489525547e+00,3.127385045395240093e-01,5.606683140142160876e-02,-4.461443313338749744e-02,-9.471328790360797889e-01,1.822694095248330844e-03,-7.617175062644032244e-06,-1.699041585187708063e-03,1.064003544893260544e-02,2.895262549859631274e-02,1.134035627318614667e-02,1.000000000000000000e+00
8.740000000000000213e+00,-8.278807801844713099e-01,2.350051362235777985e-01,3.281132848825904169e+00,3.129601762237121942e-01,5.672575821279379760e-02,-4.462863176386407116e-02,-9.470197472492812851e-01,1.188935682986255564e-03,-1.791167504563682390e-06,-1.756937491481829492e-03,7.351261446209690284e-03,2.426712167640786635e-02,6.947110447268927888e-03,1.000000000000000000e+00
8.788000000000000256e+00,-8.278420042702284709e-01,2.350051471089061039e-01,3.281048706784556401e+00,3.130736496049101314e-01,5.725280380418551474e-02,-4.460372214450362971e-02,-9.469516958908078541e-01,4.823366805760451572e-04,1.617183247610776670e-06,-1.740844213976670872e-03,4.476931514284292202e-03,1.915104935880154388e-02,2.091770913194387904e-03,1.000000000000000000e+00
8.836000000000000298e+00,-8.278368788350199958e-01,2.350052739492740628e-01,3.280966594868496955e+00,3.130760650762443587e-01,5.765243736442596939e-02,-4.455169384394290499e-02,-9.469291000481249165e-01,-2.016862186697625746e-04,3.296378331707665284e-06,-1.680009251210072595e-03,2.211625383683124384e-03,1.435026317252517322e-02,-2.582993089980761565e-03,1.000000000000000000e+00
8.884000000000000341e+00,-8.278624866587598330e-01,2.350054499474930059e-01,3.280888121795860535e+00,3.129771768498688100e-01,5.794110032177785669e-02,-4.448341738857728572e-02,-9.469473803976762305e-01,-7.970413167019280978e-04,3.843878703114461349e-06,-1.593912623109729242e-03,5.764502684030512478e-04,1.022620913925341088e-02,-6.628832620276118963e-03,1.000000000000000000e+00
8.932000000000000384e+00,-8.279134868196598163e-01,2.350056367521696499e-01,3.280814216767088176e+00,3.127948147393629919e-01,5.813869363113145089e-02,-4.440772007686173001e-02,-9.469990763314439786e-01,-1.268710241320580422e-03,4.384245705367001143e-06,-1.484078633239577314e-03,-6.474776269057805778e-04,6.593494473336029317e-03,-9.790343642668905902e-03,1.000000000000000000e+00
8.980000000000000426e+00,-8.279851683425065723e-01,2.350060454415706934e-01,3.280751069108989615e+00,3.125478318384116716e-01,5.817892980821299381e-02,-4.432121862755391412e-02,-9.470822005078793904e-01,-1.674961688910796666e-03,1.270524926943806916e-05,-1.124189531797102929e-03,-4.414545673043546864e-03,-2.900073431657981468e-03,-1.209790695397383077e-02,1.000000000000000000e+00
9.028000000000000469e+00,-8.280740445107432901e-01,2.350069065911494781e-01,3.280712585907987755e+00,3.122543454968712551e-01,5.789732665176054727e-02,-4.421544059928753101e-02,-9.472012025422636983e-01,-1.977039213438628630e-03,2.213996647865621627e-05,-4.972401259407175202e-04,-9.917426386295793983e-03,-1.747989654999673043e-02,-1.331657572993973429e-02,1.000000000000000000e+00
9.076000000000000512e+00,-8.281723070679458676e-01,2.350081477570105104e-01,3.280708149698795761e+00,3.119429488530290340e-01,5.723043838154413809e-02,-4.410036046192594011e-02,-9.473496882306242650e-01,-2.065394309811929927e-03,2.822938659757736292e-05,2.560475140116774836e-04,-1.488437130061316498e-02,-3.244152340269601531e-02,-1.295408695896418938e-02,1.000000000000000000e+00
9.124000000000000554e+00,-8.282670264303987340e-01,2.350095236600511228e-01,3.280739066298477891e+00,3.116548138024159975e-01,5.623977542143659275e-02,-4.399881606288102293e-02,-9.475085587367494400e-01,-1.842458947353566197e-03,2.785349742286622881e-05,9.470935033985729149e-04,-1.732964058007481142e-02,-4.294780104306341467e-02,-1.061758252169769587e-02,1.000000000000000000e+00
9.172000000000000597e+00,-8.283418250004471739e-01,2.350106672219038906e-01,3.280796968474252839e+00,3.114387678293814576e-01,5.510407142969778876e-02,-4.393883469934677100e-02,-9.476490985644689946e-01,-1.263901242489818156e-03,1.906514468658944208e-05,1.369401524426062380e-03,-1.579075159543548781e-02,-4.474200850539230417e-02,-6.258002389254819706e-03,1.000000000000000000e+00
9.220000000000000639e+00,-8.283802811977992731e-01,2.350111667329621012e-01,3.280864093424722405e+00,3.113414522736695500e-01,5.408962264265768094e-02,-4.394538033161864143e-02,-9.477392132680838577e-01,-3.688603013196563893e-04,1.941478755185784053e-06,1.344067823024410347e-03,-9.658259629977431968e-03,-3.511549543109333815e-02,-3.211764181571180382e-04,1.000000000000000000e+00
9.268000000000000682e+00,-8.283702980912514002e-01,2.350106846947572770e-01,3.280915944391992856e+00,3.113946851862254839e-01,5.349646350744512863e-02,-4.403216000063057273e-02,-9.477513636580258138e-01,7.097224243109745727e-04,-2.066106992565874972e-05,7.711409291017396828e-04,5.587291846129130608e-04,-1.381977717689038612e-02,6.222554073227308698e-03,1.000000000000000000e+00
9.316000000000000725e+00,-8.283086159389151382e-01,2.350091476147617708e-01,3.280927165715451732e+00,3.116024653265791478e-01,5.357259322529654699e-02,-4.419317734681393883e-02,-9.476712741945431118e-01,1.728936620443624140e-03,-3.776738166168261765e-05,-2.322238880551918722e-04,1.187272387948254231e-02,1.372502837507826728e-02,1.192747239043651271e-02,1.000000000000000000e+00
9.364000000000000767e+00,-8.282091041767541961e-01,2.350074582887618224e-01,3.280895569571073977e+00,3.119228037026996470e-01,5.417972818954668035e-02,-4.437208607151392481e-02,-9.475230021277674108e-01,2.283684135214479605e-03,-3.141421899330316795e-05,-9.662692639078780416e-04,1.570330195667469370e-02,2.798457911452251548e-02,1.501787720582081764e-02,1.000000000000000000e+00
9.412000000000000810e+00,-8.280961157853712340e-01,2.350062341531806986e-01,3.280836741796401057e+00,3.122832845157151316e-01,5.497803607009574267e-02,-4.451346619607941119e-02,-9.473516332857422340e-01,2.344965182923818524e-03,-2.043262916325722935e-05,-1.407551248878775385e-03,1.479141414641554908e-02,3.191598190732311546e-02,1.511119018055668596e-02,1.000000000000000000e+00
9.460000000000000853e+00,-8.279906842520863286e-01,2.350055157603779254e-01,3.280762371463760818e+00,3.126174311043181664e-01,5.577635406834784843e-02,-4.459980479062186642e-02,-9.471906869839977761e-01,2.022458609861273876e-03,-1.072036568427010051e-05,-1.643750006367751190e-03,1.193453676798538268e-02,3.034456248333543965e-02,1.274702832463305013e-02,1.000000000000000000e+00
9.508000000000000895e+00,-8.279077183966082609e-01,2.350051928626619158e-01,3.280680476633336617e+00,3.128769722535716946e-01,5.648242421021758969e-02,-4.463275486043671858e-02,-9.470615889066259507e-01,1.452207057582831362e-03,-3.787824453750667755e-06,-1.742073138339960379e-03,8.610662462358732727e-03,2.618125245879115992e-02,8.768180748159720359e-03,1.000000000000000000e+00
9.556000000000000938e+00,-8.278556780121688607e-01,2.350051318576453496e-01,3.280596338403608314e+00,3.130342810275145160e-01,5.706113594284108193e-02,-4.462199845742619714e-02,-9.469754183294124550e-01,7.635751791980430756e-04,4.990992505212660294e-07,-1.751388040668712962e-03,5.542017295136441105e-03,2.113392335734142272e-02,4.023204261164843067e-03,1.000000000000000000e+00
9.604000000000000981e+00,-8.278373707095989520e-01,2.350052218211362842e-01,3.280513292609143150e+00,3.130802171561203329e-01,5.750901629480351801e-02,-4.457947801839930169e-02,-9.469351407619678307e-01,6.294625925637605500e-05,2.785602543555523669e-06,-1.705743372119734131e-03,3.030597730969736454e-03,1.616004179568927487e-02,-7.748342653565785769e-04,1.000000000000000000e+00
9.652000000000001023e+00,-8.278512385518022043e-01,2.350053841840012980e-01,3.280433343630094534e+00,3.130200369579563824e-01,5.783880574743709840e-02,-4.451662538511901718e-02,-9.469379066638269338e-01,-5.721144856104467971e-04,3.724352670080201651e-06,-1.628078906373652381e-03,1.153129089110594037e-03,1.175161167379952347e-02,-5.100924576604930205e-03,1.000000000000000000e+00
9.700000000000001066e+00,-8.278927508773078481e-01,2.350055676848893660e-01,3.280357611250026117e+00,3.128688422769462796e-01,5.807025438690763958e-02,-4.444319462720398850e-02,-9.469771568200848755e-01,-1.092538366675012071e-03,3.803356337116723455e-06,-1.533447255499843136e-03,-1.276567014968112948e-04,8.115309178751119179e-03,-8.621593215474782426e-03,1.000000000000000000e+00
9.747999999999999332e+00,-8.279563730236235708e-01,2.350058401349078008e-01,3.280288706952762201e+00,3.126462120167132763e-01,5.819310863015771107e-02,-4.436287575293915847e-02,-9.470469066917899248e-01,-1.516945539824384641e-03,8.953831847805722883e-06,-1.301871006396411847e-03,-2.591302915413085366e-03,1.681301969472963126e-03,-1.125823254479541360e-02,1.000000000000000000e+00
9.795999999999999375e+00,-8.280388755496667086e-01,2.350065205808160862e-01,3.280239108816615179e+00,3.123691813814962193e-01,5.805234763942609261e-02,-4.426457187235396940e-02,-9.471515544692735711e-01,-1.872278415398018940e-03,1.862800541190549053e-05,-7.666795520995527439e-04,-7.693069708082128817e-03,-1.143175282030330087e-02,-1.296020838656804577e-02,1.000000000000000000e+00
9.843999999999999417e+00,-8.281344752667448850e-01,2.350076327912421492e-01,3.280220669515143683e+00,3.120613953585415490e-01,5.753680209308084659e-02,-4.415110770774267196e-02,-9.472897558930744033e-01,-2.058101443427837532e-03,2.643938562587269415e-05,-4.357566770540455931e-05,-1.312018056619492293e-02,-2.680715814347191250e-02,-1.328028724361103759e-02,1.000000000000000000e+00
9.891999999999999460e+00,-8.282321765480312736e-01,2.350089930659217397e-01,3.280238123627502222e+00,3.117593058193792732e-01,5.665894988075031308e-02,-4.404115135067608600e-02,-9.474472416030009780e-01,-1.967023663978425662e-03,2.890704288982053988e-05,6.954583315347036970e-04,-1.676113715127137277e-02,-3.960653228277979943e-02,-1.175334607963343832e-02,1.000000000000000000e+00
9.939999999999999503e+00,-8.283166494826499360e-01,2.350102755693654899e-01,3.280286991927655826e+00,3.115096264828115524e-01,5.555354958924969833e-02,-4.396161415355367280e-02,-9.475985079228370633e-01,-1.529467934168498482e-03,2.354832860948545347e-05,1.246517543555428036e-03,-1.691302896044745083e-02,-4.524451668081651279e-02,-8.171742295498342010e-03,1.000000000000000000e+00
9.987999999999999545e+00,-8.283710185969253015e-01,2.350110746039020260e-01,3.280353037897965951e+00,3.113612145020900890e-01,5.445735465293950056e-02,-4.393963568142922327e-02,-9.477119283010893014e-01,-7.492911956420065210e-04,9.533947046456300124e-06,1.414068972451189331e-03,-1.259456326419098465e-02,-4.029070130105696923e-02,-2.775806492048027777e-03,1.000000000000000000e+00
1.003599999999999959e+01,-8.283809654775554643e-01,2.350110078631828803e-01,3.280413962141093709e+00,3.113532411079859563e-01,5.366457961630141660e-02,-4.399422990366406300e-02,-9.477572367865833014e-01,2.771909255555579437e-04,-1.142135633539348845e-05,1.061398685734765701e-03,-3.854115985974297404e-03,-2.344092472329467602e-02,3.665655745178451365e-03,1.000000000000000000e+00
1.008399999999999963e+01,-8.283391498313054102e-01,2.350098506263543774e-01,3.280443524900752639e+00,3.115022554334825333e-01,5.346083116174691480e-02,-4.412887225288282533e-02,-9.477135258215088065e-01,1.365342829086995747e-03,-3.464666863994089361e-05,1.604382152589504463e-04,8.048695115333593178e-03,3.716848465998812915e-03,9.910323608385127395e-03,1.000000000000000000e+00
1.013199999999999967e+01,-8.282517090162637707e-01,2.350080849082054613e-01,3.280426813416527754e+00,3.117863034891915630e-01,5.390670217323886848e-02,-4.430981095446106383e-02,-9.475864124556291346e-01,2.126850885977684888e-03,-3.503982874740753351e-05,-7.181691523657789036e-04,1.496303915568472122e-02,2.394037993897076694e-02,1.415840862027001323e-02,1.000000000000000000e+00
1.017999999999999972e+01,-8.281413198017145705e-01,2.350066584748989607e-01,3.280377074623118006e+00,3.121393728126646838e-01,5.465929961373759000e-02,-4.446943859173365515e-02,-9.474195701679304360e-01,2.371509083477546000e-03,-2.475649230822116507e-05,-1.262436694430421179e-03,1.548292611920507565e-02,3.121292751721744738e-02,1.539348239900188535e-02,1.000000000000000000e+00
1.022799999999999976e+01,-8.280308898999183542e-01,2.350057510336867328e-01,3.280307707831673802e+00,3.124903970893644911e-01,5.547217380180121532e-02,-4.457780485985490815e-02,-9.472515024926111415e-01,2.184052170967432614e-03,-1.422342393860005282e-05,-1.569858824427684471e-03,1.315937856011726616e-02,3.137063707247279842e-02,1.390229041140245668e-02,1.000000000000000000e+00
1.027599999999999980e+01,-8.279378440540766659e-01,2.350052893263378795e-01,3.280228049655051326e+00,3.127833426589385901e-01,5.622044675820209864e-02,-4.463076570442155860e-02,-9.471081969205232820e-01,1.695158783549782560e-03,-6.164574017415149804e-06,-1.715471806432727984e-03,9.903751186071231907e-03,2.797132450610079896e-02,1.045484420017128366e-02,1.000000000000000000e+00
1.032399999999999984e+01,-8.278731129036140945e-01,2.350051404992178905e-01,3.280144348098893659e+00,3.129825925537249587e-01,5.685036626223707867e-02,-4.463575992450995872e-02,-9.470045309026554614e-01,1.039390328436274333e-03,-9.062751001457769107e-07,-1.754932048572688469e-03,6.684211985499610535e-03,2.312795571587069818e-02,5.920126589892037508e-03,1.000000000000000000e+00
1.037199999999999989e+01,-8.278415810018773247e-01,2.350051822941744972e-01,3.280060617241201015e+00,3.130721884634976027e-01,5.734832718651391298e-02,-4.460428839008830082e-02,-9.469463721018198665e-01,3.332043675166158577e-04,2.080870223871537120e-06,-1.727626119073769626e-03,3.938073756450048701e-03,1.805033022361271153e-02,1.073714820508421108e-03,1.000000000000000000e+00
1.041999999999999993e+01,-8.278432373236916941e-01,2.350053236174417526e-01,3.279979320909267582e+00,3.130522765256057438e-01,5.772206667712673905e-02,-4.454817865900898705e-02,-9.469328883077310355e-01,-3.343757965178121390e-04,3.479988291828848543e-06,-1.660418708190641640e-03,1.813540557323413318e-03,1.338663451550642369e-02,-3.483633941333415598e-03,1.000000000000000000e+00
1.046799999999999997e+01,-8.278745586354020469e-01,2.350055034944899257e-01,3.279901881693689347e+00,3.129346181111061220e-01,5.798937521893317987e-02,-4.447790930974666879e-02,-9.469587492244879723e-01,-9.034481086704355523e-04,3.850281366921473342e-06,-1.571108045630047580e-03,3.085669388882356307e-04,9.438758594165383778e-03,-7.345240242720294660e-03,1.000000000000000000e+00
1.051600000000000001e+01,-8.279299752052916572e-01,2.350057047028379087e-01,3.279829411726912003e+00,3.127379721907934118e-01,5.816570589286478715e-02,-4.440121312069982701e-02,-9.470164959922205972e-01,-1.353720074167437696e-03,5.713088633401511555e-06,-1.432045807901621316e-03,-1.185715723453770578e-03,5.195334966516111305e-03,-1.031118433293200763e-02,1.000000000000000000e+00
1.056400000000000006e+01,-8.280054440612897304e-01,2.350062065276166678e-01,3.279770577362753681e+00,3.124802823365147586e-01,5.814781310997001879e-02,-4.431078095902302866e-02,-9.471068892539113993e-01,-1.745843834245006153e-03,1.484965472965985803e-05,-1.005455123851951198e-03,-5.535501368188147468e-03,-5.779209307353073109e-03,-1.241993820908363425e-02,1.000000000000000000e+00
1.061200000000000010e+01,-8.280968725141993891e-01,2.350071628428702653e-01,3.279738972909016059e+00,3.121811393169579008e-01,5.778414255033834795e-02,-4.420175181828066985e-02,-9.472328828016277624e-01,-2.011459846075349701e-03,2.385549884376443353e-05,-3.381007142033488921e-04,-1.110122570708466788e-02,-2.083635125665968951e-02,-1.334190725310200470e-02,1.000000000000000000e+00
1.066000000000000014e+01,-8.281953138970504780e-01,2.350084583068899613e-01,3.279742411469847241e+00,3.118719282117879410e-01,5.703840635510697837e-02,-4.408753615267584081e-02,-9.473852488559846297e-01,-2.039962286582112407e-03,2.876574712456378088e-05,4.177751888341122506e-04,-1.567009420204876907e-02,-3.521599564825765583e-02,-1.258177535500448231e-02,1.000000000000000000e+00
1.070800000000000018e+01,-8.282868984438416238e-01,2.350098168885338401e-01,3.279780180428629510e+00,3.115960408882272326e-01,5.599878703864707985e-02,-4.399273999859414780e-02,-9.475424433662047452e-01,-1.742172082488947912e-03,2.667303862750607411e-05,1.066862662366936491e-03,-1.734825249029384522e-02,-4.414272594743706007e-02,-9.803538869432191702e-03,1.000000000000000000e+00
1.075600000000000023e+01,-8.283549230859971191e-01,2.350108542824050073e-01,3.279841787660044528e+00,3.114027410993399636e-01,5.486610385305402959e-02,-4.394540156567046385e-02,-9.476744404936928712e-01,-1.089893215448076245e-03,1.599163101672663673e-05,1.404754232278482501e-03,-1.483282519571608310e-02,-4.361777985559675552e-02,-5.056230882585503912e-03,1.000000000000000000e+00
1.080400000000000027e+01,-8.283835393536898017e-01,2.350111641888858460e-01,3.279907727642085824e+00,3.113365226693601273e-01,5.391889090117516631e-02,-4.396867348390726821e-02,-9.477494809327001724e-01,-1.424658540073175396e-04,-2.642871146704832502e-06,1.265630555350324114e-03,-7.740279093676871898e-03,-3.140083455141486068e-02,1.099204923424789435e-03,1.000000000000000000e+00
1.085200000000000031e+01,-8.283621856920678761e-01,2.350104438787181949e-01,3.279952669589568437e+00,3.114242435592726732e-01,5.345495318359248793e-02,-4.407284738964807602e-02,-9.477421023815724155e-01,9.481072042301757477e-04,-2.575066187081802944e-05,5.730902077890667181e-04,3.160866531064602906e-03,-7.866599599253232267e-03,7.590162837493011697e-03,1.000000000000000000e+00
1.090000000000000036e+01,-8.282904624285554185e-01,2.350087700244029576e-01,3.279953472272656434e+00,3.116616489576031768e-01,5.367690195778848650e-02,-4.424412752219850087e-02,-9.476435321074271334e-01,1.892512574003187486e-03,-3.739471078307515328e-05,-4.209491604472476080e-04,1.329210633614130721e-02,1.799554462869346408e-02,1.284379715252256110e-02,1.000000000000000000e+00
1.094800000000000040e+01,-8.281861019601390872e-01,2.350071629986494881e-01,3.279914794789963395e+00,3.119966173614768801e-01,5.434779400526343340e-02,-4.441771438323556531e-02,-9.474869364222001655e-01,2.333399297780680646e-03,-2.909184734989564967e-05,-1.082543994319631886e-03,1.576416047869095075e-02,2.947286724521962220e-02,1.526593161087892378e-02,1.000000000000000000e+00
1.099600000000000044e+01,-8.280732821712947223e-01,2.350060540582120105e-01,3.279851797004079472e+00,3.123561087170096395e-01,5.515714549255665983e-02,-4.454757866697818536e-02,-9.473156094371029123e-01,2.300468768236118774e-03,-1.811677932856605380e-05,-1.472402913205639622e-03,1.425374448593305990e-02,3.188356610372976990e-02,1.476318338060271171e-02,1.000000000000000000e+00
1.104400000000000048e+01,-8.279717998542401869e-01,2.350054330709607231e-01,3.279775280646116897e+00,3.126770913859853174e-01,5.593998424425573185e-02,-4.462169396610913413e-02,-9.471603133117153517e-01,1.912886972511384500e-03,-8.967517517453526876e-06,-1.673578617123475153e-03,1.120721712161826603e-02,2.955822748074024564e-02,1.197625284557076591e-02,1.000000000000000000e+00
1.109200000000000053e+01,-8.278951264601246418e-01,2.350051779657554851e-01,3.279692589833032024e+00,3.129158283017621223e-01,5.661934167811279867e-02,-4.464415607086849591e-02,-9.470400381583019556e-01,1.307197754664186570e-03,-2.652427033981661554e-06,-1.749005179636247157e-03,7.899732210081578457e-03,2.509545158645544102e-02,7.766554800778402087e-03,1.000000000000000000e+00
1.114000000000000057e+01,-8.278503956516459761e-01,2.350051579909199773e-01,3.279608519620557328e+00,3.130490087932039089e-01,5.716871106522113805e-02,-4.462548209445057340e-02,-9.469638973670383431e-01,6.085854381468293935e-04,1.140010519752629675e-06,-1.743981990789402045e-03,4.939579796453446095e-03,2.000800500423108308e-02,2.960442295348903515e-03,1.000000000000000000e+00
1.118800000000000061e+01,-8.278393485912660665e-01,2.350052692368522489e-01,3.279526069401961230e+00,3.130710020499492541e-01,5.758916842421633875e-02,-4.457765496211120448e-02,-9.469334021111126543e-01,-8.269450946786183708e-05,3.083501542945815708e-06,-1.689822729052131711e-03,2.566861003771684496e-03,1.513211066304304304e-02,-1.768235768698490874e-03,1.000000000000000000e+00
1.123600000000000065e+01,-8.278596677766034695e-01,2.350054397482924107e-01,3.279447018109139744e+00,3.129895768225578467e-01,5.789557176577528330e-02,-4.451179370518273254e-02,-9.469447332297152853e-01,-6.955080275761753479e-04,3.801128493144440542e-06,-1.607493027319023549e-03,8.262645178829209573e-04,1.088509578425083182e-02,-5.937387778526229294e-03,1.000000000000000000e+00
1.128400000000000070e+01,-8.279063595161229028e-01,2.350056233168411612e-01,3.279372341985009598e+00,3.128213740022747213e-01,5.810830225692119322e-02,-4.443720679892344122e-02,-9.469907855032464461e-01,-1.186907314424833024e-03,3.806363472876504341e-06,-1.509753560774324075e-03,-3.477342364674694541e-04,7.402643102907648098e-03,-9.253661410259642062e-03,1.000000000000000000e+00
1.133200000000000074e+01,-8.279742880257909832e-01,2.350059654785169316e-01,3.279306430344904655e+00,3.125856621350625586e-01,5.818883159784492276e-02,-4.435384954922284156e-02,-9.470675792862017772e-01,-1.601856796691963295e-03,1.102670050453969546e-05,-1.206565455987798456e-03,-3.566668898535996744e-03,-7.668606692677033907e-04,-1.171015331931458785e-02,1.000000000000000000e+00
1.138000000000000078e+01,-8.280602461201632680e-01,2.350067479303230844e-01,3.279262899578709423e+00,3.122997380890127350e-01,5.797110856014923985e-02,-4.425134557474664360e-02,-9.471800476027059101e-01,-1.929678980533436556e-03,2.064336172475841812e-05,-6.181563138641485607e-04,-8.932393995564757647e-03,-1.477701921520373739e-02,-1.315336841376055395e-02,1.000000000000000000e+00
1.142800000000000082e+01,-8.281573409607412284e-01,2.350079361737649752e-01,3.279252254229306107e+00,3.119899280784546591e-01,5.737071675721910902e-02,-4.413669276869009589e-02,-9.473240406470242458e-01,-2.063371388058832072e-03,2.754562979371268265e-05,1.244881731668011750e-04,-1.413590301394944578e-02,-2.999844683396839934e-02,-1.310385142923101327e-02,1.000000000000000000e+00
1.147600000000000087e+01,-8.282534813914508298e-01,2.350093113210456330e-01,3.279277342158226194e+00,3.116953617567019830e-01,5.642762812489191676e-02,-4.403101664967198903e-02,-9.474825559430386512e-01,-1.900315661395280851e-03,2.846169202347075141e-05,8.398369325690578386e-04,-1.713526216069323482e-02,-4.158826952668273624e-02,-1.113220135263629298e-02,1.000000000000000000e+00
1.152400000000000091e+01,-8.283327060434400035e-01,2.350105234507212093e-01,3.279331519584891552e+00,3.114640675940289483e-01,5.530149886894686340e-02,-4.396197728993037762e-02,-9.476282094647611176e-01,-1.384467304045332433e-03,2.119571262869887572e-05,1.321965514250227503e-03,-1.635791931167783833e-02,-4.513254159013278116e-02,-7.116238997495487675e-03,1.000000000000000000e+00
1.157200000000000095e+01,-8.283783260677189952e-01,2.350111617386874685e-01,3.279398554803391708e+00,3.113438610715119070e-01,5.424625891228689739e-02,-4.395562621965518751e-02,-9.477289942228958042e-01,-5.390969435152065869e-04,5.409601262633716566e-06,1.383880612943019566e-03,-1.102593330591880583e-02,-3.758996202361057637e-02,-1.409725142994236588e-03,1.000000000000000000e+00
1.162000000000000099e+01,-8.283771923181715291e-01,2.350108666575403127e-01,3.279454859140962242e+00,3.113700232276259139e-01,5.356036418310602953e-02,-4.402812525218570416e-02,-9.477560446710839859e-01,5.189443194775296333e-04,-1.654779452271954731e-05,9.086717224466864598e-04,-1.442661507588349854e-03,-1.823521859646297025e-02,5.105205619747552569e-03,1.000000000000000000e+00
1.166800000000000104e+01,-8.283241020415808009e-01,2.350094817022614357e-01,3.279474338525749211e+00,3.115524261275522955e-01,5.351353646240569056e-02,-4.417825771958903275e-02,-9.476917582917894212e-01,1.577489552495792233e-03,-3.715254769611148547e-05,-6.759284557284122392e-05,1.038189577674247799e-02,9.671625669641335105e-03,1.108094257881428457e-02,1.000000000000000000e+00
1.171600000000000108e+01,-8.282294989297475096e-01,2.350077457120903213e-01,3.279448989382706792e+00,3.118579509919794934e-01,5.405645471699072058e-02,-4.435911085177366570e-02,-9.475519971964349031e-01,2.222566960121449397e-03,-3.310470823988961408e-05,-8.622456067564682929e-04,1.546267168266636169e-02,2.639339479692162649e-02,1.468593821610204853e-02,1.000000000000000000e+00
1.176400000000000112e+01,-8.281173273383052313e-01,2.350064315861859487e-01,3.279393967095001639e+00,3.122161988340778072e-01,5.483795826833970377e-02,-4.450878102253409685e-02,-9.473820833910919781e-01,2.362428219067737659e-03,-2.231268919328247694e-05,-1.346879630767434423e-03,1.512502568186225617e-02,3.169634368352072795e-02,1.527175998285915798e-02,1.000000000000000000e+00
1.181199999999999939e+01,-8.280094816571952343e-01,2.350056321111400892e-01,3.279321685587307300e+00,3.125584742117091253e-01,5.564401620579356028e-02,-4.460471686244094763e-02,-9.472176956183607777e-01,2.096939692212339019e-03,-1.220777010150463523e-05,-1.612956580557143400e-03,1.247488415327415584e-02,3.082879205080367446e-02,1.327720603654176934e-02,1.000000000000000000e+00
1.185999999999999943e+01,-8.279219754846475210e-01,2.350052507577337080e-01,3.279240720630671291e+00,3.128330676498718432e-01,5.636891185963567585e-02,-4.464624717126911002e-02,-9.470822193315908688e-01,1.560356612085578342e-03,-4.781274082553979952e-06,-1.731060301742040619e-03,9.168707904399560349e-03,2.697035932445119785e-02,9.518459844387611862e-03,1.000000000000000000e+00
1.190799999999999947e+01,-8.278643352731304139e-01,2.350051533270047510e-01,3.279156760339255072e+00,3.130088935674079642e-01,5.696986589393697453e-02,-4.464217943070038219e-02,-9.469883540695784863e-01,8.845734528664053352e-04,-7.887127512043801032e-08,-1.752953041933948304e-03,6.029690488019055598e-03,2.199703757265916715e-02,4.855351139955094326e-03,1.000000000000000000e+00
1.195599999999999952e+01,-8.278402557926965999e-01,2.350052237073077255e-01,3.279073424999005226e+00,3.130738961694460865e-01,5.743925787704816377e-02,-4.460431125872651309e-02,-9.469402951659363632e-01,1.804550322518098308e-04,2.503628258759105276e-06,-1.714942060555195305e-03,3.415204195084287509e-03,1.697099276645550048e-02,2.904933939615550681e-05,1.000000000000000000e+00
1.200399999999999956e+01,-8.278488337006426612e-01,2.350053779063566162e-01,3.278992911143273403e+00,3.130311681365933185e-01,5.778780165346428938e-02,-4.454426518190099382e-02,-9.469360412374765446e-01,-4.694472474351932181e-04,3.635630924554302935e-06,-1.641618550121738164e-03,1.431102050561426425e-03,1.244901459657630355e-02,-4.402367300416004485e-03,1.000000000000000000e+00
1.205199999999999960e+01,-8.278859596177159386e-01,2.350055605435154571e-01,3.278916464957114751e+00,3.128944139438903371e-01,5.803447780555851671e-02,-4.447211461915790559e-02,-9.469695434013946089e-01,-1.011400631393021823e-03,3.836616107114672928e-06,-1.549185205825119116e-03,5.436140545031658048e-05,8.677233509733981928e-03,-8.073860788276772393e-03,1.000000000000000000e+00
1.209999999999999964e+01,-8.279459989667448117e-01,2.350057945940255966e-01,3.278845826042828815e+00,3.126830200801458681e-01,5.818350307601052179e-02,-4.439367425475381629e-02,-9.470339015101441049e-01,-1.445446806149061321e-03,7.465778891837372041e-06,-1.363582239736579665e-03,-1.922824815979401730e-03,3.347320522869115609e-03,-1.085158574613093868e-02,1.000000000000000000e+00
1.214799999999999969e+01,-8.280254652192954312e-01,2.350063969747877846e-01,3.278792014323715698e+00,3.124142381247546618e-01,5.809855056757309150e-02,-4.429882298988278844e-02,-9.471322592545283747e-01,-1.818696875898547990e-03,1.701915767399454852e-05,-8.736368952777314074e-04,-6.742032438289493473e-03,-8.918751418697100364e-03,-1.273898014267806252e-02,1.000000000000000000e+00
1.219599999999999973e+01,-8.281193750437594314e-01,2.350074448044188746e-01,3.278767772299204797e+00,3.121097897549877653e-01,5.764920043533625776e-02,-4.418700429091660525e-02,-9.472653046956054368e-01,-2.041379371202893360e-03,2.541523960278960461e-05,-1.718688164590304176e-04,-1.226809971861072927e-02,-2.424208633228594131e-02,-1.333078453969181558e-02,1.000000000000000000e+00
1.224399999999999977e+01,-8.282176145510912191e-01,2.350087829816239204e-01,3.278779211820969763e+00,3.118039475976568387e-01,5.682675174248860012e-02,-4.407473987619583283e-02,-9.474209391045572692e-01,-2.003909970599080173e-03,2.899234180094659174e-05,5.780286018545469561e-04,-1.634434935139244399e-02,-3.781179572592004157e-02,-1.214347264550595662e-02,1.000000000000000000e+00
1.229199999999999982e+01,-8.283054438666330732e-01,2.350101062499156124e-01,3.278823506422910761e+00,3.115421120311946401e-01,5.574601004245963859e-02,-4.398807902788284124e-02,-9.475752971130715352e-01,-1.627509558676936601e-03,2.507276902474927960e-05,1.175246699430331594e-03,-1.718002573902211588e-02,-4.494554068548586856e-02,-8.909852361248842695e-03,1.000000000000000000e+00
1.233999999999999986e+01,-8.283659914726726470e-01,2.350110164098580257e-01,3.278888025666628625e+00,3.113735227032052855e-01,5.462880834404521685e-02,-4.395469858623890502e-02,-9.476973183092266551e-01,-9.016912999104802770e-04,1.248137605333263820e-05,1.419536334755384542e-03,-1.364856254651635424e-02,-4.194890446299994607e-02,-3.785221460770657378e-03,1.000000000000000000e+00
1.238799999999999990e+01,-8.283841933613115271e-01,2.350111182655246211e-01,3.278951620445465842e+00,3.113399019376539845e-01,5.376363741725735668e-02,-4.399554685072040033e-02,-9.477559435901338203e-01,9.330487783277038167e-05,-7.544781402029582880e-06,1.160656505190187570e-03,-5.607148779556798621e-03,-2.709693657987917795e-02,2.551514074622931918e-03,1.000000000000000000e+00
1.243599999999999994e+01,-8.283512390037932605e-01,2.350101505754297326e-01,3.278988341738521051e+00,3.114624925088378404e-01,5.344278790783390382e-02,-4.411716285545174560e-02,-9.477281572911123719e-01,1.186860427009647778e-03,-3.090471949100715869e-05,3.480199656212830503e-04,5.909811411041521190e-03,-1.420170048857622488e-03,8.929359188835191835e-03,1.000000000000000000e+00
1.248399999999999999e+01,-8.282701905206857340e-01,2.350083978662566297e-01,3.278978938916706554e+00,3.117274952319314951e-01,5.379923097098169432e-02,-4.429544830373220721e-02,-9.476125393444994049e-01,2.034788020675649175e-03,-3.628261275016959674e-05,-5.954555300984744988e-04,1.436739571342879676e-02,2.162244157526483496e-02,1.364248996100280407e-02,1.000000000000000000e+00
1.253200000000000003e+01,-8.281619905326536024e-01,2.350068886529813883e-01,3.278933753089019021e+00,3.120740272653282354e-01,5.452131362714244395e-02,-4.446173299549899260e-02,-9.474494087632369110e-01,2.363016426475137658e-03,-2.665802713707139646e-05,-1.188643473304644904e-03,1.566132338844194311e-02,3.059903786730373831e-02,1.538816631725227306e-02,1.000000000000000000e+00
1.258000000000000007e+01,-8.280502004876045818e-01,2.350058947142759369e-01,3.278866987456033666e+00,3.124297683615965826e-01,5.533509885710329729e-02,-4.457949986359345529e-02,-9.472794386388349031e-01,2.240128779099731862e-03,-1.587109543033945366e-05,-1.530275091144051502e-03,1.365155099634850558e-02,3.166160402523910539e-02,1.431159054277468708e-02,1.000000000000000000e+00
1.262800000000000011e+01,-8.279532940666440854e-01,2.350053663157476436e-01,3.278788594373542864e+00,3.127355380987799083e-01,5.609936493666459190e-02,-4.464148041851512261e-02,-9.471306576654633380e-01,1.792647113171164357e-03,-7.327586110166412919e-06,-1.698840017540829972e-03,1.046726486362941667e-02,2.868569153259955054e-02,1.113447843994172341e-02,1.000000000000000000e+00
1.267600000000000016e+01,-8.278832950999335250e-01,2.350051737706258526e-01,3.278705279602028178e+00,3.129522103540476330e-01,5.675093087144327669e-02,-4.465381902859687918e-02,-9.470196842335970588e-01,1.156425161212554361e-03,-1.618248853673302992e-06,-1.753090164591649455e-03,7.201170094816972643e-03,2.398359214958924526e-02,6.726360859561138217e-03,1.000000000000000000e+00
1.272400000000000020e+01,-8.278460411805732555e-01,2.350051906477063912e-01,3.278621381718575201e+00,3.130607062859055434e-01,5.727098170758182505e-02,-4.462766601020832363e-02,-9.469537476880808269e-01,4.518828499594848146e-04,1.706396094410401332e-06,-1.734900696166330469e-03,4.359668962324297209e-03,1.888935398834428597e-02,1.886418779338452228e-03,1.000000000000000000e+00
1.277200000000000024e+01,-8.278422545562524881e-01,2.350053202609196368e-01,3.278539586178333298e+00,3.130587526851598690e-01,5.766459380104023424e-02,-4.457494914555295423e-02,-9.469329891273429167e-01,-2.270589659189417076e-04,3.331377351790217461e-06,-1.672994854373880801e-03,2.127916447489808759e-03,1.412821305674357049e-02,-2.752549167018242086e-03,1.000000000000000000e+00
1.282000000000000028e+01,-8.278689093770521534e-01,2.350054969968755347e-01,3.278461462559010720e+00,3.129564632672293123e-01,5.794841709919194145e-02,-4.450643521470351582e-02,-9.469526969598029975e-01,-8.156833409894244033e-04,3.845069871295749509e-06,-1.586486407590707946e-03,5.225070496844310113e-04,1.004928112736028917e-02,-6.751466681098743615e-03,1.000000000000000000e+00
1.286800000000000033e+01,-8.279206289904067484e-01,2.350056856807447581e-01,3.278387954312285135e+00,3.127718083675092298e-01,5.814173232172036715e-02,-4.443075462066164993e-02,-9.470054080611081115e-01,-1.281706523493099641e-03,4.639913593949871964e-06,-1.471855759829437862e-03,-7.433655807666040335e-04,6.324626192611437943e-03,-9.865936285030090305e-03,1.000000000000000000e+00
1.291600000000000037e+01,-8.279928805711186390e-01,2.350061151990676389e-01,3.278325811226145081e+00,3.125233500490819383e-01,5.816972106267424836e-02,-4.434356225188877676e-02,-9.470897991808392424e-01,-1.685307598352596675e-03,1.320013637534946501e-05,-1.096676698534859067e-03,-4.655282289056816847e-03,-3.523540273396063953e-03,-1.213123386001163997e-02,1.000000000000000000e+00
1.296400000000000041e+01,-8.280820822960398564e-01,2.350069986786905429e-01,3.278288914553329381e+00,3.122294215236548487e-01,5.787011460631528992e-02,-4.423714380737708840e-02,-9.472100681887946072e-01,-1.979988345444568150e-03,2.254925330933052599e-05,-4.606381089808660287e-04,-1.017786562907850058e-02,-1.821950459086300531e-02,-1.328832877933359101e-02,1.000000000000000000e+00
1.301200000000000045e+01,-8.281801791520908562e-01,2.350082533237580207e-01,3.278286286701702412e+00,3.119192021351884225e-01,5.718578957137641222e-02,-4.412229620551003789e-02,-9.473591820360416360e-01,-2.055823131478468763e-03,2.837841832253706995e-05,2.931715954790095288e-04,-1.505815272722693839e-02,-3.305487153418221191e-02,-1.284280352620893392e-02,1.000000000000000000e+00
1.306000000000000050e+01,-8.282740343089805002e-01,2.350096267638673575e-01,3.278318780479520189e+00,3.116343468767003855e-01,5.618428934560983773e-02,-4.402226947848422722e-02,-9.475174928556325815e-01,-1.817042279099183267e-03,2.761869284746137836e-05,9.748025076360124176e-04,-1.733380401460707723e-02,-4.321139314765939238e-02,-1.041373953401679604e-02,1.000000000000000000e+00
1.310800000000000054e+01,-8.283471972307269171e-01,2.350107479135070399e-01,3.278377557270763631e+00,3.114237827034771477e-01,5.504925444125613465e-02,-4.396509527293651631e-02,-9.476559911432839156e-01,-1.222862365968332152e-03,1.840368905958779332e-05,1.378318935863097642e-03,-1.557933348236744536e-02,-4.449272475817483280e-02,-5.973487595009656544e-03,1.000000000000000000e+00
1.315600000000000058e+01,-8.283833715020376687e-01,2.350112060853930540e-01,3.278444471563644491e+00,3.113336856254882989e-01,5.404964278428352892e-02,-4.397533178194133752e-02,-9.477426562650898001e-01,-3.168799217737670697e-04,9.345309385551980212e-07,1.327786118492496050e-03,-9.236076559703494671e-03,-3.429574953311834151e-02,6.874607749108446741e-06,1.000000000000000000e+00
1.320400000000000063e+01,-8.283707975509884136e-01,2.350106713429983285e-01,3.278494847702044357e+00,3.113947923673351381e-01,5.348491871062754227e-02,-4.406592554312209475e-02,-9.477504106899928837e-01,7.637652554225993207e-04,-2.179293203829994679e-05,7.285054675835161281e-04,1.129343256489200422e-03,-1.251052761459276082e-02,6.534650922626399246e-03,1.000000000000000000e+00
1.325200000000000067e+01,-8.283068168304669188e-01,2.350090997469843901e-01,3.278503740082054918e+00,3.116093479013020695e-01,5.359427628272427080e-02,-4.422930962025260759e-02,-9.476660994362795520e-01,1.766758310847130805e-03,-3.775179093199792699e-05,-2.752580881138947744e-04,1.220874706469347176e-02,1.472567670927979466e-02,1.213792931594819859e-02,1.000000000000000000e+00
1.330000000000000071e+01,-8.282061837615688482e-01,2.350074274368595395e-01,3.278470541989016773e+00,3.119330655488017912e-01,5.421630437422658710e-02,-4.440701843145249822e-02,-9.475158952077572527e-01,2.295179293514421591e-03,-3.090509400233196999e-05,-9.923205406729548525e-04,1.571751064305381210e-02,2.832966087775849046e-02,1.507465596855881232e-02,1.000000000000000000e+00
1.334800000000000075e+01,-8.280932345358913427e-01,2.350062290579797708e-01,3.278410794419972518e+00,3.122933285463792563e-01,5.501707779970855389e-02,-4.454571698220702314e-02,-9.473445398556671337e-01,2.334674382317871930e-03,-1.990891148807071649e-05,-1.421552875605968345e-03,1.466388740738498210e-02,3.190327139107529408e-02,1.503058176182630636e-02,1.000000000000000000e+00
1.339600000000000080e+01,-8.279887154095876278e-01,2.350055328711429248e-01,3.278335978512458393e+00,3.126244509806115346e-01,5.581162589217198572e-02,-4.462919772346447822e-02,-9.471849079112820702e-01,1.997161010772187731e-03,-1.031808630213840605e-05,-1.649547991380278557e-03,1.176228593956052046e-02,3.015520374115121874e-02,1.256918359624033081e-02,1.000000000000000000e+00
1.344400000000000084e+01,-8.279072006350965962e-01,2.350052256404571716e-01,3.278253954101014500e+00,3.128792125610284081e-01,5.651130637134301610e-02,-4.465969684546100549e-02,-9.470578557179424317e-01,1.418800776436623771e-03,-3.523477543125209870e-06,-1.742517271212765855e-03,8.442590726038919774e-03,2.592252999327081253e-02,8.537677034802486006e-03,1.000000000000000000e+00
1.349200000000000088e+01,-8.278568415730850338e-01,2.350051742872633909e-01,3.278169887963378493e+00,3.130309881143564787e-01,5.708304043619727430e-02,-4.464709648397093000e-02,-9.469740037351925821e-01,7.279758077707714501e-04,6.518574755898350598e-07,-1.748492792979951813e-03,5.399931877094935918e-03,2.086691283878595871e-02,3.779422378360929990e-03,1.000000000000000000e+00
1.354000000000000092e+01,-8.278401983961286570e-01,2.350052694347526394e-01,3.278087036700162660e+00,3.130714507551627390e-01,5.752442501116209611e-02,-4.460334903558754033e-02,-9.469359790946814126e-01,2.963101390017878638e-05,2.860591505520153802e-06,-1.700880775110030947e-03,2.921565862891680517e-03,1.591709717093695714e-02,-1.001705318200303216e-03,1.000000000000000000e+00
1.358800000000000097e+01,-8.278555376853020675e-01,2.350054339966728967e-01,3.278007351568085426e+00,3.130064370407839580e-01,5.784869385621000532e-02,-4.453981149889414681e-02,-9.469407078491278718e-01,-6.001748246891024660e-04,3.748941773469307952e-06,-1.622155963348685670e-03,1.076594688916091436e-03,1.154742038802956602e-02,-5.290739533073534132e-03,1.000000000000000000e+00
1.363600000000000101e+01,-8.278982223786155448e-01,2.350056177854182582e-01,3.277931917669443695e+00,3.128514021719621119e-01,5.807575215734663010e-02,-4.446613329204974346e-02,-9.469815046559512117e-01,-1.113732397088114650e-03,3.795786133659243763e-06,-1.527049487521917959e-03,-1.758406021631219070e-04,7.953935844183218640e-03,-8.763425002261716890e-03,1.000000000000000000e+00
1.368400000000000105e+01,-8.279627948862757769e-01,2.350059051804402055e-01,3.277863702772779053e+00,3.126258756610279521e-01,5.818958594054900874e-02,-4.438521341572186640e-02,-9.470527898619399698e-01,-1.535808878075793334e-03,9.445470979090917445e-06,-1.279573804871858827e-03,-2.810059064608497106e-03,1.132284256065822087e-03,-1.135818493293398908e-02,1.000000000000000000e+00
1.373200000000000109e+01,-8.280460727938797616e-01,2.350066105273452277e-01,3.277815539591930616e+00,3.123468675043418741e-01,5.803111127116907658e-02,-4.428592175706699829e-02,-9.471592166151294734e-01,-1.885294351003233455e-03,1.913135122405522104e-05,-7.313197213864985197e-04,-7.984368411279675615e-03,-1.221257634145373611e-02,-1.300232349648624934e-02,1.000000000000000000e+00
1.378000000000000114e+01,-8.281420174342156715e-01,2.350077424749025534e-01,3.277798971286942198e+00,3.120386304781733178e-01,5.749547939673056024e-02,-4.417211315869253030e-02,-9.472987846278185797e-01,-2.059476811493330187e-03,2.674496742418119998e-05,-2.934051421988774023e-06,-1.336708213860282775e-02,-2.757108442871132603e-02,-1.323855101872454219e-02,1.000000000000000000e+00
1.382799999999999940e+01,-8.282393704713746363e-01,2.350091086686031672e-01,3.277818293932802440e+00,3.117382591557952831e-01,5.660168915303601805e-02,-4.406306820517764955e-02,-9.474565702890467289e-01,-1.951904034464403952e-03,2.885552502579630049e-05,7.312865654540086401e-04,-1.686321093467538917e-02,-4.010290667579892443e-02,-1.160897522000402596e-02,1.000000000000000000e+00
1.387599999999999945e+01,-8.283226407266401914e-01,2.350103771306168987e-01,3.277868519348219767e+00,3.114928145741358012e-01,5.549045372449083052e-02,-4.398590491700126587e-02,-9.476066041257655836e-01,-1.496044564384272583e-03,2.304444552029856548e-05,1.266827649176914582e-03,-1.679982766318050685e-02,-4.526045596329589943e-02,-7.925319471411373592e-03,1.000000000000000000e+00
1.392399999999999949e+01,-8.283749791009323848e-01,2.350111403128477550e-01,3.277934934359359787e+00,3.113509630327592759e-01,5.440273560786129670e-02,-4.396753565796444191e-02,-9.477171392272697448e-01,-7.002581871814665508e-04,8.594929024991201246e-06,1.409994623716786903e-03,-1.224266411403184852e-02,-3.970190607227224583e-02,-2.454317314644210123e-03,1.000000000000000000e+00
1.397199999999999953e+01,-8.283823240344487804e-01,2.350110205617732262e-01,3.277994920834589099e+00,3.113510196980251998e-01,5.363398028097651760e-02,-4.402632740594494137e-02,-9.477582081878077602e-01,3.342789667140058565e-04,-1.262839299736539898e-05,1.028571283147452576e-03,-3.299684979993079085e-03,-2.225709547473651156e-02,4.008334879365197528e-03,1.000000000000000000e+00
1.401999999999999957e+01,-8.283378110320690491e-01,2.350098061627864943e-01,3.278022212226346266e+00,3.115080352814736386e-01,5.346692967457791074e-02,-4.416475175184206292e-02,-9.477096106344745641e-01,1.417682940884639701e-03,-3.550297692986970299e-05,1.053841977932627857e-04,8.648461165628940767e-03,5.209198904892096103e-03,1.019762036847078439e-02,1.000000000000000000e+00
1.406799999999999962e+01,-8.282485679071954765e-01,2.350080422077632791e-01,3.278003423295996477e+00,3.117974761328086708e-01,5.393744122916809686e-02,-4.434595080034393205e-02,-9.475792963960711912e-01,2.151706752770511915e-03,-3.463953928224312737e-05,-7.527608154388554327e-04,1.510387918722665319e-02,2.457004849401318164e-02,1.429589858969251316e-02,1.000000000000000000e+00
1.411599999999999966e+01,-8.281376607646087074e-01,2.350066407251094336e-01,3.277952419679355245e+00,3.121520808032327565e-01,5.469778949010292018e-02,-4.450330214277595231e-02,-9.474115717962793282e-01,2.371148523210762048e-03,-2.419673242345803425e-05,-1.282564303850397026e-03,1.540733359991011686e-02,3.135418231258971927e-02,1.537560162910086257e-02,1.000000000000000000e+00
1.416399999999999970e+01,-8.280277714335234629e-01,2.350057584643127639e-01,3.277882364169816931e+00,3.125012758749861064e-01,5.550949634972881380e-02,-4.460871053813321441e-02,-9.472442722633004353e-01,2.164644397205562135e-03,-1.374708155625858525e-05,-1.579905213904070609e-03,1.299935544061850759e-02,3.125558642427418710e-02,1.376186568561020389e-02,1.000000000000000000e+00
1.421199999999999974e+01,-8.279359938529661234e-01,2.350053159675506986e-01,3.277802410356322138e+00,3.127900304162473666e-01,5.625241488819315849e-02,-4.465891141445355733e-02,-9.471027633381314814e-01,1.663887234998535783e-03,-5.830237211897148586e-06,-1.718776406583949869e-03,9.728409658123637546e-03,2.773959438757502005e-02,1.023707723567405734e-02,1.000000000000000000e+00
1.425999999999999979e+01,-8.278729237488138271e-01,2.350051797204781856e-01,3.277718670678076762e+00,3.129838040286271328e-01,5.687551305250238692e-02,-4.466169828977355899e-02,-9.470013976423993229e-01,1.002892178530713236e-03,-7.008280093496186593e-07,-1.753908913315287534e-03,6.526696698979896766e-03,2.286103171465547063e-02,5.668771223302207854e-03,1.000000000000000000e+00
1.430799999999999983e+01,-8.278431588848094158e-01,2.350052287606236578e-01,3.277635063333733445e+00,3.130675774349659934e-01,5.736667669013672394e-02,-4.462865685787332365e-02,-9.469456369568387544e-01,2.968259893238720296e-04,2.191034071680371483e-06,-1.723950215310053125e-03,3.811589767061847409e-03,1.779338525478021613e-02,8.246715738140920730e-04,1.000000000000000000e+00
1.435599999999999987e+01,-8.278464711332051973e-01,2.350053736084210254e-01,3.277553986758744653e+00,3.130422131725592583e-01,5.773439061175991011e-02,-4.457157157133568443e-02,-9.469343630476063645e-01,-3.668173606555972599e-04,3.526544456176102745e-06,-1.655215081991939091e-03,1.720669999035513362e-03,1.316231587374383678e-02,-3.704515955292397508e-03,1.000000000000000000e+00
1.440399999999999991e+01,-8.278791929699873542e-01,2.350055545864401241e-01,3.277476820212203990e+00,3.129199509841789073e-01,5.799675039645964258e-02,-4.450082575078830732e-02,-9.469620677339763981e-01,-9.296096615662888078e-04,3.856000597118165709e-06,-1.565113252187778610e-03,2.465933373866052822e-04,9.255945005932943170e-03,-7.522043441418432147e-03,1.000000000000000000e+00
1.445199999999999996e+01,-8.279357222823477969e-01,2.350057625177236487e-01,3.277404785947427790e+00,3.127197348076541927e-01,5.816712654852122105e-02,-4.442376294515493901e-02,-9.470213736430194151e-01,-1.375756484616287752e-03,6.120976161670356015e-06,-1.416086163459054879e-03,-1.349294216894365763e-03,4.784192659276221768e-03,-1.044314115081129181e-02,1.000000000000000000e+00
1.450000000000000000e+01,-8.280121651302175811e-01,2.350062888976224007e-01,3.277347147548860917e+00,3.124593147825515671e-01,5.813368097334078305e-02,-4.433227285164149933e-02,-9.471136686406312899e-01,-1.763893540299367631e-03,1.539242113965086681e-05,-9.737482291328435329e-04,-5.822807392119649407e-03,-6.521573435893133347e-03,-1.250118055382457190e-02,1.000000000000000000e+00
1.454800000000000004e+01,-8.281042314445763441e-01,2.350072688083860717e-01,3.277317332801739536e+00,3.121587544302387163e-01,5.774941984589802846e-02,-4.422250181097869826e-02,-9.472414089732362763e-01,-2.019778879411802345e-03,2.427285858538660548e-05,-2.973589186526309704e-04,-1.138867171921526499e-02,-2.166475377053411061e-02,-1.334644416212956916e-02,1.000000000000000000e+00
1.459600000000000009e+01,-8.282026904008857882e-01,2.350085769641250821e-01,3.277322755860270220e+00,3.118501423949502360e-01,5.698468743155520738e-02,-4.410864187874765502e-02,-9.473946705561469006e-01,-2.032844142042032447e-03,2.887614327646833578e-05,4.580026835486411887e-04,-1.584711705327861500e-02,-3.587097640411628791e-02,-1.248516073779792034e-02,1.000000000000000000e+00
1.464400000000000013e+01,-8.282934502112219155e-01,2.350099298457463681e-01,3.277362199519362473e+00,3.115773919430194772e-01,5.593414225095379166e-02,-4.401568056362040182e-02,-9.475513286493548737e-01,-1.716234361368884111e-03,2.634613964831009525e-05,1.095534575765253621e-03,-1.732781619026329406e-02,-4.438341425383723199e-02,-9.596947298304419130e-03,1.000000000000000000e+00
1.469200000000000017e+01,-8.283597477304511791e-01,2.350109391275395643e-01,3.277424651547183654e+00,3.113898202533783022e-01,5.480383493228200426e-02,-4.397160508244103011e-02,-9.476810737087442149e-01,-1.045907263906054345e-03,1.519134236922184597e-05,1.411608483448555888e-03,-1.456893604232767717e-02,-4.327220198651300642e-02,-4.755940583484750267e-03,1.000000000000000000e+00
1.474000000000000021e+01,-8.283859012294525481e-01,2.350112003529682969e-01,3.277490194443353655e+00,3.113313228104083175e-01,5.387496991063982915e-02,-4.399907073213478459e-02,-9.477522760874584895e-01,-8.623187949339007076e-05,-3.809307610941530029e-06,1.243930317326124657e-03,-7.244008578557509757e-03,-3.041753511226689966e-02,1.448404245856252598e-03,1.000000000000000000e+00
1.478800000000000026e+01,-8.283617515813734844e-01,2.350104200383218434e-01,3.277533322824132345e+00,3.114274682898397484e-01,5.344435963518125859e-02,-4.410748880417549728e-02,-9.477400286202736224e-01,1.006190700837250335e-03,-2.702149646638957593e-05,5.221498827774199211e-04,3.814346159973691554e-03,-6.350514817039571228e-03,7.919024594480456383e-03,1.000000000000000000e+00
1.483600000000000030e+01,-8.282876750025155443e-01,2.350087193246255812e-01,3.277531652326072020e+00,3.116718242926160842e-01,5.370039042571449206e-02,-4.428082973556754509e-02,-9.476371405385971558e-01,1.929480211708272568e-03,-3.722470951919968111e-05,-4.639357250699823083e-04,1.358778962799353333e-02,1.894263306652137213e-02,1.305098908936275226e-02,1.000000000000000000e+00
1.488400000000000034e+01,-8.281822660334602348e-01,2.350071331311698042e-01,3.277491372169854422e+00,3.120099629052927592e-01,5.438504636929780006e-02,-4.445283492906009631e-02,-9.474787571476301906e-01,2.342928798091263847e-03,-2.853846543648917846e-05,-1.108646803023173805e-03,1.575656375318305880e-02,2.978711807128040651e-02,1.530979957743209066e-02,1.000000000000000000e+00
1.493200000000000038e+01,-8.280695951876774208e-01,2.350060510995395091e-01,3.277427450185417701e+00,3.123688782181596180e-01,5.519624445386923928e-02,-4.457981085030086194e-02,-9.473076052600181152e-01,2.287690528833710973e-03,-1.758171265820651565e-05,-1.486528703887092474e-03,1.411498898184223097e-02,3.185372070857931531e-02,1.466527277777447680e-02,1.000000000000000000e+00
1.498000000000000043e+01,-8.279691495906623677e-01,2.350054524811453494e-01,3.277350480809818389e+00,3.126864209066710920e-01,5.597499272411678856e-02,-4.465095885094934325e-02,-9.471537859523150304e-01,1.884958129196302691e-03,-8.566578593616415544e-06,-1.679553821637300810e-03,1.102966954006925210e-02,2.935975972709686105e-02,1.177982334841717535e-02,1.000000000000000000e+00
1.502800000000000047e+01,-8.278940519264890163e-01,2.350052128604744606e-01,3.277267651129339932e+00,3.129199580919627688e-01,5.664781069006646907e-02,-4.467091395039063384e-02,-9.470357093682292282e-01,1.271251072686058929e-03,-2.393111720014464952e-06,-1.749652399963163045e-03,7.729620978476142538e-03,2.483227426385635137e-02,7.518004460246492833e-03,1.000000000000000000e+00
1.507600000000000051e+01,-8.278511188442302382e-01,2.350052022839843047e-01,3.277183643139499836e+00,3.130472116021892903e-01,5.719014875767833989e-02,-4.465036929680559624e-02,-9.469620239031916187e-01,5.706737909372324325e-04,1.287548328465406628e-06,-1.741291205225898621e-03,4.797212833830001057e-03,1.973922358441254632e-02,2.700186419520171025e-03,1.000000000000000000e+00
1.512400000000000055e+01,-8.278418392939889126e-01,2.350053184793312322e-01,3.277101378013087096e+00,3.130633808298849963e-01,5.760410980519432150e-02,-4.460130501700559913e-02,-9.469338993338950461e-01,-1.180225302900571755e-04,3.153895428707496899e-06,-1.685147952019017776e-03,2.458479312377754699e-03,1.488893176777423243e-02,-2.009473582955354463e-03,1.000000000000000000e+00
1.517200000000000060e+01,-8.278637180936928575e-01,2.350054909810652126e-01,3.277022582244333737e+00,3.129768225866619846e-01,5.790502039588287658e-02,-4.453475863564075599e-02,-9.469472912521450514e-01,-7.252548251535411361e-04,3.821511979222886666e-06,-1.601730028796227116e-03,7.508605594153615857e-04,1.068153385614186227e-02,-6.139255722929244825e-03,1.000000000000000000e+00
1.522000000000000064e+01,-8.279116569851835417e-01,2.350056751378792053e-01,3.276948204867145442e+00,3.128045292100227748e-01,5.811329353922336377e-02,-4.445991402284330679e-02,-9.469949776344127601e-01,-1.210038888791093977e-03,3.919854871076790133e-06,-1.501710708811526684e-03,-4.194707730301677306e-04,7.192980706988130225e-03,-9.406441605212589874e-03,1.000000000000000000e+00
1.526800000000000068e+01,-8.279806529469830867e-01,2.350060377108568743e-01,3.276883169722530909e+00,3.125656267858126225e-01,5.818206085246939441e-02,-4.437568473318494189e-02,-9.470735849718396882e-01,-1.622758219189594613e-03,1.156489194417101131e-05,-1.180395079348071181e-03,-3.822301300072186454e-03,-1.410272939855732911e-03,-1.181861320014850059e-02,1.000000000000000000e+00
1.531600000000000072e+01,-8.280674471618574284e-01,2.350068460012794680e-01,3.276841246754471193e+00,3.122775846525520649e-01,5.794473079168725727e-02,-4.427217147667532327e-02,-9.471879924966254416e-01,-1.943223592255096093e-03,2.114594334338094084e-05,-5.795458343357594386e-04,-9.239200672914943749e-03,-1.561491412356704259e-02,-1.319538352850927604e-02,1.000000000000000000e+00
1.536400000000000077e+01,-8.281648650439863424e-01,2.350080528382347544e-01,3.276832594083678440e+00,3.119674169582785650e-01,5.732350708336411693e-02,-4.415734328510691198e-02,-9.473333496325592185e-01,-2.063444031804374454e-03,2.780772321824294928e-05,1.669323539019486606e-04,-1.437535337272812484e-02,-3.077047554831092990e-02,-1.305192179123718099e-02,1.000000000000000000e+00
1.541200000000000081e+01,-8.282605496473256501e-01,2.350094307182349906e-01,3.276859582605224919e+00,3.116749016918606840e-01,5.636512212104587832e-02,-4.405288615335010288e-02,-9.474919904068891396e-01,-1.882224199174364985e-03,2.832518197357498292e-05,8.752789908820053037e-04,-1.720684273057486446e-02,-4.203590918578233027e-02,-1.096923955684401403e-02,1.000000000000000000e+00
1.546000000000000085e+01,-8.283383991268705726e-01,2.350106238783908619e-01,3.276915031971983971e+00,3.114483503119439556e-01,5.523524440303343580e-02,-4.398659659434060731e-02,-9.476360969189341343e-01,-1.347058780055196371e-03,2.057715637673579576e-05,1.339303713503675001e-03,-1.619510462170875228e-02,-4.504475715390474783e-02,-6.847327025374046021e-03,1.000000000000000000e+00
1.550800000000000090e+01,-8.283817932528708683e-01,2.350112206034275231e-01,3.276982228675870967e+00,3.113352609102601476e-01,5.419177099765389027e-02,-4.398420757068104842e-02,-9.477336106493516876e-01,-4.861099001919254271e-04,4.353147516509440213e-06,1.374413384664094091e-03,-1.061414568228868753e-02,-3.685731844206528718e-02,-1.068368250709749931e-03,1.000000000000000000e+00
1.555600000000000094e+01,-8.283778953439421278e-01,2.350108676145755138e-01,3.277037290440881101e+00,3.113698891580857775e-01,5.353381199806672708e-02,-4.406113347624670412e-02,-9.477560549083423602e-01,5.787402034918161763e-04,-1.783797361427538855e-05,8.688614703999363031e-04,-8.310560939209984130e-04,-1.689513378338180008e-02,5.457901043754129038e-03,1.000000000000000000e+00
1.560400000000000098e+01,-8.283220795066152942e-01,2.350094313855241313e-01,3.277054289183483071e+00,3.115603524526815438e-01,5.352526020283815411e-02,-4.421477615249452819e-02,-9.476867873245692353e-01,1.626451197246986217e-03,-3.746791279634629953e-05,-1.185175584039250185e-04,1.087008299871770889e-02,1.097681024474099314e-02,1.135443313309428617e-02,1.000000000000000000e+00
1.565200000000000102e+01,-8.282258588129766119e-01,2.350077063512490683e-01,3.277027013344921080e+00,3.118707680243537061e-01,5.408906380066599850e-02,-4.439517215874690115e-02,-9.475442290036182325e-01,2.243431278611006819e-03,-3.262976168048578910e-05,-8.942221832701250598e-04,1.554989715973560671e-02,2.691680355597927954e-02,1.480029939765603250e-02,1.000000000000000000e+00
1.570000000000000107e+01,-8.281133514284211294e-01,2.350064185586708265e-01,3.276970828375069367e+00,3.122299856717076771e-01,5.487633322764935706e-02,-4.454230172059853859e-02,-9.473737422244524753e-01,2.358540598676993078e-03,-2.175080084996799961e-05,-1.365260304088549998e-03,1.502647439274028274e-02,3.178201825534830022e-02,1.523137646567455927e-02,1.000000000000000000e+00
1.574800000000000111e+01,-8.280061936018979774e-01,2.350056436710648011e-01,3.276897923939593671e+00,3.125699545255467560e-01,5.568028292546110120e-02,-4.463523410741011138e-02,-9.472103385718579904e-01,2.074882244503582426e-03,-1.175147494102176250e-05,-1.621920077756494822e-03,1.230809971160524985e-02,3.068824182975057879e-02,1.311920156876034312e-02,1.000000000000000000e+00
1.579600000000000115e+01,-8.279200581947906423e-01,2.350052804572683174e-01,3.276816702257406178e+00,3.128400180247923879e-01,5.639947731416201232e-02,-4.467405412315024471e-02,-9.470767925406778920e-01,1.527377182067145983e-03,-4.469403347843769651e-06,-1.733758258845429423e-03,8.994538639307153929e-03,2.673041653351062794e-02,9.289096980942311912e-03,1.000000000000000000e+00
1.584400000000000119e+01,-8.278641388552140379e-01,2.350051946312053941e-01,3.276732724041270028e+00,3.130101665171391989e-01,5.699358557102253420e-02,-4.466785995657539948e-02,-9.469852951063024715e-01,8.471939003072566886e-04,1.085323108873688100e-07,-1.751645842773713905e-03,5.876723089874585568e-03,2.173134785569273350e-02,4.597864312772751393e-03,1.000000000000000000e+00
1.589199999999999946e+01,-8.278418513565387604e-01,2.350052715334109421e-01,3.276649520089298218e+00,3.130692598780820957e-01,5.745631685696320906e-02,-4.462850342508527940e-02,-9.469396532275213829e-01,1.438317930868599642e-04,2.601150286012269326e-06,-1.711188641212926928e-03,3.294233954422965283e-03,1.671997766868307811e-02,-2.218383900504163086e-04,1.000000000000000000e+00
1.593999999999999950e+01,-8.278520848927090059e-01,2.350054287653715324e-01,3.276569226218000619e+00,3.130210763072577840e-01,5.779903858258703814e-02,-4.456755116578878240e-02,-9.469375957841458247e-01,-5.017003044682685200e-04,3.673731645490234288e-06,-1.636461384414746641e-03,1.343516490776673535e-03,1.223248954004095557e-02,-4.622141153902713240e-03,1.000000000000000000e+00
1.598799999999999955e+01,-8.278905951229584836e-01,2.350056121720726365e-01,3.276493048523838603e+00,3.128797682280693437e-01,5.804098321174250286e-02,-4.449497758181966689e-02,-9.469729097874746149e-01,-1.037123761721675790e-03,3.836532382090254294e-06,-1.543304896485461720e-03,-3.078936184261135429e-06,8.502442302346329209e-03,-8.247835146443912788e-03,1.000000000000000000e+00
1.603600000000000136e+01,-8.279517636543378689e-01,2.350058575097434543e-01,3.276422961811384926e+00,3.126648128724681119e-01,5.818239846835099316e-02,-4.441599237445401083e-02,-9.470389342161630308e-01,-1.468082465284984914e-03,7.937579728645407953e-06,-1.344093025019296728e-03,-2.124281738662432001e-03,2.846622590371652647e-03,-1.098203346290843423e-02,1.000000000000000000e+00
1.608399999999999963e+01,-8.280322054193373082e-01,2.350064853976241708e-01,3.276370491919910144e+00,3.123933549750739225e-01,5.808023912755088530e-02,-4.432003653938912380e-02,-9.471392780111327347e-01,-1.836224667703658872e-03,1.755652204604692742e-05,-8.393928742075229977e-04,-7.041452830000434829e-03,-9.704392376278953361e-03,-1.281350915510149312e-02,1.000000000000000000e+00
1.613200000000000145e+01,-8.281266926478932922e-01,2.350075554971168823e-01,3.276348122103654781e+00,3.120877018423467986e-01,5.760992224889937424e-02,-4.420762546269042803e-02,-9.472740094968229441e-01,-2.047814340034007693e-03,2.578737764830220952e-05,-1.301912924956915543e-04,-1.254439040768349362e-02,-2.506335863816525761e-02,-1.332199241759573528e-02,1.000000000000000000e+00
1.617999999999999972e+01,-8.282248281044022331e-01,2.350089033108709036e-01,3.276361538250166738e+00,3.117828287532852793e-01,5.676942595206904696e-02,-4.409598501761950035e-02,-9.474303373214297830e-01,-1.993779226270699870e-03,2.902475911808904567e-05,6.171096556104155827e-04,-1.648996998063627026e-02,-3.840840449238603488e-02,-1.202871760740473542e-02,1.000000000000000000e+00
1.622800000000000153e+01,-8.283116726664462304e-01,2.350102165492051476e-01,3.276407394668821471e+00,3.115245909784072897e-01,5.567992374898210473e-02,-4.401146558510920376e-02,-9.475838570828939433e-01,-1.598095818002179995e-03,2.464814090052476665e-05,1.200563570087321294e-03,-1.711395465093575735e-02,-4.508423648126201611e-02,-8.684543309050109586e-03,1.000000000000000000e+00
1.627599999999999980e+01,-8.283703350429699741e-01,2.350110939091308859e-01,3.276472547590457474e+00,3.113621657104164719e-01,5.456812248723737907e-02,-4.398160477543514718e-02,-9.477032975640182766e-01,-8.547241944978745771e-04,1.158804933148719320e-05,1.421211452187497431e-03,-1.333445772045014840e-02,-4.147599315976276818e-02,-3.471283624998109611e-03,1.000000000000000000e+00
1.632400000000000162e+01,-8.283859666368376118e-01,2.350111434497481611e-01,3.276535468918931659e+00,3.113365348015546541e-01,5.372456783963980298e-02,-4.402676740140346046e-02,-9.477578154045405157e-01,1.510043783362899697e-04,-8.767212962837207265e-06,1.132891767279003157e-03,-5.068364851516443843e-03,-2.598869742946914932e-02,2.903573128418152419e-03,1.000000000000000000e+00
1.637199999999999989e+01,-8.283502039954999674e-01,2.350101146776386318e-01,3.276570092291729797e+00,3.114675165962511039e-01,5.343976501366539539e-02,-4.415254739395995526e-02,-9.477250287816989527e-01,1.244080948773100721e-03,-3.216641318058839313e-05,2.915069789349750986e-04,6.585514740509035812e-03,1.857801955671024158e-04,9.246072395290721307e-03,1.000000000000000000e+00
1.642000000000000171e+01,-8.282670363927798762e-01,2.350083511459732377e-01,3.276558390041752755e+00,3.117388277200106028e-01,5.382583938817848968e-02,-4.433196891161982067e-02,-9.476055924477918557e-01,2.066138605329201176e-03,-3.597046301778640716e-05,-6.340059896080309232e-04,1.457834331252803352e-02,2.239940239026403518e-02,1.381871703046282443e-02,1.000000000000000000e+00
1.646799999999999997e+01,-8.281580356867778159e-01,2.350068653743240532e-01,3.276511776541297216e+00,3.120877794202874811e-01,5.455850588876135637e-02,-4.449628045729972503e-02,-9.474411160579662150e-01,2.367910224097411614e-03,-2.609709772534712309e-05,-1.211713663021732898e-03,1.561776523584916185e-02,3.082426337270308125e-02,1.540348845924032276e-02,1.000000000000000000e+00
1.651600000000000179e+01,-8.280465783338483154e-01,2.350058975270761241e-01,3.276444203067327976e+00,3.124423588980285715e-01,5.537262885642010857e-02,-4.461111336989052878e-02,-9.472716046117199973e-01,2.224238710519241009e-03,-1.536625469745777392e-05,-1.542444069475836779e-03,1.350260681856427919e-02,3.159106798502091251e-02,1.419373029042866885e-02,1.000000000000000000e+00
1.656400000000000006e+01,-8.279508174832937994e-01,2.350053898405858877e-01,3.276365429449910938e+00,3.127443341004881305e-01,5.613224881063485355e-02,-4.467023011404754052e-02,-9.471244494115125256e-01,1.763140241017690894e-03,-6.961858037493220010e-06,-1.703642056167294343e-03,1.029211169974304611e-02,2.847433878445106842e-02,1.092780642067323407e-02,1.000000000000000000e+00
1.661200000000000188e+01,-8.278824354369961336e-01,2.350052112414454664e-01,3.276282017168067551e+00,3.129556700599373520e-01,5.677723689798867823e-02,-4.468021160135939723e-02,-9.470157193198127654e-01,1.120179503199673346e-03,-1.387475292649695448e-06,-1.753107056240968973e-03,7.038727303377716009e-03,2.372269338794249713e-02,6.475975693127025527e-03,1.000000000000000000e+00
1.666000000000000014e+01,-8.278469680739737324e-01,2.350052363781501286e-01,3.276198201798040444e+00,3.130582737873059962e-01,5.729047534665360208e-02,-4.465233474605848768e-02,-9.469522098023701595e-01,4.145975972795851671e-04,1.834218684244495809e-06,-1.731939026254864867e-03,4.226369650533426392e-03,1.863033054627378365e-02,1.630509223793478145e-03,1.000000000000000000e+00
1.670800000000000196e+01,-8.278449027609623423e-01,2.350053701921138438e-01,3.276116598002067448e+00,3.130506464360581775e-01,5.767791552434581998e-02,-4.459850383327824269e-02,-9.469337486237169310e-01,-2.611919667940688743e-04,3.389302204515330024e-06,-1.668276741342985051e-03,2.028081874903227277e-03,1.389768817055377428e-02,-2.985616015924927140e-03,1.000000000000000000e+00
1.675600000000000023e+01,-8.278730520017090200e-01,2.350055484555527985e-01,3.276038728136847489e+00,3.129434373079775233e-01,5.795659011268069344e-02,-4.452939814681239339e-02,-9.469554220812408385e-01,-8.439762385551743918e-04,3.857860084766578784e-06,-1.580816916131487808e-03,4.542971355297909398e-04,9.858628694241528337e-03,-6.943424374983936387e-03,1.000000000000000000e+00
1.680400000000000205e+01,-8.279259677316130883e-01,2.350057408422245031e-01,3.275965571875510296e+00,3.127548917521262295e-01,5.814483782109931831e-02,-4.445339772602379530e-02,-9.470097417400126227e-01,-1.305006432303853787e-03,4.969333146767486144e-06,-1.459165211136038672e-03,-8.742831165006799844e-04,5.989993397904826156e-03,-1.001203658393595708e-02,1.000000000000000000e+00
1.685200000000000031e+01,-8.279992727932579122e-01,2.350061937575793070e-01,3.275904490247131928e+00,3.125033795640842493e-01,5.815869505976843656e-02,-4.436517221424429031e-02,-9.470960539693803470e-01,-1.705406281224217981e-03,1.374518421768613560e-05,-1.067302796658699520e-03,-4.932512546845772665e-03,-4.229777684341540570e-03,-1.222973797888155835e-02,1.000000000000000000e+00
1.689999999999999858e+01,-8.280892360395732954e-01,2.350071019339801948e-01,3.275869308140737957e+00,3.122076068206064980e-01,5.783877663273310349e-02,-4.425786688423434534e-02,-9.472182047341759503e-01,-1.991325938343677451e-03,2.300556466747095144e-05,-4.207287696060622970e-04,-1.047609446971431088e-02,-1.905726697702779873e-02,-1.331421743530040308e-02,1.000000000000000000e+00
1.694800000000000040e+01,-8.281875162645325750e-01,2.350083719127402937e-01,3.275868673759045002e+00,3.118974621932878444e-01,5.713453795783072359e-02,-4.414312916218746802e-02,-9.473684614749964261e-01,-2.052461168219441631e-03,2.855610684457793980e-05,3.344907516366365076e-04,-1.526399887571163079e-02,-3.376523187277360311e-02,-1.276986729006544113e-02,1.000000000000000000e+00
1.699599999999999866e+01,-8.282807333776671666e-01,2.350097433583489825e-01,3.275902947083747296e+00,3.116151847611280945e-01,5.612011443645995024e-02,-4.404466453936876913e-02,-9.475265573626632243e-01,-1.794989799492745534e-03,2.737477491040475033e-05,1.006559636982131290e-03,-1.735437886426622472e-02,-4.354555956847135784e-02,-1.022931477037566407e-02,1.000000000000000000e+00
1.704400000000000048e+01,-8.283523403833132903e-01,2.350108403241057131e-01,3.275962760605296342e+00,3.114098591166472030e-01,5.498473230090471925e-02,-4.399053453233523620e-02,-9.476631319885284732e-01,-1.182033144856834729e-03,1.768025992424135764e-05,1.389842771582441242e-03,-1.535945577061458532e-02,-4.426091406821945629e-02,-5.688885161447761706e-03,1.000000000000000000e+00
1.709199999999999875e+01,-8.283861645436603194e-01,2.350112527261628836e-01,3.276029524030398044e+00,3.113271865365816460e-01,5.400060644963190076e-02,-4.400487728057567161e-02,-9.477462150817642650e-01,-2.621807977261716733e-04,-1.893568367972004705e-07,1.311431443831448645e-03,-8.775406146843722430e-03,-3.342039038987208721e-02,3.517187879715365402e-04,1.000000000000000000e+00
1.714000000000000057e+01,-8.283708104317775156e-01,2.350106585664097913e-01,3.276078332897838674e+00,3.113967269687367145e-01,5.346694324476475302e-02,-4.409981482537052300e-02,-9.477492130018293492e-01,8.226146012687391654e-04,-2.307999111372741871e-05,6.823005514759338712e-04,1.767018704848423091e-03,-1.106663619892180907e-02,6.873811608927023892e-03,1.000000000000000000e+00
1.718799999999999883e+01,-8.283042988526383432e-01,2.350090482364614597e-01,3.276084701101844132e+00,3.116187466929380423e-01,5.361292818473474553e-02,-4.426596482021644130e-02,-9.476602423862232616e-01,1.808905948499496584e-03,-3.775353948747367869e-05,-3.217844459356758989e-04,1.258504991770774059e-02,1.582624408736017438e-02,1.237386683062249512e-02,1.000000000000000000e+00
1.723600000000000065e+01,-8.282023750396056982e-01,2.350073931665598304e-01,3.276049755377786532e+00,3.119463694427069833e-01,5.425174700299776470e-02,-4.444254128783683283e-02,-9.475078211088896474e-01,2.309478986060341243e-03,-3.037822892470336457e-05,-1.021041536884030598e-03,1.574907786588816000e-02,2.873265932987996429e-02,1.514815217291247060e-02,1.000000000000000000e+00
1.728399999999999892e+01,-8.280893734588838928e-01,2.350062216852018826e-01,3.275988977881341135e+00,3.123066983276582831e-01,5.505601359644714948e-02,-4.457847740035222189e-02,-9.473363293462417900e-01,2.325538947138421769e-03,-1.935891780615147645e-05,-1.437555250986896063e-03,1.454119817093001144e-02,3.192176913767099528e-02,1.495615888156589732e-02,1.000000000000000000e+00
1.733200000000000074e+01,-8.279857507932600891e-01,2.350055489259111063e-01,3.275913634458158086e+00,3.126348358704442720e-01,5.584728748790235286e-02,-4.465895987937025524e-02,-9.471779754528694140e-01,1.971539570681440923e-03,-9.892000064095597545e-06,-1.656825672738527870e-03,1.158849482620340383e-02,2.998035718831594185e-02,1.238776558300822006e-02,1.000000000000000000e+00
1.737999999999999901e+01,-8.279057343177044226e-01,2.350052583556222208e-01,3.275831420178953124e+00,3.128846500588380319e-01,5.654075772963693819e-02,-4.468685543287613526e-02,-9.470530203871573294e-01,1.383906180952994844e-03,-3.241264719477220288e-06,-1.744045185753847690e-03,8.270150063200367233e-03,2.566819827834979084e-02,8.295825137027585186e-03,1.000000000000000000e+00
1.742800000000000082e+01,-8.278571503526938047e-01,2.350052173509893094e-01,3.275747382175627997e+00,3.130305712021350106e-01,5.710551464392792098e-02,-4.467226985525370869e-02,-9.469715993608761595e-01,6.900843422363623931e-04,8.164125515088408872e-07,-1.746384353726074604e-03,5.252647265686194444e-03,2.059849401220460036e-02,3.518916396357108130e-03,1.000000000000000000e+00
1.747599999999999909e+01,-8.278422945085806006e-01,2.350053181147090664e-01,3.275664693707115216e+00,3.130651421897206466e-01,5.754031212431673370e-02,-4.462717591302670095e-02,-9.469359769257863491e-01,-6.433550985955310950e-06,2.942427909266703891e-06,-1.696582837061658133e-03,2.807582250529912227e-03,1.566977077658555581e-02,-1.248327081919354577e-03,1.000000000000000000e+00
1.752400000000000091e+01,-8.278592423943385015e-01,2.350054851049621918e-01,3.275585249849573888e+00,3.129948311707284603e-01,5.785893157281103705e-02,-4.456285908745755142e-02,-9.469428342236982932e-01,-6.311426866532909852e-04,3.776743602478623768e-06,-1.616630517834541283e-03,9.958890111784848061e-04,1.133768736298237240e-02,-5.501286351686191650e-03,1.000000000000000000e+00
1.757199999999999918e+01,-8.279032377952973976e-01,2.350056692655562163e-01,3.275510098796868608e+00,3.128354891223898981e-01,5.808146609582153647e-02,-4.448886379226228011e-02,-9.469853436248037992e-01,-1.137755992440412462e-03,3.788865830084325710e-06,-1.520921879454203854e-03,-2.272029597744022853e-04,7.786980405015277162e-03,-8.925346473071906969e-03,1.000000000000000000e+00
1.762000000000000099e+01,-8.279689048520590955e-01,2.350059731544979214e-01,3.275442607480117729e+00,3.126066043503824554e-01,5.818550107305236335e-02,-4.440722360547824654e-02,-9.470583703621721083e-01,-1.557597612763693276e-03,9.961999545919225584e-06,-1.256250083263023417e-03,-3.044070269076687429e-03,5.475566773739299915e-04,-1.147693630016223543e-02,1.000000000000000000e+00
1.766799999999999926e+01,-8.280530869806770333e-01,2.350067044659906457e-01,3.275395942075095324e+00,3.123252149791805321e-01,5.800834582201983003e-02,-4.430686305904194683e-02,-9.471667718987334394e-01,-1.900739455830620676e-03,1.965428874076740533e-05,-6.944405746929660115e-04,-8.290402087080463167e-03,-1.303307394485521409e-02,-1.305933796266138709e-02,1.000000000000000000e+00
1.771600000000000108e+01,-8.281494731786873675e-01,2.350078568482041053e-01,3.275381324653509729e+00,3.120162309917882681e-01,5.745166708973732661e-02,-4.419268378475956632e-02,-9.473078613873040510e-01,-2.062469259167256166e-03,2.705973601218001151e-05,3.943786011198159222e-05,-1.362515326892305839e-02,-2.837106705295452599e-02,-1.320605034846327255e-02,1.000000000000000000e+00
1.776399999999999935e+01,-8.282465290805186564e-01,2.350092289771990306e-01,3.275402595015215912e+00,3.117174264917702553e-01,5.654121561838478666e-02,-4.408459245749603989e-02,-9.474660340432250472e-01,-1.937356541181136900e-03,2.879588919811635424e-05,7.686222181790796758e-04,-1.696920242910769996e-02,-4.062179430417880988e-02,-1.146715022522025278e-02,1.000000000000000000e+00
1.781200000000000117e+01,-8.283285949806097337e-01,2.350104824508472134e-01,3.275454233216775091e+00,3.114762271889915946e-01,5.542390946758939119e-02,-4.400991802075469861e-02,-9.476148359282092759e-01,-1.462077479211292821e-03,2.251069786880982511e-05,1.287929426813791715e-03,-1.668029391035158807e-02,-4.527594908826981790e-02,-7.674817976371495383e-03,1.000000000000000000e+00
1.785999999999999943e+01,-8.283788503053178820e-01,2.350112077986906967e-01,3.275521026977685324e+00,3.113410976237761529e-01,5.434511340245513217e-02,-4.399533356074290802e-02,-9.477223961712502032e-01,-6.497141136388404374e-04,7.605740215743996216e-06,1.405570620356265355e-03,-1.187305021131849180e-02,-3.908376772579896796e-02,-2.123527527079397976e-03,1.000000000000000000e+00
1.790800000000000125e+01,-8.283835035405788805e-01,2.350110322860846646e-01,3.275580023747727498e+00,3.113494523537542746e-01,5.360156944764555426e-02,-4.405852857961312097e-02,-9.477590602738478198e-01,3.934662225955343207e-04,-1.389684931230968692e-05,9.940292882572099916e-04,-2.717687843633243439e-03,-2.101507495215042959e-02,4.362797762171001514e-03,1.000000000000000000e+00
1.795599999999999952e+01,-8.283361978652112878e-01,2.350097595918878013e-01,3.275604953765550942e+00,3.115147519958643696e-01,5.347263335858582628e-02,-4.420086627800669243e-02,-9.477053973629824268e-01,1.471061532089036530e-03,-3.621883732662017430e-05,5.064362497477625921e-05,9.235709883729639746e-03,6.687519234166588306e-03,1.049317485055041056e-02,1.000000000000000000e+00
1.800400000000000134e+01,-8.282451140147116808e-01,2.350079994683470230e-01,3.275584090153392136e+00,3.118097300569657171e-01,5.396753282466624363e-02,-4.438222841899989307e-02,-9.475718523907225022e-01,2.177191160628822505e-03,-3.422309355402544179e-05,-7.873959549990910706e-04,1.524035920870713337e-02,2.519558734360685670e-02,1.443809201241963609e-02,1.000000000000000000e+00
1.805199999999999960e+01,-8.281336670194229255e-01,2.350066233539609417e-01,3.275531816113706363e+00,3.121659466691197871e-01,5.473559157689564247e-02,-4.453726095147593489e-02,-9.474032241563460355e-01,2.371108174584204541e-03,-2.363241005884863548e-05,-1.302862028373596992e-03,1.533080068355650860e-02,3.149671477659531788e-02,1.535984961711717167e-02,1.000000000000000000e+00
1.810000000000000142e+01,-8.280243098516474332e-01,2.350057663843720113e-01,3.275461061532955576e+00,3.125133389275042695e-01,5.554619125881662262e-02,-4.463968969595927955e-02,-9.472366820034313628e-01,2.145294860779215981e-03,-1.326970547485728155e-05,-1.590199218067851143e-03,1.283979128239064356e-02,3.114410213903674035e-02,1.362157114232848826e-02,1.000000000000000000e+00
1.814799999999999969e+01,-8.279338037621276625e-01,2.350053431176426233e-01,3.275380799040375379e+00,3.127978880625048586e-01,5.628385232306670066e-02,-4.468711472788786110e-02,-9.470969702034778281e-01,1.632447631185428554e-03,-5.495818024941761002e-06,-1.722368128870477820e-03,9.553899692747717942e-03,2.751200738186548866e-02,1.001779678448509042e-02,1.000000000000000000e+00
1.819600000000000151e+01,-8.278724078703185718e-01,2.350052194488620183e-01,3.275297007059222665e+00,3.129861371120243319e-01,5.690022975636509217e-02,-4.468767810533727514e-02,-9.469979161829862324e-01,9.660355852819485197e-04,-4.954672672112221854e-07,-1.753184735123946170e-03,6.369926183660680995e-03,2.259797327058524902e-02,5.414556740702524545e-03,1.000000000000000000e+00
1.824399999999999977e+01,-8.278444313358672701e-01,2.350052757291521688e-01,3.275213509003497059e+00,3.130640124205147368e-01,5.738468515852977042e-02,-4.465304866575939280e-02,-9.469445745561229089e-01,2.599383081040534233e-04,2.301075111044363253e-06,-1.720566121440963601e-03,3.685608321614365721e-03,1.753967173153407957e-02,5.717232941458402816e-04,1.000000000000000000e+00
1.829200000000000159e+01,-8.278494269487501889e-01,2.350054240934940364e-01,3.275132638645241734e+00,3.130330998112848540e-01,5.774644574755533055e-02,-4.459496815300861838e-02,-9.469355391163084557e-01,-3.998766980811731806e-04,3.572885494960221351e-06,-1.650283869070338482e-03,1.628053855031527317e-03,1.294051185244742344e-02,-3.930039709459529074e-03,1.000000000000000000e+00
1.833999999999999986e+01,-8.278835808402623675e-01,2.350056061582432576e-01,3.275055732364880345e+00,3.129061244219015214e-01,5.800391212280650577e-02,-4.452372578607237397e-02,-9.469651214906709136e-01,-9.564547570839242261e-04,3.861346882858364775e-06,-1.559364177269047247e-03,1.846833344499364347e-04,9.074985274329603127e-03,-7.703919182662824147e-03,1.000000000000000000e+00
1.838800000000000168e+01,-8.279412632560083640e-01,2.350058216221256047e-01,3.274984142965177814e+00,3.127022105898386028e-01,5.816806755958707498e-02,-4.444624055577848371e-02,-9.470260477458203319e-01,-1.398711685752935521e-03,6.541388139877587991e-06,-1.399686774771706889e-03,-1.520499440461701426e-03,4.356834847044825307e-03,-1.058070343624699025e-02,1.000000000000000000e+00
1.843599999999999994e+01,-8.280187192082795189e-01,2.350063727427177396e-01,3.274927717775720115e+00,3.124389373530872538e-01,5.811877548263032905e-02,-4.435366162597817463e-02,-9.471203044294007611e-01,-1.782654202306492575e-03,1.593482933498331397e-05,-9.417520134268861408e-04,-6.112907476225739288e-03,-7.271868752565122107e-03,-1.258702861015878124e-02,1.000000000000000000e+00
1.848400000000000176e+01,-8.281114505607867216e-01,2.350073760832482872e-01,3.274899701931027973e+00,3.121368687375197792e-01,5.771383016805551464e-02,-4.424315435031305616e-02,-9.472498256928858495e-01,-2.028537848080485574e-03,2.468438196050683586e-05,-2.565161439350073405e-04,-1.167540872984527793e-02,-2.249395472557643577e-02,-1.335408282413380436e-02,1.000000000000000000e+00
1.853200000000000003e+01,-8.282099412588842524e-01,2.350086965273162354e-01,3.274907108321005289e+00,3.118288019718001847e-01,5.693018585657617231e-02,-4.412967683837663857e-02,-9.474039918753281997e-01,-2.025905468549004003e-03,2.897604501105157580e-05,4.980933045361751570e-04,-1.602064336097608691e-02,-3.652007047784228827e-02,-1.239021228161916663e-02,1.000000000000000000e+00
1.858000000000000185e+01,-8.282998796909700756e-01,2.350100431047025540e-01,3.274948213282601994e+00,3.115591661916118360e-01,5.586895872457521561e-02,-4.403858641915761596e-02,-9.475601027476939775e-01,-1.690289299057738627e-03,2.600515533224101965e-05,1.123806385464946617e-03,-1.730184342933828792e-02,-4.461237961941184188e-02,-9.391049629905254964e-03,1.000000000000000000e+00
1.862800000000000011e+01,-8.283644474366231858e-01,2.350110235624521537e-01,3.275011484491772595e+00,3.113773187505468609e-01,5.474139371775109397e-02,-4.399780813343702468e-02,-9.476875740775601020e-01,-1.001845914452244085e-03,1.437616593600474824e-05,1.417824763289984424e-03,-1.429853293601463654e-02,-4.291092000626653413e-02,-4.456083055648665803e-03,1.000000000000000000e+00
1.867600000000000193e+01,-8.283881357726603500e-01,2.350112354671375359e-01,3.275076595349910580e+00,3.113265384686733084e-01,5.383130098014311804e-02,-4.402948899227011881e-02,-9.477549164098159062e-01,-2.998999446761123290e-05,-4.987012625360260284e-06,1.221444320866806998e-03,-6.741628724593514907e-03,-2.941752138708014427e-02,1.796635512133726905e-03,1.000000000000000000e+00
1.872400000000000020e+01,-8.283611942116761995e-01,2.350103948007795374e-01,3.275117871793585156e+00,3.114310850347358772e-01,5.343441219348225857e-02,-4.414215101341373293e-02,-9.477377872447271256e-01,1.064095354587217372e-03,-2.829560555163227123e-05,4.704247924021251926e-04,4.472036452211209864e-03,-4.820439789108925052e-03,8.245690751410034852e-03,1.000000000000000000e+00
1.877200000000000202e+01,-8.282848096587683839e-01,2.350086708859289164e-01,3.275113789311534962e+00,3.116822781730174130e-01,5.372337867549643181e-02,-4.431736934119805821e-02,-9.476306911615103301e-01,1.965389914407178994e-03,-3.702288397692440723e-05,-5.053147138604853527e-04,1.386183462950649724e-02,1.984154012449688628e-02,1.325339467076369973e-02,1.000000000000000000e+00
1.882000000000000028e+01,-8.281783888407677763e-01,2.350071057827727017e-01,3.275071965758257875e+00,3.120234870322572962e-01,5.442100318995733016e-02,-4.448774448052193742e-02,-9.474706003581662150e-01,2.351957628219780022e-03,-2.799249339291771089e-05,-1.133796675862316916e-03,1.574319042738780636e-02,3.008216755703490078e-02,1.535121396420639599e-02,1.000000000000000000e+00
1.886800000000000210e+01,-8.280658764699454499e-01,2.350060500519643714e-01,3.275007152501894225e+00,3.123818004889343247e-01,5.523381925522356795e-02,-4.461187551593880779e-02,-9.472996445141964594e-01,2.274954219408803231e-03,-1.706151633442899360e-05,-1.500169010968881384e-03,1.397796294740739388e-02,3.182068548753263365e-02,1.456797194530852664e-02,1.000000000000000000e+00
1.891600000000000037e+01,-8.279664544438283258e-01,2.350054731113301043e-01,3.274929744600620474e+00,3.126959466454974357e-01,5.600854093014157042e-02,-4.468012690654946800e-02,-9.471472823980264799e-01,1.857473565484860653e-03,-8.178932978618043241e-06,-1.685362503550635145e-03,1.085678474768115784e-02,2.916623002067098361e-02,1.158646088368758646e-02,1.000000000000000000e+00
1.896399999999999864e+01,-8.278929045953686838e-01,2.350052484367772254e-01,3.274846778310420703e+00,3.129243741988367855e-01,5.667501550842829472e-02,-4.469764224899648586e-02,-9.470313613744613113e-01,1.235975342817081414e-03,-2.143169575415634342e-06,-1.750338985244764400e-03,7.564740843770609291e-03,2.457751319825945621e-02,7.273928372420863930e-03,1.000000000000000000e+00
1.901200000000000045e+01,-8.278517347765731449e-01,2.350052469074003780e-01,3.274762827151577405e+00,3.130458116259356993e-01,5.721056023163333115e-02,-4.467527851551223589e-02,-9.469600789426143583e-01,5.334974974239993072e-04,1.429378796143426374e-06,-1.738764140770041088e-03,4.659533576751080479e-03,1.947969487594193236e-02,2.444770155376522168e-03,1.000000000000000000e+00
1.905999999999999872e+01,-8.278441886332804645e-01,2.350053678515448552e-01,3.274680737307187339e+00,3.130562661981199368e-01,5.761825676663129281e-02,-4.462501022345661400e-02,-9.469342739302564205e-01,-1.526772191079404386e-04,3.221238927270458927e-06,-1.680704964875730841e-03,2.353816058397127740e-03,1.465443257248117553e-02,-2.246338698125887028e-03,1.000000000000000000e+00
1.910800000000000054e+01,-8.278675982762122576e-01,2.350055422443795283e-01,3.274602185021774581e+00,3.129646665645033354e-01,5.791387722605528809e-02,-4.455779495006555180e-02,-9.469496835714144023e-01,-7.544744449633305995e-04,3.840533552193522108e-06,-1.596229442663352812e-03,6.781376774903095017e-04,1.048541613030777066e-02,-6.337776593957692751e-03,1.000000000000000000e+00
1.915599999999999881e+01,-8.279167682217554169e-01,2.350057277900136077e-01,3.274528106737120137e+00,3.127883395625752905e-01,5.811765382896378479e-02,-4.448266592421470239e-02,-9.469989891121198822e-01,-1.233369509125841965e-03,4.121599129859145702e-06,-1.492348345524176223e-03,-5.113964930194016788e-04,6.944186847498528582e-03,-9.558289241683153720e-03,1.000000000000000000e+00
1.920400000000000063e+01,-8.279868361535422938e-01,2.350061116545072160e-01,3.274463989730992619e+00,3.125462542344520367e-01,5.817403839915739200e-02,-4.439749883482448090e-02,-9.470794487885149104e-01,-1.643627550739598826e-03,1.209852439735059770e-05,-1.153687756860297987e-03,-4.082093096304786374e-03,-2.065155299766948619e-03,-1.192610973959579677e-02,1.000000000000000000e+00
1.925199999999999889e+01,-8.280744564549060716e-01,2.350069451019279887e-01,3.274423681213497250e+00,3.122561246403728341e-01,5.791713595983416507e-02,-4.429301034026000145e-02,-9.471957808298040460e-01,-1.956414134356735876e-03,2.162811257813605992e-05,-5.411399341302013024e-04,-9.539887010483551893e-03,-1.644200876887319182e-02,-1.323550631877192657e-02,1.000000000000000000e+00
1.930000000000000071e+01,-8.281721743163561467e-01,2.350081693401123994e-01,3.274416992035264151e+00,3.119456553743279459e-01,5.727561709384370453e-02,-4.417808160292046454e-02,-9.473424454153233087e-01,-2.062959700653160117e-03,2.804222674231099282e-05,2.084363105779760378e-04,-1.460226050342141105e-02,-3.151478665864328177e-02,-1.299772759254059357e-02,1.000000000000000000e+00
1.934799999999999898e+01,-8.282673764976717923e-01,2.350095485863936129e-01,3.274445819486269560e+00,3.116552482945436631e-01,5.630280851681258858e-02,-4.407491743776142945e-02,-9.475011354169653455e-01,-1.863626645203726338e-03,2.816055116941094862e-05,9.091763746373839787e-04,-1.726331441015513390e-02,-4.244586162241759802e-02,-1.080503754418930297e-02,1.000000000000000000e+00
1.939600000000000080e+01,-8.283438346526366125e-01,2.350107215853134146e-01,3.274502456847052212e+00,3.114334600320463053e-01,5.517017814998004949e-02,-4.401141781269751752e-02,-9.476436284371260177e-01,-1.309504309215088610e-03,1.993787776653586032e-05,1.354774558347837362e-03,-1.601879212513781028e-02,-4.491838170358249116e-02,-6.579833418127969957e-03,1.000000000000000000e+00
1.944399999999999906e+01,-8.283850114094453154e-01,2.350112761354010427e-01,3.274569725920231988e+00,3.113274325232506246e-01,5.413933587852518686e-02,-4.401297337490363976e-02,-9.477378436275570861e-01,-4.336083190226052483e-04,3.291911732453713599e-06,1.363169173233913338e-03,-1.019460144515360947e-02,-3.609551756531927807e-02,-7.324003190751285364e-04,1.000000000000000000e+00
1.949200000000000088e+01,-8.283783925572523188e-01,2.350108655658488532e-01,3.274623472650934897e+00,3.113703686481733568e-01,5.350978684678617953e-02,-4.409424058065793128e-02,-9.477557144048910365e-01,6.372762818657202056e-04,-1.911100962346165872e-05,8.278404597902484525e-04,-2.207328085689049327e-04,-1.554506237787384344e-02,5.800743833486729853e-03,1.000000000000000000e+00
1.953999999999999915e+01,-8.283199405273592442e-01,2.350093809546976442e-01,3.274637985708485743e+00,3.115686096541263050e-01,5.353894599037096330e-02,-4.425118961061030864e-02,-9.476815999894051545e-01,1.672980970734082870e-03,-3.770483638852254447e-05,-1.683204703374505877e-04,1.132964272438931157e-02,1.222871774479446227e-02,1.161338682554519629e-02,1.000000000000000000e+00
1.958800000000000097e+01,-8.282222149189369942e-01,2.350076684065274535e-01,3.274608829924425368e+00,3.118835659562381735e-01,5.412255917248129378e-02,-4.443095690362699329e-02,-9.475364267106930471e-01,2.262082891694943039e-03,-3.214272662473620861e-05,-9.253268538846714901e-04,1.562262686295593124e-02,2.740778499794768036e-02,1.490049325121983563e-02,1.000000000000000000e+00
1.963599999999999923e+01,-8.281094657382940261e-01,2.350064070396435112e-01,3.274551518951096085e+00,3.122434505833501794e-01,5.491497603315050047e-02,-4.457549224474455923e-02,-9.473655041567738966e-01,2.352934771719490930e-03,-2.119305238561678141e-05,-1.382963363498335239e-03,1.492153073998273710e-02,3.184882417838548474e-02,1.517972567180411909e-02,1.000000000000000000e+00
1.968400000000000105e+01,-8.280030632326761397e-01,2.350056563866332882e-01,3.274478019812001595e+00,3.125808928483372884e-01,5.571648459160825906e-02,-4.466542885467113255e-02,-9.472031768507302996e-01,2.051686678532573492e-03,-1.130411730816112219e-05,-1.630365752341355169e-03,1.213946239102907040e-02,3.053746197035209567e-02,1.295371516605246798e-02,1.000000000000000000e+00
1.973199999999999932e+01,-8.279183385478177115e-01,2.350053108774752542e-01,3.274396562905326213e+00,3.128462958916345960e-01,5.642981981227338656e-02,-4.470157518641971334e-02,-9.470716127931882999e-01,1.493814400755741952e-03,-4.166238409329837927e-06,-1.736062177533284753e-03,8.820920293037907631e-03,2.648566493903750999e-02,9.055986249456939724e-03,1.000000000000000000e+00
1.978000000000000114e+01,-8.278641554522463419e-01,2.350052362871919431e-01,3.274312583158259571e+00,3.130107175434155287e-01,5.701702884815065819e-02,-4.469330209888011662e-02,-9.469825013545831727e-01,8.097011142949208772e-04,2.892232808077548963e-07,-1.750037299522830443e-03,5.725453083713596091e-03,2.146416150264672876e-02,4.339831890018274949e-03,1.000000000000000000e+00
1.982799999999999940e+01,-8.278436555447318268e-01,2.350053194455238026e-01,3.274229523194114755e+00,3.130639177897704961e-01,5.747310548913499989e-02,-4.465250593560037007e-02,-9.469392690332500973e-01,1.074557628513640213e-04,2.694080242616964689e-06,-1.707202461169902942e-03,3.175380666387638863e-03,1.646939112308376182e-02,-4.708045525380158977e-04,1.000000000000000000e+00
1.987600000000000122e+01,-8.278555259716361414e-01,2.350054795344951597e-01,3.274149459092696723e+00,3.130103425206702816e-01,5.781004211932958686e-02,-4.459069252636069930e-02,-9.469393827723470158e-01,-5.334586422211381410e-04,3.708860748357959187e-06,-1.631122593878943459e-03,1.258058906560947238e-03,1.201740716238806732e-02,-4.838298049354618040e-03,1.000000000000000000e+00
1.992399999999999949e+01,-8.278953926366633409e-01,2.350056635975454056e-01,3.274073557553521141e+00,3.128645748506059809e-01,5.804730510180579339e-02,-4.451773499689666569e-02,-9.469764724874181194e-01,-1.062207881850690903e-03,3.834533470231204373e-06,-1.537282036199168504e-03,-5.859756444143657814e-05,8.329517171095923711e-03,-8.417208902730125702e-03,1.000000000000000000e+00
1.997200000000000131e+01,-8.279576674750895871e-01,2.350059212265817876e-01,3.274004058393526595e+00,3.126461514779134698e-01,5.818072286989690173e-02,-4.443818781328308376e-02,-9.470441567932599281e-01,-1.490247101026349929e-03,8.420698175004086465e-06,-1.323728795492426632e-03,-2.332349571265664601e-03,2.328222637437169472e-03,-1.110786295344900684e-02,1.000000000000000000e+00
2.001999999999999957e+01,-8.280390560410215706e-01,2.350065747719898290e-01,3.273952966207246185e+00,3.123721265985380247e-01,5.806104591860428155e-02,-4.434114305661283895e-02,-9.471464683477300861e-01,-1.853035270061140606e-03,1.809157385746757072e-05,-8.045378180045676449e-04,-7.341991676671874752e-03,-1.049726267921480966e-02,-1.288231261516276441e-02,1.000000000000000000e+00
2.006800000000000139e+01,-8.281340791650210198e-01,2.350076667688633103e-01,3.273932487111892442e+00,3.120654085583524640e-01,5.756975568509176133e-02,-4.422819439529030588e-02,-9.472828357107501152e-01,-2.053264902890918238e-03,2.614735145068087686e-05,-8.834245709793467338e-05,-1.281635093449689372e-02,-2.587944054183616630e-02,-1.330635908244302834e-02,1.000000000000000000e+00
2.011599999999999966e+01,-8.282320581396380721e-01,2.350090234151684110e-01,3.273947873978884981e+00,3.117616691706281973e-01,5.671153097430954582e-02,-4.411725525053764724e-02,-9.474397773366142195e-01,-1.982486943089948900e-03,2.903693714765026798e-05,6.558086220761574249e-04,-1.662654314395091426e-02,-3.898727249239471865e-02,-1.190667341561734392e-02,1.000000000000000000e+00
2.016400000000000148e+01,-8.283178616082217394e-01,2.350103255235042043e-01,3.273995259166018634e+00,3.115071981166989135e-01,5.561387569858978336e-02,-4.403495690721435929e-02,-9.475923622114341693e-01,-1.567533027674308669e-03,2.419916825054588407e-05,1.224942662586801312e-03,-1.703586383352598960e-02,-4.519520689493269211e-02,-8.452677421770258062e-03,1.000000000000000000e+00
2.021199999999999974e+01,-8.283745893692390228e-01,2.350111689557880801e-01,3.274060989085069373e+00,3.113510791590840543e-01,5.450826075828472256e-02,-4.400867514356700261e-02,-9.477091281230169972e-01,-8.068696665088949393e-04,1.067319984833656856e-05,1.421532697922236587e-03,-1.300807377475984503e-02,-4.097081316650321575e-02,-3.152951133464769375e-03,1.000000000000000000e+00
2.026000000000000156e+01,-8.283876203786163517e-01,2.350111654086256552e-01,3.274123167082067631e+00,3.113335185180030606e-01,5.368711221173582543e-02,-4.405817023190240073e-02,-9.477594694147781773e-01,2.090842047422579843e-04,-9.999892989544858650e-06,1.103636824821725964e-03,-4.520306630425092315e-03,-2.485130894857537701e-02,3.256541082399872031e-03,1.000000000000000000e+00
2.030799999999999983e+01,-8.283490483981620356e-01,2.350100755089612747e-01,3.274155625651682833e+00,3.114728797328330523e-01,5.343893931759258198e-02,-4.418807704083446003e-02,-9.477216568185936607e-01,1.301002592546135310e-03,-3.342052569875345812e-05,2.337438786074979148e-04,7.264370498180211522e-03,1.809312407264102637e-03,9.559392782943227501e-03,1.000000000000000000e+00
2.035600000000000165e+01,-8.282638304099060322e-01,2.350083056402514359e-01,3.274141696753747777e+00,3.117503173206766509e-01,5.385312168429440272e-02,-4.436837066041596223e-02,-9.475985587896670337e-01,2.096080421625077031e-03,-3.563046596976969646e-05,-6.713200109579126268e-04,1.476875140094635434e-02,2.313312679149392981e-02,1.398719930203900889e-02,1.000000000000000000e+00
2.040399999999999991e+01,-8.281540889756823232e-01,2.350068437647270803e-01,3.274093704214938949e+00,3.121015074181882620e-01,5.459557679390954904e-02,-4.453062934684764995e-02,-9.474328446448372354e-01,2.371720240663028906e-03,-2.553690579048195779e-05,-1.233944457498246158e-03,1.556593735476983001e-02,3.102733296514674152e-02,1.541223788629890977e-02,1.000000000000000000e+00
2.045200000000000173e+01,-8.280430051447014161e-01,2.350059017209442935e-01,3.274025354953014944e+00,3.124547960331602869e-01,5.540967265924866270e-02,-4.464253129800304504e-02,-9.472638560670296748e-01,2.207699545573446262e-03,-1.487012060674540566e-05,-1.554076757517751589e-03,1.335178032126478793e-02,3.151086955842866827e-02,1.407181259201158163e-02,1.000000000000000000e+00
2.050000000000000000e+01,-8.279484100516359968e-01,2.350054142985864569e-01,3.273946220528157980e+00,3.127529115399678705e-01,5.616452521548683657e-02,-4.469882065847651659e-02,-9.471183547278207993e-01,1.733396462852806108e-03,-6.605335473146548905e-06,-1.708127505850327160e-03,1.011810579832111111e-02,2.826044898773787811e-02,1.071969092567159366e-02,1.000000000000000000e+00
2.054800000000000182e+01,-8.278816473856122071e-01,2.350052492515848357e-01,3.273862721744610571e+00,3.129589031359775175e-01,5.680294448008225972e-02,-4.470648959802499961e-02,-9.470118691094325802e-01,1.084024350579470023e-03,-1.163895860907337885e-06,-1.752959371094278251e-03,6.878616191996836556e-03,2.346307787831989483e-02,6.226290848057377571e-03,1.000000000000000000e+00
2.059600000000000009e+01,-8.278479560186392527e-01,2.350052823642552191e-01,3.273778993994345132e+00,3.130556491182464041e-01,5.730944245463993197e-02,-4.467692982633118814e-02,-9.469507697351464692e-01,3.776258376758334060e-04,1.957178848906560315e-06,-1.728913569435119608e-03,4.095621968848541135e-03,1.837440537175424535e-02,1.376778648631617761e-03,1.000000000000000000e+00
2.064400000000000190e+01,-8.278475934018191262e-01,2.350054201959433653e-01,3.273697583219911333e+00,3.130424089750118433e-01,5.769080633797955132e-02,-4.462201754105928758e-02,-9.469345788372933725e-01,-2.948885015198665291e-04,3.444205009087262448e-06,-1.663558807709819044e-03,1.930554415714716898e-03,1.367088732509639908e-02,-3.215687164406953388e-03,1.000000000000000000e+00
2.069200000000000017e+01,-8.278772147967734529e-01,2.350055998758691922e-01,3.273619966015970384e+00,3.129303531817135275e-01,5.796442965201802078e-02,-4.455234358057627575e-02,-9.469581868457361828e-01,-8.717933051101098589e-04,3.868852139856177146e-06,-1.575186142595985271e-03,3.879620447372462934e-04,9.671649881426772760e-03,-7.132132056458448388e-03,1.000000000000000000e+00
2.074000000000000199e+01,-8.279313087786530634e-01,2.350057965510039537e-01,3.273547172845385766e+00,3.127379829930887478e-01,5.814748837973329754e-02,-4.447601173141618042e-02,-9.470141012514069478e-01,-1.328060790846446754e-03,5.314700664199117108e-06,-1.445923914419609910e-03,-1.011428204575160828e-03,5.641621663669136449e-03,-1.015546518640718203e-02,1.000000000000000000e+00
2.078800000000000026e+01,-8.280056517876814848e-01,2.350062729522961469e-01,3.273487170454218553e+00,3.124834765022636573e-01,5.814702818573411203e-02,-4.438674951720113226e-02,-9.471023263056235209e-01,-1.725107197353202386e-03,1.428580617995806303e-05,-1.037716971271918955e-03,-5.209732929701807631e-03,-4.937806941389194341e-03,-1.232522497470480219e-02,1.000000000000000000e+00
2.083600000000000207e+01,-8.280963533477299077e-01,2.350072054182263670e-01,3.273453703073245347e+00,3.121859330007620281e-01,5.780690677921819509e-02,-4.427859012591960075e-02,-9.472263252367532083e-01,-2.002115482836989199e-03,2.345052188575957411e-05,-3.809988982826343793e-04,-1.076972822656937362e-02,-1.988622563398484422e-02,-1.333669480814052288e-02,1.000000000000000000e+00
2.088400000000000034e+01,-8.281947886453405738e-01,2.350084900732906101e-01,3.273455043070159665e+00,3.118759444217408805e-01,5.708310706065000684e-02,-4.416400885441048446e-02,-9.473776725790281628e-01,-2.048494787336837316e-03,2.871855844192383269e-05,3.752322631170113346e-04,-1.546228528468348261e-02,-3.445841580140678040e-02,-1.269368018892544185e-02,1.000000000000000000e+00
2.093200000000000216e+01,-8.282873406219970480e-01,2.350098587652633131e-01,3.273491059366745226e+00,3.115963169226331209e-01,5.605627515781864967e-02,-4.406714724137821004e-02,-9.475354958151631646e-01,-1.772433685811475226e-03,2.711518594711433841e-05,1.037417689278720368e-03,-1.736642882943334465e-02,-4.385791012855395216e-02,-1.004268127152755687e-02,1.000000000000000000e+00
2.098000000000000043e+01,-8.283573740887382186e-01,2.350109308886810799e-01,3.273551861665822127e+00,3.113962706039236084e-01,5.492110403015691006e-02,-4.401607971751167470e-02,-9.476701006744793210e-01,-1.140978349501129818e-03,1.694560618159474873e-05,1.400315619771201657e-03,-1.513242342646479825e-02,-4.400783836951781269e-02,-5.404038540134877694e-03,1.000000000000000000e+00
2.102799999999999869e+01,-8.283888478384715537e-01,2.350112972198521999e-01,3.273618425133231202e+00,3.113210108298553047e-01,5.395291982337487025e-02,-4.403451193392449170e-02,-9.477495831796234338e-01,-2.076777431615624780e-04,-1.314545051382979511e-06,1.294119509124107281e-03,-8.311269902537877369e-03,-3.253023383125033807e-02,6.941715544767895069e-04,1.000000000000000000e+00
2.107600000000000051e+01,-8.283707354607613427e-01,2.350106439263747737e-01,3.273665629316804271e+00,3.113989071318786217e-01,5.345052493989949083e-02,-4.413373676997467410e-02,-9.477478437324131644e-01,8.807870255539528969e-04,-2.435476267039604598e-05,6.355080201277000856e-04,2.402704628377316624e-03,-9.619819449710971526e-03,7.207791718727435924e-03,1.000000000000000000e+00
2.112399999999999878e+01,-8.283017614103340698e-01,2.350089989991675787e-01,3.273669535284686294e+00,3.116282034147423441e-01,5.363184713506440743e-02,-4.430242760667030266e-02,-9.476543582538606847e-01,1.849280689130035175e-03,-3.769687690785699665e-05,-3.661082290377345506e-04,1.292894417810976949e-02,1.685681746787443328e-02,1.260112893682506507e-02,1.000000000000000000e+00
2.117200000000000060e+01,-8.281986148193795083e-01,2.350073618956458055e-01,3.273632925808374949e+00,3.119595379175418293e-01,5.428622917713663010e-02,-4.447777326325133562e-02,-9.474998573665031065e-01,2.322698636713048381e-03,-2.985600562467780695e-05,-1.048357532870186322e-03,1.576963822025483075e-02,2.910349936925011802e-02,1.521575538748325129e-02,1.000000000000000000e+00
2.121999999999999886e+01,-8.280855927681630702e-01,2.350062166787864892e-01,3.273571170009648590e+00,3.123198374425650292e-01,5.509351790397874066e-02,-4.461098217472811434e-02,-9.473282871814919792e-01,2.316081711854619737e-03,-1.882617137306331537e-05,-1.452732047638822556e-03,1.441810423692667896e-02,3.192979463589368239e-02,1.488016543767469758e-02,1.000000000000000000e+00
2.126800000000000068e+01,-8.279828649517156913e-01,2.350055665023489393e-01,3.273495327476862560e+00,3.126449978107280203e-01,5.588145580467175633e-02,-4.468854872062573425e-02,-9.471712104230809448e-01,1.946224355026404196e-03,-9.482736402405082053e-06,-1.663686036813711308e-03,1.141889865942072660e-02,2.980672375437408428e-02,1.220868289422194324e-02,1.000000000000000000e+00
2.131599999999999895e+01,-8.279043201904089377e-01,2.350052918915869482e-01,3.273412935771186305e+00,3.128899520184285077e-01,5.656885638009652439e-02,-4.471392738670949135e-02,-9.470483129763810348e-01,1.349742136092548601e-03,-2.971556810113401919e-06,-1.745430051567457624e-03,8.103300587483423800e-03,2.542073868002807033e-02,8.059023689564985202e-03,1.000000000000000000e+00
2.136400000000000077e+01,-8.278574698486941275e-01,2.350052607555776774e-01,3.273328927878048411e+00,3.130301543028281563e-01,5.712685932096529806e-02,-4.469742903260429112e-02,-9.469692625841374944e-01,6.531398497701259654e-04,9.729803095976260850e-07,-1.744308277655700267e-03,5.110758531812651176e-03,2.033907013431524372e-02,3.264843071707982779e-03,1.000000000000000000e+00
2.141199999999999903e+01,-8.278443542326379134e-01,2.350053668474112734e-01,3.273246397674423935e+00,3.130589873830365577e-01,5.755530887550541763e-02,-4.465104084866857587e-02,-9.469359753383980172e-01,-4.151137775913641364e-05,3.019754172100314606e-06,-1.692422984684336957e-03,2.698106997306210300e-03,1.543157258976588127e-02,-1.488301831997701670e-03,1.000000000000000000e+00
2.146000000000000085e+01,-8.278628653035551288e-01,2.350055361138601862e-01,3.273167186793928263e+00,3.129835270311079332e-01,5.786849951255729901e-02,-4.458597701010970360e-02,-9.469448976711299926e-01,-6.612152621895974434e-04,3.802349775606959917e-06,-1.611301521318042867e-03,9.185957167314101396e-04,1.113618055521752373e-02,-5.705850383441978847e-03,1.000000000000000000e+00
2.150799999999999912e+01,-8.279081327579563832e-01,2.350057205810978933e-01,3.273092308352632429e+00,3.128200033386769885e-01,5.808669674121252208e-02,-4.451167978932212693e-02,-9.469890662173546803e-01,-1.161059883166136453e-03,3.781188908430541661e-06,-1.515017894067942524e-03,-2.762113052800549266e-04,7.626895953896756578e-03,-9.082515372242229434e-03,1.000000000000000000e+00
2.155600000000000094e+01,-8.279748830978770346e-01,2.350060425864884950e-01,3.273025587178644447e+00,3.125878244119403293e-01,5.818025099035636222e-02,-4.442923896232236353e-02,-9.470638590661866196e-01,-1.579047491651106635e-03,1.047648320107247799e-05,-1.232328420288550256e-03,-3.283071103208771210e-03,-4.996138149294645017e-05,-1.159242756872376663e-02,1.000000000000000000e+00
2.160399999999999920e+01,-8.280599456495026933e-01,2.350067992168154152e-01,3.272980427782731461e+00,3.123041321006841398e-01,5.798443576276382516e-02,-4.432784178256082841e-02,-9.471742061125882906e-01,-1.915560267886170240e-03,2.015670204932749066e-05,-6.577574009449840527e-04,-8.590294312510562622e-03,-1.384246450305512410e-02,-1.311253615474822047e-02,1.000000000000000000e+00
2.165200000000000102e+01,-8.281567383654346859e-01,2.350079708156130875e-01,3.272967731094596378e+00,3.119944972322532539e-01,5.740727038296854906e-02,-4.421336897816297712e-02,-9.473167458709733646e-01,-2.064673905721567566e-03,2.734615860066995285e-05,8.082604421642114846e-05,-1.387013665687195953e-02,-2.914181862535693973e-02,-1.316972338522617685e-02,1.000000000000000000e+00
2.169999999999999929e+01,-8.282534607192397758e-01,2.350093474761553169e-01,3.272990884299393333e+00,3.116973482404434836e-01,5.648107746712156818e-02,-4.410630802824939273e-02,-9.474752158131340973e-01,-1.922122801673005390e-03,2.870741414743183134e-05,8.043292759913133567e-04,-1.705934832446268784e-02,-4.110085457650001356e-02,-1.132293461594674130e-02,1.000000000000000000e+00
2.174800000000000111e+01,-8.283342991078439521e-01,2.350105847457874819e-01,3.273043846753532549e+00,3.114604361368127350e-01,5.535874945745546810e-02,-4.403416309070955909e-02,-9.476227087089427181e-01,-1.427849726511461583e-03,2.195597209736643857e-05,1.307062737377569922e-03,-1.654667550953406452e-02,-4.525081532470480450e-02,-7.425056286701949698e-03,1.000000000000000000e+00
2.179599999999999937e+01,-8.283824763841455274e-01,2.350112716549771497e-01,3.273110925535791971e+00,3.113319836198625845e-01,5.428977904984515906e-02,-4.402334243016577803e-02,-9.477272609708535800e-01,-5.996181566773041644e-04,6.612338984954249692e-06,1.399283050465555209e-03,-1.149556121108141413e-02,-3.843532872508726578e-02,-1.797949250896419817e-03,1.000000000000000000e+00
2.184400000000000119e+01,-8.283844814330656448e-01,2.350110407643246635e-01,3.273168857125331233e+00,3.113484769878623326e-01,5.357192659248364436e-02,-4.409084687174425615e-02,-9.477595537796704717e-01,4.513514043666161553e-04,-1.514642579483463463e-05,9.582390230978113680e-04,-2.137557121166766723e-03,-1.976350484475074970e-02,4.707119866023533328e-03,1.000000000000000000e+00
2.189199999999999946e+01,-8.283344721589072090e-01,2.350097123222874840e-01,3.273191408473722586e+00,3.115217742475513418e-01,5.348068904914035637e-02,-4.423690331754595584e-02,-9.477009530718858432e-01,1.521830363631811135e-03,-3.681070607921393798e-05,-2.720032895593043135e-06,9.788648216337543853e-03,8.103450339966993682e-03,1.077338992029112583e-02,1.000000000000000000e+00
2.194000000000000128e+01,-8.282416697399009875e-01,2.350079581939395479e-01,3.273168525509870808e+00,3.118219140928081279e-01,5.399870734243997911e-02,-4.441822153778871712e-02,-9.475643804471877152e-01,2.200264027269081043e-03,-3.379008291303088580e-05,-8.210058121175520035e-04,1.535952726715196850e-02,2.578294310718457980e-02,1.456500905614326741e-02,1.000000000000000000e+00
2.198799999999999955e+01,-8.281297855809238717e-01,2.350066076381397140e-01,3.273115024147637442e+00,3.121794135064555054e-01,5.477374468287812825e-02,-4.457086849546163659e-02,-9.473950012311340707e-01,2.369188636233229232e-03,-2.307160963071034374e-05,-1.322364149918317912e-03,1.524650678509255168e-02,3.161698546758830858e-02,1.533185670768773962e-02,1.000000000000000000e+00
2.203600000000000136e+01,-8.280210342860878647e-01,2.350057755953077476e-01,3.273043603583379646e+00,3.125247632815457144e-01,5.558284109030978137e-02,-4.467032309424891906e-02,-9.472293187749195598e-01,2.124704786217946478e-03,-1.280201231932157002e-05,-1.599887249809809264e-03,1.267782262193515447e-02,3.102049605180802819e-02,1.347316874149093006e-02,1.000000000000000000e+00
2.208399999999999963e+01,-8.279318429599817897e-01,2.350053710766131509e-01,3.272963057503955664e+00,3.128049660874679394e-01,5.631505439666208146e-02,-4.471501196010126133e-02,-9.470914610240799281e-01,1.600383226829492399e-03,-5.171178911054639535e-06,-1.725501351162743576e-03,9.379827590558170378e-03,2.727865717119543412e-02,9.794536595470821477e-03,1.000000000000000000e+00
2.213200000000000145e+01,-8.278721372138264645e-01,2.350052595679547884e-01,3.272879232219021439e+00,3.129876397026681301e-01,5.692464372864024930e-02,-4.471340446346538933e-02,-9.469947379954156697e-01,9.290775969311712091e-04,-2.977645422378429335e-07,-1.752112751941671586e-03,6.214957025223320948e-03,2.233303630399182532e-02,5.159918797312327589e-03,1.000000000000000000e+00
2.217999999999999972e+01,-8.278459429313381746e-01,2.350053227842693604e-01,3.272795857919074347e+00,3.130596389684522918e-01,5.740239367300821460e-02,-4.467724122990962554e-02,-9.469438060231637477e-01,2.233506610023911496e-04,2.405856718802403235e-06,-1.716916117205369080e-03,3.561938174597556635e-03,1.728634067166516866e-02,3.210937140923167963e-04,1.000000000000000000e+00
2.222800000000000153e+01,-8.278525998671821817e-01,2.350054744644551608e-01,3.272715204889377727e+00,3.130232531104303328e-01,5.775824036129360156e-02,-4.461821555116999433e-02,-9.469369797001063738e-01,-4.323609673245416623e-04,3.615857897277207654e-06,-1.645147596099092845e-03,1.537780207896246752e-03,1.272028706928335709e-02,-4.151364538913261508e-03,1.000000000000000000e+00
2.227599999999999980e+01,-8.278881536431934585e-01,2.350056574892488703e-01,3.272638567470106619e+00,3.128916733287761542e-01,5.801086838005872076e-02,-4.454651992847738495e-02,-9.469683983500034596e-01,-9.825655512786610896e-04,3.864583118371304709e-06,-1.553456200519717952e-03,1.248928209924043053e-04,8.896112702517347537e-03,-7.880513093963410418e-03,1.000000000000000000e+00
2.232400000000000162e+01,-8.279469599362827559e-01,2.350058814027513321e-01,3.272567453481043831e+00,3.126841739913192586e-01,5.816849720866149043e-02,-4.446860438016578265e-02,-9.470309268932728397e-01,-1.421128762950788068e-03,6.977816823342816323e-06,-1.382360617955987825e-03,-1.699313621699044064e-03,3.910053448643042995e-03,-1.071305435463449328e-02,1.000000000000000000e+00
2.237199999999999989e+01,-8.280253974770600545e-01,2.350064575060843708e-01,3.272512279744892894e+00,3.124181678153370445e-01,5.810300797924286553e-02,-4.437494650819880093e-02,-9.471271261056063429e-01,-1.800644433799362216e-03,1.647594640843957355e-05,-9.090966482217677919e-04,-6.404741162350908144e-03,-8.030661434248810224e-03,-1.266668592094592587e-02,1.000000000000000000e+00
2.242000000000000171e+01,-8.281187499078143111e-01,2.350074839370093760e-01,3.272486083468195250e+00,3.121147403013759813e-01,5.767734481436224969e-02,-4.426375579291435408e-02,-9.472583769515442453e-01,-2.036261811158606144e-03,2.508422613108750394e-05,-2.154610249211875257e-04,-1.195813865043896494e-02,-2.331877182143144225e-02,-1.335445986201842100e-02,1.000000000000000000e+00
2.246799999999999997e+01,-8.282172173987180086e-01,2.350088158803000093e-01,3.272495468913055205e+00,3.118073925105318556e-01,5.687509400938670773e-02,-4.415073855357030258e-02,-9.474133659297716559e-01,-2.017750566443261232e-03,2.905587069490988080e-05,5.378286306354417229e-04,-1.618517810602044041e-02,-3.715171041370181337e-02,-1.228755944980920375e-02,1.000000000000000000e+00
2.251600000000000179e+01,-8.283062753357575136e-01,2.350101550511392579e-01,3.272538202898854109e+00,3.115410494642757988e-01,5.580379288476071398e-02,-4.406160091593676331e-02,-9.475688294383134425e-01,-1.663134869154915714e-03,2.563957750915450110e-05,1.151146523250526051e-03,-1.726366214064681270e-02,-4.481334691321089275e-02,-9.178181315161243123e-03,1.000000000000000000e+00
2.256400000000000006e+01,-8.283690609629871249e-01,2.350111055316527753e-01,3.272602236274963605e+00,3.113650775775496093e-01,5.467977064709070995e-02,-4.402418233474721804e-02,-9.476939287116191712e-01,-9.568354526156651720e-04,1.353868718341235793e-05,1.422668927463031701e-03,-1.401546947042153421e-02,-4.251657970612100074e-02,-4.151442773903584425e-03,1.000000000000000000e+00
2.261200000000000188e+01,-8.283902510424022703e-01,2.350112672935177061e-01,3.272666843723563979e+00,3.113221032034442781e-01,5.378926574025773288e-02,-4.406009952783361550e-02,-9.477573373905917586e-01,2.668623870018411168e-05,-6.176158157994171029e-06,1.197426936693057236e-03,-6.229498217000094089e-03,-2.838721167299655679e-02,2.146094238015113127e-03,1.000000000000000000e+00
2.266000000000000014e+01,-8.283605143576733276e-01,2.350103661721255066e-01,3.272706198938772904e+00,3.114350456051415694e-01,5.342671264622051580e-02,-4.417697021296831256e-02,-9.477352974578620026e-01,1.121736762609240210e-03,-2.956324679312702608e-05,4.173935713180824221e-04,5.133315858283006572e-03,-3.271553073209662252e-03,8.569161169412130644e-03,1.000000000000000000e+00
2.270800000000000196e+01,-8.282818842593427933e-01,2.350086232509286110e-01,3.272699753251476551e+00,3.116929059764886323e-01,5.374739518966217128e-02,-4.435381909377811294e-02,-9.476241283367858870e-01,1.999794892481994608e-03,-3.678293064464861252e-05,-5.454538719794046944e-04,1.411278652991044061e-02,2.069371584011337958e-02,1.344756958493991718e-02,1.000000000000000000e+00
2.275600000000000023e+01,-8.281745181466526606e-01,2.350070799731907856e-01,3.272656435842922207e+00,3.120369845743886650e-01,5.445710385377862395e-02,-4.452245881563127866e-02,-9.474624503158901589e-01,2.359739948296715913e-03,-2.744348946676447394e-05,-1.158076619556600755e-03,1.571970714930962659e-02,3.035204333106096206e-02,1.538503052179553306e-02,1.000000000000000000e+00
2.280400000000000205e+01,-8.280622135506484627e-01,2.350060503722293248e-01,3.272590765258533541e+00,3.123945400365411573e-01,5.527110077793468551e-02,-4.464373233401073421e-02,-9.472917681144713553e-01,2.261386783940794003e-03,-1.654848887124060649e-05,-1.513227874334908529e-03,1.383777677290329820e-02,3.177550537469594344e-02,1.446542317722251426e-02,1.000000000000000000e+00
2.285200000000000031e+01,-8.279638437797979256e-01,2.350054947027285235e-01,3.272512940901342038e+00,3.127051970396885761e-01,5.604161797952941781e-02,-4.470911507329521778e-02,-9.471409038933793489e-01,1.829583211353105233e-03,-7.800082376030877414e-06,-1.690803741897190871e-03,1.068419911170066100e-02,2.896819223327402534e-02,1.139054303781700250e-02,1.000000000000000000e+00
2.290000000000000213e+01,-8.278918515169187975e-01,2.350052845853473626e-01,3.272429851480831875e+00,3.129284832111638992e-01,5.670171519865657705e-02,-4.472423169620063504e-02,-9.470271500795915953e-01,1.200654010563677104e-03,-1.900509463648723450e-06,-1.750809564085855155e-03,7.401663259837177981e-03,2.432252230648362240e-02,7.029662163306086425e-03,1.000000000000000000e+00
2.294800000000000040e+01,-8.278524398575848320e-01,2.350052918102286670e-01,3.272345964678533115e+00,3.130441214271890149e-01,5.723050687009676590e-02,-4.470008954463675771e-02,-9.469582615500919953e-01,4.965408012659775720e-04,1.566102819483157211e-06,-1.736124057126063776e-03,4.524107807303196817e-03,1.922214414052208012e-02,2.190931560313738678e-03,1.000000000000000000e+00
2.299600000000000222e+01,-8.278466118622139769e-01,2.350054173079836606e-01,3.272264053666853467e+00,3.130489116609468936e-01,5.763201211320436584e-02,-4.464865174019317512e-02,-9.469347538164721856e-01,-1.869452408421989334e-04,3.285311725338395366e-06,-1.676216517530282205e-03,2.251324118376690688e-03,1.442286181308340305e-02,-2.480506511684394018e-03,1.000000000000000000e+00
2.304400000000000048e+01,-8.278715313912652363e-01,2.350055934698905558e-01,3.272185745854482075e+00,3.129523398220103725e-01,5.792242472063036801e-02,-4.458079410646686308e-02,-9.469521521762589433e-01,-7.832272225488895283e-04,3.857544097349938212e-06,-1.590726151603788540e-03,6.072631578040555518e-04,1.029243519343216000e-02,-6.533065527679852297e-03,1.000000000000000000e+00
2.309199999999999875e+01,-8.279219121642242829e-01,2.350057807963276679e-01,3.272111974147787539e+00,3.127720504954784597e-01,5.812165761974251443e-02,-4.450538211458029969e-02,-9.470030561234861199e-01,-1.256443055159071421e-03,4.350962956934299596e-06,-1.482365447366680404e-03,-6.105393877593893797e-04,6.679989610120349100e-03,-9.707286653302851787e-03,1.000000000000000000e+00
2.314000000000000057e+01,-8.279930364082652705e-01,2.350061862541999447e-01,3.272048797428340094e+00,3.125268450163335987e-01,5.816540866877897148e-02,-4.441926628030341134e-02,-9.470853631862600208e-01,-1.664099778161211079e-03,1.263057051195802486e-05,-1.126652521776697708e-03,-4.343162999001225731e-03,-2.724805659217080945e-03,-1.203039729592204725e-02,1.000000000000000000e+00
2.318799999999999883e+01,-8.280814593647667365e-01,2.350070445709132871e-01,3.272010110228191770e+00,3.122347055615948830e-01,5.788895818189207509e-02,-4.431383027096284094e-02,-9.472035903701985227e-01,-1.969043397270517446e-03,2.210111897631010411e-05,-5.027578761305966180e-04,-9.837269297694677117e-03,-1.726370094642844244e-02,-1.327189490829717988e-02,1.000000000000000000e+00
2.323600000000000065e+01,-8.281794473361503428e-01,2.350082856344337390e-01,3.272005373247168336e+00,3.119240244206957224e-01,5.722741474286346247e-02,-4.419884683768322137e-02,-9.473515123380886749e-01,-2.061818001064094543e-03,2.826269417995380293e-05,2.495250629911469195e-04,-1.482252454967417955e-02,-3.224484459664667124e-02,-1.293970201911323094e-02,1.000000000000000000e+00
2.328399999999999892e+01,-8.282741359936406367e-01,2.350096655075597507e-01,3.272036010151974317e+00,3.116358130129441850e-01,5.624064132889123463e-02,-4.409702156948053925e-02,-9.475101915015883280e-01,-1.844414192686939921e-03,2.797990752343964467e-05,9.423039319503720380e-04,-1.731147931011081317e-02,-4.283555031358331211e-02,-1.063771668747479256e-02,1.000000000000000000e+00
2.333200000000000074e+01,-8.283491782302184747e-01,2.350108176205527866e-01,3.272093792005349222e+00,3.114188521629053241e-01,5.510580653203675516e-02,-4.403634095851928498e-02,-9.476510166084226583e-01,-1.271551198233617343e-03,1.928508418116751550e-05,1.369250648268042136e-03,-1.583464524638260318e-02,-4.477022356493785826e-02,-6.310873398611729392e-03,1.000000000000000000e+00
2.337999999999999901e+01,-8.283881277171752933e-01,2.350113295354082088e-01,3.272161084473382608e+00,3.113199053736844801e-01,5.408809952067739762e-02,-4.404183934784484250e-02,-9.477419007278403695e-01,-3.810839421488931324e-04,2.225268142421190048e-06,1.350921359450626968e-03,-9.770010699508455479e-03,-3.531603020143220945e-02,-3.974134883998840101e-04,1.000000000000000000e+00
2.342800000000000082e+01,-8.283787988473755304e-01,2.350108614435129084e-01,3.272213473618771129e+00,3.113711053882803892e-01,5.348727405870724871e-02,-4.412740750726521638e-02,-9.477551994844111150e-01,6.953657566369243195e-04,-2.037674073018022936e-05,7.860740856026832493e-04,3.898504907977697921e-04,-1.418705550383050212e-02,6.139781220248756270e-03,1.000000000000000000e+00
2.347599999999999909e+01,-8.283177637776401037e-01,2.350093321558928416e-01,3.272225537180774246e+00,3.115769764935887864e-01,5.355322628553042114e-02,-4.428746917302029545e-02,-9.476763475721933228e-01,1.717748468797439297e-03,-3.784737337075120569e-05,-2.157518176059819968e-04,1.175140596655639344e-02,1.340237963461650243e-02,1.186423648177457706e-02,1.000000000000000000e+00
2.352400000000000091e+01,-8.282186031307067209e-01,2.350076334257543698e-01,3.272194591295072730e+00,3.118962802675282475e-01,5.415524805050509621e-02,-4.446647056759968353e-02,-9.475287079867966700e-01,2.279585307041666169e-03,-3.165489482572167050e-05,-9.549215039421874189e-04,1.568157845091940755e-02,2.786167081469380705e-02,1.499456015046938401e-02,1.000000000000000000e+00
2.357199999999999918e+01,-8.281056480778113960e-01,2.350063979890594512e-01,3.272136210158819392e+00,3.122567256849236861e-01,5.495224328002550757e-02,-4.460842964346749262e-02,-9.473574173603998005e-01,2.346916269734428909e-03,-2.065120810020693344e-05,-1.399766809460059516e-03,1.481480806846754462e-02,3.190237006656675839e-02,1.512598438655582758e-02,1.000000000000000000e+00
2.362000000000000099e+01,-8.280000035482577569e-01,2.350056707464226735e-01,3.272062147592183834e+00,3.125916358255294014e-01,5.575119652378077162e-02,-4.469544637674034704e-02,-9.471961731189956213e-01,2.028712992117809137e-03,-1.087369848460951789e-05,-1.638345435505928231e-03,1.197441600644621323e-02,3.038641384858825623e-02,1.279002899566633253e-02,1.000000000000000000e+00
2.366799999999999926e+01,-8.279166665883751497e-01,2.350053422217946164e-01,3.271980469714235618e+00,3.128524542254405016e-01,5.645878760494407733e-02,-4.472900448840809451e-02,-9.470665569772669379e-01,1.460916564408575036e-03,-3.876122580059373831e-06,-1.738193637358755256e-03,8.652693785974422194e-03,2.624708185481465852e-02,8.827492025404065287e-03,1.000000000000000000e+00
2.371600000000000108e+01,-8.278641808484523690e-01,2.350052783600238560e-01,3.271896491446114830e+00,3.130112760680373585e-01,5.703931041944387131e-02,-4.471872588280900035e-02,-9.469797746924440984e-01,7.731113544908560942e-04,4.613725304108089947e-07,-1.748445468652289666e-03,5.579577913274728039e-03,2.120571773938522905e-02,4.087933691467668038e-03,1.000000000000000000e+00
2.376399999999999935e+01,-8.278454230109610901e-01,2.350053674627733680e-01,3.271813571434054602e+00,3.130587316409821907e-01,5.748896986357435873e-02,-4.467654395744927176e-02,-9.469388867859332981e-01,7.204222607331051587e-05,2.782069455910264656e-06,-1.703348010234906600e-03,3.061120283967500629e-03,1.622793137659810786e-02,-7.132932502403050833e-04,1.000000000000000000e+00
2.381200000000000117e+01,-8.278588856571442722e-01,2.350055302394539469e-01,3.271733728944883346e+00,3.129999100917799093e-01,5.782034460522653130e-02,-4.461390324513547084e-02,-9.469411088708230562e-01,-5.643303410998373260e-04,3.741494517930519481e-06,-1.625979814083198475e-03,1.176124690790137511e-03,1.181067841645321893e-02,-5.048537493484315554e-03,1.000000000000000000e+00
2.385999999999999943e+01,-8.279000702150397517e-01,2.350057148818950614e-01,3.271658093248320576e+00,3.128498078785873493e-01,5.805311697096472712e-02,-4.454057818656279033e-02,-9.469799207032285615e-01,-1.086570002387113537e-03,3.831573115792245024e-06,-1.531485857348671188e-03,-1.116539192450446635e-04,8.163645681170703799e-03,-8.581821271648431074e-03,1.000000000000000000e+00
2.390800000000000125e+01,-8.279634375952594771e-01,2.350059863469561305e-01,3.271589218846643554e+00,3.126279848054737132e-01,5.817797629526342412e-02,-4.446039571682133817e-02,-9.470492803457272180e-01,-1.512132878932497112e-03,8.906910491156054229e-06,-1.302696056812085307e-03,-2.547252553355439444e-03,1.793755904524976796e-03,-1.123066177519642557e-02,1.000000000000000000e+00
2.395599999999999952e+01,-8.280457525089397475e-01,2.350066650517048383e-01,3.271539516634306199e+00,3.123514632123590151e-01,5.804071882298622587e-02,-4.436228090914173805e-02,-9.471535389894016888e-01,-1.869294791127002961e-03,1.860838479693349882e-05,-7.697828575532106223e-04,-7.637836398620307179e-03,-1.128210512229192372e-02,-1.294763756461130878e-02,1.000000000000000000e+00
2.400400000000000134e+01,-8.281412797095885070e-01,2.350077778177802612e-01,3.271520903238854139e+00,3.120437682314573524e-01,5.752893902770997436e-02,-4.424886461292488332e-02,-9.472914788293654853e-01,-2.057985545260349481e-03,2.648054358284281462e-05,-4.736342664248991904e-05,-1.307634044249518512e-02,-2.666910550005881578e-02,-1.328713843421352320e-02,1.000000000000000000e+00
2.405199999999999960e+01,-8.282390676400768204e-01,2.350091419477793597e-01,3.271538201476269947e+00,3.117412469711777767e-01,5.665384227534302902e-02,-4.413870169802518867e-02,-9.474489496034648184e-01,-1.970527626094256864e-03,2.902100325619084796e-05,6.929912992918332935e-04,-1.674795322587031843e-02,-3.952847500298204558e-02,-1.178224119693216734e-02,1.000000000000000000e+00
2.410000000000000142e+01,-8.283238064433801062e-01,2.350104317133366039e-01,3.271587031660046829e+00,3.114905867405055595e-01,5.554904395278125601e-02,-4.405866841827731084e-02,-9.476005233352267076e-01,-1.536676132142749274e-03,2.372863989897655340e-05,1.247437008828804770e-03,-1.694378726639579266e-02,-4.526655421709930432e-02,-8.221250963452686814e-03,1.000000000000000000e+00
2.414799999999999969e+01,-8.283786015738276998e-01,2.350112405445053954e-01,3.271653247504930917e+00,3.113407388279216259e-01,5.445051647175443155e-02,-4.403595257937534257e-02,-9.477145775403426065e-01,-7.593765950561616549e-04,9.751954975209831889e-06,1.420017840264368699e-03,-1.267323401982803181e-02,-4.043475574334442352e-02,-2.839240663788804558e-03,1.000000000000000000e+00
2.419600000000000151e+01,-8.283890702521257143e-01,2.350111841514783695e-01,3.271714606086150834e+00,3.113311052991770689e-01,5.365229504734480431e-02,-4.408969720714151636e-02,-9.477607676568637896e-01,2.659876565039285580e-04,-1.121718865427218606e-05,1.073084927436185332e-03,-3.972884555502335414e-03,-2.370205410192972872e-02,3.600147667108383881e-03,1.000000000000000000e+00
2.424399999999999977e+01,-8.283477670032391993e-01,2.350100346368219906e-01,3.271744864243055773e+00,3.114785874176785874e-01,5.344063342740922734e-02,-4.422357754246612760e-02,-9.477180295153775358e-01,1.355780677906820745e-03,-3.459283343088053283e-05,1.762707643018833568e-04,7.923347596124476894e-03,3.401826348356068539e-03,9.858838068036172159e-03,1.000000000000000000e+00
2.429200000000000159e+01,-8.282606194938424427e-01,2.350082615086581117e-01,3.271728767649564329e+00,3.117617846095200318e-01,5.388155813589193960e-02,-4.440450765859799837e-02,-9.475914768767882412e-01,2.123612998024400084e-03,-3.526895983205814180e-05,-7.075629020198852303e-04,1.494018321399569887e-02,2.382598214475569257e-02,1.414057926453887899e-02,1.000000000000000000e+00
2.433999999999999986e+01,-8.281502406414293915e-01,2.350068238474422866e-01,3.271679440937380612e+00,3.121148836467726451e-01,5.463301658965749596e-02,-4.456463479075817302e-02,-9.474246810329790547e-01,2.373628639793151640e-03,-2.497879820057630752e-05,-1.255349962442951295e-03,1.550552660327477426e-02,3.120670124808688078e-02,1.540865270403043996e-02,1.000000000000000000e+00
2.438800000000000168e+01,-8.280396053790514133e-01,2.350059072749896838e-01,3.271610350050940585e+00,3.124666378199636996e-01,5.544666238655977103e-02,-4.467360613818511378e-02,-9.472563205354126437e-01,2.189889142662201481e-03,-1.438347606672591805e-05,-1.565086737228468198e-03,1.319818899027716541e-02,3.141784798091602077e-02,1.394159444028960498e-02,1.000000000000000000e+00
2.443599999999999994e+01,-8.279462208157013503e-01,2.350054396298134618e-01,3.271530880448377143e+00,3.127607478139942665e-01,5.619654551322133401e-02,-4.472710597439847474e-02,-9.471125323267378660e-01,1.702996958062530592e-03,-6.258866605889077334e-06,-1.712147455524363473e-03,9.944416314382016273e-03,2.804051444246111885e-02,1.050738324812896390e-02,1.000000000000000000e+00
2.448400000000000176e+01,-8.278810948754041776e-01,2.350052877003357410e-01,3.271447314312243559e+00,3.129613394078652466e-01,5.682832507968795660e-02,-4.473251461762272480e-02,-9.470083123397896596e-01,1.047739918882039257e-03,-9.483372401327157434e-07,-1.752463611608204514e-03,6.720298865196955296e-03,2.320152989086068235e-02,5.975982807330780695e-03,1.000000000000000000e+00
2.453200000000000003e+01,-8.278491746658264150e-01,2.350053284690274691e-01,3.271363688542571424e+00,3.130522454443684377e-01,5.732808606287825848e-02,-4.470132626433227091e-02,-9.469496151331475708e-01,3.409300630911300074e-04,2.074591622185471315e-06,-1.725626188192518062e-03,3.967224886747805490e-03,1.811892312749684847e-02,1.125189772539828513e-03,1.000000000000000000e+00
2.458000000000000185e+01,-8.278504937643027528e-01,2.350054701069359264e-01,3.271282481641883066e+00,3.130334639184008672e-01,5.770341569993187036e-02,-4.464538284530232548e-02,-9.469356662806642788e-01,-3.280305043900152572e-04,3.495567539318540001e-06,-1.658642185459685472e-03,1.835421719372278384e-03,1.344577563571028138e-02,-3.441713567557186035e-03,1.000000000000000000e+00
2.462800000000000011e+01,-8.278815560527623685e-01,2.350056510710734070e-01,3.271205125356355214e+00,3.129166670749572443e-01,5.797204605293861807e-02,-4.457518397232537039e-02,-9.469611683258033485e-01,-8.988937884001510460e-04,3.877658927420838930e-06,-1.569403902376278548e-03,3.237960098261207669e-04,9.486881557344071028e-03,-7.315692761995958894e-03,1.000000000000000000e+00
2.467600000000000193e+01,-8.279367979726215410e-01,2.350058528300754679e-01,3.271132719666580702e+00,3.127205848242786690e-01,5.814969772298140410e-02,-4.449852059845970514e-02,-9.470186535366853509e-01,-1.350625263937132396e-03,5.684628356330243443e-06,-1.431707821783211954e-03,-1.157584004260777408e-03,5.271567481762266805e-03,-1.029389681855696209e-02,1.000000000000000000e+00
2.472400000000000020e+01,-8.280121501769512893e-01,2.350063531054418509e-01,3.271073837048823041e+00,3.124631972442194483e-01,5.813451386336896537e-02,-4.440822111557283375e-02,-9.471087786327087032e-01,-1.744099511231359586e-03,1.482672465393501280e-05,-1.007419281652751535e-03,-5.489662574317853011e-03,-5.656293768041784423e-03,-1.241484507462408023e-02,1.000000000000000000e+00
2.477200000000000202e+01,-8.281035489715657949e-01,2.350073095809416535e-01,3.271042107900894003e+00,3.121640244720275126e-01,5.777410779025229925e-02,-4.429925484299621768e-02,-9.472345804048876161e-01,-2.011925864104283264e-03,2.388484079104258019e-05,-3.409927718850889718e-04,-1.106009017442228029e-02,-2.071255388827388313e-02,-1.335219846731049327e-02,1.000000000000000000e+00
2.482000000000000028e+01,-8.282020865668638931e-01,2.350086081645264280e-01,3.271045421178472523e+00,3.118543597217495189e-01,5.703101213598932989e-02,-4.418490578091647386e-02,-9.473869410533449775e-01,-2.043346469611231116e-03,2.886162363963836112e-05,4.156848140141788570e-04,-1.565206236494063111e-02,-3.513555326099172815e-02,-1.260994204771200174e-02,1.000000000000000000e+00
2.486800000000000210e+01,-8.282939151298018832e-01,2.350099730189448288e-01,3.271083151106249698e+00,3.115775580312829529e-01,5.599235256286444473e-02,-4.408973014771837284e-02,-9.475443934092165899e-01,-1.748670387508006931e-03,2.683106967493628604e-05,1.067398439612343057e-03,-1.736642374386921511e-02,-4.414305572545094286e-02,-9.849042992849759565e-03,1.000000000000000000e+00
2.491600000000000037e+01,-8.283623219032639762e-01,2.350110191256930270e-01,3.271144887100095211e+00,3.113829447854801202e-01,5.485818556757657283e-02,-4.404179159288263562e-02,-9.476769290038908888e-01,-1.098941738441338439e-03,1.618773818139729439e-05,1.409442158458340533e-03,-1.489248799690597903e-02,-4.372161703492796758e-02,-5.114182075166958698e-03,1.000000000000000000e+00
2.496400000000000219e+01,-8.283914097989695247e-01,2.350113384920830550e-01,3.271211179416484427e+00,3.113151935016012506e-01,5.390677617821976880e-02,-4.406434055833879926e-02,-9.477527334005905191e-01,-1.526793533960883189e-04,-2.453138143433016208e-06,1.275259567526313862e-03,-7.836740189222467581e-03,-3.160867162849084755e-02,1.038226920900518985e-03,1.000000000000000000e+00
2.501200000000000045e+01,-8.283705325977521738e-01,2.350106258490618216e-01,3.271256707576999379e+00,3.114014505080377471e-01,5.343630688389454375e-02,-4.416782439837427937e-02,-9.477462218421209839e-01,9.387705643490628282e-04,-2.562561578381741993e-05,5.873446463310703219e-04,3.042933062710952152e-03,-8.152129811416830574e-03,7.539006708653635778e-03,1.000000000000000000e+00
2.506000000000000227e+01,-8.282991492299150993e-01,2.350089500762712058e-01,3.271258175205121077e+00,3.116378742278834157e-01,5.365209124519871448e-02,-4.433883672746226356e-02,-9.476483292917254886e-01,1.888126526527576484e-03,-3.758946719192628129e-05,-4.092305422471673171e-04,1.324778737550610756e-02,1.783861360313380301e-02,1.282011775609978935e-02,1.000000000000000000e+00
2.510800000000000054e+01,-8.281948499366157401e-01,2.350073319815721151e-01,3.271219950532456178e+00,3.119727105208275342e-01,5.432109126095815976e-02,-4.451282235428667688e-02,-9.474918762609855216e-01,2.334564396633240484e-03,-2.932667465700038097e-05,-1.074808783213782688e-03,1.577854919783152829e-02,2.944704125359010050e-02,1.527508713108999445e-02,1.000000000000000000e+00
2.515599999999999881e+01,-8.280818630616417764e-01,2.350062129921176024e-01,3.271157250761884239e+00,3.123328044839110418e-01,5.513090953159003466e-02,-4.464327541463382343e-02,-9.473203154254045133e-01,2.305645846589475870e-03,-1.829868621000072800e-05,-1.467310110166993031e-03,1.429069406293000805e-02,3.192373005411164311e-02,1.479794889326201818e-02,1.000000000000000000e+00
2.520400000000000063e+01,-8.279800661671123940e-01,2.350055850499394305e-01,3.271080932364830218e+00,3.126548710953775401e-01,5.591528642529405846e-02,-4.471794409123113628e-02,-9.471645674330115838e-01,1.920348155445866139e-03,-9.081537394574364691e-06,-1.670149627149840853e-03,1.124877671991921825e-02,2.962691415601163142e-02,1.202600883951310089e-02,1.000000000000000000e+00
2.525199999999999889e+01,-8.279030100282102067e-01,2.350053260277180922e-01,3.270998378283460184e+00,3.128949102989611597e-01,5.659654517999950646e-02,-4.474084157748143414e-02,-9.470437494000115697e-01,1.315391945403904857e-03,-2.708988396454390896e-06,-1.746564055562209710e-03,7.937696861857336528e-03,2.517168640793075382e-02,7.821095311336293682e-03,1.000000000000000000e+00
2.530000000000000071e+01,-8.278578942594614354e-01,2.350053044671427116e-01,3.270914409752829766e+00,3.130293908779212542e-01,5.714780474610671457e-02,-4.472246904320242855e-02,-9.469670689216064252e-01,6.163024942544241677e-04,1.124346617062754967e-06,-1.742082711232805338e-03,4.970774796389200965e-03,2.008055730039495432e-02,3.011604190857056912e-03,1.000000000000000000e+00
2.534799999999999898e+01,-8.278465081309756002e-01,2.350054156853058074e-01,3.270832043104991982e+00,3.130525217288544493e-01,5.756995740939961637e-02,-4.467482129616050235e-02,-9.469361007931008656e-01,-7.628067758774990091e-05,3.093652868677868443e-06,-1.688181858451026597e-03,2.590610702438045799e-03,1.519550231576327452e-02,-1.726085547918589005e-03,1.000000000000000000e+00
2.539600000000000080e+01,-8.278665642613469711e-01,2.350055870983157602e-01,3.270753067863624963e+00,3.129719721834250401e-01,5.787778564312100887e-02,-4.460903862132096359e-02,-9.469470630557698110e-01,-6.908639780577699755e-04,3.825788971511165518e-06,-1.605935942957686935e-03,8.430708944263272907e-04,1.093723706391114270e-02,-5.907446115827408653e-03,1.000000000000000000e+00
2.544399999999999906e+01,-8.279130828691458888e-01,2.350057719701029169e-01,3.270678465533733092e+00,3.128043376182216284e-01,5.809167396684631474e-02,-4.453445480407725032e-02,-9.469928648718843878e-01,-1.184102570074208787e-03,3.817069053120047147e-06,-1.508471003239922597e-03,-3.327071159043520996e-04,7.451656103498655037e-03,-9.236858356166027795e-03,1.000000000000000000e+00
2.549200000000000088e+01,-8.279809021893079768e-01,2.350061126993200633e-01,3.270612540784312738e+00,3.125689253665241418e-01,5.817443218540484934e-02,-4.445119325049642217e-02,-9.470694239356105548e-01,-1.600132831215441516e-03,1.099242703594425360e-05,-1.207969862383186273e-03,-3.524678634946377433e-03,-6.552438931898297301e-04,-1.170474757404428752e-02,1.000000000000000000e+00
2.553999999999999915e+01,-8.280668230645439332e-01,2.350068944867823861e-01,3.270568900768497489e+00,3.122830066465825394e-01,5.795989461974743878e-02,-4.434878097782922468e-02,-9.471816932358961827e-01,-1.929839222743672715e-03,2.065228162186006345e-05,-6.209438948931364759e-04,-8.888255351716074087e-03,-1.464999232047867889e-02,-1.316190428458524110e-02,1.000000000000000000e+00
2.558800000000000097e+01,-8.281639924065642422e-01,2.350080848162163227e-01,3.270558121434541388e+00,3.119728139734424532e-01,5.736242566245481483e-02,-4.423405865762441991e-02,-9.473256375282392838e-01,-2.066199890692231242e-03,2.761995753337699472e-05,1.219674507090500983e-04,-1.410952361509238556e-02,-2.990152196406780510e-02,-1.312919368551349920e-02,1.000000000000000000e+00
2.563599999999999923e+01,-8.282603475341175914e-01,2.350094653005252443e-01,3.270583135588255974e+00,3.116774188645434762e-01,5.642088516003154058e-02,-4.412807804355884517e-02,-9.474843444700686845e-01,-1.906190705794278805e-03,2.860285860092338613e-05,8.394090520960185249e-04,-1.714156391848075875e-02,-4.156159554034425524e-02,-1.117486346642574367e-02,1.000000000000000000e+00
2.568400000000000105e+01,-8.283399280038902246e-01,2.350106855884041834e-01,3.270637384026105376e+00,3.114448782153004802e-01,5.529406300613454867e-02,-4.405850186578889882e-02,-9.476304674518820637e-01,-1.393070714440941896e-03,2.138569884583518382e-05,1.325275798136372855e-03,-1.640469083792184951e-02,-4.520380216338566737e-02,-7.172725484408734066e-03,1.000000000000000000e+00
2.573199999999999932e+01,-8.283860084485845654e-01,2.350113334484008887e-01,3.270704699883695277e+00,3.113231499133237157e-01,5.423546110055871977e-02,-4.405145829968392518e-02,-9.477319663855003906e-01,-5.492904778625083738e-04,5.609525677730621933e-06,1.391964383099836017e-03,-1.111153469264926016e-02,-3.776664983207138337e-02,-1.471993023167472280e-03,1.000000000000000000e+00
2.578000000000000114e+01,-8.283853654320575410e-01,2.350110470105076510e-01,3.270761519398206474e+00,3.113477712583675450e-01,5.354371428558844098e-02,-4.412324883725141783e-02,-9.477598719638835600e-01,5.090224520865503036e-04,-1.639387161446869765e-05,9.215593451910791345e-04,-1.554905515262023676e-03,-1.849912079653633773e-02,5.049034368096178525e-03,1.000000000000000000e+00
2.582799999999999940e+01,-8.283326883714542399e-01,2.350096656852558030e-01,3.270781698741485943e+00,3.115289628523848497e-01,5.348970766905156160e-02,-4.427287700106758567e-02,-9.476964011958921574e-01,1.570874035528762756e-03,-3.724311955368379547e-05,-5.348318519465606778e-05,1.029740406236920661e-02,9.432258333972454514e-03,1.104624489437588605e-02,1.000000000000000000e+00
2.587600000000000122e+01,-8.282382385901528865e-01,2.350079198023349858e-01,3.270756892826751194e+00,3.118340743121810754e-01,5.402925135509432236e-02,-4.445396829374824443e-02,-9.475569612423367927e-01,2.222123794371226244e-03,-3.334936521970799389e-05,-8.529953757445807956e-04,1.546177292263004217e-02,2.632772847061730370e-02,1.468564099796370627e-02,1.000000000000000000e+00
2.592399999999999949e+01,-8.281259572032054761e-01,2.350065944855898870e-01,3.270702224421734527e+00,3.121927399671023395e-01,5.481058879609689710e-02,-4.460422722695179393e-02,-9.473869090193006715e-01,2.366762952440498117e-03,-2.252490338302515454e-05,-1.340888435096100357e-03,1.515885686844962825e-02,3.172089159636289762e-02,1.530125140085301753e-02,1.000000000000000000e+00
2.597200000000000131e+01,-8.280178189372007225e-01,2.350057865789042522e-01,3.270630172192213969e+00,3.125360278590383345e-01,5.561800891522670348e-02,-4.470077560159640279e-02,-9.472221012175634502e-01,2.104245923171249328e-03,-1.235122088240592672e-05,-1.609057540833752024e-03,1.251873704322391777e-02,3.089496008961217788e-02,1.332599392854519858e-02,1.000000000000000000e+00
2.601999999999999957e+01,-8.279299233085146703e-01,2.350054000724638992e-01,3.270549358711281496e+00,3.128119474570973391e-01,5.634486045447115871e-02,-4.474281185690637958e-02,-9.470860694866132246e-01,1.568910564125563069e-03,-4.860108324172442756e-06,-1.728430658486607239e-03,9.210899440518510381e-03,2.705067354182182776e-02,9.575408529671602248e-03,1.000000000000000000e+00
2.606800000000000139e+01,-8.278718717712781894e-01,2.350053001890322346e-01,3.270465504242189070e+00,3.129891629407196563e-01,5.694786273722701048e-02,-4.473910760342497683e-02,-9.469916245998056814e-01,8.929711755381352419e-04,-1.091824178471723455e-07,-1.751040614329240621e-03,6.065362853106736653e-03,2.207653947119663645e-02,4.911065038629707120e-03,1.000000000000000000e+00
2.611599999999999966e+01,-8.278474161457289870e-01,2.350053700044771043e-01,3.270382250198037521e+00,3.130554281552404006e-01,5.741914216482850442e-02,-4.470146602605240549e-02,-9.469430394436176845e-01,1.876945142785047872e-04,2.505230083840935717e-06,-1.713390878288903159e-03,3.442941897595725321e-03,1.704211280551326188e-02,7.672494207169221420e-05,1.000000000000000000e+00
2.616400000000000148e+01,-8.278556907705161283e-01,2.350055248123242568e-01,3.270301806496855423e+00,3.130137109118104055e-01,5.776930054021772731e-02,-4.464153065248787494e-02,-9.469383604212660011e-01,-4.639729555166358078e-04,3.656001861952913437e-06,-1.640206700169728792e-03,1.451144569244600373e-03,1.250853689931237696e-02,-4.366877526755225288e-03,1.000000000000000000e+00
2.621199999999999974e+01,-8.278926062472191649e-01,2.350057087070542561e-01,3.270225427550661479e+00,3.128776504663484115e-01,5.801728582786434829e-02,-4.456939952746243744e-02,-9.469715618800741419e-01,-1.007956678081911540e-03,3.866627840796464810e-06,-1.547778023889930703e-03,6.767946812828246278e-05,8.724478544044894993e-03,-8.052369708273042839e-03,1.000000000000000000e+00
2.626000000000000156e+01,-8.279525198639478001e-01,2.350059424883518266e-01,3.270154816441638079e+00,3.126666385753128496e-01,5.816796108016251271e-02,-4.449099050664800936e-02,-9.470356979488835369e-01,-1.443320413036384715e-03,7.424122528773802900e-06,-1.364305915203409270e-03,-1.886771084387852369e-03,3.444148692799469443e-03,-1.084256975711106290e-02,1.000000000000000000e+00
2.630799999999999983e+01,-8.280319217050579050e-01,2.350065432402093646e-01,3.270100909863938199e+00,3.123979622071554330e-01,5.808613337105898028e-02,-4.439625867332327308e-02,-9.471338271514895268e-01,-1.818155552014915017e-03,1.700116006268308731e-05,-8.764580925335236933e-04,-6.693288214525126324e-03,-8.784312095645046420e-03,-1.274320614123171033e-02,1.000000000000000000e+00
2.635600000000000165e+01,-8.281258667187452183e-01,2.350075917256224944e-01,3.270076512722488893e+00,3.120932552232213997e-01,5.764016315944287677e-02,-4.428444656925806938e-02,-9.472667519907899125e-01,-2.043318839849318259e-03,2.545892768585138484e-05,-1.751714059065641728e-04,-1.223001999775526899e-02,-2.411989617791604479e-02,-1.335153163357533958e-02,1.000000000000000000e+00
2.640399999999999991e+01,-8.282242787032796372e-01,2.350089338810800454e-01,3.270087823083934087e+00,3.117867052542210304e-01,5.682009865511263719e-02,-4.417196166536240670e-02,-9.474224847543860628e-01,-2.008959262594272981e-03,2.910852456581459680e-05,5.761566155531239663e-04,-1.633530596807874352e-02,-3.774792424552701753e-02,-1.218259830760909726e-02,1.000000000000000000e+00
2.645200000000000173e+01,-8.283124328357097665e-01,2.350102644499797444e-01,3.270132107142104338e+00,3.115236991680285783e-01,5.573968983288902362e-02,-4.408482279242163099e-02,-9.475772265274013950e-01,-1.635668906774373965e-03,2.525224139730618161e-05,1.176690981168397382e-03,-1.721173860399775185e-02,-4.497596673998881939e-02,-8.965550358391628089e-03,1.000000000000000000e+00
2.650000000000000000e+01,-8.283734361311124728e-01,2.350111842313960808e-01,3.270196814772685645e+00,3.113535747823127919e-01,5.462009943377566651e-02,-4.405075731073993667e-02,-9.476999139962341001e-01,-9.121171034533177933e-04,1.269309476267234757e-05,1.425719174989806704e-03,-1.372356613036720963e-02,-4.209122934488954137e-02,-3.850934087135704769e-03,1.000000000000000000e+00
2.654800000000000182e+01,-8.283921617229468293e-01,2.350112959720401240e-01,3.270260843035357468e+00,3.113182771283262706e-01,5.374973130646656938e-02,-4.409083776841461744e-02,-9.477594076215820618e-01,8.229732745754503580e-05,-7.353018647784029932e-06,1.172086251818907224e-03,-5.716984010716884453e-03,-2.734326177547342571e-02,2.486896464417392288e-03,1.000000000000000000e+00
2.659600000000000009e+01,-8.283597012814779559e-01,2.350103355650153270e-01,3.270298235777263418e+00,3.114393765404629977e-01,5.342150044156303984e-02,-4.421178040174576079e-02,-9.477325448165043742e-01,1.177552503154229765e-03,-3.079662942142864774e-05,3.639563963502198663e-04,5.784541658851601563e-03,-1.733889409760749380e-03,8.879925096544560859e-03,1.000000000000000000e+00
2.664400000000000190e+01,-8.282789406739708982e-01,2.350085768832275990e-01,3.270289477532025924e+00,3.117035546062247864e-01,5.377263329325666918e-02,-4.439002458697270670e-02,-9.476174986099195063e-01,2.031799435522217614e-03,-3.651518215566564463e-05,-5.844630594109443897e-04,1.434290102360757935e-02,2.150195658637551674e-02,1.362689309464809595e-02,1.000000000000000000e+00
2.669200000000000017e+01,-8.281707328216941777e-01,2.350070558973373913e-01,3.270244713353346544e+00,3.120501747885047195e-01,5.449358103015920080e-02,-4.455683759998217003e-02,-9.474543927092539120e-01,2.365607264839774716e-03,-2.689499291411133350e-05,-1.181494361312854582e-03,1.568676065750340687e-02,3.059663302889499559e-02,1.540649489898672161e-02,1.000000000000000000e+00
2.674000000000000199e+01,-8.280587118909429334e-01,2.350060521285375348e-01,3.270178220927220991e+00,3.124067265320074616e-01,5.530830721590244275e-02,-4.467524897577094395e-02,-9.472840917588655207e-01,2.246528574616308335e-03,-1.604476455028107395e-05,-1.525643713523946879e-03,1.369447172290952364e-02,3.171678643313480261e-02,1.435446348505174836e-02,1.000000000000000000e+00
2.678800000000000026e+01,-8.279614400830529464e-01,2.350055172367684908e-01,3.270100006383306113e+00,3.127137455771829000e-01,5.607440680580464548e-02,-4.473779953548794042e-02,-9.471347863536574430e-01,1.801018256455879469e-03,-7.431602134519163897e-06,-1.695771437806310950e-03,1.051184044731257386e-02,2.876387837061362279e-02,1.119030492953378836e-02,1.000000000000000000e+00
2.683600000000000207e+01,-8.278910235914127558e-01,2.350053212233370048e-01,3.270016813135033562e+00,3.129318318576913005e-01,5.672805397424171558e-02,-4.475056974380090674e-02,-9.470232220014938029e-01,1.165187123107638487e-03,-1.666276777863137132e-06,-1.750932435751655211e-03,7.240409095076849773e-03,2.406562062509581129e-02,6.784652455091037294e-03,1.000000000000000000e+00
2.688400000000000034e+01,-8.278533659711263537e-01,2.350053368648639673e-01,3.269933004883988303e+00,3.130416861186746669e-01,5.725009875959686384e-02,-4.472470393674149447e-02,-9.469567201312656390e-01,4.598461038266937447e-04,1.696958549143427136e-06,-1.733227714092902376e-03,4.391104711549411246e-03,1.896517607250445409e-02,1.939125443591466387e-03,1.000000000000000000e+00
2.693200000000000216e+01,-8.278492357775223409e-01,2.350054666926980618e-01,3.269851283200189140e+00,3.130408811254334900e-01,5.764545924820523720e-02,-4.467214719534138428e-02,-9.469354819823965208e-01,-2.206714835796734042e-04,3.345653518126194093e-06,-1.671538021928144170e-03,2.151303935268284503e-03,1.419316189044376661e-02,-2.710732283789451993e-03,1.000000000000000000e+00
2.698000000000000043e+01,-8.278756345356593771e-01,2.350056444852449966e-01,3.269773227663056669e+00,3.129394404909822125e-01,5.793072716790543392e-02,-4.460369065466348454e-02,-9.469548290256361023e-01,-8.112759837970743779e-04,3.872288209711921103e-06,-1.585081376676658734e-03,5.386234778948709298e-04,1.010184757938482544e-02,-6.723309379642391538e-03,1.000000000000000000e+00
2.702800000000000225e+01,-8.279271942492196779e-01,2.350058341840754739e-01,3.269699780016157575e+00,3.127553028871262186e-01,5.812530074283280002e-02,-4.452800616837164494e-02,-9.470073001810530577e-01,-1.279070299846608253e-03,4.621262690670588454e-06,-1.471339923036422146e-03,-7.204377510981800582e-04,6.391541738521373979e-03,-9.851467083504901814e-03,1.000000000000000000e+00
2.707600000000000051e+01,-8.279993487648530381e-01,2.350062618466837172e-01,3.269637586593149958e+00,3.125070838377676519e-01,5.815595036958556147e-02,-4.444092843947968635e-02,-9.470914485239859681e-01,-1.683925775367611007e-03,1.316469795636344673e-05,-1.098853303352650621e-03,-4.608003691167439526e-03,-3.396981690279043432e-03,-1.212914030332850300e-02,1.000000000000000000e+00
2.712400000000000233e+01,-8.280885362653203075e-01,2.350071448129144591e-01,3.269600546921158202e+00,3.122130678654106428e-01,5.785982135038589269e-02,-4.433458577230599967e-02,-9.472115317244446109e-01,-1.980752173801731807e-03,2.256446597750483529e-05,-4.640401544683860893e-04,-1.013212282057943982e-02,-1.808448263951980411e-02,-1.330162176512425694e-02,1.000000000000000000e+00
2.717200000000000060e+01,-8.281867439397112562e-01,2.350084019916211242e-01,3.269597763947610591e+00,3.119023360138095113e-01,5.717847974119358995e-02,-4.421962096754236682e-02,-9.473606384925972179e-01,-2.059533753316827431e-03,2.846439560241471208e-05,2.903849349432166809e-04,-1.503474620796532539e-02,-3.296018320059595358e-02,-1.287432068954011410e-02,1.000000000000000000e+00
2.721999999999999886e+01,-8.282808619436083930e-01,2.350097814248046924e-01,3.269630183606929918e+00,3.116164929098428904e-01,5.617829676905093661e-02,-4.411921830489949625e-02,-9.475192108315602102e-01,-1.824004279271091008e-03,2.777482256670027214e-05,9.746028016875845669e-04,-1.734773820212913778e-02,-4.319876832455701865e-02,-1.046341439397617187e-02,1.000000000000000000e+00
2.726800000000000068e+01,-8.283544347204400138e-01,2.350109114604702620e-01,3.269689056585872056e+00,3.114045142371357211e-01,5.504204388197208447e-02,-4.406142666912585271e-02,-9.476582678359902756e-01,-1.232593368568822524e-03,1.860830328327191149e-05,1.382403090976584053e-03,-1.563737753651888926e-02,-4.458884248045913434e-02,-6.036746978574553807e-03,1.000000000000000000e+00
2.731599999999999895e+01,-8.283911196581861258e-01,2.350113797833700557e-01,3.269756301385575714e+00,3.113127490525393615e-01,5.403832133352238359e-02,-4.407090067101078479e-02,-9.477457400689549560e-01,-3.280145582674975045e-04,1.143472224689328094e-06,1.337109892903083457e-03,-9.334443287642962828e-03,-3.450412999612802178e-02,-6.052694986044136922e-05,1.000000000000000000e+00
2.736400000000000077e+01,-8.283790714229772867e-01,2.350108538512748202e-01,3.269807259725383108e+00,3.113722259996160591e-01,5.346691581115174674e-02,-4.416074780339471206e-02,-9.477544271292702716e-01,7.533290768560834110e-04,-2.164089942513284156e-05,7.428777316716957471e-04,1.005841566818845272e-03,-1.280630744170858579e-02,6.476408069978825156e-03,1.000000000000000000e+00
2.741199999999999903e+01,-8.283154972346362666e-01,2.350092830763056972e-01,3.269816873390739342e+00,3.115855983636079407e-01,5.356913616392167815e-02,-4.432373486965869580e-02,-9.476709181304694418e-01,1.760980114846320485e-03,-3.792138266007442899e-05,-2.620383088608916429e-04,1.214635823167260591e-02,1.452590217456144715e-02,1.210685176826255260e-02,1.000000000000000000e+00
2.746000000000000085e+01,-8.282149746061248097e-01,2.350075995714856758e-01,3.269784184040949171e+00,3.119090319083883123e-01,5.418857080282035027e-02,-4.450181694225936041e-02,-9.475209458883513403e-01,2.295633172278757714e-03,-3.115543389545876970e-05,-9.836726398941705255e-04,1.572738633841435155e-02,2.828638724253838138e-02,1.507971874572850909e-02,1.000000000000000000e+00
2.750799999999999912e+01,-8.281018755878414295e-01,2.350063901805398703e-01,3.269724766887169398e+00,3.122698421291979498e-01,5.498959912216506984e-02,-4.464115391146136064e-02,-9.473493848957951213e-01,2.339769557155812595e-03,-2.011236749606296902e-05,-1.415963017856131404e-03,1.470256801220108309e-02,3.193991985588292420e-02,1.506502640120576178e-02,1.000000000000000000e+00
2.755600000000000094e+01,-8.279970327738268576e-01,2.350056860716254747e-01,3.269650165029562405e+00,3.126020786828644371e-01,5.578572386107206321e-02,-4.472525759716075577e-02,-9.471892866525227772e-01,2.005014596355279236e-03,-1.045037696557219967e-05,-1.645902823450043915e-03,1.180794277915818077e-02,3.022745276619267715e-02,1.262165554434684783e-02,1.000000000000000000e+00
2.760399999999999920e+01,-8.279151081014278768e-01,2.350053741870876123e-01,3.269568282709840013e+00,3.128582324449850072e-01,5.648745773344878568e-02,-4.475625671875524403e-02,-9.470616511055313103e-01,1.427679827026884750e-03,-3.592869866711580204e-06,-1.740039944284981453e-03,8.485078165404695213e-03,2.600542829708142600e-02,8.596850606128034547e-03,1.000000000000000000e+00
2.765200000000000102e+01,-8.278643273457606533e-01,2.350053207647559150e-01,3.269484316928981560e+00,3.130114298629506075e-01,5.706127197872096213e-02,-4.474400828852883455e-02,-9.469772065565232877e-01,7.365029034998432905e-04,6.282886386132743589e-07,-1.746666230594414891e-03,5.435192194871250361e-03,2.094699183155761257e-02,3.836036447618199584e-03,1.000000000000000000e+00
2.769999999999999929e+01,-8.278473059834265957e-01,2.350054156054694754e-01,3.269401544002478843e+00,3.130531597520184173e-01,5.750453992420358207e-02,-4.470047493556979223e-02,-9.469386540837352317e-01,3.684652102083990849e-05,2.866499048334945560e-06,-1.699373863061157380e-03,2.948594819773410741e-03,1.598768023849219191e-02,-9.541811179798462880e-04,1.000000000000000000e+00
2.774800000000000111e+01,-8.278623461055154564e-01,2.350055809333098378e-01,3.269321927602573563e+00,3.129891412236376347e-01,5.783040056460539424e-02,-4.463703648966499404e-02,-9.469429640796988012e-01,-5.948315732022476949e-04,3.771813377720821403e-06,-1.620763369432189375e-03,1.095842794352068581e-03,1.160583721854056664e-02,-5.256140983845057797e-03,1.000000000000000000e+00
2.779599999999999937e+01,-8.279048284664123347e-01,2.350057660662648595e-01,3.269246560429631021e+00,3.128347715546450636e-01,5.805873674415402974e-02,-4.456336760786350909e-02,-9.469834713771255741e-01,-1.110483223886466007e-03,3.827094449256709261e-06,-1.525647021740161305e-03,-1.632939346172318160e-04,7.999844530780477608e-03,-8.743268392843657130e-03,1.000000000000000000e+00
2.784400000000000119e+01,-8.279692742244950665e-01,2.350060521411098113e-01,3.269178337599542683e+00,3.126096094961838823e-01,5.817471753727702921e-02,-4.448252831855348255e-02,-9.470545068603436478e-01,-1.533685450283486622e-03,9.397957370864503640e-06,-1.281127104175780159e-03,-2.766026467482678424e-03,1.248728212153558557e-03,-1.135033024589838895e-02,1.000000000000000000e+00
2.789199999999999946e+01,-8.280524947947306424e-01,2.350067559805516793e-01,3.269130044992220263e+00,3.123306663862984167e-01,5.801973151069021728e-02,-4.438335830764814083e-02,-9.471606954975767545e-01,-1.885035866700349259e-03,1.912094011559506193e-05,-7.347442996138632988e-04,-7.933184508728194362e-03,-1.206870135717148101e-02,-1.300906069720183036e-02,1.000000000000000000e+00
2.794000000000000128e+01,-8.281484964666111503e-01,2.350078891341561838e-01,3.269113302041279034e+00,3.120220901270895908e-01,5.748755217820206848e-02,-4.426951549248543671e-02,-9.473001671145960811e-01,-2.062014405536573107e-03,2.680286270265429068e-05,-6.453959470883563043e-06,-1.333193239890674391e-02,-2.745123724502583282e-02,-1.326338226872323528e-02,1.000000000000000000e+00
2.798799999999999955e+01,-8.282460575346104470e-01,2.350092600896762640e-01,3.269132497998910925e+00,3.117208952335021044e-01,5.659590174197811491e-02,-4.416018164038629928e-02,-9.474581076429312576e-01,-1.957795764725515572e-03,2.898931784575806128e-05,7.297070362776626349e-04,-1.686201164883473561e-02,-4.005377877092378136e-02,-1.165325174516937748e-02,1.000000000000000000e+00
2.803600000000000136e+01,-8.283296958311552327e-01,2.350105367005922985e-01,3.269182741176425377e+00,3.114741492680178636e-01,5.548445423248451330e-02,-4.408246203499713994e-02,-9.476086039168394315e-01,-1.505121409722246905e-03,2.324090654347274373e-05,1.269109718306704084e-03,-1.684301453952144131e-02,-4.531646467363480840e-02,-7.986161220850634956e-03,1.000000000000000000e+00
2.808399999999999963e+01,-8.283825307758266865e-01,2.350113101842987440e-01,3.269249397248525479e+00,3.113306479301508056e-01,5.439358275445715235e-02,-4.406334032016145930e-02,-9.477198889199046627e-01,-7.114414248243266983e-04,8.817507641512063545e-06,1.417469995259609513e-03,-1.233051162362015785e-02,-3.987637554734670825e-02,-2.523754109829714348e-03,1.000000000000000000e+00
2.813200000000000145e+01,-8.283904261078809395e-01,2.350112005512978164e-01,3.269309886305928448e+00,3.113289654750059365e-01,5.361879397382907780e-02,-4.412132894439575737e-02,-9.477618944235073339e-01,3.229212137125702579e-04,-1.243762734356624144e-05,1.041520336761164083e-03,-3.420719619943092971e-03,-2.253537049917536325e-02,3.942843919003488455e-03,1.000000000000000000e+00
2.817999999999999972e+01,-8.283464075601264520e-01,2.350099927233084973e-01,3.269337916886524198e+00,3.114845151188672667e-01,5.344370969966047435e-02,-4.425910249699713944e-02,-9.477142494343236967e-01,1.408923474700890218e-03,-3.547979120026110024e-05,1.217887904730372803e-04,8.530034956723921147e-03,4.898063006127899646e-03,1.015186293934183803e-02,1.000000000000000000e+00
2.822800000000000153e+01,-8.282574017996310323e-01,2.350082201091686640e-01,3.269319756870826321e+00,3.117732900426665732e-01,5.390956974680240210e-02,-4.444043012390445219e-02,-9.475844142218085020e-01,2.149884869004412610e-03,-3.489076998600176344e-05,-7.420675244860838043e-04,1.509111346964323551e-02,2.447016766880918612e-02,1.428767896585723084e-02,1.000000000000000000e+00
2.827599999999999980e+01,-8.281464290008525575e-01,2.350068065690121277e-01,3.269269161026044479e+00,3.121281732992481905e-01,5.466923011070636690e-02,-4.459839924972420350e-02,-9.474166250896903785e-01,2.374942876868712735e-03,-2.443236935969357639e-05,-1.275693383773186459e-03,1.543993895407859938e-02,3.136622044126995829e-02,1.540199294853557450e-02,1.000000000000000000e+00
2.832400000000000162e+01,-8.280362538718222254e-01,2.350059147287415218e-01,3.269199366125039141e+00,3.124783603116780828e-01,5.548218602184760290e-02,-4.470449808327141977e-02,-9.472489161895536469e-01,2.172118785474131276e-03,-1.391346923813780238e-05,-1.575522731362957382e-03,1.304664047932386009e-02,3.132100964849867525e-02,1.381203745071104064e-02,1.000000000000000000e+00
2.837199999999999989e+01,-8.279440648125324653e-01,2.350054661155734637e-01,3.269119579639952811e+00,3.127685149512062779e-01,5.622715210107702422e-02,-4.475528914231590577e-02,-9.471068194853239364e-01,1.673112572880843278e-03,-5.926416030007590729e-06,-1.715928972273360591e-03,9.775553870755944105e-03,2.782501405513365667e-02,1.029870391650666503e-02,1.000000000000000000e+00
2.842000000000000171e+01,-8.278805428113898968e-01,2.350053267424910275e-01,3.269035951495591341e+00,3.129638134903393598e-01,5.685247853047385724e-02,-4.475851191324276696e-02,-9.470048166413079782e-01,1.012251055908079417e-03,-7.424742402914212939e-07,-1.751948955943104106e-03,6.567302520976469118e-03,2.294804635258951633e-02,5.731079231741039587e-03,1.000000000000000000e+00
2.846799999999999997e+01,-8.278503523138935893e-01,2.350053748045963231e-01,3.268952424807736179e+00,3.130490143887877386e-01,5.734573360673158454e-02,-4.472575183891977502e-02,-9.469484614010185153e-01,3.051301469545056127e-04,2.186109424226885829e-06,-1.722455634639367874e-03,3.843567060105529919e-03,1.787248155912385048e-02,8.796133102504455695e-04,1.000000000000000000e+00
2.851600000000000179e+01,-8.278533107448899919e-01,2.350055200406012124e-01,3.268871413967576522e+00,3.130248290759194418e-01,5.771525631145605489e-02,-4.466881431571510797e-02,-9.469366940817757206e-01,-3.603188204776761310e-04,3.543745872582730305e-06,-1.653919968867930768e-03,1.744035624074553653e-03,1.322924101282192677e-02,-3.662063326278099714e-03,1.000000000000000000e+00
2.856400000000000006e+01,-8.278857762883120586e-01,2.350057021846936045e-01,3.268794308141411697e+00,3.129034129614194359e-01,5.797909366707321849e-02,-4.459810959386483614e-02,-9.469640370548894071e-01,-9.252805308564976535e-04,3.885025391819376009e-06,-1.563854659936861173e-03,2.623206229262284176e-04,9.309529813041530349e-03,-7.494565781323848409e-03,1.000000000000000000e+00
2.861200000000000188e+01,-8.279421466057325096e-01,2.350059102593219651e-01,3.268722307474636324e+00,3.127036964500965466e-01,5.815105529582138832e-02,-4.452106462301333445e-02,-9.470230872577826142e-01,-1.373009343104590867e-03,6.074393195196185333e-06,-1.416710406365983459e-03,-1.314168726498921459e-03,4.879566961799260139e-03,-1.042964547360783999e-02,1.000000000000000000e+00
2.866000000000000014e+01,-8.280184936122301220e-01,2.350064342675922124e-01,3.268664563196361339e+00,3.124434837805079024e-01,5.812093337006526972e-02,-4.442971846329465957e-02,-9.471151073996044722e-01,-1.762681331112995846e-03,1.535413403897550169e-05,-9.770679505622067215e-04,-5.767664987385396139e-03,-6.372313654399515588e-03,-1.250165913053474798e-02,1.000000000000000000e+00
2.870800000000000196e+01,-8.281105644600147420e-01,2.350074138103948329e-01,3.268634555858600077e+00,3.121427525473596254e-01,5.774058460215623911e-02,-4.431999884158017294e-02,-9.472426640648324847e-01,-2.021134925190552593e-03,2.429569760376356383e-05,-3.016587136429567449e-04,-1.134071618956327548e-02,-2.151778536595161037e-02,-1.336470695083235780e-02,1.000000000000000000e+00
2.875600000000000023e+01,-8.282091746099179419e-01,2.350087251021292511e-01,3.268639793092501300e+00,3.118334839263515734e-01,5.697892328019370928e-02,-4.420595021923794110e-02,-9.473959650375326502e-01,-2.037601374417614963e-03,2.897862191524518959e-05,4.548333547694691464e-04,-1.582824194355500480e-02,-3.577952599320063931e-02,-1.252403886095060717e-02,1.000000000000000000e+00
2.880400000000000205e+01,-8.283002572857529611e-01,2.350100849531594205e-01,3.268679162448725695e+00,3.115595506366933276e-01,5.592935523053078201e-02,-4.411250728233578888e-02,-9.475529749474822516e-01,-1.724592280210076115e-03,2.652532108871434038e-05,1.095674928368176211e-03,-1.735304377225241335e-02,-4.439133845664474526e-02,-9.655528935506892466e-03,1.000000000000000000e+00
2.885200000000000031e+01,-8.283670357083470215e-01,2.350111042921263493e-01,3.268741747735110614e+00,3.113703473533996346e-01,5.479706127108040226e-02,-4.406769621475783300e-02,-9.476834002004047575e-01,-1.057144395929544671e-03,1.542048117504528492e-05,1.416828513259068894e-03,-1.464351035253196563e-02,-4.340464133065048691e-02,-4.828063208317422833e-03,1.000000000000000000e+00
2.890000000000000213e+01,-8.283937678035641072e-01,2.350113767163169165e-01,3.268807694207775949e+00,3.113099870377031841e-01,5.386299169600207437e-02,-4.409429751085434251e-02,-9.477555396953190048e-01,-9.864985871577728823e-05,-3.582127425921494169e-06,1.255069699153955800e-03,-7.361013986977980698e-03,-3.067220532196090685e-02,1.374250447081349410e-03,1.000000000000000000e+00
2.894800000000000040e+01,-8.283701917809831450e-01,2.350106057411477378e-01,3.268851502923018071e+00,3.114043825779730934e-01,5.342448982514023254e-02,-4.420191402630637562e-02,-9.477443353534567017e-01,9.950497545012592336e-04,-2.686563783012758277e-05,5.386965413019970074e-04,3.674439402508741445e-03,-6.692887031644932996e-03,7.858245676793655654e-03,1.000000000000000000e+00
2.899600000000000222e+01,-8.282965069705859884e-01,2.350089022862434929e-01,3.268850571858767928e+00,3.116476042261081547e-01,5.367362366380447336e-02,-4.437502310202975919e-02,-9.476422163599597104e-01,1.924585319541499955e-03,-3.744550798811909008e-05,-4.511476109131069357e-04,1.354367004052306478e-02,1.877293350370546829e-02,1.302457393426340732e-02,1.000000000000000000e+00
2.904400000000000048e+01,-8.281911584948609129e-01,2.350073038475155862e-01,3.268810781844726954e+00,3.119856168409369523e-01,5.435632830439105639e-02,-4.454754376374393116e-02,-9.474839739025994190e-01,2.344508955001058624e-03,-2.879608275625948009e-05,-1.100352153165571126e-03,1.577703001328573107e-02,2.976350946512950832e-02,1.532211560598045579e-02,1.000000000000000000e+00
2.909200000000000230e+01,-8.280782831104840369e-01,2.350062108252946591e-01,3.268747175220116041e+00,3.123452589259257950e-01,5.516819305247695759e-02,-4.467523140640233814e-02,-9.473125320614123046e-01,2.293909612237578569e-03,-1.778032149615088440e-05,-1.481220169776172827e-03,1.415980535985705488e-02,3.190336651289850389e-02,1.470728607451145080e-02,1.000000000000000000e+00
2.914000000000000057e+01,-8.279774632567337145e-01,2.350056046158292278e-01,3.268670408011941309e+00,3.126640817754631207e-01,5.594878482542248871e-02,-4.474703772268473490e-02,-9.471581747834456610e-01,1.893790024022931010e-03,-8.691076146257905620e-06,-1.676129855562865289e-03,1.107882111498198659e-02,2.944063381624956871e-02,1.183896801484908903e-02,1.000000000000000000e+00
2.918799999999999883e+01,-8.279019142015158206e-01,2.350053607077483286e-01,3.268587711042597821e+00,3.128991464736587957e-01,5.662382875689235540e-02,-4.476750685790806955e-02,-9.470394587780875950e-01,1.280891659570854678e-03,-2.455306288336058167e-06,-1.747350876218351943e-03,7.773984498058578163e-03,2.492081671643541635e-02,7.582383856881388592e-03,1.000000000000000000e+00
2.923600000000000065e+01,-8.278585290634212779e-01,2.350053483651212416e-01,3.268503795861375405e+00,3.130279198401926810e-01,5.716835576874105401e-02,-4.474731570109442141e-02,-9.469651409829017430e-01,5.797238271898305000e-04,1.269484164235257075e-06,-1.739607929150263459e-03,4.833321483949016943e-03,1.982284741272568110e-02,2.760360846916215440e-03,1.000000000000000000e+00
2.928399999999999892e+01,-8.278488522469646949e-01,2.350054644725636799e-01,3.268421602821073080e+00,3.130454167955880052e-01,5.758426452276535490e-02,-4.469845952070079786e-02,-9.469364641934140403e-01,-1.105122421900967553e-04,3.163605965712923933e-06,-1.683761415719624071e-03,2.485691247890701831e-03,1.496156014201228610e-02,-1.959971867588600810e-03,1.000000000000000000e+00
2.933200000000000074e+01,-8.278704230286019206e-01,2.350056378867853846e-01,3.268342870455176019e+00,3.129598804139693824e-01,5.788680007652614867e-02,-4.463200162653557096e-02,-9.469494263470373818e-01,-7.198150161179057895e-04,3.846871170823739321e-06,-1.600441316255224672e-03,7.698660562741808629e-04,1.074093398634259032e-02,-6.104058114706618215e-03,1.000000000000000000e+00
2.937999999999999901e+01,-8.279181587667135966e-01,2.350058233805530639e-01,3.268268553700088841e+00,3.127882517163304565e-01,5.809638519062299000e-02,-4.455715648706912863e-02,-9.469968212311018485e-01,-1.206733845104527355e-03,3.927278604011915600e-06,-1.500763748144314522e-03,-4.022987519311982309e-04,7.249298678855937116e-03,-9.386539506592100901e-03,1.000000000000000000e+00
2.942800000000000082e+01,-8.279870236425375118e-01,2.350061838321613750e-01,3.268203471334234944e+00,3.125497067125804218e-01,5.816780901395385284e-02,-4.447304512884780320e-02,-9.470751475386545160e-01,-1.620634652821814105e-03,1.151263528008263460e-05,-1.182793278119937145e-03,-3.771252082166004580e-03,-1.275316794821815649e-03,-1.181183647799937883e-02,1.000000000000000000e+00
2.947599999999999909e+01,-8.280737677784638651e-01,2.350069906217973903e-01,3.268161379581580483e+00,3.122616866108930411e-01,5.793436721025451569e-02,-4.436965133938065159e-02,-9.471893064276483143e-01,-1.943259010031264580e-03,2.113915392278005161e-05,-5.837377832243934072e-04,-9.184462851112415796e-03,-1.545835054706162608e-02,-1.320494210556002156e-02,1.000000000000000000e+00
2.952400000000000091e+01,-8.281712658825162165e-01,2.350081990061733683e-01,3.268152522131666071e+00,3.119510900820244292e-01,5.731678297345153827e-02,-4.425475000152299943e-02,-9.473345876133275612e-01,-2.066627196929431663e-03,2.787553484763047887e-05,1.629351824545892358e-04,-1.434132766059317832e-02,-3.064777750080291754e-02,-1.308153968803407209e-02,1.000000000000000000e+00
2.957199999999999918e+01,-8.282671980655444965e-01,2.350095822622505493e-01,3.268179372923052828e+00,3.116576173376323644e-01,5.636042632223566690e-02,-4.414993389461484286e-02,-9.474934380972285242e-01,-1.889077248736287934e-03,2.847393336142038545e-05,8.737034405150756770e-04,-1.721201260065823718e-02,-4.199653761747478009e-02,-1.101988353231100372e-02,1.000000000000000000e+00
2.962000000000000099e+01,-8.283454670429657440e-01,2.350107843618893522e-01,3.268234855469768885e+00,3.114296027186040927e-01,5.522989062219710310e-02,-4.408299954552603178e-02,-9.476380906672448035e-01,-1.357272298392270824e-03,2.079075515577631260e-05,1.342184048237466277e-03,-1.624937663521592787e-02,-4.512346836407166162e-02,-6.915132409896368633e-03,1.000000000000000000e+00
2.966799999999999926e+01,-8.283894119743951956e-01,2.350113921597659916e-01,3.268302337359687115e+00,3.113147032288433036e-01,5.418252196059814008e-02,-4.407977086000805511e-02,-9.477364526430619440e-01,-4.983777492766634353e-04,4.589982730038055417e-06,1.383065607910351560e-03,-1.071598542914121294e-02,-3.706460175810011304e-02,-1.143908571755930916e-03,1.000000000000000000e+00
2.971600000000000108e+01,-8.283861092365926160e-01,2.350110497633711992e-01,3.268357969755955494e+00,3.113474721395237399e-01,5.351761380205224961e-02,-4.415583124181475527e-02,-9.477599269712803087e-01,5.666198234469761643e-04,-1.764191642212302146e-05,8.833935157453309947e-04,-9.660449396142429613e-04,-1.721025737095825334e-02,5.388823111718835622e-03,1.000000000000000000e+00
2.976399999999999935e+01,-8.283307994258337636e-01,2.350096180315849603e-01,3.268375753363937264e+00,3.115364482164751925e-01,5.350066092695363040e-02,-4.430887989747003125e-02,-9.476916396567361955e-01,1.618395622679185027e-03,-3.757966932055757642e-05,-1.031684781727277715e-04,1.077782307601293788e-02,1.071049200272949399e-02,1.131097704823293658e-02,1.000000000000000000e+00
2.981200000000000117e+01,-8.282347776531127082e-01,2.350078822558401836e-01,3.268349068200878005e+00,3.118463078422374357e-01,5.406069811765659705e-02,-4.448956673572711240e-02,-9.475494708224274643e-01,2.242437679339885030e-03,-3.289208339275609595e-05,-8.841815370273135117e-04,1.554948106137890758e-02,2.684183584276767648e-02,1.479677783028031379e-02,1.000000000000000000e+00
2.985999999999999943e+01,-8.281221670013959590e-01,2.350065824642576795e-01,3.268293266024878907e+00,3.122059245957430340e-01,5.484774257308303036e-02,-4.463737370342212019e-02,-9.473788527568125506e-01,2.363059602901462514e-03,-2.197859023301045533e-05,-1.358807869516889767e-03,1.506446841603042465e-02,3.180699509552246951e-02,1.526243023509960342e-02,1.000000000000000000e+00
2.990800000000000125e+01,-8.280146933630870842e-01,2.350057985037023733e-01,3.268220606789274729e+00,3.125469836086898767e-01,5.565316508710417553e-02,-4.473101014605990883e-02,-9.472149940663996404e-01,2.082891496773332449e-03,-1.190629978509166104e-05,-1.617785309181760979e-03,1.235725608897930185e-02,3.075973647149378778e-02,1.317298437257987363e-02,1.000000000000000000e+00
2.995599999999999952e+01,-8.279281261199455955e-01,2.350054297013106086e-01,3.268139543763877164e+00,3.128185134749256191e-01,5.637449863319005799e-02,-4.477041533263413642e-02,-9.470808325809038086e-01,1.536934576875962580e-03,-4.555469156882849071e-06,-1.731042102100610863e-03,9.041869694293332149e-03,2.681804006388191497e-02,9.353032486164812240e-03,1.000000000000000000e+00
3.000400000000000134e+01,-8.278717437183468197e-01,2.350053411634538680e-01,3.268055672864727423e+00,3.129902224060814309e-01,5.697085547568460362e-02,-4.476464617829067211e-02,-9.469886845982334878e-01,8.567066671005833713e-04,7.421264575667474167e-08,-1.749742381466900479e-03,5.916772261030307442e-03,2.181844442534163972e-02,4.661286551829654616e-03,1.000000000000000000e+00
3.005199999999999960e+01,-8.278490269523387513e-01,2.350054173693519044e-01,3.267972548129050026e+00,3.130507537339611290e-01,5.743566157483269430e-02,-4.472555962562335674e-02,-9.469424452849471985e-01,1.521521973181850823e-04,2.600944558761212005e-06,-1.709705344363213675e-03,3.325380274775662903e-03,1.679805342865426515e-02,-1.667227198070060537e-04,1.000000000000000000e+00
3.010000000000000142e+01,-8.278589085018177585e-01,2.350055751623561229e-01,3.267892320174777598e+00,3.130037416190739052e-01,5.778015794456585474e-02,-4.466474518089471463e-02,-9.469398986304708998e-01,-4.952793773098377239e-04,3.693694965490306869e-06,-1.635152113663001713e-03,1.366004282160519214e-03,1.229789158060273606e-02,-4.580163473967449432e-03,1.000000000000000000e+00
3.014799999999999969e+01,-8.278971677074120628e-01,2.350057598314154728e-01,3.267816204254974100e+00,3.128632609893754468e-01,5.802353952581752045e-02,-4.459220463684212404e-02,-9.469748592595343961e-01,-1.032925939263859691e-03,3.867011439277402531e-06,-1.542019216018066657e-03,1.182997660620637055e-05,8.554354936306464777e-03,-8.221208389264350602e-03,1.000000000000000000e+00
3.019600000000000151e+01,-8.279581737465492308e-01,2.350060042045144237e-01,3.267746120326413539e+00,3.126487982008805955e-01,5.816698676061508172e-02,-4.451328729813289892e-02,-9.470405999156785715e-01,-1.465208216339603312e-03,7.879143439230181420e-06,-1.345628088862221372e-03,-2.079254268819649264e-03,2.965185625641180746e-03,-1.096900006897395113e-02,1.000000000000000000e+00
3.024399999999999977e+01,-8.280385206503531048e-01,2.350066297284800765e-01,3.267693506410879856e+00,3.123775252602852825e-01,5.806859005234695642e-02,-4.441748934964900170e-02,-9.471406480568054231e-01,-1.835175147989840739e-03,1.752492439672985409e-05,-8.433865216815963645e-04,-6.982806504984787749e-03,-9.543338876837162074e-03,-1.281577798192758653e-02,1.000000000000000000e+00
3.029200000000000159e+01,-8.281330292331194887e-01,2.350077000048295672e-01,3.267670921352397784e+00,3.120716362185184667e-01,5.760230565574338268e-02,-4.430509303473674498e-02,-9.472752118482894446e-01,-2.049679469325156426e-03,2.582484438072772423e-05,-1.347677311982480464e-04,-1.249884290283824993e-02,-2.491727068912500190e-02,-1.334377900178279272e-02,1.000000000000000000e+00
3.033999999999999986e+01,-8.282313482330337928e-01,2.350090517823732184e-01,3.267684151798151415e+00,3.117660009832295964e-01,5.676466028225215371e-02,-4.419319490768450903e-02,-9.474316310414260256e-01,-1.999331924753328625e-03,2.914617432439956256e-05,6.141944901046387118e-04,-1.647886760727696950e-02,-3.833112993869199070e-02,-1.207242405182512406e-02,1.000000000000000000e+00
3.038800000000000168e+01,-8.283185577608649375e-01,2.350103729240222150e-01,3.267729961200954047e+00,3.115064534152870990e-01,5.567558998264512948e-02,-4.410811172261808188e-02,-9.475855806421809024e-01,-1.607367051820477117e-03,2.484646758652924481e-05,1.201536759976628730e-03,-1.715101178529190862e-02,-4.511816515899035734e-02,-8.748185782916086464e-03,1.000000000000000000e+00
3.043599999999999994e+01,-8.283777426424715484e-01,2.350112611417820574e-01,3.267795300911522816e+00,3.113422800581751582e-01,5.456101121466298137e-02,-4.407744204082338080e-02,-9.477057875767921358e-01,-8.667478381331852107e-04,1.183080128235197996e-05,1.427762184728953443e-03,-1.342261467012354458e-02,-4.164201489337023693e-02,-3.547229021710647870e-03,1.000000000000000000e+00
3.048400000000000176e+01,-8.283939814068728147e-01,2.350113222489667864e-01,3.267858697939083790e+00,3.113147186015491341e-01,5.371136536665067213e-02,-4.412169853196570846e-02,-9.477613153801661694e-01,1.381917219524832208e-04,-8.538305634576621021e-06,1.145634059692755922e-03,-5.197583960630400290e-03,-2.627762896239029325e-02,2.828370789671396605e-03,1.000000000000000000e+00
3.053200000000000003e+01,-8.283587961608090966e-01,2.350103024886909531e-01,3.267894078168976257e+00,3.114439675980598676e-01,5.341789309201393915e-02,-4.424668542056203746e-02,-9.477296104763650586e-01,1.233155621107229552e-03,-3.202494366816784912e-05,3.095804164541242245e-04,6.438188659025201668e-03,-1.829449669691661853e-04,9.188216351646103647e-03,1.000000000000000000e+00
3.058000000000000185e+01,-8.282759697194961301e-01,2.350085330060121824e-01,3.267883105607321870e+00,3.117143044994472589e-01,5.379768571273955968e-02,-4.442605554862656680e-02,-9.476108520752439812e-01,2.062515473409215917e-03,-3.621869274439159278e-05,-6.216072718760365899e-04,1.454844209949609363e-02,2.225473817545094157e-02,1.380013658000762457e-02,1.000000000000000000e+00
3.062800000000000011e+01,-8.281669665323266871e-01,2.350070345104255665e-01,3.267836964804585076e+00,3.120633361511255810e-01,5.452893306226004599e-02,-4.459098728907659459e-02,-9.474464172405249185e-01,2.370799936061319425e-03,-2.635502538664502030e-05,-1.203759340733954282e-03,1.564654069129820663e-02,3.081746582918410901e-02,1.542450080074343061e-02,1.000000000000000000e+00
3.067600000000000193e+01,-8.280552450727687308e-01,2.350060559077182532e-01,3.267769691707374413e+00,3.124188389875884875e-01,5.534407296729339926e-02,-4.470658265324888719e-02,-9.472765299005915240e-01,2.231619961135560253e-03,-1.555713705420713898e-05,-1.537424431761599038e-03,1.355221868003897781e-02,3.165211211845322947e-02,1.424361497953815711e-02,1.000000000000000000e+00
3.072400000000000020e+01,-8.279590603085514866e-01,2.350055410469648887e-01,3.267691107577077148e+00,3.127222571624154734e-01,5.610576857806851697e-02,-4.476637793016965267e-02,-9.471287684441443977e-01,1.772889048044684916e-03,-7.077498351639096576e-06,-1.700462783314409670e-03,1.034391291719644577e-02,2.856291986707219441e-02,1.099317748331189552e-02,1.000000000000000000e+00
3.077200000000000202e+01,-8.278901901276300990e-01,2.350053585522141608e-01,3.267607817199446707e+00,3.129352396014158932e-01,5.675313488856584265e-02,-4.477687597918474788e-02,-9.470193497883080402e-01,1.130455598808092132e-03,-1.442301207085985466e-06,-1.751015530400190645e-03,7.084382463385891469e-03,2.381632505996293669e-02,6.544640556598013345e-03,1.000000000000000000e+00
3.082000000000000028e+01,-8.278542474641612525e-01,2.350053822218281241e-01,3.267524085278308288e+00,3.130394368354799117e-01,5.726865847327997083e-02,-4.474934458813521754e-02,-9.469551773454375487e-01,4.240071024024220534e-04,1.821416994268906135e-06,-1.730439095372857681e-03,4.262887965706205033e-03,1.871714170934017651e-02,1.693052748607580451e-03,1.000000000000000000e+00
3.086800000000000210e+01,-8.278517741518277573e-01,2.350055161507069723e-01,3.267442545332766013e+00,3.130331692421574608e-01,5.765810248251748704e-02,-4.469570742106022954e-02,-9.469361498593543702e-01,-2.535668626573088047e-04,3.402433464174345294e-06,-1.667052493694106243e-03,2.055131557982032946e-03,1.397211973180697425e-02,-2.935446000100515925e-03,1.000000000000000000e+00
3.091600000000000037e+01,-8.278796152345315740e-01,2.350056954544918197e-01,3.267364731550234325e+00,3.129269790077119917e-01,5.793842969742248744e-02,-4.462667231743920604e-02,-9.469573930706578491e-01,-8.386205869311804057e-04,3.885324078062291844e-06,-1.579672797304216853e-03,4.727858932498652227e-04,9.918846256216681812e-03,-6.908941028271659360e-03,1.000000000000000000e+00
3.096400000000000219e+01,-8.279323313071160761e-01,2.350058884868791165e-01,3.267291615544126504e+00,3.127390756200048583e-01,5.812821201964244594e-02,-4.455068120281033967e-02,-9.470114140558766325e-01,-1.301552596902582791e-03,4.927552414281381397e-06,-1.459479876803281310e-03,-8.425618429550095316e-04,6.078599060841615234e-03,-9.993078387888423494e-03,1.000000000000000000e+00
3.101200000000000045e+01,-8.280055042797339615e-01,2.350063384604270667e-01,3.267230426332778048e+00,3.124878931533246473e-01,5.814547849792740808e-02,-4.446261729714014871e-02,-9.470974055639329592e-01,-1.703405296027317960e-03,1.368778014878992263e-05,-1.070942741207305243e-03,-4.872214861960056861e-03,-4.069135509185419289e-03,-1.222538967738476083e-02,1.000000000000000000e+00
3.106000000000000227e+01,-8.280954343696679265e-01,2.350072452278843260e-01,3.267195021175287817e+00,3.121920630042245293e-01,5.782994905998524449e-02,-4.435541254304452979e-02,-9.472193041566580041e-01,-1.991926010188688635e-03,2.300603777279418979e-05,-4.259128877200643115e-04,-1.041832288188790541e-02,-1.888659503592762107e-02,-1.332868065880044549e-02,1.000000000000000000e+00
3.110800000000000054e+01,-8.281938347576894843e-01,2.350085173708617303e-01,3.267194147227583390e+00,3.118813454993197287e-01,5.712947938534521097e-02,-4.424052996429277129e-02,-9.473695289712311673e-01,-2.056699331790618358e-03,2.864124982387848868e-05,3.300364981944700214e-04,-1.523420771494798237e-02,-3.364458213909220230e-02,-1.280697039033067836e-02,1.000000000000000000e+00
3.115600000000000236e+01,-8.282873609566293593e-01,2.350098952375201944e-01,3.267228279996975182e+00,3.115979101433549725e-01,5.611675721696995217e-02,-4.414159620277750135e-02,-9.475279264688810654e-01,-1.803288835747857534e-03,2.754850974726005908e-05,1.005288331987125305e-03,-1.737108793511915258e-02,-4.352675004828203409e-02,-1.028920470570160277e-02,1.000000000000000000e+00
3.120400000000000063e+01,-8.283594618725514946e-01,2.350110024327136393e-01,3.267288163413438085e+00,3.113908933537593016e-01,5.497992852930451424e-02,-4.408669582885711702e-02,-9.476651741233055315e-01,-1.193837826266560924e-03,1.792127321793889069e-05,1.393877480292799852e-03,-1.543102743281192339e-02,-4.437728987411074244e-02,-5.766059398677298234e-03,1.000000000000000000e+00
3.125199999999999889e+01,-8.283939093707364254e-01,2.350114271082477113e-01,3.267355287569133626e+00,3.113062015873498400e-01,5.399076086037120359e-02,-4.410008840072963260e-02,-9.477492436283045940e-01,-2.758334793539814352e-04,6.903235434693108248e-08,1.321978904797073114e-03,-8.897066159492355436e-03,-3.367653287613116969e-02,2.688652367046237513e-04,1.000000000000000000e+00
3.130000000000000071e+01,-8.283792030665315664e-01,2.350108442189170477e-01,3.267404770491541210e+00,3.113737480012354619e-01,5.344885936289406336e-02,-4.419409770575436630e-02,-9.477533910339986933e-01,8.096978571535470978e-04,-2.287737090429192401e-05,6.991408614515228588e-04,1.614246797270088660e-03,-1.143175783063742762e-02,6.801735135152161757e-03,1.000000000000000000e+00
3.134799999999999898e+01,-8.283131903365920090e-01,2.350092349783590995e-01,3.267411963423066279e+00,3.115943123654025260e-01,5.358639234393462736e-02,-4.435979926867623241e-02,-9.476653899272344805e-01,1.801833265599875507e-03,-3.794482715129836352e-05,-3.069976046976876901e-04,1.251560298935346961e-02,1.559719277029440049e-02,1.233529366227179187e-02,1.000000000000000000e+00
3.139600000000000080e+01,-8.282114091861806360e-01,2.350075675836050260e-01,3.267377584781160138e+00,3.119215538313531710e-01,5.422223734146066482e-02,-4.453684164500412712e-02,-9.475132521339263425e-01,2.309759446905775178e-03,-3.065282307506824946e-05,-1.011445781005241521e-03,1.576162173878156714e-02,2.868174252175448302e-02,1.515269867421911200e-02,1.000000000000000000e+00
3.144399999999999906e+01,-8.280982423729541519e-01,2.350063840104807955e-01,3.267317171209580984e+00,3.122824841181814914e-01,5.502677787947517218e-02,-4.467354277572333637e-02,-9.473415320807210271e-01,2.331329396085585811e-03,-1.958268105922172076e-05,-1.431453582572394254e-03,1.458651217932572901e-02,3.196232242861540146e-02,1.499571383906281134e-02,1.000000000000000000e+00
3.149200000000000088e+01,-8.279942468098167030e-01,2.350057025140180333e-01,3.267242058281931261e+00,3.126118992428477683e-01,5.581984026396119569e-02,-4.475476950303662604e-02,-9.471826415699433621e-01,1.980650575538324062e-03,-1.003840089926065520e-05,-1.652962492573367519e-03,1.164167677753774610e-02,3.006194698940938687e-02,1.244903464937253262e-02,1.000000000000000000e+00
3.153999999999999915e+01,-8.279137519366568387e-01,2.350054067637629140e-01,3.267159991262856167e+00,3.128633319165807780e-01,5.651564828635528837e-02,-4.478326448753559147e-02,-9.470570079264861718e-01,1.394314933386387075e-03,-3.319147861492457745e-06,-1.741540391928182588e-03,8.319540532360376536e-03,2.576226009465066441e-02,8.365566932692046487e-03,1.000000000000000000e+00
3.158800000000000097e+01,-8.278646711421404625e-01,2.350053633962910504e-01,3.267076051617346266e+00,3.130109227601646782e-01,5.708277520510783576e-02,-4.476910371158762669e-02,-9.469748921489815618e-01,7.001753271935212295e-04,7.884938942915155264e-07,-1.744648921637736950e-03,5.293551162316127191e-03,2.068951917224912465e-02,3.586268808222156830e-03,1.000000000000000000e+00
3.163599999999999923e+01,-8.278493651166477507e-01,2.350054637199973651e-01,3.266993435134582846e+00,3.130469982099708948e-01,5.751971670120764601e-02,-4.472427128472181851e-02,-9.469386456684459885e-01,2.206175056088689735e-06,2.946699945058907543e-06,-1.695237102641621377e-03,2.838834307610432067e-03,1.575002911357843705e-02,-1.191073071490832093e-03,1.000000000000000000e+00
3.168400000000000105e+01,-8.278659516553267261e-01,2.350056314445257422e-01,3.266914051181290635e+00,3.129778869137359032e-01,5.784014441335414564e-02,-4.466007913405870000e-02,-9.469450022725689475e-01,-6.246253703347775642e-04,3.799655895080108151e-06,-1.615437183151236314e-03,1.018023668755660286e-03,1.140406619887303526e-02,-5.458718163140362754e-03,1.000000000000000000e+00
3.173199999999999932e+01,-8.279096961843330771e-01,2.350058169799500996e-01,3.266838956772638802e+00,3.128193692410898286e-01,5.806412565405685150e-02,-4.458610131714615260e-02,-9.469871588933902462e-01,-1.133638082803238405e-03,3.821242414145210940e-06,-1.519736058677845182e-03,-2.129096845177151924e-04,7.839063505646446869e-03,-8.899354907740283926e-03,1.000000000000000000e+00
3.178000000000000114e+01,-8.279751976435593130e-01,2.350061189625705094e-01,3.266771430238193386e+00,3.125909665509793989e-01,5.817068474341760553e-02,-4.450456672627301630e-02,-9.470598727681973639e-01,-1.554713071112099818e-03,9.895940506103858693e-06,-1.258694511761372517e-03,-2.991037347655492711e-03,6.866499116797634798e-04,-1.146505324668707811e-02,1.000000000000000000e+00
3.182799999999999940e+01,-8.280592917944321618e-01,2.350068478443402276e-01,3.266724578075318242e+00,3.123097186798635128e-01,5.799774147751302761e-02,-4.440436686273555728e-02,-9.471679649381797850e-01,-1.899980397812687637e-03,1.962551827722605667e-05,-6.992755675869278317e-04,-8.227471985771688326e-03,-1.285755084371414253e-02,-1.306451776086702161e-02,1.000000000000000000e+00
3.187600000000000122e+01,-8.281557228597989928e-01,2.350080007331304122e-01,3.266709711743013056e+00,3.120004067165309536e-01,5.744532221608189548e-02,-4.429016469497547986e-02,-9.473089055189458652e-01,-2.064997074395124883e-03,2.710730724837312616e-05,3.431308340873213221e-05,-1.358029271677146238e-02,-2.822080012141186048e-02,-1.323282258025268963e-02,1.000000000000000000e+00
3.192399999999999949e+01,-8.282530034097331795e-01,2.350093774728283791e-01,3.266730782381628728e+00,3.117007000567788011e-01,5.653763415491539629e-02,-4.418174364209905003e-02,-9.474672253102081054e-01,-1.943916631234958144e-03,2.893336427503112840e-05,7.656591363606313596e-04,-1.696439867594173520e-02,-4.055368651286445081e-02,-1.151757422510747524e-02,1.000000000000000000e+00
3.197200000000000131e+01,-8.283354887168680181e-01,2.350106397170629025e-01,3.266782387354554729e+00,3.114580188757917201e-01,5.542031533255537684e-02,-4.410641226413332394e-02,-9.476165445598736525e-01,-1.472560470728538108e-03,2.272816570052624380e-05,1.289484320987475561e-03,-1.672878039415718818e-02,-4.533296219331617305e-02,-7.745915917072109143e-03,1.000000000000000000e+00
3.202000000000000313e+01,-8.283863249478892188e-01,2.350113768084941823e-01,3.266849412420441467e+00,3.113209673065733818e-01,5.433797479633629968e-02,-4.409092517230016328e-02,-9.477249759966149822e-01,-6.629169105256719433e-04,7.865380058927534519e-06,1.413328405229675924e-03,-1.197593586015049082e-02,-3.928403229563100230e-02,-2.206150031341670183e-03,1.000000000000000000e+00
3.206799999999999784e+01,-8.283916347931489232e-01,2.350112134648678353e-01,3.266908955673855086e+00,3.113272562433307966e-01,5.358737378657524308e-02,-4.415314469668927405e-02,-9.477627512748380001e-01,3.797945786925752262e-04,-1.366009102253029400e-05,1.008433653328599756e-03,-2.861877030040753389e-03,-2.134318340851610457e-02,4.283456523036058630e-03,1.000000000000000000e+00
3.211599999999999966e+01,-8.283449291360535094e-01,2.350099489030821609e-01,3.266934714125772743e+00,3.114907764575414184e-01,5.344900726051068918e-02,-4.429469777816900933e-02,-9.477102297398104502e-01,1.460558111777420908e-03,-3.622567289105396563e-05,6.835909394619144367e-05,9.106772959976807205e-03,6.343852886855875714e-03,1.043677835151375806e-02,1.000000000000000000e+00
3.216400000000000148e+01,-8.282541428405856276e-01,2.350081792665732472e-01,3.266914531494427454e+00,3.117848996088012914e-01,5.393874221190575469e-02,-4.447622179726348074e-02,-9.475772549819710955e-01,2.174520980895168140e-03,-3.449096791202919580e-05,-7.758134064101211399e-04,1.522623213478491166e-02,2.508238020097682333e-02,1.442470186174538323e-02,1.000000000000000000e+00
3.221200000000000330e+01,-8.281426499397025465e-01,2.350067903054212926e-01,3.266862698726555436e+00,3.121413333485962283e-01,5.470596807020250418e-02,-4.463195166240187944e-02,-9.474085887111576287e-01,2.374835098880259069e-03,-2.388369826095295925e-05,-1.295437696515784913e-03,1.536645912917007466e-02,3.150626686649394409e-02,1.538615055168670448e-02,1.000000000000000000e+00
3.225999999999999801e+01,-8.280329941119831672e-01,2.350059230952137590e-01,3.266792224861359895e+00,3.124897616112446985e-01,5.551786745457486238e-02,-4.473516011967373224e-02,-9.472416168700100725e-01,2.153288593989522229e-03,-1.344808324154504423e-05,-1.585498230412220192e-03,1.289176627156289785e-02,3.121279742075312377e-02,1.367554192644665143e-02,1.000000000000000000e+00
3.230799999999999983e+01,-8.279420410471894920e-01,2.350054932426897114e-01,3.266712140592857860e+00,3.127758288976962286e-01,5.625771886944884448e-02,-4.478325644384036769e-02,-9.471012669547277385e-01,1.642567146950253991e-03,-5.599961105952655842e-06,-1.719361333423203957e-03,9.605899087120072649e-03,2.760334171262762357e-02,1.008572117433096348e-02,1.000000000000000000e+00
3.235600000000000165e+01,-8.278801449030275261e-01,2.350053661556010809e-01,3.266628464888482686e+00,3.129657631651096561e-01,5.687649882903646203e-02,-4.478432145893295607e-02,-9.470015097764596934e-01,9.764707561130473975e-04,-5.417605269402864085e-07,-1.751170336419990200e-03,6.414836133447567382e-03,2.269168482452320335e-02,5.484366628426062124e-03,1.000000000000000000e+00
3.240400000000000347e+01,-8.278516898540693170e-01,2.350054212997614855e-01,3.266545048226287662e+00,3.130452411380029720e-01,5.736321734072179213e-02,-4.475002212105571447e-02,-9.469475032003283888e-01,2.693450432488084419e-04,2.293860194449159963e-06,-1.719084597973055250e-03,3.721050244451256164e-03,1.762519026908012168e-02,6.343126802258050936e-04,1.000000000000000000e+00
3.245199999999999818e+01,-8.278562806242985017e-01,2.350055699851648083e-01,3.266464241794030166e+00,3.130156764587335161e-01,5.772693831205790577e-02,-4.469212220422852377e-02,-9.469379077305329906e-01,-3.923626888476584341e-04,3.589336601870995705e-06,-1.649044184658127448e-03,1.653991093069088082e-03,1.301304056109773254e-02,-3.880568613707280345e-03,1.000000000000000000e+00
3.250000000000000000e+01,-8.278901334183664806e-01,2.350057532071209432e-01,3.266387392850043536e+00,3.128896954495332672e-01,5.798600646622185939e-02,-4.462094011305661745e-02,-9.469670708314121832e-01,-9.512698360603203968e-04,3.890598065975781677e-06,-1.558186807984246166e-03,2.021576412035770601e-04,9.133134141065519726e-03,-7.670549888648599615e-03,1.000000000000000000e+00
3.254800000000000182e+01,-8.279476160395090600e-01,2.350059682250419668e-01,3.266315818369659230e+00,3.126864082849669102e-01,5.815206232328910818e-02,-4.454350775551998987e-02,-9.470276783907791707e-01,-1.395105644334038164e-03,6.477472002978316386e-06,-1.401026763270353049e-03,-1.476680222293895060e-03,4.472663644013051207e-03,-1.056230117016954823e-02,1.000000000000000000e+00
3.259600000000000364e+01,-8.280249396212682189e-01,2.350065162380007566e-01,3.266259242611852631e+00,3.124234435661183418e-01,5.810670366602781883e-02,-4.445111625704591812e-02,-9.471215873175203859e-01,-1.780793340186774716e-03,1.588282039681528242e-05,-9.461584062684434780e-04,-6.047950112441964447e-03,-7.096850754987086771e-03,-1.258447232919012414e-02,1.000000000000000000e+00
3.264399999999999835e+01,-8.281176541338094443e-01,2.350075187039821212e-01,3.266230977216545206e+00,3.121212526513855723e-01,5.770631650249011257e-02,-4.434067588743450389e-02,-9.472508691687171467e-01,-2.029648999994054792e-03,2.469999082266713310e-05,-2.620447716361911554e-04,-1.161959731894732228e-02,-2.232283016612525428e-02,-1.337216086837863908e-02,1.000000000000000000e+00
3.269200000000000017e+01,-8.282162982997828271e-01,2.350088421953934192e-01,3.266238141831667718e+00,3.118125037763032070e-01,5.692623737225636915e-02,-4.422698212142493063e-02,-9.474050559501049351e-01,-2.030974544255609825e-03,2.908177661144422212e-05,4.938629050514919440e-04,-1.599876436483373479e-02,-3.641350765105025311e-02,-1.243238733563885486e-02,1.000000000000000000e+00
3.274000000000000199e+01,-8.283065904340721763e-01,2.350101962314468107e-01,3.266279133301912996e+00,3.115415752176892705e-01,5.586615050975705238e-02,-4.413533480380554125e-02,-9.475615506972925317e-01,-1.699566940093452530e-03,2.620058827302015054e-05,1.123386291820288726e-03,-1.733102013682986248e-02,-4.462072109053388802e-02,-9.456372256710348506e-03,1.000000000000000000e+00
3.278800000000000381e+01,-8.283716972873901296e-01,2.350111878573186430e-01,3.266342530195319060e+00,3.113579093309419843e-01,5.473630261041563527e-02,-4.409370594252953052e-02,-9.476897881532012624e-01,-1.014517091675683257e-03,1.463385422793183774e-05,1.423261380581342583e-03,-1.438468861079819291e-02,-4.306309589450605518e-02,-4.537492437944480768e-03,1.000000000000000000e+00
3.283599999999999852e+01,-8.283960412563458053e-01,2.350114125471120252e-01,3.266408078568184603e+00,3.113050311339914389e-01,5.382021386835987575e-02,-4.412438865168654550e-02,-9.477581972718268633e-01,-4.410891251807578270e-05,-4.724105432825565341e-06,1.233711663636754023e-03,-6.876657468524989200e-03,-2.971082591676115978e-02,1.712407219522879900e-03,1.000000000000000000e+00
3.288400000000000034e+01,-8.283697539345471483e-01,2.350105829267296054e-01,3.266450111978483672e+00,3.114075930381864921e-01,5.341423242541602778e-02,-4.423612741326316683e-02,-9.477422623287642400e-01,1.051355995915244715e-03,-2.810593848593483497e-05,4.889346495147377887e-04,4.310802412545126396e-03,-5.214903907866304603e-03,8.176433220180240671e-03,1.000000000000000000e+00
3.293200000000000216e+01,-8.282938190641366827e-01,2.350088566749642671e-01,3.266446856974387636e+00,3.116574898580981579e-01,5.369522937406662200e-02,-4.441107898930142517e-02,-9.476360521955787819e-01,1.959733611189800120e-03,-3.725583515303087340e-05,-4.910386571660653367e-04,1.381020348134602560e-02,1.964377249301197184e-02,1.322328068477305989e-02,1.000000000000000000e+00
3.298000000000000398e+01,-8.281874704648941599e-01,2.350072784588885799e-01,3.266405578109805585e+00,3.119985452819393212e-01,5.439053775659564299e-02,-4.458204831513515320e-02,-9.474761306294362528e-01,2.353705215486639156e-03,-2.827030639773395532e-05,-1.124631215794376143e-03,1.576584758914921156e-02,3.005170099993042729e-02,1.536539078893158460e-02,1.000000000000000000e+00
3.302799999999999869e+01,-8.280747261863736775e-01,2.350062108214404366e-01,3.266341110145244642e+00,3.123576796632653862e-01,5.520404737872303819e-02,-4.470700391600491985e-02,-9.473048489843395314e-01,2.282043467030544538e-03,-1.727748122902858117e-05,-1.494421172603754974e-03,1.402889092859324269e-02,3.187466680629656018e-02,1.461627803916394110e-02,1.000000000000000000e+00
3.307600000000000051e+01,-8.279748759333782626e-01,2.350056255936056049e-01,3.266263917483811952e+00,3.126732849867538966e-01,5.598082583340843743e-02,-4.477602134496639491e-02,-9.471518737283458611e-01,1.867602927006362622e-03,-8.315453384845916278e-06,-1.681788949098095070e-03,1.091291193288182818e-02,2.925659062676472938e-02,1.165462868790592341e-02,1.000000000000000000e+00
3.312400000000000233e+01,-8.279008070636888483e-01,2.350053961847598238e-01,3.266181085893982594e+00,3.129034629032036996e-01,5.664980740528095804e-02,-4.479413701039030443e-02,-9.470352197852106579e-01,1.247083193234506480e-03,-2.212556329642968395e-06,-1.748074339263267938e-03,7.615455772830807303e-03,2.467715672725180262e-02,7.348380762558183975e-03,1.000000000000000000e+00
3.317200000000000415e+01,-8.278591150295997458e-01,2.350053926407722760e-01,3.266097222570491176e+00,3.130266507829549960e-01,5.718782444470488224e-02,-4.477218726561260631e-02,-9.469632093605008238e-01,5.439773586190743910e-04,1.407636001118603376e-06,-1.737231862088444790e-03,4.700758639822340268e-03,1.957406806095758969e-02,2.514686484687634130e-03,1.000000000000000000e+00
3.321999999999999886e+01,-8.278511073057874814e-01,2.350055133842871569e-01,3.266015195717568709e+00,3.130386440057943420e-01,5.759772132475144552e-02,-4.472216318943767616e-02,-9.469367655640299475e-01,-1.439208184057358040e-04,3.229566742074017359e-06,-1.679534373112288783e-03,2.384770900400438702e-03,1.473646881287175338e-02,-2.188409546320137667e-03,1.000000000000000000e+00
3.326800000000000068e+01,-8.278741559230197167e-01,2.350056886634109832e-01,3.265936695525377687e+00,3.129482395100826042e-01,5.789517490008112832e-02,-4.465505199938704650e-02,-9.469516748186048716e-01,-7.480594534018142772e-04,3.865953116567680309e-06,-1.595189005294386569e-03,6.996125669530170411e-04,1.055249055157811595e-02,-6.296053322264176522e-03,1.000000000000000000e+00
3.331600000000000250e+01,-8.279230826142779387e-01,2.350058753361827235e-01,3.265862661847788395e+00,3.127727054805471418e-01,5.810048251078635956e-02,-4.457993042420776292e-02,-9.470006327567924709e-01,-1.229231858331254063e-03,4.101488755227401670e-06,-1.492155364921840359e-03,-4.859696937081070122e-04,7.020412233217433393e-03,-9.533665258466380438e-03,1.000000000000000000e+00
3.336399999999999721e+01,-8.279929828994039287e-01,2.350062559562701714e-01,3.265798444242155707e+00,3.125310746197628164e-01,5.816023614303817563e-02,-4.449492989488094963e-02,-9.470807333815064455e-01,-1.640837775266318181e-03,1.202407848836867924e-05,-1.157474982263633195e-03,-4.018273219049409845e-03,-1.897194322261043856e-03,-1.191666656211642396e-02,1.000000000000000000e+00
3.341199999999999903e+01,-8.280805310056836843e-01,2.350070869797288575e-01,3.265757889638446709e+00,3.122410083396103819e-01,5.790812108308263095e-02,-4.439059045026436806e-02,-9.471967470927923349e-01,-1.956203117690031874e-03,2.160565501974855189e-05,-5.470743268119406151e-04,-9.472882517443669687e-03,-1.624979877153091140e-02,-1.324563234325590658e-02,1.000000000000000000e+00
3.346000000000000085e+01,-8.281783336357572134e-01,2.350083123294630649e-01,3.265750911818713131e+00,3.119300652915959482e-01,5.727104638006326465e-02,-4.427556844517605700e-02,-9.473433040099924485e-01,-2.066557520302051559e-03,2.810744118701535759e-05,2.027581701424047622e-04,-1.456108883887330223e-02,-3.136481666481857195e-02,-1.303219411305091280e-02,1.000000000000000000e+00
3.350800000000000267e+01,-8.282738237748306087e-01,2.350096972775766457e-01,3.265779532864958146e+00,3.116385485475555717e-01,5.630070278726527488e-02,-4.417196092692989018e-02,-9.475022341887654465e-01,-1.871690138459612771e-03,2.832452889330510309e-05,9.064541302674408284e-04,-1.727006481006117602e-02,-4.239773005277509138e-02,-1.086513831688886399e-02,1.000000000000000000e+00
3.355599999999999739e+01,-8.283507795939087925e-01,2.350108804413556518e-01,3.265836171994475290e+00,3.114150376503778683e-01,5.516726555929011427e-02,-4.410767155724722860e-02,-9.476453769452589659e-01,-1.321676410420320920e-03,2.018546368834096263e-05,1.357474224289832157e-03,-1.608518705796457143e-02,-4.501389955965701128e-02,-6.660928944788051601e-03,1.000000000000000000e+00
3.360399999999999920e+01,-8.283926152307484747e-01,2.350114480885115154e-01,3.265903749171464199e+00,3.113068616848091996e-01,5.413168912346701805e-02,-4.410820452240423600e-02,-9.477406102908138008e-01,-4.483190567196436048e-04,3.576593273453305181e-06,1.372879682905518836e-03,-1.031844468583470800e-02,-3.634693810865340102e-02,-8.230662891183658687e-04,1.000000000000000000e+00
3.365200000000000102e+01,-8.283867116299479250e-01,2.350110505336444888e-01,3.265958150334150378e+00,3.113475785070266011e-01,5.349371715570806068e-02,-4.418842401739489500e-02,-9.477597220633159347e-01,6.226860058093474769e-04,-1.886437264324986978e-05,8.446771194979541247e-04,-3.841813436559568138e-04,-1.592663503798029401e-02,5.717726725762568331e-03,1.000000000000000000e+00
3.370000000000000284e+01,-8.283288646868081084e-01,2.350095713413696552e-01,3.265973561265932190e+00,3.115440437791910377e-01,5.351296435355990672e-02,-4.434469283181854959e-02,-9.476867729632266757e-01,1.663467239748184700e-03,-3.783631714356493095e-05,-1.511735790214653748e-04,1.122692117418442985e-02,1.192569863396694685e-02,1.156167243835801856e-02,1.000000000000000000e+00
3.374799999999999756e+01,-8.282313764783882926e-01,2.350078469378708568e-01,3.265945063326011866e+00,3.118583294490574476e-01,5.409230184437738287e-02,-4.452483331898890451e-02,-9.475420541866921287e-01,2.260817094389736080e-03,-3.243029541072074652e-05,-9.141921028922602279e-04,1.562372973332834362e-02,2.732184594877606551e-02,1.489592760829451523e-02,1.000000000000000000e+00
3.379599999999999937e+01,-8.281185114302620498e-01,2.350065724113391263e-01,3.265888173920781679e+00,3.122186590366232140e-01,5.488446489289477981e-02,-4.467017616397710167e-02,-9.473709832078840432e-01,2.358122593492387436e-03,-2.144313586967467035e-05,-1.375917076687529963e-03,1.496612784113351621e-02,3.187669005580952980e-02,1.521576717780964184e-02,1.000000000000000000e+00
3.384400000000000119e+01,-8.280117435500394807e-01,2.350058117773299593e-01,3.265814939134065398e+00,3.125573563465173232e-01,5.568765362056575519e-02,-4.476094634369748998e-02,-9.472081301964890843e-01,2.060986513720326156e-03,-1.147485178139715377e-05,-1.625975639352221546e-03,1.219659148972048433e-02,3.061851411520060198e-02,1.301653868504046990e-02,1.000000000000000000e+00
3.389200000000000301e+01,-8.279265158324609075e-01,2.350054600799418303e-01,3.265733647022991182e+00,3.128244609046046953e-01,5.640342908110550918e-02,-4.479778575590712131e-02,-9.470758513651396093e-01,1.504973876254933358e-03,-4.262087076991490550e-06,-1.733310841033502882e-03,8.875741483219280054e-03,2.658525532535662914e-02,9.130981184119429592e-03,1.000000000000000000e+00
3.393999999999999773e+01,-8.278717905075690942e-01,2.350053824351080456e-01,3.265649772444568999e+00,3.129907039421938597e-01,5.699320164577894449e-02,-4.479001742100674477e-02,-9.469859811799535843e-01,8.208685990404839808e-04,2.497442420687229533e-07,-1.748235826976048514e-03,5.771706444591647930e-03,2.156321785562349130e-02,4.414598944008137765e-03,1.000000000000000000e+00
3.398799999999999955e+01,-8.278507848903661204e-01,2.350054647348000791e-01,3.265566784517934362e+00,3.130455937845398329e-01,5.745164024276950415e-02,-4.474954336610680733e-02,-9.469420487094366568e-01,1.172922262634665280e-04,2.691783972272593085e-06,-1.705902022061809653e-03,3.211213595452187645e-03,1.655815615961121409e-02,-4.053518952623926235e-04,1.000000000000000000e+00
3.403600000000000136e+01,-8.278622370052884927e-01,2.350056253377287296e-01,3.265486776303180516e+00,3.129934078947690934e-01,5.779059224522953980e-02,-4.468789598441695599e-02,-9.469415853234297575e-01,-5.257834837382527327e-04,3.728639355661796058e-06,-1.630039840041789829e-03,1.283779855856085738e-03,1.209167795251244598e-02,-4.787827207165988065e-03,1.000000000000000000e+00
3.408400000000000318e+01,-8.279018007430283266e-01,2.350058106868996577e-01,3.265410925081800642e+00,3.128486376337477060e-01,5.802948145393441864e-02,-4.461498053762038424e-02,-9.469782535647391919e-01,-1.057080652250950471e-03,3.865997425257623587e-06,-1.536242403174326769e-03,-4.170666680755240818e-05,8.388358056327408288e-03,-8.384359502868142175e-03,1.000000000000000000e+00
3.413199999999999790e+01,-8.279638732622415231e-01,2.350060668859852431e-01,3.265341404324583419e+00,3.126308296623275806e-01,5.816526109959972712e-02,-4.453551921464800334e-02,-9.470455925002458919e-01,-1.486589917609768084e-03,8.343419519668788202e-06,-1.326114027634528979e-03,-2.278781868430246674e-03,2.468401228035386422e-03,-1.109058595853096470e-02,1.000000000000000000e+00
3.417999999999999972e+01,-8.280451346989161632e-01,2.350067170792858040e-01,3.265290110792877343e+00,3.123570714254643721e-01,5.805007654941893996e-02,-4.443867335751390535e-02,-9.471475348927106408e-01,-1.851441553167381586e-03,1.803963947999079879e-05,-8.099760210911479373e-04,-7.271002333435032557e-03,-1.030333903155782223e-02,-1.288279146993635653e-02,1.000000000000000000e+00
3.422800000000000153e+01,-8.281401645863470939e-01,2.350078084424562230e-01,3.265269338692172063e+00,3.120501347844476525e-01,5.756368140310214043e-02,-4.432575689047166950e-02,-9.472836762239791319e-01,-2.055066839879875640e-03,2.617200992309366405e-05,-9.462782968300085119e-05,-1.275988672906537384e-02,-2.570011988403789888e-02,-1.332988329230066875e-02,1.000000000000000000e+00
3.427600000000000335e+01,-8.282383414273015720e-01,2.350091687846805610e-01,3.265284460361441266e+00,3.117455592283280286e-01,5.670901672221755757e-02,-4.421452507160200662e-02,-9.474406944482109960e-01,-1.988669244739597712e-03,2.915975418731428463e-05,6.513531053709554737e-04,-1.661044110473376342e-02,-3.888739667958759222e-02,-1.195647986805968739e-02,1.000000000000000000e+00
3.432399999999999807e+01,-8.283245603765657661e-01,2.350104793301156236e-01,3.265331739300282976e+00,3.114895975081414803e-01,5.561208527159910292e-02,-4.413156464140245705e-02,-9.475937587480519619e-01,-1.578214648310146979e-03,2.441716828557156748e-05,1.225010068264499857e-03,-1.707706059278466318e-02,-4.522665144601544646e-02,-8.526827181858490784e-03,1.000000000000000000e+00
3.437199999999999989e+01,-8.283818968250404868e-01,2.350113350392608047e-01,3.265397638019975624e+00,3.113314496146514232e-01,5.450337578205758510e-02,-4.410432041831818112e-02,-9.477114114695662783e-01,-8.209829150383308538e-04,1.095335050535145636e-05,1.428207280613737022e-03,-1.311073740637024553e-02,-4.116028098905415156e-02,-3.242734672459850979e-03,1.000000000000000000e+00
3.442000000000000171e+01,-8.283956465184281193e-01,2.350113451793320318e-01,3.265460329533587558e+00,3.113116128815843764e-01,5.367514370677359259e-02,-4.415272716274887960e-02,-9.477629425743628877e-01,1.938130579856173208e-04,-9.722575265969052538e-06,1.117741326491132310e-03,-4.673065272211799660e-03,-2.518975036993205061e-02,3.166417950884990468e-03,1.000000000000000000e+00
3.446800000000000352e+01,-8.283577691559862455e-01,2.350102666386970907e-01,3.265493641580780704e+00,3.114488938668623086e-01,5.341673202120479635e-02,-4.428167106551983423e-02,-9.477264230024017300e-01,1.287732117083164544e-03,-3.323191125748175244e-05,2.543452821514570971e-04,7.088487430781849515e-03,1.371708145498824923e-03,9.488675529490963462e-03,1.000000000000000000e+00
3.451599999999999824e+01,-8.282729632159956390e-01,2.350084896955896563e-01,3.265480500274955400e+00,3.117251347777784121e-01,5.382401897972633603e-02,-4.446194015696774970e-02,-9.476041110116206756e-01,2.091419792497802368e-03,-3.589677632477553831e-05,-6.579219154251904084e-04,1.473653217109276853e-02,2.297232804539012241e-02,1.396223427939395460e-02,1.000000000000000000e+00
3.456400000000000006e+01,-8.281632461358889863e-01,2.350070142310489718e-01,3.265433018186748804e+00,3.120763204725383044e-01,5.456486491371495551e-02,-4.462490049285300353e-02,-9.474384750332195404e-01,2.374430061529676610e-03,-2.581218784440012260e-05,-1.225364656593194799e-03,1.559761171862326934e-02,3.101685007809382860e-02,1.543242811970408496e-02,1.000000000000000000e+00
3.461200000000000188e+01,-8.280518888711939640e-01,2.350060606905825245e-01,3.265364992114812459e+00,3.124305649999957191e-01,5.538001449351589306e-02,-4.473766024998776514e-02,-9.472690947158775021e-01,2.215557464824023833e-03,-1.507456986939346154e-05,-1.548694026145329373e-03,1.340630922194160218e-02,3.157490742024662150e-02,1.412522409249188787e-02,1.000000000000000000e+00
3.466000000000000369e+01,-8.279568349237663716e-01,2.350055655582143077e-01,3.265286059691586473e+00,3.127302397571282699e-01,5.613708836651645773e-02,-4.479471634694019017e-02,-9.471229370248490653e-01,1.744051603962586692e-03,-6.730140916567096108e-06,-1.704763205331823791e-03,1.017513729839483044e-02,2.835516278391569944e-02,1.079145508148016130e-02,1.000000000000000000e+00
3.470799999999999841e+01,-8.278895341375814843e-01,2.350053962762916615e-01,3.265202688439067469e+00,3.129380435440930475e-01,5.677807104887420964e-02,-4.480297419337186254e-02,-9.470156941963487895e-01,1.095426541279800750e-03,-1.224167508207374572e-06,-1.750800309426053846e-03,6.928975003534384135e-03,2.356386085236735969e-02,6.302807348566460965e-03,1.000000000000000000e+00
3.475600000000000023e+01,-8.278553115803207740e-01,2.350054277343106290e-01,3.265119045278134013e+00,3.130365681802458333e-01,5.728703976828544014e-02,-4.477381412536050181e-02,-9.469538571784733572e-01,3.882092109259355000e-04,1.941614195598028240e-06,-1.727421699808324388e-03,4.135967866959195348e-03,1.846817328765523042e-02,1.447465060169667635e-03,1.000000000000000000e+00
3.480400000000000205e+01,-8.278544862618694156e-01,2.350055655973509183e-01,3.265037696643452225e+00,3.130248689635878323e-01,5.767057314574311477e-02,-4.471913264471093913e-02,-9.469370283069907801e-01,-2.861686447237060107e-04,3.456339969319720512e-06,-1.662390069991166643e-03,1.960476272309591168e-03,1.375144695646751160e-02,-3.157949937832546603e-03,1.000000000000000000e+00
3.485200000000000387e+01,-8.278837509132046524e-01,2.350057463009660730e-01,3.264960132047353802e+00,3.129139929060063552e-01,5.794598596464987927e-02,-4.464955145989844137e-02,-9.469601434636167880e-01,-8.655048145330794529e-04,3.896440497248834058e-06,-1.574126433892984386e-03,4.084294680514214890e-04,9.736897997907969365e-03,-7.091225005774122979e-03,1.000000000000000000e+00
3.489999999999999858e+01,-8.279376022111434308e-01,2.350059431314496239e-01,3.264887364126695335e+00,3.127224013670679703e-01,5.813084720858343463e-02,-4.457325996128123219e-02,-9.470156961647733240e-01,-1.323680565950611067e-03,5.252375830521918502e-06,-1.446936849644717658e-03,-9.707731837754445935e-04,5.750830570663527895e-03,-1.013112268941599586e-02,1.000000000000000000e+00
3.494800000000000040e+01,-8.280117728882778749e-01,2.350064157651814978e-01,3.264827209148389642e+00,3.124683375785023975e-01,5.813442835031779748e-02,-4.448420876781923605e-02,-9.471035220194299331e-01,-1.722373483197787254e-03,1.421298295480447453e-05,-1.042472948984548512e-03,-5.138902274294663251e-03,-4.750017081389177991e-03,-1.231732189383160855e-02,1.000000000000000000e+00
3.499600000000000222e+01,-8.281024157535267216e-01,2.350073462307092353e-01,3.264793459036877010e+00,3.121707975551731296e-01,5.779939216919022932e-02,-4.437617217108947437e-02,-9.472272054592184576e-01,-2.002384401158087499e-03,2.344196795802562381e-05,-3.874907867764514893e-04,-1.070306724344045717e-02,-1.968904259081175750e-02,-1.335049964547316108e-02,1.000000000000000000e+00
3.504400000000000404e+01,-8.282009697440672058e-01,2.350086328794769031e-01,3.264794498665223532e+00,3.118602207905564749e-01,5.707992394805048997e-02,-4.426142390400929216e-02,-9.473784942273809628e-01,-2.052977250318725484e-03,2.880539324655744489e-05,3.695997649846608727e-04,-1.542838716329515691e-02,-3.431981618103183140e-02,-1.273377341738485616e-02,1.000000000000000000e+00
3.509199999999999875e+01,-8.282938593863279353e-01,2.350100084238645748e-01,3.264830329087533567e+00,3.115793306074374214e-01,5.605502751378159398e-02,-4.416402002815704442e-02,-9.475366451824449587e-01,-1.781626013058987832e-03,2.730435144367331833e-05,1.035453647406846646e-03,-1.738620818873679030e-02,-4.383687198816654806e-02,-1.010928833863404715e-02,1.000000000000000000e+00
3.514000000000000057e+01,-8.283644451658062069e-01,2.350110918795690340e-01,3.264891187662038785e+00,3.113774038774260178e-01,5.491816838679537682e-02,-4.411206461420428410e-02,-9.476720070209236901e-01,-1.154248964742407135e-03,1.721562627426841732e-05,1.404451712893395061e-03,-1.521521188317417547e-02,-4.414225303889832835e-02,-5.490834846661464021e-03,1.000000000000000000e+00
3.518800000000000239e+01,-8.283966224905182640e-01,2.350114721336828139e-01,3.264958141492585675e+00,3.112998784954374432e-01,5.394417111622001187e-02,-4.412940519703916625e-02,-9.477526088849687058e-01,-2.231272101291115867e-04,-1.018369926380289447e-06,1.305732015349205834e-03,-8.451318586100655186e-03,-3.282493460394967505e-02,6.005443652234151520e-04,1.000000000000000000e+00
3.523600000000000421e+01,-8.283792446117969055e-01,2.350108319549304992e-01,3.265006095375498241e+00,3.113755262597827644e-01,5.343230899086685165e-02,-4.422756816195153040e-02,-9.477521786927355363e-01,8.661219836320634656e-04,-2.411485175394299069e-05,6.543303742947432621e-04,2.227438203133988784e-03,-1.003898305463742438e-02,7.126260932928400911e-03,1.000000000000000000e+00
3.528399999999999892e+01,-8.283108372329561764e-01,2.350091888942587304e-01,3.265010923434320755e+00,3.116031768689112580e-01,5.360393820078326182e-02,-4.439575207880126773e-02,-9.476597992802721082e-01,1.841242378667894879e-03,-3.789762142220642394e-05,-3.496155377635375367e-04,1.284922184380902013e-02,1.659328411191051192e-02,1.255774999114664219e-02,1.000000000000000000e+00
3.533200000000000074e+01,-8.282078526038032518e-01,2.350075385940902373e-01,3.264974943957334119e+00,3.119340801879841307e-01,5.425487106364638296e-02,-4.457163696526440788e-02,-9.475056241317937333e-01,2.323030231662881386e-03,-3.015222023802412927e-05,-1.037749777664419325e-03,1.578351898677800638e-02,2.904281042403584340e-02,1.522149860870488855e-02,1.000000000000000000e+00
3.538000000000000256e+01,-8.280946411933348683e-01,2.350063802768778409e-01,3.264913587261931927e+00,3.122950655055717339e-01,5.506241944241026254e-02,-4.470572969848726069e-02,-9.473337953214511220e-01,2.322714324760758245e-03,-1.906939486125935451e-05,-1.446105913964982519e-03,1.446961325993202825e-02,3.197377430042787350e-02,1.492588329548438786e-02,1.000000000000000000e+00
3.542799999999999727e+01,-8.279914859193152621e-01,2.350057205724430387e-01,3.264837991303599640e+00,3.126216847622685924e-01,5.585235542744267784e-02,-4.478415786804915838e-02,-9.471761060191801196e-01,1.956675858423186868e-03,-9.642945966384175728e-06,-1.659627438869589215e-03,1.147953696130353009e-02,2.989797413930474212e-02,1.227929909109342493e-02,1.000000000000000000e+00
3.547599999999999909e+01,-8.279123917315630576e-01,2.350054402633732220e-01,3.264755750314776606e+00,3.128684916538630456e-01,5.654238965241433629e-02,-4.481023186100688976e-02,-9.470524316125237263e-01,1.361708773571174451e-03,-3.057864765474836043e-06,-1.742942793156397477e-03,8.159633174758295845e-03,2.552660104773439229e-02,8.139472211550060482e-03,1.000000000000000000e+00
3.552400000000000091e+01,-8.278649693281484589e-01,2.350054064701481149e-01,3.264671836258191462e+00,3.130106110157556687e-01,5.710306830506663156e-02,-4.479422677082856019e-02,-9.469725836737268310e-01,6.647757779805732372e-04,9.406408384306100106e-07,-1.742721630697478428e-03,5.157336985437075035e-03,2.044173970871823731e-02,3.342729979267836105e-03,1.000000000000000000e+00
3.557200000000000273e+01,-8.278513334912606103e-01,2.350055119832319683e-01,3.264589368755245413e+00,3.130411783686920524e-01,5.753393816280717721e-02,-4.474814206912600817e-02,-9.469385779375448786e-01,-3.150535433605886401e-05,3.022248875794528759e-06,-1.691301571894500378e-03,2.733565864640098968e-03,1.552214201899066587e-02,-1.421798743035201668e-03,1.000000000000000000e+00
3.561999999999999744e+01,-8.278694246359102893e-01,2.350056819449512502e-01,3.264510205892821926e+00,3.129671093646542723e-01,5.784916694243388835e-02,-4.468322228948455599e-02,-9.469469214194778939e-01,-6.536119830584483526e-04,3.825147307222700839e-06,-1.610371002563917809e-03,9.435514581457626936e-04,1.121104643074075438e-02,-5.656003506700070516e-03,1.000000000000000000e+00
3.566799999999999926e+01,-8.279143974923047766e-01,2.350058678107232735e-01,3.264435371031021660e+00,3.128045522864911221e-01,5.806899034688932371e-02,-4.460894419284407164e-02,-9.469906792186182365e-01,-1.156182441044713077e-03,3.814503317577301373e-06,-1.514109246746074122e-03,-2.602725040231105517e-04,7.685559989612386622e-03,-9.051523280221867099e-03,1.000000000000000000e+00
3.571600000000000108e+01,-8.279809420941873777e-01,2.350061866343897132e-01,3.264368562471692492e+00,3.125729649297765422e-01,5.816577608805303945e-02,-4.452666094675401115e-02,-9.470650772528860228e-01,-1.575410576460064540e-03,1.038611434295439787e-05,-1.236169669263061056e-03,-3.216754905510771020e-03,1.230138999039646561e-04,-1.157731516854234276e-02,1.000000000000000000e+00
3.576400000000000290e+01,-8.280658899695763075e-01,2.350069397939019977e-01,3.264323136537175873e+00,3.122894690353477665e-01,5.797512291757236924e-02,-4.442546172058612491e-02,-9.471750371516473033e-01,-1.914454336751626046e-03,2.010957535020960706e-05,-6.644229624694418350e-04,-8.513838355958839796e-03,-1.362852157617943337e-02,-1.311773671296591164e-02,1.000000000000000000e+00
3.581199999999999761e+01,-8.281627274431473396e-01,2.350081113316720427e-01,3.264310100991698160e+00,3.119794736901955745e-01,5.740311142240516612e-02,-4.431095401215792706e-02,-9.473173861750595615e-01,-2.067526935844233357e-03,2.738844340430561511e-05,7.386396488375036634e-05,-1.381653523229025606e-02,-2.896032898131265312e-02,-1.320095382106551730e-02,1.000000000000000000e+00
3.585999999999999943e+01,-8.282597115292383849e-01,2.350094928156673535e-01,3.264332977122651247e+00,3.116812776966017551e-01,5.648022461301180352e-02,-4.420348381532897275e-02,-9.474760246991291712e-01,-1.929847380198952992e-03,2.885816904120606864e-05,8.000237379251120412e-04,-1.705464816345155649e-02,-4.101982384510527435e-02,-1.138275185758285887e-02,1.000000000000000000e+00
3.590800000000000125e+01,-8.283410470902363709e-01,2.350107400256158385e-01,3.264385865455083913e+00,3.114426225067865595e-01,5.535782985585101929e-02,-4.413053583686891296e-02,-9.476241340143758407e-01,-1.440318590214765410e-03,2.220705998456519635e-05,1.308245487023352617e-03,-1.660638644184716031e-02,-4.532138776697000604e-02,-7.509848170086231949e-03,1.000000000000000000e+00
3.595600000000000307e+01,-8.283899169669910467e-01,2.350114407418510409e-01,3.264453190520830717e+00,3.113118957545914500e-01,5.428453088282200051e-02,-4.411862105868114003e-02,-9.477297296932252202e-01,-6.153810757509084982e-04,6.921717064371629149e-06,1.407963842128386262e-03,-1.162051354990904957e-02,-3.867849089116127959e-02,-1.896624630550853684e-03,1.000000000000000000e+00
3.600399999999999778e+01,-8.283927066250726945e-01,2.350112245959956325e-01,3.264511748459268947e+00,3.113259369196183513e-01,5.355813847257018950e-02,-4.418495228368066879e-02,-9.477633548498076710e-01,4.350069693506234672e-04,-1.485482791164040496e-05,9.749176623852681125e-04,-2.311435677870800429e-03,-2.015962565105901272e-02,4.612457258651512897e-03,1.000000000000000000e+00
3.605199999999999960e+01,-8.283434119399814000e-01,2.350099060268639739e-01,3.264535255879306597e+00,3.114971226214146571e-01,5.345568072675047772e-02,-4.433009408719585515e-02,-9.477061124393141300e-01,1.509492443326817179e-03,-3.683027728288005193e-05,1.726254312321703964e-05,9.642850101084579628e-03,7.708677417957054967e-03,1.070686868631511544e-02,1.000000000000000000e+00
3.610000000000000142e+01,-8.282509593390336988e-01,2.350081413190773516e-01,3.264513139041273604e+00,3.117962534591096624e-01,5.396777790705043626e-02,-4.451164095405830273e-02,-9.475702027270664907e-01,2.197114889105560454e-03,-3.408545317589335304e-05,-8.080292877140072801e-04,1.534490494864607264e-02,2.565238203637713182e-02,1.454946160536954233e-02,1.000000000000000000e+00
3.614800000000000324e+01,-8.281390220240557598e-01,2.350067765795801067e-01,3.264460128660236382e+00,3.121540002142031978e-01,5.474186457826718533e-02,-4.466512613884465049e-02,-9.474007784036099222e-01,2.373550241638067940e-03,-2.334946431631791048e-05,-1.314172626716204710e-03,1.528890895074569607e-02,3.162758268649760313e-02,1.536303912039956726e-02,1.000000000000000000e+00
3.619599999999999795e+01,-8.280299203917700357e-01,2.350059331893085968e-01,3.264389013854145372e+00,3.125005584191338781e-01,5.555246373978551394e-02,-4.476550944246984048e-02,-9.472345928673235882e-01,2.134092390291903157e-03,-1.300013539405324927e-05,-1.594845877995879459e-03,1.273881525265647442e-02,3.109931799444093370e-02,1.353693512372887084e-02,1.000000000000000000e+00
3.624399999999999977e+01,-8.279402034273074529e-01,2.350055213287801925e-01,3.264308654589885617e+00,3.127825391940539657e-01,5.628720517479072344e-02,-4.481099702356958897e-02,-9.470959868221823230e-01,1.612296969641092070e-03,-5.287848404184950749e-06,-1.722433157281347228e-03,9.440606085421349505e-03,2.738366615510759786e-02,9.874844769732365329e-03,1.000000000000000000e+00
3.629200000000000159e+01,-8.278799077885454771e-01,2.350054059552328656e-01,3.264224943650154476e+00,3.129671933568208830e-01,5.689956456691744324e-02,-4.480998681077388163e-02,-9.469984374414072148e-01,9.414009416024454345e-04,-3.509223318242453856e-07,-1.750211445886344988e-03,6.267281193164517782e-03,2.244081055670253330e-02,5.242659890288282540e-03,1.000000000000000000e+00
3.634000000000000341e+01,-8.278531471574721579e-01,2.350054678124507690e-01,3.264141642403309618e+00,3.130410842324946596e-01,5.737991940415881897e-02,-4.477421704963709115e-02,-9.469467217955335192e-01,2.345088401113003761e-04,2.395618067200241113e-06,-1.715650855007186566e-03,3.603061657261196708e-03,1.738463192945351871e-02,3.956071793656036097e-04,1.000000000000000000e+00
3.638799999999999812e+01,-8.278593222280565822e-01,2.350056197359660093e-01,3.264061041317275258e+00,3.130062991898019953e-01,5.773801681411382808e-02,-4.471540693685302492e-02,-9.469392327200034654e-01,-4.233839738592726784e-04,3.631700042874040423e-06,-1.644179992998917638e-03,1.567694045985829629e-03,1.280353651159318353e-02,-4.092004114347511275e-03,1.000000000000000000e+00
3.643599999999999994e+01,-8.278945140866563746e-01,2.350058039302671820e-01,3.263984447426275803e+00,3.128759127808124485e-01,5.799247740034012971e-02,-4.464378360299707527e-02,-9.469701517746760278e-01,-9.762868184011888693e-04,3.894714546715643942e-06,-1.552575964052952100e-03,1.448547393813218805e-04,8.962721603624037789e-03,-7.839835210139005015e-03,1.000000000000000000e+00
3.648400000000000176e+01,-8.279530752769580504e-01,2.350060270325260992e-01,3.263913324793961124e+00,3.126691823889386490e-01,5.815231973209601668e-02,-4.456593359878754240e-02,-9.470322949384970546e-01,-1.416639014840080472e-03,6.893818581152079181e-06,-1.384555850770931773e-03,-1.647012073780607056e-03,4.047613862520058232e-03,-1.068970082298203485e-02,1.000000000000000000e+00
3.653200000000000358e+01,-8.280313430931007801e-01,2.350065988929276317e-01,3.263857939252432505e+00,3.124035815312243280e-01,5.809155115781728523e-02,-4.447250904490715473e-02,-9.471280641337750383e-01,-1.798132005741681898e-03,1.639968043551563400e-05,-9.150906531075628453e-04,-6.325852869755305835e-03,-7.818958073717168639e-03,-1.266181902816201389e-02,1.000000000000000000e+00
3.657999999999999829e+01,-8.281246594281619355e-01,2.350076234409111953e-01,3.263831405837332778e+00,3.121000599671827636e-01,5.767143889342960655e-02,-4.436141139735883671e-02,-9.472590051740211736e-01,-2.037227580793266740e-03,2.508298047926226198e-05,-2.229491041887484586e-04,-1.188913621552696240e-02,-2.310854109983377300e-02,-1.337406895435989951e-02,1.000000000000000000e+00
3.662800000000000011e+01,-8.282232924154997455e-01,2.350089579982819477e-01,3.263840456310442395e+00,3.117919580758427012e-01,5.687361969857156890e-02,-4.424814770635904920e-02,-9.474139895980899784e-01,-2.023437698756917671e-03,2.916026870081684099e-05,5.317527011306007623e-04,-1.615619931027251904e-02,-3.701640217651256531e-02,-1.233615617764673156e-02,1.000000000000000000e+00
3.667600000000000193e+01,-8.283127568002731644e-01,2.350103050920058778e-01,3.263883003070118694e+00,3.115241290842509780e-01,5.580388732863130613e-02,-4.415835071339081763e-02,-9.475698830268850514e-01,-1.673923704802879157e-03,2.585449395400848754e-05,1.149533230382927254e-03,-1.729582362310355670e-02,-4.481466329399400733e-02,-9.255040263735334755e-03,1.000000000000000000e+00
3.672400000000000375e+01,-8.283761760054073608e-01,2.350112682371620354e-01,3.263947132597156742e+00,3.113460276583324138e-01,5.467733497839435269e-02,-4.411991275203703405e-02,-9.476958760065321563e-01,-9.718307070286205706e-04,1.383699968387152538e-05,1.428040824617365489e-03,-1.411650891186712678e-02,-4.269095350292541335e-02,-4.248475735525844045e-03,1.000000000000000000e+00
3.677199999999999847e+01,-8.283981477838220364e-01,2.350114451516845115e-01,3.264012210531167746e+00,3.113005617284936299e-01,5.377980929787933712e-02,-4.415462423685489329e-02,-9.477605507394306628e-01,9.752096530940031335e-06,-5.858153876235428634e-06,1.211039003430985223e-03,-6.390244630226990172e-03,-2.873319843419679109e-02,2.044546246540158898e-03,1.000000000000000000e+00
3.682000000000000028e+01,-8.283692018680963720e-01,2.350105578110763815e-01,3.264052423971856243e+00,3.114111111608535709e-01,5.340644400458483682e-02,-4.427037056032391560e-02,-9.477399463327470519e-01,1.106221594574341698e-03,-2.931746414228210076e-05,4.386279742556409788e-04,4.939703223208654834e-03,-3.742691585147767293e-03,8.484381962695766027e-03,1.000000000000000000e+00
3.686800000000000210e+01,-8.282911155612906473e-01,2.350088119231529549e-01,3.264046888325053519e+00,3.116673857716801832e-01,5.371816221652454815e-02,-4.444694176725004497e-02,-9.476298164694182402e-01,1.992758463468980498e-03,-3.703679654970844492e-05,-5.298973472914280227e-04,1.405669960525384593e-02,2.047325716410776375e-02,1.340897810368277439e-02,1.000000000000000000e+00
3.691600000000000392e+01,-8.281838601194028149e-01,2.350072544961036847e-01,3.264004164034469468e+00,3.120111897897410169e-01,5.442526488487009484e-02,-4.461626489319665823e-02,-9.474683619494533859e-01,2.361148905730310176e-03,-2.774269927720717343e-05,-1.148108223146427666e-03,1.574511808596807533e-02,3.031543008571550846e-02,1.539741429497168239e-02,1.000000000000000000e+00
3.696399999999999864e+01,-8.280713176617092719e-01,2.350062120553318978e-01,3.263938868036653229e+00,3.123695880850320128e-01,5.523997025491436674e-02,-4.473847545095498840e-02,-9.472973424116361008e-01,2.268951535517574249e-03,-1.678180375170063997e-05,-1.507013706614018789e-03,1.389437573314935420e-02,3.183229139923558770e-02,1.451730481580383245e-02,1.000000000000000000e+00
3.701200000000000045e+01,-8.279724816052823622e-01,2.350056474046512134e-01,3.263861274991520123e+00,3.126818309867807066e-01,5.601270810748907453e-02,-4.480473095124024724e-02,-9.471458098865280784e-01,1.840732866846235723e-03,-7.948610857968575725e-06,-1.686992569651164352e-03,1.074661503645819513e-02,2.906565786426918221e-02,1.146591394214492750e-02,1.000000000000000000e+00
3.706000000000000227e+01,-8.278999128658929285e-01,2.350054321034271421e-01,3.263778327500212129e+00,3.129070579634357085e-01,5.667553355294300405e-02,-4.482053654768115847e-02,-9.470312436645027532e-01,1.213072227805986466e-03,-1.977195609586113715e-06,-1.748458034583685785e-03,7.458140477166605962e-03,2.443078474018827231e-02,7.113244246014557154e-03,1.000000000000000000e+00
3.710800000000000409e+01,-8.278599133189964432e-01,2.350054370586824315e-01,3.263694530016473028e+00,3.130246641237279803e-01,5.720702428675911860e-02,-4.479687540669782114e-02,-9.469615388051824123e-01,5.084093756964973808e-04,1.540533561480203722e-06,-1.734601492971732991e-03,4.570078467857721302e-03,1.932504955847082900e-02,2.270470310202095908e-03,1.000000000000000000e+00
3.715599999999999881e+01,-8.278535586419012438e-01,2.350055622363385333e-01,3.263612679849125620e+00,3.130312085444017511e-01,5.761093486685358450e-02,-4.474572797544500852e-02,-9.469373065250659138e-01,-1.768800015655608055e-04,3.292127245923202641e-06,-1.675115803480400293e-03,2.285877508467982957e-03,1.451249665705259956e-02,-2.413541739286833090e-03,1.000000000000000000e+00
3.720400000000000063e+01,-8.278780588079356351e-01,2.350057392528743794e-01,3.263534419759145599e+00,3.129360248935070254e-01,5.790335161260880964e-02,-4.467800239435315568e-02,-9.469541289301864895e-01,-7.756881602238555225e-04,3.882922563901106178e-06,-1.589791768126433240e-03,6.312478696727211354e-04,1.036580194706493603e-02,-6.483612131470724640e-03,1.000000000000000000e+00
3.725200000000000244e+01,-8.279281463520273832e-01,2.350059273502676238e-01,3.263460680444722151e+00,3.127566901130621746e-01,5.810435077312986474e-02,-4.460262499734887753e-02,-9.470046161735973245e-01,-1.251225292826195273e-03,4.303610988707387938e-06,-1.482885564358521263e-03,-5.755895978331945642e-04,6.777774442232000450e-03,-9.676225804337955719e-03,1.000000000000000000e+00
3.730000000000000426e+01,-8.279990549646156772e-01,2.350063285421561121e-01,3.263397354681615514e+00,3.125120759241372115e-01,5.815217039324444004e-02,-4.451673489992768323e-02,-9.470864732399000285e-01,-1.660413918024680920e-03,1.253691706210009181e-05,-1.131678973819543778e-03,-4.267111480635746995e-03,-2.525871943410783367e-03,-1.201646777077421992e-02,1.000000000000000000e+00
3.734799999999999898e+01,-8.280873728320823357e-01,2.350071836615694465e-01,3.263358353175648485e+00,3.122200810878159594e-01,5.788132802681263123e-02,-4.441148095394031187e-02,-9.472043038282970118e-01,-1.968362842552519049e-03,2.206598628373180560e-05,-5.102194624092432898e-04,-9.759176562496701610e-03,-1.703946816738409475e-02,-1.328072169310378324e-02,1.000000000000000000e+00
3.739600000000000080e+01,-8.281854390741185679e-01,2.350084255170802050e-01,3.263353254623556410e+00,3.119089226231469558e-01,5.722493828282733397e-02,-4.429638841328460697e-02,-9.473520783743152318e-01,-2.065590686324143745e-03,2.832711936741745158e-05,2.423962591580015109e-04,-1.477522979875054224e-02,-3.207117244943263890e-02,-1.297703496118766953e-02,1.000000000000000000e+00
3.744400000000000261e+01,-8.282804436410724502e-01,2.350098114582046538e-01,3.263383626719556840e+00,3.116194944736677130e-01,5.624099302101895348e-02,-4.419404444000301496e-02,-9.475110172467767766e-01,-1.853410701238563524e-03,2.815906202802471409e-05,9.386270493011393806e-04,-1.732013490077687415e-02,-4.278083573743532431e-02,-1.070511027148022230e-02,1.000000000000000000e+00
3.749199999999999733e+01,-8.283560472233976180e-01,2.350109749038236107e-01,3.263441386047696735e+00,3.114006016755256900e-01,5.510517972256907815e-02,-4.413244387617341197e-02,-9.476525797154680131e-01,-1.285359967938205956e-03,1.956447740990677095e-05,1.371874100670936354e-03,-1.591248401071364976e-02,-4.488237399861445126e-02,-6.402925108153152516e-03,1.000000000000000000e+00
3.753999999999999915e+01,-8.283957473204326405e-01,2.350115017844252030e-01,3.263509011453464836e+00,3.112992220339771410e-01,5.408194440333224939e-02,-4.413675579297835633e-02,-9.477446303929486504e-01,-3.978851728906376817e-04,2.553746738734093525e-06,1.361671669293259114e-03,-9.914136502739867574e-03,-3.560864288608730360e-02,-5.008264452797142564e-04,1.000000000000000000e+00
3.758800000000000097e+01,-8.283872368166839140e-01,2.350110489055369789e-01,3.263562134449757846e+00,3.113478967014121634e-01,5.347133522980633547e-02,-4.422111408497349239e-02,-9.477593558480087443e-01,6.786531034238275353e-04,-2.008451713017099714e-05,8.050631307440173513e-04,2.004536556398178954e-04,-1.462961996397566314e-02,6.045012214767434520e-03,1.000000000000000000e+00
3.763600000000000279e+01,-8.283268934381703419e-01,2.350095262029925358e-01,3.263575207665790234e+00,3.115517454915490148e-01,5.352588759663828855e-02,-4.438040767049582225e-02,-9.476818393602157720e-01,1.706922616360864080e-03,-3.798800042284325473e-05,-1.966264848992434634e-04,1.163541164941976278e-02,1.305727007636264987e-02,1.180565253788919307e-02,1.000000000000000000e+00
3.768399999999999750e+01,-8.282280023655742562e-01,2.350078146757828002e-01,3.263544993256082272e+00,3.118702886170395816e-01,5.412302832501800220e-02,-4.455985355155127337e-02,-9.475347172184871436e-01,2.278170092763753644e-03,-3.196664505629970125e-05,-9.425902057955133206e-04,1.568317048832657337e-02,2.776242572197077166e-02,1.498996564902781506e-02,1.000000000000000000e+00
3.773199999999999932e+01,-8.281149132404881374e-01,2.350065649276307511e-01,3.263487075924066172e+00,3.122312447747653263e-01,5.491970588158763544e-02,-4.470274942882278973e-02,-9.473632565630699665e-01,2.352885118409720269e-03,-2.092383593817506140e-05,-1.392077496909819526e-03,1.486581544122178057e-02,3.193248985597539613e-02,1.516785004615756743e-02,1.000000000000000000e+00
3.778000000000000114e+01,-8.280088486668183423e-01,2.350058267771022447e-01,3.263413298196144563e+00,3.125675921012499026e-01,5.572054339074034024e-02,-4.479073152815932907e-02,-9.472014103565516985e-01,2.039404246518905419e-03,-1.106078056022237986e-05,-1.633688114688228643e-03,1.203966707110141685e-02,3.047725477639738612e-02,1.286259808672714743e-02,1.000000000000000000e+00
3.782800000000000296e+01,-8.279249330457139067e-01,2.350054914448735377e-01,3.263331791134240767e+00,3.128303617291198768e-01,5.643088730342386145e-02,-4.482509272463940098e-02,-9.470709745319011441e-01,1.473762377354249616e-03,-3.982130262603597625e-06,-1.735420049922569872e-03,8.715244055352462660e-03,2.635925133202855417e-02,8.914108490559355738e-03,1.000000000000000000e+00
3.787599999999999767e+01,-8.278718224125518610e-01,2.350054241700751390e-01,3.263247914834250807e+00,3.129912771528340354e-01,5.701430540888132587e-02,-4.481539929299845765e-02,-9.469833205453994651e-01,7.859960892894493839e-04,4.164469487468278313e-07,-1.746774285461034351e-03,5.632248319739334257e-03,2.131745587031884381e-02,4.174442076631859275e-03,1.000000000000000000e+00
3.792399999999999949e+01,-8.278524800593366484e-01,2.350055122401907282e-01,3.263165058078318470e+00,3.130406813325489201e-01,5.746663112152722297e-02,-4.477359067075920018e-02,-9.469416263512993037e-01,8.343247418902896833e-05,2.777475903030256044e-06,-1.702267240717321873e-03,3.101784176162253846e-03,1.632807571747925401e-02,-6.372867559190922241e-04,1.000000000000000000e+00
3.797200000000000131e+01,-8.278654569181845835e-01,2.350056754757994804e-01,3.263085259567330532e+00,3.129834703872147461e-01,5.780027714408893236e-02,-4.471114190239221936e-02,-9.469431815141953201e-01,-5.553885223139015236e-04,3.760957548435645802e-06,-1.625164052714927814e-03,1.205149220600327262e-03,1.189441096255584689e-02,-4.989535221447203260e-03,1.000000000000000000e+00
3.802000000000000313e+01,-8.279062866706399237e-01,2.350058614237642007e-01,3.263009660769444764e+00,3.128345349236737460e-01,5.803487734199984371e-02,-4.463786472015766893e-02,-9.469815034118737040e-01,-1.080524391865921030e-03,3.863964354119889735e-06,-1.530733096680003897e-03,-9.277329196570089807e-05,8.229889813516823999e-03,-8.542873865266068303e-03,1.000000000000000000e+00
3.806799999999999784e+01,-8.279694063731319886e-01,2.350061302867711144e-01,3.262940717990385320e+00,3.126134570120235878e-01,5.816274208795942091e-02,-4.455781571631385607e-02,-9.470504331799821651e-01,-1.507580698091854840e-03,8.802836599263243560e-06,-1.306475744988184941e-03,-2.479839591661313868e-03,1.968720482469928350e-03,-1.120918595087057497e-02,1.000000000000000000e+00
3.811599999999999966e+01,-8.280515602051627955e-01,2.350068044615298279e-01,3.262890732197319288e+00,3.123372794628841431e-01,5.803098493119190210e-02,-4.445994672780148593e-02,-9.471542333657179125e-01,-1.867199252325814048e-03,1.853494252273970124e-05,-7.771476418013195057e-04,-7.551832896518908232e-03,-1.104652438054610011e-02,-1.294722611014894643e-02,1.000000000000000000e+00
3.816400000000000148e+01,-8.281470869310491034e-01,2.350079158700114079e-01,3.262871728928530501e+00,3.120293536426157477e-01,5.752510087732545102e-02,-4.434656093611291650e-02,-9.472918915347920965e-01,-2.059975185866550363e-03,2.649669810844114350e-05,-5.566748348823262536e-05,-1.300921113447288738e-02,-2.645383536188946477e-02,-1.331443364529170253e-02,1.000000000000000000e+00
3.821200000000000330e+01,-8.282451045193858219e-01,2.350092837722165540e-01,3.262888674400142630e+00,3.117258647338379540e-01,5.665423464276025250e-02,-4.423603228947809579e-02,-9.474494479391856183e-01,-1.977793320766848238e-03,2.915472476003827887e-05,6.869606065863215595e-04,-1.673014648004006108e-02,-3.941062254317474756e-02,-1.184118269961420382e-02,1.000000000000000000e+00
3.825999999999999801e+01,-8.283303349648232228e-01,2.350105830748937530e-01,3.262937346072481315e+00,3.114734541853241834e-01,5.555022193321979690e-02,-4.415518999683374496e-02,-9.476015931695006556e-01,-1.549355278650049739e-03,2.397974276835025263e-05,1.246901090289717672e-03,-1.699508357847786394e-02,-4.530755691596553142e-02,-8.309436418912694369e-03,1.000000000000000000e+00
3.830799999999999983e+01,-8.283858539559796341e-01,2.350114062894593514e-01,3.263003736035669178e+00,3.113212113182011742e-01,5.444788428231994715e-02,-4.413131027791788313e-02,-9.477167080587431958e-01,-7.761754102786228579e-04,1.008403310793038889e-05,1.427449411973558905e-03,-1.279800261971987194e-02,-4.066552596572152456e-02,-2.946088604083192241e-03,1.000000000000000000e+00
3.835600000000000165e+01,-8.283971782608806622e-01,2.350113663412710940e-01,3.263065683086206370e+00,3.113088854585819298e-01,5.364108753698192122e-02,-4.418375019256797626e-02,-9.477643207999055797e-01,2.478087779666772678e-04,-1.087993454857593515e-05,1.089423448977393846e-03,-4.156800480548008929e-03,-2.411032378766326742e-02,3.493103239114168142e-03,1.000000000000000000e+00
3.840400000000000347e+01,-8.283567004637414355e-01,2.350102307379748900e-01,3.263096933331332661e+00,3.114539076040314658e-01,5.341716048534268096e-02,-4.431649478333070380e-02,-9.477231234353111766e-01,1.340200886037724685e-03,-3.439665192826815856e-05,1.997440958238388986e-04,7.721530853099643765e-03,2.893736780293989629e-03,9.775716496105599576e-03,1.000000000000000000e+00
3.845199999999999818e+01,-8.282700354997875047e-01,2.350084497109157233e-01,3.263081732555932923e+00,3.117357026797986652e-01,5.385009002835781933e-02,-4.449743798935835298e-02,-9.475974870645520465e-01,2.118183654960970053e-03,-3.556389979709068263e-05,-6.923822717972555590e-04,1.490427925866407224e-02,2.363876354280873907e-02,1.411189923160028475e-02,1.000000000000000000e+00
3.850000000000000000e+01,-8.281596822545653769e-01,2.350069969520615920e-01,3.263032980396476379e+00,3.120888024926946058e-01,5.459968526126515731e-02,-4.465841568955759150e-02,-9.474307782820576840e-01,2.376889072151864863e-03,-2.528537668759397848e-05,-1.245770482959279767e-03,1.554368358701644498e-02,3.119413781452699125e-02,1.543333351142383951e-02,1.000000000000000000e+00
3.854800000000000182e+01,-8.280487212475179382e-01,2.350060675439418767e-01,3.262964245870551228e+00,3.124416880306209454e-01,5.541456416625243492e-02,-4.476841528104952977e-02,-9.472619524989192019e-01,2.199229027717662394e-03,-1.461229876869587444e-05,-1.559241491884807897e-03,1.326276515702557411e-02,3.149211235574408269e-02,1.400548062106076255e-02,1.000000000000000000e+00
3.859600000000000364e+01,-8.279547916453791068e-01,2.350055912397551738e-01,3.262884990662251017e+00,3.127376420971874627e-01,5.616703910294879032e-02,-4.482283239142784842e-02,-9.471173869327440542e-01,1.715652239873931501e-03,-6.399644050733024871e-06,-1.708674162100346687e-03,1.001167024996912208e-02,2.815058956537311308e-02,1.059296474075856025e-02,1.000000000000000000e+00
3.864399999999999835e+01,-8.278890262472005102e-01,2.350054344963842801e-01,3.262801551071782491e+00,3.129403797120899333e-01,5.680180606567498958e-02,-4.482894519579715825e-02,-9.470122698497431823e-01,1.061297789716391347e-03,-1.017679298111113874e-06,-1.750418125074158825e-03,6.779489794122797557e-03,2.331868387725571229e-02,6.067258410984823283e-03,1.000000000000000000e+00
3.869200000000000017e+01,-8.278564736575296790e-01,2.350054733078345559e-01,3.262718000702490517e+00,3.130333971940861271e-01,5.730444148893835965e-02,-4.479823429383487932e-02,-9.469526975677956537e-01,3.535456959823676348e-04,2.054756912404852717e-06,-1.724380457927578419e-03,4.014450228006794137e-03,1.822784680526035733e-02,1.209703158910311899e-03,1.000000000000000000e+00
3.874000000000000199e+01,-8.278572400313098933e-01,2.350056148574710124e-01,3.262636842050730124e+00,3.130164520773924819e-01,5.768228875201697470e-02,-4.474256575896895516e-02,-9.469379901041645731e-01,-3.175898218761374165e-04,3.506493591870864594e-06,-1.657792078595498328e-03,1.870235445418114541e-03,1.353922529935905686e-02,-3.372352331968746664e-03,1.000000000000000000e+00
3.878800000000000381e+01,-8.278878735221922858e-01,2.350057968401984831e-01,3.262559522089102160e+00,3.129010706646017104e-01,5.795298865754863055e-02,-4.467247621710956212e-02,-9.469629036827346136e-01,-8.913002769152191971e-04,3.905936902527264860e-06,-1.568696139613569469e-03,3.473887451158255008e-04,9.562414944409708406e-03,-7.266070083564727528e-03,1.000000000000000000e+00
3.883599999999999852e+01,-8.279428199202832905e-01,2.350059985141728369e-01,3.262487118721860480e+00,3.127059356117792843e-01,5.813274408040174784e-02,-4.459586074237098519e-02,-9.470199528539472444e-01,-1.345235209284577696e-03,5.602336197113125948e-06,-1.433548903206009750e-03,-1.108961703468189838e-03,5.401721677141303052e-03,-1.026365599036325842e-02,1.000000000000000000e+00
3.888400000000000034e+01,-8.280179560350123813e-01,2.350064937451612490e-01,3.262428019218112762e+00,3.124491075557619957e-01,5.812243550614456383e-02,-4.450582214593618718e-02,-9.471095868343624158e-01,-1.740577125765763568e-03,1.472534295808048046e-05,-1.013900039852480995e-03,-5.403301269925241124e-03,-5.428012787239294874e-03,-1.240389697664064615e-02,1.000000000000000000e+00
3.893200000000000216e+01,-8.281092706701730366e-01,2.350074469837708513e-01,3.262395909529248961e+00,3.121499823095948423e-01,5.776824732908506649e-02,-4.439701518674436798e-02,-9.472349883672760429e-01,-2.011933573218869977e-03,2.385460413060503119e-05,-3.497147852168067160e-04,-1.097765557014396612e-02,-2.046971549160499226e-02,-1.336712982555553209e-02,1.000000000000000000e+00
3.898000000000000398e+01,-8.282079351060906980e-01,2.350087469212663871e-01,3.262398813954697108e+00,3.118396638759711181e-01,5.703053115592108396e-02,-4.428247605233990442e-02,-9.473872517954150529e-01,-2.048404162211013482e-03,2.894350722121180630e-05,4.078584602375511783e-04,-1.560850400213613376e-02,-3.496093750310916987e-02,-1.265662744815012827e-02,1.000000000000000000e+00
3.902799999999999869e+01,-8.283001550756268205e-01,2.350101189833440629e-01,3.262436267268093548e+00,3.115613970823792878e-01,5.599440366226390853e-02,-4.418665325416963607e-02,-9.475450713716891959e-01,-1.759455218071203503e-03,2.703880003824278816e-05,1.063895635319208732e-03,-1.738756854904333765e-02,-4.410917212621504740e-02,-9.928159365048936161e-03,1.000000000000000000e+00
3.907600000000000051e+01,-8.283692165036885546e-01,2.350111779714501858e-01,3.262498015551599906e+00,3.113645624857689920e-01,5.485840161357777994e-02,-4.413764282147476792e-02,-9.476784968999846237e-01,-1.114772686726951765e-03,1.650130817670551566e-05,1.413264598476828438e-03,-1.499021754318740664e-02,-4.387589968115532951e-02,-5.218471267912978828e-03,1.000000000000000000e+00
3.912400000000000233e+01,-8.283991493797880912e-01,2.350115138776895374e-01,3.262564723746953277e+00,3.112941006356719775e-01,5.390014196131858587e-02,-4.415886506616234497e-02,-9.477556395200438244e-01,-1.713300807973308225e-04,-2.094799271007766703e-06,1.288152601077529637e-03,-8.004638135860143999e-03,-3.195869355905635312e-02,9.246343512370016390e-04,1.000000000000000000e+00
3.917200000000000415e+01,-8.283791646549565346e-01,2.350108175104926589e-01,3.262611105968158842e+00,3.113776327293464319e-01,5.341833740073566317e-02,-4.426105022943323947e-02,-9.477507111565773856e-01,9.208420429629225572e-04,-2.531945453478411876e-05,6.090707682770643300e-04,2.831161797041514393e-03,-8.656051596212535615e-03,7.438896957397158477e-03,1.000000000000000000e+00
3.921999999999999886e+01,-8.283084696173308448e-01,2.350091436622197272e-01,3.262613605379682813e+00,3.116120416457575093e-01,5.362299182948808418e-02,-4.443149519120891122e-02,-9.476541312544843887e-01,1.878270298576508813e-03,-3.781395381559327865e-05,-3.911071635406082147e-04,1.316044893276415925e-02,1.754352592591321147e-02,1.276561127647768412e-02,1.000000000000000000e+00
3.926800000000000068e+01,-8.282043862164463199e-01,2.350075111602475952e-01,3.262576072578935893e+00,3.119462767786804203e-01,5.428811154346372542e-02,-4.460611395268809787e-02,-9.474980822919925050e-01,2.334331793349266743e-03,-2.964869893339413357e-05,-1.063172570232488430e-03,1.579465642744998927e-02,2.937659008518873904e-02,1.527764996018434254e-02,1.000000000000000000e+00
3.931600000000000250e+01,-8.280912097872676902e-01,2.350063779172650025e-01,3.262513809537271658e+00,3.123070601466966800e-01,5.509816420207069160e-02,-4.473758154436065920e-02,-9.473262591534405974e-01,2.312717421187110954e-03,-1.856372880852469808e-05,-1.460083169027459821e-03,1.434857806796500761e-02,3.196984712255493410e-02,1.484706860921810104e-02,1.000000000000000000e+00
3.936400000000000432e+01,-8.279889452100920311e-01,2.350057395621263368e-01,3.262437758512750641e+00,3.126307197670395999e-01,5.588471598926393613e-02,-4.481323982282600649e-02,-9.471698396345422655e-01,1.931926380730612444e-03,-9.257245177453830878e-06,-1.665781677008517465e-03,1.131686582605184385e-02,2.972614641539211150e-02,1.210459719744728067e-02,1.000000000000000000e+00
3.941199999999999903e+01,-8.279112745007159990e-01,2.350054742547060815e-01,3.262355364668195090e+00,3.128728275868696840e-01,5.656886725660840304e-02,-4.483694063200494712e-02,-9.470481538812393074e-01,1.328866904057271047e-03,-2.804936771979400594e-06,-1.743959763387263346e-03,8.001010075710527497e-03,2.528774257461316802e-02,7.912051807399568884e-03,1.000000000000000000e+00
3.946000000000000085e+01,-8.278655101689407214e-01,2.350054496955140959e-01,3.262271492164944942e+00,3.130094785648069866e-01,5.712307524038614387e-02,-4.481914390366222023e-02,-9.469705723745652781e-01,6.295695620078082004e-04,1.086797991532959413e-06,-1.740502181223518505e-03,5.023182090052420549e-03,2.019353544680344004e-02,3.100786487246575893e-03,1.000000000000000000e+00
3.950800000000000267e+01,-8.278535267841536927e-01,2.350055601678543160e-01,3.262189185786681378e+00,3.130345986929015112e-01,5.754789847265910641e-02,-4.477185709993023593e-02,-9.469387837734697388e-01,-6.471695569052100545e-05,3.093932828782820021e-06,-1.687143021886206495e-03,2.630541142970994114e-03,1.529537058464073250e-02,-1.648836865110922881e-03,1.000000000000000000e+00
3.955599999999999739e+01,-8.278730931664264325e-01,2.350057322230263146e-01,3.262110253314061570e+00,3.129556715070960782e-01,5.785797590839018151e-02,-4.470625386123103923e-02,-9.469490763293564317e-01,-6.819089034244472892e-04,3.848283846728324795e-06,-1.605133696620166623e-03,8.711862001871465127e-04,1.101987888830165650e-02,-5.848310227511684632e-03,1.000000000000000000e+00
3.960399999999999920e+01,-8.279192586734506198e-01,2.350059183537805130e-01,3.262035685431865506e+00,3.127891956856949096e-01,5.807369169418798160e-02,-4.463171159647891933e-02,-9.469943905405527884e-01,-1.177972536590164883e-03,3.811620836329372410e-06,-1.508277101157108439e-03,-3.068681805585295706e-04,7.532065799704894433e-03,-9.198170202938813628e-03,1.000000000000000000e+00
3.965200000000000102e+01,-8.279868154010994186e-01,2.350062546339954372e-01,3.261969622226374987e+00,3.125545398847907053e-01,5.816043935960052425e-02,-4.454867693850433907e-02,-9.470704505336092760e-01,-1.595409695265522778e-03,1.087866326226150751e-05,-1.213163164929571478e-03,-3.444415115748243172e-03,-4.475272017111555636e-04,-1.168402052686214922e-02,1.000000000000000000e+00
3.970000000000000284e+01,-8.280725799019580391e-01,2.350070319700181820e-01,3.261925638881561618e+00,3.122689239760781943e-01,5.795201559969073019e-02,-4.444650825596856147e-02,-9.471822374340682638e-01,-1.928092759255301165e-03,2.058819469007005184e-05,-6.293662815728005757e-04,-8.798263075341969386e-03,-1.439802750460718317e-02,-1.316496041144284146e-02,1.000000000000000000e+00
3.974799999999999756e+01,-8.281697808611806488e-01,2.350082217355021208e-01,3.261914434606644431e+00,3.119583838228520700e-01,5.736057587687810183e-02,-4.433174392798943514e-02,-9.473259352398253341e-01,-2.069124889212686433e-03,2.765821482521687902e-05,1.132517824703867194e-04,-1.404739053260200057e-02,-2.968967639954530127e-02,-1.316298402255872482e-02,1.000000000000000000e+00
3.979599999999999937e+01,-8.282664235894172666e-01,2.350096073085114201e-01,3.261939098298404449e+00,3.116618362815619103e-01,5.642286022809999552e-02,-4.422527852824452432e-02,-9.474848206638373238e-01,-1.914861730336460703e-03,2.876783351979219966e-05,8.338408202960966454e-04,-1.713717461818410268e-02,-4.146851660486175484e-02,-1.124243244794479249e-02,1.000000000000000000e+00
3.984400000000000119e+01,-8.283465693133060803e-01,2.350108387419069522e-01,3.261993235219103671e+00,3.114273252170144390e-01,5.529589740343087562e-02,-4.415475721706737383e-02,-9.476316490354396160e-01,-1.407336702883470094e-03,2.167096975380377284e-05,1.326152177735260467e-03,-1.647572738085653285e-02,-4.528855477180741135e-02,-7.269801707894619006e-03,1.000000000000000000e+00
3.989200000000000301e+01,-8.283934456641082189e-01,2.350115024890858939e-01,3.262060814984140578e+00,3.113029993979977150e-01,5.423217163095373633e-02,-4.414643220925216355e-02,-9.477343544734436742e-01,-5.674502484841995216e-04,5.968807562487049490e-06,1.401613594902590418e-03,-1.125851907559908584e-02,-3.805295986190706387e-02,-1.585523571709081259e-03,1.000000000000000000e+00
3.993999999999999773e+01,-8.283937080616989856e-01,2.350112333703141820e-01,3.262118342304154872e+00,3.113248065445264334e-01,5.353040047527869716e-02,-4.421685580029086071e-02,-9.477638053429268128e-01,4.901436239963349222e-04,-1.604761484539409802e-05,9.405350205933956341e-04,-1.758328395433851003e-03,-1.896314113825440378e-02,4.940044384368185923e-03,1.000000000000000000e+00
3.998799999999999955e+01,-8.283418542843321575e-01,2.350098636625271298e-01,3.262139606123305224e+00,3.115035742660238749e-01,5.346338681806216131e-02,-4.436544206362875997e-02,-9.477019030475420935e-01,1.556806288133826249e-03,-3.727445849594841792e-05,-3.121162306452018084e-05,1.013467425049446001e-02,8.986190782960064641e-03,1.097037427648221188e-02,1.000000000000000000e+00
4.003600000000000136e+01,-8.282478023277620727e-01,2.350081061631763557e-01,3.262115652458952741e+00,3.118075372585983884e-01,5.399624522862168235e-02,-4.454682896553364274e-02,-9.475632143762517945e-01,2.218571682078935344e-03,-3.367171054914215150e-05,-8.386056230578286088e-04,1.544650561870080686e-02,2.617950229409762158e-02,1.466850159963492377e-02,1.000000000000000000e+00
4.008400000000000318e+01,-8.281354575098680559e-01,2.350067653501156373e-01,3.262061525591834155e+00,3.121664909146985578e-01,5.477650481485913520e-02,-4.469806632661842138e-02,-9.473931070769581186e-01,2.371812151476886208e-03,-2.282883178177027721e-05,-1.331913507675807100e-03,1.520782064834646889e-02,3.173218673133783307e-02,1.533771076280215744e-02,1.000000000000000000e+00
4.013199999999999790e+01,-8.280269151637564828e-01,2.350059450109300563e-01,3.261989804854040997e+00,3.125111668328452441e-01,5.558562116453459601e-02,-4.479569122383061930e-02,-9.472277209690951327e-01,2.115062888898185112e-03,-1.256867989964486362e-05,-1.603662946869529671e-03,1.258856107308836507e-02,3.098357287540931190e-02,1.339982291384446758e-02,1.000000000000000000e+00
4.017999999999999972e+01,-8.279384138692525985e-01,2.350055504229807690e-01,3.261909187308496882e+00,3.127891289947302145e-01,5.631532976556272857e-02,-4.483865222087822511e-02,-9.470908296901250356e-01,1.582641695184787639e-03,-4.989024103251434832e-06,-1.725291543328102885e-03,9.280281847683839389e-03,2.716905707444666751e-02,9.668276111074283405e-03,1.000000000000000000e+00
4.022800000000000153e+01,-8.278796819132564488e-01,2.350054462382064613e-01,3.261825445631108433e+00,3.129686234937261169e-01,5.692146194771564860e-02,-4.483563943790487560e-02,-9.469954346850736338e-01,9.071977395488709222e-04,-1.690481968578032514e-07,-1.749245848957538350e-03,6.124944534170138032e-03,2.219812233836603727e-02,5.006852178068802763e-03,1.000000000000000000e+00
4.027600000000000335e+01,-8.278545715203017297e-01,2.350055144766736992e-01,3.261742256547857099e+00,3.130370713611375644e-01,5.739568164387732346e-02,-4.479845327944868144e-02,-9.469459468554928261e-01,2.006143220525115854e-04,2.492037465778581127e-06,-1.712337790224135884e-03,3.489611555858953586e-03,1.715297068423526916e-02,1.632402088300100224e-04,1.000000000000000000e+00
4.032399999999999807e+01,-8.278622868413093583e-01,2.350056694521440448e-01,3.261661852952415064e+00,3.129972093209437700e-01,5.774837593189902779e-02,-4.473876711260580535e-02,-9.469405022237527003e-01,-4.535253035757753903e-04,3.671259740587139916e-06,-1.639508997425830755e-03,1.484921083654994547e-03,1.260234613877731294e-02,-4.297569984003071081e-03,1.000000000000000000e+00
4.037199999999999989e+01,-8.278987792416226954e-01,2.350058545294093637e-01,3.261585503793354324e+00,3.128625424585987358e-01,5.799842056889920744e-02,-4.466671908887358267e-02,-9.469731236649168160e-01,-1.000577400996840007e-03,3.897650194554321581e-06,-1.547194113443862810e-03,9.003513590703448818e-05,8.799426358541400511e-03,-8.004333770964815187e-03,1.000000000000000000e+00
4.042000000000000171e+01,-8.279583963331337282e-01,2.350060864583427556e-01,3.261514842926349633e+00,3.126524526247331237e-01,5.815188467780061515e-02,-4.458841799364505337e-02,-9.470367865911981653e-01,-1.437779188962550608e-03,7.310477861092168814e-06,-1.367879490297142092e-03,-1.820170268247570285e-03,3.617111984031851340e-03,-1.081392984913005437e-02,1.000000000000000000e+00
4.046800000000000352e+01,-8.280375864846872824e-01,2.350066816428151573e-01,3.261460640286338641e+00,3.123842841441131779e-01,5.807584054409146990e-02,-4.449397650436543589e-02,-9.471343842452855100e-01,-1.814968852605195349e-03,1.689999874057863114e-05,-8.844702897369668883e-04,-6.597854850408920585e-03,-8.527682411416877967e-03,-1.273641359352553105e-02,1.000000000000000000e+00
4.051599999999999824e+01,-8.281314801148950133e-01,2.350077273504218855e-01,3.261435802136830375e+00,3.120794940751135949e-01,5.763653305896546813e-02,-4.438226730996459174e-02,-9.472669284753856278e-01,-2.044314497155263772e-03,2.544560393018748356e-05,-1.848664749409586875e-04,-1.214827182387888393e-02,-2.386867746584519362e-02,-1.337409823235367196e-02,1.000000000000000000e+00
4.056400000000000006e+01,-8.282300831121963691e-01,2.350090720409025724e-01,3.261446679117771641e+00,3.117720747925972202e-01,5.682170963155968452e-02,-4.426947076381701485e-02,-9.474226515406721782e-01,-2.015628708497500896e-03,2.922103836587317533e-05,5.682549096356956765e-04,-1.630258990054931842e-02,-3.758906447624112829e-02,-1.223996237314955819e-02,1.000000000000000000e+00
4.061200000000000188e+01,-8.283187173999412289e-01,2.350104115436028873e-01,3.261490711230970785e+00,3.115073269974497072e-01,5.574306213676003680e-02,-4.418152587017942778e-02,-9.475779065714358129e-01,-1.648451911152479851e-03,2.549936429919350082e-05,1.174217196276320903e-03,-1.725264082729091250e-02,-4.498222546096799362e-02,-9.056719272533928985e-03,1.000000000000000000e+00
4.066000000000000369e+01,-8.283804724435118727e-01,2.350113461248273250e-01,3.261555509325474667e+00,3.113346944067351685e-01,5.462030955307815155e-02,-4.414622998560211592e-02,-9.477016620334954844e-01,-9.299182159945614933e-04,1.304531226807648823e-05,1.431653348010519019e-03,-1.384657170691066912e-02,-4.230475619410208749e-02,-3.966041399555473787e-03,1.000000000000000000e+00
4.070799999999999841e+01,-8.284001257115084504e-01,2.350114759550729626e-01,3.261620076824326642e+00,3.112964585459396250e-01,5.374143100944672735e-02,-4.418486899868437345e-02,-9.477626658828584016e-01,6.221229117252778662e-05,-6.969875031928410494e-06,1.187867984928776561e-03,-5.910298109102738590e-03,-2.776056531852583859e-02,2.366748324898572137e-03,1.000000000000000000e+00
4.075600000000000023e+01,-8.283686018249666327e-01,2.350105323761065013e-01,3.261658470204371607e+00,3.114147387251596788e-01,5.340022553773370734e-02,-4.430448263181608476e-02,-9.477375107254051301e-01,1.159207833086293949e-03,-3.049171438671234973e-05,3.887699988756345131e-04,5.553736891517099816e-03,-2.297609189224466327e-03,8.780248862125942730e-03,1.000000000000000000e+00
4.080400000000000205e+01,-8.282884776899430701e-01,2.350087706140696064e-01,3.261650759236178754e+00,3.116770647165216790e-01,5.374083780984947878e-02,-4.448243788843887769e-02,-9.476236818488077418e-01,2.023630217466729740e-03,-3.679678943186584988e-05,-5.666491116207369744e-04,1.427857951894505317e-02,2.124313084832415641e-02,1.358265999743946129e-02,1.000000000000000000e+00
4.085200000000000387e+01,-8.281803932374548483e-01,2.350072338268757166e-01,3.261606670023087684e+00,3.120233818671397374e-01,5.445873742380939048e-02,-4.465008646464870695e-02,-9.474608302537351756e-01,2.367432968015146383e-03,-2.723039138077455897e-05,-1.170236677544848197e-03,1.571788497290876538e-02,3.055341691746826793e-02,1.542269878531848416e-02,1.000000000000000000e+00
4.089999999999999858e+01,-8.280680831318620871e-01,2.350062156224152488e-01,3.261540595627923533e+00,3.123809499580031401e-01,5.527430589158568303e-02,-4.476962752841772558e-02,-9.472901211680119227e-01,2.255642690641439414e-03,-1.630776410296964644e-05,-1.518809652883008161e-03,1.376207140526195319e-02,3.178336283212605112e-02,1.441738466343875716e-02,1.000000000000000000e+00
4.094800000000000040e+01,-8.279702516392251077e-01,2.350056705739338170e-01,3.261462629853961737e+00,3.126898638555881127e-01,5.604302392105065672e-02,-4.483322736409559722e-02,-9.471400161728356082e-01,1.814378771924282478e-03,-7.600217619830453287e-06,-1.691784039390767120e-03,1.058604161578877677e-02,2.887833114032627851e-02,1.128097190005029025e-02,1.000000000000000000e+00
4.099600000000000222e+01,-8.278991448946040332e-01,2.350054686373961865e-01,3.261379579144462415e+00,3.129102657584716396e-01,5.669988277126210285e-02,-4.484682463949533904e-02,-9.470274817535356826e-01,1.180051788024363314e-03,-1.754737314421376815e-06,-1.748685973895743387e-03,7.307324122080999414e-03,2.419274310331920655e-02,6.884985812384074658e-03,1.000000000000000000e+00
4.104400000000000404e+01,-8.278607834153964840e-01,2.350054816079170106e-01,3.261295850412718078e+00,3.130224693110375545e-01,5.722509902492035894e-02,-4.482153479122843315e-02,-9.469600053682143415e-01,4.740617702335101239e-04,1.665552561496051036e-06,-1.731979137245762091e-03,4.445344217440860835e-03,1.908590394202160437e-02,2.034628196192071834e-03,1.000000000000000000e+00
4.109199999999999875e+01,-8.278560217579314928e-01,2.350056109424651096e-01,3.261214173749916512e+00,3.130237623771432443e-01,5.762327868886082949e-02,-4.476932375316380885e-02,-9.469379016551662254e-01,-2.085896643886226407e-04,3.350474801120315428e-06,-1.670804799812707726e-03,2.191830204825305668e-03,1.429816289538800127e-02,-2.630150224756606057e-03,1.000000000000000000e+00
4.114000000000000057e+01,-8.278819160652131082e-01,2.350057895607129688e-01,3.261136146992377416e+00,3.129239882476486656e-01,5.791088765954995055e-02,-4.470102179353703520e-02,-9.469565593628267441e-01,-8.021842343754383847e-04,3.898068996134107949e-06,-1.584558613365734522e-03,5.665006954162036265e-04,1.018761159093376119e-02,-6.663486181924918421e-03,1.000000000000000000e+00
4.118800000000000239e+01,-8.279331204619397866e-01,2.350059799280525830e-01,3.261062708856123926e+00,3.127410054966013320e-01,5.810752767723642576e-02,-4.462537514524601151e-02,-9.470085293181682573e-01,-1.272704547314195854e-03,4.557062485548148192e-06,-1.472617132711834210e-03,-6.787205467621798636e-04,6.508180293794514452e-03,-9.813393389145604745e-03,1.000000000000000000e+00
4.123600000000000421e+01,-8.280050085082976130e-01,2.350064019373248603e-01,3.261000300424868215e+00,3.124935176991300856e-01,5.814310586160299776e-02,-4.453857469267273606e-02,-9.470921264592664368e-01,-1.679297130893728533e-03,1.303804284140845476e-05,-1.105723862282955404e-03,-4.514965800740624105e-03,-3.154116577708051747e-03,-1.211128653052915768e-02,1.000000000000000000e+00
4.128399999999999892e+01,-8.280940582235908343e-01,2.350072802188994947e-01,3.260962838615955040e+00,3.121997095796941735e-01,5.785385910576871377e-02,-4.443246202302384568e-02,-9.472117126828071276e-01,-1.979669824248275409e-03,2.250213866701120864e-05,-4.740100495237956242e-04,-1.003546929250579908e-02,-1.780765852274929922e-02,-1.331101765508506049e-02,1.000000000000000000e+00
4.133200000000000074e+01,-8.281923471253965774e-01,2.350085373037867631e-01,3.260959569285254211e+00,3.118884451189237184e-01,5.717891915246769985e-02,-4.431737456867990144e-02,-9.473606173560279453e-01,-2.063810437843203224e-03,2.851934756318273519e-05,2.806816144009568873e-04,-1.497481244585090188e-02,-3.274227566559887587e-02,-1.291827381457110596e-02,1.000000000000000000e+00
4.138000000000000256e+01,-8.282868344999000376e-01,2.350099230071579781e-01,3.260991614291695040e+00,3.116011768256254366e-01,5.618235844809649215e-02,-4.421634819329041399e-02,-9.475194793525584247e-01,-1.834651107091806203e-03,2.797073024726604950e-05,9.689893847204644316e-04,-1.735564323784432456e-02,-4.312412511063519471e-02,-1.054420379406900525e-02,1.000000000000000000e+00
4.142800000000000438e+01,-8.283610780626351477e-01,2.350110659403603364e-01,3.261050403496513983e+00,3.113868969098549377e-01,5.504511300544036312e-02,-4.415743857754468593e-02,-9.476594095904598003e-01,-1.249190403982000045e-03,1.893356106360070325e-05,1.384401945991383482e-03,-1.572978463519528539e-02,-4.471727111042220204e-02,-6.148182466776616791e-03,1.000000000000000000e+00
4.147599999999999909e+01,-8.283986705484652768e-01,2.350115520798709556e-01,3.261117996374492733e+00,3.112922011264760425e-01,5.403484001634495382e-02,-4.416546264752421735e-02,-9.477482859342827304e-01,-3.484186015731580654e-04,1.541148981552621092e-06,1.349019113356443936e-03,-9.508326901784911606e-03,-3.485379980897421875e-02,-1.867201553540591809e-04,1.000000000000000000e+00
4.152400000000000091e+01,-8.283876215676504451e-01,2.350110449666772405e-01,3.261169793751084622e+00,3.113486030408338379e-01,5.345164769091713397e-02,-4.425382424882619292e-02,-9.477587075743496570e-01,7.328220093122839607e-04,-2.127153387330466157e-05,7.649131915600909095e-04,7.757215746874603210e-04,-1.334149165398290822e-02,6.359675376924773041e-03,1.000000000000000000e+00
4.157200000000000273e+01,-8.283248920190751097e-01,2.350094817379367595e-01,3.261180555216021570e+00,3.115594932289078023e-01,5.354054136386151436e-02,-4.441592155658213859e-02,-9.476768006666046462e-01,1.747800256229156040e-03,-3.808916701393730801e-05,-2.408620458134803411e-04,1.201837567913428828e-02,1.413775014458419806e-02,1.203393301095447010e-02,1.000000000000000000e+00
4.161999999999999744e+01,-8.282247124950454786e-01,2.350077840547983299e-01,3.261148675546582165e+00,3.118819346082451482e-01,5.415447464261816807e-02,-4.459454199365474325e-02,-9.475274553096486585e-01,2.293354365577293750e-03,-3.149758756082334606e-05,-9.700367924868777371e-04,1.573018243589393086e-02,2.817242308010710003e-02,1.507009820332127353e-02,1.000000000000000000e+00
4.166799999999999926e+01,-8.281114877381693384e-01,2.350065589562629620e-01,3.261089770104653507e+00,3.122432320155939522e-01,5.495509778825133362e-02,-4.473496496825902363e-02,-9.473557326563387671e-01,2.346096926717844162e-03,-2.041192034484990637e-05,-1.407505375952658629e-03,1.476054462561763973e-02,3.197091956862798540e-02,1.510984113408035158e-02,1.000000000000000000e+00
4.171600000000000108e+01,-8.280061838523600226e-01,2.350058428312547520e-01,3.261015479847647391e+00,3.125770428412220081e-01,5.575328908411608664e-02,-4.482018559172425837e-02,-9.471949714860523617e-01,2.016923005160784453e-03,-1.065710815123245085e-05,-1.640844091579913384e-03,1.188188079218438845e-02,3.032699153738990794e-02,1.270286691025881640e-02,1.000000000000000000e+00
4.176400000000000290e+01,-8.279236078516415409e-01,2.350055233865032955e-01,3.260933780887900202e+00,3.128353887324626936e-01,5.645807267847990918e-02,-4.485211802389028196e-02,-9.470664142998690416e-01,1.442238054151257247e-03,-3.711379608762656910e-06,-1.737107663263272100e-03,8.555974470836566828e-03,2.612943706049231443e-02,8.695401198385441927e-03,1.000000000000000000e+00
4.181199999999999761e+01,-8.278721141545369866e-01,2.350054661027945468e-01,3.260849920363425802e+00,3.129909712681497314e-01,5.703510510073647038e-02,-4.484055553533328187e-02,-9.469809783042373308e-01,7.512825560751517804e-04,5.764192107966185146e-07,-1.744991933496692696e-03,5.494936514566195820e-03,2.107099682124605883e-02,3.935663082559062720e-03,1.000000000000000000e+00
4.185999999999999943e+01,-8.278544180335020153e-01,2.350055596831043814e-01,3.260767208143160012e+00,3.130349484572086394e-01,5.748134055134405257e-02,-4.479746648405370096e-02,-9.469414995285730940e-01,5.007329045069461651e-05,2.858776317137840226e-06,-1.698386517991397901e-03,2.994751451733340328e-03,1.609904543398769580e-02,-8.655112998184911208e-04,1.000000000000000000e+00
4.190800000000000125e+01,-8.278688895245168711e-01,2.350057253878440611e-01,3.260687629616634720e+00,3.129728146015362533e-01,5.780972942296183636e-02,-4.473426445473852042e-02,-9.469450343542272774e-01,-5.842772048719674979e-04,3.790597866295300100e-06,-1.620098602978590823e-03,1.128799141051585984e-03,1.169904992449696118e-02,-5.186062800058375416e-03,1.000000000000000000e+00
4.195600000000000307e+01,-8.279109477575318232e-01,2.350059118368102162e-01,3.260612291175569943e+00,3.128198407653113300e-01,5.804009846731664896e-02,-4.466066596326617039e-02,-9.469849624514561359e-01,-1.103145906441787335e-03,3.860356292681662233e-06,-1.525077533688174065e-03,-1.418611514646347959e-04,8.073613241477199665e-03,-8.695496534687520429e-03,1.000000000000000000e+00
4.200399999999999778e+01,-8.279750807355799047e-01,2.350061939833112401e-01,3.260543951993719602e+00,3.125956179766911647e-01,5.815981568602226343e-02,-4.458003024235199230e-02,-9.470554558022079572e-01,-1.527848973549463972e-03,9.266613534327913242e-06,-1.286301058818262654e-03,-2.683552560365927344e-03,1.460635090319761711e-03,-1.132195409637542192e-02,1.000000000000000000e+00
4.205199999999999960e+01,-8.280580887191214545e-01,2.350068920937893324e-01,3.260495293073081502e+00,3.123171546224418060e-01,5.801138891035207551e-02,-4.448116534976835623e-02,-9.471610737431932492e-01,-1.882096063484573270e-03,1.902559679941346170e-05,-7.440561551202759917e-04,-7.831216990917252985e-03,-1.178951469949332878e-02,-1.300539394383775846e-02,1.000000000000000000e+00
4.210000000000000142e+01,-8.281540678864786065e-01,2.350080231522083951e-01,3.260478061832817964e+00,3.120083843723499006e-01,5.748615297470556496e-02,-4.436735932823167305e-02,-9.473001888122700720e-01,-2.063915151682062677e-03,2.681036548106876852e-05,-1.681766388221613993e-05,-1.325338678460533451e-02,-2.719820997979965210e-02,-1.329255651158858104e-02,1.000000000000000000e+00
4.214800000000000324e+01,-8.282518791569090100e-01,2.350093979638535058e-01,3.260496815256845871e+00,3.117061277120335427e-01,5.659944249524016813e-02,-4.425759037795014283e-02,-9.474582095005209537e-01,-1.965947952862842456e-03,2.913442773161248106e-05,7.220543506840606434e-04,-1.684206460874043687e-02,-3.991661120944577784e-02,-1.171998606664808977e-02,1.000000000000000000e+00
4.219599999999999795e+01,-8.283360780365238707e-01,2.350106852600064855e-01,3.260546845779485281e+00,3.114573960724961177e-01,5.548886223281685598e-02,-4.417891391611018792e-02,-9.476093605305094814e-01,-1.519687217656212749e-03,2.352659416794035808e-05,1.267941842463868925e-03,-1.690446335036240727e-02,-4.536665102165083480e-02,-8.087605606552479565e-03,1.000000000000000000e+00
4.224399999999999977e+01,-8.283897488623137573e-01,2.350114753337385065e-01,3.260613680972065609e+00,3.113111451024260790e-01,5.439345339851841404e-02,-4.415842153123986785e-02,-9.477218774357113462e-01,-7.308967942119602799e-04,9.204096126105214436e-06,1.425674460607532406e-03,-1.247805641433157205e-02,-4.014948930285621581e-02,-2.647398859537854546e-03,1.000000000000000000e+00
4.229200000000000159e+01,-8.283986371604803445e-01,2.350113850501661661e-01,3.260674835846396835e+00,3.113063543978920600e-01,5.360854611082695870e-02,-4.421488033685755381e-02,-9.477655416041330660e-01,3.017982626456662152e-04,-1.203704418695607753e-05,1.060173831282109529e-03,-3.637096803953826507e-03,-2.301614811514944917e-02,3.818771093042655929e-03,1.000000000000000000e+00
4.234000000000000341e+01,-8.283555771168016335e-01,2.350101937113776851e-01,3.260704000920192414e+00,3.114590585875051110e-01,5.341910841963629780e-02,-4.435133985147829416e-02,-9.477196908014606791e-01,1.391116350284357693e-03,-3.530867338698406025e-05,1.477935787969660432e-04,8.307407862946290106e-03,4.329044778451871314e-03,1.005639349251562925e-02,1.000000000000000000e+00
4.238799999999999812e+01,-8.282671222496079677e-01,2.350084120199031346e-01,3.260686834123827982e+00,3.117462275325226795e-01,5.387603433477652914e-02,-4.453273597532824563e-02,-9.475908916669429916e-01,2.143693906056948553e-03,-3.521454122677514692e-05,-7.252676334392951915e-04,1.505290329058309000e-02,2.426018826062788583e-02,1.425511257141873905e-02,1.000000000000000000e+00
4.243599999999999994e+01,-8.281561780835426934e-01,2.350069819472427601e-01,3.260636871645577806e+00,3.121011093033033701e-01,5.463361889988783276e-02,-4.469170035511137867e-02,-9.474231985638308373e-01,2.378682528806203272e-03,-2.476793098915258974e-05,-1.265184773393972489e-03,1.548431799756020549e-02,3.135191175099285438e-02,1.543061620152838889e-02,1.000000000000000000e+00
4.248400000000000176e+01,-8.280456298165157492e-01,2.350060760475152222e-01,3.260567464610462096e+00,3.124525868434124831e-01,5.544796811210479098e-02,-4.479898687068430141e-02,-9.472549575391309151e-01,2.182816691224325790e-03,-1.416437388802806009e-05,-1.569223399927330851e-03,1.312035964061647811e-02,3.140419870509846001e-02,1.388556192777302273e-02,1.000000000000000000e+00
4.253200000000000358e+01,-8.279528161434369649e-01,2.350056179203574569e-01,3.260487905601068270e+00,3.127448490917359436e-01,5.619585089556529411e-02,-4.485083477648616618e-02,-9.471119724343921575e-01,1.687623456431776347e-03,-6.081517139459127164e-06,-1.712316049517618923e-03,9.851995672373924443e-03,2.794849496071559816e-02,1.039715910052815655e-02,1.000000000000000000e+00
4.257999999999999829e+01,-8.278885601792820292e-01,2.350054732162732696e-01,3.260404405128283667e+00,3.129426057011258644e-01,5.682453574447679512e-02,-4.485486879182504216e-02,-9.470089431573938121e-01,1.027827943814239690e-03,-8.198815432494394958e-07,-1.749963849647624822e-03,6.634400342168858718e-03,2.307950958358554600e-02,5.836241162806065329e-03,1.000000000000000000e+00
4.262800000000000011e+01,-8.278576419910310680e-01,2.350055190537800043e-01,3.260320947534142810e+00,3.130302323115092822e-01,5.732101854248881911e-02,-4.482265922619722148e-02,-9.469515846716491936e-01,3.196700777613350032e-04,2.162537813112725998e-06,-1.721391594775414967e-03,3.896946160469374424e-03,1.799467521363332101e-02,9.772863069669414024e-04,1.000000000000000000e+00
4.267600000000000193e+01,-8.278599618239848024e-01,2.350056640990313972e-01,3.260239974268092311e+00,3.130081661257500536e-01,5.769336365868154431e-02,-4.476603917544404870e-02,-9.469389449509857393e-01,-3.482243241978388274e-04,3.553693587527289116e-06,-1.653320235112546409e-03,1.783227923003807575e-03,1.333399466009297166e-02,-3.581460466659791390e-03,1.000000000000000000e+00
4.272400000000000375e+01,-8.278919285552329699e-01,2.350058472625407568e-01,3.260162891749157410e+00,3.128883953616595215e-01,5.795951579339635867e-02,-4.469546138729611762e-02,-9.469656077748439538e-01,-9.164035651568385246e-04,3.914039972523196871e-06,-1.563431493036760832e-03,2.887139985928912234e-04,9.394094024285142008e-03,-7.436296749243529423e-03,1.000000000000000000e+00
4.277199999999999847e+01,-8.279479456561518180e-01,2.350060543888271847e-01,3.260090859482410508e+00,3.126898038779110656e-01,5.813407260661406645e-02,-4.461850137009697181e-02,-9.470241314182280545e-01,-1.366409491576514590e-03,5.959630548071159171e-06,-1.419856141406888959e-03,-1.251241127894432183e-03,5.044485878399514178e-03,-1.039293087987567567e-02,1.000000000000000000e+00
4.282000000000000028e+01,-8.280240261826807835e-01,2.350065719190291003e-01,3.260032815465652600e+00,3.124302813018069447e-01,5.810990655475151145e-02,-4.452748260186372570e-02,-9.471155480610654598e-01,-1.758296374583751724e-03,1.522530536716922981e-05,-9.855790470473997124e-04,-5.663760520116420741e-03,-6.097391790298312651e-03,-1.248753054857065087e-02,1.000000000000000000e+00
4.286800000000000210e+01,-8.281159881781958720e-01,2.350075471870299582e-01,3.260002320634560746e+00,3.121296377389810028e-01,5.773696178336448770e-02,-4.441794466252180912e-02,-9.472426186996212305e-01,-2.020974523789396873e-03,2.425011825571428252e-05,-3.126958060849186361e-04,-1.124381038250752037e-02,-2.123021473719156199e-02,-1.338140310349481346e-02,1.000000000000000000e+00
4.291600000000000392e+01,-8.282147416842186027e-01,2.350088595927830315e-01,3.260007043153233752e+00,3.118196265226012565e-01,5.698160568413196403e-02,-4.430365229828040624e-02,-9.473958008783849305e-01,-2.043468915483611335e-03,2.906532761983283384e-05,4.449896383079584824e-04,-1.577890428191697919e-02,-3.557631990375920150e-02,-1.257856828151359546e-02,1.000000000000000000e+00
4.296399999999999864e+01,-8.283062827817524454e-01,2.350102275250988415e-01,3.260046060547000746e+00,3.115439904874218735e-01,5.593489528647258013e-02,-4.420942213649228791e-02,-9.475532473031909042e-01,-1.737266146894757540e-03,2.676293796843758538e-05,1.091072062105836972e-03,-1.738109818826172673e-02,-4.435721017764941709e-02,-9.748525015098194468e-03,1.000000000000000000e+00
4.301200000000000045e+01,-8.283738315629591842e-01,2.350112618201545267e-01,3.260108640883980335e+00,3.113521919391770698e-01,5.480025039594579178e-02,-4.416332671193338305e-02,-9.476847290660257439e-01,-1.075779836876997620e-03,1.578776455297700932e-05,1.420981296044295178e-03,-1.476214810408749481e-02,-4.359413861391021189e-02,-4.950663531787777988e-03,1.000000000000000000e+00
4.306000000000000227e+01,-8.284015577079546500e-01,2.350115537874827298e-01,3.260175062506406984e+00,3.112886622326151986e-01,5.385790449209763853e-02,-4.418835446391910365e-02,-9.477584524650357611e-01,-1.205725468512882075e-04,-3.155856262163117036e-06,1.269974269993094824e-03,-7.561665771524156594e-03,-3.109221806079245920e-02,1.241093877427893333e-03,1.000000000000000000e+00
4.310800000000000409e+01,-8.283790288222439013e-01,2.350108023489932974e-01,3.260219863408179375e+00,3.113798771013177036e-01,5.340588614457561500e-02,-4.429444768337125610e-02,-9.477491152018583387e-01,9.740563600568687055e-04,-2.649458500407277941e-05,5.639789419960169158e-04,3.423801794207394049e-03,-7.291660573401853931e-03,7.741650541759617296e-03,1.000000000000000000e+00
4.315599999999999881e+01,-8.283061449150490585e-01,2.350091016786752807e-01,3.260220125614311293e+00,3.116207636140694848e-01,5.364191222784735202e-02,-4.446692106688357460e-02,-9.476485307686366433e-01,1.913212808078552929e-03,-3.769262990849495039e-05,-4.302890530467688951e-04,1.344234039103467913e-02,1.842589777110388224e-02,1.296244631262792602e-02,1.000000000000000000e+00
4.320400000000000063e+01,-8.282010386392498758e-01,2.350074871563452017e-01,3.260181127432270287e+00,3.119581070738640660e-01,5.432006594758026496e-02,-4.464021825112303443e-02,-9.474907497072648788e-01,2.344498910724228218e-03,-2.915759180902533770e-05,-1.087125986444958687e-03,1.579724604341936622e-02,2.968061475542780464e-02,1.532745203727288279e-02,1.000000000000000000e+00
4.325200000000000244e+01,-8.280879268212221200e-01,2.350063780773916089e-01,3.260118011899305834e+00,3.123185992135303901e-01,5.513222222705814468e-02,-4.476912786851835330e-02,-9.473189831558835872e-01,2.302519812210104128e-03,-1.807970028489550913e-05,-1.473201084425345125e-03,1.422907475980619493e-02,3.195779491816843482e-02,1.476749400883809599e-02,1.000000000000000000e+00
4.330000000000000426e+01,-8.279865425155451542e-01,2.350057600716394524e-01,3.260041535335952645e+00,3.126393356509470922e-01,5.591539033754174687e-02,-4.484212195999406902e-02,-9.471638184734785249e-01,1.907710075346148552e-03,-8.890772601481629388e-06,-1.671502517629757257e-03,1.115988046761970214e-02,2.955766976531164908e-02,1.193379660754774994e-02,1.000000000000000000e+00
4.334799999999999898e+01,-8.279102563052473940e-01,2.350055089831156463e-01,3.259959001566793191e+00,3.128768728857992953e-01,5.659385209151947260e-02,-4.486355309919672768e-02,-9.470440644035327260e-01,1.297032885892858249e-03,-2.565721884412101044e-06,-1.744827580097219836e-03,7.849099994814385389e-03,2.505760889350878637e-02,7.691606815223609242e-03,1.000000000000000000e+00
4.339600000000000080e+01,-8.278660948917404561e-01,2.350054931398066205e-01,3.259875172725729797e+00,3.130082365916508347e-01,5.714185582555763449e-02,-4.484404901446562008e-02,-9.469686707629696443e-01,5.955965040913325809e-04,1.224461874056989716e-06,-1.738314680772993451e-03,4.895243224282441220e-03,1.995586427290927528e-02,2.867266745347529181e-03,1.000000000000000000e+00
4.344400000000000261e+01,-8.278557035428140143e-01,2.350056082704248817e-01,3.259793022865863144e+00,3.130281076813618557e-01,5.756090568891043813e-02,-4.479562037104112271e-02,-9.469390151077696771e-01,-9.667550461203532194e-05,3.161006867415763923e-06,-1.683125619591606045e-03,2.532600564306170237e-03,1.507895250881216044e-02,-1.867373315318836442e-03,1.000000000000000000e+00
4.349200000000000443e+01,-8.278766878983786492e-01,2.350057822689405884e-01,3.259714312272954828e+00,3.129445099138101205e-01,5.786607817908433898e-02,-4.472937099721386450e-02,-9.469511782986343995e-01,-7.090820072673967387e-04,3.869369905663548834e-06,-1.600098320777357686e-03,8.026135546128184339e-04,1.083787162534762850e-02,-6.033042448683844164e-03,1.000000000000000000e+00
4.353999999999999915e+01,-8.279239995801777052e-01,2.350059690366823328e-01,3.259640006825165859e+00,3.127742703753587095e-01,5.807779911962059061e-02,-4.465456855635911715e-02,-9.469979907833118160e-01,-1.199348628426852260e-03,3.914740534881372350e-06,-1.501174971297810279e-03,-3.719928006370582505e-04,7.344282136931717421e-03,-9.339814215042818724e-03,1.000000000000000000e+00
4.358800000000000097e+01,-8.279925452684653298e-01,2.350063236620703599e-01,3.259574722498306709e+00,3.125366426855573088e-01,5.815403978710550342e-02,-4.457073182255653215e-02,-9.470757121265874767e-01,-1.614835881365536555e-03,1.136281421740409833e-05,-1.189857094946426266e-03,-3.673441793026961753e-03,-1.022463615965838162e-03,-1.178631415119393497e-02,1.000000000000000000e+00
4.363600000000000279e+01,-8.280790934600581465e-01,2.350071243057790804e-01,3.259532174160318263e+00,3.122490085094510870e-01,5.792807515470839441e-02,-4.446763948572810682e-02,-9.471892756109012712e-01,-1.940963610354010148e-03,2.104288019569523278e-05,-5.948517835549874686e-04,-9.073716208407068412e-03,-1.514867705289712693e-02,-1.320784214390323223e-02,1.000000000000000000e+00
4.368399999999999750e+01,-8.281766196365345500e-01,2.350083309949126120e-01,3.259522754781101206e+00,3.119380250283090850e-01,5.731793388999861100e-02,-4.435269466019391843e-02,-9.473342395756635392e-01,-2.069938951976941621e-03,2.789935170705321263e-05,1.513380396162670744e-04,-1.426371294628690951e-02,-3.038440164698476970e-02,-1.312158190715732864e-02,1.000000000000000000e+00
4.373199999999999932e+01,-8.282728892968290735e-01,2.350097193394839745e-01,3.259549128626843206e+00,3.116431966279376020e-01,5.636638863980890368e-02,-4.424729491336844983e-02,-9.474932849999926354e-01,-1.899368781643727411e-03,2.865232409079549695e-05,8.658300098967100207e-04,-1.720433237464900900e-02,-4.187608256029328596e-02,-1.110112007209754920e-02,1.000000000000000000e+00
4.378000000000000114e+01,-8.283518349683548498e-01,2.350109340661268864e-01,3.259604420976002448e+00,3.114128300655004677e-01,5.523586217802338438e-02,-4.417921229767036995e-02,-9.476387740066386511e-01,-1.374434951077389703e-03,2.112172434211915227e-05,1.342091864430349901e-03,-1.633362678954635924e-02,-4.521908364768062460e-02,-7.032728755230470419e-03,1.000000000000000000e+00
4.382800000000000296e+01,-8.283967421557485444e-01,2.350115607023286479e-01,3.259672168187706554e+00,3.112948011084663014e-01,5.418242921007946494e-02,-4.417442006801989424e-02,-9.477385883139881617e-01,-5.204115845160149374e-04,5.022561046161325398e-06,1.393651520883690438e-03,-1.089323611189728543e-02,-3.740657057435055333e-02,-1.282280183460754843e-03,1.000000000000000000e+00
4.387599999999999767e+01,-8.283945427256347305e-01,2.350112395409164612e-01,3.259728608022747220e+00,3.113241500636481640e-01,5.350545146214142483e-02,-4.424880705121691377e-02,-9.477639386078812178e-01,5.435277985809693936e-04,-1.721018460619124760e-05,9.054011438624204712e-04,-1.212863823911300735e-03,-1.777083235898138658e-02,5.255059486170357737e-03,1.000000000000000000e+00
4.392399999999999949e+01,-8.283402371323068669e-01,2.350098214196677526e-01,3.259747636440006424e+00,3.115101612476706139e-01,5.347313564747922798e-02,-4.440062732091448749e-02,-9.476975400922942327e-01,1.601445828785021900e-03,-3.764458062171820629e-05,-7.848318604562111596e-05,1.059840861789719535e-02,1.020987967354790131e-02,1.121762555098780416e-02,1.000000000000000000e+00
4.397200000000000131e+01,-8.282447072769772989e-01,2.350080725155656303e-01,3.259721896405859631e+00,3.118185763107884090e-01,5.402566861856041708e-02,-4.458169504349166617e-02,-9.475562648544306743e-01,2.237680932087730487e-03,-3.324801720974035089e-05,-8.682342019935564929e-04,1.553389398496680084e-02,2.667347360312123661e-02,1.477247349957003068e-02,1.000000000000000000e+00
4.402000000000000313e+01,-8.281320529496642990e-01,2.350067556437943073e-01,3.259666693284080985e+00,3.121784208285052764e-01,5.481146877611659668e-02,-4.473064065819957330e-02,-9.473856164445040307e-01,2.368313728505363602e-03,-2.231363188432259096e-05,-1.348904565368003444e-03,1.512051145848621395e-02,3.181724665895720172e-02,1.530088108448203130e-02,1.000000000000000000e+00
4.406799999999999784e+01,-8.280241373423730122e-01,2.350059579517581321e-01,3.259594398177972696e+00,3.125209949213347826e-01,5.561875667638756932e-02,-4.482552310367211856e-02,-9.472211220816574295e-01,2.094928747719710608e-03,-1.214706518374712852e-05,-1.611895037134140722e-03,1.243659194965940351e-02,3.085705711932196921e-02,1.325552705348331459e-02,1.000000000000000000e+00
4.411599999999999966e+01,-8.279368884924649397e-01,2.350055801653995191e-01,3.259513546923415550e+00,3.127948192059567534e-01,5.634326458139757299e-02,-4.486600156526920902e-02,-9.470859937290642128e-01,1.552494433137674131e-03,-4.699534397012700211e-06,-1.727694696270563445e-03,9.120642922658418403e-03,2.694925280826932293e-02,9.458660807973619244e-03,1.000000000000000000e+00
4.416400000000000148e+01,-8.278797300829769945e-01,2.350054867766510069e-01,3.259429793672736331e+00,3.129691237011668070e-01,5.694310916270783202e-02,-4.486104048215998341e-02,-9.469927650069275282e-01,8.730133018091856736e-04,5.723267032543078731e-09,-1.747924179807984783e-03,5.984441275592369304e-03,2.195369086458929739e-02,4.771480206316909556e-03,1.000000000000000000e+00
4.421200000000000330e+01,-8.278562584985739159e-01,2.350055611173741399e-01,3.259346731806218145e+00,3.130321688789013401e-01,5.741119540667188881e-02,-4.482249272621822989e-02,-9.469454894737902029e-01,1.671237675498764188e-04,2.583680728685083959e-06,-1.708743919686717171e-03,3.378410408130461378e-03,1.692160161243429911e-02,-6.605580296282598067e-05,1.000000000000000000e+00
4.425999999999999801e+01,-8.278654874739213021e-01,2.350057189645115008e-01,3.259266537618687565e+00,3.129873205839537320e-01,5.775852108174658883e-02,-4.476198084060112325e-02,-9.469420549681760724e-01,-4.830042315120232420e-04,3.707827984914547583e-06,-1.634615023573214414e-03,1.404395434684341162e-03,1.240253971967236746e-02,-4.498298723072676787e-03,1.000000000000000000e+00
4.430799999999999983e+01,-8.279032444602066887e-01,2.350059048138778139e-01,3.259190442668586929e+00,3.128484951501447897e-01,5.800419843871944953e-02,-4.468955166492203507e-02,-9.469763333989712484e-01,-1.024061728468135361e-03,3.898770415332400068e-06,-1.541634899124623339e-03,3.723611215314425512e-05,8.637986536038880225e-03,-8.163020574450311970e-03,1.000000000000000000e+00
4.435600000000000165e+01,-8.279638837282687902e-01,2.350061462809979740e-01,3.259120270908368866e+00,3.126351710656398164e-01,5.815103625553040556e-02,-4.461080067351357731e-02,-9.470414897238839114e-01,-1.458243107314859382e-03,7.736807149204651392e-06,-1.350486399446671404e-03,-1.998090258640926927e-03,3.173405983747166863e-03,-1.093234586482446334e-02,1.000000000000000000e+00
4.440400000000000347e+01,-8.280439594459834129e-01,2.350067649003210191e-01,3.259067279837722264e+00,3.123645682031902515e-01,5.805949777828853936e-02,-4.451536210979874925e-02,-9.471408838104284911e-01,-1.830956596933066899e-03,1.739794278723784537e-05,-8.533777472715903083e-04,-6.870080999184556038e-03,-9.240737244667299177e-03,-1.280452319149695192e-02,1.000000000000000000e+00
4.445199999999999818e+01,-8.281383848936310077e-01,2.350078314369246080e-01,3.259044150011775276e+00,3.120586617916974448e-01,5.760103289363832646e-02,-4.440309137689680413e-02,-9.472749749077802317e-01,-2.050377335331844686e-03,2.579774401780586825e-05,-1.466995343295722867e-04,-1.240315936263590262e-02,-2.462272419408034763e-02,-1.336706869800209467e-02,1.000000000000000000e+00
4.450000000000000000e+01,-8.282369059648485576e-01,2.350091855842237065e-01,3.259056845511385081e+00,3.117520890181421089e-01,5.676951135343277777e-02,-4.429082776644860386e-02,-9.474313590700276233e-01,-2.006708806430056256e-03,2.926504513072607599e-05,6.043730456577622477e-04,-1.644101883216437035e-02,-3.814547680032397831e-02,-1.213676288720363407e-02,1.000000000000000000e+00
4.454800000000000182e+01,-8.283246581130878639e-01,2.350105166025543424e-01,3.259102332577777261e+00,3.114905796722506337e-01,5.568248031932358094e-02,-4.420479908866072061e-02,-9.475858884019243700e-01,-1.621948334866248672e-03,2.512479410839409203e-05,1.198068992493553538e-03,-1.719942152740701335e-02,-4.512601205544693878e-02,-8.852454859105355484e-03,1.000000000000000000e+00
4.459600000000000364e+01,-8.283847060716712507e-01,2.350114217436033437e-01,3.259167750507657946e+00,3.113235405545477508e-01,5.456418067541137645e-02,-4.417268877680693290e-02,-9.477073265782158806e-01,-8.872601254578358103e-04,1.223741848978726247e-05,1.434126525063182580e-03,-1.356692718072950200e-02,-4.189224948494801176e-02,-3.679882648865434244e-03,1.000000000000000000e+00
4.464399999999999835e+01,-8.284020168346115653e-01,2.350115039501598502e-01,3.259231750294169228e+00,3.112925988623290174e-01,5.370456963876086426e-02,-4.421526140054272275e-02,-9.477646056657393903e-01,1.149390255296731887e-04,-8.087612317283591684e-06,1.163503752997970594e-03,-5.423732742288990376e-03,-2.676573052428439861e-02,2.689457166010441637e-03,1.000000000000000000e+00
4.469200000000000017e+01,-8.283679174913280985e-01,2.350105042296374847e-01,3.259268271992065813e+00,3.114185910762445886e-01,5.339593434336756261e-02,-4.433870106898676888e-02,-9.477348864082193458e-01,1.211861540906218311e-03,-3.165667182709291618e-05,3.379875800638389096e-04,6.168809703422525881e-03,-8.413966654009408415e-04,9.072894204028961879e-03,1.000000000000000000e+00
4.474000000000000199e+01,-8.282858166382904841e-01,2.350087305566521678e-01,3.259258450648351513e+00,3.116868064286604789e-01,5.376409484905186192e-02,-4.451780975496209825e-02,-9.476174974207608459e-01,2.053193862490196916e-03,-3.652889590484079260e-05,-6.021145313591928132e-04,1.448021131500031033e-02,2.196974440333553796e-02,1.374935952494424872e-02,1.000000000000000000e+00
4.478800000000000381e+01,-8.281769574604591622e-01,2.350072148334331479e-01,3.259213046872305508e+00,3.120354748497125574e-01,5.449200379168706726e-02,-4.468371164762378195e-02,-9.474533497072415988e-01,2.372764421955461320e-03,-2.671953473343329657e-05,-1.191499889918547217e-03,1.568278331924212107e-02,3.076968360507483999e-02,1.544234915299334127e-02,1.000000000000000000e+00
4.483599999999999852e+01,-8.280649138721333236e-01,2.350062205495458412e-01,3.259146226934895640e+00,3.123921058122226535e-01,5.530808502615681271e-02,-4.480059245911088839e-02,-9.472830067473270166e-01,2.241827405581708465e-03,-1.584288206754659950e-05,-1.530059356731690908e-03,1.362826886766005559e-02,3.172539205820760350e-02,1.431440711083495181e-02,1.000000000000000000e+00
4.488400000000000034e+01,-8.279681003349093071e-01,2.350056946401941071e-01,3.259067908346361175e+00,3.126976481954151232e-01,5.607267810965292643e-02,-4.486157750589144649e-02,-9.471343486783435628e-01,1.787926379267833297e-03,-7.261245022947891790e-06,-1.696259472890781746e-03,1.042692849624568367e-02,2.868911238677951045e-02,1.109554873922206052e-02,1.000000000000000000e+00
4.493200000000000216e+01,-8.278984517516786434e-01,2.350055056683337529e-01,3.258984765213194024e+00,3.129132378958286442e-01,5.672359441138791203e-02,-4.487301371703881353e-02,-9.470238392070978728e-01,1.147245250436575419e-03,-1.539540197149707839e-06,-1.748756628361709201e-03,7.159065443165582403e-03,2.395657016677531573e-02,6.658278968343771601e-03,1.000000000000000000e+00
4.498000000000000398e+01,-8.278617124115615900e-01,2.350055263697215235e-01,3.258901109873654445e+00,3.130200911391323171e-01,5.724262072958637149e-02,-4.484613724451137762e-02,-9.469585676731082646e-01,4.401289752474032047e-04,1.785731239839046735e-06,-1.729304425790904138e-03,4.323304098149910978e-03,1.885034454660109923e-02,1.801659573776751098e-03,1.000000000000000000e+00
4.502799999999999869e+01,-8.278585209447169024e-01,2.350056596808779430e-01,3.258819607376949090e+00,3.130162077865060177e-01,5.763517495592948570e-02,-4.479289523659092664e-02,-9.469385602070913288e-01,-2.397867450740696861e-04,3.405884620778187783e-06,-1.666507760537557642e-03,2.100161445869012412e-03,1.408793352469008692e-02,-2.843245855871024547e-03,1.000000000000000000e+00
4.507600000000000051e+01,-8.278857841372974091e-01,2.350058397952387579e-01,3.258741812164016149e+00,3.129119261057421442e-01,5.791808077423584583e-02,-4.472403945664286951e-02,-9.469590184981107051e-01,-8.281537109105861338e-04,3.911552096969940640e-06,-1.579379089346882002e-03,5.036441252864151718e-04,1.001337327095567532e-02,-6.839770769477622470e-03,1.000000000000000000e+00
4.512400000000000233e+01,-8.279380842498471615e-01,2.350060328598915227e-01,3.258668681267280043e+00,3.127253698072052779e-01,5.811031102252590952e-02,-4.464811815563431152e-02,-9.470124499588025158e-01,-1.293883112696331012e-03,4.827511556308576578e-06,-1.461903195333829480e-03,-7.872224224284483061e-04,6.227322969170176817e-03,-9.947662931071125925e-03,1.000000000000000000e+00
4.517200000000000415e+01,-8.280109345302301138e-01,2.350064757394269011e-01,3.258607202194482522e+00,3.124750713930308788e-01,5.813352412898428051e-02,-4.456040416990758590e-02,-9.470977739972151754e-01,-1.697767619562968403e-03,1.353385890725498174e-05,-1.079681966829112300e-03,-4.762080714967663331e-03,-3.781790139791222586e-03,-1.220314353082095453e-02,1.000000000000000000e+00
4.521999999999999886e+01,-8.281006935504577893e-01,2.350073767587063378e-01,3.258571274523834660e+00,3.121795196319055998e-01,5.782603035133297709e-02,-4.445346211465685954e-02,-9.472190810167524511e-01,-1.990468703542730596e-03,2.292711853951995187e-05,-4.380889160027430008e-04,-1.030690236217895496e-02,-1.856555529790406694e-02,-1.333829790336133608e-02,1.000000000000000000e+00
4.526800000000000068e+01,-8.281991802994532748e-01,2.350086484622024852e-01,3.258569811274386829e+00,3.118682183916621220e-01,5.713290875464668156e-02,-4.433841826538715419e-02,-9.473690673439619792e-01,-2.061525687919833327e-03,2.869801545921593050e-05,3.183306166954083050e-04,-1.516725183321852508e-02,-3.339624574677746427e-02,-1.285699028315041154e-02,1.000000000000000000e+00
4.531600000000000250e+01,-8.282931295624257340e-01,2.350100332891273125e-01,3.258603491735757363e+00,3.115831624028450597e-01,5.612421818904526211e-02,-4.423873854424715396e-02,-9.475278038409876702e-01,-1.815538075337462835e-03,2.776990042986365729e-05,9.984718151100954297e-04,-1.738378943811434013e-02,-4.344754935089512743e-02,-1.038205989253343509e-02,1.000000000000000000e+00
4.536400000000000432e+01,-8.283660034722407639e-01,2.350111552312503793e-01,3.258663266138779768e+00,3.113735116678889026e-01,5.498602085294702208e-02,-4.418252462195196989e-02,-9.476660689612124155e-01,-1.212970551905853548e-03,1.829551648391462720e-05,1.395989035657790563e-03,-1.554171489868537773e-02,-4.453470812247019989e-02,-5.894235766243397130e-03,1.000000000000000000e+00
4.541199999999999903e+01,-8.284014963142770638e-01,2.350116005255515617e-01,3.258730784923901780e+00,3.112854634841538681e-01,5.398904818398191779e-02,-4.419423195151343797e-02,-9.477517674802082848e-01,-2.993115187670744581e-04,5.311618219282437012e-07,1.335602354167780793e-03,-9.101141300529250883e-03,-3.408926779060175022e-02,1.241211001504141523e-04,1.000000000000000000e+00
4.546000000000000085e+01,-8.283879373729384765e-01,2.350110396158394122e-01,3.258781230028771958e+00,3.113494962939177824e-01,5.343334354493153165e-02,-4.428653308510795139e-02,-9.477579184277141744e-01,7.862038308041312956e-04,-2.244382882323385246e-05,7.244195631085447286e-04,1.347065518014393254e-03,-1.205584148060489039e-02,6.668701651042083928e-03,1.000000000000000000e+00
4.550800000000000267e+01,-8.283228880446588116e-01,2.350094395810471137e-01,3.258789737518420715e+00,3.115672429386942555e-01,5.355540022081616003e-02,-4.445123365831894768e-02,-9.476717575516436787e-01,1.786907544570781169e-03,-3.812452623691239308e-05,-2.828090247618891763e-04,1.236827839617837994e-02,1.514660921671532462e-02,1.225368579717543704e-02,1.000000000000000000e+00
4.555600000000000449e+01,-8.282214867732695662e-01,2.350077565251415812e-01,3.258756279365366382e+00,3.118933945575682598e-01,5.418487515003460320e-02,-4.462893204190224172e-02,-9.475203259883826501e-01,2.307504132332660607e-03,-3.103359848340943642e-05,-9.960328345021108535e-04,1.576619003494500112e-02,2.854981848855185633e-02,1.514471247245853004e-02,1.000000000000000000e+00
4.560399999999999920e+01,-8.281081552112282695e-01,2.350065554098589304e-01,3.258696439008808010e+00,3.122549484734312708e-01,5.498897220926624030e-02,-4.476692206958445691e-02,-9.473483956695333275e-01,2.339063786912892653e-03,-1.991802484259579603e-05,-1.422084528892338454e-03,1.465512505932255183e-02,3.199907533349560795e-02,1.505081474727278622e-02,1.000000000000000000e+00
4.565200000000000102e+01,-8.280036062245561546e-01,2.350058604314871902e-01,3.258621665322983585e+00,3.125862444649771255e-01,5.578446568472180539e-02,-4.484946844341759081e-02,-9.471887131611600452e-01,1.994841411119393105e-03,-1.027089330638689867e-05,-1.647574683752541088e-03,1.172861375175560973e-02,3.017843141192039919e-02,1.254612177713555418e-02,1.000000000000000000e+00
4.570000000000000284e+01,-8.279223386440465182e-01,2.350055561481706468e-01,3.258539787022459056e+00,3.128402693551304292e-01,5.648384366948327323e-02,-4.487906279011851657e-02,-9.470619889939683178e-01,1.411540906234554386e-03,-3.453565865805719348e-06,-1.738653921612739409e-03,8.402598690729550651e-03,2.590707480275528454e-02,8.482409228889098429e-03,1.000000000000000000e+00
4.574799999999999756e+01,-8.278724159247515813e-01,2.350055083595920802e-01,3.258455943999097659e+00,3.129906694193423933e-01,5.705472796620587872e-02,-4.486570644989532064e-02,-9.469787047541701197e-01,7.176053809629441994e-04,7.281475724153189407e-07,-1.743249669255691981e-03,5.363264397306601212e-03,2.083409303947990690e-02,3.703927396512866899e-03,1.000000000000000000e+00
4.579599999999999937e+01,-8.278563149908585439e-01,2.350056071533997981e-01,3.258373371314946088e+00,3.130293864083973365e-01,5.749512512082423366e-02,-4.482139078378610114e-02,-9.469413692306033470e-01,1.777593827156273137e-05,2.935448564862116351e-06,-1.694655097181235054e-03,2.892402902779971519e-03,1.587963076856734740e-02,-1.086579491807158427e-03,1.000000000000000000e+00
4.584400000000000119e+01,-8.278722325602329013e-01,2.350057751723982902e-01,3.258294003884747436e+00,3.129624879933477488e-01,5.781848791064753829e-02,-4.475746830941901289e-02,-9.469468161387265548e-01,-6.122136459486288021e-04,3.818033120551946559e-06,-1.615242621796298501e-03,1.055973804784532833e-03,1.151230963442922972e-02,-5.376225373522114381e-03,1.000000000000000000e+00
4.589200000000000301e+01,-8.279154783874540513e-01,2.350059620589736165e-01,3.258218914919356113e+00,3.128056086559137805e-01,5.804482033977046568e-02,-4.468356341690218198e-02,-9.469882941121792186e-01,-1.125010059990384911e-03,3.856065565981210316e-06,-1.519659312502966457e-03,-1.885356781285109557e-04,7.924508425793489255e-03,-8.843119094384049167e-03,1.000000000000000000e+00
4.593999999999999773e+01,-8.279806092851952348e-01,2.350062589058613538e-01,3.258151215233968223e+00,3.125783137247210020e-01,5.815585113241563547e-02,-4.460227127411781067e-02,-9.470603635277239363e-01,-1.547757837467687077e-03,9.728555974201849729e-06,-1.265636631667347873e-03,-2.891798641817599613e-03,9.415896641012395495e-04,-1.143143952375199821e-02,1.000000000000000000e+00
4.598799999999999955e+01,-8.280644480136399865e-01,2.350069803062365681e-01,3.258103886374001501e+00,3.122976403142211921e-01,5.799081384218882085e-02,-4.450243821841503439e-02,-9.471677688544446472e-01,-1.896402314580542328e-03,1.949594603973579953e-05,-7.112579101906951360e-04,-8.104293105010935971e-03,-1.252015989944817859e-02,-1.306008219629773218e-02,1.000000000000000000e+00
4.603600000000000136e+01,-8.281608477133816093e-01,2.350081298362101945e-01,3.258088393354382273e+00,3.119881109394284646e-01,5.744679902409290800e-02,-4.438828134746396897e-02,-9.473082731578730264e-01,-2.067158848856279468e-03,2.709710055583124821e-05,2.099478350784318205e-05,-1.348487348604216450e-02,-2.791342285029868933e-02,-1.326752161445476225e-02,1.000000000000000000e+00
4.608400000000000318e+01,-8.282584219751203403e-01,2.350095102577072215e-01,3.258108889030107314e+00,3.116871570799491509e-01,5.654513692419800563e-02,-4.427933792090590903e-02,-9.474666768994729482e-01,-1.953556447653187044e-03,2.908808520700231540e-05,7.555363515199494447e-04,-1.693920412178083132e-02,-4.038456291501939938e-02,-1.159730749370970274e-02,1.000000000000000000e+00
4.613199999999999790e+01,-8.283415736313032296e-01,2.350107844937903978e-01,3.258160192845295455e+00,3.114421233830063085e-01,5.542896627874083215e-02,-4.420285548591454394e-02,-9.476167690827588252e-01,-1.489923774292859198e-03,2.305622864856890391e-05,1.287115015290047357e-03,-1.680140273594468714e-02,-4.538862573389985944e-02,-7.867499288447665079e-03,1.000000000000000000e+00
4.617999999999999972e+01,-8.283934091346596418e-01,2.350115410075944433e-01,3.258227386471626907e+00,3.113017961345909135e-01,5.434128083028789968e-02,-4.418571819781511034e-02,-9.477266690499144275e-01,-6.862222007773148081e-04,8.323705670298103137e-06,1.422214539502941223e-03,-1.215217591393103966e-02,-3.960789523216790703e-02,-2.354761516395730350e-03,1.000000000000000000e+00
4.622800000000000153e+01,-8.283999113176937490e-01,2.350114009252903813e-01,3.258287683697386861e+00,3.113043631885851759e-01,5.357861578017239501e-02,-4.424609518697877886e-02,-9.477664313803987328e-01,3.543781015439348555e-04,-1.317274794120677710e-05,1.029903522426180206e-03,-3.121071994528373719e-03,-2.191748044587356684e-02,4.133836480287517330e-03,1.000000000000000000e+00
4.627600000000000335e+01,-8.283543575340849285e-01,2.350101557897171511e-01,3.258314746185623889e+00,3.114644625739204087e-01,5.342330897305777593e-02,-4.438609925271563145e-02,-9.477160507267125000e-01,1.439594698888182339e-03,-3.610806310071311144e-05,9.689296192654635808e-05,8.864936661792154407e-03,5.714037202963966749e-03,1.032224111518042012e-02,1.000000000000000000e+00
4.632399999999999807e+01,-8.282642278580335526e-01,2.350083753853847990e-01,3.258295655889589248e+00,3.117566469658941131e-01,5.390317889388622496e-02,-4.456776665716935537e-02,-9.475842730611923059e-01,2.166911078341302293e-03,-3.484939229771333465e-05,-7.573419635932051447e-04,1.518652499418688198e-02,2.484908580602893796e-02,1.438358735062830046e-02,1.000000000000000000e+00
4.637199999999999989e+01,-8.281527917985358478e-01,2.350069682398252813e-01,3.258244518426477221e+00,3.121129915314656555e-01,5.466810913724128723e-02,-4.472465198709220380e-02,-9.474157397179291396e-01,2.378636736247628346e-03,-2.425202084367558201e-05,-1.283925398431952358e-03,1.541761790157827015e-02,3.148943771479977005e-02,1.541582436191212685e-02,1.000000000000000000e+00
4.642000000000000171e+01,-8.280427299684938180e-01,2.350060855908505109e-01,3.258174467909773941e+00,3.124628209092430442e-01,5.548155104497223822e-02,-4.482922250985559021e-02,-9.472481849295062428e-01,2.165133216209097142e-03,-1.372391079416662916e-05,-1.578656041291499629e-03,1.297512814119202232e-02,3.130420842006173543e-02,1.375729465877566227e-02,1.000000000000000000e+00
4.646800000000000352e+01,-8.279510783248585915e-01,2.350056452529636630e-01,3.258094628680714866e+00,3.127512411636506617e-01,5.622463493120416489e-02,-4.487853059481725082e-02,-9.471068414223913212e-01,1.658890809983566217e-03,-5.771469885375795965e-06,-1.715512411968242923e-03,9.692044232733024178e-03,2.773971682702899150e-02,1.019683807532367065e-02,1.000000000000000000e+00
4.651599999999999824e+01,-8.278883522317632693e-01,2.350055122357826709e-01,3.258011086476019447e+00,3.129439513718332289e-01,5.684713897941562344e-02,-4.488052965266527833e-02,-9.470059261418244390e-01,9.941540525307580867e-04,-6.286373107954488848e-07,-1.749147038606656008e-03,6.490382098079235974e-03,2.283715642533575702e-02,5.604122368249235368e-03,1.000000000000000000e+00
4.656400000000000006e+01,-8.278590674181175446e-01,2.350055648357156912e-01,3.257927737292520387e+00,3.130261929523837638e-01,5.733743691023358846e-02,-4.484686950704042108e-02,-9.469507796869484073e-01,2.859900242537354855e-04,2.265708139477226571e-06,-1.718105789523471710e-03,3.781131346100070987e-03,1.776053383801014587e-02,7.465079675107637661e-04,1.000000000000000000e+00
4.661200000000000188e+01,-8.278629233621332961e-01,2.350057131987896009e-01,3.257846962259270285e+00,3.129990658158316452e-01,5.770428639301223434e-02,-4.478934460869767042e-02,-9.469401854076174851e-01,-3.783738774189289531e-04,3.597878766629205029e-06,-1.648603816756032169e-03,1.698089691617158141e-03,1.312910990780042676e-02,-3.786945815703971711e-03,1.000000000000000000e+00
4.666000000000000369e+01,-8.278961948823980732e-01,2.350058974283552315e-01,3.257770127776890234e+00,3.128750027710645587e-01,5.796591764153186110e-02,-4.471832081614196541e-02,-9.469685616832090869e-01,-9.408382359927337573e-04,3.920207064152379923e-06,-1.557965127605948725e-03,2.318331173409877034e-04,9.226821643127977590e-03,-7.601647195888768319e-03,1.000000000000000000e+00
4.670799999999999841e+01,-8.279532541036459525e-01,2.350061107687145545e-01,3.257698493810865958e+00,3.126730625755262949e-01,5.813502768772943474e-02,-4.464101754173133152e-02,-9.470285391941609676e-01,-1.387071788737025482e-03,6.335476919403063564e-06,-1.405250965533414104e-03,-1.401050329376891685e-03,4.668105629498367146e-03,-1.051719764026018585e-02,1.000000000000000000e+00
4.675600000000000023e+01,-8.280302494974935978e-01,2.350066509621195898e-01,3.257641545306751318e+00,3.124109604742883461e-01,5.809662070213483104e-02,-4.454902392977930226e-02,-9.471217233837626592e-01,-1.775296937942189186e-03,1.572688438750476593e-05,-9.565181103376031550e-04,-5.927047808066947948e-03,-6.777672502710362264e-03,-1.256518987939737528e-02,1.000000000000000000e+00
4.680400000000000205e+01,-8.281228175954395976e-01,2.350076480723058137e-01,3.257612692139825405e+00,3.121089423443341726e-01,5.770479704987245551e-02,-4.443879997437810009e-02,-9.472504196689337519e-01,-2.029036040520600017e-03,2.463721986408461885e-05,-2.752998205247435357e-04,-1.150765317697514251e-02,-2.199046025623916517e-02,-1.338854477335765097e-02,1.000000000000000000e+00
4.685200000000000387e+01,-8.282216072449007926e-01,2.350089723051450863e-01,3.257619237946442592e+00,3.117994097026519085e-01,5.693198954462155847e-02,-4.432482635327809201e-02,-9.474044471313826099e-01,-2.037342513381667185e-03,2.916986534234650665e-05,4.819846433440612096e-04,-1.594204959924006015e-02,-3.617898620018627359e-02,-1.249267186278810692e-02,1.000000000000000000e+00
4.689999999999999858e+01,-8.283124099672095619e-01,2.350103351070098323e-01,3.257659798092282344e+00,3.115265878633505237e-01,5.587519062053236674e-02,-4.423227054561655602e-02,-9.475614251169776070e-01,-1.713826702544131702e-03,2.646387983061862279e-05,1.117544467016605772e-03,-1.736364933551716797e-02,-4.458131512950382069e-02,-9.561354528315328324e-03,1.000000000000000000e+00
4.694800000000000040e+01,-8.283783894948547610e-01,2.350113435661718986e-01,3.257723163373480890e+00,3.113399934489101684e-01,5.474262626866698012e-02,-4.418916034976428514e-02,-9.476908628112998834e-01,-1.035706330283894371e-03,1.505101361861273139e-05,1.427505156456253688e-03,-1.452167034971827211e-02,-4.328143550144090967e-02,-4.676980527255324323e-03,1.000000000000000000e+00
4.699600000000000222e+01,-8.284038670326577813e-01,2.350115906571063340e-01,3.257789233131189288e+00,3.112835143110116998e-01,5.381699812455052745e-02,-4.421803048009184667e-02,-9.477610828745346438e-01,-6.915575984605315443e-05,-4.232041887569599480e-06,1.250338731354985397e-03,-7.107926775257384852e-03,-3.019461303324983553e-02,1.560367584242718878e-03,1.000000000000000000e+00
4.704400000000000404e+01,-8.283787780290861047e-01,2.350107838019933060e-01,3.257832383283389532e+00,3.113824474653175689e-01,5.339545177165919837e-02,-4.432801807250088405e-02,-9.477472890778289027e-01,1.027301628657833685e-03,-2.766928159366521391e-05,5.175084257537268355e-04,4.022324620347553573e-03,-5.904236942859412279e-03,8.043103341527059469e-03,1.000000000000000000e+00
4.709199999999999875e+01,-8.283037460526390117e-01,2.350090596066076454e-01,3.257830426604173102e+00,3.116296996791309559e-01,5.366210861291839662e-02,-4.450232630440872916e-02,-9.476427867770674807e-01,1.946973218483761094e-03,-3.753205374500411955e-05,-4.686501922737335360e-04,1.370486459560917199e-02,1.927172599624180430e-02,1.315278152775906789e-02,1.000000000000000000e+00
4.714000000000000057e+01,-8.281976736493632529e-01,2.350074639658756848e-01,3.257789997070257737e+00,3.119699799815694452e-01,5.435256609911208459e-02,-4.467419033021384489e-02,-9.474833755096083721e-01,2.353525546086229162e-03,-2.865860034954163080e-05,-1.110459209745167253e-03,1.579012249489303646e-02,2.996299718026165446e-02,1.537018339585109923e-02,1.000000000000000000e+00
4.718800000000000239e+01,-8.280846756192056235e-01,2.350063791265195046e-01,3.257726054315318365e+00,3.123300242527830561e-01,5.516641657432005269e-02,-4.480050716821029622e-02,-9.473117422422654421e-01,2.291413749710614726e-03,-1.759782593780573231e-05,-1.485866698647780870e-03,1.410532626651105764e-02,3.193352196286850658e-02,1.468206619082696243e-02,1.000000000000000000e+00
4.723600000000000421e+01,-8.279842075092801457e-01,2.350057812752414932e-01,3.257649170333418276e+00,3.126477209393012102e-01,5.594598753668864055e-02,-4.487084035974799739e-02,-9.471578837529759376e-01,1.882884301373203553e-03,-8.529280542882963822e-06,-1.676903730736676451e-03,1.100162244661408509e-02,2.938283708336782846e-02,1.175902829976316344e-02,1.000000000000000000e+00
4.728399999999999892e+01,-8.279093273012132492e-01,2.350055441640340192e-01,3.257566509279083977e+00,3.128806173766125465e-01,5.661866355429356901e-02,-4.489002169836135703e-02,-9.470400900486083406e-01,1.264883038451924870e-03,-2.331324263819251166e-06,-1.745474975900194754e-03,7.697433300125453189e-03,2.482470364281699760e-02,7.469133539201514363e-03,1.000000000000000000e+00
4.733200000000000074e+01,-8.278667772426874238e-01,2.350055368328486383e-01,3.257482732728381070e+00,3.130066663851920894e-01,5.716043487172236398e-02,-4.486883531340076642e-02,-9.469668944062001881e-01,5.615578707376545770e-04,1.358414720390433082e-06,-1.735978071268674990e-03,4.768233687772419939e-03,1.971754463958623124e-02,2.633401306560388243e-03,1.000000000000000000e+00
4.738000000000000256e+01,-8.278579758649268205e-01,2.350056564734773479e-01,3.257400745174838352e+00,3.130212956712328243e-01,5.757372062645718658e-02,-4.481928940764495078e-02,-9.469393678829296501e-01,-1.285086789408068923e-04,3.225483260381565177e-06,-1.679008972317816168e-03,2.435814957197209203e-03,1.486307184556950010e-02,-2.084961099065473899e-03,1.000000000000000000e+00
4.742800000000000438e+01,-8.278803685750857344e-01,2.350058323130470583e-01,3.257322260282708992e+00,3.129330596066997594e-01,5.787401590444127275e-02,-4.475241545930974674e-02,-9.469533883982036437e-01,-7.360003931656133478e-04,3.888668449264457170e-06,-1.594997969740646849e-03,7.351769061511567510e-04,1.065698945684734160e-02,-6.215946409741907042e-03,1.000000000000000000e+00
4.747599999999999909e+01,-8.279288133941212768e-01,2.350060198973631387e-01,3.257248223670820231e+00,3.127591021990718811e-01,5.808171586933714992e-02,-4.467736176128619952e-02,-9.470016851195961483e-01,-1.220559285344464603e-03,4.043881502526453390e-06,-1.493549699947814167e-03,-4.427744715500593620e-04,7.144165607756988029e-03,-9.479463679352699568e-03,1.000000000000000000e+00
4.752400000000000091e+01,-8.279983375069112084e-01,2.350063932722303295e-01,3.257183740383100989e+00,3.125185481648538599e-01,5.814719567383061505e-02,-4.459271161859817284e-02,-9.470810687363045988e-01,-1.633983881609230590e-03,1.184942012838492963e-05,-1.166140751457059961e-03,-3.904903223424414753e-03,-1.604754122305910961e-03,-1.188608474387937985e-02,1.000000000000000000e+00
4.757200000000000273e+01,-8.280856519278840810e-01,2.350072171761883322e-01,3.257142642181609649e+00,3.122289579133606385e-01,5.790359153247917612e-02,-4.448871180683783982e-02,-9.471963927558758600e-01,-1.953395855879519732e-03,2.149387361905739100e-05,-5.601180300895554874e-04,-9.348488581413239018e-03,-1.590023355295214214e-02,-1.324746299942660029e-02,1.000000000000000000e+00
4.761999999999999744e+01,-8.281834783214448992e-01,2.350084404693761342e-01,3.257135011261982349e+00,3.119176114885925943e-01,5.727482955772184720e-02,-4.437362118193240168e-02,-9.473425881303904061e-01,-2.070169929140964864e-03,2.813141940994239967e-05,1.893653324656219142e-04,-1.447639210246432460e-02,-3.107286018919280107e-02,-1.307635942765481701e-02,1.000000000000000000e+00
4.766799999999999926e+01,-8.282793447807255127e-01,2.350098310344175823e-01,3.257163084189571567e+00,3.116245936015156759e-01,5.630971412745009591e-02,-4.426933021053290618e-02,-9.475017441463019496e-01,-1.883226576066616064e-03,2.852359232211093998e-05,8.974420645823877546e-04,-1.726553584690140170e-02,-4.227076147726865907e-02,-1.095595186184718933e-02,1.000000000000000000e+00
4.771600000000000108e+01,-8.283570602539706007e-01,2.350110283727570581e-01,3.257219506128684383e+00,3.113984594936830552e-01,5.517602321901454027e-02,-4.420372566844072565e-02,-9.476458391845150597e-01,-1.340945049739964172e-03,2.055805901985933466e-05,1.357368003543561350e-03,-1.618450534135666696e-02,-4.513228110491586398e-02,-6.792518741149270421e-03,1.000000000000000000e+00
4.776400000000000290e+01,-8.283999748693829934e-01,2.350116172764180889e-01,3.257287383851862117e+00,3.112867929158244507e-01,5.413334271858315228e-02,-4.420248902281860570e-02,-9.477427149424462183e-01,-4.729921769219730442e-04,4.065415428429142177e-06,1.384853971169118774e-03,-1.052157995964128449e-02,-3.674210131483993114e-02,-9.774312990596901660e-04,1.000000000000000000e+00
4.781199999999999761e+01,-8.283953035837853252e-01,2.350112437539091381e-01,3.257342695629882101e+00,3.113237072219843249e-01,5.348156852943911077e-02,-4.428083497398362794e-02,-9.477639362220932062e-01,5.969598776539857161e-04,-1.837510363295531181e-05,8.694463402092589407e-04,-6.635335617471034824e-04,-1.656432714093499306e-02,5.569492881669605919e-03,1.000000000000000000e+00
4.785999999999999943e+01,-8.283385701972705295e-01,2.350097801090781091e-01,3.257359503441791038e+00,3.115169001142942262e-01,5.348343620758660988e-02,-4.443575234487063402e-02,-9.476930974256144724e-01,1.644798990874572764e-03,-3.790134700058746584e-05,-1.235410640245235996e-04,1.102583406456550570e-02,1.136048905180471642e-02,1.145991294400617970e-02,1.000000000000000000e+00
4.790800000000000125e+01,-8.282416135114866185e-01,2.350080414156332509e-01,3.257332059483265763e+00,3.118296361819313800e-01,5.405432979186173409e-02,-4.461636040409489717e-02,-9.475493590381921516e-01,2.255962736318676849e-03,-3.282023480786476239e-05,-8.964887079267107144e-04,1.560793504448014860e-02,2.713297120080809810e-02,1.487247742392144335e-02,1.000000000000000000e+00
4.795600000000000307e+01,-8.281286740004057956e-01,2.350067481361980681e-01,3.257275830440710784e+00,3.121903037686373228e-01,5.484514008440716931e-02,-4.476302221219939648e-02,-9.473782226145995855e-01,2.364578847443908442e-03,-2.181146169495986329e-05,-1.365094450493742426e-03,1.503121931154807918e-02,3.189018675967240229e-02,1.526312815523028082e-02,1.000000000000000000e+00
4.800399999999999778e+01,-8.280213826525215648e-01,2.350059723909135312e-01,3.257202988264645604e+00,3.125307873919664914e-01,5.565049584649824077e-02,-4.485522556107883474e-02,-9.472146208669188772e-01,2.075068933433656549e-03,-1.174009235365280760e-05,-1.619732220052884147e-03,1.228771829159252919e-02,3.073052896266907294e-02,1.311335074150184361e-02,1.000000000000000000e+00
4.805199999999999960e+01,-8.279353633234127763e-01,2.350056107784182502e-01,3.257121914674252494e+00,3.128005491632815382e-01,5.636991296806884155e-02,-4.489329437363154957e-02,-9.470812222166611338e-01,1.522969487848042230e-03,-4.421484795607846877e-06,-1.729977047548374039e-03,8.965802952976253612e-03,2.673537358621421237e-02,9.253328401450943569e-03,1.000000000000000000e+00
4.810000000000000142e+01,-8.278797434361246932e-01,2.350055277391545627e-01,3.257038150755728001e+00,3.129697776101532658e-01,5.696367006309430159e-02,-4.488644699278016015e-02,-9.469901084340632824e-01,8.396237226982247856e-04,1.729480882444780305e-07,-1.746657174997259939e-03,5.848749008122716350e-03,2.171750754061389441e-02,4.541458513245747938e-03,1.000000000000000000e+00
4.814800000000000324e+01,-8.278578714350400825e-01,2.350056079057297742e-01,3.256955210515808385e+00,3.130275473551263343e-01,5.742584448893271049e-02,-4.484658179679516105e-02,-9.469449884141692975e-01,1.344488824861107281e-04,2.670925669595761432e-06,-1.705309930162416830e-03,3.271282185551315121e-03,1.669877198411298669e-02,-2.899232302601605841e-04,1.000000000000000000e+00
4.819599999999999795e+01,-8.278685769414889650e-01,2.350057684731335084e-01,3.256875216423551045e+00,3.129778328579559399e-01,5.776800891487780115e-02,-4.478527015454153437e-02,-9.469435109143173879e-01,-5.117595545551750866e-04,3.742152481839455637e-06,-1.629937973321775747e-03,1.326961334799834323e-03,1.221050381191776321e-02,-4.694268365464625281e-03,1.000000000000000000e+00
4.824399999999999977e+01,-8.279075678265768179e-01,2.350059550248813078e-01,3.256799364516825168e+00,3.128349475080842712e-01,5.800949577586859279e-02,-4.471247013116737973e-02,-9.469794026441199497e-01,-1.046985954418095830e-03,3.899008940109622254e-06,-1.536317685840574588e-03,-1.343798193762081410e-05,8.483077087177085321e-03,-8.318093247724686612e-03,1.000000000000000000e+00
4.829200000000000159e+01,-8.279692196740191523e-01,2.350062073088375614e-01,3.256729707546080377e+00,3.126184378182287338e-01,5.814928978864428860e-02,-4.463320595967673610e-02,-9.470460650670209368e-01,-1.478564750085123924e-03,8.167650414803568799e-06,-1.332550155979810502e-03,-2.182499182844783222e-03,2.715304680029355291e-03,-1.104883398874497401e-02,1.000000000000000000e+00
4.834000000000000341e+01,-8.280501683809523561e-01,2.350068489524321236e-01,3.256677936608491475e+00,3.123454441216795274e-01,5.804219777173681011e-02,-4.453677883440721602e-02,-9.471472441734246628e-01,-1.846579828464771063e-03,1.788013029531562186e-05,-8.224170635461396876e-04,-7.138465011014244292e-03,-9.946800392782536096e-03,-1.287044951425608472e-02,1.000000000000000000e+00
4.838799999999999812e+01,-8.281451037578213548e-01,2.350079353460977627e-01,3.256656491478433502e+00,3.120384782555973846e-01,5.756499400910072145e-02,-4.442400122055792377e-02,-9.472828340407205561e-01,-2.055930035194380480e-03,2.612693874884600893e-05,-1.093204122645406517e-04,-1.264790962075680938e-02,-2.535398717543399863e-02,-1.335781783296584140e-02,1.000000000000000000e+00
4.843599999999999994e+01,-8.282435189611477844e-01,2.350092978062644222e-01,3.256670953036907790e+00,3.117328050116521809e-01,5.671750688815694469e-02,-4.431232973480726811e-02,-9.474398134580545028e-01,-1.997337401254795954e-03,2.928543037882864290e-05,6.391681175367358407e-04,-1.656670861131099085e-02,-3.866984974787745361e-02,-1.203237983453026017e-02,1.000000000000000000e+00
4.848400000000000176e+01,-8.283303745448649114e-01,2.350106193345543604e-01,3.256717822842997379e+00,3.114745526126905806e-01,5.562294384115284290e-02,-4.422824973403478160e-02,-9.475935590318413926e-01,-1.595312104702239055e-03,2.473261666034222845e-05,1.220310272719512829e-03,-1.713466384856982688e-02,-4.523664347315044243e-02,-8.649390704768512503e-03,1.000000000000000000e+00
4.853200000000000358e+01,-8.283887226426196460e-01,2.350114945040045478e-01,3.256783783585165626e+00,3.113130587226838331e-01,5.450984130316761239e-02,-4.419930880559935771e-02,-9.477126556984121208e-01,-8.450216291000870730e-04,1.142501703838740244e-05,1.435061301277423210e-03,-1.328063119002837779e-02,-4.145460262747441976e-02,-3.398405728058228031e-03,1.000000000000000000e+00
4.857999999999999829e+01,-8.284037284622157715e-01,2.350115293359088531e-01,3.256847152812842427e+00,3.112892734271883177e-01,5.366990615239711909e-02,-4.424574024727959826e-02,-9.477662390551458982e-01,1.665685553100730121e-04,-9.191434235866796331e-06,1.138087408293894220e-03,-4.938336316098889886e-03,-2.576233060639997879e-02,3.003597956952119754e-03,1.000000000000000000e+00
4.862800000000000011e+01,-8.283671234036419362e-01,2.350104746423961610e-01,3.256881773467906527e+00,3.114227468926613063e-01,5.339373074711093597e-02,-4.437287779068300325e-02,-9.477320454386394255e-01,1.262781911239540134e-03,-3.278891290264662327e-05,2.870154879039850653e-04,6.773477129292517634e-03,6.008638135690754813e-04,9.353686357696131340e-03,1.000000000000000000e+00
4.867600000000000193e+01,-8.282831475520062714e-01,2.350086914891680312e-01,3.256869882382386727e+00,3.116965388408450277e-01,5.378841638727042268e-02,-4.455295262073730861e-02,-9.476112643642230493e-01,2.080684711071012580e-03,-3.624142399443966303e-05,-6.367492882193096773e-04,1.466613279780684329e-02,2.266304875065858898e-02,1.390296489238282938e-02,1.000000000000000000e+00
4.872400000000000375e+01,-8.281736033444703216e-01,2.350071971592233855e-01,3.256823199401118529e+00,3.120472716775723465e-01,5.452568496140765275e-02,-4.471703731633089318e-02,-9.474459543909204973e-01,2.376429156908440015e-03,-2.620926660625338327e-05,-1.212102825808960335e-03,1.564028326933626298e-02,3.096606175704104749e-02,1.545113430449272275e-02,1.000000000000000000e+00
4.877199999999999847e+01,-8.280618929533084538e-01,2.350062265621087332e-01,3.256755661717941397e+00,3.124027487163293926e-01,5.534191599660343019e-02,-4.483125321702721711e-02,-9.472760704584999303e-01,2.226864648751466450e-03,-1.538522691535358883e-05,-1.540794295026804263e-03,1.349181921184408953e-02,3.165618969649423853e-02,1.420390565337638356e-02,1.000000000000000000e+00
4.882000000000000028e+01,-8.279661388270631583e-01,2.350057194085199974e-01,3.256677011887531226e+00,3.127047844057845305e-01,5.610219942888373945e-02,-4.488965140733813114e-02,-9.471289142590360033e-01,1.760844169788023826e-03,-6.930339619930110990e-06,-1.700336305468929657e-03,1.026775852702196262e-02,2.849417248246360196e-02,1.090607049269903643e-02,1.000000000000000000e+00
4.886800000000000210e+01,-8.278979665471452032e-01,2.350055430480728347e-01,3.256593793050681640e+00,3.129155034941992208e-01,5.674709692311891845e-02,-4.489896814982675954e-02,-9.470204524311230943e-01,1.114260763187952885e-03,-1.330924402216942121e-06,-1.748517698670680551e-03,7.012051192867454694e-03,2.371811083213115623e-02,6.430589600476554341e-03,1.000000000000000000e+00
4.891600000000000392e+01,-8.278628482193244320e-01,2.350055712159853372e-01,3.256510224143067234e+00,3.130170118741955054e-01,5.725992063770635881e-02,-4.487054991283651040e-02,-9.469573831574635836e-01,4.063743994138668174e-04,1.901301305905248126e-06,-1.726387238050222997e-03,4.203053061064694097e-03,1.861455812332778181e-02,1.570144247929614002e-03,1.000000000000000000e+00
4.896399999999999864e+01,-8.278612114095500463e-01,2.350057083272955039e-01,3.256428906075435670e+00,3.130080054288452707e-01,5.764687154587789381e-02,-4.481631958764616119e-02,-9.469394511989912555e-01,-2.705528028449027218e-04,3.458329622013865166e-06,-1.662019075357576989e-03,2.010391996111600584e-03,1.387862374193210915e-02,-3.053157252064642949e-03,1.000000000000000000e+00
4.901200000000000045e+01,-8.278898183937807298e-01,2.350058898265187379e-01,3.256351350545348744e+00,3.128993013443268634e-01,5.792511274730927084e-02,-4.474694775741933778e-02,-9.469616777873528513e-01,-8.535367433269377708e-04,3.923187746698115446e-06,-1.574047274754020176e-03,4.425578050311459641e-04,9.840600249247636114e-03,-7.011811059925104547e-03,1.000000000000000000e+00
4.906000000000000227e+01,-8.279431887394455014e-01,2.350060862783862892e-01,3.256278547696926928e+00,3.127092659644142292e-01,5.811275460146845401e-02,-4.467075417916923502e-02,-9.470165502533151036e-01,-1.314699418611262743e-03,5.128745601146830886e-06,-1.450205155496469851e-03,-9.054734386468151148e-04,5.923697022698573393e-03,-1.007780045225376009e-02,1.000000000000000000e+00
4.910800000000000409e+01,-8.280169791387754774e-01,2.350065505593739446e-01,3.256218040379350587e+00,3.124562494909587929e-01,5.812314635378015154e-02,-4.458211671103472912e-02,-9.471035988114202553e-01,-1.715673302209194976e-03,1.403237270506252552e-05,-1.052859634154662116e-03,-5.013116455476848699e-03,-4.422480210746174319e-03,-1.229001207291096145e-02,1.000000000000000000e+00
4.915599999999999881e+01,-8.281074131687163886e-01,2.350074741524562638e-01,3.256183675314963555e+00,3.121590756653770393e-01,5.779724215462275771e-02,-4.447438363711143233e-02,-9.472265935240391510e-01,-2.000423303304700237e-03,2.334386497342985664e-05,-4.017606066884145963e-04,-1.057656022939687177e-02,-1.932442837982864536e-02,-1.335934418610854393e-02,1.000000000000000000e+00
4.920400000000000063e+01,-8.282060505608582757e-01,2.350087598339435369e-01,3.256184024533144150e+00,3.118478902524641772e-01,5.708610589565163429e-02,-4.435945333095196730e-02,-9.473775956602178416e-01,-2.058154273695936114e-03,2.885929521607610547e-05,3.558632986808906665e-04,-1.535261760011754836e-02,-3.403809073284818493e-02,-1.278858254874103671e-02,1.000000000000000000e+00
4.925200000000000244e+01,-8.282994063106340343e-01,2.350101427710784840e-01,3.256219319705643045e+00,3.115652159735021742e-01,5.606577429936656504e-02,-4.426120275221154254e-02,-9.475361159758098895e-01,-1.795243828458867666e-03,2.754544913767269620e-05,1.027254951952388893e-03,-1.740084962736549931e-02,-4.374702676706249127e-02,-1.021287977044305767e-02,1.000000000000000000e+00
4.930000000000000426e+01,-8.283708563995679786e-01,2.350112425459245369e-01,3.256280031888423299e+00,3.113603533613431007e-01,5.492735871428412048e-02,-4.420775736672288847e-02,-9.476726174201590691e-01,-1.175706212349615209e-03,1.763331346804175486e-05,1.406366458349702633e-03,-1.534086963527809752e-02,-4.432056620167897087e-02,-5.634718411629988273e-03,1.000000000000000000e+00
4.934799999999999898e+01,-8.284042087853632497e-01,2.350116459964192717e-01,3.256347409814059457e+00,3.112790662972133582e-01,5.394451612139371244e-02,-4.422318845889446765e-02,-9.477550536230820999e-01,-2.495572824065376313e-04,-4.954820450098193821e-07,1.320685558868487991e-03,-8.682612263050715901e-03,-3.329238399022767247e-02,4.376144259544237662e-04,1.000000000000000000e+00
4.939600000000000080e+01,-8.283881241737469647e-01,2.350110308629304035e-01,3.256396430494415295e+00,3.113507634688353343e-01,5.341702346030625936e-02,-4.431941905594217329e-02,-9.477568848531552348e-01,8.396150823023607176e-04,-2.361746568413435898e-05,6.824794809749876439e-04,1.924982075252445329e-03,-1.074550667569398182e-02,6.976329733458788360e-03,1.000000000000000000e+00
4.944400000000000261e+01,-8.283207887688547322e-01,2.350093966307324755e-01,3.256402674799872443e+00,3.115752664731133437e-01,5.357188847859217784e-02,-4.448656383719900437e-02,-9.476665298115173330e-01,1.824824763887076921e-03,-3.811167870941285091e-05,-3.241804990104297959e-04,1.269939623714816737e-02,1.612260571113226931e-02,1.246666306338121109e-02,1.000000000000000000e+00
4.949200000000000443e+01,-8.282182265638909913e-01,2.350077293766723308e-01,3.256367663550110869e+00,3.119049425858502755e-01,5.421620826048795250e-02,-4.466320921381234516e-02,-9.475131172153210546e-01,2.320370242842613624e-03,-3.055688588490386258e-05,-1.021536954217426617e-03,1.579161310125350853e-02,2.890567182997800036e-02,1.521119098534859382e-02,1.000000000000000000e+00
4.953999999999999915e+01,-8.281048467399684254e-01,2.350065525189723170e-01,3.256306909690707130e+00,3.122665653181678214e-01,5.502334063337628589e-02,-4.479870978520456709e-02,-9.473410683441934044e-01,2.330890813345581382e-03,-1.942279534388256210e-05,-1.436256430655842705e-03,1.454410142378923486e-02,3.201337566465051188e-02,1.498432830790135187e-02,1.000000000000000000e+00
4.958800000000000097e+01,-8.280011008747137913e-01,2.350058786224553387e-01,3.256231670030974357e+00,3.125951894830432676e-01,5.581586730049449552e-02,-4.487856705601649121e-02,-9.471825329304545127e-01,1.971880355496207632e-03,-9.887566387910422496e-06,-1.653976924387182612e-03,1.157272085476351853e-02,3.002120099548420684e-02,1.238357260529127438e-02,1.000000000000000000e+00
4.963600000000000279e+01,-8.279211762235892946e-01,2.350055893310367405e-01,3.256149626368912031e+00,3.128447805784545510e-01,5.650968154870229798e-02,-4.490583055565401660e-02,-9.470576886009576256e-01,1.380261838163645725e-03,-3.199503260121487815e-06,-1.739938263036114926e-03,8.248332927835305695e-03,2.567953574838981179e-02,8.265601066348377338e-03,1.000000000000000000e+00
4.968399999999999750e+01,-8.278728448789365313e-01,2.350055508673778437e-01,3.256065811990064951e+00,3.129899317471464548e-01,5.707433157477980606e-02,-4.489069829193698818e-02,-9.469765828715457356e-01,6.836316087465888099e-04,8.766076628437134799e-07,-1.741298462313272582e-03,5.231674479293796018e-03,2.059435026972556565e-02,3.470312779521761079e-03,1.000000000000000000e+00
4.973199999999999932e+01,-8.278583467995940248e-01,2.350056547380893202e-01,3.255983387758750069e+00,3.130233642291661567e-01,5.750885031224099025e-02,-4.484517813181238682e-02,-9.469414002887102111e-01,-1.457281016430477227e-05,3.009630988667825890e-06,-1.690755903606638681e-03,2.790640915883845809e-03,1.565891329737506554e-02,-1.307850556441870170e-03,1.000000000000000000e+00
4.978000000000000114e+01,-8.278757076972320661e-01,2.350058249692516255e-01,3.255904238617697288e+00,3.129517115352721812e-01,5.782717540740824058e-02,-4.478055790254276830e-02,-9.469487555646717292e-01,-6.400093882196956257e-04,3.843613308684028577e-06,-1.610250727407879509e-03,9.839540658746592349e-04,1.132524014788119891e-02,-5.565274310930715465e-03,1.000000000000000000e+00
4.982800000000000296e+01,-8.279201306088610490e-01,2.350060122158268150e-01,3.255829404979429409e+00,3.127909627986180663e-01,5.804947623412989866e-02,-4.470636790760340595e-02,-9.469917700640092528e-01,-1.146597482357639359e-03,3.850328731350437373e-06,-1.514130154309608310e-03,-2.343573934126062363e-04,7.775652276397570714e-03,-8.988696230631799261e-03,1.000000000000000000e+00
4.987599999999999767e+01,-8.279862501208806735e-01,2.350063243699027360e-01,3.255762369629627173e+00,3.125606382807598060e-01,5.815154077276308425e-02,-4.462440732562766854e-02,-9.470654190572647124e-01,-1.567422177654014719e-03,1.019676412513373266e-05,-1.244443808006998140e-03,-3.103654840918822818e-03,4.123019412651028701e-04,-1.153844422470811856e-02,1.000000000000000000e+00
4.992399999999999949e+01,-8.280709036609866791e-01,2.350070692102484149e-01,3.255716394588787477e+00,3.122778162477269914e-01,5.796968436186173551e-02,-4.452361564408910399e-02,-9.471746031353005524e-01,-1.910294912303716394e-03,1.996678511044755567e-05,-6.780142949544172310e-04,-8.378703533238994125e-03,-1.325689795974457387e-02,-1.311134060699081436e-02,1.000000000000000000e+00
4.997200000000000131e+01,-8.281676989877502226e-01,2.350082370737443527e-01,3.255702655993538031e+00,3.119676132859628970e-01,5.740682742706236519e-02,-4.440913824374994462e-02,-9.473164692254992802e-01,-2.069795346297389777e-03,2.737801754409112335e-05,5.903423968158816608e-05,-1.371471217617334717e-02,-2.862812048476399626e-02,-1.323810482825864276e-02,1.000000000000000000e+00
5.002000000000000313e+01,-8.282650027640018342e-01,2.350096226588141990e-01,3.255724896709369709e+00,3.116680695816412827e-01,5.649034077684237515e-02,-4.430106658092842348e-02,-9.474752088059934518e-01,-1.940402138962096529e-03,2.902962449716255588e-05,7.889212582479624477e-04,-1.703161751332829543e-02,-4.084417398712217318e-02,-1.146964493923125460e-02,1.000000000000000000e+00
5.006799999999999784e+01,-8.283470686957054019e-01,2.350108831279479338e-01,3.255777459619967118e+00,3.114268523544120870e-01,5.536890192657348969e-02,-4.422683063070921572e-02,-9.476241806668027623e-01,-1.459345178973180156e-03,2.256942157216202318e-05,1.305823973372214654e-03,-1.669120763177642588e-02,-4.539500057987119752e-02,-7.642490717267878819e-03,1.000000000000000000e+00
5.011599999999999966e+01,-8.283970316623933128e-01,2.350116052732693361e-01,3.255844980666645405e+00,3.112925602106493272e-01,5.428941238769615513e-02,-4.421309381200328598e-02,-9.477313986545287117e-01,-6.408312852661178201e-04,7.426966562252229300e-06,1.417969103438602128e-03,-1.181817721545143883e-02,-3.904601444005453142e-02,-2.058213569977112526e-03,1.000000000000000000e+00
5.016400000000000148e+01,-8.284011195628162572e-01,2.350114147392493857e-01,3.255904377146349393e+00,3.113025660635644343e-01,5.354951935374160227e-02,-4.427741310865816043e-02,-9.477672034986379668e-01,4.074111151710519416e-04,-1.431882490731827925e-05,9.986689535510370405e-04,-2.597902698337901852e-03,-2.079816834313052629e-02,4.450877445832784537e-03,1.000000000000000000e+00
5.021200000000000330e+01,-8.283530695471709171e-01,2.350101175191925407e-01,3.255929319812987721e+00,3.114700718311428362e-01,5.342835612227476300e-02,-4.442088889239260985e-02,-9.477122927057471946e-01,1.486976982798272114e-03,-3.669932256172634121e-05,4.856944859134377439e-05,9.378427137889793277e-03,7.015549804885405985e-03,1.058500088984332295e-02,1.000000000000000000e+00
5.025999999999999801e+01,-8.282613106520902990e-01,2.350083412320469745e-01,3.255908397781240193e+00,3.117671680582255744e-01,5.392963731062632576e-02,-4.460263755737960134e-02,-9.475776653464471622e-01,2.189373493517766250e-03,-3.447248101512125968e-05,-7.878990453871820765e-04,1.530347769816806092e-02,2.539764337473552139e-02,1.450895267950027753e-02,1.000000000000000000e+00
5.030799999999999983e+01,-8.281494048030414445e-01,2.350069568470357917e-01,3.255856140934159537e+00,3.121249186003283715e-01,5.470127350796903654e-02,-4.475743279900833149e-02,-9.474083481132018481e-01,2.378384236371291777e-03,-2.374742481471477242e-05,-1.301780932822234598e-03,1.534750635215447259e-02,3.161206435452595248e-02,1.540045622485490019e-02,1.000000000000000000e+00
5.035600000000000165e+01,-8.280398260089019136e-01,2.350060967766154640e-01,3.255785477054210730e+00,3.124731153820207719e-01,5.551365799662759393e-02,-4.485934463168934905e-02,-9.472414819561597588e-01,2.147736722969898274e-03,-1.329814274653355415e-05,-1.587654173440301809e-03,1.283252562045733222e-02,3.120316827860397310e-02,1.363127852587638078e-02,1.000000000000000000e+00
5.040400000000000347e+01,-8.279493130822725977e-01,2.350056735827737997e-01,3.255705370018970868e+00,3.127577704693842442e-01,5.625204031209940503e-02,-4.490618494430129864e-02,-9.471017471874353388e-01,1.630785361393833526e-03,-5.473378730384931269e-06,-1.718579651929389622e-03,9.536867364765961447e-03,2.753675228906665023e-02,1.000083130467706999e-02,1.000000000000000000e+00
5.045199999999999818e+01,-8.278880817627799482e-01,2.350055517800314353e-01,3.255621786813075680e+00,3.129455482300394498e-01,5.686856792152353984e-02,-4.490621159515251204e-02,-9.470028943914190478e-01,9.612736162583183658e-04,-4.454639170268346799e-07,-1.748397225125674454e-03,6.351317361096651265e-03,2.260338651487766443e-02,5.377318288118248732e-03,1.000000000000000000e+00
5.050000000000000000e+01,-8.278603913564744898e-01,2.350056108437897640e-01,3.255538539504824413e+00,3.130225307451185990e-01,5.735291407763448007e-02,-4.487114529184080963e-02,-9.469499030112004112e-01,2.531166436887990470e-04,2.364076905402584516e-06,-1.715004723293065206e-03,3.669563554236983383e-03,1.753544111354799623e-02,5.210582057395821880e-04,1.000000000000000000e+00
5.054800000000000182e+01,-8.278657469521489842e-01,2.350057623573363619e-01,3.255457952007247524e+00,3.129904599820218514e-01,5.771448875072873047e-02,-4.481274094441128897e-02,-9.469413012418099740e-01,-4.078179230178166810e-04,3.639544691277528718e-06,-1.644135781692003138e-03,1.616190056174838640e-03,1.293253140739883400e-02,-3.987840489750961448e-03,1.000000000000000000e+00
5.059600000000000364e+01,-8.279002936952505332e-01,2.350059475726813674e-01,3.255381352808259354e+00,3.128621990334143343e-01,5.797178873055958831e-02,-4.474128004987890789e-02,-9.469713480284676077e-01,-9.647406110615846424e-04,3.925314115116139215e-06,-1.552774687768633316e-03,1.771785563408530555e-04,9.066568399894866029e-03,-7.763620609183626876e-03,1.000000000000000000e+00
5.064399999999999835e+01,-8.279583836761754689e-01,2.350061681654616874e-01,3.255310130311531047e+00,3.126569586081174856e-01,5.813520026009439540e-02,-4.466358209993914752e-02,-9.470327814593546556e-01,-1.407644212409832341e-03,6.720470645138143023e-06,-1.390178606770053850e-03,-1.557792718585331981e-03,4.277594610595857744e-03,-1.063994366283681908e-02,1.000000000000000000e+00
5.069200000000000017e+01,-8.280362850517348772e-01,2.350067306883462104e-01,3.255254282252960873e+00,3.123923081015818060e-01,5.808249738411264823e-02,-4.457061138215880070e-02,-9.471277263060202678e-01,-1.792029773397606262e-03,1.621370429149648654e-05,-9.276574658298904208e-04,-6.186847287658506916e-03,-7.450818012441753901e-03,-1.264138909211864198e-02,1.000000000000000000e+00
5.074000000000000199e+01,-8.281294430276691099e-01,2.350077487295083589e-01,3.255227044758663091e+00,3.120889534721152381e-01,5.767220429450817254e-02,-4.445974577152204954e-02,-9.472580076084996525e-01,-2.036721922393501007e-03,2.500297199465348507e-05,-2.387209044534306256e-04,-1.176200073040937003e-02,-2.272864208824310409e-02,-1.339440474819483633e-02,1.000000000000000000e+00
5.078800000000000381e+01,-8.282282520307286955e-01,2.350090837437119606e-01,3.255235361456669363e+00,3.117799293327369048e-01,5.688264154984452869e-02,-4.434613927732478089e-02,-9.474128248481661352e-01,-2.030923098127188249e-03,2.925318081460721653e-05,5.176857926934033639e-04,-1.609350396663347671e-02,-3.675154272773573094e-02,-1.240662885492985895e-02,1.000000000000000000e+00
5.083599999999999852e+01,-8.283183097093165248e-01,2.350104405363789561e-01,3.255277395217878400e+00,3.115099157811581643e-01,5.581653906127873044e-02,-4.425527987455654677e-02,-9.475692885169192392e-01,-1.690414873179724381e-03,2.614995984504494723e-05,1.142499579297450232e-03,-1.733603538630294066e-02,-4.477532977839408096e-02,-9.376365402103903346e-03,1.000000000000000000e+00
5.088400000000000034e+01,-8.283827343365002260e-01,2.350114227512522802e-01,3.255341474341792551e+00,3.113284554809487847e-01,5.468671046743481950e-02,-4.421513061612375450e-02,-9.476966702118865271e-01,-9.961865197961115685e-04,1.431202713987677124e-05,1.432636386614494261e-03,-1.427599957043931833e-02,-4.294731734972216664e-02,-4.408728389511238147e-03,1.000000000000000000e+00
5.093200000000000216e+01,-8.284060059523251640e-01,2.350116252929689287e-01,3.255407137158142117e+00,3.112788744107337635e-01,5.377811414875603713e-02,-4.424776467447125855e-02,-9.477634262333102244e-01,-1.891568269604757945e-05,-5.293336044309785876e-06,1.229821135603212552e-03,-6.656561402454314741e-03,-2.929203489371090541e-02,1.870723148756147942e-03,1.000000000000000000e+00
5.098000000000000398e+01,-8.283784284497216488e-01,2.350107641917831836e-01,3.255448615116244504e+00,3.113852912430178921e-01,5.338685277271049134e-02,-4.436152087356100976e-02,-9.477452715863642352e-01,1.078811362938471644e-03,-2.881204133337824969e-05,4.710020304404058801e-04,4.609850922851137928e-03,-4.533266733008895974e-03,8.332865811417396879e-03,1.000000000000000000e+00
5.102799999999999869e+01,-8.283013510415582203e-01,2.350090193152706841e-01,3.255444494937666633e+00,3.116385996939105563e-01,5.368294014244676116e-02,-4.453746584802825009e-02,-9.476370292756177705e-01,1.978617184007984420e-03,-3.734655895054720824e-05,-5.057086173567559980e-04,1.394739741154566240e-02,2.007324129896577783e-02,1.333040283952215653e-02,1.000000000000000000e+00
5.107600000000000051e+01,-8.281943991661626647e-01,2.350074428238607960e-01,3.255402686110485444e+00,3.119815455330026688e-01,5.438489495212647101e-02,-4.470783222389999173e-02,-9.474761253908861036e-01,2.361035535697351539e-03,-2.816426315415206425e-05,-1.132876940260160205e-03,1.577536639882688718e-02,3.022252908130000984e-02,1.540334241127884127e-02,1.000000000000000000e+00
5.112400000000000233e+01,-8.280815703414036166e-01,2.350063817593647242e-01,3.255337952054316197e+00,3.123409637789823501e-01,5.520007096786981593e-02,-4.483157601304169071e-02,-9.473047050991284523e-01,2.279456645811015793e-03,-1.712810511004334233e-05,-1.497912223193895338e-03,1.398041489439739299e-02,3.189925908752579836e-02,1.459122180387322984e-02,1.000000000000000000e+00
5.117200000000000415e+01,-8.279820433532071311e-01,2.350058034668694451e-01,3.255260684524543979e+00,3.126555400499522741e-01,5.597592616323594783e-02,-4.489930246794267277e-02,-9.471521850284324584e-01,1.857802888228092184e-03,-8.179730065612021871e-06,-1.681900434484853756e-03,1.084528317272258693e-02,2.920543662315264535e-02,1.158275466411953433e-02,1.000000000000000000e+00
5.121999999999999886e+01,-8.279085687868126264e-01,2.350055798291675602e-01,3.255177911447449723e+00,3.128837977003514070e-01,5.664283285125295414e-02,-4.491629657815903592e-02,-9.470363482596085847e-01,1.232941021918166485e-03,-2.106032327546916776e-06,-1.745869068773881058e-03,7.548880077137356398e-03,2.459326242236297907e-02,7.248259678346355601e-03,1.000000000000000000e+00
5.126800000000000068e+01,-8.278676113247411816e-01,2.350055806550798709e-01,3.255094196505709636e+00,3.130045947133605067e-01,5.717845388340088431e-02,-4.489348631189499922e-02,-9.469653230116683584e-01,5.280424827034720797e-04,1.486358313334119291e-06,-1.733491179169101629e-03,4.644527149903939812e-03,1.948263311630487118e-02,2.403264561833971715e-03,1.000000000000000000e+00
5.131600000000000250e+01,-8.278603696847600668e-01,2.350057045840687753e-01,3.255012376570062926e+00,3.130140829234937527e-01,5.758608250178973847e-02,-4.484287216043512936e-02,-9.469398839472679130e-01,-1.596413598675868188e-04,3.286394291121110607e-06,-1.674810899453803206e-03,2.342023950535877374e-03,1.465128365408671814e-02,-2.297623966830252950e-03,1.000000000000000000e+00
5.136400000000000432e+01,-8.278841351087921074e-01,2.350058821392522757e-01,3.254934120026965694e+00,3.129213272738778362e-01,5.788160913031860366e-02,-4.477541180030787660e-02,-9.469557142547658790e-01,-7.621562306440279096e-04,3.906046365704234107e-06,-1.589861787493595212e-03,6.702150099341876339e-04,1.048015321365339605e-02,-6.393516065102360264e-03,1.000000000000000000e+00
5.141199999999999903e+01,-8.279336795558693840e-01,2.350060710024646227e-01,3.254860361369971589e+00,3.127437682145957631e-01,5.808525848048950307e-02,-4.470011626224802692e-02,-9.470054581660722892e-01,-1.241369579283217511e-03,4.228250471141995162e-06,-1.484921376646270970e-03,-5.254309352197276311e-04,6.919330210374278339e-03,-9.614656007006521302e-03,1.000000000000000000e+00
5.146000000000000085e+01,-8.280041592012185037e-01,2.350064637622691077e-01,3.254796715309987043e+00,3.125003819381076964e-01,5.813955454449409171e-02,-4.461463050608371894e-02,-9.470864998672038348e-01,-1.652567357901279762e-03,1.233508887805930031e-05,-1.141863656472677990e-03,-4.139097694463398681e-03,-2.196093436372999891e-03,-1.198115054744865703e-02,1.000000000000000000e+00
5.150800000000000267e+01,-8.280922069397528285e-01,2.350073105516803373e-01,3.254757081552892561e+00,3.122089470898397057e-01,5.787829267788061754e-02,-4.450976155223967945e-02,-9.472035460872765267e-01,-1.965042922337097500e-03,2.193226903393810832e-05,-5.253235744943080942e-04,-9.619203140164867341e-03,-1.664602813525135894e-02,-1.328173217583982109e-02,1.000000000000000000e+00
5.155600000000000449e+01,-8.281902916837143858e-01,2.350085496487130943e-01,3.254751227496012422e+00,3.118973658978690944e-01,5.723125104020619636e-02,-4.439459200051993487e-02,-9.473509050248763996e-01,-2.069476339500619672e-03,2.834396270415168013e-05,2.268929088535135753e-04,-1.468006006081914658e-02,-3.174263669932191056e-02,-1.302562713974681971e-02,1.000000000000000000e+00
5.160399999999999920e+01,-8.282857108423000714e-01,2.350099414112208351e-01,3.254780961666710937e+00,3.116062848982336653e-01,5.625318519306546361e-02,-4.429147874696839904e-02,-9.475100882196261232e-01,-1.866204514112917599e-03,2.837282577217389878e-05,9.280378854608153927e-04,-1.731511996205450932e-02,-4.263770901257777496e-02,-1.080619659266640262e-02,1.000000000000000000e+00
5.165200000000000102e+01,-8.283621602765036673e-01,2.350111203700318840e-01,3.254838454537622994e+00,3.113844787870051478e-01,5.511709309907485144e-02,-4.422839902695031161e-02,-9.476527112494153027e-01,-1.306858752315256250e-03,1.997598772230612700e-05,1.371284433640199444e-03,-1.602412031105756099e-02,-4.501485418569898395e-02,-6.549954189540503277e-03,1.000000000000000000e+00
5.170000000000000284e+01,-8.284030661736809797e-01,2.350116709130350978e-01,3.254906394876246889e+00,3.112792076794614893e-01,5.408588718028089354e-02,-4.423072248368038750e-02,-9.477465984444055636e-01,-4.254865854639175112e-04,3.100786024658320933e-06,1.374648284544781850e-03,-1.014226310840301605e-02,-3.605192469842171538e-02,-6.736062894134805818e-04,1.000000000000000000e+00
5.174799999999999756e+01,-8.283959355682232184e-01,2.350112450909908890e-01,3.254960517860885361e+00,3.113236328063976321e-01,5.345979146400670762e-02,-4.431297807806618139e-02,-9.477636869635310823e-01,6.498243908062996659e-04,-1.953069770813460517e-05,8.324059515854814566e-04,-1.130266523375397921e-04,-1.534506607015953192e-02,5.878933277298542016e-03,1.000000000000000000e+00
5.179599999999999937e+01,-8.283368281682434997e-01,2.350097382441697635e-01,3.254975097254551919e+00,3.115238395172492125e-01,5.349546102480394472e-02,-4.447083625962726383e-02,-9.476884919553185682e-01,1.686536220387760323e-03,-3.809879853044475725e-05,-1.678180460724690531e-04,1.143171463703428203e-02,1.247191119688557080e-02,1.169274043426610579e-02,1.000000000000000000e+00
5.184400000000000119e+01,-8.282385223464572288e-01,2.350080110307637971e-01,3.254945982800016235e+00,3.118406572995528481e-01,5.408390285490793925e-02,-4.465084710673459384e-02,-9.475424200317443812e-01,2.272675011792498444e-03,-3.238051651359515786e-05,-9.241064918162843721e-04,1.567041228640327771e-02,2.756755013571251731e-02,1.496251072636683825e-02,1.000000000000000000e+00
5.189200000000000301e+01,-8.281253662081450306e-01,2.350067415379513414e-01,3.254888755177063331e+00,3.122019279613716392e-01,5.487923058200579185e-02,-4.479517430792007149e-02,-9.473708981104772553e-01,2.359558913200154266e-03,-2.131007552107525119e-05,-1.380770036383842467e-03,1.493626043345177255e-02,3.194774436477664653e-02,1.521699257001210039e-02,1.000000000000000000e+00
5.193999999999999773e+01,-8.280187510762493375e-01,2.350059875680785004e-01,3.254815387752325151e+00,3.125401521819461959e-01,5.568236718250246797e-02,-4.488469460460035171e-02,-9.472082619198856079e-01,2.054304961214985931e-03,-1.133819419709488140e-05,-1.627162383740117296e-03,1.213660480230665736e-02,3.059489979142139895e-02,1.296525632269947270e-02,1.000000000000000000e+00
5.198799999999999955e+01,-8.279339944479773283e-01,2.350056418653283519e-01,3.254734109015380294e+00,3.128057434155766536e-01,5.639653735078681979e-02,-4.492037332073154504e-02,-9.470766376179888812e-01,1.492930044375321728e-03,-4.148931264497295698e-06,-1.731939564973152077e-03,8.810637876361073623e-03,2.651650001632706311e-02,9.044692199205391775e-03,1.000000000000000000e+00
5.203600000000000136e+01,-8.278799285088491722e-01,2.350055689364261291e-01,3.254650347942650956e+00,3.129698462582019003e-01,5.698413280851692686e-02,-4.491166934328953003e-02,-9.469876587886333352e-01,8.060672390834765872e-04,3.357316659095278924e-07,-1.745138335272155552e-03,5.713732842813784921e-03,2.147897488428492097e-02,4.310495725839524894e-03,1.000000000000000000e+00
5.208400000000000318e+01,-8.278596565237230642e-01,2.350056547496885140e-01,3.254567540005890880e+00,3.130223406709994882e-01,5.744037128216529509e-02,-4.487051913523248947e-02,-9.469446945309685226e-01,1.018872657691418239e-04,2.755018740587843927e-06,-1.701676272028139003e-03,3.165285002952289775e-03,1.647524626091271052e-02,-5.128174500206055713e-04,1.000000000000000000e+00
5.213199999999999790e+01,-8.278718275086169864e-01,2.350058179139369319e-01,3.254487754508609942e+00,3.129677982144894455e-01,5.777737927645509863e-02,-4.480843891361863118e-02,-9.469451597251249408e-01,-5.401972492065283162e-04,3.774340712072094252e-06,-1.625101400966601391e-03,1.250791395387468438e-03,1.201874837711595402e-02,-4.887867070891106953e-03,1.000000000000000000e+00
5.217999999999999972e+01,-8.279120333643322782e-01,2.350060050839584136e-01,3.254412152455202101e+00,3.128209173867086412e-01,5.801469557093386770e-02,-4.473529596123434343e-02,-9.469826408326659228e-01,-1.069461612767677594e-03,3.897771474344431384e-06,-1.530872427437114961e-03,-6.289870118745200715e-05,8.328965021446673236e-03,-8.469902585036295090e-03,1.000000000000000000e+00
5.222800000000000153e+01,-8.279746789963213782e-01,2.350062686565733694e-01,3.254343030089814182e+00,3.126012937447561479e-01,5.814725770594991738e-02,-4.465551843709190949e-02,-9.470507970766385286e-01,-1.498480910865982634e-03,8.604373914083097503e-06,-1.314139916698759628e-03,-2.369836514313270522e-03,2.248693351879053198e-03,-1.116178436715504867e-02,1.000000000000000000e+00
5.227600000000000335e+01,-8.280564779538874820e-01,2.350069334353208639e-01,3.254292499520060833e+00,3.123259922391852794e-01,5.802445432716255014e-02,-4.455811595030156891e-02,-9.471537423115651277e-01,-1.861666336392276766e-03,1.836197650180483790e-05,-7.910978198757650896e-04,-7.407384657290568691e-03,-1.065677959726416858e-02,-1.293219383844222865e-02,1.000000000000000000e+00
5.232399999999999807e+01,-8.281518937836622740e-01,2.350080395235855935e-01,3.254272750740965670e+00,3.120180663638781882e-01,5.752850159962684395e-02,-4.444486307411570081e-02,-9.472907958555131236e-01,-2.060806056377477869e-03,2.645017292595607867e-05,-7.181178212393800981e-05,-1.289039860352837394e-02,-2.608276189630899869e-02,-1.334380919330802918e-02,1.000000000000000000e+00
5.237199999999999989e+01,-8.282501679575234865e-01,2.350094098720427183e-01,3.254288976820916446e+00,3.117134045707034007e-01,5.666521379817299892e-02,-4.433382733997257019e-02,-9.474483198093383018e-01,-1.987198226568233708e-03,2.929469639992859993e-05,6.737869827717472317e-04,-1.668751766299716652e-02,-3.918480651746696769e-02,-1.192305091503669326e-02,1.000000000000000000e+00
5.242000000000000171e+01,-8.283360899645954012e-01,2.350107212838946080e-01,3.254337212530670875e+00,3.114585223404655601e-01,5.556344688655880104e-02,-4.425174152885994611e-02,-9.476012218244769247e-01,-1.567921438438745927e-03,2.432623173783290651e-05,1.242057203050726160e-03,-1.706326546392880963e-02,-4.533208615075468018e-02,-8.441849922804058395e-03,1.000000000000000000e+00
5.246800000000000352e+01,-8.283927053780204552e-01,2.350115658066523616e-01,3.254403685456130013e+00,3.113026711589136908e-01,5.445597670908831206e-02,-4.422600491336663164e-02,-9.477179190135571751e-01,-8.021814607349356729e-04,1.059943564962724118e-05,1.435253687059884079e-03,-1.298741106590397230e-02,-4.099888944686002484e-02,-3.113723635478155873e-03,1.000000000000000000e+00
5.251599999999999824e+01,-8.284053844614244211e-01,2.350115527741814536e-01,3.254466385266210349e+00,3.112861041495886827e-01,5.363616425697542017e-02,-4.427630735770881482e-02,-9.477677626158931279e-01,2.185079035947968054e-04,-1.030214140332526103e-05,1.111833551709141919e-03,-4.447568331998490165e-03,-2.474223751827267156e-02,3.318915125822897213e-03,1.000000000000000000e+00
5.256400000000000006e+01,-8.283662687137454128e-01,2.350104430389601540e-01,3.254499066802168272e+00,3.114270673954447344e-01,5.339278875687439307e-02,-4.440712382379296413e-02,-9.477290747655340297e-01,1.313621023366097528e-03,-3.391753672897647009e-05,2.353223979714088871e-04,7.380178296135760270e-03,2.053656728109880172e-03,9.633138959314202152e-03,1.000000000000000000e+00
5.261200000000000188e+01,-8.282804743872989039e-01,2.350086551711937088e-01,3.254485217921825768e+00,3.117063072806938728e-01,5.381212022466395906e-02,-4.458791338935001042e-02,-9.476050610343655922e-01,2.107213990864741961e-03,-3.593466849902632261e-05,-6.695545238535529232e-04,1.483096180083198073e-02,2.330634595258500655e-02,1.405255798139764048e-02,1.000000000000000000e+00
5.266000000000000369e+01,-8.281702746888804922e-01,2.350071821701160413e-01,3.254437323446390362e+00,3.120590278287374564e-01,5.455793752110162098e-02,-4.475015729921814900e-02,-9.474386618803993798e-01,2.379780254243986284e-03,-2.571083739019930925e-05,-1.231614349294671111e-03,1.559283191920054525e-02,3.114299810628155113e-02,1.545884508626779556e-02,1.000000000000000000e+00
5.270799999999999841e+01,-8.280588964278434716e-01,2.350062345052502388e-01,3.254369105892417124e+00,3.124133605307494732e-01,5.537409967708754877e-02,-4.486177111395254352e-02,-9.472692451142677994e-01,2.212187980773833683e-03,-1.494454691217812568e-05,-1.550967207053501181e-03,1.335789984969126126e-02,3.158435048229317477e-02,1.409576101627552265e-02,1.000000000000000000e+00
5.275600000000000023e+01,-8.279641760904198344e-01,2.350057453502384652e-01,3.254290141808899861e+00,3.127119746511387577e-01,5.613015821620705864e-02,-4.491766640621396717e-02,-9.471235555581060117e-01,1.734474671591801440e-03,-6.613620717203327888e-06,-1.704212870344120646e-03,1.011389608682771758e-02,2.830506888061621804e-02,1.072154792242045220e-02,1.000000000000000000e+00
5.280400000000000205e+01,-8.278974393045530622e-01,2.350055810359670261e-01,3.254206850347590496e+00,3.129179562258150304e-01,5.676925680111770400e-02,-4.492493871295995950e-02,-9.470170822299583957e-01,1.082212375009430341e-03,-1.132030947884831846e-06,-1.748313298334098348e-03,6.870720880087160566e-03,2.348905210160733004e-02,6.209219731145667644e-03,1.000000000000000000e+00
5.285200000000000387e+01,-8.278638953477476248e-01,2.350056163087274053e-01,3.254123362187461233e+00,3.130142711736251804e-01,5.727613841204891310e-02,-4.489503363335995562e-02,-9.469561478576011826e-01,3.735966908117689190e-04,2.011027347298140444e-06,-1.723647836311156638e-03,4.087759584966239347e-03,1.838895086986419569e-02,1.345135295788334271e-03,1.000000000000000000e+00
5.289999999999999858e+01,-8.278637684144235509e-01,2.350057570157899622e-01,3.254042217735051423e+00,3.130002864820866093e-01,5.765773700118575346e-02,-4.483984806711444754e-02,-9.469402272854141600e-01,-3.004406792328516754e-04,3.507688193990415874e-06,-1.657787960513207358e-03,1.924455824605323523e-03,1.367879027506381864e-02,-3.257293357072510963e-03,1.000000000000000000e+00
5.294800000000000040e+01,-8.278936816950184241e-01,2.350059398013464862e-01,3.253964888421109869e+00,3.128872805389532608e-01,5.793153135712519192e-02,-4.476997394880835590e-02,-9.469641686907587230e-01,-8.782309472684902366e-04,3.933520186910493364e-06,-1.569010250809908889e-03,3.841463308527050735e-04,9.675911213987233028e-03,-7.179407804399848443e-03,1.000000000000000000e+00
5.299600000000000222e+01,-8.279481009006810499e-01,2.350061404030056034e-01,3.253892415973532959e+00,3.126938424476977674e-01,5.811450144966832237e-02,-4.469347385772733799e-02,-9.470204638818950915e-01,-1.335293768705641008e-03,5.445325204054576593e-06,-1.438127520981909505e-03,-1.030456155228864175e-03,5.607566878623585806e-03,-1.020557896691809928e-02,1.000000000000000000e+00
5.304400000000000404e+01,-8.280228175841694016e-01,2.350066257693801952e-01,3.253832879256857602e+00,3.124381541002456686e-01,5.811207467921315067e-02,-4.460390753274427744e-02,-9.471092218280419139e-01,-1.733234519211610284e-03,1.451517648699850531e-05,-1.026386937402245028e-03,-5.259861852521812917e-03,-5.053230407994854616e-03,-1.237505862293550307e-02,1.000000000000000000e+00
5.309199999999999875e+01,-8.281139085146739243e-01,2.350075709904292098e-01,3.253800043133302733e+00,3.121394003151840568e-01,5.776823966135509469e-02,-4.449542430942930032e-02,-9.472338583860002714e-01,-2.009997306365103771e-03,2.373896557399164138e-05,-3.664112031487436758e-04,-1.083605737795180317e-02,-2.005858083173527040e-02,-1.337925983821686669e-02,1.000000000000000000e+00
5.314000000000000057e+01,-8.282126816885314602e-01,2.350088696300232094e-01,3.253802145375134458e+00,3.118283524100021742e-01,5.703983381836848221e-02,-4.438064814565489957e-02,-9.473858211211566571e-01,-2.054569292474924067e-03,2.900068163926639695e-05,3.919754551537688687e-04,-1.552626965146169935e-02,-3.464852328523651548e-02,-1.272070661898045893e-02,1.000000000000000000e+00
5.318800000000000239e+01,-8.283054432729419769e-01,2.350102499109685827e-01,3.253838981987699608e+00,3.115480333315047146e-01,5.600864675584800445e-02,-4.428383558391225938e-02,-9.475440867431063063e-01,-1.775139798246377866e-03,2.730931878388759529e-05,1.054475364988296778e-03,-1.740866629410926791e-02,-4.401736881042347255e-02,-1.004702164780741508e-02,1.000000000000000000e+00
5.323600000000000421e+01,-8.283754934512391754e-01,2.350113273035989436e-01,3.253900561557459437e+00,3.113478582160503771e-01,5.487060420658505105e-02,-4.423311707414501193e-02,-9.476788270992382301e-01,-1.139220879625668127e-03,1.697351738969475555e-05,1.415420564643024961e-03,-1.513674842614630249e-02,-4.408863178644867320e-02,-5.382058887203364055e-03,1.000000000000000000e+00
5.328399999999999892e+01,-8.284067596632813668e-01,2.350116894787027955e-01,3.253967750141149029e+00,3.112731443532117948e-01,5.390207625311563278e-02,-4.425217500003218035e-02,-9.477580602600195192e-01,-2.012276971872877765e-04,-1.502057355442915201e-06,1.305081055918952664e-03,-8.269141000193181226e-03,-3.249657588596457231e-02,7.407581183571945943e-04,1.000000000000000000e+00
5.333200000000000074e+01,-8.283882323006395154e-01,2.350110215273475134e-01,3.254015337152579512e+00,3.113522386216611704e-01,5.340243017682033688e-02,-4.435219399540443752e-02,-9.477556894286017775e-01,8.910750548975415524e-04,-2.475469312470226694e-05,6.408027345062292709e-04,2.488943690447092266e-03,-9.459151280526226224e-03,7.271178146042818133e-03,1.000000000000000000e+00
5.338000000000000256e+01,-8.283187229177868538e-01,2.350093564660837853e-01,3.254019392777938613e+00,3.115831648754819883e-01,5.358865125308091143e-02,-4.452156572989204170e-02,-9.476613414126447976e-01,1.860363270217064513e-03,-3.806021341610808036e-05,-3.635338944322796285e-04,1.300296928964387796e-02,1.703599537886233556e-02,1.266617035686679570e-02,1.000000000000000000e+00
5.342800000000000438e+01,-8.282150916029252796e-01,2.350077053055763254e-01,3.253982906581628143e+00,3.119160858673525327e-01,5.424672261536485351e-02,-4.469709128990578817e-02,-9.475061047259297764e-01,2.331742375699491412e-03,-3.008954990172127495e-05,-1.045708897016860974e-03,1.580802993077200583e-02,2.923217028556094124e-02,1.526869016209689289e-02,1.000000000000000000e+00
5.347599999999999909e+01,-8.281017112663093815e-01,2.350065519368029487e-01,3.253921289440510733e+00,3.122776272630142236e-01,5.505646151710563707e-02,-4.483015149928051835e-02,-9.473340103008810464e-01,2.322131423339394637e-03,-1.894655543976640031e-05,-1.449599274639431622e-03,1.443332161064874060e-02,3.201758746718621346e-02,1.491440169806860540e-02,1.000000000000000000e+00
5.352400000000000091e+01,-8.279987762939537976e-01,2.350058982224485504e-01,3.253845613811284565e+00,3.126035560414129888e-01,5.584595630861019511e-02,-4.490740977389177935e-02,-9.471766310787237408e-01,1.949085464048272388e-03,-9.521858860781575617e-06,-1.659906694520764522e-03,1.142111858995065871e-02,2.986443910002476235e-02,1.222244246684089583e-02,1.000000000000000000e+00
5.357200000000000273e+01,-8.279201718798212539e-01,2.350056231940377549e-01,3.253763420778418514e+00,3.128487887055780847e-01,5.653432489949808404e-02,-4.493243617510624816e-02,-9.470536318989444258e-01,1.349679520829868713e-03,-2.958392775413890862e-06,-1.740992324196420594e-03,8.099601491451210999e-03,2.545771818402376221e-02,8.053710437569793282e-03,1.000000000000000000e+00
5.362000000000000455e+01,-8.278733896699428385e-01,2.350055935590292522e-01,3.253679641704681824e+00,3.129888304555407119e-01,5.709293614347190488e-02,-4.491560875239031941e-02,-9.469746441922257674e-01,6.506602519029520103e-04,1.016818685958427167e-06,-1.739275194462703948e-03,5.105446908257474901e-03,2.036242269010153649e-02,3.243640514350016463e-03,1.000000000000000000e+00
5.366799999999999926e+01,-8.278604427449610670e-01,2.350057022096005976e-01,3.253597366609122687e+00,3.130171490691725511e-01,5.752178955760252343e-02,-4.486894619447447802e-02,-9.469415429592767941e-01,-4.580773801486991663e-05,3.079176378296540052e-06,-1.686884059385166963e-03,2.693434118305193092e-03,1.544628948656348068e-02,-1.521458026512084684e-03,1.000000000000000000e+00
5.371600000000000108e+01,-8.278791939976495318e-01,2.350058744975570546e-01,3.253518432765041712e+00,3.129409169109298450e-01,5.783527583070841721e-02,-4.480367136961064395e-02,-9.469507349510513095e-01,-6.667293334196512829e-04,3.866976776637925103e-06,-1.605345891088515251e-03,9.154732100328370238e-04,1.114556777349767075e-02,-5.746952307714456830e-03,1.000000000000000000e+00
5.376400000000000290e+01,-8.279247456846043907e-01,2.350060620400977462e-01,3.253443849317559255e+00,3.127764581021281187e-01,5.805371476806765046e-02,-4.472922265075375547e-02,-9.469952217935289074e-01,-1.167249290010311533e-03,3.843894496669677055e-06,-1.508721721391617209e-03,-2.776433788262901593e-04,7.633043254570399429e-03,-9.127892304002575147e-03,1.000000000000000000e+00
5.381199999999999761e+01,-8.279918257747246324e-01,2.350063905676943454e-01,3.253377510605584000e+00,3.125432155950202961e-01,5.814639405067961037e-02,-4.464655216063611459e-02,-9.470704412157500141e-01,-1.586432727429269197e-03,1.066026179671525171e-05,-1.222904116096439888e-03,-3.317130319462129225e-03,-1.221029136806743229e-04,-1.164038224183482767e-02,1.000000000000000000e+00
5.385999999999999943e+01,-8.280772583269513376e-01,2.350071582045985819e-01,3.253332888097905773e+00,3.122583599226881335e-01,5.794786944533900086e-02,-4.454484246946523174e-02,-9.471813543849501027e-01,-1.923374277093914050e-03,2.041894521223459972e-05,-6.451152623500516553e-04,-8.646075582210113047e-03,-1.397944943680819521e-02,-1.315761396355710940e-02,1.000000000000000000e+00
5.390800000000000125e+01,-8.281744089310150159e-01,2.350083433509723985e-01,3.253320870103419082e+00,3.119475979162294466e-01,5.736674392240644765e-02,-4.443011254708760516e-02,-9.473245050905666487e-01,-2.071599103456209234e-03,2.763536105288999731e-05,9.607990328165425344e-05,-1.393256715113775669e-02,-2.931489998274535227e-02,-1.320446283832604241e-02,1.000000000000000000e+00
5.395600000000000307e+01,-8.282714069473573471e-01,2.350097329869595131e-01,3.253344794769071679e+00,3.116495535630287583e-01,5.643625560722560081e-02,-4.432297047215843361e-02,-9.474834980650181926e-01,-1.926636828021915590e-03,2.894936470722273849e-05,8.208343589773961979e-04,-1.711090662316819624e-02,-4.126941936158994018e-02,-1.133979827465281427e-02,1.000000000000000000e+00
5.400399999999999778e+01,-8.283523694999425091e-01,2.350109788472271310e-01,3.253398540227140145e+00,3.114121833395290251e-01,5.531040504752894604e-02,-4.425099991917396530e-02,-9.476312891453817500e-01,-1.428642780266721609e-03,2.206982129096359395e-05,1.322890433891154302e-03,-1.657071786457712040e-02,-4.536956537364326969e-02,-7.418663959353814091e-03,1.000000000000000000e+00
5.405199999999999960e+01,-8.284004713527528541e-01,2.350116664016049239e-01,3.253466314297489781e+00,3.112838681631808213e-01,5.423975913298982598e-02,-4.424062510694348055e-02,-9.477358118382509522e-01,-5.960065495368813311e-04,6.533428324620069444e-06,1.412319018651349766e-03,-1.148036848431282717e-02,-3.846444665302228144e-02,-1.767075008192341449e-03,1.000000000000000000e+00
5.410000000000000142e+01,-8.284021917982875571e-01,2.350114260830331592e-01,3.253524758403243844e+00,3.113011503129314850e-01,5.352284936111492003e-02,-4.430878628082489390e-02,-9.477677088128881877e-01,4.591264275923814461e-04,-1.544173948187177337e-05,9.667002409830794361e-04,-2.079967180117063465e-03,-1.967947333521032419e-02,4.758299046779096778e-03,1.000000000000000000e+00
5.414800000000000324e+01,-8.283517298404531326e-01,2.350100790959423758e-01,3.253547583405251853e+00,3.114757964875793927e-01,5.343526105034825807e-02,-4.445555818896715361e-02,-9.477083963039562020e-01,1.532131454449227543e-03,-3.721292793830314403e-05,1.377770981028758721e-06,9.865740551822673940e-03,8.267477359699459960e-03,1.083448975858963652e-02,1.000000000000000000e+00
5.419599999999999795e+01,-8.282584437471246508e-01,2.350083083436506071e-01,3.253524876377996033e+00,3.117774884534581514e-01,5.395695222076408309e-02,-4.463723929754980640e-02,-9.475710853907444164e-01,2.209854421525655338e-03,-3.408504707921525137e-05,-8.175848556418982603e-04,1.540726182300734305e-02,2.591586426381478972e-02,1.462172703267859003e-02,1.000000000000000000e+00
5.424399999999999977e+01,-8.281461510316668884e-01,2.350069467824888736e-01,3.253471536865345737e+00,3.121363787204391449e-01,5.473471622806924675e-02,-4.478990233483141903e-02,-9.474011064842382535e-01,2.376639992659372504e-03,-2.324699077282810295e-05,-1.318956877626522271e-03,1.527163096350465932e-02,3.171697604502023843e-02,1.537539920570089695e-02,1.000000000000000000e+00
5.429200000000000159e+01,-8.280371124234277014e-01,2.350061089518231672e-01,3.253400287986800254e+00,3.124827573355412058e-01,5.554573046903513861e-02,-4.488916811372387072e-02,-9.472350082111071767e-01,2.129405327383477112e-03,-1.288085475902130425e-05,-1.596130951127405426e-03,1.268830320148942557e-02,3.109248786017062074e-02,1.349920895078392594e-02,1.000000000000000000e+00
5.434000000000000341e+01,-8.279477692235137631e-01,2.350057024914306847e-01,3.253319934828238669e+00,3.127635468310805966e-01,5.627926156018638049e-02,-4.493357859403484394e-02,-9.470969232378572134e-01,1.602267988443658404e-03,-5.183477219858120670e-06,-1.721249026804117952e-03,9.382256498466901712e-03,2.732923142762412258e-02,9.802286653252867063e-03,1.000000000000000000e+00
5.438799999999999812e+01,-8.278880407063056168e-01,2.350055915575940124e-01,3.253236327184063637e+00,3.129463675210418794e-01,5.688976077797085196e-02,-4.493167969472396800e-02,-9.470001427316789844e-01,9.284173331578282140e-04,-2.685472847903923309e-07,-1.747342919099135160e-03,6.213850230504979616e-03,2.236817477957086728e-02,5.150940597379962890e-03,1.000000000000000000e+00
5.443599999999999994e+01,-8.278619345785335204e-01,2.350056568396051426e-01,3.253153194470558063e+00,3.130181265290964410e-01,5.736815899470116414e-02,-4.489525426638656114e-02,-9.469492926984680592e-01,2.205953560153052061e-04,2.458248642197171989e-06,-1.711669006947257954e-03,3.559957491346281682e-03,1.731071996692154849e-02,2.982730494550240555e-04,1.000000000000000000e+00
5.448400000000000176e+01,-8.278687668213778883e-01,2.350058113457150211e-01,3.253072804346317071e+00,3.129811904681393253e-01,5.772449173139408696e-02,-4.483601329022764842e-02,-9.469426536912021186e-01,-4.366912250875264277e-04,3.678600678729627771e-06,-1.639485725734121874e-03,1.536241842347428176e-03,1.273728022106312453e-02,-4.184579358994145078e-03,1.000000000000000000e+00
5.453200000000000358e+01,-8.279045579091189877e-01,2.350059974505610272e-01,3.252996448073985913e+00,3.128488361232080739e-01,5.797750548202126181e-02,-4.476415194620433219e-02,-9.469743319092511769e-01,-9.879521852920387145e-04,3.928851739648403868e-06,-1.547442772365188951e-03,1.242672274884730000e-04,8.908040734025728102e-03,-7.920626579772785392e-03,1.000000000000000000e+00
5.457999999999999829e+01,-8.279636472186759910e-01,2.350062256181246756e-01,3.252925651942106366e+00,3.126404066949040050e-01,5.813512887147261055e-02,-4.468607288774798653e-02,-9.470371892289196625e-01,-1.427581402985028626e-03,7.110775921598337262e-06,-1.374706264833634901e-03,-1.716450922936616028e-03,3.881074298204065590e-03,-1.075764747622964292e-02,1.000000000000000000e+00
5.462800000000000011e+01,-8.280424218311982498e-01,2.350068104994232909e-01,3.252870919178443732e+00,3.123733221883839284e-01,5.806805315314352706e-02,-4.459214493885890751e-02,-9.471338603374643839e-01,-1.808039481740930134e-03,1.669825597568429159e-05,-8.985787255358860647e-04,-6.445781797166868360e-03,-8.124228038704110061e-03,-1.271229291053914065e-02,1.000000000000000000e+00
5.467600000000000193e+01,-8.281361330059731074e-01,2.350078492335809788e-01,3.252845301220560703e+00,3.120687518196214594e-01,5.763937636076563176e-02,-4.448067317177863828e-02,-9.472656787536803957e-01,-2.043616096068750880e-03,2.536165067074862444e-05,-2.021872308241875029e-04,-1.201281875856418865e-02,-2.346058458902101213e-02,-1.339491938488280437e-02,1.000000000000000000e+00
5.472400000000000375e+01,-8.282349230883142566e-01,2.350091945920075864e-01,3.252855378986505119e+00,3.117603560364551885e-01,5.683330444113064012e-02,-4.436747536003687875e-02,-9.474212278815064003e-01,-2.023716439953417070e-03,2.932593725227825447e-05,5.530477422362110570e-04,-1.623943248457130131e-02,-3.731201899892320345e-02,-1.231567919868686335e-02,1.000000000000000000e+00
5.477199999999999847e+01,-8.283242005344599868e-01,2.350105448299297239e-01,3.252898863169412458e+00,3.114932565956979316e-01,5.575826338629529672e-02,-4.427834845064206049e-02,-9.475771182431722561e-01,-1.666335430305425965e-03,2.582449361770454747e-05,1.166861723058693805e-03,-1.730214336000330394e-02,-4.495367947161865718e-02,-9.187575469679624962e-03,1.000000000000000000e+00
5.482000000000000028e+01,-8.283870441963770981e-01,2.350115003059734253e-01,3.252963623511606617e+00,3.113170058537274576e-01,5.463157496993439194e-02,-4.424117891731860902e-02,-9.477023957818091482e-01,-9.562482008028312143e-04,1.356448386896985593e-05,1.437038033360351448e-03,-1.402495767214266553e-02,-4.259759067745530481e-02,-4.138463528848149511e-03,1.000000000000000000e+00
5.486800000000000210e+01,-8.284080986981693373e-01,2.350116580661297527e-01,3.253028844712368972e+00,3.112743521316474471e-01,5.374034837832421252e-02,-4.427756894010354688e-02,-9.477656617275991291e-01,3.138839877369236275e-05,-6.355687281721481390e-06,1.208618380383550241e-03,-6.202472122651710509e-03,-2.837829423403643789e-02,2.180804604236519922e-03,1.000000000000000000e+00
5.491600000000000392e+01,-8.283780399735976019e-01,2.350107429344638066e-01,3.253068623364235634e+00,3.113882253426897284e-01,5.337953278520907174e-02,-4.439505504700361899e-02,-9.477431496375673392e-01,1.129986354520381075e-03,-2.994539528319580224e-05,4.240643909577965567e-04,5.196072562328688318e-03,-3.159735455862620543e-03,8.619949371660339671e-03,1.000000000000000000e+00
5.496399999999999864e+01,-8.282989745405391346e-01,2.350089816112350127e-01,3.253062431183670000e+00,3.116474490057267732e-01,5.370345505232161643e-02,-4.457241199831617900e-02,-9.476313136089998812e-01,2.009080826905997562e-03,-3.713299920136313914e-05,-5.408252890700831778e-04,1.416601326986216200e-02,2.081946595424771437e-02,1.350276157979113552e-02,1.000000000000000000e+00
5.501200000000000045e+01,-8.281911827786435643e-01,2.350074243960930398e-01,3.253019315956821700e+00,3.119929532783181081e-01,5.441598265019813307e-02,-4.474123977923889772e-02,-9.474690070920014362e-01,2.368036764082473954e-03,-2.767993266969859690e-05,-1.154098676700889871e-03,1.575403364681113305e-02,3.045898007475397046e-02,1.543422953581572929e-02,1.000000000000000000e+00
5.506000000000000227e+01,-8.280785301733155634e-01,2.350063863836971134e-01,3.252953833235484815e+00,3.123517297591005271e-01,5.523219036745010552e-02,-4.486246736180198036e-02,-9.472978206910028787e-01,2.267642706560737704e-03,-1.667540526252538687e-05,-1.509301514987714150e-03,1.385716772039591489e-02,3.185990935080355857e-02,1.450184987221054059e-02,1.000000000000000000e+00
5.510800000000000409e+01,-8.279799239282883416e-01,2.350058268718217547e-01,3.252876203363409768e+00,3.126632543328270453e-01,5.600436607765837266e-02,-4.492767160794661901e-02,-9.471466120375102715e-01,1.833354007472679089e-03,-7.845006568207525997e-06,-1.686614441692520141e-03,1.069385756946534920e-02,2.903226885964736714e-02,1.141096530138767384e-02,1.000000000000000000e+00
5.515599999999999881e+01,-8.279078164215107893e-01,2.350056161095969431e-01,3.252793324998660918e+00,3.128869997299618122e-01,5.666569318881084505e-02,-4.494255760152187501e-02,-9.470326769080613660e-01,1.201916445700885626e-03,-1.891129767887138127e-06,-1.746226703356546645e-03,7.405900996110660085e-03,2.437021626239209426e-02,7.033648655309601705e-03,1.000000000000000000e+00
5.520400000000000063e+01,-8.278684043839643625e-01,2.350056247030952450e-01,3.252709669113142521e+00,3.130026986970994574e-01,5.719540674707376121e-02,-4.491818408210630775e-02,-9.469637547415086232e-01,4.955385400548369080e-04,1.607964209571765638e-06,-1.731121515059167804e-03,4.525830280059256819e-03,1.925731227587972744e-02,2.179938762603474047e-03,1.000000000000000000e+00
5.525200000000000244e+01,-8.278626749143830343e-01,2.350057526974094479e-01,3.252628008642503232e+00,3.130072006399508555e-01,5.759761983900208576e-02,-4.486654095375557788e-02,-9.469403360504128342e-01,-1.898198827631659036e-04,3.343914660298408119e-06,-1.670819121529317029e-03,2.252201263046471873e-03,1.444866709356885763e-02,-2.503926324611709109e-03,1.000000000000000000e+00
5.530000000000000426e+01,-8.278877711185750332e-01,2.350059318588696433e-01,3.252549969225292159e+00,3.129100613537214581e-01,5.788859153773123767e-02,-4.479851394590049496e-02,-9.469579175558054951e-01,-7.875187860637094216e-04,3.921953132536622182e-06,-1.584977340316455355e-03,6.080953300997575441e-04,1.031128161518174782e-02,-6.565865363158823916e-03,1.000000000000000000e+00
5.534799999999999898e+01,-8.279383856613868886e-01,2.350061224768687507e-01,3.252476484865398643e+00,3.127290003749805813e-01,5.808822667481917251e-02,-4.472296149807244992e-02,-9.470090743815935408e-01,-1.261833822487141077e-03,4.440228328007327384e-06,-1.475899735113565207e-03,-6.151209794458023820e-04,6.682082298421253633e-03,-9.746612597943059633e-03,1.000000000000000000e+00
5.539600000000000080e+01,-8.280098020823588589e-01,2.350065344797055145e-01,3.252413675499646217e+00,3.124828456937596144e-01,5.813132896688074508e-02,-4.463663072624945299e-02,-9.470917542334972294e-01,-1.670720061025572070e-03,1.280685110128725144e-05,-1.117912691879046662e-03,-4.369463338184226796e-03,-2.778240885531136663e-03,-1.207372165578131200e-02,1.000000000000000000e+00
5.544400000000000261e+01,-8.280985616571922003e-01,2.350074032894194365e-01,3.252375474353239593e+00,3.121896211674695110e-01,5.785285992946863354e-02,-4.453092949513068333e-02,-9.472104746842664458e-01,-1.976251098119422792e-03,2.235067035245820943e-05,-4.914578918965575253e-04,-9.880384401978947392e-03,-1.736841018227867559e-02,-1.331436727119297662e-02,1.000000000000000000e+00
5.549200000000000443e+01,-8.281968875481084957e-01,2.350086572483093827e-01,3.252371340710937364e+00,3.118778363663503583e-01,5.718824396252299852e-02,-4.441571824707218202e-02,-9.473589414306092804e-01,-2.068526266375434082e-03,2.853818269383889846e-05,2.630716149318798060e-04,-1.487269480320676379e-02,-3.238263925116440650e-02,-1.297501555229916420e-02,1.000000000000000000e+00
5.553999999999999915e+01,-8.282918567764910867e-01,2.350100495088144614e-01,3.252402666639563567e+00,3.115886737977854870e-01,5.619796979260772984e-02,-4.431378975511854335e-02,-9.475181130667983398e-01,-1.849330793339765784e-03,2.821156576435856104e-05,9.571540149627686452e-04,-1.735606335237327436e-02,-4.297718510281030302e-02,-1.065936242807763966e-02,1.000000000000000000e+00
5.558800000000000097e+01,-8.283670618192321422e-01,2.350112099111829611e-01,3.252461164010821637e+00,3.113711036476362048e-01,5.506002915583583374e-02,-4.425319359373612593e-02,-9.476592656959395011e-01,-1.273498308689416120e-03,1.939672704358045229e-05,1.383957108055761066e-03,-1.586085027737209677e-02,-4.488097000600124037e-02,-6.313787294894416570e-03,1.000000000000000000e+00
5.563600000000000279e+01,-8.284060102646001456e-01,2.350117226553004590e-01,3.252529121833497516e+00,3.112720508027176369e-01,5.404045746153483126e-02,-4.425898312102730797e-02,-9.477502211867382398e-01,-3.793340097376126231e-04,2.155618958819074620e-06,1.363813848431048468e-03,-9.768074637024996842e-03,-3.536349053154910771e-02,-3.795721316845291704e-04,1.000000000000000000e+00
5.568400000000000460e+01,-8.283964993142383104e-01,2.350112458869013377e-01,3.252582048727267416e+00,3.113237330275935300e-01,5.343967093209821967e-02,-4.434501236214450498e-02,-9.477632904386168455e-01,7.008282719229426243e-04,-2.065133992397866699e-05,7.956519017863804624e-04,4.238278495345354849e-04,-1.414953753642027301e-02,6.176246862392389091e-03,1.000000000000000000e+00
5.573199999999999932e+01,-8.283351255476554265e-01,2.350096994615017143e-01,3.252594474642082290e+00,3.115306358879207926e-01,5.350769442749696986e-02,-4.450559273187307957e-02,-9.476839355797405107e-01,1.725773081655372675e-03,-3.822700892203065418e-05,-2.094891731824861329e-04,1.180173877402157859e-02,1.350349309894169694e-02,1.191227397776271207e-02,1.000000000000000000e+00
5.578000000000000114e+01,-8.282355650084797238e-01,2.350079843943199132e-01,3.252563789036151398e+00,3.118512569520904276e-01,5.411229600822384939e-02,-4.468491510742119560e-02,-9.475357045093141251e-01,2.287904086984073049e-03,-3.195017213241189139e-05,-9.500501963136916746e-04,1.572133492372870117e-02,2.796555830612003357e-02,1.504407881409779678e-02,1.000000000000000000e+00
5.582800000000000296e+01,-8.281222357771095277e-01,2.350067377956990555e-01,3.252505625020018165e+00,3.122129976846850785e-01,5.491161639302580971e-02,-4.482696625752297798e-02,-9.473638696709912876e-01,2.354101679765481688e-03,-2.083146857390618187e-05,-1.395437114082546384e-03,1.484170298948336505e-02,3.199362310185835390e-02,1.516860668219764847e-02,1.000000000000000000e+00
5.587599999999999767e+01,-8.280162947094444892e-01,2.350060045114319707e-01,3.252431767864148782e+00,3.125489724751084886e-01,5.571247674908769154e-02,-4.491391360121019943e-02,-9.472021959984358030e-01,2.033955011472990577e-03,-1.095773321456313431e-05,-1.634053131876876284e-03,1.199103488571274211e-02,3.046103276752743644e-02,1.282032110761085857e-02,1.000000000000000000e+00
5.592399999999999949e+01,-8.279327647744292307e-01,2.350056738307209903e-01,3.252350301129820043e+00,3.128105123110663799e-01,5.642157403545729893e-02,-4.494731551565416677e-02,-9.470722930162117636e-01,1.463881746930758990e-03,-3.892152149403232299e-06,-1.733678842349407239e-03,8.662517777368244215e-03,2.630590616119690348e-02,8.842969329118006289e-03,1.000000000000000000e+00
5.597200000000000131e+01,-8.278801962892707866e-01,2.350056104085871678e-01,3.252266547941665475e+00,3.129696754888848242e-01,5.700327576020446790e-02,-4.493685035964078284e-02,-9.469853685547325872e-01,7.738056524821395211e-04,4.885025123040137503e-07,-1.743600242675197743e-03,5.585450614354021265e-03,2.125115977384976068e-02,4.088423394362759346e-03,1.000000000000000000e+00
5.602000000000000313e+01,-8.278614594751616540e-01,2.350057015094580704e-01,3.252183869717177434e+00,3.130171077913158073e-01,5.745386335454526205e-02,-4.489448590485943524e-02,-9.469444698349182010e-01,7.069290205069341166e-05,2.833539693824640730e-06,-1.698148705454290272e-03,3.064920380422195539e-03,1.626256866668282508e-02,-7.263879959729388838e-04,1.000000000000000000e+00
5.606799999999999784e+01,-8.278750323630098551e-01,2.350058670860465382e-01,3.252104285675752049e+00,3.129579462423086045e-01,5.778597719487980205e-02,-4.483168342573138482e-02,-9.469467909469060363e-01,-5.673684029795296891e-04,3.803946691865487022e-06,-1.620443095271898283e-03,1.178914313040973008e-03,1.183676344575376044e-02,-5.072877008293764922e-03,1.000000000000000000e+00
5.611599999999999966e+01,-8.279163976187764451e-01,2.350060548029657692e-01,3.252028923839651142e+00,3.128072521879288193e-01,5.801934437879673057e-02,-4.475822267269101429e-02,-9.469857866724675777e-01,-1.090884576100339389e-03,3.895837732928930983e-06,-1.525642707864608306e-03,-1.093617108604520846e-04,8.183012078181114285e-03,-8.614625617881446415e-03,1.000000000000000000e+00
5.616400000000000148e+01,-8.279800051126622318e-01,2.350063308004599338e-01,3.251960361658985832e+00,3.125846373274197010e-01,5.814431516211462925e-02,-4.467788405342015823e-02,-9.470554206580117373e-01,-1.517751193143390947e-03,9.037643498331826545e-06,-1.295392131113327905e-03,-2.559947985509807358e-03,1.775531477565568802e-03,-1.126965821842570298e-02,1.000000000000000000e+00
5.621200000000000330e+01,-8.280626191069667685e-01,2.350070179718470043e-01,3.251911065746543983e+00,3.123071398960184930e-01,5.800597950772150291e-02,-4.457954121076432297e-02,-9.471600821491353850e-01,-1.875956304766053778e-03,1.882169083294026960e-05,-7.602788179060517796e-04,-7.668256774608302011e-03,-1.134956185025718864e-02,-1.298928752637180939e-02,1.000000000000000000e+00
5.625999999999999801e+01,-8.281584764674395638e-01,2.350081425261365264e-01,3.251892969235698594e+00,3.119983594902244750e-01,5.749196237973195484e-02,-4.446588305232865301e-02,-9.472985185154222387e-01,-2.064894920866221228e-03,2.674625898592154286e-05,-3.555153977188579698e-05,-1.311907630486130322e-02,-2.677846331794483253e-02,-1.332625054563328637e-02,1.000000000000000000e+00
5.630799999999999983e+01,-8.282565780488013729e-01,2.350095195150047334e-01,3.251910885291322106e+00,3.116947806746310223e-01,5.661383312883512542e-02,-4.435554049995731746e-02,-9.474565022340666332e-01,-1.976557821645403938e-03,2.928018251517549997e-05,7.066425495694982550e-04,-1.679356518751370236e-02,-3.966016758311962515e-02,-1.181268366323177943e-02,1.000000000000000000e+00
5.635600000000000165e+01,-8.283415564859966107e-01,2.350108199376459150e-01,3.251960397021029792e+00,3.114432690433474038e-01,5.550582906576864012e-02,-4.427545964746169155e-02,-9.476085039615893546e-01,-1.540612472259833034e-03,2.390764922760570688e-05,1.261907106349076293e-03,-1.698089981486487765e-02,-4.539230069250135141e-02,-8.237217783568596963e-03,1.000000000000000000e+00
5.640400000000000347e+01,-8.283964633127132160e-01,2.350116336966658614e-01,3.252027298138352673e+00,3.112929578040953826e-01,5.440467955817687717e-02,-4.425287122745463070e-02,-9.477228015890912793e-01,-7.602208494111941956e-04,9.780615070089948796e-06,1.433898509840962057e-03,-1.269117975391705587e-02,-4.052339573162348774e-02,-2.836748106599109361e-03,1.000000000000000000e+00
5.645199999999999818e+01,-8.284068800085597761e-01,2.350115737095332946e-01,3.252089274311057210e+00,3.112833889709447077e-01,5.360514277494743407e-02,-4.430691860517071284e-02,-9.477689789091831019e-01,2.687261195801207096e-04,-1.138347817569280399e-05,1.084873924784385225e-03,-3.964461327414371510e-03,-2.372683295545140875e-02,3.621931789963453701e-03,1.000000000000000000e+00
5.650000000000000000e+01,-8.283653554137138109e-01,2.350104110659484435e-01,3.252120016018931636e+00,3.114315170102111008e-01,5.339397914882471757e-02,-4.444122860493120164e-02,-9.477259468873148185e-01,1.361871798459822524e-03,-3.494954650847461062e-05,1.847871687422664752e-04,7.959096190047117506e-03,3.454892478252888453e-03,9.896773060005085304e-03,1.000000000000000000e+00
5.654800000000000182e+01,-8.282778632748207803e-01,2.350086203168840482e-01,3.252104262208999952e+00,3.117158299130631804e-01,5.383681739271698602e-02,-4.462256067852239660e-02,-9.475988948669815670e-01,2.131403851067135199e-03,-3.561533093234216165e-05,-7.013769109491435659e-04,1.498074653545433156e-02,2.391502296465243885e-02,1.418723350082969244e-02,1.000000000000000000e+00
5.659600000000000364e+01,-8.281671058771751248e-01,2.350071687295979261e-01,3.252055197861584368e+00,3.120702237758913866e-01,5.459052236393383689e-02,-4.478291489352748816e-02,-9.474315494188149112e-01,2.381373269557220725e-03,-2.521706215198968003e-05,-1.250351903459995858e-03,1.553876446255654693e-02,3.129961350233143036e-02,1.545510955657770566e-02,1.000000000000000000e+00
5.664399999999999835e+01,-8.280561271017855551e-01,2.350062436073618033e-01,3.251986332917733868e+00,3.124231932287207525e-01,5.540625585176988527e-02,-4.489194088795207122e-02,-9.472626925982937651e-01,2.196409039077194467e-03,-1.451372380430837421e-05,-1.560539977709587880e-03,1.322210755999662403e-02,3.150137678506081257e-02,1.398046489296480947e-02,1.000000000000000000e+00
5.669200000000000017e+01,-8.279624771637140723e-01,2.350057719695443081e-01,3.251907079692929692e+00,3.127182671442904627e-01,5.615791578268030521e-02,-4.494537716320935739e-02,-9.471185179062194814e-01,1.707617587143694157e-03,-6.306565117906705029e-06,-1.707625963696109183e-03,9.960680194929853043e-03,2.811064006769041154e-02,1.053401450337217334e-02,1.000000000000000000e+00
5.674000000000000199e+01,-8.278971854722965151e-01,2.350056192914874997e-01,3.251823735030764606e+00,3.129194817528984651e-01,5.679115368621574095e-02,-4.495065968914521010e-02,-9.470140447723024435e-01,1.050189045062480857e-03,-9.405925579993359744e-07,-1.747749546753307823e-03,6.731238206139334400e-03,2.325824475781600523e-02,5.988329497141526431e-03,1.000000000000000000e+00
5.678800000000000381e+01,-8.278652041262946071e-01,2.350056613758613466e-01,3.251740342736599843e+00,3.130106446711082291e-01,5.729209571998593320e-02,-4.491932302449012232e-02,-9.469552294114069735e-01,3.412301660281775724e-04,2.115739224197308605e-06,-1.720627669699689982e-03,3.974747220311807688e-03,1.816369063778095622e-02,1.123244995262141169e-03,1.000000000000000000e+00
5.683599999999999852e+01,-8.278665601271832930e-01,2.350058054907574745e-01,3.251659383756691390e+00,3.129917735953411939e-01,5.766837827356128404e-02,-4.486323287790214970e-02,-9.469412854790326683e-01,-3.296591086113883793e-04,3.553961953657741550e-06,-1.653335980483617825e-03,1.840799790686835835e-03,1.348041890764668099e-02,-3.456547272228440229e-03,1.000000000000000000e+00
5.688400000000000034e+01,-8.278977434353229636e-01,2.350059894504618607e-01,3.251582290000837983e+00,3.128745886724971781e-01,5.793777646512131285e-02,-4.479290014113919416e-02,-9.469668958935359981e-01,-9.021129315757290450e-04,3.942058171008026391e-06,-1.563799158366857870e-03,3.277815184836195073e-04,9.513158803106238487e-03,-7.341155938964940772e-03,1.000000000000000000e+00
5.693200000000000216e+01,-8.279531740983163690e-01,2.350061945919816875e-01,3.251510164588840901e+00,3.126778796522661219e-01,5.811598466129292567e-02,-4.471611109653134825e-02,-9.470245748191616908e-01,-1.355176896735740821e-03,5.774052118591946082e-06,-1.425478486814778364e-03,-1.159202848955072493e-03,5.281317078072726018e-03,-1.032749749825273566e-02,1.000000000000000000e+00
5.698000000000000398e+01,-8.280287801994133945e-01,2.350067011885143553e-01,3.251451620802237485e+00,3.124196512949165561e-01,5.810057694642634801e-02,-4.462563236701976715e-02,-9.471150074722177736e-01,-1.749974325353269777e-03,1.499646458841938146e-05,-9.995551835100078154e-04,-5.506593994648950607e-03,-5.686788942057183042e-03,-1.245392529234419163e-02,1.000000000000000000e+00
5.702799999999999869e+01,-8.281204856510803181e-01,2.350076677880427456e-01,3.251420322916558803e+00,3.121194592486610242e-01,5.773885834330395178e-02,-4.451643963576915747e-02,-9.472412332651543032e-01,-2.018642343012053402e-03,2.412601407721992199e-05,-3.310217813423899048e-04,-1.109194130227876898e-02,-2.078712986778648297e-02,-1.339278053578149552e-02,1.000000000000000000e+00
5.707600000000000051e+01,-8.282193487226013895e-01,2.350089788665981616e-01,3.251424170428417249e+00,3.118086940955400177e-01,5.699344344335736251e-02,-4.440186993897678874e-02,-9.473940888758093370e-01,-2.050022113792849144e-03,2.912923280960816842e-05,4.277527915844925549e-04,-1.569343365264639148e-02,-3.524540212638623687e-02,-1.264673714012427320e-02,1.000000000000000000e+00
5.712400000000000233e+01,-8.283114719634524503e-01,2.350103558108425361e-01,3.251462523087944589e+00,3.115308640845775301e-01,5.595183337921868366e-02,-4.430654486316147611e-02,-9.475520266172774431e-01,-1.754174650587553069e-03,2.705844954639715844e-05,1.081013964910626469e-03,-1.740854156686140811e-02,-4.426859317829168888e-02,-9.876173402902262144e-03,1.000000000000000000e+00
5.717200000000000415e+01,-8.283800871238852226e-01,2.350114101629456609e-01,3.251524930846325656e+00,3.113354786337898528e-01,5.481467858755450367e-02,-4.425858457016102615e-02,-9.476849415533933341e-01,-1.102139033160385272e-03,1.630169150095105220e-05,1.423570251140583026e-03,-1.492523061122795307e-02,-4.383623755333949240e-02,-5.126402050494105814e-03,1.000000000000000000e+00
5.721999999999999886e+01,-8.284092487433024621e-01,2.350117306775114379e-01,3.251591885406884597e+00,3.112673873742310415e-01,5.386093457878409624e-02,-4.428126947686156917e-02,-9.477609310670276344e-01,-1.527132109606884930e-04,-2.512452987703404016e-06,1.288560833197494515e-03,-7.851039739668677631e-03,-3.168438261059856181e-02,1.044177700744786715e-03,1.000000000000000000e+00
5.726800000000000068e+01,-8.283882824520741872e-01,2.350110100359514009e-01,3.251638000221264146e+00,3.113538595488350991e-01,5.338941719232908473e-02,-4.438503869206582297e-02,-9.477543524649270079e-01,9.422258784246087537e-04,-2.588338036914135165e-05,5.984599253648837562e-04,3.052841862079095324e-03,-8.165972326297798317e-03,7.563271738752872127e-03,1.000000000000000000e+00
5.731600000000000250e+01,-8.283166498979657177e-01,2.350093177805120115e-01,3.251639919635116893e+00,3.115910749970186577e-01,5.360588031632589068e-02,-4.455643858956272185e-02,-9.476561271674079912e-01,1.894582370769671599e-03,-3.796596961854713508e-05,-4.012326683121343759e-04,1.328145217415027841e-02,1.789571717130982939e-02,1.285928994717871338e-02,1.000000000000000000e+00
5.736400000000000432e+01,-8.282120017694075687e-01,2.350076833240424545e-01,3.251602022259206581e+00,3.119270919773891038e-01,5.427674362181834217e-02,-4.473076123611985366e-02,-9.474991732933488731e-01,2.342249941602669340e-03,-2.962399859508453953e-05,-1.068800750287866733e-03,1.581529049381674018e-02,2.953295683702130900e-02,1.532144429792245063e-02,1.000000000000000000e+00
5.741199999999999903e+01,-8.280986484283628934e-01,2.350065530390124946e-01,3.251539582096840686e+00,3.122884692339479851e-01,5.508869225344666110e-02,-4.486139953694454063e-02,-9.473270833249254341e-01,2.313043035884007875e-03,-1.848203521868287276e-05,-1.462287173738044833e-03,1.432140720380371997e-02,3.201228895130629054e-02,1.484274311318427818e-02,1.000000000000000000e+00
5.746000000000000085e+01,-8.279965276286492815e-01,2.350059189185226272e-01,3.251463493615926570e+00,3.126116940530418442e-01,5.587506756213849596e-02,-4.493611453831902747e-02,-9.471708669381749823e-01,1.926425123732424969e-03,-9.168045134936875793e-06,-1.665484745834816061e-03,1.127196847262478853e-02,2.970706722572695122e-02,1.206245429116702475e-02,1.000000000000000000e+00
5.750800000000000267e+01,-8.279192278576298358e-01,2.350056576517812468e-01,3.251381162392937618e+00,3.128526199163518817e-01,5.655806013182249070e-02,-4.495896477367562066e-02,-9.470496901071664420e-01,1.319560717511980823e-03,-2.726317527361563425e-06,-1.741901138856031834e-03,7.954522426760582063e-03,2.523976244711561082e-02,7.845067627114206757e-03,1.000000000000000000e+00
5.755600000000000449e+01,-8.278739671908683651e-01,2.350056364949543175e-01,3.251297421863211579e+00,3.129876427017042606e-01,5.711077077228510906e-02,-4.494049412978221025e-02,-9.469727806886517607e-01,6.183366192702855878e-04,1.151131791534017954e-06,-1.737240933359175026e-03,4.982868761350242072e-03,2.013620351952191342e-02,3.021399914465739377e-03,1.000000000000000000e+00
5.760399999999999920e+01,-8.278625383968006846e-01,2.350057497095843773e-01,3.251215294109727871e+00,3.130109555278070554e-01,5.753411555951912226e-02,-4.489272731715826525e-02,-9.469417143100100631e-01,-7.633796693223669641e-05,3.145285166238434226e-06,-1.683084000663051917e-03,2.599333801240204939e-03,1.523971873794906055e-02,-1.730288789004423393e-03,1.000000000000000000e+00
5.765200000000000102e+01,-8.278826469145232902e-01,2.350059239354475860e-01,3.251136570770041256e+00,3.129302520693375000e-01,5.784291161547094190e-02,-4.482682206408263037e-02,-9.469526973082136312e-01,-6.927853266102577349e-04,3.888563585081388711e-06,-1.600560252722324625e-03,8.493751448259494966e-04,1.097148777859581655e-02,-5.924162028071671034e-03,1.000000000000000000e+00
5.770000000000000284e+01,-8.279292989127015057e-01,2.350061119013108213e-01,3.251062233679901770e+00,3.127621773791936510e-01,5.805757685728397260e-02,-4.475212066512498921e-02,-9.469986197806530281e-01,-1.187553295381701783e-03,3.882599276031057541e-06,-1.502810545429941269e-03,-3.283477214556531319e-04,7.477189087112822569e-03,-9.263805470659348257e-03,1.000000000000000000e+00
5.774800000000000466e+01,-8.279973211864446458e-01,2.350064570627406202e-01,3.250996600801489222e+00,3.125260841468083250e-01,5.814074780757516603e-02,-4.466872486945624304e-02,-9.470753957266424550e-01,-1.605020288748496872e-03,1.111687767677751456e-05,-1.201396642459547992e-03,-3.529473110752544707e-03,-6.541050196383029055e-04,-1.173942112824881770e-02,1.000000000000000000e+00
5.779599999999999937e+01,-8.280835106940440671e-01,2.350072469599131797e-01,3.250953317282981647e+00,3.122392601489921149e-01,5.792578829929390105e-02,-4.456612449537713377e-02,-9.471880003563071249e-01,-1.935975966070181253e-03,2.085749726958852350e-05,-6.127033494511071893e-04,-8.907386091273681097e-03,-1.468798113714608194e-02,-1.320134535016238321e-02,1.000000000000000000e+00
5.784400000000000119e+01,-8.281809947865579336e-01,2.350084486902456193e-01,3.250942986317242767e+00,3.119279946075521615e-01,5.732686099895391990e-02,-4.445117788101732997e-02,-9.473323862156878272e-01,-2.072992592915020530e-03,2.787802150212624435e-05,1.322653667489492521e-04,-1.414219681632202658e-02,-2.998078250078599696e-02,-1.316923393611671260e-02,1.000000000000000000e+00
5.789200000000000301e+01,-8.282776727645474457e-01,2.350098417408711116e-01,3.250968547447909973e+00,3.116314768015218117e-01,5.638293230157778030e-02,-4.434498608571704747e-02,-9.474915882585119853e-01,-1.912695838390194572e-03,2.885773292534443723e-05,8.516808905199021269e-04,-1.718253660976554187e-02,-4.167259111491113110e-02,-1.121015904589267240e-02,1.000000000000000000e+00
5.793999999999999773e+01,-8.283575331361494598e-01,2.350110726314087184e-01,3.251023424123084204e+00,3.113979322106729120e-01,5.525316776235842525e-02,-4.427527013772957626e-02,-9.476381776402704737e-01,-1.398155204495295364e-03,2.156664059198387014e-05,1.338926624140740875e-03,-1.644574622985583642e-02,-4.532721699672706550e-02,-7.197541312483634462e-03,1.000000000000000000e+00
5.798799999999999955e+01,-8.284037964582220415e-01,2.350117257132878501e-01,3.251091408913471703e+00,3.112755097719179243e-01,5.419164060966868979e-02,-4.426820715624788655e-02,-9.477400218094814699e-01,-5.518741744693948185e-04,5.647924942102051178e-06,1.405957078328722194e-03,-1.114334786623031107e-02,-3.787708364291331870e-02,-1.481388367154979745e-03,1.000000000000000000e+00
5.803600000000000136e+01,-8.284031947693285547e-01,2.350114363330492173e-01,3.251148880629031179e+00,3.112999193222690808e-01,5.349763833907521943e-02,-4.434012319142484337e-02,-9.477680709949346527e-01,5.096985795352343071e-04,-1.654376303654654892e-05,9.345986277737251737e-04,-1.569140754957466235e-03,-1.857028580324808498e-02,5.057939684805609799e-03,1.000000000000000000e+00
5.808400000000000318e+01,-8.283503935810606622e-01,2.350100425876677501e-01,3.251169629170088893e+00,3.114814908684934713e-01,5.344269372484716785e-02,-4.449002034378403414e-02,-9.477044884475236408e-01,1.575128472388627639e-03,-3.759801480039011559e-05,-4.305392229075469593e-05,1.031141155110045816e-02,9.432453413773665002e-03,1.107354362220983567e-02,1.000000000000000000e+00
5.813199999999999790e+01,-8.282556637903000230e-01,2.350082789517444481e-01,3.251145240190136843e+00,3.117875439146601257e-01,5.398324741256024101e-02,-4.467149540172668520e-02,-9.475646647891804442e-01,2.228999686878648315e-03,-3.369891535784249698e-05,-8.455417297225653606e-04,1.549650681030455973e-02,2.639320997906657862e-02,1.472731192227215956e-02,1.000000000000000000e+00
5.817999999999999972e+01,-8.281430239901884649e-01,2.350069395586439069e-01,3.251090882110580615e+00,3.121474562082629522e-01,5.476652451154583739e-02,-4.482205972910259517e-02,-9.473940976896984001e-01,2.374486222990378204e-03,-2.276624476318829594e-05,-1.335096484411534565e-03,1.519452135452131758e-02,3.180779506429993325e-02,1.534837690783476781e-02,1.000000000000000000e+00
5.822800000000000153e+01,-8.280345241733122474e-01,2.350061229696324694e-01,3.251019084496705513e+00,3.124920249862710997e-01,5.557606233875045376e-02,-4.491877536008297839e-02,-9.472287681627120648e-01,2.111440925721403197e-03,-1.248384396461179119e-05,-1.604062305516267299e-03,1.254873030509203943e-02,3.098226038242210892e-02,1.336999257543582294e-02,1.000000000000000000e+00
5.827600000000000335e+01,-8.279463182021221668e-01,2.350057323862640712e-01,3.250938502213834624e+00,3.127690564311784160e-01,5.630489052394477278e-02,-4.496086054175684604e-02,-9.470922857153788454e-01,1.574650375566168364e-03,-4.909022733517244178e-06,-1.723705131939662393e-03,9.234191867544561463e-03,2.712931137645560944e-02,9.610007103788563085e-03,1.000000000000000000e+00
5.832399999999999807e+01,-8.278880410598665751e-01,2.350056317231452307e-01,3.250854874398725780e+00,3.129470888549023555e-01,5.690961653644834722e-02,-4.495712535430743811e-02,-9.469975036940658786e-01,8.967410109244083492e-04,-1.016642020695268147e-07,-1.746289814116060201e-03,6.082824819101547570e-03,2.214335486044470558e-02,4.932624542877600549e-03,1.000000000000000000e+00
5.837199999999999989e+01,-8.278634601687415717e-01,2.350057028594252639e-01,3.250771852538339335e+00,3.130138178242776736e-01,5.738234632055513873e-02,-4.491940666942253330e-02,-9.469487119618904547e-01,1.893171895611333818e-04,2.546698327246880537e-06,-1.708465707951051455e-03,3.455799904596613611e-03,1.709671594540876360e-02,8.391078556646921647e-05,1.000000000000000000e+00
5.842000000000000171e+01,-8.278717114557440082e-01,2.350058601651762724e-01,3.250691651312905162e+00,3.129722049388099503e-01,5.773369769069436330e-02,-4.485937118640048044e-02,-9.469439560520245269e-01,-4.644214256739589357e-04,3.714885140362935076e-06,-1.635042553562768503e-03,1.460461669040384212e-03,1.255177411333932742e-02,-4.373628185788824493e-03,1.000000000000000000e+00
5.846800000000000352e+01,-8.279086970726968753e-01,2.350060470787190270e-01,3.250615526957091106e+00,3.128359197584642537e-01,5.798264700460997734e-02,-4.478713083622457014e-02,-9.469771976487461052e-01,-1.010227154412025527e-03,3.931492244529960347e-06,-1.542354703953858867e-03,7.426505400187708838e-05,8.757702802893190322e-03,-8.071393208555599497e-03,1.000000000000000000e+00
5.851599999999999824e+01,-8.279687594849970411e-01,2.350062841587535478e-01,3.250545181565524633e+00,3.126244052078491209e-01,5.813411000466758155e-02,-4.470861335052214031e-02,-9.470414702718547018e-01,-1.447100104021429917e-03,7.507800175446372633e-06,-1.358627925486338229e-03,-1.882247295203815039e-03,3.469027272337821960e-03,-1.087135501313834553e-02,1.000000000000000000e+00
5.856400000000000006e+01,-8.280483818607378144e-01,2.350068908973422521e-01,3.250491571383081979e+00,3.123549730062836760e-01,5.805263721813305050e-02,-4.461374192880142309e-02,-9.471398398237573790e-01,-1.823424437694614849e-03,1.716343512349606008e-05,-8.697308854780152207e-04,-6.699430975829385321e-03,-8.787303420169938553e-03,-1.277935134727071521e-02,1.000000000000000000e+00
5.861200000000000188e+01,-8.281426128603696091e-01,2.350079491501164131e-01,3.250467540941267330e+00,3.120492783285354621e-01,5.760612211177224690e-02,-4.450173031526481748e-02,-9.472731277666601724e-01,-2.049784946202451268e-03,2.569301491707440095e-05,-1.666743047882319356e-04,-1.225107250120722850e-02,-2.416368493638060277e-02,-1.339204917231393878e-02,1.000000000000000000e+00
5.866000000000000369e+01,-8.282413519532767499e-01,2.350093035239746997e-01,3.250479313789067071e+00,3.117415857379826627e-01,5.678444227227861379e-02,-4.438900875122142597e-02,-9.474293254588852520e-01,-2.015935489140255159e-03,2.937192045032838728e-05,5.867738848323769251e-04,-1.637020387433618662e-02,-3.783365581299918956e-02,-1.222309945010034704e-02,1.000000000000000000e+00
5.870799999999999841e+01,-8.283298322990926277e-01,2.350106461160644256e-01,3.250524160803391016e+00,3.114774220543558569e-01,5.570147060979670911e-02,-4.430164554269258592e-02,-9.475845745496748185e-01,-1.642139375978772129e-03,2.548100097427419473e-05,1.189300164471957877e-03,-1.725521324347414204e-02,-4.509347161522274383e-02,-9.000458331878612508e-03,1.000000000000000000e+00
5.875600000000000023e+01,-8.283911072546273902e-01,2.350115743958313130e-01,3.250589512334251197e+00,3.113063127488284176e-01,5.457875683296146280e-02,-4.426742554340855340e-02,-9.477077260321643548e-01,-9.169114045411699485e-04,1.281572407294825004e-05,1.439680355389622501e-03,-1.376740942537903190e-02,-4.222073498868342961e-02,-3.874342523552083868e-03,1.000000000000000000e+00
5.880400000000000205e+01,-8.284099951765215852e-01,2.350116878818009625e-01,3.250654222816939942e+00,3.112704053662971870e-01,5.370528835018204689e-02,-4.430747044462546302e-02,-9.477675478771804274e-01,8.025440942543476594e-05,-7.397046402511722300e-06,1.186321507226187214e-03,-5.751736259963934408e-03,-2.745887798884645917e-02,2.480007185110672668e-03,1.000000000000000000e+00
5.885200000000000387e+01,-8.283775444886934958e-01,2.350107203045167792e-01,3.250692276793686109e+00,3.113914428419517488e-01,5.337465462915751829e-02,-4.442852385242401086e-02,-9.477407988666102234e-01,1.178976264953197385e-03,-3.103626907911298722e-05,3.771316594424053634e-04,5.767737104887107891e-03,-1.808401944707075434e-03,8.892401301819931325e-03,1.000000000000000000e+00
5.889999999999999858e+01,-8.282966089163723566e-01,2.350089447230456763e-01,3.250684047651715591e+00,3.116562123601767098e-01,5.372542015455726572e-02,-4.460710298796929929e-02,-9.476255541560417717e-01,2.037122092698962807e-03,-3.689872635408412321e-05,-5.751626191982473022e-04,1.436842636419600333e-02,2.153176148851669580e-02,1.365952703161144206e-02,1.000000000000000000e+00
5.894800000000000040e+01,-8.281880836091420894e-01,2.350074071865732028e-01,3.250639660793601227e+00,3.120039324381604917e-01,5.444783281672830461e-02,-4.477431100150409959e-02,-9.474619996174127312e-01,2.373032248624139685e-03,-2.719468144381248457e-05,-1.174643901897928690e-03,1.572428206604572359e-02,3.067347702390069153e-02,1.545192313969765731e-02,1.000000000000000000e+00
5.899600000000000222e+01,-8.280756891709553091e-01,2.350063920478787927e-01,3.250573459160438716e+00,3.123618000310170451e-01,5.526464970621899203e-02,-4.489300875457122308e-02,-9.472911601715674479e-01,2.254385354040028440e-03,-1.622911763561052175e-05,-1.520117823536582110e-03,1.373022607488035528e-02,3.180680862926501401e-02,1.440297067725981699e-02,1.000000000000000000e+00
5.904400000000000404e+01,-8.279780576647257639e-01,2.350058509545557006e-01,3.250495491989863428e+00,3.126700968754581034e-01,5.603289887785622980e-02,-4.495571380193676136e-02,-9.471413350497350780e-01,1.808046220605971860e-03,-7.518181643194576045e-06,-1.690847909252962732e-03,1.054151785268709479e-02,2.885093542322477583e-02,1.123362393513884470e-02,1.000000000000000000e+00
5.909199999999999875e+01,-8.279073443129683074e-01,2.350056527121833772e-01,3.250412529322388888e+00,3.128892428930878933e-01,5.668851418178751100e-02,-4.496853264034682274e-02,-9.470293369868886257e-01,1.170564534672120620e-03,-1.682997976687459867e-06,-1.746181599182973498e-03,7.263564176086480598e-03,2.414276500975049908e-02,6.817121887053684617e-03,1.000000000000000000e+00
5.914000000000000057e+01,-8.278694815963509868e-01,2.350056687959955759e-01,3.250328950106429637e+00,3.129998337212790416e-01,5.721226164580239804e-02,-4.494264369979754370e-02,-9.469625230098059898e-01,4.631457171874749199e-04,1.724652368582663577e-06,-1.728413301564575436e-03,4.408564891009475635e-03,1.903006067362579545e-02,1.957707808586224389e-03,1.000000000000000000e+00
5.918800000000000239e+01,-8.278652499561672817e-01,2.350058006642296582e-01,3.250247463928678027e+00,3.129993999677057603e-01,5.760904599639497109e-02,-4.489001983387041345e-02,-9.469411067001773930e-01,-2.195578445517475184e-04,3.398168307845015574e-06,-1.666542059802298770e-03,2.164121537179953918e-03,1.424568035982295283e-02,-2.706871667062999906e-03,1.000000000000000000e+00
5.923600000000000421e+01,-8.278916496384135515e-01,2.350059813074205362e-01,3.250169654130163455e+00,3.128979707501108876e-01,5.789547562455108626e-02,-4.482147115281800986e-02,-9.469604054691874717e-01,-8.122200746013525470e-04,3.935758345796119132e-06,-1.579852743184093772e-03,5.477377645823205965e-04,1.014295244443049089e-02,-6.733348112349441493e-03,1.000000000000000000e+00
5.928399999999999892e+01,-8.279433016764830011e-01,2.350061740664065868e-01,3.250096462561762767e+00,3.127135236332452273e-01,5.809099817174686459e-02,-4.474568442659218603e-02,-9.470129417243919878e-01,-1.281739241983644332e-03,4.681091866270593876e-06,-1.466021605489770379e-03,-7.120372132965609689e-04,6.427182095573929013e-03,-9.873329680534422351e-03,1.000000000000000000e+00
5.933200000000000074e+01,-8.280156244555234579e-01,2.350066058575883687e-01,3.250034528713980020e+00,3.124647190470796199e-01,5.812252210659089868e-02,-4.465850838465302425e-02,-9.470972439003596532e-01,-1.688158609544350040e-03,1.328303487506555454e-05,-1.093209958016624515e-03,-4.603367465115607189e-03,-3.372358330557535984e-03,-1.216028006949620814e-02,1.000000000000000000e+00
5.938000000000000256e+01,-8.281050558706504194e-01,2.350074966528787057e-01,3.249997789794489833e+00,3.121698469228282313e-01,5.782666544379334861e-02,-4.455201033812412198e-02,-9.472176000321479439e-01,-1.986521118901746295e-03,2.276414024058535370e-05,-4.571176279319367477e-04,-1.014070147204798600e-02,-1.809358466783687891e-02,-1.333997006114312489e-02,1.000000000000000000e+00
5.942800000000000438e+01,-8.282035722931397892e-01,2.350087650086640501e-01,3.249995388463519763e+00,3.118580259208286742e-01,5.714456464824774901e-02,-4.443681983869052221e-02,-9.473671091200870364e-01,-2.066433603295605211e-03,2.871884406795769111e-05,2.992863804769098053e-04,-1.505986814840918481e-02,-3.301425833654090397e-02,-1.291663579153798543e-02,1.000000000000000000e+00
5.947599999999999909e+01,-8.282980337848484531e-01,2.350101569320315331e-01,3.250028294436889453e+00,3.115709635045284531e-01,5.614245870191959115e-02,-4.433615186674967623e-02,-9.475261815218682937e-01,-1.831225034378361396e-03,2.803015509777928281e-05,9.857844626466822149e-04,-1.738771596849887635e-02,-4.329738222264095659e-02,-1.050482888594181027e-02,1.000000000000000000e+00
5.952400000000000091e+01,-8.283719371424242972e-01,2.350112977374438639e-01,3.250087759909602525e+00,3.113578028050428270e-01,5.500328416868162373e-02,-4.427810992208065094e-02,-9.476657672116287623e-01,-1.239010783312354241e-03,1.879543646956988347e-05,1.395656203525886792e-03,-1.568628179782959042e-02,-4.471995997405268930e-02,-6.071173944634503453e-03,1.000000000000000000e+00
5.957200000000000273e+01,-8.284088818552948208e-01,2.350117717310315768e-01,3.250155679268101228e+00,3.112651031020314818e-01,5.399608097946766855e-02,-4.428741072766972930e-02,-9.477537043350349188e-01,-3.323904132282600485e-04,1.193690275925357960e-06,1.351687452687180564e-03,-9.383251091831813426e-03,-3.464575525449307275e-02,-8.165321938132191846e-05,1.000000000000000000e+00
5.962000000000000455e+01,-8.283969660311670813e-01,2.350112435160482682e-01,3.250207345993282981e+00,3.113241069833611041e-01,5.342128425985491480e-02,-4.437721574024820065e-02,-9.477626968403987107e-01,7.520793566428227031e-04,-2.177603936433139786e-05,7.575781334628460973e-04,9.676345282074430478e-04,-1.292994769850084116e-02,6.473790979853830986e-03,1.000000000000000000e+00
5.966799999999999926e+01,-8.283333472174539969e-01,2.350096600689430271e-01,3.250217611358309444e+00,3.115376470086860250e-01,5.352134242588697799e-02,-4.454037515699089261e-02,-9.476792259947973696e-01,1.763997910721374620e-03,-3.829696216522112740e-05,-2.503110085771923649e-04,1.215044701255164200e-02,1.449624456860969593e-02,1.212670695961697194e-02,1.000000000000000000e+00
5.971600000000000108e+01,-8.282325826740424279e-01,2.350079583976598940e-01,3.250185389418165371e+00,3.118619232377302097e-01,5.414131970845491998e-02,-4.471887972902648112e-02,-9.475289336640193572e-01,2.302086155436165304e-03,-3.150822011147606718e-05,-9.753595968958553037e-04,1.576142321812536162e-02,2.834044322063215479e-02,1.511933041905451532e-02,1.000000000000000000e+00
5.976400000000000290e+01,-8.281191264551971409e-01,2.350067348855896243e-01,3.250126314876645051e+00,3.122239888957737963e-01,5.494418996224854218e-02,-4.485860987526010812e-02,-9.473568608858350393e-01,2.347778059825889486e-03,-2.035338894556431352e-05,-1.409641054233552000e-03,1.474223201483643511e-02,3.202635541044625278e-02,1.511470393590886099e-02,1.000000000000000000e+00
5.981200000000000472e+01,-8.280138943062542722e-01,2.350060221425511187e-01,3.250051986522717318e+00,3.125576017238416160e-01,5.574254001059389396e-02,-4.494298160752055460e-02,-9.471962010280838840e-01,2.013003359383775098e-03,-1.058158197966174407e-05,-1.640617579746682115e-03,1.184379058144828870e-02,3.032022653013242627e-02,1.267148974490263889e-02,1.000000000000000000e+00
5.985999999999999943e+01,-8.279316128054712287e-01,2.350057062611724812e-01,3.249970344645826348e+00,3.128150193227047793e-01,5.644645536156465276e-02,-4.497412295431105905e-02,-9.470680491008774959e-01,1.434503505599369396e-03,-3.639977730783658986e-06,-1.735194972072025754e-03,8.514393122186984797e-03,2.609216681603886839e-02,8.639125304529272562e-03,1.000000000000000000e+00
5.990800000000000125e+01,-8.278805512540998723e-01,2.350056521465832549e-01,3.249886608014969092e+00,3.129692119713541332e-01,5.702222706423103887e-02,-4.496191927318003712e-02,-9.469831908719067437e-01,7.414514719848527445e-04,6.375868586451030634e-07,-1.741913498527419097e-03,5.457938328519454547e-03,2.102245167297982220e-02,3.865816392542712962e-03,1.000000000000000000e+00
5.995600000000000307e+01,-8.278633490322838684e-01,2.350057483864090302e-01,3.249804065206159276e+00,3.130115844184928608e-01,5.746716781954112896e-02,-4.491836340403517619e-02,-9.469443559532574328e-01,3.959045088739598120e-05,2.909441695652755557e-06,-1.694524617480947003e-03,2.965603414701770135e-03,1.605026633187539922e-02,-9.392472122308423172e-04,1.000000000000000000e+00
6.000399999999999778e+01,-8.278783158740468107e-01,2.350059162722426820e-01,3.249724686271330487e+00,3.129478304320783555e-01,5.779441186300626754e-02,-4.485485885385163268e-02,-9.469485218439630536e-01,-5.943201624866449768e-04,3.831756448155845467e-06,-1.615723938196815708e-03,1.108097997722975146e-03,1.165579606011898049e-02,-5.256310900390746485e-03,1.000000000000000000e+00
6.005199999999999960e+01,-8.279208278649425878e-01,2.350061044647292763e-01,3.249649566909578624e+00,3.127933654859122448e-01,5.802386243541544919e-02,-4.478109681487946886e-02,-9.469890153872592142e-01,-1.112013590414763758e-03,3.892641923099731713e-06,-1.520376211728142980e-03,-1.548816485329102596e-04,8.038326784294605107e-03,-8.757267299304578520e-03,1.000000000000000000e+00
6.010000000000000142e+01,-8.279853878806612277e-01,2.350063934313482428e-01,3.249581584125229572e+00,3.125678000652182820e-01,5.814101258791779664e-02,-4.470018200569256944e-02,-9.470601283689960015e-01,-1.536794563167703190e-03,9.474783817689372547e-06,-1.276254540632815963e-03,-2.752903120192462440e-03,1.294635207002582753e-03,-1.137536102746679149e-02,1.000000000000000000e+00
6.014800000000000324e+01,-8.280688025286095932e-01,2.350071030098160596e-01,3.249533537860131549e+00,3.122881594739080335e-01,5.798702499010738309e-02,-4.460090804727612906e-02,-9.471664950717767484e-01,-1.889881156672209217e-03,1.927910947561105418e-05,-7.292270560593967516e-04,-7.929100177149480538e-03,-1.204436460671404197e-02,-1.304358163870689841e-02,1.000000000000000000e+00
6.019599999999999795e+01,-8.281650802462436900e-01,2.350082457886832621e-01,3.249517098851243180e+00,3.119785936211076360e-01,5.745498456870971188e-02,-4.448687248607401806e-02,-9.473062862911936222e-01,-2.068483198014111485e-03,2.703508983945060779e-05,7.026479420862231972e-07,-1.334497539461731649e-02,-2.746973387255582238e-02,-1.330534720437524625e-02,1.000000000000000000e+00
6.024399999999999977e+01,-8.282629828954901630e-01,2.350096289592092658e-01,3.249536697295671406e+00,3.116761782433358774e-01,5.656221875256630532e-02,-4.437726061506661740e-02,-9.474646875032955995e-01,-1.965341192499947195e-03,2.925438549999211172e-05,7.392087217826042670e-04,-1.689459839760736048e-02,-4.012493978373923159e-02,-1.169884099993042173e-02,1.000000000000000000e+00
6.029200000000000159e+01,-8.283469904372113835e-01,2.350109177933034643e-01,3.249587464002000825e+00,3.114281172488270744e-01,5.544831721490867116e-02,-4.429922107092604949e-02,-9.476157401169499339e-01,-1.512759181506892654e-03,2.347604841786583366e-05,1.281200464138446344e-03,-1.689231886520816545e-02,-4.543747447637551395e-02,-8.029625769321022122e-03,1.000000000000000000e+00
6.034000000000000341e+01,-8.284001662555111611e-01,2.350117002032622582e-01,3.249654761478316889e+00,3.112834091138764747e-01,5.435389747423636370e-02,-4.427980442771026898e-02,-9.477275937523651494e-01,-7.178785746898787203e-04,8.951001072887319540e-06,1.431809256922008441e-03,-1.238901789098648294e-02,-4.003151955622268748e-02,-2.558059088001176339e-03,1.000000000000000000e+00
6.038799999999999812e+01,-8.284083091620617623e-01,2.350115929042483065e-01,3.249715977524129773e+00,3.112808670530275434e-01,5.357501975064614397e-02,-4.433759738286703611e-02,-9.477700757693023892e-01,3.190444758629624143e-04,-1.246875711470544633e-05,1.057160207133027875e-03,-3.477385587252856524e-03,-2.269777282208031155e-02,3.924788971933119291e-03,1.000000000000000000e+00
6.043599999999999994e+01,-8.283643839252831098e-01,2.350103783542300817e-01,3.249744759612285705e+00,3.114361326487824488e-01,5.339612473318920693e-02,-4.447534355715403176e-02,-9.477227088973451119e-01,1.408873370660822287e-03,-3.574120701367050368e-05,1.368252693679223144e-04,8.494398706967686008e-03,4.775231819214820553e-03,1.015593928601663844e-02,1.000000000000000000e+00
6.048400000000000176e+01,-8.282752469096946735e-01,2.350085878453418708e-01,3.249727190106701080e+00,3.117253889507631270e-01,5.386096728840723130e-02,-4.465702675035318481e-02,-9.475927543243837237e-01,2.154692288493053817e-03,-3.528335124457144715e-05,-7.317230376601441960e-04,1.511396453257033735e-02,2.448373804486789901e-02,1.431773474230560277e-02,1.000000000000000000e+00
6.053200000000000358e+01,-8.281639604594729365e-01,2.350071575364696130e-01,3.249677010542165956e+00,3.120813772958289656e-01,5.462191690782008946e-02,-4.481547740904658766e-02,-9.474245263465863598e-01,2.382632893428610153e-03,-2.473406310218123652e-05,-1.268208196105649350e-03,1.548103081040660273e-02,3.144083742163185369e-02,1.544992077891685356e-02,1.000000000000000000e+00
6.057999999999999829e+01,-8.280533831943154288e-01,2.350062543034174556e-01,3.249607528821442770e+00,3.124329812201234735e-01,5.543705384688725479e-02,-4.492197020047000028e-02,-9.472562387759669855e-01,2.180816540452691198e-03,-1.409732920731432151e-05,-1.569657688821372897e-03,1.308860805835039207e-02,3.141651120991018759e-02,1.386675063594254229e-02,1.000000000000000000e+00
6.062800000000000011e+01,-8.279607843702556647e-01,2.350057995447062953e-01,3.249528000270672567e+00,3.127245788048353403e-01,5.618439034105520563e-02,-4.497301837111645356e-02,-9.471135516462290127e-01,1.681318482456603753e-03,-6.011399302337826344e-06,-1.710874652262567774e-03,9.811947002600783854e-03,2.792111692146881027e-02,1.035035798937255884e-02,1.000000000000000000e+00
6.067600000000000193e+01,-8.278969051261521050e-01,2.350056580308294840e-01,3.249444605058203539e+00,3.129211328232426315e-01,5.681195053299970682e-02,-4.497637434073014501e-02,-9.470110309074636357e-01,1.018923605180071775e-03,-7.572499318605107195e-07,-1.747209684993252009e-03,6.596506150430368927e-03,2.303519011899268429e-02,5.772557850215203137e-03,1.000000000000000000e+00
6.072400000000000375e+01,-8.278664482682149828e-01,2.350057066263351313e-01,3.249361304257853078e+00,3.130072675032789520e-01,5.730716776302238746e-02,-4.494365273707852382e-02,-9.469542793037900585e-01,3.096675751865727026e-04,2.215605721574462312e-06,-1.717746119114821985e-03,3.865871706668036912e-03,1.794678674736792379e-02,9.067181904459271913e-04,1.000000000000000000e+00
6.077199999999999847e+01,-8.278692500945630250e-01,2.350058539798270396e-01,3.249280522271293492e+00,3.129836301839490909e-01,5.767834057867752412e-02,-4.488668673625117317e-02,-9.469422588620747261e-01,-3.581454372466742861e-04,3.597682748426810560e-06,-1.649086505984485125e-03,1.760350150639838213e-03,1.328981383350627196e-02,-3.650971795213373700e-03,1.000000000000000000e+00
6.082000000000000028e+01,-8.279016719399588942e-01,2.350060390321253578e-01,3.249203653467299446e+00,3.128623677066310060e-01,5.794352136860095315e-02,-4.481590825106482323e-02,-9.469694934748632553e-01,-9.254120304971718679e-04,3.949514772572742350e-06,-1.558820493373606333e-03,2.736677324709049005e-04,9.357027205976663209e-03,-7.499123621583144231e-03,1.000000000000000000e+00
6.086800000000000210e+01,-8.279580996672768478e-01,2.350062498270997779e-01,3.249131889712696619e+00,3.126624467827662790e-01,5.811671314970887070e-02,-4.473878177441759779e-02,-9.470285547066832343e-01,-1.374967699529591096e-03,6.120524006316215335e-06,-1.412154892780398754e-03,-1.297362880304304099e-03,4.935489316680196324e-03,-1.044752366841029435e-02,1.000000000000000000e+00
6.091600000000000392e+01,-8.280345857441191448e-01,2.350067775172804962e-01,3.249074354168641321e+00,3.124017165661818196e-01,5.808813651739568040e-02,-4.464737971276764444e-02,-9.471206614614758879e-01,-1.766420511387986744e-03,1.546540421588484272e-05,-9.727027530062696279e-04,-5.751617145318467864e-03,-6.317966582571990161e-03,-1.253083171065912452e-02,1.000000000000000000e+00
6.096399999999999864e+01,-8.281268868343074629e-01,2.350077646442269852e-01,3.249044578694454621e+00,3.121001371517663214e-01,5.770884230235593521e-02,-4.453752287108243835e-02,-9.472484378274153016e-01,-2.026827190841310345e-03,2.449202371473965684e-05,-2.962526001034020248e-04,-1.133921640586554695e-02,-2.149683834869108717e-02,-1.340418588491032459e-02,1.000000000000000000e+00
6.101200000000000045e+01,-8.282258169915198698e-01,2.350090870771754381e-01,3.249050126843434416e+00,3.117897069179131342e-01,5.694706573987841358e-02,-4.442321771145629761e-02,-9.474021258641026622e-01,-2.045020703566531681e-03,2.923479499963257033e-05,4.623611060396787742e-04,-1.584867952376897357e-02,-3.581301625531653487e-02,-1.257138132480972552e-02,1.000000000000000000e+00
6.106000000000000227e+01,-8.283172855442864080e-01,2.350104596676907687e-01,3.249089929578100389e+00,3.115143920922593956e-01,5.589583907524005302e-02,-4.432941870401002626e-02,-9.475596769232162986e-01,-1.733004046439924400e-03,2.678892926846185079e-05,1.106045977761497797e-03,-1.739682760165949318e-02,-4.448763109701255047e-02,-9.705935810345792808e-03,1.000000000000000000e+00
6.110800000000000409e+01,-8.283844675973232041e-01,2.350114903463443872e-01,3.249153091392610548e+00,3.113237650404364065e-01,5.476032520983824953e-02,-4.428421252168825151e-02,-9.476907346942323729e-01,-1.065335961331945408e-03,1.562232557427624893e-05,1.430199999588035011e-03,-1.470605410353272718e-02,-4.355738111480242369e-02,-4.874490915551604568e-03,1.000000000000000000e+00
6.115599999999999881e+01,-8.284115541282025541e-01,2.350117692577028128e-01,3.249219747204810993e+00,3.112621831589156285e-01,5.382184326913882350e-02,-4.431046526436720895e-02,-9.477634964432392062e-01,-1.051102026360635564e-04,-3.513621072024517273e-06,1.270898627572642631e-03,-7.432239511110255888e-03,-3.085992399332120745e-02,1.340154924334488809e-03,1.000000000000000000e+00
6.120400000000000063e+01,-8.283882094277745800e-01,2.350109968520472381e-01,3.249264353278173534e+00,3.113558300281199509e-01,5.337846878944775553e-02,-4.441787213394061268e-02,-9.477527835951145008e-01,9.918338607090423573e-04,-2.698445846009142813e-05,5.557293554114604937e-04,3.608747068155494092e-03,-6.881129374492280654e-03,7.844574876469733588e-03,1.000000000000000000e+00
6.125200000000000244e+01,-8.283145461164868051e-01,2.350092797043055459e-01,3.249264160572819637e+00,3.115990473857950249e-01,5.362436495686317972e-02,-4.459112425166383148e-02,-9.476508285171341139e-01,1.926771619970165566e-03,-3.784390441571582492e-05,-4.381540803908146172e-04,1.354296364107002507e-02,1.872121034983270996e-02,1.303968277572337651e-02,1.000000000000000000e+00
6.130000000000000426e+01,-8.282089711885990413e-01,2.350076625123106167e-01,3.249224885540949792e+00,3.119378738406012874e-01,5.430733732178395778e-02,-4.476415517260438903e-02,-9.474922935773704147e-01,2.351047780279566859e-03,-2.915565322925848382e-05,-1.091258306891801366e-03,1.581408622149537216e-02,2.981269727012914733e-02,1.536306498767326528e-02,1.000000000000000000e+00
6.134799999999999898e+01,-8.280957150749712614e-01,2.350065551937031150e-01,3.249161649421929976e+00,3.122988588624212025e-01,5.512109935804966609e-02,-4.489235346618806327e-02,-9.473203068440240182e-01,2.302711626273508134e-03,-1.802300897363297364e-05,-1.474467903645239504e-03,1.420599486032682497e-02,3.199459174212988810e-02,1.476291205687178636e-02,1.000000000000000000e+00
6.139600000000000080e+01,-8.279944552390483548e-01,2.350059403380404532e-01,3.249085169600892442e+00,3.126192270015787922e-01,5.590414026376464701e-02,-4.496454376155559901e-02,-9.471653159900964569e-01,1.903014290958323371e-03,-8.821593877247372667e-06,-1.670661040120082538e-03,1.112211479541682681e-02,2.954290611467548511e-02,1.189758357799436221e-02,1.000000000000000000e+00
6.144400000000000261e+01,-8.279184842273795697e-01,2.350056924973714934e-01,3.249002717229040105e+00,3.128557678964135613e-01,5.658165483041684152e-02,-4.498525328004143037e-02,-9.470459924512254490e-01,1.289138968040630081e-03,-2.500679361854109518e-06,-1.742491244160368231e-03,7.810217664387771735e-03,2.501860171737106328e-02,7.634584090218863445e-03,1.000000000000000000e+00
6.149200000000000443e+01,-8.278747497592977567e-01,2.350056795541935195e-01,3.248919028810213216e+00,3.129857580201990119e-01,5.712843131596069546e-02,-4.496518057926680856e-02,-9.469711664815207985e-01,5.860763285056963231e-04,1.280745196700127068e-06,-1.734951972665285756e-03,4.861755253011060610e-03,1.990900539939912187e-02,2.799824936318123098e-03,1.000000000000000000e+00
6.153999999999999915e+01,-8.278648286080609875e-01,2.350057971502104714e-01,3.248837059290357043e+00,3.130041016883896576e-01,5.754627336048635106e-02,-4.491635028990948603e-02,-9.469421208422388325e-01,-1.065330432581326628e-04,3.208285276221437078e-06,-1.679078655112523338e-03,2.506924462842402643e-03,1.503347954824027152e-02,-1.936590512862971028e-03,1.000000000000000000e+00
6.158800000000000097e+01,-8.278862733009688668e-01,2.350059731961901266e-01,3.248758555262469372e+00,3.129189988468390471e-01,5.785040566522325900e-02,-4.484985182397011050e-02,-9.469548677294115091e-01,-7.183273732758437696e-04,3.908177762808166551e-06,-1.595608240814667131e-03,7.849285701897939843e-04,1.079843435205083031e-02,-6.097619782644429602e-03,1.000000000000000000e+00
6.163600000000000279e+01,-8.279339992587293473e-01,2.350061617545879944e-01,3.248684475097765034e+00,3.127473995894577974e-01,5.806127942300405576e-02,-4.477492194677385601e-02,-9.470021954813286902e-01,-1.207525977654599078e-03,3.981010004509723204e-06,-1.495907578420964000e-03,-3.896361926088883734e-04,7.298760780932768595e-03,-9.395895492515819389e-03,1.000000000000000000e+00
6.168400000000000460e+01,-8.280029446252955561e-01,2.350065244524990604e-01,3.248619590376351507e+00,3.125085394562692742e-01,5.813445469864618464e-02,-4.469077790060585476e-02,-9.470805310608172434e-01,-1.623127032085731241e-03,1.157961677539773494e-05,-1.179081109030433562e-03,-3.746909609620159998e-03,-1.201088724369948034e-03,-1.183395441375052932e-02,1.000000000000000000e+00
6.173199999999999932e+01,-8.280898615884930702e-01,2.350073366072455150e-01,3.248577677786913753e+00,3.122198555899048933e-01,5.790282106204894946e-02,-4.458731275212256262e-02,-9.471948039500747152e-01,-1.947842360232781081e-03,2.129126143988703255e-05,-5.797744136903533723e-04,-9.168603594446381871e-03,-1.540107557239661987e-02,-1.323939925449267065e-02,1.000000000000000000e+00
6.178000000000000114e+01,-8.281876371138888748e-01,2.350085544488710876e-01,3.248569047425725831e+00,3.119082258260396090e-01,5.728615041736923735e-02,-4.447220889781208081e-02,-9.473403708636937148e-01,-2.073399360677448053e-03,2.810675280139099229e-05,1.685147801065113235e-04,-1.434662709604600864e-02,-3.063913702659543103e-02,-1.312730293518415796e-02,1.000000000000000000e+00
6.182800000000000296e+01,-8.282839433495692294e-01,2.350099500498476768e-01,3.248596234107989034e+00,3.116133955553527235e-01,5.632915000714396048e-02,-4.436704424841271532e-02,-9.474997012952542930e-01,-1.897625418562847149e-03,2.874512328245850131e-05,8.820474368539385013e-04,-1.724471540600985148e-02,-4.205645169328544458e-02,-1.107355933255408861e-02,1.000000000000000000e+00
6.187600000000000477e+01,-8.283626478435476281e-01,2.350111648748600124e-01,3.248652205081502320e+00,3.113838368452491734e-01,5.519610169806635908e-02,-4.429965740747347780e-02,-9.476449951656203963e-01,-1.366593336484928827e-03,2.103997942656822258e-05,1.353963018956306705e-03,-1.630892855292535165e-02,-4.525677839389303375e-02,-6.970414015417617133e-03,1.000000000000000000e+00
6.192399999999999949e+01,-8.284070278562698508e-01,2.350117824454094340e-01,3.248720342395213123e+00,3.112674351348628243e-01,5.414446650880683914e-02,-4.429595683012518825e-02,-9.477440734605226957e-01,-5.069664601241109835e-04,4.743554262809119849e-06,1.398238331864096965e-03,-1.079482372840650205e-02,-3.725856459892142730e-02,-1.192043969971958708e-03,1.000000000000000000e+00
6.197200000000000131e+01,-8.284040797187024463e-01,2.350114433921546009e-01,3.248776773529653994e+00,3.112990339122207462e-01,5.347411095404171893e-02,-4.437163527426954412e-02,-9.477682147688224479e-01,5.605195733032416767e-04,-1.765224629439755889e-05,9.010749155196765350e-04,-1.050309399854025029e-03,-1.743451235498849616e-02,5.357679472899508355e-03,1.000000000000000000e+00
6.202000000000000313e+01,-8.283489531932428651e-01,2.350100044994727078e-01,3.248795410238120684e+00,3.114874837176873079e-01,5.345190211757179510e-02,-4.452455666250148408e-02,-9.477003774934595892e-01,1.617184328871600118e-03,-3.791271507819179477e-05,-8.705647862885698121e-05,1.073871643411557913e-02,1.056784461650270984e-02,1.130743326351275717e-02,1.000000000000000000e+00
6.206799999999999784e+01,-8.282528321587837583e-01,2.350082495241420377e-01,3.248769358408001739e+00,3.117977405670994129e-01,5.401066155090324811e-02,-4.470568205193879013e-02,-9.475581351074757741e-01,2.246976902970332108e-03,-3.329555684056797826e-05,-8.731110055851400804e-04,1.557478885744117796e-02,2.684989406712800022e-02,1.482553560271487533e-02,1.000000000000000000e+00
6.211599999999999966e+01,-8.281399011467914795e-01,2.350069327535969088e-01,3.248713999500754124e+00,3.121584964928246220e-01,5.479901181385747611e-02,-4.485407647205771897e-02,-9.473870661959679085e-01,2.371201948641036682e-03,-2.228098617341892421e-05,-1.350884691631862138e-03,1.511105965104324496e-02,3.188443852796113420e-02,1.531395003754358088e-02,1.000000000000000000e+00
6.216400000000000148e+01,-8.280319899812605966e-01,2.350061374636088218e-01,3.248641668813200045e+00,3.125010932649412987e-01,5.560678322965597470e-02,-4.494821364217643778e-02,-9.472225770416605739e-01,2.092531031442324777e-03,-1.208768419522574176e-05,-1.611689169369348975e-03,1.240571824305682948e-02,3.086246995554613876e-02,1.323451682288056055e-02,1.000000000000000000e+00
6.221200000000000330e+01,-8.279449601978574602e-01,2.350057626612968298e-01,3.248560870802381206e+00,3.127742392952569950e-01,5.633072183480803546e-02,-4.498796995424410999e-02,-9.470877507233631531e-01,1.546339956553944867e-03,-4.637165953998554325e-06,-1.725903040854650378e-03,9.084500650356630222e-03,2.692311496962664433e-02,9.413152426878207413e-03,1.000000000000000000e+00
6.225999999999999801e+01,-8.278881607309959145e-01,2.350056721379673030e-01,3.248477234120878077e+00,3.129473976131029178e-01,5.692955910037306860e-02,-4.498240849557175181e-02,-9.469950023911223314e-01,8.646383926766314839e-04,6.253057437237265976e-08,-1.745019414014479598e-03,5.951277610271830942e-03,2.191459643571775848e-02,4.711544468386659121e-03,1.000000000000000000e+00
6.230799999999999983e+01,-8.278651190056476317e-01,2.350057490106270686e-01,3.248394332624272351e+00,3.130090516217741703e-01,5.739655355063200126e-02,-4.494341340041336369e-02,-9.469482873078481910e-01,1.578591070995587079e-04,2.632918665626278449e-06,-1.705079499678196359e-03,3.351768988732115474e-03,1.688041913982790340e-02,-1.315290129406726971e-04,1.000000000000000000e+00
6.235600000000000165e+01,-8.278747924097920041e-01,2.350059090218196423e-01,3.248314328316373789e+00,3.129627530248298428e-01,5.774288933249964451e-02,-4.488260301885083070e-02,-9.469454186471922830e-01,-4.921244925293782099e-04,3.749415081240905928e-06,-1.630444911063972085e-03,1.385161022615293957e-03,1.236510773427846634e-02,-4.562333239088460848e-03,1.000000000000000000e+00
6.240400000000000347e+01,-8.279129669186013896e-01,2.350060966689301312e-01,3.248238442660419611e+00,3.128225570944042078e-01,5.798776121680159629e-02,-4.481000359878659772e-02,-9.469802167413305938e-01,-1.032315836873654805e-03,3.932703768012255469e-06,-1.537135803365330443e-03,2.490365778246654538e-05,8.606954080020446859e-03,-8.220723400142059337e-03,1.000000000000000000e+00
6.245199999999999818e+01,-8.279739939057282339e-01,2.350063430154049338e-01,3.248168564241308509e+00,3.126079927868843367e-01,5.813290616145919826e-02,-4.473104831669528353e-02,-9.470459024690766059e-01,-1.466423956763093133e-03,7.911813536686514460e-06,-1.342111249438727701e-03,-2.051104367253848634e-03,3.048402727240499127e-03,-1.098304665657918490e-02,1.000000000000000000e+00
6.250000000000000000e+01,-8.280544516338413930e-01,2.350069718496982651e-01,3.248116098529992612e+00,3.123362627036239680e-01,5.803682825839122372e-02,-4.463523721148170836e-02,-9.471459661346364189e-01,-1.838488611375885349e-03,1.763179468319926851e-05,-8.404314156843516225e-04,-6.955186873915502818e-03,-9.457687343982758288e-03,-1.284357127433311159e-02,1.000000000000000000e+00
6.254800000000000182e+01,-8.281491828340413752e-01,2.350080496465699609e-01,3.248093674764308769e+00,3.120295141622350110e-01,5.757234496035440463e-02,-4.452270490753421073e-02,-9.472807060925300116e-01,-2.055467067997744646e-03,2.602245301157445287e-05,-1.308263322876389301e-04,-1.248934290351337052e-02,-2.486982577116958817e-02,-1.338543563299644454e-02,1.000000000000000000e+00
6.259600000000000364e+01,-8.282478432269748669e-01,2.350094127883386730e-01,3.248107153079108578e+00,3.117226168435223710e-01,5.673506903126299822e-02,-4.441049448966729457e-02,-9.474375177653816538e-01,-2.007505311798218894e-03,2.940997406955506949e-05,6.206001175209054565e-04,-1.649833077042435828e-02,-3.835202578370981719e-02,-1.212602953389084470e-02,1.000000000000000000e+00
6.264399999999999835e+01,-8.283354922956250865e-01,2.350107472095752381e-01,3.248153359787235406e+00,3.114614972206891652e-01,5.564435176949090317e-02,-4.432494039786852996e-02,-9.475920754860316375e-01,-1.617191744557095259e-03,2.512430206772606916e-05,1.211525879587784090e-03,-1.720309464551434547e-02,-4.522308438051466511e-02,-8.808556991300052832e-03,1.000000000000000000e+00
6.269200000000000017e+01,-8.283951622012699634e-01,2.350116475837603636e-01,3.248219283792942225e+00,3.112956412167173226e-01,5.452595999220517797e-02,-4.429371602809463460e-02,-9.477130421002042393e-01,-8.768330124945107823e-04,1.205149507310069439e-05,1.441787788569500644e-03,-1.350298037467283739e-02,-4.182795347001361241e-02,-3.605856749427805135e-03,1.000000000000000000e+00
6.274000000000000199e+01,-8.284118513194020927e-01,2.350117161007388988e-01,3.248283451011757084e+00,3.112665767758943103e-01,5.367070239949137817e-02,-4.433745017731403892e-02,-9.477693624495019398e-01,1.297098371955112002e-04,-8.451207562784663986e-06,1.163243838472458134e-03,-5.293904298206642857e-03,-2.652073365836376054e-02,2.782303480003213252e-03,1.000000000000000000e+00
6.278800000000000381e+01,-8.283769874370052744e-01,2.350106956478120179e-01,3.248319739795730410e+00,3.113948382988847019e-01,5.337071209684508821e-02,-4.446208169756914880e-02,-9.477383315357702509e-01,1.228264873244134733e-03,-3.213217551799980935e-05,3.293307201309693074e-04,6.344891291193321264e-03,-4.398379510372496005e-04,9.165882542689109125e-03,1.000000000000000000e+00
6.283599999999999852e+01,-8.282942170676529381e-01,2.350089101667940661e-01,3.248309563754024243e+00,3.116650864366438678e-01,5.374678409708859295e-02,-4.464166564017853223e-02,-9.476197965347342711e-01,2.064486798286759104e-03,-3.664131998882964023e-05,-6.078151561159140810e-04,1.455050433816952767e-02,2.219716577633750257e-02,1.381416483792171322e-02,1.000000000000000000e+00
6.288400000000000034e+01,-8.281849772052675140e-01,2.350073923833613521e-01,3.248263967171890698e+00,3.120149804669440918e-01,5.447832025428983593e-02,-4.480722313779627458e-02,-9.474550529398023668e-01,2.377879654033703775e-03,-2.671867109229325492e-05,-1.194199870093865619e-03,1.568958623677348466e-02,3.086997200881097525e-02,1.546963046672714288e-02,1.000000000000000000e+00
6.293200000000000216e+01,-8.280728347507854137e-01,2.350063994769136244e-01,3.248197080468089748e+00,3.123719656154227975e-01,5.529554481323536996e-02,-4.492344352895200066e-02,-9.472845623374561708e-01,2.241473753725144267e-03,-1.579767686961885774e-05,-1.530442409103325132e-03,1.360546811820132103e-02,3.175151826073470407e-02,1.430681984404256341e-02,1.000000000000000000e+00
6.298000000000000398e+01,-8.279761517666920367e-01,2.350058761326181134e-01,3.248118790233223141e+00,3.126771216948497911e-01,5.605995148418254498e-02,-4.498372266648568985e-02,-9.471360853136576718e-01,1.783427255021550941e-03,-7.203976086301547800e-06,-1.694928789951701551e-03,1.039400790666756072e-02,2.867532257889333566e-02,1.106104126692937333e-02,1.000000000000000000e+00
6.302799999999999869e+01,-8.279067945358220548e-01,2.350056899060932736e-01,3.248035744485974874e+00,3.128917920657341423e-01,5.671006501060193994e-02,-4.499453975228601132e-02,-9.470259692198873536e-01,1.140065929951987814e-03,-1.483546185314641821e-06,-1.746202959330017852e-03,7.126421700055435467e-03,2.392430807372518051e-02,6.606315912777917243e-03,1.000000000000000000e+00
6.307600000000000051e+01,-8.278704394883413809e-01,2.350057131573129732e-01,3.247952235020890477e+00,3.129974094476126734e-01,5.722809318880047597e-02,-4.496718225438190580e-02,-9.469612027687087652e-01,4.316112219155606193e-04,1.836124963181523300e-06,-1.725903936426399950e-03,4.295815836192991288e-03,1.881246235148797616e-02,1.741140992897727540e-03,1.000000000000000000e+00
6.312400000000000233e+01,-8.278676670744798960e-01,2.350058487172043964e-01,3.247870911518112802e+00,3.129921641435231550e-01,5.761968544484653842e-02,-4.491360435758817021e-02,-9.469417327257270145e-01,-2.485522301540421205e-04,3.449672739127444665e-06,-1.662536083404870732e-03,2.079508646824562539e-03,1.405162880869719084e-02,-2.904992189147275437e-03,1.000000000000000000e+00
6.317200000000000415e+01,-8.278953392703101155e-01,2.350060307544554750e-01,3.247793317368703470e+00,3.128865436574221892e-01,5.790177753848996939e-02,-4.484454299833001006e-02,-9.469627035523986436e-01,-8.363678096973497199e-04,3.948405235266610188e-06,-1.575031113577859748e-03,4.897706720822854898e-04,9.982210896690567326e-03,-6.897339686102684810e-03,1.000000000000000000e+00
6.321999999999999886e+01,-8.279480131084352434e-01,2.350062264142162849e-01,3.247720418946167253e+00,3.126987668060536851e-01,5.809311818757349755e-02,-4.476848637673886550e-02,-9.470166067629200990e-01,-1.301598878635342382e-03,4.948567246195919908e-06,-1.455629709009374382e-03,-8.181137480245819242e-04,6.155095626650232757e-03,-9.998676516986867990e-03,1.000000000000000000e+00
6.326800000000000068e+01,-8.280212366664968515e-01,2.350066779009275519e-01,3.247659366578664386e+00,3.124473350003236782e-01,5.811294497685223076e-02,-4.468044474127313287e-02,-9.471025321130950303e-01,-1.705414024966030260e-03,1.374627700626973068e-05,-1.068692281932646275e-03,-4.834935948114323437e-03,-3.961163089464420431e-03,-1.224588799482027868e-02,1.000000000000000000e+00
6.331600000000000250e+01,-8.281113282742046389e-01,2.350075898305888089e-01,3.247624064711227554e+00,3.121508394678201292e-01,5.780006882324558587e-02,-4.457318417449759873e-02,-9.472244911931442246e-01,-1.996517192123752407e-03,2.315730273905291083e-05,-4.235738571035582169e-04,-1.039229789710185634e-02,-1.879809852930090786e-02,-1.336494556885836973e-02,1.000000000000000000e+00
6.336400000000000432e+01,-8.282100233928156863e-01,2.350088715884246504e-01,3.247623344637139642e+00,3.118389966353238285e-01,5.710114373121676773e-02,-4.445805642807230257e-02,-9.473749948044337676e-01,-2.064150075080180627e-03,2.887938753269427488e-05,3.342422008863974174e-04,-1.523599215849970843e-02,-3.361714329674608814e-02,-1.285876621291811087e-02,1.000000000000000000e+00
6.341199999999999903e+01,-8.283039750719656258e-01,2.350102623488151965e-01,3.247657763588847502e+00,3.115540137714996605e-01,5.608795548191384400e-02,-4.435866702643531667e-02,-9.475339288977288055e-01,-1.813235067173549989e-03,2.783492532616629444e-05,1.012947076384663721e-03,-1.740975977249015552e-02,-4.358888620677868475e-02,-1.035303503996528977e-02,1.000000000000000000e+00
6.346000000000000085e+01,-8.283765947041105138e-01,2.350113831870463132e-01,3.247718128652464564e+00,3.113451807471659394e-01,5.494816875403644996e-02,-4.430315328488210885e-02,-9.476719410139299304e-01,-1.205139590673113322e-03,1.819241800636965870e-05,1.406018715348038165e-03,-1.550693344288073781e-02,-4.453878384138075519e-02,-5.834376336399455659e-03,1.000000000000000000e+00
6.350800000000000267e+01,-8.284115805450535941e-01,2.350118187584119556e-01,3.247785957035118631e+00,3.112586745563249435e-01,5.395362256155364356e-02,-4.431588767848102656e-02,-9.477569024940913911e-01,-2.866535076443748275e-04,2.462327595711092164e-07,1.338727864970439734e-03,-9.000976862408589796e-03,-3.392386949267579832e-02,2.071826358941420126e-04,1.000000000000000000e+00
6.355600000000000449e+01,-8.283973320061651657e-01,2.350112402227548802e-01,3.247836343963399042e+00,3.113247639680033485e-01,5.340461821080089155e-02,-4.440934587538802186e-02,-9.477619152999061658e-01,8.015993674851236645e-04,-2.287011785041589821e-05,7.194947404078370305e-04,1.500585674480389969e-03,-1.172692629982636028e-02,6.759707477314550947e-03,1.000000000000000000e+00
6.360399999999999920e+01,-8.283315677521355669e-01,2.350096225639459746e-01,3.247844497456676027e+00,3.115446391518326696e-01,5.353561370152545157e-02,-4.457489529558227720e-02,-9.476744982275004947e-01,1.800010797986618298e-03,-3.832512882418923436e-05,-2.895485449224827201e-04,1.247464818413357782e-02,1.543565496291337061e-02,1.232830330422276903e-02,1.000000000000000000e+00
6.365200000000000102e+01,-8.282296889040378085e-01,2.350079347948989539e-01,3.247810801441003647e+00,3.118722944041845690e-01,5.417000319716076123e-02,-4.475250099759639499e-02,-9.475222933478403275e-01,2.314719846987733226e-03,-3.107020112868210136e-05,-9.995884767944086813e-04,1.579238010174500995e-02,2.868859516202870372e-02,1.518501405345910882e-02,1.000000000000000000e+00
6.370000000000000284e+01,-8.281161607580409534e-01,2.350067338623286484e-01,3.247750858087230519e+00,3.122345096124978236e-01,5.497600062078095845e-02,-4.488993209531779577e-02,-9.473500643158603296e-01,2.340642566442250293e-03,-1.988917322545614064e-05,-1.423137730696200261e-03,1.464155018635575865e-02,3.204812082939346995e-02,1.505573182743147852e-02,1.000000000000000000e+00
6.374800000000000466e+01,-8.280116590854736947e-01,2.350060409701261177e-01,3.247676085099997945e+00,3.125656912288301559e-01,5.577172196984962055e-02,-4.497179113839265552e-02,-9.471904463712489397e-01,1.991888949520809020e-03,-1.021939049943132727e-05,-1.646744433956330838e-03,1.169902874457440234e-02,3.017738022785849961e-02,1.252180462790902955e-02,1.000000000000000000e+00
6.379599999999999937e+01,-8.279306203475818027e-01,2.350057392962176805e-01,3.247594283942623061e+00,3.128190059640270082e-01,5.647049752613714224e-02,-4.500074384978686171e-02,-9.470640345139254013e-01,1.405454879307609355e-03,-3.398536495520954573e-06,-1.736460293218000878e-03,8.370115320095990533e-03,2.588109386807219831e-02,8.437700192143127165e-03,1.000000000000000000e+00
6.384400000000000119e+01,-8.278810409084091937e-01,2.350056940700911423e-01,3.247510572451862920e+00,3.129683104546611139e-01,5.704045627198379292e-02,-4.498686749469581192e-02,-9.469812061242043333e-01,7.097473537929484353e-04,7.795764176305642768e-07,-1.740100914720508173e-03,5.334418278601504339e-03,2.079855525039706055e-02,3.647776649698940190e-03,1.000000000000000000e+00
6.389200000000000301e+01,-8.278653372546207478e-01,2.350057951880714924e-01,3.247428168844260998e+00,3.130057424637437413e-01,5.747989253019089584e-02,-4.494217397954258786e-02,-9.469443849231219401e-01,9.301512617745978672e-06,2.981174447064116256e-06,-1.690855914813335983e-03,2.869838308995704447e-03,1.584340650446977236e-02,-1.146446041097387396e-03,1.000000000000000000e+00
6.394000000000000483e+01,-8.278816576305753072e-01,2.350059652385653453e-01,3.247348995723442489e+00,3.129375300512930447e-01,5.780240685444740928e-02,-4.487800769091174896e-02,-9.469503410807362798e-01,-6.204226117457266971e-04,3.857400589452280049e-06,-1.611011654550978606e-03,1.040160220256948357e-03,1.148004845282483283e-02,-5.433859953063721777e-03,1.000000000000000000e+00
6.398799999999999955e+01,-8.279252767899991650e-01,2.350061538379436266e-01,3.247274117615231326e+00,3.127794254199074420e-01,5.802806461859127962e-02,-4.480397212183580974e-02,-9.469922802392416461e-01,-1.132351175929985397e-03,3.888545242045736941e-06,-1.515148465616863224e-03,-1.982389587097946521e-04,7.898201686962556811e-03,-8.894441588058210960e-03,1.000000000000000000e+00
6.403600000000000136e+01,-8.279907648808293441e-01,2.350064567896875956e-01,3.247206745528933070e+00,3.125510078788849566e-01,5.813700402991408417e-02,-4.472244750151790904e-02,-9.470648652155732039e-01,-1.555294387235578923e-03,9.912549813382684114e-06,-1.256617610755653104e-03,-2.949144703711695584e-03,8.046067423910498130e-04,-1.147651951637615811e-02,1.000000000000000000e+00
6.408400000000000318e+01,-8.280749494275292388e-01,2.350071884100452257e-01,3.247159959374370075e+00,3.122693280916174485e-01,5.796735847598689234e-02,-4.462227203479428306e-02,-9.471729012820088167e-01,-1.903085813285429560e-03,1.972377063165234055e-05,-6.982047625263128289e-04,-8.185865409287335429e-03,-1.273248768313099688e-02,-1.309306584939217907e-02,1.000000000000000000e+00
6.413200000000000500e+01,-8.281716098972838891e-01,2.350083486202595440e-01,3.247145161988587159e+00,3.119590899009141438e-01,5.741765698830938319e-02,-4.450791904062657844e-02,-9.473139838706269300e-01,-2.071255812792703946e-03,2.730495341648611887e-05,3.637404186024348980e-05,-1.356190235271460126e-02,-2.814161390491538503e-02,-1.327977581269718967e-02,1.000000000000000000e+00
6.418000000000000682e+01,-8.282692758332262928e-01,2.350097370077796066e-01,3.247166401908480715e+00,3.116579427052784124e-01,5.651087823826105028e-02,-4.439909848100898060e-02,-9.474727264905974389e-01,-1.953394587580655796e-03,2.920833745613599778e-05,7.707152027675138756e-04,-1.698446394388847952e-02,-4.056230128008501273e-02,-1.158148690683604050e-02,1.000000000000000000e+00
6.422799999999999443e+01,-8.283522846714660437e-01,2.350110133751689701e-01,3.247218364432176152e+00,3.114134012058528689e-01,5.539181339305499635e-02,-4.432313673835278772e-02,-9.476227625527491316e-01,-1.484489170413161741e-03,2.302879706631906864e-05,1.299154337908724503e-03,-1.679346606444321460e-02,-4.545379848164794734e-02,-7.820884956685016098e-03,1.000000000000000000e+00
6.427599999999999625e+01,-8.284037222935034528e-01,2.350117639499573474e-01,3.247285993246211255e+00,3.112743004430130189e-01,5.430477883405936124e-02,-4.430688544454591815e-02,-9.477321355645274004e-01,-6.756387653108886617e-04,8.116903216729236045e-06,1.428405480013270664e-03,-1.208065338257813606e-02,-3.951715607074540032e-02,-2.281572375420004052e-03,1.000000000000000000e+00
6.432399999999999807e+01,-8.284096126121717196e-01,2.350116095323718235e-01,3.247346394682360415e+00,3.112787040066364308e-01,5.354693756146931133e-02,-4.436836527659762663e-02,-9.477709333337979158e-01,3.686264412520518148e-04,-1.354229825276189760e-05,1.028519473896422846e-03,-2.990811873576624570e-03,-2.166017047360184467e-02,4.221698767467562882e-03,1.000000000000000000e+00
6.437199999999999989e+01,-8.283633412332381818e-01,2.350103447027329928e-01,3.247373199561512713e+00,3.114409310560181665e-01,5.340010252916852634e-02,-4.450941972527489021e-02,-9.477193081648982442e-01,1.454174898589315505e-03,-3.644059199421590626e-05,8.974701553866707999e-05,9.006208675434761862e-03,6.053899650973826665e-03,1.040515112787820419e-02,1.000000000000000000e+00
6.442000000000000171e+01,-8.282726411090798324e-01,2.350085560887383296e-01,3.247353850203316572e+00,3.117348802456354484e-01,5.388608067777649058e-02,-4.469130428472658373e-02,-9.475865881642460131e-01,2.176332611412580727e-03,-3.493726622127570438e-05,-7.613918233142254318e-04,1.523477573589653369e-02,2.502585123472753775e-02,1.443781177713609337e-02,1.000000000000000000e+00
6.446800000000000352e+01,-8.281608973382384997e-01,2.350071473028318980e-01,3.247302584548161342e+00,3.120922334468429482e-01,5.465374930920025021e-02,-4.484779651154474633e-02,-9.474175851527487646e-01,2.382552786181855748e-03,-2.425144896140818312e-05,-1.285515835274196475e-03,1.541724184852196616e-02,3.156570264008139864e-02,1.543601565395209298e-02,1.000000000000000000e+00
6.451600000000000534e+01,-8.280507754699305556e-01,2.350062657862331539e-01,3.247232509361710040e+00,3.124422968519686150e-01,5.546798490672007198e-02,-4.495175191941224585e-02,-9.472499426168514702e-01,2.164291877125728430e-03,-1.368630553096626055e-05,-1.578340073209756524e-03,1.295274222294183659e-02,3.132202031236415440e-02,1.374695104719737652e-02,1.000000000000000000e+00
6.456400000000000716e+01,-8.279592616334453536e-01,2.350058276212287356e-01,3.247152723890819104e+00,3.127303079697076882e-01,5.621083331723729370e-02,-4.500043327102629803e-02,-9.471087887356828272e-01,1.654501311039813976e-03,-5.722243317505801001e-06,-1.713780534903791217e-03,9.662903628168314704e-03,2.772635493960137407e-02,1.016339253148387453e-02,1.000000000000000000e+00
6.461199999999999477e+01,-8.278968099011579929e-01,2.350056970081896845e-01,3.247069292625607506e+00,3.129221532020148300e-01,5.683263864660784842e-02,-4.500189494374194632e-02,-9.470082400229421493e-01,9.875073464718664863e-04,-5.788183298798257924e-07,-1.746399445312969050e-03,6.462533500952348520e-03,2.280970882243242917e-02,5.555973000960642665e-03,1.000000000000000000e+00
6.465999999999999659e+01,-8.278678768056907389e-01,2.350057519169421183e-01,3.246986094789233057e+00,3.130032637494754577e-01,5.732210699519164898e-02,-4.496782356747422438e-02,-9.469535510126204647e-01,2.782483090896836265e-04,2.312005954160595173e-06,-1.714649951712491531e-03,3.758236057134232543e-03,1.772920384676940700e-02,6.913875112562525155e-04,1.000000000000000000e+00
6.470799999999999841e+01,-8.278721117223926118e-01,2.350059023749829501e-01,3.246905498934718803e+00,3.129749041747232341e-01,5.768817649131904868e-02,-4.491001545985788546e-02,-9.469434376779447549e-01,-3.862756665125227423e-04,3.639121586542594669e-06,-1.644665494253925346e-03,1.681274762230732054e-03,1.309955424050861933e-02,-3.842745584196916812e-03,1.000000000000000000e+00
6.475600000000000023e+01,-8.279057512201959401e-01,2.350060884323844634e-01,3.246828862404063543e+00,3.128496352304104278e-01,5.794916202802819633e-02,-4.483882137445472510e-02,-9.469722701611685833e-01,-9.482205287448517740e-04,3.955480876530928035e-06,-1.553704212180030859e-03,2.208657812463248960e-04,9.201776729035038987e-03,-7.653524909855008267e-03,1.000000000000000000e+00
6.480400000000000205e+01,-8.279631523644790381e-01,2.350063050762235539e-01,3.246757471690246089e+00,3.126465857065301446e-01,5.811728130528569236e-02,-4.476137263073554778e-02,-9.470326887599722632e-01,-1.394274691365795160e-03,6.472131646283559593e-06,-1.398503254134685677e-03,-1.437021663321580954e-03,4.584790846672681663e-03,-1.056367940556223774e-02,1.000000000000000000e+00
6.485200000000000387e+01,-8.280404933257667910e-01,2.350068539532262080e-01,3.246700958205982701e+00,3.123834423996255105e-01,5.807544946227541360e-02,-4.466906163471576208e-02,-9.471264445769567164e-01,-1.782308826916712864e-03,1.593429871253233018e-05,-9.456101808743972142e-04,-5.996594771504919034e-03,-6.950957806797524417e-03,-1.260353958841583383e-02,1.000000000000000000e+00
6.490000000000000568e+01,-8.281333613394776805e-01,2.350078615029674300e-01,3.246672712505751512e+00,3.120805719951676438e-01,5.767859559290013788e-02,-4.455856626860862924e-02,-9.472557365176964561e-01,-2.034382898151628101e-03,2.485405319538419670e-05,-2.614142855083985135e-04,-1.158453069408218149e-02,-2.220386061157238189e-02,-1.341119240783957348e-02,1.000000000000000000e+00
6.494800000000000750e+01,-8.282323273662022256e-01,2.350091950028325438e-01,3.246679958958791357e+00,3.117705765013628061e-01,5.690059534515788664e-02,-4.444455813550365203e-02,-9.474102127006626128e-01,-2.039360468585377575e-03,2.933278637412259414e-05,4.968169231365422191e-04,-1.600020561173365330e-02,-3.637316309307426360e-02,-1.249174862267123445e-02,1.000000000000000000e+00
6.499599999999999511e+01,-8.283231105147148554e-01,2.350105628120436330e-01,3.246721198574700651e+00,3.114978714627588685e-01,5.583999942464581284e-02,-4.435231721895991491e-02,-9.475673287401454870e-01,-1.711223854358576071e-03,2.650970695479723004e-05,1.130704154801467822e-03,-1.738032979414892015e-02,-4.469546182873121443e-02,-9.532028760139371268e-03,1.000000000000000000e+00
6.504399999999999693e+01,-8.283888336801712438e-01,2.350115693586007914e-01,3.246785091979439652e+00,3.113120800691168699e-01,5.470643709681183992e-02,-4.430988768658722377e-02,-9.476964853772616992e-01,-1.028072904628895548e-03,1.493408479095429185e-05,1.436296196003023591e-03,-1.448216653274751742e-02,-4.326588321377099200e-02,-4.620073574141111972e-03,1.000000000000000000e+00
6.509199999999999875e+01,-8.284138290671069216e-01,2.350118063479670616e-01,3.246851421828801154e+00,3.112570541278842917e-01,5.378351769502753149e-02,-4.433971282720693130e-02,-9.477659887052187759e-01,-5.729141153357896084e-05,-4.518941816308418369e-06,1.252663252341376307e-03,-7.010153737183773964e-03,-3.002458872572632761e-02,1.636987400458858252e-03,1.000000000000000000e+00
6.514000000000000057e+01,-8.283881033518005754e-01,2.350109821759961137e-01,3.246894494063371717e+00,3.113578804093765084e-01,5.336848996456050598e-02,-4.445073859699937707e-02,-9.477511310592374727e-01,1.041354426522380109e-03,-2.808177471295492458e-05,5.125438634192240996e-04,4.165271276973036424e-03,-5.590595570347666084e-03,8.124821330376438833e-03,1.000000000000000000e+00
6.518800000000000239e+01,-8.283124520971199001e-01,2.350092441488645656e-01,3.246892270300083982e+00,3.116070024141727735e-01,5.364241485470926801e-02,-4.462564223884096098e-02,-9.476455663536763607e-01,1.957971765158112842e-03,-3.768841627436820884e-05,-4.730886425535463214e-04,1.377981557505274408e-02,1.949028780286419724e-02,1.321628691273528562e-02,1.000000000000000000e+00
6.523600000000000421e+01,-8.282059813602197229e-01,2.350076444341327453e-01,3.246851691607344659e+00,3.119485613684181979e-01,5.433655932174228514e-02,-4.479733778642164266e-02,-9.474855312396583962e-01,2.359505102391329812e-03,-2.869676137150602087e-05,-1.112512181338116361e-03,1.580625886250867571e-02,3.006947927697194503e-02,1.540361952041934858e-02,1.000000000000000000e+00
6.528400000000000603e+01,-8.280928221337435780e-01,2.350065593671281372e-01,3.246787701888841138e+00,3.123091631695322223e-01,5.515185147492764756e-02,-4.492315340098890220e-02,-9.473136598654875451e-01,2.292662861976683605e-03,-1.758101367989580856e-05,-1.486008067637023186e-03,1.409246496648824259e-02,3.197250282048122449e-02,1.468551007038686358e-02,1.000000000000000000e+00
6.533200000000000784e+01,-8.279923970700555635e-01,2.350059629959596885e-01,3.246710850774929824e+00,3.126267624859899730e-01,5.593161386279066338e-02,-4.499290422506790205e-02,-9.471598600646169430e-01,1.880340803300589551e-03,-8.490013573133826154e-06,-1.675584772199831783e-03,1.097744453712840365e-02,2.938385453152451282e-02,1.173789097944160156e-02,1.000000000000000000e+00
6.537999999999999545e+01,-8.279177121853330545e-01,2.350057279825493450e-01,3.246628282313375191e+00,3.128590580210197092e-01,5.660386133494429289e-02,-4.501155189891434955e-02,-9.470423289863154626e-01,1.259701498545506317e-03,-2.285422547932070305e-06,-1.743083025753663397e-03,7.671712657944237956e-03,2.480668844049416927e-02,7.430783589501836935e-03,1.000000000000000000e+00
6.542799999999999727e+01,-8.278754545295439193e-01,2.350057228649933272e-01,3.246544641517404628e+00,3.129841763120604359e-01,5.714496555044853293e-02,-4.498993632728879449e-02,-9.469695158344668684e-01,5.548563447232787325e-04,1.404067738175685114e-06,-1.732821837058622343e-03,4.745801064075252061e-03,1.969213063446067363e-02,2.585213237688304203e-03,1.000000000000000000e+00
6.547599999999999909e+01,-8.278669929946209649e-01,2.350058446221799102e-01,3.246462820061895904e+00,3.129977066307097489e-01,5.755756203323387360e-02,-4.494007935143955190e-02,-9.469424227293822272e-01,-1.357800668013585572e-04,3.267961333732816179e-06,-1.675321579767179592e-03,2.418557260459173325e-03,1.483699331772144261e-02,-2.136623191645570328e-03,1.000000000000000000e+00
6.552400000000000091e+01,-8.278897330186141268e-01,2.350060223824299854e-01,3.246384522144394325e+00,3.129083361876646152e-01,5.785725615649436882e-02,-4.487300424339984994e-02,-9.469568757575395068e-01,-7.431119482908239791e-04,3.926397834465710346e-06,-1.590948288173255672e-03,7.233362818003149499e-04,1.063377839759153606e-02,-6.266153964306566022e-03,1.000000000000000000e+00
6.557200000000000273e+01,-8.279385048944770675e-01,2.350062119127667992e-01,3.246310690905181762e+00,3.127333051861154178e-01,5.806442197929127108e-02,-4.479783189875027882e-02,-9.470055738931790756e-01,-1.227240673021785756e-03,4.121375195941351717e-06,-1.488550384350570627e-03,-4.596216089119071796e-04,7.105489452454468412e-03,-9.525268729439928528e-03,1.000000000000000000e+00
6.562000000000000455e+01,-8.280083590927599380e-01,2.350065921561650950e-01,3.246246554865722000e+00,3.124917283188688999e-01,5.812754903480700508e-02,-4.471291943292183407e-02,-9.470854568682157693e-01,-1.640897224776016912e-03,1.202874176729091020e-05,-1.157086189476310388e-03,-3.961073435354575158e-03,-1.739816359520853341e-03,-1.192662417371508771e-02,1.000000000000000000e+00
6.566800000000000637e+01,-8.280959863928233355e-01,2.350074256914253534e-01,3.246205981058399193e+00,3.122012250473913952e-01,5.787968080036307722e-02,-4.460862249748039077e-02,-9.472013557994060085e-01,-1.959357101120251608e-03,2.170454310643733981e-05,-5.477894588539880321e-04,-9.420378446927887145e-03,-1.609083500374035997e-02,-1.327644984454528880e-02,1.000000000000000000e+00
6.571600000000000819e+01,-8.281940400916769640e-01,2.350086586771804875e-01,3.246198993780264441e+00,3.118892486350844928e-01,5.724597700513076037e-02,-4.449339730471907339e-02,-9.473480523539670184e-01,-2.073627545645373264e-03,2.831666357392478991e-05,2.033881158818364192e-04,-1.453991829885238618e-02,-3.126738258506692875e-02,-1.308607821904982094e-02,1.000000000000000000e+00
6.576399999999999579e+01,-8.282899754809568416e-01,2.350100561103772023e-01,3.246227735076453236e+00,3.115960750284270109e-01,5.627665825517250836e-02,-4.438926619281465674e-02,-9.475074758593582391e-01,-1.882773399894527343e-03,2.862173827636619463e-05,9.109025210336295451e-04,-1.729810168935829243e-02,-4.241237829865055625e-02,-1.094041719558333688e-02,1.000000000000000000e+00
6.581199999999999761e+01,-8.283675489650696999e-01,2.350112546858155460e-01,3.246284732420650965e+00,3.113703986952224279e-01,5.514089037260768572e-02,-4.432416636838587554e-02,-9.476514788154144497e-01,-1.335822330469920707e-03,2.051608769603543924e-05,1.367725939225837703e-03,-1.616911540069856240e-02,-4.516948869187532856e-02,-6.750180810525031362e-03,1.000000000000000000e+00
6.585999999999999943e+01,-8.284100999797606724e-01,2.350118373098121771e-01,3.246352975879431391e+00,3.112598297214438925e-01,5.409931447480265804e-02,-4.432373286645729937e-02,-9.477478511080450474e-01,-4.634741476025616984e-04,3.858784954772045609e-06,1.389868791228514398e-03,-1.045140734308630699e-02,-3.664159656092195322e-02,-9.129537999984164553e-04,1.000000000000000000e+00
6.590800000000000125e+01,-8.284048873184856054e-01,2.350114499466367524e-01,3.246408358372790737e+00,3.112983538362253944e-01,5.345223761959793513e-02,-4.440303598074106517e-02,-9.477682014015912371e-01,6.094192925329421388e-04,-1.872552068539721110e-05,8.678273786282106501e-04,-5.452183552563008139e-04,-1.632255620050744593e-02,5.644864440439644263e-03,1.000000000000000000e+00
6.595600000000000307e+01,-8.283475427143395242e-01,2.350099691822178927e-01,3.246424948256859455e+00,3.114933607440298902e-01,5.346145932050577060e-02,-4.455877779067574790e-02,-9.476962983474783719e-01,1.656700996554329609e-03,-3.814743941972829840e-05,-1.285300268607755033e-04,1.113014211220367429e-02,1.162454813493772610e-02,1.152767167667095687e-02,1.000000000000000000e+00
6.600400000000000489e+01,-8.282501279600320565e-01,2.350082237077028569e-01,3.246397329867388937e+00,3.118075324272603366e-01,5.403704307439068794e-02,-4.473945352460858421e-02,-9.475518149398053369e-01,2.263387923254931225e-03,-3.289958394805022468e-05,-8.990519817724226858e-04,1.564111318445271515e-02,2.726987485851815884e-02,1.491469726589031083e-02,1.000000000000000000e+00
6.605200000000000671e+01,-8.281369539671463720e-01,2.350069287413678876e-01,3.246341030985276266e+00,3.121689833932624336e-01,5.482992774387199925e-02,-4.488572808623907812e-02,-9.473803229141855020e-01,2.367372819095240818e-03,-2.181729585801020453e-05,-1.365678917715311457e-03,1.502746193633916309e-02,3.194869566037800146e-02,1.527652731074097790e-02,1.000000000000000000e+00
6.609999999999999432e+01,-8.280296347011899538e-01,2.350061537028450276e-01,3.246268202607573095e+00,3.125096003372360709e-01,5.563585334890108064e-02,-4.497739018175542225e-02,-9.472166784277175067e-01,2.073921045962141916e-03,-1.171233194243614458e-05,-1.618770904993557152e-03,1.226774188895409304e-02,3.074352663084003318e-02,1.310142279869977965e-02,1.000000000000000000e+00
6.614799999999999613e+01,-8.279437504108916324e-01,2.350057938134510471e-01,3.246187206639613354e+00,3.127789626824168945e-01,5.635505265494228366e-02,-4.501492652663556526e-02,-9.470834624959780790e-01,1.518914834122205232e-03,-4.380833282109935428e-06,-1.727859630393743491e-03,8.941444054319392515e-03,2.672427826773917173e-02,9.222499372795033012e-03,1.000000000000000000e+00
6.619599999999999795e+01,-8.278883767545449635e-01,2.350057128324409272e-01,3.246103567196171991e+00,3.129474177565716997e-01,5.694824730090590481e-02,-4.500763202013290804e-02,-9.469926736299432157e-01,8.337434043175339510e-04,2.167586935767758229e-07,-1.743704749762059079e-03,5.826169060438149243e-03,2.169573374575272176e-02,4.498776996058813891e-03,1.000000000000000000e+00
6.624399999999999977e+01,-8.278668129201167680e-01,2.350057950819381680e-01,3.246020784769682255e+00,3.130041985035438845e-01,5.740977324378994384e-02,-4.496743089714447944e-02,-9.469479498968045306e-01,1.277053679220245368e-04,2.713522654651839453e-06,-1.701771105844010782e-03,3.253183139444820043e-03,1.667429028077094255e-02,-3.380514489838936493e-04,1.000000000000000000e+00
6.629200000000000159e+01,-8.278778472047337855e-01,2.350059576109397586e-01,3.245940971627066407e+00,3.129534156462343564e-01,5.775134138987349230e-02,-4.490589291247129577e-02,-9.469468849860372961e-01,-5.185977160295595191e-04,3.781285136827882788e-06,-1.625996416941843459e-03,1.314055422318927179e-03,1.218768171201017533e-02,-4.742673038274242484e-03,1.000000000000000000e+00
6.634000000000000341e+01,-8.279171561356388764e-01,2.350061459161378319e-01,3.245865316418614643e+00,3.128094879186695265e-01,5.799234667416938022e-02,-4.483296144801498379e-02,-9.469831664623630241e-01,-1.053363473329648348e-03,3.933128240681150475e-06,-1.532104051625396727e-03,-2.148945078027615435e-05,8.463973362342102139e-03,-8.363017186691596577e-03,1.000000000000000000e+00
6.638800000000000523e+01,-8.279791140171109953e-01,2.350064025498944387e-01,3.245795925901456158e+00,3.125919998762598517e-01,5.813088928301308328e-02,-4.475352988430406770e-02,-9.470502430639154978e-01,-1.485107151820385957e-03,8.315022769338192217e-06,-1.325240448514460913e-03,-2.223160644329191631e-03,2.620499623816921822e-03,-1.108964715145867135e-02,1.000000000000000000e+00
6.643600000000000705e+01,-8.280603726263903175e-01,2.350070528419572202e-01,3.245744601190164502e+00,3.123180829724505059e-01,5.802034656654869726e-02,-4.465680896172078557e-02,-9.471519539366785034e-01,-1.852778270028892279e-03,1.808016198055029005e-05,-8.115605672717911886e-04,-7.203806118815150525e-03,-1.011289964099166064e-02,-1.290316816553857202e-02,1.000000000000000000e+00
6.648399999999999466e+01,-8.281555662168723631e-01,2.350081490561370112e-01,3.245723744684195555e+00,3.120103848069970542e-01,5.753851545686429481e-02,-4.454382087288964037e-02,-9.472880697199000943e-01,-2.060382886640963265e-03,2.632679329193427691e-05,-9.611033269876544181e-05,-1.271490499262510100e-02,-2.554566628891362379e-02,-1.337524253112177056e-02,1.000000000000000000e+00
6.653199999999999648e+01,-8.282541168211731142e-01,2.350095198043556655e-01,3.245738860223100097e+00,3.117043553713141901e-01,5.668652932185537507e-02,-4.443217643928024790e-02,-9.474454147510901203e-01,-1.998571036829237344e-03,2.942575501265428493e-05,6.528029291154297366e-04,-1.661268019766982615e-02,-3.883363988396969224e-02,-1.202771569903897560e-02,1.000000000000000000e+00
6.657999999999999829e+01,-8.283409234072257599e-01,2.350108452278666105e-01,3.245786343408464614e+00,3.114462864402239295e-01,5.558896953499536248e-02,-4.434844383807850371e-02,-9.475992257583231160e-01,-1.592279070985026931e-03,2.475581097847124256e-05,1.231987472876479653e-03,-1.714057060052386755e-02,-4.531961313739426428e-02,-8.619086947991284192e-03,1.000000000000000000e+00
6.662800000000000011e+01,-8.283990087116502865e-01,2.350117175597847274e-01,3.245852761328352987e+00,3.112855942514384244e-01,5.447555315495864608e-02,-4.432016553893422528e-02,-9.477180043908590701e-01,-8.375327242838674635e-04,1.129288272093088911e-05,1.442438759950612085e-03,-1.323543848766958395e-02,-4.141612732566871818e-02,-3.344292093258098304e-03,1.000000000000000000e+00
6.667600000000000193e+01,-8.284135571269440890e-01,2.350117419201775970e-01,3.245916333637493878e+00,3.112631733361752584e-01,5.363866839000617365e-02,-4.436747388879941356e-02,-9.477708886850073622e-01,1.775968371357263247e-04,-9.478735803080787404e-06,1.139478194223148390e-03,-4.842854248464261054e-03,-2.558611511283937975e-02,3.073344248137627188e-03,1.000000000000000000e+00
6.672400000000000375e+01,-8.283763728072895960e-01,2.350106703715838241e-01,3.245950852432911926e+00,3.113983616103458418e-01,5.336883284567300878e-02,-4.449551777594677737e-02,-9.477357105042174545e-01,1.275353732601595177e-03,-3.318315475761760675e-05,2.819684040294231529e-04,6.904888104619292914e-03,8.982675574307078317e-04,9.425141595363140459e-03,1.000000000000000000e+00
6.677200000000000557e+01,-8.282918798394978133e-01,2.350088768624541691e-01,3.245938777454416169e+00,3.116737398868684727e-01,5.376915427135879610e-02,-4.467594116101553103e-02,-9.476140660602574428e-01,2.089661595319980848e-03,-3.637079240385179628e-05,-6.395736801915764000e-04,1.471834991086952080e-02,2.283026234652277275e-02,1.395482942365207368e-02,1.000000000000000000e+00
6.682000000000000739e+01,-8.281820176632316288e-01,2.350073789653057132e-01,3.245892009292882907e+00,3.120255113287010440e-01,5.450919067730831263e-02,-4.483979801739252508e-02,-9.474482682054616856e-01,2.381056007902631992e-03,-2.624607108188181442e-05,-1.213041722956642024e-03,1.564842844797006971e-02,3.104717185420069817e-02,1.547644837264861538e-02,1.000000000000000000e+00
6.686799999999999500e+01,-8.280701918883265344e-01,2.350064079614764267e-01,3.245824467703616545e+00,3.123814037321119841e-01,5.532647583306707362e-02,-4.495355049611369364e-02,-9.472782157170315243e-01,2.227490039513035577e-03,-1.537490757888781179e-05,-1.540205609561797091e-03,1.347867591932935989e-02,3.168537714888046419e-02,1.420370159955319095e-02,1.000000000000000000e+00
6.691599999999999682e+01,-8.279744938094243389e-01,2.350059019340503541e-01,3.245745878060491307e+00,3.126833010753198305e-01,5.608686542419783622e-02,-4.501144182848317715e-02,-9.471311349860963569e-01,1.758306006062680367e-03,-6.898556614953659850e-06,-1.698570243889370446e-03,1.024685761900905392e-02,2.849426360519841106e-02,1.088533157642373669e-02,1.000000000000000000e+00
6.696399999999999864e+01,-8.279065038657487108e-01,2.350057273472107577e-01,3.245662767777779845e+00,3.128934611020263157e-01,5.673140785971898803e-02,-4.502030635118831059e-02,-9.470229149170020788e-01,1.109546707670361213e-03,-1.290982664331791500e-06,-1.745879051728712770e-03,6.990815441606341822e-03,2.370378417284437975e-02,6.395664262724866725e-03,1.000000000000000000e+00
6.701200000000000045e+01,-8.278716474322541652e-01,2.350057574934593385e-01,3.245579342688849955e+00,3.129941374250321817e-01,5.724370912822964591e-02,-4.499153093423616939e-02,-9.469601838762796708e-01,4.004243902025232606e-04,1.942919760933305966e-06,-1.723121279420622909e-03,4.185062229197212234e-03,1.859482033142578414e-02,1.527246911441394045e-03,1.000000000000000000e+00
6.706000000000000227e+01,-8.278703105668240303e-01,2.350058965691200485e-01,3.245498193479669169e+00,3.129841615602731997e-01,5.763013513326618181e-02,-4.493704605011565600e-02,-9.469426297454479613e-01,-2.769474754392360931e-04,3.498281550753561399e-06,-1.658312378016065392e-03,1.996937737928823793e-03,1.385864908589995448e-02,-3.098721597507419438e-03,1.000000000000000000e+00
6.710800000000000409e+01,-8.278992223668937278e-01,2.350060798948323260e-01,3.245420824249288572e+00,3.128744614942868263e-01,5.790793088217691814e-02,-4.486751303825400189e-02,-9.469652312304648323e-01,-8.597719573917978440e-04,3.959357482999647403e-06,-1.570035714519042681e-03,4.336656500438915065e-04,9.823055562703464361e-03,-7.055960742623176504e-03,1.000000000000000000e+00
6.715600000000000591e+01,-8.279528825158871674e-01,2.350062787006666765e-01,3.245348232081629813e+00,3.126834783383765082e-01,5.809504610546174092e-02,-4.479120884624365057e-02,-9.470204620821617292e-01,-1.320777677985239323e-03,5.227754311280679737e-06,-1.444760027916485974e-03,-9.270502191321425625e-04,5.875115276697762123e-03,-1.011853064530285340e-02,1.000000000000000000e+00
6.720400000000000773e+01,-8.280269721019311024e-01,2.350067500333617443e-01,3.245288080086583093e+00,3.124295428294235344e-01,5.810304658827628033e-02,-4.470231750666629755e-02,-9.471079767133692151e-01,-1.721904876640296608e-03,1.420873068506010910e-05,-1.043865389001545109e-03,-5.066439861304681928e-03,-4.552235022595073344e-03,-1.232576471930267245e-02,1.000000000000000000e+00
6.725199999999999534e+01,-8.281176849847114996e-01,2.350076829120932853e-01,3.245254223642623170e+00,3.121315543415073002e-01,5.777318879115637962e-02,-4.459432927274401687e-02,-9.472314908394727784e-01,-2.005668364627093657e-03,2.354420526089390082e-05,-3.899819889759370247e-04,-1.064091350136173869e-02,-1.949805014396051653e-02,-1.338407035937290261e-02,1.000000000000000000e+00
6.729999999999999716e+01,-8.282165173977830142e-01,2.350089776577196643e-01,3.245255179095749565e+00,3.118198215546127972e-01,5.705765268608974095e-02,-4.447930855286140461e-02,-9.473829290557554961e-01,-2.061002727566225729e-03,2.902954372500746126e-05,3.689340990982264935e-04,-1.540674785264604073e-02,-3.420887098717494829e-02,-1.279536349819022575e-02,1.000000000000000000e+00
6.734799999999999898e+01,-8.283099196842997891e-01,2.350103666970802530e-01,3.245291090527861577e+00,3.115370391541297801e-01,5.603373918963805433e-02,-4.438123964363187290e-02,-9.475416607596739427e-01,-1.794473532504174858e-03,2.762748913038535630e-05,1.039553864259341095e-03,-1.742520143601948915e-02,-4.386455113458730126e-02,-1.019669269488809003e-02,1.000000000000000000e+00
6.739600000000000080e+01,-8.283812239487526874e-01,2.350114670164457908e-01,3.245352322996966521e+00,3.113326269643174604e-01,5.489376751525706921e-02,-4.432828097843385246e-02,-9.476780429982408771e-01,-1.170725231637564879e-03,1.757919692418626639e-05,1.415635392805024342e-03,-1.532141104541361390e-02,-4.434058182674081861e-02,-5.594753369964811443e-03,1.000000000000000000e+00
6.744400000000000261e+01,-8.284142335727741058e-01,2.350118638315580599e-01,3.245420023421232703e+00,3.112523622560608993e-01,5.391226935194721320e-02,-4.434444975560883351e-02,-9.477599928142237395e-01,-2.407248266979054657e-04,-7.047340167207303237e-07,1.325008315212065349e-03,-8.614822268617714288e-03,-3.318830007196371668e-02,4.965149461135757048e-04,1.000000000000000000e+00
6.749200000000000443e+01,-8.283976539233575132e-01,2.350112350668877581e-01,3.245469098501847505e+00,3.113255268000902909e-01,5.338929323218141038e-02,-4.444152971258471391e-02,-9.477610195442840446e-01,8.508906584875370466e-04,-2.395733210026115817e-05,6.808561142565318358e-04,2.033496616855401482e-03,-1.051817484304237715e-02,7.043533925922222834e-03,1.000000000000000000e+00
6.754000000000000625e+01,-8.283297866754076866e-01,2.350095865561477315e-01,3.245475187100780534e+00,3.115516273727881869e-01,5.355024003532354859e-02,-4.460929281881352571e-02,-9.476697559106403990e-01,1.834806815504976506e-03,-3.830403148295282568e-05,-3.270383737139048556e-04,1.277283311052559989e-02,1.631941048759090809e-02,1.252439853970526047e-02,1.000000000000000000e+00
6.758800000000000807e+01,-8.282268403929743394e-01,2.350079133667972719e-01,3.245440083775773310e+00,3.118825325132205117e-01,5.419805528283212770e-02,-4.478591661451346295e-02,-9.475157404442936526e-01,2.326610030238057941e-03,-3.063409847453341697e-05,-1.022695050204769493e-03,1.581414353976637668e-02,2.901069895646554361e-02,1.524685646672503669e-02,1.000000000000000000e+00
6.763599999999999568e+01,-8.281132617662649853e-01,2.350067345849329581e-01,3.245379313027149770e+00,3.122448350693403651e-01,5.500678733522679914e-02,-4.492107113223245407e-02,-9.473433979755764289e-01,2.333306688385673820e-03,-1.943729937379233788e-05,-1.435968774317251950e-03,1.454004849087894152e-02,3.206087688444934219e-02,1.499592942185535259e-02,1.000000000000000000e+00
6.768399999999999750e+01,-8.280094877846074786e-01,2.350060609274338685e-01,3.245304118463940402e+00,3.125735970182875745e-01,5.579981055623060848e-02,-4.500047748958024146e-02,-9.471848207264771391e-01,1.971031526988310453e-03,-9.869600971885659075e-06,-1.652529509556747512e-03,1.155712080487682203e-02,3.003476848284851106e-02,1.237409498524551579e-02,1.000000000000000000e+00
6.773199999999999932e+01,-8.279296707630334762e-01,2.350057729406936635e-01,3.245222168374612970e+00,3.128228784022690778e-01,5.649353841878868715e-02,-4.502730554027619542e-02,-9.470601187996607884e-01,1.376974373858241884e-03,-3.166430856809305246e-06,-1.737602936422011964e-03,8.229853172407741377e-03,2.567479533952247636e-02,8.240220453265362233e-03,1.000000000000000000e+00
6.778000000000000114e+01,-8.278815414676047313e-01,2.350057362427843133e-01,3.245138483979590927e+00,3.129673994062060483e-01,5.705784411540559820e-02,-4.501180984110299266e-02,-9.469792744873816170e-01,6.787699097706754265e-04,9.155376095052237201e-07,-1.738306885959548572e-03,5.214824100130483614e-03,2.058120609543577159e-02,3.434682128342385430e-03,1.000000000000000000e+00
6.782800000000000296e+01,-8.278673003252210449e-01,2.350058420200601128e-01,3.245056216267682370e+00,3.130000087650819940e-01,5.749195126178319182e-02,-4.496601667670459268e-02,-9.469444162132237830e-01,-2.023313820278810885e-05,3.049455845739954860e-06,-1.687291663972818184e-03,2.777361066929056807e-03,1.564330278597234059e-02,-1.348560994701060835e-03,1.000000000000000000e+00
6.787600000000000477e+01,-8.278849395365261987e-01,2.350060141176869288e-01,3.244977242577814280e+00,3.129274510400817944e-01,5.780989936089295927e-02,-4.490121145535675568e-02,-9.469521144869385010e-01,-6.458409662662669337e-04,3.881327734761612666e-06,-1.606451787263542610e-03,9.747023308258703127e-04,1.131044424232852466e-02,-5.606838583596980910e-03,1.000000000000000000e+00
6.792400000000000659e+01,-8.279296363053507690e-01,2.350062030720011796e-01,3.244902597735563887e+00,3.127658027374725647e-01,5.803190340635006050e-02,-4.482691218811447192e-02,-9.469954586843071231e-01,-1.152137800072345741e-03,3.883824626753171696e-06,-1.510095889715918922e-03,-2.399018864458794472e-04,7.763238956675623699e-03,-9.027980479671317976e-03,1.000000000000000000e+00
6.797200000000000841e+01,-8.279960352920521238e-01,2.350065204184932088e-01,3.244835844379061918e+00,3.125345963002476579e-01,5.813250631176277577e-02,-4.474475561773621352e-02,-9.470695036110415854e-01,-1.573402954803026577e-03,1.034304377148818953e-05,-1.237061048517539615e-03,-3.144201362233959088e-03,3.175312875206176859e-04,-1.157505337085592938e-02,1.000000000000000000e+00
6.801999999999999602e+01,-8.280809695714387297e-01,2.350072735090879550e-01,3.244790301769501006e+00,3.122509353571643609e-01,5.794745969348294445e-02,-4.464370380766159024e-02,-9.471791725930117645e-01,-1.915859475277819713e-03,2.015404414997327943e-05,-6.677418394133488502e-04,-8.436243494271980503e-03,-1.340543440936294191e-02,-1.314042763379121015e-02,1.000000000000000000e+00
6.806799999999999784e+01,-8.281779937697447691e-01,2.350084504260075979e-01,3.244777108816566447e+00,3.119400699515980091e-01,5.738059303160641250e-02,-4.452906693891256484e-02,-9.473214990168246086e-01,-2.073685959145477042e-03,2.755988214517326578e-05,7.111063421439474831e-05,-1.377035478559320361e-02,-2.879154050188206804e-02,-1.325318091100185190e-02,1.000000000000000000e+00
6.811599999999999966e+01,-8.282754126203953904e-01,2.350098434038465911e-01,3.244799939577045933e+00,3.116402042664733196e-01,5.646038101731162828e-02,-4.442105429090904140e-02,-9.474805424892988048e-01,-1.941365447370141384e-03,2.915152509743168462e-05,8.011003641154170818e-04,-1.706672080851809672e-02,-4.097717821473726568e-02,-1.146504556599885032e-02,1.000000000000000000e+00
6.816400000000000148e+01,-8.283574290566175780e-01,2.350111069959550936e-01,3.244853044910142259e+00,3.113991436389509371e-01,5.533664693840031207e-02,-4.434715333165748646e-02,-9.476295472588023294e-01,-1.456550567153570234e-03,2.257943895774738369e-05,1.316062235032384835e-03,-1.669058901838838677e-02,-4.545379631066788495e-02,-7.615661370229370730e-03,1.000000000000000000e+00
6.821200000000000330e+01,-8.284071570690760833e-01,2.350118259412370958e-01,3.244920963298860261e+00,3.112655465049186665e-01,5.425724157472117809e-02,-4.433400960231783511e-02,-9.477364648932105062e-01,-6.342214431834180492e-04,7.292881489173695291e-06,1.424324955279589622e-03,-1.177392905933417194e-02,-3.899868485131307433e-02,-2.011379729895575175e-03,1.000000000000000000e+00
6.826000000000000512e+01,-8.284108463480074347e-01,2.350116252294363606e-01,3.244980533152339142e+00,3.112767273141087143e-01,5.352030408443742698e-02,-4.439908180657525794e-02,-9.477716484565582578e-01,4.169389496296725304e-04,-1.459286295578065950e-05,9.998322684837545205e-04,-2.512462277220904247e-03,-2.063467508904608810e-02,4.510074849397546423e-03,1.000000000000000000e+00
6.830800000000000693e+01,-8.283623035695317771e-01,2.350103127085741983e-01,3.245005396903812400e+00,3.114456907115655815e-01,5.340468491005526119e-02,-4.454328845065421566e-02,-9.477158945701273929e-01,1.497229843476088331e-03,-3.698147657487025589e-05,4.555722825578387342e-05,9.474300662739475881e-03,7.242639830267273704e-03,1.064341348684617015e-02,1.000000000000000000e+00
6.835599999999999454e+01,-8.282701278953849000e-01,2.350085279019093754e-01,3.244984374060625232e+00,3.117440865959373864e-01,5.391018936250787513e-02,-4.472522513173693426e-02,-9.475805877033784963e-01,2.196563095707121382e-03,-3.459118195748802542e-05,-7.892780255534580323e-04,1.534026250104321594e-02,2.552533692548033042e-02,1.455027670539823549e-02,1.000000000000000000e+00
6.840399999999999636e+01,-8.281579693666971664e-01,2.350071399966363606e-01,3.244932088557819228e+00,3.121026784779155627e-01,5.468393119967168703e-02,-4.487979026556124934e-02,-9.474108877256908201e-01,2.382019411394031231e-03,-2.378876134053046194e-05,-1.301749382367610279e-03,1.535194958240569153e-02,3.167562528425159341e-02,1.541988374635367212e-02,1.000000000000000000e+00
6.845199999999999818e+01,-8.280483028114723476e-01,2.350062791755103409e-01,3.244861457655138004e+00,3.124512056198267551e-01,5.549714635273477609e-02,-4.498130553070212034e-02,-9.472438930952120639e-01,2.148120244394318909e-03,-1.329614790626029956e-05,-1.586451266699770565e-03,1.282152081726542318e-02,3.122766098818295991e-02,1.362992867382229953e-02,1.000000000000000000e+00
6.850000000000000000e+01,-8.279578414733517189e-01,2.350058567193206716e-01,3.244781433262262205e+00,3.127357379154226957e-01,5.623565213542201791e-02,-4.502772730122797662e-02,-9.471042252220639446e-01,1.628594360572141074e-03,-5.449099121554595396e-06,-1.716456071022844174e-03,9.520521613442108413e-03,2.753916687120279080e-02,9.982776491754479647e-03,1.000000000000000000e+00
6.854800000000000182e+01,-8.278967648443619209e-01,2.350057363853718939e-01,3.244697970863984260e+00,3.129230465174271392e-01,5.685196012254296188e-02,-4.502738691307299479e-02,-9.470055733818346644e-01,9.572988096495139727e-04,-4.108410991614455992e-07,-1.745579425534843831e-03,6.335159092927237882e-03,2.259474348604791766e-02,5.347649862877735735e-03,1.000000000000000000e+00
6.859600000000000364e+01,-8.278692948457431200e-01,2.350057972272968643e-01,3.244614872661668592e+00,3.129993318750414755e-01,5.733596374887898334e-02,-4.499203435293481351e-02,-9.469528617368179191e-01,2.481100889135977382e-04,2.402418699328371202e-06,-1.711679416443105282e-03,3.656205795260393174e-03,1.752252701023221740e-02,4.847480722541344395e-04,1.000000000000000000e+00
6.864400000000000546e+01,-8.278749033042661631e-01,2.350059505876442301e-01,3.244534454711303084e+00,3.129664450552366861e-01,5.769719581629052796e-02,-4.493342851386376846e-02,-9.469445732810412020e-01,-4.132209068578881041e-04,3.677649296705738369e-06,-1.640447457312175930e-03,1.606505172735846719e-03,1.291924306776160922e-02,-4.026534891687707195e-03,1.000000000000000000e+00
6.869200000000000728e+01,-8.279097086351073775e-01,2.350061375650789597e-01,3.244458039576878061e+00,3.128373389281777772e-01,5.795421298111486097e-02,-4.486184200495921953e-02,-9.469749329850275510e-01,-9.700514203271108854e-04,3.960498401989790237e-06,-1.548829860273776308e-03,1.710839802855143718e-04,9.054905836676415895e-03,-7.801399634876028145e-03,1.000000000000000000e+00
6.873999999999999488e+01,-8.279680532123105952e-01,2.350063612611109909e-01,3.244387040273176481e+00,3.126312741334343892e-01,5.811697890041957193e-02,-4.478402293958864966e-02,-9.470366912039571705e-01,-1.413134991643953719e-03,6.833661054909266860e-06,-1.384266235252777427e-03,-1.584057403692827040e-03,4.218578675540161742e-03,-1.067563711013377534e-02,1.000000000000000000e+00
6.878799999999999670e+01,-8.280462229528242624e-01,2.350069308770575405e-01,3.244331555130092415e+00,3.123658064724681993e-01,5.806186613082731096e-02,-4.469081256647259442e-02,-9.471320678344486987e-01,-1.797571465548652991e-03,1.638444225063731007e-05,-9.187664243279396528e-04,-6.236476692907785314e-03,-7.573671672466959423e-03,-1.267239691150356604e-02,1.000000000000000000e+00
6.883599999999999852e+01,-8.281396251078072535e-01,2.350079577073793113e-01,3.244304806697677179e+00,3.120617349144952368e-01,5.764799097517483289e-02,-4.457974111216227858e-02,-9.472628090562056347e-01,-2.041236100284761924e-03,2.518954766808484527e-05,-2.275987760178163838e-04,-1.181758325432830624e-02,-2.288245606743001884e-02,-1.341495729425202371e-02,1.000000000000000000e+00
6.888400000000000034e+01,-8.282385965090909297e-01,2.350093009919460019e-01,3.244313685960240612e+00,3.117522444109498969e-01,5.685465011412092068e-02,-4.446609350314020825e-02,-9.474179929649347853e-01,-2.033165846326151060e-03,2.940513510244460629e-05,5.296584098094924559e-04,-1.613704204259273564e-02,-3.689538456722681048e-02,-1.241072027142828618e-02,1.000000000000000000e+00
6.893200000000000216e+01,-8.283286795231306066e-01,2.350106629893638777e-01,3.244356276575332654e+00,3.114821645850630039e-01,5.578566231056926450e-02,-4.437543793817706056e-02,-9.475746100090320923e-01,-1.689373680206360511e-03,2.621378974343615190e-05,1.153486017494377265e-03,-1.735139530441045033e-02,-4.486611872573401105e-02,-9.360049054618808234e-03,1.000000000000000000e+00
6.898000000000000398e+01,-8.283929581937335973e-01,2.350116450078358343e-01,3.244420814402305453e+00,3.113011346414196745e-01,5.465484617101409176e-02,-4.433575181622700229e-02,-9.477018478782640587e-01,-9.914519583482147690e-04,1.424580086669109800e-05,1.440701761875816736e-03,-1.425240938846463433e-02,-4.294891421639155521e-02,-4.371993966876371734e-03,1.000000000000000000e+00
6.902800000000000580e+01,-8.284159144768600269e-01,2.350118406257683257e-01,3.244486752792094197e+00,3.112524796753499134e-01,5.374783568864045097e-02,-4.436904702052107963e-02,-9.477681423856901821e-01,-1.093244539108852230e-05,-5.502657034636743944e-06,1.233412046387092221e-03,-6.591952568852556087e-03,-2.918518059562390243e-02,1.922884949885302498e-03,1.000000000000000000e+00
6.907600000000000762e+01,-8.283878973276448399e-01,2.350109662813074929e-01,3.244528269459010961e+00,3.113601932326106048e-01,5.336085615142664718e-02,-4.448353032181710798e-02,-9.477492625325782960e-01,1.088697158478666186e-03,-2.913680264055836720e-05,4.694341981783343304e-04,4.706962400761690625e-03,-4.323407749822196118e-03,8.390573058841558490e-03,1.000000000000000000e+00
6.912399999999999523e+01,-8.283103722599884922e-01,2.350092092795841858e-01,3.244524044245147287e+00,3.116148600062955132e-01,5.366191977900528626e-02,-4.465991152103414991e-02,-9.476402638616731045e-01,1.986817938138923413e-03,-3.751314940999748803e-05,-5.073260132867836751e-04,1.400159734949681274e-02,2.022796582618060710e-02,1.337764876227660535e-02,1.000000000000000000e+00
6.917199999999999704e+01,-8.282031094462442011e-01,2.350076274456630310e-01,3.244482193565808803e+00,3.119588164945686359e-01,5.436659174986136628e-02,-4.483019333617530022e-02,-9.474788780116699671e-01,2.365998078826362337e-03,-2.823640823742330270e-05,-1.133140381077547701e-03,1.579035957742267945e-02,3.030541022472347037e-02,1.543121504789293601e-02,1.000000000000000000e+00
6.921999999999999886e+01,-8.280901278210462957e-01,2.350065644864634817e-01,3.244417478184873804e+00,3.123187717264789831e-01,5.518300650161080123e-02,-4.495361081194323982e-02,-9.473072328952603094e-01,2.281183563086111588e-03,-1.714466130582683806e-05,-1.497003304797478061e-03,1.397520790153067120e-02,3.193696426223424645e-02,1.459867025739156575e-02,1.000000000000000000e+00
6.926800000000000068e+01,-8.279905915353558132e-01,2.350059862711884606e-01,3.244340279907631075e+00,3.126334261073396847e-01,5.595924344152128360e-02,-4.502094186872975662e-02,-9.471546963126417085e-01,1.856798242765721370e-03,-8.165719573197336838e-06,-1.680040340904366851e-03,1.083167102321042942e-02,2.921651611715592872e-02,1.157257213430088784e-02,1.000000000000000000e+00
6.931600000000000250e+01,-8.279172207861162924e-01,2.350057637532858568e-01,3.244257616032804492e+00,3.128613861950884090e-01,5.662608458597526151e-02,-4.503756539731691017e-02,-9.470389945908421758e-01,1.229911436296139172e-03,-2.076532305973888966e-06,-1.743274163642550851e-03,7.533620694518289654e-03,2.459005215105898243e-02,7.224896737042411227e-03,1.000000000000000000e+00
6.936400000000000432e+01,-8.278764452680346109e-01,2.350057661991674929e-01,3.244174040551329963e+00,3.129816179371104345e-01,5.716144821493598233e-02,-4.501445218508934309e-02,-9.469682015600717762e-01,5.237150153785514149e-04,1.522721013145008376e-06,-1.730348863284370030e-03,4.631065125615081018e-03,1.947294134095240575e-02,2.371480042796102628e-03,1.000000000000000000e+00
6.941200000000000614e+01,-8.278694306064365849e-01,2.350058919353881781e-01,3.244092382298293664e+00,3.129903803118274097e-01,5.756877595862792962e-02,-4.496361498234567600e-02,-9.469430453805565140e-01,-1.646196527946256643e-04,3.324525076692415563e-06,-1.671271254946266136e-03,2.331758773692150025e-03,1.463975979630653852e-02,-2.333517724278601300e-03,1.000000000000000000e+00
6.946000000000000796e+01,-8.278934401582647151e-01,2.350060712912723226e-01,3.244014303420426959e+00,3.128968311399379920e-01,5.786403575897228202e-02,-4.489600719844047405e-02,-9.469591728083671667e-01,-7.672642954810531771e-04,3.942617304962459229e-06,-1.586038363041736765e-03,6.633764127642243023e-04,1.046933107051660830e-02,-6.430011335578206949e-03,1.000000000000000000e+00
6.950799999999999557e+01,-8.279432254551957193e-01,2.350062620209637798e-01,3.243940736812818137e+00,3.127184821322743780e-01,5.806743876622810080e-02,-4.482062123501871082e-02,-9.470092055519436780e-01,-1.246391271932332243e-03,4.293855741458295592e-06,-1.480397148700305374e-03,-5.361661346813809863e-04,6.896352967822635960e-03,-9.649491670190123507e-03,1.000000000000000000e+00
6.955599999999999739e+01,-8.280139584748986703e-01,2.350066603988421321e-01,3.243877385944949676e+00,3.124743048228957321e-01,5.812015757634420715e-02,-4.473493979457507375e-02,-9.470906193550457930e-01,-1.657973734583663514e-03,1.248308055066078727e-05,-1.134371014133249379e-03,-4.178766528543542691e-03,-2.290179809442563150e-03,-1.201345158037061753e-02,1.000000000000000000e+00
6.960399999999999920e+01,-8.281022577702091825e-01,2.350075153379065918e-01,3.243838180205697252e+00,3.121821191638229354e-01,5.785586395033923135e-02,-4.462984221082885727e-02,-9.472081084245321803e-01,-1.969979117001563126e-03,2.211442758433312925e-05,-5.153149846533762023e-04,-9.671825631626246311e-03,-1.678432417878698499e-02,-1.330673759509088012e-02,1.000000000000000000e+00
6.965200000000000102e+01,-8.282005416345590287e-01,2.350087630902366054e-01,3.243832849905595950e+00,3.118699562869656217e-01,5.720517630572251322e-02,-4.451455205561136858e-02,-9.473558744340404569e-01,-2.072772580089187258e-03,2.851502833543071596e-05,2.383614590370736284e-04,-1.472866014978517317e-02,-3.188923708292291936e-02,-1.303738750609209629e-02,1.000000000000000000e+00
6.970000000000000284e+01,-8.282960511794540404e-01,2.350101616204358368e-01,3.243863138311544603e+00,3.115786137661262778e-01,5.622385410934777061e-02,-4.441152464192666544e-02,-9.475153097188715456e-01,-1.866743760766020194e-03,2.848025997810625792e-05,9.393777498095882538e-04,-1.734326516446007410e-02,-4.275167575117336249e-02,-1.079980085603896890e-02,1.000000000000000000e+00
6.974800000000000466e+01,-8.283724383532692359e-01,2.350113429921091568e-01,3.243921131410784753e+00,3.113569887638997224e-01,5.508591134743397871e-02,-4.434877938763327060e-02,-9.476579307354133785e-01,-1.303951548402330516e-03,1.997163904655437110e-05,1.380644496305139879e-03,-1.601895931601572676e-02,-4.505779384166144069e-02,-6.523528810227646919e-03,1.000000000000000000e+00
6.979600000000000648e+01,-8.284131142640953627e-01,2.350118897584505817e-01,3.243989431266609103e+00,3.112523885104994670e-01,5.405506769528480027e-02,-4.435165912890113443e-02,-9.477515131275072724e-01,-4.191720909207317632e-04,2.957476625537457092e-06,1.380331534685024604e-03,-1.009792007005486103e-02,-3.599741814617885005e-02,-6.297125595033626309e-04,1.000000000000000000e+00
6.984400000000000830e+01,-8.284056102132473232e-01,2.350114535537702332e-01,3.244043706145499417e+00,3.112979113406822429e-01,5.343191527725964229e-02,-4.443459478017976194e-02,-9.477680136043060699e-01,6.586408559317251778e-04,-1.980426860146166195e-05,8.333462363316341669e-04,-3.311943633019763262e-05,-1.518732229577116760e-02,5.932879028869865110e-03,1.000000000000000000e+00
6.989199999999999591e+01,-8.283460605747878791e-01,2.350099330468505832e-01,3.244058234456762779e+00,3.114994392842967419e-01,5.347240568382469195e-02,-4.459303989300951454e-02,-9.476920712705437788e-01,1.695336063416481463e-03,-3.831710183020598269e-05,-1.691900306531603465e-04,1.150075484240917385e-02,1.264392634690641656e-02,1.174367369229684273e-02,1.000000000000000000e+00
6.993999999999999773e+01,-8.282473973414502533e-01,2.350081984108839950e-01,3.244029082536540098e+00,3.118173959386143501e-01,5.406405614496462980e-02,-4.477313733955413239e-02,-9.475454372197613662e-01,2.278851789623826968e-03,-3.249114274944971652e-05,-9.243916716038975967e-04,1.569680981600379138e-02,2.766753782509262863e-02,1.499822079195792766e-02,1.000000000000000000e+00
6.998799999999999955e+01,-8.281340225229356644e-01,2.350069254788556827e-01,3.243971868220622223e+00,3.121794099658449229e-01,5.486104551231902465e-02,-4.491724567827225928e-02,-9.473735919474162159e-01,2.362744775497228888e-03,-2.135339812597783035e-05,-1.380033521559012686e-03,1.493896912550557975e-02,3.200020864228227124e-02,1.523404503032918349e-02,1.000000000000000000e+00
7.003600000000000136e+01,-8.280273275709966185e-01,2.350061705788208666e-01,3.243898559745378662e+00,3.125179426606405908e-01,5.566489646087694615e-02,-4.500642769826974227e-02,-9.472108404589761887e-01,2.054746729218162940e-03,-1.134071085815190848e-05,-1.625542979242508915e-03,1.212801703308105140e-02,3.061780027101846866e-02,1.296468350054157462e-02,1.000000000000000000e+00
7.008400000000000318e+01,-8.279426093965821520e-01,2.350058254028506710e-01,3.243817378008021723e+00,3.127834541833405257e-01,5.637924809623012096e-02,-4.504175774946621996e-02,-9.470792634368466745e-01,1.491172030215128170e-03,-4.128700300557788760e-06,-1.729604923533447670e-03,8.798269820548588332e-03,2.652230626545472661e-02,9.029803378129136818e-03,1.000000000000000000e+00
7.013200000000000500e+01,-8.278886709631361196e-01,2.350057537804671748e-01,3.243733743996572549e+00,3.129471753495725594e-01,5.696676204958332768e-02,-4.503275041519852473e-02,-9.469904460195744944e-01,8.027489761453662992e-04,3.675616051915016979e-07,-1.742250012482140197e-03,5.701708034837063566e-03,2.147590709366003700e-02,4.285421385170744453e-03,1.000000000000000000e+00
7.018000000000000682e+01,-8.278685851338083435e-01,2.350058412679720821e-01,3.243651085993332295e+00,3.129990827538280396e-01,5.742282057035470039e-02,-4.499136394402423328e-02,-9.469477129406163041e-01,9.762356110001474158e-05,2.791671439367073310e-06,-1.698372531070986959e-03,3.155529088049076943e-03,1.646842664647983970e-02,-5.440066629962634487e-04,1.000000000000000000e+00
7.022799999999999443e+01,-8.278809735307312012e-01,2.350060062179149811e-01,3.243571467405173436e+00,3.129438383239804278e-01,5.775964211321454184e-02,-4.492911672576945653e-02,-9.469484422439533589e-01,-5.448793036861828212e-04,3.811464897227996164e-06,-1.621491847625511958e-03,1.243909203916555590e-03,1.201115106943368913e-02,-4.921634549164563902e-03,1.000000000000000000e+00
7.027599999999999625e+01,-8.279214056536461364e-01,2.350061951140212102e-01,3.243496044703003012e+00,3.127962163147077757e-01,5.799681008194815940e-02,-4.485586825596744875e-02,-9.469861921709967767e-01,-1.074148257690351075e-03,3.932363193334100742e-06,-1.527039157217267417e-03,-6.702316324766264654e-05,8.322142547328820542e-03,-8.503450219129318061e-03,1.000000000000000000e+00
7.032399999999999807e+01,-8.279842856126834461e-01,2.350064625002450114e-01,3.243427157837287744e+00,3.125758417639348807e-01,5.812856477922261067e-02,-4.477594838040069303e-02,-9.470546592192606861e-01,-1.503591344536475607e-03,8.722334579659739225e-06,-1.308017483733209599e-03,-2.397938904839681546e-03,2.185402519509196430e-03,-1.119431651170225452e-02,1.000000000000000000e+00
7.037199999999999989e+01,-8.280663325060143576e-01,2.350071342834691712e-01,3.243376987840765224e+00,3.122997846714900549e-01,5.800344182605565724e-02,-4.467832419795158411e-02,-9.471580082422016433e-01,-1.866747807544162814e-03,1.852683808854330589e-05,-7.824726277779334637e-04,-7.452575362245836971e-03,-1.077025931616987751e-02,-1.296028527154297408e-02,1.000000000000000000e+00
7.042000000000000171e+01,-8.281619698489661729e-01,2.350082487150776667e-01,3.243357703827618010e+00,3.119911979883114306e-01,5.750429023108939025e-02,-4.456490405167612412e-02,-9.472954757147852289e-01,-2.064856529414418884e-03,2.662495457744992009e-05,-6.138633376895873128e-05,-1.293814387032059601e-02,-2.621791356814951249e-02,-1.336207391843498640e-02,1.000000000000000000e+00
7.046800000000000352e+01,-8.282603872754134011e-01,2.350096266717963400e-01,3.243374450511885332e+00,3.116861080715971899e-01,5.663776797275637404e-02,-4.445385851642724012e-02,-9.474533169171164282e-01,-1.989122725752492677e-03,2.943164205531715981e-05,6.847622418767435699e-04,-1.672266774019251848e-02,-3.930611580700996144e-02,-1.192628339614769557e-02,1.000000000000000000e+00
7.051600000000000534e+01,-8.283463268379374078e-01,2.350109425656313200e-01,3.243423192056871240e+00,3.114311618415578353e-01,5.553366250540296006e-02,-4.437197996818136037e-02,-9.476063376510606151e-01,-1.566874288200882648e-03,2.437564918302048404e-05,1.251964727476722900e-03,-1.707254277967651043e-02,-4.540290327129405806e-02,-8.426921825454406628e-03,1.000000000000000000e+00
7.056400000000000716e+01,-8.284028070440531133e-01,2.350117863226850734e-01,3.243490075920637317e+00,3.112756913936669534e-01,5.442558464209150404e-02,-4.434666956570600116e-02,-9.477228880755126372e-01,-7.978785439018559744e-04,1.052428544276808662e-05,1.442440445225701270e-03,-1.296255894308780653e-02,-4.098967073495937002e-02,-3.081106812873029861e-03,1.000000000000000000e+00
7.061199999999999477e+01,-8.284152037946576064e-01,2.350117661838069527e-01,3.243553020792455222e+00,3.112599420496209857e-01,5.360741843666266826e-02,-4.439755396342888460e-02,-9.477723093474966776e-01,2.255918330007189963e-04,-1.051038291213715586e-05,1.115035703473109523e-03,-4.388128792965914106e-03,-2.463907163704738210e-02,3.364362097488313511e-03,1.000000000000000000e+00
7.065999999999999659e+01,-8.283757018388450133e-01,2.350106435663289473e-01,3.243585740224841807e+00,3.114020422633639873e-01,5.336797013064163708e-02,-4.452898663731856554e-02,-9.477329777882552708e-01,1.322237624933643441e-03,-3.422934382161136620e-05,2.340768733155913924e-04,7.465555515244758772e-03,2.242825716838290056e-03,9.682428089636692034e-03,1.000000000000000000e+00
7.070799999999999841e+01,-8.282895373789942450e-01,2.350088458809229675e-01,3.243571857955110271e+00,3.116824289105911139e-01,5.379099878347597813e-02,-4.471004391356420832e-02,-9.476083599945268610e-01,2.113963195625005297e-03,-3.608494750101828673e-05,-6.698330668705103179e-04,1.486895243465200314e-02,2.342230484415839045e-02,1.409159981034868031e-02,1.000000000000000000e+00
7.075600000000000023e+01,-8.281790804272458617e-01,2.350073677944533312e-01,3.243523973732427734e+00,3.120360035305659308e-01,5.453887131460025128e-02,-4.487218185415901145e-02,-9.474415714502127939e-01,2.383918670875591252e-03,-2.578364877866978162e-05,-1.230987938588311899e-03,1.560329611223661844e-02,3.120844474040426406e-02,1.548198371530919160e-02,1.000000000000000000e+00
7.080400000000000205e+01,-8.280675725337285353e-01,2.350064180531319935e-01,3.243455808388698625e+00,3.123908039677298909e-01,5.535603966230284723e-02,-4.498351941631758416e-02,-9.472719659370388845e-01,2.213708124884598751e-03,-1.496647371338664134e-05,-1.549505726222436203e-03,1.335406022762071661e-02,3.161712678636360851e-02,1.410228426690367416e-02,1.000000000000000000e+00
7.085200000000000387e+01,-8.279728394145577930e-01,2.350059287042248757e-01,3.243376933409755747e+00,3.126895087510359605e-01,5.611248412770460797e-02,-4.503909348728166173e-02,-9.471262536219224870e-01,1.733755231485261750e-03,-6.605085769279945261e-06,-1.702043953353923672e-03,1.010416632832723816e-02,2.831806327832183875e-02,1.071358861834869475e-02,1.000000000000000000e+00
7.090000000000000568e+01,-8.279061835795942237e-01,2.350057652812414244e-01,3.243293761312796786e+00,3.128952666027456364e-01,5.675163841672289239e-02,-4.504606875185389325e-02,-9.470198811876224809e-01,1.079795222192005827e-03,-1.106600251230515232e-06,-1.745578945444731201e-03,6.859974689750091698e-03,2.349104931984553890e-02,6.190198290790370136e-03,1.000000000000000000e+00
7.094800000000000750e+01,-8.278727872381484998e-01,2.350058020182993757e-01,3.243210416173170074e+00,3.129911269770870308e-01,5.725842894918987264e-02,-4.501592220838562808e-02,-9.469591297915729289e-01,3.700484738353556550e-04,2.044801046694205839e-06,-1.720479266802105167e-03,4.078471504200045610e-03,1.838560507601539815e-02,1.318761340724471749e-03,1.000000000000000000e+00
7.099599999999999511e+01,-8.278728485566788642e-01,2.350059444379491713e-01,3.243129432645226906e+00,3.129765415147698349e-01,5.763989686917188326e-02,-4.496055912013433020e-02,-9.469434380542327556e-01,-3.046067114493782686e-04,3.544297593396437833e-06,-1.654294475579227422e-03,1.917597718864091352e-03,1.367351354650009690e-02,-3.287599066355595488e-03,1.000000000000000000e+00
7.104399999999999693e+01,-8.279029683637295634e-01,2.350061289693554378e-01,3.243052277550169116e+00,3.128628636093643278e-01,5.791357688609934801e-02,-4.489056725288884109e-02,-9.469676251900700503e-01,-8.825923964703591158e-04,3.969214462978125898e-06,-1.565276701901200133e-03,3.798297949076974303e-04,9.670593114324525438e-03,-7.210800769842285254e-03,1.000000000000000000e+00
7.109199999999999875e+01,-8.279575988513316886e-01,2.350063319047917265e-01,3.242980001174921689e+00,3.126687357560334335e-01,5.809628654014842991e-02,-4.481397425253691447e-02,-9.470241765037799020e-01,-1.339874604527682483e-03,5.530285820833230581e-06,-1.433220541157213682e-03,-1.045901972556500300e-03,5.575082049019923838e-03,-1.023654488014667623e-02,1.000000000000000000e+00
7.114000000000000057e+01,-8.280325461089751427e-01,2.350068230310710382e-01,3.242920764588438143e+00,3.124123317108679632e-01,5.809225844920588161e-02,-4.472421644274345021e-02,-9.471132820137371233e-01,-1.738133577534074813e-03,1.465969153686635145e-05,-1.019019209881174637e-03,-5.296626362751112593e-03,-5.141476007280560562e-03,-1.240387869082553232e-02,1.000000000000000000e+00
7.118800000000000239e+01,-8.281238632690587353e-01,2.350077760460086984e-01,3.242888338097163370e+00,3.121128955471256239e-01,5.774570851815861300e-02,-4.461554137469780912e-02,-9.472383158681707549e-01,-2.014403980537469909e-03,2.391088833153130668e-05,-3.569946662504292476e-04,-1.088136254199127857e-02,-2.017998487316453871e-02,-1.340135333122653358e-02,1.000000000000000000e+00
7.123600000000000421e+01,-8.282228124499534383e-01,2.350090827381255687e-01,3.242890925715665063e+00,3.118013182279334994e-01,5.701418286908536970e-02,-4.450068191281163904e-02,-9.473906323224804416e-01,-2.057449701172401647e-03,2.915767630178159781e-05,4.024925845215883121e-04,-1.556609449218925197e-02,-3.477246735030772862e-02,-1.273085475052127685e-02,1.000000000000000000e+00
7.128400000000000603e+01,-8.283156511919801401e-01,2.350104690863711043e-01,3.242928265827875745e+00,3.115207560508181373e-01,5.598031855205606866e-02,-4.440396926588750792e-02,-9.475491069056908300e-01,-1.775548066854596135e-03,2.740234810243178732e-05,1.064706502934136077e-03,-1.742956882317892031e-02,-4.410934303502624804e-02,-1.004117991606983534e-02,1.000000000000000000e+00
7.133200000000000784e+01,-8.283856435697464216e-01,2.350115482915818843e-01,3.242990294333206958e+00,3.113207290151814854e-01,5.484088224962934549e-02,-4.435356038241264343e-02,-9.476838307162060993e-01,-1.136613417840957657e-03,1.695902568484703905e-05,1.423792211768675191e-03,-1.512864345913402832e-02,-4.411715689638728843e-02,-5.358972461122231586e-03,1.000000000000000000e+00
7.137999999999999545e+01,-8.284167069770598246e-01,2.350119064192565943e-01,3.243057804856163795e+00,3.112465914829232738e-01,5.387288401311340902e-02,-4.437310535990586502e-02,-9.477627863442895650e-01,-1.957057145588927526e-04,-1.646570153072215361e-06,1.310200602987421576e-03,-8.228162490423830688e-03,-3.244131471820146939e-02,7.784731872502696640e-04,1.000000000000000000e+00
7.142799999999999727e+01,-8.283978559008329245e-01,2.350112283259699897e-01,3.243105533621998493e+00,3.113266310635668943e-01,5.337593862930962302e-02,-4.447369776854582374e-02,-9.477599000658568640e-01,8.986696325457869602e-04,-2.501783765189156982e-05,6.418617633589908996e-04,2.558532842633305226e-03,-9.317922262590556254e-03,7.316812342577815736e-03,1.000000000000000000e+00
7.147599999999999909e+01,-8.283279749832537231e-01,2.350095511512342861e-01,3.243109579027820821e+00,3.115586786712732925e-01,5.356607973833561742e-02,-4.464350731704146147e-02,-9.476649313446768863e-01,1.867613556505813392e-03,-3.825309137524619043e-05,-3.637320534226762964e-04,1.305387712243520279e-02,1.716860599006029414e-02,1.270809178308236753e-02,1.000000000000000000e+00
7.152400000000000091e+01,-8.282240492537183973e-01,2.350078931269671823e-01,3.243073102428198240e+00,3.118925543699002101e-01,5.422663488822711264e-02,-4.481906059039852952e-02,-9.475092392188653179e-01,2.336833693653423728e-03,-3.019510280973092113e-05,-1.045161828829400908e-03,1.582747699206901032e-02,2.931181214321154638e-02,1.529787786795153669e-02,1.000000000000000000e+00
7.157200000000000273e+01,-8.281104883201768629e-01,2.350067363778564622e-01,3.243011531399255798e+00,3.122547230798130569e-01,5.503770935084336541e-02,-4.495192138546701827e-02,-9.473368794824349459e-01,2.324769726805736222e-03,-1.899099095936316101e-05,-1.448294873578289928e-03,1.443515563404517733e-02,3.206147327286175408e-02,1.492824298208262138e-02,1.000000000000000000e+00
7.162000000000000455e+01,-8.280074869294620221e-01,2.350060816213236925e-01,3.242935936528606788e+00,3.125809188455571652e-01,5.582782643583062560e-02,-4.502889449705812369e-02,-9.471794030855462676e-01,1.949460320927398236e-03,-9.527284246267555745e-06,-1.657919922255476301e-03,1.141462522902079481e-02,2.988566678621850520e-02,1.222174824750361065e-02,1.000000000000000000e+00
7.166800000000000637e+01,-8.279289141812089525e-01,2.350058069808916572e-01,3.242853854128331381e+00,3.128260937649902096e-01,5.651641199018057893e-02,-4.505363380680308533e-02,-9.470564398790058958e-01,1.348219485347629384e-03,-2.940866746084325886e-06,-1.738436766598612819e-03,8.090462095979385551e-03,2.546558463816753215e-02,8.041086000096274791e-03,1.000000000000000000e+00
7.171600000000000819e+01,-8.278822385635022929e-01,2.350057785423453616e-01,3.242770209881099319e+00,3.129658211709218096e-01,5.707503774228126631e-02,-4.503655993528035001e-02,-9.469775832165849838e-01,6.478746353747513991e-04,1.046723894129177748e-06,-1.736269402501595342e-03,5.096762865691084263e-03,2.036313238879288931e-02,3.222370546670723021e-03,1.000000000000000000e+00
7.176399999999999579e+01,-8.278694488033014887e-01,2.350058887936728180e-01,3.242688088404135804e+00,3.129936464946014296e-01,5.750382713401322454e-02,-4.498970750315094830e-02,-9.469446727965343813e-01,-4.942387279976527954e-05,3.114594194723888028e-06,-1.683533732171852088e-03,2.686614995990261549e-03,1.544373513353804010e-02,-1.548099682872993875e-03,1.000000000000000000e+00
7.181199999999999761e+01,-8.278883855876417730e-01,2.350060628200894008e-01,3.242609322400930250e+00,3.129168158015608325e-01,5.781723967808310993e-02,-4.492429986842768480e-02,-9.469540857221915298e-01,-6.707459888299948172e-04,3.903289390561278989e-06,-1.601736867332948606e-03,9.109126682399119141e-04,1.114202116926648299e-02,-5.776082855566962854e-03,1.000000000000000000e+00
7.185999999999999943e+01,-8.279341327437073073e-01,2.350062520559651758e-01,3.242534917437850162e+00,3.127517160227741289e-01,5.803562799574851772e-02,-4.484976817251089265e-02,-9.469988005815117571e-01,-1.171323143367823411e-03,3.877890720243537188e-06,-1.504919194460100328e-03,-2.800970776308517101e-04,7.629701008463899738e-03,-9.157190971619049921e-03,1.000000000000000000e+00
7.190800000000000125e+01,-8.280014237613086969e-01,2.350065848310839978e-01,3.242468822588996602e+00,3.125178028921116735e-01,5.812743066025756467e-02,-4.476695373650463328e-02,-9.470743078203939236e-01,-1.591046926899198927e-03,1.077981034308143930e-05,-1.216754345505179167e-03,-3.344166042194995307e-03,-1.836629233963936545e-04,-1.166925871713606067e-02,1.000000000000000000e+00
7.195600000000000307e+01,-8.280870797460373467e-01,2.350073593998796839e-01,3.242424553000704091e+00,3.122322638260463523e-01,5.792675862186433960e-02,-4.466504820361357625e-02,-9.471855876915550310e-01,-1.927941076591391072e-03,2.057995391408351047e-05,-6.368050082422599010e-04,-8.686572981430875848e-03,-1.408258990686786678e-02,-1.318245197006158442e-02,1.000000000000000000e+00
7.200400000000000489e+01,-8.281844283856540923e-01,2.350085525882311677e-01,3.242412976724654339e+00,3.119209013642550432e-01,5.734278259045048204e-02,-4.455018192698239482e-02,-9.473291074738329209e-01,-2.075198583701484602e-03,2.780197809684419635e-05,1.058985522145042073e-04,-1.397398004218144453e-02,-2.943438875859021725e-02,-1.322035863034707812e-02,1.000000000000000000e+00
7.205200000000000671e+01,-8.282815522756379334e-01,2.350099493618388879e-01,3.242437387848245312e+00,3.116224661620749514e-01,5.640948095556681113e-02,-4.444304783636201378e-02,-9.474883769948875267e-01,-1.928293739451892707e-03,2.907545794163386813e-05,8.310340427919837413e-04,-1.714022855791292113e-02,-4.137410319552223964e-02,-1.134218868246224775e-02,1.000000000000000000e+00
7.210000000000000853e+01,-8.283625269193110041e-01,2.350111991744485707e-01,3.242491601572395243e+00,3.113850335601965336e-01,5.528166116022194959e-02,-4.437127586100365201e-02,-9.476362639180442304e-01,-1.427627062011181235e-03,2.210858609777570201e-05,1.332041861690332106e-03,-1.657679903038056582e-02,-4.542784325287525099e-02,-7.404949951748646987e-03,1.000000000000000000e+00
7.214799999999999613e+01,-8.284105044793436123e-01,2.350118855403799112e-01,3.242559755709173430e+00,3.112570564602542000e-01,5.421059677712888186e-02,-4.436128545091649195e-02,-9.477406461442435814e-01,-5.921014603877783984e-04,6.451632147048418125e-06,1.418992871549336603e-03,-1.145667865340636686e-02,-3.845160669865936576e-02,-1.737900577779269862e-03,1.000000000000000000e+00
7.219599999999999795e+01,-8.284119710314621354e-01,2.350116379785487097e-01,3.242618431288689429e+00,3.112750692210751180e-01,5.349523858949166433e-02,-4.442995579625627633e-02,-9.477721613117847665e-01,4.654634361056048607e-04,-1.564922151938277488e-05,9.698416016454389135e-04,-2.026890203510086329e-03,-1.958499143132842388e-02,4.798435649405581593e-03,1.000000000000000000e+00
7.224399999999999977e+01,-8.283611682047172797e-01,2.350102789557478866e-01,3.242641314779981077e+00,3.114507273043582991e-01,5.341101868233355532e-02,-4.457723329994075362e-02,-9.477122864119807977e-01,1.539416487594952960e-03,-3.744666829912160895e-05,1.721583742670160884e-06,9.925393334947931606e-03,8.404930570520507266e-03,1.087684336790054572e-02,1.000000000000000000e+00
7.229200000000000159e+01,-8.282675664400036553e-01,2.350084995388485309e-01,3.242618634198661809e+00,3.117534213538631915e-01,5.393544742753805799e-02,-4.475908355497196234e-02,-9.475744805682935201e-01,2.215678188122270804e-03,-3.422751996267098549e-05,-8.168340675645837084e-04,1.543532796243630816e-02,2.600561023427653065e-02,1.465568438084164336e-02,1.000000000000000000e+00
7.234000000000000341e+01,-8.281550471427734372e-01,2.350071329988230595e-01,3.242565344499922286e+00,3.121130794148972432e-01,5.471484486127687480e-02,-4.491164994379289593e-02,-9.474041667151790191e-01,2.380383254118898038e-03,-2.332079871232060363e-05,-1.317664423975298087e-03,1.528038602380737965e-02,3.177189986782607417e-02,1.539651546697782571e-02,1.000000000000000000e+00
7.238800000000000523e+01,-8.280458850398483284e-01,2.350062929665319711e-01,3.242494172438055600e+00,3.124599104518950288e-01,5.552675434854839609e-02,-4.501069416178270222e-02,-9.472378905655034487e-01,2.131008123967695258e-03,-1.290614374383497199e-05,-1.594273626671055327e-03,1.268673675295723703e-02,3.112376559775020465e-02,1.350667573634048782e-02,1.000000000000000000e+00
7.243600000000000705e+01,-8.279565153794626875e-01,2.350058861515302577e-01,3.242413922085821021e+00,3.127408358882375894e-01,5.626072677592314913e-02,-4.505484987715135253e-02,-9.470997627985759948e-01,1.601982946441116292e-03,-5.178057697993574508e-06,-1.718877605586657375e-03,9.376321027461474028e-03,2.734548035120718326e-02,9.797507984840926262e-03,1.000000000000000000e+00
7.248399999999999466e+01,-8.278968409940595796e-01,2.350057759844680072e-01,3.242330439859161917e+00,3.129235193464033893e-01,5.687141401342730301e-02,-4.505271501288551222e-02,-9.470030444396377867e-01,9.266425700389633886e-04,-2.452428917052848384e-07,-1.744539101821270411e-03,6.207069715871461890e-03,2.237551594634145172e-02,5.136422658916608638e-03,1.000000000000000000e+00
7.253199999999999648e+01,-8.278708491632892352e-01,2.350058426529990085e-01,3.242247451065092267e+00,3.129949309395874124e-01,5.734987713556859157e-02,-4.501609640193324213e-02,-9.469523303014729665e-01,2.177669990665173291e-04,2.490785250303267447e-06,-1.708518758672157665e-03,3.554137471480513667e-03,1.731321554446724892e-02,2.768688496373786743e-04,1.000000000000000000e+00
7.257999999999999829e+01,-8.278778354176999921e-01,2.350059988281747447e-01,3.242167219446779214e+00,3.129575042118546424e-01,5.770622912958750517e-02,-4.495671143936752490e-02,-9.469458726736643683e-01,-4.401627115945274619e-04,3.714532630516238379e-06,-1.636065566607281842e-03,1.532088411157406975e-03,1.273745595313433877e-02,-4.210133024752347325e-03,1.000000000000000000e+00
7.262800000000000011e+01,-8.279138019748388810e-01,2.350061866546561684e-01,3.242091032968300812e+00,3.128245777086548496e-01,5.795925765385185474e-02,-4.488475204401939922e-02,-9.469777542622437316e-01,-9.917152350126154890e-04,3.964156420694414530e-06,-1.543814454763227416e-03,1.218537971216334303e-04,8.907355174465976869e-03,-7.947959282816096163e-03,1.000000000000000000e+00
7.267600000000000193e+01,-8.279730809717817941e-01,2.350064176289510254e-01,3.242020437938720079e+00,3.126155327220069835e-01,5.811656381819018530e-02,-4.480656951438037605e-02,-9.470408465526998221e-01,-1.431791955396494306e-03,7.201470815673678452e-06,-1.369660605791496151e-03,-1.733429935234179903e-03,3.845529741592997389e-03,-1.078562902146408542e-02,1.000000000000000000e+00
7.272400000000000375e+01,-8.280520673197778736e-01,2.350070082285957984e-01,3.241966000571743223e+00,3.123477889058321466e-01,5.804798752920978938e-02,-4.471246357232387669e-02,-9.471378387070907845e-01,-1.812530731001453944e-03,1.683845215670714323e-05,-8.915048886319258507e-04,-6.478430036834664091e-03,-8.203297442521500366e-03,-1.273856724084218746e-02,1.000000000000000000e+00
7.277200000000000557e+01,-8.281459855371851031e-01,2.350080544210507716e-01,3.241940768085381563e+00,3.120425819066549034e-01,5.761695286992937759e-02,-4.460083099171097826e-02,-9.472700141426736442e-01,-2.047646460787208491e-03,2.552464549386338928e-05,-1.934369843987791078e-04,-1.205115630989747263e-02,-2.356494389373521917e-02,-1.341524150870803539e-02,1.000000000000000000e+00
7.282000000000000739e+01,-8.282449371836476670e-01,2.350094073314508147e-01,3.241951292352797775e+00,3.117336812524171274e-01,5.680824512479196869e-02,-4.448757276535483113e-02,-9.474258763238972980e-01,-2.026381790559500084e-03,2.947161490634995218e-05,5.626600290701410257e-04,-1.627212184807679332e-02,-3.741625717966428483e-02,-1.232551125526714676e-02,1.000000000000000000e+00
7.286799999999999500e+01,-8.283342887686192535e-01,2.350107630949543891e-01,3.241995234873935150e+00,3.114663272772025815e-01,5.573099014739280738e-02,-4.439854224328622367e-02,-9.475819506281831783e-01,-1.666828922484724215e-03,2.590679198561022701e-05,1.176158147698722241e-03,-1.731833652228191231e-02,-4.502921383497016788e-02,-9.183532384342116620e-03,1.000000000000000000e+00
7.291599999999999682e+01,-8.283970887784822823e-01,2.350117199654390698e-01,3.242060404110497007e+00,3.112901654053720768e-01,5.460319750518952825e-02,-4.436164223391679540e-02,-9.477072166246360840e-01,-9.541216197367450441e-04,1.354357823491198412e-05,1.444701054766230454e-03,-1.401675151031150056e-02,-4.261877445608534820e-02,-4.119611764687514284e-03,1.000000000000000000e+00
7.296399999999999864e+01,-8.284179741972397260e-01,2.350118735600570108e-01,3.242125924744456267e+00,3.112479781834452952e-01,5.371248539035391317e-02,-4.439844241155460614e-02,-9.477702481621459452e-01,3.602781988366851086e-05,-6.498905700827284875e-06,1.213506798158982746e-03,-6.167274854640656355e-03,-2.832924816122007680e-02,2.212101099110139104e-03,1.000000000000000000e+00
7.301200000000000045e+01,-8.283876424016419771e-01,2.350109485843558665e-01,3.242165850641895108e+00,3.113626466211302790e-01,5.335397673557106674e-02,-4.451639931341237755e-02,-9.477473005225356406e-01,1.136405568110712607e-03,-3.019821070576745437e-05,4.255484628200463786e-04,5.254118032597215188e-03,-3.039958491436793760e-03,8.657913075331180250e-03,1.000000000000000000e+00
7.306000000000000227e+01,-8.283082715942438057e-01,2.350091767694156564e-01,3.242159706249676976e+00,3.116228113067716632e-01,5.368078009707659415e-02,-4.469405833740706241e-02,-9.476349711100603423e-01,2.015039156264955989e-03,-3.731026898621291526e-05,-5.397788285278135034e-04,1.420170678059255384e-02,2.091597848163478934e-02,1.353744351270544551e-02,1.000000000000000000e+00
7.310800000000000409e+01,-8.282002327939399500e-01,2.350076129539692138e-01,3.242116649054989086e+00,3.119691350462510115e-01,5.439517289735796429e-02,-4.486289239223385794e-02,-9.474722923812400888e-01,2.372411182597807585e-03,-2.778522195268464442e-05,-1.152723720193339890e-03,1.576917316262775245e-02,3.052236407925669470e-02,1.545937790812680623e-02,1.000000000000000000e+00
7.315600000000000591e+01,-8.280874189398359508e-01,2.350065714431789077e-01,3.242051243683400141e+00,3.123284828845755423e-01,5.521249855221130320e-02,-4.498396639786093193e-02,-9.473008717138161616e-01,2.270131421065344369e-03,-1.672372952538672721e-05,-1.507481786207171600e-03,1.386024375244938010e-02,3.189922649043357844e-02,1.451514795977189472e-02,1.000000000000000000e+00
7.320400000000000773e+01,-8.279887411599101688e-01,2.350060106861127374e-01,3.241973713103091459e+00,3.126402928767670342e-01,5.598530119972164321e-02,-4.504895456336826393e-02,-9.471495578905441137e-01,1.834030087522313564e-03,-7.854595898795944459e-06,-1.684339122840476264e-03,1.069099957811171439e-02,2.905534990424110328e-02,1.141260380222807944e-02,1.000000000000000000e+00
7.325199999999999534e+01,-8.279166425093236192e-01,2.350058001376108263e-01,3.241890954864975694e+00,3.128640544504902588e-01,5.664696034689958859e-02,-4.506362245366557495e-02,-9.470356251206241138e-01,1.201054847500618522e-03,-1.876700482581542346e-06,-1.743541009766084136e-03,7.401013132333000150e-03,2.438303223455834043e-02,7.025271810631695049e-03,1.000000000000000000e+00
7.329999999999999716e+01,-8.278773039451757798e-01,2.350058098102937310e-01,3.241807437107617762e+00,3.129795458788206530e-01,5.717684614541426735e-02,-4.503906040505604308e-02,-9.469667867270641359e-01,4.934990517169917995e-04,1.635945266979902944e-06,-1.728092066543812861e-03,4.521088929356412503e-03,1.926403895314175371e-02,2.163854284914492818e-03,1.000000000000000000e+00
7.334799999999999898e+01,-8.278716947910796931e-01,2.350059393364087590e-01,3.241725929482471180e+00,3.129836733938130000e-01,5.757915659220235599e-02,-4.498727037184869354e-02,-9.469435075122147882e-01,-1.926666508804156469e-04,3.378249111881962961e-06,-1.667513676743623621e-03,2.248602852225561975e-03,1.445202741404411767e-02,-2.525272592106722006e-03,1.000000000000000000e+00
7.339600000000000080e+01,-8.278969410728486134e-01,2.350061201982401871e-01,3.241648054580380744e+00,3.128860499789356542e-01,5.787019903887680866e-02,-4.491913852403766477e-02,-9.469612615023057511e-01,-7.908341585935049984e-04,3.957672383199447153e-06,-1.581454848567462540e-03,6.059158183787866688e-04,1.031293742215275144e-02,-6.590203445000497595e-03,1.000000000000000000e+00
7.344400000000000261e+01,-8.279477216702965103e-01,2.350063127081893355e-01,3.241574747268195278e+00,3.127044445997056443e-01,5.806984993298918568e-02,-4.484351047710077864e-02,-9.470126094326516419e-01,-1.265476173183310762e-03,4.499869466113271057e-06,-1.471786157727951461e-03,-6.217861789051082159e-04,6.671105965673337392e-03,-9.772290694818556306e-03,1.000000000000000000e+00
7.349200000000000443e+01,-8.280193277722391887e-01,2.350067291655758006e-01,3.241512183571442218e+00,3.124576889548250080e-01,5.811207553406926019e-02,-4.475703664729229619e-02,-9.470955532366760465e-01,-1.674878191014325755e-03,1.292397797907071212e-05,-1.111934098847736606e-03,-4.393721834282900314e-03,-2.833692075021460033e-03,-1.209951729289938244e-02,1.000000000000000000e+00
7.354000000000000625e+01,-8.281082889093711596e-01,2.350076046412233610e-01,3.241474316208289963e+00,3.121638388302181433e-01,5.783176023361454032e-02,-4.465116923424074930e-02,-9.472145999302791219e-01,-1.980376463785454757e-03,2.250396088676426154e-05,-4.837275437392082118e-04,-9.914315004394045824e-03,-1.745591651316832221e-02,-1.333684455146939493e-02,1.000000000000000000e+00
7.358800000000000807e+01,-8.282067945755173799e-01,2.350088661888497521e-01,3.241470588177513878e+00,3.118514915351380257e-01,5.716476735088245331e-02,-4.453585012068134869e-02,-9.473633910253539403e-01,-2.071818648950332284e-03,2.869426354713620192e-05,2.720160749251555768e-04,-1.490654458756226867e-02,-3.248208490186577091e-02,-1.298989926075485614e-02,1.000000000000000000e+00
7.363599999999999568e+01,-8.283018816346001678e-01,2.350102650672010740e-01,3.241502355103869082e+00,3.115619415557416283e-01,5.617217812611138145e-02,-4.443393572437353417e-02,-9.475228062345660840e-01,-1.850959575482186755e-03,2.832706829393321038e-05,9.663802370374555009e-04,-1.737956089788386324e-02,-4.306338703831196629e-02,-1.066280208597502471e-02,1.000000000000000000e+00
7.368399999999999750e+01,-8.283771073298787924e-01,2.350114289884272512e-01,3.241561276973774053e+00,3.113442643808445598e-01,5.503263215026617944e-02,-4.437350868787350716e-02,-9.476640492086272349e-01,-1.272848385618997706e-03,1.942834964952939981e-05,1.392290387123675368e-03,-1.586527447211004416e-02,-4.492849995578766104e-02,-6.303635449139251973e-03,1.000000000000000000e+00
7.373199999999999932e+01,-8.284159602627383379e-01,2.350119403693539111e-01,3.241629585572775696e+00,3.112454510654081297e-01,5.401272595334687815e-02,-4.437961413287688783e-02,-9.477548968354615466e-01,-3.762235928861052477e-04,2.073604129175076610e-06,1.370092230300853095e-03,-9.748544783803813132e-03,-3.535280445032538965e-02,-3.563912658141714113e-04,1.000000000000000000e+00
7.378000000000000114e+01,-8.284062432254957198e-01,2.350114565740818451e-01,3.241682740852557476e+00,3.112977183810230475e-01,5.341319772649145980e-02,-4.446605292485529548e-02,-9.477676566420085713e-01,7.060203874199882544e-04,-2.085022925573098160e-05,7.990340975376379129e-04,4.665786820488099446e-04,-1.407282854576034567e-02,6.208726663226579040e-03,1.000000000000000000e+00
7.382800000000000296e+01,-8.283445908856403861e-01,2.350098991585217734e-01,3.241695262235178898e+00,3.115054577887982901e-01,5.348380355447744650e-02,-4.462701456364268765e-02,-9.476878505585443202e-01,1.731678198729797325e-03,-3.843607499688569815e-05,-2.079913596185607142e-04,1.184414792519100645e-02,1.360337202363281345e-02,1.194667134622881891e-02,1.000000000000000000e+00
7.387600000000000477e+01,-8.282447697770142225e-01,2.350081759029892525e-01,3.241664648770196777e+00,3.118269235752251234e-01,5.409045665707106626e-02,-4.480645338689651785e-02,-9.475392202791020901e-01,2.292800382006440589e-03,-3.208851551828399414e-05,-9.484978051351320360e-04,1.574300629393053305e-02,2.803629736190940691e-02,1.507256760961364628e-02,1.000000000000000000e+00
7.392400000000000659e+01,-8.281312450542870351e-01,2.350069243779351613e-01,3.241606565896823611e+00,3.121893399353239396e-01,5.489111228495782008e-02,-4.494842972158559491e-02,-9.473670991165100697e-01,2.357431125337216410e-03,-2.090604686576765103e-05,-1.393607250803450106e-03,1.484991224378710666e-02,3.204097316108337618e-02,1.518741691095003808e-02,1.000000000000000000e+00
7.397200000000000841e+01,-8.280251882723008716e-01,2.350061888077000782e-01,3.241532805943120099e+00,3.125257447073642170e-01,5.569279624805894419e-02,-4.503520885236959870e-02,-9.472052582755249306e-01,2.035593258223517693e-03,-1.098524425746126980e-05,-1.631857299530910937e-03,1.199175334032936968e-02,3.049139355725186129e-02,1.282835758945046443e-02,1.000000000000000000e+00
7.401999999999999602e+01,-8.279416210484246141e-01,2.350058576667724553e-01,3.241451454313573066e+00,3.127874559660465126e-01,5.640238536439290407e-02,-4.506841663148371951e-02,-9.470752959178203589e-01,1.463963439470941609e-03,-3.888771951668082351e-06,-1.731113398915016090e-03,8.659912037498499610e-03,2.632477647379538599e-02,8.840912317997898229e-03,1.000000000000000000e+00
7.406799999999999784e+01,-8.278890833309183739e-01,2.350057949301344318e-01,3.241367833068795168e+00,3.129465572780527061e-01,5.698438196938598876e-02,-4.505777080426867642e-02,-9.469884000290251791e-01,7.726000312539110489e-04,5.104205098582446797e-07,-1.740703874231927214e-03,5.582050575543307316e-03,2.126268250721249226e-02,4.077941980753465277e-03,1.000000000000000000e+00
7.411599999999999966e+01,-8.278704308310401716e-01,2.350058873664641335e-01,3.241285301303149957e+00,3.129937389452166485e-01,5.743515797311995325e-02,-4.501525755414055585e-02,-9.469475954861663602e-01,6.852008029969839688e-05,2.865252198065281614e-06,-1.694974855607246861e-03,3.062033690182976772e-03,1.626960653223352010e-02,-7.432113273617180519e-04,1.000000000000000000e+00
7.416400000000000148e+01,-8.278841260982182648e-01,2.350060545819727120e-01,3.241205875646017365e+00,3.129341890390288650e-01,5.776740878689488878e-02,-4.495234306831396437e-02,-9.469500550003696615e-01,-5.701899242188705145e-04,3.839381992782987872e-06,-1.617044531443981260e-03,1.177049440737251056e-03,1.184116642311053291e-02,-5.093923056045328301e-03,1.000000000000000000e+00
7.421200000000000330e+01,-8.279256372484704585e-01,2.350062440010769471e-01,3.241130681776027256e+00,3.127830186366057919e-01,5.800089146535091639e-02,-4.487880452691891259e-02,-9.469892146936168542e-01,-1.094067929362942506e-03,3.930795533093069772e-06,-1.522064262136729263e-03,-1.101561107511154933e-04,8.185906911385758267e-03,-8.637960867524467276e-03,1.000000000000000000e+00
7.426000000000000512e+01,-8.279894111775539800e-01,2.350065230546483641e-01,3.241062322658646355e+00,3.125598652666912169e-01,5.812555511797215524e-02,-4.479836581706077292e-02,-9.470590567049226305e-01,-1.521497737829064249e-03,9.129134948253225275e-06,-1.290408808337362156e-03,-2.575419810946046658e-03,1.743244094168550692e-03,-1.129434014052002090e-02,1.000000000000000000e+00
7.430800000000000693e+01,-8.280722148616019851e-01,2.350072158653671306e-01,3.241013310466120512e+00,3.122817717234387391e-01,5.798592140664524108e-02,-4.469986763850266470e-02,-9.471640036450890143e-01,-1.880000954270271470e-03,1.895855383507878803e-05,-7.535949104215597643e-04,-7.696094772981701762e-03,-1.141741386888913204e-02,-1.301286104957068319e-02,1.000000000000000000e+00
7.435599999999999454e+01,-8.281682600345660061e-01,2.350083476392887394e-01,3.240995573686810349e+00,3.119724007196111315e-01,5.746990204770122124e-02,-4.458607354684037544e-02,-9.473027570917054163e-01,-2.068579562064777177e-03,2.690304972320060686e-05,-2.744491119397246483e-05,-1.315142412795046629e-02,-2.686736183112714907e-02,-1.334494026094196900e-02,1.000000000000000000e+00
7.440399999999999636e+01,-8.282665116509339009e-01,2.350097318370014399e-01,3.241013901730069868e+00,3.116683353319017469e-01,5.658953433841673597e-02,-4.447568013778877005e-02,-9.474610214837781985e-01,-1.979089322135842155e-03,2.941819274487278166e-05,7.154982791094520889e-04,-1.682125394441162311e-02,-3.974927288911236922e-02,-1.182252444895254447e-02,1.000000000000000000e+00
7.445199999999999818e+01,-8.283515655148362411e-01,2.350110374272869340e-01,3.241063836766214123e+00,3.114165492876462826e-01,5.547962990387841908e-02,-4.439567806366202102e-02,-9.476131949613050276e-01,-1.541280279531631690e-03,2.398307003606565195e-05,1.270528854233615420e-03,-1.699510370795444258e-02,-4.545798220431844505e-02,-8.235230559359511468e-03,1.000000000000000000e+00
7.450000000000000000e+01,-8.284064461186780859e-01,2.350118523316516717e-01,3.241131121279820171e+00,3.112662637434692181e-01,5.437748501658536127e-02,-4.437330982783715960e-02,-9.477274985740233859e-01,-7.586173609397708602e-04,9.756362294775684931e-06,1.441183852526417911e-03,-1.268549350875730272e-02,-4.054440873417173435e-02,-2.822012554264272544e-03,1.000000000000000000e+00
7.454800000000000182e+01,-8.284167270958867624e-01,2.350117881613158766e-01,3.241193390677915787e+00,3.112570591879138537e-01,5.357827829393669444e-02,-4.442769062454761386e-02,-9.477734916669274812e-01,2.725393101787313603e-04,-1.152431443036866598e-05,1.089866160788560516e-03,-3.936825939745886710e-03,-2.368997696888776663e-02,3.647574218398487878e-03,1.000000000000000000e+00
7.459600000000000364e+01,-8.283749742869748189e-01,2.350106160111659070e-01,3.241224300293270133e+00,3.114058565563314063e-01,5.336890471158658306e-02,-4.456237915812321509e-02,-9.477301023371957900e-01,1.367238786820566387e-03,-3.517862234236997438e-05,1.871552493330621647e-04,8.002471690561736850e-03,3.544609965020824316e-03,9.928483733964574981e-03,1.000000000000000000e+00
7.464400000000000546e+01,-8.282872267992930082e-01,2.350088157798871091e-01,3.241208649334343939e+00,3.116909786317874076e-01,5.381375569703240880e-02,-4.474392581924726414e-02,-9.476026565178153893e-01,2.136513604479208916e-03,-3.578645852430130424e-05,-6.993682009676420669e-04,1.500731181640122501e-02,2.398726607199376179e-02,1.421725104595564226e-02,1.000000000000000000e+00
7.469200000000000728e+01,-8.281762499012031986e-01,2.350073576830141175e-01,3.241159680067929205e+00,3.120461164362329787e-01,5.456893579562445418e-02,-4.490429668668983326e-02,-9.474349880610661856e-01,2.385407332195064404e-03,-2.532287338011663373e-05,-1.248351740486870797e-03,1.555240011470982765e-02,3.135330585298035100e-02,1.547858055095329040e-02,1.000000000000000000e+00
7.473999999999999488e+01,-8.280651139899871671e-01,2.350064289775292137e-01,3.241090915649565751e+00,3.123996491994961988e-01,5.538568691210858652e-02,-4.501322175700043365e-02,-9.472659049772463868e-01,2.199012237270068365e-03,-1.456441322898367288e-05,-1.558345932831413502e-03,1.322740701073898267e-02,3.153943350485925029e-02,1.399492162869177964e-02,1.000000000000000000e+00
7.478799999999999670e+01,-8.279713778302983940e-01,2.350059559808262144e-01,3.241011774745709673e+00,3.126950575804955945e-01,5.613802944671378997e-02,-4.506650581119966970e-02,-9.471216039498520090e-01,1.708740658236573362e-03,-6.318349744879150907e-06,-1.705156649805750864e-03,9.961481658838783337e-03,2.813691942872038887e-02,1.053892650118190381e-02,1.000000000000000000e+00
7.483599999999999852e+01,-8.279060679542131762e-01,2.350058034305008703e-01,3.240928556083412015e+00,3.128963758645108562e-01,5.677172741667341899e-02,-4.507162916818652915e-02,-9.470170944503105703e-01,1.049968559853684110e-03,-9.275917131117722740e-07,-1.744994738846691873e-03,6.730173304301375649e-03,2.327621898193567643e-02,5.984456938228091549e-03,1.000000000000000000e+00
7.488400000000000034e+01,-8.278741270663173557e-01,2.350058465441620392e-01,3.240845302932985561e+00,3.129874375542361364e-01,5.727299187465241526e-02,-4.504015083112356682e-02,-9.469583164786453677e-01,3.399007274653896528e-04,2.142972053995822557e-06,-1.717612193057343204e-03,3.973353144492774297e-03,1.817603129609761045e-02,1.112073090840745614e-03,1.000000000000000000e+00
7.493200000000000216e+01,-8.278755697335481445e-01,2.350059921665381690e-01,3.240764494657934591e+00,3.129683002774885647e-01,5.764951587585546988e-02,-4.498394655670777398e-02,-9.469444655801542154e-01,-3.318251565457871859e-04,3.587952243226732377e-06,-1.650097135926265144e-03,1.839814647247842942e-03,1.348900728329865614e-02,-3.473226588601307716e-03,1.000000000000000000e+00
7.498000000000000398e+01,-8.279068727524642179e-01,2.350061778154600711e-01,3.240687561342783685e+00,3.128507287820914695e-01,5.791910871815385276e-02,-4.491352842834289705e-02,-9.469702071923526976e-01,-9.048443160606927261e-04,3.977614429736741184e-06,-1.560374279048116217e-03,3.274410629004088783e-04,9.519246671354664874e-03,-7.361523562336138617e-03,1.000000000000000000e+00
7.502800000000000580e+01,-8.279624458211701787e-01,2.350063850063853488e-01,3.240615610453911000e+00,3.126535523068872391e-01,5.809739070703717062e-02,-4.483666682235222523e-02,-9.470280474891866751e-01,-1.358406607960947797e-03,5.837493738352997126e-06,-1.421396105599852982e-03,-1.165667429472491429e-03,5.271558404918269894e-03,-1.035019145877189538e-02,1.000000000000000000e+00
7.507600000000000762e+01,-8.280382222335437303e-01,2.350068959830229065e-01,3.240557300494939952e+00,3.123947788789961377e-01,5.808128532791757836e-02,-4.474605991806848010e-02,-9.471187130162778134e-01,-1.753743112361884652e-03,1.510988909367338959e-05,-9.939942888758971588e-04,-5.526196633187758882e-03,-5.731016023750704763e-03,-1.247744897433788504e-02,1.000000000000000000e+00
7.512399999999999523e+01,-8.281301127837007447e-01,2.350078690070542820e-01,3.240526308205791128e+00,3.120939976850982678e-01,5.771809496922125637e-02,-4.463672445161034896e-02,-9.472452274634537428e-01,-2.022480313388881797e-03,2.427338468864131651e-05,-3.240034506031643814e-04,-1.111945421367400814e-02,-2.085795182697343722e-02,-1.341410281241106270e-02,1.000000000000000000e+00
7.517199999999999704e+01,-8.282291470556909507e-01,2.350091873679274468e-01,3.240530522823928727e+00,3.117826765820811419e-01,5.697074150240571261e-02,-4.452205682465271153e-02,-9.473983764246602934e-01,-2.053246315845758726e-03,2.927881944190923529e-05,4.358478009188978836e-04,-1.572164788004586783e-02,-3.532795457906351411e-02,-1.266217318736701306e-02,1.000000000000000000e+00
7.521999999999999886e+01,-8.283213929734144498e-01,2.350105706484885426e-01,3.240569276782475860e+00,3.115044244113722716e-01,5.592717591173190089e-02,-4.442672775160388249e-02,-9.475565473511138315e-01,-1.756060514767180964e-03,2.716896970767025945e-05,1.089467882795087895e-03,-1.742950125254545332e-02,-4.434326351009007516e-02,-9.882324187819866920e-03,1.000000000000000000e+00
7.526800000000000068e+01,-8.283900508142606478e-01,2.350116283706288056e-01,3.240632079220866490e+00,3.113088499923327146e-01,5.478856006384825311e-02,-4.437888437660204854e-02,-9.476895737656243490e-01,-1.102119858557502581e-03,1.633213877339608004e-05,1.431445770416270432e-03,-1.493194817491982039e-02,-4.388256729070117573e-02,-5.121165482394003654e-03,1.000000000000000000e+00
7.531600000000000250e+01,-8.284191561502486367e-01,2.350119476037463850e-01,3.240699375455228015e+00,3.112408735186689701e-01,5.383430851961158031e-02,-4.440180260137968626e-02,-9.477655120351765605e-01,-1.505630746507304095e-04,-2.590180794716764989e-06,1.294902670881762372e-03,-7.839338926604273727e-03,-3.168597828465435223e-02,1.060770509981263758e-03,1.000000000000000000e+00
7.536400000000000432e+01,-8.283980353391849905e-01,2.350112202857444488e-01,3.240745738015290200e+00,3.113277805260599718e-01,5.336352249294128158e-02,-4.450588235175708535e-02,-9.477587108415069794e-01,9.462777377958461527e-04,-2.607260823422485088e-05,6.025403365422312991e-04,3.082929773785856881e-03,-8.115172520939389206e-03,7.588630600551918813e-03,1.000000000000000000e+00
7.541200000000000614e+01,-8.283261807949076072e-01,2.350095179885202112e-01,3.240747808248586104e+00,3.115656804770047805e-01,5.358165588706917393e-02,-4.467756176420785430e-02,-9.476601439208610644e-01,1.899408434622780473e-03,-3.816425506069586029e-05,-3.985058817501291361e-04,1.331032377212029716e-02,1.796225987214553066e-02,1.288779019343849752e-02,1.000000000000000000e+00
7.546000000000000796e+01,-8.282213087156566900e-01,2.350078754535681047e-01,3.240710030245482098e+00,3.119024427631033602e-01,5.425401565880268867e-02,-4.485199420661715314e-02,-9.475028583592739473e-01,2.346657517027730348e-03,-2.976382958068740842e-05,-1.066450801018317684e-03,1.583376977705181626e-02,2.958961690788163360e-02,1.534742126452243172e-02,1.000000000000000000e+00
7.550799999999999557e+01,-8.281077685658581045e-01,2.350067400899776282e-01,3.240647700853042767e+00,3.122644755190951416e-01,5.506713026775061220e-02,-4.498261152529437618e-02,-9.473304983759497366e-01,2.316436311212971035e-03,-1.856056785441290768e-05,-1.459977436176937773e-03,1.433158766155500329e-02,3.205678129296487405e-02,1.486245862482623095e-02,1.000000000000000000e+00
7.555599999999999739e+01,-8.280055175147049695e-01,2.350061034960262141e-01,3.240571726362688310e+00,3.125881802814627908e-01,5.585437053165409615e-02,-4.505723108377508029e-02,-9.471740942233902727e-01,1.928544192665403514e-03,-9.199172135692838416e-06,-1.663037075695997452e-03,1.127678656389808146e-02,2.974060732411327665e-02,1.207404265523282297e-02,1.000000000000000000e+00
7.560399999999999920e+01,-8.279281501358928264e-01,2.350058416260497052e-01,3.240489517987551249e+00,3.128293764434550983e-01,5.653799750062331320e-02,-4.507995709718840699e-02,-9.470528145466514669e-01,1.320376792061243041e-03,-2.725341060013900927e-06,-1.739241650620971906e-03,7.956445063339307247e-03,2.526458582197999014e-02,7.848174391643007383e-03,1.000000000000000000e+00
7.565200000000000102e+01,-8.278828818002713641e-01,2.350058210699535466e-01,3.240405911007729678e+00,3.129644616614808417e-01,5.709118082182532833e-02,-4.506136282248493496e-02,-9.469758795185277966e-01,6.179666385775145010e-04,1.171773727795113888e-06,-1.734355471453270878e-03,4.983553025331413124e-03,2.015447651243051919e-02,3.016696750698203387e-03,1.000000000000000000e+00
7.570000000000000284e+01,-8.278714973394956100e-01,2.350059355796421112e-01,3.240323927331468568e+00,3.129876528229834642e-01,5.751488946541959829e-02,-4.501348813028541868e-02,-9.469448519087502181e-01,-7.769607103323026502e-05,3.176461647808151483e-06,-1.679987601937724465e-03,2.599712264181728693e-03,1.525318183398360894e-02,-1.741531486716275078e-03,1.000000000000000000e+00
7.574800000000000466e+01,-8.278916916355911759e-01,2.350061114299810128e-01,3.240245357545003646e+00,3.129066788537265831e-01,5.782397628293978187e-02,-4.494749605862882053e-02,-9.469559233109116070e-01,-6.948987976181603219e-04,3.923854104592942742e-06,-1.597278527300100221e-03,8.498681872978924075e-04,1.098142570254349165e-02,-5.940398647492425507e-03,1.000000000000000000e+00
7.579600000000000648e+01,-8.279384595857278706e-01,2.350063011171530936e-01,3.240171182501392355e+00,3.127382240496698884e-01,5.803887689926273685e-02,-4.487272783676017618e-02,-9.470019695243615532e-01,-1.190209139949399957e-03,3.922768942342601263e-06,-1.499298239524505952e-03,-3.286273057889141109e-04,7.482528892331546770e-03,-9.283487686943602685e-03,1.000000000000000000e+00
7.584400000000000830e+01,-8.280066270252760541e-01,2.350066494558412100e-01,3.240105746710823187e+00,3.125016590620913193e-01,5.812182878902383276e-02,-4.478923470104073656e-02,-9.470789251992445257e-01,-1.608336045944324657e-03,1.120456598728212192e-05,-1.196745605233185111e-03,-3.541198654582236680e-03,-6.772692068804050426e-04,-1.176142248063022019e-02,1.000000000000000000e+00
7.589199999999999591e+01,-8.280929871395859010e-01,2.350074447112846521e-01,3.240062720401771124e+00,3.122142854316544147e-01,5.790593517862391293e-02,-4.468650471141863423e-02,-9.471917751649704398e-01,-1.939667078641221093e-03,2.098728049355212579e-05,-6.067400912006856023e-04,-8.928267543579528759e-03,-1.473826793249123634e-02,-1.322332433253610440e-02,1.000000000000000000e+00
7.593999999999999773e+01,-8.281906468054774928e-01,2.350086532946167317e-01,3.240052707767400619e+00,3.119024462879217419e-01,5.730550203793383784e-02,-4.457144106327542293e-02,-9.473364397495405154e-01,-2.076527085244860103e-03,2.802706607716441185e-05,1.394194021547156171e-04,-1.416742814918263600e-02,-3.004959611528911292e-02,-1.318804275829018637e-02,1.000000000000000000e+00
7.598799999999999955e+01,-8.282874758917575519e-01,2.350100532200279091e-01,3.240078634062514951e+00,3.116054155041504403e-01,5.635980020490100051e-02,-4.446519029817175978e-02,-9.474959022608476777e-01,-1.915413761013728304e-03,2.898985570287495505e-05,8.595811911810395277e-04,-1.720576306809903228e-02,-4.174551944928760194e-02,-1.122243980737557163e-02,1.000000000000000000e+00
7.603600000000000136e+01,-8.283674314031299613e-01,2.350112891025485373e-01,3.240133894052691588e+00,3.113715165662841455e-01,5.522840634591121706e-02,-4.439550735261525716e-02,-9.476426756592422063e-01,-1.399430101091637350e-03,2.164066940384402454e-05,1.346860844988447773e-03,-1.646042199289167451e-02,-4.538673725583235868e-02,-7.200557763637096924e-03,1.000000000000000000e+00
7.608400000000000318e+01,-8.284137085667411249e-01,2.350119434259798079e-01,3.240202241986753773e+00,3.112489865052279203e-01,5.416582562227297004e-02,-4.438858135208758465e-02,-9.477445782380795603e-01,-5.512874042847262703e-04,5.628742824092528519e-06,1.413080292902714388e-03,-1.114433801970461831e-02,-3.790645020206112603e-02,-1.473855270310249054e-03,1.000000000000000000e+00
7.613200000000000500e+01,-8.284130279780878015e-01,2.350116502815803587e-01,3.240260016913337981e+00,3.112735881793133874e-01,5.347169408745542502e-02,-4.446072215227298702e-02,-9.477725335855070599e-01,5.122159474552382893e-04,-1.667294772090270372e-05,9.401290751483524361e-04,-1.554182952746401610e-03,-1.855779743640329632e-02,5.075251693739140160e-03,1.000000000000000000e+00
7.618000000000000682e+01,-8.283600633262132584e-01,2.350102478166914144e-01,3.240280979560808738e+00,3.114556467764956205e-01,5.341768237395840696e-02,-4.461088376189605020e-02,-9.477087107074687600e-01,1.579133952196172313e-03,-3.780548960143883321e-05,-3.936482178031393438e-05,1.033733243189258882e-02,9.482685171780700153e-03,1.109746957762101915e-02,1.000000000000000000e+00
7.622800000000000864e+01,-8.282651294873759618e-01,2.350084749463934031e-01,3.240256744538836386e+00,3.117623657668139314e-01,5.395955060089924205e-02,-4.479253510998368326e-02,-9.475685848469490580e-01,2.233307853742247384e-03,-3.387007532120411385e-05,-8.426538357813430705e-04,1.551740821885405977e-02,2.644673151628876284e-02,1.475276178832106433e-02,1.000000000000000000e+00
7.627599999999999625e+01,-8.281522932503148082e-01,2.350071289471703795e-01,3.240202515134050998e+00,3.121229573970996651e-01,5.474403158198875435e-02,-4.494315341892472782e-02,-9.473977324400781885e-01,2.378302463194981176e-03,-2.287515241668845582e-05,-1.332533948052384322e-03,1.520863489127930422e-02,3.185529694094061531e-02,1.537090205106577540e-02,1.000000000000000000e+00
7.632399999999999807e+01,-8.280436337272822911e-01,2.350063086114764777e-01,3.240130838696979154e+00,3.124681017723289767e-01,5.555455897423436373e-02,-4.503983460861524929e-02,-9.472321730443944432e-01,2.114306110567227941e-03,-1.253791252693339957e-05,-1.601538240674244429e-03,1.255733262514941405e-02,3.102120987584734355e-02,1.338657044578859395e-02,1.000000000000000000e+00
7.637199999999999989e+01,-8.279553197961432298e-01,2.350059165281072615e-01,3.240050380055293111e+00,3.127455393483782875e-01,5.628416769224846988e-02,-4.508183784493914603e-02,-9.470955326583515577e-01,1.576363610651403471e-03,-4.923290708623144043e-06,-1.721070600052566988e-03,9.239195686950139527e-03,2.716006089348561858e-02,9.619156886450229427e-03,1.000000000000000000e+00
7.642000000000000171e+01,-8.278969910248987762e-01,2.350058159016025217e-01,3.239966883056767610e+00,3.129237839806189858e-01,5.688950500285847034e-02,-4.507800484977181332e-02,-9.470006669050166082e-01,8.972852586649395640e-04,-9.009003206662908565e-08,-1.743482725738999903e-03,6.085816319681656116e-03,2.216718882669481763e-02,4.934103145052846917e-03,1.000000000000000000e+00
7.646800000000000352e+01,-8.278724123012809466e-01,2.350058880202457456e-01,3.239884000782169426e+00,3.129905356244537251e-01,5.736271869087945785e-02,-4.504019176740575031e-02,-9.469518595152891516e-01,1.887956444699648187e-04,2.573278560421606985e-06,-1.705472504801815994e-03,3.457815380604275460e-03,1.711500919290491821e-02,7.832981858262109531e-05,1.000000000000000000e+00
7.651600000000000534e+01,-8.278807126029171792e-01,2.350060468146369097e-01,3.239803947879510204e+00,3.129487782814890928e-01,5.771445966396780702e-02,-4.498007444003185307e-02,-9.469471454211102479e-01,-4.658354201456293346e-04,3.748657508637968081e-06,-1.631872963977678420e-03,1.462063408697731465e-03,1.256570469042146872e-02,-4.385140766148773808e-03,1.000000000000000000e+00
7.656400000000000716e+01,-8.279177847807109858e-01,2.350062354129063003e-01,3.239727979858621598e+00,3.128122136070929371e-01,5.796372739614653880e-02,-4.490776731820158435e-02,-9.469804738003158029e-01,-1.012327350433013919e-03,3.967035653527377893e-06,-1.539026691324050285e-03,7.569664694411201212e-05,8.768204502029927974e-03,-8.087455856952975933e-03,1.000000000000000000e+00
7.661199999999999477e+01,-8.279779641321558525e-01,2.350064746908136493e-01,3.239657805976944527e+00,3.126003142554276693e-01,5.811533001578127883e-02,-4.482918137818878157e-02,-9.470448756218088349e-01,-1.449852196580731249e-03,7.571028650603932347e-06,-1.354689766829402994e-03,-1.886920228373456044e-03,3.463834603840078470e-03,-1.089077184955262317e-02,1.000000000000000000e+00
7.665999999999999659e+01,-8.280577348819864181e-01,2.350070856442111056e-01,3.239604412198339833e+00,3.123303981114305961e-01,5.803341827242147061e-02,-4.473420358123156304e-02,-9.471434399335342258e-01,-1.826764434678216417e-03,1.727178274804959214e-05,-8.647056057967864419e-04,-6.713297232295457190e-03,-8.817522542722631973e-03,-1.280049458413661141e-02,1.000000000000000000e+00
7.670799999999999841e+01,-8.281521337981968545e-01,2.350081500289387393e-01,3.239580653848721070e+00,3.120241509266415414e-01,5.758586228509095933e-02,-4.462207295412611019e-02,-9.472769754980163714e-01,-2.053343769899076791e-03,2.583371902105376791e-05,-1.604682425875215588e-04,-1.227171658382204475e-02,-2.421613057730834240e-02,-1.341240234858598335e-02,1.000000000000000000e+00
7.675600000000000023e+01,-8.282510373885921817e-01,2.350095113683382531e-01,3.239592751610487209e+00,3.117159022289102688e-01,5.676270220563561092e-02,-4.450925771830581412e-02,-9.474334371940322796e-01,-2.019156823750941840e-03,2.951530778097137821e-05,5.939670098692331843e-04,-1.639309055166232945e-02,-3.789923064128020852e-02,-1.223959364865292651e-02,1.000000000000000000e+00
7.680400000000000205e+01,-8.283396497709474282e-01,2.350108600633878386e-01,3.239637959547289281e+00,3.114512681420864015e-01,5.567810798478538270e-02,-4.442186212591930916e-02,-9.475889161599487798e-01,-1.644398418038842949e-03,2.558816242945849390e-05,1.197003339586922037e-03,-1.727472777441761351e-02,-4.515844330114589245e-02,-9.010076552384733983e-03,1.000000000000000000e+00
7.685200000000000387e+01,-8.284009958621488812e-01,2.350117916754136393e-01,3.239703679228480127e+00,3.112798697913278234e-01,5.455400211438523467e-02,-4.438769429531460448e-02,-9.477122116503209348e-01,-9.176673980036731447e-04,1.284783373306899710e-05,1.447207022023560760e-03,-1.377815549642493094e-02,-4.226954280747682868e-02,-3.874869202010557123e-03,1.000000000000000000e+00
7.690000000000000568e+01,-8.284198736441953370e-01,2.350119041156472077e-01,3.239768729672616310e+00,3.112439337447496790e-01,5.367973816575082741e-02,-4.442787841516072922e-02,-9.477720522557508964e-01,8.130650012234407506e-05,-7.467110582020668980e-06,1.192916000651064951e-03,-5.749912089831246860e-03,-2.747772509670688354e-02,2.489295968744090464e-03,1.000000000000000000e+00
7.694800000000000750e+01,-8.283873255619929044e-01,2.350109303647704428e-01,3.239807061288984880e+00,3.113652418923003595e-01,5.334917583597588442e-02,-4.454913655097896691e-02,-9.477451798935900840e-01,1.181796672637987558e-03,-3.121300843262119287e-05,3.821488544626844329e-04,5.783283435960509186e-03,-1.788753480996820196e-03,8.910297979200253182e-03,1.000000000000000000e+00
7.699599999999999511e+01,-8.283062222692894050e-01,2.350091452398705427e-01,3.239799034618610296e+00,3.116305473403234716e-01,5.370081413931866721e-02,-4.472792283527127905e-02,-9.476296942603619211e-01,2.041018331576085944e-03,-3.709450283259374683e-05,-5.714948613778600721e-04,1.438876190337788456e-02,2.157493883303947951e-02,1.368269215991082567e-02,1.000000000000000000e+00
7.704399999999999693e+01,-8.281975035655361195e-01,2.350075996285448665e-01,3.239754803601303301e+00,3.119789274178939587e-01,5.442434760047448056e-02,-4.489525484713118020e-02,-9.474658597161451645e-01,2.377051209600174707e-03,-2.733578254372779015e-05,-1.171673641577028078e-03,1.574145767859328263e-02,3.072069681160434149e-02,1.547586746847238320e-02,1.000000000000000000e+00
7.709199999999999875e+01,-8.280849280193228745e-01,2.350065793173055084e-01,3.239688736008341063e+00,3.123374377869762020e-01,5.524223253928597227e-02,-4.501398600063908489e-02,-9.472947597052756574e-01,2.257872100489341852e-03,-1.630990645763201398e-05,-1.517426706246812439e-03,1.374268186295056655e-02,3.185000090773493220e-02,1.442371012617712014e-02,1.000000000000000000e+00
7.714000000000000057e+01,-8.279871519814859804e-01,2.350060356479163892e-01,3.239610896409470087e+00,3.126462628091979390e-01,5.601140003503978643e-02,-4.507666093813347125e-02,-9.471447260351630870e-01,1.810613724400456483e-03,-7.551222425340930065e-06,-1.688191603274603577e-03,1.055001393310122694e-02,2.888753536852651377e-02,1.124851815673145322e-02,1.000000000000000000e+00
7.718800000000000239e+01,-8.279163434277447831e-01,2.350058367296081474e-01,3.239528063283425130e+00,3.128657688787723767e-01,5.666777437335201312e-02,-4.508941632696208957e-02,-9.470325857892947230e-01,1.172041094523929450e-03,-1.683189128030253039e-06,-1.743434295126631336e-03,7.269338096081157108e-03,2.417259912130606536e-02,6.824893461905882745e-03,1.000000000000000000e+00
7.723600000000000421e+01,-8.278784387299072955e-01,2.350058533753936751e-01,3.239444619578102369e+00,3.129765330808898516e-01,5.719214168536107534e-02,-4.506345285694088321e-02,-9.469656983685929008e-01,4.635186011443400930e-04,1.744754064764301361e-06,-1.725521606644681363e-03,4.412643246594688193e-03,1.905382550531862021e-02,1.958171760672520502e-03,1.000000000000000000e+00
7.728400000000000603e+01,-8.278742159456827787e-01,2.350059865232138889e-01,3.239363276306168160e+00,3.129760922255403477e-01,5.758943176973960881e-02,-4.501075636454254097e-02,-9.469442723070669032e-01,-2.201933257115109687e-04,3.429167665576857860e-06,-1.663492292384269279e-03,2.167173447972030233e-03,1.426428214007686643e-02,-2.713130543697486567e-03,1.000000000000000000e+00
7.733200000000000784e+01,-8.279006688813617121e-01,2.350061687870485805e-01,3.239285616913292198e+00,3.128744974494804265e-01,5.787627460672462726e-02,-4.494214280577095433e-02,-9.469636157125616016e-01,-8.137025868306372754e-04,3.971028233543114137e-06,-1.576650010456007341e-03,5.501346119267025350e-04,1.015726174030349288e-02,-6.745263858114961507e-03,1.000000000000000000e+00
7.737999999999999545e+01,-8.279524101218797005e-01,2.350063633076394931e-01,3.239212583536924317e+00,3.126897565663478429e-01,5.807212308233584974e-02,-4.486629878596108678e-02,-9.470162405642451597e-01,-1.283910129265847244e-03,4.723824059592203631e-06,-1.462582664515712453e-03,-7.114152416974263600e-04,6.435294946932687901e-03,-9.889639728137580160e-03,1.000000000000000000e+00
7.742799999999999727e+01,-8.280248557829112954e-01,2.350067981652902704e-01,3.239150833063122015e+00,3.124405454113812208e-01,5.810363664965873670e-02,-4.477904324642791034e-02,-9.471006864515811863e-01,-1.691035348929444170e-03,1.336692508037983435e-05,-1.089010725746967145e-03,-4.610127109904680297e-03,-3.383445544830431320e-03,-1.217971083635166658e-02,1.000000000000000000e+00
7.747599999999999909e+01,-8.281144396725200751e-01,2.350076941041094880e-01,3.239114321931868101e+00,3.121451658384033490e-01,5.780723286172185366e-02,-4.467243878503779353e-02,-9.472212479065181823e-01,-1.989903048298740339e-03,2.288904754427476164e-05,-4.518839373222367914e-04,-1.015516645522093059e-02,-1.812697349198330934e-02,-1.336063956214165668e-02,1.000000000000000000e+00
7.752400000000000091e+01,-8.282131227645542770e-01,2.350089690796197117e-01,3.239112200167307165e+00,3.118327793560844996e-01,5.712406046337114435e-02,-4.455713895469055885e-02,-9.473710048357018021e-01,-2.069905045086601475e-03,2.886328973267454303e-05,3.055967685139770584e-04,-1.507973340782741561e-02,-3.306661647281059629e-02,-1.293598312290709408e-02,1.000000000000000000e+00
7.757200000000000273e+01,-8.283077410068250268e-01,2.350103677031668836e-01,3.239145432597344332e+00,3.115451671389140587e-01,5.612052062546946107e-02,-4.445639066538809719e-02,-9.475303295019729122e-01,-1.834224752781677239e-03,2.815974254072844461e-05,9.929459985046594495e-04,-1.740889106577282394e-02,-4.335983233688436855e-02,-1.051990417158104110e-02,1.000000000000000000e+00
7.762000000000000455e+01,-8.283817629620392475e-01,2.350115134721149635e-01,3.239205253891731306e+00,3.113315658318651091e-01,5.497982706336633496e-02,-4.439832622531787731e-02,-9.476701237039978354e-01,-1.240948361930742936e-03,1.887074567929100305e-05,1.403193089149834495e-03,-1.570386734896288966e-02,-4.477980499822207389e-02,-6.079215727716560415e-03,1.000000000000000000e+00
7.766800000000000637e+01,-8.284187621442656857e-01,2.350119888907254151e-01,3.239273530736350715e+00,3.112386293110019908e-01,5.397135496672608029e-02,-4.440767910564419330e-02,-9.477581793390725817e-01,-3.327884621338884886e-04,1.180510039254411914e-06,1.358953805679431791e-03,-9.392695058260519189e-03,-3.468913838996543625e-02,-8.076186149496460739e-05,1.000000000000000000e+00
7.771600000000000819e+01,-8.284068196703743281e-01,2.350114573092686454e-01,3.239325524062869555e+00,3.112976729070385251e-01,5.339585930706686190e-02,-4.449760939403090559e-02,-9.477671675098993109e-01,7.534527765411724518e-04,-2.189527988706732877e-05,7.638919217032507725e-04,9.694301841982684749e-04,-1.294497064317837870e-02,6.484062176111516501e-03,1.000000000000000000e+00
7.776399999999999579e+01,-8.283430901294610571e-01,2.350098655706024109e-01,3.239336053303373042e+00,3.115115570427634539e-01,5.349604589876517241e-02,-4.466094990011758303e-02,-9.476835560755542121e-01,1.767035799889616048e-03,-3.850131863154058879e-05,-2.455784384650753225e-04,1.216534630664118863e-02,1.451872464590328766e-02,1.214513128102672271e-02,1.000000000000000000e+00
7.781199999999999761e+01,-8.282421544079404674e-01,2.350081546517206466e-01,3.239304025701123635e+00,3.118364105562896338e-01,5.411687357309492852e-02,-4.483962970420634492e-02,-9.475330203502307924e-01,2.305954386387166870e-03,-3.168078616749581697e-05,-9.717840930078136411e-04,1.577977205293647558e-02,2.838205940925063453e-02,1.514247380829261518e-02,1.000000000000000000e+00
7.785999999999999943e+01,-8.281285096701505033e-01,2.350069244436949478e-01,3.239245105688327353e+00,3.121991381183562564e-01,5.492080341106778812e-02,-4.497946247474653159e-02,-9.473606765463297164e-01,2.351648167907995687e-03,-2.046436922559319386e-05,-1.406653689144161338e-03,1.475810199208354989e-02,3.207133302947343806e-02,1.513803285445792027e-02,1.000000000000000000e+00
7.790800000000000125e+01,-8.280231049313662162e-01,2.350062078609766458e-01,3.239170913690856857e+00,3.125333715745687857e-01,5.572017647615413322e-02,-4.506386454125512614e-02,-9.471997686329450827e-01,2.016297145622909792e-03,-1.063736258733316593e-05,-1.637859358565133287e-03,1.185597016336832274e-02,3.036178806406145125e-02,1.269126660251643050e-02,1.000000000000000000e+00
7.795600000000000307e+01,-8.279406883253073168e-01,2.350058904165367168e-01,3.239089403014203672e+00,3.127912841966439261e-01,5.642499297558788846e-02,-4.509498664644272931e-02,-9.470714201567245194e-01,1.436876172409980081e-03,-3.655210758675625264e-06,-1.732460278344338800e-03,8.523363972114584089e-03,2.612793786788969799e-02,8.652946009349063092e-03,1.000000000000000000e+00
7.800400000000000489e+01,-8.278895405034563115e-01,2.350058363097986824e-01,3.239005799496932347e+00,3.129458012216111418e-01,5.700152791314207212e-02,-4.508273703682520034e-02,-9.469864297520838026e-01,7.427512056038505046e-04,6.488335459072225416e-07,-1.739097169070105567e-03,5.464529924003423342e-03,2.105203216620979423e-02,3.872551642613953488e-03,1.000000000000000000e+00
7.805200000000000671e+01,-8.278723041482157763e-01,2.350059335267559169e-01,3.238923395072099254e+00,3.129883134917486598e-01,5.744710335142781676e-02,-4.503912472166547720e-02,-9.469475292635943786e-01,3.981158002417710748e-05,2.936055523929452065e-06,-1.691581357606874829e-03,2.970514289664166838e-03,1.607405681456509569e-02,-9.397103415608316608e-04,1.000000000000000000e+00
7.810000000000000853e+01,-8.278872864522343056e-01,2.350061029069781815e-01,3.238844161040985714e+00,3.129245231198822252e-01,5.777486957119949001e-02,-4.497556243118969177e-02,-9.469516915134696955e-01,-5.950814328616910610e-04,3.865695198361752364e-06,-1.612640679778720330e-03,1.111801790191788673e-03,1.167447405516756735e-02,-5.263360746631293163e-03,1.000000000000000000e+00
7.814799999999999613e+01,-8.279298570865041285e-01,2.350062927929159051e-01,3.238769193289019910e+00,3.127698683561165871e-01,5.800474576179847491e-02,-4.490174558631186003e-02,-9.469922344776153800e-01,-1.113597220716288803e-03,3.928371069989660938e-06,-1.517154849887829542e-03,-1.520917599757432839e-04,8.052630944454734763e-03,-8.769831384419335407e-03,1.000000000000000000e+00
7.819599999999999795e+01,-8.279945122247743816e-01,2.350065839134887480e-01,3.238701372503337339e+00,3.125439849081952937e-01,5.812218046433982599e-02,-4.482077268192352637e-02,-9.470634445336658658e-01,-1.539119445217582453e-03,9.534494942278466754e-06,-1.272676557609086004e-03,-2.753610189665934085e-03,1.299165197892897293e-03,-1.139217522519379334e-02,1.000000000000000000e+00
7.824399999999999977e+01,-8.280780570323819090e-01,2.350072975018751842e-01,3.238653516623037909e+00,3.122639049905781006e-01,5.796810324928582114e-02,-4.472141508675394478e-02,-9.471699676818065017e-01,-1.892896914185286314e-03,1.938279133139599145e-05,-7.248802616688428558e-04,-7.936700653347296061e-03,-1.205843934977975096e-02,-1.306324540734143079e-02,1.000000000000000000e+00
7.829200000000000159e+01,-8.281744922116617280e-01,2.350084461880544429e-01,3.238637312019865266e+00,3.119538000363017982e-01,5.743546102082412036e-02,-4.460727347390928271e-02,-9.473099733526832988e-01,-2.071932525759278415e-03,2.717132541742801462e-05,6.061412386814456839e-06,-1.335967509182409314e-02,-2.750486854677134524e-02,-1.332591545881924022e-02,1.000000000000000000e+00
7.834000000000000341e+01,-8.282725621461217713e-01,2.350098361505689737e-01,3.238657194870285139e+00,3.116507992075105427e-01,5.654159935185086583e-02,-4.449755489492991656e-02,-9.474686245488175285e-01,-1.968776296400874537e-03,2.939515026128502499e-05,7.455964325869344350e-04,-1.691428181150591431e-02,-4.017769923031707519e-02,-1.171772802166056934e-02,1.000000000000000000e+00
7.838800000000000523e+01,-8.283567218014519229e-01,2.350111310477029369e-01,3.238708290217322983e+00,3.114021889632841988e-01,5.542626346327364506e-02,-4.441943607451205589e-02,-9.476199236646503099e-01,-1.515612278777664747e-03,2.358412319992954332e-05,1.288380183706236198e-03,-1.691326630880220575e-02,-4.549934654011840440e-02,-8.043927183549516927e-03,1.000000000000000000e+00
7.843600000000000705e+01,-8.284100066654999095e-01,2.350119169501882488e-01,3.238775942971137578e+00,3.112570667549485748e-01,5.433033191056397398e-02,-4.439999273243768613e-02,-9.477319737536313848e-01,-7.195771995604078024e-04,8.988559624776799384e-06,1.439312406027946174e-03,-1.240676724540762214e-02,-4.009053728266358946e-02,-2.565109171028044470e-03,1.000000000000000000e+00
7.848399999999999466e+01,-8.284181909295605939e-01,2.350118089773241548e-01,3.238837514048165112e+00,3.112543412581951774e-01,5.355018004212273863e-02,-4.445782625951841260e-02,-9.477745591382279455e-01,3.189423583817601509e-04,-1.252935296081588192e-05,1.064365349452185998e-03,-3.487717346011542322e-03,-2.274090330059684931e-02,3.926785635550087729e-03,1.000000000000000000e+00
7.853199999999999648e+01,-8.283742241450765542e-01,2.350105887381778169e-01,3.238866619396816748e+00,3.114097226381796202e-01,5.337056023773152635e-02,-4.459568084374975622e-02,-9.477271723425503280e-01,1.410587271052488219e-03,-3.591310318213834335e-05,1.429880093580886385e-04,8.495897861386027261e-03,4.762030650394119199e-03,1.016742305277261969e-02,1.000000000000000000e+00
7.857999999999999829e+01,-8.282849596379339152e-01,2.350087886155999561e-01,3.238849297024705365e+00,3.116994061871142807e-01,5.383569719866271308e-02,-4.477754840958848848e-02,-9.475970499363971511e-01,2.157992083514045575e-03,-3.548139314385870323e-05,-7.272901739510061712e-04,1.512999700283789058e-02,2.451160773195833198e-02,1.433758271095707595e-02,1.000000000000000000e+00
7.862800000000000011e+01,-8.281734947392314083e-01,2.350073501264006992e-01,3.238799302377187939e+00,3.120560167713470334e-01,5.459755468907655229e-02,-4.493616197803833312e-02,-9.474285676321244631e-01,2.386571745663757828e-03,-2.487730611118146290e-05,-1.264754121308506521e-03,1.549907954159793211e-02,3.148350672219099589e-02,1.547380523259480820e-02,1.000000000000000000e+00
7.867600000000000193e+01,-8.280627289298919669e-01,2.350064416276903267e-01,3.238729972306079841e+00,3.124082922415857277e-01,5.541375521998669756e-02,-4.504275038223719274e-02,-9.472600093475497252e-01,2.184636998597512189e-03,-1.417981401571884200e-05,-1.566688388681911201e-03,1.310430194599324603e-02,3.146122507570200261e-02,1.389007909842945691e-02,1.000000000000000000e+00
7.872400000000000375e+01,-8.279699618876824596e-01,2.350059842306047586e-01,3.238650580676750934e+00,3.127004963925624215e-01,5.616211300356784009e-02,-4.509383266662796846e-02,-9.471170798133962121e-01,1.684492381541099820e-03,-6.045386849019717030e-06,-1.708086137403674529e-03,9.824392791025664609e-03,2.796226516810396134e-02,1.036958821741279339e-02,1.000000000000000000e+00
7.877200000000000557e+01,-8.279059543549487366e-01,2.350058420135893444e-01,3.238567318588003729e+00,3.128975179068118617e-01,5.679057925333159257e-02,-4.509718059871962309e-02,-9.470143703755902198e-01,1.021139625612048178e-03,-7.577207277678295184e-07,-1.744430450048571266e-03,6.606033770863474486e-03,2.307068286568799212e-02,5.785496892274868790e-03,1.000000000000000000e+00
7.882000000000000739e+01,-8.278754192029645909e-01,2.350058911690512675e-01,3.238484152992263887e+00,3.129839432691607359e-01,5.728656960679684440e-02,-4.506442663814860805e-02,-9.469574951655161943e-01,3.107957446423740698e-04,2.235822242829359021e-06,-1.714888804970591835e-03,3.873071737967076402e-03,1.797618141757986385e-02,9.124021820446353171e-04,1.000000000000000000e+00
7.886799999999999500e+01,-8.278781951881352130e-01,2.350060398122024996e-01,3.238403511094683829e+00,3.129604106738397840e-01,5.765838699035055054e-02,-4.500741623499625310e-02,-9.469454177746380319e-01,-3.580962380844709427e-04,3.628942125076948200e-06,-1.646112833152493099e-03,1.765742779942156481e-03,1.331340330810836491e-02,-3.652536159176255140e-03,1.000000000000000000e+00
7.891599999999999682e+01,-8.279106405255366452e-01,2.350062264981508942e-01,3.238326788355437191e+00,3.128390783169730516e-01,5.792409583426449959e-02,-4.493658843362751537e-02,-9.469726570601275650e-01,-9.263353179554088823e-04,3.985052908182105340e-06,-1.555718110928276752e-03,2.776399888146370933e-04,9.375413479008226289e-03,-7.507237745434823181e-03,1.000000000000000000e+00
7.896399999999999864e+01,-8.279671340473909735e-01,2.350064390230451050e-01,3.238255175915748740e+00,3.126389374413039435e-01,5.809772834144445730e-02,-4.485941327660882688e-02,-9.470317744392817705e-01,-1.376692170144865751e-03,6.160275442791661324e-06,-1.408971942761478875e-03,-1.293874880759614526e-03,4.950772327249415919e-03,-1.046098225350820463e-02,1.000000000000000000e+00
7.901200000000000045e+01,-8.280437233894842874e-01,2.350069695840431294e-01,3.238197802056303587e+00,3.123778527539955996e-01,5.806944223805388799e-02,-4.476795333416695721e-02,-9.471239873117112129e-01,-1.768932827830262209e-03,1.554487781155649821e-05,-9.691059619197712116e-04,-5.752490525119085228e-03,-6.314202869646576635e-03,-1.254840931725573552e-02,1.000000000000000000e+00
7.906000000000000227e+01,-8.281361637988644553e-01,2.350079616432322049e-01,3.238168219196091435e+00,3.120757894008411304e-01,5.769002841738336135e-02,-4.465800765310965620e-02,-9.472519330376152347e-01,-2.030029494447342913e-03,2.461271477636040836e-05,-2.918367539783724282e-04,-1.134741219250748508e-02,-2.151272791788784444e-02,-1.342454181711682550e-02,1.000000000000000000e+00
7.910800000000000409e+01,-8.282352593534121343e-01,2.350092905288148348e-01,3.238174006257879878e+00,3.117647768834651556e-01,5.692759315137500831e-02,-4.454358850805534981e-02,-9.474058484913528977e-01,-2.048610890332478070e-03,2.937662722222063170e-05,4.678339232657844271e-04,-1.586437961242949043e-02,-3.585081857418082052e-02,-1.259249097972940136e-02,1.000000000000000000e+00
7.915600000000000591e+01,-8.283268998883657197e-01,2.350106697712414650e-01,3.238214099900268650e+00,3.114888465479777602e-01,5.587518677452901067e-02,-4.444967204696999297e-02,-9.475636594097727183e-01,-1.736495322784342016e-03,2.691909815014933166e-05,1.112586042427306720e-03,-1.741801573089103716e-02,-4.454390075248326752e-02,-9.725084549708978149e-03,1.000000000000000000e+00
7.920400000000000773e+01,-8.283942338980306852e-01,2.350117055501860508e-01,3.238277598460312490e+00,3.112976645673083409e-01,5.473812670639495448e-02,-4.440437282563213656e-02,-9.476949684331859025e-01,-1.068132216178037776e-03,1.570248719763569912e-05,1.437560763954164088e-03,-1.472907133786157535e-02,-4.362357407738751830e-02,-4.888631875758926368e-03,1.000000000000000000e+00
7.925199999999999534e+01,-8.284214234771397622e-01,2.350119862284821004e-01,3.238344618680887077e+00,3.112356958431141130e-01,5.379799671037260866e-02,-4.443058301195665361e-02,-9.477679254312321167e-01,-1.066253864403423078e-04,-3.517929432274693904e-06,1.278597024781858663e-03,-7.452524184885020789e-03,-3.092383250329854005e-02,1.333826260907034237e-03,1.000000000000000000e+00
7.929999999999999716e+01,-8.283981080498766802e-01,2.350112109447899389e-01,3.238389589030653770e+00,3.113292230450322995e-01,5.335320173334179988e-02,-4.453801531843751965e-02,-9.477573085629426020e-01,9.920399148099260603e-04,-2.709286972366964033e-05,5.631201984566545004e-04,3.595809072087035284e-03,-6.929018167051321023e-03,7.847967887185985231e-03,1.000000000000000000e+00
7.934799999999999898e+01,-8.283243810966695042e-01,2.350094855402292404e-01,3.238389711533971482e+00,3.115726582569430247e-01,5.359849257351304019e-02,-4.471139657678992879e-02,-9.476553019092451846e-01,1.929065750820810679e-03,-3.805270255886927696e-05,-4.325374823475780939e-04,1.355120231691629012e-02,1.872372354885574325e-02,1.305387208804018560e-02,1.000000000000000000e+00
7.939600000000000080e+01,-8.282186565560962777e-01,2.350078589373069959e-01,3.238350664658227629e+00,3.119120060582653564e-01,5.428201134042234810e-02,-4.488462976135255966e-02,-9.474965613302950285e-01,2.354711029091861082e-03,-2.933103061065350870e-05,-1.087115699644885039e-03,1.583218968403001317e-02,2.984716765244251405e-02,1.538536773032675789e-02,1.000000000000000000e+00
7.944400000000000261e+01,-8.281052094105012529e-01,2.350067448091274491e-01,3.238287603944669080e+00,3.122736677234714264e-01,5.509678180007450410e-02,-4.501299026262187142e-02,-9.473243012767188498e-01,2.306833179074555852e-03,-1.813598404335800389e-05,-1.471146008870954100e-03,1.422471716353323166e-02,3.203982242161470401e-02,1.478831800859896177e-02,1.000000000000000000e+00
7.949200000000000443e+01,-8.280037560644943895e-01,2.350061260408704555e-01,3.238211271985854900e+00,3.125947269343402612e-01,5.588092973848705902e-02,-4.508527732937455540e-02,-9.471690325134901611e-01,1.906877152057795356e-03,-8.878485767937282117e-06,-1.667734443991929737e-03,1.113826756865821110e-02,2.958857825812097331e-02,1.192147343837003833e-02,1.000000000000000000e+00
7.954000000000000625e+01,-8.279276176242595930e-01,2.350058766049110959e-01,3.238128955729014269e+00,3.128318682984503329e-01,5.655949009988339715e-02,-4.510602734656762869e-02,-9.470494667933416766e-01,1.292251860366661715e-03,-2.516247957351995496e-06,-1.739703240291409379e-03,7.823168183140253099e-03,2.506008427133282757e-02,7.653597129028138699e-03,1.000000000000000000e+00
7.958800000000000807e+01,-8.278837597775846602e-01,2.350058636672570644e-01,3.238045400855153577e+00,3.129623028617893876e-01,5.710718977523883411e-02,-4.508595570742399139e-02,-9.469744571324868465e-01,5.881595554909650660e-04,1.292136965323289425e-06,-1.732159183623502297e-03,4.871769142075391135e-03,1.994452871290484236e-02,2.811984789920162712e-03,1.000000000000000000e+00
7.963599999999999568e+01,-8.278737679755784340e-01,2.350059822533193399e-01,3.237963567222152061e+00,3.129809041064844366e-01,5.752581615675331911e-02,-4.503710160910754517e-02,-9.469452960012196829e-01,-1.055827317071399260e-04,3.235236442521662408e-06,-1.676207938020348766e-03,2.514477014924584777e-03,1.506267994243220242e-02,-1.932048120886655949e-03,1.000000000000000000e+00
7.968399999999999750e+01,-8.278951960300736657e-01,2.350061598107953953e-01,3.237885203792581823e+00,3.128958681022118715e-01,5.783059737465166827e-02,-4.497056454907932127e-02,-9.469579959301209771e-01,-7.184784534072012575e-04,3.942472485997755663e-06,-1.592626661274909811e-03,7.904701413997520815e-04,1.082162712888899356e-02,-6.100516091082967829e-03,1.000000000000000000e+00
7.973199999999999932e+01,-8.279429551970350909e-01,2.350063500680203143e-01,3.237811269747434828e+00,3.127241603613830079e-01,5.804199879987082672e-02,-4.489558798365621967e-02,-9.470053389929673493e-01,-1.208639767998995413e-03,4.014364904800375630e-06,-1.492845327499818086e-03,-3.851328457612796397e-04,7.317756408302112520e-03,-9.405357347821365066e-03,1.000000000000000000e+00
7.978000000000000114e+01,-8.280119745538739862e-01,2.350067146892863557e-01,3.237746528915436794e+00,3.124850419107692567e-01,5.811571659153620673e-02,-4.481140548339160312e-02,-9.470837344214498854e-01,-1.625047591857536194e-03,1.163431333224396774e-05,-1.176049185129182358e-03,-3.742033453734054313e-03,-1.182681788008492973e-03,-1.184858319336739088e-02,1.000000000000000000e+00
7.982800000000000296e+01,-8.280990060090830385e-01,2.350075306247102758e-01,3.237704772989617119e+00,3.121959515333039836e-01,5.788441799023059942e-02,-4.470787818530116281e-02,-9.471981248019416544e-01,-1.950615629245267164e-03,2.139048123703352305e-05,-5.762391739430962377e-04,-9.169527670268165856e-03,-1.539710659247716697e-02,-1.325830901890339211e-02,1.000000000000000000e+00
7.987600000000000477e+01,-8.281969342341883866e-01,2.350087541980466488e-01,3.237696335171627915e+00,3.118837764603963336e-01,5.726759418873517832e-02,-4.459267089065351020e-02,-9.473438796653900207e-01,-2.076888413046010413e-03,2.824023925686997943e-05,1.729835125144688329e-04,-1.435618117416603660e-02,-3.065774853872916400e-02,-1.314914269434697310e-02,1.000000000000000000e+00
7.992400000000000659e+01,-8.282934191538251500e-01,2.350101565381595148e-01,3.237723766681943616e+00,3.115883049238661884e-01,5.630982014375644773e-02,-4.448737044431974597e-02,-9.475034597620205501e-01,-1.901474923906155577e-03,2.888641343952433313e-05,8.877044162711841997e-04,-1.726308040754466824e-02,-4.209997888491930074e-02,-1.109609708489549262e-02,1.000000000000000000e+00
7.997200000000000841e+01,-8.283723059964102076e-01,2.350113775640745029e-01,3.237780040821094829e+00,3.113580889033806809e-01,5.517539742117517909e-02,-4.441983992016046434e-02,-9.476490351471459350e-01,-1.370254138834088977e-03,2.115301696587503351e-05,1.360816535956169571e-03,-1.633394135163316122e-02,-4.532148376630468906e-02,-6.990607468332732215e-03,1.000000000000000000e+00
8.001999999999999602e+01,-8.284168424070031955e-01,2.350119989820491639e-01,3.237848532712083838e+00,3.112411226360288219e-01,5.412195755086686433e-02,-4.441601973965933481e-02,-9.477483814186190569e-01,-5.097814591885897707e-04,4.790415001079352173e-06,1.406012961238336861e-03,-1.082239235393873782e-02,-3.733499067848967956e-02,-1.206458731604238225e-03,1.000000000000000000e+00
8.006799999999999784e+01,-8.284139932049738864e-01,2.350116597750292469e-01,3.237905349464569316e+00,3.112723691012913019e-01,5.344966756239231953e-02,-4.449163441857705015e-02,-9.477727257830869112e-01,5.591841852176288909e-04,-1.770115479601011522e-05,9.092271126753789833e-04,-1.075077515679826335e-03,-1.750875869868080345e-02,5.352221129050195765e-03,1.000000000000000000e+00
8.011599999999999966e+01,-8.283588791149429920e-01,2.350102153335948685e-01,3.237924363456727406e+00,3.114607875352133903e-01,5.342590376339173552e-02,-4.464458913242114885e-02,-9.477049705980260530e-01,1.618024453197082100e-03,-3.810197391228339333e-05,-8.000825264928456055e-05,1.073263328921319863e-02,1.053303167675506344e-02,1.131364681379700039e-02,1.000000000000000000e+00
8.016400000000000148e+01,-8.282626587597764489e-01,2.350084503619768450e-01,3.237898593318870422e+00,3.117713957694071558e-01,5.398461103695234575e-02,-4.482591666844564643e-02,-9.475626078238930106e-01,2.249931585972645559e-03,-3.349784711821612442e-05,-8.680900305106717526e-04,1.558975513109267345e-02,2.686909973595236201e-02,1.484355920590538745e-02,1.000000000000000000e+00
8.021200000000000330e+01,-8.281495532270058968e-01,2.350071252830342461e-01,3.237843441398713384e+00,3.121327693537341852e-01,5.477378143436306690e-02,-4.497452736160942321e-02,-9.473912914163546972e-01,2.375266030765578896e-03,-2.242595779840990264e-05,-1.347068597434600799e-03,1.513138290940558607e-02,3.192609985739350981e-02,1.533906866969018783e-02,1.000000000000000000e+00
8.026000000000000512e+01,-8.280414379672536018e-01,2.350063246769402148e-01,3.237771275269486715e+00,3.124760917787702263e-01,5.558267263450529516e-02,-4.506882380597132531e-02,-9.472265091783571567e-01,2.096822211771117491e-03,-1.217073633988483010e-05,-1.608521307729711414e-03,1.242504972448705593e-02,3.091035345023733505e-02,1.326131686060699408e-02,1.000000000000000000e+00
8.030800000000000693e+01,-8.279542115059852492e-01,2.350059472294276086e-01,3.237690620550194076e+00,3.127499379126129075e-01,5.630775819457112946e-02,-4.510867401907602686e-02,-9.470914001462572562e-01,1.550189020175730221e-03,-4.670989879888363990e-06,-1.723031125427642316e-03,9.100786512651186724e-03,2.696933695331978770e-02,9.437162013136997374e-03,1.000000000000000000e+00
8.035600000000000875e+01,-8.278972488998873613e-01,2.350058560221697512e-01,3.237607118825722718e+00,3.129236768003355595e-01,5.690764994979077840e-02,-4.510315349222193682e-02,-9.469984146871668340e-01,8.676057363119174960e-04,6.260942647046474229e-08,-1.742235453323990506e-03,5.964224898923447572e-03,2.195564282647732152e-02,4.729718778152052286e-03,1.000000000000000000e+00
8.040399999999999636e+01,-8.278740931363348654e-01,2.350059334846045789e-01,3.237524351324660987e+00,3.129857369313672755e-01,5.737556124883090580e-02,-4.506416175112570172e-02,-9.469515271515107635e-01,1.597131363665097120e-04,2.653780622213603621e-06,-1.702269196280954992e-03,3.361691006448397790e-03,1.691501902343767530e-02,-1.208328534468817127e-04,1.000000000000000000e+00
8.045199999999999818e+01,-8.278837081370814532e-01,2.350060948148867401e-01,3.237444483945722151e+00,3.129396479336249426e-01,5.772266621428700367e-02,-4.500332962474987847e-02,-9.469485576730020115e-01,-4.914455251017278009e-04,3.781244187775834101e-06,-1.627550496957260676e-03,1.392512390827629421e-03,1.239313286195480382e-02,-4.559581946213607517e-03,1.000000000000000000e+00
8.050000000000000000e+01,-8.279218793656565323e-01,2.350062841197304575e-01,3.237368740026694169e+00,3.127994680596099530e-01,5.796816581051392886e-02,-4.493069210478065761e-02,-9.469833247957302191e-01,-1.032746511963656983e-03,3.968685770878316050e-06,-1.534131037471922693e-03,3.012607246352820892e-05,8.628852213207376456e-03,-8.225492927602924206e-03,1.000000000000000000e+00
8.054800000000000182e+01,-8.279829499676499838e-01,2.350065319613116321e-01,3.237298999795358956e+00,3.125847499478299762e-01,5.811395052447123483e-02,-4.485170517270928303e-02,-9.470490311475918688e-01,-1.467708196224506989e-03,7.945787071445740518e-06,-1.339385548306359745e-03,-2.042592759840393922e-03,3.075887495271779556e-03,-1.099398986195213382e-02,1.000000000000000000e+00
8.059600000000000364e+01,-8.280634929846734105e-01,2.350071634435204337e-01,3.237246666039871101e+00,3.123127081607406375e-01,5.801855377651306267e-02,-4.475586003234705706e-02,-9.471491607617833486e-01,-1.840698471129459651e-03,1.770736422645235170e-05,-8.375715537248288548e-04,-6.949580843918451954e-03,-9.436887621171036189e-03,-1.285988538479080311e-02,1.000000000000000000e+00
8.064400000000000546e+01,-8.281583550993140141e-01,2.350082460286849750e-01,3.237224395712820613e+00,3.120054825246273977e-01,5.755439048288175236e-02,-4.464324731513084205e-02,-9.472840394938989439e-01,-2.058619698682595967e-03,2.614103716230523511e-05,-1.272636755412254075e-04,-1.249205942811527567e-02,-2.486904824181215487e-02,-1.340638544368680761e-02,1.000000000000000000e+00
8.069200000000000728e+01,-8.282571873289473752e-01,2.350096155922638819e-01,3.237238073724566956e+00,3.116979626484254751e-01,5.671680292720723132e-02,-4.453090253270284432e-02,-9.474410710256127022e-01,-2.011396487046724496e-03,2.955258965599228812e-05,6.253228021602431647e-04,-1.651181517748921343e-02,-3.837905957091416326e-02,-1.215000852055200115e-02,1.000000000000000000e+00
8.073999999999999488e+01,-8.283450328849001343e-01,2.350109568014005224e-01,3.237284543275290360e+00,3.114361356974868489e-01,5.562502583363985315e-02,-4.444517649058173786e-02,-9.475959139683669541e-01,-1.621369525854610832e-03,2.525913699039179832e-05,1.217656462779538335e-03,-1.722700504256430634e-02,-4.527934800627349959e-02,-8.832833525271395828e-03,1.000000000000000000e+00
8.078799999999999670e+01,-8.284048966050896468e-01,2.350118626035183622e-01,3.237350797809392944e+00,3.112695883770362215e-01,5.450488187380912036e-02,-4.441377480696619834e-02,-9.477171929488817925e-01,-8.806409885586972746e-04,1.214019361711364161e-05,1.449280878673017432e-03,-1.353429532293517687e-02,-4.190787880283004113e-02,-3.626775998101350318e-03,1.000000000000000000e+00
8.083599999999999852e+01,-8.284217423559931959e-01,2.350119333648970910e-01,3.237415352422255754e+00,3.112399767502863623e-01,5.364741217718298899e-02,-4.445736664394264737e-02,-9.477737992739924122e-01,1.270224041437461563e-04,-8.444764790543494019e-06,1.171719906043253113e-03,-5.327310525351021397e-03,-2.661206505475256778e-02,2.768762427062592454e-03,1.000000000000000000e+00
8.088400000000000034e+01,-8.283869627989977058e-01,2.350109105384492192e-01,3.237452058918533382e+00,3.113679674140208409e-01,5.334513657299329997e-02,-4.458193084503885711e-02,-9.477429697521355667e-01,1.227388302760157703e-03,-3.223085599472228982e-05,3.380985906938829139e-04,6.316266354920133282e-03,-5.250640004464883319e-04,9.163300361141053785e-03,1.000000000000000000e+00
8.093200000000000216e+01,-8.283041611689916373e-01,2.350091160889603847e-01,3.237442238233767977e+00,3.116383476732003110e-01,5.372014586770858940e-02,-4.476164725624590807e-02,-9.476244409692985426e-01,2.066375246330975218e-03,-3.685897166448025194e-05,-6.015752599496226177e-04,1.455703891660332407e-02,2.218969072289598415e-02,1.382606534194669688e-02,1.000000000000000000e+00
8.098000000000000398e+01,-8.281947783634961979e-01,2.350075886670670577e-01,3.237396893284381072e+00,3.119887514421020303e-01,5.445211327200739221e-02,-4.492745715896639958e-02,-9.474595030538447427e-01,2.381615957124153925e-03,-2.689657791207468590e-05,-1.189670532573229318e-03,1.570961827843248351e-02,3.090263190536058843e-02,1.549281771719588328e-02,1.000000000000000000e+00
8.102800000000000580e+01,-8.280824314117077867e-01,2.350065888920589430e-01,3.237330195870448346e+00,3.123464619970088285e-01,5.527038728435770820e-02,-4.504390250120977185e-02,-9.472887198815618248e-01,2.246030610026796860e-03,-1.591105473085256144e-05,-1.526904991679542672e-03,1.362770174363319570e-02,3.179951133143672087e-02,1.433547304235718509e-02,1.000000000000000000e+00
8.107600000000000762e+01,-8.279855276865981661e-01,2.350060616441423389e-01,3.237252060521657704e+00,3.126523995268370992e-01,5.603602057334065856e-02,-4.510433892428635655e-02,-9.471399263459527873e-01,1.787947806341961534e-03,-7.260291330585887043e-06,-1.691907776051619974e-03,1.041402231537434317e-02,2.872594538909853390e-02,1.108960589006754635e-02,1.000000000000000000e+00
8.112399999999999523e+01,-8.279159686018003894e-01,2.350058738625213361e-01,3.237169153126224774e+00,3.128677824351721592e-01,5.668732840290961056e-02,-4.511524714751607990e-02,-9.470295201246132777e-01,1.143928003487706870e-03,-1.498126060253067805e-06,-1.743403854084391675e-03,7.142897873333130254e-03,2.397140559307280386e-02,6.630559285989964628e-03,1.000000000000000000e+00
8.117199999999999704e+01,-8.278794542282632563e-01,2.350058971689653609e-01,3.237085776206580778e+00,3.129739604432577038e-01,5.720642723577585437e-02,-4.508792844397223332e-02,-9.469645207060344294e-01,4.344292382582056020e-04,1.848548093980649043e-06,-1.723155340608187574e-03,4.308693272248356396e-03,1.885335514921757105e-02,1.758379551405884512e-03,1.000000000000000000e+00
8.121999999999999886e+01,-8.278765779857719664e-01,2.350060337647564002e-01,3.237004585494015263e+00,3.129690795179156382e-01,5.759893393390878163e-02,-4.503435135563923358e-02,-9.469448903042672061e-01,-2.469566998697248893e-04,3.477496461949618726e-06,-1.659744442573966730e-03,2.089163966668871903e-03,1.408547193616912357e-02,-2.896025927095162780e-03,1.000000000000000000e+00
8.126800000000000068e+01,-8.279042059504077011e-01,2.350062173498216611e-01,3.236927127572488683e+00,3.128636143239129086e-01,5.788178051181406408e-02,-4.496526427189074387e-02,-9.469657772728220513e-01,-8.360083462367154687e-04,3.983358850119570843e-06,-1.572148839376682518e-03,4.966893550001015003e-04,1.000912523784720440e-02,-6.896768156877331607e-03,1.000000000000000000e+00
8.131600000000000250e+01,-8.279568914587426276e-01,2.350064145756479428e-01,3.236854367103876751e+00,3.126757959010918464e-01,5.807377670429779426e-02,-4.488917078863166599e-02,-9.470196647709211435e-01,-1.302268633671449603e-03,4.971452622707667275e-06,-1.452948938053769123e-03,-8.091612180090527323e-04,6.184595445181627002e-03,-1.000555067086263128e-02,1.000000000000000000e+00
8.136400000000000432e+01,-8.280301701609601439e-01,2.350068676804709933e-01,3.236793431977346813e+00,3.124241532661460874e-01,5.809450945433276836e-02,-4.480111655996841385e-02,-9.471056099412427098e-01,-1.707000877762329802e-03,1.379635015553295089e-05,-1.066348157915235741e-03,-4.823621554565016463e-03,-3.926279519127742063e-03,-1.225900006227126880e-02,1.000000000000000000e+00
8.141200000000000614e+01,-8.281203655720700274e-01,2.350077832276404877e-01,3.236758248784101788e+00,3.121272661478690091e-01,5.778241341193273567e-02,-4.469380804095775955e-02,-9.472276526528080609e-01,-1.999179963383902400e-03,2.325417064873033668e-05,-4.208900026575860013e-04,-1.038719999254054949e-02,-1.877669142627643242e-02,-1.338403203891071376e-02,1.000000000000000000e+00
8.146000000000000796e+01,-8.282192163336300483e-01,2.350090706768325211e-01,3.236757680642574631e+00,3.118148480381449650e-01,5.708372277801548877e-02,-4.457856466739819334e-02,-9.473783302931022554e-01,-2.067859476994016350e-03,2.901347121334350298e-05,3.379047587733221506e-04,-1.524227246954677241e-02,-3.362287507201647263e-02,-1.288297732665256989e-02,1.000000000000000000e+00
8.150799999999999557e+01,-8.283133672385034618e-01,2.350104683034485442e-01,3.236792312153688123e+00,3.115291422500139906e-01,5.606995215343451439e-02,-4.447899349900999444e-02,-9.475375312523492966e-01,-1.817690490338579046e-03,2.798070639699177007e-05,1.018081519317758175e-03,-1.742946260464578803e-02,-4.362923949695462350e-02,-1.038025537386568810e-02,1.000000000000000000e+00
8.155599999999999739e+01,-8.283862077665444801e-01,2.350115956648902160e-01,3.236852967570145623e+00,3.113195223591230798e-01,5.492867501894770077e-02,-4.442325816542575662e-02,-9.476758780261944626e-01,-1.209756985666941929e-03,1.831396550815424061e-05,1.412850127673055938e-03,-1.553883636272939024e-02,-4.461359669471617884e-02,-5.861113803596199393e-03,1.000000000000000000e+00
8.160399999999999920e+01,-8.284214021577493980e-01,2.350120355682119855e-01,3.236921165676656997e+00,3.112322914642994820e-01,5.393184902811694326e-02,-4.443577496556500028e-02,-9.477611926606299697e-01,-2.906356757267298586e-04,3.041669533898306762e-07,1.347115040854830661e-03,-9.040614708180991915e-03,-3.402449824552905566e-02,1.854342336756396566e-04,1.000000000000000000e+00
8.165200000000000102e+01,-8.284073090593101485e-01,2.350114574102691312e-01,3.236971984361626031e+00,3.112978684306231258e-01,5.338010889614853288e-02,-4.452907201009750904e-02,-9.477665128240737591e-01,7.991195015403090027e-04,-2.290853566693781341e-05,7.288898992795592733e-04,1.460444170868807796e-03,-1.183668004576779800e-02,6.747710969393734201e-03,1.000000000000000000e+00
8.170000000000000284e+01,-8.283416002867138861e-01,2.350098339135854864e-01,3.236980571488095482e+00,3.115175997741485570e-01,5.350880029711902602e-02,-4.469461569351668856e-02,-9.476792625407212123e-01,1.800274398263453611e-03,-3.853064779922725670e-05,-2.816605351057285909e-04,1.246412541626267141e-02,1.538447419889107763e-02,1.233121636473049655e-02,1.000000000000000000e+00
8.174800000000000466e+01,-8.282396349923211165e-01,2.350081357154318595e-01,3.236947188846052814e+00,3.118455783373135781e-01,5.414291315792973264e-02,-4.487246825514850518e-02,-9.475269609984351415e-01,2.317656190240120935e-03,-3.127807596277470677e-05,-9.940459961227691640e-04,1.580842301649631673e-02,2.870321130728807971e-02,1.520339447016380227e-02,1.000000000000000000e+00
8.179600000000000648e+01,-8.281259210621300104e-01,2.350069263014441523e-01,3.236887471187003928e+00,3.122084550598075992e-01,5.494973395044922687e-02,-4.501018377284549121e-02,-9.473544693960532781e-01,2.345133097741183750e-03,-2.003644273984874253e-05,-1.419031365704140433e-03,1.466550496995585456e-02,3.209184903512261183e-02,1.508409305869512322e-02,1.000000000000000000e+00
8.184400000000000830e+01,-8.280211866957164490e-01,2.350062280323915453e-01,3.236812872230646398e+00,3.125404584239387384e-01,5.574669656129650763e-02,-4.509227189361318666e-02,-9.471945178716615343e-01,1.996894533069718501e-03,-1.030298096084754947e-05,-1.643448778549768969e-03,1.172277905189896864e-02,3.023066457324013676e-02,1.255369333227182582e-02,1.000000000000000000e+00
8.189199999999999591e+01,-8.279399129567537319e-01,2.350059237153625247e-01,3.236731217439391184e+00,3.127945986347807628e-01,5.644678955161957362e-02,-4.512137866792891722e-02,-9.470677695927187667e-01,1.410151237631587047e-03,-3.431925823146068174e-06,-1.733571512401915760e-03,8.390618094923080542e-03,2.593393722484663502e-02,8.467617095487409845e-03,1.000000000000000000e+00
8.193999999999999773e+01,-8.278901291766492809e-01,2.350058778385783198e-01,3.236647639690192424e+00,3.129446171986616787e-01,5.701798032852343351e-02,-4.510758899253762555e-02,-9.469846471305221058e-01,7.135651571921116385e-04,7.804952836266780898e-07,-1.737373057944761358e-03,5.350891947130167678e-03,2.084617043279094264e-02,3.671813602807372928e-03,1.000000000000000000e+00
8.198799999999999955e+01,-8.278742727435683957e-01,2.350059795887669833e-01,3.236565366109610320e+00,3.129825802044475247e-01,5.745849468345134298e-02,-4.506292930045081163e-02,-9.469476005989668765e-01,1.191424848103165044e-05,3.002918601750299779e-06,-1.688147256449760384e-03,2.882420179879766585e-03,1.588382807572348912e-02,-1.130565669956101922e-03,1.000000000000000000e+00
8.203600000000000136e+01,-8.278905020562836725e-01,2.350061509979015917e-01,3.236486324297022321e+00,3.129146821415028645e-01,5.778191213894069700e-02,-4.499875776545692735e-02,-9.469534118051508020e-01,-6.191359636180404375e-04,3.889992889304025494e-06,-1.608244933551579133e-03,1.049313184117063244e-03,1.151283992081829181e-02,-5.426998280498061128e-03,1.000000000000000000e+00
8.208400000000000318e+01,-8.279340933586931683e-01,2.350063412879459523e-01,3.236411581429920137e+00,3.127566717875917002e-01,5.800830111093141506e-02,-4.492468898357356022e-02,-9.469952869863194067e-01,-1.132352895585122003e-03,3.925151931586696877e-06,-1.512283757778983993e-03,-1.919665173950228603e-04,7.923748032697826640e-03,-8.896356664118268420e-03,1.000000000000000000e+00
8.213200000000000500e+01,-8.279996046801155751e-01,2.350066453443559744e-01,3.236344325596970162e+00,3.125281561800368202e-01,5.811818199458008982e-02,-4.484315459534818360e-02,-9.470678539588855971e-01,-1.556191561091028628e-03,9.939376212919648842e-06,-1.254542275620372212e-03,-2.934194681090719625e-03,8.482156598419189879e-04,-1.148557040631187527e-02,1.000000000000000000e+00
8.218000000000000682e+01,-8.280838604062733532e-01,2.350073793325923865e-01,3.236297632532902480e+00,3.122461906126843822e-01,5.794969524948424128e-02,-4.474296691183104330e-02,-9.471759161741214461e-01,-1.905100603885273233e-03,1.979459695723261901e-05,-6.962621836900178499e-04,-8.173018344549158945e-03,-1.269180675051083916e-02,-1.310909047354301242e-02,1.000000000000000000e+00
8.222800000000000864e+01,-8.281806503310468193e-01,2.350085441822735988e-01,3.236282942196513801e+00,3.119354569381737052e-01,5.740079652220772544e-02,-4.462853252171990887e-02,-9.473171134041371566e-01,-2.074535993130119556e-03,2.742204925484150049e-05,3.896617405228016296e-05,-1.355938310711331425e-02,-2.812343939438313040e-02,-1.330267751303427885e-02,1.000000000000000000e+00
8.227599999999999625e+01,-8.282785047998670880e-01,2.350099390377461406e-01,3.236304339598018665e+00,3.116336133141285880e-01,5.649403125237047879e-02,-4.451954126766655140e-02,-9.474760819835789105e-01,-1.957828701855942721e-03,2.935418978227241055e-05,7.746773082060995136e-04,-1.699712350115428761e-02,-4.058061246221942447e-02,-1.160999240410096230e-02,1.000000000000000000e+00
8.232399999999999807e+01,-8.283617473398438014e-01,2.350112224909007563e-01,3.236356539787193398e+00,3.113882335911914434e-01,5.537393121622909142e-02,-4.444333342832740980e-02,-9.476264484681702349e-01,-1.489631436201133748e-03,2.317235857923574286e-05,1.304997236310216418e-03,-1.682250557058947646e-02,-4.551494278146454159e-02,-7.852033656419479118e-03,1.000000000000000000e+00
8.237199999999999989e+01,-8.284134338692428212e-01,2.350119790382624307e-01,3.236424502174332307e+00,3.112482663036399422e-01,5.428477935746774813e-02,-4.442680168170807381e-02,-9.477362179137319709e-01,-6.807237033074161519e-04,8.218848867733092093e-06,1.436280783771050080e-03,-1.212326293764488111e-02,-3.961787317917240397e-02,-2.310787934574550038e-03,1.000000000000000000e+00
8.242000000000000171e+01,-8.284195455110640038e-01,2.350118275524648026e-01,3.236485328514003168e+00,3.112519315971161160e-01,5.352396716923651238e-02,-4.448802666374656462e-02,-9.477754140613154910e-01,3.645731729319535140e-04,-1.352126987079193071e-05,1.038111608801498345e-03,-3.040252609227252212e-03,-2.178676489355587526e-02,4.200008517233182366e-03,1.000000000000000000e+00
8.246800000000000352e+01,-8.283734182199411489e-01,2.350105606626138322e-01,3.236512616893518768e+00,3.114137248176023220e-01,5.337386745597806625e-02,-4.462892969942301030e-02,-9.477241058989182010e-01,1.452392785784311149e-03,-3.657800782037781679e-05,9.948280827244056234e-05,8.970477440242739103e-03,5.946073588371398981e-03,1.039707210577119414e-02,1.000000000000000000e+00
8.251600000000000534e+01,-8.282827109398165355e-01,2.350087619632217628e-01,3.236493650967310565e+00,3.117077395416479324e-01,5.385858200795472228e-02,-4.481099356137095008e-02,-9.475914273092453932e-01,2.177969479208664589e-03,-3.516433611055726433e-05,-7.546707291884228964e-04,1.524230405424668693e-02,2.501378470469400178e-02,1.444830355262316686e-02,1.000000000000000000e+00
8.256400000000000716e+01,-8.281708238076777029e-01,2.350073433079896967e-01,3.236442654868378899e+00,3.120656113696991807e-01,5.462666918629577317e-02,-4.496780124900990466e-02,-9.474222279769975996e-01,2.386498977039398523e-03,-2.443154685356450703e-05,-1.280694796131056235e-03,1.544040510301323416e-02,3.159942101784835727e-02,1.546093542356710357e-02,1.000000000000000000e+00
8.261199999999999477e+01,-8.280604783898820598e-01,2.350064548923075092e-01,3.236372779269556688e+00,3.124164659699937840e-01,5.544204502833317838e-02,-4.507204679344835319e-02,-9.472542647208017641e-01,2.169381488298381937e-03,-1.379936576152553499e-05,-1.574646316525031954e-03,1.297886979072371098e-02,3.137410500588756063e-02,1.377947554511587194e-02,1.000000000000000000e+00
8.265999999999999659e+01,-8.279687130293745811e-01,2.350060128673027438e-01,3.236293153578886361e+00,3.127053600263115518e-01,5.618625839255267373e-02,-4.512094361198651371e-02,-9.471127507463014128e-01,1.659734098059693994e-03,-5.777300503995931561e-06,-1.710698299079390673e-03,9.686742313047043071e-03,2.778234628192360542e-02,1.019698737354425566e-02,1.000000000000000000e+00
8.270799999999999841e+01,-8.279060233944379732e-01,2.350058807671834560e-01,3.236209861805725119e+00,3.128980350508831498e-01,5.680940785409566846e-02,-4.512254305956463207e-02,-9.470118620948750898e-01,9.921362102349043713e-04,-5.919249097173088345e-07,-1.743604392438675033e-03,6.482309815095022194e-03,2.286232848797435657e-02,5.585563179580964668e-03,1.000000000000000000e+00
8.275600000000000023e+01,-8.278768949270605138e-01,2.350059357988382169e-01,3.236126795119556032e+00,3.129798228048851771e-01,5.730008665753929392e-02,-4.508854412982103710e-02,-9.469568911911016018e-01,2.817916089063174975e-04,2.325749032088433217e-06,-1.711948743072303804e-03,3.773693031308825597e-03,1.777511575305920286e-02,7.136430824917485913e-04,1.000000000000000000e+00
8.280400000000000205e+01,-8.278809937685229769e-01,2.350060873487483659e-01,3.236046329015257683e+00,3.129519315255667178e-01,5.766718920091885164e-02,-4.503075801212550605e-02,-9.469465743519733802e-01,-3.840611668097614192e-04,3.667973649815534217e-06,-1.641948619661446783e-03,1.692758507619950134e-03,1.313758850664714303e-02,-3.829527966440115540e-03,1.000000000000000000e+00
8.285200000000000387e+01,-8.279145629323907407e-01,2.350062749957656794e-01,3.235969824672669137e+00,3.128269016452388529e-01,5.792902248627843087e-02,-4.495954852940941410e-02,-9.469752884615615374e-01,-9.473843636150855322e-04,3.991180776111078780e-06,-1.550912568649526549e-03,2.289287082889571222e-04,9.231952390060966032e-03,-7.649708236970435317e-03,1.000000000000000000e+00
8.290000000000000568e+01,-8.279719544261375797e-01,2.350064929278909698e-01,3.235898559696880561e+00,3.126238743515968865e-01,5.809798318514143578e-02,-4.488207937422471205e-02,-9.470356574523809412e-01,-1.394501025181910190e-03,6.486081097761756182e-06,-1.396311468345970419e-03,-1.422497883256131643e-03,4.627530024987050114e-03,-1.056810946138530237e-02,1.000000000000000000e+00
8.294800000000000750e+01,-8.280493326142016608e-01,2.350070431567555795e-01,3.235842132642225089e+00,3.123605624948334047e-01,5.805746527996285405e-02,-4.478978194662439072e-02,-9.471293919820843454e-01,-1.783598963304165990e-03,1.598055529902291615e-05,-9.440183531110954039e-04,-5.978652850614366368e-03,-6.898684477844418093e-03,-1.261545448109198213e-02,1.000000000000000000e+00
8.299599999999999511e+01,-8.281422965863758368e-01,2.350080542124400318e-01,3.235813966140565601e+00,3.120573057489535729e-01,5.766183255570839911e-02,-4.467924673254659168e-02,-9.472587375719662139e-01,-2.037012553376699869e-03,2.494989133962792480e-05,-2.595818777331115011e-04,-1.157405825580024028e-02,-2.216597412518667501e-02,-1.343096582212136014e-02,1.000000000000000000e+00
8.304399999999999693e+01,-8.282414257129164792e-01,2.350093934404993978e-01,3.235821325862577869e+00,3.117466917815341909e-01,5.688440304506690859e-02,-4.456510115301903080e-02,-9.474133821161161428e-01,-2.043395185939583542e-03,2.946929581871261637e-05,4.997490534176608811e-04,-1.600453426044214436e-02,-3.636873392333232757e-02,-1.251893866988013949e-02,1.000000000000000000e+00
8.309199999999999875e+01,-8.283324338153412736e-01,2.350107683380593115e-01,3.235862751346031629e+00,3.114731683283236685e-01,5.582332531289189992e-02,-4.447262242359500267e-02,-9.475707929317451761e-01,-1.716390962637212060e-03,2.666201624877548781e-05,1.135464653192077558e-03,-1.740308956041127300e-02,-4.473668089061063474e-02,-9.564469889695790053e-03,1.000000000000000000e+00
8.314000000000000057e+01,-8.283984207699427449e-01,2.350117818202564768e-01,3.235926930880424379e+00,3.112864503014111661e-01,5.468804349885671157e-02,-4.442988614083057813e-02,-9.477003476703637075e-01,-1.033719149135603607e-03,1.506576870032949687e-05,1.443305348696318760e-03,-1.452267807504642808e-02,-4.335535886331128019e-02,-4.653624845792320164e-03,1.000000000000000000e+00
8.318800000000000239e+01,-8.284236787200057739e-01,2.350120236759187520e-01,3.235993655673196301e+00,3.112305374791493051e-01,5.376225900036758071e-02,-4.445939426312357085e-02,-9.477702961738009302e-01,-6.244676869687045744e-05,-4.449513172121751089e-06,1.261873948382354364e-03,-7.063111351066031669e-03,-3.015339907726350896e-02,1.608084139197494319e-03,1.000000000000000000e+00
8.323600000000000421e+01,-8.283981630103742777e-01,2.350112003881831280e-01,3.236037215067848027e+00,3.113307010052923096e-01,5.334361677883771302e-02,-4.457016786615840970e-02,-9.477558511013737252e-01,1.037811797051250550e-03,-2.811106693651261969e-05,5.233512412528705700e-04,4.109418519564610184e-03,-5.738069951123567214e-03,8.107019124465717277e-03,1.000000000000000000e+00
8.328400000000000603e+01,-8.283225960706538382e-01,2.350094553066743586e-01,3.236035461417559933e+00,3.115796028597404566e-01,5.361485626215557049e-02,-4.474508362593812572e-02,-9.476505029603812247e-01,1.957970624988939357e-03,-3.791301654617746769e-05,-4.648303197297045243e-04,1.377110482180400955e-02,1.943677994763549910e-02,1.321740797802094247e-02,1.000000000000000000e+00
8.333200000000000784e+01,-8.282160407421765846e-01,2.350078447867956777e-01,3.235995210153575385e+00,3.119214866525170105e-01,5.430873789830722997e-02,-4.491708520533132382e-02,-9.474903707210089454e-01,2.362578068180285363e-03,-2.890697916333687546e-05,-1.106736903721698478e-03,1.582525581531631434e-02,3.008548959938375442e-02,1.542314000578757366e-02,1.000000000000000000e+00
8.337999999999999545e+01,-8.281026812648701885e-01,2.350067512563593364e-01,3.235931454564881182e+00,3.122828016986439192e-01,5.512493614746708653e-02,-4.504324231425106684e-02,-9.473182144875098576e-01,2.297575394212034595e-03,-1.772639916798477772e-05,-1.481769213996358579e-03,1.411979329422575688e-02,3.201974040809975330e-02,1.471696750469390566e-02,1.000000000000000000e+00
8.342799999999999727e+01,-8.280019985118539649e-01,2.350061496321854126e-01,3.235854781870888264e+00,3.126013060418403322e-01,5.590605629093888668e-02,-4.511327276309398671e-02,-9.471640454279993682e-01,1.885932944791468904e-03,-8.570707965437870233e-06,-1.672228762958658053e-03,1.100446747291346228e-02,2.944159017948112800e-02,1.177395738309919629e-02,1.000000000000000000e+00
8.347599999999999909e+01,-8.279270485794210099e-01,2.350059121135472384e-01,3.235772361265203845e+00,3.128345250255007981e-01,5.657974631383060060e-02,-4.513211567597622681e-02,-9.470461363596507365e-01,1.265042569263987587e-03,-2.316061550245240826e-06,-1.740185283708178907e-03,7.695060224117582226e-03,2.486410413529049207e-02,7.465227597388590479e-03,1.000000000000000000e+00
8.352400000000000091e+01,-8.278845560038264884e-01,2.350059064635621753e-01,3.235688853657154862e+00,3.129604561752833969e-01,5.712219984825229330e-02,-4.511061738585643577e-02,-9.469729876581072237e-01,5.592940284529456223e-04,1.407175483920100714e-06,-1.730120789253435098e-03,4.764528886932868808e-03,1.974392179927365529e-02,2.613564895452485243e-03,1.000000000000000000e+00
8.357200000000000273e+01,-8.278759138901927717e-01,2.350060289413364589e-01,3.235607160278644923e+00,3.129746068219486088e-01,5.753597461604197105e-02,-4.506081441143017924e-02,-9.469456320793754323e-01,-1.326294310900558171e-04,3.291257455938287279e-06,-1.672663672964953959e-03,2.432763602220367870e-03,1.488091974613640726e-02,-2.117025151914932266e-03,1.000000000000000000e+00
8.362000000000000455e+01,-8.278985399319583882e-01,2.350062081200060271e-01,3.235528990812593264e+00,3.128856240256326360e-01,5.783665110366585649e-02,-4.499374489404514565e-02,-9.469599099157332001e-01,-7.414022884890097542e-04,3.959997141096686159e-06,-1.588247317408071494e-03,7.335270076112345447e-04,1.066930615188669065e-02,-6.256391636636080694e-03,1.000000000000000000e+00
8.366800000000000637e+01,-8.279472663534620525e-01,2.350063992613003749e-01,3.235455289611918861e+00,3.127107422668848336e-01,5.804463421504930942e-02,-4.491854651481929500e-02,-9.470085196494969493e-01,-1.226849224331405573e-03,4.140163948335385936e-06,-1.486057658541456222e-03,-4.486525668585178211e-04,7.141406893776470685e-03,-9.524974923428120716e-03,1.000000000000000000e+00
8.371600000000000819e+01,-8.280171256160527848e-01,2.350067801151947966e-01,3.235391240938361612e+00,3.124691112026286022e-01,5.810910919284075632e-02,-4.483365837414036992e-02,-9.470883427905999463e-01,-1.641480581814975821e-03,1.205138135071384532e-05,-1.155704727131984851e-03,-3.939510440071791741e-03,-1.679455846479054222e-03,-1.193432485838860115e-02,1.000000000000000000e+00
8.376399999999999579e+01,-8.281048147197827003e-01,2.350076159419666189e-01,3.235350723912225668e+00,3.121783339607774876e-01,5.786282115151604455e-02,-4.472936158873407064e-02,-9.472042366595104790e-01,-1.961293699851646491e-03,2.177560873283929642e-05,-5.466301281445821742e-04,-9.402272366069507753e-03,-1.603452186146889571e-02,-1.329275663302877108e-02,1.000000000000000000e+00
8.381199999999999761e+01,-8.282030023653357276e-01,2.350088536703278108e-01,3.235343807954901951e+00,3.118658294606799775e-01,5.723024308474231048e-02,-4.461403841707099749e-02,-9.473510390913097989e-01,-2.077156991434463314e-03,2.843751969742825544e-05,2.053010196756682314e-04,-1.453528984097323708e-02,-3.123931424367825879e-02,-1.311134314270171256e-02,1.000000000000000000e+00
8.385999999999999943e+01,-8.282991476001132503e-01,2.350102578439068335e-01,3.235372681523970062e+00,3.115718779533055982e-01,5.626104778614075125e-02,-4.450968801737847230e-02,-9.475107107802276385e-01,-1.887814684089639998e-03,2.877485742364124864e-05,9.145012857256737708e-04,-1.731320755983744089e-02,-4.243074349935126166e-02,-1.097337219018344745e-02,1.000000000000000000e+00
8.390800000000000125e+01,-8.283769921381261003e-01,2.350114639308202302e-01,3.235429911406713099e+00,3.113452398629568685e-01,5.512405570261529053e-02,-4.444426602149369188e-02,-9.476550993454233573e-01,-1.341871019951286622e-03,2.066965268933882956e-05,1.373701446467137091e-03,-1.620569606001001292e-02,-4.524323788802248059e-02,-6.787314433208507282e-03,1.000000000000000000e+00
8.395600000000000307e+01,-8.284198401242336418e-01,2.350120530322924173e-01,3.235498509976882264e+00,3.112336584341037216e-01,5.407984640857256553e-02,-4.444346153675831496e-02,-9.477519500358625448e-01,-4.696103937695107300e-04,3.971222884335135137e-06,1.398465213259313415e-03,-1.050597672009044754e-02,-3.676740538659954011e-02,-9.485790262187376431e-04,1.000000000000000000e+00
8.400400000000000489e+01,-8.284148980334807844e-01,2.350116690406116038e-01,3.235554366672467541e+00,3.112713072081578214e-01,5.342900670001887731e-02,-4.452242501493151178e-02,-9.477727935654008951e-01,6.044008194357857735e-04,-1.869705151714967780e-05,8.786872050192584722e-04,-6.090269163687303880e-04,-1.648335172441590252e-02,5.617868004470750846e-03,1.000000000000000000e+00
8.405200000000000671e+01,-8.283577313877370507e-01,2.350101856674947920e-01,3.235571497291216403e+00,3.114657974183195899e-01,5.343424606278083383e-02,-4.467798893457785442e-02,-9.477012797770368868e-01,1.654626620024340000e-03,-3.832360092556695558e-05,-1.181872604347143472e-04,1.109421145870085820e-02,1.150860424960809501e-02,1.151777361911788915e-02,1.000000000000000000e+00
8.410000000000000853e+01,-8.282603102046709465e-01,2.350084293149322101e-01,3.235544285255226526e+00,3.117800436006786802e-01,5.400849609879487118e-02,-4.485890770598452426e-02,-9.475568400686738002e-01,2.265226188592511358e-03,-3.313425949310435704e-05,-8.919616200581033123e-04,1.565142374311743328e-02,2.725754168127916474e-02,1.492685377908864811e-02,1.000000000000000000e+00
8.414799999999999613e+01,-8.281469732462022337e-01,2.350071243151361233e-01,3.235488268700021042e+00,3.121420841872079577e-01,5.480187491400666938e-02,-4.500556702978766865e-02,-9.473851237598687192e-01,2.371879681090325979e-03,-2.199829972164522659e-05,-1.360669235318060074e-03,1.505470130366380610e-02,3.198644043229235262e-02,1.530553111191552094e-02,1.000000000000000000e+00
8.419599999999999795e+01,-8.280393975395371475e-01,2.350063424081494656e-01,3.235415645526257045e+00,3.124836028071927840e-01,5.560908864046559125e-02,-4.509758293504619042e-02,-9.472211121225229125e-01,2.079778365684591991e-03,-1.182382706921480843e-05,-1.615013584443566021e-03,1.229813845437148327e-02,3.080163853128906060e-02,1.313936769032371735e-02,1.000000000000000000e+00
8.424399999999999977e+01,-8.279532226120224214e-01,2.350059787574992065e-01,3.235334810048856369e+00,3.127539762700072834e-01,5.632982549828015328e-02,-4.513538673050394162e-02,-9.470874816780757710e-01,1.524983037340517768e-03,-4.433594140765552316e-06,-1.724798642452263523e-03,8.969115073023430779e-03,2.678680675819637702e-02,9.261902779505681166e-03,1.000000000000000000e+00
8.429200000000000159e+01,-8.278975716899625859e-01,2.350058963992915362e-01,3.235251307535349508e+00,3.129233886224230821e-01,5.692453223024505904e-02,-4.512826794386610302e-02,-9.469962987867547310e-01,8.391650625569829292e-04,2.058528189416244635e-07,-1.740986470567778459e-03,5.849035363737561596e-03,2.175449510359471483e-02,4.533823009408886190e-03,1.000000000000000000e+00
8.434000000000000341e+01,-8.278757772830427353e-01,2.350059788666480354e-01,3.235168651610941026e+00,3.129809596879319367e-01,5.738741567246383180e-02,-4.508816325448631451e-02,-9.469512452759083487e-01,1.319226852867438026e-04,2.729030750666978300e-06,-1.699180970952626248e-03,3.270897588900006491e-03,1.672546661059729628e-02,-3.112014725079746322e-04,1.000000000000000000e+00
8.438800000000000523e+01,-8.278866472418469069e-01,2.350061425594885123e-01,3.235088962341531982e+00,3.129307351681971938e-01,5.773013585557532079e-02,-4.502665882235898365e-02,-9.469499386960661402e-01,-5.158712947965138004e-04,3.811419371104533726e-06,-1.623409630922533538e-03,1.327006790471159164e-03,1.222991411178277199e-02,-4.726009362561570809e-03,1.000000000000000000e+00
8.443600000000000705e+01,-8.279258658679832239e-01,2.350063325053062258e-01,3.235013432830526448e+00,3.127871093350636511e-01,5.797207864950575107e-02,-4.495371336318902677e-02,-9.469860748636860226e-01,-1.052192890580159286e-03,3.969724683201286522e-06,-1.529450569585645917e-03,-1.263390127982252865e-05,8.497280871124838347e-03,-8.357000526196730131e-03,1.000000000000000000e+00
8.448399999999999466e+01,-8.279877970853853908e-01,2.350065898693967648e-01,3.234944144071900229e+00,3.125696869888290319e-01,5.811178820554625812e-02,-4.487428605491759759e-02,-9.470530657245773698e-01,-1.484988246092928390e-03,8.318677382018390760e-06,-1.323806133005195904e-03,-2.200994759954240983e-03,2.682056989826797286e-03,-1.109268338350854165e-02,1.000000000000000000e+00
8.453199999999999648e+01,-8.280690814448953274e-01,2.350072412107170328e-01,3.234892863187631473e+00,3.122956173953745362e-01,5.800307736010319737e-02,-4.477760157486006254e-02,-9.471547163846054662e-01,-1.853940781584673819e-03,1.812262240922732438e-05,-8.109376956314586502e-04,-7.178506856270979765e-03,-1.004011669050651132e-02,-1.291532323465392935e-02,1.000000000000000000e+00
8.457999999999999829e+01,-8.281643735012151897e-01,2.350083408750454905e-01,3.234872038678385575e+00,3.119875017204163936e-01,5.752294012196200457e-02,-4.466456719781188023e-02,-9.472908669289542560e-01,-2.063234524213584595e-03,2.642377144995944972e-05,-9.523482131698653825e-05,-1.269986239733469913e-02,-2.549155168446884043e-02,-1.339756399579449669e-02,1.000000000000000000e+00
8.462800000000000011e+01,-8.282631088507597106e-01,2.350097175495879098e-01,3.234887227695999901e+00,3.116807650397646623e-01,5.667179836014137745e-02,-4.455274102253951873e-02,-9.474483950285799150e-01,-2.003255976278672280e-03,2.956901119235778850e-05,6.550556440910451292e-04,-1.661736059975994079e-02,-3.882309595419281695e-02,-1.206001750828497240e-02,1.000000000000000000e+00
8.467600000000000193e+01,-8.283501825456774936e-01,2.350110505331356736e-01,3.234934877009799870e+00,3.114217324896482730e-01,5.557370126959247647e-02,-4.446868922299269250e-02,-9.476025558952084760e-01,-1.598505476850763368e-03,2.492042044222991578e-05,1.236597921249402154e-03,-1.716983055251459361e-02,-4.536917738672224809e-02,-8.658835276591407906e-03,1.000000000000000000e+00
8.472400000000000375e+01,-8.284085903025321107e-01,2.350119304959773225e-01,3.235001591632814311e+00,3.112599285651000969e-01,5.445811002344105867e-02,-4.443999725029963710e-02,-9.477218250978054481e-01,-8.445085610922388594e-04,1.144041182764314492e-05,1.449998159008607365e-03,-1.328844470611323207e-02,-4.152990234878935899e-02,-3.386271693520685484e-03,1.000000000000000000e+00
8.477200000000000557e+01,-8.284234668203165342e-01,2.350119604849037480e-01,3.235065604418394969e+00,3.112364280927003568e-01,5.361752379936416540e-02,-4.448687768768867790e-02,-9.477752711921326734e-01,1.710906579231020021e-04,-9.394194869059594387e-06,1.149964808718796205e-03,-4.912512363265408161e-03,-2.575280407702327731e-02,3.036580940870567315e-03,1.000000000000000000e+00
8.482000000000000739e+01,-8.283865509533691052e-01,2.350108904055045467e-01,3.235100687301762257e+00,3.113707975700129027e-01,5.334298094801075835e-02,-4.461458261846454332e-02,-9.477406247607905732e-01,1.270757064424497818e-03,-3.320357240988315828e-05,2.946150035946207193e-04,6.831468161760416088e-03,7.058960325151669019e-04,9.402067407149865969e-03,1.000000000000000000e+00
8.486799999999999500e+01,-8.283021561810182121e-01,2.350090878017164209e-01,3.235089104670345606e+00,3.116459188924903811e-01,5.374057189905456083e-02,-4.479510027125845062e-02,-9.476192121107004374e-01,2.089660866617265491e-03,-3.661318259690204556e-05,-6.310204015675678667e-04,1.471411276360288893e-02,2.277923823804061526e-02,1.395590712608772016e-02,1.000000000000000000e+00
8.491599999999999682e+01,-8.281921980073460032e-01,2.350075787081425394e-01,3.235042674390311568e+00,3.119980583528709772e-01,5.448046536836718273e-02,-4.495934183948877005e-02,-9.474532959775080476e-01,2.384542806130745402e-03,-2.645915542183138215e-05,-1.207106467707505211e-03,1.567204405271321876e-02,3.106802248168210462e-02,1.549895258831598781e-02,1.000000000000000000e+00
8.496399999999999864e+01,-8.280801448947661125e-01,2.350065992446034036e-01,3.234975372062668164e+00,3.123547560772487741e-01,5.529881243441466671e-02,-4.507350241534255342e-02,-9.472829181819333311e-01,2.233070572272510389e-03,-1.551850857787933353e-05,-1.535899422745087275e-03,1.351034883092513787e-02,3.173853388150057325e-02,1.423989574170564723e-02,1.000000000000000000e+00
8.501200000000000045e+01,-8.279841536607578378e-01,2.350060880915532668e-01,3.234896962323550618e+00,3.126576755182875478e-01,5.606072487686530881e-02,-4.513172701704867146e-02,-9.471354181331409494e-01,1.764677114735338937e-03,-6.976169151832488355e-06,-1.695210456087038308e-03,1.027765635752780557e-02,2.855807180993221242e-02,1.092685688949492605e-02,1.000000000000000000e+00
8.506000000000000227e+01,-8.279158609735272067e-01,2.350059111491969999e-01,3.234813998888113495e+00,3.128688817727530158e-01,5.670686567182332133e-02,-4.514082710946389077e-02,-9.470267683290785055e-01,1.115663551653600649e-03,-1.318597550244689152e-06,-1.743020678050453964e-03,7.017205559918359391e-03,2.376680525929409510e-02,6.435500435384792703e-03,1.000000000000000000e+00
8.510800000000000409e+01,-8.278807343194228840e-01,2.350059408942461181e-01,3.234730704308446558e+00,3.129704850515617753e-01,5.722065146578327044e-02,-4.511219648652022018e-02,-9.469636541391558415e-01,4.055534764399060395e-04,1.948476746294359397e-06,-1.720488037406690427e-03,4.206052240078260278e-03,1.865139389777254603e-02,1.560371760747006255e-03,1.000000000000000000e+00
8.515600000000000591e+01,-8.278791870320475477e-01,2.350060807904753302e-01,3.234649679425666502e+00,3.129612253815829415e-01,5.760836505883877579e-02,-4.505778158369518754e-02,-9.469457978161480716e-01,-2.732394082955154433e-04,3.523356314947188812e-06,-1.655739945621817651e-03,2.012667694937096251e-03,1.390638833434403032e-02,-3.075303839471243104e-03,1.000000000000000000e+00
8.520400000000000773e+01,-8.279079621178847548e-01,2.350062656046798537e-01,3.234572434264609608e+00,3.128519854341262896e-01,5.788722572672341110e-02,-4.498826043023657073e-02,-9.469681941496503885e-01,-8.576612935471319282e-04,3.994170676517588537e-06,-1.567429916807882174e-03,4.447395681624471422e-04,9.861428571344353980e-03,-7.043481019295028123e-03,1.000000000000000000e+00
8.525199999999999534e+01,-8.279615598922661635e-01,2.350064657859746164e-01,3.234499961936960766e+00,3.126612018856972930e-01,5.807530160421985749e-02,-4.491194037304573755e-02,-9.470233100567791995e-01,-1.320007398167088487e-03,5.231805935763384704e-06,-1.442780528525880023e-03,-9.101644457971538394e-04,5.924752187176427279e-03,-1.011632308596006717e-02,1.000000000000000000e+00
8.529999999999999716e+01,-8.280356397028194593e-01,2.350069373971898079e-01,3.234439866166024302e+00,3.124072441026086167e-01,5.808506068147846479e-02,-4.482310031203315392e-02,-9.471107270199509154e-01,-1.722255500297427844e-03,1.422767856886596110e-05,-1.043231835384104272e-03,-5.038342717106538554e-03,-4.474749846717109708e-03,-1.233272146473286812e-02,1.000000000000000000e+00
8.534799999999999898e+01,-8.281264095458739094e-01,2.350078724914071437e-01,3.234406027825460495e+00,3.121089774722535237e-01,5.775720993444639212e-02,-4.471511903349101313e-02,-9.472342102202780945e-01,-2.007632270970099737e-03,2.361535795744680219e-05,-3.896475589684768835e-04,-1.061774802908766087e-02,-1.942605581015801122e-02,-1.340143805203839605e-02,1.000000000000000000e+00
8.539600000000000080e+01,-8.282253860159234371e-01,2.350091720811240403e-01,3.234407017680692498e+00,3.117966653471387350e-01,5.704311181884114818e-02,-4.459997708363336311e-02,-9.473857529626288354e-01,-2.064907125727273585e-03,2.915429774707091454e-05,3.701600447423303037e-04,-1.540054765965567611e-02,-3.417169692624116850e-02,-1.282387208212417383e-02,1.000000000000000000e+00
8.544400000000000261e+01,-8.283190257845514104e-01,2.350105681535010482e-01,3.234443037008073230e+00,3.115130037998392609e-01,5.601939642018212429e-02,-4.450163249385936243e-02,-9.475447643218243288e-01,-1.800256564882977061e-03,2.778853804025019990e-05,1.042829052957191908e-03,-1.744366040633524295e-02,-4.388477112216282450e-02,-1.023498691312920914e-02,1.000000000000000000e+00
8.549200000000000443e+01,-8.283906447572078058e-01,2.350116764523554891e-01,3.234504500093880797e+00,3.113074875911096551e-01,5.487795220787523159e-02,-4.444826795818011128e-02,-9.476815973768293322e-01,-1.177805698946986744e-03,1.774377712645260494e-05,1.421832282435958345e-03,-1.536668239733080324e-02,-4.442958062286777449e-02,-5.638649576650835507e-03,1.000000000000000000e+00
8.554000000000000625e+01,-8.284240047190881695e-01,2.350120802974002832e-01,3.234572582443805633e+00,3.112260496248367980e-01,5.389323054880525848e-02,-4.446396977566888925e-02,-9.477641168179559150e-01,-2.480069262839703671e-04,-5.809152200880549658e-07,1.334450516992274557e-03,-8.682494128315104004e-03,-3.334219788319975342e-02,4.539503758658054418e-04,1.000000000000000000e+00
8.558800000000000807e+01,-8.284077481760744321e-01,2.350114553718007093e-01,3.234622187369392776e+00,3.112981937284931000e-01,5.336562750801873700e-02,-4.456062407197002723e-02,-9.477657385474371754e-01,8.448631496352570439e-04,-2.392116579018453923e-05,6.931171288878123539e-04,1.954502695177294525e-03,-1.071578619864074072e-02,7.011069830198445561e-03,1.000000000000000000e+00
8.563599999999999568e+01,-8.283400847342353712e-01,2.350098026732832801e-01,3.234628853079164923e+00,3.115237104247094990e-01,5.352223078833163311e-02,-4.472823496676213428e-02,-9.476749092655244455e-01,1.832654688639244987e-03,-3.851855281014649488e-05,-3.166535786438376171e-04,1.274367242093193964e-02,1.621145237567012121e-02,1.251335932272681917e-02,1.000000000000000000e+00
8.568399999999999750e+01,-8.282371270206725367e-01,2.350081179385547225e-01,3.234594157911212520e+00,3.118547098038396137e-01,5.416890689804391285e-02,-4.490517724446350251e-02,-9.475209203786884027e-01,2.328685420837768756e-03,-3.087194226705041974e-05,-1.015575760458958940e-03,1.582907207491837664e-02,2.900443102557135819e-02,1.526058284877553420e-02,1.000000000000000000e+00
8.573199999999999932e+01,-8.281233686440760966e-01,2.350069292035405211e-01,3.234533670484372347e+00,3.122176604341498352e-01,5.497828380926887692e-02,-4.504076931217708413e-02,-9.473483255498896805e-01,2.338241101784610271e-03,-1.961404386118738267e-05,-1.430944493573887673e-03,1.457074967917661515e-02,3.210360335328777542e-02,1.502796973789510999e-02,1.000000000000000000e+00
8.578000000000000114e+01,-8.280193150481656161e-01,2.350062489297131685e-01,3.234458681521889645e+00,3.125474013802185258e-01,5.577271996560224931e-02,-4.512056886533793304e-02,-9.471893474186552364e-01,1.977404514741119834e-03,-9.975508823913523300e-06,-1.648769124541501043e-03,1.159021982920640723e-02,3.009712410030209589e-02,1.241570167986578294e-02,1.000000000000000000e+00
8.582800000000000296e+01,-8.279391821257789941e-01,2.350059574356390124e-01,3.234376891784205732e+00,3.127977763113218845e-01,5.646809026590979275e-02,-4.514769399891353091e-02,-9.470641961572576761e-01,1.383567728723782099e-03,-3.214313406957466994e-06,-1.734549813361763951e-03,8.259615370246796429e-03,2.574090335900093562e-02,8.283331590515582293e-03,1.000000000000000000e+00
8.587600000000000477e+01,-8.278907513735739299e-01,2.350059195625613662e-01,3.234293343672132170e+00,3.129433325285724821e-01,5.703399404967954972e-02,-4.513239536064955065e-02,-9.469829254203379065e-01,6.846708709147442552e-04,9.082502748248973142e-07,-1.735606678409164997e-03,5.239232819212956936e-03,2.064287462786160848e-02,3.473094128454041595e-03,1.000000000000000000e+00
8.592400000000000659e+01,-8.278762586370037591e-01,2.350060256989757734e-01,3.234211201358167198e+00,3.129767993706701334e-01,5.746952591931701187e-02,-4.508671255752690066e-02,-9.469477097480376582e-01,-1.561663333456076092e-05,3.067366146649551735e-06,-1.684728451181083950e-03,2.796120919975172026e-03,1.569671557177917953e-02,-1.318921172308126777e-03,1.000000000000000000e+00
8.597200000000000841e+01,-8.278937168385703815e-01,2.350061990497001596e-01,3.234132350059693017e+00,3.129048528983556787e-01,5.778867529350700111e-02,-4.502194832034795563e-02,-9.469551447718728143e-01,-6.428119766060207390e-04,3.912908055428888723e-06,-1.603898899872520985e-03,9.882669329607718031e-04,1.135428258161799708e-02,-5.588071777379752594e-03,1.000000000000000000e+00
8.601999999999999602e+01,-8.279383113711268338e-01,2.350063896956905429e-01,3.234057829153381025e+00,3.127435439613565626e-01,5.801164989131252919e-02,-4.494763708823516085e-02,-9.469983284608067819e-01,-1.150763858577619116e-03,3.921203020061017908e-06,-1.507481137244582204e-03,-2.307868217074846842e-04,7.797598234991221997e-03,-9.020562059477826508e-03,1.000000000000000000e+00
8.606799999999999784e+01,-8.280046679720496350e-01,2.350067070410468140e-01,3.233991147990342263e+00,3.125124382012957058e-01,5.811384747521522454e-02,-4.486552646083823842e-02,-9.470722471049926039e-01,-1.573006283082196196e-03,1.034201181106579583e-05,-1.236331288036848514e-03,-3.115016231492265860e-03,3.964454938750972207e-04,-1.157704691136826787e-02,1.000000000000000000e+00
8.611599999999999966e+01,-8.280896205255143805e-01,2.350074611718738493e-01,3.233945614516954059e+00,3.122286310277574417e-01,5.793103574044591170e-02,-4.476452330524637035e-02,-9.471818275905768969e-01,-1.916985320537069283e-03,2.019914146701539317e-05,-6.678330787435496048e-04,-8.406367190734112191e-03,-1.331873920041216561e-02,-1.315304288219489547e-02,1.000000000000000000e+00
8.616400000000000148e+01,-8.281867495254381373e-01,2.350086417794988169e-01,3.233932422844885579e+00,3.119173118540134459e-01,5.736612209291635373e-02,-4.464981995006700455e-02,-9.473241853664523537e-01,-2.076819490672599054e-03,2.766368032155479728e-05,7.143763745056992307e-05,-1.375434617053607547e-02,-2.873053477532894889e-02,-1.327788334318479035e-02,1.000000000000000000e+00
8.621200000000000330e+01,-8.282843752562421002e-01,2.350100410959846398e-01,3.233955309130248867e+00,3.116166575491919888e-01,5.644678264433156817e-02,-4.454157489315360707e-02,-9.474834392077838841e-01,-1.946657734313893403e-03,2.930469720069486431e-05,8.031528457411074746e-04,-1.707494080661282193e-02,-4.096993780440687932e-02,-1.150155312886277752e-02,1.000000000000000000e+00
8.626000000000000512e+01,-8.283666947951435766e-01,2.350113127707011140e-01,3.234008583288275229e+00,3.113745164680783994e-01,5.532224959116658486e-02,-4.446728110865312555e-02,-9.476328509002029943e-01,-1.463627958051782335e-03,2.275540824448880038e-05,1.320961655710936990e-03,-1.672800117436451517e-02,-4.551842151873938119e-02,-7.660795982590949335e-03,1.000000000000000000e+00
8.630800000000000693e+01,-8.284167888907844057e-01,2.350120398664803656e-01,3.234076826288907025e+00,3.112396771209357538e-01,5.424011486573978441e-02,-4.445364139243559304e-02,-9.477403373772583794e-01,-6.421240732746307141e-04,7.450225740566639666e-06,1.432711613362803831e-03,-1.183870610607345129e-02,-3.913829582384509981e-02,-2.058786435927211812e-03,1.000000000000000000e+00
8.635600000000000875e+01,-8.284208477865795395e-01,2.350118451282013632e-01,3.234136888831457224e+00,3.112496658614920531e-01,5.349869881676139888e-02,-4.451821435122115672e-02,-9.477761673079788673e-01,4.096575438372421240e-04,-1.450396468336014429e-05,1.011603821234067103e-03,-2.595362515061238814e-03,-2.083399975673827509e-02,4.469301433984459657e-03,1.000000000000000000e+00
8.640399999999999636e+01,-8.283725989713258686e-01,2.350105335517307936e-01,3.234162378046196995e+00,3.114177559102366266e-01,5.337763459290725820e-02,-4.466206027002516538e-02,-9.477210084204817919e-01,1.492648448830029848e-03,-3.708760367394243736e-05,5.847859408404801958e-05,9.406535959947783312e-03,7.052560852862399879e-03,1.062007597278412548e-02,1.000000000000000000e+00
8.645199999999999818e+01,-8.282805087198507055e-01,2.350087382044975803e-01,3.234141859295818655e+00,3.117159436726065214e-01,5.388053849412739738e-02,-4.484418274720490538e-02,-9.475859102506819509e-01,2.197010117376237311e-03,-3.484474742623893632e-05,-7.805453228991068686e-04,1.534112303503782498e-02,2.547963678245190530e-02,1.455443430037151389e-02,1.000000000000000000e+00
8.650000000000000000e+01,-8.281682252365485386e-01,2.350073389172044336e-01,3.234089917049904894e+00,3.120750044751376406e-01,5.465430799985098592e-02,-4.499920527936024373e-02,-9.474160489051923761e-01,2.386216909840312064e-03,-2.400150632334099074e-05,-1.295751909596404641e-03,1.538030856260768318e-02,3.170306009778728340e-02,1.544739090063912759e-02,1.000000000000000000e+00
8.654800000000000182e+01,-8.280582937214213679e-01,2.350064697635481925e-01,3.234019526242330578e+00,3.124244631148936358e-01,5.546876852527930085e-02,-4.510118586983932754e-02,-9.472486756912320560e-01,2.154525431326360062e-03,-1.343583306010829510e-05,-1.582160848470524732e-03,1.285734164965666657e-02,3.128768551200770964e-02,1.367188735198144982e-02,1.000000000000000000e+00
8.659600000000000364e+01,-8.279674994274133226e-01,2.350060423915129593e-01,3.233939679565714265e+00,3.127101481414544804e-01,5.620897377412042289e-02,-4.514798345846371408e-02,-9.471085334354470975e-01,1.635782428468721562e-03,-5.522239359131726738e-06,-1.713163778051493428e-03,9.554711569238254210e-03,2.760943507096032951e-02,1.002996168498887335e-02,1.000000000000000000e+00
8.664400000000000546e+01,-8.279060830410734928e-01,2.350059199024988055e-01,3.233856359846777995e+00,3.128986227671300968e-01,5.682703676212946114e-02,-4.514790738331897479e-02,-9.470094013377982067e-01,9.641372400988381655e-04,-4.346332211664296451e-07,-1.742821877153108694e-03,6.364118677589936622e-03,2.266338492791787965e-02,5.392440810183098641e-03,1.000000000000000000e+00
8.669200000000000728e+01,-8.278783119176844618e-01,2.350059805010936143e-01,3.233773386749428713e+00,3.129759339495046255e-01,5.731265450872112532e-02,-4.511271593162108351e-02,-9.469562647043794357e-01,2.538113805033230769e-04,2.410801024705549828e-06,-1.709166975869747017e-03,3.678967620140379587e-03,1.758367363108828338e-02,5.217604052310848180e-04,1.000000000000000000e+00
8.673999999999999488e+01,-8.278836869626432504e-01,2.350061347928497912e-01,3.233693087030987456e+00,3.129438358662151032e-01,5.767527458463306972e-02,-4.505418583394343174e-02,-9.469476430266701161e-01,-4.091144776366396852e-04,3.704625690027649574e-06,-1.638005912740799928e-03,1.623298695666803475e-03,1.297047252616349670e-02,-4.000456200255674347e-03,1.000000000000000000e+00
8.678799999999999670e+01,-8.279183410369387319e-01,2.350063233310976940e-01,3.233616789587896889e+00,3.128152345946893509e-01,5.793342931407993029e-02,-4.498260856210663933e-02,-9.469777778281427416e-01,-9.677171795589584050e-04,3.996523076974986634e-06,-1.546357646026140726e-03,1.826400879785198411e-04,9.095766795757746076e-03,-7.787484288514171654e-03,1.000000000000000000e+00
8.683599999999999852e+01,-8.279766111747931534e-01,2.350065477416407034e-01,3.233545886780748280e+00,3.126093966554105985e-01,5.809746490868305385e-02,-4.490479717653972358e-02,-9.470393914111795430e-01,-1.412064632803401460e-03,6.820872486734412852e-06,-1.383159917388359630e-03,-1.557908192858840002e-03,4.290299824259611976e-03,-1.067259774614709097e-02,1.000000000000000000e+00
8.688400000000000034e+01,-8.280547621950540282e-01,2.350071172568990452e-01,3.233490411306645385e+00,3.123439123284116881e-01,5.804468079562677407e-02,-4.481166534546522640e-02,-9.471346314604276451e-01,-1.797856090710265274e-03,1.640005516636301979e-05,-9.191568276766298902e-04,-6.200692655277564684e-03,-7.474719184703651140e-03,-1.268010322790259770e-02,1.000000000000000000e+00
8.693200000000000216e+01,-8.281482273599659605e-01,2.350081463237622681e-01,3.233463632794991494e+00,3.120395198495964362e-01,5.763328280320074992e-02,-4.470059075156329609e-02,-9.472653271136971531e-01,-2.043505511724517942e-03,2.526419518910552728e-05,-2.282116519661935982e-04,-1.179037376544542388e-02,-2.279515645901760909e-02,-1.343540679623871081e-02,1.000000000000000000e+00
8.698000000000000398e+01,-8.282473688248406241e-01,2.350094947899157849e-01,3.233472508838877602e+00,3.117293481416308354e-01,5.684160842682577791e-02,-4.458677078677350525e-02,-9.474206378000489259e-01,-2.037814810897295263e-03,2.953988372382734473e-05,5.302795130907814874e-04,-1.613225339225737506e-02,-3.685445924888980374e-02,-1.244484823461826026e-02,1.000000000000000000e+00
8.702800000000000580e+01,-8.283377358049625050e-01,2.350108644538212166e-01,3.233515192653150905e+00,3.114582316083840396e-01,5.577268963859183248e-02,-4.449575167362906924e-02,-9.475775984777461414e-01,-1.696298655186334820e-03,2.639048393228046505e-05,1.156739226376020521e-03,-1.737761749481038856e-02,-4.489788605772553759e-02,-9.406012066113812395e-03,1.000000000000000000e+00
8.707600000000000762e+01,-8.284023909065563185e-01,2.350118552899494728e-01,3.233579978682963318e+00,3.112759043281530524e-01,5.463986201447618152e-02,-4.445554938666528705e-02,-9.477053872340597263e-01,-9.999055983095784649e-04,1.442873722145761870e-05,1.447605435734972221e-03,-1.431128301108274513e-02,-4.306546066869530037e-02,-4.424396944284814115e-03,1.000000000000000000e+00
8.712399999999999523e+01,-8.284257635987853918e-01,2.350120587765079649e-01,3.233646351999824198e+00,3.112258828566989433e-01,5.372872010009688976e-02,-4.448826840261628501e-02,-9.477723716436403656e-01,-1.954598358129018944e-05,-5.363056714709950670e-06,1.244278784148933640e-03,-6.676929106282672617e-03,-2.937935996068257588e-02,1.872771381145720525e-03,1.000000000000000000e+00
8.717199999999999704e+01,-8.283981251361943743e-01,2.350111888225935586e-01,3.233688481455463393e+00,3.113324295390753615e-01,5.333598312113868589e-02,-4.460224668592384367e-02,-9.477542037956714349e-01,1.081710091501539035e-03,-2.909369089919907893e-05,4.836338139392501695e-04,4.610564834964339144e-03,-4.566660273132881059e-03,8.353571522997359569e-03,1.000000000000000000e+00
8.721999999999999886e+01,-8.283208179912388003e-01,2.350094259039958722e-01,3.233684882335847277e+00,3.115864856016287154e-01,5.363233170406150885e-02,-4.477853964523560715e-02,-9.476456707934945989e-01,1.984822781160233522e-03,-3.775517462757459430e-05,-4.964031240244162497e-04,1.397691190774727477e-02,2.011994007543845692e-02,1.336781487658618948e-02,1.000000000000000000e+00
8.726800000000000068e+01,-8.282135209915922891e-01,2.350078317897022206e-01,3.233643458085709632e+00,3.119306189053425160e-01,5.433598249801289276e-02,-4.494924376810524591e-02,-9.474842771676907915e-01,2.368782142559247225e-03,-2.848289965928620587e-05,-1.125758524603236643e-03,1.581136760597142907e-02,3.030520715950825450e-02,1.545000867144818817e-02,1.000000000000000000e+00
8.731600000000000250e+01,-8.281003161910245325e-01,2.350067586662271113e-01,3.233579033487592458e+00,3.122913690018676025e-01,5.515326014927772469e-02,-4.507319086208735198e-02,-9.473123171411611532e-01,2.287154806327122269e-03,-1.732306919788993111e-05,-1.491902591396512736e-03,1.401212128076150150e-02,3.198856218207242474e-02,1.463797264017057884e-02,1.000000000000000000e+00
8.736400000000000432e+01,-8.280004465923608281e-01,2.350061738439338521e-01,3.233502041096896651e+00,3.126071796532634006e-01,5.593116148095275686e-02,-4.514098882264423740e-02,-9.471593042000584495e-01,1.864330625897259999e-03,-8.270274570736915395e-06,-1.676325510028563214e-03,1.087030322917318867e-02,2.928845052834510090e-02,1.162220089529359193e-02,1.000000000000000000e+00
8.741200000000000614e+01,-8.279267048125992234e-01,2.350059479154199826e-01,3.233419533232136267e+00,3.128364131110154545e-01,5.659988949270441244e-02,-4.515796277921497320e-02,-9.470430769182993647e-01,1.237622804938403979e-03,-2.122056810303138064e-06,-1.740343808247990119e-03,7.567854409886273087e-03,2.466517891653145084e-02,7.275673851450530603e-03,1.000000000000000000e+00
8.746000000000000796e+01,-8.278855778723491765e-01,2.350059493016967149e-01,3.233336086842049539e+00,3.129578417129549317e-01,5.713706621867286478e-02,-4.513508041584843311e-02,-9.469717891733351323e-01,5.305779683501768039e-04,1.517784285067672594e-06,-1.727817426744598624e-03,4.658778172750414372e-03,1.954238856329671911e-02,2.416429307471176010e-03,1.000000000000000000e+00
8.750799999999999557e+01,-8.278782710626905184e-01,2.350060755002507384e-01,3.233254545182689288e+00,3.129675916966667693e-01,5.754599429128513105e-02,-4.508437022607868910e-02,-9.469462205690112322e-01,-1.592642863875351857e-04,3.344390242075460554e-06,-1.668901122565694117e-03,2.352720161949810318e-03,1.469943629994600182e-02,-2.298917776878169582e-03,1.000000000000000000e+00
8.755599999999999739e+01,-8.279020705933469726e-01,2.350062561916711201e-01,3.233176579137981399e+00,3.128747457195131254e-01,5.784258973504463608e-02,-4.501680614060066948e-02,-9.469620454213535377e-01,-7.637460395916551925e-04,3.975725382251005366e-06,-1.583687827887983500e-03,6.781969169550243308e-04,1.051790713365547900e-02,-6.408033361863013991e-03,1.000000000000000000e+00
8.760399999999999920e+01,-8.279517355629635311e-01,2.350064484718307756e-01,3.233103123572632409e+00,3.126967903226444134e-01,5.804710861332712524e-02,-4.494140755563305611e-02,-9.470118903110287256e-01,-1.244600908940150363e-03,4.299898489547936330e-06,-1.478507737201410592e-03,-5.192338956972544512e-04,6.948814331490832386e-03,-9.640205673648169146e-03,1.000000000000000000e+00
8.765200000000000102e+01,-8.280224099453703523e-01,2.350068461063587744e-01,3.233039800104605455e+00,3.124527443129248017e-01,5.810199905656961844e-02,-4.485580832712910554e-02,-9.470931299171549966e-01,-1.657331017250143756e-03,1.247200380548180538e-05,-1.134737242630772490e-03,-4.140087955874427114e-03,-2.186392557854799357e-03,-1.201513645864352511e-02,1.000000000000000000e+00
8.770000000000000284e+01,-8.281107239696455791e-01,2.350077017678849356e-01,3.233000545718243135e+00,3.121603962515269726e-01,5.784057903872464462e-02,-4.475077122764330867e-02,-9.472104955621463152e-01,-1.971202773460706530e-03,2.215584629910911059e-05,-5.166575565178741121e-04,-9.634049851480135096e-03,-1.667360772191977050e-02,-1.332147806176367522e-02,1.000000000000000000e+00
8.774800000000000466e+01,-8.282091295660712893e-01,2.350089532257682856e-01,3.232995159468580404e+00,3.118476985977018945e-01,5.719234447971882629e-02,-4.463538503950097852e-02,-9.473582907298624400e-01,-2.076490867997623276e-03,2.862276439016334648e-05,2.375978390209033540e-04,-1.470946327257979455e-02,-3.181285041832765392e-02,-1.306726180170800916e-02,1.000000000000000000e+00
8.779600000000000648e+01,-8.283048880564529703e-01,2.350103585100531967e-01,3.233025462687013185e+00,3.115554138340942414e-01,5.621206886869314218e-02,-4.453204795249679493e-02,-9.475179809002703957e-01,-1.873156844305371880e-03,2.864613572774403602e-05,9.408366402684816953e-04,-1.735526664933367824e-02,-4.274442131193046529e-02,-1.084450819858230088e-02,1.000000000000000000e+00
8.784400000000000830e+01,-8.283816443822912268e-01,2.350115487859337493e-01,3.233083615421844748e+00,3.113324912530400779e-01,5.507304068329738761e-02,-4.446879184120550166e-02,-9.476611032601557350e-01,-1.312595397919440621e-03,2.016806742963827954e-05,1.385726966270757737e-03,-1.606791458677169285e-02,-4.514175587207396034e-02,-6.579033320195874779e-03,1.000000000000000000e+00
8.789199999999999591e+01,-8.284227681374379815e-01,2.350121047981428846e-01,3.233152272288379869e+00,3.112263974088729235e-01,5.403868049010812635e-02,-4.447103729907952996e-02,-9.477553890157137673e-01,-4.288467315975331854e-04,3.138718374155464495e-06,1.389815881326258041e-03,-1.018087468742614674e-02,-3.617544813681790317e-02,-6.879487017494068145e-04,1.000000000000000000e+00
8.793999999999999773e+01,-8.284157163665905044e-01,2.350116756478766167e-01,3.233207115186727432e+00,3.112704903655287847e-01,5.340984506813194893e-02,-4.455334641221182779e-02,-9.477726887819014623e-01,6.497404539001580158e-04,-1.969525396975538263e-05,8.470567600619911038e-04,-1.376787587064715827e-04,-1.543876543291815284e-02,5.883157275128613438e-03,1.000000000000000000e+00
8.798799999999999955e+01,-8.283565138234709746e-01,2.350101548654384420e-01,3.233222341630349383e+00,3.114709998715034511e-01,5.344403519324372742e-02,-4.471142360211177724e-02,-9.476974411386692720e-01,1.690418425814712005e-03,-3.849863272801105408e-05,-1.560228009293809412e-04,1.144161878684531522e-02,1.246078502346942979e-02,1.171733934192555927e-02,1.000000000000000000e+00
8.803600000000000136e+01,-8.282579359001031039e-01,2.350084082390404561e-01,3.233193703596838997e+00,3.117887503288701567e-01,5.403330805283042965e-02,-4.489182422447389464e-02,-9.475510017445120114e-01,2.279551714178471022e-03,-3.275780500007321788e-05,-9.155074848302962188e-04,1.570450801945382988e-02,2.762945247440522570e-02,1.500401224141696688e-02,1.000000000000000000e+00
8.808400000000000318e+01,-8.281444133924666939e-01,2.350071236568794519e-01,3.233136837389267715e+00,3.121513111239176408e-01,5.483054220662691991e-02,-4.503647827690841765e-02,-9.473789559776801816e-01,2.367572520223566127e-03,-2.156733535404945686e-05,-1.373971782501454564e-03,1.497299768311371147e-02,3.203528635259656615e-02,1.526596834196585276e-02,1.000000000000000000e+00
8.813200000000000500e+01,-8.280374174955423827e-01,2.350063604868552480e-01,3.233063770522442315e+00,3.124908950624054604e-01,5.563584252244334338e-02,-4.512619298365778964e-02,-9.472157727976854291e-01,2.061977454620123659e-03,-1.147768025842211928e-05,-1.621245155441844617e-03,1.216848149508873746e-02,3.068507209420565790e-02,1.301242516716832366e-02,1.000000000000000000e+00
8.818000000000000682e+01,-8.279523249469709079e-01,2.350060105550635658e-01,3.232982765810702208e+00,3.127576952014423650e-01,5.635207672181465760e-02,-4.516194900356879788e-02,-9.470836636240853590e-01,1.499235371083843362e-03,-4.198267992867335520e-06,-1.726343157707016258e-03,8.836130635615479720e-03,2.659906158224551245e-02,9.083090931978586580e-03,1.000000000000000000e+00
8.822800000000000864e+01,-8.278980058604561432e-01,2.350059369424421507e-01,3.232899272311553940e+00,3.129227154962116453e-01,5.694150172566989770e-02,-4.515324124198964034e-02,-9.469943106022576940e-01,8.104064931200574348e-04,3.469806687109432229e-07,-1.739548407838622732e-03,5.733415592980715264e-03,2.155003336154084556e-02,4.335896499289327438e-03,1.000000000000000000e+00
8.827599999999999625e+01,-8.278775826283322203e-01,2.350060243220347678e-01,3.232816736265558877e+00,3.129757661651454415e-01,5.739930025837038097e-02,-4.511203822559490401e-02,-9.469511044031376779e-01,1.040192637299557966e-04,2.802527112909745091e-06,-1.695932687899573714e-03,3.180197188862603566e-03,1.653395371538909572e-02,-5.021985822512323953e-04,1.000000000000000000e+00
8.832399999999999807e+01,-8.278897083744390928e-01,2.350061903030712940e-01,3.232737232136824623e+00,3.129214046296204255e-01,5.773760555228495822e-02,-4.504987821384390939e-02,-9.469514622738758325e-01,-5.402393045256796049e-04,3.840203553332349219e-06,-1.619133120753516808e-03,1.261881375608374985e-03,1.206567544186529402e-02,-4.891894455843529520e-03,1.000000000000000000e+00
8.837199999999999989e+01,-8.279299680820323415e-01,2.350063808299341916e-01,3.232661922995631265e+00,3.127743551037048819e-01,5.797597912896378103e-02,-4.497664169020094277e-02,-9.469889599862137963e-01,-1.071451644815591721e-03,3.969617335145124657e-06,-1.524655064351366877e-03,-5.488146237374060519e-05,8.365317626126850606e-03,-8.487075763222468039e-03,1.000000000000000000e+00
8.842000000000000171e+01,-8.279927505896380602e-01,2.350066479259800278e-01,3.232593097239125246e+00,3.125542642495045542e-01,5.810951512598942076e-02,-4.489677878191856292e-02,-9.470572292138845771e-01,-1.502054149917661247e-03,8.696134439662894488e-06,-1.307928786163773055e-03,-2.361136793035322097e-03,2.282960218522810201e-03,-1.118944317930931596e-02,1.000000000000000000e+00
8.846800000000000352e+01,-8.280747639917734881e-01,2.350073192992251925e-01,3.232542884405124273e+00,3.122782135275021798e-01,5.798735594732565973e-02,-4.479926018879176047e-02,-9.471603930659507897e-01,-1.866886131433439329e-03,1.854039642040250806e-05,-7.839867363082467667e-04,-7.408781444316157351e-03,-1.064820554387136547e-02,-1.296826388211148873e-02,1.000000000000000000e+00
8.851600000000000534e+01,-8.281704689875901693e-01,2.350084360743311951e-01,3.232523519310401827e+00,3.119692679756783105e-01,5.749115646545735481e-02,-4.468581841476178956e-02,-9.472977992160578342e-01,-2.067444576150730302e-03,2.670539821677519061e-05,-6.296574466752079356e-05,-1.290766738338201824e-02,-2.611615069353933477e-02,-1.338566434224811030e-02,1.000000000000000000e+00
8.856400000000000716e+01,-8.282690852239497081e-01,2.350098196926523053e-01,3.232540226927913984e+00,3.116633884407908339e-01,5.662646756849099711e-02,-4.457453548686216016e-02,-9.474557964688641309e-01,-1.994606202340108974e-03,2.957990109883661261e-05,6.848658541525950039e-04,-1.672108957099591869e-02,-3.926490802356829429e-02,-1.196649024811797385e-02,1.000000000000000000e+00
8.861199999999999477e+01,-8.283553607458183921e-01,2.350111440781711136e-01,3.232589054161952635e+00,3.114072342473613864e-01,5.552217723582787701e-02,-4.449218970203305118e-02,-9.476092376865691280e-01,-1.575069797882909170e-03,2.457226763627093122e-05,1.255397734579624669e-03,-1.710907622118270840e-02,-4.545198332959147353e-02,-8.481159767938915850e-03,1.000000000000000000e+00
8.865999999999999659e+01,-8.284122851426164447e-01,2.350119976936046740e-01,3.232656216110429970e+00,3.112502589357095117e-01,5.441137841883031401e-02,-4.446623955655585464e-02,-9.477264540734923193e-01,-8.078201483782279993e-04,1.072954666960424464e-05,1.450347817014827805e-03,-1.303784080874346649e-02,-4.114090163122502419e-02,-3.142443681630375379e-03,1.000000000000000000e+00
8.870799999999999841e+01,-8.284251682975577458e-01,2.350119864141687609e-01,3.232719664608623145e+00,3.112329430135252206e-01,5.358798871800442981e-02,-4.451643237274502396e-02,-9.477766983298869796e-01,2.156010704939781116e-04,-1.035271153723340652e-05,1.127669868615186919e-03,-4.492819630391588215e-03,-2.488057421474566822e-02,3.306780239675364674e-03,1.000000000000000000e+00
8.875600000000000023e+01,-8.283860999877672437e-01,2.350108687807586083e-01,3.232753095846916835e+00,3.113737378427471891e-01,5.334149750392006006e-02,-4.464728523147297456e-02,-9.477382022200726563e-01,1.314359083540675866e-03,-3.417970427017472291e-05,2.505307142591343701e-04,7.350437440818690174e-03,1.948767803978891829e-03,9.641724921679859991e-03,1.000000000000000000e+00
8.880400000000000205e+01,-8.283001456443009891e-01,2.350090620096368654e-01,3.232739849282554534e+00,3.116535392786436987e-01,5.376010529194505394e-02,-4.482840759938034464e-02,-9.476140229050002972e-01,2.112451153980860179e-03,-3.635352675693104529e-05,-6.588862244149803257e-04,1.485451072772271501e-02,2.332815418476831201e-02,1.408458253126673027e-02,1.000000000000000000e+00
8.885200000000000387e+01,-8.281896214148321000e-01,2.350075710850240973e-01,3.232692390970369978e+00,3.120074013895792198e-01,5.450729507291153519e-02,-4.499107606835976714e-02,-9.474471696808055565e-01,2.387531331637150929e-03,-2.603354469639699862e-05,-1.223641298404916367e-03,1.563155301335073660e-02,3.121940848563565379e-02,1.550640899026510013e-02,1.000000000000000000e+00
8.890000000000000568e+01,-8.280778461940213608e-01,2.350066112342900915e-01,3.232624513793319831e+00,3.123631437962429147e-01,5.532559448180209699e-02,-4.510301567571414066e-02,-9.472771838115389142e-01,2.220649412769334658e-03,-1.514115244998193201e-05,-1.544472929249890653e-03,1.339622993906520836e-02,3.167786747921307045e-02,1.414830519854081738e-02,1.000000000000000000e+00
8.894800000000000750e+01,-8.279827329306854722e-01,2.350061155141996150e-01,3.232545840913628066e+00,3.126631590921337689e-01,5.608391817150662484e-02,-4.515910501083834905e-02,-9.471309298632791807e-01,1.742249041098761515e-03,-6.704225337607041427e-06,-1.698415828640440113e-03,1.014659838486631736e-02,2.839743601454494323e-02,1.076988282311309997e-02,1.000000000000000000e+00
8.899599999999999511e+01,-8.279156624459780289e-01,2.350059489337329166e-01,3.232462820348509513e+00,3.128703325896754484e-01,5.672512916953546119e-02,-4.516646145674905327e-02,-9.470239730151516211e-01,1.088358818494938266e-03,-1.147156254028274939e-06,-1.742746596364394378e-03,6.896860623448595150e-03,2.357207188160351588e-02,6.246865439799957620e-03,1.000000000000000000e+00
8.904399999999999693e+01,-8.278818779749423928e-01,2.350059848213243707e-01,3.232379599408783388e+00,3.129675085590837291e-01,5.723386278138632016e-02,-4.513656289071138472e-02,-9.469626783711464491e-01,3.775960324207109807e-04,2.043704698046322867e-06,-1.718052436318966278e-03,4.107903916470576067e-03,1.845953942138705423e-02,1.368417625690677248e-03,1.000000000000000000e+00
8.909199999999999875e+01,-8.278816192405429319e-01,2.350061278573899459e-01,3.232298727360382706e+00,3.129540001376259206e-01,5.761702580423396641e-02,-4.508133325063307800e-02,-9.469465378402731615e-01,-2.987589429391442888e-04,3.566866545246448236e-06,-1.652032044902241757e-03,1.939526522199252383e-03,1.373642608158677329e-02,-3.249642740406167435e-03,1.000000000000000000e+00
8.914000000000000057e+01,-8.279115104096139710e-01,2.350063138299229581e-01,3.232221679914081491e+00,3.128410842250350932e-01,5.789210610250750816e-02,-4.501138330952377670e-02,-9.469703983992766583e-01,-8.787730726695291506e-04,4.004141025582629468e-06,-1.563034011002450508e-03,3.950326609887790325e-04,9.721341707530643111e-03,-7.186807450376141680e-03,1.000000000000000000e+00
8.918800000000000239e+01,-8.279660058790873078e-01,2.350065176506122289e-01,3.232149494889579699e+00,3.126473878574330678e-01,5.807619700977299793e-02,-4.493479968186221696e-02,-9.470267313990446967e-01,-1.337652127797187484e-03,5.505019787861757462e-06,-1.432349047829607541e-03,-1.017046085445181061e-03,5.654597438043204062e-03,-1.022581147250583959e-02,1.000000000000000000e+00
8.923600000000000421e+01,-8.280408797539811072e-01,2.350070074216402127e-01,3.232090232785301165e+00,3.123911366005860946e-01,5.807502081684139811e-02,-4.484516592792472250e-02,-9.471156111179964698e-01,-1.737319873552478806e-03,1.464355645221195715e-05,-1.020537629643679823e-03,-5.248733967049383498e-03,-5.012646974432076637e-03,-1.240578874496415379e-02,1.000000000000000000e+00
8.928400000000000603e+01,-8.281322140439658641e-01,2.350079611652265144e-01,3.232057703803979276e+00,3.120915054763355179e-01,5.773188585195249134e-02,-4.473654492149137935e-02,-9.472404990887903775e-01,-2.015884798018077739e-03,2.395649267769464717e-05,-3.593900517718707664e-04,-1.083887143040481935e-02,-2.005185825870833133e-02,-1.341895453545556213e-02,1.000000000000000000e+00
8.933200000000000784e+01,-8.282313104247923663e-01,2.350092719809781516e-01,3.232060193953500526e+00,3.117792926151889965e-01,5.700307059497365658e-02,-4.462153443369847039e-02,-9.473928653435705893e-01,-2.061933348407211236e-03,2.927788259912311091e-05,4.010675969563738327e-04,-1.554847152106065070e-02,-3.469197087080184289e-02,-1.276650444520145179e-02,1.000000000000000000e+00
8.937999999999999545e+01,-8.283244473139741437e-01,2.350106658765594714e-01,3.232097533300905656e+00,3.114976221878442142e-01,5.597010403951750007e-02,-4.452441508648020269e-02,-9.475516636502376855e-01,-1.783187817593269442e-03,2.758786646289767901e-05,1.066160560223441663e-03,-1.745030621838759843e-02,-4.411524708442661480e-02,-1.009403991232315015e-02,1.000000000000000000e+00
8.942799999999999727e+01,-8.283948758183097283e-01,2.350117550437316460e-01,3.232159742108425160e+00,3.112960884954730778e-01,5.482897356672485761e-02,-4.447337310283604184e-02,-9.476869989769273195e-01,-1.146755954644013099e-03,1.717874233338788232e-05,1.429686364309125076e-03,-1.519285008832846513e-02,-4.423218272674109969e-02,-5.423644195327574462e-03,1.000000000000000000e+00
8.947599999999999909e+01,-8.284264594245648317e-01,2.350121234927576297e-01,3.232227669909161438e+00,3.112202455885375585e-01,5.385643877005179964e-02,-4.449216291157599701e-02,-9.477667910294537146e-01,-2.068408203781713387e-04,-1.444829674052340690e-06,1.321297850358724331e-03,-8.330459373870831991e-03,-3.266456693528962257e-02,7.120751700079555775e-04,1.000000000000000000e+00
8.952400000000000091e+01,-8.284081215358357619e-01,2.350114531923609973e-01,3.232276060307999632e+00,3.112986937167392942e-01,5.335254407799026877e-02,-4.459204141828156109e-02,-9.477648332644590390e-01,8.887205746858753462e-04,-2.489891971453534928e-05,6.577561116939558512e-04,2.434564903006353025e-03,-9.620473361221057451e-03,7.262240925608142751e-03,1.000000000000000000e+00
8.957200000000000273e+01,-8.283386047285800080e-01,2.350097738551324145e-01,3.232280868264880702e+00,3.115296910318224866e-01,5.353584259686700736e-02,-4.476154580322230792e-02,-9.476706016229302643e-01,1.862962989646870871e-03,-3.847967510142116554e-05,-3.500432170032227600e-04,1.300199413108253481e-02,1.698924054837997605e-02,1.268346442550005032e-02,1.000000000000000000e+00
8.962000000000000455e+01,-8.282347344224857411e-01,2.350081027100380249e-01,3.232244922854599078e+00,3.118634650031114619e-01,5.419422749388443789e-02,-4.493753209048297059e-02,-9.475150569316619364e-01,2.338415125265279858e-03,-3.047480010258205792e-05,-1.036040559496415568e-03,1.584298273451052383e-02,2.928262265367918837e-02,1.530982841572733379e-02,1.000000000000000000e+00
8.966800000000000637e+01,-8.281209734423990998e-01,2.350069339855238582e-01,3.232183705994305711e+00,3.122263567686119901e-01,5.500582794223089766e-02,-4.507104515338437867e-02,-9.473424206273941550e-01,2.330826189368194121e-03,-1.920771142219438989e-05,-1.442187960285660608e-03,1.447647675772168949e-02,3.210750302690743019e-02,1.496871300160697825e-02,1.000000000000000000e+00
8.971600000000000819e+01,-8.280176083622943217e-01,2.350062709539327277e-01,3.232108351481230546e+00,3.125538112262249424e-01,5.579769087533444083e-02,-4.514863220648534375e-02,-9.471844243814534492e-01,1.958032517689589289e-03,-9.662696291837853684e-06,-1.653699830384241414e-03,1.146128957445721741e-02,2.996405560588150802e-02,1.227874802673454072e-02,1.000000000000000000e+00
8.976399999999999579e+01,-8.279385980307876203e-01,2.350059916779852764e-01,3.232026440245296506e+00,3.128004814722033511e-01,5.648843566522972898e-02,-4.517385416334317866e-02,-9.470608419351328466e-01,1.357555580374176759e-03,-3.007432225566112037e-06,-1.735328808478796671e-03,8.133191756132441066e-03,2.555249078698389187e-02,8.103091272067243500e-03,1.000000000000000000e+00
8.981199999999999761e+01,-8.278914852862441220e-01,2.350059613975876704e-01,3.231942927875904203e+00,3.129416911901778398e-01,5.704921037289135272e-02,-4.515711439547338141e-02,-9.469813728528853058e-01,6.566127307937767244e-04,1.029173097627607535e-06,-1.733765746307474763e-03,5.131991914234820470e-03,2.044585511579160783e-02,3.280184765785250107e-03,1.000000000000000000e+00
8.985999999999999943e+01,-8.278783128815014880e-01,2.350060716741390887e-01,3.231860918204252808e+00,3.129708052913272587e-01,5.747993124149900629e-02,-4.511046120163392931e-02,-9.469479282568533662e-01,-4.220933973452317624e-05,3.127971420339960524e-06,-1.681314107251169693e-03,2.713579196274407569e-03,1.551609667171745602e-02,-1.500797820169117412e-03,1.000000000000000000e+00
8.990800000000000125e+01,-8.278969551332973076e-01,2.350062468378145142e-01,3.231782255852706953e+00,3.128949587186412584e-01,5.779497241128476320e-02,-4.504514162572463565e-02,-9.469569267861965844e-01,-6.655734460370033717e-04,3.933991677820553142e-06,-1.599605593615875026e-03,9.301521843049976495e-04,1.120166083796205955e-02,-5.742852936422078447e-03,1.000000000000000000e+00
8.995600000000000307e+01,-8.279425115952886438e-01,2.350064377872342902e-01,3.231707953580496451e+00,3.127304877672165140e-01,5.801466904521405954e-02,-4.497061161611696362e-02,-9.470013644590629109e-01,-1.168370546210183592e-03,3.916693279896626718e-06,-1.502759414474881278e-03,-2.674917013013533790e-04,7.676463366883478148e-03,-9.139254727164600536e-03,1.000000000000000000e+00
