time_s,x,y,z,qw,qx,qy,qz,vx,vy,vz,obstacle_contact
0.002,10.530747413674776,21.700000762939485,0.8409607858899374,1.0,-4.4998127084819326e-12,8.883076764538701e-10,1.7396758981188914e-13,1.9761061197777598e-08,1.6745897426939044e-11,-0.019607621275427662,0
0.052000000000000005,10.529449851984616,21.701773709377164,0.8273784789610067,0.9999764459475391,0.005468268364588285,0.004058827311442794,0.0008552847928648322,-0.028961862802816738,0.031151822436639224,-0.46884626038852695,0
0.10200000000000001,10.527018536539298,21.703455723145023,0.8175422253156922,0.9999360852828337,-0.0020587167202478695,0.011114309402185718,0.00024323079471444382,-0.030083663267888305,0.06443874041475273,-0.01941015484279251,0
0.152,10.524990684382145,21.705507863999213,0.8168297934689697,0.9998656145337121,-0.0006090208781504584,0.0162041278563795,-0.0024100222208377486,-0.042186170808075,-0.0029890392074333324,-0.0006970874135579009,0
0.202,10.523670840544826,21.703225059522914,0.8174725071245783,0.9998099014119115,-0.0012738054380624139,0.01861049160171221,-0.005673452278037914,-0.01368548757215586,-0.07784625742388772,0.015873566561551585,0
0.252,10.52309536650905,21.698164891244044,0.8181796491401799,0.9997706340555653,2.894304500400726e-05,0.02022994476190892,-0.007030489126831124,-0.007696260539047871,-0.12370006309236446,0.013658682367265097,0
0.302,10.52299080184093,21.690760784959615,0.8186017718637678,0.9996907613107177,0.005404560730721191,0.02273640178269474,-0.0084987356283377,0.00258785572515264,-0.17016563662510273,-0.00170722813134847,0
0.352,10.523639993040236,21.681368815218352,0.8171775415897883,0.9995258065242024,0.016396555262362004,0.02426464114074196,-0.009515369566187516,0.025508778193024738,-0.19945876046096883,-0.06898327402945421,0
0.402,10.524740960145142,21.671177051951112,0.8129742915888255,0.9991988573476975,0.031222431140607118,0.023094038212044355,-0.00966791951687611,0.01792465116830685,-0.2094119077009998,0.0037690745001787394,0
0.452,10.524936521954373,21.663117935391863,0.8153960018617289,0.999002099905894,0.037116560807932915,0.022872275694275624,-0.009696612912295698,-0.006746652824898496,-0.12232937639142953,0.06178804299152843,0
0.502,10.524834873590976,21.658344858649155,0.8179990695530637,0.9988725905376062,0.04090967939403097,0.022337252235115134,-0.008999620389474472,0.0037469050844621534,-0.07491495166178247,0.039836150290257714,0
0.552,10.525205125209993,21.655531994168765,0.8194423987993014,0.998875833962296,0.042005018875341846,0.020210450593627614,-0.008613036759084012,0.010724972592613327,-0.03900549282782953,0.02182312566750087,0
0.602,10.52579826449806,21.654490314757194,0.8203402637388597,0.9989909799632167,0.04043609719208665,0.01781883338325179,-0.008027027648159556,0.011250192391576461,-0.004251744526316013,0.015133358447845314,0
0.652,10.526313883417771,21.65509313732021,0.8211469995633017,0.9992065122459821,0.03583284314644627,0.015910229546635804,-0.007015542248090739,0.009907078724893709,0.026827448950097362,0.017371625514262096,0
0.7020000000000001,10.526737945232178,21.657242261236263,0.8219323310835799,0.9994848445774642,0.028066538926866773,0.014414535662482726,-0.0058767350003020025,0.005658748015991893,0.05803856960593446,0.011130278767715896,0
0.752,10.527117943245782,21.660947084598856,0.8222320420226535,0.9997542105731788,0.017085020808926085,0.013201457701141579,-0.005034085788300465,0.008985696987821198,0.08889510494295766,-0.0038121002965591693,0
0.802,10.527490413092481,21.66585949687713,0.8202945028488413,0.9999127107652984,0.0011352364224972648,0.011940964612125404,-0.0055403476776547935,0.0021953371372364205,0.09864940603016595,-0.08752391464437206,0
0.852,10.527151373793108,21.67089695933429,0.8186383170185637,0.9998443427931955,-0.011622184879236936,0.012112265574803398,-0.005432129022834244,-0.020643083410379074,0.08833666820573181,0.022632174188478172,0
0.902,10.526763653161,21.673880895840743,0.8205461431511618,0.9997457136582902,-0.017501792994488685,0.012796619969629535,-0.006200143644026167,0.0022328533178736718,0.03392731604568048,0.04161420260136396,0
0.9520000000000001,10.527011080296289,21.674546097505328,0.8220797770768039,0.9996325880170525,-0.0226797244767477,0.013334405343854895,-0.006520176846833225,0.006559830037150193,-0.0029290755517187963,0.01977683461701489,0
1.002,10.527362613784595,21.673635011825716,0.822544615237099,0.9995575363407487,-0.025125398933311647,0.014473182136808756,-0.006631204392079137,0.007055854677635649,-0.031460657087430906,0.000676351040994558,0
1.052,10.527644673739529,21.671380908678184,0.8222758684288921,0.9995627388119741,-0.02375172290792365,0.01617555001261449,-0.0069669519447324345,0.005391044035468306,-0.05781857179385949,-0.008864443420337442,0
1.102,10.527943720139632,21.667763415608377,0.8217416027880062,0.9996287856759685,-0.018560253936502905,0.01830382641567359,-0.007923241782620332,0.005424455580080935,-0.08607489603242702,-0.013739609282839483,0
1.1520000000000001,10.52841836148426,21.662781805056465,0.8207589953766746,0.9997062427133637,-0.009588856505938957,0.020301511723887975,-0.009128566840578346,0.015328812700874404,-0.11086621721148604,-0.0302391262834755,0
1.202,10.5296123396131,21.657122553140503,0.817340338941644,0.9997473475462286,0.0057917393692567985,0.019791305801918176,-0.00894433027197188,0.030782254833557603,-0.105861371065267,-0.12359693685363989,0
1.252,10.53025626247156,21.651283090320995,0.8151651099156203,0.9996328281030409,0.017315640141908825,0.017820177040819816,-0.010808278097122892,-0.003080791170930927,-0.10623612905981082,0.025100140290780976,0
1.302,10.530183297246738,21.647444389139263,0.8169256865624475,0.9995436826868305,0.022355285821398972,0.017073541621568926,-0.011007350870594864,0.005264732598192189,-0.055216022100603196,0.03285407299765797,0
1.352,10.530739461028324,21.645517051277473,0.8180665172698175,0.9994752914030061,0.026210848049189356,0.015473082834835814,-0.011077771752666433,0.015513045015099453,-0.023122240467877676,0.015791686681431567,0
1.4020000000000001,10.531656661113592,21.645157230896245,0.8186819326776914,0.9994480100018743,0.02803973968956694,0.01407337600488627,-0.010926499405589773,0.01966192702710275,0.0072199562378150155,0.010510071288060282,0
1.452,10.532587550624315,21.64622086057736,0.8193022204855545,0.9994900403960688,0.026983000265092087,0.013415245933460386,-0.010564469807045866,0.017727999459785614,0.03393276824252118,0.015025002299379345,0
1.502,10.533395639094204,21.648576098435168,0.8201269155531128,0.9996078507048669,0.022561323045576905,0.01316543053072143,-0.01008974482183958,0.013290014635889899,0.05895586131935113,0.015139590748278905,0
1.552,10.536332525745786,21.65101769903479,0.8220987270533012,0.9999005244524872,0.011380175995219477,0.007370274476423948,0.003887396056622068,0.08409112919269889,0.05749298394450411,0.02862542523233232,0
1.602,10.540987897493398,21.65459354013489,0.8211227154009477,0.9997629994406528,-0.00395090929292167,0.0009977647221699377,0.02138550281726187,0.09548494746436922,0.07634711305955742,-0.07556334333228344,0
1.6520000000000001,10.545718951765796,21.658905760585473,0.8185611678966326,0.9991547033129843,-0.017939900025610776,-0.0009945585675434606,0.03697363503727122,0.09350259485705698,0.08261868343840054,0.015149462666930923,0
1.702,10.55174178073981,21.661974226788388,0.8203981882729556,0.9983966691123426,-0.022820002596373633,0.00021505489269095892,0.05180050519323586,0.14842361284776795,0.04103340810332572,0.043126224677164184,0
1.752,10.560380600212087,21.66295078482513,0.8221322916193318,0.9974276894522379,-0.026673350924781382,0.0015679485303925393,0.06651374445797543,0.19523628815412972,0.0022211715505519045,0.025867660536612457,0
1.802,10.57134555830027,21.662318423002073,0.8228270576503338,0.9962559241478575,-0.028460320644027325,0.0033034067236993292,0.081567341829659,0.24155203753899623,-0.024205271900515156,0.0014556962640940518,0
1.852,10.584409120622025,21.66067346270168,0.8221373229565476,0.9950615670550306,-0.02631636227754878,0.005258607321964759,0.09556293159743952,0.27929210191277143,-0.04006026161128394,-0.026944184994427668,0
1.9020000000000001,10.599206276584193,21.658268638997235,0.8200778657917936,0.9939536792039307,-0.019908841914595434,0.008397549166881972,0.10765315963118811,0.3090414771912198,-0.056276897723747075,-0.05580657699282598,0
1.952,10.615052880031314,21.654993935780805,0.8161235417621575,0.9927892213771478,-0.009945610864330871,0.013397363346365805,0.11870618095641253,0.3216490494245211,-0.07323788140899606,-0.10642235630514657,0
2.0020000000000002,10.63099998880853,21.651159626853914,0.8086755265607466,0.9908724710221913,0.005335707713832334,0.01858992345446703,0.13340798754019484,0.31240625413406325,-0.0832431719489196,-0.15048600185493866,0
2.052,10.646698965516311,21.647728779388018,0.8065050871251483,0.9891442487480414,0.014774267408390149,0.01896506787581089,0.14496793573643912,0.31531334247022746,-0.05019502052068318,0.020582430471771544,0
2.102,10.662710260682303,21.646639185573232,0.8085661335345301,0.9869871100478286,0.018654824453411076,0.015544592895804172,0.15895536403579955,0.3250420794122874,0.005117150859421343,0.05377356296798761,0
2.152,10.679137158552734,21.648010598917,0.8112710704311136,0.9843882864210823,0.020376034189754165,0.011355911895934668,0.17445790911470294,0.3302933824079086,0.04791010575127793,0.05050381051432013,0
2.202,10.69572760216565,21.65152578493528,0.8134493384907447,0.9813394034890404,0.02052093846146227,0.008320161795690537,0.19100429616144102,0.3328105477648292,0.0915012718952001,0.03699784985676083,0
2.2520000000000002,10.71240938000355,21.657199914277303,0.8151379494111127,0.9777596224159203,0.019088788311537607,0.006556488988615203,0.20875524277491891,0.3341314606169352,0.13453378188883844,0.030679585043802648,0
2.302,10.729035536532665,21.665154941533974,0.8163005766902623,0.9738098545357029,0.01611550686409929,0.005948011299226648,0.22671409045149665,0.32897477443235684,0.1814054805065257,0.01243875111553383,0
2.352,10.745381037623341,21.67534521238375,0.8161720559095991,0.9698757985556234,0.011106496102133804,0.006080130680048449,0.24327065818001645,0.32287176264638623,0.22409640078131693,-0.022346421350359084,0
2.402,10.761087936249334,21.687485686851087,0.8132550861770246,0.9664942100996565,0.0019513782155944567,0.005762360969658685,0.2566163072818168,0.30812735359775156,0.25546589043728707,-0.09861816262120336,0
2.452,10.77643770179204,21.699747540319112,0.8069522513398191,0.964349771584081,-0.017538280305145707,0.001015070544089228,0.264047148065377,0.2808493693610245,0.21229790901460965,-0.06560445536851175,0
2.5020000000000002,10.788884589023487,21.709744290769105,0.8073429534202768,0.9605331954684961,-0.028881406511194557,0.0015058610853987257,0.2766578701996485,0.2555458172196188,0.1962401363493669,0.024534004308185402,0
2.552,10.802532276833178,21.718981307285027,0.808688152796184,0.9566832883014932,-0.03457162083689358,-0.0011742039622903307,0.2890683486001314,0.2934731602118261,0.17539866833046774,0.03847767594620356,0
2.602,10.81807369553924,21.727295614946087,0.8109604964970428,0.9526341790870084,-0.03867156225570471,-0.0054618120874479325,0.3016003974079719,0.3250493185331923,0.15961467899318352,0.0463829434103642,0
2.652,10.834853530653637,21.735128155581464,0.8129875848696322,0.9488524409952945,-0.038577005613266616,-0.008571032094660274,0.31323696663072403,0.3449888148491059,0.1551808968915684,0.033906850979122806,0
2.702,10.85256573461719,21.742852595807136,0.8141876795540163,0.9456598316563851,-0.03398302752600805,-0.00878534951169063,0.3232575664477797,0.3617018094983352,0.15316479439508354,0.012615185694349204,0
2.7520000000000002,10.871008030680223,21.750431471736754,0.8141373988335194,0.9429785528642234,-0.026048845602761873,-0.005184368690147997,0.3317921469868499,0.37487583833777843,0.14904174934231326,-0.018785068100563983,0
2.802,10.889826374343535,21.75772097682395,0.811199559882667,0.9400432296770007,-0.014653557145004636,0.0015198659397153951,0.3407369801018926,0.37335837759307694,0.14475752727183394,-0.10948237333578807,0
2.852,10.907829872233632,21.765013690140158,0.8052517924797159,0.9359497382320976,0.0015908086764933153,0.007337637035569661,0.35205356966484186,0.34517107013946036,0.1420512339640613,-0.0485881234243654,0
2.902,10.924474569807156,21.772589989723148,0.8062796827275953,0.9325643704782683,0.00800102815208938,0.006946046736629765,0.36084821032910036,0.32560017354936316,0.1724899673649198,0.051197280882701056,0
2.952,10.940176860502449,21.782298974885215,0.8093242442351719,0.9281639159585164,0.011471936751655096,0.004056320551735502,0.3719726952926776,0.30393232054693475,0.21447810218735786,0.06298468120930122,0
3.0020000000000002,10.954817165365775,21.794017824110632,0.8120874228041636,0.9235065899416721,0.013266164271150486,0.002061078132760694,0.38334754359036355,0.28274146633773434,0.2525756385689126,0.046659626700152744,0
3.052,10.96848321710507,21.807609097314316,0.8141339564945628,0.9185904635735033,0.013074342697747996,0.0009380894615730195,0.3949933439730353,0.26388969153637104,0.290236741617898,0.0360180754893009,0
3.102,10.981048365212104,21.823137768495883,0.8156047887061544,0.9134762375430676,0.010800795566062773,0.0003935923959650272,0.40674851117653527,0.23779653407136775,0.3284384484280092,0.02067034836437075,0
3.152,10.992307634302332,21.84046445733611,0.8160286683456599,0.908535668084704,0.006102511960340245,0.0002498028392439493,0.4177626560191775,0.21257445572587652,0.36307308352555745,-0.008452785325872514,0
3.202,11.002134559081444,21.859315335851726,0.8137001781984552,0.9045405063051695,-0.0019363589177075094,-0.0010969400292836144,0.426381894186304,0.18324056925313462,0.3853671093275063,-0.09652481763931654,0
3.2520000000000002,11.011120449380034,21.8777000294468,0.8080737768434877,0.9025425049518919,-0.01665897858941924,-0.006700938212196673,0.4302262226022456,0.1545817087475245,0.3190643297680216,-0.039601129976884586,0
3.302,11.01926182474158,21.89263838105181,0.8082753277748531,0.899311793436392,-0.02465425648791473,-0.00698383652177266,0.4365566307487329,0.1883660914235413,0.2960167926871519,0.021764403388206042,0
3.352,11.030149957684435,21.907270505349832,0.8099696734527619,0.8964184904385927,-0.028794912445178192,-0.011018697458405936,0.4421349695776047,0.24196652816087713,0.2902581523070293,0.04278606527130314,0
3.402,11.043248010098822,21.92166065384057,0.8121185517693092,0.8935912268711355,-0.030670552490878272,-0.015079385555228256,0.4475786507421016,0.2784065133396853,0.2866111214839135,0.0390964403235639,0
3.452,11.057807456958699,21.935932440222583,0.8136997789979571,0.8913563069218944,-0.02906004759254527,-0.016235782366254708,0.4520794699114706,0.30218033724641186,0.2852821946619898,0.02419857436655305,0
3.5020000000000002,11.073462178605672,21.95019393159508,0.8143750986680386,0.8899107305048297,-0.024369942236671285,-0.013255746231248727,0.45529032807604625,0.32291135619927064,0.28372749818369974,0.0008093644114063813,0
3.552,11.090141946705929,21.964352127005633,0.8135914189574602,0.888677955473601,-0.01743054596832767,-0.006425010437019394,0.45815541769512036,0.3433969353808894,0.28194993655513345,-0.03896449738000392,0
3.602,11.107474088652273,21.97843262709901,0.8092386553967207,0.8862164009158758,-0.005881560829285781,0.0030318241111522135,0.4632242502638239,0.3431537139932484,0.28719107591086723,-0.1434131530403923,0
3.652,11.123935063166954,21.99212944152189,0.8045847279669939,0.8829142109581647,0.009111867970121642,0.010526152448885284,0.46932789184624363,0.3072268617544956,0.25736036001104834,0.006469528751297662,0
3.702,11.13841886810021,22.00542837703013,0.8068141479056173,0.8795085159103646,0.015217134578725795,0.012344957267134738,0.47547955927298713,0.27854757341193714,0.2823381697880154,0.06339247086697716,0
3.7520000000000002,11.151657886970941,22.020345924167316,0.8101018488310672,0.8755623718805112,0.019532720016978523,0.010821338553485285,0.4825887529021203,0.2521416310383772,0.3118303309232137,0.062299730804572184,0
3.802,11.163580187406184,22.036640685854852,0.8127626073536307,0.8714093252548077,0.021635796205042,0.009023658805380776,0.4899961772945774,0.2256112351771309,0.3392107376296075,0.04442131594385898,0
3.852,11.174205783116902,22.05426135593164,0.8146946189012038,0.8669937618793953,0.021242564205943046,0.007418684163260667,0.4978107405967224,0.1994960056650853,0.36442867227370374,0.03344668666507645,0
3.902,11.183358242794467,22.073092236210815,0.8159852852724327,0.8624661193663858,0.018321957858964174,0.006291396145202727,0.5057439244715114,0.16653425643093295,0.3864131973903446,0.016257680432774237,0
3.952,11.190889120012896,22.09294001096902,0.8162289725314589,0.8582824831739757,0.012839804574246274,0.00553563524855528,0.5129870127377545,0.1352939695028127,0.40646275564373685,-0.01078502898462556,0
4.002,11.196739041501806,22.11357174500296,0.8138684602528211,0.8552792235816141,0.004133199344230843,0.0035126806890612154,0.5181390039817404,0.10344879012629271,0.4146430951595113,-0.09371060393275009,0
4.0520000000000005,11.20208763516655,22.133191150992417,0.8085014043299336,0.8545310676810564,-0.011419187451741026,-0.004050659174420633,0.5192589418450765,0.09205368483082348,0.3378391604871396,-0.038361483547005554,0
4.102,11.207173268009216,22.149273094077206,0.808632990252498,0.8519580195241617,-0.01991384704580549,-0.005853525760184688,0.5231985358355645,0.1251355827552251,0.3226721324407102,0.023625570523430176,0
4.152,11.214735505645892,22.165224181624534,0.8104275264677206,0.849613603690203,-0.024442762888849938,-0.010652526844047836,0.5267312402342804,0.17189137377353722,0.31510608574731097,0.04390713266891537,0
4.202,11.224147219194649,22.180678252667516,0.8125583132019834,0.847123654838453,-0.026977325804302392,-0.014612160208211253,0.5305093986722954,0.2006727027574079,0.30379902595026304,0.037682757168149957,0
4.252,11.234580318053606,22.195489939030463,0.8140368704910018,0.8451667417915762,-0.02647139799763378,-0.014966840869641018,0.5336369902207357,0.2153349239292801,0.2901758794086418,0.022087997802282513,0
4.3020000000000005,11.245745809535746,22.20970301195711,0.8146914906947815,0.8437609962717756,-0.023173577660750264,-0.011005388292442018,0.5361056312867785,0.23160322049100018,0.27820085328133226,0.00343278294552683,0
4.352,11.25785502509016,22.223432333491868,0.8142425166305517,0.8423982249836597,-0.017560181851338234,-0.003383593837232289,0.538558652191636,0.2522867216818102,0.271894784764776,-0.02811575642658748,0
4.402,11.270692092831663,22.23695985608386,0.8103120960465124,0.839697556665386,-0.0073584793368393665,0.006676129278847528,0.5429634383730473,0.25306385386874497,0.27176400382658883,-0.1434793907425113,0
4.452,11.28270289178333,22.249561490344963,0.806096927385773,0.8365600964620561,0.004976653118744831,0.014952240200517542,0.5476484898583366,0.2184102038802188,0.22954104875636125,0.018713899906914265,0
4.502,11.292407584089492,22.26121783942818,0.8084250601382929,0.8329302806546227,0.010055622566435456,0.017913528181850154,0.5529965077027988,0.1766764329172433,0.2422743494775882,0.05730008284339105,0
4.5520000000000005,11.300420206942555,22.27369725300082,0.8111545309811976,0.828573536699409,0.014008940509989921,0.018053010103592254,0.5594137401721728,0.1445688109550358,0.2547085216780946,0.04868217786996918,0
4.602,11.306767555545417,22.28663955268119,0.8131443023330115,0.8238499814421564,0.01580150734889588,0.017607254533694047,0.5663139633022005,0.11014694054329836,0.2619824730513275,0.031943042629625926,0
4.652,11.311371249372757,22.29980147547936,0.8145497762271712,0.818714879263351,0.014965410755452588,0.01675846813859807,0.5737605220816124,0.07488465157982081,0.2645209461188324,0.025806747249564412,0
4.702,11.314112113203894,22.313083511784498,0.8156992120103335,0.813413658105483,0.01152698503861241,0.015445462702899157,0.581366310603967,0.035918122547648576,0.26580739649329926,0.018177396197826087,0
4.752,11.314840505520053,22.32652638376294,0.8163053172778745,0.80927934149954,0.005689685802036379,0.013647361556650075,0.5872378772014675,-0.02165075552351418,0.27339747797102887,0.0010939779312711527,0
4.8020000000000005,11.312363443852838,22.34028477568749,0.8136528096579541,0.8171294869363583,-0.000798714179732484,0.011678956272666765,0.5763352892328931,-0.05070103956979984,0.264418927451567,-0.11779352060219074,0
4.852,11.31075682972575,22.351747799263517,0.8116639395890556,0.8258137549117739,-0.00967657471969828,0.007752423194214463,0.5638066211342567,-0.012948064970919066,0.19472210506677634,0.018824089706818148,0
4.902,11.312196458055638,22.361733696718062,0.8138383902134094,0.8351201746054858,-0.014687628219238393,0.003689970598972029,0.5498590288984743,0.06292180927350643,0.2039155570648919,0.054115560041096224,0
4.952,11.316549559158311,22.37190351210507,0.8163155524537424,0.8440526455971405,-0.01774053743679451,-0.001906291557332388,0.5359634043891606,0.10494243372890574,0.20131835779482615,0.04237678439416249,0
5.002,11.322596100231861,22.381811392751406,0.8179137681508526,0.8528501533284429,-0.018825617407071858,-0.004008649814868455,0.5218008651042604,0.13524118676336958,0.19610272865046433,0.02235858380373834,0
5.0520000000000005,11.330080659023533,22.39172874690172,0.8187491316177494,0.8619181028688836,-0.016998900764098872,-0.0015090480727390594,0.5067602432054339,0.16539188061023452,0.20245798309331803,0.011577447153428719,0
5.102,11.339473322069345,22.40217528992476,0.8188829679550095,0.8711733679557006,-0.012188056651851542,0.004028037119023275,0.4908076906047219,0.20988891508801485,0.21486046753109092,-0.008728824723734653,0
5.152,11.351328233285138,22.413512835486625,0.8176454091115303,0.8804995122691207,-0.0041797575543437195,0.010296957318455703,0.4739167766502993,0.2637520601072876,0.23553790267952268,-0.04780944121004618,0
5.202,11.36567357905832,22.425361324721003,0.8124850143015359,0.8885508606879219,0.008932635038057152,0.016322162486426952,0.4584006577370898,0.2985591435476396,0.238108065592447,-0.1707294381757818,0
5.252,11.379459611803815,22.43522934024176,0.8075553660317234,0.8942752725293669,0.023870675898194936,0.022879678072178132,0.44629412734877344,0.24003688302655296,0.16301369700774954,0.014792532222247962,0
5.3020000000000005,11.390633103493974,22.44382295294861,0.8097313779394553,0.8996337131933055,0.031175695831438425,0.026201603098122552,0.43474214664619293,0.22328137260902095,0.18542286367118252,0.053723616386801475,0
5.352,11.401645115306769,22.453774441366864,0.8122875914939754,0.9054666893332116,0.03626971097840204,0.025378598888100193,0.42210248671617023,0.2161300359860382,0.21145459683735435,0.04714102807798014,0
5.402,11.41216677786462,22.464957430350882,0.8143497950120466,0.9115570969312934,0.03907325656748105,0.023064354251063738,0.4086624220776697,0.20512853092783256,0.23427580999870562,0.0361339466647766,0
5.452,11.422164875671694,22.477218997669368,0.8161245550678036,0.9176645397367144,0.03907104615026868,0.01967214398279121,0.3949408216602203,0.19614758552399142,0.2554117211019275,0.03546428921860701,0
5.502,11.431829494185267,22.490537964897456,0.8178035886867976,0.9236577379528296,0.03610449313315307,0.015350249687555174,0.38120495606692967,0.19070639217454688,0.27571035080026196,0.02906193029614581,0
5.5520000000000005,11.441425347672883,22.504926062037022,0.8189337194383802,0.9293575895818976,0.02998630303015821,0.010438253596431234,0.36781290784713616,0.19325147504404988,0.29887632716530277,0.011586381684694254,0
5.602,11.451237949272583,22.520190032348406,0.8177502784590509,0.934539151608701,0.01970528222174257,0.004782898054886369,0.35528214119098017,0.2004330905426647,0.30277989023276863,-0.07614528127535485,0
5.652,11.461172903887082,22.534515435273594,0.8140822155927532,0.9392381305891845,0.007015891092957289,0.00019355378026918862,0.3431945131502546,0.17474672657335666,0.26663786143135,-0.018872330762837442,0
5.702,11.471621018968618,22.54736750189191,0.8151175340651482,0.9444709561397786,0.0016879983147099458,-0.0004918116498838706,0.3285902034318792,0.242866004207129,0.24702520437027461,0.03372417263504014,0
5.752,11.484965830697924,22.559036342174622,0.8166176006314015,0.9497060930255874,-0.0036431561646349054,-0.0032451715504661117,0.31310466803425957,0.2839963999039148,0.22459107614999452,0.024472598825108098,0
5.8020000000000005,11.499940911712347,22.56989296740449,0.8174207823311949,0.9549327643446428,-0.00687661706076085,-0.0034220962404178,0.29672279483757574,0.31373541547305983,0.21029033240096648,0.007269935063286194,0
5.852,11.51651249640837,22.58022956772459,0.8174127169884454,0.9602297537994343,-0.006419568107810323,9.991552924615497e-05,0.2791372405833264,0.35152951396087434,0.20409362589614508,-0.007362869912070941,0
5.902,11.535511436845386,22.59013815660038,0.8164663227422252,0.9653306361930811,-0.0026579323635890816,0.005501727323539361,0.2609586733930644,0.4074390684380175,0.19039005884831198,-0.03388701907893254,0
5.952,11.557497346367247,22.59918781429167,0.8135592905629656,0.9698587563881355,0.0034035244283333187,0.010559881785072497,0.2434150726134497,0.4671801520086088,0.16756653509139027,-0.09148764338860214,0
6.002,11.58163264709316,22.6072171913313,0.806803771866716,0.9729675477934544,0.01659007674221694,0.014532920392228981,0.22988630781182717,0.49196765816619964,0.16929918502328298,-0.17785182656384566,0
6.0520000000000005,11.603738375552664,22.614122337137296,0.8022914451361914,0.974495373683185,0.033661758691299636,0.018880997236184638,0.22106370261815148,0.3922743714904563,0.11989116987339353,0.01062144660072736,0
6.102,11.623336504258836,22.620441918048414,0.8045051819503657,0.9762035169827422,0.04088141645754908,0.020331002386142223,0.21199540929209923,0.397719266730262,0.13341324271501448,0.06222332574635872,0
6.152,11.6431355295058,22.627654841177808,0.8076726900083345,0.9782431975934363,0.04498041791067851,0.017525004922748298,0.2017669015701255,0.3908950446208211,0.15426396116522864,0.05937396698979218,0
6.202,11.662400825048394,22.63587416337743,0.810267150953738,0.9802510297582504,0.04654942432353789,0.014102375045594176,0.19168253121010204,0.3806980793277936,0.17347271593832325,0.04542695230165723,0
6.252,11.68123872157444,22.644960227623073,0.8124356292824753,0.982124969301942,0.04512021900384068,0.01057545233397922,0.1824359348336773,0.37443745010061275,0.18976777880164264,0.04229879468385041,0
6.3020000000000005,11.699915463069894,22.6549155238681,0.8144197501752779,0.9838367490744035,0.04085221726747061,0.007208738791248335,0.17419638802248744,0.37242886061725405,0.20745098940429474,0.034513385512547665,0
6.352,11.718661218965687,22.665752339366318,0.8158131623562034,0.9853698201968484,0.03390429578185651,0.00444626072655444,0.16696420855476551,0.3764132271833185,0.2258249194722597,0.016228792300602965,0
6.402,11.737334354674003,22.677440865652645,0.8148374140784462,0.986751067253394,0.023996443497570564,0.0024611448480804854,0.16043828950656633,0.3673080555710033,0.23602369026954764,-0.07109636929166588,0
6.452,11.755173411012235,22.688056373950936,0.8100165388339091,0.9884331358462578,0.007542087105693587,2.6411650501812343e-05,0.15146964113527506,0.31613268557066926,0.19440272451542137,-0.04883349227806902,0
6.502,11.771643163337625,22.69697251784004,0.8103873756386509,0.9896708339536802,0.00015322433643236407,0.0006873110523446214,0.14335670387968727,0.35715888622721675,0.1561059210146084,0.03335257206654833,0
6.5520000000000005,11.790551401716618,22.703500015559637,0.8123348316021601,0.9908981735395509,-0.006966022523810443,-0.002180688776899573,0.13441550804367405,0.39456387146338423,0.11151568683874187,0.039548930707724264,0
6.602,11.810893761958532,22.70828709876379,0.8139990114668967,0.9919792864681302,-0.011935574763672997,-0.0039409906105037475,0.1257740269938432,0.4169406016310411,0.08307885439660989,0.025715060888225665,0
6.652,11.832161239542655,22.711923843401248,0.8149012567682514,0.9931515814567318,-0.012090024264903194,-0.002563833741051614,0.11617742603370053,0.4352051980820862,0.0636170316232195,0.011148754381880741,0
6.702,11.854687466360042,22.714451618596673,0.8149662209622338,0.9943324973102589,-0.007665101767078566,0.0015534459721095325,0.10602696738686614,0.46551459283560964,0.03647972413983771,-0.011353237400335215,0
6.752,11.878965622334908,22.71558532572534,0.8133231962679118,0.9953592897268048,0.00037112830539396573,0.006583557897321909,0.09600210093401283,0.5025801925206023,0.007637495107919988,-0.06526363748853733,0
6.8020000000000005,11.904584032481761,22.715602273135303,0.8072987968094631,0.9957661282114328,0.015419403718153625,0.009869336082204314,0.09008138598558828,0.5169187179406501,0.004844849452183704,-0.17193090522453497,0
6.852,11.92807180197646,22.715267178589954,0.8037769125603764,0.9957701676858176,0.030242991615852984,0.011864509658462532,0.08594398184658031,0.42934474430995667,-0.002514090021985359,0.01743633826459092,0
6.902,11.949455843585705,22.715841912656604,0.8061000554427676,0.9958310411039966,0.03630432813918517,0.01199288595202968,0.08281729299267365,0.43263573895174345,0.02397267273356613,0.061472383711261055,0
6.952,11.971108503598675,22.7177587997667,0.809123008665687,0.9960300049428389,0.03928166122373175,0.008786441625645094,0.07939759938833872,0.43146779910009847,0.051710738876225654,0.05533780151764122,0
7.002,11.992569125898148,22.721067767204534,0.8114876471995262,0.9962737090892149,0.039760772296479716,0.0055549906429141985,0.07633426257561453,0.4273371298372793,0.0794573077671461,0.04029421982806967,0
7.0520000000000005,12.013822265123817,22.72567350437558,0.8133379110714982,0.9965481365436387,0.037565411433228585,0.0030739140637430227,0.07396757713742871,0.42370359977395783,0.10404605620505489,0.03449860626308998,0
7.102,12.034973642249915,22.73158036290886,0.814856214096482,0.9968514069574257,0.03287745950793156,0.0015308423494732205,0.07213876645053624,0.42158924934607483,0.13125041504535936,0.02365319073493761,0
7.152,12.05611630531753,22.738819089088544,0.8155688279591049,0.9971775241382552,0.025904749987823217,0.001028767486585036,0.07046184016208246,0.4230521178067557,0.15811255370997385,-0.0008015086631994043,0
7.202,12.077034664884977,22.747356350260894,0.8135196125888202,0.9975634164487744,0.015929953404235656,0.001068986834360164,0.0679140929022548,0.41180156235724036,0.17603255100981083,-0.09314959642822572,0
7.252,12.096712562010165,22.755011487481692,0.8087980369431246,0.9980578777385248,-0.001398041814729073,0.0005168120641829952,0.06227560572525087,0.347469617905217,0.14039264288379036,-0.023895628031534742,0
7.3020000000000005,12.114747186197297,22.761064522107585,0.8095063836541885,0.9982592253343275,-0.00952224802527018,0.0011636904975834894,0.058193570537304354,0.3806755413438182,0.09400170120595414,0.03425301795979091,0
7.352,12.134576211297391,22.764550321363195,0.8115354936510968,0.9984059800143993,-0.016981431298673445,-0.0015120581858426448,0.05380375212360941,0.4079145461614743,0.04930491730782868,0.04218511214711126,0
7.402,12.155441100060335,22.76615689864818,0.8133675078957068,0.9985293292917902,-0.021656156264786917,-0.0035486601568479265,0.04957415103675844,0.42546571700126434,0.017747876012189894,0.0294474357336686,0
7.452,12.177031575107408,22.766504411979774,0.8144936926330238,0.9987820664766135,-0.021305798910188217,-0.0033340113724586225,0.04437714485716477,0.43876589439030994,-0.001893161210415796,0.01607916146057917,0
7.502,12.199458302075492,22.765808580700824,0.8148599613435694,0.9991412392135299,-0.01618598066011792,-0.0005374817749737149,0.03813802887230492,0.4578029940775015,-0.026894396804492397,-0.0038168904426400165,0
7.5520000000000005,12.223038245190422,22.76380695200185,0.8137512883074651,0.9994596112531424,-0.007587886426629327,0.003759669800069041,0.03176120804201986,0.4834270071223057,-0.052546449615667117,-0.049740215804706604,0
7.602,12.247599680759583,22.760890779793478,0.8086891277889082,0.9995392224179863,0.007058358161152803,0.006773116382520126,0.028734079463000276,0.49923010669179174,-0.0526365478020977,-0.1574764148063586,0
7.652,12.270832049074809,22.75801659695087,0.8046018021020834,0.9993005012175088,0.023672720350812217,0.007237116161014776,0.028030960156585127,0.4237969469730049,-0.05117489748226408,0.01906354245044505,0
7.702,12.291815406706517,22.756195833360675,0.8070248944604533,0.9991297462481581,0.030386114940715546,0.00716745411539435,0.027659750223128273,0.42557733883702364,-0.0250039811947383,0.06246760295686303,0
7.752,12.31328629721421,22.755669629757698,0.8100787085099446,0.9990576221253489,0.03356752532616357,0.004119991382505727,0.02720504710029395,0.4310682721276607,0.003333804861003526,0.05548344308596341,0
7.8020000000000005,12.334890829343957,22.756589410753758,0.8123998876959629,0.9990490638304239,0.03429471977627961,0.0012607043822793532,0.02689332406901616,0.4331657120857209,0.0327957810032829,0.03849184564884517,0
7.852,12.356566131389586,22.758954019017164,0.8141138260598733,0.9991072542272881,0.03260001994355857,-0.0006405028059659097,0.026861180283927286,0.4341947264446001,0.06080379222999863,0.031047127952212494,0
7.902,12.37832326142269,22.76277258707265,0.8154387243149102,0.999223619479578,0.02854177616348515,-0.0014205732442506174,0.02712023707902692,0.4351499137281149,0.09097118813049826,0.019649038309440637,0
7.952,12.400188910517116,22.76804818902425,0.8159376138874157,0.9993769593337486,0.02219674482460554,-0.0011232165681336552,0.02741780546587219,0.43864151371527504,0.11970072105824606,-0.005130582419284175,0
8.002,12.421937046223801,22.77474075090101,0.8137097366558322,0.9995612830384685,0.012721573395612215,-0.0002850977209584438,0.026745499436760432,0.42913326452094136,0.14114841901816308,-0.09545004765630603,0
8.052,12.442369734573413,22.780816469291825,0.8087099093197595,0.9997306409871235,-0.00446279794992139,8.275867504321055e-05,0.022775470509606887,0.3601368506010805,0.11211991774404936,-0.02834699014943585,0
8.102,12.460868093001645,22.785446330859692,0.8092443325865576,0.9997115776018954,-0.012336624770193282,0.0012378014694439056,0.02056786682013502,0.3876966107675423,0.06544944929974963,0.03144341867277568,0
8.152000000000001,12.480940111765008,22.787450603751047,0.8112003023257679,0.999648790777819,-0.01951981279525164,-0.001124004718391253,0.017888784706453782,0.41129913160871934,0.01896534721599229,0.04232577662570031,0
8.202,12.501918249326062,22.787513577527793,0.8131034544591638,0.9995882578637142,-0.024068346630833768,-0.003147950164381154,0.015300975171694873,0.4268872004849842,-0.013065925384491245,0.03160910070939462,0
8.252,12.523533933526098,22.78629175242189,0.8143433327508129,0.9996443955848893,-0.023708108725352946,-0.003260483179576552,0.01176338411445285,0.43827899851647495,-0.033572016752095556,0.01863488455409351,0
8.302,12.545843716489193,22.78402130708216,0.814830731589735,0.9998019609798694,-0.018585329592824742,-0.0009217260398627869,0.007055123375296309,0.4534455508804808,-0.05782731095822461,-0.0013939683660792674,0
8.352,12.569089509551352,22.780478165037728,0.8139072096072506,0.999943877497075,-0.009917929410800766,0.003057720044933451,0.0021276466913391504,0.47477289988710714,-0.08351212981125664,-0.044602472204422226,0
8.402000000000001,12.593146265936918,22.77601606493804,0.8091598065817418,0.9999723884140738,0.004455163100878172,0.005943723454968612,0.00021466878628275966,0.48817054971185647,-0.0840551132373668,-0.14932108728570478,0
8.452,12.616087935011178,22.771697454858923,0.804838411893986,0.9997529747365935,0.021378539372093806,0.006056234621158442,0.000519212731641763,0.419179880268574,-0.07891161766190301,0.019546927080764175,0
8.502,12.636871285026821,22.768571263720794,0.8073603124897307,0.9995874282231029,0.028086249565877113,0.005902547041316879,0.0011383593772099309,0.421924972961974,-0.05025179955669043,0.06395192116807158,0
8.552,12.65821477521587,22.76680525132557,0.8104575055706269,0.9995029177645895,0.03134281979192832,0.002846355239050328,0.0018556102544335718,0.4292621205716224,-0.020962191161289532,0.05567440433165794,0
8.602,12.67976957677054,22.766529143144535,0.8127604000109563,0.9994777741041698,0.03220775288486696,8.617497679542108e-05,0.002613866820462268,0.4330435180015127,0.009010036093773315,0.03770493434002764,0
8.652000000000001,12.70147835565848,22.76772302778627,0.8144241003611218,0.9995213858207836,0.030665610885883855,-0.0016453639511287918,0.003729929404833388,0.43573516815018615,0.03777721605910148,0.030017329104146128,0
8.702,12.723353378996052,22.770422456897645,0.8156942543061066,0.99962357467803,0.026833877218959017,-0.0022242551818035723,0.005263522604029107,0.43821394740794284,0.06926255647735323,0.018502950900178627,0
8.752,12.745391987687979,22.77463860371568,0.816133171496586,0.9997602215871527,0.02076909042235217,-0.001660777390154377,0.006736915725831308,0.44257999161542294,0.09902129699967982,-0.006195448195833045,0
8.802,12.767363940409716,22.780341700589076,0.8138908880631273,0.9999084779434783,0.011584821397032331,-0.00048725748030188025,0.006970669272332096,0.4339771570965412,0.12254282991008061,-0.09489913942443802,0
8.852,12.78806113240366,22.785537757817846,0.8087549000052519,0.9999778453553274,-0.005579990144638059,0.0002703364737579458,0.003619313014139541,0.3629934945145506,0.09523133601507003,-0.03312578275841812,0
8.902000000000001,12.806588498296435,22.789377388305734,0.8091675739169659,0.9999081168517346,-0.013250380213432118,0.0018305425519425428,0.0021987251268154586,0.3872560239216982,0.04960840495926144,0.030432523011985662,0
8.952,12.826545861853281,22.790543367460288,0.81112623690231,0.9997942446424769,-0.02028092094126414,-0.00029244125873836797,0.00025904374934398344,0.40714712702301475,0.0017872459756007137,0.0430198698345632,0
9.002,12.84715544915897,22.789746866435447,0.8130556442936309,0.9996881565576721,-0.024836246272438956,-0.0020194884120168528,-0.0016346791650446242,0.4159090831496107,-0.02997099851826459,0.03153582805498564,0
9.052,12.867972297387245,22.787694197388383,0.814254108670413,0.9996875170438253,-0.024541516116427044,-0.001674666104344053,-0.004447217882853592,0.4176607190246115,-0.05025876859441323,0.01732294971530245,0
9.102,12.889034861000287,22.78456735589106,0.8146962443875128,0.999776108664116,-0.019522634983098065,0.0011598166692352982,-0.008078000560090951,0.42489342084106013,-0.07538016886669241,-0.001216070656964043,0
9.152000000000001,12.910660505783678,22.780115005619873,0.8138165215438435,0.9998555372783462,-0.010910067683847323,0.005538004629467619,-0.011798538116554947,0.43925321478459634,-0.10187600703837771,-0.04266974383851507,0
9.202,12.932882844145599,22.77474265590542,0.8092311892375482,0.9998809629567736,0.0035585926538263357,0.008530278610847512,-0.012354379052763707,0.45170050660615946,-0.10254416741953445,-0.14756444191260845,0
9.252,12.953780321512383,22.76961439358811,0.8047686017446728,0.99969307059393,0.020152909104981125,0.008830195824845335,-0.011386505292685032,0.3726625130366863,-0.09324277341272111,0.014012373364287354,0
9.302,12.972021680930746,22.765829121675687,0.8070418067948805,0.9995460925283403,0.02671653652950528,0.009452307477194222,-0.01022200912495343,0.3651787651760782,-0.06191303956126508,0.05943627252722745,0
9.352,12.990184102777828,22.763509960428657,0.8099067172123168,0.9994822649728217,0.030026933126664067,0.007451517946051902,-0.008835166784198451,0.3592721946037625,-0.0313982901252079,0.051065774584433135,0
9.402000000000001,13.007865453307705,22.762730507604854,0.8119907059015102,0.9994776494132646,0.03091802911403892,0.005735637836873172,-0.007456960348683394,0.34775539367743974,-0.0010020633787992828,0.03343809210838495,0
9.452,13.024830681589446,22.76342469547898,0.8134710624708986,0.9995439631534597,0.0292355597094019,0.005005221827833305,-0.00566529137872251,0.3318995652338908,0.028039839077624838,0.027661959868594956,0
9.502,13.041063130237431,22.765632431178055,0.8147676042629403,0.9996632326129093,0.02517164153138434,0.0052001220581163205,-0.0035733115040597944,0.31727165443979527,0.05917267934055221,0.02240551740876513,0
9.552,13.056698740552994,22.769355511523628,0.8156594638610858,0.9998053759818194,0.018651347271632947,0.006194580895352883,-0.0017217927682161246,0.30846953413178557,0.08918001748198472,0.008586163544160738,0
9.602,13.071793863412308,22.774568325349524,0.8145216654306341,0.9999314563988897,0.008899473812893221,0.007526698820724332,-0.0011093577920260056,0.29356665121628134,0.11390911276099765,-0.06972249235086184,0
9.652000000000001,13.085202939524226,22.779712879681735,0.811017465053205,0.9999437340581748,-0.004953316233310984,0.009042238620173565,-0.0024962565617090726,0.21670300859166444,0.08630262308175167,-0.003999329190608067,0
9.702,13.096167444002552,22.782660314001234,0.8120644844067134,0.9998577045277922,-0.012004199648750486,0.011144588052788649,-0.004033366378098422,0.23349525720875114,0.028824738637877715,0.0411243034945383,0
9.752,13.109162441047731,22.78313342288319,0.8142323785031251,0.9997947447311014,-0.017826763512282507,0.0074157922301046186,-0.006138479970502713,0.2740545828816738,-0.011361666335207356,0.04083708314876533,0
9.802,13.123437790513364,22.781546425132046,0.8159985438027741,0.9997251143638587,-0.02170154024073944,0.0043308823366173775,-0.007744825339269883,0.2967184628949893,-0.04886305955175484,0.02916351984027548,0
9.852,13.138930056954859,22.77838831902579,0.8171778186116946,0.9997276255691695,-0.021117289340239175,0.002849870592433867,-0.00951908621440768,0.3228067000527039,-0.07585618602629669,0.018213265095346168,0
9.902000000000001,13.155791174406103,22.773936240430924,0.8176348246904864,0.999798024993055,-0.01559110564546233,0.0031316493113271913,-0.01228899578199008,0.34908657150455163,-0.10129448614859203,-0.002506778183330454,0
9.952,13.173974483715233,22.768269096826764,0.8166230752770957,0.9998485054638181,-0.0056801369213013275,0.004803888928031587,-0.015736099182880076,0.3770603946918749,-0.12453785507886098,-0.0453689270057832,0
10.002,13.193312999480417,22.761733325224323,0.8112718498852972,0.9997916737307104,0.009986725063201996,0.005274534638033873,-0.017001580679716254,0.3831723834348662,-0.1317118351310063,-0.17024358022080524,0
10.052,13.211428300510741,22.75515932921916,0.8079438829323236,0.9995922269933974,0.022914739319011335,0.004180570752681016,-0.016517181493941352,0.3411299536623206,-0.11638072629160175,0.02773173476774543,0
10.102,13.228505460038306,22.75044233368499,0.8103322712587494,0.9994924880222267,0.02818936432323787,0.002931715415950372,-0.01454411121075859,0.3517920076615325,-0.078195229086246,0.05428615231876432,0
10.152000000000001,13.246574680881494,22.747289313936534,0.8128037040534003,0.9994517838359848,0.03072044101018856,-4.659256966583536e-06,-0.012344483362937198,0.36935926674056696,-0.04910733595582523,0.043101095067878806,0
10.202,13.26542941693116,22.74563549980142,0.814583559071655,0.9994592228844655,0.03126464871492343,-0.0023983728768950884,-0.009901077691576107,0.38410055223283046,-0.017935289083644168,0.029300469780154468,0
10.252,13.284958844012717,22.745514709455723,0.8159308195618202,0.9995266682639756,0.029767461991533174,-0.0037638152528862477,-0.006794948891663913,0.3967697559023411,0.012190605528277231,0.025207779204458443,0
10.302,13.305084084111824,22.74696907717984,0.8169704940045307,0.9996439293578568,0.026183249589667515,-0.003966796019195886,-0.0032736017246174877,0.4063139736487057,0.04496209122204273,0.013598384324782064,0
10.352,13.325658996536628,22.749998125279234,0.8171372106327511,0.9997863208070473,0.020456169629499494,-0.0029718140013400294,-0.00016177990313282072,0.41529947312343884,0.07567058089267072,-0.011949650351811801,0
10.402000000000001,13.3463595783396,22.75454082725656,0.8146708053106041,0.9999326333671502,0.0114355519864708,-0.0014138913499352982,0.0013992102959681882,0.41012491701823167,0.09948420434570097,-0.09688873941280259,0
10.452,13.36589204465519,22.75863325488345,0.8094275770090849,0.9999801779198466,-0.006200512478100961,-0.00039989073623582536,-0.0010185773414053462,0.3389220769292655,0.07498099776311885,-0.034068912454840006,0
10.502,13.383132565606239,22.761635354094786,0.8097593541090727,0.9999009892279136,-0.01397990688170689,0.0014850273577883054,-0.0006071559646195792,0.3623498970919612,0.03578576404411383,0.026810135271827254,0
10.552,13.401945306933172,22.76216722161394,0.811568506823193,0.9997780909865233,-0.021040737865908442,-0.0006808532321625489,-0.0007697871648443314,0.3867416040433273,-0.009942249235452866,0.04187044690380293,0
10.602,13.421686113737566,22.760800071252522,0.8135434060650854,0.9996602198289006,-0.025895661613105487,-0.0028569513695591753,-0.0008351228202177016,0.4018277079502643,-0.04128188463434711,0.034246615013593766,0
10.652000000000001,13.44197105471653,22.75821340734446,0.8148961738430978,0.999655309691578,-0.02598751410412232,-0.0032832941161019765,-0.0017694337707018935,0.40962228333129436,-0.06015927544423852,0.02041799584242454,0
10.702,13.462686426451668,22.754692687752254,0.8154463249848044,0.9997665800788584,-0.02124446077039886,-0.0011358514311465974,-0.0037640517431274585,0.41833020654779085,-0.08115106988781291,-0.00019028647458457781,0
10.752,13.483959197442442,22.750033587325483,0.8146488009517826,0.9998961015636927,-0.01282725050327113,0.0029525114039735912,-0.005876257198704684,0.4316404653215587,-0.10494326775822536,-0.039688664056358305,0
10.802,13.505743913560075,22.744522690199144,0.8102724875780187,0.9999662530164629,0.0010335112894688913,0.00625911835254715,-0.0052199731875665675,0.4407923608344542,-0.10564722287917515,-0.14197881080662175,0
10.852,13.526406045607947,22.73929155291794,0.8054327014001577,0.9998129655197754,0.017965421380167396,0.006658306023713178,-0.002635255979945772,0.3718009001193633,-0.09759348168111841,0.006809440852941734,0
10.902000000000001,13.54457745595513,22.735281359344874,0.807533321941595,0.9996757310347779,0.024485537063958302,0.006992043842174022,5.0770864057030044e-05,0.3650623725087001,-0.06529554314376199,0.0579309468037345,0
10.952,13.562797101574127,22.73287393307062,0.8104032945955295,0.99959633133847,0.027818860458446386,0.004822592739001469,0.0031666980811993323,0.36211135250344123,-0.03247074341645991,0.052160284732653925,0
11.002,13.580714976827915,22.732063650125212,0.812555091493847,0.999558878388613,0.028821977258285284,0.0030474715445064976,0.0064849964229277725,0.35437493375593315,-0.001137146887451446,0.034837068823340527,0
11.052,13.598098192813945,22.732757556264573,0.8140645782992167,0.9995716024464842,0.02730425806029338,0.002356949195702439,0.010272967674105009,0.34157183436742355,0.028238905724013833,0.027264562176118307,0
11.102,13.614840982500265,22.735014054101892,0.815300346503891,0.9996162332816891,0.023494211368544952,0.0027383818494988027,0.014419065737548413,0.3278009000339135,0.06088107840490623,0.02062688238188519,0
11.152000000000001,13.63100428205558,22.73885062116084,0.8160893658242361,0.9996740446169705,0.017326407964502993,0.004059289371789252,0.01830634523849656,0.31901106897687675,0.09191378212901756,0.0064731124090855845,0
11.202,13.646624102344628,22.744247254993024,0.8148991181347056,0.9997346039916833,0.007978937414966308,0.005705331194568417,0.020844839535989076,0.3040572758549328,0.11911080849145768,-0.06860316225289353,0
11.252,13.660685178958087,22.74964598814991,0.8108969267321,0.9997403316630183,-0.006194954288743954,0.00709449532911077,0.020749937920505192,0.2290865585224675,0.09022593327684424,-0.01755387758341779,0
11.302,13.672105558620517,22.752882520938744,0.811487288689025,0.9996412190042571,-0.013305645344405178,0.009445426938073175,0.02124092699507104,0.24456574617777416,0.03665337943908541,0.035404339106453006,0
11.352,13.684781407625746,22.75348517953872,0.813628819002368,0.9995550820698723,-0.01950305044872487,0.007667079817893746,0.021224627642259082,0.2583629746252887,-0.008266374315021328,0.04454391753048225,0
11.402000000000001,13.697692115588907,22.752219208707825,0.8155287029103588,0.9994745511414106,-0.023407681842407456,0.006515127085292626,0.021453558457851032,0.25637134144591767,-0.03952266318694986,0.029494872136224495,0
11.452,13.710483222242358,22.750523423281834,0.8168112438564255,0.9997079113564347,-0.02075569071716019,0.006398351615967246,0.010599734468741382,0.2609584954560833,-0.0387174918394327,0.020348808803256825,0
11.502,13.723963798996735,22.747945102460196,0.8174530312281058,0.9998696877478204,-0.01359873651176967,0.006856398504656075,-0.005354595027268815,0.27695592240147304,-0.0669165907575565,0.003488901773155826,0
11.552,13.738519070482273,22.7437964803792,0.816987499530976,0.9997186605551607,-0.003319261747007713,0.008137247987604767,-0.022031056135342557,0.30517632947633416,-0.0977386577276651,-0.027467905261006786,0
11.602,13.75442314015529,22.73820435747399,0.8131019307971331,0.9992338909687036,0.011460745867441379,0.00772831198947311,-0.03661359907876767,0.32597772154050375,-0.11995268041013246,-0.14557867505774214,0
11.652000000000001,13.769337101133852,22.731876074867518,0.8088990802023502,0.998541227014824,0.02525077359699473,0.005666943529611756,-0.047388839778114526,0.2681095556635911,-0.1149207163034155,0.022561956566337936,0
11.702,13.782421922204856,22.72738086518213,0.8113278045758031,0.9978989371840646,0.03141289449129867,0.004641074091912279,-0.05647478780718776,0.2666020516662807,-0.07552073317560774,0.054922114461242795,0
11.752,13.79611871800032,22.724160595667396,0.8137207151241359,0.9972757523280511,0.03464970100226973,0.0024202990066946248,-0.06507391329627753,0.2802896525121113,-0.05282905599496299,0.0405906821508464,0
11.802,13.810390640030338,22.722197996919462,0.8153720172841239,0.9966334164915975,0.03573841797384408,0.0004294980228936335,-0.07378627341491924,0.28915541671408246,-0.026487625674029607,0.026857996629448908,0
11.852,13.824945645099607,22.721536910143556,0.8166067547942718,0.996024182066105,0.03422288104436959,-0.0007058387912833574,-0.08224430037498108,0.29293356848577656,-0.0013946326062434194,0.023418173109041037,0
11.902000000000001,13.839654912748626,22.722069425855185,0.8176093275649148,0.9954590182870601,0.029678584679864225,-0.000889886543337909,-0.09044187428565822,0.29412270985708716,0.021510189040132716,0.01401153445847357,0
11.952,13.854499046464047,22.723668965281437,0.8178719223635514,0.9949073471851597,0.02191376510368238,-7.776002290609709e-05,-0.09838267819767636,0.29955206535361206,0.04160217563245644,-0.008354416892383093,0
12.002,13.869388415150958,22.72600007827776,0.8153132620809838,0.9942383998760124,0.009475578170055251,0.001384890577794257,-0.10676281987853639,0.2888159311699506,0.04425738967967602,-0.108887559719503,0
12.052,13.882441251637195,22.72811784701453,0.8126816874888928,0.9932371931996967,-0.0017748410046236284,0.0043655254715211375,-0.11600719879194551,0.23206719034103365,0.037837953847728506,0.012385908004964233,0
12.102,13.894567205450354,22.728069863943478,0.8143990641074423,0.9918675006987433,-0.007219885087371357,0.005791332926262109,-0.1269377594724652,0.24909930009166584,-0.034110557425725996,0.04296106962693015,0
12.152000000000001,13.90697262781341,22.725259536951288,0.816255034039338,0.9903609611572477,-0.013132459726802883,0.005800283520273943,-0.13776451585331836,0.24544111169604518,-0.07294607599484013,0.0301600456069367,0
12.202,13.919025478080556,22.72090979025597,0.8173170456910838,0.9887347230884376,-0.015707063093148007,0.0070411540004758225,-0.14868543196480113,0.23685758011187008,-0.0996779145389071,0.012946340478499867,0
12.252,13.930763548773541,22.715247370497142,0.8177501113320327,0.9870023206411953,-0.013432688868781741,0.009784699074372436,-0.15984442931385875,0.2348179011293297,-0.1278341089157433,0.005633831841475659,0
12.302,13.942626769349772,22.7078342394108,0.8177597867376462,0.9851426450731778,-0.007077523008789168,0.013063927139717607,-0.17109415926316948,0.23971119591999462,-0.16803449218869057,-0.007872734785715551,0
12.352,13.955773035773527,22.69873445060074,0.81678763021643,0.9820919453721386,0.0038371713550323827,0.01362765442562471,-0.1878695664178107,0.27758683745893564,-0.20304796456143287,-0.044191556418535,0
12.402000000000001,13.970003961009196,22.68758708825303,0.8114512895444826,0.9787423480014691,0.018853002127603654,0.009819131408973947,-0.20398913009697547,0.2895110359883251,-0.2315247124391815,-0.18387757183443956,0
12.452,13.982330602904783,22.676604475226856,0.8076922247136691,0.9754685501012376,0.03236881238395189,0.005075625438785408,-0.21768694442856687,0.21973120267006652,-0.19215514397022437,0.027069438930478137,0
12.502,13.993704845763084,22.66784927301752,0.8102114292330668,0.9723124778875506,0.03869341318043285,0.002147305329512879,-0.23044881036890055,0.24239285430444552,-0.17002712865090255,0.05829602478864611,0
12.552,14.006487665381057,22.659707353317902,0.8129032448657189,0.9688798731120642,0.041267619677074284,-0.002045736919052749,-0.24405857904404352,0.2680582911832568,-0.1556568140077365,0.04827354765877283,0
12.602,14.020527048524569,22.65236683229501,0.8149768281640357,0.9651876571795956,0.0414010144820161,-0.005707412416281752,-0.2581979238327346,0.292029168883977,-0.13864661163598002,0.03577329535607448,0
12.652000000000001,14.035712728321682,22.645815478455305,0.8166963240608553,0.9613516367990863,0.03891432604471276,-0.008274106041329105,-0.27243392744190437,0.31475976539459066,-0.12479527358155659,0.03342998766794369,0
12.702,14.052031367579206,22.639847599888373,0.8181646687783006,0.9574516762249978,0.03353878783136797,-0.00956530872483185,-0.2864785197423072,0.335823450658864,-0.11452693244429471,0.02204068090306023,0
12.752,14.06942976194891,22.634211112575528,0.8186901594245796,0.9536178299017974,0.025101317110416504,-0.009138342434443699,-0.29983236828311105,0.3590040143303761,-0.11174962953727957,-0.00656686616502122,0
12.802,14.087556249457842,22.628466045296065,0.815973566713325,0.9499759435100863,0.012030819522524643,-0.0065564492629053795,-0.3120224016105249,0.35678110224356835,-0.12010971493207467,-0.10701270249675394,0
12.852,14.104454090788968,22.622890383149596,0.8131233560194552,0.9457122606890251,0.002496087278500078,-0.0019620586013170097,-0.32498959961327256,0.3159585068769849,-0.10762676769558319,0.001661228854449602,0
12.902000000000001,14.11994101844193,22.615141798866727,0.8143396210959662,0.940572552249345,-0.0022740810057647162,0.00042936976275887475,-0.3395849203841919,0.3040132000721559,-0.1933060850100979,0.03362004262234495,0
12.952,14.134792130238157,22.60432204322011,0.8157979271497762,0.9348594495899967,-0.007980746011166802,0.0017268051068850565,-0.35492412618687286,0.29153604760819024,-0.23505816538669203,0.023493354485871844,0
13.002,14.149147769237187,22.59171109018071,0.8165535808086061,0.9286101923598316,-0.01012736215369477,0.0036357811691142116,-0.37090069867355857,0.28311957548046424,-0.26832165716424616,0.006328520913124822,0
13.052,14.163307442990074,22.577308202614343,0.8165786939497421,0.9220566742052605,-0.007322485728563603,0.0060022272560431005,-0.38693907017029755,0.2841405867240529,-0.309917203370517,-0.005501443238971119,0
13.102,14.177507446981183,22.560351752240056,0.8156957668569417,0.915377925268306,-0.001127476827580704,0.00788552309165559,-0.40251683350273143,0.28196378938230515,-0.3669334418778262,-0.034254901014926155,0
13.152000000000001,14.191516724756177,22.54042711766698,0.8126550305163313,0.9088978894718956,0.006664729861310909,0.008206581056992816,-0.41688470818292633,0.27403183069989234,-0.42560534356215146,-0.09402357718967144,0
13.202,14.205258683386745,22.51841508209132,0.8060924267391208,0.904080887180758,0.020400666701059077,0.002712239952617469,-0.4268655596168939,0.2887483564410733,-0.44918223861296863,-0.1697319182013889,0
13.252,14.217571738322548,22.498056977050695,0.8022311146510317,0.9008484965820215,0.03671276225431825,-0.004644249751937875,-0.43255356921173266,0.21736188504894036,-0.36357675693552743,0.015078528342687197,0
13.302,14.228683550560993,22.479952148715622,0.8044916918980074,0.897216230522882,0.04354636610304861,-0.007958624749932896,-0.43936705609048515,0.22931789561044072,-0.3647196485130002,0.06080697597377198,0
13.352,14.24061984528943,22.46199041303595,0.8075097862960994,0.8929799259654438,0.045571096142442084,-0.01250148746710711,-0.4476090256353602,0.24666577096227532,-0.35088747162935624,0.0554092591902911,0
13.402000000000001,14.253371992484858,22.44487359124495,0.8099180545035325,0.8887928477139277,0.04516873079699469,-0.016036873370180667,-0.45579587350398865,0.2626889724465744,-0.33498786095175137,0.04214605865275897,0
13.452,14.266846602573105,22.428445109923192,0.811955946856791,0.8850834779743528,0.04220935379343617,-0.017869967590132974,-0.4631698087391838,0.276571494982235,-0.3240212808719068,0.04037658031731635,0
13.502,14.281114444882538,22.41241325331828,0.8138695677912074,0.8819407522852437,0.03701603114534728,-0.017871419902932086,-0.46956462307912333,0.2932340945532562,-0.31723205209935085,0.03340063097266466,0
13.552,14.29625590492372,22.396579673618923,0.8152115060280893,0.8792744506792973,0.03014792796449555,-0.015769188605071784,-0.47509880605281124,0.31204467973368544,-0.31500995524457515,0.015134894019151936,0
13.602,14.312221807520531,22.381139575797093,0.8142073895281187,0.8767704568814729,0.02154165573768444,-0.011272336033107115,-0.4802941363875776,0.32069468162078213,-0.3014321346766415,-0.06903725868893065,0
13.652000000000001,14.326950626654504,22.366205593112756,0.8093748711546757,0.8727723447706642,0.006510299717532929,-0.002995725648082455,-0.4880748670326577,0.2651449702729682,-0.26408887235617273,-0.04987394257132591,0
13.702,14.33962538524904,22.352331525546067,0.809758314386709,0.8693524097353177,0.0006256994345834538,0.0020140945336384994,-0.4941881621516486,0.24006809548394403,-0.30838203696101807,0.033260267625613495,0
13.752,14.350661444404137,22.335613291012265,0.8117362117578723,0.8653302801179604,-0.007068307414926858,0.0037856946249012957,-0.5011379189978226,0.20641792903491812,-0.35485436046823243,0.04116852372070425,0
13.802,14.36036125544973,22.31708237463054,0.8135132041448672,0.8614159276125525,-0.01251228440609116,0.005044940286794599,-0.5077209774786244,0.18415276872708775,-0.3833253416671017,0.02850033091635836,0
13.852,14.369173651639391,22.29739234315184,0.8145853740852033,0.8570250811740803,-0.01226143452046896,0.005843893902196635,-0.5150956380771645,0.16977699439382185,-0.40474734911382504,0.01464493104128103,0
13.902000000000001,14.37723399320435,22.276335406893484,0.8148385193629402,0.8522688491184128,-0.006548989226279345,0.006158194094206085,-0.5230267643323698,0.15145244019564708,-0.4377071637996597,-0.00710269134424678,0
13.952,14.384407103223323,22.253375895157617,0.8134800418970101,0.8474336464528269,0.0028057163107308757,0.005219887762215104,-0.5308682469195146,0.13403480730017314,-0.47846945189322965,-0.057813688865095796,0
14.002,14.390857879086045,22.22888264654804,0.8077814764883186,0.8445321329233151,0.016538883315443703,-0.0009998185919402203,-0.5352484863700764,0.13510999611823452,-0.4943557751380325,-0.17105495166443055,0
14.052,14.396483732738705,22.20613982622993,0.804061350300407,0.8424164365264104,0.02949847938567105,-0.008809416575924097,-0.5379468202003516,0.10622211972581877,-0.4144246452198717,0.01766097435463856,0
14.102,14.402460867366626,22.185770285908795,0.80640434934555,0.840940308210317,0.03447824631559354,-0.012442208705015022,-0.5398850247975764,0.1330283524064449,-0.40894344463852994,0.06163323949303079,0
14.152000000000001,14.409842099780972,22.165471525044715,0.8094385562179046,0.83945020962272,0.034944429217799666,-0.016785062752508954,-0.5420521138224709,0.16064659309029922,-0.4015325343198042,0.05565247757735904,0
14.202,14.418569940432043,22.14566891448747,0.8118134319955792,0.8382040123642412,0.03343750396633229,-0.01962129783096075,-0.5439769955213348,0.1874071497270409,-0.39112996962760194,0.040278055816351015,0
14.252,14.42855268253636,22.126372954896596,0.81364517206611,0.8373640069277166,0.03031156196877978,-0.020213413276059803,-0.5454302403027399,0.21149995176712943,-0.38152264668730107,0.03377731807713945,0
14.302,14.43982354055056,22.10752204526651,0.8151133292248417,0.8368165741622173,0.025827651295651597,-0.018526869564820282,-0.5465598857765633,0.2381130490865244,-0.3720279779400336,0.02249098694112226,0
14.352,14.452417780144938,22.08904968922057,0.8157603699700648,0.836404989793272,0.0201330729484211,-0.014629050994652669,-0.5475466585502712,0.26518833432582534,-0.3659924049703737,-0.0022233257969119053,0
14.402000000000001,14.466246138557974,22.07115531466486,0.813637764802078,0.8354900630270099,0.012315977152526152,-0.008512326042849785,-0.5493015670788144,0.2804089860188054,-0.34997022092525915,-0.09476173061005792,0
14.452,14.47892403710622,22.054223153052643,0.8087654153070625,0.8327319939690022,-0.0018600188569463955,0.0016259258849005303,-0.5536707712307718,0.2286383924530833,-0.2966464662742049,-0.026496206403747998,0
14.502,14.489617816901278,22.03850975357923,0.8094307248790292,0.8307888176669819,-0.00775507972384004,0.007082804988157337,-0.5564886639020377,0.19346723331188706,-0.34086331531395697,0.03403420384392546,0
14.552,14.498321842036617,22.02037032944974,0.8114717449108813,0.8286180321153502,-0.015190675038411988,0.009453647617958636,-0.5595283985571046,0.15735996596111992,-0.37930059013360107,0.04280071339360312,0
14.602,14.505491450097807,22.00072212338035,0.8133378801921372,0.8265463114571147,-0.020135514656638733,0.010636907872064078,-0.5624078700170129,0.1319286164095852,-0.40466809538306275,0.03002854370167625,0
14.652000000000001,14.511651490068617,21.98004740656891,0.8144788373417821,0.8240023238266275,-0.019781899105353443,0.01056454858878077,-0.5661424176911838,0.11664063528511642,-0.4223936770409796,0.016259729931338854,0
14.702,14.51704169232393,21.95831467921828,0.8148460293236386,0.8208868393173743,-0.014075382676158824,0.009654061673493477,-0.5708357729954,0.09803476634311631,-0.4466335873762951,-0.003798737814686085,0
14.752,14.52150121295463,21.935167229792214,0.8137568604956079,0.8176356793148808,-0.004622130238409943,0.0078842900156187,-0.5756634171061279,0.08040073935924172,-0.47727056367006465,-0.0491785578297812,0
14.802,14.525363244626464,21.910872090786945,0.8087548800561498,0.816150429108171,0.008930751123618276,0.0015529017880843315,-0.5777683854685653,0.08486694989514118,-0.49174723714941865,-0.1555394164478977,0
14.852,14.5289206646305,21.887739448840307,0.8046264540004063,0.8157901901785332,0.022517890363096926,-0.008159582895993783,-0.5778518248037567,0.06582876628107792,-0.42229595235576045,0.020282434602839097,0
14.902000000000001,14.532885118887243,21.867047932494156,0.8071335119811259,0.815584722585545,0.027859398910482093,-0.012174666897697892,-0.5778383784963893,0.09233920724457768,-0.41593817453925597,0.06375906426025119,0
14.952,14.538263293004643,21.846285972684054,0.8102162699150668,0.8154035928696237,0.028725716516190505,-0.016492444344335114,-0.577944472441332,0.12149252764353177,-0.4126317288415154,0.0554143394529459,0
15.002,14.545077545324745,21.825826416477387,0.8125156596890081,0.8153344308673154,0.02777683285413587,-0.019199534450532154,-0.5780048367234895,0.1505047813668309,-0.40606996371190307,0.037892893402456225,0
15.052,14.553309302623882,21.805711541597173,0.8142030783848119,0.8155087321891629,0.025427952722268294,-0.019708375571038005,-0.5778498999532057,0.17792567836149287,-0.3991655582736414,0.030649293124175,0
15.102,14.56297495252422,21.785927235618882,0.8155141340397907,0.8159443315298662,0.02181654450141361,-0.017933896936153437,-0.5774402666691876,0.20748843959489363,-0.3915857409336773,0.01948568081283668,0
15.152000000000001,14.574083417601466,21.766452346110402,0.8160093851722795,0.8164568928243848,0.01700839724061672,-0.013943505992184307,-0.5769873787384816,0.23630195708437116,-0.38672613085014973,-0.005047381789533728,0
15.202,14.586533944667192,21.747495101149802,0.8138149069261841,0.8164235903517141,0.010035620281299012,-0.007644771503709108,-0.5773156544832677,0.2547156461988193,-0.3713999761024602,-0.09389989687241018,0
15.252,14.598067426756005,21.7295902092265,0.8087971267734744,0.8143920051925184,-0.0035302883543847216,0.0029380915854435737,-0.5802969641144778,0.2079408178573205,-0.3133255003154166,-0.030951676325697976,0
15.302,14.607670915334719,21.713225850135913,0.8092359843139633,0.8133606099044601,-0.009101625304849615,0.008675375710542561,-0.5816239476920932,0.17123783185057048,-0.3520356273059453,0.03015487002127279,0
15.352,14.615206113617141,21.69459887437662,0.8111507739815563,0.8120382227097385,-0.016296246696212376,0.011102762050462548,-0.5832710226617428,0.1333069647671357,-0.38814012362999156,0.04194291838735232,0
15.402000000000001,14.62113951468092,21.67454239284829,0.8130431459550416,0.8107631492358642,-0.021231629637922685,0.012208188174210436,-0.5848617733153397,0.10703583308264922,-0.4122476270008821,0.03147423345196354,0
15.452,14.626015506230848,21.653506638452686,0.8142711138814993,0.8090118112120158,-0.021104162470400107,0.01188144128348377,-0.5872932274417131,0.0903760437709673,-0.42895982735971955,0.018303609149316825,0
15.502,14.630084303759812,21.631520627629172,0.8147397711214968,0.8066228643561582,-0.015656451551997484,0.010646491661476269,-0.5907631356457239,0.0716676404328878,-0.44999749408639295,-0.0017706925184206043,0
15.552,14.633208301922567,21.60830042002071,0.8138008527649058,0.8040669770290175,-0.006314896559417452,0.008600508865677163,-0.5944429743719004,0.05317155294596754,-0.47720274939750773,-0.04509596265951204,0
15.602,14.635699357070477,21.58406904930407,0.8090205069029295,0.8032160392892868,0.007022992176380447,0.0022672295453783327,-0.5956421169456624,0.05706274774924679,-0.48974590413518254,-0.15056925266379537,0
15.652000000000001,14.63801546479539,21.560957457601415,0.8046951808858438,0.8033176130312492,0.020597286343612114,-0.007734001457088179,-0.5951443099035028,0.0421336622855629,-0.4227335882454113,0.020229585693368957,0
15.702,14.640882509912517,21.540216444879977,0.8072775780296239,0.8036793485015508,0.02579049130566215,-0.01187217451368837,-0.5943848978756532,0.07140695212216171,-0.41720308022303354,0.06546969235632753,0
15.752,14.64525130714584,21.519333364753727,0.8104454575995639,0.8041748661326836,0.026537100989800666,-0.016307048265705254,-0.5935761510778522,0.10192437683915907,-0.41579439187849687,0.05687626301933928,0
15.802,14.651120399776811,21.49867806441592,0.812796738818755,0.804719151427386,0.025577716428537445,-0.019069683913554954,-0.5927977858458359,0.13203663085216338,-0.4107671158333222,0.038479243416888416,0
15.852,14.65845849794955,21.478296441564822,0.8144927248425482,0.8055296096021122,0.02332177055388146,-0.019562757154849713,-0.5917731335613339,0.16069745314167178,-0.40518088977495614,0.03056301000748327,0
15.902000000000001,14.667304523443388,21.45818641850317,0.8157853478082865,0.8066450980127968,0.019925173868517748,-0.017766436939548363,-0.5904329149164256,0.19191361026859427,-0.3984626320029287,0.018893863492401578,0
15.952,14.677664816636925,21.43835915014556,0.8162466641114212,0.8077777064253466,0.015418376464415398,-0.013720923135712283,-0.5891257819326124,0.22190932260373158,-0.39405921045570513,-0.005614635928525578,0
16.002,14.689444185423424,21.41902641965526,0.8140446823476893,0.808236825396379,0.008786744369610215,-0.007336634021202262,-0.5887462959525144,0.2425535532857477,-0.3787927264476758,-0.09415516436586367,0
16.052,14.700444504290303,21.40084874238104,0.8089086804091696,0.8065695800894843,-0.004398895062222328,0.0033845916564009216,-0.5911131082422583,0.19873397671887852,-0.31792117623066046,-0.032929858146064146,0
16.102,14.709531435431083,21.384341768999818,0.8092179639713015,0.8059340279306356,-0.00985560908676325,0.009239878223301266,-0.5918511926518771,0.1608961606520043,-0.3540154374784348,0.027717526179950748,0
16.152,14.716539279636178,21.365650184361016,0.8110422541058461,0.8049684033106549,-0.016885837765904983,0.011689951307267937,-0.5929621262718836,0.12274179105916522,-0.3891673713676813,0.04114964780190556,0
16.202,14.721933352235457,21.34554297347568,0.812950043752171,0.8040467300313443,-0.02177183261251886,0.012745566306997594,-0.594030633696706,0.09612248220934332,-0.41335713540362634,0.03263080822657029,0
16.252,14.726251347281222,21.324444373164855,0.8142581437351719,0.8026732655649942,-0.021752853511366726,0.01229021068268977,-0.5958954546165931,0.07898698415519267,-0.4302261517048489,0.02012015417528364,0
16.302,14.729758309930626,21.30242287633557,0.8148179016813698,0.8006290776028642,-0.016463589600942304,0.010899339109206848,-0.5988348977149047,0.06059106279896742,-0.4500087568440217,-7.050723661522593e-05,0
16.352,14.73233018166647,21.279244350275086,0.8139849033467288,0.7984160219907787,-0.007223461800535318,0.008735510937537659,-0.6019994753126423,0.042220606634124636,-0.4756445454814903,-0.04197290351550734,0
16.402,14.734249008458391,21.255108389088935,0.8093693082718729,0.7978730890545328,0.005947569476503368,0.002471317581622344,-0.6027910523301673,0.04502188329796009,-0.487297997669316,-0.14750102425675563,0
16.452,14.736053882760555,21.232057521117643,0.8050561883920359,0.7983735907034561,0.01940978107624207,-0.007589260014792193,-0.6018016892617293,0.03324283518704516,-0.4222630609834313,0.01804758510691773,0
16.502,14.738466407370517,21.21136235064995,0.8074881174342212,0.7991086601010365,0.02457523465025758,-0.011816218734042587,-0.6005678847293127,0.062364887117974964,-0.41638004194939116,0.062325944639819844,0
16.552,14.74240446082214,21.19050413365962,0.8105429870981379,0.8000712066299809,0.025339388638728002,-0.016240760805750567,-0.5991495784806274,0.0939646539085307,-0.4158018826903158,0.055521863807988896,0
16.602,14.747894437477058,21.169823110925083,0.8128573898647845,0.8010623647493197,0.024446519402404134,-0.0189786453743291,-0.5977802827888287,0.1247617517164885,-0.4117364738639444,0.03810305185070741,0
16.652,14.754882098201975,21.149365377638752,0.8145358808829443,0.8023475399886152,0.022262822449546762,-0.019412839094726374,-0.5961257698582415,0.15420166242498282,-0.40701407634208914,0.03017717863160976,0
16.702,14.76343295011257,21.12915203013928,0.8158045657516129,0.8039458718118124,0.01902724465663257,-0.017576609074508694,-0.5941380832525078,0.18655424803921536,-0.4006746645868147,0.018289303146497057,0
16.752,14.773547419024148,21.109213838080073,0.8162280567351018,0.8054783595295718,0.014737966777851289,-0.013483320426873748,-0.5922884472409294,0.21741415463169222,-0.3962891213146038,-0.0064648790195342525,0
16.802,14.785120115177488,21.08978063516825,0.813995249159067,0.8061949349699734,0.008316531523528296,-0.006995481265588042,-0.5915501883813769,0.2385260900733707,-0.3805041587124533,-0.0939562883325922,0
16.852,14.795888571942617,21.071502227306688,0.8087547285227308,0.804566057744496,-0.004950283822828172,0.004104419319957777,-0.5938283482266576,0.19252882554735604,-0.31728809225509536,-0.03485323060763897,0
16.902,14.804682300671299,21.055127522114514,0.8091214900634847,0.8041059049946746,-0.010107261838371514,0.010241340353010647,-0.5943119145352894,0.1549541858874716,-0.3501816439913877,0.030056595623685213,0
16.952,14.81132791343234,21.03674335860803,0.8110847182604276,0.8033782056166011,-0.016917891758187583,0.012849898974988823,-0.5950900131703108,0.11446463911402402,-0.38029983817632595,0.04359400464989857,0
17.002,14.81624988640609,21.017310737717846,0.8130582195859589,0.8027149571641365,-0.02157997720269,0.014252144474427486,-0.5958018785693693,0.08563545694035407,-0.3946813987687934,0.03263541195588769,0
17.052,14.819975649635078,20.997479523256914,0.8143103316543397,0.8016340413559361,-0.021208903941348403,0.014380312111357797,-0.5972656467239154,0.06556981870509024,-0.3990292834514441,0.01823409568442103,0
17.102,14.822707228596421,20.977260396386715,0.814816792220422,0.8001555986023472,-0.01559656954689571,0.013602730210235564,-0.5994353432810894,0.04326855470971888,-0.4101462002775418,0.0006766038860979374,0
17.152,14.824322933585252,20.95625621642107,0.814098839415755,0.7985857876133476,-0.006093212983267134,0.011863115452849257,-0.6017332291549669,0.022108246833203726,-0.4294326666557887,-0.03785171737285905,0
17.202,14.825220322039755,20.934493738504255,0.8096845987901167,0.7986692686454228,0.007203715607059652,0.005764496842522338,-0.6016994900936784,0.02374334804083774,-0.4386825184431121,-0.14723862086453357,0
17.252,14.82597553549122,20.914079410823565,0.8053180053207235,0.7994329979145823,0.020428376007018655,-0.0036366227141945776,-0.6003968173418767,0.011993038948137844,-0.3653002540247431,0.01497862544981968,0
17.302,14.827336794427044,20.8965072052489,0.8075447678633476,0.8004422478193055,0.025979848826956115,-0.007110115895082788,-0.598804393448199,0.04131767367671967,-0.34727876030003857,0.05728218770576167,0
17.352,14.830149748600356,20.879472268428977,0.810297947594204,0.8017092632856563,0.02760550966689929,-0.010705836966287813,-0.5969803833065649,0.06973406760591734,-0.3327406235031823,0.049271082448601844,0
17.402,14.83432125242173,20.863321822513992,0.8123231826755474,0.8030973770462405,0.027473717032817074,-0.012614461753745029,-0.5950803922231969,0.09592508599184943,-0.31331967772594094,0.03272950162283752,0
17.452,14.83972732323689,20.84826668719172,0.8137826967932807,0.8048116262136444,0.025814559555305722,-0.012204554430012001,-0.5928430683388987,0.11994287557260641,-0.2899545703663854,0.027350075648174578,0
17.502,14.846408185006723,20.83436812113021,0.8150605258168654,0.8067513862872224,0.02275913771385451,-0.009639665130456415,-0.590373863945839,0.14607073797902134,-0.2661563814528842,0.021939056897363193,0
17.552,14.85438984593854,20.821523963615142,0.8159306206237618,0.8085308026924786,0.018143378526669845,-0.0049384086171599655,-0.5881533567305596,0.1727240661002818,-0.24815756332574337,0.008299327523242082,0
17.602,14.8636560592783,20.809662599647005,0.8148069018999279,0.8095047171341703,0.010973716802614568,0.0019458116389775009,-0.587007584528623,0.19218135113199095,-0.2263853357865507,-0.06860534846522055,0
17.652,14.872327867432325,20.79872066792957,0.8111594507046607,0.8126895741116397,-0.0003169391199587821,0.010672563567853658,-0.5825990491467736,0.14282766331795554,-0.18758456537797857,-0.02353978483701797,0
17.702,14.878370727731463,20.789264975513387,0.8111650741084843,0.82087280821477,-0.0041457033046902875,0.01614399486161376,-0.5708677756780592,0.09678119287217138,-0.21051339196043517,0.02389130849835293,0
17.752,14.882274230892751,20.777573535813506,0.8127917474842206,0.8282701050700424,-0.009035105311911236,0.018956028896437212,-0.559935414925455,0.06229710243458434,-0.25421708528625275,0.03846357979463764,0
17.802,14.884727481596425,20.7639703023198,0.8146595827943663,0.8358368135375112,-0.012810955636050326,0.020258009945428444,-0.5484544772214025,0.0381355338071179,-0.2873069248921153,0.03311415802566256,0
17.852,14.886143183346691,20.749029098671393,0.8158455808220838,0.8433023320672847,-0.012951226722780993,0.01947773353310222,-0.5369302192582094,0.019600704947182888,-0.30896820553536597,0.013206464553776909,0
17.902,14.88666770189095,20.733101852839976,0.815724133433957,0.8500473830241546,-0.00841453067931216,0.017098006832573294,-0.5263613781895352,0.001981520853631035,-0.3255079291758002,-0.01976272759587111,0
17.952,14.88637104187981,20.716557132681576,0.8135215653849976,0.8560121130137711,0.0011467173221527006,0.013584925261194078,-0.5167759642424663,-0.012501333314501312,-0.334727447761116,-0.07475516487253475,0
18.002,14.885548161290155,20.699936893676828,0.8068933801061398,0.8629189885710995,0.015453664769753694,0.0072205329830190585,-0.5050543211497727,-0.023991056643001493,-0.3305215412552152,-0.15617205564711142,0
18.052,14.885451441484793,20.683507838100148,0.8039666540960052,0.869123295198062,0.02231117010504168,0.00117256775987167,-0.4940906136706674,0.01989191292183186,-0.3174551397546078,0.013693707403031448,0
18.102,14.887957076658683,20.66816439689954,0.8061323565955872,0.8760101398480821,0.02281771510112718,-0.0020796018487023236,-0.4817481313062435,0.07731495034030117,-0.30045159158777174,0.05959015068269651,0
18.152,14.892943769172959,20.65333575799719,0.8091409908652539,0.883455044136479,0.02147302120877821,-0.004435317295477264,-0.4680025879313782,0.12012794022910948,-0.29204847326660793,0.056924931744830064,0
18.202,14.900064206025576,20.63904796848526,0.8116195237580058,0.8912304218781654,0.019700704291077887,-0.005382283958558519,-0.45309077279138127,0.16359446165795138,-0.27899947844533435,0.04253908062688055,0
18.252,14.909361287624643,20.625451898223133,0.8135944708098676,0.8993708167701322,0.01747554984535494,-0.004769862694372235,-0.4368111577211634,0.20748034081210748,-0.26509194005598313,0.036607022608341824,0
18.302,14.920958840474214,20.612665144314015,0.8150592505128114,0.9073740658412465,0.014541905101743116,-0.0027084630737844095,-0.4200636878647249,0.2537543613471634,-0.2457221945612638,0.01826414694760529,0
18.352,14.934770176129659,20.600770286605666,0.8151644048090441,0.9145589050344551,0.010034683938353344,0.0009005557068556793,-0.4043272231001194,0.2962849283722749,-0.22882688567707413,-0.019343148441200317,0
18.402,14.95046199165817,20.589957521761274,0.8121667706749126,0.9201647050071087,0.0015043808658042439,0.00634320015104079,-0.39147722323174206,0.32528505153976783,-0.20848443675607167,-0.10667824177133485,0
18.452,14.96605336838086,20.579692060610096,0.8062912273042999,0.9235606822508056,-0.016114457328023715,0.014136172513517174,-0.3828526597688973,0.2686123792403963,-0.1735232230773189,-0.037461260694856724,0
18.502,14.978300922334743,20.57167186530751,0.8068372654705018,0.928564079448281,-0.02312184434823755,0.020893417256190136,-0.36986159004100777,0.24039958505475487,-0.17548537584030202,0.02056657991314852,0
18.552,14.989994054796004,20.561660829305445,0.8082538233713866,0.933443890910489,-0.02943103108727449,0.021967057982781053,-0.35683857035725325,0.22905503817289946,-0.22308558551090762,0.04018942066410726,0
18.602,15.001247337173158,20.54952744642312,0.8105609553692608,0.9383584867008209,-0.034867812158157374,0.020892086976462578,-0.34326535918093315,0.22320277647968592,-0.25881180325495196,0.046761327862249194,0
18.652,15.01241997000085,20.535951096705357,0.8126332358405035,0.9431256208132339,-0.036049795232763616,0.018152724815426406,-0.32997720256269597,0.2247285467204853,-0.2829621073960682,0.03547035677534936,0
18.702,15.023762848373226,20.52125740843791,0.8139403605462335,0.9474636829701519,-0.03215149780465903,0.014945738756308105,-0.3178922388712573,0.22807086468401278,-0.3025818863416002,0.015214811648814662,0
18.752,15.035206888632684,20.505748022267046,0.8140087474137825,0.9512808000436898,-0.02336669678974034,0.012673570120175304,-0.3071778272756381,0.22873962714897572,-0.3162652269154605,-0.01673671772780123,0
18.802,15.046569174668129,20.489887734076486,0.8111179658634172,0.9550305361260183,-0.00975334333414028,0.010718545708684805,-0.2961531025306777,0.22662364344045371,-0.312546845355467,-0.11036390827408828,0
18.852,15.057740258503305,20.474908315304862,0.805297291844692,0.9590708509133021,0.00651885548760189,0.005656774732352763,-0.2830346416098087,0.21826709131565888,-0.2882490969302472,-0.04621825470247302,0
18.902,15.069010755716832,20.461154150026964,0.8062714171956203,0.96227158068066,0.010746222860786588,0.001614663643186516,-0.2718737143783641,0.2456164751094081,-0.2624769629480342,0.05113630751520573,0
18.952,15.08217845440157,20.448931494850584,0.8092950061023579,0.9660201222697806,0.011274994051737207,-0.0025512403270989354,-0.2582082280869542,0.28036469464472297,-0.22898913536625282,0.06236162094617606,0
19.002,15.0970178283595,20.438304630512405,0.8120244912557641,0.9696936585970122,0.01125293969400859,-0.0049740831787543505,-0.2440140125515656,0.31172793848186614,-0.19736604388841453,0.04596849357985745,0
19.052,15.113421213120498,20.429175832996684,0.8140545925698894,0.9732922275754278,0.010365068930323733,-0.005569312005027806,-0.22926793899523673,0.3436805204403143,-0.16776724349699856,0.03602623077330558,0
19.102,15.131422120272354,20.421728575378545,0.815530052319763,0.9767307728015434,0.00831111817605514,-0.004512288290268499,-0.21426050039974945,0.3737962938218387,-0.13004270750737207,0.02062858270768855,0
19.152,15.150829337686517,20.416120529400917,0.8159295077281624,0.9797372696220598,0.004594701296906945,-0.001782911414066706,-0.2002263530617133,0.40085381386030583,-0.0947136908706828,-0.009416901659569137,0
19.202,15.171341866196055,20.412383896464757,0.8135753974701561,0.9819662786575595,-0.0027045111231375086,0.0018684453455073307,-0.18902756971140544,0.4153776471826752,-0.05947592974923327,-0.09499439366127686,0
19.252,15.191370587018916,20.409326416050007,0.807862794641182,0.9828751228580029,-0.018477643154290995,0.005786519930530624,-0.18325279194986965,0.3481403725773095,-0.05389619038696589,-0.04293683817361705,0
19.302,15.20761439759742,20.40621796569479,0.8080734318422446,0.9843267672114253,-0.02573106896529901,0.01066424668147111,-0.17414075135856125,0.3283377351325354,-0.08388580710893309,0.020828634664644054,0
19.352,15.224260858365893,20.400641063102494,0.8096866509041267,0.9856141626695972,-0.03140828747819502,0.010096326282077803,-0.1657597840804595,0.33762051953191563,-0.13473261567597714,0.042319959065471265,0
19.402,15.241258293962673,20.392943214926373,0.8118719997458251,0.9868714880199897,-0.035351289422444906,0.007983352628456194,-0.15738874975738182,0.34202601640663155,-0.16942061313320225,0.0405911163377802,0
19.452,15.25836442274354,20.383922416548437,0.8135098388216102,0.9880562319599753,-0.03480513186766851,0.0061618348483459305,-0.1499850561623761,0.34225554449694384,-0.1895963415430698,0.02463748935406883,0
19.502,15.275464330982226,20.37401282142476,0.8141735071222658,0.9891440490909574,-0.02932654425109154,0.005946765647894048,-0.14387021904676187,0.3405814091369091,-0.20604367459046455,0.0005876279967251118,0
19.552,15.292450536926033,20.363261712095923,0.8134198767371459,0.9901891812541277,-0.019692042136650694,0.007577546771214198,-0.13813105946418414,0.3385404509681064,-0.2236128366291094,-0.036682551780700665,0
19.602,15.30928766029638,20.35194934532399,0.8092872405177579,0.9914919372440358,-0.00493772812714245,0.008861435635114262,-0.1297722319276951,0.3381485893282242,-0.22112568772923874,-0.13927859096532866,0
19.652,15.325379827381054,20.341396926570308,0.8045956956312822,0.9926000869919063,0.011164263331481008,0.006728885848115876,-0.12072758020919905,0.29897824822343766,-0.1957968780225286,0.0038345835490054495,0
19.702,15.340325418877699,20.33265244158625,0.8066840582807563,0.9935957708444951,0.01696415348406669,0.005039967177886948,-0.11159865764133925,0.307408393942639,-0.15631815506241717,0.060255501921329106,0
19.752,15.3559728557098,20.325851556028052,0.8097830920305067,0.994696673784354,0.019745843680589865,0.0020273396829221047,-0.10091837649057965,0.3168995104762448,-0.11800982801079828,0.0582331584443775,0
19.802,15.37197255202895,20.32091362721643,0.8122312163153874,0.99576498723746,0.02067234276271928,0.0002305949567087073,-0.08958064111541177,0.32237689284521626,-0.08080158957427412,0.04006085832570582,0
19.852,15.388136509932531,20.31780187702143,0.8139720444733319,0.9967943400874619,0.019607666073795587,1.7201780985410806e-05,-0.07756663396615136,0.3237708245374471,-0.044353029363494216,0.030910993531069835,0
19.902,15.404313565532185,20.31665086962872,0.8152986321409817,0.9977254431750824,0.016604780730591517,0.0013832171355842372,-0.06531698101053793,0.3222554374033788,-0.00300335435222414,0.020328823197230658,0
19.952,15.420477967839068,20.31747949428414,0.8159352273604722,0.9984745851572919,0.011356135516376764,0.004044241998885771,-0.05388121275326907,0.32390331692535623,0.035520984455725144,0.0006420189344306403,0
20.002,15.436580413634015,20.320281808645284,0.8143466055739914,0.9989688137197684,0.002672516180342568,0.0071171077349649605,-0.04476062611352498,0.31822402817726786,0.07153666115148646,-0.07700879748012315,0
20.052,15.451441472241182,20.323544851627606,0.8101447565759866,0.9991242649073167,-0.011474934309118556,0.009778566866798365,-0.039030869655276364,0.2424921521976281,0.05017859665860251,-0.020750334644991764,0
20.102,15.462753950455008,20.324868927406737,0.8104800910808311,0.9992342875639115,-0.019238985527753646,0.013338781247358399,-0.03134927283589518,0.2343088418844808,0.0011980870600339331,0.026903942206398825,0
20.152,15.474893706545528,20.323656599786805,0.812424985027011,0.9993048292681246,-0.025275499810810377,0.011897981158800294,-0.024686947058348375,0.2471513980561048,-0.045220408768670645,0.04525600508231198,0
20.202,15.487260059722322,20.32052839319411,0.814528528493727,0.9993718714973714,-0.029023696405379842,0.010128215083108382,-0.017632548483976166,0.24616962784610252,-0.07646464676666888,0.03534468479378363,0
20.252,15.499316140336434,20.316127145651116,0.8157914221976523,0.9994910913878858,-0.028341490216563976,0.00957768986059052,-0.01107185736414837,0.23695866075001398,-0.09750626862558133,0.01626694870412053,0
20.302,15.511603232165282,20.311113341021752,0.8161754777144408,0.9996777996108656,-0.021860555429502847,0.009009620039365927,-0.009232541808099317,0.25738462388790734,-0.10360263444166601,-0.0022098541727389835,0
20.352,15.525112767314365,20.305297876823886,0.815552342770649,0.9998525194144278,-0.010481014162891268,0.008317480045290301,-0.010766024727581503,0.2822052298946902,-0.12787082939489572,-0.029911705748807946,0
20.402,15.539781990896486,20.298653835542297,0.8113832190657587,0.9998908352366284,0.0062141924186689314,0.007318568067018579,-0.011231205804825043,0.293103787155444,-0.1337779377823118,-0.13820483044994278,0
20.452,15.554393934808074,20.291904738622325,0.8086270932331947,0.9997708121972667,0.01739624514252506,0.004690593454522415,-0.011562528547129932,0.28652353424791466,-0.11904287955009256,0.024676118898295532,0
20.502,15.568943582616752,20.28739555847327,0.8109873239547583,0.9997254108852149,0.021238005202853533,0.0025654251562606655,-0.009563919654547694,0.3020630109500413,-0.06809096397298996,0.05444572454780544,0
20.552,15.584589725288033,20.284935975807578,0.8133737885907875,0.9997063078057391,0.023147266558792057,0.00023394547803302497,-0.007172688044684081,0.32371849093547167,-0.03218746052409084,0.0406448386695643,0
20.602,15.601339089905423,20.284250062729832,0.8150171205316761,0.9997073904614165,0.023740133576498408,-0.0014523708360267714,-0.00440796251678127,0.345012620267299,0.0036134784291248405,0.02621533937161392,0
20.652,15.61910134109524,20.28529900046541,0.8161829404450248,0.9997443435474119,0.02247480906246201,-0.0023061793603338975,-0.0009011322423561262,0.3641851928903644,0.03786405478353619,0.020514133624828904,0
20.702,15.637696716214514,20.288168205690734,0.8168647868975367,0.9998115616198994,0.019055473300176984,-0.00216495735177716,0.0030071827596184755,0.37684978006310965,0.0752578798116587,0.00360956519024069,0
20.752,15.656837364212636,20.292798718728125,0.8163152876281369,0.9998931322430448,0.01307777768351517,-0.000955371822062891,0.006463983967748669,0.38691680393989203,0.10905322279108434,-0.03112087242191205,0
20.802,15.67616060616597,20.298923127893485,0.812481610522222,0.9999635064251454,0.002579863117521971,0.00030628440565362325,0.008138569535602717,0.3843032027729784,0.12501335194215693,-0.13230670799737587,0
20.852,15.693832007421696,20.304394420049974,0.8091711944687451,0.9998885484832278,-0.012769662004040887,0.0017243413085136323,0.007540092271274182,0.3134739470591724,0.09830795369844225,0.017331340268325654,0
20.902,15.710438916582168,20.308103466938807,0.8109287279224746,0.9997643323590184,-0.020101762078172925,0.002522215352808553,0.007799829087407546,0.3512733088693918,0.04806859973920138,0.04385393940614757,0
20.952,15.728776870832478,20.309404678569376,0.8131782479848085,0.9996045684916742,-0.0269665772127401,-0.00012386498953928705,0.007968376338145483,0.3772309605651433,0.007762604864014274,0.042691041923198746,0
21.002,15.748159164364758,20.30906020733289,0.8149581841749047,0.9994962703182186,-0.03062431723621987,-0.0024867275377557585,0.007948144433637986,0.3974039249039965,-0.018723127836337474,0.02720592170467134,0
21.052,15.768462653666617,20.307613416635043,0.8159793215281675,0.999543264640352,-0.029263405844420172,-0.003090004606278442,0.006882373284370099,0.4150612640065225,-0.037840864457322425,0.01474228705079903,0
21.102,15.789716150087028,20.30519982227008,0.8162642163566474,0.999711935289771,-0.02354725189526922,-0.0012903757758351963,0.004461871548947997,0.4334996782266322,-0.05910436008880555,-0.005608643015716024,0
21.152,15.811954453008171,20.30166206696804,0.8151963101711687,0.9998866720827551,-0.014763990097515925,0.0023581169504830204,0.0017626321570705218,0.45406731827789915,-0.08215967792384025,-0.04476159578363674,0
21.202,15.834947657617581,20.297310432679527,0.8107434551482483,0.9999838497794621,-0.0008212319375927495,0.005374261798370177,0.0016562211429309063,0.46590887055774566,-0.08150542478017916,-0.13701964851917156,0
21.252,15.85710695923451,20.29323306737284,0.805590386673378,0.9998168927905371,0.017831270264220416,0.00529110689027768,0.004497874977756068,0.4052481289655124,-0.07988261608924864,-0.00048643294900885085,0
21.302,15.877117579596497,20.28983370693476,0.8076171687139513,0.9996592688894808,0.024898062514337124,0.004638707633626776,0.006317831738016083,0.4069994641977991,-0.05594445020007852,0.059142778004342346,0
21.352,15.89771137719606,20.287833644657454,0.8106347346574858,0.9995598518725823,0.028423712446652028,0.0013773546954185267,0.008384389617273107,0.41521325261277103,-0.024810062588061538,0.05604805577868216,0
21.402,15.918612134739982,20.287372915443292,0.8130021982810501,0.9995033906027115,0.029758358858062137,-0.0015031727535948242,0.010254400198535591,0.4208788073083759,0.005215259091105903,0.03956627464333521,0
21.452,15.939778753183434,20.288373341272877,0.8147707705467656,0.9995054745423088,0.02872142329463766,-0.0033401905475044153,0.012358370887468915,0.42602250444564504,0.034024072628570906,0.03237307349965845,0
21.502,15.961213230297165,20.29088648861119,0.8161812822483997,0.9995564307546232,0.025514212818045626,-0.004041807597121785,0.014819934976330917,0.43006421003749284,0.06551610927788856,0.02208785716232141,0
21.552,15.98285303082004,20.294904415873063,0.8168774529825186,0.9996405582621969,0.020121635183042802,-0.003526412051270217,0.01736198412765982,0.43491345184952257,0.09454175811892343,0.001097053642876081,0
21.602,16.004456715575458,20.300397808762202,0.815176140540723,0.9997445115032494,0.011865070542103624,-0.0022497835254976636,0.019106812770557438,0.42607437858539304,0.1209760063754392,-0.08247829724267274,0
21.652,16.024948354951103,20.305669641301282,0.8096643434270103,0.9998500718976805,-0.004650154331611763,-0.0018069512365100013,0.016581457056777996,0.361098117381118,0.0966823897296278,-0.054708453267378915,0
21.702,16.043020301745155,20.30972632935724,0.8095912874011921,0.9997844291000115,-0.01223265000270009,0.00012459255902579183,0.01677623556609794,0.3806335157139942,0.05800224037962407,0.02344502291042575,0
21.752,16.062750058335343,20.311304738345154,0.8112531753292761,0.9996918099570087,-0.018828615745726095,-0.0018570706623419178,0.016072324739562,0.4070851877344474,0.01081098142467534,0.039656702372430776,0
21.802,16.083601076959074,20.310957412643013,0.8131383120707619,0.999597310616677,-0.02344918256500419,-0.0038276657874202987,0.015514555087362913,0.4257164850571695,-0.02133782113330902,0.03294918907060271,0
21.852,16.1051996382514,20.309360472441437,0.8144506942743797,0.9996168699035187,-0.02354400301534368,-0.003999484145717457,0.013992764304240447,0.4381167088394068,-0.0407282360250718,0.019545669214955333,0
21.902,16.127466761247675,20.30679341804833,0.814947477472931,0.9997553115829755,-0.018984327007580463,-0.001635050699930571,0.011235608524083762,0.4517293138312376,-0.06259096724495584,-0.0018860716940890308,0
21.952,16.150541592525652,20.303055522740284,0.8139827242804782,0.9999043909899008,-0.010849515664136757,0.0025990524753621226,0.008169566402165554,0.4697099062259134,-0.08670574411092007,-0.045337276061386864,0
22.002,16.1742983179404,20.29847273924439,0.8093067982680389,0.9999453434305269,0.003084010327437762,0.005971508033737456,0.008008752943366147,0.4818814385518484,-0.08617770334806403,-0.1462933552070695,0
22.052,16.197038450885916,20.294086635523772,0.8049840058194897,0.9997441911197161,0.019559973904828838,0.006280321305489549,0.009461358651189007,0.41790420881855306,-0.07989747309625157,0.01630881460557978,0
22.102,16.217743355707825,20.29096305684028,0.8073566153209409,0.9995799488649684,0.026041217553090502,0.005981813246012215,0.011224915400504803,0.4200388239440669,-0.0485033615126855,0.06184310665519136,0
22.152,16.238978721297208,20.28937047206061,0.8104098764356812,0.999480060650133,0.029262432307323064,0.002852373942618454,0.013235648119959875,0.4269908740471016,-0.016127923203750578,0.05573658864555174,0
22.202,16.260414176739037,20.289380776505137,0.8127398185779646,0.9994294157237018,0.030171365560017777,8.74611654685805e-05,0.015183018045482572,0.4305375591715575,0.015443101037081132,0.0384520421777345,0
22.252,16.282000074451027,20.290923692844522,0.8144327063504192,0.999433846621131,0.028675713439540743,-0.0016122389027704673,0.01752399419491891,0.4331869679393583,0.04566889885717409,0.030399623614282577,0
22.302,16.3037331710339,20.29407142157786,0.8157079611751537,0.9994787762438271,0.024989727120082513,-0.002131747512587282,0.02032596932865094,0.43504751909496026,0.07919734593885337,0.018356683922571313,0
22.352,16.32559264681071,20.298828832701304,0.8161299990551969,0.9995518136815461,0.019089324305030204,-0.0015130239414104059,0.023010437241892917,0.43866828107132677,0.11063218144636144,-0.006630222098530653,0
22.402,16.34735031124447,20.305149699364684,0.8138668134174131,0.9996528433290531,0.010004508643768544,-0.00036243650682199566,0.024371525818382738,0.4296119602468781,0.13575074694629877,-0.09546226308609816,0
22.452,16.367832231758015,20.311035769644356,0.8086060343639415,0.9997308950902867,-0.007152099755035746,0.00013632782345088048,0.02206731260921025,0.3584902753990555,0.10741255935464891,-0.03437732728214306,0
22.502,16.386088231533446,20.315499833559866,0.8089051228830763,0.9996468461067628,-0.014882642689151439,0.0015598963003582568,0.021960344690367666,0.3826674821635086,0.06395602584326483,0.02753677466005324,0
22.552,16.40590946648968,20.317440295983914,0.810750896751355,0.9995367515247927,-0.021683130191484087,-0.0008025301949976524,0.021341981202532737,0.4067793166393206,0.017973398954478904,0.04206950925191771,0
22.602,16.42668287279867,20.31745837174216,0.8127192117570314,0.9994389074842722,-0.026064916294209817,-0.0030693672203481554,0.020810317875662655,0.4232239038253017,-0.013641283202733582,0.03390413945384578,0
22.652,16.448125403184033,20.316212567292204,0.8140786038089828,0.9994753094593073,-0.02572501134885666,-0.003607303813803868,0.019347271939956195,0.43472255617680355,-0.03403619619142853,0.020959575063588833,0
22.702,16.470219707482208,20.313981581716153,0.8146760760125864,0.9996468315446604,-0.020691133445889336,-0.0016580314251024302,0.016593375522813175,0.4482325311672126,-0.05570802608171346,0.000672730906369699,0
22.752,16.49313549760408,20.31061129240598,0.8138996576925723,0.999834181186314,-0.012039785238148238,0.00221527946311851,0.013481329304307477,0.4670741401642694,-0.07886139183453383,-0.04028670615962511,0
22.802,16.51676170134453,20.306410303015785,0.8094119516772943,0.9998974796713077,0.002140139878949742,0.005426551676355896,0.013076791853051073,0.4781231767664503,-0.07877442369896534,-0.14461115675951397,0
22.852,16.539452951520783,20.302420056267582,0.8049037321854908,0.9996871600753108,0.01919053253359945,0.005576231529312352,0.015040315274856206,0.41724215631711975,-0.07323300775081229,0.013222040065268427,0
22.902,16.56007461948179,20.299577348474237,0.8072723639468301,0.9995124994268396,0.02576424868601714,0.00528881030376189,0.01682246904377429,0.4182069341091118,-0.04291996424739932,0.0629125687363254,0
22.952,16.581197102452325,20.298264723394933,0.8103781535848142,0.9993975775708102,0.029022683223022695,0.002348232543213785,0.018885221948842526,0.4247581234382326,-0.010535893118094436,0.05667897297040197,0
23.002,16.602526447191625,20.29854991407385,0.8127397753412334,0.9993306760711002,0.030024961373601472,-0.00021450305048382825,0.02089630460712249,0.42854736258321746,0.02092416334200103,0.038822063212808434,0
23.052,16.624025186466724,20.300366455326984,0.8144454054144964,0.9993168816746536,0.02862670167653383,-0.0017692352128523333,0.023305616446099832,0.4316208295850635,0.051172214755167554,0.030550052281312724,0
23.102,16.645684675841547,20.303790741001908,0.8157195703893961,0.9993420087433958,0.025015968601034624,-0.002210541099524572,0.026169913712382406,0.43355214247109136,0.08470975952272138,0.01812415915482066,0
23.152,16.667459609421833,20.308823478301587,0.8161177013014947,0.9993976564554008,0.01916401076056125,-0.0015323250302231074,0.02889146834316036,0.4367494624795348,0.11611887654386045,-0.007330334906152948,0
23.202,16.68911064767672,20.31540927360994,0.8138253536915336,0.9994906922937259,0.010094168982773993,-0.00033830417657192005,0.030271262296776628,0.42746433288968894,0.14068059170704644,-0.09524851764357381,0
23.252,16.70950229575103,20.32153374028482,0.8086180092080716,0.9995827499354897,-0.0071087140479256915,0.00010934013603752577,0.027996075809378688,0.35706266504281936,0.11190282199082915,-0.033062883605557467,0
23.302,16.727719772115563,20.32622886800633,0.8089710465157663,0.9995013343503598,-0.014895320442201716,0.0014698360559683302,0.027803806263605717,0.3823353012160387,0.06883329580976089,0.028285256576451517,0
23.352,16.747537644681525,20.328426618681412,0.8108348861852221,0.9993961715197115,-0.021740847622754515,-0.0009586655410310028,0.027087060688972216,0.40685911702352895,0.02335776850840982,0.042085614715455535,0
23.402,16.768321720559484,20.328722507907234,0.8127932935917679,0.9993033086319649,-0.0261366228258511,-0.0032513298002795677,0.02644244994316082,0.42356301996745965,-0.007901738426554117,0.033587115463747076,0
23.452,16.789789047431178,20.327767868774355,0.8141402213128094,0.9993503437851352,-0.02579861305166188,-0.0037710363889224925,0.02488174482821929,0.43537676502621714,-0.028062828484142186,0.02086712773427573,0
23.502,16.81192747312341,20.325835496598845,0.8147346023138325,0.9995393201437135,-0.020784494655498007,-0.0017753654224629228,0.022045415536505707,0.4493299105574735,-0.04971461767018357,0.0006223094336843145,0
23.552,16.83490890693456,20.322767979621872,0.813958021440974,0.9997445874666172,-0.012192711690670809,0.0021591827625446354,0.01890596579470917,0.4685763202784451,-0.07276050905298764,-0.04020412901403379,0
23.602,16.8586145793402,20.31887201700733,0.809490753545711,0.9998115130066507,0.0019076407275104277,0.005462825155922036,0.018532590415890463,0.47967433862532577,-0.07263179916661001,-0.1436732433153653,0
23.652,16.881386275789122,20.315189642806352,0.8049904727304288,0.9995890535722666,0.01901768372995051,0.005743886140359093,0.020665416909773946,0.4183042127347397,-0.0674196379149432,0.013122708295963223,0
23.702,16.902049034033258,20.312617980826044,0.8073369545229919,0.9993995350566341,0.025632777025442702,0.005520908614957396,0.022650599078478384,0.4189337586904754,-0.03766450279150368,0.06225686320619768,0
23.752,16.923196486628996,20.31157093303509,0.8104147914435219,0.9992659580738171,0.028938304479531538,0.002601183190643397,0.02496704657494834,0.42510794200577423,-0.005225741116396688,0.05626256890070988,0
23.802,16.94453387332628,20.31212037381273,0.8127610446292648,0.9991780827041036,0.029968881255963708,3.435149665575283e-05,0.027295128136577203,0.42853548369411354,0.026217531205510118,0.03859112656579488,0
23.852,16.96602185597467,20.31419992525265,0.8144545602415248,0.9991386054682327,0.028568635660570326,-0.0015347148291418573,0.03005868875853434,0.4309764340279735,0.05646200670971782,0.030190763724428943,0
23.902,16.98757368750129,20.31789424731407,0.8156861963617867,0.9991339337643065,0.024976651077853455,-0.001817111718943412,0.03323021827493066,0.4295128148526325,0.09016948338801282,0.016655161137228015,0
23.952,17.009008602351326,20.32319914274497,0.8159726139063709,0.9991671916458872,0.019193101745858476,-0.0006384103130203522,0.03600195017102138,0.4274669896620614,0.1214460009554554,-0.009910599827303742,0
24.002,17.030099767295305,20.330031076172915,0.8136100393918148,0.999259774977027,0.010087563706228415,0.0011612264188839345,0.03710518460454817,0.4154990344327898,0.14456621542181908,-0.0934622882454827,0
24.052,17.04987538744283,20.33629374175432,0.8085807357486562,0.9993658212568131,-0.007312496461281635,0.0019983683551217206,0.034792085639066994,0.34212876321550406,0.11165313464160381,-0.028752650186661254,0
24.102,17.067235542110257,20.34095784097927,0.8091254944261399,0.999282063078664,-0.015293517698241133,0.0035893283299920507,0.03447583860911241,0.36306759338702654,0.06843847291538772,0.033117788846803116,0
24.152,17.085871860258376,20.343141264704524,0.8112033366522508,0.9991787107646727,-0.02214405136945719,0.0012627943135608997,0.03391091703440774,0.37816489647744633,0.02307960274755036,0.04494471514446547,0
24.202,17.104858273253292,20.343429200254956,0.8132065585291866,0.9990884833277148,-0.026482849961402752,-0.0005507731801492358,0.03347473358745041,0.379979486764397,-0.008197955648291805,0.03281812336239524,0
24.252,17.12370255940051,20.342455846565837,0.8144565875085616,0.999135090648447,-0.026148742190864417,-0.00024320751181263934,0.032330400041793016,0.37511160588736986,-0.028997963423918676,0.01835580402145443,0
24.302,17.142494496973683,20.340401938121875,0.8150134092358885,0.9993087294004526,-0.021171441148244905,0.0024915082217910243,0.030456950118839834,0.3771407272625487,-0.05360120082773625,0.002730338684204004,0
24.352,17.16164229369214,20.337074917661873,0.8144798909246204,0.999495669134744,-0.01245854985707451,0.006804810492760232,0.028405747138717068,0.38898470885355846,-0.07836893075099217,-0.03211914273023878,0
24.402,17.18130715864002,20.33287574509378,0.8102103464104514,0.9995303612848583,0.001720762808532778,0.010063975807980036,0.02889311745129204,0.3959429048670076,-0.07981304224522534,-0.15037216041683982,0
24.452,17.199578095346208,20.328862160458037,0.8061079308931131,0.9993232323758844,0.01698818842494269,0.010799341257285926,0.030787220015171608,0.32647605539835584,-0.07127015440048422,0.017598081998502414,0
24.502,17.215400271635676,20.32629205416854,0.8082996253268124,0.9991179647277341,0.02323064697167748,0.01130959782339967,0.033101700812225424,0.3155924045857653,-0.03525627537115104,0.05450558202057859,0
24.552,17.230252233477923,20.325265474574127,0.8105769397150405,0.9989208395606289,0.026686621164892555,0.01162911170878816,0.03619038965189849,0.2699422035810291,-0.007095241823496783,0.030356896967842245,0
24.602,17.24268212368436,20.325568434369785,0.8113507569263365,0.9987451368426224,0.02809291806468545,0.014372053186828462,0.03888937740588423,0.22926905589535276,0.017189990493084943,0.0065321133925132484,0
24.652,17.253164535021877,20.327141651500487,0.8118357921483471,0.9986139209463183,0.02669450123473158,0.01657186327627146,0.04222574858544328,0.19339294714941155,0.045345076952136756,0.01565407826657679,0
24.702,17.262049203948035,20.330221059359502,0.8129142659144768,0.9985189178208715,0.022475159020967413,0.018077279202425595,0.046130791858099214,0.16321816964980934,0.07649438222569789,0.02392242395901761,0
24.752,17.269643888533533,20.334828306121434,0.8140958090230824,0.998436660804191,0.01546766733650358,0.01915715348957687,0.05017956854658188,0.141799993338165,0.10705221602958272,0.018875768870045172,0
24.802,17.27619705252848,20.340906720779973,0.8138095410449299,0.9983821259102081,0.004854539042480868,0.019451656596031743,0.05320899519224054,0.12016910308410736,0.1304543799722034,-0.04610521263954954,0
24.852,17.280897617860738,20.346789400046607,0.8122281044882631,0.9982313391758606,-0.00801113019994866,0.019582881128965255,0.05555651219054279,0.051396555921779025,0.09155972288323115,0.0087552369650944,0
24.902,17.283383036616478,20.349673281997227,0.8134291749404674,0.9979709315198116,-0.015693309792902257,0.021067741724921856,0.05799905281844193,0.061566479412750154,0.028187611083533536,0.04131423324444906,0
24.952,17.286778743888146,20.34983026531239,0.8156788961939385,0.9977562232153669,-0.021977340585468987,0.01964369770749753,0.0601135648267099,0.07078664622199515,-0.01730432728457939,0.04384045843928032,0
25.002,17.290213132114975,20.34805694683867,0.8174181878651487,0.9975255753249387,-0.02532870419386098,0.018702876490680184,0.0628600487391187,0.06523689560298454,-0.05104402006283642,0.025080571108983152,0
25.052,17.293171974163165,20.344792613597182,0.8182336154814037,0.997398635665472,-0.024172861803793046,0.018943426491972178,0.06521334922861811,0.054107019598526096,-0.07836615531255599,0.010055782971868512,0
25.102,17.295656900238125,20.34008676666444,0.8185025844933088,0.9973741738405965,-0.018271746015348634,0.020311762640997204,0.06706961273002575,0.045189100365458076,-0.10944658641668716,-0.0003360973182375479,0
25.152,17.297994323127902,20.333877153391054,0.8179759720257952,0.9973536990614132,-0.007650307169291341,0.022063057280933534,0.06884978774223773,0.05058649969187901,-0.13558914686662224,-0.028331872782285668,0
25.202,17.300709564683505,20.32708912504557,0.8139354501704575,0.9970889365754473,0.010356007863434295,0.022031240447357273,0.07225669591344429,0.04493548440694603,-0.1375164329431988,-0.11008187170302655,0
25.252,17.302847337081516,20.320170196199193,0.8142235282488345,0.9969766156689974,0.019355843463426357,0.021291519197368637,0.07217790758453818,0.033868773715729106,-0.11537557631716301,0.048760459348235856,0
25.302,17.304442165439077,20.31578222674763,0.8165667280706058,0.9966995369580386,0.024189219327590435,0.02144748152124048,0.07446422115586325,0.036694481484937744,-0.06584930699613704,0.03860679461906795,0
25.352,17.306220005305445,20.31341321909312,0.8178279618576185,0.996455496314883,0.027534182024910207,0.020649296349164528,0.07675883821660982,0.03588304881834702,-0.03172020914027339,0.016167631570706782,0
25.402,17.307914197924585,20.312649600789584,0.8184254684888687,0.9962355919992318,0.028556823192356955,0.01980992422542085,0.07941485997773534,0.030456011070317392,-0.00046560731302128255,0.009622142498139868,0
25.452,17.309216825652005,20.31333289093327,0.8190113963951722,0.9960468170867545,0.026701478731783936,0.019386204028605684,0.08247390070950822,0.021854752914055926,0.026806506744392777,0.014508782206707744,0
25.502,17.310036431624965,20.315375833932343,0.8198131592422699,0.9959137500313748,0.021729372645033124,0.01897065632692519,0.08557891715499986,0.009785126316819555,0.0534125499675486,0.01463682681318503,0
25.552,17.310372181699886,20.318753676657654,0.8204304169857058,0.9958345098489102,0.013516306811195361,0.018219646571323498,0.08831185041081499,0.003507864697016908,0.08063739193934835,0.005610822233862663,0
25.602,17.310264630711334,20.323219521301937,0.8192584153101558,0.9958105589470918,0.0005693679058276051,0.0165625561252231,0.08992601539191938,-0.008998344930635775,0.08950601587297384,-0.06939641634975892,0
25.652,17.309011689584782,20.327631747716477,0.8175212274648255,0.9955392106730032,-0.010811517651321568,0.016036457989283746,0.09234513042823156,-0.04316788471096692,0.0728220227052745,0.010937820330578722,0
25.702,17.307715929591893,20.32964916427357,0.8191203103615561,0.9953387503813188,-0.016277373396619246,0.01690350236111962,0.09354191954727763,-0.00813152109869955,0.013128451963323675,0.0407819240982372,0
25.752,17.307804796064605,20.329263821424018,0.8207517185597736,0.9951292422703767,-0.021657072014881092,0.01632636149641407,0.09477453418728776,0.008213934258768388,-0.02407831710168991,0.02343848547987432,0
25.802,17.308414869834664,20.32732088217895,0.8214099373679333,0.9949304334031797,-0.024554395763283113,0.01634170688762037,0.09614292981213786,0.014872658548184509,-0.05153380724731357,0.004143289887813121,0
25.852,17.309201546185903,20.324099682161147,0.8212505075845838,0.994859052017539,-0.023500495323034606,0.017409186879841033,0.0969541827386448,0.017556020073404115,-0.07675808410169435,-0.007762260795828486,0
25.902,17.310234061826893,20.319545995619496,0.8207270123860088,0.9949013746732591,-0.018447907939548258,0.019530303445793578,0.09720852129946622,0.02274966125610862,-0.10496107484332515,-0.014117961919866313,0
25.952,17.311706353065986,20.31365673705495,0.8196703433584087,0.994957486386759,-0.009288451079881126,0.022091165633228077,0.09739253236488198,0.0376419339126581,-0.1275740941710719,-0.03375442971972802,0
26.002,17.314008148968075,20.307297507921383,0.8157159674524952,0.9947696143701875,0.00688054959195663,0.022857525710418717,0.0993156879928767,0.042229368066519245,-0.12446642749459216,-0.1214874534034966,0
